# Blender 4.5.1 LTS
# www.blender.org
mtllib CeilingLights.mtl
o Glass
v 5.511887 6.601066 -5.976039
v 5.466160 6.605490 -5.976039
v 5.555857 6.587963 -5.976039
v 5.596380 6.566685 -5.976039
v 5.631899 6.538049 -5.976039
v 5.661049 6.503157 -5.976039
v 5.682709 6.463348 -5.976039
v 5.696047 6.420153 -5.976039
v 5.700551 6.375232 -5.976039
v 5.696047 6.330310 -5.976039
v 5.682709 6.287116 -5.976039
v 5.661049 6.247307 -5.976039
v 5.631899 6.212414 -5.976039
v 5.596380 6.183779 -5.976039
v 5.555857 6.162501 -5.976039
v 5.511887 6.149397 -5.976039
v 5.466160 6.144973 -5.976039
v 5.420433 6.149397 -5.976039
v 5.376462 6.162501 -5.976039
v 5.335939 6.183779 -5.976039
v 5.300420 6.212414 -5.976039
v 5.271271 6.247307 -5.976039
v 5.249611 6.287116 -5.976039
v 5.236273 6.330310 -5.976039
v 5.231769 6.375232 -5.976039
v 5.236273 6.420153 -5.976039
v 5.249611 6.463348 -5.976039
v 5.271271 6.503157 -5.976039
v 5.300420 6.538049 -5.976039
v 5.335939 6.566685 -5.976039
v 5.376462 6.587963 -5.976039
v 5.420433 6.601066 -5.976039
v 5.511887 6.601066 -0.894577
v 5.466160 6.605490 -0.894577
v 5.555857 6.587963 -0.894577
v 5.596380 6.566685 -0.894577
v 5.631899 6.538049 -0.894577
v 5.661049 6.503156 -0.894577
v 5.682709 6.463348 -0.894577
v 5.696047 6.420153 -0.894577
v 5.700551 6.375232 -0.894577
v 5.696047 6.330310 -0.894577
v 5.682709 6.287116 -0.894577
v 5.661049 6.247307 -0.894577
v 5.631899 6.212414 -0.894577
v 5.596380 6.183779 -0.894577
v 5.555857 6.162500 -0.894577
v 5.511887 6.149397 -0.894577
v 5.466160 6.144973 -0.894577
v 5.420433 6.149397 -0.894577
v 5.376462 6.162500 -0.894577
v 5.335939 6.183779 -0.894577
v 5.300420 6.212414 -0.894577
v 5.271271 6.247307 -0.894577
v 5.249611 6.287116 -0.894577
v 5.236273 6.330310 -0.894577
v 5.231769 6.375232 -0.894577
v 5.236273 6.420153 -0.894577
v 5.249611 6.463348 -0.894577
v 5.271271 6.503156 -0.894577
v 5.300420 6.538049 -0.894577
v 5.335939 6.566685 -0.894577
v 5.376462 6.587963 -0.894577
v 5.420433 6.601066 -0.894577
vn -0.8269 0.5623 -0.0000
vn -0.9215 0.3884 -0.0000
vn -0.0000 -0.0000 1.0000
vn 0.3770 -0.9262 -0.0000
vn 0.5489 -0.8359 -0.0000
vn 0.1918 0.9814 -0.0000
vn -0.0000 1.0000 -0.0000
vn -0.7009 0.7132 -0.0000
vn 0.1918 -0.9814 -0.0000
vn 0.3770 0.9262 -0.0000
vn -0.5489 0.8359 -0.0000
vn -0.0000 -1.0000 -0.0000
vn 0.5489 0.8359 -0.0000
vn -0.3770 0.9262 -0.0000
vn -0.1918 -0.9814 -0.0000
vn 0.7009 0.7132 -0.0000
vn -0.1918 0.9814 -0.0000
vn -0.3770 -0.9262 -0.0000
vn 0.8269 0.5623 -0.0000
vn -0.5489 -0.8359 -0.0000
vn 0.9215 0.3884 -0.0000
vn -0.7009 -0.7133 -0.0000
vn 0.9801 0.1984 -0.0000
vn -0.8270 -0.5623 -0.0000
vn 1.0000 -0.0000 -0.0000
vn -0.9215 -0.3884 -0.0000
vn 0.9801 -0.1984 -0.0000
vn -0.9801 -0.1984 -0.0000
vn 0.9215 -0.3884 -0.0000
vn -1.0000 -0.0000 -0.0000
vn 0.8270 -0.5623 -0.0000
vn -0.9801 0.1984 -0.0000
vn 0.7009 -0.7133 -0.0000
vt 0.267559 0.004428
vt 0.275468 0.004428
vt 0.275468 0.891209
vt 0.267559 0.891209
vt 0.229188 0.952518
vt 0.227651 0.944650
vt 0.227651 0.936633
vt 0.229188 0.928775
vt 0.232203 0.921378
vt 0.236580 0.914727
vt 0.242151 0.909077
vt 0.248701 0.904646
vt 0.255980 0.901603
vt 0.263708 0.900066
vt 0.271586 0.900093
vt 0.279313 0.901684
vt 0.286592 0.904777
vt 0.293143 0.909254
vt 0.298714 0.914942
vt 0.303091 0.921624
vt 0.306106 0.929041
vt 0.307644 0.936910
vt 0.307644 0.944927
vt 0.306106 0.952785
vt 0.303092 0.960181
vt 0.298715 0.966832
vt 0.293144 0.972482
vt 0.286593 0.976914
vt 0.279314 0.979957
vt 0.271587 0.981494
vt 0.263708 0.981467
vt 0.255981 0.979876
vt 0.248702 0.976782
vt 0.242151 0.972306
vt 0.236580 0.966617
vt 0.232203 0.959936
vt 0.379701 0.004428
vt 0.387688 0.004428
vt 0.387688 0.891209
vt 0.379701 0.891209
vt 0.482829 0.004428
vt 0.490847 0.004428
vt 0.490847 0.891209
vt 0.482829 0.891209
vt 0.259624 0.004428
vt 0.259624 0.891209
vt 0.371694 0.004428
vt 0.371694 0.891209
vt 0.474822 0.004428
vt 0.474822 0.891209
vt 0.251662 0.004428
vt 0.251662 0.891209
vt 0.363677 0.004428
vt 0.363677 0.891209
vt 0.466835 0.004428
vt 0.466835 0.891209
vt 0.243675 0.004428
vt 0.243675 0.891209
vt 0.346803 0.004428
vt 0.354820 0.004428
vt 0.354821 0.891209
vt 0.346803 0.891209
vt 0.458873 0.004428
vt 0.458873 0.891209
vt 0.235668 0.004428
vt 0.235668 0.891209
vt 0.338796 0.004428
vt 0.338796 0.891209
vt 0.450938 0.004428
vt 0.450938 0.891209
vt 0.227651 0.004428
vt 0.227651 0.891209
vt 0.330809 0.004428
vt 0.330809 0.891209
vt 0.443030 0.004428
vt 0.443030 0.891209
vt 0.322847 0.004428
vt 0.322847 0.891209
vt 0.435140 0.004428
vt 0.435140 0.891209
vt 0.314912 0.004428
vt 0.314912 0.891209
vt 0.427262 0.004428
vt 0.427262 0.891209
vt 0.307004 0.004428
vt 0.307004 0.891209
vt 0.419383 0.004428
vt 0.419383 0.891209
vt 0.299114 0.004428
vt 0.299114 0.891209
vt 0.411494 0.004428
vt 0.411494 0.891209
vt 0.291236 0.004428
vt 0.291236 0.891209
vt 0.403585 0.004428
vt 0.403585 0.891209
vt 0.283357 0.004428
vt 0.283357 0.891209
vt 0.395650 0.004428
vt 0.395650 0.891209
s 1
usemtl Glass
f 28/1/1 27/2/2 59/3/2 60/4/1
f 33/5/3 34/6/3 64/7/3 63/8/3 62/9/3 61/10/3 60/11/3 59/12/3 58/13/3 57/14/3 56/15/3 55/16/3 54/17/3 53/18/3 52/19/3 51/20/3 50/21/3 49/22/3 48/23/3 47/24/3 46/25/3 45/26/3 44/27/3 43/28/3 42/29/3 41/30/3 40/31/3 39/32/3 38/33/3 37/34/3 36/35/3 35/36/3
f 15/37/4 14/38/5 46/39/5 47/40/4
f 1/41/6 2/42/7 34/43/7 33/44/6
f 29/45/8 28/1/1 60/4/1 61/46/8
f 16/47/9 15/37/4 47/40/4 48/48/9
f 3/49/10 1/41/6 33/44/6 35/50/10
f 30/51/11 29/45/8 61/46/8 62/52/11
f 17/53/12 16/47/9 48/48/9 49/54/12
f 4/55/13 3/49/10 35/50/10 36/56/13
f 31/57/14 30/51/11 62/52/11 63/58/14
f 18/59/15 17/60/12 49/61/12 50/62/15
f 5/63/16 4/55/13 36/56/13 37/64/16
f 32/65/17 31/57/14 63/58/14 64/66/17
f 19/67/18 18/59/15 50/62/15 51/68/18
f 6/69/19 5/63/16 37/64/16 38/70/19
f 2/71/7 32/65/17 64/66/17 34/72/7
f 20/73/20 19/67/18 51/68/18 52/74/20
f 7/75/21 6/69/19 38/70/19 39/76/21
f 21/77/22 20/73/20 52/74/20 53/78/22
f 8/79/23 7/75/21 39/76/21 40/80/23
f 22/81/24 21/77/22 53/78/22 54/82/24
f 9/83/25 8/79/23 40/80/23 41/84/25
f 23/85/26 22/81/24 54/82/24 55/86/26
f 10/87/27 9/83/25 41/84/25 42/88/27
f 24/89/28 23/85/26 55/86/26 56/90/28
f 11/91/29 10/87/27 42/88/27 43/92/29
f 25/93/30 24/89/28 56/90/28 57/94/30
f 12/95/31 11/91/29 43/92/29 44/96/31
f 26/97/32 25/93/30 57/94/30 58/98/32
f 13/99/33 12/95/31 44/96/31 45/100/33
f 27/2/2 26/97/32 58/98/32 59/3/2
f 14/38/5 13/99/33 45/100/33 46/39/5
o CeilingLight
v 5.466159 6.731941 -6.362576
v 5.466159 6.752050 -6.269248
v 5.537440 6.725044 -6.362576
v 5.541433 6.744767 -6.269248
v 5.605981 6.704619 -6.362576
v 5.613815 6.723197 -6.269248
v 5.669149 6.671450 -6.362576
v 5.680522 6.688170 -6.269248
v 5.724516 6.626812 -6.362576
v 5.738991 6.641032 -6.269248
v 5.769955 6.572422 -6.362576
v 5.786975 6.583593 -6.269248
v 5.803719 6.510367 -6.362576
v 5.822631 6.518063 -6.269248
v 5.824511 6.443035 -6.362576
v 5.844587 6.446958 -6.269248
v 5.831531 6.373011 -6.362576
v 5.852001 6.373011 -6.269248
v 5.824511 6.302987 -6.362576
v 5.844587 6.299064 -6.269248
v 5.803719 6.235654 -6.362576
v 5.822631 6.227959 -6.269248
v 5.769955 6.173600 -6.362576
v 5.786975 6.162428 -6.269248
v 5.724516 6.119209 -6.362576
v 5.738991 6.104990 -6.269248
v 5.669149 6.074571 -6.362576
v 5.680522 6.057851 -6.269248
v 5.605981 6.041403 -6.362576
v 5.613815 6.022824 -6.269248
v 5.537440 6.020977 -6.362576
v 5.541433 6.001255 -6.269248
v 5.466159 6.014081 -6.362576
v 5.466159 5.993971 -6.269248
v 5.394879 6.020977 -6.362576
v 5.390885 6.001255 -6.269248
v 5.326338 6.041403 -6.362576
v 5.318504 6.022824 -6.269248
v 5.263170 6.074571 -6.362576
v 5.251797 6.057851 -6.269248
v 5.207803 6.119209 -6.362576
v 5.193328 6.104990 -6.269248
v 5.162364 6.173600 -6.362576
v 5.145344 6.162428 -6.269248
v 5.128600 6.235654 -6.362576
v 5.109688 6.227959 -6.269248
v 5.107808 6.302987 -6.362576
v 5.087732 6.299064 -6.269248
v 5.100788 6.373011 -6.362576
v 5.080318 6.373011 -6.269248
v 5.107808 6.443034 -6.362576
v 5.087732 6.446958 -6.269248
v 5.128600 6.510367 -6.362576
v 5.109688 6.518063 -6.269248
v 5.162364 6.572422 -6.362576
v 5.145344 6.583593 -6.269248
v 5.207803 6.626812 -6.362576
v 5.193328 6.641032 -6.269248
v 5.263170 6.671450 -6.362576
v 5.251797 6.688170 -6.269248
v 5.326338 6.704619 -6.362576
v 5.318504 6.723197 -6.269248
v 5.394879 6.725044 -6.362576
v 5.390885 6.744767 -6.269248
v 5.569926 6.885483 -6.269248
v 5.466159 6.895523 -6.269248
v 5.669705 6.855749 -6.269248
v 5.761662 6.807464 -6.269248
v 5.842262 6.742482 -6.269248
v 5.908409 6.663303 -6.269248
v 5.957561 6.572968 -6.269248
v 5.987829 6.474947 -6.269248
v 5.998049 6.373011 -6.269248
v 5.987829 6.271074 -6.269248
v 5.957561 6.173054 -6.269248
v 5.908409 6.082718 -6.269248
v 5.842262 6.003539 -6.269248
v 5.761662 5.938558 -6.269248
v 5.669705 5.890273 -6.269248
v 5.569926 5.860538 -6.269248
v 5.466159 5.850499 -6.269248
v 5.362393 5.860538 -6.269248
v 5.262614 5.890273 -6.269248
v 5.170658 5.938558 -6.269248
v 5.090057 6.003539 -6.269248
v 5.023910 6.082718 -6.269248
v 4.974758 6.173054 -6.269248
v 4.944490 6.271074 -6.269248
v 4.934270 6.373011 -6.269248
v 4.944490 6.474947 -6.269248
v 4.974758 6.572968 -6.269248
v 5.023910 6.663303 -6.269248
v 5.090057 6.742482 -6.269248
v 5.170658 6.807464 -6.269248
v 5.262614 6.855749 -6.269248
v 5.362393 6.885483 -6.269248
v 5.529809 6.687357 -6.173856
v 5.466160 6.693516 -6.173856
v 5.591013 6.669119 -6.173856
v 5.647418 6.639501 -6.173856
v 5.696858 6.599642 -6.173856
v 5.737433 6.551074 -6.173856
v 5.767582 6.495663 -6.173856
v 5.786148 6.435538 -6.173856
v 5.792417 6.373011 -6.173856
v 5.786148 6.310483 -6.173856
v 5.767582 6.250359 -6.173856
v 5.737433 6.194947 -6.173856
v 5.696858 6.146379 -6.173856
v 5.647418 6.106520 -6.173856
v 5.591013 6.076902 -6.173856
v 5.529809 6.058664 -6.173856
v 5.466160 6.052505 -6.173856
v 5.402510 6.058664 -6.173856
v 5.341307 6.076902 -6.173856
v 5.284901 6.106520 -6.173856
v 5.235461 6.146379 -6.173856
v 5.194887 6.194947 -6.173856
v 5.164737 6.250359 -6.173856
v 5.146172 6.310483 -6.173856
v 5.139903 6.373011 -6.173856
v 5.146172 6.435538 -6.173856
v 5.164737 6.495663 -6.173856
v 5.194887 6.551074 -6.173856
v 5.235461 6.599642 -6.173856
v 5.284901 6.639501 -6.173856
v 5.341307 6.669119 -6.173856
v 5.402510 6.687357 -6.173856
v 5.540174 6.738545 -6.173856
v 5.466160 6.745706 -6.173856
v 5.611344 6.717337 -6.173856
v 5.676934 6.682896 -6.173856
v 5.734425 6.636546 -6.173856
v 5.781606 6.580069 -6.173856
v 5.816665 6.515635 -6.173856
v 5.838254 6.445720 -6.173856
v 5.845544 6.373011 -6.173856
v 5.838254 6.300302 -6.173856
v 5.816665 6.230386 -6.173856
v 5.781606 6.165952 -6.173856
v 5.734425 6.109475 -6.173856
v 5.676934 6.063126 -6.173856
v 5.611344 6.028685 -6.173856
v 5.540174 6.007476 -6.173856
v 5.466160 6.000315 -6.173856
v 5.392146 6.007476 -6.173856
v 5.320976 6.028685 -6.173856
v 5.255385 6.063126 -6.173856
v 5.197895 6.109475 -6.173856
v 5.150713 6.165952 -6.173856
v 5.115654 6.230386 -6.173856
v 5.094065 6.300302 -6.173856
v 5.086775 6.373011 -6.173856
v 5.094065 6.445720 -6.173856
v 5.115654 6.515635 -6.173856
v 5.150713 6.580069 -6.173856
v 5.197895 6.636546 -6.173856
v 5.255385 6.682896 -6.173856
v 5.320976 6.717337 -6.173856
v 5.392146 6.738545 -6.173856
v 5.529809 6.687357 -6.024302
v 5.466160 6.693516 -6.024302
v 5.591013 6.669119 -6.024302
v 5.647418 6.639501 -6.024302
v 5.696858 6.599642 -6.024302
v 5.737433 6.551074 -6.024302
v 5.767582 6.495663 -6.024302
v 5.786148 6.435538 -6.024302
v 5.792417 6.373011 -6.024302
v 5.786148 6.310483 -6.024302
v 5.767582 6.250359 -6.024302
v 5.737433 6.194947 -6.024302
v 5.696858 6.146379 -6.024302
v 5.647418 6.106520 -6.024302
v 5.591013 6.076902 -6.024302
v 5.529809 6.058664 -6.024302
v 5.466160 6.052505 -6.024302
v 5.402510 6.058664 -6.024302
v 5.341307 6.076902 -6.024302
v 5.284901 6.106520 -6.024302
v 5.235461 6.146379 -6.024302
v 5.194887 6.194947 -6.024302
v 5.164737 6.250359 -6.024302
v 5.146172 6.310483 -6.024302
v 5.139903 6.373011 -6.024302
v 5.146172 6.435538 -6.024302
v 5.164737 6.495663 -6.024302
v 5.194887 6.551074 -6.024302
v 5.235461 6.599642 -6.024302
v 5.284901 6.639501 -6.024302
v 5.341307 6.669119 -6.024302
v 5.402510 6.687357 -6.024302
v 5.511887 6.598845 -5.972985
v 5.466160 6.603269 -5.972985
v 5.555857 6.585742 -5.972985
v 5.596380 6.564464 -5.972985
v 5.631899 6.535828 -5.972985
v 5.661049 6.500936 -5.972985
v 5.682709 6.461127 -5.972985
v 5.696047 6.417932 -5.972985
v 5.700551 6.373011 -5.972985
v 5.696047 6.328089 -5.972985
v 5.682709 6.284894 -5.972985
v 5.661049 6.245086 -5.972985
v 5.631899 6.210193 -5.972985
v 5.596380 6.181558 -5.972985
v 5.555857 6.160279 -5.972985
v 5.511887 6.147176 -5.972985
v 5.466160 6.142752 -5.972985
v 5.420433 6.147176 -5.972985
v 5.376462 6.160279 -5.972985
v 5.335939 6.181558 -5.972985
v 5.300420 6.210193 -5.972985
v 5.271271 6.245086 -5.972985
v 5.249611 6.284894 -5.972985
v 5.236273 6.328089 -5.972985
v 5.231769 6.373011 -5.972985
v 5.236273 6.417932 -5.972985
v 5.249611 6.461127 -5.972985
v 5.271271 6.500936 -5.972985
v 5.300420 6.535828 -5.972985
v 5.335939 6.564464 -5.972985
v 5.376462 6.585742 -5.972985
v 5.420433 6.598845 -5.972985
v 5.338219 6.676442 -5.998644
v 5.400936 6.695132 -5.998644
v 5.400936 6.050889 -5.998644
v 5.338219 6.069579 -5.998644
v 5.702564 6.605247 -5.998644
v 5.744142 6.555478 -5.998644
v 5.466160 6.701443 -5.998644
v 5.280418 6.099930 -5.998644
v 5.775037 6.498696 -5.998644
v 5.229755 6.140774 -5.998644
v 5.794062 6.437085 -5.998644
v 5.188178 6.190544 -5.998644
v 5.800486 6.373011 -5.998644
v 5.157283 6.247325 -5.998644
v 5.794062 6.308937 -5.998644
v 5.138258 6.308937 -5.998644
v 5.775037 6.247325 -5.998644
v 5.131834 6.373011 -5.998644
v 5.744142 6.190544 -5.998644
v 5.138258 6.437085 -5.998644
v 5.702564 6.140774 -5.998644
v 5.157283 6.498696 -5.998644
v 5.651901 6.099930 -5.998644
v 5.188178 6.555478 -5.998644
v 5.594101 6.069579 -5.998644
v 5.531384 6.695132 -5.998644
v 5.229755 6.605247 -5.998644
v 5.531384 6.050889 -5.998644
v 5.594101 6.676442 -5.998644
v 5.280418 6.646092 -5.998644
v 5.466160 6.044579 -5.998644
v 5.651901 6.646092 -5.998644
v 5.529809 6.687357 -5.972985
v 5.466160 6.693516 -5.972985
v 5.591013 6.669119 -5.972985
v 5.647418 6.639501 -5.972985
v 5.696858 6.599642 -5.972985
v 5.737433 6.551074 -5.972985
v 5.767582 6.495663 -5.972985
v 5.786148 6.435538 -5.972985
v 5.792417 6.373011 -5.972985
v 5.786148 6.310483 -5.972985
v 5.767582 6.250359 -5.972985
v 5.737433 6.194947 -5.972985
v 5.696858 6.146379 -5.972985
v 5.647418 6.106520 -5.972985
v 5.591013 6.076902 -5.972985
v 5.529809 6.058664 -5.972985
v 5.466160 6.052505 -5.972985
v 5.402510 6.058664 -5.972985
v 5.341307 6.076902 -5.972985
v 5.284901 6.106520 -5.972985
v 5.235461 6.146379 -5.972985
v 5.194887 6.194947 -5.972985
v 5.164737 6.250359 -5.972985
v 5.146172 6.310483 -5.972985
v 5.139903 6.373011 -5.972985
v 5.146172 6.435538 -5.972985
v 5.164737 6.495663 -5.972985
v 5.194887 6.551074 -5.972985
v 5.235461 6.599642 -5.972985
v 5.284901 6.639501 -5.972985
v 5.341307 6.669119 -5.972985
v 5.402510 6.687357 -5.972985
v 5.466159 6.895523 -6.362576
v 5.569926 6.885483 -6.362576
v 5.669705 6.855749 -6.362576
v 5.761662 6.807464 -6.362576
v 5.842262 6.742482 -6.362576
v 5.908409 6.663303 -6.362576
v 5.957561 6.572968 -6.362576
v 5.987829 6.474947 -6.362576
v 5.998049 6.373011 -6.362576
v 5.987829 6.271074 -6.362576
v 5.957561 6.173054 -6.362576
v 5.908409 6.082718 -6.362576
v 5.842262 6.003539 -6.362576
v 5.761662 5.938558 -6.362576
v 5.669705 5.890273 -6.362576
v 5.569926 5.860538 -6.362576
v 5.466159 5.850499 -6.362576
v 5.362393 5.860538 -6.362576
v 5.262614 5.890273 -6.362576
v 5.170658 5.938558 -6.362576
v 5.090057 6.003539 -6.362576
v 5.023910 6.082718 -6.362576
v 4.974758 6.173054 -6.362576
v 4.944490 6.271074 -6.362576
v 4.934270 6.373011 -6.362576
v 4.944490 6.474947 -6.362576
v 4.974758 6.572968 -6.362576
v 5.023910 6.663303 -6.362576
v 5.090057 6.742482 -6.362576
v 5.170658 6.807464 -6.362576
v 5.262614 6.855749 -6.362576
v 5.362393 6.885483 -6.362576
v 5.466160 6.500064 -6.591523
v 5.491392 6.497622 -6.591523
v 5.515654 6.490393 -6.591523
v 5.538013 6.478652 -6.591523
v 5.557612 6.462851 -6.591523
v 5.573697 6.443598 -6.591523
v 5.585649 6.421632 -6.591523
v 5.593008 6.397798 -6.591523
v 5.595493 6.373011 -6.591523
v 5.593008 6.348224 -6.591523
v 5.585649 6.324389 -6.591523
v 5.573697 6.302423 -6.591523
v 5.557612 6.283170 -6.591523
v 5.538013 6.267370 -6.591523
v 5.515654 6.255629 -6.591523
v 5.491392 6.248399 -6.591523
v 5.466160 6.245957 -6.591523
v 5.440928 6.248399 -6.591523
v 5.416666 6.255629 -6.591523
v 5.394306 6.267370 -6.591523
v 5.374707 6.283170 -6.591523
v 5.358623 6.302423 -6.591523
v 5.346671 6.324389 -6.591523
v 5.339312 6.348224 -6.591523
v 5.336826 6.373011 -6.591523
v 5.339312 6.397798 -6.591523
v 5.346671 6.421632 -6.591523
v 5.358623 6.443598 -6.591523
v 5.374707 6.462851 -6.591523
v 5.394306 6.478652 -6.591523
v 5.416666 6.490393 -6.591523
v 5.440928 6.497622 -6.591523
v 5.466159 6.731941 -6.589985
v 5.537440 6.725044 -6.589985
v 5.605981 6.704619 -6.589985
v 5.669149 6.671450 -6.589985
v 5.724516 6.626812 -6.589985
v 5.769955 6.572422 -6.589985
v 5.803719 6.510367 -6.589985
v 5.824511 6.443035 -6.589985
v 5.831531 6.373011 -6.589985
v 5.824511 6.302987 -6.589985
v 5.803719 6.235654 -6.589985
v 5.769955 6.173600 -6.589985
v 5.724516 6.119209 -6.589985
v 5.669149 6.074571 -6.589985
v 5.605981 6.041403 -6.589985
v 5.537440 6.020977 -6.589985
v 5.466159 6.014081 -6.589985
v 5.394879 6.020977 -6.589985
v 5.326338 6.041403 -6.589985
v 5.263170 6.074571 -6.589985
v 5.207803 6.119209 -6.589985
v 5.162364 6.173600 -6.589985
v 5.128600 6.235654 -6.589985
v 5.107808 6.302987 -6.589985
v 5.100788 6.373011 -6.589985
v 5.107808 6.443035 -6.589985
v 5.128600 6.510367 -6.589985
v 5.162364 6.572422 -6.589985
v 5.207803 6.626812 -6.589985
v 5.263170 6.671450 -6.589985
v 5.326338 6.704619 -6.589985
v 5.394879 6.725044 -6.589985
v 5.466160 6.500064 -6.748133
v 5.491392 6.497622 -6.748133
v 5.515654 6.490393 -6.748133
v 5.538013 6.478652 -6.748133
v 5.557612 6.462851 -6.748133
v 5.573697 6.443598 -6.748133
v 5.585649 6.421632 -6.748133
v 5.593008 6.397798 -6.748133
v 5.595493 6.373011 -6.748133
v 5.593008 6.348224 -6.748133
v 5.585649 6.324389 -6.748133
v 5.573697 6.302423 -6.748133
v 5.557612 6.283170 -6.748133
v 5.538013 6.267370 -6.748133
v 5.515654 6.255629 -6.748133
v 5.491392 6.248399 -6.748133
v 5.466160 6.245957 -6.748133
v 5.440928 6.248399 -6.748133
v 5.416666 6.255629 -6.748133
v 5.394306 6.267370 -6.748133
v 5.374707 6.283170 -6.748133
v 5.358623 6.302423 -6.748133
v 5.346671 6.324389 -6.748133
v 5.339312 6.348224 -6.748133
v 5.336826 6.373011 -6.748133
v 5.339312 6.397798 -6.748133
v 5.346671 6.421632 -6.748133
v 5.358623 6.443598 -6.748133
v 5.374707 6.462851 -6.748133
v 5.394306 6.478652 -6.748133
v 5.416666 6.490393 -6.748133
v 5.440928 6.497622 -6.748133
v 5.466159 6.733636 -0.502908
v 5.466159 6.753745 -0.596235
v 5.537440 6.726739 -0.502908
v 5.541433 6.746462 -0.596235
v 5.605981 6.706314 -0.502908
v 5.613815 6.724892 -0.596235
v 5.669149 6.673145 -0.502908
v 5.680522 6.689865 -0.596235
v 5.724516 6.628508 -0.502908
v 5.738991 6.642727 -0.596235
v 5.769955 6.574117 -0.502908
v 5.786975 6.585289 -0.596235
v 5.803719 6.512062 -0.502908
v 5.822631 6.519758 -0.596235
v 5.824511 6.444729 -0.502908
v 5.844587 6.448653 -0.596235
v 5.831531 6.374706 -0.502908
v 5.852001 6.374706 -0.596235
v 5.824511 6.304682 -0.502908
v 5.844587 6.300759 -0.596235
v 5.803719 6.237349 -0.502908
v 5.822631 6.229654 -0.596235
v 5.769955 6.175295 -0.502908
v 5.786975 6.164123 -0.596235
v 5.724516 6.120904 -0.502908
v 5.738991 6.106685 -0.596235
v 5.669149 6.076266 -0.502908
v 5.680522 6.059546 -0.596235
v 5.605981 6.043097 -0.502908
v 5.613815 6.024519 -0.596235
v 5.537440 6.022673 -0.502908
v 5.541433 6.002950 -0.596235
v 5.466159 6.015776 -0.502908
v 5.466159 5.995667 -0.596235
v 5.394879 6.022673 -0.502908
v 5.390885 6.002950 -0.596235
v 5.326338 6.043097 -0.502908
v 5.318504 6.024519 -0.596235
v 5.263170 6.076266 -0.502908
v 5.251797 6.059546 -0.596235
v 5.207803 6.120904 -0.502908
v 5.193328 6.106685 -0.596235
v 5.162364 6.175295 -0.502908
v 5.145344 6.164123 -0.596235
v 5.128600 6.237349 -0.502908
v 5.109688 6.229654 -0.596235
v 5.107808 6.304682 -0.502908
v 5.087732 6.300759 -0.596235
v 5.100788 6.374706 -0.502908
v 5.080318 6.374706 -0.596235
v 5.107808 6.444729 -0.502908
v 5.087732 6.448653 -0.596235
v 5.128600 6.512062 -0.502908
v 5.109688 6.519758 -0.596235
v 5.162364 6.574117 -0.502908
v 5.145344 6.585289 -0.596235
v 5.207803 6.628508 -0.502908
v 5.193328 6.642727 -0.596235
v 5.263170 6.673145 -0.502908
v 5.251797 6.689865 -0.596235
v 5.326338 6.706314 -0.502908
v 5.318504 6.724892 -0.596235
v 5.394879 6.726739 -0.502908
v 5.390885 6.746462 -0.596235
v 5.569926 6.887178 -0.596235
v 5.466159 6.897218 -0.596235
v 5.669705 6.857444 -0.596235
v 5.761662 6.809158 -0.596235
v 5.842262 6.744177 -0.596235
v 5.908409 6.664998 -0.596235
v 5.957561 6.574662 -0.596235
v 5.987829 6.476643 -0.596235
v 5.998049 6.374706 -0.596235
v 5.987829 6.272769 -0.596235
v 5.957561 6.174749 -0.596235
v 5.908409 6.084414 -0.596235
v 5.842262 6.005234 -0.596235
v 5.761662 5.940253 -0.596235
v 5.669705 5.891968 -0.596235
v 5.569926 5.862234 -0.596235
v 5.466159 5.852194 -0.596235
v 5.362393 5.862234 -0.596235
v 5.262614 5.891968 -0.596235
v 5.170658 5.940253 -0.596235
v 5.090057 6.005234 -0.596235
v 5.023910 6.084414 -0.596235
v 4.974758 6.174749 -0.596235
v 4.944490 6.272769 -0.596235
v 4.934270 6.374706 -0.596235
v 4.944490 6.476643 -0.596235
v 4.974758 6.574662 -0.596235
v 5.023910 6.664998 -0.596235
v 5.090057 6.744177 -0.596235
v 5.170658 6.809158 -0.596235
v 5.262614 6.857444 -0.596235
v 5.362393 6.887178 -0.596235
v 5.529809 6.689053 -0.691628
v 5.466160 6.695211 -0.691628
v 5.591013 6.670814 -0.691628
v 5.647418 6.641196 -0.691628
v 5.696858 6.601337 -0.691628
v 5.737433 6.552769 -0.691628
v 5.767582 6.497358 -0.691628
v 5.786148 6.437233 -0.691628
v 5.792417 6.374706 -0.691628
v 5.786148 6.312178 -0.691628
v 5.767582 6.252054 -0.691628
v 5.737433 6.196642 -0.691628
v 5.696858 6.148074 -0.691628
v 5.647418 6.108215 -0.691628
v 5.591013 6.078598 -0.691628
v 5.529809 6.060359 -0.691628
v 5.466160 6.054201 -0.691628
v 5.402510 6.060359 -0.691628
v 5.341307 6.078598 -0.691628
v 5.284901 6.108215 -0.691628
v 5.235461 6.148074 -0.691628
v 5.194887 6.196642 -0.691628
v 5.164737 6.252054 -0.691628
v 5.146172 6.312178 -0.691628
v 5.139903 6.374706 -0.691628
v 5.146172 6.437233 -0.691628
v 5.164737 6.497358 -0.691628
v 5.194887 6.552769 -0.691628
v 5.235461 6.601337 -0.691628
v 5.284901 6.641196 -0.691628
v 5.341307 6.670814 -0.691628
v 5.402510 6.689053 -0.691628
v 5.540174 6.740240 -0.691627
v 5.466160 6.747401 -0.691627
v 5.611344 6.719031 -0.691627
v 5.676934 6.684591 -0.691627
v 5.734425 6.638241 -0.691627
v 5.781606 6.581764 -0.691627
v 5.816665 6.517330 -0.691627
v 5.838254 6.447415 -0.691627
v 5.845544 6.374706 -0.691627
v 5.838254 6.301996 -0.691627
v 5.816665 6.232081 -0.691627
v 5.781606 6.167647 -0.691627
v 5.734425 6.111170 -0.691627
v 5.676934 6.064821 -0.691627
v 5.611344 6.030380 -0.691627
v 5.540174 6.009171 -0.691627
v 5.466160 6.002010 -0.691627
v 5.392146 6.009171 -0.691627
v 5.320976 6.030380 -0.691627
v 5.255385 6.064821 -0.691627
v 5.197895 6.111170 -0.691627
v 5.150713 6.167647 -0.691627
v 5.115654 6.232081 -0.691627
v 5.094065 6.301996 -0.691627
v 5.086775 6.374706 -0.691627
v 5.094065 6.447415 -0.691627
v 5.115654 6.517330 -0.691627
v 5.150713 6.581764 -0.691627
v 5.197895 6.638241 -0.691627
v 5.255385 6.684591 -0.691627
v 5.320976 6.719031 -0.691627
v 5.392146 6.740240 -0.691627
v 5.529809 6.689053 -0.841181
v 5.466160 6.695211 -0.841181
v 5.591013 6.670814 -0.841181
v 5.647418 6.641196 -0.841181
v 5.696858 6.601337 -0.841181
v 5.737433 6.552769 -0.841181
v 5.767582 6.497358 -0.841181
v 5.786148 6.437233 -0.841181
v 5.792417 6.374706 -0.841181
v 5.786148 6.312178 -0.841181
v 5.767582 6.252054 -0.841181
v 5.737433 6.196642 -0.841181
v 5.696858 6.148074 -0.841181
v 5.647418 6.108215 -0.841181
v 5.591013 6.078598 -0.841181
v 5.529809 6.060359 -0.841181
v 5.466160 6.054201 -0.841181
v 5.402510 6.060359 -0.841181
v 5.341307 6.078598 -0.841181
v 5.284901 6.108215 -0.841181
v 5.235461 6.148074 -0.841181
v 5.194887 6.196642 -0.841181
v 5.164737 6.252054 -0.841181
v 5.146172 6.312178 -0.841181
v 5.139903 6.374706 -0.841181
v 5.146172 6.437233 -0.841181
v 5.164737 6.497358 -0.841181
v 5.194887 6.552769 -0.841181
v 5.235461 6.601337 -0.841181
v 5.284901 6.641196 -0.841181
v 5.341307 6.670814 -0.841181
v 5.402510 6.689053 -0.841181
v 5.511887 6.600540 -0.892498
v 5.466160 6.604964 -0.892498
v 5.555857 6.587437 -0.892498
v 5.596380 6.566159 -0.892498
v 5.631899 6.537523 -0.892498
v 5.661049 6.502631 -0.892498
v 5.682709 6.462822 -0.892498
v 5.696047 6.419627 -0.892498
v 5.700551 6.374706 -0.892498
v 5.696047 6.329784 -0.892498
v 5.682709 6.286590 -0.892498
v 5.661049 6.246781 -0.892498
v 5.631899 6.211888 -0.892498
v 5.596380 6.183253 -0.892498
v 5.555857 6.161974 -0.892498
v 5.511887 6.148871 -0.892498
v 5.466160 6.144447 -0.892498
v 5.420433 6.148871 -0.892498
v 5.376462 6.161974 -0.892498
v 5.335939 6.183253 -0.892498
v 5.300420 6.211888 -0.892498
v 5.271271 6.246781 -0.892498
v 5.249611 6.286590 -0.892498
v 5.236273 6.329784 -0.892498
v 5.231769 6.374706 -0.892498
v 5.236273 6.419627 -0.892498
v 5.249611 6.462822 -0.892498
v 5.271271 6.502631 -0.892498
v 5.300420 6.537523 -0.892498
v 5.335939 6.566159 -0.892498
v 5.376462 6.587437 -0.892498
v 5.420433 6.600540 -0.892498
v 5.338219 6.678137 -0.866839
v 5.400936 6.696827 -0.866839
v 5.400936 6.052585 -0.866839
v 5.338219 6.071274 -0.866839
v 5.702564 6.606942 -0.866839
v 5.744142 6.557173 -0.866839
v 5.466160 6.703137 -0.866839
v 5.280418 6.101624 -0.866839
v 5.775037 6.500391 -0.866839
v 5.229755 6.142469 -0.866839
v 5.794062 6.438780 -0.866839
v 5.188178 6.192239 -0.866839
v 5.800486 6.374706 -0.866839
v 5.157283 6.249020 -0.866839
v 5.794062 6.310632 -0.866839
v 5.138258 6.310632 -0.866839
v 5.775037 6.249020 -0.866839
v 5.131834 6.374706 -0.866839
v 5.744142 6.192239 -0.866839
v 5.138258 6.438780 -0.866839
v 5.702564 6.142469 -0.866839
v 5.157283 6.500391 -0.866839
v 5.651901 6.101624 -0.866839
v 5.188178 6.557173 -0.866839
v 5.594101 6.071274 -0.866839
v 5.531384 6.696827 -0.866839
v 5.229755 6.606942 -0.866839
v 5.531384 6.052585 -0.866839
v 5.594101 6.678137 -0.866839
v 5.280418 6.647787 -0.866839
v 5.466160 6.046274 -0.866839
v 5.651901 6.647787 -0.866839
v 5.529809 6.689053 -0.892498
v 5.466160 6.695211 -0.892498
v 5.591013 6.670814 -0.892498
v 5.647418 6.641196 -0.892498
v 5.696858 6.601337 -0.892498
v 5.737433 6.552769 -0.892498
v 5.767582 6.497358 -0.892498
v 5.786148 6.437233 -0.892498
v 5.792417 6.374706 -0.892498
v 5.786148 6.312178 -0.892498
v 5.767582 6.252054 -0.892498
v 5.737433 6.196642 -0.892498
v 5.696858 6.148074 -0.892498
v 5.647418 6.108215 -0.892498
v 5.591013 6.078598 -0.892498
v 5.529809 6.060359 -0.892498
v 5.466160 6.054201 -0.892498
v 5.402510 6.060359 -0.892498
v 5.341307 6.078598 -0.892498
v 5.284901 6.108215 -0.892498
v 5.235461 6.148074 -0.892498
v 5.194887 6.196642 -0.892498
v 5.164737 6.252054 -0.892498
v 5.146172 6.312178 -0.892498
v 5.139903 6.374706 -0.892498
v 5.146172 6.437233 -0.892498
v 5.164737 6.497358 -0.892498
v 5.194887 6.552769 -0.892498
v 5.235461 6.601337 -0.892498
v 5.284901 6.641196 -0.892498
v 5.341307 6.670814 -0.892498
v 5.402510 6.689053 -0.892498
v 5.466159 6.897218 -0.502908
v 5.569926 6.887177 -0.502908
v 5.669705 6.857444 -0.502908
v 5.761662 6.809158 -0.502908
v 5.842262 6.744177 -0.502908
v 5.908409 6.664998 -0.502908
v 5.957561 6.574662 -0.502908
v 5.987829 6.476643 -0.502908
v 5.998049 6.374706 -0.502908
v 5.987829 6.272769 -0.502908
v 5.957561 6.174749 -0.502908
v 5.908409 6.084414 -0.502908
v 5.842262 6.005234 -0.502908
v 5.761662 5.940253 -0.502908
v 5.669705 5.891968 -0.502908
v 5.569926 5.862234 -0.502908
v 5.466159 5.852194 -0.502908
v 5.362393 5.862234 -0.502908
v 5.262614 5.891968 -0.502908
v 5.170658 5.940253 -0.502908
v 5.090057 6.005234 -0.502908
v 5.023910 6.084414 -0.502908
v 4.974758 6.174749 -0.502908
v 4.944490 6.272769 -0.502908
v 4.934270 6.374706 -0.502908
v 4.944490 6.476643 -0.502908
v 4.974758 6.574662 -0.502908
v 5.023910 6.664998 -0.502908
v 5.090057 6.744177 -0.502908
v 5.170658 6.809158 -0.502908
v 5.262614 6.857444 -0.502908
v 5.362393 6.887177 -0.502908
v 5.466160 6.501759 -0.273960
v 5.491392 6.499318 -0.273960
v 5.515654 6.492088 -0.273960
v 5.538013 6.480347 -0.273960
v 5.557612 6.464546 -0.273960
v 5.573697 6.445293 -0.273960
v 5.585649 6.423327 -0.273960
v 5.593008 6.399493 -0.273960
v 5.595493 6.374706 -0.273960
v 5.593008 6.349919 -0.273960
v 5.585649 6.326085 -0.273960
v 5.573697 6.304119 -0.273960
v 5.557612 6.284865 -0.273960
v 5.538013 6.269065 -0.273960
v 5.515654 6.257324 -0.273960
v 5.491392 6.250094 -0.273960
v 5.466160 6.247653 -0.273960
v 5.440928 6.250094 -0.273960
v 5.416666 6.257324 -0.273960
v 5.394306 6.269065 -0.273960
v 5.374707 6.284865 -0.273960
v 5.358623 6.304119 -0.273960
v 5.346671 6.326085 -0.273960
v 5.339312 6.349919 -0.273960
v 5.336826 6.374706 -0.273960
v 5.339312 6.399493 -0.273960
v 5.346671 6.423327 -0.273960
v 5.358623 6.445293 -0.273960
v 5.374707 6.464546 -0.273960
v 5.394306 6.480347 -0.273960
v 5.416666 6.492088 -0.273960
v 5.440928 6.499318 -0.273960
v 5.466159 6.733636 -0.275499
v 5.537440 6.726739 -0.275499
v 5.605981 6.706314 -0.275499
v 5.669149 6.673145 -0.275499
v 5.724516 6.628508 -0.275499
v 5.769955 6.574117 -0.275499
v 5.803719 6.512062 -0.275499
v 5.824511 6.444729 -0.275499
v 5.831531 6.374706 -0.275499
v 5.824511 6.304682 -0.275499
v 5.803719 6.237349 -0.275499
v 5.769955 6.175295 -0.275499
v 5.724516 6.120904 -0.275499
v 5.669149 6.076266 -0.275499
v 5.605981 6.043097 -0.275499
v 5.537440 6.022673 -0.275499
v 5.466159 6.015776 -0.275499
v 5.394879 6.022673 -0.275499
v 5.326338 6.043097 -0.275499
v 5.263170 6.076266 -0.275499
v 5.207803 6.120904 -0.275499
v 5.162364 6.175295 -0.275499
v 5.128600 6.237349 -0.275499
v 5.107808 6.304682 -0.275499
v 5.100788 6.374706 -0.275499
v 5.107808 6.444729 -0.275499
v 5.128600 6.512062 -0.275499
v 5.162364 6.574117 -0.275499
v 5.207803 6.628508 -0.275499
v 5.263170 6.673145 -0.275499
v 5.326338 6.706314 -0.275499
v 5.394879 6.726739 -0.275499
v 5.466160 6.501759 -0.117351
v 5.491392 6.499318 -0.117351
v 5.515654 6.492088 -0.117351
v 5.538013 6.480347 -0.117351
v 5.557612 6.464546 -0.117351
v 5.573697 6.445293 -0.117351
v 5.585649 6.423327 -0.117351
v 5.593008 6.399493 -0.117351
v 5.595493 6.374706 -0.117351
v 5.593008 6.349919 -0.117351
v 5.585649 6.326085 -0.117351
v 5.573697 6.304119 -0.117351
v 5.557612 6.284865 -0.117351
v 5.538013 6.269065 -0.117351
v 5.515654 6.257324 -0.117351
v 5.491392 6.250094 -0.117351
v 5.466160 6.247653 -0.117351
v 5.440928 6.250094 -0.117351
v 5.416666 6.257324 -0.117351
v 5.394306 6.269065 -0.117351
v 5.374707 6.284865 -0.117351
v 5.358623 6.304119 -0.117351
v 5.346671 6.326085 -0.117351
v 5.339312 6.349919 -0.117351
v 5.336826 6.374706 -0.117351
v 5.339312 6.399493 -0.117351
v 5.346671 6.423327 -0.117351
v 5.358623 6.445293 -0.117351
v 5.374707 6.464546 -0.117351
v 5.394306 6.480347 -0.117351
v 5.416666 6.492088 -0.117351
v 5.440928 6.499318 -0.117351
v 5.475595 6.777472 -6.618474
v 5.475595 6.475238 -6.622417
v 5.483870 6.777472 -6.619289
v 5.483100 6.475238 -6.623157
v 5.491825 6.777472 -6.621703
v 5.490316 6.475238 -6.625346
v 5.499157 6.777472 -6.625622
v 5.496967 6.475238 -6.628900
v 5.505584 6.777472 -6.630896
v 5.502796 6.475238 -6.633684
v 5.510859 6.777472 -6.637323
v 5.507580 6.475238 -6.639513
v 5.514778 6.777472 -6.644655
v 5.511135 6.475238 -6.646164
v 5.517191 6.777472 -6.652611
v 5.513324 6.475238 -6.653380
v 5.518006 6.777472 -6.660885
v 5.514063 6.475238 -6.660885
v 5.517191 6.777472 -6.669158
v 5.513324 6.475238 -6.668389
v 5.514778 6.777472 -6.677114
v 5.511135 6.475238 -6.675606
v 5.510859 6.777472 -6.684447
v 5.507580 6.475238 -6.682256
v 5.505584 6.777472 -6.690874
v 5.502796 6.475238 -6.688086
v 5.499157 6.777472 -6.696148
v 5.496967 6.475238 -6.692870
v 5.491825 6.777472 -6.700067
v 5.490316 6.475238 -6.696424
v 5.483870 6.777472 -6.702480
v 5.483100 6.475238 -6.698613
v 5.475595 6.777472 -6.703295
v 5.475595 6.475238 -6.699352
v 5.467321 6.777472 -6.702480
v 5.468091 6.475238 -6.698613
v 5.459366 6.777472 -6.700067
v 5.460875 6.475238 -6.696424
v 5.452034 6.777472 -6.696148
v 5.454224 6.475238 -6.692870
v 5.445607 6.777472 -6.690874
v 5.448395 6.475238 -6.688086
v 5.440332 6.777472 -6.684447
v 5.443611 6.475238 -6.682256
v 5.436413 6.777472 -6.677114
v 5.440056 6.475238 -6.675606
v 5.434000 6.777472 -6.669158
v 5.437867 6.475238 -6.668389
v 5.433185 6.777472 -6.660885
v 5.437128 6.475238 -6.660885
v 5.434000 6.777472 -6.652611
v 5.437867 6.475238 -6.653380
v 5.436413 6.777472 -6.644655
v 5.440056 6.475238 -6.646164
v 5.440332 6.777472 -6.637323
v 5.443611 6.475238 -6.639513
v 5.445607 6.777472 -6.630896
v 5.448395 6.475238 -6.633684
v 5.452034 6.777472 -6.625622
v 5.454224 6.475238 -6.628900
v 5.459366 6.777472 -6.621703
v 5.460875 6.475238 -6.625346
v 5.467321 6.777472 -6.619289
v 5.468091 6.475238 -6.623157
v 5.475595 6.778296 -6.622417
v 5.483100 6.778296 -6.623157
v 5.490316 6.778296 -6.625346
v 5.496967 6.778296 -6.628900
v 5.502796 6.778296 -6.633684
v 5.507580 6.778296 -6.639513
v 5.511135 6.778296 -6.646164
v 5.513324 6.778296 -6.653380
v 5.514063 6.778296 -6.660885
v 5.513324 6.778296 -6.668389
v 5.511135 6.778296 -6.675606
v 5.507580 6.778296 -6.682256
v 5.502796 6.778296 -6.688086
v 5.496967 6.778296 -6.692869
v 5.490316 6.778296 -6.696424
v 5.483100 6.778296 -6.698613
v 5.475595 6.778296 -6.699352
v 5.468091 6.778296 -6.698613
v 5.460875 6.778296 -6.696424
v 5.454224 6.778296 -6.692869
v 5.448395 6.778296 -6.688086
v 5.443611 6.778296 -6.682256
v 5.440056 6.778296 -6.675606
v 5.437867 6.778296 -6.668389
v 5.437128 6.778296 -6.660885
v 5.437867 6.778296 -6.653380
v 5.440056 6.778296 -6.646164
v 5.443611 6.778296 -6.639513
v 5.448395 6.778296 -6.633684
v 5.454224 6.778296 -6.628900
v 5.460875 6.778296 -6.625346
v 5.468091 6.778296 -6.623157
v 5.475595 7.027742 -6.584379
v 5.490521 7.027742 -6.585849
v 5.504872 7.027742 -6.590203
v 5.518099 7.027742 -6.597272
v 5.529692 7.027742 -6.606787
v 5.539207 7.027742 -6.618380
v 5.546277 7.027742 -6.631607
v 5.550630 7.027742 -6.645958
v 5.552100 7.027742 -6.660884
v 5.550630 7.027742 -6.675809
v 5.546277 7.027742 -6.690161
v 5.539207 7.027742 -6.703387
v 5.529692 7.027742 -6.714981
v 5.518099 7.027742 -6.724495
v 5.504872 7.027742 -6.731565
v 5.490521 7.027742 -6.735918
v 5.475595 7.027742 -6.737388
v 5.460670 7.027742 -6.735918
v 5.446319 7.027742 -6.731565
v 5.433092 7.027742 -6.724495
v 5.421499 7.027742 -6.714981
v 5.411984 7.027742 -6.703387
v 5.404914 7.027742 -6.690161
v 5.400561 7.027742 -6.675809
v 5.399091 7.027742 -6.660884
v 5.400561 7.027742 -6.645958
v 5.404914 7.027742 -6.631607
v 5.411984 7.027742 -6.618380
v 5.421499 7.027742 -6.606787
v 5.433092 7.027742 -6.597272
v 5.446319 7.027742 -6.590203
v 5.460670 7.027742 -6.585849
v 5.475595 7.027884 -6.618474
v 5.483870 7.027884 -6.619289
v 5.491825 7.027884 -6.621703
v 5.499157 7.027884 -6.625622
v 5.505584 7.027884 -6.630896
v 5.510859 7.027884 -6.637322
v 5.514778 7.027884 -6.644655
v 5.517191 7.027884 -6.652611
v 5.518006 7.027884 -6.660885
v 5.517191 7.027884 -6.669158
v 5.514778 7.027884 -6.677114
v 5.510859 7.027884 -6.684447
v 5.505584 7.027884 -6.690874
v 5.499157 7.027884 -6.696148
v 5.491825 7.027884 -6.700067
v 5.483870 7.027884 -6.702480
v 5.475595 7.027884 -6.703295
v 5.467321 7.027884 -6.702480
v 5.459366 7.027884 -6.700067
v 5.452034 7.027884 -6.696148
v 5.445607 7.027884 -6.690874
v 5.440332 7.027884 -6.684447
v 5.436413 7.027884 -6.677114
v 5.434000 7.027884 -6.669158
v 5.433185 7.027884 -6.660885
v 5.434000 7.027884 -6.652611
v 5.436413 7.027884 -6.644655
v 5.440332 7.027884 -6.637322
v 5.445607 7.027884 -6.630896
v 5.452034 7.027884 -6.625622
v 5.459366 7.027884 -6.621703
v 5.467321 7.027884 -6.619289
v 5.475595 7.045004 -6.557813
v 5.495704 7.045004 -6.559793
v 5.515039 7.045004 -6.565659
v 5.532859 7.045004 -6.575183
v 5.548478 7.045004 -6.588002
v 5.561296 7.045004 -6.603621
v 5.570821 7.045004 -6.621440
v 5.576686 7.045004 -6.640776
v 5.578667 7.045004 -6.660884
v 5.576686 7.045004 -6.680992
v 5.570821 7.045004 -6.700328
v 5.561296 7.045004 -6.718147
v 5.548478 7.045004 -6.733767
v 5.532859 7.045004 -6.746585
v 5.515039 7.045004 -6.756110
v 5.495704 7.045004 -6.761975
v 5.475595 7.045004 -6.763955
v 5.455487 7.045004 -6.761975
v 5.436152 7.045004 -6.756110
v 5.418332 7.045004 -6.746585
v 5.402713 7.045004 -6.733767
v 5.389895 7.045004 -6.718147
v 5.380370 7.045004 -6.700328
v 5.374505 7.045004 -6.680992
v 5.372524 7.045004 -6.660884
v 5.374505 7.045004 -6.640776
v 5.380370 7.045004 -6.621440
v 5.389895 7.045004 -6.603621
v 5.402713 7.045004 -6.588002
v 5.418332 7.045004 -6.575183
v 5.436152 7.045004 -6.565659
v 5.455487 7.045004 -6.559793
v 5.475595 7.045004 -6.584874
v 5.490424 7.045004 -6.586334
v 5.504683 7.045004 -6.590660
v 5.517824 7.045004 -6.597684
v 5.529343 7.045004 -6.607137
v 5.538795 7.045004 -6.618655
v 5.545819 7.045004 -6.631796
v 5.550145 7.045004 -6.646055
v 5.551605 7.045004 -6.660884
v 5.550145 7.045004 -6.675713
v 5.545819 7.045004 -6.689971
v 5.538795 7.045004 -6.703113
v 5.529343 7.045004 -6.714631
v 5.517824 7.045004 -6.724083
v 5.504683 7.045004 -6.731108
v 5.490424 7.045004 -6.735433
v 5.475595 7.045004 -6.736894
v 5.460767 7.045004 -6.735433
v 5.446508 7.045004 -6.731108
v 5.433367 7.045004 -6.724083
v 5.421848 7.045004 -6.714631
v 5.412395 7.045004 -6.703113
v 5.405372 7.045004 -6.689971
v 5.401046 7.045004 -6.675713
v 5.399586 7.045004 -6.660884
v 5.401046 7.045004 -6.646055
v 5.405372 7.045004 -6.631796
v 5.412395 7.045004 -6.618655
v 5.421848 7.045004 -6.607137
v 5.433367 7.045004 -6.597684
v 5.446508 7.045004 -6.590660
v 5.460767 7.045004 -6.586334
v 5.475595 7.065658 -6.556705
v 5.495920 7.065658 -6.558706
v 5.515463 7.065658 -6.564634
v 5.533474 7.065658 -6.574262
v 5.549262 7.065658 -6.587218
v 5.562218 7.065658 -6.603005
v 5.571845 7.065658 -6.621016
v 5.577773 7.065658 -6.640560
v 5.579775 7.065658 -6.660884
v 5.577773 7.065658 -6.681209
v 5.571845 7.065658 -6.700752
v 5.562218 7.065658 -6.718763
v 5.549262 7.065658 -6.734550
v 5.533474 7.065658 -6.747506
v 5.515463 7.065658 -6.757133
v 5.495920 7.065658 -6.763062
v 5.475595 7.065658 -6.765064
v 5.455271 7.065658 -6.763062
v 5.435728 7.065658 -6.757133
v 5.417717 7.065658 -6.747506
v 5.401929 7.065658 -6.734550
v 5.388973 7.065658 -6.718763
v 5.379346 7.065658 -6.700752
v 5.373418 7.065658 -6.681209
v 5.371416 7.065658 -6.660884
v 5.373418 7.065658 -6.640560
v 5.379346 7.065658 -6.621016
v 5.388973 7.065658 -6.603005
v 5.401929 7.065658 -6.587218
v 5.417717 7.065658 -6.574262
v 5.435728 7.065658 -6.564634
v 5.455271 7.065658 -6.558706
v 5.475595 6.777472 -0.160771
v 5.475595 6.498218 -0.164715
v 5.483870 6.777472 -0.161586
v 5.483100 6.498218 -0.165454
v 5.491825 6.777472 -0.164000
v 5.490316 6.498218 -0.167643
v 5.499157 6.777472 -0.167919
v 5.496967 6.498218 -0.171197
v 5.505584 6.777472 -0.173193
v 5.502796 6.498218 -0.175981
v 5.510859 6.777472 -0.179620
v 5.507580 6.498218 -0.181811
v 5.514778 6.777472 -0.186952
v 5.511135 6.498218 -0.188461
v 5.517191 6.777472 -0.194908
v 5.513324 6.498218 -0.195677
v 5.518006 6.777472 -0.203182
v 5.514063 6.498218 -0.203182
v 5.517191 6.777472 -0.211456
v 5.513324 6.498218 -0.210687
v 5.514778 6.777472 -0.219412
v 5.511135 6.498218 -0.217903
v 5.510859 6.777472 -0.226744
v 5.507580 6.498218 -0.224553
v 5.505584 6.777472 -0.233171
v 5.502796 6.498218 -0.230383
v 5.499157 6.777472 -0.238445
v 5.496967 6.498218 -0.235167
v 5.491825 6.777472 -0.242364
v 5.490316 6.498218 -0.238721
v 5.483870 6.777472 -0.244777
v 5.483100 6.498218 -0.240910
v 5.475595 6.777472 -0.245592
v 5.475595 6.498218 -0.241649
v 5.467321 6.777472 -0.244777
v 5.468091 6.498218 -0.240910
v 5.459366 6.777472 -0.242364
v 5.460875 6.498218 -0.238721
v 5.452034 6.777472 -0.238445
v 5.454224 6.498218 -0.235167
v 5.445607 6.777472 -0.233171
v 5.448395 6.498218 -0.230383
v 5.440332 6.777472 -0.226744
v 5.443611 6.498218 -0.224553
v 5.436413 6.777472 -0.219412
v 5.440056 6.498218 -0.217903
v 5.434000 6.777472 -0.211456
v 5.437867 6.498218 -0.210687
v 5.433185 6.777472 -0.203182
v 5.437128 6.498218 -0.203182
v 5.434000 6.777472 -0.194908
v 5.437867 6.498218 -0.195677
v 5.436413 6.777472 -0.186952
v 5.440056 6.498218 -0.188461
v 5.440332 6.777472 -0.179620
v 5.443611 6.498218 -0.181811
v 5.445607 6.777472 -0.173193
v 5.448395 6.498218 -0.175981
v 5.452034 6.777472 -0.167919
v 5.454224 6.498218 -0.171197
v 5.459366 6.777472 -0.164000
v 5.460875 6.498218 -0.167643
v 5.467321 6.777472 -0.161586
v 5.468091 6.498218 -0.165454
v 5.475595 6.778295 -0.164714
v 5.483100 6.778295 -0.165454
v 5.490316 6.778295 -0.167643
v 5.496967 6.778295 -0.171197
v 5.502796 6.778295 -0.175981
v 5.507580 6.778295 -0.181811
v 5.511135 6.778295 -0.188461
v 5.513324 6.778295 -0.195677
v 5.514063 6.778295 -0.203182
v 5.513324 6.778295 -0.210687
v 5.511135 6.778295 -0.217903
v 5.507580 6.778295 -0.224553
v 5.502796 6.778295 -0.230383
v 5.496967 6.778295 -0.235167
v 5.490316 6.778295 -0.238721
v 5.483100 6.778295 -0.240910
v 5.475595 6.778295 -0.241649
v 5.468091 6.778295 -0.240910
v 5.460875 6.778295 -0.238721
v 5.454224 6.778295 -0.235167
v 5.448395 6.778295 -0.230383
v 5.443611 6.778295 -0.224553
v 5.440056 6.778295 -0.217903
v 5.437867 6.778295 -0.210687
v 5.437128 6.778295 -0.203182
v 5.437867 6.778295 -0.195677
v 5.440056 6.778295 -0.188461
v 5.443611 6.778295 -0.181811
v 5.448395 6.778295 -0.175981
v 5.454224 6.778295 -0.171197
v 5.460875 6.778295 -0.167643
v 5.468091 6.778295 -0.165454
v 5.475595 7.027741 -0.126676
v 5.490521 7.027741 -0.128146
v 5.504872 7.027741 -0.132500
v 5.518099 7.027741 -0.139570
v 5.529692 7.027741 -0.149084
v 5.539207 7.027741 -0.160677
v 5.546277 7.027741 -0.173904
v 5.550630 7.027741 -0.188256
v 5.552100 7.027741 -0.203181
v 5.550630 7.027741 -0.218106
v 5.546277 7.027741 -0.232458
v 5.539207 7.027741 -0.245684
v 5.529692 7.027741 -0.257278
v 5.518099 7.027741 -0.266792
v 5.504872 7.027741 -0.273862
v 5.490521 7.027741 -0.278215
v 5.475595 7.027741 -0.279685
v 5.460670 7.027741 -0.278215
v 5.446319 7.027741 -0.273862
v 5.433092 7.027741 -0.266792
v 5.421499 7.027741 -0.257278
v 5.411984 7.027741 -0.245684
v 5.404914 7.027741 -0.232458
v 5.400561 7.027741 -0.218106
v 5.399091 7.027741 -0.203181
v 5.400561 7.027741 -0.188256
v 5.404914 7.027741 -0.173904
v 5.411984 7.027741 -0.160677
v 5.421499 7.027741 -0.149084
v 5.433092 7.027741 -0.139570
v 5.446319 7.027741 -0.132500
v 5.460670 7.027741 -0.128146
v 5.475595 7.027883 -0.160771
v 5.483870 7.027883 -0.161586
v 5.491825 7.027883 -0.164000
v 5.499157 7.027883 -0.167919
v 5.505584 7.027883 -0.173193
v 5.510859 7.027883 -0.179620
v 5.514778 7.027883 -0.186952
v 5.517191 7.027883 -0.194908
v 5.518006 7.027883 -0.203182
v 5.517191 7.027883 -0.211456
v 5.514778 7.027883 -0.219412
v 5.510859 7.027883 -0.226744
v 5.505584 7.027883 -0.233171
v 5.499157 7.027883 -0.238445
v 5.491825 7.027883 -0.242364
v 5.483870 7.027883 -0.244777
v 5.475595 7.027883 -0.245592
v 5.467321 7.027883 -0.244777
v 5.459366 7.027883 -0.242364
v 5.452034 7.027883 -0.238445
v 5.445607 7.027883 -0.233171
v 5.440332 7.027883 -0.226744
v 5.436413 7.027883 -0.219412
v 5.434000 7.027883 -0.211456
v 5.433185 7.027883 -0.203182
v 5.434000 7.027883 -0.194908
v 5.436413 7.027883 -0.186952
v 5.440332 7.027883 -0.179620
v 5.445607 7.027883 -0.173193
v 5.452034 7.027883 -0.167919
v 5.459366 7.027883 -0.164000
v 5.467321 7.027883 -0.161586
v 5.475595 7.045004 -0.100110
v 5.495704 7.045004 -0.102091
v 5.515039 7.045004 -0.107956
v 5.532859 7.045004 -0.117481
v 5.548478 7.045004 -0.130299
v 5.561296 7.045004 -0.145918
v 5.570821 7.045004 -0.163738
v 5.576686 7.045004 -0.183073
v 5.578667 7.045004 -0.203181
v 5.576686 7.045004 -0.223289
v 5.570821 7.045004 -0.242625
v 5.561296 7.045004 -0.260444
v 5.548478 7.045004 -0.276064
v 5.532859 7.045004 -0.288882
v 5.515039 7.045004 -0.298407
v 5.495704 7.045004 -0.304272
v 5.475595 7.045004 -0.306252
v 5.455487 7.045004 -0.304272
v 5.436152 7.045004 -0.298407
v 5.418332 7.045004 -0.288882
v 5.402713 7.045004 -0.276064
v 5.389895 7.045004 -0.260444
v 5.380370 7.045004 -0.242625
v 5.374505 7.045004 -0.223289
v 5.372524 7.045004 -0.203181
v 5.374505 7.045004 -0.183073
v 5.380370 7.045004 -0.163738
v 5.389895 7.045004 -0.145918
v 5.402713 7.045004 -0.130299
v 5.418332 7.045004 -0.117481
v 5.436152 7.045004 -0.107956
v 5.455487 7.045004 -0.102091
v 5.475595 7.045003 -0.127171
v 5.490424 7.045003 -0.128632
v 5.504683 7.045003 -0.132957
v 5.517824 7.045003 -0.139981
v 5.529343 7.045003 -0.149434
v 5.538795 7.045003 -0.160952
v 5.545819 7.045003 -0.174093
v 5.550145 7.045003 -0.188352
v 5.551605 7.045003 -0.203181
v 5.550145 7.045003 -0.218009
v 5.545819 7.045003 -0.232269
v 5.538795 7.045003 -0.245409
v 5.529343 7.045003 -0.256928
v 5.517824 7.045003 -0.266381
v 5.504683 7.045003 -0.273405
v 5.490424 7.045003 -0.277730
v 5.475595 7.045003 -0.279191
v 5.460767 7.045003 -0.277730
v 5.446508 7.045003 -0.273405
v 5.433367 7.045003 -0.266381
v 5.421848 7.045003 -0.256928
v 5.412395 7.045003 -0.245409
v 5.405372 7.045003 -0.232269
v 5.401046 7.045003 -0.218009
v 5.399586 7.045003 -0.203181
v 5.401046 7.045003 -0.188352
v 5.405372 7.045003 -0.174093
v 5.412395 7.045003 -0.160952
v 5.421848 7.045003 -0.149434
v 5.433367 7.045003 -0.139981
v 5.446508 7.045003 -0.132957
v 5.460767 7.045003 -0.128632
v 5.475595 7.065657 -0.098935
v 5.495933 7.065657 -0.100938
v 5.515489 7.065657 -0.106870
v 5.533512 7.065657 -0.116504
v 5.549309 7.065657 -0.129468
v 5.562273 7.065657 -0.145265
v 5.571907 7.065657 -0.163288
v 5.577838 7.065657 -0.182844
v 5.579842 7.065657 -0.203181
v 5.577838 7.065657 -0.223519
v 5.571907 7.065657 -0.243075
v 5.562273 7.065657 -0.261097
v 5.549309 7.065657 -0.276894
v 5.533512 7.065657 -0.289859
v 5.515489 7.065657 -0.299492
v 5.495933 7.065657 -0.305424
v 5.475595 7.065657 -0.307427
v 5.455258 7.065657 -0.305424
v 5.435702 7.065657 -0.299492
v 5.417679 7.065657 -0.289859
v 5.401882 7.065657 -0.276894
v 5.388918 7.065657 -0.261097
v 5.379284 7.065657 -0.243075
v 5.373353 7.065657 -0.223519
v 5.371349 7.065657 -0.203181
v 5.373353 7.065657 -0.182844
v 5.379284 7.065657 -0.163288
v 5.388918 7.065657 -0.145265
v 5.401882 7.065657 -0.129468
v 5.417679 7.065657 -0.116504
v 5.435702 7.065657 -0.106870
v 5.455258 7.065657 -0.100938
v 5.338380 7.128435 0.549527
v 5.338380 7.065346 0.549527
v 5.338380 7.128435 -7.302678
v 5.338380 7.065346 -7.302678
v 5.598424 7.128435 0.549527
v 5.598424 7.065346 0.549527
v 5.598424 7.128435 -7.302678
v 5.598424 7.065346 -7.302678
v 5.338380 7.128435 -3.376575
v 5.338380 7.065346 -3.376576
v 5.598424 7.128435 -3.376576
v 5.598424 7.065346 -3.376575
v 4.995829 6.408741 -6.271257
v 4.995829 6.408741 -0.591774
v 5.002471 6.408058 -6.271257
v 5.002471 6.408058 -0.591774
v 5.008858 6.406036 -6.271257
v 5.008858 6.406035 -0.591774
v 5.014744 6.402751 -6.271257
v 5.014744 6.402751 -0.591774
v 5.019904 6.398332 -6.271257
v 5.019904 6.398332 -0.591774
v 5.024137 6.392946 -6.271257
v 5.024137 6.392946 -0.591774
v 5.027284 6.386802 -6.271257
v 5.027284 6.386802 -0.591774
v 5.029221 6.380135 -6.271257
v 5.029221 6.380135 -0.591774
v 5.029875 6.373202 -6.271257
v 5.029875 6.373202 -0.591774
v 5.029221 6.366269 -6.271257
v 5.029221 6.366269 -0.591774
v 5.027284 6.359602 -6.271257
v 5.027284 6.359601 -0.591774
v 5.024137 6.353457 -6.271257
v 5.024137 6.353457 -0.591774
v 5.019904 6.348072 -6.271257
v 5.019904 6.348072 -0.591774
v 5.014744 6.343652 -6.271257
v 5.014744 6.343652 -0.591774
v 5.008858 6.340368 -6.271257
v 5.008858 6.340368 -0.591774
v 5.002471 6.338346 -6.271257
v 5.002471 6.338346 -0.591774
v 4.995829 6.337663 -6.271257
v 4.995829 6.337663 -0.591774
v 4.989187 6.338346 -6.271257
v 4.989187 6.338346 -0.591774
v 4.982800 6.340368 -6.271257
v 4.982800 6.340368 -0.591774
v 4.976914 6.343652 -6.271257
v 4.976914 6.343652 -0.591774
v 4.971755 6.348072 -6.271257
v 4.971755 6.348072 -0.591774
v 4.967521 6.353457 -6.271257
v 4.967521 6.353457 -0.591774
v 4.964375 6.359602 -6.271257
v 4.964375 6.359601 -0.591774
v 4.962437 6.366269 -6.271257
v 4.962437 6.366269 -0.591774
v 4.961783 6.373202 -6.271257
v 4.961783 6.373202 -0.591774
v 4.962437 6.380135 -6.271257
v 4.962437 6.380135 -0.591774
v 4.964375 6.386802 -6.271257
v 4.964375 6.386802 -0.591774
v 4.967521 6.392946 -6.271257
v 4.967521 6.392946 -0.591774
v 4.971755 6.398332 -6.271257
v 4.971755 6.398332 -0.591774
v 4.976914 6.402751 -6.271257
v 4.976914 6.402751 -0.591774
v 4.982800 6.406036 -6.271257
v 4.982800 6.406035 -0.591774
v 4.989187 6.408058 -6.271257
v 4.989187 6.408058 -0.591774
v 5.945934 6.408741 -6.271257
v 5.945934 6.408741 -0.593395
v 5.952576 6.408058 -6.271257
v 5.952576 6.408058 -0.593395
v 5.958963 6.406036 -6.271257
v 5.958963 6.406035 -0.593395
v 5.964849 6.402751 -6.271257
v 5.964849 6.402751 -0.593395
v 5.970009 6.398332 -6.271257
v 5.970009 6.398332 -0.593395
v 5.974243 6.392946 -6.271257
v 5.974243 6.392946 -0.593395
v 5.977389 6.386802 -6.271257
v 5.977389 6.386802 -0.593395
v 5.979326 6.380135 -6.271257
v 5.979326 6.380135 -0.593395
v 5.979980 6.373202 -6.271257
v 5.979980 6.373202 -0.593395
v 5.979326 6.366269 -6.271257
v 5.979326 6.366269 -0.593395
v 5.977389 6.359602 -6.271257
v 5.977389 6.359601 -0.593395
v 5.974243 6.353457 -6.271257
v 5.974243 6.353457 -0.593395
v 5.970009 6.348072 -6.271257
v 5.970009 6.348072 -0.593395
v 5.964849 6.343652 -6.271257
v 5.964849 6.343652 -0.593395
v 5.958963 6.340368 -6.271257
v 5.958963 6.340368 -0.593395
v 5.952576 6.338346 -6.271257
v 5.952576 6.338346 -0.593395
v 5.945934 6.337663 -6.271257
v 5.945934 6.337663 -0.593395
v 5.939292 6.338346 -6.271257
v 5.939292 6.338346 -0.593395
v 5.932905 6.340368 -6.271257
v 5.932905 6.340368 -0.593395
v 5.927019 6.343652 -6.271257
v 5.927019 6.343652 -0.593395
v 5.921860 6.348072 -6.271257
v 5.921860 6.348072 -0.593395
v 5.917626 6.353457 -6.271257
v 5.917626 6.353457 -0.593395
v 5.914480 6.359602 -6.271257
v 5.914480 6.359601 -0.593395
v 5.912542 6.366269 -6.271257
v 5.912542 6.366269 -0.593395
v 5.911888 6.373202 -6.271257
v 5.911888 6.373202 -0.593395
v 5.912542 6.380135 -6.271257
v 5.912542 6.380135 -0.593395
v 5.914480 6.386802 -6.271257
v 5.914480 6.386802 -0.593395
v 5.917626 6.392946 -6.271257
v 5.917626 6.392946 -0.593395
v 5.921860 6.398332 -6.271257
v 5.921860 6.398332 -0.593395
v 5.927019 6.402751 -6.271257
v 5.927019 6.402751 -0.593395
v 5.932905 6.406036 -6.271257
v 5.932905 6.406035 -0.593395
v 5.939292 6.408058 -6.271257
v 5.939292 6.408058 -0.593395
v 5.468108 5.949112 -6.269350
v 5.468108 5.949111 -0.595058
v 5.474750 5.948429 -6.269350
v 5.474750 5.948429 -0.595058
v 5.481137 5.946407 -6.269350
v 5.481137 5.946406 -0.595058
v 5.487023 5.943122 -6.269350
v 5.487023 5.943122 -0.595058
v 5.492183 5.938703 -6.269350
v 5.492183 5.938703 -0.595058
v 5.496417 5.933317 -6.269350
v 5.496417 5.933317 -0.595058
v 5.499563 5.927173 -6.269350
v 5.499563 5.927173 -0.595058
v 5.501500 5.920506 -6.269350
v 5.501500 5.920506 -0.595058
v 5.502154 5.913573 -6.269350
v 5.502154 5.913573 -0.595058
v 5.501500 5.906640 -6.269350
v 5.501500 5.906640 -0.595058
v 5.499563 5.899973 -6.269350
v 5.499563 5.899972 -0.595058
v 5.496417 5.893828 -6.269350
v 5.496417 5.893828 -0.595058
v 5.492183 5.888443 -6.269350
v 5.492183 5.888443 -0.595058
v 5.487023 5.884023 -6.269350
v 5.487023 5.884023 -0.595058
v 5.481137 5.880739 -6.269350
v 5.481137 5.880739 -0.595058
v 5.474750 5.878717 -6.269350
v 5.474750 5.878716 -0.595058
v 5.468108 5.878034 -6.269350
v 5.468108 5.878034 -0.595058
v 5.461466 5.878717 -6.269350
v 5.461466 5.878716 -0.595058
v 5.455079 5.880739 -6.269350
v 5.455079 5.880739 -0.595058
v 5.449193 5.884023 -6.269350
v 5.449193 5.884023 -0.595058
v 5.444034 5.888443 -6.269350
v 5.444034 5.888443 -0.595058
v 5.439800 5.893828 -6.269350
v 5.439800 5.893828 -0.595058
v 5.436654 5.899973 -6.269350
v 5.436654 5.899972 -0.595058
v 5.434716 5.906640 -6.269350
v 5.434716 5.906640 -0.595058
v 5.434062 5.913573 -6.269350
v 5.434062 5.913573 -0.595058
v 5.434716 5.920506 -6.269350
v 5.434716 5.920506 -0.595058
v 5.436654 5.927173 -6.269350
v 5.436654 5.927173 -0.595058
v 5.439800 5.933317 -6.269350
v 5.439800 5.933317 -0.595058
v 5.444034 5.938703 -6.269350
v 5.444034 5.938703 -0.595058
v 5.449193 5.943122 -6.269350
v 5.449193 5.943122 -0.595058
v 5.455079 5.946407 -6.269350
v 5.455079 5.946406 -0.595058
v 5.461466 5.948429 -6.269350
v 5.461466 5.948429 -0.595058
v 5.468108 6.880735 -6.273242
v 5.468108 6.880734 -0.594656
v 5.474750 6.880052 -6.273242
v 5.474750 6.880052 -0.594656
v 5.481137 6.878030 -6.273242
v 5.481137 6.878029 -0.594656
v 5.487023 6.874745 -6.273242
v 5.487023 6.874745 -0.594656
v 5.492183 6.870326 -6.273242
v 5.492183 6.870326 -0.594656
v 5.496417 6.864940 -6.273242
v 5.496417 6.864940 -0.594656
v 5.499563 6.858796 -6.273242
v 5.499563 6.858796 -0.594656
v 5.501500 6.852129 -6.273242
v 5.501500 6.852129 -0.594656
v 5.502154 6.845196 -6.273242
v 5.502154 6.845196 -0.594656
v 5.501500 6.838263 -6.273242
v 5.501500 6.838263 -0.594656
v 5.499563 6.831596 -6.273242
v 5.499563 6.831595 -0.594656
v 5.496417 6.825451 -6.273242
v 5.496417 6.825451 -0.594656
v 5.492183 6.820066 -6.273242
v 5.492183 6.820066 -0.594656
v 5.487023 6.815646 -6.273242
v 5.487023 6.815646 -0.594656
v 5.481137 6.812362 -6.273242
v 5.481137 6.812362 -0.594656
v 5.474750 6.810340 -6.273242
v 5.474750 6.810339 -0.594656
v 5.468108 6.809657 -6.273242
v 5.468108 6.809657 -0.594656
v 5.461466 6.810340 -6.273242
v 5.461466 6.810339 -0.594656
v 5.455079 6.812362 -6.273242
v 5.455079 6.812362 -0.594656
v 5.449193 6.815646 -6.273242
v 5.449193 6.815646 -0.594656
v 5.444034 6.820066 -6.273242
v 5.444034 6.820066 -0.594656
v 5.439800 6.825451 -6.273242
v 5.439800 6.825451 -0.594656
v 5.436654 6.831596 -6.273242
v 5.436654 6.831595 -0.594656
v 5.434716 6.838263 -6.273242
v 5.434716 6.838263 -0.594656
v 5.434062 6.845196 -6.273242
v 5.434062 6.845196 -0.594656
v 5.434716 6.852129 -6.273242
v 5.434716 6.852129 -0.594656
v 5.436654 6.858796 -6.273242
v 5.436654 6.858796 -0.594656
v 5.439800 6.864940 -6.273242
v 5.439800 6.864940 -0.594656
v 5.444034 6.870326 -6.273242
v 5.444034 6.870326 -0.594656
v 5.449193 6.874745 -6.273242
v 5.449193 6.874745 -0.594656
v 5.455079 6.878030 -6.273242
v 5.455079 6.878029 -0.594656
v 5.461466 6.880052 -6.273242
v 5.461466 6.880052 -0.594656
vn -0.0000 1.0000 -0.0000
vn 0.1918 0.9814 -0.0000
vn 0.3770 0.9262 -0.0000
vn 0.5489 0.8359 -0.0000
vn 0.7009 0.7132 -0.0000
vn 0.8269 0.5623 -0.0000
vn 0.9215 0.3884 -0.0000
vn 0.9801 0.1984 -0.0000
vn 1.0000 -0.0000 -0.0000
vn 0.9801 -0.1984 -0.0000
vn 0.9215 -0.3884 -0.0000
vn 0.8270 -0.5623 -0.0000
vn 0.7009 -0.7132 -0.0000
vn 0.5489 -0.8359 -0.0000
vn 0.3770 -0.9262 -0.0000
vn 0.1918 -0.9814 -0.0000
vn -0.0000 -1.0000 -0.0000
vn -0.1918 -0.9814 -0.0000
vn -0.3770 -0.9262 -0.0000
vn -0.5489 -0.8359 -0.0000
vn -0.7009 -0.7132 -0.0000
vn -0.8270 -0.5623 -0.0000
vn -0.9215 -0.3884 -0.0000
vn -0.9801 -0.1984 -0.0000
vn -1.0000 -0.0000 -0.0000
vn -0.9801 0.1984 -0.0000
vn -0.9215 0.3884 -0.0000
vn -0.8270 0.5623 -0.0000
vn -0.7009 0.7132 -0.0000
vn -0.5489 0.8359 -0.0000
vn -0.3770 0.9262 -0.0000
vn 0.6994 0.7116 0.0669
vn 0.5477 0.8340 0.0667
vn 0.5476 0.8341 0.0667
vn 0.6993 0.7117 0.0669
vn -0.1918 0.9814 -0.0000
vn -0.0000 -0.0000 1.0000
vn -0.8172 0.5558 -0.1524
vn -0.6927 0.7051 -0.1519
vn -0.1914 0.9793 0.0664
vn -0.3762 0.9241 0.0665
vn -0.3761 0.9242 0.0665
vn -0.3762 -0.9241 0.0665
vn -0.1914 -0.9793 0.0664
vn -0.3761 -0.9242 0.0665
vn 0.8251 0.5609 0.0672
vn 0.8250 0.5611 0.0672
vn -0.0000 0.9978 0.0664
vn -0.5477 -0.8340 0.0667
vn -0.5476 -0.8341 0.0667
vn 0.9194 0.3875 0.0674
vn 0.9194 0.3876 0.0674
vn -0.6994 -0.7116 0.0669
vn -0.6993 -0.7117 0.0669
vn 0.9779 0.1979 0.0675
vn 0.9779 0.1980 0.0675
vn -0.8251 -0.5609 0.0672
vn -0.8250 -0.5611 0.0672
vn 0.9977 -0.0000 0.0675
vn -0.9194 -0.3875 0.0674
vn -0.9194 -0.3876 0.0674
vn 0.9779 -0.1979 0.0675
vn 0.9779 -0.1980 0.0675
vn -0.9779 -0.1979 0.0675
vn -0.9779 -0.1980 0.0675
vn 0.9194 -0.3875 0.0674
vn 0.9194 -0.3876 0.0674
vn -0.9977 -0.0000 0.0675
vn 0.8251 -0.5609 0.0672
vn 0.8250 -0.5611 0.0672
vn -0.9779 0.1979 0.0675
vn -0.9779 0.1980 0.0675
vn 0.6994 -0.7116 0.0669
vn 0.6993 -0.7117 0.0669
vn -0.9194 0.3875 0.0674
vn -0.9194 0.3876 0.0674
vn 0.5477 -0.8340 0.0667
vn 0.5476 -0.8341 0.0667
vn -0.8251 0.5609 0.0672
vn -0.8250 0.5611 0.0672
vn 0.3762 -0.9241 0.0665
vn 0.3761 -0.9242 0.0665
vn 0.1914 0.9793 0.0664
vn -0.6994 0.7116 0.0669
vn -0.6993 0.7117 0.0669
vn 0.1914 -0.9793 0.0664
vn 0.3762 0.9241 0.0665
vn 0.3761 0.9242 0.0665
vn -0.5477 0.8340 0.0667
vn -0.5476 0.8341 0.0667
vn -0.0000 -0.9978 0.0664
vn -0.1834 0.9376 0.2953
vn -0.3603 0.8847 0.2959
vn -0.3599 0.8848 0.2959
vn -0.1832 0.9377 0.2953
vn 0.3726 -0.9156 -0.1510
vn 0.1896 -0.9702 -0.1507
vn 0.1896 0.9702 -0.1507
vn 0.3726 0.9156 -0.1510
vn -0.5424 0.8264 -0.1514
vn -0.0000 -0.9886 -0.1506
vn 0.5424 0.8264 -0.1514
vn -0.3726 0.9156 -0.1510
vn -0.1896 -0.9702 -0.1507
vn 0.6927 0.7051 -0.1519
vn -0.1896 0.9702 -0.1507
vn -0.3726 -0.9156 -0.1510
vn 0.8270 0.5623 -0.0000
vn 0.8172 0.5558 -0.1524
vn -0.0000 0.9886 -0.1506
vn -0.5424 -0.8264 -0.1514
vn 0.9106 0.3840 -0.1528
vn -0.6927 -0.7051 -0.1519
vn 0.9686 0.1961 -0.1531
vn -0.8172 -0.5558 -0.1524
vn 0.9882 -0.0000 -0.1532
vn -0.9106 -0.3840 -0.1528
vn 0.9686 -0.1961 -0.1531
vn -0.9686 -0.1961 -0.1531
vn 0.9106 -0.3840 -0.1528
vn -0.9882 -0.0000 -0.1532
vn 0.8172 -0.5558 -0.1524
vn -0.9686 0.1961 -0.1531
vn 0.6927 -0.7051 -0.1519
vn -0.9106 0.3840 -0.1528
vn 0.5424 -0.8264 -0.1514
vn -0.3603 -0.8847 0.2959
vn -0.1834 -0.9376 0.2953
vn -0.1832 -0.9377 0.2953
vn -0.3599 -0.8848 0.2959
vn 0.7894 0.5364 0.2985
vn 0.6694 0.6807 0.2975
vn 0.6689 0.6812 0.2975
vn 0.7891 0.5369 0.2985
vn -0.0000 0.9554 0.2952
vn -0.5244 -0.7981 0.2966
vn -0.5239 -0.7984 0.2966
vn 0.8793 0.3704 0.2993
vn 0.8792 0.3708 0.2993
vn -0.6694 -0.6807 0.2975
vn -0.6689 -0.6812 0.2975
vn 0.9351 0.1891 0.2998
vn 0.9350 0.1894 0.2998
vn -0.7894 -0.5364 0.2985
vn -0.7891 -0.5369 0.2985
vn 0.9539 -0.0000 0.3000
vn -0.8793 -0.3704 0.2993
vn -0.8792 -0.3708 0.2993
vn 0.9351 -0.1891 0.2998
vn 0.9350 -0.1894 0.2998
vn -0.9351 -0.1891 0.2998
vn -0.9350 -0.1894 0.2998
vn 0.8793 -0.3704 0.2993
vn 0.8792 -0.3708 0.2993
vn -0.9539 -0.0000 0.3000
vn 0.7894 -0.5364 0.2985
vn 0.7891 -0.5369 0.2985
vn -0.9351 0.1891 0.2998
vn -0.9350 0.1894 0.2998
vn 0.6694 -0.6807 0.2975
vn 0.6689 -0.6812 0.2975
vn -0.8793 0.3704 0.2993
vn -0.8792 0.3708 0.2993
vn 0.5244 -0.7981 0.2966
vn 0.5239 -0.7984 0.2966
vn -0.7894 0.5364 0.2985
vn -0.7891 0.5369 0.2985
vn 0.3603 -0.8847 0.2959
vn 0.3599 -0.8848 0.2959
vn 0.1834 0.9376 0.2953
vn 0.1832 0.9377 0.2953
vn -0.6694 0.6807 0.2975
vn -0.6689 0.6812 0.2975
vn 0.1834 -0.9376 0.2953
vn 0.1832 -0.9377 0.2953
vn 0.3603 0.8847 0.2959
vn 0.3599 0.8848 0.2959
vn -0.5244 0.7981 0.2966
vn -0.5239 0.7984 0.2966
vn -0.0000 -0.9554 0.2952
vn 0.5244 0.7981 0.2966
vn 0.5239 0.7984 0.2966
vn 0.5244 0.7981 -0.2966
vn 0.6694 0.6807 -0.2975
vn -0.0000 -0.9554 -0.2952
vn -0.1834 -0.9376 -0.2953
vn -0.5244 0.7981 -0.2966
vn -0.3603 0.8847 -0.2959
vn 0.3603 0.8847 -0.2959
vn 0.1834 -0.9376 -0.2953
vn -0.6694 0.6807 -0.2975
vn 0.1834 0.9376 -0.2953
vn 0.3603 -0.8847 -0.2959
vn -0.7894 0.5364 -0.2985
vn -0.0000 0.9554 -0.2952
vn 0.5244 -0.7981 -0.2966
vn -0.8793 0.3704 -0.2993
vn 0.6694 -0.6807 -0.2975
vn -0.9351 0.1891 -0.2998
vn 0.7894 -0.5364 -0.2985
vn -0.9539 -0.0000 -0.3000
vn 0.8793 -0.3704 -0.2993
vn -0.9351 -0.1891 -0.2998
vn 0.9351 -0.1891 -0.2998
vn -0.8793 -0.3704 -0.2993
vn 0.9539 -0.0000 -0.3000
vn -0.7894 -0.5364 -0.2985
vn 0.9351 0.1891 -0.2998
vn -0.6694 -0.6807 -0.2975
vn 0.8793 0.3704 -0.2993
vn -0.5244 -0.7981 -0.2966
vn 0.7894 0.5364 -0.2985
vn -0.3603 -0.8847 -0.2959
vn -0.1834 0.9376 -0.2953
vn -0.0000 -0.0000 -1.0000
vn 0.0013 0.0065 -1.0000
vn -0.0000 0.0066 -1.0000
vn 0.0025 0.0061 -1.0000
vn 0.0036 0.0055 -1.0000
vn 0.0046 0.0047 -1.0000
vn 0.0054 0.0037 -1.0000
vn 0.0060 0.0025 -1.0000
vn 0.0064 0.0013 -1.0000
vn 0.0065 -0.0000 -1.0000
vn 0.0064 -0.0013 -1.0000
vn 0.0060 -0.0025 -1.0000
vn 0.0054 -0.0037 -1.0000
vn 0.0046 -0.0047 -1.0000
vn 0.0036 -0.0055 -1.0000
vn 0.0025 -0.0061 -1.0000
vn 0.0013 -0.0065 -1.0000
vn -0.0000 -0.0066 -1.0000
vn -0.0013 -0.0065 -1.0000
vn -0.0025 -0.0061 -1.0000
vn -0.0036 -0.0055 -1.0000
vn -0.0046 -0.0047 -1.0000
vn -0.0054 -0.0037 -1.0000
vn -0.0060 -0.0025 -1.0000
vn -0.0064 -0.0013 -1.0000
vn -0.0065 -0.0000 -1.0000
vn -0.0064 0.0013 -1.0000
vn -0.0060 0.0025 -1.0000
vn -0.0054 0.0037 -1.0000
vn -0.0046 0.0047 -1.0000
vn -0.0036 0.0055 -1.0000
vn -0.0025 0.0061 -1.0000
vn -0.0013 0.0065 -1.0000
vn -0.7009 -0.7133 -0.0000
vn 0.7009 -0.7133 -0.0000
vn -0.7009 0.7133 -0.0000
vn 0.7009 0.7133 -0.0000
vn 0.8269 -0.5623 -0.0000
vn -0.8269 -0.5623 -0.0000
vn 0.6994 0.7116 -0.0669
vn 0.6993 0.7117 -0.0669
vn 0.5476 0.8341 -0.0667
vn 0.5477 0.8340 -0.0667
vn -0.6927 0.7051 0.1519
vn -0.8172 0.5558 0.1524
vn -0.1914 0.9793 -0.0664
vn -0.3761 0.9242 -0.0665
vn -0.3762 0.9241 -0.0665
vn -0.3762 -0.9241 -0.0665
vn -0.3761 -0.9242 -0.0665
vn -0.1914 -0.9793 -0.0664
vn 0.8251 0.5609 -0.0672
vn 0.8250 0.5611 -0.0672
vn -0.0000 0.9978 -0.0664
vn -0.5477 -0.8340 -0.0667
vn -0.5476 -0.8341 -0.0667
vn 0.9194 0.3875 -0.0674
vn 0.9194 0.3876 -0.0674
vn -0.6994 -0.7116 -0.0669
vn -0.6993 -0.7117 -0.0669
vn 0.9779 0.1979 -0.0675
vn 0.9779 0.1980 -0.0675
vn -0.8251 -0.5609 -0.0672
vn -0.8250 -0.5611 -0.0672
vn 0.9977 -0.0000 -0.0675
vn -0.9194 -0.3875 -0.0674
vn -0.9194 -0.3876 -0.0674
vn 0.9779 -0.1979 -0.0675
vn 0.9779 -0.1980 -0.0675
vn -0.9779 -0.1979 -0.0675
vn -0.9779 -0.1980 -0.0675
vn 0.9194 -0.3875 -0.0674
vn 0.9194 -0.3876 -0.0674
vn -0.9977 -0.0000 -0.0675
vn 0.8251 -0.5609 -0.0672
vn 0.8250 -0.5611 -0.0672
vn -0.9779 0.1979 -0.0675
vn -0.9779 0.1980 -0.0675
vn 0.6994 -0.7116 -0.0669
vn 0.6993 -0.7117 -0.0669
vn -0.9194 0.3875 -0.0674
vn -0.9194 0.3876 -0.0674
vn 0.5477 -0.8340 -0.0667
vn 0.5476 -0.8341 -0.0667
vn -0.8251 0.5609 -0.0672
vn -0.8250 0.5611 -0.0672
vn 0.3762 -0.9241 -0.0665
vn 0.3761 -0.9242 -0.0665
vn 0.1914 0.9793 -0.0664
vn -0.6994 0.7116 -0.0669
vn -0.6993 0.7117 -0.0669
vn 0.1914 -0.9793 -0.0664
vn 0.3762 0.9241 -0.0665
vn 0.3761 0.9242 -0.0665
vn -0.5477 0.8340 -0.0667
vn -0.5476 0.8341 -0.0667
vn -0.0000 -0.9978 -0.0664
vn -0.1832 0.9377 -0.2953
vn -0.3599 0.8848 -0.2959
vn 0.1896 -0.9702 0.1507
vn 0.3726 -0.9156 0.1510
vn 0.3726 0.9156 0.1510
vn 0.1896 0.9702 0.1507
vn -0.5424 0.8264 0.1514
vn -0.0000 -0.9886 0.1506
vn 0.5424 0.8264 0.1514
vn -0.3726 0.9156 0.1510
vn -0.1896 -0.9702 0.1507
vn 0.6927 0.7051 0.1519
vn -0.1896 0.9702 0.1507
vn -0.3726 -0.9156 0.1510
vn 0.8172 0.5558 0.1524
vn -0.0000 0.9886 0.1506
vn -0.5424 -0.8264 0.1514
vn 0.9106 0.3840 0.1528
vn -0.6927 -0.7051 0.1519
vn 0.9686 0.1961 0.1531
vn -0.8172 -0.5558 0.1524
vn 0.9882 -0.0000 0.1532
vn -0.9106 -0.3840 0.1528
vn 0.9686 -0.1961 0.1531
vn -0.9686 -0.1961 0.1531
vn 0.9106 -0.3840 0.1528
vn -0.9882 -0.0000 0.1532
vn 0.8172 -0.5558 0.1524
vn -0.9686 0.1961 0.1531
vn 0.6927 -0.7051 0.1519
vn -0.9106 0.3840 0.1528
vn 0.5424 -0.8264 0.1514
vn -0.3599 -0.8848 -0.2959
vn -0.1832 -0.9377 -0.2953
vn 0.7891 0.5369 -0.2985
vn 0.6689 0.6812 -0.2975
vn -0.5239 -0.7984 -0.2966
vn 0.8792 0.3708 -0.2993
vn -0.6689 -0.6812 -0.2975
vn 0.9350 0.1894 -0.2998
vn -0.7891 -0.5369 -0.2985
vn -0.8792 -0.3708 -0.2993
vn 0.9350 -0.1894 -0.2998
vn -0.9350 -0.1894 -0.2998
vn 0.8792 -0.3708 -0.2993
vn 0.7891 -0.5369 -0.2985
vn -0.9350 0.1894 -0.2998
vn 0.6689 -0.6812 -0.2975
vn -0.8792 0.3708 -0.2993
vn 0.5239 -0.7984 -0.2966
vn -0.7891 0.5369 -0.2985
vn 0.3599 -0.8848 -0.2959
vn 0.1832 0.9377 -0.2953
vn -0.6689 0.6812 -0.2975
vn 0.1832 -0.9377 -0.2953
vn 0.3599 0.8848 -0.2959
vn -0.5239 0.7984 -0.2966
vn 0.5239 0.7984 -0.2966
vn 0.0013 0.0065 1.0000
vn -0.0000 0.0066 1.0000
vn 0.0025 0.0061 1.0000
vn 0.0036 0.0055 1.0000
vn 0.0046 0.0047 1.0000
vn 0.0054 0.0037 1.0000
vn 0.0060 0.0025 1.0000
vn 0.0064 0.0013 1.0000
vn 0.0065 -0.0000 1.0000
vn 0.0064 -0.0013 1.0000
vn 0.0060 -0.0025 1.0000
vn 0.0054 -0.0037 1.0000
vn 0.0046 -0.0047 1.0000
vn 0.0036 -0.0055 1.0000
vn 0.0025 -0.0061 1.0000
vn 0.0013 -0.0065 1.0000
vn -0.0000 -0.0066 1.0000
vn -0.0013 -0.0065 1.0000
vn -0.0025 -0.0061 1.0000
vn -0.0036 -0.0055 1.0000
vn -0.0046 -0.0047 1.0000
vn -0.0054 -0.0037 1.0000
vn -0.0060 -0.0025 1.0000
vn -0.0064 -0.0013 1.0000
vn -0.0065 -0.0000 1.0000
vn -0.0064 0.0013 1.0000
vn -0.0060 0.0025 1.0000
vn -0.0054 0.0037 1.0000
vn -0.0046 0.0047 1.0000
vn -0.0036 0.0055 1.0000
vn -0.0025 0.0061 1.0000
vn -0.0013 0.0065 1.0000
vn 0.1951 -0.0000 0.9808
vn 0.3827 -0.0000 0.9239
vn 0.5556 -0.0000 0.8315
vn 0.7071 -0.0000 0.7071
vn 0.8315 -0.0000 0.5556
vn 0.9239 -0.0000 0.3827
vn 0.9808 -0.0000 0.1951
vn 0.9808 -0.0000 -0.1951
vn 0.9239 -0.0000 -0.3827
vn 0.8315 -0.0000 -0.5556
vn 0.7071 -0.0000 -0.7071
vn 0.5556 -0.0000 -0.8315
vn 0.3827 -0.0000 -0.9239
vn 0.1951 -0.0000 -0.9808
vn -0.1951 -0.0000 -0.9808
vn -0.3827 -0.0000 -0.9239
vn -0.5556 -0.0000 -0.8315
vn -0.7071 -0.0000 -0.7071
vn -0.8315 -0.0000 -0.5556
vn -0.9239 -0.0000 -0.3827
vn -0.9808 -0.0000 -0.1951
vn -0.9808 -0.0000 0.1951
vn -0.9239 -0.0000 0.3827
vn -0.8315 -0.0000 0.5556
vn -0.7071 -0.0000 0.7071
vn -0.5556 -0.0000 0.8315
vn -0.3827 -0.0000 0.9239
vn -0.1951 -0.0000 0.9808
vn -0.0399 -0.9789 -0.2005
vn -0.0000 -0.9789 -0.2044
vn -0.0782 -0.9789 -0.1889
vn -0.1136 -0.9789 -0.1700
vn -0.1446 -0.9789 -0.1446
vn -0.1700 -0.9789 -0.1136
vn -0.1889 -0.9789 -0.0782
vn -0.2005 -0.9789 -0.0399
vn -0.2044 -0.9789 -0.0000
vn -0.2005 -0.9789 0.0399
vn -0.1889 -0.9789 0.0782
vn -0.1700 -0.9789 0.1136
vn -0.1446 -0.9789 0.1446
vn -0.1136 -0.9789 0.1700
vn -0.0782 -0.9789 0.1889
vn -0.0399 -0.9789 0.2005
vn -0.0000 -0.9789 0.2044
vn 0.0399 -0.9789 0.2005
vn 0.0782 -0.9789 0.1889
vn 0.1136 -0.9789 0.1700
vn 0.1446 -0.9789 0.1446
vn 0.1700 -0.9789 0.1136
vn 0.1889 -0.9789 0.0782
vn 0.2005 -0.9789 0.0399
vn 0.2044 -0.9789 -0.0000
vn 0.2005 -0.9789 -0.0399
vn 0.1889 -0.9789 -0.0782
vn 0.1700 -0.9789 -0.1136
vn 0.1446 -0.9789 -0.1446
vn 0.1136 -0.9789 -0.1700
vn 0.0782 -0.9789 -0.1889
vn 0.0399 -0.9789 -0.2005
vn 0.9235 0.0287 0.3825
vn 0.9804 0.0287 0.1950
vn -0.0008 -1.0000 -0.0041
vn -0.0000 -1.0000 -0.0042
vn -0.0016 -1.0000 -0.0038
vn -0.0023 -1.0000 -0.0035
vn -0.0029 -1.0000 -0.0029
vn -0.0035 -1.0000 -0.0023
vn -0.0038 -1.0000 -0.0016
vn -0.0041 -1.0000 -0.0008
vn -0.0042 -1.0000 -0.0000
vn -0.0041 -1.0000 0.0008
vn -0.0038 -1.0000 0.0016
vn -0.0035 -1.0000 0.0023
vn -0.0029 -1.0000 0.0029
vn -0.0023 -1.0000 0.0035
vn -0.0016 -1.0000 0.0038
vn -0.0008 -1.0000 0.0041
vn -0.0000 -1.0000 0.0042
vn 0.0008 -1.0000 0.0041
vn 0.0016 -1.0000 0.0038
vn 0.0023 -1.0000 0.0035
vn 0.0029 -1.0000 0.0029
vn 0.0035 -1.0000 0.0023
vn 0.0038 -1.0000 0.0016
vn 0.0041 -1.0000 0.0008
vn 0.0042 -1.0000 -0.0000
vn 0.0041 -1.0000 -0.0008
vn 0.0038 -1.0000 -0.0016
vn 0.0035 -1.0000 -0.0023
vn 0.0029 -1.0000 -0.0029
vn 0.0023 -1.0000 -0.0035
vn 0.0016 -1.0000 -0.0038
vn 0.0008 -1.0000 -0.0041
vn 0.3821 -0.0536 0.9226
vn 0.5548 -0.0536 0.8303
vn -0.7068 0.0286 -0.7068
vn -0.8311 0.0286 -0.5553
vn 0.9996 0.0287 -0.0000
vn -0.9235 0.0286 -0.3825
vn 0.9804 0.0287 -0.1950
vn -0.9804 0.0287 -0.1950
vn 0.9235 0.0286 -0.3825
vn -0.9996 0.0287 -0.0000
vn 0.8311 0.0286 -0.5553
vn -0.9804 0.0287 0.1950
vn 0.7068 0.0287 -0.7068
vn -0.9235 0.0287 0.3825
vn 0.5553 0.0287 -0.8311
vn -0.8311 0.0286 0.5553
vn 0.3825 0.0286 -0.9235
vn -0.0000 0.0286 0.9996
vn 0.1950 0.0286 0.9804
vn -0.7068 0.0286 0.7068
vn 0.1950 0.0286 -0.9804
vn 0.3825 0.0286 0.9235
vn -0.5553 0.0287 0.8311
vn -0.0000 0.0286 -0.9996
vn 0.5553 0.0287 0.8311
vn -0.3825 0.0286 0.9235
vn -0.1950 0.0286 -0.9804
vn 0.7068 0.0286 0.7068
vn -0.1950 0.0286 0.9804
vn -0.3825 0.0286 -0.9235
vn 0.8311 0.0286 0.5553
vn -0.5553 0.0287 -0.8311
vn -0.5548 -0.0536 0.8303
vn -0.3821 -0.0536 0.9226
vn -0.0000 -0.0536 -0.9986
vn -0.1948 -0.0536 -0.9794
vn 0.7061 -0.0536 0.7061
vn -0.1948 -0.0536 0.9794
vn -0.3821 -0.0536 -0.9226
vn 0.8303 -0.0536 0.5548
vn -0.0000 -0.0536 0.9986
vn -0.5548 -0.0536 -0.8303
vn 0.9226 -0.0536 0.3821
vn -0.7061 -0.0536 -0.7061
vn 0.9794 -0.0536 0.1948
vn -0.8303 -0.0536 -0.5548
vn 0.9986 -0.0536 -0.0000
vn -0.9226 -0.0536 -0.3821
vn 0.9794 -0.0536 -0.1948
vn -0.9794 -0.0536 -0.1948
vn 0.9226 -0.0536 -0.3821
vn -0.9986 -0.0536 -0.0000
vn 0.8303 -0.0536 -0.5548
vn -0.9794 -0.0536 0.1948
vn 0.7061 -0.0536 -0.7061
vn -0.9226 -0.0536 0.3821
vn 0.5548 -0.0536 -0.8303
vn -0.8303 -0.0536 0.5548
vn 0.3821 -0.0536 -0.9226
vn 0.1948 -0.0536 0.9794
vn -0.7061 -0.0536 0.7061
vn 0.1948 -0.0536 -0.9794
vn -0.1445 -0.9789 -0.1446
vn 0.3821 -0.0568 0.9224
vn 0.5547 -0.0568 0.8301
vn -0.9235 0.0287 -0.3825
vn 0.9235 0.0287 -0.3825
vn 0.7068 0.0286 -0.7068
vn 0.3825 0.0287 -0.9235
vn -0.0000 0.0287 0.9996
vn 0.1950 0.0287 0.9804
vn 0.1950 0.0287 -0.9804
vn 0.3825 0.0287 0.9235
vn -0.0000 0.0287 -0.9996
vn -0.3825 0.0287 0.9235
vn -0.1950 0.0287 -0.9804
vn 0.7068 0.0287 0.7068
vn -0.1950 0.0287 0.9804
vn -0.3825 0.0287 -0.9235
vn -0.5547 -0.0568 0.8301
vn -0.3821 -0.0568 0.9224
vn -0.0000 -0.0568 -0.9984
vn -0.1948 -0.0568 -0.9792
vn 0.7060 -0.0568 0.7060
vn -0.1948 -0.0568 0.9792
vn -0.3821 -0.0568 -0.9224
vn 0.8301 -0.0568 0.5547
vn -0.0000 -0.0568 0.9984
vn -0.5547 -0.0568 -0.8301
vn 0.9224 -0.0568 0.3821
vn -0.7060 -0.0568 -0.7060
vn 0.9792 -0.0568 0.1948
vn -0.8301 -0.0568 -0.5547
vn 0.9984 -0.0568 -0.0000
vn -0.9224 -0.0568 -0.3821
vn 0.9792 -0.0568 -0.1948
vn -0.9792 -0.0568 -0.1948
vn 0.9224 -0.0568 -0.3821
vn -0.9984 -0.0568 -0.0000
vn 0.8301 -0.0568 -0.5547
vn -0.9792 -0.0568 0.1948
vn 0.7060 -0.0568 -0.7060
vn -0.9224 -0.0568 0.3821
vn 0.5547 -0.0568 -0.8301
vn -0.8301 -0.0568 0.5547
vn 0.3821 -0.0568 -0.9224
vn 0.1948 -0.0568 0.9792
vn -0.7060 -0.0568 0.7060
vn 0.1948 -0.0568 -0.9792
vn 0.2031 0.9792 -0.0000
vn 0.3966 0.9180 -0.0000
vn 0.5718 0.8204 -0.0000
vn 0.7218 0.6921 -0.0000
vn 0.8420 0.5394 -0.0000
vn 0.9294 0.3691 -0.0000
vn 0.9823 0.1873 -0.0000
vn 0.9823 -0.1873 -0.0000
vn 0.9294 -0.3691 -0.0000
vn 0.8420 -0.5394 -0.0000
vn 0.7218 -0.6921 -0.0000
vn 0.5718 -0.8204 -0.0000
vn 0.3966 -0.9180 -0.0000
vn 0.2031 -0.9792 -0.0000
vn -0.2031 -0.9792 -0.0000
vn -0.3966 -0.9180 -0.0000
vn -0.5718 -0.8204 -0.0000
vn -0.7218 -0.6921 -0.0000
vn -0.8420 -0.5394 -0.0000
vn -0.9294 -0.3691 -0.0000
vn -0.9823 -0.1873 -0.0000
vn -0.9823 0.1873 -0.0000
vn -0.9294 0.3691 -0.0000
vn -0.8420 0.5394 -0.0000
vn -0.7218 0.6921 -0.0000
vn -0.5718 0.8204 -0.0000
vn -0.3966 0.9180 -0.0000
vn -0.2031 0.9792 -0.0000
vt 0.837975 0.406770
vt 0.823816 0.408597
vt 0.823265 0.393771
vt 0.835170 0.392663
vt 0.822373 0.381006
vt 0.833371 0.380123
vt 0.821418 0.368975
vt 0.832081 0.368249
vt 0.820514 0.357177
vt 0.831118 0.356607
vt 0.819729 0.345386
vt 0.830408 0.344983
vt 0.819112 0.333492
vt 0.829921 0.333271
vt 0.818720 0.321451
vt 0.829634 0.321430
vt 0.818661 0.309296
vt 0.829500 0.309505
vt 0.818765 0.297163
vt 0.829659 0.297574
vt 0.819197 0.285141
vt 0.829964 0.285755
vt 0.819850 0.273283
vt 0.830469 0.274076
vt 0.820661 0.261544
vt 0.831186 0.262494
vt 0.821570 0.249811
vt 0.832136 0.250906
vt 0.822494 0.237861
vt 0.833377 0.239093
vt 0.823269 0.225232
vt 0.835054 0.226574
vt 0.823516 0.210941
vt 0.837616 0.212108
vt 0.818162 0.006255
vt 0.832321 0.004428
vt 0.832872 0.019254
vt 0.820966 0.020363
vt 0.833763 0.032019
vt 0.822766 0.032903
vt 0.834718 0.044051
vt 0.824055 0.044777
vt 0.835622 0.055849
vt 0.825018 0.056419
vt 0.836407 0.067640
vt 0.825728 0.068042
vt 0.837024 0.079533
vt 0.826216 0.079754
vt 0.837417 0.091575
vt 0.826502 0.091595
vt 0.837475 0.103729
vt 0.826637 0.103520
vt 0.837371 0.115863
vt 0.826478 0.115452
vt 0.836939 0.127885
vt 0.826172 0.127270
vt 0.836286 0.139742
vt 0.825668 0.138950
vt 0.835476 0.151482
vt 0.824951 0.150531
vt 0.834566 0.163215
vt 0.824001 0.162119
vt 0.833642 0.175165
vt 0.822760 0.173932
vt 0.535451 0.816487
vt 0.531691 0.826198
vt 0.520018 0.821226
vt 0.523436 0.812510
vt 0.832867 0.187793
vt 0.821083 0.186451
vt 0.832621 0.202085
vt 0.818520 0.200917
vt 0.868794 0.680876
vt 0.868794 0.671461
vt 0.899099 0.671461
vt 0.899099 0.680876
vt 0.802540 0.404925
vt 0.803386 0.393576
vt 0.802886 0.382165
vt 0.801819 0.370672
vt 0.800547 0.358993
vt 0.799251 0.347064
vt 0.798034 0.334839
vt 0.796963 0.322261
vt 0.796117 0.309245
vt 0.797047 0.296241
vt 0.798199 0.283695
vt 0.799495 0.271524
vt 0.800863 0.259678
vt 0.802190 0.248115
vt 0.803278 0.236780
vt 0.803753 0.225581
vt 0.802893 0.214576
vt 0.853597 0.008100
vt 0.852750 0.019450
vt 0.853251 0.030861
vt 0.854317 0.042353
vt 0.855590 0.054033
vt 0.856885 0.065962
vt 0.858103 0.078187
vt 0.859173 0.090764
vt 0.860020 0.103781
vt 0.859089 0.116785
vt 0.857938 0.129330
vt 0.856641 0.141501
vt 0.855273 0.153347
vt 0.853946 0.164910
vt 0.852858 0.176246
vt 0.852383 0.187445
vt 0.853244 0.198449
vt 0.869015 0.885895
vt 0.869041 0.877414
vt 0.889218 0.877635
vt 0.889082 0.886135
vt 0.571210 0.844711
vt 0.565874 0.835618
vt 0.577157 0.829667
vt 0.582145 0.837775
vt 0.565874 0.716336
vt 0.571210 0.707243
vt 0.582145 0.714179
vt 0.577157 0.722287
vt 0.538381 0.806543
vt 0.526096 0.803582
vt 0.577248 0.853514
vt 0.588166 0.845676
vt 0.561308 0.725756
vt 0.572981 0.730728
vt 0.540464 0.796431
vt 0.527998 0.794496
vt 0.557548 0.735467
vt 0.569563 0.739444
vt 0.541694 0.786218
vt 0.529153 0.785290
vt 0.554618 0.745411
vt 0.566902 0.748372
vt 0.542071 0.775977
vt 0.529626 0.775977
vt 0.552535 0.755523
vt 0.565001 0.757458
vt 0.541694 0.765737
vt 0.529153 0.766664
vt 0.551305 0.765737
vt 0.563846 0.766664
vt 0.540464 0.755524
vt 0.527998 0.757458
vt 0.550927 0.775977
vt 0.563372 0.775977
vt 0.538381 0.745411
vt 0.526096 0.748372
vt 0.551305 0.786217
vt 0.563846 0.785290
vt 0.535451 0.735467
vt 0.523436 0.739444
vt 0.552535 0.796431
vt 0.565001 0.794496
vt 0.531691 0.725756
vt 0.520018 0.730728
vt 0.554618 0.806543
vt 0.566902 0.803582
vt 0.527125 0.716336
vt 0.515842 0.722287
vt 0.521789 0.844712
vt 0.515751 0.853514
vt 0.504833 0.845676
vt 0.510854 0.837775
vt 0.557548 0.816487
vt 0.569563 0.812510
vt 0.521789 0.707243
vt 0.510854 0.714179
vt 0.527125 0.835618
vt 0.515842 0.829668
vt 0.561308 0.826198
vt 0.572981 0.821226
vt 0.515751 0.698440
vt 0.504833 0.706278
vt 0.577248 0.698440
vt 0.588166 0.706278
vt 0.499703 0.840719
vt 0.505143 0.833878
vt 0.509720 0.826399
vt 0.513596 0.818522
vt 0.516780 0.810359
vt 0.519261 0.801983
vt 0.521022 0.793447
vt 0.522046 0.784784
vt 0.522316 0.775977
vt 0.522046 0.767170
vt 0.521022 0.758507
vt 0.519261 0.749971
vt 0.516780 0.741595
vt 0.513596 0.733432
vt 0.509720 0.725556
vt 0.505143 0.718077
vt 0.499703 0.711235
vt 0.593296 0.711235
vt 0.587855 0.718077
vt 0.583279 0.725555
vt 0.579403 0.733432
vt 0.576218 0.741595
vt 0.573738 0.749971
vt 0.571977 0.758507
vt 0.570952 0.767170
vt 0.570682 0.775977
vt 0.570952 0.784784
vt 0.571977 0.793447
vt 0.573738 0.801983
vt 0.576218 0.810359
vt 0.579403 0.818522
vt 0.583279 0.826398
vt 0.587855 0.833877
vt 0.593296 0.840719
vt 0.892160 0.911505
vt 0.892311 0.903101
vt 0.895829 0.903199
vt 0.895640 0.911577
vt 0.933666 0.792969
vt 0.933604 0.801386
vt 0.913740 0.801127
vt 0.913854 0.792721
vt 0.933544 0.902908
vt 0.933630 0.911229
vt 0.914032 0.911519
vt 0.913876 0.903185
vt 0.868980 0.894356
vt 0.888938 0.894610
vt 0.933744 0.784519
vt 0.913981 0.784338
vt 0.933482 0.894559
vt 0.913698 0.894802
vt 0.868934 0.902797
vt 0.888798 0.903056
vt 0.868908 0.792954
vt 0.868794 0.784650
vt 0.888337 0.784355
vt 0.888506 0.792664
vt 0.933441 0.886181
vt 0.913524 0.886381
vt 0.868871 0.911215
vt 0.888683 0.911462
vt 0.868994 0.801275
vt 0.888662 0.800998
vt 0.933420 0.877771
vt 0.913364 0.877924
vt 0.868794 0.919665
vt 0.888557 0.919846
vt 0.869056 0.809624
vt 0.888839 0.809381
vt 0.933419 0.869329
vt 0.913230 0.869427
vt 0.869097 0.818003
vt 0.889014 0.817803
vt 0.933433 0.860849
vt 0.913139 0.860881
vt 0.869117 0.826412
vt 0.889173 0.826260
vt 0.933451 0.852327
vt 0.913133 0.852264
vt 0.869119 0.834854
vt 0.889308 0.834756
vt 0.933464 0.843791
vt 0.913125 0.843638
vt 0.869105 0.843335
vt 0.889399 0.843302
vt 0.933478 0.835270
vt 0.913202 0.835074
vt 0.869087 0.851856
vt 0.889405 0.851920
vt 0.933497 0.826770
vt 0.913320 0.826548
vt 0.869074 0.860392
vt 0.889413 0.860546
vt 0.933523 0.818289
vt 0.913456 0.818049
vt 0.869060 0.868913
vt 0.889335 0.869109
vt 0.933558 0.809827
vt 0.913600 0.809574
vt 0.933744 0.919534
vt 0.914201 0.919828
vt 0.892147 0.800936
vt 0.891952 0.792604
vt 0.895402 0.792513
vt 0.895638 0.800821
vt 0.909789 0.877971
vt 0.909978 0.886435
vt 0.906421 0.886553
vt 0.906201 0.878081
vt 0.892043 0.919994
vt 0.895551 0.919931
vt 0.892356 0.809322
vt 0.895882 0.809201
vt 0.909623 0.869466
vt 0.905999 0.869562
vt 0.892560 0.817749
vt 0.896117 0.817631
vt 0.909492 0.860904
vt 0.905823 0.860975
vt 0.892749 0.826212
vt 0.896337 0.826102
vt 0.909429 0.852267
vt 0.905697 0.852271
vt 0.892915 0.834717
vt 0.896539 0.834621
vt 0.909473 0.843622
vt 0.905800 0.843560
vt 0.893046 0.843280
vt 0.896715 0.843208
vt 0.909585 0.835043
vt 0.905952 0.834956
vt 0.893109 0.851916
vt 0.896841 0.851912
vt 0.909730 0.826510
vt 0.906127 0.826411
vt 0.893065 0.860561
vt 0.896738 0.860623
vt 0.909891 0.818007
vt 0.906315 0.817903
vt 0.892953 0.869141
vt 0.896585 0.869227
vt 0.910059 0.809529
vt 0.906510 0.809425
vt 0.892808 0.877673
vt 0.896410 0.877772
vt 0.910227 0.801082
vt 0.906708 0.800985
vt 0.910586 0.911580
vt 0.910747 0.919994
vt 0.907269 0.919951
vt 0.907135 0.911671
vt 0.892647 0.886176
vt 0.896223 0.886280
vt 0.910378 0.792679
vt 0.906898 0.792607
vt 0.910390 0.903247
vt 0.906899 0.903363
vt 0.892478 0.894654
vt 0.896028 0.894758
vt 0.910495 0.784190
vt 0.906987 0.784252
vt 0.910182 0.894862
vt 0.906656 0.894982
vt 0.891791 0.784190
vt 0.895269 0.784233
vt 0.675207 0.908594
vt 0.675207 0.902471
vt 0.687178 0.901230
vt 0.687178 0.909752
vt 0.674034 0.896471
vt 0.685544 0.892878
vt 0.671731 0.890823
vt 0.682340 0.885016
vt 0.668389 0.885744
vt 0.677687 0.877946
vt 0.664135 0.881429
vt 0.671766 0.871941
vt 0.659132 0.878045
vt 0.664803 0.867231
vt 0.653574 0.875722
vt 0.657066 0.863997
vt 0.647673 0.874548
vt 0.648852 0.862363
vt 0.641657 0.874569
vt 0.640478 0.862392
vt 0.635756 0.875784
vt 0.632264 0.864083
vt 0.630198 0.878146
vt 0.624528 0.867371
vt 0.625195 0.881565
vt 0.617564 0.872129
vt 0.620941 0.885909
vt 0.611643 0.878176
vt 0.617599 0.891011
vt 0.606991 0.885277
vt 0.615296 0.896675
vt 0.603786 0.893162
vt 0.614123 0.902683
vt 0.602152 0.901525
vt 0.614123 0.908806
vt 0.602152 0.910047
vt 0.615296 0.914806
vt 0.603786 0.918399
vt 0.617599 0.920454
vt 0.606991 0.926261
vt 0.620941 0.925533
vt 0.611643 0.933331
vt 0.625195 0.929848
vt 0.617565 0.939336
vt 0.630198 0.933232
vt 0.624528 0.944046
vt 0.635756 0.935555
vt 0.632264 0.947280
vt 0.641657 0.936729
vt 0.640478 0.948914
vt 0.647673 0.936708
vt 0.648852 0.948885
vt 0.653574 0.935493
vt 0.657066 0.947194
vt 0.659132 0.933131
vt 0.664803 0.943906
vt 0.664135 0.929712
vt 0.671766 0.939148
vt 0.668389 0.925369
vt 0.677687 0.933101
vt 0.671731 0.920266
vt 0.682340 0.926000
vt 0.674034 0.914602
vt 0.685544 0.918116
vt 0.856853 0.387368
vt 0.860020 0.397370
vt 0.855037 0.376925
vt 0.854017 0.366275
vt 0.853493 0.355411
vt 0.853313 0.344324
vt 0.853404 0.332997
vt 0.853728 0.321412
vt 0.854252 0.309527
vt 0.853742 0.297642
vt 0.853431 0.286067
vt 0.853356 0.274758
vt 0.853551 0.263687
vt 0.854083 0.252831
vt 0.855090 0.242169
vt 0.856865 0.231674
vt 0.860020 0.221515
vt 0.799283 0.025658
vt 0.796117 0.015655
vt 0.801100 0.036101
vt 0.802119 0.046751
vt 0.802644 0.057614
vt 0.802824 0.068702
vt 0.802733 0.080028
vt 0.802408 0.091614
vt 0.801884 0.103499
vt 0.802395 0.115383
vt 0.802705 0.126958
vt 0.802780 0.138267
vt 0.802585 0.149338
vt 0.802053 0.160194
vt 0.801047 0.170857
vt 0.799271 0.181351
vt 0.796117 0.191510
vt 0.908033 0.454222
vt 0.908033 0.450890
vt 0.928903 0.450890
vt 0.928903 0.454222
vt 0.766824 0.774129
vt 0.766824 0.783507
vt 0.736519 0.783507
vt 0.736519 0.774129
vt 0.868794 0.662017
vt 0.899099 0.662017
vt 0.766824 0.792898
vt 0.736519 0.792898
vt 0.868794 0.652539
vt 0.899099 0.652539
vt 0.766824 0.802313
vt 0.736518 0.802313
vt 0.868794 0.643031
vt 0.899099 0.643031
vt 0.868794 0.775334
vt 0.868794 0.765790
vt 0.899099 0.765790
vt 0.899099 0.775334
vt 0.766824 0.811757
vt 0.736519 0.811757
vt 0.868794 0.633500
vt 0.899099 0.633500
vt 0.868794 0.756259
vt 0.899099 0.756259
vt 0.766824 0.821235
vt 0.736519 0.821235
vt 0.868794 0.623957
vt 0.899099 0.623957
vt 0.868794 0.746751
vt 0.899099 0.746751
vt 0.766824 0.830743
vt 0.736519 0.830743
vt 0.766824 0.698440
vt 0.766824 0.707984
vt 0.736519 0.707984
vt 0.736519 0.698440
vt 0.868794 0.737274
vt 0.899099 0.737274
vt 0.766824 0.840274
vt 0.736519 0.840274
vt 0.766824 0.717515
vt 0.736519 0.717515
vt 0.868794 0.727829
vt 0.899099 0.727829
vt 0.766824 0.849817
vt 0.736518 0.849817
vt 0.766824 0.727022
vt 0.736519 0.727022
vt 0.868794 0.718415
vt 0.899099 0.718415
vt 0.766824 0.736500
vt 0.736519 0.736500
vt 0.868794 0.709024
vt 0.899099 0.709024
vt 0.766824 0.745945
vt 0.736519 0.745945
vt 0.868794 0.699645
vt 0.899099 0.699645
vt 0.766824 0.755359
vt 0.736519 0.755360
vt 0.868794 0.690267
vt 0.899099 0.690267
vt 0.766824 0.764751
vt 0.736519 0.764750
vt 0.841445 0.894886
vt 0.844808 0.895211
vt 0.844807 0.926112
vt 0.835308 0.925193
vt 0.838212 0.893922
vt 0.826174 0.922471
vt 0.835232 0.892357
vt 0.817756 0.918051
vt 0.832621 0.890252
vt 0.810378 0.912102
vt 0.830477 0.887686
vt 0.804323 0.904854
vt 0.828885 0.884759
vt 0.799823 0.896584
vt 0.827904 0.881583
vt 0.797052 0.887611
vt 0.827573 0.878279
vt 0.796117 0.878279
vt 0.827904 0.874976
vt 0.797052 0.868948
vt 0.828885 0.871800
vt 0.799823 0.859975
vt 0.830477 0.868873
vt 0.804323 0.851705
vt 0.832621 0.866307
vt 0.810378 0.844457
vt 0.835232 0.864201
vt 0.817756 0.838508
vt 0.838212 0.862637
vt 0.826174 0.834088
vt 0.841445 0.861673
vt 0.835308 0.831366
vt 0.844808 0.861347
vt 0.844807 0.830446
vt 0.872238 0.199485
vt 0.868876 0.199159
vt 0.868877 0.168258
vt 0.878376 0.169177
vt 0.875471 0.200448
vt 0.887510 0.171900
vt 0.878451 0.202013
vt 0.895928 0.176320
vt 0.881063 0.204119
vt 0.903306 0.182269
vt 0.883206 0.206685
vt 0.909361 0.189517
vt 0.884799 0.209612
vt 0.913860 0.197787
vt 0.885780 0.212788
vt 0.916631 0.206760
vt 0.886111 0.216091
vt 0.917567 0.216091
vt 0.885780 0.219394
vt 0.916631 0.225423
vt 0.884799 0.222571
vt 0.913860 0.234396
vt 0.883206 0.225498
vt 0.909361 0.242665
vt 0.881063 0.228064
vt 0.903306 0.249914
vt 0.878451 0.230169
vt 0.895928 0.255862
vt 0.875471 0.231734
vt 0.887510 0.260283
vt 0.872238 0.232698
vt 0.878376 0.263005
vt 0.868876 0.233023
vt 0.868877 0.263924
vt 0.902499 0.944374
vt 0.902499 0.947752
vt 0.901852 0.951063
vt 0.900581 0.954180
vt 0.898737 0.956982
vt 0.896390 0.959363
vt 0.893630 0.961230
vt 0.890563 0.962513
vt 0.887307 0.963161
vt 0.883987 0.963149
vt 0.880731 0.962479
vt 0.877664 0.961176
vt 0.874904 0.959289
vt 0.872556 0.956892
vt 0.870712 0.954077
vt 0.869442 0.950952
vt 0.868794 0.947636
vt 0.868794 0.944258
vt 0.869441 0.940947
vt 0.870712 0.937831
vt 0.872556 0.935028
vt 0.874903 0.932647
vt 0.877663 0.930780
vt 0.880730 0.929498
vt 0.883986 0.928850
vt 0.887306 0.928862
vt 0.890562 0.929532
vt 0.893629 0.930835
vt 0.896389 0.932721
vt 0.898737 0.935118
vt 0.900581 0.937933
vt 0.901852 0.941059
vt 0.696034 0.905829
vt 0.696035 0.902474
vt 0.716905 0.902474
vt 0.716905 0.905829
vt 0.908033 0.447565
vt 0.928903 0.447565
vt 0.696034 0.899131
vt 0.716905 0.899131
vt 0.908033 0.444246
vt 0.928903 0.444246
vt 0.696034 0.895798
vt 0.716905 0.895798
vt 0.908033 0.440926
vt 0.928903 0.440926
vt 0.696035 0.892474
vt 0.716905 0.892474
vt 0.908033 0.437602
vt 0.928903 0.437602
vt 0.696034 0.889155
vt 0.716905 0.889154
vt 0.908033 0.434269
vt 0.928903 0.434269
vt 0.696034 0.885835
vt 0.716905 0.885835
vt 0.908033 0.430926
vt 0.928903 0.430926
vt 0.696034 0.882511
vt 0.716905 0.882511
vt 0.908033 0.427571
vt 0.928903 0.427571
vt 0.696034 0.879178
vt 0.716905 0.879178
vt 0.908033 0.424206
vt 0.928903 0.424205
vt 0.908033 0.471038
vt 0.908033 0.467659
vt 0.928903 0.467659
vt 0.928903 0.471038
vt 0.696034 0.875835
vt 0.716905 0.875835
vt 0.908033 0.420832
vt 0.928903 0.420832
vt 0.908033 0.464286
vt 0.928903 0.464286
vt 0.696034 0.872480
vt 0.716905 0.872480
vt 0.908033 0.417454
vt 0.928903 0.417454
vt 0.908033 0.460920
vt 0.928903 0.460920
vt 0.696034 0.869114
vt 0.716905 0.869114
vt 0.696034 0.915947
vt 0.696035 0.912568
vt 0.716905 0.912568
vt 0.716905 0.915947
vt 0.908033 0.457565
vt 0.928903 0.457565
vt 0.696034 0.865741
vt 0.716905 0.865741
vt 0.696035 0.909195
vt 0.716905 0.909195
vt 0.696034 0.862362
vt 0.716905 0.862362
vt 0.837782 0.819816
vt 0.835018 0.805682
vt 0.823112 0.806786
vt 0.823622 0.821590
vt 0.833406 0.793034
vt 0.822412 0.794097
vt 0.832088 0.781242
vt 0.821431 0.781994
vt 0.831127 0.769614
vt 0.820527 0.770188
vt 0.830418 0.757993
vt 0.819742 0.758398
vt 0.829928 0.746281
vt 0.819121 0.746507
vt 0.829636 0.734441
vt 0.818723 0.734468
vt 0.829494 0.722515
vt 0.818656 0.722315
vt 0.829644 0.710584
vt 0.818751 0.710182
vt 0.829940 0.698765
vt 0.819173 0.698160
vt 0.830435 0.687085
vt 0.819816 0.686302
vt 0.831141 0.675503
vt 0.820616 0.674562
vt 0.832081 0.663914
vt 0.821514 0.662828
vt 0.833311 0.652100
vt 0.822427 0.650877
vt 0.834976 0.639579
vt 0.823191 0.638248
vt 0.837525 0.625111
vt 0.823424 0.623957
vt 0.818161 0.419280
vt 0.820965 0.433388
vt 0.832870 0.432279
vt 0.832319 0.417454
vt 0.822765 0.445927
vt 0.833761 0.445043
vt 0.824054 0.457800
vt 0.834716 0.457074
vt 0.825017 0.469442
vt 0.835620 0.468872
vt 0.825727 0.481065
vt 0.836405 0.480662
vt 0.826214 0.492776
vt 0.837022 0.492555
vt 0.826501 0.504616
vt 0.837415 0.504596
vt 0.826635 0.516541
vt 0.837473 0.516750
vt 0.826476 0.528472
vt 0.837369 0.528883
vt 0.826171 0.540290
vt 0.836937 0.540904
vt 0.825666 0.551969
vt 0.836284 0.552761
vt 0.824950 0.563550
vt 0.835474 0.564500
vt 0.823999 0.575137
vt 0.834564 0.576232
vt 0.822759 0.586949
vt 0.833640 0.588182
vt 0.637898 0.816481
vt 0.625884 0.812505
vt 0.622467 0.821220
vt 0.634138 0.826192
vt 0.821082 0.599468
vt 0.832865 0.600810
vt 0.818519 0.613933
vt 0.832619 0.615101
vt 0.868873 0.474370
vt 0.899176 0.474370
vt 0.899176 0.464956
vt 0.868873 0.464956
vt 0.802424 0.817819
vt 0.803327 0.806507
vt 0.802889 0.795147
vt 0.801854 0.783664
vt 0.800583 0.772000
vt 0.799281 0.760083
vt 0.798055 0.747865
vt 0.796974 0.735294
vt 0.796117 0.722281
vt 0.797035 0.709278
vt 0.798175 0.696733
vt 0.799460 0.684562
vt 0.800817 0.672715
vt 0.802134 0.661151
vt 0.803210 0.649815
vt 0.803675 0.638615
vt 0.802804 0.627611
vt 0.853594 0.421126
vt 0.852747 0.432474
vt 0.853248 0.443885
vt 0.854315 0.455377
vt 0.855587 0.467056
vt 0.856882 0.478984
vt 0.858100 0.491209
vt 0.859170 0.503785
vt 0.860016 0.516802
vt 0.859086 0.529805
vt 0.857935 0.542350
vt 0.856638 0.554520
vt 0.855270 0.566366
vt 0.853943 0.577928
vt 0.852856 0.589263
vt 0.852380 0.600461
vt 0.853241 0.611465
vt 0.869149 0.374530
vt 0.889177 0.374783
vt 0.889341 0.366283
vt 0.869188 0.366082
vt 0.682696 0.844704
vt 0.693631 0.837769
vt 0.688643 0.829661
vt 0.677361 0.835612
vt 0.677361 0.716335
vt 0.688643 0.722286
vt 0.693631 0.714178
vt 0.682696 0.707242
vt 0.640828 0.806538
vt 0.628545 0.803577
vt 0.688734 0.853506
vt 0.699652 0.845669
vt 0.672795 0.725754
vt 0.684467 0.730727
vt 0.642911 0.796426
vt 0.630446 0.794492
vt 0.669035 0.735465
vt 0.681050 0.739442
vt 0.644141 0.786213
vt 0.631601 0.785286
vt 0.666105 0.745409
vt 0.678389 0.748369
vt 0.644519 0.775973
vt 0.632074 0.775973
vt 0.664022 0.755521
vt 0.676487 0.757455
vt 0.644141 0.765733
vt 0.631601 0.766660
vt 0.662792 0.765733
vt 0.675332 0.766660
vt 0.642911 0.755521
vt 0.630446 0.757455
vt 0.662415 0.775973
vt 0.674859 0.775973
vt 0.640828 0.745409
vt 0.628545 0.748370
vt 0.662792 0.786213
vt 0.675332 0.785286
vt 0.637898 0.735465
vt 0.625884 0.739442
vt 0.664022 0.796426
vt 0.676487 0.794492
vt 0.634138 0.725754
vt 0.622467 0.730727
vt 0.666105 0.806538
vt 0.678389 0.803577
vt 0.629573 0.716335
vt 0.618290 0.722286
vt 0.624237 0.844704
vt 0.613303 0.837769
vt 0.607282 0.845669
vt 0.618200 0.853506
vt 0.669035 0.816481
vt 0.681050 0.812505
vt 0.624237 0.707242
vt 0.613303 0.714178
vt 0.629573 0.835612
vt 0.618290 0.829661
vt 0.672795 0.826192
vt 0.684467 0.821220
vt 0.618200 0.698440
vt 0.607282 0.706278
vt 0.699652 0.706278
vt 0.688734 0.698440
vt 0.602152 0.840712
vt 0.607592 0.833871
vt 0.612169 0.826392
vt 0.616044 0.818516
vt 0.619229 0.810354
vt 0.621710 0.801978
vt 0.623470 0.793442
vt 0.624494 0.784780
vt 0.624765 0.775973
vt 0.624494 0.767167
vt 0.623470 0.758505
vt 0.621710 0.749969
vt 0.619229 0.741593
vt 0.616044 0.733431
vt 0.612169 0.725554
vt 0.607592 0.718076
vt 0.602152 0.711235
vt 0.704781 0.711235
vt 0.699341 0.718076
vt 0.694764 0.725554
vt 0.690889 0.733431
vt 0.687705 0.741593
vt 0.685224 0.749969
vt 0.683463 0.758504
vt 0.682439 0.767167
vt 0.682169 0.775973
vt 0.682439 0.784780
vt 0.683463 0.793442
vt 0.685224 0.801978
vt 0.687705 0.810354
vt 0.690889 0.818516
vt 0.694764 0.826392
vt 0.699341 0.833871
vt 0.704781 0.840712
vt 0.892210 0.400124
vt 0.895683 0.400202
vt 0.895887 0.391840
vt 0.892375 0.391736
vt 0.933817 0.281559
vt 0.914006 0.281312
vt 0.913891 0.289717
vt 0.933755 0.289976
vt 0.933695 0.391493
vt 0.914027 0.391771
vt 0.914184 0.400104
vt 0.933781 0.399814
vt 0.869102 0.382973
vt 0.889021 0.383252
vt 0.933895 0.273109
vt 0.914133 0.272928
vt 0.933633 0.383145
vt 0.913850 0.383387
vt 0.869043 0.391396
vt 0.888868 0.391686
vt 0.868996 0.281569
vt 0.888611 0.281265
vt 0.888437 0.272948
vt 0.868876 0.273257
vt 0.933592 0.374766
vt 0.913676 0.374966
vt 0.868967 0.399797
vt 0.888740 0.400076
vt 0.869088 0.289897
vt 0.888774 0.289606
vt 0.933571 0.366357
vt 0.913516 0.366510
vt 0.868876 0.408231
vt 0.888600 0.408444
vt 0.869156 0.298254
vt 0.888957 0.297998
vt 0.933570 0.357916
vt 0.913382 0.358014
vt 0.869202 0.306641
vt 0.889138 0.306427
vt 0.933584 0.349436
vt 0.913291 0.349468
vt 0.869229 0.315058
vt 0.889303 0.314892
vt 0.933602 0.340915
vt 0.913285 0.340851
vt 0.869236 0.323508
vt 0.889444 0.323395
vt 0.933615 0.332379
vt 0.913277 0.332226
vt 0.869229 0.331996
vt 0.889541 0.331949
vt 0.933629 0.323859
vt 0.913354 0.323663
vt 0.869217 0.340526
vt 0.889552 0.340572
vt 0.933648 0.315359
vt 0.913472 0.315137
vt 0.869212 0.349070
vt 0.889564 0.349201
vt 0.933674 0.306878
vt 0.913608 0.306638
vt 0.869210 0.357599
vt 0.889484 0.357760
vt 0.933709 0.298417
vt 0.913751 0.298164
vt 0.914353 0.408412
vt 0.933895 0.408118
vt 0.892262 0.289542
vt 0.895757 0.289424
vt 0.895515 0.281109
vt 0.892061 0.281202
vt 0.909941 0.366557
vt 0.906353 0.366667
vt 0.906573 0.375139
vt 0.910130 0.375020
vt 0.892079 0.408597
vt 0.895581 0.408541
vt 0.892477 0.297936
vt 0.896006 0.297812
vt 0.909775 0.358053
vt 0.906151 0.358149
vt 0.892687 0.306370
vt 0.896247 0.306250
vt 0.909644 0.349491
vt 0.905976 0.349562
vt 0.892882 0.314842
vt 0.896474 0.314729
vt 0.909581 0.340854
vt 0.905849 0.340859
vt 0.893054 0.323354
vt 0.896681 0.323255
vt 0.909625 0.332210
vt 0.905952 0.332148
vt 0.893191 0.331924
vt 0.896862 0.331850
vt 0.909737 0.323631
vt 0.906105 0.323545
vt 0.893258 0.340567
vt 0.896993 0.340562
vt 0.909882 0.315099
vt 0.906280 0.315000
vt 0.893216 0.349217
vt 0.896892 0.349280
vt 0.910043 0.306596
vt 0.906467 0.306492
vt 0.893099 0.357797
vt 0.896733 0.357890
vt 0.910211 0.298119
vt 0.906662 0.298015
vt 0.892931 0.366331
vt 0.896534 0.366441
vt 0.910379 0.289672
vt 0.906861 0.289575
vt 0.910738 0.400165
vt 0.907288 0.400255
vt 0.907421 0.408535
vt 0.910899 0.408578
vt 0.892743 0.374834
vt 0.896316 0.374948
vt 0.910530 0.281269
vt 0.907051 0.281197
vt 0.910543 0.391832
vt 0.907052 0.391948
vt 0.892557 0.383303
vt 0.896101 0.383414
vt 0.910647 0.272781
vt 0.907139 0.272843
vt 0.910334 0.383447
vt 0.906808 0.383568
vt 0.895375 0.272821
vt 0.891894 0.272781
vt 0.511673 0.908599
vt 0.499703 0.909757
vt 0.501336 0.918120
vt 0.512846 0.914607
vt 0.504541 0.926004
vt 0.515149 0.920271
vt 0.509193 0.933106
vt 0.518491 0.925373
vt 0.515114 0.939152
vt 0.522745 0.929717
vt 0.522077 0.943910
vt 0.527747 0.933135
vt 0.529814 0.947198
vt 0.533305 0.935497
vt 0.538027 0.948889
vt 0.539206 0.936712
vt 0.546400 0.948918
vt 0.545222 0.936733
vt 0.554614 0.947284
vt 0.551122 0.935559
vt 0.562350 0.944050
vt 0.556680 0.933236
vt 0.569313 0.939340
vt 0.561682 0.929852
vt 0.575234 0.933335
vt 0.565936 0.925538
vt 0.579886 0.926266
vt 0.569278 0.920459
vt 0.583091 0.918404
vt 0.571581 0.914811
vt 0.584724 0.910052
vt 0.572754 0.908811
vt 0.584724 0.901531
vt 0.572754 0.902689
vt 0.583091 0.893167
vt 0.571581 0.896681
vt 0.579886 0.885284
vt 0.569278 0.891017
vt 0.575234 0.878182
vt 0.565936 0.885915
vt 0.569313 0.872136
vt 0.561682 0.881571
vt 0.562350 0.867378
vt 0.556680 0.878153
vt 0.554613 0.864090
vt 0.551122 0.875791
vt 0.546400 0.862399
vt 0.545221 0.874576
vt 0.538026 0.862370
vt 0.539205 0.874555
vt 0.529813 0.864004
vt 0.533305 0.875729
vt 0.522077 0.867238
vt 0.527747 0.878052
vt 0.515114 0.871948
vt 0.522745 0.881436
vt 0.509193 0.877953
vt 0.518491 0.885750
vt 0.504541 0.885022
vt 0.515148 0.890829
vt 0.501336 0.892884
vt 0.512846 0.896477
vt 0.499703 0.901236
vt 0.511673 0.902477
vt 0.856813 0.800455
vt 0.859938 0.810502
vt 0.855041 0.789957
vt 0.854048 0.779296
vt 0.853524 0.768422
vt 0.853338 0.757326
vt 0.853422 0.745995
vt 0.853737 0.734406
vt 0.854251 0.722518
vt 0.853730 0.710632
vt 0.853409 0.699057
vt 0.853324 0.687747
vt 0.853509 0.676676
vt 0.854030 0.665819
vt 0.855027 0.655156
vt 0.856793 0.644659
vt 0.859938 0.634497
vt 0.799283 0.438682
vt 0.796117 0.428680
vt 0.801100 0.449125
vt 0.802119 0.459774
vt 0.802643 0.470637
vt 0.802823 0.481724
vt 0.802732 0.493050
vt 0.802408 0.504635
vt 0.801884 0.516519
vt 0.802395 0.528404
vt 0.802705 0.539978
vt 0.802780 0.551286
vt 0.802585 0.562357
vt 0.802053 0.573212
vt 0.801047 0.583874
vt 0.799271 0.594368
vt 0.796117 0.604527
vt 0.928902 0.559146
vt 0.908033 0.559146
vt 0.908033 0.562479
vt 0.928902 0.562479
vt 0.899179 0.080113
vt 0.868876 0.080113
vt 0.868876 0.089491
vt 0.899179 0.089491
vt 0.899176 0.455512
vt 0.868873 0.455512
vt 0.868876 0.098881
vt 0.899179 0.098881
vt 0.899176 0.446034
vt 0.868873 0.446034
vt 0.868876 0.108295
vt 0.899179 0.108295
vt 0.899176 0.436527
vt 0.868873 0.436527
vt 0.868873 0.568823
vt 0.899176 0.568823
vt 0.899176 0.559280
vt 0.868873 0.559280
vt 0.868876 0.117740
vt 0.899179 0.117740
vt 0.899176 0.426997
vt 0.868873 0.426997
vt 0.899176 0.549750
vt 0.868873 0.549750
vt 0.868876 0.127217
vt 0.899179 0.127217
vt 0.899176 0.417453
vt 0.868873 0.417454
vt 0.899176 0.540242
vt 0.868873 0.540242
vt 0.868876 0.136724
vt 0.899179 0.136724
vt 0.899179 0.004428
vt 0.868876 0.004428
vt 0.868876 0.013971
vt 0.899179 0.013971
vt 0.899176 0.530765
vt 0.868873 0.530765
vt 0.868876 0.146255
vt 0.899179 0.146255
vt 0.868876 0.023502
vt 0.899179 0.023502
vt 0.899176 0.521321
vt 0.868873 0.521321
vt 0.868876 0.155798
vt 0.899179 0.155798
vt 0.868876 0.033009
vt 0.899179 0.033009
vt 0.899176 0.511907
vt 0.868873 0.511907
vt 0.868876 0.042486
vt 0.899179 0.042486
vt 0.899176 0.502516
vt 0.868873 0.502516
vt 0.868876 0.051930
vt 0.899179 0.051930
vt 0.899176 0.493138
vt 0.868873 0.493138
vt 0.868876 0.061344
vt 0.899179 0.061344
vt 0.899176 0.483760
vt 0.868873 0.483760
vt 0.868876 0.070735
vt 0.899179 0.070735
vt 0.953282 0.688393
vt 0.947144 0.718699
vt 0.956643 0.719618
vt 0.956644 0.688719
vt 0.950049 0.687430
vt 0.938011 0.715977
vt 0.947069 0.685865
vt 0.929594 0.711557
vt 0.944457 0.683760
vt 0.922216 0.705608
vt 0.942314 0.681194
vt 0.916161 0.698360
vt 0.940722 0.678267
vt 0.911662 0.690091
vt 0.939741 0.675091
vt 0.908891 0.681119
vt 0.939410 0.671788
vt 0.907955 0.671788
vt 0.939741 0.668485
vt 0.908891 0.662456
vt 0.940722 0.665308
vt 0.911662 0.653484
vt 0.942314 0.662381
vt 0.916161 0.645215
vt 0.944457 0.659816
vt 0.922216 0.637967
vt 0.947069 0.657710
vt 0.929594 0.632018
vt 0.950049 0.656146
vt 0.938011 0.627598
vt 0.953282 0.655182
vt 0.947144 0.624876
vt 0.956644 0.654857
vt 0.956643 0.623957
vt 0.739881 0.889899
vt 0.746018 0.859593
vt 0.736520 0.858674
vt 0.736518 0.889573
vt 0.743114 0.890862
vt 0.755152 0.862315
vt 0.746093 0.892427
vt 0.763569 0.866735
vt 0.748705 0.894533
vt 0.770947 0.872683
vt 0.750848 0.897098
vt 0.777002 0.879932
vt 0.752441 0.900025
vt 0.781501 0.888201
vt 0.753422 0.903201
vt 0.784272 0.897173
vt 0.753753 0.906504
vt 0.785207 0.906504
vt 0.753422 0.909807
vt 0.784272 0.915835
vt 0.752441 0.912983
vt 0.781501 0.924808
vt 0.750848 0.915911
vt 0.777002 0.933077
vt 0.748705 0.918476
vt 0.770947 0.940325
vt 0.746093 0.920582
vt 0.763569 0.946274
vt 0.743114 0.922146
vt 0.755152 0.950694
vt 0.739881 0.923110
vt 0.746018 0.953416
vt 0.736518 0.923435
vt 0.736520 0.954335
vt 0.945060 0.944374
vt 0.944412 0.941058
vt 0.943142 0.937933
vt 0.941298 0.935118
vt 0.938950 0.932721
vt 0.936190 0.930835
vt 0.933123 0.929532
vt 0.929868 0.928861
vt 0.926548 0.928850
vt 0.923292 0.929498
vt 0.920225 0.930780
vt 0.917465 0.932647
vt 0.915118 0.935027
vt 0.913274 0.937830
vt 0.912003 0.940946
vt 0.911356 0.944257
vt 0.911356 0.947635
vt 0.912003 0.950950
vt 0.913274 0.954076
vt 0.915118 0.956891
vt 0.917465 0.959287
vt 0.920226 0.961174
vt 0.923293 0.962477
vt 0.926548 0.963147
vt 0.929868 0.963159
vt 0.933124 0.962511
vt 0.936190 0.961229
vt 0.938950 0.959362
vt 0.941298 0.956981
vt 0.943142 0.954179
vt 0.944412 0.951063
vt 0.945060 0.947752
vt 0.928902 0.490011
vt 0.908033 0.490011
vt 0.908033 0.493366
vt 0.928902 0.493366
vt 0.908033 0.565803
vt 0.928902 0.565803
vt 0.908033 0.496709
vt 0.928902 0.496709
vt 0.908033 0.569122
vt 0.928902 0.569122
vt 0.908033 0.500041
vt 0.928902 0.500041
vt 0.908033 0.572442
vt 0.928902 0.572442
vt 0.908033 0.503365
vt 0.928902 0.503365
vt 0.908033 0.575766
vt 0.928902 0.575766
vt 0.908033 0.506685
vt 0.928902 0.506685
vt 0.908033 0.579098
vt 0.928902 0.579098
vt 0.908033 0.510004
vt 0.928902 0.510004
vt 0.908033 0.582441
vt 0.928902 0.582441
vt 0.908033 0.513328
vt 0.928902 0.513328
vt 0.908033 0.585796
vt 0.928902 0.585796
vt 0.908033 0.516661
vt 0.928902 0.516661
vt 0.908033 0.589162
vt 0.928902 0.589161
vt 0.928902 0.542332
vt 0.908033 0.542332
vt 0.908033 0.545710
vt 0.928902 0.545710
vt 0.908033 0.520004
vt 0.928902 0.520004
vt 0.908033 0.592535
vt 0.928902 0.592535
vt 0.908033 0.549083
vt 0.928902 0.549083
vt 0.908033 0.523358
vt 0.928902 0.523358
vt 0.908033 0.595913
vt 0.928902 0.595913
vt 0.908033 0.552449
vt 0.928902 0.552449
vt 0.908033 0.526724
vt 0.928902 0.526724
vt 0.928902 0.479894
vt 0.908033 0.479894
vt 0.908033 0.483272
vt 0.928902 0.483272
vt 0.908033 0.555803
vt 0.928902 0.555803
vt 0.908033 0.530097
vt 0.928902 0.530097
vt 0.908033 0.486646
vt 0.928902 0.486645
vt 0.908033 0.533475
vt 0.928902 0.533475
vt 0.918109 0.114493
vt 0.918109 0.063889
vt 0.919368 0.063889
vt 0.919368 0.114493
vt 0.920627 0.063889
vt 0.920627 0.114493
vt 0.921887 0.063889
vt 0.921887 0.114493
vt 0.923146 0.063889
vt 0.923146 0.114493
vt 0.924405 0.063889
vt 0.924405 0.114493
vt 0.925664 0.063889
vt 0.925664 0.114493
vt 0.926923 0.063889
vt 0.926923 0.114493
vt 0.928182 0.063889
vt 0.928182 0.114493
vt 0.908036 0.055033
vt 0.908036 0.004428
vt 0.909295 0.004428
vt 0.909295 0.055033
vt 0.910554 0.004428
vt 0.910554 0.055033
vt 0.911813 0.004428
vt 0.911813 0.055033
vt 0.913072 0.004428
vt 0.913072 0.055033
vt 0.914332 0.004428
vt 0.914331 0.055033
vt 0.915591 0.004428
vt 0.915591 0.055033
vt 0.916850 0.004428
vt 0.916850 0.055033
vt 0.918109 0.004428
vt 0.918109 0.055033
vt 0.919368 0.004428
vt 0.919368 0.055033
vt 0.920627 0.004428
vt 0.920627 0.055033
vt 0.921887 0.004428
vt 0.921887 0.055033
vt 0.923146 0.004428
vt 0.923146 0.055033
vt 0.924405 0.004428
vt 0.924405 0.055033
vt 0.925664 0.004428
vt 0.925664 0.055033
vt 0.926923 0.004428
vt 0.926923 0.055033
vt 0.928183 0.004428
vt 0.928183 0.055033
vt 0.908036 0.114493
vt 0.908036 0.063889
vt 0.909295 0.063889
vt 0.909295 0.114493
vt 0.910554 0.063889
vt 0.910554 0.114493
vt 0.911813 0.063889
vt 0.911813 0.114493
vt 0.913072 0.063889
vt 0.913072 0.114493
vt 0.914332 0.063889
vt 0.914332 0.114493
vt 0.915591 0.063889
vt 0.915591 0.114493
vt 0.723134 0.765217
vt 0.721900 0.765462
vt 0.720640 0.765462
vt 0.719405 0.765217
vt 0.718242 0.764735
vt 0.717195 0.764035
vt 0.716305 0.763145
vt 0.715605 0.762098
vt 0.715123 0.760935
vt 0.714878 0.759700
vt 0.714878 0.758440
vt 0.715123 0.757205
vt 0.715605 0.756042
vt 0.716305 0.754995
vt 0.717195 0.754105
vt 0.718242 0.753405
vt 0.719405 0.752923
vt 0.720640 0.752678
vt 0.721900 0.752678
vt 0.723135 0.752923
vt 0.724298 0.753405
vt 0.725345 0.754105
vt 0.726235 0.754995
vt 0.726935 0.756042
vt 0.727417 0.757205
vt 0.727662 0.758440
vt 0.727662 0.759700
vt 0.727417 0.760935
vt 0.726935 0.762098
vt 0.726235 0.763145
vt 0.725345 0.764035
vt 0.724298 0.764735
vt 0.916850 0.063889
vt 0.916850 0.114493
vt 0.468794 0.900989
vt 0.470162 0.900976
vt 0.470269 0.942451
vt 0.468845 0.942453
vt 0.467421 0.900976
vt 0.467423 0.900286
vt 0.468794 0.900270
vt 0.470162 0.900293
vt 0.471524 0.900978
vt 0.471516 0.900273
vt 0.472913 0.900978
vt 0.472908 0.900245
vt 0.474303 0.900963
vt 0.474301 0.900256
vt 0.475670 0.900942
vt 0.475657 0.900253
vt 0.477024 0.900884
vt 0.476975 0.900214
vt 0.478411 0.900761
vt 0.478273 0.900066
vt 0.426207 0.900895
vt 0.424811 0.900755
vt 0.424950 0.900066
vt 0.426260 0.900201
vt 0.427567 0.900940
vt 0.427586 0.900268
vt 0.428919 0.900970
vt 0.428923 0.900273
vt 0.430297 0.900987
vt 0.430302 0.900265
vt 0.431668 0.900981
vt 0.431672 0.900298
vt 0.433029 0.900992
vt 0.433026 0.900288
vt 0.434414 0.900998
vt 0.434414 0.900270
vt 0.435794 0.900986
vt 0.435794 0.900293
vt 0.437174 0.901000
vt 0.437175 0.900270
vt 0.438563 0.900997
vt 0.438568 0.900288
vt 0.439932 0.900996
vt 0.439935 0.900302
vt 0.441280 0.900984
vt 0.441275 0.900312
vt 0.442630 0.900978
vt 0.442616 0.900282
vt 0.444009 0.900958
vt 0.443988 0.900240
vt 0.445387 0.900895
vt 0.445342 0.900209
vt 0.446777 0.900764
vt 0.446641 0.900079
vt 0.457824 0.900876
vt 0.456445 0.900743
vt 0.456582 0.900066
vt 0.457869 0.900200
vt 0.459183 0.900933
vt 0.459198 0.900237
vt 0.460560 0.900962
vt 0.460570 0.900243
vt 0.461927 0.900963
vt 0.461935 0.900283
vt 0.463282 0.900977
vt 0.463282 0.900281
vt 0.464654 0.900981
vt 0.464651 0.900272
vt 0.466042 0.900987
vt 0.466044 0.900258
vt 0.943657 0.547419
vt 0.941726 0.546084
vt 0.943280 0.543695
vt 0.945412 0.545197
vt 0.463148 0.942445
vt 0.461724 0.942439
vt 0.435819 0.942467
vt 0.434394 0.942467
vt 0.471693 0.942447
vt 0.464572 0.942450
vt 0.437243 0.942465
vt 0.473117 0.942440
vt 0.465996 0.942453
vt 0.438667 0.942461
vt 0.474542 0.942432
vt 0.467421 0.942454
vt 0.440091 0.942455
vt 0.475966 0.942422
vt 0.441515 0.942448
vt 0.477390 0.942411
vt 0.442939 0.942439
vt 0.478772 0.942399
vt 0.444363 0.942428
vt 0.425848 0.942429
vt 0.424423 0.942416
vt 0.445787 0.942416
vt 0.427272 0.942439
vt 0.447170 0.942403
vt 0.428697 0.942449
vt 0.457451 0.942409
vt 0.456026 0.942395
vt 0.430121 0.942456
vt 0.458875 0.942420
vt 0.431545 0.942461
vt 0.460299 0.942430
vt 0.432970 0.942465
vt 0.949436 0.557105
vt 0.949669 0.559403
vt 0.943948 0.559443
vt 0.943848 0.557976
vt 0.948853 0.554859
vt 0.943532 0.556552
vt 0.948005 0.552703
vt 0.942972 0.555207
vt 0.946815 0.550732
vt 0.942249 0.553944
vt 0.945348 0.548970
vt 0.941352 0.552816
vt 0.940274 0.551869
vt 0.939067 0.551074
vt 0.939509 0.544952
vt 0.937758 0.550516
vt 0.873008 0.608480
vt 0.870741 0.609749
vt 0.868873 0.603951
vt 0.870249 0.603369
vt 0.875001 0.607097
vt 0.871492 0.602552
vt 0.876723 0.605491
vt 0.872600 0.601581
vt 0.878139 0.603636
vt 0.873515 0.600433
vt 0.879298 0.601638
vt 0.874274 0.599187
vt 0.880124 0.599502
vt 0.874832 0.597854
vt 0.880637 0.597290
vt 0.875144 0.596453
vt 0.880817 0.595036
vt 0.875277 0.595023
vt 0.880634 0.592775
vt 0.875156 0.593596
vt 0.880111 0.590552
vt 0.874817 0.592196
vt 0.879321 0.588395
vt 0.874271 0.590858
vt 0.878127 0.586413
vt 0.873521 0.589608
vt 0.876695 0.584579
vt 0.872590 0.588484
vt 0.874989 0.582964
vt 0.871493 0.587509
vt 0.873036 0.581549
vt 0.870248 0.586711
vt 0.870781 0.580341
vt 0.868873 0.586119
vt 0.941889 0.573041
vt 0.939614 0.574288
vt 0.937758 0.568540
vt 0.939124 0.567959
vt 0.943869 0.571620
vt 0.940356 0.567145
vt 0.945580 0.569995
vt 0.941429 0.566148
vt 0.947028 0.568172
vt 0.942331 0.564998
vt 0.948129 0.566126
vt 0.943047 0.563719
vt 0.948979 0.563965
vt 0.943561 0.562349
vt 0.949486 0.561705
vt 0.943864 0.560913
vt 0.329935 0.917846
vt 0.328967 0.914910
vt 0.332048 0.913658
vt 0.333170 0.916945
vt 0.878844 0.582567
vt 0.880607 0.584724
vt 0.941034 0.542332
vt 0.876842 0.580714
vt 0.874716 0.611013
vt 0.872396 0.612435
vt 0.874682 0.579127
vt 0.876926 0.609341
vt 0.872402 0.577679
vt 0.878871 0.607435
vt 0.943654 0.575546
vt 0.941299 0.577048
vt 0.880629 0.605298
vt 0.945839 0.573849
vt 0.881963 0.602855
vt 0.947778 0.571916
vt 0.882895 0.600296
vt 0.952340 0.556669
vt 0.952508 0.559384
vt 0.949422 0.569767
vt 0.883439 0.597672
vt 0.951746 0.553921
vt 0.950848 0.567395
vt 0.883600 0.595048
vt 0.950624 0.551332
vt 0.951812 0.564772
vt 0.883477 0.592401
vt 0.949151 0.549007
vt 0.952360 0.562080
vt 0.882953 0.589709
vt 0.947393 0.546961
vt 0.881931 0.587158
vt 0.330515 0.920865
vt 0.330806 0.923916
vt 0.326437 0.923987
vt 0.326272 0.921465
vt 0.325739 0.919002
vt 0.324898 0.916608
vt 0.327567 0.912133
vt 0.323747 0.914319
vt 0.325882 0.909497
vt 0.322318 0.912169
vt 0.323862 0.907073
vt 0.320628 0.910201
vt 0.321544 0.904860
vt 0.318689 0.908452
vt 0.318863 0.902796
vt 0.316500 0.906968
vt 0.347971 0.944124
vt 0.345299 0.946225
vt 0.342985 0.942193
vt 0.345069 0.940707
vt 0.350256 0.941853
vt 0.346904 0.938888
vt 0.352232 0.939359
vt 0.348481 0.936826
vt 0.353855 0.936606
vt 0.349787 0.934545
vt 0.355144 0.933647
vt 0.350814 0.932077
vt 0.356154 0.930552
vt 0.351554 0.929466
vt 0.356671 0.927319
vt 0.352051 0.926793
vt 0.356777 0.924047
vt 0.352215 0.924108
vt 0.356563 0.920784
vt 0.351984 0.921432
vt 0.355927 0.917594
vt 0.351425 0.918788
vt 0.354880 0.914557
vt 0.350644 0.916219
vt 0.353503 0.911714
vt 0.349587 0.913823
vt 0.351828 0.909107
vt 0.348275 0.911626
vt 0.349883 0.906754
vt 0.346731 0.909654
vt 0.347674 0.904638
vt 0.344965 0.907939
vt 0.345117 0.902740
vt 0.342985 0.906564
vt 0.321951 0.943859
vt 0.319124 0.946137
vt 0.316500 0.941757
vt 0.318792 0.940114
vt 0.324315 0.941371
vt 0.320802 0.938194
vt 0.326355 0.938742
vt 0.322536 0.936075
vt 0.328005 0.935937
vt 0.323969 0.933806
vt 0.329268 0.933015
vt 0.325089 0.931429
vt 0.330151 0.930022
vt 0.325888 0.928986
vt 0.330670 0.926982
vt 0.326359 0.926508
vt 0.911900 0.151697
vt 0.910006 0.148862
vt 0.908701 0.145711
vt 0.908036 0.142367
vt 0.908036 0.138956
vt 0.908701 0.135612
vt 0.910006 0.132461
vt 0.911900 0.129626
vt 0.914312 0.127214
vt 0.917147 0.125320
vt 0.920298 0.124015
vt 0.923643 0.123349
vt 0.927053 0.123349
vt 0.930397 0.124015
vt 0.933548 0.125320
vt 0.936383 0.127214
vt 0.938795 0.129626
vt 0.940690 0.132461
vt 0.941994 0.135612
vt 0.942660 0.138956
vt 0.942660 0.142367
vt 0.941995 0.145711
vt 0.940690 0.148862
vt 0.938795 0.151697
vt 0.936383 0.154109
vt 0.933548 0.156003
vt 0.930397 0.157308
vt 0.927053 0.157974
vt 0.923643 0.157974
vt 0.920298 0.157308
vt 0.917147 0.156003
vt 0.914312 0.154109
vt 0.333417 0.930717
vt 0.332503 0.934112
vt 0.360100 0.920237
vt 0.360438 0.923987
vt 0.330573 0.910439
vt 0.333928 0.927323
vt 0.359300 0.916614
vt 0.328615 0.907445
vt 0.334128 0.923898
vt 0.358057 0.913184
vt 0.326332 0.904730
vt 0.356432 0.910000
vt 0.323787 0.902292
vt 0.354477 0.907099
vt 0.321103 0.900066
vt 0.352249 0.904503
vt 0.350397 0.946671
vt 0.347655 0.949060
vt 0.349820 0.902199
vt 0.352866 0.944082
vt 0.347220 0.900066
vt 0.355018 0.941280
vt 0.324513 0.946515
vt 0.321655 0.949082
vt 0.356918 0.938251
vt 0.327144 0.943759
vt 0.358488 0.934917
vt 0.329374 0.940686
vt 0.359545 0.931371
vt 0.333906 0.920389
vt 0.331159 0.937453
vt 0.360215 0.927741
vt 0.918017 0.775187
vt 0.918017 0.728475
vt 0.919275 0.728475
vt 0.919275 0.775187
vt 0.920532 0.728475
vt 0.920532 0.775187
vt 0.921790 0.728475
vt 0.921790 0.775187
vt 0.923048 0.728475
vt 0.923048 0.775187
vt 0.924306 0.728475
vt 0.924306 0.775187
vt 0.925563 0.728475
vt 0.925563 0.775187
vt 0.926821 0.728475
vt 0.926821 0.775187
vt 0.928079 0.728475
vt 0.928079 0.775187
vt 0.395443 0.946778
vt 0.395443 0.900066
vt 0.396701 0.900066
vt 0.396701 0.946778
vt 0.397959 0.900066
vt 0.397959 0.946778
vt 0.399216 0.900066
vt 0.399216 0.946778
vt 0.400474 0.900066
vt 0.400474 0.946778
vt 0.401732 0.900066
vt 0.401732 0.946778
vt 0.402990 0.900066
vt 0.402990 0.946778
vt 0.404247 0.900066
vt 0.404247 0.946778
vt 0.405505 0.900066
vt 0.405505 0.946778
vt 0.406763 0.900066
vt 0.406763 0.946778
vt 0.408020 0.900066
vt 0.408020 0.946778
vt 0.409278 0.900066
vt 0.409278 0.946778
vt 0.410536 0.900066
vt 0.410536 0.946778
vt 0.411794 0.900066
vt 0.411794 0.946778
vt 0.413051 0.900066
vt 0.413051 0.946778
vt 0.414309 0.900066
vt 0.414309 0.946778
vt 0.415567 0.900066
vt 0.415567 0.946778
vt 0.907955 0.775187
vt 0.907955 0.728475
vt 0.909213 0.728475
vt 0.909213 0.775187
vt 0.910471 0.728475
vt 0.910471 0.775187
vt 0.911729 0.728475
vt 0.911729 0.775187
vt 0.912986 0.728475
vt 0.912986 0.775187
vt 0.914244 0.728475
vt 0.914244 0.775187
vt 0.915502 0.728475
vt 0.915502 0.775187
vt 0.720634 0.787088
vt 0.719400 0.786843
vt 0.718238 0.786361
vt 0.717192 0.785663
vt 0.716303 0.784773
vt 0.715604 0.783728
vt 0.715123 0.782566
vt 0.714878 0.781332
vt 0.714878 0.780074
vt 0.715123 0.778841
vt 0.715604 0.777679
vt 0.716303 0.776633
vt 0.717192 0.775744
vt 0.718238 0.775045
vt 0.719400 0.774564
vt 0.720634 0.774318
vt 0.721891 0.774318
vt 0.723125 0.774564
vt 0.724287 0.775045
vt 0.725333 0.775744
vt 0.726222 0.776633
vt 0.726921 0.777679
vt 0.727402 0.778841
vt 0.727647 0.780074
vt 0.727647 0.781332
vt 0.727402 0.782566
vt 0.726921 0.783728
vt 0.726222 0.784773
vt 0.725333 0.785663
vt 0.724287 0.786361
vt 0.723125 0.786843
vt 0.721891 0.787088
vt 0.916759 0.728475
vt 0.916759 0.775187
vt 0.949617 0.729422
vt 0.951014 0.729415
vt 0.951163 0.770838
vt 0.949741 0.770844
vt 0.948220 0.729421
vt 0.948213 0.728707
vt 0.949615 0.728682
vt 0.951018 0.728700
vt 0.952393 0.729415
vt 0.952395 0.728710
vt 0.953761 0.729412
vt 0.953761 0.728715
vt 0.955119 0.729401
vt 0.955114 0.728714
vt 0.956461 0.729370
vt 0.956440 0.728703
vt 0.957814 0.729319
vt 0.957755 0.728633
vt 0.959217 0.729181
vt 0.959073 0.728475
vt 0.938842 0.005237
vt 0.937464 0.005105
vt 0.937602 0.004428
vt 0.938887 0.004562
vt 0.940200 0.005294
vt 0.940215 0.004599
vt 0.941576 0.005323
vt 0.941586 0.004604
vt 0.942944 0.005323
vt 0.942951 0.004641
vt 0.944305 0.005338
vt 0.944304 0.004634
vt 0.945691 0.005351
vt 0.945695 0.004619
vt 0.947076 0.005351
vt 0.947085 0.004649
vt 0.948428 0.005348
vt 0.948431 0.004675
vt 0.949776 0.005356
vt 0.949772 0.004662
vt 0.951144 0.005353
vt 0.951137 0.004645
vt 0.952530 0.005351
vt 0.952527 0.004624
vt 0.953905 0.005332
vt 0.953903 0.004644
vt 0.955275 0.005333
vt 0.955268 0.004619
vt 0.956640 0.005300
vt 0.956623 0.004621
vt 0.958005 0.005257
vt 0.957954 0.004560
vt 0.959404 0.005119
vt 0.959267 0.004428
vt 0.938689 0.729323
vt 0.937279 0.729187
vt 0.937420 0.728475
vt 0.938747 0.728628
vt 0.940060 0.729382
vt 0.940085 0.728693
vt 0.941410 0.729400
vt 0.941417 0.728725
vt 0.942768 0.729425
vt 0.942773 0.728713
vt 0.944127 0.729420
vt 0.944131 0.728743
vt 0.945477 0.729429
vt 0.945475 0.728735
vt 0.946843 0.729427
vt 0.946837 0.728724
vt 0.942998 0.060767
vt 0.941041 0.059450
vt 0.942653 0.056984
vt 0.944798 0.058564
vt 0.944050 0.770846
vt 0.942627 0.770842
vt 0.948420 0.046770
vt 0.946998 0.046769
vt 0.952586 0.770831
vt 0.945472 0.770848
vt 0.949843 0.046769
vt 0.954008 0.770822
vt 0.946895 0.770849
vt 0.951265 0.046767
vt 0.955431 0.770811
vt 0.948318 0.770847
vt 0.952688 0.046763
vt 0.956853 0.770799
vt 0.954110 0.046757
vt 0.958275 0.770785
vt 0.955532 0.046750
vt 0.959656 0.770770
vt 0.956955 0.046740
vt 0.938462 0.046723
vt 0.937039 0.046709
vt 0.958378 0.046729
vt 0.939885 0.046735
vt 0.959759 0.046717
vt 0.941307 0.046745
vt 0.938358 0.770820
vt 0.936935 0.770810
vt 0.942730 0.046754
vt 0.939782 0.770829
vt 0.944153 0.046761
vt 0.941205 0.770836
vt 0.945575 0.046766
vt 0.948700 0.070508
vt 0.948855 0.072788
vt 0.943208 0.072839
vt 0.943074 0.071381
vt 0.948151 0.068288
vt 0.942762 0.069951
vt 0.947292 0.066155
vt 0.942241 0.068590
vt 0.946108 0.064176
vt 0.941524 0.067329
vt 0.944684 0.062357
vt 0.940626 0.066192
vt 0.939563 0.065210
vt 0.938358 0.064412
vt 0.938813 0.058239
vt 0.937039 0.063848
vt 0.942045 0.529448
vt 0.939748 0.530730
vt 0.937758 0.524854
vt 0.939154 0.524239
vt 0.944041 0.528011
vt 0.940416 0.523415
vt 0.945738 0.526329
vt 0.941520 0.522413
vt 0.947157 0.524445
vt 0.942451 0.521263
vt 0.948335 0.522419
vt 0.943196 0.519990
vt 0.949100 0.520222
vt 0.943733 0.518631
vt 0.949584 0.517961
vt 0.944059 0.517214
vt 0.949704 0.515673
vt 0.944166 0.515776
vt 0.949506 0.513406
vt 0.944019 0.514349
vt 0.948884 0.511226
vt 0.943693 0.512958
vt 0.948017 0.509126
vt 0.943131 0.511650
vt 0.946837 0.507193
vt 0.942375 0.510441
vt 0.945388 0.505450
vt 0.941442 0.509358
vt 0.943703 0.503904
vt 0.940350 0.508425
vt 0.941754 0.502604
vt 0.939115 0.507667
vt 0.939536 0.501405
vt 0.937758 0.507110
vt 0.941115 0.086365
vt 0.938820 0.087587
vt 0.937039 0.081872
vt 0.938383 0.081303
vt 0.943099 0.084970
vt 0.939611 0.080495
vt 0.944822 0.083368
vt 0.940683 0.079504
vt 0.946223 0.081502
vt 0.941587 0.078355
vt 0.947383 0.079491
vt 0.942303 0.077086
vt 0.948209 0.077329
vt 0.942819 0.075722
vt 0.948698 0.075078
vt 0.943123 0.074296
vt 0.939979 0.186441
vt 0.938961 0.183496
vt 0.942180 0.182206
vt 0.943224 0.185610
vt 0.947407 0.503484
vt 0.949128 0.505501
vt 0.940394 0.055626
vt 0.945464 0.501734
vt 0.943822 0.531932
vt 0.941478 0.533475
vt 0.943345 0.500165
vt 0.945971 0.530215
vt 0.941107 0.498816
vt 0.947943 0.528313
vt 0.942848 0.088878
vt 0.940480 0.090361
vt 0.949689 0.526112
vt 0.945033 0.087203
vt 0.950997 0.523637
vt 0.946971 0.085304
vt 0.952005 0.521034
vt 0.951461 0.070081
vt 0.951711 0.072732
vt 0.948732 0.083165
vt 0.952502 0.518283
vt 0.950904 0.067470
vt 0.950080 0.080710
vt 0.952581 0.515563
vt 0.949950 0.064912
vt 0.951027 0.078114
vt 0.952281 0.512911
vt 0.948588 0.062474
vt 0.951571 0.075434
vt 0.951667 0.510271
vt 0.946793 0.060352
vt 0.950565 0.507772
vt 0.940522 0.189477
vt 0.940736 0.192526
vt 0.936478 0.192562
vt 0.936256 0.190069
vt 0.935728 0.187589
vt 0.934882 0.185166
vt 0.937632 0.180655
vt 0.933743 0.182843
vt 0.935941 0.177987
vt 0.932321 0.180666
vt 0.933929 0.175504
vt 0.930626 0.178673
vt 0.931552 0.173253
vt 0.928658 0.176904
vt 0.928793 0.171152
vt 0.926423 0.175406
vt 0.374400 0.943989
vt 0.371721 0.946187
vt 0.369294 0.942094
vt 0.371406 0.940543
vt 0.376711 0.941667
vt 0.373266 0.938665
vt 0.378704 0.939102
vt 0.374866 0.936548
vt 0.380299 0.936267
vt 0.376187 0.934221
vt 0.381597 0.933273
vt 0.377224 0.931736
vt 0.382499 0.930132
vt 0.377954 0.929134
vt 0.383013 0.926913
vt 0.378363 0.926455
vt 0.383095 0.923680
vt 0.378532 0.923769
vt 0.382847 0.920482
vt 0.378297 0.921124
vt 0.382205 0.917373
vt 0.377818 0.918526
vt 0.381165 0.914402
vt 0.377026 0.916049
vt 0.379783 0.911608
vt 0.375948 0.913711
vt 0.378131 0.909004
vt 0.374617 0.911541
vt 0.376176 0.906666
vt 0.373056 0.909587
vt 0.373959 0.904585
vt 0.371279 0.907886
vt 0.371415 0.902685
vt 0.369294 0.906517
vt 0.931799 0.212095
vt 0.928964 0.214350
vt 0.926423 0.209956
vt 0.928728 0.208357
vt 0.934199 0.209687
vt 0.930751 0.206492
vt 0.936217 0.207098
vt 0.932484 0.204429
vt 0.937864 0.204356
vt 0.933917 0.202216
vt 0.939142 0.201500
vt 0.935039 0.199892
vt 0.940068 0.198565
vt 0.935843 0.197491
vt 0.940584 0.195563
vt 0.936321 0.195039
vt 0.927088 0.238453
vt 0.928392 0.235304
vt 0.930286 0.232470
vt 0.932696 0.230060
vt 0.935530 0.228167
vt 0.938679 0.226862
vt 0.942022 0.226198
vt 0.945430 0.226198
vt 0.948773 0.226862
vt 0.951922 0.228167
vt 0.954756 0.230060
vt 0.957166 0.232471
vt 0.959060 0.235304
vt 0.960364 0.238453
vt 0.961029 0.241796
vt 0.961029 0.245205
vt 0.960364 0.248547
vt 0.959059 0.251696
vt 0.957166 0.254530
vt 0.954756 0.256940
vt 0.951922 0.258834
vt 0.948773 0.260138
vt 0.945430 0.260803
vt 0.942022 0.260803
vt 0.938679 0.260138
vt 0.935530 0.258834
vt 0.932696 0.256940
vt 0.930286 0.254530
vt 0.928392 0.251696
vt 0.927088 0.248547
vt 0.926423 0.245204
vt 0.926423 0.241796
vt 0.943227 0.199316
vt 0.942287 0.202618
vt 0.386227 0.919937
vt 0.386587 0.923536
vt 0.940620 0.178967
vt 0.943839 0.195979
vt 0.385439 0.916475
vt 0.938695 0.175969
vt 0.944072 0.192554
vt 0.384320 0.913134
vt 0.936462 0.173222
vt 0.382787 0.909908
vt 0.933951 0.170648
vt 0.380793 0.906972
vt 0.931144 0.168258
vt 0.378523 0.904382
vt 0.376869 0.946601
vt 0.374119 0.948985
vt 0.376047 0.902111
vt 0.379399 0.943939
vt 0.373472 0.900066
vt 0.381593 0.941044
vt 0.934390 0.214772
vt 0.931495 0.217341
vt 0.383525 0.937885
vt 0.936966 0.211997
vt 0.384978 0.934434
vt 0.939156 0.209017
vt 0.385977 0.930853
vt 0.943903 0.189058
vt 0.940933 0.205872
vt 0.386517 0.927192
vt 0.727662 0.689584
vt 0.727662 0.004428
vt 0.716652 0.004428
vt 0.716652 0.689584
vt 0.727662 0.743821
vt 0.727662 0.698440
vt 0.716652 0.698440
vt 0.716652 0.743821
vt 0.756385 0.004428
vt 0.756385 0.689584
vt 0.767394 0.689584
vt 0.767394 0.004428
vt 0.775680 0.698440
vt 0.775680 0.743821
vt 0.786690 0.743821
vt 0.786690 0.698440
vt 0.499703 0.004428
vt 0.499703 0.689584
vt 0.545084 0.689584
vt 0.545084 0.004428
vt 0.553940 0.004428
vt 0.553940 0.689584
vt 0.599321 0.689584
vt 0.599321 0.004428
vt 0.653559 0.689584
vt 0.653559 0.004428
vt 0.608178 0.004428
vt 0.608177 0.689584
vt 0.707796 0.689584
vt 0.707796 0.004428
vt 0.662415 0.004428
vt 0.662415 0.689584
vt 0.736519 0.004428
vt 0.736519 0.689584
vt 0.747528 0.689584
vt 0.747528 0.004428
vt 0.787261 0.689584
vt 0.787261 0.004428
vt 0.776251 0.004428
vt 0.776251 0.689584
vt 0.032331 0.995572
vt 0.032331 0.004428
vt 0.033496 0.004428
vt 0.033496 0.995572
vt 0.034665 0.004428
vt 0.034665 0.995572
vt 0.035842 0.004428
vt 0.035842 0.995572
vt 0.037027 0.004428
vt 0.037027 0.995572
vt 0.038223 0.004428
vt 0.038223 0.995572
vt 0.039427 0.004428
vt 0.039427 0.995572
vt 0.040639 0.004428
vt 0.040639 0.995572
vt 0.041854 0.004428
vt 0.041854 0.995572
vt 0.043070 0.004428
vt 0.043070 0.995572
vt 0.044281 0.004428
vt 0.044281 0.995572
vt 0.045486 0.004428
vt 0.045486 0.995572
vt 0.046681 0.004428
vt 0.046681 0.995572
vt 0.047867 0.004428
vt 0.047867 0.995572
vt 0.049043 0.004428
vt 0.049043 0.995572
vt 0.050212 0.004428
vt 0.050212 0.995572
vt 0.051378 0.004428
vt 0.051377 0.995572
vt 0.004428 0.995572
vt 0.004428 0.004428
vt 0.005593 0.004428
vt 0.005593 0.995572
vt 0.006762 0.004428
vt 0.006763 0.995572
vt 0.007939 0.004428
vt 0.007939 0.995572
vt 0.009124 0.004428
vt 0.009124 0.995572
vt 0.010320 0.004428
vt 0.010320 0.995572
vt 0.011524 0.004428
vt 0.011525 0.995572
vt 0.012736 0.004428
vt 0.012736 0.995572
vt 0.013951 0.004428
vt 0.013951 0.995572
vt 0.015167 0.004428
vt 0.015167 0.995572
vt 0.016378 0.004428
vt 0.016378 0.995572
vt 0.017583 0.004428
vt 0.017583 0.995572
vt 0.018778 0.004428
vt 0.018778 0.995572
vt 0.019964 0.004428
vt 0.019964 0.995572
vt 0.021140 0.004428
vt 0.021140 0.995572
vt 0.802615 0.947308
vt 0.801449 0.947318
vt 0.800307 0.947090
vt 0.799230 0.946634
vt 0.798261 0.945967
vt 0.797437 0.945115
vt 0.796790 0.944110
vt 0.796344 0.942990
vt 0.796117 0.941800
vt 0.796117 0.940585
vt 0.796344 0.939391
vt 0.796790 0.938265
vt 0.797437 0.937249
vt 0.798261 0.936383
vt 0.799230 0.935699
vt 0.800307 0.935225
vt 0.801449 0.934978
vt 0.802615 0.934969
vt 0.803757 0.935196
vt 0.804834 0.935652
vt 0.805803 0.936319
vt 0.806627 0.937172
vt 0.807274 0.938177
vt 0.807720 0.939296
vt 0.807947 0.940486
vt 0.807947 0.941701
vt 0.807720 0.942895
vt 0.807274 0.944022
vt 0.806627 0.945038
vt 0.805803 0.945904
vt 0.804834 0.946587
vt 0.803757 0.947061
vt 0.022310 0.004428
vt 0.022310 0.995572
vt 0.023475 0.004428
vt 0.023475 0.995572
vt 0.720211 0.829499
vt 0.719068 0.829272
vt 0.717991 0.828816
vt 0.717022 0.828149
vt 0.716198 0.827296
vt 0.715551 0.826291
vt 0.715105 0.825172
vt 0.714878 0.823982
vt 0.714878 0.822767
vt 0.715105 0.821573
vt 0.715551 0.820446
vt 0.716198 0.819430
vt 0.717022 0.818564
vt 0.717991 0.817880
vt 0.719067 0.817406
vt 0.720210 0.817160
vt 0.721375 0.817150
vt 0.722518 0.817377
vt 0.723594 0.817833
vt 0.724563 0.818500
vt 0.725387 0.819353
vt 0.726035 0.820358
vt 0.726481 0.821477
vt 0.726708 0.822667
vt 0.726708 0.823882
vt 0.726481 0.825076
vt 0.726035 0.826203
vt 0.725388 0.827219
vt 0.724564 0.828085
vt 0.723595 0.828768
vt 0.722519 0.829243
vt 0.721376 0.829489
vt 0.143942 0.995289
vt 0.143942 0.004428
vt 0.145108 0.004428
vt 0.145107 0.995289
vt 0.146277 0.004428
vt 0.146277 0.995289
vt 0.147453 0.004428
vt 0.147453 0.995289
vt 0.148639 0.004428
vt 0.148639 0.995289
vt 0.149834 0.004428
vt 0.149834 0.995289
vt 0.151039 0.004428
vt 0.151039 0.995289
vt 0.152250 0.004428
vt 0.152250 0.995289
vt 0.153466 0.004428
vt 0.153466 0.995289
vt 0.154681 0.004428
vt 0.154681 0.995289
vt 0.155893 0.004428
vt 0.155892 0.995289
vt 0.157097 0.004428
vt 0.157097 0.995289
vt 0.158293 0.004428
vt 0.158293 0.995289
vt 0.159478 0.004428
vt 0.159478 0.995289
vt 0.160655 0.004428
vt 0.160654 0.995289
vt 0.161824 0.004428
vt 0.161824 0.995289
vt 0.162989 0.004428
vt 0.162989 0.995289
vt 0.116039 0.995289
vt 0.116039 0.004428
vt 0.117205 0.004428
vt 0.117205 0.995289
vt 0.118374 0.004428
vt 0.118374 0.995289
vt 0.119550 0.004428
vt 0.119550 0.995289
vt 0.120736 0.004428
vt 0.120736 0.995289
vt 0.121931 0.004428
vt 0.121931 0.995289
vt 0.123136 0.004428
vt 0.123136 0.995289
vt 0.124347 0.004428
vt 0.124347 0.995289
vt 0.125563 0.004428
vt 0.125563 0.995289
vt 0.126778 0.004428
vt 0.126778 0.995289
vt 0.127990 0.004428
vt 0.127990 0.995289
vt 0.129194 0.004428
vt 0.129194 0.995289
vt 0.130390 0.004428
vt 0.130390 0.995289
vt 0.131575 0.004428
vt 0.131575 0.995289
vt 0.132752 0.004428
vt 0.132752 0.995289
vt 0.944679 0.111339
vt 0.943537 0.111566
vt 0.942371 0.111557
vt 0.941228 0.111310
vt 0.940152 0.110836
vt 0.939183 0.110153
vt 0.938359 0.109286
vt 0.937712 0.108271
vt 0.937266 0.107144
vt 0.937039 0.105950
vt 0.937039 0.104735
vt 0.937266 0.103545
vt 0.937712 0.102426
vt 0.938359 0.101421
vt 0.939183 0.100568
vt 0.940152 0.099901
vt 0.941228 0.099445
vt 0.942371 0.099217
vt 0.943536 0.099227
vt 0.944679 0.099474
vt 0.945756 0.099948
vt 0.946725 0.100631
vt 0.947549 0.101497
vt 0.948196 0.102513
vt 0.948642 0.103640
vt 0.948869 0.104834
vt 0.948869 0.106049
vt 0.948642 0.107239
vt 0.948196 0.108358
vt 0.947549 0.109363
vt 0.946725 0.110216
vt 0.945756 0.110883
vt 0.133921 0.004428
vt 0.133921 0.995289
vt 0.135086 0.004428
vt 0.135086 0.995289
vt 0.721376 0.808294
vt 0.720210 0.808284
vt 0.719068 0.808037
vt 0.717991 0.807563
vt 0.717022 0.806880
vt 0.716198 0.806014
vt 0.715551 0.804998
vt 0.715105 0.803871
vt 0.714878 0.802677
vt 0.714878 0.801462
vt 0.715105 0.800272
vt 0.715551 0.799153
vt 0.716198 0.798147
vt 0.717022 0.797295
vt 0.717991 0.796628
vt 0.719068 0.796172
vt 0.720210 0.795944
vt 0.721376 0.795954
vt 0.722518 0.796201
vt 0.723595 0.796675
vt 0.724564 0.797358
vt 0.725388 0.798224
vt 0.726035 0.799240
vt 0.726481 0.800367
vt 0.726708 0.801561
vt 0.726708 0.802776
vt 0.726481 0.803966
vt 0.726035 0.805085
vt 0.725388 0.806090
vt 0.724564 0.806943
vt 0.723595 0.807610
vt 0.722518 0.808066
vt 0.218794 0.004428
vt 0.218795 0.994666
vt 0.217629 0.994666
vt 0.217629 0.004428
vt 0.216460 0.994666
vt 0.216460 0.004428
vt 0.215284 0.994666
vt 0.215284 0.004428
vt 0.214098 0.994666
vt 0.214098 0.004428
vt 0.212903 0.994666
vt 0.212903 0.004428
vt 0.211698 0.994666
vt 0.211698 0.004428
vt 0.210487 0.994666
vt 0.210487 0.004428
vt 0.209271 0.994666
vt 0.209271 0.004428
vt 0.208056 0.994666
vt 0.208056 0.004428
vt 0.206844 0.994666
vt 0.206844 0.004428
vt 0.205640 0.994666
vt 0.205640 0.004428
vt 0.204444 0.994666
vt 0.204444 0.004428
vt 0.203259 0.994666
vt 0.203259 0.004428
vt 0.202082 0.994666
vt 0.202082 0.004428
vt 0.200913 0.994666
vt 0.200913 0.004428
vt 0.199748 0.994666
vt 0.199748 0.004428
vt 0.171845 0.994666
vt 0.171845 0.004428
vt 0.173010 0.004428
vt 0.173010 0.994666
vt 0.174180 0.004428
vt 0.174180 0.994666
vt 0.175356 0.004428
vt 0.175356 0.994666
vt 0.176541 0.004428
vt 0.176541 0.994666
vt 0.177737 0.004428
vt 0.177737 0.994666
vt 0.178942 0.004428
vt 0.178942 0.994666
vt 0.180153 0.004428
vt 0.180153 0.994666
vt 0.181368 0.004428
vt 0.181368 0.994666
vt 0.182584 0.004428
vt 0.182584 0.994666
vt 0.183795 0.004428
vt 0.183795 0.994666
vt 0.185000 0.004428
vt 0.185000 0.994666
vt 0.186196 0.004428
vt 0.186196 0.994666
vt 0.187381 0.004428
vt 0.187381 0.994666
vt 0.188557 0.004428
vt 0.188557 0.994666
vt 0.824444 0.947090
vt 0.823301 0.947318
vt 0.822136 0.947308
vt 0.820993 0.947061
vt 0.819917 0.946587
vt 0.818948 0.945904
vt 0.818124 0.945038
vt 0.817477 0.944022
vt 0.817031 0.942895
vt 0.816803 0.941702
vt 0.816803 0.940486
vt 0.817031 0.939296
vt 0.817477 0.938177
vt 0.818124 0.937172
vt 0.818948 0.936319
vt 0.819917 0.935652
vt 0.820993 0.935196
vt 0.822136 0.934969
vt 0.823301 0.934978
vt 0.824444 0.935225
vt 0.825520 0.935699
vt 0.826489 0.936382
vt 0.827313 0.937249
vt 0.827961 0.938265
vt 0.828406 0.939391
vt 0.828634 0.940585
vt 0.828634 0.941800
vt 0.828407 0.942990
vt 0.827961 0.944109
vt 0.827313 0.945115
vt 0.826489 0.945967
vt 0.825521 0.946634
vt 0.189727 0.004428
vt 0.189727 0.994666
vt 0.190892 0.004428
vt 0.190892 0.994666
vt 0.720210 0.850704
vt 0.719067 0.850477
vt 0.717991 0.850021
vt 0.717022 0.849354
vt 0.716198 0.848501
vt 0.715551 0.847496
vt 0.715105 0.846377
vt 0.714878 0.845187
vt 0.714878 0.843972
vt 0.715105 0.842778
vt 0.715551 0.841651
vt 0.716198 0.840635
vt 0.717022 0.839769
vt 0.717991 0.839086
vt 0.719068 0.838612
vt 0.720210 0.838365
vt 0.721376 0.838355
vt 0.722518 0.838583
vt 0.723595 0.839039
vt 0.724564 0.839706
vt 0.725388 0.840558
vt 0.726035 0.841563
vt 0.726481 0.842683
vt 0.726708 0.843873
vt 0.726708 0.845088
vt 0.726481 0.846282
vt 0.726035 0.847408
vt 0.725387 0.848424
vt 0.724564 0.849291
vt 0.723595 0.849974
vt 0.722518 0.850448
vt 0.721375 0.850695
vt 0.079280 0.004428
vt 0.079280 0.995415
vt 0.078115 0.995415
vt 0.078115 0.004428
vt 0.076946 0.995415
vt 0.076946 0.004428
vt 0.075770 0.995415
vt 0.075770 0.004428
vt 0.074584 0.995415
vt 0.074584 0.004428
vt 0.073389 0.995415
vt 0.073389 0.004428
vt 0.072184 0.995415
vt 0.072184 0.004428
vt 0.070973 0.995415
vt 0.070972 0.004428
vt 0.069757 0.995415
vt 0.069757 0.004428
vt 0.068542 0.995415
vt 0.068542 0.004428
vt 0.067330 0.995415
vt 0.067330 0.004428
vt 0.066126 0.995415
vt 0.066126 0.004428
vt 0.064930 0.995415
vt 0.064930 0.004428
vt 0.063745 0.995415
vt 0.063744 0.004428
vt 0.062568 0.995415
vt 0.062568 0.004428
vt 0.061399 0.995415
vt 0.061399 0.004428
vt 0.060234 0.995415
vt 0.060234 0.004428
vt 0.088137 0.995415
vt 0.088137 0.004428
vt 0.089302 0.004428
vt 0.089302 0.995415
vt 0.090471 0.004428
vt 0.090471 0.995415
vt 0.091647 0.004428
vt 0.091647 0.995415
vt 0.092833 0.004428
vt 0.092833 0.995415
vt 0.094028 0.004428
vt 0.094028 0.995415
vt 0.095233 0.004428
vt 0.095233 0.995415
vt 0.096445 0.004428
vt 0.096445 0.995415
vt 0.097660 0.004428
vt 0.097660 0.995415
vt 0.098875 0.004428
vt 0.098875 0.995415
vt 0.100087 0.004428
vt 0.100087 0.995415
vt 0.101292 0.004428
vt 0.101292 0.995415
vt 0.102487 0.004428
vt 0.102487 0.995415
vt 0.103673 0.004428
vt 0.103673 0.995415
vt 0.104849 0.004428
vt 0.104849 0.995415
vt 0.845131 0.947090
vt 0.843988 0.947318
vt 0.842823 0.947308
vt 0.841680 0.947061
vt 0.840603 0.946587
vt 0.839635 0.945904
vt 0.838811 0.945038
vt 0.838163 0.944022
vt 0.837717 0.942895
vt 0.837490 0.941701
vt 0.837490 0.940486
vt 0.837717 0.939296
vt 0.838163 0.938177
vt 0.838811 0.937172
vt 0.839635 0.936319
vt 0.840603 0.935652
vt 0.841680 0.935196
vt 0.842823 0.934969
vt 0.843988 0.934978
vt 0.845131 0.935225
vt 0.846207 0.935699
vt 0.847176 0.936382
vt 0.848000 0.937249
vt 0.848647 0.938265
vt 0.849093 0.939391
vt 0.849321 0.940585
vt 0.849321 0.941800
vt 0.849093 0.942990
vt 0.848647 0.944109
vt 0.848000 0.945115
vt 0.847176 0.945967
vt 0.846207 0.946634
vt 0.106018 0.004428
vt 0.106018 0.995415
vt 0.107183 0.004428
vt 0.107183 0.995415
vt 0.701367 0.937152
vt 0.700224 0.936925
vt 0.699148 0.936469
vt 0.698179 0.935802
vt 0.697355 0.934949
vt 0.696708 0.933944
vt 0.696262 0.932825
vt 0.696034 0.931635
vt 0.696034 0.930420
vt 0.696262 0.929226
vt 0.696707 0.928099
vt 0.697355 0.927083
vt 0.698179 0.926217
vt 0.699147 0.925534
vt 0.700224 0.925059
vt 0.701367 0.924813
vt 0.702532 0.924803
vt 0.703675 0.925030
vt 0.704751 0.925487
vt 0.705720 0.926153
vt 0.706544 0.927006
vt 0.707191 0.928011
vt 0.707637 0.929130
vt 0.707865 0.930320
vt 0.707865 0.931535
vt 0.707637 0.932729
vt 0.707192 0.933856
vt 0.706544 0.934872
vt 0.705720 0.935738
vt 0.704752 0.936422
vt 0.703675 0.936896
vt 0.702532 0.937142
s 1
usemtl CeilingLight
f 353/101/34 130/102/34 129/103/35 354/104/35
f 354/104/35 129/103/35 131/105/36 355/106/36
f 355/106/36 131/105/36 132/107/37 356/108/37
f 356/108/37 132/107/37 133/109/38 357/110/38
f 357/110/38 133/109/38 134/111/39 358/112/39
f 358/112/39 134/111/39 135/113/40 359/114/40
f 359/114/40 135/113/40 136/115/41 360/116/41
f 360/116/41 136/115/41 137/117/42 361/118/42
f 361/118/42 137/117/42 138/119/43 362/120/43
f 362/120/43 138/119/43 139/121/44 363/122/44
f 363/122/44 139/121/44 140/123/45 364/124/45
f 364/124/45 140/123/45 141/125/46 365/126/46
f 365/126/46 141/125/46 142/127/47 366/128/47
f 366/128/47 142/127/47 143/129/48 367/130/48
f 367/130/48 143/129/48 144/131/49 368/132/49
f 368/132/49 144/131/49 145/133/50 369/134/50
f 369/135/50 145/136/50 146/137/51 370/138/51
f 370/138/51 146/137/51 147/139/52 371/140/52
f 371/140/52 147/139/52 148/141/53 372/142/53
f 372/142/53 148/141/53 149/143/54 373/144/54
f 373/144/54 149/143/54 150/145/55 374/146/55
f 374/146/55 150/145/55 151/147/56 375/148/56
f 375/148/56 151/147/56 152/149/57 376/150/57
f 376/150/57 152/149/57 153/151/58 377/152/58
f 377/152/58 153/151/58 154/153/59 378/154/59
f 378/154/59 154/153/59 155/155/60 379/156/60
f 379/156/60 155/155/60 156/157/61 380/158/61
f 380/158/61 156/157/61 157/159/62 381/160/62
f 381/160/62 157/159/62 158/161/63 382/162/63
f 382/162/63 158/161/63 159/163/64 383/164/64
f 74/165/65 72/166/66 196/167/67 197/168/68
f 383/164/64 159/163/64 160/169/69 384/170/69
f 384/170/69 160/169/69 130/171/34 353/172/34
f 85/173/44 87/174/45 428/175/45 427/176/44
f 66/177/70 68/178/70 129/103/70 130/102/70
f 68/178/70 70/179/70 131/105/70 129/103/70
f 70/179/70 72/180/70 132/107/70 131/105/70
f 72/180/70 74/181/70 133/109/70 132/107/70
f 74/181/70 76/182/70 134/111/70 133/109/70
f 76/182/70 78/183/70 135/113/70 134/111/70
f 78/183/70 80/184/70 136/115/70 135/113/70
f 80/184/70 82/185/70 137/117/70 136/115/70
f 82/185/70 84/186/70 138/119/70 137/117/70
f 84/186/70 86/187/70 139/121/70 138/119/70
f 86/187/70 88/188/70 140/123/70 139/121/70
f 88/188/70 90/189/70 141/125/70 140/123/70
f 90/189/70 92/190/70 142/127/70 141/125/70
f 92/190/70 94/191/70 143/129/70 142/127/70
f 94/191/70 96/192/70 144/131/70 143/129/70
f 96/192/70 98/193/70 145/133/70 144/131/70
f 98/194/70 100/195/70 146/137/70 145/136/70
f 100/195/70 102/196/70 147/139/70 146/137/70
f 102/196/70 104/197/70 148/141/70 147/139/70
f 104/197/70 106/198/70 149/143/70 148/141/70
f 106/198/70 108/199/70 150/145/70 149/143/70
f 108/199/70 110/200/70 151/147/70 150/145/70
f 110/200/70 112/201/70 152/149/70 151/147/70
f 112/201/70 114/202/70 153/151/70 152/149/70
f 114/202/70 116/203/70 154/153/70 153/151/70
f 116/203/70 118/204/70 155/155/70 154/153/70
f 118/204/70 120/205/70 156/157/70 155/155/70
f 120/205/70 122/206/70 157/159/70 156/157/70
f 122/206/70 124/207/70 158/161/70 157/159/70
f 124/207/70 126/208/70 159/163/70 158/161/70
f 126/208/70 128/209/70 160/169/70 159/163/70
f 128/209/70 66/210/70 130/171/70 160/169/70
f 189/211/62 188/212/61 252/213/71 253/214/72
f 128/215/73 126/216/74 223/217/75 224/218/73
f 102/219/76 100/220/77 210/221/77 211/222/78
f 76/223/79 74/165/65 197/168/68 198/224/80
f 66/225/81 128/215/73 224/218/73 194/226/81
f 104/227/82 102/219/76 211/222/78 212/228/83
f 78/229/84 76/223/79 198/224/80 199/230/85
f 106/231/86 104/227/82 212/228/83 213/232/87
f 80/233/88 78/229/84 199/230/85 200/234/89
f 108/235/90 106/231/86 213/232/87 214/236/91
f 82/237/92 80/233/88 200/234/89 201/238/92
f 110/239/93 108/235/90 214/236/91 215/240/94
f 84/241/95 82/237/92 201/238/92 202/242/96
f 112/243/97 110/239/93 215/240/94 216/244/98
f 86/245/99 84/241/95 202/242/96 203/246/100
f 114/247/101 112/243/97 216/244/98 217/248/101
f 88/249/102 86/245/99 203/246/100 204/250/103
f 116/251/104 114/247/101 217/248/101 218/252/105
f 90/253/106 88/249/102 204/250/103 205/254/107
f 118/255/108 116/251/104 218/252/105 219/256/109
f 92/257/110 90/253/106 205/254/107 206/258/111
f 120/259/112 118/255/108 219/256/109 220/260/113
f 94/261/114 92/257/110 206/258/111 207/262/115
f 68/263/116 66/264/81 194/265/81 193/266/116
f 122/267/117 120/259/112 220/260/113 221/268/118
f 96/269/119 94/261/114 207/262/115 208/270/119
f 70/271/120 68/263/116 193/266/116 195/272/121
f 124/273/122 122/267/117 221/268/118 222/274/123
f 98/275/124 96/269/119 208/270/119 209/276/124
f 72/166/66 70/271/120 195/272/121 196/167/67
f 126/216/74 124/273/122 222/274/123 223/217/75
f 100/220/77 98/277/124 209/278/124 210/221/77
f 162/279/70 161/280/70 193/266/70 194/265/70
f 161/280/70 163/281/70 195/272/70 193/266/70
f 163/281/70 164/282/70 196/167/70 195/272/70
f 164/282/70 165/283/70 197/168/70 196/167/70
f 165/283/70 166/284/70 198/224/70 197/168/70
f 166/284/70 167/285/70 199/230/70 198/224/70
f 167/285/70 168/286/70 200/234/70 199/230/70
f 168/286/70 169/287/70 201/238/70 200/234/70
f 169/287/70 170/288/70 202/242/70 201/238/70
f 170/288/70 171/289/70 203/246/70 202/242/70
f 171/289/70 172/290/70 204/250/70 203/246/70
f 172/290/70 173/291/70 205/254/70 204/250/70
f 173/291/70 174/292/70 206/258/70 205/254/70
f 174/292/70 175/293/70 207/262/70 206/258/70
f 175/293/70 176/294/70 208/270/70 207/262/70
f 176/294/70 177/295/70 209/276/70 208/270/70
f 177/296/70 178/297/70 210/221/70 209/278/70
f 178/297/70 179/298/70 211/222/70 210/221/70
f 179/298/70 180/299/70 212/228/70 211/222/70
f 180/299/70 181/300/70 213/232/70 212/228/70
f 181/300/70 182/301/70 214/236/70 213/232/70
f 182/301/70 183/302/70 215/240/70 214/236/70
f 183/302/70 184/303/70 216/244/70 215/240/70
f 184/303/70 185/304/70 217/248/70 216/244/70
f 185/304/70 186/305/70 218/252/70 217/248/70
f 186/305/70 187/306/70 219/256/70 218/252/70
f 187/306/70 188/307/70 220/260/70 219/256/70
f 188/307/70 189/308/70 221/268/70 220/260/70
f 189/308/70 190/309/70 222/274/70 221/268/70
f 190/309/70 191/310/70 223/217/70 222/274/70
f 191/310/70 192/311/70 224/218/70 223/217/70
f 192/311/70 162/312/70 194/226/70 224/218/70
f 290/313/125 289/314/126 351/315/127 352/316/128
f 176/317/49 175/318/48 239/319/129 240/320/130
f 163/321/36 161/322/35 225/323/131 227/324/132
f 190/325/63 189/211/62 253/214/72 254/326/133
f 177/327/50 176/317/49 240/320/130 241/328/134
f 164/329/37 163/321/36 227/324/132 228/330/135
f 191/331/64 190/325/63 254/326/133 255/332/136
f 178/333/51 177/334/50 241/335/134 242/336/137
f 165/337/38 164/329/37 228/330/135 229/338/138
f 192/339/69 191/331/64 255/332/136 256/340/139
f 179/341/52 178/333/51 242/336/137 243/342/140
f 166/343/141 165/337/38 229/338/138 230/344/142
f 162/345/34 192/339/69 256/340/139 226/346/143
f 180/347/53 179/341/52 243/342/140 244/348/144
f 167/349/40 166/343/141 230/344/142 231/350/145
f 181/351/54 180/347/53 244/348/144 245/352/146
f 168/353/41 167/349/40 231/350/145 232/354/147
f 182/355/55 181/351/54 245/352/146 246/356/148
f 169/357/42 168/353/41 232/354/147 233/358/149
f 183/359/56 182/355/55 246/356/148 247/360/150
f 170/361/43 169/357/42 233/358/149 234/362/151
f 184/363/57 183/359/56 247/360/150 248/364/152
f 171/365/44 170/361/43 234/362/151 235/366/153
f 185/367/58 184/363/57 248/364/152 249/368/154
f 172/369/45 171/365/44 235/366/153 236/370/155
f 186/371/59 185/367/58 249/368/154 250/372/156
f 173/373/46 172/369/45 236/370/155 237/374/157
f 187/375/60 186/371/59 250/372/156 251/376/158
f 174/377/47 173/373/46 237/374/157 238/378/159
f 188/212/61 187/375/60 251/376/158 252/213/71
f 175/318/48 174/377/47 238/378/159 239/319/129
f 161/322/35 162/379/34 226/380/143 225/323/131
f 292/381/160 291/382/161 338/383/162 339/384/163
f 294/385/164 293/386/165 325/387/166 326/388/167
f 295/389/168 290/313/125 352/316/128 322/390/168
f 296/391/169 292/381/160 339/384/163 340/392/170
f 297/393/171 294/385/164 326/388/167 327/394/172
f 298/395/173 296/391/169 340/392/170 341/396/174
f 299/397/175 297/393/171 327/394/172 328/398/176
f 300/399/177 298/395/173 341/396/174 342/400/178
f 301/401/179 299/397/175 328/398/176 329/402/179
f 302/403/180 300/399/177 342/400/178 343/404/181
f 303/405/182 301/401/179 329/402/179 330/406/183
f 304/407/184 302/403/180 343/404/181 344/408/185
f 305/409/186 303/405/182 330/406/183 331/410/187
f 306/411/188 304/407/184 344/408/185 345/412/188
f 307/413/189 305/409/186 331/410/187 332/414/190
f 308/415/191 306/411/188 345/412/188 346/416/192
f 309/417/193 307/413/189 332/414/190 333/418/194
f 310/419/195 308/415/191 346/416/192 347/420/196
f 311/421/197 309/417/193 333/418/194 334/422/198
f 312/423/199 310/419/195 347/420/196 348/424/200
f 313/425/201 311/421/197 334/422/198 335/426/202
f 314/427/203 295/428/168 322/429/168 321/430/204
f 315/431/205 312/423/199 348/424/200 349/432/206
f 316/433/207 313/425/201 335/426/202 336/434/208
f 317/435/209 314/427/203 321/430/204 323/436/210
f 318/437/211 315/431/205 349/432/206 350/438/212
f 319/439/213 316/433/207 336/434/208 337/440/213
f 320/441/214 317/435/209 323/436/210 324/442/215
f 289/314/126 318/437/211 350/438/212 351/315/127
f 291/382/161 319/443/213 337/444/213 338/383/162
f 293/386/165 320/441/214 324/442/215 325/387/166
f 229/338/138 228/330/135 320/441/216 293/386/217
f 242/336/137 241/335/134 319/443/218 291/382/219
f 255/332/136 254/326/133 318/437/220 289/314/221
f 228/330/135 227/324/132 317/435/222 320/441/216
f 241/328/134 240/320/130 316/433/223 319/439/218
f 254/326/133 253/214/72 315/431/224 318/437/220
f 227/324/132 225/323/131 314/427/225 317/435/222
f 240/320/130 239/319/129 313/425/226 316/433/223
f 253/214/72 252/213/71 312/423/227 315/431/224
f 225/323/131 226/380/143 295/428/228 314/427/225
f 239/319/129 238/378/159 311/421/229 313/425/226
f 252/213/71 251/376/158 310/419/230 312/423/227
f 238/378/159 237/374/157 309/417/231 311/421/229
f 251/376/158 250/372/156 308/415/232 310/419/230
f 237/374/157 236/370/155 307/413/233 309/417/231
f 250/372/156 249/368/154 306/411/234 308/415/232
f 236/370/155 235/366/153 305/409/235 307/413/233
f 249/368/154 248/364/152 304/407/236 306/411/234
f 235/366/153 234/362/151 303/405/237 305/409/235
f 248/364/152 247/360/150 302/403/238 304/407/236
f 234/362/151 233/358/149 301/401/239 303/405/237
f 247/360/150 246/356/148 300/399/240 302/403/238
f 233/358/149 232/354/147 299/397/241 301/401/239
f 246/356/148 245/352/146 298/395/242 300/399/240
f 232/354/147 231/350/145 297/393/243 299/397/241
f 245/352/146 244/348/144 296/391/244 298/395/242
f 231/350/145 230/344/142 294/385/245 297/393/243
f 244/348/144 243/342/140 292/381/246 296/391/244
f 226/346/143 256/340/139 290/313/247 295/389/228
f 230/344/142 229/338/138 293/386/217 294/385/245
f 243/342/140 242/336/137 291/382/219 292/381/246
f 256/340/139 255/332/136 289/314/221 290/313/247
f 258/445/70 257/446/70 321/447/70 322/448/70
f 257/446/70 259/449/70 323/450/70 321/447/70
f 259/449/70 260/451/70 324/452/70 323/450/70
f 260/451/70 261/453/70 325/454/70 324/452/70
f 261/453/70 262/455/70 326/456/70 325/454/70
f 262/455/70 263/457/70 327/458/70 326/456/70
f 263/457/70 264/459/70 328/460/70 327/458/70
f 264/459/70 265/461/70 329/462/70 328/460/70
f 265/461/70 266/463/70 330/464/70 329/462/70
f 266/463/70 267/465/70 331/466/70 330/464/70
f 267/465/70 268/467/70 332/468/70 331/466/70
f 268/467/70 269/469/70 333/470/70 332/468/70
f 269/469/70 270/471/70 334/472/70 333/470/70
f 270/471/70 271/473/70 335/474/70 334/472/70
f 271/473/70 272/475/70 336/476/70 335/474/70
f 272/475/70 273/477/70 337/478/70 336/476/70
f 273/477/70 274/479/70 338/480/70 337/478/70
f 274/479/70 275/481/70 339/482/70 338/480/70
f 275/481/70 276/483/70 340/484/70 339/482/70
f 276/483/70 277/485/70 341/486/70 340/484/70
f 277/485/70 278/487/70 342/488/70 341/486/70
f 278/487/70 279/489/70 343/490/70 342/488/70
f 279/489/70 280/491/70 344/492/70 343/490/70
f 280/491/70 281/493/70 345/494/70 344/492/70
f 281/493/70 282/495/70 346/496/70 345/494/70
f 282/495/70 283/497/70 347/498/70 346/496/70
f 283/497/70 284/499/70 348/500/70 347/498/70
f 284/499/70 285/501/70 349/502/70 348/500/70
f 285/501/70 286/503/70 350/504/70 349/502/70
f 286/503/70 287/505/70 351/506/70 350/504/70
f 287/505/70 288/507/70 352/508/70 351/506/70
f 288/507/70 258/445/70 322/448/70 352/508/70
f 67/509/248 65/510/248 353/101/248 354/104/248
f 69/511/248 67/509/248 354/104/248 355/106/248
f 71/512/248 69/511/248 355/106/248 356/108/248
f 73/513/248 71/512/248 356/108/248 357/110/248
f 75/514/248 73/513/248 357/110/248 358/112/248
f 77/515/248 75/514/248 358/112/248 359/114/248
f 79/516/248 77/515/248 359/114/248 360/116/248
f 81/517/248 79/516/248 360/116/248 361/118/248
f 83/518/248 81/517/248 361/118/248 362/120/248
f 85/519/248 83/518/248 362/120/248 363/122/248
f 87/520/248 85/519/248 363/122/248 364/124/248
f 89/521/248 87/520/248 364/124/248 365/126/248
f 91/522/248 89/521/248 365/126/248 366/128/248
f 93/523/248 91/522/248 366/128/248 367/130/248
f 95/524/248 93/523/248 367/130/248 368/132/248
f 97/525/248 95/524/248 368/132/248 369/134/248
f 99/526/248 97/527/248 369/135/248 370/138/248
f 101/528/248 99/526/248 370/138/248 371/140/248
f 103/529/248 101/528/248 371/140/248 372/142/248
f 105/530/248 103/529/248 372/142/248 373/144/248
f 107/531/248 105/530/248 373/144/248 374/146/248
f 109/532/248 107/531/248 374/146/248 375/148/248
f 111/533/248 109/532/248 375/148/248 376/150/248
f 113/534/248 111/533/248 376/150/248 377/152/248
f 115/535/248 113/534/248 377/152/248 378/154/248
f 117/536/248 115/535/248 378/154/248 379/156/248
f 119/537/248 117/536/248 379/156/248 380/158/248
f 121/538/248 119/537/248 380/158/248 381/160/248
f 123/539/248 121/538/248 381/160/248 382/162/248
f 125/540/248 123/539/248 382/162/248 383/164/248
f 127/541/248 125/540/248 383/164/248 384/170/248
f 65/542/248 127/541/248 384/170/248 353/172/248
f 390/543/141 391/544/40 455/545/40 454/546/141
f 113/547/58 115/548/59 442/549/59 441/550/58
f 87/174/45 89/551/46 429/552/46 428/175/45
f 115/548/59 117/553/60 443/554/60 442/549/59
f 89/551/46 91/555/47 430/556/47 429/552/46
f 117/553/60 119/557/61 444/558/61 443/554/60
f 91/555/47 93/559/48 431/560/48 430/556/47
f 65/561/34 67/562/35 418/563/35 417/564/34
f 119/557/61 121/565/62 445/566/62 444/558/61
f 93/559/48 95/567/49 432/568/49 431/560/48
f 67/562/35 69/569/36 419/570/36 418/563/35
f 121/565/62 123/571/63 446/572/63 445/566/62
f 95/567/49 97/573/50 433/574/50 432/568/49
f 69/569/36 71/575/37 420/576/37 419/570/36
f 123/571/63 125/577/64 447/578/64 446/572/63
f 97/579/50 99/580/51 434/581/51 433/582/50
f 71/575/37 73/583/38 421/584/38 420/576/37
f 125/577/64 127/585/69 448/586/69 447/578/64
f 99/580/51 101/587/52 435/588/52 434/581/51
f 73/583/38 75/589/141 422/590/141 421/584/38
f 127/585/69 65/591/34 417/592/34 448/586/69
f 101/587/52 103/593/53 436/594/53 435/588/52
f 75/589/141 77/595/40 423/596/40 422/590/141
f 103/593/53 105/597/54 437/598/54 436/594/53
f 77/595/40 79/599/41 424/600/41 423/596/40
f 105/597/54 107/601/55 438/602/55 437/598/54
f 79/599/41 81/603/42 425/604/42 424/600/41
f 107/601/55 109/605/56 439/606/56 438/602/55
f 81/603/42 83/607/43 426/608/43 425/604/42
f 109/605/56 111/609/57 440/610/57 439/606/56
f 83/607/43 85/173/44 427/176/44 426/608/43
f 111/609/57 113/547/58 441/550/58 440/610/57
f 386/611/249 385/612/250 417/613/250 418/614/249
f 387/615/251 386/611/249 418/614/249 419/616/251
f 388/617/252 387/615/251 419/616/251 420/618/252
f 389/619/253 388/617/252 420/618/252 421/620/253
f 390/621/254 389/619/253 421/620/253 422/622/254
f 391/623/255 390/621/254 422/622/254 423/624/255
f 392/625/256 391/623/255 423/624/255 424/626/256
f 393/627/257 392/625/256 424/626/256 425/628/257
f 394/629/258 393/627/257 425/628/257 426/630/258
f 395/631/259 394/629/258 426/630/258 427/632/259
f 396/633/260 395/631/259 427/632/259 428/634/260
f 397/635/261 396/633/260 428/634/260 429/636/261
f 398/637/262 397/635/261 429/636/261 430/638/262
f 399/639/263 398/637/262 430/638/262 431/640/263
f 400/641/264 399/639/263 431/640/263 432/642/264
f 401/643/265 400/641/264 432/642/264 433/644/265
f 402/645/266 401/646/265 433/647/265 434/648/266
f 403/649/267 402/645/266 434/648/266 435/650/267
f 404/651/268 403/649/267 435/650/267 436/652/268
f 405/653/269 404/651/268 436/652/268 437/654/269
f 406/655/270 405/653/269 437/654/269 438/656/270
f 407/657/271 406/655/270 438/656/270 439/658/271
f 408/659/272 407/657/271 439/658/271 440/660/272
f 409/661/273 408/659/272 440/660/272 441/662/273
f 410/663/274 409/661/273 441/662/273 442/664/274
f 411/665/275 410/663/274 442/664/274 443/666/275
f 412/667/276 411/665/275 443/666/275 444/668/276
f 413/669/277 412/667/276 444/668/276 445/670/277
f 414/671/278 413/669/277 445/670/277 446/672/278
f 415/673/279 414/671/278 446/672/278 447/674/279
f 416/675/280 415/673/279 447/674/279 448/676/280
f 385/677/250 416/675/280 448/676/280 417/678/250
f 449/679/248 450/680/248 451/681/248 452/682/248 453/683/248 454/684/248 455/685/248 456/686/248 457/687/248 458/688/248 459/689/248 460/690/248 461/691/248 462/692/248 463/693/248 464/694/248 465/695/248 466/696/248 467/697/248 468/698/248 469/699/248 470/700/248 471/701/248 472/702/248 473/703/248 474/704/248 475/705/248 476/706/248 477/707/248 478/708/248 479/709/248 480/710/248
f 404/711/53 405/712/281 469/713/281 468/714/53
f 391/544/40 392/715/41 456/716/41 455/545/40
f 405/712/281 406/717/55 470/718/55 469/713/281
f 392/715/41 393/719/42 457/720/42 456/716/41
f 406/717/55 407/721/56 471/722/56 470/718/55
f 393/719/42 394/723/43 458/724/43 457/720/42
f 407/721/56 408/725/57 472/726/57 471/722/56
f 394/723/43 395/727/44 459/728/44 458/724/43
f 408/725/57 409/729/58 473/730/58 472/726/57
f 395/727/44 396/731/45 460/732/45 459/728/44
f 409/729/58 410/733/59 474/734/59 473/730/58
f 396/731/45 397/735/282 461/736/282 460/732/45
f 410/733/59 411/737/60 475/738/60 474/734/59
f 397/735/282 398/739/47 462/740/47 461/736/282
f 411/737/60 412/741/61 476/742/61 475/738/60
f 398/739/47 399/743/48 463/744/48 462/740/47
f 385/745/34 386/746/35 450/747/35 449/748/34
f 412/741/61 413/749/283 477/750/283 476/742/61
f 399/743/48 400/751/49 464/752/49 463/744/48
f 386/746/35 387/753/36 451/754/36 450/747/35
f 413/749/283 414/755/63 478/756/63 477/750/283
f 400/751/49 401/757/50 465/758/50 464/752/49
f 387/753/36 388/759/37 452/760/37 451/754/36
f 414/755/63 415/761/64 479/762/64 478/756/63
f 401/763/50 402/764/51 466/765/51 465/766/50
f 388/759/37 389/767/284 453/768/284 452/760/37
f 415/761/64 416/769/69 480/770/69 479/762/64
f 402/764/51 403/771/52 467/772/52 466/765/51
f 389/767/284 390/543/141 454/546/141 453/768/284
f 416/769/69 385/773/34 449/774/34 480/770/69
f 403/771/52 404/711/53 468/714/53 467/772/52
f 257/446/70 258/445/70 288/507/70 287/505/70 286/503/70 285/501/70 284/499/70 283/497/70 282/495/70 281/493/70 280/491/70 279/489/70 278/487/70 277/485/70 276/483/70 275/481/70 274/479/70 273/477/70 272/475/70 271/473/70 270/471/70 269/469/70 268/467/70 267/465/70 266/463/70 265/461/70 264/459/70 263/457/70 262/455/70 261/453/70 260/451/70 259/449/70
f 769/775/34 770/776/35 545/777/35 546/778/34
f 770/776/35 771/779/36 547/780/36 545/777/35
f 771/779/36 772/781/37 548/782/37 547/780/36
f 772/781/37 773/783/38 549/784/38 548/782/37
f 773/783/38 774/785/141 550/786/141 549/784/38
f 774/785/141 775/787/40 551/788/40 550/786/141
f 775/787/40 776/789/41 552/790/41 551/788/40
f 776/789/41 777/791/42 553/792/42 552/790/41
f 777/791/42 778/793/43 554/794/43 553/792/42
f 778/793/43 779/795/44 555/796/44 554/794/43
f 779/795/44 780/797/285 556/798/285 555/796/44
f 780/797/285 781/799/46 557/800/46 556/798/285
f 781/799/46 782/801/47 558/802/47 557/800/46
f 782/801/47 783/803/48 559/804/48 558/802/47
f 783/803/48 784/805/49 560/806/49 559/804/48
f 784/805/49 785/807/50 561/808/50 560/806/49
f 785/809/50 786/810/51 562/811/51 561/812/50
f 786/810/51 787/813/52 563/814/52 562/811/51
f 787/813/52 788/815/53 564/816/53 563/814/52
f 788/815/53 789/817/54 565/818/54 564/816/53
f 789/817/54 790/819/286 566/820/286 565/818/54
f 790/819/286 791/821/56 567/822/56 566/820/286
f 791/821/56 792/823/57 568/824/57 567/822/56
f 792/823/57 793/825/58 569/826/58 568/824/57
f 793/825/58 794/827/59 570/828/59 569/826/58
f 794/827/59 795/829/60 571/830/60 570/828/59
f 795/829/60 796/831/61 572/832/61 571/830/60
f 796/831/61 797/833/62 573/834/62 572/832/61
f 797/833/62 798/835/63 574/836/63 573/834/62
f 798/835/63 799/837/64 575/838/64 574/836/63
f 490/839/287 613/840/288 612/841/289 488/842/290
f 799/837/64 800/843/69 576/844/69 575/838/64
f 800/843/69 769/845/34 546/846/34 576/844/69
f 501/847/44 843/848/44 844/849/45 503/850/45
f 482/851/248 546/778/248 545/777/248 484/852/248
f 484/852/248 545/777/248 547/780/248 486/853/248
f 486/853/248 547/780/248 548/782/248 488/854/248
f 488/854/248 548/782/248 549/784/248 490/855/248
f 490/855/248 549/784/248 550/786/248 492/856/248
f 492/856/248 550/786/248 551/788/248 494/857/248
f 494/857/248 551/788/248 552/790/248 496/858/248
f 496/858/248 552/790/248 553/792/248 498/859/248
f 498/859/248 553/792/248 554/794/248 500/860/248
f 500/860/248 554/794/248 555/796/248 502/861/248
f 502/861/248 555/796/248 556/798/248 504/862/248
f 504/862/248 556/798/248 557/800/248 506/863/248
f 506/863/248 557/800/248 558/802/248 508/864/248
f 508/864/248 558/802/248 559/804/248 510/865/248
f 510/865/248 559/804/248 560/806/248 512/866/248
f 512/866/248 560/806/248 561/808/248 514/867/248
f 514/868/248 561/812/248 562/811/248 516/869/248
f 516/869/248 562/811/248 563/814/248 518/870/248
f 518/870/248 563/814/248 564/816/248 520/871/248
f 520/871/248 564/816/248 565/818/248 522/872/248
f 522/872/248 565/818/248 566/820/248 524/873/248
f 524/873/248 566/820/248 567/822/248 526/874/248
f 526/874/248 567/822/248 568/824/248 528/875/248
f 528/875/248 568/824/248 569/826/248 530/876/248
f 530/876/248 569/826/248 570/828/248 532/877/248
f 532/877/248 570/828/248 571/830/248 534/878/248
f 534/878/248 571/830/248 572/832/248 536/879/248
f 536/879/248 572/832/248 573/834/248 538/880/248
f 538/880/248 573/834/248 574/836/248 540/881/248
f 540/881/248 574/836/248 575/838/248 542/882/248
f 542/882/248 575/838/248 576/844/248 544/883/248
f 544/883/248 576/844/248 546/846/248 482/884/248
f 605/885/62 669/886/291 668/887/292 604/888/61
f 544/889/293 640/890/293 639/891/294 542/892/295
f 518/893/296 627/894/297 626/895/298 516/896/298
f 492/897/299 614/898/300 613/840/288 490/839/287
f 482/899/301 610/900/301 640/890/293 544/889/293
f 520/901/302 628/902/303 627/894/297 518/893/296
f 494/903/304 615/904/305 614/898/300 492/897/299
f 522/905/306 629/906/307 628/902/303 520/901/302
f 496/907/308 616/908/309 615/904/305 494/903/304
f 524/909/310 630/910/311 629/906/307 522/905/306
f 498/911/312 617/912/312 616/908/309 496/907/308
f 526/913/313 631/914/314 630/910/311 524/909/310
f 500/915/315 618/916/316 617/912/312 498/911/312
f 528/917/317 632/918/318 631/914/314 526/913/313
f 502/919/319 619/920/320 618/916/316 500/915/315
f 530/921/321 633/922/321 632/918/318 528/917/317
f 504/923/322 620/924/323 619/920/320 502/919/319
f 532/925/324 634/926/325 633/922/321 530/921/321
f 506/927/326 621/928/327 620/924/323 504/923/322
f 534/929/328 635/930/329 634/926/325 532/925/324
f 508/931/330 622/932/331 621/928/327 506/927/326
f 536/933/332 636/934/333 635/930/329 534/929/328
f 510/935/334 623/936/335 622/932/331 508/931/330
f 484/937/336 609/938/336 610/939/301 482/940/301
f 538/941/337 637/942/338 636/934/333 536/933/332
f 512/943/339 624/944/339 623/936/335 510/935/334
f 486/945/340 611/946/341 609/938/336 484/937/336
f 540/947/342 638/948/343 637/942/338 538/941/337
f 514/949/344 625/950/344 624/944/339 512/943/339
f 488/842/290 612/841/289 611/946/341 486/945/340
f 542/892/295 639/891/294 638/948/343 540/947/342
f 516/896/298 626/895/298 625/951/344 514/952/344
f 578/953/248 610/939/248 609/938/248 577/954/248
f 577/954/248 609/938/248 611/946/248 579/955/248
f 579/955/248 611/946/248 612/841/248 580/956/248
f 580/956/248 612/841/248 613/840/248 581/957/248
f 581/957/248 613/840/248 614/898/248 582/958/248
f 582/958/248 614/898/248 615/904/248 583/959/248
f 583/959/248 615/904/248 616/908/248 584/960/248
f 584/960/248 616/908/248 617/912/248 585/961/248
f 585/961/248 617/912/248 618/916/248 586/962/248
f 586/962/248 618/916/248 619/920/248 587/963/248
f 587/963/248 619/920/248 620/924/248 588/964/248
f 588/964/248 620/924/248 621/928/248 589/965/248
f 589/965/248 621/928/248 622/932/248 590/966/248
f 590/966/248 622/932/248 623/936/248 591/967/248
f 591/967/248 623/936/248 624/944/248 592/968/248
f 592/968/248 624/944/248 625/950/248 593/969/248
f 593/970/248 625/951/248 626/895/248 594/971/248
f 594/971/248 626/895/248 627/894/248 595/972/248
f 595/972/248 627/894/248 628/902/248 596/973/248
f 596/973/248 628/902/248 629/906/248 597/974/248
f 597/974/248 629/906/248 630/910/248 598/975/248
f 598/975/248 630/910/248 631/914/248 599/976/248
f 599/976/248 631/914/248 632/918/248 600/977/248
f 600/977/248 632/918/248 633/922/248 601/978/248
f 601/978/248 633/922/248 634/926/248 602/979/248
f 602/979/248 634/926/248 635/930/248 603/980/248
f 603/980/248 635/930/248 636/934/248 604/981/248
f 604/981/248 636/934/248 637/942/248 605/982/248
f 605/982/248 637/942/248 638/948/248 606/983/248
f 606/983/248 638/948/248 639/891/248 607/984/248
f 607/984/248 639/891/248 640/890/248 608/985/248
f 608/985/248 640/890/248 610/900/248 578/986/248
f 706/987/247 768/988/345 767/989/346 705/990/221
f 592/991/49 656/992/347 655/993/348 591/994/48
f 579/995/36 643/996/349 641/997/350 577/998/35
f 606/999/63 670/1000/351 669/886/291 605/885/62
f 593/1001/50 657/1002/352 656/992/347 592/991/49
f 580/1003/37 644/1004/353 643/996/349 579/995/36
f 607/1005/64 671/1006/354 670/1000/351 606/999/63
f 594/1007/51 658/1008/355 657/1009/352 593/1010/50
f 581/1011/38 645/1012/356 644/1004/353 580/1003/37
f 608/1013/69 672/1014/357 671/1006/354 607/1005/64
f 595/1015/52 659/1016/358 658/1008/355 594/1007/51
f 582/1017/141 646/1018/359 645/1012/356 581/1011/38
f 578/1019/34 642/1020/360 672/1014/357 608/1013/69
f 596/1021/53 660/1022/361 659/1016/358 595/1015/52
f 583/1023/40 647/1024/362 646/1018/359 582/1017/141
f 597/1025/54 661/1026/363 660/1022/361 596/1021/53
f 584/1027/41 648/1028/364 647/1024/362 583/1023/40
f 598/1029/55 662/1030/365 661/1026/363 597/1025/54
f 585/1031/42 649/1032/366 648/1028/364 584/1027/41
f 599/1033/56 663/1034/367 662/1030/365 598/1029/55
f 586/1035/43 650/1036/368 649/1032/366 585/1031/42
f 600/1037/57 664/1038/369 663/1034/367 599/1033/56
f 587/1039/44 651/1040/370 650/1036/368 586/1035/43
f 601/1041/58 665/1042/371 664/1038/369 600/1037/57
f 588/1043/45 652/1044/372 651/1040/370 587/1039/44
f 602/1045/59 666/1046/373 665/1042/371 601/1041/58
f 589/1047/46 653/1048/374 652/1044/372 588/1043/45
f 603/1049/60 667/1050/375 666/1046/373 602/1045/59
f 590/1051/47 654/1052/376 653/1048/374 589/1047/46
f 604/888/61 668/887/292 667/1050/375 603/1049/60
f 591/994/48 655/993/348 654/1052/376 590/1051/47
f 577/998/35 641/997/350 642/1053/360 578/1054/34
f 708/1055/246 755/1056/377 754/1057/378 707/1058/219
f 710/1059/245 742/1060/379 741/1061/380 709/1062/217
f 711/1063/228 738/1064/228 768/988/345 706/987/247
f 712/1065/244 756/1066/381 755/1056/377 708/1055/246
f 713/1067/243 743/1068/382 742/1060/379 710/1059/245
f 714/1069/242 757/1070/383 756/1066/381 712/1065/244
f 715/1071/241 744/1072/384 743/1068/382 713/1067/243
f 716/1073/240 758/1074/385 757/1070/383 714/1069/242
f 717/1075/239 745/1076/239 744/1072/384 715/1071/241
f 718/1077/238 759/1078/386 758/1074/385 716/1073/240
f 719/1079/237 746/1080/387 745/1076/239 717/1075/239
f 720/1081/236 760/1082/388 759/1078/386 718/1077/238
f 721/1083/235 747/1084/389 746/1080/387 719/1079/237
f 722/1085/234 761/1086/234 760/1082/388 720/1081/236
f 723/1087/233 748/1088/390 747/1084/389 721/1083/235
f 724/1089/232 762/1090/391 761/1086/234 722/1085/234
f 725/1091/231 749/1092/392 748/1088/390 723/1087/233
f 726/1093/230 763/1094/393 762/1090/391 724/1089/232
f 727/1095/229 750/1096/394 749/1092/392 725/1091/231
f 728/1097/227 764/1098/395 763/1094/393 726/1093/230
f 729/1099/226 751/1100/396 750/1096/394 727/1095/229
f 730/1101/225 737/1102/397 738/1103/228 711/1104/228
f 731/1105/224 765/1106/398 764/1098/395 728/1097/227
f 732/1107/223 752/1108/399 751/1100/396 729/1099/226
f 733/1109/222 739/1110/400 737/1102/397 730/1101/225
f 734/1111/220 766/1112/401 765/1106/398 731/1105/224
f 735/1113/218 753/1114/218 752/1108/399 732/1107/223
f 736/1115/216 740/1116/402 739/1110/400 733/1109/222
f 705/990/221 767/989/346 766/1112/401 734/1111/220
f 707/1058/219 754/1057/378 753/1117/218 735/1118/218
f 709/1062/217 741/1061/380 740/1116/402 736/1115/216
f 645/1012/356 709/1062/165 736/1115/214 644/1004/353
f 658/1008/355 707/1058/161 735/1118/213 657/1009/352
f 671/1006/354 705/990/126 734/1111/211 670/1000/351
f 644/1004/353 736/1115/214 733/1109/209 643/996/349
f 657/1002/352 735/1113/213 732/1107/207 656/992/347
f 670/1000/351 734/1111/211 731/1105/205 669/886/291
f 643/996/349 733/1109/209 730/1101/203 641/997/350
f 656/992/347 732/1107/207 729/1099/201 655/993/348
f 669/886/291 731/1105/205 728/1097/199 668/887/292
f 641/997/350 730/1101/203 711/1104/168 642/1053/360
f 655/993/348 729/1099/201 727/1095/197 654/1052/376
f 668/887/292 728/1097/199 726/1093/195 667/1050/375
f 654/1052/376 727/1095/197 725/1091/193 653/1048/374
f 667/1050/375 726/1093/195 724/1089/191 666/1046/373
f 653/1048/374 725/1091/193 723/1087/189 652/1044/372
f 666/1046/373 724/1089/191 722/1085/188 665/1042/371
f 652/1044/372 723/1087/189 721/1083/186 651/1040/370
f 665/1042/371 722/1085/188 720/1081/184 664/1038/369
f 651/1040/370 721/1083/186 719/1079/182 650/1036/368
f 664/1038/369 720/1081/184 718/1077/180 663/1034/367
f 650/1036/368 719/1079/182 717/1075/179 649/1032/366
f 663/1034/367 718/1077/180 716/1073/177 662/1030/365
f 649/1032/366 717/1075/179 715/1071/175 648/1028/364
f 662/1030/365 716/1073/177 714/1069/173 661/1026/363
f 648/1028/364 715/1071/175 713/1067/171 647/1024/362
f 661/1026/363 714/1069/173 712/1065/169 660/1022/361
f 647/1024/362 713/1067/171 710/1059/164 646/1018/359
f 660/1022/361 712/1065/169 708/1055/160 659/1016/358
f 642/1020/360 711/1063/168 706/987/125 672/1014/357
f 646/1018/359 710/1059/164 709/1062/165 645/1012/356
f 659/1016/358 708/1055/160 707/1058/161 658/1008/355
f 672/1014/357 706/987/125 705/990/126 671/1006/354
f 674/1119/248 738/1120/248 737/1121/248 673/1122/248
f 673/1122/248 737/1121/248 739/1123/248 675/1124/248
f 675/1124/248 739/1123/248 740/1125/248 676/1126/248
f 676/1126/248 740/1125/248 741/1127/248 677/1128/248
f 677/1128/248 741/1127/248 742/1129/248 678/1130/248
f 678/1130/248 742/1129/248 743/1131/248 679/1132/248
f 679/1132/248 743/1131/248 744/1133/248 680/1134/248
f 680/1134/248 744/1133/248 745/1135/248 681/1136/248
f 681/1136/248 745/1135/248 746/1137/248 682/1138/248
f 682/1138/248 746/1137/248 747/1139/248 683/1140/248
f 683/1140/248 747/1139/248 748/1141/248 684/1142/248
f 684/1142/248 748/1141/248 749/1143/248 685/1144/248
f 685/1144/248 749/1143/248 750/1145/248 686/1146/248
f 686/1146/248 750/1145/248 751/1147/248 687/1148/248
f 687/1148/248 751/1147/248 752/1149/248 688/1150/248
f 688/1150/248 752/1149/248 753/1151/248 689/1152/248
f 689/1152/248 753/1151/248 754/1153/248 690/1154/248
f 690/1154/248 754/1153/248 755/1155/248 691/1156/248
f 691/1156/248 755/1155/248 756/1157/248 692/1158/248
f 692/1158/248 756/1157/248 757/1159/248 693/1160/248
f 693/1160/248 757/1159/248 758/1161/248 694/1162/248
f 694/1162/248 758/1161/248 759/1163/248 695/1164/248
f 695/1164/248 759/1163/248 760/1165/248 696/1166/248
f 696/1166/248 760/1165/248 761/1167/248 697/1168/248
f 697/1168/248 761/1167/248 762/1169/248 698/1170/248
f 698/1170/248 762/1169/248 763/1171/248 699/1172/248
f 699/1172/248 763/1171/248 764/1173/248 700/1174/248
f 700/1174/248 764/1173/248 765/1175/248 701/1176/248
f 701/1176/248 765/1175/248 766/1177/248 702/1178/248
f 702/1178/248 766/1177/248 767/1179/248 703/1180/248
f 703/1180/248 767/1179/248 768/1181/248 704/1182/248
f 704/1182/248 768/1181/248 738/1120/248 674/1119/248
f 483/1183/70 770/776/70 769/775/70 481/1184/70
f 485/1185/70 771/779/70 770/776/70 483/1183/70
f 487/1186/70 772/781/70 771/779/70 485/1185/70
f 489/1187/70 773/783/70 772/781/70 487/1186/70
f 491/1188/70 774/785/70 773/783/70 489/1187/70
f 493/1189/70 775/787/70 774/785/70 491/1188/70
f 495/1190/70 776/789/70 775/787/70 493/1189/70
f 497/1191/70 777/791/70 776/789/70 495/1190/70
f 499/1192/70 778/793/70 777/791/70 497/1191/70
f 501/1193/70 779/795/70 778/793/70 499/1192/70
f 503/1194/70 780/797/70 779/795/70 501/1193/70
f 505/1195/70 781/799/70 780/797/70 503/1194/70
f 507/1196/70 782/801/70 781/799/70 505/1195/70
f 509/1197/70 783/803/70 782/801/70 507/1196/70
f 511/1198/70 784/805/70 783/803/70 509/1197/70
f 513/1199/70 785/807/70 784/805/70 511/1198/70
f 515/1200/70 786/810/70 785/809/70 513/1201/70
f 517/1202/70 787/813/70 786/810/70 515/1200/70
f 519/1203/70 788/815/70 787/813/70 517/1202/70
f 521/1204/70 789/817/70 788/815/70 519/1203/70
f 523/1205/70 790/819/70 789/817/70 521/1204/70
f 525/1206/70 791/821/70 790/819/70 523/1205/70
f 527/1207/70 792/823/70 791/821/70 525/1206/70
f 529/1208/70 793/825/70 792/823/70 527/1207/70
f 531/1209/70 794/827/70 793/825/70 529/1208/70
f 533/1210/70 795/829/70 794/827/70 531/1209/70
f 535/1211/70 796/831/70 795/829/70 533/1210/70
f 537/1212/70 797/833/70 796/831/70 535/1211/70
f 539/1213/70 798/835/70 797/833/70 537/1212/70
f 541/1214/70 799/837/70 798/835/70 539/1213/70
f 543/1215/70 800/843/70 799/837/70 541/1214/70
f 481/1216/70 769/845/70 800/843/70 543/1215/70
f 806/1217/141 870/1218/141 871/1219/40 807/1220/40
f 529/1221/58 857/1222/58 858/1223/59 531/1224/59
f 503/850/45 844/849/45 845/1225/46 505/1226/46
f 531/1224/59 858/1223/59 859/1227/60 533/1228/60
f 505/1226/46 845/1225/46 846/1229/47 507/1230/47
f 533/1228/60 859/1227/60 860/1231/61 535/1232/61
f 507/1230/47 846/1229/47 847/1233/48 509/1234/48
f 481/1235/34 833/1236/34 834/1237/35 483/1238/35
f 535/1232/61 860/1231/61 861/1239/62 537/1240/62
f 509/1234/48 847/1233/48 848/1241/49 511/1242/49
f 483/1238/35 834/1237/35 835/1243/36 485/1244/36
f 537/1240/62 861/1239/62 862/1245/63 539/1246/63
f 511/1242/49 848/1241/49 849/1247/50 513/1248/50
f 485/1244/36 835/1243/36 836/1249/37 487/1250/37
f 539/1246/63 862/1245/63 863/1251/64 541/1252/64
f 513/1253/50 849/1254/50 850/1255/51 515/1256/51
f 487/1250/37 836/1249/37 837/1257/38 489/1258/38
f 541/1252/64 863/1251/64 864/1259/69 543/1260/69
f 515/1256/51 850/1255/51 851/1261/52 517/1262/52
f 489/1258/38 837/1257/38 838/1263/141 491/1264/141
f 543/1260/69 864/1259/69 833/1265/34 481/1266/34
f 517/1262/52 851/1261/52 852/1267/53 519/1268/53
f 491/1264/141 838/1263/141 839/1269/40 493/1270/40
f 519/1268/53 852/1267/53 853/1271/54 521/1272/54
f 493/1270/40 839/1269/40 840/1273/41 495/1274/41
f 521/1272/54 853/1271/54 854/1275/55 523/1276/55
f 495/1274/41 840/1273/41 841/1277/42 497/1278/42
f 523/1276/55 854/1275/55 855/1279/56 525/1280/56
f 497/1278/42 841/1277/42 842/1281/43 499/1282/43
f 525/1280/56 855/1279/56 856/1283/57 527/1284/57
f 499/1282/43 842/1281/43 843/848/44 501/847/44
f 527/1284/57 856/1283/57 857/1222/58 529/1221/58
f 802/1285/403 834/1286/403 833/1287/404 801/1288/404
f 803/1289/405 835/1290/405 834/1286/403 802/1285/403
f 804/1291/406 836/1292/406 835/1290/405 803/1289/405
f 805/1293/407 837/1294/407 836/1292/406 804/1291/406
f 806/1295/408 838/1296/408 837/1294/407 805/1293/407
f 807/1297/409 839/1298/409 838/1296/408 806/1295/408
f 808/1299/410 840/1300/410 839/1298/409 807/1297/409
f 809/1301/411 841/1302/411 840/1300/410 808/1299/410
f 810/1303/412 842/1304/412 841/1302/411 809/1301/411
f 811/1305/413 843/1306/413 842/1304/412 810/1303/412
f 812/1307/414 844/1308/414 843/1306/413 811/1305/413
f 813/1309/415 845/1310/415 844/1308/414 812/1307/414
f 814/1311/416 846/1312/416 845/1310/415 813/1309/415
f 815/1313/417 847/1314/417 846/1312/416 814/1311/416
f 816/1315/418 848/1316/418 847/1314/417 815/1313/417
f 817/1317/419 849/1318/419 848/1316/418 816/1315/418
f 818/1319/420 850/1320/420 849/1321/419 817/1322/419
f 819/1323/421 851/1324/421 850/1320/420 818/1319/420
f 820/1325/422 852/1326/422 851/1324/421 819/1323/421
f 821/1327/423 853/1328/423 852/1326/422 820/1325/422
f 822/1329/424 854/1330/424 853/1328/423 821/1327/423
f 823/1331/425 855/1332/425 854/1330/424 822/1329/424
f 824/1333/426 856/1334/426 855/1332/425 823/1331/425
f 825/1335/427 857/1336/427 856/1334/426 824/1333/426
f 826/1337/428 858/1338/428 857/1336/427 825/1335/427
f 827/1339/429 859/1340/429 858/1338/428 826/1337/428
f 828/1341/430 860/1342/430 859/1340/429 827/1339/429
f 829/1343/431 861/1344/431 860/1342/430 828/1341/430
f 830/1345/432 862/1346/432 861/1344/431 829/1343/431
f 831/1347/433 863/1348/433 862/1346/432 830/1345/432
f 832/1349/434 864/1350/434 863/1348/433 831/1347/433
f 801/1351/404 833/1352/404 864/1350/434 832/1349/434
f 865/1353/70 896/1354/70 895/1355/70 894/1356/70 893/1357/70 892/1358/70 891/1359/70 890/1360/70 889/1361/70 888/1362/70 887/1363/70 886/1364/70 885/1365/70 884/1366/70 883/1367/70 882/1368/70 881/1369/70 880/1370/70 879/1371/70 878/1372/70 877/1373/70 876/1374/70 875/1375/70 874/1376/70 873/1377/70 872/1378/70 871/1379/70 870/1380/70 869/1381/70 868/1382/70 867/1383/70 866/1384/70
f 820/1385/53 884/1386/53 885/1387/281 821/1388/281
f 807/1220/40 871/1219/40 872/1389/41 808/1390/41
f 821/1388/281 885/1387/281 886/1391/55 822/1392/55
f 808/1390/41 872/1389/41 873/1393/42 809/1394/42
f 822/1392/55 886/1391/55 887/1395/56 823/1396/56
f 809/1394/42 873/1393/42 874/1397/43 810/1398/43
f 823/1396/56 887/1395/56 888/1399/57 824/1400/57
f 810/1398/43 874/1397/43 875/1401/44 811/1402/44
f 824/1400/57 888/1399/57 889/1403/58 825/1404/58
f 811/1402/44 875/1401/44 876/1405/45 812/1406/45
f 825/1404/58 889/1403/58 890/1407/59 826/1408/59
f 812/1406/45 876/1405/45 877/1409/282 813/1410/282
f 826/1408/59 890/1407/59 891/1411/60 827/1412/60
f 813/1410/282 877/1409/282 878/1413/47 814/1414/47
f 827/1412/60 891/1411/60 892/1415/61 828/1416/61
f 814/1414/47 878/1413/47 879/1417/48 815/1418/48
f 801/1419/34 865/1420/34 866/1421/35 802/1422/35
f 828/1416/61 892/1415/61 893/1423/283 829/1424/283
f 815/1418/48 879/1417/48 880/1425/49 816/1426/49
f 802/1422/35 866/1421/35 867/1427/36 803/1428/36
f 829/1424/283 893/1423/283 894/1429/63 830/1430/63
f 816/1426/49 880/1425/49 881/1431/50 817/1432/50
f 803/1428/36 867/1427/36 868/1433/37 804/1434/37
f 830/1430/63 894/1429/63 895/1435/64 831/1436/64
f 817/1437/50 881/1438/50 882/1439/51 818/1440/51
f 804/1434/37 868/1433/37 869/1441/284 805/1442/284
f 831/1436/64 895/1435/64 896/1443/69 832/1444/69
f 818/1440/51 882/1439/51 883/1445/52 819/1446/52
f 805/1442/284 869/1441/284 870/1218/141 806/1217/141
f 832/1444/69 896/1443/69 865/1447/34 801/1448/34
f 819/1446/52 883/1445/52 884/1386/53 820/1385/53
f 673/1122/248 675/1124/248 676/1126/248 677/1128/248 678/1130/248 679/1132/248 680/1134/248 681/1136/248 682/1138/248 683/1140/248 684/1142/248 685/1144/248 686/1146/248 687/1148/248 688/1150/248 689/1152/248 690/1154/248 691/1156/248 692/1158/248 693/1160/248 694/1162/248 695/1164/248 696/1166/248 697/1168/248 698/1170/248 699/1172/248 700/1174/248 701/1176/248 702/1178/248 703/1180/248 704/1182/248 674/1119/248
f 961/1449/70 898/1450/70 900/1451/435 962/1452/435
f 962/1452/435 900/1451/435 902/1453/436 963/1454/436
f 963/1454/436 902/1453/436 904/1455/437 964/1456/437
f 964/1456/437 904/1455/437 906/1457/438 965/1458/438
f 965/1458/438 906/1457/438 908/1459/439 966/1460/439
f 966/1460/439 908/1459/439 910/1461/440 967/1462/440
f 967/1462/440 910/1461/440 912/1463/441 968/1464/441
f 968/1464/441 912/1463/441 914/1465/42 969/1466/42
f 969/1467/42 914/1468/42 916/1469/442 970/1470/442
f 970/1470/442 916/1469/442 918/1471/443 971/1472/443
f 971/1472/443 918/1471/443 920/1473/444 972/1474/444
f 972/1474/444 920/1473/444 922/1475/445 973/1476/445
f 973/1476/445 922/1475/445 924/1477/446 974/1478/446
f 974/1478/446 924/1477/446 926/1479/447 975/1480/447
f 975/1480/447 926/1479/447 928/1481/448 976/1482/448
f 976/1482/448 928/1481/448 930/1483/248 977/1484/248
f 977/1484/248 930/1483/248 932/1485/449 978/1486/449
f 978/1486/449 932/1485/449 934/1487/450 979/1488/450
f 979/1488/450 934/1487/450 936/1489/451 980/1490/451
f 980/1490/451 936/1489/451 938/1491/452 981/1492/452
f 981/1492/452 938/1491/452 940/1493/453 982/1494/453
f 982/1494/453 940/1493/453 942/1495/454 983/1496/454
f 983/1496/454 942/1495/454 944/1497/455 984/1498/455
f 984/1498/455 944/1497/455 946/1499/58 985/1500/58
f 985/1501/58 946/1502/58 948/1503/456 986/1504/456
f 986/1504/456 948/1503/456 950/1505/457 987/1506/457
f 987/1506/457 950/1505/457 952/1507/458 988/1508/458
f 988/1508/458 952/1507/458 954/1509/459 989/1510/459
f 989/1510/459 954/1509/459 956/1511/460 990/1512/460
f 990/1512/460 956/1511/460 958/1513/461 991/1514/461
f 900/1515/50 898/1516/50 960/1517/50 958/1518/50 956/1519/50 954/1520/50 952/1521/50 950/1522/50 948/1523/50 946/1524/50 944/1525/50 942/1526/50 940/1527/50 938/1528/50 936/1529/50 934/1530/50 932/1531/50 930/1532/50 928/1533/50 926/1534/50 924/1535/50 922/1536/50 920/1537/50 918/1538/50 916/1539/50 914/1540/50 912/1541/50 910/1542/50 908/1543/50 906/1544/50 904/1545/50 902/1546/50
f 991/1514/461 958/1513/461 960/1547/462 992/1548/462
f 992/1548/462 960/1547/462 898/1450/70 961/1449/70
f 899/1549/435 901/1550/436 1027/1551/436 1026/1552/435
f 899/1549/463 897/1553/464 961/1554/464 962/1555/463
f 901/1550/465 899/1549/463 962/1555/463 963/1556/465
f 903/1557/466 901/1550/465 963/1556/465 964/1558/466
f 905/1559/467 903/1557/466 964/1558/466 965/1560/467
f 907/1561/468 905/1559/467 965/1560/467 966/1562/468
f 909/1563/469 907/1561/468 966/1562/468 967/1564/469
f 911/1565/470 909/1563/469 967/1564/469 968/1566/470
f 913/1567/471 911/1565/470 968/1566/470 969/1568/471
f 915/1569/472 913/1570/471 969/1571/471 970/1572/472
f 917/1573/473 915/1569/472 970/1572/472 971/1574/473
f 919/1575/474 917/1573/473 971/1574/473 972/1576/474
f 921/1577/475 919/1575/474 972/1576/474 973/1578/475
f 923/1579/476 921/1577/475 973/1578/475 974/1580/476
f 925/1581/477 923/1579/476 974/1580/476 975/1582/477
f 927/1583/478 925/1581/477 975/1582/477 976/1584/478
f 929/1585/479 927/1583/478 976/1584/478 977/1586/479
f 931/1587/480 929/1585/479 977/1586/479 978/1588/480
f 933/1589/481 931/1587/480 978/1588/480 979/1590/481
f 935/1591/482 933/1589/481 979/1590/481 980/1592/482
f 937/1593/483 935/1591/482 980/1592/482 981/1594/483
f 939/1595/484 937/1593/483 981/1594/483 982/1596/484
f 941/1597/485 939/1595/484 982/1596/484 983/1598/485
f 943/1599/486 941/1597/485 983/1598/485 984/1600/486
f 945/1601/487 943/1599/486 984/1600/486 985/1602/487
f 947/1603/488 945/1604/487 985/1605/487 986/1606/488
f 949/1607/489 947/1603/488 986/1606/488 987/1608/489
f 951/1609/490 949/1607/489 987/1608/489 988/1610/490
f 953/1611/491 951/1609/490 988/1610/490 989/1612/491
f 955/1613/492 953/1611/491 989/1612/491 990/1614/492
f 957/1615/493 955/1613/492 990/1614/492 991/1616/493
f 959/1617/494 957/1615/493 991/1616/493 992/1618/494
f 897/1553/464 959/1617/494 992/1618/494 961/1554/464
f 999/1619/495 1000/1620/496 1096/1621/496 1095/1622/495
f 953/1611/459 955/1613/460 1054/1623/460 1053/1624/459
f 927/1583/448 929/1585/248 1041/1625/248 1040/1626/448
f 901/1550/436 903/1557/437 1028/1627/437 1027/1551/436
f 955/1613/460 957/1615/461 1055/1628/461 1054/1623/460
f 929/1585/248 931/1587/449 1042/1629/449 1041/1625/248
f 903/1557/437 905/1559/438 1029/1630/438 1028/1627/437
f 957/1615/461 959/1617/462 1056/1631/462 1055/1628/461
f 931/1587/449 933/1589/450 1043/1632/450 1042/1629/449
f 905/1559/438 907/1561/439 1030/1633/439 1029/1630/438
f 959/1617/462 897/1553/70 1025/1634/70 1056/1631/462
f 933/1589/450 935/1591/451 1044/1635/451 1043/1632/450
f 907/1561/439 909/1563/440 1031/1636/440 1030/1633/439
f 935/1591/451 937/1593/452 1045/1637/452 1044/1635/451
f 909/1563/440 911/1565/441 1032/1638/441 1031/1636/440
f 937/1593/452 939/1595/453 1046/1639/453 1045/1637/452
f 911/1565/441 913/1567/42 1033/1640/42 1032/1638/441
f 939/1595/453 941/1597/454 1047/1641/454 1046/1639/453
f 913/1570/42 915/1569/442 1034/1642/442 1033/1643/42
f 941/1597/454 943/1599/455 1048/1644/455 1047/1641/454
f 915/1569/442 917/1573/443 1035/1645/443 1034/1642/442
f 943/1599/455 945/1601/58 1049/1646/58 1048/1644/455
f 917/1573/443 919/1575/444 1036/1647/444 1035/1645/443
f 945/1604/58 947/1603/456 1050/1648/456 1049/1649/58
f 919/1575/444 921/1577/445 1037/1650/445 1036/1647/444
f 947/1603/456 949/1607/457 1051/1651/457 1050/1648/456
f 921/1577/445 923/1579/446 1038/1652/446 1037/1650/445
f 949/1607/457 951/1609/458 1052/1653/458 1051/1651/457
f 923/1579/446 925/1581/447 1039/1654/447 1038/1652/446
f 897/1553/70 899/1549/435 1026/1552/435 1025/1634/70
f 951/1609/458 953/1611/459 1053/1624/459 1052/1653/458
f 925/1581/447 927/1583/448 1040/1626/448 1039/1654/447
f 994/1655/497 993/1656/498 1025/1657/498 1026/1658/497
f 995/1659/499 994/1655/497 1026/1658/497 1027/1660/499
f 996/1661/500 995/1659/499 1027/1660/499 1028/1662/500
f 997/1663/501 996/1661/500 1028/1662/500 1029/1664/501
f 998/1665/502 997/1663/501 1029/1664/501 1030/1666/502
f 999/1619/503 998/1665/502 1030/1666/502 1031/1667/503
f 1000/1620/504 999/1619/503 1031/1667/503 1032/1668/504
f 1001/1669/505 1000/1620/504 1032/1668/504 1033/1670/505
f 1002/1671/506 1001/1672/505 1033/1673/505 1034/1674/506
f 1003/1675/507 1002/1671/506 1034/1674/506 1035/1676/507
f 1004/1677/508 1003/1675/507 1035/1676/507 1036/1678/508
f 1005/1679/509 1004/1677/508 1036/1678/508 1037/1680/509
f 1006/1681/510 1005/1679/509 1037/1680/509 1038/1682/510
f 1007/1683/511 1006/1681/510 1038/1682/510 1039/1684/511
f 1008/1685/512 1007/1683/511 1039/1684/511 1040/1686/512
f 1009/1687/513 1008/1685/512 1040/1686/512 1041/1688/513
f 1010/1689/514 1009/1687/513 1041/1688/513 1042/1690/514
f 1011/1691/515 1010/1689/514 1042/1690/514 1043/1692/515
f 1012/1693/516 1011/1691/515 1043/1692/515 1044/1694/516
f 1013/1695/517 1012/1693/516 1044/1694/516 1045/1696/517
f 1014/1697/518 1013/1695/517 1045/1696/517 1046/1698/518
f 1015/1699/519 1014/1697/518 1046/1698/518 1047/1700/519
f 1016/1701/520 1015/1699/519 1047/1700/519 1048/1702/520
f 1017/1703/521 1016/1701/520 1048/1702/520 1049/1704/521
f 1018/1705/522 1017/1706/521 1049/1707/521 1050/1708/522
f 1019/1709/523 1018/1705/522 1050/1708/522 1051/1710/523
f 1020/1711/524 1019/1709/523 1051/1710/523 1052/1712/524
f 1021/1713/525 1020/1711/524 1052/1712/524 1053/1714/525
f 1022/1715/526 1021/1713/525 1053/1714/525 1054/1716/526
f 1023/1717/527 1022/1715/526 1054/1716/526 1055/1718/527
f 1024/1719/528 1023/1717/527 1055/1718/527 1056/1720/528
f 993/1656/498 1024/1719/528 1056/1720/528 1025/1657/498
f 1059/1721/529 1060/1722/530 1124/1723/530 1123/1724/529
f 1013/1695/531 1014/1697/532 1110/1725/532 1109/1726/531
f 1000/1620/496 1001/1669/533 1097/1727/533 1096/1621/496
f 1014/1697/532 1015/1699/534 1111/1728/534 1110/1725/532
f 1001/1672/533 1002/1671/535 1098/1729/535 1097/1730/533
f 1015/1699/534 1016/1701/536 1112/1731/536 1111/1728/534
f 1002/1671/535 1003/1675/537 1099/1732/537 1098/1729/535
f 1016/1701/536 1017/1703/538 1113/1733/538 1112/1731/536
f 1003/1675/537 1004/1677/539 1100/1734/539 1099/1732/537
f 1017/1706/538 1018/1705/540 1114/1735/540 1113/1736/538
f 1004/1677/539 1005/1679/541 1101/1737/541 1100/1734/539
f 1018/1705/540 1019/1709/542 1115/1738/542 1114/1735/540
f 1005/1679/541 1006/1681/543 1102/1739/543 1101/1737/541
f 1019/1709/542 1020/1711/544 1116/1740/544 1115/1738/542
f 1006/1681/543 1007/1683/545 1103/1741/545 1102/1739/543
f 993/1656/546 994/1655/547 1090/1742/547 1089/1743/546
f 1020/1711/544 1021/1713/548 1117/1744/548 1116/1740/544
f 1007/1683/545 1008/1685/549 1104/1745/549 1103/1741/545
f 994/1655/547 995/1659/550 1091/1746/550 1090/1742/547
f 1021/1713/548 1022/1715/551 1118/1747/551 1117/1744/548
f 1008/1685/549 1009/1687/552 1105/1748/552 1104/1745/549
f 995/1659/550 996/1661/553 1092/1749/553 1091/1746/550
f 1022/1715/551 1023/1717/554 1119/1750/554 1118/1747/551
f 1009/1687/552 1010/1689/555 1106/1751/555 1105/1748/552
f 996/1661/553 997/1663/556 1093/1752/556 1092/1749/553
f 1023/1717/554 1024/1719/557 1120/1753/557 1119/1750/554
f 1010/1689/555 1011/1691/558 1107/1754/558 1106/1751/555
f 997/1663/556 998/1665/559 1094/1755/559 1093/1752/556
f 1024/1719/557 993/1656/546 1089/1743/546 1120/1753/557
f 1011/1691/558 1012/1693/560 1108/1756/560 1107/1754/558
f 998/1665/559 999/1619/495 1095/1622/495 1094/1755/559
f 1012/1693/560 1013/1695/531 1109/1726/531 1108/1756/560
f 1058/1757/50 1057/1758/50 1089/1759/50 1090/1760/50
f 1059/1721/50 1058/1757/50 1090/1760/50 1091/1761/50
f 1060/1722/50 1059/1721/50 1091/1761/50 1092/1762/50
f 1061/1763/50 1060/1722/50 1092/1762/50 1093/1764/50
f 1062/1765/50 1061/1763/50 1093/1764/50 1094/1766/50
f 1063/1767/50 1062/1765/50 1094/1766/50 1095/1768/50
f 1064/1769/50 1063/1767/50 1095/1768/50 1096/1770/50
f 1065/1771/50 1064/1769/50 1096/1770/50 1097/1772/50
f 1066/1773/50 1065/1774/50 1097/1775/50 1098/1776/50
f 1067/1777/50 1066/1773/50 1098/1776/50 1099/1778/50
f 1068/1779/50 1067/1777/50 1099/1778/50 1100/1780/50
f 1069/1781/50 1068/1779/50 1100/1780/50 1101/1782/50
f 1070/1783/50 1069/1781/50 1101/1782/50 1102/1784/50
f 1071/1785/50 1070/1783/50 1102/1784/50 1103/1786/50
f 1072/1787/50 1071/1785/50 1103/1786/50 1104/1788/50
f 1073/1789/50 1072/1787/50 1104/1788/50 1105/1790/50
f 1074/1791/50 1073/1789/50 1105/1790/50 1106/1792/50
f 1075/1793/50 1074/1791/50 1106/1792/50 1107/1794/50
f 1076/1795/50 1075/1793/50 1107/1794/50 1108/1796/50
f 1077/1797/50 1076/1795/50 1108/1796/50 1109/1798/50
f 1078/1799/50 1077/1797/50 1109/1798/50 1110/1800/50
f 1079/1801/50 1078/1799/50 1110/1800/50 1111/1802/50
f 1080/1803/50 1079/1801/50 1111/1802/50 1112/1804/50
f 1081/1805/50 1080/1803/50 1112/1804/50 1113/1806/50
f 1082/1807/50 1081/1808/50 1113/1809/50 1114/1810/50
f 1083/1811/50 1082/1807/50 1114/1810/50 1115/1812/50
f 1084/1813/50 1083/1811/50 1115/1812/50 1116/1814/50
f 1085/1815/50 1084/1813/50 1116/1814/50 1117/1816/50
f 1086/1817/50 1085/1815/50 1117/1816/50 1118/1818/50
f 1087/1819/50 1086/1817/50 1118/1818/50 1119/1820/50
f 1088/1821/50 1087/1819/50 1119/1820/50 1120/1822/50
f 1057/1758/50 1088/1821/50 1120/1822/50 1089/1759/50
f 1121/1823/34 1122/1824/34 1123/1825/34 1124/1826/34 1125/1827/34 1126/1828/34 1127/1829/34 1128/1830/34 1129/1831/34 1130/1832/34 1131/1833/34 1132/1834/34 1133/1835/34 1134/1836/34 1135/1837/34 1136/1838/34 1137/1839/34 1138/1840/34 1139/1841/34 1140/1842/34 1141/1843/34 1142/1844/34 1143/1845/34 1144/1846/34 1145/1847/34 1146/1848/34 1147/1849/34 1148/1850/34 1149/1851/34 1150/1852/34 1151/1853/34 1152/1854/34
f 1086/1817/561 1087/1819/562 1151/1855/562 1150/1856/561
f 1073/1789/563 1074/1791/564 1138/1857/564 1137/1858/563
f 1060/1722/530 1061/1763/565 1125/1859/565 1124/1723/530
f 1087/1819/562 1088/1821/566 1152/1860/566 1151/1855/562
f 1074/1791/564 1075/1793/567 1139/1861/567 1138/1857/564
f 1061/1763/565 1062/1765/568 1126/1862/568 1125/1859/565
f 1088/1821/566 1057/1758/569 1121/1863/569 1152/1860/566
f 1075/1793/567 1076/1795/570 1140/1864/570 1139/1861/567
f 1062/1765/568 1063/1767/571 1127/1865/571 1126/1862/568
f 1076/1795/570 1077/1797/572 1141/1866/572 1140/1864/570
f 1063/1767/571 1064/1769/573 1128/1867/573 1127/1865/571
f 1077/1797/572 1078/1799/574 1142/1868/574 1141/1866/572
f 1064/1769/573 1065/1771/575 1129/1869/575 1128/1867/573
f 1078/1799/574 1079/1801/576 1143/1870/576 1142/1868/574
f 1065/1774/575 1066/1773/577 1130/1871/577 1129/1872/575
f 1079/1801/576 1080/1803/578 1144/1873/578 1143/1870/576
f 1066/1773/577 1067/1777/579 1131/1874/579 1130/1871/577
f 1080/1803/578 1081/1805/580 1145/1875/580 1144/1873/578
f 1067/1777/579 1068/1779/581 1132/1876/581 1131/1874/579
f 1081/1808/580 1082/1807/582 1146/1877/582 1145/1878/580
f 1068/1779/581 1069/1781/583 1133/1879/583 1132/1876/581
f 1082/1807/582 1083/1811/584 1147/1880/584 1146/1877/582
f 1069/1781/583 1070/1783/585 1134/1881/585 1133/1879/583
f 1083/1811/584 1084/1813/586 1148/1882/586 1147/1880/584
f 1070/1783/585 1071/1785/587 1135/1883/587 1134/1881/585
f 1057/1758/569 1058/1757/588 1122/1884/588 1121/1863/569
f 1084/1813/586 1085/1815/589 1149/1885/589 1148/1882/586
f 1071/1785/587 1072/1787/590 1136/1886/590 1135/1883/587
f 1058/1757/588 1059/1721/529 1123/1724/529 1122/1884/588
f 1085/1815/589 1086/1817/561 1150/1856/561 1149/1885/589
f 1072/1787/590 1073/1789/563 1137/1858/563 1136/1886/590
f 1217/1887/70 1154/1888/70 1156/1889/435 1218/1890/435
f 1218/1890/435 1156/1889/435 1158/1891/436 1219/1892/436
f 1219/1892/436 1158/1891/436 1160/1893/437 1220/1894/437
f 1220/1894/437 1160/1893/437 1162/1895/438 1221/1896/438
f 1221/1896/438 1162/1895/438 1164/1897/439 1222/1898/439
f 1222/1898/439 1164/1897/439 1166/1899/440 1223/1900/440
f 1223/1900/440 1166/1899/440 1168/1901/441 1224/1902/441
f 1224/1902/441 1168/1901/441 1170/1903/42 1225/1904/42
f 1225/1905/42 1170/1906/42 1172/1907/442 1226/1908/442
f 1226/1908/442 1172/1907/442 1174/1909/443 1227/1910/443
f 1227/1910/443 1174/1909/443 1176/1911/444 1228/1912/444
f 1228/1912/444 1176/1911/444 1178/1913/445 1229/1914/445
f 1229/1914/445 1178/1913/445 1180/1915/446 1230/1916/446
f 1230/1916/446 1180/1915/446 1182/1917/447 1231/1918/447
f 1231/1918/447 1182/1917/447 1184/1919/448 1232/1920/448
f 1232/1920/448 1184/1919/448 1186/1921/248 1233/1922/248
f 1233/1922/248 1186/1921/248 1188/1923/449 1234/1924/449
f 1234/1924/449 1188/1923/449 1190/1925/450 1235/1926/450
f 1235/1926/450 1190/1925/450 1192/1927/451 1236/1928/451
f 1236/1928/451 1192/1927/451 1194/1929/452 1237/1930/452
f 1237/1930/452 1194/1929/452 1196/1931/453 1238/1932/453
f 1238/1932/453 1196/1931/453 1198/1933/454 1239/1934/454
f 1239/1934/454 1198/1933/454 1200/1935/455 1240/1936/455
f 1240/1936/455 1200/1935/455 1202/1937/58 1241/1938/58
f 1241/1939/58 1202/1940/58 1204/1941/456 1242/1942/456
f 1242/1942/456 1204/1941/456 1206/1943/457 1243/1944/457
f 1243/1944/457 1206/1943/457 1208/1945/458 1244/1946/458
f 1244/1946/458 1208/1945/458 1210/1947/459 1245/1948/459
f 1245/1948/459 1210/1947/459 1212/1949/460 1246/1950/460
f 1246/1950/460 1212/1949/460 1214/1951/461 1247/1952/461
f 1156/1953/50 1154/1954/50 1216/1955/50 1214/1956/50 1212/1957/50 1210/1958/50 1208/1959/50 1206/1960/50 1204/1961/50 1202/1962/50 1200/1963/50 1198/1964/50 1196/1965/50 1194/1966/50 1192/1967/50 1190/1968/50 1188/1969/50 1186/1970/50 1184/1971/50 1182/1972/50 1180/1973/50 1178/1974/50 1176/1975/50 1174/1976/50 1172/1977/50 1170/1978/50 1168/1979/50 1166/1980/50 1164/1981/50 1162/1982/50 1160/1983/50 1158/1984/50
f 1247/1952/461 1214/1951/461 1216/1985/462 1248/1986/462
f 1248/1986/462 1216/1985/462 1154/1888/70 1217/1887/70
f 1155/1987/435 1157/1988/436 1283/1989/436 1282/1990/435
f 1155/1987/463 1153/1991/464 1217/1992/464 1218/1993/463
f 1157/1988/465 1155/1987/463 1218/1993/463 1219/1994/465
f 1159/1995/466 1157/1988/465 1219/1994/465 1220/1996/466
f 1161/1997/591 1159/1995/466 1220/1996/466 1221/1998/591
f 1163/1999/468 1161/1997/591 1221/1998/591 1222/2000/468
f 1165/2001/469 1163/1999/468 1222/2000/468 1223/2002/469
f 1167/2003/470 1165/2001/469 1223/2002/469 1224/2004/470
f 1169/2005/471 1167/2003/470 1224/2004/470 1225/2006/471
f 1171/2007/472 1169/2008/471 1225/2009/471 1226/2010/472
f 1173/2011/473 1171/2007/472 1226/2010/472 1227/2012/473
f 1175/2013/474 1173/2011/473 1227/2012/473 1228/2014/474
f 1177/2015/475 1175/2013/474 1228/2014/474 1229/2016/475
f 1179/2017/476 1177/2015/475 1229/2016/475 1230/2018/476
f 1181/2019/477 1179/2017/476 1230/2018/476 1231/2020/477
f 1183/2021/478 1181/2019/477 1231/2020/477 1232/2022/478
f 1185/2023/479 1183/2021/478 1232/2022/478 1233/2024/479
f 1187/2025/480 1185/2023/479 1233/2024/479 1234/2026/480
f 1189/2027/481 1187/2025/480 1234/2026/480 1235/2028/481
f 1191/2029/482 1189/2027/481 1235/2028/481 1236/2030/482
f 1193/2031/483 1191/2029/482 1236/2030/482 1237/2032/483
f 1195/2033/484 1193/2031/483 1237/2032/483 1238/2034/484
f 1197/2035/485 1195/2033/484 1238/2034/484 1239/2036/485
f 1199/2037/486 1197/2035/485 1239/2036/485 1240/2038/486
f 1201/2039/487 1199/2037/486 1240/2038/486 1241/2040/487
f 1203/2041/488 1201/2042/487 1241/2043/487 1242/2044/488
f 1205/2045/489 1203/2041/488 1242/2044/488 1243/2046/489
f 1207/2047/490 1205/2045/489 1243/2046/489 1244/2048/490
f 1209/2049/491 1207/2047/490 1244/2048/490 1245/2050/491
f 1211/2051/492 1209/2049/491 1245/2050/491 1246/2052/492
f 1213/2053/493 1211/2051/492 1246/2052/492 1247/2054/493
f 1215/2055/494 1213/2053/493 1247/2054/493 1248/2056/494
f 1153/1991/464 1215/2055/494 1248/2056/494 1217/1992/464
f 1255/2057/495 1256/2058/496 1352/2059/496 1351/2060/495
f 1209/2049/459 1211/2051/460 1310/2061/460 1309/2062/459
f 1183/2021/448 1185/2023/248 1297/2063/248 1296/2064/448
f 1157/1988/436 1159/1995/437 1284/2065/437 1283/1989/436
f 1211/2051/460 1213/2053/461 1311/2066/461 1310/2061/460
f 1185/2023/248 1187/2025/449 1298/2067/449 1297/2063/248
f 1159/1995/437 1161/1997/438 1285/2068/438 1284/2065/437
f 1213/2053/461 1215/2055/462 1312/2069/462 1311/2066/461
f 1187/2025/449 1189/2027/450 1299/2070/450 1298/2067/449
f 1161/1997/438 1163/1999/439 1286/2071/439 1285/2068/438
f 1215/2055/462 1153/1991/70 1281/2072/70 1312/2069/462
f 1189/2027/450 1191/2029/451 1300/2073/451 1299/2070/450
f 1163/1999/439 1165/2001/440 1287/2074/440 1286/2071/439
f 1191/2029/451 1193/2031/452 1301/2075/452 1300/2073/451
f 1165/2001/440 1167/2003/441 1288/2076/441 1287/2074/440
f 1193/2031/452 1195/2033/453 1302/2077/453 1301/2075/452
f 1167/2003/441 1169/2005/42 1289/2078/42 1288/2076/441
f 1195/2033/453 1197/2035/454 1303/2079/454 1302/2077/453
f 1169/2008/42 1171/2007/442 1290/2080/442 1289/2081/42
f 1197/2035/454 1199/2037/455 1304/2082/455 1303/2079/454
f 1171/2007/442 1173/2011/443 1291/2083/443 1290/2080/442
f 1199/2037/455 1201/2039/58 1305/2084/58 1304/2082/455
f 1173/2011/443 1175/2013/444 1292/2085/444 1291/2083/443
f 1201/2042/58 1203/2041/456 1306/2086/456 1305/2087/58
f 1175/2013/444 1177/2015/445 1293/2088/445 1292/2085/444
f 1203/2041/456 1205/2045/457 1307/2089/457 1306/2086/456
f 1177/2015/445 1179/2017/446 1294/2090/446 1293/2088/445
f 1205/2045/457 1207/2047/458 1308/2091/458 1307/2089/457
f 1179/2017/446 1181/2019/447 1295/2092/447 1294/2090/446
f 1153/1991/70 1155/1987/435 1282/1990/435 1281/2072/70
f 1207/2047/458 1209/2049/459 1309/2062/459 1308/2091/458
f 1181/2019/447 1183/2021/448 1296/2064/448 1295/2092/447
f 1250/2093/497 1249/2094/498 1281/2095/498 1282/2096/497
f 1251/2097/499 1250/2093/497 1282/2096/497 1283/2098/499
f 1252/2099/500 1251/2097/499 1283/2098/499 1284/2100/500
f 1253/2101/501 1252/2099/500 1284/2100/500 1285/2102/501
f 1254/2103/502 1253/2101/501 1285/2102/501 1286/2104/502
f 1255/2057/503 1254/2103/502 1286/2104/502 1287/2105/503
f 1256/2058/504 1255/2057/503 1287/2105/503 1288/2106/504
f 1257/2107/505 1256/2058/504 1288/2106/504 1289/2108/505
f 1258/2109/506 1257/2110/505 1289/2111/505 1290/2112/506
f 1259/2113/507 1258/2109/506 1290/2112/506 1291/2114/507
f 1260/2115/508 1259/2113/507 1291/2114/507 1292/2116/508
f 1261/2117/509 1260/2115/508 1292/2116/508 1293/2118/509
f 1262/2119/510 1261/2117/509 1293/2118/509 1294/2120/510
f 1263/2121/511 1262/2119/510 1294/2120/510 1295/2122/511
f 1264/2123/512 1263/2121/511 1295/2122/511 1296/2124/512
f 1265/2125/513 1264/2123/512 1296/2124/512 1297/2126/513
f 1266/2127/514 1265/2125/513 1297/2126/513 1298/2128/514
f 1267/2129/515 1266/2127/514 1298/2128/514 1299/2130/515
f 1268/2131/516 1267/2129/515 1299/2130/515 1300/2132/516
f 1269/2133/517 1268/2131/516 1300/2132/516 1301/2134/517
f 1270/2135/518 1269/2133/517 1301/2134/517 1302/2136/518
f 1271/2137/519 1270/2135/518 1302/2136/518 1303/2138/519
f 1272/2139/520 1271/2137/519 1303/2138/519 1304/2140/520
f 1273/2141/521 1272/2139/520 1304/2140/520 1305/2142/521
f 1274/2143/522 1273/2144/521 1305/2145/521 1306/2146/522
f 1275/2147/523 1274/2143/522 1306/2146/522 1307/2148/523
f 1276/2149/524 1275/2147/523 1307/2148/523 1308/2150/524
f 1277/2151/525 1276/2149/524 1308/2150/524 1309/2152/525
f 1278/2153/526 1277/2151/525 1309/2152/525 1310/2154/526
f 1279/2155/527 1278/2153/526 1310/2154/526 1311/2156/527
f 1280/2157/528 1279/2155/527 1311/2156/527 1312/2158/528
f 1249/2094/498 1280/2157/528 1312/2158/528 1281/2095/498
f 1315/2159/592 1316/2160/593 1380/2161/593 1379/2162/592
f 1269/2133/531 1270/2135/532 1366/2163/532 1365/2164/531
f 1256/2058/496 1257/2107/533 1353/2165/533 1352/2059/496
f 1270/2135/532 1271/2137/594 1367/2166/594 1366/2163/532
f 1257/2110/533 1258/2109/535 1354/2167/535 1353/2168/533
f 1271/2137/594 1272/2139/536 1368/2169/536 1367/2166/594
f 1258/2109/535 1259/2113/595 1355/2170/595 1354/2167/535
f 1272/2139/536 1273/2141/538 1369/2171/538 1368/2169/536
f 1259/2113/595 1260/2115/539 1356/2172/539 1355/2170/595
f 1273/2144/538 1274/2143/540 1370/2173/540 1369/2174/538
f 1260/2115/539 1261/2117/596 1357/2175/596 1356/2172/539
f 1274/2143/540 1275/2147/542 1371/2176/542 1370/2173/540
f 1261/2117/596 1262/2119/543 1358/2177/543 1357/2175/596
f 1275/2147/542 1276/2149/544 1372/2178/544 1371/2176/542
f 1262/2119/543 1263/2121/597 1359/2179/597 1358/2177/543
f 1249/2094/598 1250/2093/599 1346/2180/599 1345/2181/598
f 1276/2149/544 1277/2151/548 1373/2182/548 1372/2178/544
f 1263/2121/597 1264/2123/600 1360/2183/600 1359/2179/597
f 1250/2093/599 1251/2097/601 1347/2184/601 1346/2180/599
f 1277/2151/548 1278/2153/551 1374/2185/551 1373/2182/548
f 1264/2123/600 1265/2125/602 1361/2186/602 1360/2183/600
f 1251/2097/601 1252/2099/553 1348/2187/553 1347/2184/601
f 1278/2153/551 1279/2155/603 1375/2188/603 1374/2185/551
f 1265/2125/602 1266/2127/604 1362/2189/604 1361/2186/602
f 1252/2099/553 1253/2101/605 1349/2190/605 1348/2187/553
f 1279/2155/603 1280/2157/606 1376/2191/606 1375/2188/603
f 1266/2127/604 1267/2129/607 1363/2192/607 1362/2189/604
f 1253/2101/605 1254/2103/559 1350/2193/559 1349/2190/605
f 1280/2157/606 1249/2094/598 1345/2181/598 1376/2191/606
f 1267/2129/607 1268/2131/560 1364/2194/560 1363/2192/607
f 1254/2103/559 1255/2057/495 1351/2060/495 1350/2193/559
f 1268/2131/560 1269/2133/531 1365/2164/531 1364/2194/560
f 1314/2195/50 1313/2196/50 1345/2197/50 1346/2198/50
f 1315/2159/50 1314/2195/50 1346/2198/50 1347/2199/50
f 1316/2160/50 1315/2159/50 1347/2199/50 1348/2200/50
f 1317/2201/50 1316/2160/50 1348/2200/50 1349/2202/50
f 1318/2203/50 1317/2201/50 1349/2202/50 1350/2204/50
f 1319/2205/50 1318/2203/50 1350/2204/50 1351/2206/50
f 1320/2207/50 1319/2205/50 1351/2206/50 1352/2208/50
f 1321/2209/50 1320/2207/50 1352/2208/50 1353/2210/50
f 1322/2211/50 1321/2212/50 1353/2213/50 1354/2214/50
f 1323/2215/50 1322/2211/50 1354/2214/50 1355/2216/50
f 1324/2217/50 1323/2215/50 1355/2216/50 1356/2218/50
f 1325/2219/50 1324/2217/50 1356/2218/50 1357/2220/50
f 1326/2221/50 1325/2219/50 1357/2220/50 1358/2222/50
f 1327/2223/50 1326/2221/50 1358/2222/50 1359/2224/50
f 1328/2225/50 1327/2223/50 1359/2224/50 1360/2226/50
f 1329/2227/50 1328/2225/50 1360/2226/50 1361/2228/50
f 1330/2229/50 1329/2227/50 1361/2228/50 1362/2230/50
f 1331/2231/50 1330/2229/50 1362/2230/50 1363/2232/50
f 1332/2233/50 1331/2231/50 1363/2232/50 1364/2234/50
f 1333/2235/50 1332/2233/50 1364/2234/50 1365/2236/50
f 1334/2237/50 1333/2235/50 1365/2236/50 1366/2238/50
f 1335/2239/50 1334/2237/50 1366/2238/50 1367/2240/50
f 1336/2241/50 1335/2239/50 1367/2240/50 1368/2242/50
f 1337/2243/50 1336/2241/50 1368/2242/50 1369/2244/50
f 1338/2245/50 1337/2246/50 1369/2247/50 1370/2248/50
f 1339/2249/50 1338/2245/50 1370/2248/50 1371/2250/50
f 1340/2251/50 1339/2249/50 1371/2250/50 1372/2252/50
f 1341/2253/50 1340/2251/50 1372/2252/50 1373/2254/50
f 1342/2255/50 1341/2253/50 1373/2254/50 1374/2256/50
f 1343/2257/50 1342/2255/50 1374/2256/50 1375/2258/50
f 1344/2259/50 1343/2257/50 1375/2258/50 1376/2260/50
f 1313/2196/50 1344/2259/50 1376/2260/50 1345/2197/50
f 1377/2261/34 1378/2262/34 1379/2263/34 1380/2264/34 1381/2265/34 1382/2266/34 1383/2267/34 1384/2268/34 1385/2269/34 1386/2270/34 1387/2271/34 1388/2272/34 1389/2273/34 1390/2274/34 1391/2275/34 1392/2276/34 1393/2277/34 1394/2278/34 1395/2279/34 1396/2280/34 1397/2281/34 1398/2282/34 1399/2283/34 1400/2284/34 1401/2285/34 1402/2286/34 1403/2287/34 1404/2288/34 1405/2289/34 1406/2290/34 1407/2291/34 1408/2292/34
f 1342/2255/608 1343/2257/609 1407/2293/609 1406/2294/608
f 1329/2227/610 1330/2229/611 1394/2295/611 1393/2296/610
f 1316/2160/593 1317/2201/612 1381/2297/612 1380/2161/593
f 1343/2257/609 1344/2259/613 1408/2298/613 1407/2293/609
f 1330/2229/611 1331/2231/614 1395/2299/614 1394/2295/611
f 1317/2201/612 1318/2203/615 1382/2300/615 1381/2297/612
f 1344/2259/613 1313/2196/616 1377/2301/616 1408/2298/613
f 1331/2231/614 1332/2233/617 1396/2302/617 1395/2299/614
f 1318/2203/615 1319/2205/618 1383/2303/618 1382/2300/615
f 1332/2233/617 1333/2235/619 1397/2304/619 1396/2302/617
f 1319/2205/618 1320/2207/620 1384/2305/620 1383/2303/618
f 1333/2235/619 1334/2237/621 1398/2306/621 1397/2304/619
f 1320/2207/620 1321/2209/622 1385/2307/622 1384/2305/620
f 1334/2237/621 1335/2239/623 1399/2308/623 1398/2306/621
f 1321/2212/622 1322/2211/624 1386/2309/624 1385/2310/622
f 1335/2239/623 1336/2241/625 1400/2311/625 1399/2308/623
f 1322/2211/624 1323/2215/626 1387/2312/626 1386/2309/624
f 1336/2241/625 1337/2243/627 1401/2313/627 1400/2311/625
f 1323/2215/626 1324/2217/628 1388/2314/628 1387/2312/626
f 1337/2246/627 1338/2245/629 1402/2315/629 1401/2316/627
f 1324/2217/628 1325/2219/630 1389/2317/630 1388/2314/628
f 1338/2245/629 1339/2249/631 1403/2318/631 1402/2315/629
f 1325/2219/630 1326/2221/632 1390/2319/632 1389/2317/630
f 1339/2249/631 1340/2251/633 1404/2320/633 1403/2318/631
f 1326/2221/632 1327/2223/634 1391/2321/634 1390/2319/632
f 1313/2196/616 1314/2195/635 1378/2322/635 1377/2301/616
f 1340/2251/633 1341/2253/636 1405/2323/636 1404/2320/633
f 1327/2223/634 1328/2225/637 1392/2324/637 1391/2321/634
f 1314/2195/635 1315/2159/592 1379/2162/592 1378/2322/635
f 1341/2253/636 1342/2255/608 1406/2294/608 1405/2323/636
f 1328/2225/637 1329/2227/610 1393/2296/610 1392/2324/637
f 1417/2325/58 1411/2326/58 1412/2327/58 1418/2328/58
f 1411/2329/248 1415/2330/248 1416/2331/248 1412/2332/248
f 1419/2333/42 1413/2334/42 1414/2335/42 1420/2336/42
f 1413/2337/70 1409/2338/70 1410/2339/70 1414/2340/70
f 1417/2341/34 1409/2342/34 1413/2343/34 1419/2344/34
f 1420/2345/50 1414/2346/50 1410/2347/50 1418/2348/50
f 1416/2349/50 1420/2350/50 1418/2351/50 1412/2352/50
f 1411/2353/34 1417/2354/34 1419/2355/34 1415/2356/34
f 1415/2357/42 1419/2358/42 1420/2359/42 1416/2360/42
f 1409/2361/58 1417/2362/58 1418/2363/58 1410/2364/58
f 1421/2365/34 1422/2366/34 1424/2367/638 1423/2368/638
f 1423/2368/638 1424/2367/638 1426/2369/639 1425/2370/639
f 1425/2370/639 1426/2369/639 1428/2371/640 1427/2372/640
f 1427/2372/640 1428/2371/640 1430/2373/641 1429/2374/641
f 1429/2374/641 1430/2373/641 1432/2375/642 1431/2376/642
f 1431/2376/642 1432/2375/642 1434/2377/643 1433/2378/643
f 1433/2378/643 1434/2377/643 1436/2379/644 1435/2380/644
f 1435/2380/644 1436/2379/644 1438/2381/42 1437/2382/42
f 1437/2382/42 1438/2381/42 1440/2383/645 1439/2384/645
f 1439/2384/645 1440/2383/645 1442/2385/646 1441/2386/646
f 1441/2386/646 1442/2385/646 1444/2387/647 1443/2388/647
f 1443/2388/647 1444/2387/647 1446/2389/648 1445/2390/648
f 1445/2390/648 1446/2389/648 1448/2391/649 1447/2392/649
f 1447/2392/649 1448/2391/649 1450/2393/650 1449/2394/650
f 1449/2394/650 1450/2393/650 1452/2395/651 1451/2396/651
f 1451/2396/651 1452/2395/651 1454/2397/50 1453/2398/50
f 1453/2399/50 1454/2400/50 1456/2401/652 1455/2402/652
f 1455/2402/652 1456/2401/652 1458/2403/653 1457/2404/653
f 1457/2404/653 1458/2403/653 1460/2405/654 1459/2406/654
f 1459/2406/654 1460/2405/654 1462/2407/655 1461/2408/655
f 1461/2408/655 1462/2407/655 1464/2409/656 1463/2410/656
f 1463/2410/656 1464/2409/656 1466/2411/657 1465/2412/657
f 1465/2412/657 1466/2411/657 1468/2413/658 1467/2414/658
f 1467/2414/658 1468/2413/658 1470/2415/58 1469/2416/58
f 1469/2416/58 1470/2415/58 1472/2417/659 1471/2418/659
f 1471/2418/659 1472/2417/659 1474/2419/660 1473/2420/660
f 1473/2420/660 1474/2419/660 1476/2421/661 1475/2422/661
f 1475/2422/661 1476/2421/661 1478/2423/662 1477/2424/662
f 1477/2424/662 1478/2423/662 1480/2425/663 1479/2426/663
f 1479/2426/663 1480/2425/663 1482/2427/664 1481/2428/664
f 1424/2429/70 1422/2430/70 1484/2431/70 1482/2432/70 1480/2433/70 1478/2434/70 1476/2435/70 1474/2436/70 1472/2437/70 1470/2438/70 1468/2439/70 1466/2440/70 1464/2441/70 1462/2442/70 1460/2443/70 1458/2444/70 1456/2445/70 1454/2446/70 1452/2447/70 1450/2448/70 1448/2449/70 1446/2450/70 1444/2451/70 1442/2452/70 1440/2453/70 1438/2454/70 1436/2455/70 1434/2456/70 1432/2457/70 1430/2458/70 1428/2459/70 1426/2460/70
f 1481/2428/664 1482/2427/664 1484/2461/665 1483/2462/665
f 1483/2462/665 1484/2461/665 1422/2463/34 1421/2464/34
f 1421/2465/248 1423/2466/248 1425/2467/248 1427/2468/248 1429/2469/248 1431/2470/248 1433/2471/248 1435/2472/248 1437/2473/248 1439/2474/248 1441/2475/248 1443/2476/248 1445/2477/248 1447/2478/248 1449/2479/248 1451/2480/248 1453/2481/248 1455/2482/248 1457/2483/248 1459/2484/248 1461/2485/248 1463/2486/248 1465/2487/248 1467/2488/248 1469/2489/248 1471/2490/248 1473/2491/248 1475/2492/248 1477/2493/248 1479/2494/248 1481/2495/248 1483/2496/248
f 1485/2497/34 1486/2498/34 1488/2499/638 1487/2500/638
f 1487/2500/638 1488/2499/638 1490/2501/639 1489/2502/639
f 1489/2502/639 1490/2501/639 1492/2503/640 1491/2504/640
f 1491/2504/640 1492/2503/640 1494/2505/641 1493/2506/641
f 1493/2506/641 1494/2505/641 1496/2507/642 1495/2508/642
f 1495/2508/642 1496/2507/642 1498/2509/643 1497/2510/643
f 1497/2510/643 1498/2509/643 1500/2511/644 1499/2512/644
f 1499/2512/644 1500/2511/644 1502/2513/42 1501/2514/42
f 1501/2514/42 1502/2513/42 1504/2515/645 1503/2516/645
f 1503/2516/645 1504/2515/645 1506/2517/646 1505/2518/646
f 1505/2518/646 1506/2517/646 1508/2519/647 1507/2520/647
f 1507/2520/647 1508/2519/647 1510/2521/648 1509/2522/648
f 1509/2522/648 1510/2521/648 1512/2523/649 1511/2524/649
f 1511/2524/649 1512/2523/649 1514/2525/650 1513/2526/650
f 1513/2526/650 1514/2525/650 1516/2527/651 1515/2528/651
f 1515/2528/651 1516/2527/651 1518/2529/50 1517/2530/50
f 1517/2531/50 1518/2532/50 1520/2533/652 1519/2534/652
f 1519/2534/652 1520/2533/652 1522/2535/653 1521/2536/653
f 1521/2536/653 1522/2535/653 1524/2537/654 1523/2538/654
f 1523/2538/654 1524/2537/654 1526/2539/655 1525/2540/655
f 1525/2540/655 1526/2539/655 1528/2541/656 1527/2542/656
f 1527/2542/656 1528/2541/656 1530/2543/657 1529/2544/657
f 1529/2544/657 1530/2543/657 1532/2545/658 1531/2546/658
f 1531/2546/658 1532/2545/658 1534/2547/58 1533/2548/58
f 1533/2548/58 1534/2547/58 1536/2549/659 1535/2550/659
f 1535/2550/659 1536/2549/659 1538/2551/660 1537/2552/660
f 1537/2552/660 1538/2551/660 1540/2553/661 1539/2554/661
f 1539/2554/661 1540/2553/661 1542/2555/662 1541/2556/662
f 1541/2556/662 1542/2555/662 1544/2557/663 1543/2558/663
f 1543/2558/663 1544/2557/663 1546/2559/664 1545/2560/664
f 1488/2561/70 1486/2562/70 1548/2563/70 1546/2564/70 1544/2565/70 1542/2566/70 1540/2567/70 1538/2568/70 1536/2569/70 1534/2570/70 1532/2571/70 1530/2572/70 1528/2573/70 1526/2574/70 1524/2575/70 1522/2576/70 1520/2577/70 1518/2578/70 1516/2579/70 1514/2580/70 1512/2581/70 1510/2582/70 1508/2583/70 1506/2584/70 1504/2585/70 1502/2586/70 1500/2587/70 1498/2588/70 1496/2589/70 1494/2590/70 1492/2591/70 1490/2592/70
f 1545/2560/664 1546/2559/664 1548/2593/665 1547/2594/665
f 1547/2594/665 1548/2593/665 1486/2595/34 1485/2596/34
f 1485/2597/248 1487/2598/248 1489/2599/248 1491/2600/248 1493/2601/248 1495/2602/248 1497/2603/248 1499/2604/248 1501/2605/248 1503/2606/248 1505/2607/248 1507/2608/248 1509/2609/248 1511/2610/248 1513/2611/248 1515/2612/248 1517/2613/248 1519/2614/248 1521/2615/248 1523/2616/248 1525/2617/248 1527/2618/248 1529/2619/248 1531/2620/248 1533/2621/248 1535/2622/248 1537/2623/248 1539/2624/248 1541/2625/248 1543/2626/248 1545/2627/248 1547/2628/248
f 1549/2629/34 1550/2630/34 1552/2631/638 1551/2632/638
f 1551/2632/638 1552/2631/638 1554/2633/639 1553/2634/639
f 1553/2634/639 1554/2633/639 1556/2635/640 1555/2636/640
f 1555/2636/640 1556/2635/640 1558/2637/641 1557/2638/641
f 1557/2638/641 1558/2637/641 1560/2639/642 1559/2640/642
f 1559/2640/642 1560/2639/642 1562/2641/643 1561/2642/643
f 1561/2642/643 1562/2641/643 1564/2643/644 1563/2644/644
f 1563/2644/644 1564/2643/644 1566/2645/42 1565/2646/42
f 1565/2646/42 1566/2645/42 1568/2647/645 1567/2648/645
f 1567/2648/645 1568/2647/645 1570/2649/646 1569/2650/646
f 1569/2650/646 1570/2649/646 1572/2651/647 1571/2652/647
f 1571/2652/647 1572/2651/647 1574/2653/648 1573/2654/648
f 1573/2654/648 1574/2653/648 1576/2655/649 1575/2656/649
f 1575/2656/649 1576/2655/649 1578/2657/650 1577/2658/650
f 1577/2658/650 1578/2657/650 1580/2659/651 1579/2660/651
f 1579/2660/651 1580/2659/651 1582/2661/50 1581/2662/50
f 1581/2663/50 1582/2664/50 1584/2665/652 1583/2666/652
f 1583/2666/652 1584/2665/652 1586/2667/653 1585/2668/653
f 1585/2668/653 1586/2667/653 1588/2669/654 1587/2670/654
f 1587/2670/654 1588/2669/654 1590/2671/655 1589/2672/655
f 1589/2672/655 1590/2671/655 1592/2673/656 1591/2674/656
f 1591/2674/656 1592/2673/656 1594/2675/657 1593/2676/657
f 1593/2676/657 1594/2675/657 1596/2677/658 1595/2678/658
f 1595/2678/658 1596/2677/658 1598/2679/58 1597/2680/58
f 1597/2680/58 1598/2679/58 1600/2681/659 1599/2682/659
f 1599/2682/659 1600/2681/659 1602/2683/660 1601/2684/660
f 1601/2684/660 1602/2683/660 1604/2685/661 1603/2686/661
f 1603/2686/661 1604/2685/661 1606/2687/662 1605/2688/662
f 1605/2688/662 1606/2687/662 1608/2689/663 1607/2690/663
f 1607/2690/663 1608/2689/663 1610/2691/664 1609/2692/664
f 1552/2693/70 1550/2694/70 1612/2695/70 1610/2696/70 1608/2697/70 1606/2698/70 1604/2699/70 1602/2700/70 1600/2701/70 1598/2702/70 1596/2703/70 1594/2704/70 1592/2705/70 1590/2706/70 1588/2707/70 1586/2708/70 1584/2709/70 1582/2710/70 1580/2711/70 1578/2712/70 1576/2713/70 1574/2714/70 1572/2715/70 1570/2716/70 1568/2717/70 1566/2718/70 1564/2719/70 1562/2720/70 1560/2721/70 1558/2722/70 1556/2723/70 1554/2724/70
f 1609/2692/664 1610/2691/664 1612/2725/665 1611/2726/665
f 1611/2726/665 1612/2725/665 1550/2727/34 1549/2728/34
f 1549/2729/248 1551/2730/248 1553/2731/248 1555/2732/248 1557/2733/248 1559/2734/248 1561/2735/248 1563/2736/248 1565/2737/248 1567/2738/248 1569/2739/248 1571/2740/248 1573/2741/248 1575/2742/248 1577/2743/248 1579/2744/248 1581/2745/248 1583/2746/248 1585/2747/248 1587/2748/248 1589/2749/248 1591/2750/248 1593/2751/248 1595/2752/248 1597/2753/248 1599/2754/248 1601/2755/248 1603/2756/248 1605/2757/248 1607/2758/248 1609/2759/248 1611/2760/248
f 1613/2761/34 1614/2762/34 1616/2763/638 1615/2764/638
f 1615/2764/638 1616/2763/638 1618/2765/639 1617/2766/639
f 1617/2766/639 1618/2765/639 1620/2767/640 1619/2768/640
f 1619/2768/640 1620/2767/640 1622/2769/641 1621/2770/641
f 1621/2770/641 1622/2769/641 1624/2771/642 1623/2772/642
f 1623/2772/642 1624/2771/642 1626/2773/643 1625/2774/643
f 1625/2774/643 1626/2773/643 1628/2775/644 1627/2776/644
f 1627/2776/644 1628/2775/644 1630/2777/42 1629/2778/42
f 1629/2778/42 1630/2777/42 1632/2779/645 1631/2780/645
f 1631/2780/645 1632/2779/645 1634/2781/646 1633/2782/646
f 1633/2782/646 1634/2781/646 1636/2783/647 1635/2784/647
f 1635/2784/647 1636/2783/647 1638/2785/648 1637/2786/648
f 1637/2786/648 1638/2785/648 1640/2787/649 1639/2788/649
f 1639/2788/649 1640/2787/649 1642/2789/650 1641/2790/650
f 1641/2790/650 1642/2789/650 1644/2791/651 1643/2792/651
f 1643/2792/651 1644/2791/651 1646/2793/50 1645/2794/50
f 1645/2795/50 1646/2796/50 1648/2797/652 1647/2798/652
f 1647/2798/652 1648/2797/652 1650/2799/653 1649/2800/653
f 1649/2800/653 1650/2799/653 1652/2801/654 1651/2802/654
f 1651/2802/654 1652/2801/654 1654/2803/655 1653/2804/655
f 1653/2804/655 1654/2803/655 1656/2805/656 1655/2806/656
f 1655/2806/656 1656/2805/656 1658/2807/657 1657/2808/657
f 1657/2808/657 1658/2807/657 1660/2809/658 1659/2810/658
f 1659/2810/658 1660/2809/658 1662/2811/58 1661/2812/58
f 1661/2812/58 1662/2811/58 1664/2813/659 1663/2814/659
f 1663/2814/659 1664/2813/659 1666/2815/660 1665/2816/660
f 1665/2816/660 1666/2815/660 1668/2817/661 1667/2818/661
f 1667/2818/661 1668/2817/661 1670/2819/662 1669/2820/662
f 1669/2820/662 1670/2819/662 1672/2821/663 1671/2822/663
f 1671/2822/663 1672/2821/663 1674/2823/664 1673/2824/664
f 1616/2825/70 1614/2826/70 1676/2827/70 1674/2828/70 1672/2829/70 1670/2830/70 1668/2831/70 1666/2832/70 1664/2833/70 1662/2834/70 1660/2835/70 1658/2836/70 1656/2837/70 1654/2838/70 1652/2839/70 1650/2840/70 1648/2841/70 1646/2842/70 1644/2843/70 1642/2844/70 1640/2845/70 1638/2846/70 1636/2847/70 1634/2848/70 1632/2849/70 1630/2850/70 1628/2851/70 1626/2852/70 1624/2853/70 1622/2854/70 1620/2855/70 1618/2856/70
f 1673/2824/664 1674/2823/664 1676/2857/665 1675/2858/665
f 1675/2858/665 1676/2857/665 1614/2859/34 1613/2860/34
f 1613/2861/248 1615/2862/248 1617/2863/248 1619/2864/248 1621/2865/248 1623/2866/248 1625/2867/248 1627/2868/248 1629/2869/248 1631/2870/248 1633/2871/248 1635/2872/248 1637/2873/248 1639/2874/248 1641/2875/248 1643/2876/248 1645/2877/248 1647/2878/248 1649/2879/248 1651/2880/248 1653/2881/248 1655/2882/248 1657/2883/248 1659/2884/248 1661/2885/248 1663/2886/248 1665/2887/248 1667/2888/248 1669/2889/248 1671/2890/248 1673/2891/248 1675/2892/248
