# Blender 4.5.3 LTS
# www.blender.org
mtllib Pole.mtl
o Pole
v -0.000979 2.297383 0.074825
v 0.057439 2.297383 0.046040
v 0.071701 2.297383 0.004068
v 0.068488 2.297383 -0.018141
v 0.058569 2.297383 -0.038270
v 0.042915 2.297383 -0.054349
v 0.023059 2.297383 -0.064804
v -0.057474 2.297383 -0.039826
v -0.042950 2.297383 0.060563
v 0.000272 -2.642005 0.270884
v 0.083006 -2.642005 0.257689
v 0.157612 -2.642005 0.219573
v 0.216789 -2.642005 0.160268
v 0.254743 -2.642005 0.085580
v 0.267760 -2.642005 0.002818
v 0.254564 -2.642005 -0.079916
v 0.216449 -2.642005 -0.154522
v 0.157144 -2.642005 -0.213699
v 0.082448 -2.642005 -0.251657
v -0.000012 -2.642005 -0.264670
v -0.083047 -2.642005 -0.251471
v -0.157646 -2.642005 -0.213359
v -0.216823 -2.642005 -0.154054
v -0.254777 -2.642005 -0.079365
v -0.267794 -2.642005 0.003396
v -0.254598 -2.642005 0.086130
v -0.216483 -2.642005 0.160736
v -0.157178 -2.642005 0.219913
v -0.082489 -2.642005 0.257867
v 0.000139 2.014457 0.147949
v 0.044890 2.014457 0.140811
v 0.085245 2.014457 0.120194
v 0.117254 2.014457 0.088116
v 0.137784 2.014457 0.047717
v 0.144825 2.014456 0.002950
v 0.137687 2.014457 -0.041800
v 0.117070 2.014457 -0.082155
v 0.084992 2.014457 -0.114164
v 0.044593 2.014457 -0.134694
v -0.000030 2.014457 -0.141735
v -0.044924 2.014456 -0.134597
v -0.085279 2.014456 -0.113980
v -0.117288 2.014456 -0.081902
v -0.137818 2.014457 -0.041503
v -0.144859 2.014457 0.003264
v -0.137721 2.014457 0.048014
v -0.117104 2.014457 0.088369
v -0.085026 2.014457 0.120378
v -0.044627 2.014457 0.140908
v 0.021231 2.297383 0.071612
v 0.041360 2.297383 0.061693
v 0.067894 2.297383 0.026183
v 0.000944 2.297383 -0.068611
v -0.021265 2.297383 -0.065398
v -0.041395 2.297383 -0.055479
v -0.067929 2.297383 -0.019969
v -0.071736 2.297383 0.002146
v -0.068523 2.297383 0.024355
v -0.058604 2.297383 0.044484
v -0.023094 2.297383 0.071018
v 0.000183 0.354794 0.188436
v 0.000258 0.441029 0.257403
v 0.000205 0.408899 0.208636
v 0.057443 0.354794 0.179303
v 0.078826 0.441029 0.244872
v 0.063706 0.408899 0.198508
v 0.109079 0.354794 0.152924
v 0.149677 0.441029 0.208675
v 0.120969 0.408899 0.169253
v 0.150035 0.354794 0.111879
v 0.205874 0.441029 0.152356
v 0.166390 0.408899 0.123734
v 0.176303 0.354794 0.060186
v 0.241918 0.441029 0.081427
v 0.195521 0.408899 0.066407
v 0.185312 0.354794 0.002907
v 0.254279 0.441029 0.002832
v 0.205512 0.408899 0.002885
v 0.176179 0.354794 -0.054353
v 0.241748 0.441029 -0.075736
v 0.195384 0.408899 -0.060616
v 0.149799 0.354794 -0.105988
v 0.205551 0.441029 -0.146587
v 0.166129 0.408899 -0.117880
v 0.108754 0.354794 -0.146944
v 0.149232 0.441029 -0.202785
v 0.120610 0.408899 -0.163300
v 0.057062 0.354794 -0.173213
v 0.078303 0.441029 -0.238828
v 0.063284 0.408899 -0.192431
v -0.000030 0.354794 -0.182222
v -0.000030 0.441029 -0.251189
v -0.000030 0.408899 -0.202422
v -0.057477 0.354794 -0.173089
v -0.078860 0.441029 -0.238658
v -0.063740 0.408899 -0.192294
v -0.109113 0.354794 -0.146709
v -0.149711 0.441029 -0.202462
v -0.121003 0.408899 -0.163039
v -0.150069 0.354794 -0.105664
v -0.205908 0.441029 -0.146142
v -0.166424 0.408899 -0.117520
v -0.176337 0.354794 -0.053972
v -0.241952 0.441029 -0.075214
v -0.195555 0.408899 -0.060194
v -0.185346 0.354794 0.003307
v -0.254313 0.441029 0.003382
v -0.205546 0.408899 0.003329
v -0.176213 0.354794 0.060567
v -0.241782 0.441029 0.081950
v -0.195418 0.408899 0.066830
v -0.149833 0.354794 0.112203
v -0.205585 0.441029 0.152801
v -0.166163 0.408899 0.124093
v -0.108788 0.354794 0.153159
v -0.149266 0.441029 0.208998
v -0.120644 0.408899 0.169514
v -0.078338 0.441029 0.245042
v -0.057096 0.354794 0.179427
v -0.063318 0.408899 0.198645
v 0.000259 0.696063 0.258469
v 0.000183 0.777230 0.188436
v 0.000205 0.724609 0.208948
v 0.079157 0.696063 0.245885
v 0.057443 0.777230 0.179303
v 0.063803 0.724609 0.198805
v 0.150304 0.696063 0.209537
v 0.109078 0.777230 0.152923
v 0.121153 0.724609 0.169505
v 0.206737 0.696063 0.152982
v 0.150035 0.777230 0.111878
v 0.166643 0.724609 0.123918
v 0.242932 0.696063 0.081756
v 0.176303 0.777230 0.060186
v 0.195818 0.724609 0.066504
v 0.255345 0.696063 0.002831
v 0.185312 0.777230 0.002907
v 0.205824 0.724609 0.002885
v 0.242761 0.696063 -0.076066
v 0.176179 0.777230 -0.054353
v 0.195681 0.724609 -0.060712
v 0.206413 0.696063 -0.147214
v 0.149799 0.777230 -0.105989
v 0.166381 0.724609 -0.118063
v 0.149858 0.696063 -0.203647
v 0.108754 0.777230 -0.146945
v 0.120793 0.724609 -0.163552
v 0.078632 0.696063 -0.239841
v 0.057062 0.777230 -0.173213
v 0.063380 0.724609 -0.192728
v -0.000030 0.696063 -0.252254
v -0.000030 0.777230 -0.182222
v -0.000030 0.724609 -0.202733
v -0.079190 0.696063 -0.239671
v -0.057477 0.777230 -0.173089
v -0.063837 0.724609 -0.192590
v -0.150338 0.696063 -0.203323
v -0.109112 0.777230 -0.146710
v -0.121187 0.724609 -0.163291
v -0.206771 0.696063 -0.146767
v -0.150069 0.777230 -0.105665
v -0.166676 0.724609 -0.117703
v -0.242966 0.696063 -0.075541
v -0.176337 0.777230 -0.053972
v -0.195852 0.724609 -0.060290
v -0.255379 0.696063 0.003383
v -0.185346 0.777230 0.003307
v -0.205858 0.724609 0.003330
v -0.242795 0.696063 0.082281
v -0.176213 0.777230 0.060567
v -0.195715 0.724609 0.066927
v -0.206447 0.696063 0.153428
v -0.149833 0.777230 0.112202
v -0.166415 0.724609 0.124278
v -0.149892 0.696063 0.209861
v -0.108788 0.777230 0.153158
v -0.120827 0.724609 0.169767
v -0.057096 0.777230 0.179427
v -0.078666 0.696063 0.246056
v -0.063414 0.724609 0.198942
v 0.000331 0.457331 0.325173
v 0.000383 0.519327 0.373029
v -0.000402 0.480432 0.359737
v 0.099838 0.457331 0.309303
v 0.114675 0.519327 0.354801
v 0.109822 0.480432 0.342401
v 0.189570 0.457331 0.263460
v 0.217741 0.519326 0.302145
v 0.209293 0.480432 0.291853
v 0.260745 0.457331 0.192131
v 0.299491 0.519327 0.220219
v 0.288276 0.480432 0.213040
v 0.306394 0.457331 0.102300
v 0.351924 0.519327 0.117039
v 0.339039 0.480432 0.113678
v 0.322049 0.457331 0.002759
v 0.369905 0.519326 0.002707
v 0.356613 0.480432 0.003492
v 0.306179 0.457331 -0.096748
v 0.351677 0.519327 -0.111585
v 0.339277 0.480432 -0.106731
v 0.260336 0.457331 -0.186480
v 0.299022 0.519327 -0.214651
v 0.288729 0.480432 -0.206203
v 0.189007 0.457331 -0.257655
v 0.217095 0.519326 -0.296401
v 0.209917 0.480432 -0.285187
v 0.099176 0.457331 -0.303304
v 0.113915 0.519326 -0.348834
v 0.110554 0.480432 -0.335950
v -0.000030 0.457331 -0.318959
v -0.000030 0.519327 -0.366815
v -0.000030 0.480432 -0.353523
v -0.099872 0.457331 -0.303089
v -0.114709 0.519327 -0.348586
v -0.109856 0.480432 -0.336188
v -0.189604 0.457331 -0.257246
v -0.217775 0.519327 -0.295931
v -0.209327 0.480432 -0.285639
v -0.260779 0.457331 -0.185917
v -0.299525 0.519326 -0.214004
v -0.288311 0.480432 -0.206827
v -0.306428 0.457331 -0.096086
v -0.351958 0.519327 -0.110825
v -0.339074 0.480432 -0.107464
v -0.322083 0.457331 0.003455
v -0.369939 0.519327 0.003507
v -0.356647 0.480432 0.002722
v -0.306213 0.457331 0.102962
v -0.351711 0.519327 0.117799
v -0.339312 0.480432 0.112945
v -0.260370 0.457331 0.192694
v -0.299056 0.519327 0.220865
v -0.288763 0.480432 0.212417
v -0.189041 0.457331 0.263869
v -0.217129 0.519327 0.302616
v -0.209951 0.480432 0.291400
v -0.113949 0.519327 0.355048
v -0.099210 0.457331 0.309518
v -0.110588 0.480432 0.342163
v 0.000379 0.628064 0.369230
v -0.000356 0.686415 0.317109
v 0.000361 0.665891 0.353240
v 0.113497 0.628064 0.351188
v 0.096693 0.686415 0.301846
v 0.108540 0.665891 0.335986
v 0.215505 0.628064 0.299074
v 0.184275 0.686415 0.257339
v 0.206092 0.665891 0.286148
v 0.296415 0.628064 0.217989
v 0.253817 0.686415 0.187947
v 0.283469 0.665891 0.208604
v 0.348309 0.628064 0.115869
v 0.298512 0.686415 0.100461
v 0.333096 0.665891 0.110944
v 0.366106 0.628064 0.002711
v 0.313985 0.686415 0.003446
v 0.350116 0.665891 0.002729
v 0.348065 0.628064 -0.110407
v 0.298722 0.686415 -0.093603
v 0.332862 0.665891 -0.105450
v 0.295950 0.628064 -0.212415
v 0.254216 0.686415 -0.181185
v 0.283024 0.665891 -0.203002
v 0.214865 0.628064 -0.293325
v 0.184823 0.686415 -0.250727
v 0.205480 0.665891 -0.280379
v 0.112745 0.628064 -0.345219
v 0.097338 0.686415 -0.295422
v 0.107820 0.665891 -0.330006
v -0.000030 0.628064 -0.363016
v -0.000030 0.686415 -0.310895
v -0.000030 0.665891 -0.347026
v -0.113531 0.628064 -0.344975
v -0.096727 0.686415 -0.295632
v -0.108574 0.665891 -0.329772
v -0.215539 0.628064 -0.292860
v -0.184309 0.686415 -0.251126
v -0.206126 0.665891 -0.279934
v -0.296449 0.628064 -0.211775
v -0.253851 0.686415 -0.181733
v -0.283503 0.665891 -0.202390
v -0.348343 0.628064 -0.109655
v -0.298546 0.686415 -0.094248
v -0.333130 0.665891 -0.104730
v -0.366140 0.628064 0.003503
v -0.314020 0.686415 0.002768
v -0.350150 0.665891 0.003485
v -0.348099 0.628064 0.116621
v -0.298756 0.686415 0.099817
v -0.332896 0.665891 0.111664
v -0.295984 0.628064 0.218629
v -0.254250 0.686415 0.187399
v -0.283058 0.665891 0.209216
v -0.214899 0.628064 0.299539
v -0.184857 0.686415 0.256941
v -0.205514 0.665891 0.286593
v -0.097372 0.686415 0.301636
v -0.112779 0.628064 0.351433
v -0.107854 0.665891 0.336220
v 0.000183 1.007555 0.188436
v 0.000207 1.033320 0.210711
v -0.000224 1.024274 0.194960
v 0.057443 1.007555 0.179303
v 0.064349 1.033320 0.200481
v 0.059072 1.024273 0.185634
v 0.109078 1.007555 0.152923
v 0.122191 1.033320 0.170930
v 0.112584 1.024274 0.158441
v 0.150035 1.007555 0.111878
v 0.168070 1.033320 0.124952
v 0.155074 1.024274 0.116043
v 0.176303 1.007555 0.060186
v 0.197495 1.033320 0.067047
v 0.182382 1.024274 0.062590
v 0.185312 1.007555 0.002907
v 0.207587 1.033320 0.002883
v 0.191836 1.024273 0.003314
v 0.176179 1.007555 -0.054353
v 0.197357 1.033320 -0.061259
v 0.182510 1.024274 -0.055982
v 0.149799 1.007555 -0.105989
v 0.167806 1.033320 -0.119101
v 0.155317 1.024273 -0.109494
v 0.108754 1.007555 -0.146945
v 0.121828 1.033320 -0.164980
v 0.112919 1.024274 -0.151984
v 0.057062 1.007555 -0.173213
v 0.063923 1.033320 -0.194405
v 0.059466 1.024273 -0.179292
v -0.000030 1.007555 -0.182222
v -0.000030 1.033320 -0.204497
v -0.000030 1.024273 -0.188746
v -0.057477 1.007555 -0.173089
v -0.064383 1.033320 -0.194266
v -0.059106 1.024274 -0.179420
v -0.109112 1.007555 -0.146709
v -0.122225 1.033320 -0.164716
v -0.112618 1.024273 -0.152227
v -0.150069 1.007555 -0.105665
v -0.168104 1.033320 -0.118738
v -0.155107 1.024273 -0.109829
v -0.176337 1.007555 -0.053972
v -0.197529 1.033320 -0.060833
v -0.182416 1.024273 -0.056376
v -0.185346 1.007555 0.003307
v -0.207621 1.033320 0.003331
v -0.191870 1.024273 0.002900
v -0.176213 1.007555 0.060567
v -0.197390 1.033320 0.067473
v -0.182544 1.024273 0.062196
v -0.149833 1.007555 0.112203
v -0.167840 1.033320 0.125315
v -0.155351 1.024274 0.115708
v -0.108788 1.007555 0.153159
v -0.121862 1.033320 0.171194
v -0.112953 1.024274 0.158197
v -0.063957 1.033320 0.200619
v -0.057096 1.007555 0.179427
v -0.059500 1.024274 0.185506
v 0.000682 1.104687 0.649751
v 0.000709 1.134026 0.675115
v -0.000735 1.114988 0.667686
v 0.200471 1.104687 0.617886
v 0.208335 1.134026 0.642001
v 0.204667 1.114988 0.635381
v 0.380636 1.104687 0.525842
v 0.395567 1.134026 0.546347
v 0.390032 1.114988 0.541185
v 0.523539 1.104687 0.382630
v 0.544076 1.134026 0.397516
v 0.537217 1.114988 0.394317
v 0.615193 1.104687 0.202267
v 0.639325 1.134026 0.210079
v 0.631813 1.114988 0.209156
v 0.646626 1.104687 0.002409
v 0.671991 1.134026 0.002381
v 0.664562 1.114988 0.003825
v 0.614762 1.104687 -0.197381
v 0.638876 1.134026 -0.205245
v 0.632257 1.114988 -0.201577
v 0.522718 1.104687 -0.377545
v 0.543222 1.134026 -0.392477
v 0.538061 1.114988 -0.386942
v 0.379505 1.104687 -0.520449
v 0.394392 1.134026 -0.540986
v 0.391193 1.114988 -0.534127
v 0.199142 1.104687 -0.612103
v 0.206955 1.134026 -0.636235
v 0.206032 1.114988 -0.628724
v -0.000030 1.104687 -0.643536
v -0.000030 1.134026 -0.668901
v -0.000030 1.114988 -0.661472
v -0.200505 1.104687 -0.611671
v -0.208369 1.134027 -0.635787
v -0.204701 1.114988 -0.629167
v -0.380670 1.104687 -0.519628
v -0.395601 1.134026 -0.540133
v -0.390066 1.114988 -0.534971
v -0.523573 1.104687 -0.376415
v -0.544110 1.134026 -0.391302
v -0.537251 1.114988 -0.388103
v -0.615227 1.104687 -0.196052
v -0.639359 1.134026 -0.203865
v -0.631848 1.114988 -0.202942
v -0.646661 1.104687 0.003806
v -0.672025 1.134026 0.003833
v -0.664596 1.114988 0.002389
v -0.614796 1.104687 0.203596
v -0.638911 1.134026 0.211459
v -0.632291 1.114988 0.207791
v -0.522752 1.104687 0.383760
v -0.543257 1.134026 0.398691
v -0.538095 1.114988 0.393156
v -0.379539 1.104687 0.526663
v -0.394426 1.134026 0.547200
v -0.391227 1.114988 0.540341
v -0.206988 1.134026 0.642450
v -0.199176 1.104687 0.618318
v -0.206066 1.114988 0.634937
v 0.000709 1.182484 0.675115
v 0.000686 1.221941 0.653896
v 0.000702 1.204485 0.668901
v 0.208335 1.182484 0.642001
v 0.201757 1.221941 0.621827
v 0.206409 1.204485 0.636092
v 0.395567 1.182484 0.546347
v 0.383076 1.221941 0.529193
v 0.391908 1.204485 0.541323
v 0.544076 1.182484 0.397516
v 0.526896 1.221941 0.385063
v 0.539044 1.204485 0.393869
v 0.639325 1.182484 0.210079
v 0.619138 1.221941 0.203543
v 0.633412 1.204485 0.208165
v 0.671991 1.182484 0.002381
v 0.650772 1.221941 0.002404
v 0.665776 1.204485 0.002388
v 0.638876 1.182484 -0.205245
v 0.618703 1.221941 -0.198667
v 0.632968 1.204485 -0.203319
v 0.543222 1.182484 -0.392477
v 0.526069 1.221941 -0.379986
v 0.538198 1.204485 -0.388818
v 0.394392 1.182484 -0.540986
v 0.381939 1.221941 -0.523806
v 0.390745 1.204485 -0.535954
v 0.206955 1.182484 -0.636235
v 0.200419 1.221941 -0.616048
v 0.205040 1.204485 -0.630322
v -0.000030 1.182484 -0.668901
v -0.000030 1.221941 -0.647682
v -0.000030 1.204485 -0.662686
v -0.208369 1.182484 -0.635787
v -0.201791 1.221941 -0.615613
v -0.206443 1.204485 -0.629878
v -0.395601 1.182484 -0.540133
v -0.383110 1.221941 -0.522979
v -0.391942 1.204485 -0.535108
v -0.544110 1.182484 -0.391302
v -0.526930 1.221941 -0.378849
v -0.539078 1.204485 -0.387655
v -0.639359 1.182484 -0.203865
v -0.619172 1.221941 -0.197329
v -0.633446 1.204485 -0.201950
v -0.672025 1.182484 0.003833
v -0.650806 1.221941 0.003810
v -0.665810 1.204485 0.003826
v -0.638911 1.182484 0.211459
v -0.618737 1.221941 0.204881
v -0.633002 1.204485 0.209533
v -0.543257 1.182484 0.398691
v -0.526103 1.221941 0.386200
v -0.538232 1.204485 0.395033
v -0.394426 1.182484 0.547200
v -0.381973 1.221941 0.530020
v -0.390779 1.204485 0.542168
v -0.200453 1.221941 0.622262
v -0.206988 1.182484 0.642449
v -0.205074 1.204485 0.636537
v 0.000525 1.322112 0.504631
v 0.000380 1.446182 0.370786
v 0.155478 1.322112 0.479917
v 0.113980 1.446182 0.352668
v 0.295210 1.322112 0.408530
v 0.216421 1.446182 0.300333
v 0.406043 1.322112 0.297457
v 0.297675 1.446182 0.218902
v 0.477128 1.322112 0.157571
v 0.349790 1.446182 0.116349
v 0.501507 1.322112 0.002565
v 0.367662 1.446182 0.002710
v 0.476793 1.322112 -0.152388
v 0.349544 1.446182 -0.110890
v 0.405406 1.322112 -0.292120
v 0.297208 1.446182 -0.213331
v 0.294333 1.322112 -0.402953
v 0.215778 1.446182 -0.294585
v 0.154447 1.322112 -0.474038
v 0.113224 1.446182 -0.346700
v -0.000030 1.322112 -0.498417
v -0.000030 1.446182 -0.364572
v -0.155512 1.322112 -0.473703
v -0.114014 1.446182 -0.346454
v -0.295244 1.322112 -0.402316
v -0.216455 1.446182 -0.294118
v -0.406077 1.322112 -0.291243
v -0.297709 1.446182 -0.212688
v -0.477162 1.322112 -0.151357
v -0.349824 1.446182 -0.110134
v -0.501541 1.322112 0.003649
v -0.367696 1.446182 0.003504
v -0.476827 1.322112 0.158602
v -0.349578 1.446182 0.117104
v -0.405440 1.322112 0.298334
v -0.297242 1.446182 0.219545
v -0.294367 1.322112 0.409167
v -0.215812 1.446182 0.300799
v -0.113258 1.446182 0.352914
v -0.154481 1.322112 0.480252
v 0.000329 1.507092 0.322936
v 0.000241 1.667883 0.242045
v 0.099144 1.507092 0.307176
v 0.074064 1.667883 0.230271
v 0.188253 1.507092 0.261651
v 0.140636 1.667884 0.196260
v 0.258933 1.507092 0.190818
v 0.193439 1.667883 0.143342
v 0.304265 1.507092 0.101611
v 0.227306 1.667883 0.076697
v 0.319812 1.507092 0.002762
v 0.238921 1.667884 0.002849
v 0.304052 1.507092 -0.096054
v 0.227146 1.667883 -0.070974
v 0.258527 1.507092 -0.185163
v 0.193136 1.667884 -0.137546
v 0.187694 1.507092 -0.255843
v 0.140218 1.667883 -0.190349
v 0.098487 1.507092 -0.301175
v 0.073573 1.667883 -0.224216
v -0.000030 1.507092 -0.316722
v -0.000030 1.667884 -0.235831
v -0.099178 1.507092 -0.300962
v -0.074098 1.667884 -0.224056
v -0.188287 1.507092 -0.255437
v -0.140670 1.667884 -0.190046
v -0.258967 1.507092 -0.184604
v -0.193473 1.667884 -0.137128
v -0.304299 1.507092 -0.095397
v -0.227340 1.667883 -0.070483
v -0.319846 1.507092 0.003453
v -0.238955 1.667884 0.003365
v -0.304086 1.507092 0.102268
v -0.227180 1.667883 0.077188
v -0.258561 1.507092 0.191378
v -0.193170 1.667884 0.143760
v -0.187728 1.507092 0.262057
v -0.140252 1.667884 0.196563
v -0.073607 1.667883 0.230430
v -0.098521 1.507092 0.307389
v 0.000161 2.056881 0.168265
v 0.000177 2.120160 0.182662
v 0.051189 2.056881 0.160126
v 0.055653 2.120160 0.173814
v 0.097205 2.056881 0.136617
v 0.105679 2.120160 0.148256
v 0.133703 2.056881 0.100040
v 0.145360 2.120160 0.108490
v 0.157112 2.056881 0.053974
v 0.170810 2.120160 0.058408
v 0.165141 2.056881 0.002929
v 0.179538 2.120160 0.002913
v 0.157002 2.056881 -0.048099
v 0.170690 2.120160 -0.052563
v 0.133493 2.056881 -0.094115
v 0.145132 2.120160 -0.102589
v 0.096916 2.056881 -0.130613
v 0.105366 2.120160 -0.142270
v 0.050850 2.056881 -0.154022
v 0.055284 2.120160 -0.167720
v -0.000030 2.056881 -0.162051
v -0.000030 2.120160 -0.176448
v -0.051223 2.056881 -0.153912
v -0.055687 2.120160 -0.167600
v -0.097239 2.056881 -0.130403
v -0.105713 2.120160 -0.142042
v -0.133737 2.056881 -0.093826
v -0.145394 2.120160 -0.102275
v -0.157146 2.056881 -0.047760
v -0.170843 2.120160 -0.052194
v -0.165175 2.056881 0.003286
v -0.179572 2.120160 0.003301
v -0.157036 2.056881 0.054313
v -0.170724 2.120160 0.058777
v -0.133527 2.056881 0.100329
v -0.145166 2.120160 0.108803
v -0.096950 2.056881 0.136827
v -0.105400 2.120160 0.148484
v -0.055318 2.120160 0.173934
v -0.050884 2.056881 0.160236
v 0.000177 2.149110 0.182662
v 0.000154 2.207921 0.161078
v 0.055653 2.149110 0.173814
v 0.048961 2.207921 0.153293
v 0.105679 2.149110 0.148256
v 0.092974 2.207921 0.130807
v 0.145360 2.149110 0.108490
v 0.127884 2.207921 0.095822
v 0.170810 2.149110 0.058408
v 0.150275 2.207921 0.051760
v 0.179538 2.149110 0.002913
v 0.157954 2.207921 0.002936
v 0.170690 2.149110 -0.052563
v 0.150169 2.207921 -0.045871
v 0.145132 2.149110 -0.102589
v 0.127684 2.207921 -0.089884
v 0.105366 2.149110 -0.142270
v 0.092698 2.207921 -0.124794
v 0.055284 2.149110 -0.167720
v 0.048636 2.207921 -0.147185
v -0.000030 2.149110 -0.176447
v -0.000030 2.207921 -0.154864
v -0.055687 2.149110 -0.167600
v -0.048995 2.207921 -0.147079
v -0.105713 2.149110 -0.142042
v -0.093008 2.207921 -0.124594
v -0.145394 2.149110 -0.102275
v -0.127918 2.207921 -0.089608
v -0.170843 2.149110 -0.052194
v -0.150309 2.207921 -0.045546
v -0.179572 2.149110 0.003301
v -0.157987 2.207921 0.003278
v -0.170724 2.149110 0.058777
v -0.150203 2.207921 0.052085
v -0.145166 2.149110 0.108804
v -0.127717 2.207921 0.096098
v -0.105400 2.149110 0.148484
v -0.092732 2.207921 0.131008
v -0.048670 2.207921 0.153399
v -0.055318 2.149110 0.173934
v 0.042849 2.246628 0.134554
v 0.000132 2.246628 0.141367
v -0.042600 2.246628 0.134646
v 0.081370 2.246628 0.114874
v 0.111925 2.246628 0.084253
v 0.131522 2.246628 0.045690
v 0.138242 2.246628 0.002958
v 0.131429 2.246628 -0.039760
v 0.111749 2.246628 -0.078281
v 0.081129 2.246628 -0.108835
v 0.042565 2.246628 -0.128432
v -0.000167 2.246628 -0.135153
v -0.042884 2.246628 -0.128340
v -0.081406 2.246628 -0.108660
v -0.111960 2.246628 -0.078039
v -0.131557 2.246628 -0.039475
v -0.138278 2.246628 0.003257
v -0.131464 2.246628 0.045974
v -0.111784 2.246628 0.084495
v -0.081164 2.246628 0.115050
v 0.000217 -2.379891 0.219304
v 0.000183 -2.328971 0.188436
v -0.000227 -2.358159 0.197477
v 0.067014 -2.379891 0.208651
v 0.057443 -2.328971 0.179303
v 0.059847 -2.358159 0.188029
v 0.127249 -2.379890 0.177877
v 0.109078 -2.328971 0.152923
v 0.114061 -2.358159 0.160479
v 0.175027 -2.379891 0.129996
v 0.150035 -2.328972 0.111878
v 0.157108 -2.358159 0.117525
v 0.205671 -2.379891 0.069694
v 0.176303 -2.328971 0.060186
v 0.184775 -2.358159 0.063370
v 0.216180 -2.379890 0.002873
v 0.185312 -2.328971 0.002907
v 0.194353 -2.358159 0.003317
v 0.205527 -2.379891 -0.063924
v 0.176179 -2.328972 -0.054353
v 0.184905 -2.358159 -0.056757
v 0.174753 -2.379891 -0.124159
v 0.149799 -2.328971 -0.105989
v 0.157355 -2.358159 -0.110971
v 0.126872 -2.379890 -0.171937
v 0.108754 -2.328971 -0.146945
v 0.114401 -2.358159 -0.154018
v 0.066570 -2.379890 -0.202581
v 0.057062 -2.328971 -0.173213
v 0.060246 -2.358159 -0.181685
v -0.000030 -2.379891 -0.213090
v -0.000030 -2.328971 -0.182222
v -0.000030 -2.358159 -0.191263
v -0.067048 -2.379891 -0.202437
v -0.057477 -2.328971 -0.173089
v -0.059881 -2.358159 -0.181815
v -0.127283 -2.379890 -0.171663
v -0.109112 -2.328971 -0.146709
v -0.114095 -2.358159 -0.154265
v -0.175061 -2.379891 -0.123782
v -0.150069 -2.328971 -0.105664
v -0.157142 -2.358159 -0.111310
v -0.205705 -2.379891 -0.063480
v -0.176337 -2.328971 -0.053972
v -0.184809 -2.358159 -0.057156
v -0.216214 -2.379890 0.003341
v -0.185346 -2.328971 0.003307
v -0.194387 -2.358159 0.002897
v -0.205561 -2.379891 0.070138
v -0.176213 -2.328971 0.060567
v -0.184939 -2.358159 0.062971
v -0.174787 -2.379890 0.130373
v -0.149833 -2.328971 0.112203
v -0.157389 -2.358159 0.117185
v -0.126906 -2.379890 0.178151
v -0.108788 -2.328971 0.153159
v -0.114434 -2.358159 0.160232
v -0.057096 -2.328971 0.179427
v -0.066604 -2.379891 0.208795
v -0.060280 -2.358159 0.187899
v 0.000298 -2.440597 0.294211
v 0.000276 -2.409225 0.274319
v -0.000325 -2.422617 0.288027
v 0.090238 -2.440597 0.279867
v 0.084071 -2.409225 0.260954
v 0.087735 -2.422616 0.274177
v 0.171344 -2.440597 0.238431
v 0.159634 -2.409225 0.222350
v 0.167206 -2.422616 0.233793
v 0.235676 -2.440597 0.173959
v 0.219570 -2.409225 0.162284
v 0.230307 -2.422616 0.170827
v 0.276937 -2.440597 0.092764
v 0.258011 -2.409225 0.086637
v 0.270862 -2.422616 0.091444
v 0.291087 -2.440597 0.002792
v 0.271194 -2.409225 0.002814
v 0.284903 -2.422616 0.003414
v 0.276742 -2.440597 -0.087148
v 0.257830 -2.409225 -0.080981
v 0.271053 -2.422616 -0.084646
v 0.235306 -2.440597 -0.168254
v 0.219226 -2.409225 -0.156544
v 0.230669 -2.422616 -0.164116
v 0.170835 -2.440597 -0.232586
v 0.159160 -2.409225 -0.216480
v 0.167703 -2.422616 -0.227217
v 0.089640 -2.440597 -0.273847
v 0.083513 -2.409225 -0.254921
v 0.088321 -2.422616 -0.267773
v -0.000030 -2.440596 -0.287997
v -0.000030 -2.409225 -0.268104
v -0.000030 -2.422616 -0.281813
v -0.090272 -2.440597 -0.273652
v -0.084105 -2.409225 -0.254740
v -0.087769 -2.422616 -0.267963
v -0.171378 -2.440597 -0.232216
v -0.159668 -2.409225 -0.216135
v -0.167240 -2.422616 -0.227579
v -0.235710 -2.440597 -0.167745
v -0.219604 -2.409225 -0.156070
v -0.230341 -2.422616 -0.164613
v -0.276971 -2.440597 -0.086550
v -0.258045 -2.409225 -0.080423
v -0.270897 -2.422616 -0.085231
v -0.291121 -2.440597 0.003421
v -0.271229 -2.409225 0.003400
v -0.284937 -2.422616 0.002799
v -0.276776 -2.440597 0.093362
v -0.257864 -2.409225 0.087195
v -0.271087 -2.422616 0.090859
v -0.235340 -2.440597 0.174468
v -0.219260 -2.409225 0.162758
v -0.230703 -2.422616 0.170330
v -0.170869 -2.440597 0.238800
v -0.159194 -2.409225 0.222694
v -0.167737 -2.422616 0.233431
v -0.083547 -2.409225 0.261135
v -0.089674 -2.440597 0.280061
v -0.088355 -2.422616 0.273986
v 0.109091 0.319879 0.152940
v -0.176214 0.317731 0.060566
v -0.185344 0.317291 0.003309
v -0.176334 0.316947 -0.053968
v -0.150064 0.316732 -0.105658
v -0.108804 0.318723 0.153138
v 0.150047 0.319815 0.111895
v -0.109108 0.316669 -0.146703
v -0.057473 0.316762 -0.173083
v -0.000030 0.317003 -0.182218
v 0.057063 0.317369 -0.173211
v 0.108753 0.317823 -0.146946
v 0.149795 0.318322 -0.105993
v 0.176173 0.318815 -0.054362
v 0.185303 0.319256 0.002896
v 0.176292 0.319600 0.060173
v -0.149854 0.318225 0.112176
v 0.057445 0.319785 0.179305
v 0.000192 0.319544 0.188447
v -0.057085 0.319178 0.179441
v -0.108788 -0.911408 0.153178
v -0.057094 -0.397883 0.179430
v -0.057088 -0.105448 0.179438
v 0.000185 -0.397866 0.188438
v 0.000190 -0.105381 0.188445
v 0.057443 -0.397855 0.179304
v 0.057444 -0.105337 0.179305
v 0.109081 -0.397851 0.152927
v 0.109089 -0.105320 0.152937
v 0.150037 -0.397854 0.111882
v 0.150045 -0.105332 0.111892
v 0.176301 -0.397863 0.060184
v 0.176294 -0.105371 0.060175
v 0.185310 -0.397879 0.002905
v 0.185305 -0.105434 0.002898
v 0.176178 -0.397899 -0.054355
v 0.176174 -0.105515 -0.054360
v 0.149799 -0.397922 -0.105989
v 0.149796 -0.105605 -0.105992
v 0.108754 -0.397945 -0.146945
v 0.108753 -0.105696 -0.146946
v 0.057062 -0.397965 -0.173213
v 0.057063 -0.105779 -0.173212
v -0.000030 -0.397982 -0.182221
v -0.000030 -0.105846 -0.182218
v -0.057476 -0.397993 -0.173088
v -0.057474 -0.105891 -0.173085
v -0.109112 -0.397998 -0.146708
v -0.109109 -0.105908 -0.146704
v -0.150068 -0.397995 -0.105663
v -0.150065 -0.105896 -0.105660
v -0.176336 -0.397985 -0.053971
v -0.176334 -0.105857 -0.053969
v -0.185345 -0.397969 0.003307
v -0.185345 -0.105794 0.003309
v -0.176213 -0.397949 0.060567
v -0.176214 -0.105713 0.060567
v -0.149837 -0.397926 0.112197
v -0.149850 -0.105623 0.112182
v -0.108795 -0.397904 0.153162
v -0.108800 -0.105535 0.153150
v -0.185345 -0.154574 0.003308
v -0.176335 -0.154622 -0.053970
v -0.150066 -0.154652 -0.105661
v -0.109110 -0.154661 -0.146705
v 0.108754 -0.154500 -0.146946
v 0.149797 -0.154431 -0.105991
v 0.176175 -0.154362 -0.054358
v 0.185306 -0.154300 0.002900
v 0.176296 -0.154253 0.060178
v 0.150043 -0.154223 0.111889
v 0.109086 -0.154214 0.152934
v 0.057444 -0.154227 0.179304
v 0.000189 -0.154260 0.188443
v -0.057090 -0.154311 0.179436
v -0.108798 -0.154378 0.153153
v -0.149846 -0.154444 0.112187
v -0.176214 -0.154513 0.060567
v -0.185212 -0.230641 0.003516
v -0.176447 -0.230787 -0.054185
v -0.150375 -0.231212 -0.106413
v -0.102093 -0.230523 -0.151083
v 0.102878 -0.230421 -0.150668
v 0.150138 -0.231128 -0.106853
v 0.176286 -0.230582 -0.054572
v 0.185165 -0.230401 0.003138
v 0.176222 -0.230494 0.060233
v 0.150032 -0.230506 0.111796
v 0.109069 -0.230464 0.152879
v 0.057425 -0.230467 0.179281
v 0.000186 -0.230501 0.188407
v -0.057074 -0.230537 0.179403
v -0.108781 -0.230592 0.153107
v -0.149832 -0.230675 0.112116
v -0.176135 -0.230700 0.060612
v -0.176112 -0.189042 0.060658
v -0.185277 -0.189446 0.003499
v -0.176532 -0.189154 -0.054358
v -0.150132 -0.187879 -0.106350
v -0.117020 -0.189149 -0.138832
v 0.117727 -0.189020 -0.138367
v 0.149864 -0.187328 -0.106790
v 0.176359 -0.188909 -0.054704
v 0.185237 -0.189293 0.003120
v 0.176202 -0.188809 0.060268
v 0.150013 -0.188666 0.111801
v 0.109075 -0.188775 0.152870
v 0.057432 -0.188811 0.179281
v 0.000187 -0.188817 0.188414
v -0.057080 -0.188880 0.179402
v -0.108787 -0.188922 0.153093
v -0.149815 -0.188893 0.112119
v -0.185279 -0.270596 0.003499
v -0.176531 -0.271114 -0.054360
v -0.150126 -0.272598 -0.106353
v -0.117020 -0.270854 -0.138835
v 0.117727 -0.270755 -0.138369
v 0.149854 -0.272803 -0.106793
v 0.176357 -0.270937 -0.054704
v 0.185242 -0.270315 0.003123
v 0.176203 -0.270769 0.060269
v 0.150011 -0.270903 0.111800
v 0.109073 -0.270768 0.152867
v 0.057431 -0.270743 0.179280
v 0.000186 -0.270792 0.188412
v -0.057081 -0.270810 0.179402
v -0.108786 -0.270879 0.153094
v -0.149813 -0.271027 0.112122
v -0.176112 -0.270946 0.060659
v -0.185345 -0.305043 0.003308
v -0.176336 -0.305071 -0.053971
v -0.150067 -0.305089 -0.105662
v -0.109111 -0.305094 -0.146707
v 0.108754 -0.305000 -0.146945
v 0.149798 -0.304959 -0.105990
v 0.176177 -0.304919 -0.054356
v 0.185309 -0.304883 0.002903
v 0.176299 -0.304855 0.060181
v 0.150039 -0.304837 0.111884
v 0.109083 -0.304832 0.152929
v 0.057444 -0.304840 0.179304
v 0.000186 -0.304859 0.188440
v -0.057092 -0.304889 0.179432
v -0.108796 -0.304928 0.153158
v -0.149841 -0.304967 0.112193
v -0.176214 -0.305007 0.060567
v -0.185345 -0.345085 0.003308
v -0.176336 -0.345109 -0.053971
v -0.150067 -0.345124 -0.105663
v -0.109111 -0.345128 -0.146707
v -0.057476 -0.345122 -0.173088
v -0.000030 -0.345105 -0.182220
v 0.057063 -0.345079 -0.173212
v 0.108754 -0.345048 -0.146945
v 0.149798 -0.345014 -0.105990
v 0.176177 -0.344979 -0.054356
v 0.185309 -0.344949 0.002903
v 0.176300 -0.344925 0.060182
v 0.150039 -0.344910 0.111883
v 0.109082 -0.344905 0.152928
v 0.057444 -0.344912 0.179304
v 0.000186 -0.344929 0.188439
v -0.057093 -0.344954 0.179431
v -0.108796 -0.344987 0.153160
v -0.149840 -0.345020 0.112195
v -0.176213 -0.345054 0.060567
v -0.000030 -0.139581 -0.181845
v -0.032504 -0.146430 -0.177069
v -0.061894 -0.165933 -0.170828
v -0.081532 -0.195122 -0.160795
v -0.088428 -0.229552 -0.157273
v -0.081532 -0.263982 -0.160796
v -0.061894 -0.293170 -0.170830
v -0.032504 -0.312673 -0.177070
v -0.000030 -0.319521 -0.181846
v 0.036832 -0.312673 -0.176394
v 0.066222 -0.293170 -0.168558
v 0.085859 -0.263982 -0.158579
v 0.092755 -0.229552 -0.155075
v 0.085859 -0.195122 -0.158579
v 0.066222 -0.165933 -0.168558
v 0.036832 -0.146430 -0.176393
v -0.000030 -0.123695 -0.181845
v -0.038625 -0.131753 -0.176092
v -0.073205 -0.154700 -0.165049
v -0.095932 -0.190462 -0.153718
v -0.095932 -0.268953 -0.153720
v -0.073205 -0.304403 -0.165051
v -0.038625 -0.327350 -0.176094
v -0.000030 -0.335408 -0.181846
v 0.042953 -0.327350 -0.175431
v 0.077532 -0.304403 -0.162811
v 0.099053 -0.268903 -0.152079
v 0.099053 -0.190440 -0.152078
v 0.077532 -0.154700 -0.162811
v 0.042953 -0.131753 -0.175431
v 0.118678 -0.230675 -0.138016
v -0.119013 -0.230816 -0.137753
v -0.176214 -0.130113 0.060567
v -0.185345 -0.130184 0.003309
v -0.176335 -0.130239 -0.053969
v -0.150066 -0.130274 -0.105660
v -0.109109 -0.130284 -0.146705
v 0.108754 -0.130098 -0.146946
v 0.149797 -0.130018 -0.105992
v 0.176175 -0.129938 -0.054359
v 0.185305 -0.129867 0.002899
v 0.176295 -0.129812 0.060177
v 0.150044 -0.129777 0.111890
v 0.109088 -0.129767 0.152935
v 0.057444 -0.129782 0.179305
v 0.000189 -0.129821 0.188444
v -0.057089 -0.129880 0.179437
v -0.108799 -0.129956 0.153152
v -0.149848 -0.130033 0.112184
v -0.102093 -1.979752 -0.151083
v 0.102878 -1.979650 -0.150668
v -0.000030 -1.888810 -0.181845
v -0.032504 -1.895658 -0.177069
v -0.061894 -1.915162 -0.170828
v -0.081532 -1.944350 -0.160795
v -0.088428 -1.978780 -0.157273
v -0.081532 -2.013210 -0.160796
v -0.061894 -2.042398 -0.170830
v -0.032504 -2.061901 -0.177070
v -0.000030 -2.068750 -0.181846
v 0.036832 -2.061901 -0.176394
v 0.066222 -2.042398 -0.168558
v 0.085859 -2.013210 -0.158579
v 0.092755 -1.978780 -0.155075
v 0.085859 -1.944350 -0.158579
v 0.066222 -1.915162 -0.168558
v 0.036832 -1.895658 -0.176393
v -0.000030 -1.872924 -0.181845
v -0.038625 -1.880981 -0.176092
v -0.073205 -1.903928 -0.165049
v -0.095932 -1.939690 -0.153718
v -0.095932 -2.018182 -0.153720
v -0.073205 -2.053632 -0.165051
v -0.038625 -2.076578 -0.176094
v -0.000030 -2.084636 -0.181846
v 0.042953 -2.076578 -0.175431
v 0.077532 -2.053632 -0.162811
v 0.099053 -2.018132 -0.152079
v 0.099053 -1.939669 -0.152078
v 0.077532 -1.903928 -0.162811
v 0.042953 -1.880981 -0.175431
v -0.057096 -1.939091 0.179428
v 0.000184 -1.939088 0.188436
v 0.057443 -1.939085 0.179303
v 0.109079 -1.939085 0.152924
v 0.150035 -1.939085 0.111879
v 0.176303 -1.939087 0.060186
v 0.185311 -1.939090 0.002907
v 0.176179 -1.939095 -0.054353
v 0.149799 -1.939099 -0.105989
v 0.108754 -1.939103 -0.146945
v -0.109112 -1.939114 -0.146709
v -0.150069 -1.939113 -0.105664
v -0.176337 -1.939111 -0.053972
v -0.185346 -1.939108 0.003307
v -0.176213 -1.939104 0.060567
v -0.149834 -1.939100 0.112202
v -0.057096 -1.979077 0.179428
v 0.000184 -1.979074 0.188436
v 0.057443 -1.979072 0.179303
v 0.109079 -1.979071 0.152924
v 0.150035 -1.979072 0.111879
v 0.176303 -1.979073 0.060186
v 0.185311 -1.979076 0.002907
v 0.176179 -1.979080 -0.054353
v 0.149799 -1.979084 -0.105989
v 0.108754 -1.979088 -0.146945
v -0.109112 -1.979097 -0.146709
v -0.150069 -1.979096 -0.105664
v -0.176337 -1.979095 -0.053972
v -0.185346 -1.979092 0.003307
v -0.176213 -1.979089 0.060567
v -0.149834 -1.979084 0.112202
v -0.057096 -2.018406 0.179427
v 0.000184 -2.018404 0.188436
v 0.057443 -2.018402 0.179303
v 0.109079 -2.018401 0.152924
v 0.150035 -2.018402 0.111879
v 0.176303 -2.018403 0.060186
v 0.185311 -2.018405 0.002907
v 0.176179 -2.018409 -0.054353
v 0.149799 -2.018412 -0.105989
v 0.108754 -2.018416 -0.146945
v -0.109112 -2.018424 -0.146709
v -0.150069 -2.018424 -0.105664
v -0.176337 -2.018422 -0.053972
v -0.185346 -2.018420 0.003307
v -0.176213 -2.018416 0.060567
v -0.149834 -2.018413 0.112202
v -0.057096 -2.053667 0.179427
v 0.000183 -2.053664 0.188436
v 0.057443 -2.053663 0.179303
v 0.109079 -2.053662 0.152924
v 0.150035 -2.053663 0.111879
v 0.176303 -2.053664 0.060186
v 0.185311 -2.053666 0.002907
v 0.176179 -2.053669 -0.054353
v 0.149799 -2.053672 -0.105989
v 0.108754 -2.053675 -0.146945
v -0.109112 -2.053683 -0.146709
v -0.150069 -2.053682 -0.105664
v -0.176337 -2.053681 -0.053972
v -0.185346 -2.053679 0.003307
v -0.176213 -2.053676 0.060567
v -0.149834 -2.053673 0.112202
v -0.057096 -2.090779 0.179427
v 0.000183 -2.090777 0.188436
v 0.057443 -2.090775 0.179303
v 0.109079 -2.090775 0.152924
v 0.150035 -2.090775 0.111879
v 0.176303 -2.090776 0.060186
v 0.185312 -2.090778 0.002907
v 0.176179 -2.090781 -0.054353
v 0.149799 -2.090784 -0.105989
v 0.108754 -2.090786 -0.146945
v 0.057062 -2.090789 -0.173213
v -0.000030 -2.090790 -0.182222
v -0.057477 -2.090792 -0.173089
v -0.109112 -2.090793 -0.146709
v -0.150069 -2.090792 -0.105664
v -0.176337 -2.090791 -0.053972
v -0.185346 -2.090789 0.003307
v -0.176213 -2.090787 0.060567
v -0.149834 -2.090784 0.112202
v -0.057096 -1.854511 0.179428
v 0.000184 -1.854507 0.188436
v 0.057443 -1.854504 0.179303
v 0.109079 -1.854503 0.152924
v 0.150035 -1.854504 0.111879
v 0.176302 -1.854506 0.060186
v 0.185311 -1.854510 0.002906
v 0.176179 -1.854515 -0.054353
v 0.149799 -1.854520 -0.105989
v 0.108754 -1.854526 -0.146945
v 0.057062 -1.854531 -0.173213
v -0.000030 -1.854534 -0.182222
v -0.057477 -1.854537 -0.173089
v -0.109112 -1.854538 -0.146709
v -0.150069 -1.854537 -0.105664
v -0.176337 -1.854535 -0.053972
v -0.185346 -1.854531 0.003307
v -0.176213 -1.854527 0.060567
v -0.149834 -1.854521 0.112201
v -0.057096 -1.902843 0.179428
v 0.000184 -1.902839 0.188436
v 0.057443 -1.902836 0.179303
v 0.109079 -1.902835 0.152924
v 0.150035 -1.902836 0.111879
v 0.176302 -1.902838 0.060186
v 0.185311 -1.902842 0.002906
v 0.176179 -1.902846 -0.054353
v 0.149799 -1.902851 -0.105989
v 0.108754 -1.902856 -0.146945
v -0.109112 -1.902867 -0.146709
v -0.150069 -1.902866 -0.105664
v -0.176337 -1.902864 -0.053972
v -0.185346 -1.902861 0.003307
v -0.176213 -1.902857 0.060567
v -0.149834 -1.902852 0.112201
v -0.108788 -1.902847 0.153165
v -0.108788 -1.854516 0.153165
v -0.108788 -1.939095 0.153164
v -0.108788 -1.979081 0.153163
v -0.108788 -2.018409 0.153163
v -0.108788 -2.053670 0.153163
v -0.108788 -2.090781 0.153162
v -0.057096 -1.878677 0.179428
v 0.000184 -1.878673 0.188436
v 0.057443 -1.878670 0.179303
v 0.109079 -1.878669 0.152924
v 0.150035 -1.878670 0.111879
v 0.176302 -1.878672 0.060186
v 0.185311 -1.878676 0.002906
v 0.176179 -1.878681 -0.054353
v 0.149799 -1.878685 -0.105989
v 0.108754 -1.878691 -0.146945
v -0.109112 -1.878703 -0.146709
v -0.150069 -1.878702 -0.105664
v -0.176337 -1.878700 -0.053972
v -0.185346 -1.878696 0.003307
v -0.176213 -1.878692 0.060567
v -0.149834 -1.878686 0.112201
v -0.108788 -1.878682 0.153165
v -0.057096 -2.072223 0.179427
v 0.000183 -2.072221 0.188436
v 0.057443 -2.072219 0.179303
v 0.109079 -2.072218 0.152924
v 0.150035 -2.072219 0.111879
v 0.176303 -2.072220 0.060186
v 0.185312 -2.072222 0.002907
v 0.176179 -2.072225 -0.054353
v 0.149799 -2.072228 -0.105989
v 0.108754 -2.072231 -0.146945
v -0.109112 -2.072237 -0.146709
v -0.150069 -2.072237 -0.105664
v -0.176337 -2.072236 -0.053972
v -0.185346 -2.072234 0.003307
v -0.176213 -2.072231 0.060567
v -0.149834 -2.072229 0.112202
v -0.108788 -2.072226 0.153162
v 0.092671 2.285336 0.003207
v 0.088165 2.285336 -0.025440
v 0.075028 2.285336 -0.051293
v 0.054544 2.285336 -0.071821
v 0.028530 2.285336 0.091290
v 0.054382 2.285336 0.078153
v 0.000082 2.285336 -0.089582
v -0.028565 2.285336 -0.085076
v -0.088139 2.285336 -0.025631
v -0.092706 2.285336 0.003007
v -0.088201 2.285336 0.031654
v -0.075063 2.285336 0.057507
v 0.088104 2.285336 0.031845
v 0.074910 2.285336 0.057669
v -0.054580 2.285336 0.078035
v -0.028755 2.285336 0.091228
v -0.000118 2.285336 0.095796
v -0.074946 2.285336 -0.051455
v -0.054418 2.285336 -0.071939
v 0.028720 2.285336 -0.085014
v -0.000016 2.297383 0.003107
v 0.007114 2.297383 -0.017878
v -0.007148 2.297383 0.024093
v -0.013872 2.297383 -0.025010
v -0.021003 2.297383 -0.004024
v -0.028134 2.297383 0.016962
v 0.028099 2.297383 -0.010748
v 0.020968 2.297383 0.010238
v 0.013837 2.297383 0.031224
v -0.034567 2.297383 0.035893
v -0.013581 2.297383 0.043024
v 0.007404 2.297383 0.050155
v -0.007439 2.297383 -0.043941
v 0.013547 2.297383 -0.036810
v 0.034532 2.297383 -0.029679
v 0.000306 -2.642005 0.302420
v -0.092202 -2.642005 0.287870
v 0.092783 -2.642005 0.287671
v 0.176176 -2.642005 0.245066
v 0.242322 -2.642005 0.178777
v 0.284746 -2.642005 0.095292
v 0.299296 -2.642005 0.002784
v 0.284546 -2.642005 -0.089693
v 0.241942 -2.642005 -0.173086
v 0.175653 -2.642005 -0.239232
v 0.092168 -2.642005 -0.281656
v -0.000030 -2.642005 -0.296206
v -0.092817 -2.642005 -0.281457
v -0.176210 -2.642005 -0.238852
v -0.242356 -2.642005 -0.172563
v -0.284780 -2.642005 -0.089078
v -0.299330 -2.642005 0.003430
v -0.284580 -2.642005 0.095907
v -0.241976 -2.642005 0.179300
v -0.175687 -2.642005 0.245446
v -0.000021 -2.642005 0.003108
v 0.025636 -2.642005 0.081778
v -0.025677 -2.642005 -0.075561
v 0.053174 -2.642005 -0.101276
v 0.078786 -2.642005 -0.022592
v 0.104398 -2.642005 0.056092
v -0.104342 -2.642005 -0.049908
v -0.078687 -2.642005 0.028763
v -0.053032 -2.642005 0.107432
v -0.029887 -2.642005 0.178402
v 0.048781 -2.642005 0.152747
v 0.127503 -2.642005 0.127074
v -0.127486 -2.642005 -0.120877
v -0.048823 -2.642005 -0.146530
v 0.030068 -2.642005 -0.172258
vn -0.0000 1.0000 -0.0000
vn -0.0000 -1.0000 -0.0000
vn 0.0004 -0.9236 0.3833
vn -0.1180 -0.9236 0.3647
vn -0.1694 -0.8351 0.5234
vn 0.0006 -0.8351 0.5502
vn 0.0010 -0.3498 0.9368
vn -0.2885 -0.3498 0.8913
vn -0.3030 -0.1808 0.9357
vn 0.0011 -0.1808 0.9835
vn 0.3049 -0.1807 0.9351
vn 0.2905 -0.3498 0.8907
vn 0.1706 -0.8351 0.5231
vn 0.1188 -0.9236 0.3644
vn 0.5789 -0.1807 0.7951
vn 0.5515 -0.3498 0.7573
vn 0.3239 -0.8351 0.4447
vn 0.2256 -0.9236 0.3098
vn 0.7964 -0.1807 0.5772
vn 0.7585 -0.3498 0.5498
vn 0.4454 -0.8351 0.3229
vn 0.3103 -0.9236 0.2250
vn 0.9357 -0.1810 0.3029
vn 0.8913 -0.3498 0.2885
vn 0.5234 -0.8351 0.1694
vn 0.3647 -0.9236 0.1180
vn 0.9835 -0.1810 -0.0010
vn 0.9368 -0.3498 -0.0010
vn 0.5502 -0.8351 -0.0006
vn 0.3833 -0.9236 -0.0004
vn 0.9350 -0.1809 -0.3049
vn 0.8907 -0.3498 -0.2905
vn 0.5231 -0.8351 -0.1706
vn 0.3644 -0.9236 -0.1188
vn 0.7951 -0.1809 -0.5789
vn 0.7573 -0.3498 -0.5515
vn 0.4447 -0.8351 -0.3239
vn 0.3098 -0.9236 -0.2256
vn 0.5772 -0.1809 -0.7963
vn 0.5498 -0.3498 -0.7585
vn 0.3229 -0.8351 -0.4454
vn 0.2250 -0.9236 -0.3103
vn 0.2343 0.0151 -0.9720
vn 0.2608 -0.0031 -0.9654
vn 0.4190 0.0280 -0.9076
vn 0.3824 0.0145 -0.9239
vn 0.3031 -0.1809 -0.9356
vn -0.0006 -0.1809 -0.9835
vn -0.0005 -0.3498 -0.9368
vn 0.2888 -0.3498 -0.8912
vn 0.1696 -0.8351 -0.5234
vn -0.0003 -0.8351 -0.5502
vn -0.0002 -0.9236 -0.3833
vn 0.1181 -0.9236 -0.3646
vn -0.3047 -0.1810 -0.9351
vn -0.2902 -0.3498 -0.8907
vn -0.1704 -0.8351 -0.5231
vn -0.1187 -0.9236 -0.3644
vn -0.3679 0.0266 -0.9295
vn -0.4091 0.0427 -0.9115
vn -0.2471 0.0030 -0.9690
vn -0.2201 0.0271 -0.9751
vn -0.5789 -0.1810 -0.7950
vn -0.5515 -0.3498 -0.7573
vn -0.7963 -0.1810 -0.5772
vn -0.7585 -0.3498 -0.5498
vn -0.3239 -0.8351 -0.4447
vn -0.4454 -0.8351 -0.3229
vn -0.3103 -0.9236 -0.2250
vn -0.2256 -0.9236 -0.3098
vn -0.9357 -0.1809 -0.3029
vn -0.8913 -0.3498 -0.2885
vn -0.5234 -0.8351 -0.1694
vn -0.3647 -0.9236 -0.1180
vn -0.9835 -0.1809 0.0011
vn -0.9368 -0.3498 0.0010
vn -0.5502 -0.8351 0.0006
vn -0.3833 -0.9236 0.0004
vn -0.9350 -0.1809 0.3049
vn -0.8907 -0.3498 0.2905
vn -0.5231 -0.8351 0.1706
vn -0.3644 -0.9236 0.1188
vn -0.7950 -0.1809 0.5790
vn -0.7573 -0.3498 0.5515
vn -0.4447 -0.8351 0.3239
vn -0.3098 -0.9236 0.2256
vn -0.5772 -0.1809 0.7963
vn -0.5498 -0.3498 0.7585
vn -0.3229 -0.8351 0.4454
vn -0.2250 -0.9236 0.3103
vn 0.0011 0.1882 0.9821
vn -0.3025 0.1882 0.9344
vn -0.2870 0.3632 0.8864
vn 0.0010 0.3632 0.9317
vn 0.0005 0.8664 0.4994
vn -0.1538 0.8664 0.4751
vn -0.0986 0.9473 0.3047
vn 0.0003 0.9473 0.3203
vn 0.0993 0.9473 0.3045
vn 0.1548 0.8664 0.4748
vn 0.2889 0.3632 0.8858
vn 0.3045 0.1882 0.9337
vn 0.1885 0.9473 0.2589
vn 0.2940 0.8664 0.4037
vn 0.5485 0.3632 0.7532
vn 0.5781 0.1882 0.7939
vn 0.2593 0.9473 0.1880
vn 0.4044 0.8664 0.2931
vn 0.7544 0.3632 0.5468
vn 0.7952 0.1882 0.5764
vn 0.3047 0.9473 0.0986
vn 0.4751 0.8664 0.1538
vn 0.8864 0.3632 0.2870
vn 0.9344 0.1882 0.3025
vn 0.3203 0.9473 -0.0003
vn 0.4994 0.8664 -0.0005
vn 0.9317 0.3632 -0.0010
vn 0.9821 0.1882 -0.0011
vn 0.3045 0.9473 -0.0993
vn 0.4748 0.8664 -0.1548
vn 0.8858 0.3632 -0.2889
vn 0.9337 0.1882 -0.3045
vn 0.2589 0.9473 -0.1885
vn 0.4037 0.8664 -0.2940
vn 0.7532 0.3632 -0.5485
vn 0.7939 0.1882 -0.5781
vn 0.1880 0.9473 -0.2593
vn 0.2931 0.8664 -0.4044
vn 0.5468 0.3632 -0.7544
vn 0.5764 0.1882 -0.7952
vn 0.0987 0.9473 -0.3047
vn -0.0001 0.9473 -0.3203
vn -0.0003 0.8664 -0.4994
vn 0.1539 0.8664 -0.4751
vn 0.2872 0.3632 -0.8864
vn -0.0005 0.3632 -0.9317
vn -0.0006 0.1882 -0.9821
vn 0.3027 0.1882 -0.9343
vn -0.0992 0.9474 -0.3044
vn -0.1547 0.8664 -0.4748
vn -0.2887 0.3632 -0.8859
vn -0.3043 0.1882 -0.9338
vn -0.1885 0.9473 -0.2589
vn -0.2940 0.8664 -0.4037
vn -0.2593 0.9473 -0.1880
vn -0.4044 0.8664 -0.2931
vn -0.5485 0.3632 -0.7532
vn -0.7544 0.3632 -0.5468
vn -0.7952 0.1882 -0.5764
vn -0.5781 0.1882 -0.7939
vn -0.3047 0.9473 -0.0986
vn -0.4751 0.8664 -0.1538
vn -0.8864 0.3632 -0.2870
vn -0.9344 0.1882 -0.3025
vn -0.3203 0.9473 0.0003
vn -0.4994 0.8664 0.0005
vn -0.9317 0.3632 0.0010
vn -0.9821 0.1882 0.0011
vn -0.3045 0.9473 0.0993
vn -0.4748 0.8664 0.1548
vn -0.8858 0.3632 0.2889
vn -0.9337 0.1882 0.3045
vn -0.2589 0.9473 0.1885
vn -0.4037 0.8664 0.2940
vn -0.7532 0.3632 0.5485
vn -0.7939 0.1882 0.5781
vn -0.1880 0.9473 0.2593
vn -0.2931 0.8664 0.4044
vn -0.5468 0.3632 0.7544
vn -0.5764 0.1882 0.7952
vn 1.0000 -0.0001 -0.0011
vn 0.9515 -0.0001 0.3078
vn 0.9507 -0.0001 -0.3100
vn 0.8084 -0.0000 -0.5887
vn 0.5869 -0.0000 -0.8097
vn -0.0006 -0.0001 -1.0000
vn 0.3082 -0.0000 -0.9513
vn -0.3098 -0.0001 -0.9508
vn -0.8096 -0.0001 -0.5869
vn -0.5887 -0.0001 -0.8084
vn -0.9514 -0.0001 -0.3080
vn -1.0000 -0.0000 0.0011
vn -0.9507 -0.0000 0.3100
vn 0.0015 -0.1441 0.9896
vn -0.3044 -0.1441 0.9416
vn -0.2941 -0.3234 0.8994
vn -0.0018 -0.3234 0.9463
vn -0.0010 -0.8314 0.5557
vn -0.1727 -0.8314 0.5281
vn -0.1278 -0.9096 0.3954
vn 0.0006 -0.9096 0.4155
vn 0.1290 -0.9096 0.3950
vn 0.1707 -0.8314 0.5288
vn 0.2907 -0.3234 0.9005
vn 0.3072 -0.1441 0.9407
vn 0.2447 -0.9096 0.3358
vn 0.3258 -0.8314 0.4502
vn 0.5548 -0.3234 0.7666
vn 0.5828 -0.1441 0.7997
vn 0.3365 -0.9096 0.2437
vn 0.4489 -0.8314 0.3275
vn 0.7645 -0.3234 0.5576
vn 0.8014 -0.1441 0.5805
vn 0.3954 -0.9096 0.1278
vn 0.5282 -0.8314 0.1727
vn 0.8994 -0.3234 0.2941
vn 0.9416 -0.1441 0.3044
vn 0.4155 -0.9096 -0.0006
vn 0.5557 -0.8314 0.0010
vn 0.9463 -0.3234 0.0018
vn 0.9896 -0.1441 -0.0015
vn 0.3950 -0.9096 -0.1290
vn 0.5288 -0.8314 -0.1707
vn 0.9005 -0.3234 -0.2907
vn 0.9407 -0.1441 -0.3072
vn 0.3358 -0.9096 -0.2447
vn 0.4502 -0.8314 -0.3258
vn 0.7666 -0.3234 -0.5548
vn 0.7997 -0.1441 -0.5828
vn 0.2437 -0.9096 -0.3365
vn 0.3275 -0.8314 -0.4489
vn 0.5576 -0.3234 -0.7645
vn 0.5805 -0.1441 -0.8014
vn 0.1279 -0.9095 -0.3955
vn -0.0000 -0.9096 -0.4155
vn 0.0001 -0.8314 -0.5557
vn 0.1728 -0.8312 -0.5285
vn 0.2940 -0.3240 -0.8992
vn -0.0001 -0.3234 -0.9463
vn -0.0003 -0.1441 -0.9896
vn 0.3045 -0.1445 -0.9415
vn -0.1290 -0.9097 -0.3948
vn -0.1707 -0.8316 -0.5285
vn -0.2908 -0.3227 -0.9007
vn -0.3071 -0.1438 -0.9408
vn -0.2447 -0.9096 -0.3358
vn -0.3258 -0.8314 -0.4502
vn -0.3365 -0.9096 -0.2437
vn -0.4489 -0.8314 -0.3275
vn -0.5548 -0.3234 -0.7666
vn -0.7645 -0.3234 -0.5576
vn -0.8014 -0.1441 -0.5805
vn -0.5828 -0.1441 -0.7997
vn -0.3954 -0.9096 -0.1278
vn -0.5281 -0.8314 -0.1727
vn -0.8994 -0.3234 -0.2941
vn -0.9416 -0.1441 -0.3044
vn -0.4155 -0.9096 0.0006
vn -0.5557 -0.8314 -0.0010
vn -0.9463 -0.3234 -0.0018
vn -0.9896 -0.1441 0.0015
vn -0.3950 -0.9096 0.1290
vn -0.5288 -0.8314 0.1707
vn -0.9005 -0.3234 0.2907
vn -0.9407 -0.1441 0.3072
vn -0.3358 -0.9096 0.2447
vn -0.4502 -0.8314 0.3258
vn -0.7666 -0.3234 0.5548
vn -0.7997 -0.1441 0.5828
vn -0.2437 -0.9096 0.3365
vn -0.3275 -0.8314 0.4489
vn -0.5576 -0.3234 0.7645
vn -0.5804 -0.1441 0.8014
vn -0.0005 0.9372 0.3488
vn -0.1083 0.9372 0.3315
vn -0.1518 0.8695 0.4700
vn 0.0009 0.8695 0.4939
vn 0.0010 0.3894 0.9211
vn -0.2837 0.3894 0.8763
vn -0.3010 0.2120 0.9298
vn 0.0011 0.2120 0.9773
vn 0.3030 0.2120 0.9291
vn 0.2856 0.3894 0.8757
vn 0.1535 0.8695 0.4695
vn 0.1073 0.9372 0.3319
vn 0.5753 0.2120 0.7900
vn 0.5422 0.3894 0.7446
vn 0.2911 0.8695 0.3990
vn 0.2046 0.9372 0.2825
vn 0.7912 0.2120 0.5736
vn 0.7458 0.3894 0.5406
vn 0.4001 0.8695 0.2896
vn 0.2818 0.9372 0.2054
vn 0.9298 0.2120 0.3010
vn 0.8763 0.3894 0.2837
vn 0.4700 0.8695 0.1518
vn 0.3315 0.9372 0.1083
vn 0.9773 0.2120 -0.0011
vn 0.9211 0.3894 -0.0010
vn 0.4939 0.8695 -0.0009
vn 0.3488 0.9372 0.0005
vn 0.9291 0.2120 -0.3030
vn 0.8757 0.3894 -0.2856
vn 0.4695 0.8695 -0.1535
vn 0.3319 0.9372 -0.1073
vn 0.7900 0.2120 -0.5753
vn 0.7446 0.3894 -0.5422
vn 0.3990 0.8695 -0.2911
vn 0.2825 0.9372 -0.2046
vn 0.5736 0.2120 -0.7912
vn 0.5406 0.3894 -0.7458
vn 0.2896 0.8695 -0.4001
vn 0.2054 0.9372 -0.2818
vn 0.3012 0.2120 -0.9297
vn -0.0005 0.2120 -0.9773
vn -0.0005 0.3894 -0.9211
vn 0.2839 0.3894 -0.8762
vn 0.1517 0.8697 -0.4697
vn -0.0001 0.8695 -0.4939
vn -0.0000 0.9372 -0.3488
vn 0.1083 0.9373 -0.3314
vn -0.3028 0.2120 -0.9292
vn -0.2853 0.3894 -0.8758
vn -0.1536 0.8693 -0.4697
vn -0.1073 0.9372 -0.3320
vn -0.5753 0.2120 -0.7900
vn -0.5422 0.3894 -0.7446
vn -0.7912 0.2120 -0.5736
vn -0.7458 0.3894 -0.5406
vn -0.2911 0.8695 -0.3990
vn -0.4001 0.8695 -0.2896
vn -0.2818 0.9372 -0.2054
vn -0.2046 0.9372 -0.2825
vn -0.9298 0.2120 -0.3010
vn -0.8763 0.3894 -0.2837
vn -0.4700 0.8695 -0.1518
vn -0.3315 0.9372 -0.1083
vn -0.9773 0.2120 0.0011
vn -0.9211 0.3894 0.0010
vn -0.4939 0.8695 0.0009
vn -0.3488 0.9372 -0.0005
vn -0.9291 0.2120 0.3030
vn -0.8757 0.3894 0.2856
vn -0.4695 0.8695 0.1535
vn -0.3319 0.9372 0.1073
vn -0.7900 0.2120 0.5753
vn -0.7446 0.3894 0.5422
vn -0.3990 0.8695 0.2911
vn -0.2825 0.9372 0.2046
vn -0.5736 0.2120 0.7912
vn -0.5406 0.3894 0.7458
vn -0.2896 0.8695 0.4001
vn -0.2054 0.9372 0.2818
vn 0.0007 -0.9479 0.3186
vn -0.0978 -0.9479 0.3032
vn -0.1550 -0.8672 0.4733
vn -0.0011 -0.8672 0.4980
vn -0.0022 -0.3635 0.9316
vn -0.2899 -0.3635 0.8853
vn -0.3020 -0.1884 0.9345
vn 0.0016 -0.1884 0.9821
vn 0.3050 -0.1884 0.9335
vn 0.2858 -0.3635 0.8867
vn 0.1528 -0.8672 0.4740
vn 0.0991 -0.9479 0.3028
vn 0.5786 -0.1884 0.7936
vn 0.5458 -0.3635 0.7549
vn 0.2918 -0.8672 0.4036
vn 0.1878 -0.9479 0.2573
vn 0.7955 -0.1884 0.5760
vn 0.7524 -0.3635 0.5493
vn 0.4023 -0.8672 0.2936
vn 0.2581 -0.9479 0.1867
vn 0.9345 -0.1884 0.3020
vn 0.8853 -0.3635 0.2899
vn 0.4733 -0.8672 0.1550
vn 0.3032 -0.9479 0.0978
vn 0.9821 -0.1884 -0.0016
vn 0.9316 -0.3635 0.0022
vn 0.4980 -0.8672 0.0011
vn 0.3186 -0.9479 -0.0007
vn 0.9335 -0.1884 -0.3050
vn 0.8867 -0.3635 -0.2858
vn 0.4740 -0.8672 -0.1528
vn 0.3028 -0.9479 -0.0991
vn 0.7936 -0.1884 -0.5786
vn 0.7549 -0.3635 -0.5458
vn 0.4036 -0.8672 -0.2918
vn 0.2573 -0.9479 -0.1878
vn 0.5760 -0.1884 -0.7955
vn 0.5493 -0.3635 -0.7524
vn 0.2936 -0.8672 -0.4023
vn 0.1867 -0.9479 -0.2581
vn 0.3021 -0.1880 -0.9346
vn -0.0003 -0.1884 -0.9821
vn 0.0001 -0.3635 -0.9316
vn 0.2900 -0.3628 -0.8856
vn 0.1549 -0.8674 -0.4729
vn -0.0001 -0.8671 -0.4980
vn -0.0001 -0.9479 -0.3186
vn 0.0978 -0.9480 -0.3030
vn -0.3049 -0.1888 -0.9335
vn -0.2858 -0.3643 -0.8863
vn -0.1529 -0.8669 -0.4744
vn -0.0991 -0.9478 -0.3030
vn -0.5786 -0.1884 -0.7936
vn -0.5458 -0.3635 -0.7549
vn -0.7955 -0.1884 -0.5760
vn -0.7524 -0.3635 -0.5493
vn -0.2918 -0.8672 -0.4036
vn -0.4023 -0.8671 -0.2936
vn -0.2581 -0.9479 -0.1867
vn -0.1878 -0.9479 -0.2573
vn -0.9345 -0.1884 -0.3020
vn -0.8853 -0.3635 -0.2899
vn -0.4733 -0.8671 -0.1550
vn -0.3032 -0.9479 -0.0978
vn -0.9821 -0.1884 0.0016
vn -0.9316 -0.3635 -0.0022
vn -0.4980 -0.8671 -0.0011
vn -0.3186 -0.9479 0.0007
vn -0.9335 -0.1884 0.3050
vn -0.8867 -0.3635 0.2858
vn -0.4740 -0.8672 0.1528
vn -0.3028 -0.9479 0.0991
vn -0.7936 -0.1884 0.5786
vn -0.7549 -0.3635 0.5458
vn -0.4036 -0.8672 0.2918
vn -0.2573 -0.9479 0.1878
vn -0.5760 -0.1884 0.7955
vn -0.5493 -0.3635 0.7524
vn -0.2936 -0.8672 0.4023
vn -0.1867 -0.9479 0.2581
vn 0.0039 -0.1817 0.9833
vn -0.3001 -0.1817 0.9364
vn -0.2939 -0.3635 0.8840
vn -0.0064 -0.3635 0.9316
vn -0.0037 -0.8671 0.4980
vn -0.1574 -0.8671 0.4725
vn -0.1065 -0.9366 0.3338
vn 0.0018 -0.9366 0.3504
vn 0.1100 -0.9366 0.3326
vn 0.1504 -0.8671 0.4748
vn 0.2818 -0.3635 0.8879
vn 0.3076 -0.1817 0.9340
vn 0.2074 -0.9366 0.2824
vn 0.2897 -0.8671 0.4051
vn 0.5424 -0.3635 0.7574
vn 0.5812 -0.1817 0.7932
vn 0.2845 -0.9366 0.2044
vn 0.4007 -0.8671 0.2957
vn 0.7499 -0.3635 0.5527
vn 0.7979 -0.1817 0.5748
vn 0.3338 -0.9366 0.1065
vn 0.4725 -0.8671 0.1574
vn 0.8840 -0.3635 0.2939
vn 0.9364 -0.1817 0.3001
vn 0.3504 -0.9366 -0.0018
vn 0.4980 -0.8672 0.0037
vn 0.9316 -0.3635 0.0064
vn 0.9833 -0.1817 -0.0039
vn 0.3326 -0.9366 -0.1100
vn 0.4748 -0.8672 -0.1504
vn 0.8879 -0.3635 -0.2818
vn 0.9340 -0.1817 -0.3076
vn 0.2824 -0.9366 -0.2074
vn 0.4051 -0.8672 -0.2897
vn 0.7574 -0.3635 -0.5424
vn 0.7932 -0.1817 -0.5812
vn 0.2044 -0.9366 -0.2845
vn 0.2957 -0.8672 -0.4007
vn 0.5527 -0.3635 -0.7499
vn 0.5748 -0.1817 -0.7979
vn 0.1066 -0.9364 -0.3345
vn 0.0002 -0.9366 -0.3504
vn 0.0003 -0.8672 -0.4980
vn 0.1576 -0.8665 -0.4736
vn 0.2938 -0.3658 -0.8831
vn -0.0003 -0.3635 -0.9316
vn -0.0004 -0.1817 -0.9834
vn 0.3002 -0.1830 -0.9361
vn -0.1099 -0.9369 -0.3320
vn -0.1502 -0.8679 -0.4736
vn -0.2820 -0.3610 -0.8889
vn -0.3075 -0.1805 -0.9343
vn -0.2074 -0.9366 -0.2824
vn -0.2897 -0.8672 -0.4051
vn -0.2845 -0.9366 -0.2044
vn -0.4007 -0.8672 -0.2957
vn -0.5424 -0.3635 -0.7574
vn -0.7499 -0.3635 -0.5527
vn -0.7979 -0.1817 -0.5748
vn -0.5812 -0.1817 -0.7932
vn -0.3338 -0.9366 -0.1065
vn -0.4725 -0.8671 -0.1574
vn -0.8840 -0.3635 -0.2939
vn -0.9364 -0.1817 -0.3001
vn -0.3504 -0.9366 0.0018
vn -0.4980 -0.8672 -0.0037
vn -0.9316 -0.3635 -0.0064
vn -0.9833 -0.1817 0.0039
vn -0.3326 -0.9366 0.1100
vn -0.4748 -0.8671 0.1504
vn -0.8879 -0.3635 0.2818
vn -0.9340 -0.1817 0.3076
vn -0.2824 -0.9366 0.2074
vn -0.4051 -0.8671 0.2897
vn -0.7574 -0.3635 0.5424
vn -0.7932 -0.1817 0.5812
vn -0.2044 -0.9366 0.2845
vn -0.2957 -0.8671 0.4007
vn -0.5527 -0.3635 0.7499
vn -0.5748 -0.1817 0.7979
vn 0.0007 0.7413 0.6712
vn -0.2067 0.7413 0.6386
vn -0.2728 0.4642 0.8427
vn 0.0010 0.4642 0.8857
vn -0.3052 0.1354 0.9426
vn 0.0011 0.1354 0.9908
vn 0.3072 0.1354 0.9420
vn 0.2746 0.4642 0.8421
vn 0.2081 0.7413 0.6381
vn 0.5832 0.1354 0.8009
vn 0.5214 0.4642 0.7160
vn 0.3951 0.7413 0.5426
vn 0.8022 0.1354 0.5815
vn 0.7171 0.4642 0.5198
vn 0.5434 0.7413 0.3939
vn 0.9426 0.1354 0.3052
vn 0.8427 0.4642 0.2728
vn 0.6386 0.7413 0.2067
vn 0.9908 0.1354 -0.0011
vn 0.8857 0.4642 -0.0010
vn 0.6712 0.7413 -0.0007
vn 0.9420 0.1354 -0.3072
vn 0.8421 0.4642 -0.2746
vn 0.6381 0.7413 -0.2081
vn 0.8009 0.1354 -0.5832
vn 0.7160 0.4642 -0.5214
vn 0.5426 0.7413 -0.3951
vn 0.5815 0.1354 -0.8022
vn 0.5198 0.4642 -0.7171
vn 0.3939 0.7413 -0.5434
vn 0.3054 0.1354 -0.9425
vn -0.0005 0.1354 -0.9908
vn -0.0005 0.4642 -0.8857
vn 0.2730 0.4643 -0.8426
vn -0.0004 0.7413 -0.6712
vn 0.2069 0.7413 -0.6385
vn -0.3069 0.1354 -0.9420
vn -0.2744 0.4642 -0.8421
vn -0.2079 0.7413 -0.6382
vn -0.5832 0.1354 -0.8009
vn -0.5214 0.4642 -0.7160
vn -0.8022 0.1354 -0.5815
vn -0.7171 0.4642 -0.5198
vn -0.5434 0.7413 -0.3939
vn -0.3951 0.7413 -0.5426
vn -0.9426 0.1354 -0.3052
vn -0.8427 0.4642 -0.2728
vn -0.6386 0.7413 -0.2067
vn -0.9908 0.1354 0.0011
vn -0.8857 0.4642 0.0010
vn -0.6712 0.7413 0.0007
vn -0.9420 0.1354 0.3072
vn -0.8421 0.4642 0.2746
vn -0.6381 0.7413 0.2081
vn -0.8009 0.1354 0.5832
vn -0.7160 0.4642 0.5214
vn -0.5426 0.7413 0.3951
vn -0.5815 0.1354 0.8022
vn -0.5198 0.4642 0.7171
vn -0.3939 0.7413 0.5434
vn 0.0008 0.6816 0.7317
vn -0.2254 0.6816 0.6962
vn -0.1896 0.7881 0.5857
vn 0.0007 0.7881 0.6156
vn 0.1909 0.7881 0.5853
vn 0.2269 0.6816 0.6957
vn 0.3624 0.7881 0.4976
vn 0.4307 0.6816 0.5915
vn 0.4984 0.7881 0.3613
vn 0.5924 0.6816 0.4295
vn 0.5857 0.7881 0.1896
vn 0.6962 0.6816 0.2254
vn 0.6156 0.7881 -0.0007
vn 0.7317 0.6816 -0.0008
vn 0.5853 0.7881 -0.1909
vn 0.6957 0.6816 -0.2269
vn 0.4976 0.7881 -0.3624
vn 0.5915 0.6816 -0.4307
vn 0.3613 0.7881 -0.4984
vn 0.4295 0.6816 -0.5924
vn 0.1898 0.7881 -0.5856
vn -0.0003 0.7881 -0.6156
vn -0.0004 0.6816 -0.7317
vn 0.2255 0.6816 -0.6961
vn -0.1907 0.7881 -0.5853
vn -0.2267 0.6816 -0.6957
vn -0.3624 0.7881 -0.4976
vn -0.4984 0.7881 -0.3613
vn -0.5924 0.6816 -0.4295
vn -0.4307 0.6816 -0.5915
vn -0.5857 0.7881 -0.1896
vn -0.6962 0.6816 -0.2254
vn -0.6156 0.7881 0.0007
vn -0.7317 0.6816 0.0008
vn -0.5853 0.7881 0.1909
vn -0.6957 0.6816 0.2269
vn -0.4976 0.7881 0.3624
vn -0.5915 0.6816 0.4307
vn -0.3613 0.7881 0.4984
vn -0.4295 0.6816 0.5924
vn 0.0010 0.3609 0.9326
vn -0.2872 0.3609 0.8873
vn -0.2591 0.5408 0.8003
vn 0.0009 0.5408 0.8411
vn 0.2608 0.5408 0.7997
vn 0.2891 0.3609 0.8866
vn 0.4951 0.5408 0.6800
vn 0.5490 0.3609 0.7539
vn 0.6810 0.5408 0.4937
vn 0.7551 0.3609 0.5474
vn 0.8003 0.5408 0.2591
vn 0.8873 0.3609 0.2872
vn 0.8411 0.5408 -0.0009
vn 0.9326 0.3609 -0.0010
vn 0.7997 0.5408 -0.2608
vn 0.8866 0.3609 -0.2891
vn 0.6800 0.5408 -0.4951
vn 0.7539 0.3609 -0.5490
vn 0.4937 0.5408 -0.6810
vn 0.5474 0.3609 -0.7551
vn 0.2593 0.5408 -0.8002
vn -0.0005 0.5408 -0.8411
vn -0.0005 0.3609 -0.9326
vn 0.2875 0.3609 -0.8872
vn -0.2606 0.5408 -0.7998
vn -0.2889 0.3609 -0.8867
vn -0.4951 0.5408 -0.6800
vn -0.6810 0.5408 -0.4937
vn -0.7551 0.3609 -0.5474
vn -0.5490 0.3609 -0.7539
vn -0.8003 0.5408 -0.2591
vn -0.8873 0.3609 -0.2872
vn -0.8411 0.5408 0.0009
vn -0.9326 0.3609 0.0010
vn -0.7997 0.5408 0.2608
vn -0.8866 0.3609 0.2891
vn -0.6800 0.5408 0.4951
vn -0.7539 0.3609 0.5490
vn -0.4937 0.5408 0.6810
vn -0.5474 0.3609 0.7551
vn 0.2992 0.2620 0.9175
vn 0.0010 0.2620 0.9651
vn -0.2972 0.2620 0.9182
vn 0.5681 0.2620 0.7801
vn 0.7814 0.2620 0.5664
vn 0.9182 0.2620 0.2972
vn 0.9651 0.2620 -0.0010
vn 0.9175 0.2620 -0.2992
vn 0.7801 0.2620 -0.5681
vn 0.5664 0.2620 -0.7814
vn -0.0006 0.2620 -0.9651
vn 0.2975 0.2620 -0.9181
vn -0.2990 0.2620 -0.9176
vn -0.7814 0.2620 -0.5664
vn -0.5681 0.2620 -0.7801
vn -0.9182 0.2620 -0.2972
vn -0.9651 0.2620 0.0010
vn -0.9175 0.2620 0.2992
vn -0.7801 0.2620 0.5681
vn -0.5664 0.2620 0.7814
vn 0.0011 -0.1104 0.9939
vn -0.3061 -0.1104 0.9456
vn -0.2912 -0.3255 0.8996
vn 0.0010 -0.3255 0.9455
vn 0.2932 -0.3255 0.8989
vn 0.3081 -0.1104 0.9449
vn 0.5566 -0.3255 0.7644
vn 0.5851 -0.1104 0.8034
vn 0.7656 -0.3255 0.5549
vn 0.8047 -0.1104 0.5833
vn 0.8996 -0.3255 0.2912
vn 0.9456 -0.1104 0.3061
vn 0.9455 -0.3255 -0.0010
vn 0.9939 -0.1104 -0.0011
vn 0.8989 -0.3255 -0.2932
vn 0.9449 -0.1104 -0.3081
vn 0.7644 -0.3255 -0.5566
vn 0.8034 -0.1104 -0.5851
vn 0.5549 -0.3255 -0.7656
vn 0.5833 -0.1104 -0.8047
vn 0.2914 -0.3255 -0.8995
vn -0.0005 -0.3255 -0.9455
vn -0.0006 -0.1104 -0.9939
vn 0.3063 -0.1104 -0.9455
vn -0.2929 -0.3255 -0.8990
vn -0.3079 -0.1104 -0.9450
vn -0.5566 -0.3255 -0.7644
vn -0.7656 -0.3255 -0.5549
vn -0.8047 -0.1104 -0.5833
vn -0.5851 -0.1104 -0.8034
vn -0.8996 -0.3255 -0.2912
vn -0.9456 -0.1104 -0.3061
vn -0.9455 -0.3255 0.0010
vn -0.9939 -0.1104 0.0011
vn -0.8989 -0.3255 0.2932
vn -0.9449 -0.1104 0.3081
vn -0.7644 -0.3255 0.5566
vn -0.8034 -0.1104 0.5851
vn -0.5549 -0.3255 0.7656
vn -0.5833 -0.1104 0.8047
vn 0.0010 0.3977 0.9175
vn -0.2826 0.3977 0.8729
vn -0.3034 0.1720 0.9372
vn 0.0011 0.1720 0.9851
vn 0.3054 0.1720 0.9365
vn 0.2845 0.3977 0.8723
vn 0.5799 0.1720 0.7963
vn 0.5401 0.3977 0.7417
vn 0.7976 0.1720 0.5782
vn 0.7429 0.3977 0.5385
vn 0.9372 0.1720 0.3034
vn 0.8729 0.3977 0.2826
vn 0.9851 0.1720 -0.0011
vn 0.9175 0.3977 -0.0010
vn 0.9365 0.1720 -0.3054
vn 0.8723 0.3977 -0.2845
vn 0.7963 0.1720 -0.5799
vn 0.7417 0.3977 -0.5401
vn 0.5782 0.1720 -0.7976
vn 0.5385 0.3977 -0.7429
vn 0.3036 0.1720 -0.9371
vn -0.0006 0.1720 -0.9851
vn -0.0005 0.3977 -0.9175
vn 0.2828 0.3978 -0.8728
vn -0.3052 0.1720 -0.9366
vn -0.2843 0.3977 -0.8724
vn -0.5799 0.1720 -0.7963
vn -0.7976 0.1720 -0.5782
vn -0.7429 0.3977 -0.5385
vn -0.5401 0.3977 -0.7417
vn -0.9372 0.1720 -0.3034
vn -0.8729 0.3977 -0.2826
vn -0.9851 0.1720 0.0011
vn -0.9175 0.3977 0.0010
vn -0.9365 0.1720 0.3054
vn -0.8723 0.3977 0.2845
vn -0.7963 0.1720 0.5799
vn -0.7417 0.3977 0.5401
vn -0.5782 0.1720 0.7976
vn -0.5385 0.3977 0.7429
vn 0.2796 -0.4319 0.8575
vn 0.0010 -0.4319 0.9019
vn -0.2778 -0.4319 0.8581
vn 0.5309 -0.4319 0.7291
vn 0.7302 -0.4319 0.5293
vn 0.8581 -0.4319 0.2778
vn 0.9019 -0.4319 -0.0010
vn 0.8575 -0.4319 -0.2796
vn 0.7291 -0.4319 -0.5309
vn 0.5293 -0.4319 -0.7302
vn -0.0005 -0.4319 -0.9019
vn 0.2780 -0.4319 -0.8580
vn -0.2794 -0.4319 -0.8575
vn -0.5309 -0.4319 -0.7291
vn -0.7302 -0.4319 -0.5293
vn -0.8581 -0.4319 -0.2778
vn -0.9019 -0.4319 0.0010
vn -0.8575 -0.4319 0.2796
vn -0.7291 -0.4319 0.5309
vn -0.5293 -0.4319 0.7302
vn 0.2454 0.6107 0.7529
vn 0.1790 0.8137 0.5530
vn -0.0006 0.8137 0.5812
vn 0.0007 0.6107 0.7919
vn -0.1802 0.8137 0.5526
vn -0.2440 0.6107 0.7533
vn 0.4660 0.6107 0.6402
vn 0.3411 0.8137 0.4706
vn 0.6410 0.6107 0.4649
vn 0.4698 0.8137 0.3422
vn 0.7533 0.6107 0.2440
vn 0.5526 0.8137 0.1802
vn 0.7919 0.6107 -0.0007
vn 0.5812 0.8137 0.0006
vn 0.7529 0.6107 -0.2454
vn 0.5530 0.8137 -0.1790
vn 0.6402 0.6107 -0.4660
vn 0.4706 0.8137 -0.3411
vn 0.4649 0.6107 -0.6410
vn 0.3422 0.8137 -0.4698
vn -0.0007 0.6107 -0.7919
vn 0.0006 0.8137 -0.5812
vn 0.1802 0.8137 -0.5526
vn 0.2441 0.6108 -0.7533
vn -0.2453 0.6107 -0.7529
vn -0.1790 0.8137 -0.5530
vn -0.6410 0.6107 -0.4649
vn -0.4698 0.8137 -0.3422
vn -0.3411 0.8137 -0.4706
vn -0.4660 0.6107 -0.6402
vn -0.7533 0.6107 -0.2440
vn -0.5526 0.8137 -0.1802
vn -0.7919 0.6107 0.0007
vn -0.5812 0.8137 -0.0006
vn -0.7529 0.6107 0.2454
vn -0.5530 0.8137 0.1790
vn -0.6402 0.6107 0.4660
vn -0.4706 0.8137 0.3411
vn -0.4649 0.6107 0.6410
vn -0.3422 0.8137 0.4698
vn 0.0012 0.1519 0.9884
vn -0.3043 0.1519 0.9404
vn -0.2634 0.5285 0.8070
vn -0.0012 0.5285 0.8489
vn -0.1800 0.8112 0.5564
vn 0.0008 0.8112 0.5848
vn 0.1815 0.8112 0.5560
vn 0.2612 0.5285 0.8077
vn 0.3066 0.1519 0.9397
vn 0.3444 0.8112 0.4727
vn 0.4981 0.5285 0.6875
vn 0.5819 0.1519 0.7989
vn 0.4736 0.8112 0.3431
vn 0.6861 0.5285 0.4999
vn 0.8003 0.1519 0.5800
vn 0.5564 0.8112 0.1800
vn 0.8070 0.5285 0.2634
vn 0.9404 0.1519 0.3043
vn 0.5848 0.8112 -0.0008
vn 0.8489 0.5285 0.0012
vn 0.9884 0.1519 -0.0012
vn 0.5559 0.8112 -0.1815
vn 0.8077 0.5285 -0.2612
vn 0.9397 0.1519 -0.3066
vn 0.4727 0.8112 -0.3444
vn 0.6875 0.5285 -0.4981
vn 0.7989 0.1519 -0.5819
vn 0.3431 0.8112 -0.4736
vn 0.4999 0.5285 -0.6861
vn 0.5800 0.1519 -0.8003
vn 0.5792 0.0054 -0.8152
vn 0.3264 0.0093 -0.9452
vn 0.2526 0.0020 -0.9676
vn 0.4209 0.0055 -0.9071
vn 0.5807 0.0076 -0.8141
vn 0.1800 0.8113 -0.5563
vn 0.2634 0.5285 -0.8070
vn -0.0002 0.8112 -0.5848
vn -0.0001 0.5285 -0.8489
vn -0.0003 0.1519 -0.9884
vn 0.3044 0.1516 -0.9404
vn -0.1814 0.8111 -0.5561
vn -0.2612 0.5285 -0.8077
vn -0.3064 0.1521 -0.9397
vn -0.5790 0.0053 -0.8153
vn -0.5790 0.0086 -0.8153
vn -0.4112 0.0005 -0.9116
vn -0.2385 -0.0044 -0.9711
vn -0.3305 0.0091 -0.9438
vn -0.3444 0.8112 -0.4727
vn -0.4981 0.5285 -0.6875
vn -0.4736 0.8112 -0.3431
vn -0.6861 0.5285 -0.4999
vn -0.8003 0.1519 -0.5800
vn -0.5819 0.1519 -0.7989
vn -0.5564 0.8112 -0.1800
vn -0.8070 0.5285 -0.2634
vn -0.5848 0.8112 0.0008
vn -0.8489 0.5285 -0.0012
vn -0.9884 0.1519 0.0012
vn -0.9404 0.1519 -0.3043
vn -0.5559 0.8112 0.1815
vn -0.8077 0.5285 0.2612
vn -0.9397 0.1519 0.3066
vn -0.4727 0.8112 0.3444
vn -0.6875 0.5285 0.4981
vn -0.7989 0.1519 0.5819
vn -0.3431 0.8112 0.4736
vn -0.4999 0.5285 0.6861
vn -0.5800 0.1519 0.8003
vn 0.0014 0.8003 0.5996
vn -0.1840 0.8003 0.5707
vn -0.2657 0.5246 0.8088
vn -0.0028 0.5246 0.8513
vn -0.3018 0.1824 0.9358
vn 0.0021 0.1824 0.9832
vn 0.3059 0.1824 0.9344
vn 0.2605 0.5246 0.8105
vn 0.1866 0.8003 0.5699
vn 0.5796 0.1824 0.7942
vn 0.4982 0.5246 0.6904
vn 0.3536 0.8003 0.4843
vn 0.7967 0.1824 0.5762
vn 0.6871 0.5246 0.5026
vn 0.4859 0.8003 0.3513
vn 0.9358 0.1824 0.3018
vn 0.8088 0.5246 0.2657
vn 0.5707 0.8003 0.1840
vn 0.9832 0.1824 -0.0021
vn 0.8513 0.5246 0.0028
vn 0.5996 0.8003 -0.0014
vn 0.9344 0.1824 -0.3059
vn 0.8105 0.5246 -0.2605
vn 0.5699 0.8003 -0.1866
vn 0.7942 0.1824 -0.5796
vn 0.6904 0.5246 -0.4982
vn 0.4843 0.8003 -0.3536
vn 0.5762 0.1824 -0.7967
vn 0.5026 0.5246 -0.6871
vn 0.3513 0.8003 -0.4859
vn 0.3019 0.1830 -0.9356
vn 0.2656 0.5248 -0.8087
vn -0.0004 0.1824 -0.9832
vn -0.0000 0.5246 -0.8513
vn -0.0000 0.8003 -0.5996
vn 0.1841 0.8000 -0.5710
vn -0.3057 0.1818 -0.9346
vn -0.2605 0.5244 -0.8106
vn -0.1865 0.8005 -0.5695
vn -0.5796 0.1824 -0.7942
vn -0.4982 0.5246 -0.6904
vn -0.7967 0.1824 -0.5762
vn -0.6871 0.5246 -0.5026
vn -0.4859 0.8003 -0.3513
vn -0.3536 0.8003 -0.4843
vn -0.9358 0.1824 -0.3018
vn -0.8088 0.5246 -0.2657
vn -0.9832 0.1824 0.0021
vn -0.8513 0.5246 -0.0028
vn -0.5996 0.8003 0.0014
vn -0.5707 0.8003 -0.1840
vn -0.9344 0.1824 0.3059
vn -0.8105 0.5246 0.2605
vn -0.5699 0.8003 0.1866
vn -0.7942 0.1824 0.5796
vn -0.6904 0.5246 0.4982
vn -0.4843 0.8003 0.3536
vn -0.5762 0.1824 0.7967
vn -0.5026 0.5246 0.6871
vn -0.3513 0.8003 0.4859
vn 0.3098 0.0407 0.9499
vn 0.0011 0.0407 0.9992
vn -0.3077 0.0407 0.9506
vn 0.5882 0.0407 0.8077
vn 0.8090 0.0407 0.5864
vn 0.9506 0.0407 0.3077
vn 0.9992 0.0407 -0.0011
vn 0.9499 0.0407 -0.3098
vn 0.8077 0.0407 -0.5882
vn 0.5864 0.0407 -0.8090
vn 0.3080 0.0407 -0.9505
vn -0.0006 0.0407 -0.9992
vn -0.3095 0.0407 -0.9500
vn -0.5882 0.0407 -0.8077
vn -0.8090 0.0407 -0.5864
vn -0.9506 0.0407 -0.3077
vn -0.9992 0.0407 0.0011
vn -0.9499 0.0407 0.3098
vn -0.8077 0.0407 0.5882
vn -0.5864 0.0407 0.8090
vn 0.3100 0.0001 0.9507
vn 0.5886 0.0002 0.8084
vn -0.8084 -0.0000 0.5886
vn 0.8098 0.0002 0.5867
vn -0.5870 -0.0000 0.8096
vn 0.0012 0.0001 1.0000
vn -0.3081 0.0001 0.9514
vn -0.3081 -0.0000 0.9514
vn 0.8098 -0.0000 0.5867
vn 0.5886 -0.0000 0.8085
vn 0.9515 -0.0000 0.3078
vn 0.3100 -0.0000 0.9507
vn 0.9507 -0.0000 -0.3100
vn -0.8096 -0.0000 -0.5869
vn -0.5800 -0.0257 -0.8142
vn -0.3244 -0.0365 -0.9452
vn -0.0005 -0.0034 -1.0000
vn 0.0012 -0.0000 1.0000
vn 0.5802 -0.0199 -0.8142
vn 1.0000 -0.0000 -0.0011
vn 0.3205 -0.0272 -0.9469
vn -0.9514 -0.0000 -0.3080
vn -0.8097 -0.0000 -0.5869
vn -0.0006 -0.0000 -1.0000
vn 0.3203 -0.0270 -0.9469
vn 0.9514 -0.0000 0.3079
vn 0.9514 -0.0000 0.3080
vn 0.0011 -0.0000 1.0000
vn -0.3079 -0.0000 0.9514
vn 0.5803 -0.0198 -0.8142
vn -0.3241 -0.0362 -0.9453
vn -0.3098 -0.0000 -0.9508
vn -0.5887 -0.0000 -0.8084
vn -0.5801 -0.0256 -0.8141
vn 0.5886 -0.0000 0.8084
vn 0.8097 -0.0000 0.5869
vn -0.5869 -0.0000 0.8097
vn -0.5869 -0.0000 0.8096
vn -0.0005 0.0054 -1.0000
vn 0.8097 -0.0000 0.5868
vn -0.3080 -0.0000 0.9514
vn -0.0002 -0.0030 -1.0000
vn -0.8084 -0.0008 0.5886
vn -0.5870 -0.0008 0.8096
vn -0.3081 -0.0006 0.9514
vn 0.0011 -0.0004 1.0000
vn 0.3101 -0.0005 0.9507
vn 0.5887 -0.0009 0.8084
vn 0.5886 -0.0001 0.8084
vn 0.8097 -0.0009 0.5868
vn 0.9514 -0.0008 0.3078
vn 1.0000 0.0001 -0.0005
vn 0.9511 0.0033 -0.3087
vn 0.8085 0.0059 -0.5884
vn 0.5800 0.0132 -0.8145
vn 0.5717 -0.0051 -0.8204
vn -0.5697 -0.0047 -0.8218
vn -0.5785 0.0183 -0.8155
vn -0.8094 0.0047 -0.5872
vn -0.9518 0.0033 -0.3068
vn -1.0000 0.0001 0.0017
vn -0.8085 -0.0008 0.5885
vn -0.9506 -0.0009 0.3104
vn -0.8085 -0.0000 0.5885
vn -0.5872 -0.0007 0.8094
vn -0.5872 -0.0000 0.8094
vn -0.3082 -0.0006 0.9513
vn -0.3082 -0.0000 0.9513
vn 0.0011 -0.0005 1.0000
vn 0.3102 -0.0005 0.9507
vn 0.3102 -0.0000 0.9507
vn 0.5889 -0.0008 0.8082
vn 0.5890 -0.0000 0.8082
vn 0.8098 -0.0008 0.5867
vn 0.9513 -0.0009 0.3083
vn 1.0000 -0.0006 0.0015
vn 1.0000 -0.0000 0.0018
vn 0.9517 0.0032 -0.3070
vn 0.9525 -0.0000 -0.3047
vn 0.8073 0.0084 -0.5901
vn 0.8083 -0.0002 -0.5887
vn -0.9522 0.0030 -0.3056
vn -0.8081 0.0075 -0.5891
vn -0.8090 -0.0002 -0.5878
vn -0.9529 -0.0000 -0.3032
vn -1.0000 -0.0006 0.0036
vn -1.0000 -0.0000 0.0040
vn -0.9507 -0.0008 0.3100
vn -0.6385 0.0071 -0.7696
vn 0.6432 0.0071 -0.7657
vn -0.9506 0.0010 0.3104
vn -0.8085 0.0008 0.5885
vn -0.5872 0.0007 0.8094
vn -0.3082 0.0006 0.9513
vn 0.0011 0.0004 1.0000
vn 0.3102 0.0005 0.9507
vn 0.5889 0.0007 0.8082
vn 0.8098 0.0008 0.5867
vn 0.9513 0.0010 0.3083
vn 1.0000 0.0007 0.0015
vn 0.9517 -0.0032 -0.3071
vn 0.8072 -0.0086 -0.5902
vn -0.8080 -0.0076 -0.5891
vn -0.9522 -0.0030 -0.3056
vn -1.0000 0.0006 0.0036
vn -0.9507 0.0008 0.3100
vn -0.8084 0.0009 0.5886
vn -0.5870 0.0008 0.8096
vn -0.3080 0.0006 0.9514
vn 0.3101 0.0005 0.9507
vn 0.5887 0.0008 0.8084
vn 0.8097 0.0009 0.5869
vn 0.9514 0.0008 0.3079
vn 1.0000 -0.0001 -0.0006
vn 0.9511 -0.0033 -0.3087
vn 0.8086 -0.0060 -0.5884
vn 0.6429 -0.0073 -0.7659
vn -0.6381 -0.0073 -0.7699
vn -0.8094 -0.0047 -0.5872
vn -0.9518 -0.0033 -0.3068
vn -1.0000 -0.0001 0.0017
vn -0.0002 0.0052 -1.0000
vn -0.0009 0.0019 -1.0000
vn -0.4386 -0.0009 -0.8987
vn -0.4979 -0.0005 -0.8673
vn -0.4274 -0.0000 -0.9041
vn -0.5228 -0.0002 -0.8525
vn -0.4385 0.0009 -0.8987
vn -0.4981 0.0002 -0.8671
vn -0.3679 -0.0266 -0.9295
vn -0.0008 -0.0019 -1.0000
vn -0.2201 -0.0271 -0.9751
vn 0.2343 -0.0151 -0.9720
vn 0.4365 0.0001 -0.8997
vn 0.5041 0.0002 -0.8636
vn 0.3824 -0.0145 -0.9239
vn 0.4235 0.0001 -0.9059
vn 0.5241 -0.0001 -0.8516
vn 0.4366 -0.0002 -0.8997
vn 0.5039 -0.0005 -0.8638
vn -0.6529 -0.0004 -0.7574
vn 0.6566 -0.0003 -0.7543
vn 0.2611 -0.0029 -0.9653
vn 0.4100 0.0305 -0.9116
vn -0.4015 0.0453 -0.9147
vn -0.2475 0.0031 -0.9689
vn -0.4568 0.0035 -0.8896
vn -0.4628 -0.0003 -0.8865
vn -0.4569 -0.0036 -0.8895
vn -0.4035 -0.0524 -0.9135
vn -0.0002 0.0072 -1.0000
vn -0.2344 0.0020 -0.9721
vn 0.2343 -0.0150 -0.9720
vn 0.2481 0.0092 -0.9687
vn 0.4364 0.0001 -0.8997
vn 0.4568 -0.0033 -0.8896
vn 0.4116 -0.0358 -0.9107
vn 0.4236 0.0001 -0.9059
vn 0.4615 -0.0003 -0.8872
vn 0.4567 0.0033 -0.8896
vn 0.5887 -0.0000 0.8084
vn -0.5975 0.0035 -0.8019
vn -0.6050 0.0002 -0.7962
vn 0.6056 0.0002 -0.7958
vn 0.5967 0.0030 -0.8024
vn 0.5970 -0.0031 -0.8022
vn -0.5977 -0.0036 -0.8017
vn -0.5800 -0.0269 -0.8141
vn 0.5799 -0.0193 -0.8145
vn 0.5716 0.0098 -0.8205
vn -0.5697 0.0104 -0.8218
vn 0.3303 0.0462 -0.9427
vn 0.5792 0.0300 -0.8146
vn -0.5788 0.0384 -0.8146
vn -0.3335 0.0613 -0.9408
vn -0.0005 0.0072 -1.0000
vn -0.5696 -0.0051 -0.8219
vn 0.5716 -0.0053 -0.8205
vn 0.5787 0.0164 -0.8154
vn -0.5786 0.0230 -0.8153
vn 0.4755 0.8670 -0.1488
vn 0.4982 0.8670 0.0054
vn 0.4062 0.8670 -0.2885
vn 0.2972 0.8670 -0.3999
vn 0.2885 0.8670 0.4062
vn 0.1488 0.8670 0.4755
vn -0.1488 0.8670 -0.4755
vn 0.0054 0.8670 -0.4982
vn -0.4982 0.8670 -0.0054
vn -0.4722 0.8670 -0.1591
vn -0.4755 0.8670 0.1488
vn -0.4062 0.8670 0.2885
vn 0.4722 0.8670 0.1591
vn 0.3999 0.8670 0.2972
vn -0.2972 0.8670 0.3999
vn -0.1591 0.8670 0.4722
vn -0.0054 0.8670 0.4982
vn -0.3999 0.8670 -0.2972
vn -0.2885 0.8670 -0.4062
vn 0.1591 0.8670 -0.4722
vt 0.961290 0.494966
vt 0.966145 0.489969
vt 0.968081 0.495648
vt 0.968168 0.501648
vt 0.541495 0.839047
vt 0.566809 0.813733
vt 0.566809 0.836134
vt 0.559886 0.857439
vt 0.816563 0.063184
vt 0.823181 0.083402
vt 0.810306 0.085469
vt 0.804958 0.069128
vt 0.398475 0.000475
vt 0.414828 0.000311
vt 0.412377 0.014623
vt 0.397631 0.014771
vt 0.382127 0.014771
vt 0.381281 0.000475
vt 0.794821 0.055240
vt 0.804022 0.046000
vt 0.367383 0.014623
vt 0.364930 0.000311
vt 0.780890 0.045164
vt 0.786784 0.033533
vt 0.354841 0.014342
vt 0.351021 0.000000
vt 0.764526 0.039886
vt 0.766538 0.027003
vt 0.580359 0.014342
vt 0.567812 0.014623
vt 0.570262 0.000311
vt 0.584176 -0.000000
vt 0.747332 0.039924
vt 0.745264 0.027049
vt 0.553065 0.014771
vt 0.553908 0.000475
vt 0.730991 0.045272
vt 0.725046 0.033666
vt 0.537562 0.014771
vt 0.536714 0.000475
vt 0.717103 0.055408
vt 0.707863 0.046208
vt 0.522818 0.014623
vt 0.520364 0.000311
vt 0.707027 0.069340
vt 0.695396 0.063445
vt 0.510279 0.014342
vt 0.506458 -0.000000
vt 0.701749 0.085704
vt 0.688866 0.083692
vt 0.640370 0.148632
vt 0.641934 0.144693
vt 0.650387 0.150678
vt 0.647698 0.153742
vt 0.645646 0.014624
vt 0.631094 0.014772
vt 0.632110 0.000477
vt 0.648248 0.000313
vt 0.701786 0.102898
vt 0.707109 0.119189
vt 0.695497 0.125121
vt 0.688912 0.104965
vt 0.615547 0.014772
vt 0.614868 0.000477
vt 0.717271 0.133127
vt 0.708071 0.142367
vt 0.614151 0.153927
vt 0.610895 0.150892
vt 0.620534 0.144805
vt 0.622187 0.148728
vt 0.600671 0.014624
vt 0.598370 0.000313
vt 0.587872 0.014342
vt 0.584176 0.000000
vt 0.731203 0.143203
vt 0.747567 0.148481
vt 0.745555 0.161364
vt 0.725308 0.154834
vt 0.502639 0.014342
vt 0.490096 0.014623
vt 0.492548 0.000311
vt 0.506458 0.000000
vt 0.764760 0.148443
vt 0.766828 0.161318
vt 0.475351 0.014771
vt 0.476196 0.000475
vt 0.781101 0.143095
vt 0.787046 0.154701
vt 0.459847 0.014771
vt 0.459002 0.000475
vt 0.794989 0.132959
vt 0.804230 0.142159
vt 0.445102 0.014623
vt 0.442650 0.000311
vt 0.805066 0.119027
vt 0.816697 0.124921
vt 0.432559 0.014343
vt 0.428740 0.000000
vt 0.810343 0.102663
vt 0.823227 0.104675
vt 0.424921 0.014343
vt 0.428740 0.000000
vt 0.959341 0.206240
vt 0.974087 0.206093
vt 0.976575 0.220307
vt 0.960198 0.220470
vt 0.705291 0.255847
vt 0.699969 0.272224
vt 0.686891 0.270153
vt 0.693493 0.249836
vt 0.706049 0.232553
vt 0.715412 0.241916
vt 0.942978 0.220469
vt 0.943837 0.206239
vt 0.723332 0.219997
vt 0.729343 0.231794
vt 0.926601 0.220304
vt 0.929093 0.206090
vt 0.743649 0.213395
vt 0.745721 0.226473
vt 0.912671 0.219991
vt 0.916551 0.205808
vt 0.765012 0.213395
vt 0.762940 0.226473
vt 0.990508 0.300642
vt 0.976573 0.300953
vt 0.974085 0.286739
vt 0.986632 0.286459
vt 0.785329 0.219997
vt 0.779317 0.231794
vt 0.960193 0.301116
vt 0.959338 0.286885
vt 0.802612 0.232553
vt 0.793249 0.241916
vt 0.942974 0.301115
vt 0.943834 0.286884
vt 0.815168 0.249836
vt 0.803370 0.255847
vt 0.926599 0.300950
vt 0.929091 0.286736
vt 0.821770 0.270153
vt 0.808692 0.272224
vt 0.912671 0.300637
vt 0.916552 0.286454
vt 0.657923 0.014342
vt 0.661863 0.000000
vt 0.821770 0.291516
vt 0.815200 0.311770
vt 0.803396 0.305771
vt 0.808691 0.289444
vt 0.976840 0.462246
vt 0.960678 0.462409
vt 0.959672 0.448178
vt 0.974225 0.448031
vt 0.802612 0.329115
vt 0.793249 0.319753
vt 0.943410 0.462408
vt 0.944126 0.448177
vt 0.785329 0.341672
vt 0.779317 0.329874
vt 0.765012 0.348273
vt 0.762940 0.335195
vt 0.926887 0.462242
vt 0.912671 0.461928
vt 0.916450 0.447745
vt 0.929249 0.448028
vt 0.743649 0.348273
vt 0.745720 0.335195
vt 0.990508 0.381287
vt 0.976577 0.381598
vt 0.974088 0.367384
vt 0.986631 0.367104
vt 0.723332 0.341672
vt 0.729343 0.329874
vt 0.960200 0.381761
vt 0.959343 0.367531
vt 0.706049 0.329115
vt 0.715412 0.319753
vt 0.942980 0.381760
vt 0.943839 0.367530
vt 0.693493 0.311833
vt 0.705290 0.305821
vt 0.926603 0.381595
vt 0.929094 0.367381
vt 0.686891 0.291516
vt 0.699969 0.289444
vt 0.912671 0.381282
vt 0.916551 0.367100
vt 0.990508 0.219996
vt 0.986631 0.205813
vt 0.553062 0.024269
vt 0.567808 0.024029
vt 0.537559 0.024386
vt 0.522817 0.024371
vt 0.510279 0.024223
vt 0.631085 0.024872
vt 0.645638 0.024626
vt 0.615539 0.024937
vt 0.587864 0.024514
vt 0.600663 0.024813
vt 0.490095 0.024738
vt 0.502637 0.024515
vt 0.475350 0.024794
vt 0.459847 0.024676
vt 0.860518 0.538092
vt 0.860812 0.567524
vt 0.850518 0.566095
vt 0.850232 0.537740
vt 0.841010 0.050892
vt 0.850230 0.079266
vt 0.841072 0.080528
vt 0.832691 0.054922
vt 0.816808 0.033159
vt 0.823474 0.026755
vt 0.850230 0.507905
vt 0.860518 0.507145
vt 0.794976 0.017370
vt 0.799338 0.009219
vt 0.850512 0.479512
vt 0.860812 0.477715
vt 0.769334 0.009099
vt 0.770963 0.000000
vt 0.851051 0.455340
vt 0.861373 0.452681
vt 0.742391 0.009157
vt 0.741129 0.000000
vt 0.851060 0.869960
vt 0.850518 0.845855
vt 0.860812 0.847284
vt 0.861373 0.872327
vt 0.716785 0.017539
vt 0.712755 0.009219
vt 0.850232 0.817497
vt 0.860518 0.817848
vt 0.695022 0.033422
vt 0.688618 0.026756
vt 0.850230 0.787663
vt 0.860518 0.786902
vt 0.679232 0.055254
vt 0.671082 0.050892
vt 0.850512 0.759272
vt 0.860812 0.757474
vt 0.670962 0.080896
vt 0.661863 0.079266
vt 0.851051 0.735105
vt 0.861373 0.732445
vt 0.990476 0.461933
vt 0.986502 0.447749
vt 0.657914 0.024222
vt 0.671020 0.107839
vt 0.679361 0.133365
vt 0.671131 0.137570
vt 0.661863 0.109101
vt 0.962815 0.026037
vt 0.963103 0.054218
vt 0.952816 0.053548
vt 0.952521 0.024504
vt 0.695285 0.155208
vt 0.688618 0.161611
vt 0.963104 0.083933
vt 0.952817 0.084583
vt 0.717117 0.170997
vt 0.712755 0.179148
vt 0.742759 0.179268
vt 0.741129 0.188367
vt 0.962820 0.112578
vt 0.962279 0.137244
vt 0.951957 0.139825
vt 0.952521 0.114277
vt 0.769702 0.179210
vt 0.770964 0.188367
vt 0.899829 0.594931
vt 0.900371 0.619029
vt 0.890076 0.617599
vt 0.889516 0.592563
vt 0.795308 0.170828
vt 0.799338 0.179148
vt 0.900657 0.647383
vt 0.890371 0.647030
vt 0.817071 0.154945
vt 0.823474 0.161611
vt 0.900659 0.677217
vt 0.890371 0.677977
vt 0.832860 0.133113
vt 0.841010 0.137475
vt 0.900376 0.705611
vt 0.890076 0.707408
vt 0.841131 0.107471
vt 0.850230 0.109101
vt 0.899838 0.729786
vt 0.889516 0.732445
vt 0.851060 0.590196
vt 0.861373 0.592563
vt 0.679440 0.242879
vt 0.671377 0.267879
vt 0.661863 0.266189
vt 0.670914 0.238332
vt 0.899849 0.537264
vt 0.900128 0.565123
vt 0.889901 0.567063
vt 0.889609 0.537933
vt 0.889609 0.507304
vt 0.899849 0.507973
vt 0.688131 0.214635
vt 0.694834 0.221594
vt 0.889901 0.478176
vt 0.900128 0.480117
vt 0.711828 0.197418
vt 0.716052 0.206108
vt 0.890456 0.453399
vt 0.900659 0.456423
vt 0.739685 0.188367
vt 0.741017 0.197937
vt 0.890456 0.871609
vt 0.889901 0.846822
vt 0.900128 0.844883
vt 0.900659 0.868586
vt 0.768976 0.188367
vt 0.767286 0.197880
vt 0.889610 0.817689
vt 0.899849 0.817022
vt 0.796833 0.197418
vt 0.792286 0.205944
vt 0.889610 0.787061
vt 0.899849 0.787731
vt 0.820530 0.214635
vt 0.813570 0.221338
vt 0.889901 0.757935
vt 0.900128 0.759878
vt 0.837747 0.238332
vt 0.829056 0.242556
vt 0.890456 0.733163
vt 0.900659 0.736188
vt 0.846798 0.266189
vt 0.837228 0.267521
vt 0.962270 0.002452
vt 0.951958 -0.000000
vt 0.923432 0.024965
vt 0.923724 0.053711
vt 0.913484 0.054496
vt 0.913204 0.027006
vt 0.846798 0.295480
vt 0.837791 0.323250
vt 0.829178 0.318873
vt 0.837284 0.293789
vt 0.923725 0.084427
vt 0.913485 0.083871
vt 0.820530 0.347034
vt 0.813827 0.340074
vt 0.923432 0.113816
vt 0.913204 0.111976
vt 0.922874 0.139101
vt 0.912671 0.136157
vt 0.796833 0.364251
vt 0.768976 0.373302
vt 0.767644 0.363732
vt 0.792609 0.355560
vt 0.860433 0.593281
vt 0.860987 0.618060
vt 0.850760 0.620001
vt 0.850230 0.596304
vt 0.739685 0.373302
vt 0.741376 0.363788
vt 0.861279 0.647189
vt 0.851039 0.647858
vt 0.711828 0.364251
vt 0.716375 0.355725
vt 0.861279 0.677818
vt 0.851039 0.677149
vt 0.688131 0.347034
vt 0.695091 0.340331
vt 0.860987 0.706947
vt 0.850760 0.705006
vt 0.670914 0.323337
vt 0.679605 0.319113
vt 0.860433 0.731727
vt 0.850230 0.728703
vt 0.661863 0.295480
vt 0.671433 0.294148
vt 0.890456 0.591845
vt 0.900659 0.588822
vt 0.922874 0.000713
vt 0.912671 0.003812
vt 0.230318 0.166708
vt 0.230356 0.184076
vt 0.226178 0.183535
vt 0.226177 0.167486
vt 0.959728 0.140268
vt 0.974982 0.140115
vt 0.974091 0.144537
vt 0.959345 0.144684
vt 0.943841 0.144683
vt 0.943678 0.140268
vt 0.221218 0.152221
vt 0.224916 0.150203
vt 0.929097 0.144534
vt 0.928404 0.140115
vt 0.211784 0.139237
vt 0.214677 0.136174
vt 0.916555 0.144252
vt 0.915400 0.139825
vt 0.198800 0.129803
vt 0.200605 0.125996
vt 0.986635 0.224903
vt 0.974089 0.225183
vt 0.974979 0.220761
vt 0.987947 0.220470
vt 0.183535 0.124844
vt 0.184076 0.120665
vt 0.959342 0.225329
vt 0.959723 0.220914
vt 0.167486 0.124844
vt 0.166708 0.120703
vt 0.943838 0.225328
vt 0.943674 0.220914
vt 0.152221 0.129803
vt 0.150203 0.126105
vt 0.929094 0.225180
vt 0.928401 0.220761
vt 0.139237 0.139237
vt 0.136174 0.136344
vt 0.916555 0.224898
vt 0.915400 0.220470
vt 0.129803 0.152222
vt 0.125996 0.150416
vt 0.974284 0.386475
vt 0.959731 0.386622
vt 0.960060 0.382207
vt 0.975222 0.382054
vt 0.124844 0.167486
vt 0.124853 0.183594
vt 0.120694 0.184257
vt 0.120665 0.166945
vt 0.944185 0.386621
vt 0.944075 0.382207
vt 0.129803 0.198800
vt 0.126105 0.200818
vt 0.929308 0.386472
vt 0.928666 0.382053
vt 0.916509 0.386189
vt 0.915397 0.381761
vt 0.139237 0.211784
vt 0.152221 0.221218
vt 0.150416 0.225025
vt 0.136344 0.214847
vt 0.986635 0.305548
vt 0.974092 0.305828
vt 0.974983 0.301406
vt 0.987947 0.301116
vt 0.167486 0.226177
vt 0.166945 0.230356
vt 0.959347 0.305975
vt 0.959729 0.301559
vt 0.183535 0.226177
vt 0.184313 0.230318
vt 0.943843 0.305974
vt 0.943680 0.301559
vt 0.198800 0.221218
vt 0.200818 0.224916
vt 0.929098 0.305825
vt 0.928405 0.301407
vt 0.211784 0.211784
vt 0.214847 0.214677
vt 0.916555 0.305544
vt 0.915400 0.301116
vt 0.221218 0.198800
vt 0.225025 0.200605
vt 0.986635 0.144257
vt 0.987947 0.139825
vt 0.986560 0.386194
vt 0.987909 0.381761
vt 0.760393 0.901046
vt 0.760928 0.954515
vt 0.755900 0.953955
vt 0.755367 0.901115
vt 0.351021 0.147712
vt 0.351021 0.203309
vt 0.346343 0.202189
vt 0.346226 0.148094
vt 0.329398 0.096682
vt 0.333841 0.094837
vt 0.755363 0.845519
vt 0.760393 0.844828
vt 0.297507 0.052986
vt 0.301162 0.049859
vt 0.755889 0.792609
vt 0.760928 0.791364
vt 0.253674 0.021284
vt 0.256184 0.017180
vt 0.756893 0.747564
vt 0.761946 0.745887
vt 0.202190 0.004679
vt 0.203309 0.000000
vt 0.815342 0.998867
vt 0.814332 0.953947
vt 0.819360 0.954506
vt 0.820378 1.000000
vt 0.148094 0.004796
vt 0.147712 0.000000
vt 0.813799 0.901102
vt 0.818825 0.901033
vt 0.096682 0.021623
vt 0.094837 0.017180
vt 0.813796 0.845506
vt 0.818825 0.844815
vt 0.052986 0.053514
vt 0.049859 0.049859
vt 0.814322 0.792600
vt 0.819360 0.791355
vt 0.021284 0.097347
vt 0.017180 0.094837
vt 0.815325 0.747564
vt 0.820379 0.745887
vt 0.004679 0.148832
vt 0.004767 0.202746
vt 0.000031 0.203502
vt 0.000000 0.147712
vt 0.726694 0.954839
vt 0.725901 0.902330
vt 0.730930 0.902679
vt 0.731724 0.955435
vt 0.021623 0.254339
vt 0.017180 0.256184
vt 0.725628 0.846953
vt 0.730654 0.846298
vt 0.053514 0.298035
vt 0.049859 0.301162
vt 0.097348 0.329737
vt 0.094837 0.333841
vt 0.725895 0.793571
vt 0.726680 0.747602
vt 0.731724 0.745939
vt 0.730928 0.792353
vt 0.148832 0.346342
vt 0.147712 0.351021
vt 0.812249 0.747021
vt 0.813259 0.791928
vt 0.808231 0.791368
vt 0.807213 0.745887
vt 0.202927 0.346226
vt 0.203309 0.351021
vt 0.813792 0.844765
vt 0.808766 0.844834
vt 0.254339 0.329398
vt 0.256184 0.333841
vt 0.813796 0.900362
vt 0.808766 0.901052
vt 0.298035 0.297507
vt 0.301162 0.301162
vt 0.813270 0.953274
vt 0.808231 0.954518
vt 0.329737 0.253674
vt 0.333841 0.256184
vt 0.812266 0.998324
vt 0.807213 1.000000
vt 0.756910 0.998867
vt 0.761946 1.000000
vt 0.784061 0.900159
vt 0.784579 0.951939
vt 0.779804 0.953760
vt 0.779274 0.900786
vt 0.773879 0.954515
vt 0.773343 0.901046
vt 0.773343 0.844828
vt 0.779274 0.845089
vt 0.784061 0.845717
vt 0.773879 0.791364
vt 0.779804 0.792119
vt 0.784579 0.793941
vt 0.774897 0.745887
vt 0.780813 0.747063
vt 0.252690 0.364270
vt 0.297750 0.397009
vt 0.294913 0.399846
vt 0.250868 0.367845
vt 0.833329 1.000000
vt 0.832311 0.954506
vt 0.838237 0.953752
vt 0.839245 0.998825
vt 0.330488 0.442069
vt 0.326914 0.443891
vt 0.831776 0.901032
vt 0.837706 0.900773
vt 0.842494 0.900147
vt 0.843012 0.951932
vt 0.831776 0.844815
vt 0.837706 0.845075
vt 0.842494 0.845704
vt 0.832311 0.791355
vt 0.838237 0.792110
vt 0.843012 0.793933
vt 0.833329 0.745887
vt 0.839245 0.747063
vt 0.330488 0.603711
vt 0.297750 0.648771
vt 0.294913 0.645934
vt 0.326914 0.601889
vt 0.727923 0.998783
vt 0.732965 0.999944
vt 0.744675 0.955383
vt 0.743880 0.902627
vt 0.749810 0.902295
vt 0.750597 0.954563
vt 0.754594 0.901530
vt 0.755363 0.952620
vt 0.743604 0.846246
vt 0.749536 0.846435
vt 0.754326 0.846929
vt 0.743879 0.792302
vt 0.749808 0.792990
vt 0.744675 0.745887
vt 0.750597 0.747005
vt 0.755363 0.749740
vt 0.754592 0.794688
vt 0.794262 0.745887
vt 0.795280 0.791368
vt 0.789355 0.792122
vt 0.788346 0.747062
vt 0.045987 0.648771
vt 0.013249 0.603710
vt 0.016824 0.601889
vt 0.048824 0.645934
vt 0.795816 0.844834
vt 0.789885 0.845094
vt 0.785098 0.845721
vt 0.784580 0.793944
vt 0.795816 0.901052
vt 0.789885 0.900792
vt 0.785098 0.900164
vt 0.795280 0.954518
vt 0.789355 0.953764
vt 0.784580 0.951942
vt 0.794262 1.000000
vt 0.788346 0.998825
vt 0.013249 0.442069
vt 0.045988 0.397009
vt 0.048824 0.399845
vt 0.016824 0.443890
vt 0.774897 1.000000
vt 0.780813 0.998825
vt 0.091048 0.364270
vt 0.092869 0.367845
vt 0.745916 0.999892
vt 0.751826 0.998660
vt 0.252689 0.681510
vt 0.250868 0.677935
vt 0.156489 0.425788
vt 0.127236 0.435293
vt 0.110989 0.403406
vt 0.150891 0.390441
vt 0.192847 0.390441
vt 0.187248 0.425788
vt 0.232749 0.403406
vt 0.216501 0.435293
vt 0.266692 0.428067
vt 0.241386 0.453373
vt 0.291353 0.462010
vt 0.259465 0.478257
vt 0.304318 0.501912
vt 0.268970 0.507511
vt 0.304318 0.543868
vt 0.268970 0.538269
vt 0.291353 0.583770
vt 0.259465 0.567523
vt 0.266692 0.617713
vt 0.241386 0.592407
vt 0.232749 0.642374
vt 0.192986 0.655316
vt 0.187349 0.619975
vt 0.216501 0.610486
vt 0.150891 0.655339
vt 0.156489 0.619991
vt 0.110989 0.642374
vt 0.077046 0.617713
vt 0.102352 0.592407
vt 0.127236 0.610486
vt 0.052385 0.583770
vt 0.084272 0.567522
vt 0.039420 0.543868
vt 0.074767 0.538269
vt 0.039420 0.501912
vt 0.074767 0.507510
vt 0.052385 0.462010
vt 0.084272 0.478257
vt 0.077046 0.428067
vt 0.102352 0.453373
vt 0.741375 0.529115
vt 0.760386 0.528925
vt 0.770203 0.572491
vt 0.744756 0.572746
vt 0.718000 0.572746
vt 0.721386 0.529115
vt 0.692555 0.572491
vt 0.702377 0.528924
vt 0.670911 0.572006
vt 0.686207 0.528562
vt 0.269024 0.944592
vt 0.247372 0.945076
vt 0.237560 0.901510
vt 0.253736 0.901148
vt 0.221923 0.945331
vt 0.218547 0.901700
vt 0.195167 0.945331
vt 0.198558 0.901700
vt 0.169724 0.945076
vt 0.179551 0.901509
vt 0.148084 0.944591
vt 0.163384 0.901148
vt 0.386570 0.945083
vt 0.361459 0.945338
vt 0.357480 0.901704
vt 0.376241 0.901514
vt 0.334627 0.945339
vt 0.337435 0.901705
vt 0.308954 0.945083
vt 0.286866 0.944596
vt 0.301754 0.901150
vt 0.318255 0.901513
vt 0.129987 0.944592
vt 0.108341 0.945076
vt 0.098522 0.901510
vt 0.114692 0.901148
vt 0.082895 0.945331
vt 0.079511 0.901700
vt 0.056139 0.945331
vt 0.059523 0.901700
vt 0.030693 0.945076
vt 0.040512 0.901510
vt 0.009047 0.944592
vt 0.024341 0.901148
vt 0.791851 0.572006
vt 0.776559 0.528562
vt 0.144648 0.351021
vt 0.715997 0.589414
vt 0.746756 0.589414
vt 0.776010 0.589121
vt 0.199090 0.351021
vt 0.686745 0.589121
vt 0.661863 0.588564
vt 0.253176 0.961706
vt 0.278068 0.961149
vt 0.223919 0.961999
vt 0.343737 0.495669
vt 0.193161 0.961999
vt 0.343737 0.550111
vt 0.163911 0.961706
vt 0.139034 0.961149
vt 0.407756 0.944596
vt 0.392068 0.901150
vt 0.363821 0.962008
vt 0.392689 0.961714
vt 0.199272 0.694730
vt 0.332974 0.962009
vt 0.144647 0.694759
vt 0.303460 0.961714
vt 0.278068 0.961154
vt 0.092869 0.677935
vt 0.114150 0.961706
vt 0.139034 0.961149
vt 0.084897 0.961999
vt 0.000000 0.550111
vt 0.054138 0.961999
vt 0.000000 0.495668
vt 0.024885 0.961706
vt 0.000000 0.961149
vt 0.800897 0.588564
vt 0.725325 0.435725
vt 0.737442 0.435725
vt 0.748966 0.435609
vt 0.713801 0.435609
vt 0.704000 0.435390
vt 0.226145 0.808195
vt 0.235951 0.807975
vt 0.214620 0.808310
vt 0.202503 0.808310
vt 0.190981 0.808195
vt 0.181181 0.807975
vt 0.417045 0.961155
vt 0.352888 0.808311
vt 0.364263 0.808196
vt 0.340739 0.808312
vt 0.319109 0.807975
vt 0.329112 0.808196
vt 0.087099 0.808195
vt 0.096902 0.807975
vt 0.075575 0.808310
vt 0.063458 0.808310
vt 0.051934 0.808195
vt 0.042131 0.807975
vt 0.758770 0.435390
vt 0.738892 0.407757
vt 0.753179 0.407614
vt 0.751432 0.424420
vt 0.738291 0.424552
vt 0.724474 0.424552
vt 0.723872 0.407757
vt 0.711335 0.424420
vt 0.709586 0.407614
vt 0.700158 0.424170
vt 0.697435 0.407342
vt 0.239790 0.796755
vt 0.228609 0.797006
vt 0.230356 0.780199
vt 0.242511 0.779927
vt 0.215468 0.797137
vt 0.216068 0.780342
vt 0.201651 0.797137
vt 0.201047 0.780342
vt 0.188512 0.797006
vt 0.186763 0.780199
vt 0.177338 0.796755
vt 0.174615 0.779927
vt 0.366877 0.797007
vt 0.353908 0.797139
vt 0.354638 0.780345
vt 0.368737 0.780202
vt 0.340053 0.797139
vt 0.339575 0.780345
vt 0.326796 0.797007
vt 0.315390 0.796756
vt 0.312762 0.779928
vt 0.325163 0.780202
vt 0.100743 0.796755
vt 0.089565 0.797006
vt 0.091313 0.780199
vt 0.103465 0.779927
vt 0.076425 0.797137
vt 0.077027 0.780342
vt 0.062608 0.797137
vt 0.062006 0.780342
vt 0.049468 0.797006
vt 0.047721 0.780199
vt 0.038290 0.796755
vt 0.035568 0.779927
vt 0.762610 0.424170
vt 0.765332 0.407342
vt 0.737990 0.384127
vt 0.750559 0.384001
vt 0.753179 0.399877
vt 0.738892 0.400020
vt 0.723872 0.400020
vt 0.724775 0.384127
vt 0.709586 0.399877
vt 0.712207 0.384001
vt 0.697435 0.399605
vt 0.701517 0.383762
vt 0.242511 0.772190
vt 0.230356 0.772462
vt 0.227737 0.756586
vt 0.238432 0.756347
vt 0.216068 0.772605
vt 0.215167 0.756712
vt 0.201047 0.772605
vt 0.201952 0.756712
vt 0.186763 0.772462
vt 0.189385 0.756586
vt 0.174615 0.772190
vt 0.178697 0.756347
vt 0.373857 0.807975
vt 0.368744 0.772465
vt 0.354644 0.772608
vt 0.353586 0.756714
vt 0.365991 0.756588
vt 0.339582 0.772609
vt 0.340335 0.756714
vt 0.325169 0.772465
vt 0.312769 0.772191
vt 0.316745 0.756347
vt 0.327655 0.756588
vt 0.103465 0.772190
vt 0.091313 0.772462
vt 0.088693 0.756586
vt 0.099384 0.756347
vt 0.077027 0.772605
vt 0.076124 0.756712
vt 0.062006 0.772605
vt 0.062909 0.756712
vt 0.047721 0.772462
vt 0.050341 0.756586
vt 0.035568 0.772190
vt 0.039649 0.756347
vt 0.765332 0.399605
vt 0.761252 0.383762
vt 0.377817 0.796756
vt 0.380631 0.779928
vt 0.380638 0.772191
vt 0.376455 0.756347
vt 0.985698 0.493139
vt 0.973655 0.494993
vt 0.971243 0.487623
vt 0.982124 0.482139
vt 0.966671 0.481360
vt 0.975325 0.472782
vt 0.985698 0.504706
vt 0.973671 0.502747
vt 0.982124 0.515706
vt 0.971291 0.510126
vt 0.975325 0.525063
vt 0.966747 0.516409
vt 0.965968 0.531862
vt 0.960484 0.520980
vt 0.954968 0.535436
vt 0.953115 0.523392
vt 0.943402 0.535436
vt 0.945361 0.523409
vt 0.932401 0.531862
vt 0.937981 0.521029
vt 0.916246 0.515706
vt 0.927127 0.510222
vt 0.931698 0.516485
vt 0.923044 0.525063
vt 0.912671 0.504706
vt 0.924715 0.502852
vt 0.916246 0.482139
vt 0.927078 0.487719
vt 0.924698 0.495098
vt 0.912671 0.493139
vt 0.923044 0.472782
vt 0.931622 0.481436
vt 0.932401 0.465983
vt 0.937886 0.476865
vt 0.943402 0.462409
vt 0.945255 0.474452
vt 0.954968 0.462409
vt 0.953009 0.474436
vt 0.965968 0.465983
vt 0.960388 0.476816
vt 0.748167 0.373511
vt 0.757525 0.373302
vt 0.043376 0.745887
vt 0.052733 0.746097
vt 0.063733 0.746207
vt 0.075300 0.746207
vt 0.086300 0.746097
vt 0.095657 0.745887
vt 0.320373 0.745887
vt 0.329921 0.746098
vt 0.341019 0.746209
vt 0.352581 0.746209
vt 0.363474 0.746098
vt 0.182425 0.745887
vt 0.191780 0.746097
vt 0.202778 0.746207
vt 0.214345 0.746207
vt 0.225346 0.746097
vt 0.234706 0.745887
vt 0.705244 0.373302
vt 0.714601 0.373511
vt 0.725600 0.373622
vt 0.737167 0.373622
vt 0.397634 0.732027
vt 0.412379 0.731880
vt 0.413577 0.739745
vt 0.398122 0.739901
vt 0.696689 0.797538
vt 0.687132 0.784383
vt 0.691347 0.780345
vt 0.701946 0.795000
vt 0.398924 0.745887
vt 0.380838 0.745887
vt 0.381862 0.739902
vt 0.382130 0.732027
vt 0.707498 0.812213
vt 0.707459 0.830299
vt 0.701714 0.829263
vt 0.701714 0.813002
vt 0.366388 0.739748
vt 0.367385 0.731880
vt 0.701833 0.847488
vt 0.696689 0.844727
vt 0.353213 0.739455
vt 0.354843 0.731599
vt 0.691170 0.862097
vt 0.687132 0.857882
vt 0.582156 0.739450
vt 0.569018 0.739745
vt 0.567821 0.731880
vt 0.580368 0.731599
vt 0.676515 0.872696
vt 0.673977 0.867440
vt 0.553562 0.739901
vt 0.553074 0.732027
vt 0.554362 0.745887
vt 0.536276 0.745887
vt 0.537302 0.739902
vt 0.537570 0.732027
vt 0.659302 0.878248
vt 0.641216 0.878209
vt 0.642252 0.872464
vt 0.658513 0.872464
vt 0.521829 0.739748
vt 0.522827 0.731880
vt 0.624027 0.872583
vt 0.626788 0.867440
vt 0.508657 0.739455
vt 0.510288 0.731599
vt 0.657757 0.201379
vt 0.645480 0.201669
vt 0.641888 0.196968
vt 0.650351 0.190687
vt 0.657766 0.190676
vt 0.609418 0.861920
vt 0.613633 0.857882
vt 0.598845 0.847318
vt 0.604048 0.844674
vt 0.646259 0.739743
vt 0.630899 0.739900
vt 0.630457 0.732025
vt 0.645009 0.731877
vt 0.631978 0.745886
vt 0.613841 0.745886
vt 0.614705 0.739901
vt 0.614910 0.732026
vt 0.600505 0.201682
vt 0.600514 0.190983
vt 0.610859 0.190902
vt 0.620487 0.197080
vt 0.615381 0.201829
vt 0.593267 0.830052
vt 0.593306 0.811966
vt 0.599051 0.813002
vt 0.599051 0.829263
vt 0.598932 0.794777
vt 0.604075 0.797538
vt 0.599093 0.739746
vt 0.585649 0.739451
vt 0.587234 0.731595
vt 0.600033 0.731877
vt 0.609595 0.780168
vt 0.613633 0.784383
vt 0.624250 0.769569
vt 0.626788 0.774826
vt 0.491293 0.739745
vt 0.475840 0.739901
vt 0.475351 0.732027
vt 0.490096 0.731880
vt 0.476642 0.745887
vt 0.458556 0.745887
vt 0.459579 0.739902
vt 0.459847 0.732027
vt 0.641463 0.764017
vt 0.659549 0.764056
vt 0.658513 0.769801
vt 0.642252 0.769801
vt 0.444104 0.739748
vt 0.445101 0.731880
vt 0.676738 0.769682
vt 0.673977 0.774826
vt 0.430928 0.739455
vt 0.432558 0.731599
vt 0.426712 0.739450
vt 0.424923 0.731599
vt 0.715067 0.788350
vt 0.701771 0.769966
vt 0.704252 0.767263
vt 0.718262 0.786546
vt 0.908981 0.068668
vt 0.909210 0.091322
vt 0.904357 0.091926
vt 0.904125 0.068764
vt 0.904125 0.044412
vt 0.908980 0.044833
vt 0.912671 0.045244
vt 0.912671 0.067933
vt 0.904356 0.021252
vt 0.909205 0.022149
vt 0.725628 0.809215
vt 0.725628 0.833050
vt 0.721983 0.832631
vt 0.722032 0.809943
vt 0.904798 0.001552
vt 0.909635 0.002838
vt 0.718262 0.855719
vt 0.714925 0.854194
vt 0.904798 0.224811
vt 0.904357 0.205104
vt 0.909210 0.204500
vt 0.909643 0.223759
vt 0.704252 0.875002
vt 0.701549 0.872521
vt 0.904125 0.181940
vt 0.908981 0.181844
vt 0.684969 0.889012
vt 0.683165 0.885817
vt 0.904125 0.157587
vt 0.908979 0.158009
vt 0.912671 0.158422
vt 0.912671 0.181110
vt 0.904356 0.134430
vt 0.909205 0.135328
vt 0.662300 0.896378
vt 0.638465 0.896378
vt 0.638883 0.892733
vt 0.661572 0.892782
vt 0.904797 0.114734
vt 0.909635 0.116020
vt 0.615796 0.889012
vt 0.617321 0.885675
vt 0.659113 0.739446
vt 0.657286 0.731595
vt 0.858102 0.341093
vt 0.858544 0.360376
vt 0.853691 0.361020
vt 0.853256 0.342178
vt 0.858777 0.383232
vt 0.853921 0.383535
vt 0.596513 0.875002
vt 0.582464 0.855642
vt 0.585732 0.853982
vt 0.598994 0.872299
vt 0.858777 0.407654
vt 0.853921 0.407275
vt 0.850230 0.406965
vt 0.850230 0.384213
vt 0.858543 0.431021
vt 0.853695 0.430160
vt 0.858100 0.451125
vt 0.853262 0.449866
vt 0.575137 0.809215
vt 0.582503 0.786546
vt 0.585840 0.788071
vt 0.578782 0.809634
vt 0.504427 0.739450
vt 0.502638 0.731599
vt 0.858103 0.227916
vt 0.858544 0.247617
vt 0.853691 0.248221
vt 0.853258 0.228969
vt 0.858776 0.270778
vt 0.853919 0.270874
vt 0.596513 0.767263
vt 0.615796 0.753253
vt 0.617600 0.756448
vt 0.599216 0.769744
vt 0.858776 0.295130
vt 0.853921 0.294709
vt 0.850230 0.294299
vt 0.850230 0.271610
vt 0.858544 0.318291
vt 0.853696 0.317394
vt 0.638465 0.745887
vt 0.662300 0.745887
vt 0.661881 0.749532
vt 0.639193 0.749483
vt 0.858103 0.337993
vt 0.853265 0.336708
vt 0.684969 0.753253
vt 0.683444 0.756590
vt 0.904798 0.111630
vt 0.909643 0.110577
vt 0.850230 0.044068
vt 0.850230 0.069108
vt 0.850468 0.092923
vt 0.850468 0.020255
vt 0.850922 0.000000
vt 0.850468 0.206101
vt 0.850922 0.226364
vt 0.850230 0.182284
vt 0.850230 0.157244
vt 0.850468 0.133433
vt 0.850922 0.113182
vt 0.912433 0.359373
vt 0.911977 0.339546
vt 0.912671 0.382873
vt 0.912671 0.407984
vt 0.578733 0.832322
vt 0.575137 0.833050
vt 0.912431 0.432010
vt 0.911975 0.452681
vt 0.912432 0.246621
vt 0.911979 0.226364
vt 0.912671 0.270434
vt 0.912671 0.295474
vt 0.912432 0.319288
vt 0.911979 0.339546
vt 0.850922 0.113182
vt 0.382127 0.024127
vt 0.367380 0.023955
vt 0.445110 0.024397
vt 0.580364 0.023691
vt 0.432565 0.023983
vt 0.397629 0.024192
vt 0.424924 0.023982
vt 0.412375 0.024142
vt 0.354838 0.023691
vt 0.445108 0.137673
vt 0.432561 0.137369
vt 0.424924 0.137369
vt 0.412375 0.137627
vt 0.354839 0.137315
vt 0.367381 0.137592
vt 0.567811 0.137606
vt 0.580364 0.137314
vt 0.382127 0.137744
vt 0.522819 0.137668
vt 0.537561 0.137792
vt 0.587763 0.137464
vt 0.600562 0.137749
vt 0.615438 0.137893
vt 0.630984 0.137881
vt 0.397630 0.137756
vt 0.510280 0.137412
vt 0.553064 0.137770
vt 0.459847 0.137845
vt 0.475350 0.137866
vt 0.645537 0.137715
vt 0.490095 0.137736
vt 0.502637 0.137465
vt 0.445102 0.605079
vt 0.445103 0.215793
vt 0.459847 0.215947
vt 0.459847 0.605228
vt 0.490096 0.605083
vt 0.490096 0.215809
vt 0.502638 0.215531
vt 0.502638 0.604803
vt 0.475351 0.605230
vt 0.475351 0.215952
vt 0.630569 0.605229
vt 0.630915 0.215956
vt 0.645468 0.215804
vt 0.645122 0.605080
vt 0.553073 0.605224
vt 0.553067 0.215928
vt 0.567814 0.215777
vt 0.567819 0.605075
vt 0.537569 0.605225
vt 0.537564 0.215934
vt 0.397633 0.605223
vt 0.397631 0.215925
vt 0.412377 0.215782
vt 0.412379 0.605077
vt 0.510286 0.604800
vt 0.510281 0.215518
vt 0.522820 0.215792
vt 0.522825 0.605079
vt 0.382129 0.605222
vt 0.382128 0.215922
vt 0.615023 0.605230
vt 0.615369 0.215959
vt 0.587347 0.604800
vt 0.587693 0.215529
vt 0.600492 0.215812
vt 0.600146 0.605082
vt 0.367385 0.605075
vt 0.367383 0.215773
vt 0.580362 0.215493
vt 0.580366 0.604794
vt 0.354843 0.604794
vt 0.354841 0.215493
vt 0.424923 0.604797
vt 0.424923 0.215507
vt 0.424923 0.352745
vt 0.432557 0.604797
vt 0.432553 0.352745
vt 0.432558 0.215507
vt 0.372633 0.745887
vt 0.459847 0.201811
vt 0.475351 0.201819
vt 0.490095 0.201678
vt 0.502638 0.201401
vt 0.587706 0.201399
vt 0.630928 0.201824
vt 0.657744 0.215516
vt 0.657398 0.604796
vt 0.510281 0.201380
vt 0.522820 0.201652
vt 0.537563 0.201790
vt 0.553067 0.201782
vt 0.567813 0.201628
vt 0.580363 0.201344
vt 0.354841 0.201344
vt 0.367382 0.201623
vt 0.382128 0.201773
vt 0.397631 0.201777
vt 0.412377 0.201636
vt 0.424923 0.201364
vt 0.432559 0.201364
vt 0.445104 0.201654
vt 0.630961 0.142648
vt 0.445107 0.144197
vt 0.445106 0.150721
vt 0.432560 0.150422
vt 0.432561 0.143896
vt 0.424924 0.143896
vt 0.424924 0.150422
vt 0.412376 0.150686
vt 0.412376 0.144156
vt 0.397630 0.150820
vt 0.397630 0.144288
vt 0.382127 0.150811
vt 0.382127 0.144277
vt 0.367381 0.150659
vt 0.367381 0.144126
vt 0.354840 0.150381
vt 0.354839 0.143848
vt 0.580364 0.143848
vt 0.580364 0.150381
vt 0.567812 0.150670
vt 0.567811 0.144138
vt 0.553065 0.150830
vt 0.553065 0.144300
vt 0.537562 0.150847
vt 0.537561 0.144319
vt 0.522819 0.150717
vt 0.522819 0.144193
vt 0.510280 0.150455
vt 0.510280 0.143933
vt 0.600556 0.144264
vt 0.600550 0.150779
vt 0.587751 0.150494
vt 0.587757 0.143979
vt 0.502637 0.143980
vt 0.502638 0.150496
vt 0.490095 0.150769
vt 0.490095 0.144252
vt 0.475350 0.150903
vt 0.475350 0.144385
vt 0.445123 0.159927
vt 0.459819 0.160114
vt 0.459832 0.171248
vt 0.445124 0.171094
vt 0.432576 0.159655
vt 0.432572 0.170791
vt 0.412372 0.159924
vt 0.424918 0.159654
vt 0.424917 0.170791
vt 0.412371 0.171057
vt 0.397630 0.160055
vt 0.397630 0.171195
vt 0.382130 0.160053
vt 0.382132 0.171186
vt 0.367382 0.159896
vt 0.367384 0.171037
vt 0.354844 0.159586
vt 0.354839 0.170768
vt 0.567831 0.159904
vt 0.580339 0.159586
vt 0.580339 0.170768
vt 0.567823 0.171045
vt 0.553120 0.160181
vt 0.553122 0.171167
vt 0.537478 0.160081
vt 0.537510 0.171218
vt 0.522611 0.159511
vt 0.522606 0.171219
vt 0.490206 0.159999
vt 0.502822 0.159375
vt 0.502849 0.170958
vt 0.490157 0.171125
vt 0.475297 0.160223
vt 0.475290 0.171232
vt 0.459847 0.150887
vt 0.598073 0.159942
vt 0.587760 0.159380
vt 0.512923 0.159743
vt 0.459818 0.182004
vt 0.445122 0.181878
vt 0.432576 0.181558
vt 0.424918 0.181558
vt 0.412372 0.181820
vt 0.397630 0.181963
vt 0.382130 0.181950
vt 0.367382 0.181809
vt 0.354844 0.181564
vt 0.580339 0.181564
vt 0.567832 0.181809
vt 0.553122 0.181835
vt 0.537478 0.182004
vt 0.522610 0.182355
vt 0.502823 0.182017
vt 0.490206 0.181903
vt 0.475297 0.181911
vt 0.459847 0.191108
vt 0.445104 0.190949
vt 0.432559 0.190658
vt 0.424923 0.190658
vt 0.412377 0.190929
vt 0.397631 0.191068
vt 0.382128 0.191063
vt 0.367382 0.190913
vt 0.354841 0.190634
vt 0.580363 0.190634
vt 0.567813 0.190919
vt 0.553066 0.191074
vt 0.537563 0.191084
vt 0.522820 0.190947
vt 0.512923 0.181587
vt 0.510281 0.190677
vt 0.587742 0.182022
vt 0.598054 0.181778
vt 0.587715 0.190700
vt 0.502638 0.190701
vt 0.490095 0.190977
vt 0.475351 0.191117
vt 0.630911 0.199230
vt 0.459847 0.144366
vt 0.630958 0.146894
vt 0.608486 0.161672
vt 0.604352 0.160387
vt 0.606491 0.170853
vt 0.602593 0.171080
vt 0.608470 0.180075
vt 0.604334 0.181364
vt 0.614121 0.187932
vt 0.630915 0.194984
vt 0.622148 0.193157
vt 0.640331 0.193061
vt 0.652339 0.179838
vt 0.655481 0.181083
vt 0.647668 0.187746
vt 0.653984 0.170599
vt 0.656425 0.170782
vt 0.652355 0.161435
vt 0.655500 0.160114
vt 0.657808 0.143932
vt 0.657813 0.137411
vt 0.657802 0.150454
vt 0.659725 0.159598
vt 0.659706 0.181442
vt 0.587689 0.170962
vt 0.597486 0.171072
vt 0.513056 0.170883
vt 0.509051 0.170703
vt 0.508518 0.159988
vt 0.508518 0.180958
vt 0.639955 0.616124
vt 0.641519 0.612186
vt 0.649971 0.618170
vt 0.647283 0.621234
vt 0.613735 0.621419
vt 0.610479 0.618385
vt 0.620118 0.612297
vt 0.621772 0.616220
vt 0.630546 0.610141
vt 0.630542 0.614386
vt 0.608071 0.629164
vt 0.603937 0.627879
vt 0.606076 0.638346
vt 0.602178 0.638573
vt 0.608054 0.647567
vt 0.603918 0.648857
vt 0.613705 0.655424
vt 0.610444 0.658394
vt 0.630500 0.662476
vt 0.630496 0.666722
vt 0.620072 0.664572
vt 0.621732 0.660649
vt 0.639915 0.660553
vt 0.641472 0.664460
vt 0.651923 0.647331
vt 0.655065 0.648576
vt 0.649936 0.658179
vt 0.647252 0.655239
vt 0.653569 0.638091
vt 0.656009 0.638275
vt 0.651939 0.628927
vt 0.655084 0.627606
vt 0.354843 0.638086
vt 0.354843 0.627399
vt 0.367385 0.627680
vt 0.367385 0.638366
vt 0.567820 0.638367
vt 0.567820 0.627680
vt 0.580367 0.627399
vt 0.580367 0.638086
vt 0.382129 0.627827
vt 0.382129 0.638514
vt 0.522826 0.638370
vt 0.522826 0.627683
vt 0.537569 0.627830
vt 0.537569 0.638516
vt 0.587317 0.638089
vt 0.587327 0.627403
vt 0.600126 0.627685
vt 0.600117 0.638371
vt 0.397633 0.627828
vt 0.397633 0.638515
vt 0.510287 0.638090
vt 0.510287 0.627404
vt 0.412379 0.627681
vt 0.412379 0.638368
vt 0.553073 0.627829
vt 0.553073 0.638515
vt 0.459847 0.638519
vt 0.459847 0.627832
vt 0.475351 0.627833
vt 0.475351 0.638519
vt 0.490096 0.627687
vt 0.490096 0.638373
vt 0.502638 0.627406
vt 0.502638 0.638092
vt 0.445102 0.638370
vt 0.445102 0.627684
vt 0.445102 0.648881
vt 0.459847 0.649029
vt 0.490096 0.648883
vt 0.502638 0.648603
vt 0.475351 0.649030
vt 0.553073 0.649026
vt 0.567820 0.648878
vt 0.537569 0.649027
vt 0.397633 0.649026
vt 0.412379 0.648879
vt 0.510287 0.648601
vt 0.522826 0.648880
vt 0.382129 0.649025
vt 0.587308 0.648599
vt 0.600107 0.648881
vt 0.367385 0.648877
vt 0.580367 0.648597
vt 0.354843 0.648597
vt 0.354843 0.658021
vt 0.367385 0.658301
vt 0.567820 0.658302
vt 0.580367 0.658021
vt 0.382129 0.658449
vt 0.522826 0.658304
vt 0.537569 0.658451
vt 0.587300 0.658022
vt 0.600099 0.658305
vt 0.397633 0.658450
vt 0.510287 0.658024
vt 0.412379 0.658302
vt 0.553073 0.658450
vt 0.459847 0.658453
vt 0.475351 0.658453
vt 0.490096 0.658306
vt 0.502638 0.658026
vt 0.445102 0.658304
vt 0.445102 0.663263
vt 0.459847 0.663412
vt 0.490096 0.663265
vt 0.502638 0.662985
vt 0.475351 0.663412
vt 0.553073 0.663409
vt 0.567820 0.663261
vt 0.537569 0.663410
vt 0.397633 0.663409
vt 0.412379 0.663262
vt 0.510287 0.662983
vt 0.522826 0.663263
vt 0.382130 0.663409
vt 0.587295 0.662981
vt 0.600094 0.663263
vt 0.367385 0.663261
vt 0.580367 0.662980
vt 0.354843 0.662980
vt 0.645066 0.668221
vt 0.657342 0.667938
vt 0.600090 0.668222
vt 0.614966 0.668371
vt 0.354843 0.667939
vt 0.367385 0.668220
vt 0.567820 0.668220
vt 0.580367 0.667939
vt 0.382130 0.668368
vt 0.522826 0.668222
vt 0.537569 0.668369
vt 0.587291 0.667940
vt 0.630513 0.668370
vt 0.397633 0.668368
vt 0.510287 0.667942
vt 0.412379 0.668221
vt 0.553073 0.668368
vt 0.459847 0.668371
vt 0.475351 0.668371
vt 0.490096 0.668224
vt 0.502638 0.667944
vt 0.445102 0.668222
vt 0.354843 0.611253
vt 0.367385 0.611533
vt 0.567820 0.611534
vt 0.580367 0.611253
vt 0.382129 0.611681
vt 0.522826 0.611537
vt 0.537569 0.611684
vt 0.587341 0.611258
vt 0.600140 0.611540
vt 0.397633 0.611682
vt 0.510286 0.611258
vt 0.412379 0.611535
vt 0.553073 0.611682
vt 0.459847 0.611687
vt 0.475351 0.611688
vt 0.490096 0.611541
vt 0.502638 0.611261
vt 0.445102 0.617996
vt 0.459847 0.618145
vt 0.490096 0.617999
vt 0.502638 0.617719
vt 0.475351 0.618146
vt 0.553073 0.618141
vt 0.567820 0.617992
vt 0.537569 0.618142
vt 0.397633 0.618140
vt 0.412379 0.617994
vt 0.510286 0.617716
vt 0.522826 0.617996
vt 0.382129 0.618140
vt 0.587336 0.617716
vt 0.600135 0.617998
vt 0.367385 0.617992
vt 0.580367 0.617711
vt 0.354843 0.617711
vt 0.445102 0.611538
vt 0.657346 0.662979
vt 0.657359 0.648597
vt 0.657351 0.658020
vt 0.657369 0.638086
vt 0.657378 0.627400
vt 0.657387 0.617713
vt 0.657392 0.611255
vt 0.432557 0.627402
vt 0.432557 0.617714
vt 0.424923 0.627402
vt 0.424923 0.617714
vt 0.432557 0.611256
vt 0.424923 0.611256
vt 0.432557 0.638088
vt 0.424923 0.638088
vt 0.432557 0.648599
vt 0.424923 0.648599
vt 0.432557 0.658023
vt 0.424923 0.658023
vt 0.432557 0.662982
vt 0.424923 0.662982
vt 0.432557 0.667941
vt 0.424923 0.667941
vt 0.952459 0.517819
vt 0.958138 0.515882
vt 0.946459 0.517906
vt 0.940727 0.516135
vt 0.930288 0.502197
vt 0.932225 0.507876
vt 0.940232 0.481963
vt 0.935429 0.485559
vt 0.945911 0.480026
vt 0.951910 0.479939
vt 0.962941 0.512286
vt 0.966397 0.507381
vt 0.957643 0.481710
vt 0.962548 0.485167
vt 0.931973 0.490464
vt 0.930201 0.496197
vt 0.935822 0.512678
vt 0.949306 0.507303
vt 0.953436 0.503052
vt 0.952789 0.486708
vt 0.957040 0.490837
vt 0.940805 0.499044
vt 0.944934 0.494793
vt 0.949185 0.498923
vt 0.945055 0.503173
vt 0.937079 0.502879
vt 0.941330 0.507008
vt 0.945581 0.511137
vt 0.949063 0.490542
vt 0.953314 0.494672
vt 0.957565 0.498801
vt 0.484890 0.754216
vt 0.463586 0.761138
vt 0.459757 0.753625
vt 0.483571 0.745887
vt 0.445463 0.774305
vt 0.439500 0.768343
vt 0.432295 0.792428
vt 0.424782 0.788600
vt 0.425373 0.813733
vt 0.417045 0.812414
vt 0.425373 0.836134
vt 0.417045 0.837453
vt 0.432295 0.857439
vt 0.424782 0.861267
vt 0.445462 0.875562
vt 0.439500 0.881525
vt 0.463585 0.888729
vt 0.459757 0.896242
vt 0.484890 0.895652
vt 0.483571 0.903980
vt 0.507294 0.895652
vt 0.528526 0.888765
vt 0.532350 0.896280
vt 0.508610 0.903980
vt 0.546721 0.875561
vt 0.552682 0.881525
vt 0.575137 0.837454
vt 0.567400 0.861268
vt 0.559887 0.792428
vt 0.567400 0.788600
vt 0.575137 0.812414
vt 0.546719 0.774305
vt 0.552682 0.768343
vt 0.528596 0.761138
vt 0.532425 0.753625
vt 0.507292 0.754216
vt 0.508611 0.745887
vt 0.464783 0.824952
vt 0.480419 0.840605
vt 0.510162 0.870380
vt 0.525851 0.854691
vt 0.496091 0.793644
vt 0.511736 0.809289
vt 0.481977 0.779530
vt 0.480446 0.809288
vt 0.466333 0.795175
vt 0.450677 0.810830
vt 0.527381 0.824934
vt 0.496092 0.824933
vt 0.511737 0.840578
vt 0.496056 0.856259
s 1
f 1218/1/1 1/2/1 50/3/1 51/4/1
f 1254/5/2 24/6/2 23/7/2 22/8/2
f 62/9/3 118/10/4 120/11/5 63/12/6
f 63/13/7 120/14/8 119/15/9 61/16/10
f 61/16/10 64/17/11 66/18/12 63/13/7
f 63/12/6 66/19/13 65/20/14 62/9/3
f 64/17/11 67/21/15 69/22/16 66/18/12
f 66/19/13 69/23/17 68/24/18 65/20/14
f 67/21/15 70/25/19 72/26/20 69/22/16
f 69/23/17 72/27/21 71/28/22 68/24/18
f 70/29/19 73/30/23 75/31/24 72/32/20
f 72/27/21 75/33/25 74/34/26 71/28/22
f 73/30/23 76/35/27 78/36/28 75/31/24
f 75/33/25 78/37/29 77/38/30 74/34/26
f 76/35/27 79/39/31 81/40/32 78/36/28
f 78/37/29 81/41/33 80/42/34 77/38/30
f 79/39/31 82/43/35 84/44/36 81/40/32
f 81/41/33 84/45/37 83/46/38 80/42/34
f 82/43/35 85/47/39 87/48/40 84/44/36
f 84/45/37 87/49/41 86/50/42 83/46/38
f 962/51/43 976/52/44 975/53/45 961/54/46
f 88/55/47 91/56/48 93/57/49 90/58/50
f 90/59/51 93/60/52 92/61/53 89/62/54
f 91/56/48 94/63/55 96/64/56 93/57/49
f 93/60/52 96/65/57 95/66/58 92/61/53
f 949/67/59 965/68/60 964/69/61 948/70/62
f 94/63/55 97/71/63 99/72/64 96/64/56
f 97/71/63 100/73/65 102/74/66 99/72/64
f 99/75/67 102/76/68 101/77/69 98/78/70
f 100/79/65 103/80/71 105/81/72 102/82/66
f 102/76/68 105/83/73 104/84/74 101/77/69
f 103/80/71 106/85/75 108/86/76 105/81/72
f 105/83/73 108/87/77 107/88/78 104/84/74
f 106/85/75 109/89/79 111/90/80 108/86/76
f 108/87/77 111/91/81 110/92/82 107/88/78
f 109/89/79 112/93/83 114/94/84 111/90/80
f 111/91/81 114/95/85 113/96/86 110/92/82
f 112/93/83 115/97/87 117/98/88 114/94/84
f 114/95/85 117/99/89 116/100/90 113/96/86
f 115/101/87 119/15/9 120/14/8 117/102/88
f 117/99/89 120/11/5 118/10/4 116/100/90
f 122/103/91 178/104/92 180/105/93 123/106/94
f 123/107/95 180/108/96 179/109/97 121/110/98
f 121/110/98 124/111/99 126/112/100 123/107/95
f 123/106/94 126/113/101 125/114/102 122/103/91
f 124/111/99 127/115/103 129/116/104 126/112/100
f 126/113/101 129/117/105 128/118/106 125/114/102
f 127/115/103 130/119/107 132/120/108 129/116/104
f 129/117/105 132/121/109 131/122/110 128/118/106
f 130/119/107 133/123/111 135/124/112 132/120/108
f 132/125/109 135/126/113 134/127/114 131/128/110
f 133/123/111 136/129/115 138/130/116 135/124/112
f 135/126/113 138/131/117 137/132/118 134/127/114
f 136/129/115 139/133/119 141/134/120 138/130/116
f 138/131/117 141/135/121 140/136/122 137/132/118
f 139/133/119 142/137/123 144/138/124 141/134/120
f 141/135/121 144/139/125 143/140/126 140/136/122
f 142/137/123 145/141/127 147/142/128 144/138/124
f 144/139/125 147/143/129 146/144/130 143/140/126
f 85/145/39 88/55/47 90/58/50 87/146/40
f 87/49/41 90/59/51 89/62/54 86/50/42
f 148/147/131 151/148/132 153/149/133 150/150/134
f 150/151/135 153/152/136 152/153/137 149/154/138
f 151/148/132 154/155/139 156/156/140 153/149/133
f 153/152/136 156/157/141 155/158/142 152/153/137
f 96/65/57 99/75/67 98/78/70 95/66/58
f 154/155/139 157/159/143 159/160/144 156/156/140
f 157/159/143 160/161/145 162/162/146 159/160/144
f 159/163/147 162/164/148 161/165/149 158/166/150
f 160/161/145 163/167/151 165/168/152 162/162/146
f 162/169/148 165/170/153 164/171/154 161/172/149
f 163/167/151 166/173/155 168/174/156 165/168/152
f 165/170/153 168/175/157 167/176/158 164/171/154
f 166/173/155 169/177/159 171/178/160 168/174/156
f 168/175/157 171/179/161 170/180/162 167/176/158
f 169/177/159 172/181/163 174/182/164 171/178/160
f 171/179/161 174/183/165 173/184/166 170/180/162
f 172/181/163 175/185/167 177/186/168 174/182/164
f 174/183/165 177/187/169 176/188/170 173/184/166
f 175/185/167 179/109/97 180/108/96 177/186/168
f 177/189/169 180/105/93 178/104/92 176/190/170
f 795/191/171 76/35/27 73/30/23 796/192/172
f 794/193/173 79/39/31 76/35/27 795/191/171
f 793/194/174 82/43/35 79/39/31 794/193/173
f 792/195/175 85/47/39 82/43/35 793/194/174
f 145/141/127 148/147/131 150/150/134 147/142/128
f 790/196/176 91/56/48 88/55/47 791/197/177
f 789/198/178 94/63/55 91/56/48 790/196/176
f 156/157/141 159/163/147 158/166/150 155/158/142
f 785/199/179 100/73/65 97/71/63 788/200/180
f 784/201/181 103/80/71 100/79/65 785/202/179
f 783/203/182 106/85/75 103/80/71 784/201/181
f 782/204/183 109/89/79 106/85/75 783/203/182
f 182/205/184 238/206/185 240/207/186 183/208/187
f 183/209/188 240/210/189 239/211/190 181/212/191
f 181/212/191 184/213/192 186/214/193 183/209/188
f 183/208/187 186/215/194 185/216/195 182/205/184
f 184/213/192 187/217/196 189/218/197 186/214/193
f 186/215/194 189/219/198 188/220/199 185/216/195
f 187/217/196 190/221/200 192/222/201 189/218/197
f 189/219/198 192/223/202 191/224/203 188/220/199
f 190/221/200 193/225/204 195/226/205 192/222/201
f 192/227/202 195/228/206 194/229/207 191/230/203
f 193/225/204 196/231/208 198/232/209 195/226/205
f 195/228/206 198/233/210 197/234/211 194/229/207
f 196/231/208 199/235/212 201/236/213 198/232/209
f 198/233/210 201/237/214 200/238/215 197/234/211
f 199/235/212 202/239/216 204/240/217 201/236/213
f 201/237/214 204/241/218 203/242/219 200/238/215
f 202/239/216 205/243/220 207/244/221 204/240/217
f 204/241/218 207/245/222 206/246/223 203/242/219
f 147/247/129 150/151/135 149/154/138 146/248/130
f 791/197/177 88/55/47 85/145/39 792/249/175
f 208/250/224 211/251/225 213/252/226 210/253/227
f 210/254/228 213/255/229 212/256/230 209/257/231
f 211/251/225 214/258/232 216/259/233 213/252/226
f 213/255/229 216/260/234 215/261/235 212/256/230
f 788/200/180 97/71/63 94/63/55 789/198/178
f 214/258/232 217/262/236 219/263/237 216/259/233
f 217/262/236 220/264/238 222/265/239 219/263/237
f 219/266/240 222/267/241 221/268/242 218/269/243
f 220/264/238 223/270/244 225/271/245 222/265/239
f 222/272/241 225/273/246 224/274/247 221/275/242
f 223/270/244 226/276/248 228/277/249 225/271/245
f 225/273/246 228/278/250 227/279/251 224/274/247
f 226/276/248 229/280/252 231/281/253 228/277/249
f 228/278/250 231/282/254 230/283/255 227/279/251
f 229/280/252 232/284/256 234/285/257 231/281/253
f 231/282/254 234/286/258 233/287/259 230/283/255
f 232/284/256 235/288/260 237/289/261 234/285/257
f 234/286/258 237/290/262 236/291/263 233/287/259
f 235/288/260 239/211/190 240/210/189 237/289/261
f 237/292/262 240/207/186 238/206/185 236/293/263
f 242/294/264 298/295/265 300/296/266 243/297/267
f 243/298/268 300/299/269 299/300/270 241/301/271
f 241/301/271 244/302/272 246/303/273 243/298/268
f 243/297/267 246/304/274 245/305/275 242/294/264
f 244/302/272 247/306/276 249/307/277 246/303/273
f 246/304/274 249/308/278 248/309/279 245/305/275
f 247/306/276 250/310/280 252/311/281 249/307/277
f 249/308/278 252/312/282 251/313/283 248/309/279
f 250/314/280 253/315/284 255/316/285 252/317/281
f 252/312/282 255/318/286 254/319/287 251/313/283
f 253/315/284 256/320/288 258/321/289 255/316/285
f 255/318/286 258/322/290 257/323/291 254/319/287
f 256/320/288 259/324/292 261/325/293 258/321/289
f 258/322/290 261/326/294 260/327/295 257/323/291
f 259/324/292 262/328/296 264/329/297 261/325/293
f 261/326/294 264/330/298 263/331/299 260/327/295
f 262/328/296 265/332/300 267/333/301 264/329/297
f 264/330/298 267/334/302 266/335/303 263/331/299
f 205/243/220 208/250/224 210/253/227 207/244/221
f 207/336/222 210/254/228 209/257/231 206/337/223
f 268/338/304 271/339/305 273/340/306 270/341/307
f 270/342/308 273/343/309 272/344/310 269/345/311
f 271/339/305 274/346/312 276/347/313 273/340/306
f 273/343/309 276/348/314 275/349/315 272/344/310
f 216/260/234 219/266/240 218/269/243 215/261/235
f 274/346/312 277/350/316 279/351/317 276/347/313
f 277/350/316 280/352/318 282/353/319 279/351/317
f 279/354/320 282/355/321 281/356/322 278/357/323
f 280/358/318 283/359/324 285/360/325 282/361/319
f 282/355/321 285/362/326 284/363/327 281/356/322
f 283/359/324 286/364/328 288/365/329 285/360/325
f 285/362/326 288/366/330 287/367/331 284/363/327
f 286/364/328 289/368/332 291/369/333 288/365/329
f 288/366/330 291/370/334 290/371/335 287/367/331
f 289/368/332 292/372/336 294/373/337 291/369/333
f 291/370/334 294/374/338 293/375/339 290/371/335
f 292/372/336 295/376/340 297/377/341 294/373/337
f 294/374/338 297/378/342 296/379/343 293/375/339
f 295/380/340 299/300/270 300/299/269 297/381/341
f 297/378/342 300/296/266 298/295/265 296/379/343
f 62/9/3 181/212/191 239/211/190 118/10/4
f 185/216/195 244/302/272 241/301/271 182/205/184
f 182/205/184 241/301/271 299/300/270 238/206/185
f 65/20/14 184/213/192 181/212/191 62/9/3
f 188/220/199 247/306/276 244/302/272 185/216/195
f 68/24/18 187/217/196 184/213/192 65/20/14
f 191/224/203 250/310/280 247/306/276 188/220/199
f 71/28/22 190/221/200 187/217/196 68/24/18
f 194/229/207 253/315/284 250/314/280 191/230/203
f 74/34/26 193/225/204 190/221/200 71/28/22
f 197/234/211 256/320/288 253/315/284 194/229/207
f 77/38/30 196/231/208 193/225/204 74/34/26
f 200/238/215 259/324/292 256/320/288 197/234/211
f 80/42/34 199/235/212 196/231/208 77/38/30
f 203/242/219 262/328/296 259/324/292 200/238/215
f 83/46/38 202/239/216 199/235/212 80/42/34
f 206/246/223 265/332/300 262/328/296 203/242/219
f 86/50/42 205/243/220 202/239/216 83/46/38
f 265/382/300 268/338/304 270/341/307 267/383/301
f 267/334/302 270/342/308 269/345/311 266/335/303
f 212/256/230 271/339/305 268/338/304 209/257/231
f 92/61/53 211/251/225 208/250/224 89/62/54
f 215/261/235 274/346/312 271/339/305 212/256/230
f 95/66/58 214/258/232 211/251/225 92/61/53
f 276/348/314 279/354/320 278/357/323 275/349/315
f 218/269/243 277/350/316 274/346/312 215/261/235
f 221/268/242 280/352/318 277/350/316 218/269/243
f 101/77/69 220/264/238 217/262/236 98/78/70
f 224/274/247 283/359/324 280/358/318 221/275/242
f 104/84/74 223/270/244 220/264/238 101/77/69
f 227/279/251 286/364/328 283/359/324 224/274/247
f 107/88/78 226/276/248 223/270/244 104/84/74
f 230/283/255 289/368/332 286/364/328 227/279/251
f 110/92/82 229/280/252 226/276/248 107/88/78
f 233/287/259 292/372/336 289/368/332 230/283/255
f 113/96/86 232/284/256 229/280/252 110/92/82
f 236/291/263 295/376/340 292/372/336 233/287/259
f 116/100/90 235/288/260 232/284/256 113/96/86
f 238/206/185 299/300/270 295/380/340 236/293/263
f 118/10/4 239/211/190 235/288/260 116/100/90
f 245/305/275 124/111/99 121/110/98 242/294/264
f 242/294/264 121/110/98 179/109/97 298/295/265
f 248/309/279 127/115/103 124/111/99 245/305/275
f 251/313/283 130/119/107 127/115/103 248/309/279
f 254/319/287 133/123/111 130/119/107 251/313/283
f 257/323/291 136/129/115 133/123/111 254/319/287
f 260/327/295 139/133/119 136/129/115 257/323/291
f 263/331/299 142/137/123 139/133/119 260/327/295
f 266/335/303 145/141/127 142/137/123 263/331/299
f 209/257/231 268/338/304 265/382/300 206/337/223
f 272/344/310 151/148/132 148/147/131 269/345/311
f 275/349/315 154/155/139 151/148/132 272/344/310
f 98/78/70 217/262/236 214/258/232 95/66/58
f 281/356/322 160/161/145 157/159/143 278/357/323
f 284/363/327 163/167/151 160/161/145 281/356/322
f 287/367/331 166/173/155 163/167/151 284/363/327
f 290/371/335 169/177/159 166/173/155 287/367/331
f 293/375/339 172/181/163 169/177/159 290/371/335
f 296/379/343 175/185/167 172/181/163 293/375/339
f 298/295/265 179/109/97 175/185/167 296/379/343
f 302/384/344 358/385/345 360/386/346 303/387/347
f 303/388/348 360/389/349 359/390/350 301/391/351
f 301/391/351 304/392/352 306/393/353 303/388/348
f 303/387/347 306/394/354 305/395/355 302/384/344
f 304/392/352 307/396/356 309/397/357 306/393/353
f 306/394/354 309/398/358 308/399/359 305/395/355
f 307/396/356 310/400/360 312/401/361 309/397/357
f 309/398/358 312/402/362 311/403/363 308/399/359
f 310/404/360 313/405/364 315/406/365 312/407/361
f 312/402/362 315/408/366 314/409/367 311/403/363
f 313/405/364 316/410/368 318/411/369 315/406/365
f 315/408/366 318/412/370 317/413/371 314/409/367
f 316/410/368 319/414/372 321/415/373 318/411/369
f 318/412/370 321/416/374 320/417/375 317/413/371
f 319/414/372 322/418/376 324/419/377 321/415/373
f 321/416/374 324/420/378 323/421/379 320/417/375
f 322/418/376 325/422/380 327/423/381 324/419/377
f 324/420/378 327/424/382 326/425/383 323/421/379
f 89/62/54 208/250/224 205/243/220 86/50/42
f 269/345/311 148/147/131 145/141/127 266/335/303
f 328/426/384 331/427/385 333/428/386 330/429/387
f 330/430/388 333/431/389 332/432/390 329/433/391
f 331/427/385 334/434/392 336/435/393 333/428/386
f 333/431/389 336/436/394 335/437/395 332/432/390
f 278/357/323 157/159/143 154/155/139 275/349/315
f 334/434/392 337/438/396 339/439/397 336/435/393
f 337/438/396 340/440/398 342/441/399 339/439/397
f 339/442/400 342/443/401 341/444/402 338/445/403
f 340/446/398 343/447/404 345/448/405 342/449/399
f 342/443/401 345/450/406 344/451/407 341/444/402
f 343/447/404 346/452/408 348/453/409 345/448/405
f 345/450/406 348/454/410 347/455/411 344/451/407
f 346/452/408 349/456/412 351/457/413 348/453/409
f 348/454/410 351/458/414 350/459/415 347/455/411
f 349/456/412 352/460/416 354/461/417 351/457/413
f 351/458/414 354/462/418 353/463/419 350/459/415
f 352/460/416 355/464/420 357/465/421 354/461/417
f 354/462/418 357/466/422 356/467/423 353/463/419
f 355/468/420 359/390/350 360/389/349 357/469/421
f 357/466/422 360/386/346 358/385/345 356/467/423
f 122/103/91 301/391/351 359/390/350 178/104/92
f 125/114/102 304/392/352 301/391/351 122/103/91
f 128/118/106 307/396/356 304/392/352 125/114/102
f 131/122/110 310/400/360 307/396/356 128/118/106
f 134/127/114 313/405/364 310/404/360 131/128/110
f 137/132/118 316/410/368 313/405/364 134/127/114
f 140/136/122 319/414/372 316/410/368 137/132/118
f 143/140/126 322/418/376 319/414/372 140/136/122
f 146/144/130 325/422/380 322/418/376 143/140/126
f 325/470/380 328/426/384 330/429/387 327/471/381
f 152/153/137 331/427/385 328/426/384 149/154/138
f 155/158/142 334/434/392 331/427/385 152/153/137
f 336/436/394 339/442/400 338/445/403 335/437/395
f 161/165/149 340/440/398 337/438/396 158/166/150
f 164/171/154 343/447/404 340/446/398 161/172/149
f 167/176/158 346/452/408 343/447/404 164/171/154
f 170/180/162 349/456/412 346/452/408 167/176/158
f 173/184/166 352/460/416 349/456/412 170/180/162
f 176/188/170 355/464/420 352/460/416 173/184/166
f 178/104/92 359/390/350 355/468/420 176/190/170
f 362/472/424 418/473/425 420/474/426 363/475/427
f 363/476/428 420/477/429 419/478/430 361/479/431
f 361/479/431 364/480/432 366/481/433 363/476/428
f 363/475/427 366/482/434 365/483/435 362/472/424
f 364/480/432 367/484/436 369/485/437 366/481/433
f 366/482/434 369/486/438 368/487/439 365/483/435
f 367/484/436 370/488/440 372/489/441 369/485/437
f 369/486/438 372/490/442 371/491/443 368/487/439
f 370/488/440 373/492/444 375/493/445 372/489/441
f 372/494/442 375/495/446 374/496/447 371/497/443
f 373/492/444 376/498/448 378/499/449 375/493/445
f 375/495/446 378/500/450 377/501/451 374/496/447
f 376/498/448 379/502/452 381/503/453 378/499/449
f 378/500/450 381/504/454 380/505/455 377/501/451
f 379/502/452 382/506/456 384/507/457 381/503/453
f 381/504/454 384/508/458 383/509/459 380/505/455
f 382/506/456 385/510/460 387/511/461 384/507/457
f 384/508/458 387/512/462 386/513/463 383/509/459
f 327/424/382 330/430/388 329/433/391 326/425/383
f 149/154/138 328/426/384 325/470/380 146/248/130
f 388/514/464 391/515/465 393/516/466 390/517/467
f 390/518/468 393/519/469 392/520/470 389/521/471
f 391/515/465 394/522/472 396/523/473 393/516/466
f 393/519/469 396/524/474 395/525/475 392/520/470
f 158/166/150 337/438/396 334/434/392 155/158/142
f 394/522/472 397/526/476 399/527/477 396/523/473
f 397/526/476 400/528/478 402/529/479 399/527/477
f 399/530/480 402/531/481 401/532/482 398/533/483
f 400/528/478 403/534/484 405/535/485 402/529/479
f 402/536/481 405/537/486 404/538/487 401/539/482
f 403/534/484 406/540/488 408/541/489 405/535/485
f 405/537/486 408/542/490 407/543/491 404/538/487
f 406/540/488 409/544/492 411/545/493 408/541/489
f 408/542/490 411/546/494 410/547/495 407/543/491
f 409/544/492 412/548/496 414/549/497 411/545/493
f 411/546/494 414/550/498 413/551/499 410/547/495
f 412/548/496 415/552/500 417/553/501 414/549/497
f 414/550/498 417/554/502 416/555/503 413/551/499
f 415/552/500 419/478/430 420/477/429 417/553/501
f 417/556/502 420/474/426 418/473/425 416/557/503
f 422/558/504 478/559/505 480/560/506 423/561/507
f 423/561/507 480/560/506 479/562/508 421/563/509
f 421/563/509 424/564/510 426/565/511 423/561/507
f 423/561/507 426/565/511 425/566/512 422/558/504
f 424/564/510 427/567/513 429/568/514 426/565/511
f 426/565/511 429/568/514 428/569/515 425/566/512
f 427/567/513 430/570/516 432/571/517 429/568/514
f 429/572/514 432/573/517 431/574/518 428/575/515
f 430/576/516 433/577/519 435/578/520 432/579/517
f 432/573/517 435/580/520 434/581/521 431/574/518
f 433/577/519 436/582/522 438/583/523 435/578/520
f 435/578/520 438/583/523 437/584/524 434/585/521
f 436/582/522 439/586/525 441/587/526 438/583/523
f 438/583/523 441/587/526 440/588/527 437/584/524
f 439/586/525 442/589/528 444/590/529 441/587/526
f 441/587/526 444/590/529 443/591/530 440/588/527
f 442/589/528 445/592/531 447/593/532 444/590/529
f 444/594/529 447/595/532 446/596/533 443/597/530
f 385/510/460 388/514/464 390/517/467 387/511/461
f 387/598/462 390/518/468 389/521/471 386/599/463
f 448/600/534 451/601/535 453/602/536 450/603/537
f 450/603/537 453/602/536 452/604/538 449/605/539
f 451/601/535 454/606/540 456/607/541 453/602/536
f 453/602/536 456/607/541 455/608/542 452/604/538
f 396/524/474 399/530/480 398/533/483 395/525/475
f 454/606/540 457/609/543 459/610/544 456/607/541
f 457/609/543 460/611/545 462/612/546 459/610/544
f 459/610/544 462/612/546 461/613/547 458/614/548
f 460/615/545 463/616/549 465/617/550 462/618/546
f 462/619/546 465/620/550 464/621/551 461/622/547
f 463/616/549 466/623/552 468/624/553 465/617/550
f 465/617/550 468/624/553 467/625/554 464/626/551
f 466/623/552 469/627/555 471/628/556 468/624/553
f 468/624/553 471/628/556 470/629/557 467/625/554
f 469/627/555 472/630/558 474/631/559 471/628/556
f 471/628/556 474/631/559 473/632/560 470/629/557
f 472/630/558 475/633/561 477/634/562 474/631/559
f 474/635/559 477/636/562 476/637/563 473/638/560
f 475/639/561 479/562/508 480/560/506 477/640/562
f 477/636/562 480/641/506 478/642/505 476/637/563
f 302/384/344 361/479/431 419/478/430 358/385/345
f 365/483/435 424/564/510 421/563/509 362/472/424
f 362/472/424 421/563/509 479/562/508 418/473/425
f 305/395/355 364/480/432 361/479/431 302/384/344
f 368/487/439 427/567/513 424/564/510 365/483/435
f 308/399/359 367/484/436 364/480/432 305/395/355
f 371/491/443 430/570/516 427/567/513 368/487/439
f 311/403/363 370/488/440 367/484/436 308/399/359
f 374/496/447 433/577/519 430/576/516 371/497/443
f 314/409/367 373/492/444 370/488/440 311/403/363
f 377/501/451 436/582/522 433/577/519 374/496/447
f 317/413/371 376/498/448 373/492/444 314/409/367
f 380/505/455 439/586/525 436/582/522 377/501/451
f 320/417/375 379/502/452 376/498/448 317/413/371
f 383/509/459 442/589/528 439/586/525 380/505/455
f 323/421/379 382/506/456 379/502/452 320/417/375
f 386/513/463 445/592/531 442/589/528 383/509/459
f 326/425/383 385/510/460 382/506/456 323/421/379
f 445/643/531 448/600/534 450/603/537 447/644/532
f 447/595/532 450/645/537 449/646/539 446/596/533
f 392/520/470 451/601/535 448/600/534 389/521/471
f 332/432/390 391/515/465 388/514/464 329/433/391
f 395/525/475 454/606/540 451/601/535 392/520/470
f 335/437/395 394/522/472 391/515/465 332/432/390
f 456/607/541 459/610/544 458/614/548 455/608/542
f 398/533/483 457/609/543 454/606/540 395/525/475
f 401/532/482 460/611/545 457/609/543 398/533/483
f 341/444/402 400/528/478 397/526/476 338/445/403
f 404/538/487 463/616/549 460/615/545 401/539/482
f 344/451/407 403/534/484 400/528/478 341/444/402
f 407/543/491 466/623/552 463/616/549 404/538/487
f 347/455/411 406/540/488 403/534/484 344/451/407
f 410/547/495 469/627/555 466/623/552 407/543/491
f 350/459/415 409/544/492 406/540/488 347/455/411
f 413/551/499 472/630/558 469/627/555 410/547/495
f 353/463/419 412/548/496 409/544/492 350/459/415
f 416/555/503 475/633/561 472/630/558 413/551/499
f 356/467/423 415/552/500 412/548/496 353/463/419
f 418/473/425 479/562/508 475/639/561 416/557/503
f 358/385/345 419/478/430 415/552/500 356/467/423
f 482/647/564 519/648/565 520/649/566 481/650/567
f 481/650/567 483/651/568 484/652/569 482/647/564
f 483/651/568 485/653/570 486/654/571 484/652/569
f 485/653/570 487/655/572 488/656/573 486/654/571
f 487/655/572 489/657/574 490/658/575 488/656/573
f 489/657/574 491/659/576 492/660/577 490/658/575
f 491/659/576 493/661/578 494/662/579 492/660/577
f 493/661/578 495/663/580 496/664/581 494/662/579
f 495/663/580 497/665/582 498/666/583 496/664/581
f 389/521/471 448/600/534 445/643/531 386/599/463
f 499/667/584 501/668/585 502/669/586 500/670/587
f 501/668/585 503/671/588 504/672/589 502/669/586
f 338/445/403 397/526/476 394/522/472 335/437/395
f 505/673/590 507/674/591 508/675/592 506/676/593
f 507/674/591 509/677/594 510/678/595 508/675/592
f 509/677/594 511/679/596 512/680/597 510/678/595
f 511/679/596 513/681/598 514/682/599 512/680/597
f 513/681/598 515/683/600 516/684/601 514/682/599
f 515/683/600 517/685/602 518/686/603 516/684/601
f 517/685/602 520/649/566 519/648/565 518/686/603
f 522/687/604 559/688/605 560/689/606 521/690/607
f 521/690/607 523/691/608 524/692/609 522/687/604
f 523/691/608 525/693/610 526/694/611 524/692/609
f 525/693/610 527/695/612 528/696/613 526/694/611
f 527/697/612 529/698/614 530/699/615 528/700/613
f 529/698/614 531/701/616 532/702/617 530/699/615
f 531/701/616 533/703/618 534/704/619 532/702/617
f 533/703/618 535/705/620 536/706/621 534/704/619
f 535/705/620 537/707/622 538/708/623 536/706/621
f 329/433/391 388/514/464 385/510/460 326/425/383
f 539/709/624 541/710/625 542/711/626 540/712/627
f 541/710/625 543/713/628 544/714/629 542/711/626
f 503/671/588 505/673/590 506/676/593 504/672/589
f 545/715/630 547/716/631 548/717/632 546/718/633
f 547/719/631 549/720/634 550/721/635 548/722/632
f 549/720/634 551/723/636 552/724/637 550/721/635
f 551/723/636 553/725/638 554/726/639 552/724/637
f 553/725/638 555/727/640 556/728/641 554/726/639
f 555/727/640 557/729/642 558/730/643 556/728/641
f 557/731/642 560/689/606 559/688/605 558/732/643
f 422/733/504 481/650/567 520/649/566 478/642/505
f 484/734/569 523/691/608 521/690/607 482/735/564
f 482/735/564 521/690/607 560/689/606 519/736/565
f 425/737/512 483/651/568 481/650/567 422/733/504
f 486/738/571 525/693/610 523/691/608 484/734/569
f 428/575/515 485/653/570 483/651/568 425/737/512
f 488/739/573 527/695/612 525/693/610 486/738/571
f 431/574/518 487/655/572 485/653/570 428/575/515
f 490/740/575 529/698/614 527/697/612 488/741/573
f 434/581/521 489/657/574 487/655/572 431/574/518
f 492/742/577 531/701/616 529/698/614 490/740/575
f 437/743/524 491/659/576 489/657/574 434/581/521
f 494/744/579 533/703/618 531/701/616 492/742/577
f 440/745/527 493/661/578 491/659/576 437/743/524
f 496/746/581 535/705/620 533/703/618 494/744/579
f 443/597/530 495/663/580 493/661/578 440/745/527
f 498/747/583 537/707/622 535/705/620 496/746/581
f 446/596/533 497/665/582 495/663/580 443/597/530
f 497/665/582 499/667/584 500/670/587 498/666/583
f 537/748/622 539/709/624 540/712/627 538/749/623
f 502/750/586 541/710/625 539/709/624 500/751/587
f 452/752/538 501/668/585 499/667/584 449/646/539
f 504/753/589 543/713/628 541/710/625 502/750/586
f 455/754/542 503/671/588 501/668/585 452/752/538
f 543/713/628 545/715/630 546/718/633 544/714/629
f 506/755/593 545/715/630 543/713/628 504/753/589
f 508/756/592 547/716/631 545/715/630 506/755/593
f 461/622/547 507/674/591 505/673/590 458/757/548
f 510/758/595 549/720/634 547/719/631 508/759/592
f 464/621/551 509/677/594 507/674/591 461/622/547
f 512/760/597 551/723/636 549/720/634 510/758/595
f 467/761/554 511/679/596 509/677/594 464/621/551
f 514/762/599 553/725/638 551/723/636 512/760/597
f 470/763/557 513/681/598 511/679/596 467/761/554
f 516/764/601 555/727/640 553/725/638 514/762/599
f 473/638/560 515/683/600 513/681/598 470/763/557
f 518/765/603 557/729/642 555/727/640 516/764/601
f 476/637/563 517/685/602 515/683/600 473/638/560
f 519/736/565 560/689/606 557/731/642 518/766/603
f 478/642/505 520/649/566 517/685/602 476/637/563
f 524/692/609 31/767/644 30/768/645 522/687/604
f 522/687/604 30/768/645 49/769/646 559/688/605
f 526/694/611 32/770/647 31/767/644 524/692/609
f 528/696/613 33/771/648 32/770/647 526/694/611
f 530/699/615 34/772/649 33/773/648 528/700/613
f 532/702/617 35/774/650 34/772/649 530/699/615
f 534/704/619 36/775/651 35/774/650 532/702/617
f 536/706/621 37/776/652 36/775/651 534/704/619
f 538/708/623 38/777/653 37/776/652 536/706/621
f 500/751/587 539/709/624 537/748/622 498/778/583
f 542/711/626 40/779/654 39/780/655 540/712/627
f 544/714/629 41/781/656 40/779/654 542/711/626
f 458/757/548 505/673/590 503/671/588 455/754/542
f 548/717/632 43/782/657 42/783/658 546/718/633
f 550/721/635 44/784/659 43/785/657 548/722/632
f 552/724/637 45/786/660 44/784/659 550/721/635
f 554/726/639 46/787/661 45/786/660 552/724/637
f 556/728/641 47/788/662 46/787/661 554/726/639
f 558/730/643 48/789/663 47/788/662 556/728/641
f 559/688/605 49/769/646 48/790/663 558/732/643
f 562/791/664 599/792/665 600/793/666 561/794/667
f 561/794/667 563/795/668 564/796/669 562/791/664
f 563/795/668 565/797/670 566/798/671 564/796/669
f 565/797/670 567/799/672 568/800/673 566/798/671
f 567/801/672 569/802/674 570/803/675 568/804/673
f 569/802/674 571/805/676 572/806/677 570/803/675
f 571/805/676 573/807/678 574/808/679 572/806/677
f 573/807/678 575/809/680 576/810/681 574/808/679
f 575/809/680 577/811/682 578/812/683 576/810/681
f 449/646/539 499/667/584 497/665/582 446/596/533
f 579/813/684 581/814/685 582/815/686 580/816/687
f 581/814/685 583/817/688 584/818/689 582/815/686
f 546/718/633 42/783/658 41/781/656 544/714/629
f 585/819/690 587/820/691 588/821/692 586/822/693
f 587/823/691 589/824/694 590/825/695 588/826/692
f 589/824/694 591/827/696 592/828/697 590/825/695
f 591/827/696 593/829/698 594/830/699 592/828/697
f 593/829/698 595/831/700 596/832/701 594/830/699
f 595/831/700 597/833/702 598/834/703 596/832/701
f 597/835/702 600/793/666 599/792/665 598/836/703
f 602/837/704 639/838/705 640/839/706 601/840/707
f 601/840/707 603/841/708 604/842/709 602/837/704
f 603/841/708 605/843/710 606/844/711 604/842/709
f 605/843/710 607/845/712 608/846/713 606/844/711
f 607/847/712 609/848/714 610/849/715 608/850/713
f 609/848/714 611/851/716 612/852/717 610/849/715
f 611/851/716 613/853/718 614/854/719 612/852/717
f 613/853/718 615/855/720 616/856/721 614/854/719
f 615/855/720 617/857/722 618/858/723 616/856/721
f 540/712/627 39/780/655 38/859/653 538/749/623
f 619/860/724 621/861/725 622/862/726 620/863/727
f 621/861/725 623/864/728 624/865/729 622/862/726
f 583/817/688 585/819/690 586/822/693 584/818/689
f 625/866/730 627/867/731 628/868/732 626/869/733
f 627/870/731 629/871/734 630/872/735 628/873/732
f 629/871/734 631/874/736 632/875/737 630/872/735
f 631/874/736 633/876/738 634/877/739 632/875/737
f 633/876/738 635/878/740 636/879/741 634/877/739
f 635/878/740 637/880/742 638/881/743 636/879/741
f 637/882/742 640/839/706 639/838/705 638/883/743
f 31/767/744 563/795/668 561/794/667 30/768/745
f 30/768/745 561/794/667 600/793/666 49/769/746
f 564/796/669 603/841/708 601/840/707 562/791/664
f 562/791/664 601/840/707 640/839/706 599/792/665
f 32/770/747 565/797/670 563/795/668 31/767/744
f 566/798/671 605/843/710 603/841/708 564/796/669
f 33/771/748 567/799/672 565/797/670 32/770/747
f 568/800/673 607/845/712 605/843/710 566/798/671
f 34/772/749 569/802/674 567/801/672 33/773/748
f 570/803/675 609/848/714 607/847/712 568/804/673
f 35/774/750 571/805/676 569/802/674 34/772/749
f 572/806/677 611/851/716 609/848/714 570/803/675
f 36/775/751 573/807/678 571/805/676 35/774/750
f 574/808/679 613/853/718 611/851/716 572/806/677
f 37/776/752 575/809/680 573/807/678 36/775/751
f 576/810/681 615/855/720 613/853/718 574/808/679
f 38/777/753 577/811/682 575/809/680 37/776/752
f 578/812/683 617/857/722 615/855/720 576/810/681
f 577/884/682 579/813/684 580/816/687 578/885/683
f 617/886/722 619/860/724 620/863/727 618/887/723
f 40/779/754 581/814/685 579/813/684 39/780/755
f 582/815/686 621/861/725 619/860/724 580/816/687
f 41/781/756 583/817/688 581/814/685 40/779/754
f 584/818/689 623/864/728 621/861/725 582/815/686
f 623/864/728 625/866/730 626/869/733 624/865/729
f 42/783/757 585/819/690 583/817/688 41/781/756
f 43/782/758 587/820/691 585/819/690 42/783/757
f 588/821/692 627/867/731 625/866/730 586/822/693
f 44/784/759 589/824/694 587/823/691 43/785/758
f 590/825/695 629/871/734 627/870/731 588/826/692
f 45/786/760 591/827/696 589/824/694 44/784/759
f 592/828/697 631/874/736 629/871/734 590/825/695
f 46/787/761 593/829/698 591/827/696 45/786/760
f 594/830/699 633/876/738 631/874/736 592/828/697
f 47/788/762 595/831/700 593/829/698 46/787/761
f 596/832/701 635/878/740 633/876/738 594/830/699
f 48/789/763 597/833/702 595/831/700 47/788/762
f 598/834/703 637/880/742 635/878/740 596/832/701
f 49/769/746 600/793/666 597/835/702 48/790/763
f 599/792/665 640/839/706 637/882/742 598/836/703
f 641/888/764 1191/889/765 1203/890/766 642/891/767
f 642/891/767 1203/890/766 1202/892/768 643/893/769
f 644/894/770 1192/895/771 1191/889/765 641/888/764
f 645/896/772 1200/897/773 1192/895/771 644/894/770
f 646/898/774 1199/899/775 1200/897/773 645/896/772
f 647/900/776 1187/901/777 1199/899/775 646/898/774
f 648/902/778 1188/903/779 1187/901/777 647/900/776
f 649/904/780 1189/905/781 1188/903/779 648/902/778
f 650/906/782 1190/907/783 1189/905/781 649/904/780
f 39/780/755 579/813/684 577/884/682 38/859/753
f 652/908/784 1193/909/785 1206/910/786 651/911/787
f 653/912/788 1194/913/789 1193/909/785 652/908/784
f 586/822/693 625/866/730 623/864/728 584/818/689
f 655/914/790 1204/915/791 1205/916/792 654/917/793
f 656/918/794 1195/919/795 1204/915/791 655/914/790
f 657/920/796 1196/921/797 1195/919/795 656/918/794
f 658/922/798 1197/923/799 1196/921/797 657/920/796
f 659/924/800 1198/925/801 1197/923/799 658/922/798
f 660/926/802 1201/927/803 1198/925/801 659/924/800
f 643/893/769 1202/892/768 1201/927/803 660/926/802
f 639/838/705 643/928/769 660/929/802 638/883/743
f 638/881/743 660/930/802 659/931/800 636/879/741
f 636/879/741 659/931/800 658/932/798 634/877/739
f 634/877/739 658/932/798 657/933/796 632/875/737
f 632/875/737 657/933/796 656/934/794 630/872/735
f 630/872/735 656/934/794 655/935/790 628/873/732
f 628/868/732 655/936/790 654/937/793 626/869/733
f 654/917/793 1205/916/792 1194/913/789 653/912/788
f 624/865/729 653/938/788 652/939/784 622/862/726
f 622/862/726 652/939/784 651/940/787 620/863/727
f 580/816/687 619/860/724 617/886/722 578/885/683
f 618/858/723 650/941/782 649/942/780 616/856/721
f 616/856/721 649/942/780 648/943/778 614/854/719
f 614/854/719 648/943/778 647/944/776 612/852/717
f 612/852/717 647/944/776 646/945/774 610/849/715
f 610/849/715 646/945/774 645/946/772 608/850/713
f 608/846/713 645/947/772 644/948/770 606/844/711
f 606/844/711 644/948/770 641/949/764 604/842/709
f 602/837/704 642/950/767 643/928/769 639/838/705
f 604/842/709 641/949/764 642/950/767 602/837/704
f 662/951/804 718/952/805 720/953/806 663/954/807
f 663/955/807 720/956/806 719/957/808 661/958/809
f 661/959/809 664/960/810 666/961/811 663/954/807
f 663/954/807 666/961/811 665/962/812 662/951/804
f 664/963/810 667/964/813 669/965/814 666/966/811
f 666/961/811 669/967/814 668/968/815 665/962/812
f 667/964/813 670/969/816 672/970/817 669/965/814
f 669/967/814 672/971/817 671/972/818 668/968/815
f 670/969/816 673/973/819 675/974/820 672/970/817
f 672/975/817 675/976/820 674/977/821 671/978/818
f 673/973/819 676/979/822 678/980/823 675/974/820
f 675/976/820 678/981/823 677/982/824 674/977/821
f 676/983/822 679/984/825 681/985/826 678/981/823
f 678/981/823 681/985/826 680/986/827 677/982/824
f 679/987/825 682/988/828 684/989/829 681/990/826
f 681/985/826 684/991/829 683/992/830 680/986/827
f 682/988/828 685/993/831 687/994/832 684/989/829
f 684/991/829 687/995/832 686/996/833 683/992/830
f 934/997/834 933/998/835 971/999/836 972/1000/837 914/1001/838
f 685/993/831 688/1002/839 690/1003/840 687/994/832
f 688/1002/839 691/1004/841 693/1005/842 690/1003/840
f 690/1006/840 693/1007/842 692/1008/843 689/1009/844
f 691/1010/841 694/1011/845 696/1012/846 693/1007/842
f 693/1007/842 696/1012/846 695/1013/847 692/1008/843
f 930/1014/848 913/1015/849 968/1016/850 969/1017/851 931/1018/852
f 694/1019/845 697/1020/853 699/1021/854 696/1022/846
f 697/1020/853 700/1023/855 702/1024/856 699/1021/854
f 699/1025/854 702/1026/856 701/1027/857 698/1028/858
f 700/1023/855 703/1029/859 705/1030/860 702/1024/856
f 703/1029/859 706/1031/861 708/1032/862 705/1030/860
f 705/1033/860 708/1034/862 707/1035/863 704/1036/864
f 706/1037/861 709/1038/865 711/1039/866 708/1034/862
f 708/1034/862 711/1039/866 710/1040/867 707/1035/863
f 709/1041/865 712/1042/868 714/1043/869 711/1044/866
f 711/1039/866 714/1045/869 713/1046/870 710/1040/867
f 712/1042/868 715/1047/871 717/1048/872 714/1043/869
f 714/1045/869 717/1049/872 716/1050/873 713/1046/870
f 715/1047/871 719/957/808 720/956/806 717/1048/872
f 717/1051/872 720/953/806 718/952/805 716/1052/873
f 722/1053/874 778/1054/875 780/1055/876 723/1056/877
f 723/1057/877 780/1058/876 779/1059/878 721/1060/879
f 721/1060/879 724/1061/880 726/1062/881 723/1057/877
f 723/1057/877 726/1062/881 725/1063/882 722/1064/874
f 724/1061/880 727/1065/883 729/1066/884 726/1062/881
f 726/1067/881 729/1068/884 728/1069/885 725/1070/882
f 727/1065/883 730/1071/886 732/1072/887 729/1066/884
f 729/1068/884 732/1073/887 731/1074/888 728/1069/885
f 730/1075/886 733/1076/889 735/1077/890 732/1078/887
f 732/1073/887 735/1079/890 734/1080/891 731/1074/888
f 733/1076/889 736/1081/892 738/1082/893 735/1077/890
f 735/1079/890 738/1083/893 737/1084/894 734/1080/891
f 736/1081/892 739/1085/895 741/1086/896 738/1082/893
f 738/1082/893 741/1086/896 740/1087/897 737/1088/894
f 739/1085/895 742/1089/898 744/1090/899 741/1086/896
f 741/1091/896 744/1092/899 743/1093/900 740/1094/897
f 742/1089/898 745/1095/901 747/1096/902 744/1090/899
f 744/1092/899 747/1097/902 746/1098/903 743/1093/900
f 687/1099/832 690/1006/840 689/1009/844 686/1100/833
f 745/1101/901 748/1102/904 750/1103/905 747/1104/902
f 748/1102/904 751/1105/906 753/1106/907 750/1103/905
f 750/1107/905 753/1108/907 752/1109/908 749/1110/909
f 751/1105/906 754/1111/910 756/1112/911 753/1106/907
f 753/1106/907 756/1112/911 755/1113/912 752/1114/908
f 696/1012/846 699/1025/854 698/1028/858 695/1013/847
f 754/1111/910 757/1115/913 759/1116/914 756/1112/911
f 757/1115/913 760/1117/915 762/1118/916 759/1116/914
f 759/1119/914 762/1120/916 761/1121/917 758/1122/918
f 702/1123/856 705/1033/860 704/1036/864 701/1124/857
f 760/1125/915 763/1126/919 765/1127/920 762/1128/916
f 763/1126/919 766/1129/921 768/1130/922 765/1127/920
f 765/1131/920 768/1132/922 767/1133/923 764/1134/924
f 766/1129/921 769/1135/925 771/1136/926 768/1130/922
f 768/1130/922 771/1136/926 770/1137/927 767/1138/923
f 769/1135/925 772/1139/928 774/1140/929 771/1136/926
f 771/1141/926 774/1142/929 773/1143/930 770/1144/927
f 772/1139/928 775/1145/931 777/1146/932 774/1140/929
f 774/1142/929 777/1147/932 776/1148/933 773/1143/930
f 775/1149/931 779/1059/878 780/1058/876 777/1150/932
f 777/1147/932 780/1055/876 778/1054/875 776/1148/933
f 1224/1151/934 724/1061/880 721/1060/879 1222/1152/935
f 1222/1152/935 721/1060/879 779/1059/878 1223/1153/936
f 725/1070/882 664/963/810 661/958/809 722/1053/874
f 722/1053/874 661/958/809 719/957/808 778/1054/875
f 1225/1154/937 727/1065/883 724/1061/880 1224/1151/934
f 728/1069/885 667/964/813 664/963/810 725/1070/882
f 1226/1155/938 730/1071/886 727/1065/883 1225/1154/937
f 731/1074/888 670/969/816 667/964/813 728/1069/885
f 1227/1156/939 733/1076/889 730/1075/886 1226/1157/938
f 734/1080/891 673/973/819 670/969/816 731/1074/888
f 1228/1158/940 736/1081/892 733/1076/889 1227/1156/939
f 737/1084/894 676/979/822 673/973/819 734/1080/891
f 1229/1159/941 739/1085/895 736/1081/892 1228/1158/940
f 740/1094/897 679/987/825 676/979/822 737/1084/894
f 1230/1160/942 742/1089/898 739/1085/895 1229/1159/941
f 743/1093/900 682/988/828 679/987/825 740/1094/897
f 1231/1161/943 745/1095/901 742/1089/898 1230/1160/942
f 746/1098/903 685/993/831 682/988/828 743/1093/900
f 747/1097/902 750/1107/905 749/1110/909 746/1098/903
f 1232/1162/944 748/1102/904 745/1101/901 1231/1163/943
f 1233/1164/945 751/1105/906 748/1102/904 1232/1162/944
f 752/1109/908 691/1004/841 688/1002/839 749/1110/909
f 1234/1165/946 754/1111/910 751/1105/906 1233/1164/945
f 755/1166/912 694/1019/845 691/1004/841 752/1109/908
f 756/1167/911 759/1119/914 758/1122/918 755/1166/912
f 1235/1168/947 757/1115/913 754/1111/910 1234/1165/946
f 1236/1169/948 760/1117/915 757/1115/913 1235/1168/947
f 761/1121/917 700/1023/855 697/1020/853 758/1122/918
f 762/1120/916 765/1131/920 764/1134/924 761/1121/917
f 1237/1170/949 763/1126/919 760/1125/915 1236/1171/948
f 1238/1172/950 766/1129/921 763/1126/919 1237/1170/949
f 767/1133/923 706/1031/861 703/1029/859 764/1134/924
f 1239/1173/951 769/1135/925 766/1129/921 1238/1172/950
f 770/1144/927 709/1041/865 706/1031/861 767/1133/923
f 1240/1174/952 772/1139/928 769/1135/925 1239/1173/951
f 773/1143/930 712/1042/868 709/1041/865 770/1144/927
f 1241/1175/953 775/1145/931 772/1139/928 1240/1174/952
f 776/1148/933 715/1047/871 712/1042/868 773/1143/930
f 1223/1153/936 779/1059/878 775/1149/931 1241/1176/953
f 778/1054/875 719/957/808 715/1047/871 776/1148/933
f 798/1177/954 781/1178/955 67/21/15 64/17/11
f 782/204/183 797/1179/956 112/93/83 109/89/79
f 787/1180/957 796/192/172 73/30/23 70/29/19
f 797/1179/956 786/1181/958 115/97/87 112/93/83
f 799/1182/959 798/1177/954 64/17/11 61/16/10
f 786/1183/958 800/1184/960 119/15/9 115/101/87
f 800/1184/960 799/1182/959 61/16/10 119/15/9
f 781/1178/955 787/1185/957 70/25/19 67/21/15
f 839/1186/956 841/1187/958 786/1181/958 797/1179/956
f 841/1188/958 803/1189/961 800/1184/960 786/1183/958
f 764/1134/924 703/1029/859 700/1023/855 761/1121/917
f 811/1190/962 787/1185/957 781/1178/955 809/1191/963
f 626/869/733 654/937/793 653/938/788 624/865/729
f 813/1192/964 796/192/172 787/1180/957 811/1193/962
f 809/1191/963 781/1178/955 798/1177/954 807/1194/965
f 651/911/787 1206/910/786 1190/907/783 650/906/782
f 819/1195/174 793/194/174 794/193/173 817/1196/966
f 831/1197/967 785/199/179 788/200/180 829/1198/968
f 827/1199/969 789/198/178 790/196/176 825/1200/970
f 807/1194/965 798/1177/954 799/1182/959 805/1201/971
f 821/1202/972 792/195/175 793/194/174 819/1195/174
f 805/1201/971 799/1182/959 800/1184/960 803/1189/961
f 817/1196/966 794/193/173 795/191/171 815/1203/973
f 837/1204/183 782/204/183 783/203/182 835/1205/182
f 815/1203/973 795/191/171 796/192/172 813/1192/964
f 825/1200/970 790/196/176 791/197/177 823/1206/974
f 835/1205/182 783/203/182 784/201/181 833/1207/975
f 833/1207/975 784/201/181 785/202/179 831/1208/967
f 839/1186/956 797/1179/956 782/204/183 837/1204/183
f 1129/1209/956 838/1210/956 836/1211/183 1128/1212/183
f 1126/1213/975 832/1214/975 830/1215/967 1125/1216/976
f 1127/1217/182 834/1218/182 832/1214/975 1126/1213/975
f 1122/1219/970 824/1220/977 822/1221/177 1121/1222/978
f 1117/1223/973 814/1224/973 812/1225/979 1116/1226/980
f 1128/1212/183 836/1211/183 834/1218/182 1127/1217/182
f 1118/1227/966 816/1228/966 814/1224/973 1117/1223/973
f 1112/1229/981 804/1230/981 802/1231/982 1111/1232/982
f 1120/1233/983 820/1234/175 818/1235/174 1119/1236/174
f 1113/1237/965 806/1238/965 804/1230/981 1112/1229/981
f 1123/1239/984 826/1240/985 824/1220/977 1122/1219/970
f 1125/1241/976 830/1242/967 828/1243/986 1124/1244/987
f 1119/1236/174 818/1235/174 816/1228/966 1118/1227/966
f 749/1110/909 688/1002/839 685/993/831 746/1098/903
f 1114/1245/988 808/1246/988 806/1238/965 1113/1237/965
f 1116/1226/980 812/1225/979 810/1247/989 1115/1248/989
f 758/1122/918 697/1020/853 694/1019/845 755/1166/912
f 1115/1249/989 810/1250/989 808/1246/988 1114/1245/988
f 1147/1251/990 1111/1232/982 802/1231/982 840/1252/991 801/1253/990
f 1129/1209/956 1147/1254/990 801/1255/990 840/1256/991 838/1210/956
f 620/863/727 651/940/787 650/1257/782 618/887/723
f 946/1258/183 927/1259/182 834/1218/182 836/1211/183
f 927/1259/182 928/1260/975 832/1214/975 834/1218/182
f 928/1260/975 929/1261/967 830/1215/967 832/1214/975
f 929/1262/967 930/1014/848 828/1243/986 830/1242/967
f 1124/1244/987 828/1243/986 826/1240/985 1123/1239/984
f 931/1018/852 932/1263/992 824/1220/977 826/1240/985
f 932/1263/992 933/998/835 822/1221/177 824/1220/977
f 1121/1222/978 822/1221/177 820/1264/175 1120/1265/983
f 934/1266/834 935/1267/174 818/1235/174 820/1234/175
f 935/1267/174 936/1268/966 816/1228/966 818/1235/174
f 936/1268/966 937/1269/973 814/1224/973 816/1228/966
f 937/1269/973 938/1270/979 812/1225/979 814/1224/973
f 938/1270/979 939/1271/993 810/1247/989 812/1225/979
f 939/1272/993 940/1273/988 808/1246/988 810/1250/989
f 940/1273/988 941/1274/965 806/1238/965 808/1246/988
f 941/1274/965 942/1275/981 804/1230/981 806/1238/965
f 942/1275/981 943/1276/994 802/1231/982 804/1230/981
f 943/1276/994 944/1277/991 840/1252/991 802/1231/982
f 944/1278/991 945/1279/956 838/1210/956 840/1256/991
f 945/1279/956 946/1258/183 836/1211/183 838/1210/956
f 823/1206/974 976/52/44 963/1280/995 825/1200/970
f 995/1281/956 857/1282/996 856/1283/997 994/1284/958
f 994/1285/958 856/1286/997 855/1287/998 993/1288/994
f 993/1288/994 855/1287/998 854/1289/999 992/1290/971
f 992/1290/971 854/1289/999 853/1291/1000 991/1292/965
f 991/1292/965 853/1291/1000 852/1293/1001 990/1294/1002
f 990/1294/1002 852/1293/1001 851/1295/1003 989/1296/962
f 989/1297/962 851/1298/1003 850/1299/1004 988/1300/964
f 988/1300/964 850/1299/1004 849/1301/1005 987/1302/973
f 987/1302/973 849/1301/1005 848/1303/1006 986/1304/966
f 986/1304/966 848/1303/1006 847/1305/1007 985/1306/174
f 985/1306/174 847/1305/1007 846/1307/1008 984/1308/1009
f 983/1309/1010 845/1310/1011 844/1311/1012 982/1312/967
f 982/1313/967 844/1314/1012 843/1315/1013 981/1316/975
f 981/1316/975 843/1315/1013 842/1317/1014 980/1318/182
f 892/1319/1015 876/1320/1016 875/1321/183 874/1322/1017
f 891/1323/1018 892/1319/1015 874/1322/1017 873/1324/1019
f 890/1325/1020 891/1326/1018 873/1327/1019 872/1328/1021
f 889/1329/1022 890/1325/1020 872/1328/1021 871/1330/981
f 888/1331/1023 889/1329/1022 871/1330/981 870/1332/1024
f 887/1333/1025 888/1331/1023 870/1332/1024 869/1334/1026
f 886/1335/1027 887/1333/1025 869/1334/1026 868/1336/962
f 885/1337/1028 886/1338/1027 868/1339/962 867/1340/979
f 884/1341/1029 885/1337/1028 867/1340/979 866/1342/1030
f 883/1343/1031 884/1341/1029 866/1342/1030 865/1344/1032
f 882/1345/1033 883/1343/1031 865/1344/1032 864/1346/1034
f 878/1347/1035 879/1348/1036 861/1349/1037 860/1350/1038
f 877/1351/1039 878/1347/1035 860/1350/1038 859/1352/1040
f 876/1320/1016 877/1351/1039 859/1352/1040 875/1321/183
f 858/1353/1041 842/1317/1014 877/1351/1039 876/1320/1016
f 842/1317/1014 843/1315/1013 878/1347/1035 877/1351/1039
f 843/1315/1013 844/1314/1012 879/1348/1036 878/1347/1035
f 844/1311/1012 845/1310/1011 880/1354/1042 879/1355/1036
f 846/1307/1008 847/1305/1007 882/1345/1033 881/1356/1043
f 847/1305/1007 848/1303/1006 883/1343/1031 882/1345/1033
f 848/1303/1006 849/1301/1005 884/1341/1029 883/1343/1031
f 849/1301/1005 850/1299/1004 885/1337/1028 884/1341/1029
f 850/1299/1004 851/1298/1003 886/1338/1027 885/1337/1028
f 851/1295/1003 852/1293/1001 887/1333/1025 886/1335/1027
f 852/1293/1001 853/1291/1000 888/1331/1023 887/1333/1025
f 853/1291/1000 854/1289/999 889/1329/1022 888/1331/1023
f 854/1289/999 855/1287/998 890/1325/1020 889/1329/1022
f 855/1287/998 856/1286/997 891/1326/1018 890/1325/1020
f 856/1283/997 857/1282/996 892/1319/1015 891/1323/1018
f 857/1282/996 858/1353/1041 876/1320/1016 892/1319/1015
f 874/1322/1017 875/1321/183 909/1357/1044 908/1358/1045
f 873/1324/1019 874/1322/1017 908/1358/1045 907/1359/1046
f 872/1328/1021 873/1327/1019 907/1360/1046 906/1361/1047
f 871/1330/981 872/1328/1021 906/1361/1047 905/1362/1048
f 870/1332/1024 871/1330/981 905/1362/1048 904/1363/1049
f 869/1334/1026 870/1332/1024 904/1363/1049 903/1364/1050
f 868/1336/962 869/1334/1026 903/1364/1050 902/1365/1051
f 867/1340/979 868/1339/962 902/1366/1051 901/1367/1052
f 866/1342/1030 867/1340/979 901/1367/1052 900/1368/1053
f 865/1344/1032 866/1342/1030 900/1368/1053 899/1369/1054
f 864/1346/1034 865/1344/1032 899/1369/1054 898/1370/1055
f 860/1350/1038 861/1349/1037 895/1371/1056 894/1372/1057
f 859/1352/1040 860/1350/1038 894/1372/1057 893/1373/1058
f 875/1321/183 859/1352/1040 893/1373/1058 909/1357/1044
f 908/1358/1045 909/1357/1044 926/1374/1059 925/1375/1060
f 907/1359/1046 908/1358/1045 925/1375/1060 924/1376/1061
f 906/1361/1047 907/1360/1046 924/1377/1061 923/1378/1062
f 905/1362/1048 906/1361/1047 923/1378/1062 922/1379/1048
f 904/1363/1049 905/1362/1048 922/1379/1048 921/1380/1063
f 903/1364/1050 904/1363/1049 921/1380/1063 920/1381/1064
f 902/1365/1051 903/1364/1050 920/1381/1064 919/1382/1065
f 901/1367/1052 902/1366/1051 919/1383/1065 918/1384/1066
f 900/1368/1053 901/1367/1052 918/1384/1066 917/1385/1067
f 899/1369/1054 900/1368/1053 917/1385/1067 916/1386/1068
f 898/1370/1055 899/1369/1054 916/1386/1068 915/1387/1069
f 897/1388/1070 898/1370/1055 915/1387/1069 914/1389/838
f 895/1390/1056 896/1391/1071 913/1015/849 912/1392/1072
f 894/1372/1057 895/1371/1056 912/1393/1072 911/1394/1073
f 893/1373/1058 894/1372/1057 911/1394/1073 910/1395/1074
f 909/1357/1044 893/1373/1058 910/1395/1074 926/1374/1059
f 969/1017/851 970/1396/1075 932/1263/992 931/1018/852
f 925/1375/1060 945/1279/956 944/1278/991 924/1376/1061
f 924/1377/1061 944/1277/991 943/1276/994 923/1378/1062
f 923/1378/1062 943/1276/994 942/1275/981 922/1379/1048
f 922/1379/1048 942/1275/981 941/1274/965 921/1380/1063
f 921/1380/1063 941/1274/965 940/1273/988 920/1381/1064
f 920/1381/1064 940/1273/988 939/1272/993 919/1382/1065
f 919/1383/1065 939/1271/993 938/1270/979 918/1384/1066
f 918/1384/1066 938/1270/979 937/1269/973 917/1385/1067
f 917/1385/1067 937/1269/973 936/1268/966 916/1386/1068
f 916/1386/1068 936/1268/966 935/1267/174 915/1387/1069
f 915/1387/1069 935/1267/174 934/1266/834 914/1389/838
f 913/1015/849 930/1014/848 929/1262/967 912/1392/1072
f 912/1393/1072 929/1261/967 928/1260/975 911/1394/1073
f 911/1394/1073 928/1260/975 927/1259/182 910/1395/1074
f 980/1318/182 842/1317/1014 858/1353/1041 979/1397/183
f 910/1395/1074 927/1259/182 946/1258/183 926/1374/1059
f 948/70/62 964/69/61 963/1280/995 947/1398/1076
f 964/69/61 965/68/60 845/1310/1011 983/1309/1010
f 950/1399/1077 966/1400/1078 965/68/60 949/67/59
f 951/1401/1079 862/1402/1080 966/1400/1078 950/1399/1077
f 952/1403/1081 967/1404/1082 862/1402/1080 951/1401/1079
f 953/1405/1083 968/1016/850 967/1404/1082 952/1403/1081
f 930/1014/848 931/1018/852 826/1240/985 828/1243/986
f 955/1406/1084 970/1396/1075 969/1017/851 954/1407/1085
f 956/1408/1086 971/999/836 970/1396/1075 955/1406/1084
f 933/998/835 934/997/834 820/1264/175 822/1221/177
f 958/1409/1087 973/1410/1088 972/1000/837 957/1411/1089
f 959/1412/1090 863/1413/1091 973/1410/1088 958/1409/1087
f 960/1414/1092 974/1415/1093 863/1413/1091 959/1412/1090
f 961/54/46 975/53/45 974/1415/1093 960/1414/1092
f 947/1398/1076 963/1280/995 976/52/44 962/51/43
f 913/1015/849 896/1391/1071 967/1404/1082 968/1016/850
f 880/1354/1042 845/1310/1011 965/68/60 966/1400/1078
f 984/1416/1009 976/52/44 823/1206/974 821/1417/972
f 823/1206/974 791/197/177 792/249/175 821/1417/972
f 963/1280/995 964/69/61 827/1199/969 825/1200/970
f 846/1418/1008 881/1419/1043 974/1415/1093 975/53/45
f 897/1420/1070 914/1001/838 972/1000/837 973/1410/1088
f 829/1198/968 788/200/180 789/198/178 827/1199/969
f 954/1407/1085 969/1017/851 968/1016/850 953/1405/1083
f 970/1396/1075 971/999/836 933/998/835 932/1263/992
f 861/1421/1037 879/1355/1036 880/1354/1042 978/1422/1094
f 978/1422/1094 862/1402/1080 967/1404/1082 896/1391/1071
f 864/1346/1034 898/1370/1055 897/1388/1070 977/1423/1095
f 863/1424/1091 974/1425/1093 881/1356/1043 977/1423/1095
f 882/1345/1033 864/1346/1034 977/1423/1095 881/1356/1043
f 973/1426/1088 863/1424/1091 977/1423/1095 897/1388/1070
f 880/1354/1042 966/1400/1078 862/1402/1080 978/1422/1094
f 895/1390/1056 861/1421/1037 978/1422/1094 896/1391/1071
f 926/1374/1059 946/1258/183 945/1279/956 925/1375/1060
f 979/1397/183 858/1353/1041 857/1282/996 995/1281/956
f 957/1411/1089 972/1000/837 971/999/836 956/1408/1086
f 837/1204/183 979/1397/183 995/1281/956 839/1186/956
f 835/1205/182 980/1318/182 979/1397/183 837/1204/183
f 833/1207/975 981/1316/975 980/1318/182 835/1205/182
f 831/1208/967 982/1313/967 981/1316/975 833/1207/975
f 829/1198/968 983/1309/1010 982/1312/967 831/1197/967
f 819/1195/174 985/1306/174 984/1308/1009 821/1202/972
f 817/1196/966 986/1304/966 985/1306/174 819/1195/174
f 815/1203/973 987/1302/973 986/1304/966 817/1196/966
f 813/1192/964 988/1300/964 987/1302/973 815/1203/973
f 811/1193/962 989/1297/962 988/1300/964 813/1192/964
f 809/1191/963 990/1294/1002 989/1296/962 811/1190/962
f 807/1194/965 991/1292/965 990/1294/1002 809/1191/963
f 805/1201/971 992/1290/971 991/1292/965 807/1194/965
f 803/1189/961 993/1288/994 992/1290/971 805/1201/971
f 841/1188/958 994/1285/958 993/1288/994 803/1189/961
f 839/1186/956 995/1281/956 994/1284/958 841/1187/958
f 827/1199/969 964/69/61 983/1309/1010 829/1198/968
f 846/1418/1008 975/53/45 976/52/44 984/1416/1009
f 1013/1427/43 1027/1428/1096 1026/1429/1097 1012/1430/46
f 1000/1431/59 1016/1432/1098 1015/1433/1099 999/1434/62
f 999/1434/62 1015/1433/1099 1014/1435/995 998/1436/1076
f 1001/1437/1077 1017/1438/1100 1016/1432/1098 1000/1431/59
f 1002/1439/1079 996/1440/1101 1017/1438/1100 1001/1437/1077
f 1003/1441/1081 1018/1442/1102 996/1440/1101 1002/1439/1079
f 1004/1443/1083 1019/1444/1103 1018/1442/1102 1003/1441/1081
f 1006/1445/1084 1021/1446/1104 1020/1447/1105 1005/1448/1085
f 1007/1449/1106 1022/1450/1107 1021/1446/1104 1006/1445/1084
f 1009/1451/1108 1024/1452/1109 1023/1453/1110 1008/1454/1089
f 1010/1455/1111 997/1456/1112 1024/1452/1109 1009/1451/1108
f 1011/1457/1092 1025/1458/1113 997/1456/1112 1010/1455/1111
f 1012/1430/46 1026/1429/1097 1025/1458/1113 1011/1457/1092
f 998/1436/1076 1014/1435/995 1027/1428/1096 1013/1427/43
f 1005/1448/1085 1020/1447/1105 1019/1444/1103 1004/1443/1083
f 1008/1454/1089 1023/1453/1110 1022/1450/1107 1007/1449/1106
f 1048/1459/989 1032/1460/989 1031/1461/1114 1047/1462/1114
f 1049/1463/980 1033/1464/980 1032/1465/989 1048/1466/989
f 1047/1462/1114 1031/1461/1114 1030/1467/965 1046/1468/965
f 1052/1469/174 1036/1470/174 1035/1471/966 1051/1472/966
f 1055/1473/976 1039/1474/976 1038/1475/1115 1054/1476/1116
f 1046/1468/965 1030/1467/965 1029/1477/981 1045/1478/981
f 1053/1479/1117 1037/1480/1118 1036/1470/174 1052/1469/174
f 1045/1478/981 1029/1477/981 1028/1481/994 1044/1482/994
f 1051/1472/966 1035/1471/966 1034/1483/973 1050/1484/973
f 1058/1485/183 1042/1486/183 1041/1487/182 1057/1488/182
f 1050/1484/973 1034/1483/973 1033/1464/980 1049/1463/980
f 1057/1488/182 1041/1487/182 1040/1489/975 1056/1490/975
f 1056/1490/975 1040/1489/975 1039/1491/976 1055/1492/976
f 1059/1493/956 1043/1494/956 1042/1486/183 1058/1485/183
f 1075/1495/956 1059/1493/956 1058/1485/183 1074/1496/183
f 1072/1497/975 1056/1490/975 1055/1492/976 1071/1498/976
f 1073/1499/182 1057/1488/182 1056/1490/975 1072/1497/975
f 1066/1500/973 1050/1484/973 1049/1463/980 1065/1501/980
f 1074/1496/183 1058/1485/183 1057/1488/182 1073/1499/182
f 1067/1502/966 1051/1472/966 1050/1484/973 1066/1500/973
f 1061/1503/981 1045/1478/981 1044/1482/994 1060/1504/994
f 1069/1505/1119 1053/1479/1117 1052/1469/174 1068/1506/174
f 1062/1507/965 1046/1468/965 1045/1478/981 1061/1503/981
f 1071/1508/976 1055/1473/976 1054/1476/1116 1070/1509/1120
f 1068/1506/174 1052/1469/174 1051/1472/966 1067/1502/966
f 1063/1510/1114 1047/1462/1114 1046/1468/965 1062/1507/965
f 1065/1501/980 1049/1463/980 1048/1466/989 1064/1511/989
f 1064/1512/989 1048/1459/989 1047/1462/1114 1063/1510/1114
f 1080/1513/989 1064/1512/989 1063/1510/1114 1079/1514/1114
f 1081/1515/980 1065/1501/980 1064/1511/989 1080/1516/989
f 1079/1514/1114 1063/1510/1114 1062/1507/965 1078/1517/965
f 1084/1518/174 1068/1506/174 1067/1502/966 1083/1519/966
f 1087/1520/976 1071/1508/976 1070/1509/1120 1086/1521/1121
f 1078/1517/965 1062/1507/965 1061/1503/981 1077/1522/981
f 1085/1523/1122 1069/1505/1119 1068/1506/174 1084/1518/174
f 1077/1522/981 1061/1503/981 1060/1504/994 1076/1524/994
f 1083/1519/966 1067/1502/966 1066/1500/973 1082/1525/973
f 1090/1526/183 1074/1496/183 1073/1499/182 1089/1527/182
f 1082/1525/973 1066/1500/973 1065/1501/980 1081/1515/980
f 1089/1527/182 1073/1499/182 1072/1497/975 1088/1528/975
f 1088/1528/975 1072/1497/975 1071/1498/976 1087/1529/976
f 1091/1530/956 1075/1495/956 1074/1496/183 1090/1526/183
f 1185/1531/956 1091/1530/956 1090/1526/183 1184/1532/183
f 1182/1533/975 1088/1528/975 1087/1529/976 1181/1534/976
f 1183/1535/182 1089/1527/182 1088/1528/975 1182/1533/975
f 1176/1536/973 1082/1525/973 1081/1515/980 1175/1537/980
f 1184/1532/183 1090/1526/183 1089/1527/182 1183/1535/182
f 1177/1538/966 1083/1519/966 1082/1525/973 1176/1536/973
f 1171/1539/981 1077/1522/981 1076/1524/994 1170/1540/994
f 1179/1541/1123 1085/1523/1122 1084/1518/174 1178/1542/174
f 1172/1543/965 1078/1517/965 1077/1522/981 1171/1539/981
f 1181/1544/976 1087/1520/976 1086/1521/1121 1180/1545/1124
f 1178/1542/174 1084/1518/174 1083/1519/966 1177/1538/966
f 1173/1546/1114 1079/1514/1114 1078/1517/965 1172/1543/965
f 1175/1537/980 1081/1515/980 1080/1516/989 1174/1547/989
f 1174/1548/989 1080/1513/989 1079/1514/1114 1173/1546/1114
f 689/1009/844 1102/1549/1125 1101/1550/1126 686/1100/833
f 698/1028/858 1105/1551/1127 1104/1552/1128 695/1013/847
f 671/972/818 1096/1553/989 1095/1554/1114 668/968/815
f 674/977/821 1097/1555/980 1096/1556/989 671/978/818
f 668/968/815 1095/1554/1114 1094/1557/965 665/962/812
f 683/992/830 1100/1558/174 1099/1559/966 680/986/827
f 701/1027/857 1106/1560/976 1105/1551/1127 698/1028/858
f 695/1013/847 1104/1552/1128 1103/1561/1129 692/1008/843
f 665/962/812 1094/1557/965 1093/1562/981 662/951/804
f 686/996/833 1101/1563/1126 1100/1558/174 683/992/830
f 662/951/804 1093/1562/981 1092/1564/994 718/952/805
f 680/986/827 1099/1559/966 1098/1565/973 677/982/824
f 710/1040/867 1109/1566/183 1108/1567/182 707/1035/863
f 677/982/824 1098/1565/973 1097/1555/980 674/977/821
f 692/1008/843 1103/1561/1129 1102/1549/1125 689/1009/844
f 707/1035/863 1108/1567/182 1107/1568/975 704/1036/864
f 704/1036/864 1107/1568/975 1106/1569/976 701/1124/857
f 713/1046/870 1110/1570/956 1109/1566/183 710/1040/867
f 1157/1571/989 1115/1249/989 1114/1245/988 1156/1572/1114
f 1158/1573/980 1116/1226/980 1115/1248/989 1157/1574/989
f 1156/1572/1114 1114/1245/988 1113/1237/965 1155/1575/965
f 1161/1576/174 1119/1236/174 1118/1227/966 1160/1577/966
f 1164/1578/976 1125/1241/976 1124/1244/987 1163/1579/1130
f 1155/1575/965 1113/1237/965 1112/1229/981 1154/1580/981
f 1162/1581/1131 1120/1233/983 1119/1236/174 1161/1576/174
f 1154/1580/981 1112/1229/981 1111/1232/982 1153/1582/982
f 1160/1577/966 1118/1227/966 1117/1223/973 1159/1583/973
f 1167/1584/183 1128/1212/183 1127/1217/182 1166/1585/182
f 1159/1583/973 1117/1223/973 1116/1226/980 1158/1573/980
f 1166/1585/182 1127/1217/182 1126/1213/975 1165/1586/975
f 1165/1586/975 1126/1213/975 1125/1216/976 1164/1587/976
f 1043/1494/956 1145/1588/956 1144/1589/183 1042/1486/183
f 1040/1489/975 1142/1590/975 1141/1591/976 1039/1491/976
f 1041/1487/182 1143/1592/182 1142/1590/975 1040/1489/975
f 1034/1483/973 1136/1593/973 1135/1594/980 1033/1464/980
f 1042/1486/183 1144/1589/183 1143/1592/182 1041/1487/182
f 1035/1471/966 1137/1595/966 1136/1593/973 1034/1483/973
f 1029/1477/981 1131/1596/981 1130/1597/994 1028/1481/994
f 1037/1480/1118 1139/1598/1132 1138/1599/174 1036/1470/174
f 1030/1467/965 1132/1600/965 1131/1596/981 1029/1477/981
f 1039/1474/976 1141/1601/976 1140/1602/1133 1038/1475/1115
f 1036/1470/174 1138/1599/174 1137/1595/966 1035/1471/966
f 1031/1461/1114 1133/1603/1114 1132/1600/965 1030/1467/965
f 1033/1464/980 1135/1594/980 1134/1604/989 1032/1465/989
f 1032/1460/989 1134/1605/989 1133/1603/1114 1031/1461/1114
f 1168/1606/956 1129/1209/956 1128/1212/183 1167/1584/183
f 1014/1435/995 1015/1433/1099 1123/1239/984 1122/1219/970
f 1015/1433/1099 1016/1432/1098 1140/1602/1133 1163/1579/1130
f 1016/1432/1098 1017/1438/1100 1038/1475/1115 1140/1602/1133
f 1017/1438/1100 996/1440/1101 1054/1476/1116 1038/1475/1115
f 996/1440/1101 1018/1442/1102 1070/1509/1120 1054/1476/1116
f 1018/1442/1102 1019/1444/1103 1086/1521/1121 1070/1509/1120
f 1020/1447/1105 1104/1552/1128 1105/1551/1127 1180/1545/1124
f 1021/1446/1104 1103/1561/1129 1104/1552/1128 1020/1447/1105
f 1022/1450/1107 1102/1549/1125 1103/1561/1129 1021/1446/1104
f 1022/1450/1107 1179/1607/1123 1101/1550/1126 1102/1549/1125
f 1024/1452/1109 1069/1608/1119 1085/1609/1122 1023/1453/1110
f 997/1456/1112 1053/1610/1117 1069/1608/1119 1024/1452/1109
f 1025/1458/1113 1037/1611/1118 1053/1610/1117 997/1456/1112
f 1026/1429/1097 1139/1612/1132 1037/1611/1118 1025/1458/1113
f 1027/1428/1096 1121/1222/978 1120/1265/983 1162/1613/1131
f 1027/1428/1096 1014/1435/995 1122/1219/970 1121/1222/978
f 1043/1494/956 1148/1614/990 1146/1615/990 1145/1588/956
f 1148/1616/990 1028/1481/994 1130/1597/994 1146/1617/990
f 1168/1606/956 1169/1618/990 1147/1254/990 1129/1209/956
f 1169/1619/990 1153/1582/982 1111/1232/982 1147/1251/990
f 1059/1493/956 1149/1620/990 1148/1614/990 1043/1494/956
f 1149/1621/990 1044/1482/994 1028/1481/994 1148/1616/990
f 1075/1495/956 1150/1622/990 1149/1620/990 1059/1493/956
f 1150/1623/990 1060/1504/994 1044/1482/994 1149/1621/990
f 1091/1530/956 1151/1624/990 1150/1622/990 1075/1495/956
f 1151/1625/990 1076/1524/994 1060/1504/994 1150/1623/990
f 1185/1531/956 1186/1626/990 1151/1624/990 1091/1530/956
f 1186/1627/990 1170/1540/994 1076/1524/994 1151/1625/990
f 713/1046/870 716/1050/873 1152/1628/990 1110/1570/956
f 716/1052/873 718/952/805 1092/1564/994 1152/1629/990
f 1146/1617/990 1130/1597/994 1153/1582/982 1169/1619/990
f 1145/1588/956 1146/1615/990 1169/1618/990 1168/1606/956
f 1145/1588/956 1168/1606/956 1167/1584/183 1144/1589/183
f 1142/1590/975 1165/1586/975 1164/1587/976 1141/1591/976
f 1143/1592/182 1166/1585/182 1165/1586/975 1142/1590/975
f 1136/1593/973 1159/1583/973 1158/1573/980 1135/1594/980
f 1144/1589/183 1167/1584/183 1166/1585/182 1143/1592/182
f 1137/1595/966 1160/1577/966 1159/1583/973 1136/1593/973
f 1131/1596/981 1154/1580/981 1153/1582/982 1130/1597/994
f 1139/1598/1132 1162/1581/1131 1161/1576/174 1138/1599/174
f 1132/1600/965 1155/1575/965 1154/1580/981 1131/1596/981
f 1141/1601/976 1164/1578/976 1163/1579/1130 1140/1602/1133
f 1138/1599/174 1161/1576/174 1160/1577/966 1137/1595/966
f 1133/1603/1114 1156/1572/1114 1155/1575/965 1132/1600/965
f 1135/1594/980 1158/1573/980 1157/1574/989 1134/1604/989
f 1134/1605/989 1157/1571/989 1156/1572/1114 1133/1603/1114
f 1152/1629/990 1092/1564/994 1170/1540/994 1186/1627/990
f 1110/1570/956 1152/1628/990 1186/1626/990 1185/1531/956
f 1096/1553/989 1174/1548/989 1173/1546/1114 1095/1554/1114
f 1097/1555/980 1175/1537/980 1174/1547/989 1096/1556/989
f 1095/1554/1114 1173/1546/1114 1172/1543/965 1094/1557/965
f 1100/1558/174 1178/1542/174 1177/1538/966 1099/1559/966
f 1106/1560/976 1181/1544/976 1180/1545/1124 1105/1551/1127
f 1094/1557/965 1172/1543/965 1171/1539/981 1093/1562/981
f 1101/1563/1126 1179/1541/1123 1178/1542/174 1100/1558/174
f 1093/1562/981 1171/1539/981 1170/1540/994 1092/1564/994
f 1099/1559/966 1177/1538/966 1176/1536/973 1098/1565/973
f 1109/1566/183 1184/1532/183 1183/1535/182 1108/1567/182
f 1098/1565/973 1176/1536/973 1175/1537/980 1097/1555/980
f 1108/1567/182 1183/1535/182 1182/1533/975 1107/1568/975
f 1107/1568/975 1182/1533/975 1181/1534/976 1106/1569/976
f 1110/1570/956 1185/1531/956 1184/1532/183 1109/1566/183
f 1023/1453/1110 1085/1609/1122 1179/1607/1123 1022/1450/1107
f 1019/1444/1103 1020/1447/1105 1180/1545/1124 1086/1521/1121
f 1123/1239/984 1015/1433/1099 1163/1579/1130 1124/1244/987
f 1026/1429/1097 1027/1428/1096 1162/1613/1131 1139/1612/1132
f 4/1630/1134 3/1631/1135 1187/901/777 1188/903/779
f 5/1632/1136 4/1630/1134 1188/903/779 1189/905/781
f 6/1633/1137 5/1632/1136 1189/905/781 1190/907/783
f 51/4/1138 50/3/1139 1191/889/765 1192/895/771
f 54/1634/1140 53/1635/1141 1193/909/785 1194/913/789
f 57/1636/1142 56/1637/1143 1195/919/795 1196/921/797
f 58/1638/1144 57/1636/1142 1196/921/797 1197/923/799
f 59/1639/1145 58/1638/1144 1197/923/799 1198/925/801
f 3/1631/1135 52/1640/1146 1199/899/775 1187/901/777
f 52/1640/1146 2/1641/1147 1200/897/773 1199/899/775
f 9/1642/1148 59/1639/1145 1198/925/801 1201/927/803
f 2/1641/1147 51/4/1138 1192/895/771 1200/897/773
f 60/1643/1149 9/1642/1148 1201/927/803 1202/892/768
f 1/2/1150 60/1643/1149 1202/892/768 1203/890/766
f 50/3/1139 1/2/1150 1203/890/766 1191/889/765
f 56/1637/1143 8/1644/1151 1204/915/791 1195/919/795
f 8/1644/1151 55/1645/1152 1205/916/792 1204/915/791
f 53/1635/1141 7/1646/1153 1206/910/786 1193/909/785
f 55/1645/1152 54/1634/1140 1194/913/789 1205/916/792
f 7/1646/1153 6/1633/1137 1190/907/783 1206/910/786
f 1213/1647/1 1214/1648/1 52/1640/1 3/1631/1
f 1216/1649/1 9/1642/1 60/1643/1 1217/1650/1
f 1210/1651/1 1211/1652/1 1207/1653/1 1208/1654/1
f 1219/1655/1 1210/1651/1 1208/1654/1 1220/1656/1
f 1221/1657/1 1213/1647/1 3/1631/1 4/1630/1
f 1211/1652/1 1212/1658/1 1209/1659/1 1207/1653/1
f 1214/1648/1 1215/1660/1 2/1641/1 52/1640/1
f 56/1637/1 57/1636/1 1212/1658/1 1211/1652/1
f 8/1644/1 56/1637/1 1211/1652/1 1210/1651/1
f 55/1645/1 8/1644/1 1210/1651/1 1219/1655/1
f 58/1638/1 59/1639/1 9/1642/1 1216/1649/1
f 1207/1653/1 1209/1659/1 1215/1660/1 1214/1648/1
f 1208/1654/1 1207/1653/1 1214/1648/1 1213/1647/1
f 1220/1656/1 1208/1654/1 1213/1647/1 1221/1657/1
f 1217/1650/1 60/1643/1 1/2/1 1218/1/1
f 1209/1659/1 1217/1650/1 1218/1/1 1215/1660/1
f 1212/1658/1 1216/1649/1 1217/1650/1 1209/1659/1
f 57/1636/1 58/1638/1 1216/1649/1 1212/1658/1
f 1215/1660/1 1218/1/1 51/4/1 2/1641/1
f 7/1646/1 1220/1656/1 1221/1657/1 6/1633/1
f 53/1635/1 1219/1655/1 1220/1656/1 7/1646/1
f 54/1634/1 55/1645/1 1219/1655/1 53/1635/1
f 6/1633/1 1221/1657/1 4/1630/1 5/1632/1
f 29/1661/2 10/1662/2 1222/1663/2 1223/1664/2
f 10/1662/2 11/1665/2 1224/1666/2 1222/1663/2
f 11/1665/2 12/1667/2 1225/1668/2 1224/1666/2
f 12/1667/2 13/1669/2 1226/1670/2 1225/1668/2
f 13/1669/2 14/1671/2 1227/1672/2 1226/1670/2
f 14/1671/2 15/1673/2 1228/1674/2 1227/1672/2
f 15/1673/2 16/1675/2 1229/1676/2 1228/1674/2
f 16/1675/2 17/1677/2 1230/1678/2 1229/1676/2
f 17/1677/2 18/1679/2 1231/1680/2 1230/1678/2
f 19/1681/2 20/1682/2 1233/1683/2 1232/1684/2
f 20/1682/2 21/1685/2 1234/1686/2 1233/1683/2
f 22/8/2 23/7/2 1236/1687/2 1235/1688/2
f 24/6/2 25/1689/2 1238/1690/2 1237/1691/2
f 25/1689/2 26/1692/2 1239/1693/2 1238/1690/2
f 26/1692/2 27/1694/2 1240/1695/2 1239/1693/2
f 27/1694/2 28/1696/2 1241/1697/2 1240/1695/2
f 28/1696/2 29/1661/2 1223/1664/2 1241/1697/2
f 23/7/2 24/6/2 1237/1691/2 1236/1687/2
f 18/1679/2 19/1681/2 1232/1684/2 1231/1680/2
f 21/1685/2 22/8/2 1235/1688/2 1234/1686/2
f 1247/1698/2 1246/1699/2 16/1675/2 15/1673/2
f 1256/1700/2 1255/1701/2 21/1685/2 20/1682/2
f 1250/1702/2 27/1694/2 26/1692/2 1249/1703/2
f 1251/1704/2 1250/1702/2 1243/1705/2 1252/1706/2
f 1253/1707/2 1247/1698/2 15/1673/2 14/1671/2
f 1249/1703/2 26/1692/2 25/1689/2 1248/1708/2
f 1246/1699/2 1242/1709/2 1244/1710/2 1245/1711/2
f 1243/1705/2 1242/1709/2 1246/1699/2 1247/1698/2
f 16/1675/2 1246/1699/2 1245/1711/2 17/1677/2
f 18/1679/2 1256/1700/2 20/1682/2 19/1681/2
f 1252/1706/2 1243/1705/2 1247/1698/2 1253/1707/2
f 1243/1705/2 1250/1702/2 1249/1703/2 1242/1709/2
f 1242/1709/2 1249/1703/2 1248/1708/2 1244/1710/2
f 1255/1701/2 1254/5/2 22/8/2 21/1685/2
f 28/1696/2 27/1694/2 1250/1702/2 1251/1704/2
f 11/1665/2 1252/1706/2 1253/1707/2 12/1667/2
f 10/1662/2 1251/1704/2 1252/1706/2 11/1665/2
f 29/1661/2 28/1696/2 1251/1704/2 10/1662/2
f 12/1667/2 1253/1707/2 14/1671/2 13/1669/2
f 1245/1711/2 1244/1710/2 1255/1701/2 1256/1700/2
f 1244/1710/2 1248/1708/2 1254/5/2 1255/1701/2
f 1248/1708/2 25/1689/2 24/6/2 1254/5/2
f 17/1677/2 1245/1711/2 1256/1700/2 18/1679/2
