# Blender 4.3.2
# www.blender.org
mtllib Barrel_nohandle.mtl
o Barrel
v 0.015922 -0.000126 -0.246577
v 0.063478 -0.000126 -0.241862
v 0.109208 -0.000126 -0.227900
v 0.151352 -0.000126 -0.205225
v 0.188292 -0.000126 -0.174711
v 0.218608 -0.000126 -0.137529
v 0.241134 -0.000126 -0.095109
v 0.255006 -0.000126 -0.049080
v 0.259690 -0.000126 -0.001212
v 0.255006 -0.000126 0.046656
v 0.241134 -0.000126 0.092685
v 0.218608 -0.000126 0.135105
v 0.188292 -0.000126 0.172287
v 0.151352 -0.000126 0.202801
v 0.109208 -0.000126 0.225475
v 0.063478 -0.000126 0.239438
v 0.015922 -0.000126 0.244153
v -0.031635 -0.000126 0.239438
v -0.077365 -0.000126 0.225475
v -0.119509 -0.000126 0.202801
v -0.156449 -0.000126 0.172287
v -0.186765 -0.000126 0.135105
v -0.209291 -0.000126 0.092685
v -0.223163 -0.000126 0.046656
v -0.227847 -0.000126 -0.001212
v -0.223163 -0.000126 -0.049080
v -0.209291 -0.000126 -0.095109
v -0.186765 -0.000126 -0.137529
v -0.156449 -0.000126 -0.174711
v -0.119509 -0.000126 -0.205225
v -0.077365 -0.000126 -0.227900
v -0.031635 -0.000126 -0.241862
v 0.015922 0.765554 -0.249349
v 0.064016 0.765554 -0.244581
v 0.110262 0.765554 -0.230461
v 0.152883 0.765554 -0.207530
v 0.190240 0.765554 -0.176672
v 0.220898 0.765554 -0.139070
v 0.243679 0.765554 -0.096170
v 0.257708 0.765554 -0.049621
v 0.262445 0.765554 -0.001212
v 0.257708 0.765554 0.047197
v 0.243679 0.765554 0.093746
v 0.220898 0.765554 0.136645
v 0.190240 0.765554 0.174247
v 0.152883 0.765554 0.205106
v 0.110262 0.765554 0.228037
v 0.064016 0.765554 0.242157
v 0.015922 0.765554 0.246925
v -0.032173 0.765554 0.242157
v -0.078419 0.765554 0.228037
v -0.121039 0.765554 0.205106
v -0.158397 0.765554 0.174247
v -0.189055 0.765554 0.136645
v -0.211836 0.765554 0.093746
v -0.225865 0.765554 0.047197
v -0.230602 0.765554 -0.001212
v -0.225865 0.765554 -0.049621
v -0.211836 0.765554 -0.096170
v -0.189055 0.765554 -0.139070
v -0.158397 0.765554 -0.176672
v -0.121039 0.765554 -0.207530
v -0.078419 0.765554 -0.230461
v -0.032173 0.765554 -0.244581
v 0.063478 0.030947 -0.241862
v 0.109208 0.030947 -0.227900
v 0.151352 0.030947 -0.205225
v 0.188292 0.030947 -0.174711
v 0.218608 0.030947 -0.137529
v 0.241134 0.030947 -0.095109
v 0.255006 0.030947 -0.049080
v 0.259690 0.030947 -0.001212
v 0.255006 0.030947 0.046656
v 0.241134 0.030947 0.092685
v 0.218608 0.030947 0.135105
v 0.188292 0.030947 0.172287
v 0.151352 0.030947 0.202801
v 0.109208 0.030947 0.225475
v 0.063478 0.030947 0.239438
v 0.015922 0.030947 0.244153
v -0.031635 0.030947 0.239438
v -0.077365 0.030947 0.225475
v -0.119509 0.030947 0.202801
v -0.156449 0.030947 0.172287
v -0.186765 0.030947 0.135105
v -0.209291 0.030947 0.092685
v -0.223163 0.030947 0.046656
v -0.227847 0.030947 -0.001212
v -0.223163 0.030947 -0.049080
v -0.209291 0.030947 -0.095109
v -0.186765 0.030947 -0.137529
v -0.156449 0.030947 -0.174711
v -0.119509 0.030947 -0.205225
v -0.077365 0.030947 -0.227900
v -0.031635 0.030947 -0.241862
v 0.015922 0.030947 -0.246577
v 0.015922 0.269546 -0.235880
v 0.015922 0.286872 -0.235880
v 0.015922 0.516254 -0.235880
v 0.015922 0.533580 -0.235880
v 0.061405 0.533580 -0.231370
v 0.061405 0.516254 -0.231370
v 0.061405 0.286872 -0.231370
v 0.061405 0.269546 -0.231370
v 0.105141 0.533580 -0.218017
v 0.105141 0.516254 -0.218017
v 0.105141 0.286872 -0.218017
v 0.105141 0.269546 -0.218017
v 0.145448 0.533580 -0.196331
v 0.145448 0.516254 -0.196331
v 0.145448 0.286872 -0.196331
v 0.145448 0.269546 -0.196331
v 0.180777 0.533580 -0.167147
v 0.180777 0.516254 -0.167147
v 0.180777 0.286872 -0.167147
v 0.180777 0.269546 -0.167147
v 0.209772 0.533580 -0.131587
v 0.209772 0.516254 -0.131587
v 0.209772 0.286872 -0.131587
v 0.209772 0.269546 -0.131587
v 0.231316 0.533580 -0.091015
v 0.231316 0.516254 -0.091015
v 0.231316 0.286872 -0.091015
v 0.231316 0.269546 -0.091015
v 0.244583 0.533580 -0.046994
v 0.244583 0.516254 -0.046994
v 0.244583 0.286872 -0.046994
v 0.244583 0.269546 -0.046994
v 0.249063 0.533580 -0.001212
v 0.249063 0.516254 -0.001212
v 0.249063 0.286872 -0.001212
v 0.249063 0.269546 -0.001212
v 0.244583 0.533580 0.044569
v 0.244583 0.516254 0.044569
v 0.244583 0.286872 0.044569
v 0.244583 0.269546 0.044569
v 0.231316 0.533580 0.088591
v 0.231316 0.516254 0.088591
v 0.231316 0.286872 0.088591
v 0.231316 0.269546 0.088591
v 0.209772 0.533580 0.129162
v 0.209772 0.516254 0.129162
v 0.209772 0.286872 0.129162
v 0.209772 0.269546 0.129162
v 0.180777 0.533580 0.164723
v 0.180777 0.516254 0.164723
v 0.180777 0.286872 0.164723
v 0.180777 0.269546 0.164723
v 0.145448 0.533580 0.193907
v 0.145448 0.516254 0.193907
v 0.145448 0.286872 0.193907
v 0.145448 0.269546 0.193907
v 0.105141 0.533580 0.215592
v 0.105141 0.516254 0.215592
v 0.105141 0.286872 0.215592
v 0.105141 0.269546 0.215592
v 0.061405 0.533580 0.228946
v 0.061405 0.516254 0.228946
v 0.061405 0.286872 0.228946
v 0.061405 0.269546 0.228946
v 0.015922 0.533580 0.233456
v 0.015922 0.516254 0.233456
v 0.015922 0.286872 0.233456
v 0.015922 0.269546 0.233456
v -0.029562 0.533580 0.228946
v -0.029562 0.516254 0.228946
v -0.029562 0.286872 0.228946
v -0.029562 0.269546 0.228946
v -0.073298 0.533580 0.215592
v -0.073298 0.516254 0.215592
v -0.073298 0.286872 0.215592
v -0.073298 0.269546 0.215592
v -0.113605 0.533580 0.193907
v -0.113605 0.516254 0.193907
v -0.113605 0.286872 0.193907
v -0.113605 0.269546 0.193907
v -0.148934 0.533580 0.164723
v -0.148934 0.516254 0.164723
v -0.148934 0.286872 0.164723
v -0.148934 0.269546 0.164723
v -0.177928 0.533580 0.129162
v -0.177928 0.516254 0.129162
v -0.177928 0.286872 0.129162
v -0.177928 0.269546 0.129162
v -0.199473 0.533580 0.088591
v -0.199473 0.516254 0.088591
v -0.199473 0.286872 0.088591
v -0.199473 0.269546 0.088591
v -0.212740 0.533580 0.044569
v -0.212740 0.516254 0.044569
v -0.212740 0.286872 0.044569
v -0.212740 0.269546 0.044569
v -0.217220 0.533580 -0.001212
v -0.217220 0.516254 -0.001212
v -0.217220 0.286872 -0.001212
v -0.217220 0.269546 -0.001212
v -0.212740 0.533580 -0.046994
v -0.212740 0.516254 -0.046994
v -0.212740 0.286872 -0.046994
v -0.212740 0.269546 -0.046994
v -0.199473 0.533580 -0.091015
v -0.199473 0.516254 -0.091015
v -0.199473 0.286872 -0.091015
v -0.199473 0.269546 -0.091015
v -0.177928 0.533580 -0.131587
v -0.177928 0.516254 -0.131587
v -0.177928 0.286872 -0.131587
v -0.177928 0.269546 -0.131587
v -0.148934 0.533580 -0.167147
v -0.148934 0.516254 -0.167147
v -0.148934 0.286872 -0.167147
v -0.148934 0.269546 -0.167147
v -0.113605 0.533580 -0.196331
v -0.113605 0.516254 -0.196331
v -0.113605 0.286872 -0.196331
v -0.113605 0.269546 -0.196331
v -0.073298 0.533580 -0.218017
v -0.073298 0.516254 -0.218017
v -0.073298 0.286872 -0.218017
v -0.073298 0.269546 -0.218017
v -0.029562 0.533580 -0.231370
v -0.029562 0.516254 -0.231370
v -0.029562 0.286872 -0.231370
v -0.029562 0.269546 -0.231370
v -0.030252 0.529644 -0.234861
v -0.030272 0.520645 -0.234963
v -0.030489 0.527617 -0.236059
v -0.030575 0.525195 -0.236499
v -0.030499 0.522747 -0.236114
v -0.074690 0.520645 -0.221400
v -0.074651 0.529644 -0.221304
v -0.075136 0.522747 -0.222485
v -0.075286 0.525195 -0.222847
v -0.075115 0.527617 -0.222433
v -0.115569 0.529644 -0.199290
v -0.115626 0.520645 -0.199377
v -0.116243 0.527617 -0.200305
v -0.116491 0.525195 -0.200678
v -0.116274 0.522747 -0.200352
v -0.151507 0.520645 -0.169737
v -0.151434 0.529644 -0.169663
v -0.152332 0.522747 -0.170567
v -0.152607 0.525195 -0.170845
v -0.152292 0.527617 -0.170527
v -0.180868 0.529644 -0.133564
v -0.180954 0.520645 -0.133621
v -0.181877 0.527617 -0.134242
v -0.182248 0.525195 -0.134491
v -0.181923 0.522747 -0.134274
v -0.202739 0.529644 -0.092377
v -0.202835 0.520645 -0.092417
v -0.203860 0.527617 -0.092844
v -0.204272 0.525195 -0.093017
v -0.203912 0.522747 -0.092866
v -0.216309 0.520645 -0.047708
v -0.216207 0.529644 -0.047688
v -0.217453 0.522747 -0.047937
v -0.217835 0.525195 -0.048014
v -0.217398 0.527617 -0.047926
v -0.220755 0.529644 -0.001212
v -0.220859 0.520645 -0.001212
v -0.221969 0.527617 -0.001212
v -0.222414 0.525195 -0.001212
v -0.222025 0.522747 -0.001212
v -0.216309 0.520645 0.045284
v -0.216207 0.529644 0.045263
v -0.217453 0.522747 0.045513
v -0.217835 0.525195 0.045589
v -0.217398 0.527617 0.045502
v -0.202739 0.529644 0.089953
v -0.202835 0.520645 0.089993
v -0.203860 0.527617 0.090420
v -0.204272 0.525195 0.090592
v -0.203912 0.522747 0.090442
v -0.180868 0.529644 0.131139
v -0.180954 0.520645 0.131197
v -0.181877 0.527617 0.131818
v -0.182248 0.525195 0.132067
v -0.181923 0.522747 0.131849
v -0.151507 0.520645 0.167313
v -0.151434 0.529644 0.167239
v -0.152332 0.522747 0.168143
v -0.152607 0.525195 0.168420
v -0.152292 0.527617 0.168103
v -0.115569 0.529644 0.196866
v -0.115626 0.520645 0.196952
v -0.116243 0.527617 0.197881
v -0.116491 0.525195 0.198254
v -0.116274 0.522747 0.197928
v -0.074690 0.520645 0.218976
v -0.074651 0.529644 0.218880
v -0.075136 0.522747 0.220061
v -0.075286 0.525195 0.220423
v -0.075115 0.527617 0.220008
v -0.030252 0.529644 0.232437
v -0.030272 0.520645 0.232539
v -0.030489 0.527617 0.233634
v -0.030575 0.525195 0.234075
v -0.030499 0.522747 0.233690
v 0.015922 0.529644 0.237014
v 0.015922 0.520645 0.237118
v 0.015922 0.527617 0.238235
v 0.015922 0.525195 0.238684
v 0.015922 0.522747 0.238292
v 0.062115 0.520645 0.232539
v 0.062095 0.529644 0.232437
v 0.062343 0.522747 0.233690
v 0.062419 0.525195 0.234075
v 0.062332 0.527617 0.233634
v 0.106494 0.529644 0.218880
v 0.106533 0.520645 0.218976
v 0.106958 0.527617 0.220008
v 0.107129 0.525195 0.220423
v 0.106980 0.522747 0.220061
v 0.147470 0.520645 0.196952
v 0.147412 0.529644 0.196866
v 0.148117 0.522747 0.197928
v 0.148334 0.525195 0.198254
v 0.148086 0.527617 0.197881
v 0.183277 0.529644 0.167239
v 0.183350 0.520645 0.167313
v 0.184135 0.527617 0.168103
v 0.184451 0.525195 0.168420
v 0.184175 0.522747 0.168143
v 0.212711 0.529644 0.131139
v 0.212797 0.520645 0.131197
v 0.213720 0.527617 0.131818
v 0.214091 0.525195 0.132067
v 0.213767 0.522747 0.131849
v 0.234678 0.520645 0.089993
v 0.234582 0.529644 0.089953
v 0.235755 0.522747 0.090442
v 0.236115 0.525195 0.090592
v 0.235703 0.527617 0.090420
v 0.248051 0.529644 0.045263
v 0.248152 0.520645 0.045284
v 0.249241 0.527617 0.045502
v 0.249678 0.525195 0.045589
v 0.249296 0.522747 0.045513
v 0.252702 0.520645 -0.001212
v 0.252598 0.529644 -0.001212
v 0.253868 0.522747 -0.001212
v 0.254258 0.525195 -0.001212
v 0.253812 0.527617 -0.001212
v 0.248051 0.529644 -0.047688
v 0.248152 0.520645 -0.047708
v 0.249241 0.527617 -0.047926
v 0.249678 0.525195 -0.048014
v 0.249296 0.522747 -0.047937
v 0.234582 0.529644 -0.092377
v 0.234678 0.520645 -0.092417
v 0.235703 0.527617 -0.092844
v 0.236115 0.525195 -0.093017
v 0.235755 0.522747 -0.092866
v 0.212797 0.520645 -0.133621
v 0.212711 0.529644 -0.133564
v 0.213767 0.522747 -0.134274
v 0.214091 0.525195 -0.134491
v 0.213720 0.527617 -0.134242
v 0.183277 0.529644 -0.169663
v 0.183350 0.520645 -0.169737
v 0.184135 0.527617 -0.170527
v 0.184451 0.525195 -0.170845
v 0.184175 0.522747 -0.170567
v 0.147470 0.520645 -0.199377
v 0.147412 0.529644 -0.199290
v 0.148117 0.522747 -0.200352
v 0.148334 0.525195 -0.200678
v 0.148086 0.527617 -0.200305
v 0.106494 0.529644 -0.221304
v 0.106533 0.520645 -0.221400
v 0.106958 0.527617 -0.222433
v 0.107129 0.525195 -0.222847
v 0.106980 0.522747 -0.222485
v 0.062095 0.529644 -0.234861
v 0.062115 0.520645 -0.234963
v 0.062332 0.527617 -0.236059
v 0.062419 0.525195 -0.236499
v 0.062343 0.522747 -0.236114
v 0.015922 0.520645 -0.239542
v 0.015922 0.529644 -0.239438
v 0.015922 0.522747 -0.240716
v 0.015922 0.525195 -0.241108
v 0.015922 0.527617 -0.240660
v -0.030280 0.274130 -0.235005
v -0.030243 0.283118 -0.234819
v -0.030504 0.276260 -0.236137
v -0.030575 0.278716 -0.236499
v -0.030484 0.281124 -0.236036
v -0.074634 0.283118 -0.221265
v -0.074707 0.274130 -0.221440
v -0.075106 0.281124 -0.222411
v -0.075286 0.278716 -0.222847
v -0.075145 0.276260 -0.222506
v -0.115650 0.274130 -0.199412
v -0.115545 0.283118 -0.199254
v -0.116287 0.276260 -0.200372
v -0.116491 0.278716 -0.200678
v -0.116230 0.281124 -0.200286
v -0.151404 0.283118 -0.169633
v -0.151537 0.274130 -0.169767
v -0.152276 0.281124 -0.170511
v -0.152607 0.278716 -0.170845
v -0.152348 0.276260 -0.170583
v -0.180833 0.283118 -0.133540
v -0.180989 0.274130 -0.133645
v -0.181858 0.281124 -0.134229
v -0.182248 0.278716 -0.134491
v -0.181943 0.276260 -0.134286
v -0.202874 0.274130 -0.092433
v -0.202700 0.283118 -0.092361
v -0.203933 0.276260 -0.092875
v -0.204272 0.278716 -0.093017
v -0.203839 0.281124 -0.092836
v -0.216166 0.283118 -0.047679
v -0.216351 0.274130 -0.047717
v -0.217375 0.281124 -0.047922
v -0.217835 0.278716 -0.048014
v -0.217475 0.276260 -0.047942
v -0.220901 0.274130 -0.001212
v -0.220713 0.283118 -0.001212
v -0.222048 0.276260 -0.001212
v -0.222414 0.278716 -0.001212
v -0.221946 0.281124 -0.001212
v -0.216166 0.283118 0.045255
v -0.216351 0.274130 0.045292
v -0.217375 0.281124 0.045497
v -0.217835 0.278716 0.045589
v -0.217475 0.276260 0.045517
v -0.202700 0.283118 0.089937
v -0.202874 0.274130 0.090009
v -0.203839 0.281124 0.090412
v -0.204272 0.278716 0.090592
v -0.203933 0.276260 0.090451
v -0.180989 0.274130 0.131221
v -0.180833 0.283118 0.131115
v -0.181943 0.276260 0.131862
v -0.182248 0.278716 0.132067
v -0.181858 0.281124 0.131805
v -0.151404 0.283118 0.167209
v -0.151537 0.274130 0.167343
v -0.152276 0.281124 0.168087
v -0.152607 0.278716 0.168420
v -0.152348 0.276260 0.168159
v -0.115650 0.274130 0.196988
v -0.115545 0.283118 0.196830
v -0.116287 0.276260 0.197948
v -0.116491 0.278716 0.198254
v -0.116230 0.281124 0.197862
v -0.074634 0.283118 0.218841
v -0.074707 0.274130 0.219016
v -0.075106 0.281124 0.219987
v -0.075286 0.278716 0.220423
v -0.075145 0.276260 0.220082
v -0.030243 0.283118 0.232395
v -0.030280 0.274130 0.232581
v -0.030484 0.281124 0.233612
v -0.030575 0.278716 0.234075
v -0.030504 0.276260 0.233713
v 0.015922 0.274130 0.237161
v 0.015922 0.283118 0.236971
v 0.015922 0.276260 0.238315
v 0.015922 0.278716 0.238684
v 0.015922 0.281124 0.238212
v 0.062087 0.283118 0.232395
v 0.062123 0.274130 0.232581
v 0.062327 0.281124 0.233612
v 0.062419 0.278716 0.234075
v 0.062347 0.276260 0.233713
v 0.106550 0.274130 0.219016
v 0.106478 0.283118 0.218841
v 0.106988 0.276260 0.220082
v 0.107129 0.278716 0.220423
v 0.106949 0.281124 0.219987
v 0.147388 0.283118 0.196830
v 0.147493 0.274130 0.196988
v 0.148073 0.281124 0.197862
v 0.148334 0.278716 0.198254
v 0.148130 0.276260 0.197948
v 0.183247 0.283118 0.167209
v 0.183381 0.274130 0.167343
v 0.184119 0.281124 0.168087
v 0.184451 0.278716 0.168420
v 0.184191 0.276260 0.168159
v 0.212832 0.274130 0.131221
v 0.212676 0.283118 0.131115
v 0.213786 0.276260 0.131862
v 0.214091 0.278716 0.132067
v 0.213701 0.281124 0.131805
v 0.234543 0.283118 0.089937
v 0.234717 0.274130 0.090009
v 0.235682 0.281124 0.090412
v 0.236115 0.278716 0.090592
v 0.235776 0.276260 0.090451
v 0.248194 0.274130 0.045292
v 0.248009 0.283118 0.045255
v 0.249318 0.276260 0.045517
v 0.249678 0.278716 0.045589
v 0.249218 0.281124 0.045497
v 0.252556 0.283118 -0.001212
v 0.252744 0.274130 -0.001212
v 0.253789 0.281124 -0.001212
v 0.254258 0.278716 -0.001212
v 0.253891 0.276260 -0.001212
v 0.248009 0.283118 -0.047679
v 0.248194 0.274130 -0.047717
v 0.249218 0.281124 -0.047922
v 0.249678 0.278716 -0.048014
v 0.249318 0.276260 -0.047942
v 0.234717 0.274130 -0.092433
v 0.234543 0.283118 -0.092361
v 0.235776 0.276260 -0.092875
v 0.236115 0.278716 -0.093017
v 0.235682 0.281124 -0.092836
v 0.212676 0.283118 -0.133540
v 0.212832 0.274130 -0.133645
v 0.213701 0.281124 -0.134229
v 0.214091 0.278716 -0.134491
v 0.213786 0.276260 -0.134286
v 0.183381 0.274130 -0.169767
v 0.183247 0.283118 -0.169633
v 0.184191 0.276260 -0.170583
v 0.184451 0.278716 -0.170845
v 0.184119 0.281124 -0.170511
v 0.147388 0.283118 -0.199254
v 0.147493 0.274130 -0.199412
v 0.148073 0.281124 -0.200286
v 0.148334 0.278716 -0.200678
v 0.148130 0.276260 -0.200372
v 0.106478 0.283118 -0.221265
v 0.106550 0.274130 -0.221440
v 0.106949 0.281124 -0.222411
v 0.107129 0.278716 -0.222847
v 0.106988 0.276260 -0.222506
v 0.062123 0.274130 -0.235005
v 0.062087 0.283118 -0.234819
v 0.062347 0.276260 -0.236137
v 0.062419 0.278716 -0.236499
v 0.062327 0.281124 -0.236036
v 0.015922 0.283118 -0.239395
v 0.015922 0.274130 -0.239585
v 0.015922 0.281124 -0.240637
v 0.015922 0.278716 -0.241108
v 0.015922 0.276260 -0.240739
v 0.015922 0.788227 -0.253032
v 0.015922 0.772533 -0.253070
v 0.015922 0.784652 -0.254343
v 0.015922 0.780414 -0.254810
v 0.015922 0.776158 -0.254363
v 0.064737 0.772533 -0.248230
v 0.064730 0.788227 -0.248194
v 0.064988 0.776158 -0.249499
v 0.065074 0.780414 -0.249937
v 0.064984 0.784652 -0.249479
v 0.111676 0.772533 -0.233898
v 0.111662 0.788227 -0.233864
v 0.112168 0.776158 -0.235093
v 0.112338 0.780414 -0.235506
v 0.112160 0.784652 -0.235075
v 0.154936 0.772533 -0.210624
v 0.154915 0.788227 -0.210593
v 0.155650 0.776158 -0.211699
v 0.155897 0.780414 -0.212071
v 0.155639 0.784652 -0.211683
v 0.192853 0.772532 -0.179302
v 0.192827 0.788227 -0.179276
v 0.193762 0.776158 -0.180217
v 0.194076 0.780414 -0.180533
v 0.193748 0.784652 -0.180202
v 0.223971 0.772532 -0.141137
v 0.223941 0.788227 -0.141116
v 0.225040 0.776158 -0.141855
v 0.225409 0.780414 -0.142104
v 0.225023 0.784652 -0.141844
v 0.247094 0.772532 -0.097594
v 0.247060 0.788227 -0.097579
v 0.248281 0.776158 -0.098089
v 0.248692 0.780414 -0.098260
v 0.248263 0.784652 -0.098081
v 0.261333 0.772532 -0.050347
v 0.261297 0.788227 -0.050340
v 0.262593 0.776158 -0.050600
v 0.263029 0.780414 -0.050687
v 0.262574 0.784652 -0.050595
v 0.266141 0.772532 -0.001212
v 0.266104 0.788227 -0.001212
v 0.267426 0.776158 -0.001212
v 0.267870 0.780414 -0.001212
v 0.267406 0.784652 -0.001212
v 0.261333 0.772532 0.047923
v 0.261297 0.788227 0.047915
v 0.262593 0.776158 0.048175
v 0.263029 0.780414 0.048263
v 0.262574 0.784652 0.048171
v 0.247094 0.772532 0.095170
v 0.247060 0.788227 0.095155
v 0.248281 0.776158 0.095665
v 0.248692 0.780414 0.095836
v 0.248263 0.784652 0.095657
v 0.223971 0.772532 0.138712
v 0.223941 0.788227 0.138692
v 0.225040 0.776158 0.139431
v 0.225409 0.780414 0.139679
v 0.225023 0.784652 0.139420
v 0.192853 0.772532 0.176878
v 0.192827 0.788227 0.176852
v 0.193762 0.776158 0.177793
v 0.194076 0.780414 0.178109
v 0.193748 0.784652 0.177778
v 0.154936 0.772533 0.208200
v 0.154915 0.788227 0.208169
v 0.155650 0.776158 0.209275
v 0.155897 0.780414 0.209647
v 0.155639 0.784652 0.209259
v 0.111676 0.772533 0.231474
v 0.111662 0.788227 0.231440
v 0.112168 0.776158 0.232669
v 0.112338 0.780414 0.233082
v 0.112160 0.784652 0.232650
v 0.064737 0.772533 0.245806
v 0.064730 0.788227 0.245770
v 0.064988 0.776158 0.247075
v 0.065074 0.780414 0.247513
v 0.064984 0.784652 0.247055
v 0.015922 0.772533 0.250646
v 0.015922 0.788227 0.250608
v 0.015922 0.776158 0.251939
v 0.015922 0.780414 0.252386
v 0.015922 0.784652 0.251919
v -0.032894 0.772533 0.245806
v -0.032887 0.788227 0.245770
v -0.033145 0.776158 0.247075
v -0.033231 0.780414 0.247513
v -0.033141 0.784652 0.247055
v -0.079833 0.772533 0.231474
v -0.079819 0.788227 0.231440
v -0.080325 0.776158 0.232669
v -0.080495 0.780414 0.233082
v -0.080317 0.784652 0.232650
v -0.123093 0.772533 0.208200
v -0.123072 0.788227 0.208169
v -0.123807 0.776158 0.209275
v -0.124054 0.780414 0.209647
v -0.123796 0.784652 0.209259
v -0.161010 0.772532 0.176878
v -0.160984 0.788227 0.176852
v -0.161919 0.776158 0.177793
v -0.162233 0.780414 0.178109
v -0.161905 0.784652 0.177778
v -0.192128 0.772532 0.138712
v -0.192097 0.788227 0.138692
v -0.193197 0.776158 0.139431
v -0.193566 0.780414 0.139679
v -0.193180 0.784652 0.139420
v -0.215251 0.772532 0.095170
v -0.215217 0.788227 0.095155
v -0.216438 0.776158 0.095665
v -0.216848 0.780414 0.095836
v -0.216420 0.784652 0.095657
v -0.229490 0.772532 0.047923
v -0.229454 0.788227 0.047915
v -0.230750 0.776158 0.048175
v -0.231186 0.780414 0.048263
v -0.230730 0.784652 0.048171
v -0.234298 0.772532 -0.001212
v -0.234261 0.788227 -0.001212
v -0.235583 0.776158 -0.001212
v -0.236027 0.780414 -0.001212
v -0.235563 0.784652 -0.001212
v -0.229490 0.772532 -0.050347
v -0.229454 0.788227 -0.050340
v -0.230750 0.776158 -0.050600
v -0.231186 0.780414 -0.050687
v -0.230730 0.784652 -0.050595
v -0.215251 0.772532 -0.097594
v -0.215217 0.788227 -0.097579
v -0.216438 0.776158 -0.098089
v -0.216848 0.780414 -0.098260
v -0.216420 0.784652 -0.098081
v -0.192128 0.772532 -0.141137
v -0.192097 0.788227 -0.141116
v -0.193197 0.776158 -0.141855
v -0.193566 0.780414 -0.142104
v -0.193180 0.784652 -0.141844
v -0.161010 0.772532 -0.179302
v -0.160984 0.788227 -0.179276
v -0.161919 0.776158 -0.180217
v -0.162233 0.780414 -0.180533
v -0.161905 0.784652 -0.180202
v -0.123093 0.772533 -0.210624
v -0.123072 0.788227 -0.210593
v -0.123807 0.776158 -0.211699
v -0.124054 0.780414 -0.212071
v -0.123796 0.784652 -0.211683
v -0.079833 0.772533 -0.233898
v -0.079819 0.788227 -0.233864
v -0.080325 0.776158 -0.235093
v -0.080495 0.780414 -0.235506
v -0.080317 0.784652 -0.235075
v -0.032894 0.772533 -0.248230
v -0.032887 0.788227 -0.248194
v -0.033145 0.776158 -0.249499
v -0.033231 0.780414 -0.249937
v -0.033141 0.784652 -0.249479
v 0.064202 0.007130 -0.245525
v 0.064211 0.023347 -0.245569
v 0.064448 0.010822 -0.246768
v 0.064536 0.015200 -0.247214
v 0.064453 0.019598 -0.246793
v 0.110628 0.007130 -0.231349
v 0.110645 0.023347 -0.231392
v 0.111110 0.010822 -0.232521
v 0.111282 0.015200 -0.232941
v 0.111119 0.019598 -0.232544
v 0.153413 0.007130 -0.208331
v 0.153439 0.023347 -0.208368
v 0.154113 0.010821 -0.209385
v 0.154364 0.015200 -0.209762
v 0.154127 0.019598 -0.209405
v 0.190916 0.007130 -0.177352
v 0.190948 0.023347 -0.177384
v 0.191806 0.010822 -0.178248
v 0.192125 0.015200 -0.178569
v 0.191824 0.019598 -0.178266
v 0.221693 0.007130 -0.139604
v 0.221730 0.023347 -0.139629
v 0.222740 0.010822 -0.140309
v 0.223115 0.015200 -0.140561
v 0.222761 0.019598 -0.140322
v 0.244562 0.007130 -0.096538
v 0.244604 0.023347 -0.096556
v 0.245726 0.010821 -0.097023
v 0.246143 0.015200 -0.097197
v 0.245749 0.019598 -0.097033
v 0.258645 0.007130 -0.049809
v 0.258690 0.023347 -0.049818
v 0.259881 0.010821 -0.050056
v 0.260323 0.015200 -0.050145
v 0.259905 0.019598 -0.050061
v 0.263400 0.007130 -0.001212
v 0.263446 0.023347 -0.001212
v 0.264660 0.010821 -0.001212
v 0.265111 0.015200 -0.001212
v 0.264685 0.019598 -0.001212
v 0.258645 0.007130 0.047385
v 0.258690 0.023347 0.047394
v 0.259881 0.010821 0.047632
v 0.260323 0.015200 0.047720
v 0.259905 0.019598 0.047637
v 0.244562 0.007130 0.094114
v 0.244604 0.023347 0.094131
v 0.245726 0.010821 0.094599
v 0.246143 0.015200 0.094773
v 0.245749 0.019598 0.094609
v 0.221693 0.007130 0.137180
v 0.221730 0.023347 0.137205
v 0.222740 0.010822 0.137885
v 0.223115 0.015200 0.138136
v 0.222761 0.019598 0.137898
v 0.190916 0.007130 0.174928
v 0.190948 0.023347 0.174960
v 0.191806 0.010822 0.175824
v 0.192125 0.015200 0.176145
v 0.191824 0.019598 0.175841
v 0.153413 0.007130 0.205906
v 0.153439 0.023347 0.205944
v 0.154113 0.010821 0.206961
v 0.154364 0.015200 0.207338
v 0.154127 0.019598 0.206981
v 0.110628 0.007130 0.228925
v 0.110645 0.023347 0.228968
v 0.111110 0.010822 0.230097
v 0.111282 0.015200 0.230516
v 0.111119 0.019598 0.230120
v 0.064202 0.007130 0.243101
v 0.064211 0.023347 0.243145
v 0.064448 0.010822 0.244344
v 0.064536 0.015200 0.244790
v 0.064453 0.019598 0.244369
v 0.015922 0.007130 0.247887
v 0.015922 0.023347 0.247932
v 0.015922 0.010822 0.249155
v 0.015922 0.015200 0.249609
v 0.015922 0.019598 0.249180
v -0.032359 0.007130 0.243101
v -0.032368 0.023347 0.243145
v -0.032605 0.010822 0.244344
v -0.032693 0.015200 0.244790
v -0.032610 0.019598 0.244369
v -0.078785 0.007130 0.228925
v -0.078802 0.023347 0.228968
v -0.079267 0.010822 0.230097
v -0.079439 0.015200 0.230516
v -0.079276 0.019598 0.230120
v -0.121570 0.007130 0.205906
v -0.121596 0.023347 0.205944
v -0.122270 0.010821 0.206961
v -0.122521 0.015200 0.207338
v -0.122284 0.019598 0.206981
v -0.159072 0.007130 0.174928
v -0.159104 0.023347 0.174960
v -0.159963 0.010822 0.175824
v -0.160282 0.015200 0.176145
v -0.159981 0.019598 0.175841
v -0.189850 0.007130 0.137180
v -0.189887 0.023347 0.137205
v -0.190897 0.010822 0.137885
v -0.191272 0.015200 0.138136
v -0.190917 0.019598 0.137898
v -0.212719 0.007130 0.094114
v -0.212761 0.023347 0.094131
v -0.213883 0.010821 0.094599
v -0.214300 0.015200 0.094773
v -0.213906 0.019598 0.094609
v -0.226802 0.007130 0.047385
v -0.226846 0.023347 0.047394
v -0.228038 0.010821 0.047632
v -0.228480 0.015200 0.047720
v -0.228062 0.019598 0.047637
v -0.231557 0.007130 -0.001212
v -0.231603 0.023347 -0.001212
v -0.232817 0.010821 -0.001212
v -0.233268 0.015200 -0.001212
v -0.232842 0.019598 -0.001212
v -0.226802 0.007130 -0.049809
v -0.226846 0.023347 -0.049818
v -0.228038 0.010821 -0.050056
v -0.228480 0.015200 -0.050145
v -0.228062 0.019598 -0.050061
v -0.212719 0.007130 -0.096538
v -0.212761 0.023347 -0.096556
v -0.213883 0.010821 -0.097023
v -0.214300 0.015200 -0.097197
v -0.213906 0.019598 -0.097033
v -0.189850 0.007130 -0.139604
v -0.189887 0.023347 -0.139629
v -0.190897 0.010822 -0.140309
v -0.191272 0.015200 -0.140561
v -0.190917 0.019598 -0.140322
v -0.159072 0.007130 -0.177352
v -0.159104 0.023347 -0.177384
v -0.159963 0.010822 -0.178248
v -0.160282 0.015200 -0.178569
v -0.159981 0.019598 -0.178266
v -0.121570 0.007130 -0.208331
v -0.121596 0.023347 -0.208368
v -0.122270 0.010821 -0.209385
v -0.122521 0.015200 -0.209762
v -0.122284 0.019598 -0.209405
v -0.078785 0.007130 -0.231349
v -0.078802 0.023347 -0.231392
v -0.079267 0.010822 -0.232521
v -0.079439 0.015200 -0.232941
v -0.079276 0.019598 -0.232544
v -0.032359 0.007130 -0.245525
v -0.032368 0.023347 -0.245569
v -0.032605 0.010822 -0.246768
v -0.032693 0.015200 -0.247214
v -0.032610 0.019598 -0.246793
v 0.015922 0.023347 -0.250357
v 0.015922 0.007130 -0.250311
v 0.015922 0.019598 -0.251604
v 0.015922 0.015200 -0.252033
v 0.015922 0.010822 -0.251579
v 0.064016 0.794931 -0.244581
v 0.015922 0.794931 -0.249349
v 0.110262 0.794931 -0.230461
v 0.152883 0.794931 -0.207530
v 0.190240 0.794931 -0.176672
v 0.220898 0.794931 -0.139070
v 0.243679 0.794931 -0.096170
v 0.257708 0.794931 -0.049621
v 0.262445 0.794931 -0.001212
v 0.257708 0.794931 0.047197
v 0.243679 0.794931 0.093746
v 0.220898 0.794931 0.136645
v 0.190240 0.794931 0.174247
v 0.152883 0.794931 0.205106
v 0.110262 0.794931 0.228037
v 0.064016 0.794931 0.242157
v 0.015922 0.794931 0.246925
v -0.032173 0.794931 0.242157
v -0.078419 0.794931 0.228037
v -0.121039 0.794931 0.205106
v -0.158397 0.794931 0.174247
v -0.189055 0.794931 0.136645
v -0.211836 0.794931 0.093746
v -0.225865 0.794931 0.047197
v -0.230602 0.794931 -0.001212
v -0.225865 0.794931 -0.049621
v -0.211836 0.794931 -0.096170
v -0.189055 0.794931 -0.139070
v -0.158397 0.794931 -0.176672
v -0.121039 0.794931 -0.207530
v -0.078419 0.794931 -0.230461
v -0.032173 0.794931 -0.244581
v 0.062214 0.784154 -0.235465
v 0.015922 0.784154 -0.240054
v 0.106728 0.784154 -0.221874
v 0.147752 0.784154 -0.199802
v 0.183710 0.784154 -0.170099
v 0.213220 0.784154 -0.133906
v 0.235148 0.784154 -0.092613
v 0.248651 0.784154 -0.047808
v 0.253210 0.784154 -0.001212
v 0.248651 0.784154 0.045383
v 0.235148 0.784154 0.090189
v 0.213220 0.784154 0.131482
v 0.183710 0.784154 0.167675
v 0.147752 0.784154 0.197378
v 0.106728 0.784154 0.219450
v 0.062214 0.784154 0.233041
v 0.015922 0.784154 0.237630
v -0.030371 0.784154 0.233041
v -0.074885 0.784154 0.219450
v -0.115909 0.784154 0.197378
v -0.151867 0.784154 0.167675
v -0.181377 0.784154 0.131482
v -0.203305 0.784154 0.090189
v -0.216808 0.784154 0.045383
v -0.221367 0.784154 -0.001212
v -0.216808 0.784154 -0.047808
v -0.203305 0.784154 -0.092613
v -0.181377 0.784154 -0.133906
v -0.151867 0.784154 -0.170099
v -0.115909 0.784154 -0.199802
v -0.074885 0.784154 -0.221874
v -0.030371 0.784154 -0.235465
v 0.015922 0.794931 -0.244607
v 0.015922 0.781852 -0.240054
v 0.015922 0.793178 -0.242331
v 0.015922 0.788391 -0.240664
v 0.062214 0.781852 -0.235465
v 0.063097 0.794931 -0.239930
v 0.062333 0.788391 -0.236063
v 0.062655 0.793178 -0.237697
v 0.106728 0.781852 -0.221874
v 0.108459 0.794931 -0.226079
v 0.106960 0.788391 -0.222437
v 0.107593 0.793178 -0.223977
v 0.147752 0.781852 -0.199802
v 0.150265 0.794931 -0.203587
v 0.148089 0.788391 -0.200309
v 0.149008 0.793178 -0.201694
v 0.183710 0.781852 -0.170099
v 0.186908 0.794931 -0.173318
v 0.184138 0.788391 -0.170530
v 0.185309 0.793178 -0.171709
v 0.213220 0.781852 -0.133906
v 0.216980 0.794931 -0.136435
v 0.213724 0.788391 -0.134244
v 0.215100 0.793178 -0.135170
v 0.235148 0.781852 -0.092613
v 0.239326 0.794931 -0.094355
v 0.235708 0.788391 -0.092846
v 0.237237 0.793178 -0.093484
v 0.248651 0.781852 -0.047808
v 0.253087 0.794931 -0.048696
v 0.249245 0.788391 -0.047927
v 0.250869 0.793178 -0.048252
v 0.253210 0.781852 -0.001212
v 0.257733 0.794931 -0.001212
v 0.253816 0.788391 -0.001212
v 0.255472 0.793178 -0.001212
v 0.248651 0.781852 0.045383
v 0.253087 0.794931 0.046272
v 0.249245 0.788391 0.045503
v 0.250869 0.793178 0.045828
v 0.235148 0.781852 0.090189
v 0.239326 0.794931 0.091931
v 0.235708 0.788391 0.090422
v 0.237237 0.793178 0.091060
v 0.213220 0.781852 0.131482
v 0.216980 0.794931 0.134011
v 0.213724 0.788391 0.131820
v 0.215100 0.793178 0.132746
v 0.183710 0.781852 0.167675
v 0.186908 0.794931 0.170894
v 0.184138 0.788391 0.168106
v 0.185309 0.793178 0.169284
v 0.147752 0.781852 0.197378
v 0.150265 0.794931 0.201163
v 0.148089 0.788391 0.197885
v 0.149008 0.793178 0.199271
v 0.106728 0.781852 0.219450
v 0.108459 0.794931 0.223655
v 0.106960 0.788391 0.220013
v 0.107593 0.793178 0.221552
v 0.062214 0.781852 0.233041
v 0.063097 0.794931 0.237505
v 0.062333 0.788391 0.233639
v 0.062655 0.793178 0.235273
v 0.015922 0.781852 0.237630
v 0.015922 0.794931 0.242182
v 0.015922 0.788391 0.238240
v 0.015922 0.793178 0.239906
v -0.030371 0.781852 0.233041
v -0.031254 0.794931 0.237505
v -0.030489 0.788391 0.233639
v -0.030812 0.793178 0.235273
v -0.074885 0.781852 0.219450
v -0.076616 0.794931 0.223655
v -0.075117 0.788391 0.220013
v -0.075750 0.793178 0.221552
v -0.115909 0.781852 0.197378
v -0.118422 0.794931 0.201163
v -0.116246 0.788391 0.197885
v -0.117165 0.793178 0.199270
v -0.151867 0.781852 0.167675
v -0.155065 0.794931 0.170894
v -0.152295 0.788391 0.168106
v -0.153466 0.793178 0.169284
v -0.181377 0.781852 0.131482
v -0.185137 0.794931 0.134011
v -0.181881 0.788391 0.131820
v -0.183257 0.793178 0.132746
v -0.203305 0.781852 0.090189
v -0.207483 0.794931 0.091931
v -0.203864 0.788391 0.090422
v -0.205394 0.793178 0.091060
v -0.216808 0.781852 0.045383
v -0.221244 0.794931 0.046272
v -0.217402 0.788391 0.045503
v -0.219026 0.793178 0.045828
v -0.221367 0.781852 -0.001212
v -0.225890 0.794931 -0.001212
v -0.221973 0.788391 -0.001212
v -0.223629 0.793178 -0.001212
v -0.216808 0.781852 -0.047808
v -0.221244 0.794931 -0.048696
v -0.217402 0.788391 -0.047927
v -0.219026 0.793178 -0.048252
v -0.203305 0.781852 -0.092613
v -0.207483 0.794931 -0.094355
v -0.203864 0.788391 -0.092846
v -0.205394 0.793178 -0.093484
v -0.181377 0.781852 -0.133906
v -0.185137 0.794931 -0.136435
v -0.181881 0.788391 -0.134244
v -0.183257 0.793178 -0.135170
v -0.151867 0.781852 -0.170099
v -0.155065 0.794931 -0.173318
v -0.152295 0.788391 -0.170530
v -0.153466 0.793178 -0.171709
v -0.115909 0.781852 -0.199802
v -0.118422 0.794931 -0.203587
v -0.116246 0.788391 -0.200309
v -0.117165 0.793178 -0.201695
v -0.074885 0.781852 -0.221874
v -0.076616 0.794931 -0.226079
v -0.075117 0.788391 -0.222437
v -0.075750 0.793178 -0.223977
v -0.030371 0.781852 -0.235465
v -0.031254 0.794931 -0.239930
v -0.030489 0.788391 -0.236063
v -0.030812 0.793178 -0.237697
v -0.029562 0.032970 -0.231370
v 0.015922 0.032970 -0.235880
v 0.061405 0.032970 -0.231370
v 0.105141 0.032970 -0.218017
v 0.145448 0.032970 -0.196331
v 0.180777 0.032970 -0.167147
v 0.209772 0.032970 -0.131587
v 0.231316 0.032970 -0.091015
v 0.244583 0.032970 -0.046994
v 0.249063 0.032970 -0.001212
v 0.244583 0.032970 0.044569
v 0.231316 0.032970 0.088591
v 0.209772 0.032970 0.129162
v 0.180777 0.032970 0.164723
v 0.145448 0.032970 0.193907
v 0.105141 0.032970 0.215592
v 0.061405 0.032970 0.228946
v 0.015922 0.032970 0.233456
v -0.029562 0.032970 0.228946
v -0.073298 0.032970 0.215592
v -0.113605 0.032970 0.193907
v -0.148934 0.032970 0.164723
v -0.177928 0.032970 0.129162
v -0.199473 0.032970 0.088591
v -0.212740 0.032970 0.044569
v -0.217220 0.032970 -0.001212
v -0.212740 0.032970 -0.046994
v -0.199473 0.032970 -0.091015
v -0.177928 0.032970 -0.131587
v -0.148934 0.032970 -0.167147
v -0.113605 0.032970 -0.196331
v -0.073298 0.032970 -0.218017
v 0.015922 0.769176 -0.235880
v 0.061405 0.769176 -0.231370
v -0.029562 0.769176 -0.231370
v 0.105141 0.769176 -0.218017
v 0.145448 0.769176 -0.196331
v 0.180777 0.769176 -0.167147
v 0.209772 0.769176 -0.131587
v 0.231316 0.769176 -0.091015
v 0.244583 0.769176 -0.046994
v 0.249063 0.769176 -0.001212
v 0.244583 0.769176 0.044569
v 0.231316 0.769176 0.088591
v 0.209772 0.769176 0.129162
v 0.180777 0.769176 0.164723
v 0.145448 0.769176 0.193907
v 0.105141 0.769176 0.215592
v 0.061405 0.769176 0.228946
v 0.015922 0.769176 0.233456
v -0.029562 0.769176 0.228946
v -0.073298 0.769176 0.215592
v -0.113605 0.769176 0.193907
v -0.148934 0.769176 0.164723
v -0.177928 0.769176 0.129162
v -0.199473 0.769176 0.088591
v -0.212740 0.769176 0.044569
v -0.217220 0.769176 -0.001212
v -0.212740 0.769176 -0.046994
v -0.199473 0.769176 -0.091015
v -0.177928 0.769176 -0.131587
v -0.148934 0.769176 -0.167147
v -0.113605 0.769176 -0.196331
v -0.073298 0.769176 -0.218017
v 0.015922 0.790619 -0.162487
v 0.019594 0.790619 -0.162126
v 0.023124 0.790619 -0.161055
v 0.026378 0.790619 -0.159315
v 0.029231 0.790619 -0.156974
v 0.031571 0.790619 -0.154122
v 0.033311 0.790619 -0.150868
v 0.034382 0.790619 -0.147337
v 0.034743 0.790619 -0.143665
v 0.034382 0.790619 -0.139993
v 0.033311 0.790619 -0.136463
v 0.031571 0.790619 -0.133209
v 0.029231 0.790619 -0.130356
v 0.026378 0.790619 -0.128016
v 0.023124 0.790619 -0.126276
v 0.019594 0.790619 -0.125205
v 0.015922 0.790619 -0.124844
v 0.012250 0.790619 -0.125205
v 0.008719 0.790619 -0.126276
v 0.005465 0.790619 -0.128016
v 0.002613 0.790619 -0.130356
v 0.000272 0.790619 -0.133209
v -0.001468 0.790619 -0.136463
v -0.002539 0.790619 -0.139993
v -0.002900 0.790619 -0.143665
v -0.002539 0.790619 -0.147337
v -0.001468 0.790619 -0.150868
v 0.000272 0.790619 -0.154122
v 0.002613 0.790619 -0.156974
v 0.005465 0.790619 -0.159315
v 0.008719 0.790619 -0.161055
v 0.012250 0.790619 -0.162126
v 0.015922 0.784588 -0.164071
v 0.019903 0.784588 -0.163679
v 0.023730 0.784588 -0.162518
v 0.027258 0.784588 -0.160632
v 0.030351 0.784588 -0.158094
v 0.032888 0.784588 -0.155002
v 0.034774 0.784588 -0.151474
v 0.035935 0.784588 -0.147646
v 0.036327 0.784588 -0.143665
v 0.035935 0.784588 -0.139684
v 0.034774 0.784588 -0.135857
v 0.032888 0.784588 -0.132329
v 0.030351 0.784588 -0.129236
v 0.027258 0.784588 -0.126698
v 0.023730 0.784588 -0.124813
v 0.019903 0.784588 -0.123652
v 0.015922 0.784588 -0.123260
v 0.011941 0.784588 -0.123652
v 0.008113 0.784588 -0.124813
v 0.004585 0.784588 -0.126698
v 0.001493 0.784588 -0.129236
v -0.001045 0.784588 -0.132329
v -0.002931 0.784588 -0.135857
v -0.004092 0.784588 -0.139684
v -0.004484 0.784588 -0.143665
v -0.004092 0.784588 -0.147646
v -0.002931 0.784588 -0.151474
v -0.001045 0.784588 -0.155002
v 0.001493 0.784588 -0.158094
v 0.004585 0.784588 -0.160632
v 0.008113 0.784588 -0.162518
v 0.011941 0.784588 -0.163679
v 0.015922 0.783913 -0.165686
v 0.020218 0.783913 -0.165263
v 0.024349 0.783913 -0.164010
v 0.028156 0.783913 -0.161975
v 0.031493 0.783913 -0.159236
v 0.034231 0.783913 -0.155900
v 0.036266 0.783913 -0.152092
v 0.037519 0.783913 -0.147962
v 0.037942 0.783913 -0.143665
v 0.037519 0.783913 -0.139369
v 0.036266 0.783913 -0.135238
v 0.034231 0.783913 -0.131431
v 0.031493 0.783913 -0.128094
v 0.028156 0.783913 -0.125356
v 0.024349 0.783913 -0.123321
v 0.020218 0.783913 -0.122067
v 0.015922 0.783913 -0.121644
v 0.011625 0.783913 -0.122067
v 0.007495 0.783913 -0.123321
v 0.003687 0.783913 -0.125356
v 0.000350 0.783913 -0.128094
v -0.002388 0.783913 -0.131431
v -0.004423 0.783913 -0.135238
v -0.005676 0.783913 -0.139369
v -0.006099 0.783913 -0.143665
v -0.005676 0.783913 -0.147962
v -0.004423 0.783913 -0.152092
v -0.002388 0.783913 -0.155900
v 0.000350 0.783913 -0.159236
v 0.003687 0.783913 -0.161975
v 0.007495 0.783913 -0.164010
v 0.011625 0.783913 -0.165263
v 0.015922 0.784143 -0.165686
v 0.015922 0.784588 -0.165240
v 0.015922 0.784313 -0.165652
v 0.015922 0.784457 -0.165555
v 0.015922 0.784554 -0.165411
v 0.020131 0.784588 -0.164825
v 0.020218 0.784143 -0.165263
v 0.020164 0.784554 -0.164993
v 0.020192 0.784457 -0.165135
v 0.020211 0.784313 -0.165230
v 0.024178 0.784588 -0.163598
v 0.024349 0.784143 -0.164010
v 0.024243 0.784554 -0.163755
v 0.024299 0.784457 -0.163889
v 0.024336 0.784313 -0.163979
v 0.027908 0.784588 -0.161604
v 0.028156 0.784143 -0.161975
v 0.028003 0.784554 -0.161746
v 0.028083 0.784457 -0.161866
v 0.028137 0.784313 -0.161947
v 0.031177 0.784588 -0.158921
v 0.031493 0.784143 -0.159236
v 0.031298 0.784554 -0.159042
v 0.031400 0.784457 -0.159144
v 0.031469 0.784313 -0.159213
v 0.033860 0.784588 -0.155652
v 0.034231 0.784143 -0.155900
v 0.034002 0.784554 -0.155746
v 0.034123 0.784457 -0.155827
v 0.034203 0.784313 -0.155880
v 0.035854 0.784588 -0.151922
v 0.036266 0.784143 -0.152092
v 0.036012 0.784554 -0.151987
v 0.036145 0.784457 -0.152042
v 0.036235 0.784313 -0.152080
v 0.037082 0.784588 -0.147874
v 0.037519 0.784143 -0.147962
v 0.037249 0.784554 -0.147908
v 0.037391 0.784457 -0.147936
v 0.037486 0.784313 -0.147955
v 0.037496 0.784588 -0.143665
v 0.037942 0.784143 -0.143665
v 0.037667 0.784554 -0.143665
v 0.037812 0.784457 -0.143665
v 0.037909 0.784313 -0.143665
v 0.037082 0.784588 -0.139456
v 0.037519 0.784143 -0.139369
v 0.037249 0.784554 -0.139423
v 0.037391 0.784457 -0.139395
v 0.037486 0.784313 -0.139376
v 0.035854 0.784588 -0.135409
v 0.036266 0.784143 -0.135238
v 0.036012 0.784554 -0.135344
v 0.036145 0.784457 -0.135288
v 0.036235 0.784313 -0.135252
v 0.033860 0.784588 -0.131679
v 0.034231 0.784143 -0.131431
v 0.034002 0.784554 -0.131584
v 0.034123 0.784457 -0.131504
v 0.034203 0.784313 -0.131450
v 0.031177 0.784588 -0.128410
v 0.031493 0.784143 -0.128094
v 0.031298 0.784554 -0.128289
v 0.031400 0.784457 -0.128187
v 0.031469 0.784313 -0.128118
v 0.027908 0.784588 -0.125727
v 0.028156 0.784143 -0.125356
v 0.028003 0.784554 -0.125585
v 0.028083 0.784457 -0.125464
v 0.028137 0.784313 -0.125384
v 0.024178 0.784588 -0.123733
v 0.024349 0.784143 -0.123321
v 0.024243 0.784554 -0.123575
v 0.024299 0.784457 -0.123442
v 0.024336 0.784313 -0.123352
v 0.020131 0.784588 -0.122505
v 0.020218 0.784143 -0.122067
v 0.020164 0.784554 -0.122338
v 0.020192 0.784457 -0.122196
v 0.020211 0.784313 -0.122101
v 0.015922 0.784588 -0.122091
v 0.015922 0.784143 -0.121644
v 0.015922 0.784554 -0.121920
v 0.015922 0.784457 -0.121775
v 0.015922 0.784313 -0.121678
v 0.011713 0.784588 -0.122505
v 0.011625 0.784143 -0.122067
v 0.011679 0.784554 -0.122338
v 0.011651 0.784457 -0.122196
v 0.011632 0.784313 -0.122101
v 0.007665 0.784588 -0.123733
v 0.007495 0.784143 -0.123321
v 0.007600 0.784554 -0.123575
v 0.007545 0.784457 -0.123442
v 0.007508 0.784313 -0.123352
v 0.003935 0.784588 -0.125727
v 0.003687 0.784143 -0.125356
v 0.003841 0.784554 -0.125585
v 0.003760 0.784457 -0.125464
v 0.003706 0.784313 -0.125384
v 0.000666 0.784588 -0.128410
v 0.000350 0.784143 -0.128094
v 0.000545 0.784554 -0.128289
v 0.000443 0.784457 -0.128187
v 0.000374 0.784313 -0.128118
v -0.002017 0.784588 -0.131679
v -0.002388 0.784143 -0.131431
v -0.002159 0.784554 -0.131584
v -0.002279 0.784457 -0.131504
v -0.002360 0.784313 -0.131450
v -0.004011 0.784588 -0.135409
v -0.004423 0.784143 -0.135238
v -0.004169 0.784554 -0.135344
v -0.004302 0.784457 -0.135288
v -0.004392 0.784313 -0.135252
v -0.005238 0.784588 -0.139456
v -0.005676 0.784143 -0.139369
v -0.005406 0.784554 -0.139423
v -0.005548 0.784457 -0.139395
v -0.005643 0.784313 -0.139376
v -0.005653 0.784588 -0.143665
v -0.006099 0.784143 -0.143665
v -0.005824 0.784554 -0.143665
v -0.005969 0.784457 -0.143665
v -0.006065 0.784313 -0.143665
v -0.005238 0.784588 -0.147874
v -0.005676 0.784143 -0.147962
v -0.005406 0.784554 -0.147908
v -0.005548 0.784457 -0.147936
v -0.005643 0.784313 -0.147955
v -0.004011 0.784588 -0.151922
v -0.004423 0.784143 -0.152092
v -0.004169 0.784554 -0.151987
v -0.004302 0.784457 -0.152042
v -0.004392 0.784313 -0.152080
v -0.002017 0.784588 -0.155652
v -0.002388 0.784143 -0.155900
v -0.002159 0.784554 -0.155746
v -0.002279 0.784457 -0.155827
v -0.002360 0.784313 -0.155880
v 0.000666 0.784588 -0.158921
v 0.000350 0.784143 -0.159236
v 0.000545 0.784554 -0.159042
v 0.000443 0.784457 -0.159144
v 0.000374 0.784313 -0.159213
v 0.003935 0.784588 -0.161604
v 0.003687 0.784143 -0.161975
v 0.003841 0.784554 -0.161746
v 0.003760 0.784457 -0.161866
v 0.003706 0.784313 -0.161947
v 0.007665 0.784588 -0.163598
v 0.007495 0.784143 -0.164010
v 0.007600 0.784554 -0.163755
v 0.007545 0.784457 -0.163889
v 0.007508 0.784313 -0.163979
v 0.011713 0.784588 -0.164825
v 0.011625 0.784143 -0.165263
v 0.011679 0.784554 -0.164993
v 0.011651 0.784457 -0.165135
v 0.011632 0.784313 -0.165230
v 0.019774 0.790619 -0.163034
v 0.019903 0.789965 -0.163679
v 0.019823 0.790569 -0.163281
v 0.019865 0.790427 -0.163490
v 0.019893 0.790215 -0.163630
v 0.015922 0.789965 -0.164071
v 0.015922 0.790619 -0.163414
v 0.015922 0.790215 -0.164021
v 0.015922 0.790427 -0.163878
v 0.015922 0.790569 -0.163665
v 0.023479 0.790619 -0.161910
v 0.023730 0.789965 -0.162518
v 0.023575 0.790569 -0.162143
v 0.023657 0.790427 -0.162340
v 0.023711 0.790215 -0.162471
v 0.026893 0.790619 -0.160085
v 0.027258 0.789965 -0.160632
v 0.027033 0.790569 -0.160295
v 0.027151 0.790427 -0.160472
v 0.027231 0.790215 -0.160591
v 0.029886 0.790619 -0.157629
v 0.030351 0.789965 -0.158094
v 0.030063 0.790569 -0.157807
v 0.030214 0.790427 -0.157958
v 0.030315 0.790215 -0.158059
v 0.032341 0.790619 -0.154637
v 0.032888 0.789965 -0.155002
v 0.032551 0.790569 -0.154777
v 0.032728 0.790427 -0.154895
v 0.032847 0.790215 -0.154974
v 0.034166 0.790619 -0.151223
v 0.034774 0.789965 -0.151474
v 0.034399 0.790569 -0.151319
v 0.034596 0.790427 -0.151401
v 0.034728 0.790215 -0.151455
v 0.035290 0.790619 -0.147518
v 0.035935 0.789965 -0.147646
v 0.035537 0.790569 -0.147567
v 0.035746 0.790427 -0.147609
v 0.035886 0.790215 -0.147636
v 0.035670 0.790619 -0.143665
v 0.036327 0.789965 -0.143665
v 0.035921 0.790569 -0.143665
v 0.036135 0.790427 -0.143665
v 0.036277 0.790215 -0.143665
v 0.035290 0.790619 -0.139812
v 0.035935 0.789965 -0.139684
v 0.035537 0.790569 -0.139764
v 0.035746 0.790427 -0.139722
v 0.035886 0.790215 -0.139694
v 0.034166 0.790619 -0.136108
v 0.034774 0.789965 -0.135857
v 0.034399 0.790569 -0.136012
v 0.034596 0.790427 -0.135930
v 0.034728 0.790215 -0.135876
v 0.032341 0.790619 -0.132694
v 0.032888 0.789965 -0.132329
v 0.032551 0.790569 -0.132554
v 0.032728 0.790427 -0.132436
v 0.032847 0.790215 -0.132356
v 0.029886 0.790619 -0.129702
v 0.030351 0.789965 -0.129236
v 0.030063 0.790569 -0.129523
v 0.030214 0.790427 -0.129373
v 0.030315 0.790215 -0.129272
v 0.026893 0.790619 -0.127245
v 0.027258 0.789965 -0.126698
v 0.027033 0.790569 -0.127036
v 0.027151 0.790427 -0.126859
v 0.027231 0.790215 -0.126740
v 0.023479 0.790619 -0.125421
v 0.023730 0.789965 -0.124813
v 0.023575 0.790569 -0.125188
v 0.023657 0.790427 -0.124991
v 0.023711 0.790215 -0.124859
v 0.019774 0.790619 -0.124297
v 0.019903 0.789965 -0.123652
v 0.019823 0.790569 -0.124050
v 0.019865 0.790427 -0.123841
v 0.019893 0.790215 -0.123701
v 0.015922 0.790619 -0.123917
v 0.015922 0.789965 -0.123260
v 0.015922 0.790569 -0.123666
v 0.015922 0.790427 -0.123452
v 0.015922 0.790215 -0.123310
v 0.012069 0.790619 -0.124297
v 0.011941 0.789965 -0.123652
v 0.012020 0.790569 -0.124050
v 0.011978 0.790427 -0.123841
v 0.011950 0.790215 -0.123701
v 0.008364 0.790619 -0.125421
v 0.008113 0.789965 -0.124813
v 0.008268 0.790569 -0.125188
v 0.008186 0.790427 -0.124991
v 0.008132 0.790215 -0.124859
v 0.004950 0.790619 -0.127245
v 0.004585 0.789965 -0.126698
v 0.004810 0.790569 -0.127036
v 0.004692 0.790427 -0.126859
v 0.004613 0.790215 -0.126740
v 0.001958 0.790619 -0.129702
v 0.001493 0.789965 -0.129236
v 0.001780 0.790569 -0.129523
v 0.001629 0.790427 -0.129373
v 0.001528 0.790215 -0.129272
v -0.000498 0.790619 -0.132694
v -0.001045 0.789965 -0.132329
v -0.000708 0.790569 -0.132554
v -0.000885 0.790427 -0.132436
v -0.001004 0.790215 -0.132356
v -0.002323 0.790619 -0.136108
v -0.002931 0.789965 -0.135857
v -0.002556 0.790569 -0.136012
v -0.002753 0.790427 -0.135930
v -0.002885 0.790215 -0.135876
v -0.003447 0.790619 -0.139812
v -0.004092 0.789965 -0.139684
v -0.003694 0.790569 -0.139764
v -0.003903 0.790427 -0.139722
v -0.004043 0.790215 -0.139694
v -0.003826 0.790619 -0.143665
v -0.004484 0.789965 -0.143665
v -0.004078 0.790569 -0.143665
v -0.004291 0.790427 -0.143665
v -0.004434 0.790215 -0.143665
v -0.003447 0.790619 -0.147518
v -0.004092 0.789965 -0.147646
v -0.003694 0.790569 -0.147567
v -0.003903 0.790427 -0.147609
v -0.004043 0.790215 -0.147636
v -0.002323 0.790619 -0.151223
v -0.002931 0.789965 -0.151474
v -0.002556 0.790569 -0.151319
v -0.002753 0.790427 -0.151401
v -0.002885 0.790215 -0.151455
v -0.000498 0.790619 -0.154637
v -0.001045 0.789965 -0.155002
v -0.000708 0.790569 -0.154777
v -0.000885 0.790427 -0.154895
v -0.001004 0.790215 -0.154974
v 0.001958 0.790619 -0.157629
v 0.001493 0.789965 -0.158094
v 0.001780 0.790569 -0.157807
v 0.001629 0.790427 -0.157958
v 0.001528 0.790215 -0.158059
v 0.004950 0.790619 -0.160085
v 0.004585 0.789965 -0.160632
v 0.004810 0.790569 -0.160295
v 0.004692 0.790427 -0.160472
v 0.004613 0.790215 -0.160591
v 0.008364 0.790619 -0.161910
v 0.008113 0.789965 -0.162518
v 0.008268 0.790569 -0.162143
v 0.008186 0.790427 -0.162340
v 0.008132 0.790215 -0.162471
v 0.012069 0.790619 -0.163034
v 0.011941 0.789965 -0.163679
v 0.012020 0.790569 -0.163281
v 0.011978 0.790427 -0.163490
v 0.011950 0.790215 -0.163630
vn -0.0000 -1.0000 -0.0000
vn -0.1963 -0.0000 -0.9805
vn -0.0000 -0.0000 -1.0000
vn 0.1963 -0.0000 -0.9805
vn -0.0000 -0.9657 0.2597
vn -0.0510 -0.9657 0.2547
vn 0.0510 -0.9657 0.2547
vn 0.3848 -0.0000 -0.9230
vn -0.0999 -0.9656 0.2399
vn -0.1001 -0.9656 0.2399
vn 0.5580 -0.0000 -0.8298
vn -0.1451 -0.9656 0.2160
vn -0.1453 -0.9656 0.2158
vn 0.7094 -0.0000 -0.7048
vn -0.1847 -0.9655 0.1837
vn -0.1849 -0.9655 0.1835
vn 0.8331 -0.0000 -0.5531
vn -0.2172 -0.9654 0.1443
vn -0.2173 -0.9654 0.1442
vn 0.9247 -0.0000 -0.3806
vn -0.2414 -0.9653 0.0994
vn -0.2414 -0.9653 0.0993
vn 0.9810 -0.0000 -0.1939
vn -0.2563 -0.9653 0.0507
vn -0.2563 -0.9653 0.0506
vn 1.0000 -0.0000 -0.0000
vn -0.2613 -0.9653 -0.0000
vn 0.9810 -0.0000 0.1939
vn -0.2563 -0.9653 -0.0507
vn -0.2563 -0.9653 -0.0506
vn 0.9247 -0.0000 0.3806
vn -0.2414 -0.9653 -0.0994
vn -0.2414 -0.9653 -0.0993
vn 0.8331 -0.0000 0.5531
vn -0.2172 -0.9654 -0.1443
vn -0.2173 -0.9654 -0.1442
vn 0.7094 -0.0000 0.7048
vn -0.1847 -0.9655 -0.1837
vn -0.1849 -0.9655 -0.1835
vn 0.5580 -0.0000 0.8298
vn -0.1451 -0.9656 -0.2160
vn -0.1453 -0.9656 -0.2158
vn 0.3848 -0.0000 0.9230
vn -0.0999 -0.9656 -0.2399
vn -0.1001 -0.9656 -0.2399
vn 0.1963 -0.0000 0.9805
vn -0.0510 -0.9657 -0.2547
vn -0.0000 -0.0000 1.0000
vn -0.0000 -0.9657 -0.2597
vn -0.1963 -0.0000 0.9805
vn 0.0510 -0.9657 -0.2547
vn -0.3848 -0.0000 0.9230
vn 0.0999 -0.9656 -0.2399
vn 0.1001 -0.9656 -0.2399
vn -0.5580 -0.0000 0.8298
vn 0.1451 -0.9656 -0.2160
vn 0.1453 -0.9656 -0.2158
vn -0.7094 -0.0000 0.7048
vn 0.1847 -0.9655 -0.1837
vn 0.1849 -0.9655 -0.1835
vn -0.8331 -0.0000 0.5531
vn 0.2172 -0.9654 -0.1443
vn 0.2173 -0.9654 -0.1442
vn -0.9247 -0.0000 0.3806
vn 0.2414 -0.9653 -0.0994
vn 0.2414 -0.9653 -0.0993
vn -0.9810 -0.0000 0.1939
vn 0.2563 -0.9653 -0.0507
vn 0.2563 -0.9653 -0.0506
vn -1.0000 -0.0000 -0.0000
vn 0.2613 -0.9653 -0.0000
vn -0.9810 -0.0000 -0.1939
vn 0.2563 -0.9653 0.0507
vn 0.2563 -0.9653 0.0506
vn -0.9247 -0.0000 -0.3806
vn 0.2414 -0.9653 0.0994
vn 0.2414 -0.9653 0.0993
vn -0.8331 -0.0000 -0.5531
vn 0.2172 -0.9654 0.1443
vn 0.2173 -0.9654 0.1442
vn -0.7094 -0.0000 -0.7048
vn 0.1847 -0.9655 0.1837
vn 0.1849 -0.9655 0.1835
vn -0.5580 -0.0000 -0.8298
vn 0.1451 -0.9656 0.2160
vn 0.1453 -0.9656 0.2158
vn -0.3848 -0.0000 -0.9230
vn 0.1000 -0.9656 0.2399
vn 0.1001 -0.9656 0.2399
vn 0.5865 -0.5626 -0.5827
vn 0.4612 -0.5630 -0.6858
vn 0.5279 -0.3241 -0.7851
vn 0.6711 -0.3237 -0.6669
vn 0.5579 0.0120 -0.8298
vn 0.7093 0.0120 -0.7048
vn 0.5226 0.3506 -0.7772
vn 0.6644 0.3502 -0.6602
vn 0.4495 0.5925 -0.6685
vn 0.5717 0.5920 -0.5680
vn 0.8118 -0.5615 0.1604
vn 0.8276 -0.5614 -0.0000
vn 0.9464 -0.3229 -0.0000
vn 0.9285 -0.3229 0.1835
vn 0.9999 0.0119 -0.0000
vn 0.9809 0.0119 0.1939
vn 0.9370 0.3493 -0.0000
vn 0.9192 0.3494 0.1817
vn 0.8068 0.5908 -0.0000
vn 0.7914 0.5909 0.1564
vn 0.3179 -0.5635 0.7625
vn 0.4612 -0.5631 0.6858
vn 0.5279 -0.3241 0.7851
vn 0.3639 -0.3243 0.8731
vn 0.5579 0.0120 0.8298
vn 0.3847 0.0120 0.9230
vn 0.5226 0.3506 0.7772
vn 0.3603 0.3509 0.8643
vn 0.4495 0.5925 0.6685
vn 0.3099 0.5929 0.7433
vn -0.4612 -0.5631 0.6858
vn -0.3179 -0.5635 0.7625
vn -0.3639 -0.3243 0.8731
vn -0.5279 -0.3241 0.7851
vn -0.3847 0.0120 0.9230
vn -0.5579 0.0120 0.8298
vn -0.3603 0.3509 0.8643
vn -0.5226 0.3506 0.7772
vn -0.3099 0.5929 0.7433
vn -0.4495 0.5925 0.6685
vn -0.8276 -0.5614 -0.0000
vn -0.8118 -0.5615 0.1604
vn -0.9285 -0.3229 0.1835
vn -0.9464 -0.3229 -0.0000
vn -0.9809 0.0119 0.1939
vn -0.9999 0.0119 -0.0000
vn -0.9192 0.3494 0.1817
vn -0.9370 0.3493 -0.0000
vn -0.7914 0.5909 0.1564
vn -0.8068 0.5908 -0.0000
vn -0.4612 -0.5630 -0.6858
vn -0.5865 -0.5626 -0.5827
vn -0.6711 -0.3237 -0.6669
vn -0.5279 -0.3241 -0.7851
vn -0.7093 0.0120 -0.7048
vn -0.5579 0.0120 -0.8298
vn -0.6644 0.3502 -0.6602
vn -0.5226 0.3506 -0.7772
vn -0.5717 0.5920 -0.5680
vn -0.4495 0.5925 -0.6685
vn 0.6955 -0.5505 -0.4618
vn 0.5920 -0.5510 -0.5882
vn 0.6736 -0.3132 -0.6694
vn 0.7912 -0.3129 -0.5254
vn 0.7091 0.0218 -0.7047
vn 0.8329 0.0218 -0.5530
vn 0.6613 0.3617 -0.6572
vn 0.7768 0.3613 -0.5158
vn 0.5649 0.6048 -0.5613
vn 0.6638 0.6043 -0.4407
vn 0.7722 -0.5501 0.3178
vn 0.8194 -0.5498 0.1620
vn 0.9319 -0.3125 0.1842
vn 0.8784 -0.3126 0.3615
vn 0.9808 0.0218 0.1939
vn 0.9245 0.0218 0.3806
vn 0.9149 0.3608 0.1809
vn 0.8624 0.3610 0.3550
vn 0.7821 0.6037 0.1546
vn 0.7371 0.6039 0.3033
vn 0.1637 -0.5521 0.8176
vn 0.3209 -0.5518 0.7698
vn 0.3653 -0.3138 0.8764
vn 0.1863 -0.3140 0.9310
vn 0.3846 0.0219 0.9228
vn 0.1962 0.0220 0.9803
vn 0.3586 0.3623 0.8603
vn 0.1829 0.3625 0.9138
vn 0.3062 0.6056 0.7345
vn 0.1562 0.6059 0.7801
vn -0.5920 -0.5510 0.5882
vn -0.4655 -0.5514 0.6923
vn -0.5298 -0.3136 0.7880
vn -0.6736 -0.3132 0.6694
vn -0.5578 0.0219 0.8297
vn -0.7091 0.0218 0.7047
vn -0.5201 0.3620 0.7736
vn -0.6613 0.3617 0.6572
vn -0.4442 0.6053 0.6606
vn -0.5649 0.6048 0.5613
vn -0.8194 -0.5498 -0.1620
vn -0.8353 -0.5498 -0.0000
vn -0.9500 -0.3124 -0.0000
vn -0.9319 -0.3125 -0.1842
vn -0.9998 0.0218 -0.0000
vn -0.9808 0.0218 -0.1939
vn -0.9327 0.3607 -0.0000
vn -0.9149 0.3608 -0.1809
vn -0.7973 0.6036 -0.0000
vn -0.7821 0.6037 -0.1546
vn -0.3209 -0.5518 -0.7698
vn -0.4655 -0.5514 -0.6923
vn -0.5298 -0.3136 -0.7880
vn -0.3653 -0.3138 -0.8764
vn -0.5578 0.0219 -0.8297
vn -0.3846 0.0219 -0.9228
vn -0.5201 0.3620 -0.7736
vn -0.3586 0.3623 -0.8603
vn -0.4442 0.6053 -0.6606
vn -0.3062 0.6056 -0.7345
vn 0.1621 -0.5637 -0.8099
vn -0.0000 -0.5638 -0.8259
vn -0.0000 -0.3246 -0.9459
vn 0.1856 -0.3245 -0.9275
vn -0.0000 0.0120 -0.9999
vn 0.1963 0.0120 -0.9805
vn -0.0000 0.3511 -0.9363
vn 0.1838 0.3511 -0.9181
vn -0.0000 0.5932 -0.8050
vn 0.1580 0.5931 -0.7894
vn 0.3179 -0.5635 -0.7625
vn 0.3639 -0.3243 -0.8731
vn 0.3847 0.0120 -0.9230
vn 0.3603 0.3509 -0.8643
vn 0.3099 0.5929 -0.7433
vn 0.7651 -0.5617 -0.3149
vn 0.6890 -0.5621 -0.4574
vn 0.7883 -0.3234 -0.5234
vn 0.8751 -0.3231 -0.3602
vn 0.8330 0.0120 -0.5531
vn 0.9247 0.0120 -0.3806
vn 0.7804 0.3499 -0.5182
vn 0.8664 0.3496 -0.3566
vn 0.6717 0.5916 -0.4459
vn 0.7458 0.5912 -0.3070
vn 0.8118 -0.5615 -0.1604
vn 0.9285 -0.3229 -0.1835
vn 0.9809 0.0119 -0.1939
vn 0.9192 0.3494 -0.1817
vn 0.7914 0.5909 -0.1564
vn 0.6890 -0.5621 0.4574
vn 0.7651 -0.5617 0.3149
vn 0.8751 -0.3231 0.3602
vn 0.7883 -0.3234 0.5234
vn 0.9247 0.0120 0.3806
vn 0.8330 0.0120 0.5531
vn 0.8664 0.3496 0.3566
vn 0.7804 0.3499 0.5182
vn 0.7458 0.5912 0.3070
vn 0.6717 0.5916 0.4459
vn 0.5865 -0.5626 0.5827
vn 0.6711 -0.3237 0.6669
vn 0.7093 0.0120 0.7048
vn 0.6644 0.3502 0.6602
vn 0.5717 0.5920 0.5680
vn -0.0000 -0.5638 0.8259
vn 0.1621 -0.5637 0.8099
vn 0.1857 -0.3245 0.9275
vn -0.0000 -0.3246 0.9459
vn 0.1963 0.0120 0.9805
vn -0.0000 0.0120 0.9999
vn 0.1838 0.3511 0.9181
vn -0.0000 0.3512 0.9363
vn 0.1580 0.5932 0.7894
vn -0.0000 0.5933 0.8050
vn -0.1621 -0.5637 0.8099
vn -0.1857 -0.3245 0.9275
vn -0.1963 0.0120 0.9805
vn -0.1838 0.3511 0.9181
vn -0.1580 0.5932 0.7894
vn -0.6890 -0.5621 0.4574
vn -0.5865 -0.5626 0.5827
vn -0.6711 -0.3237 0.6669
vn -0.7883 -0.3234 0.5234
vn -0.7093 0.0120 0.7048
vn -0.8330 0.0120 0.5531
vn -0.6644 0.3502 0.6602
vn -0.7804 0.3499 0.5182
vn -0.5717 0.5920 0.5680
vn -0.6717 0.5916 0.4459
vn -0.7651 -0.5617 0.3149
vn -0.8751 -0.3231 0.3602
vn -0.9247 0.0120 0.3806
vn -0.8664 0.3496 0.3566
vn -0.7458 0.5912 0.3070
vn -0.7651 -0.5617 -0.3149
vn -0.8118 -0.5615 -0.1604
vn -0.9285 -0.3229 -0.1835
vn -0.8751 -0.3231 -0.3602
vn -0.9809 0.0119 -0.1939
vn -0.9247 0.0120 -0.3806
vn -0.9192 0.3494 -0.1817
vn -0.8664 0.3496 -0.3566
vn -0.7914 0.5909 -0.1564
vn -0.7458 0.5912 -0.3070
vn -0.6890 -0.5621 -0.4574
vn -0.7883 -0.3234 -0.5234
vn -0.8330 0.0120 -0.5531
vn -0.7804 0.3499 -0.5182
vn -0.6717 0.5916 -0.4459
vn -0.1621 -0.5637 -0.8099
vn -0.3179 -0.5635 -0.7625
vn -0.3639 -0.3243 -0.8731
vn -0.1856 -0.3245 -0.9275
vn -0.3847 0.0120 -0.9230
vn -0.1963 0.0120 -0.9805
vn -0.3603 0.3509 -0.8643
vn -0.1838 0.3511 -0.9181
vn -0.3099 0.5929 -0.7433
vn -0.1580 0.5931 -0.7894
vn 0.3209 -0.5518 -0.7698
vn 0.1637 -0.5521 -0.8176
vn 0.1863 -0.3140 -0.9310
vn 0.3653 -0.3138 -0.8764
vn 0.1962 0.0219 -0.9803
vn 0.3846 0.0219 -0.9228
vn 0.1829 0.3625 -0.9139
vn 0.3586 0.3623 -0.8603
vn 0.1562 0.6059 -0.7801
vn 0.3062 0.6056 -0.7345
vn 0.4655 -0.5514 -0.6923
vn 0.5298 -0.3136 -0.7880
vn 0.5578 0.0219 -0.8297
vn 0.5201 0.3620 -0.7736
vn 0.4442 0.6053 -0.6606
vn 0.8194 -0.5498 -0.1620
vn 0.7722 -0.5501 -0.3178
vn 0.8784 -0.3126 -0.3615
vn 0.9319 -0.3125 -0.1842
vn 0.9245 0.0218 -0.3806
vn 0.9808 0.0218 -0.1939
vn 0.8624 0.3610 -0.3550
vn 0.9149 0.3608 -0.1809
vn 0.7371 0.6039 -0.3033
vn 0.7821 0.6037 -0.1546
vn 0.8353 -0.5498 -0.0000
vn 0.9500 -0.3124 -0.0000
vn 0.9998 0.0218 -0.0000
vn 0.9327 0.3607 -0.0000
vn 0.7973 0.6036 -0.0000
vn 0.5920 -0.5510 0.5882
vn 0.6955 -0.5505 0.4618
vn 0.7912 -0.3129 0.5254
vn 0.6736 -0.3132 0.6694
vn 0.8329 0.0218 0.5530
vn 0.7091 0.0218 0.7047
vn 0.7768 0.3613 0.5158
vn 0.6613 0.3617 0.6572
vn 0.6638 0.6043 0.4407
vn 0.5649 0.6048 0.5613
vn 0.4655 -0.5514 0.6923
vn 0.5298 -0.3136 0.7880
vn 0.5578 0.0219 0.8297
vn 0.5201 0.3620 0.7736
vn 0.4442 0.6053 0.6606
vn -0.1637 -0.5521 0.8176
vn -0.0000 -0.5522 0.8337
vn -0.0000 -0.3141 0.9494
vn -0.1863 -0.3140 0.9310
vn -0.0000 0.0220 0.9998
vn -0.1962 0.0220 0.9803
vn -0.0000 0.3626 0.9319
vn -0.1829 0.3625 0.9138
vn -0.0000 0.6060 0.7955
vn -0.1562 0.6059 0.7801
vn -0.3209 -0.5518 0.7698
vn -0.3653 -0.3138 0.8764
vn -0.3846 0.0219 0.9228
vn -0.3586 0.3623 0.8603
vn -0.3062 0.6056 0.7345
vn -0.7722 -0.5501 0.3178
vn -0.6955 -0.5505 0.4618
vn -0.7912 -0.3129 0.5254
vn -0.8784 -0.3126 0.3615
vn -0.8329 0.0218 0.5530
vn -0.9245 0.0218 0.3806
vn -0.7768 0.3613 0.5158
vn -0.8624 0.3610 0.3550
vn -0.6638 0.6043 0.4407
vn -0.7371 0.6039 0.3033
vn -0.8194 -0.5498 0.1620
vn -0.9319 -0.3125 0.1842
vn -0.9808 0.0218 0.1939
vn -0.9149 0.3608 0.1809
vn -0.7821 0.6037 0.1546
vn -0.6955 -0.5505 -0.4618
vn -0.7722 -0.5501 -0.3178
vn -0.8784 -0.3126 -0.3615
vn -0.7912 -0.3129 -0.5254
vn -0.9245 0.0218 -0.3806
vn -0.8329 0.0218 -0.5530
vn -0.8624 0.3610 -0.3550
vn -0.7768 0.3613 -0.5158
vn -0.7371 0.6039 -0.3033
vn -0.6638 0.6043 -0.4407
vn -0.5920 -0.5510 -0.5882
vn -0.6736 -0.3132 -0.6694
vn -0.7091 0.0218 -0.7047
vn -0.6613 0.3617 -0.6572
vn -0.5649 0.6048 -0.5613
vn -0.0000 -0.5522 -0.8337
vn -0.1637 -0.5521 -0.8176
vn -0.1863 -0.3140 -0.9310
vn -0.0000 -0.3141 -0.9494
vn -0.1962 0.0219 -0.9803
vn -0.0000 0.0220 -0.9998
vn -0.1829 0.3625 -0.9139
vn -0.0000 0.3626 -0.9320
vn -0.1562 0.6059 -0.7801
vn -0.0000 0.6060 -0.7955
vn -0.1788 0.4122 -0.8934
vn -0.0000 0.4123 -0.9111
vn -0.0000 0.2269 -0.9739
vn -0.1912 0.2268 -0.9550
vn -0.0000 0.0026 -1.0000
vn -0.1963 0.0026 -0.9805
vn -0.0000 -0.2202 -0.9755
vn -0.1915 -0.2201 -0.9565
vn -0.0000 -0.4026 -0.9154
vn -0.1797 -0.4025 -0.8976
vn -0.3506 0.4119 -0.8411
vn -0.3747 0.2267 -0.8990
vn -0.3847 0.0025 -0.9230
vn -0.3753 -0.2200 -0.9004
vn -0.3523 -0.4023 -0.8450
vn -0.5086 0.4116 -0.7563
vn -0.5435 0.2265 -0.8083
vn -0.5580 0.0025 -0.8298
vn -0.5444 -0.2198 -0.8096
vn -0.5110 -0.4019 -0.7598
vn -0.6466 0.4112 -0.6425
vn -0.6910 0.2262 -0.6866
vn -0.7093 0.0026 -0.7049
vn -0.6920 -0.2195 -0.6877
vn -0.6497 -0.4015 -0.6455
vn -0.7596 0.4107 -0.5043
vn -0.8115 0.2260 -0.5388
vn -0.8331 0.0026 -0.5531
vn -0.8128 -0.2193 -0.5397
vn -0.7631 -0.4011 -0.5067
vn -0.8433 0.4104 -0.3471
vn -0.9009 0.2258 -0.3708
vn -0.9247 0.0025 -0.3806
vn -0.9023 -0.2191 -0.3714
vn -0.8472 -0.4008 -0.3487
vn -0.8947 0.4102 -0.1768
vn -0.9557 0.2256 -0.1889
vn -0.9810 0.0025 -0.1939
vn -0.9572 -0.2189 -0.1892
vn -0.8989 -0.4005 -0.1777
vn -0.9121 0.4101 -0.0000
vn -0.9742 0.2256 -0.0000
vn -1.0000 0.0025 -0.0000
vn -0.9757 -0.2189 -0.0000
vn -0.9163 -0.4004 -0.0000
vn -0.8947 0.4102 0.1768
vn -0.9557 0.2256 0.1889
vn -0.9810 0.0025 0.1939
vn -0.9572 -0.2189 0.1892
vn -0.8989 -0.4005 0.1777
vn -0.8433 0.4104 0.3471
vn -0.9009 0.2258 0.3708
vn -0.9247 0.0025 0.3806
vn -0.9023 -0.2191 0.3714
vn -0.8472 -0.4008 0.3487
vn -0.7596 0.4107 0.5043
vn -0.8115 0.2260 0.5388
vn -0.8331 0.0026 0.5531
vn -0.8128 -0.2193 0.5397
vn -0.7631 -0.4011 0.5067
vn -0.6466 0.4112 0.6425
vn -0.6910 0.2262 0.6866
vn -0.7093 0.0026 0.7049
vn -0.6920 -0.2195 0.6877
vn -0.6497 -0.4015 0.6455
vn -0.5086 0.4116 0.7563
vn -0.5435 0.2265 0.8083
vn -0.5580 0.0025 0.8298
vn -0.5444 -0.2198 0.8096
vn -0.5110 -0.4019 0.7598
vn -0.3506 0.4119 0.8411
vn -0.3747 0.2267 0.8990
vn -0.3847 0.0026 0.9230
vn -0.3753 -0.2200 0.9004
vn -0.3523 -0.4023 0.8450
vn -0.1788 0.4122 0.8934
vn -0.1912 0.2268 0.9550
vn -0.1963 0.0026 0.9805
vn -0.1915 -0.2201 0.9565
vn -0.1797 -0.4025 0.8976
vn -0.0000 0.4123 0.9111
vn -0.0000 0.2269 0.9739
vn -0.0000 0.0026 1.0000
vn -0.0000 -0.2202 0.9755
vn -0.0000 -0.4026 0.9154
vn 0.1788 0.4122 0.8934
vn 0.1912 0.2268 0.9550
vn 0.1963 0.0026 0.9805
vn 0.1915 -0.2201 0.9565
vn 0.1797 -0.4025 0.8976
vn 0.3506 0.4119 0.8411
vn 0.3747 0.2267 0.8990
vn 0.3847 0.0026 0.9230
vn 0.3753 -0.2200 0.9004
vn 0.3523 -0.4023 0.8450
vn 0.5086 0.4116 0.7563
vn 0.5435 0.2265 0.8083
vn 0.5580 0.0025 0.8298
vn 0.5444 -0.2198 0.8096
vn 0.5110 -0.4019 0.7598
vn 0.6466 0.4112 0.6425
vn 0.6910 0.2262 0.6866
vn 0.7093 0.0026 0.7049
vn 0.6920 -0.2195 0.6877
vn 0.6497 -0.4015 0.6455
vn 0.7596 0.4107 0.5043
vn 0.8115 0.2260 0.5388
vn 0.8331 0.0026 0.5531
vn 0.8128 -0.2193 0.5397
vn 0.7631 -0.4011 0.5067
vn 0.8433 0.4104 0.3471
vn 0.9009 0.2258 0.3708
vn 0.9247 0.0025 0.3806
vn 0.9023 -0.2191 0.3714
vn 0.8472 -0.4008 0.3487
vn 0.8947 0.4102 0.1768
vn 0.9557 0.2256 0.1889
vn 0.9810 0.0025 0.1939
vn 0.9572 -0.2189 0.1892
vn 0.8989 -0.4005 0.1777
vn 0.9121 0.4101 -0.0000
vn 0.9742 0.2256 -0.0000
vn 1.0000 0.0025 -0.0000
vn 0.9757 -0.2189 -0.0000
vn 0.9163 -0.4004 -0.0000
vn 0.8947 0.4102 -0.1768
vn 0.9557 0.2256 -0.1889
vn 0.9810 0.0025 -0.1939
vn 0.9572 -0.2189 -0.1892
vn 0.8989 -0.4005 -0.1777
vn 0.8433 0.4104 -0.3471
vn 0.9009 0.2258 -0.3708
vn 0.9247 0.0025 -0.3806
vn 0.9023 -0.2191 -0.3714
vn 0.8472 -0.4008 -0.3487
vn 0.7596 0.4107 -0.5043
vn 0.8115 0.2260 -0.5388
vn 0.8331 0.0026 -0.5531
vn 0.8128 -0.2193 -0.5397
vn 0.7631 -0.4011 -0.5067
vn 0.6466 0.4112 -0.6425
vn 0.6910 0.2262 -0.6866
vn 0.7093 0.0026 -0.7049
vn 0.6920 -0.2195 -0.6877
vn 0.6497 -0.4015 -0.6455
vn 0.5086 0.4116 -0.7563
vn 0.5435 0.2265 -0.8083
vn 0.5580 0.0025 -0.8298
vn 0.5444 -0.2198 -0.8096
vn 0.5110 -0.4019 -0.7598
vn 0.3506 0.4119 -0.8411
vn 0.3747 0.2267 -0.8990
vn 0.3847 0.0025 -0.9230
vn 0.3753 -0.2200 -0.9004
vn 0.3523 -0.4023 -0.8450
vn 0.1788 0.4122 -0.8934
vn 0.1912 0.2268 -0.9550
vn 0.1963 0.0026 -0.9805
vn 0.1915 -0.2201 -0.9565
vn 0.1797 -0.4025 -0.8976
vn -0.1816 0.3798 -0.9071
vn -0.0000 0.3799 -0.9250
vn -0.0000 0.2063 -0.9785
vn -0.1921 0.2062 -0.9595
vn -0.0000 -0.0030 -1.0000
vn -0.1963 -0.0030 -0.9805
vn -0.0000 -0.2139 -0.9769
vn -0.1917 -0.2139 -0.9579
vn -0.0000 -0.3906 -0.9205
vn -0.1807 -0.3906 -0.9027
vn -0.3560 0.3796 -0.8539
vn -0.3765 0.2061 -0.9032
vn -0.3847 -0.0030 -0.9230
vn -0.3759 -0.2137 -0.9017
vn -0.3542 -0.3903 -0.8498
vn -0.5163 0.3792 -0.7678
vn -0.5460 0.2059 -0.8121
vn -0.5580 -0.0030 -0.8298
vn -0.5451 -0.2135 -0.8107
vn -0.5138 -0.3900 -0.7641
vn -0.6565 0.3788 -0.6523
vn -0.6942 0.2057 -0.6898
vn -0.7093 -0.0030 -0.7049
vn -0.6930 -0.2133 -0.6887
vn -0.6533 -0.3896 -0.6492
vn -0.7711 0.3785 -0.5120
vn -0.8153 0.2054 -0.5413
vn -0.8331 -0.0030 -0.5531
vn -0.8140 -0.2130 -0.5405
vn -0.7674 -0.3892 -0.5095
vn -0.8561 0.3781 -0.3523
vn -0.9050 0.2052 -0.3725
vn -0.9247 -0.0030 -0.3806
vn -0.9035 -0.2128 -0.3719
vn -0.8520 -0.3888 -0.3507
vn -0.9083 0.3779 -0.1795
vn -0.9602 0.2051 -0.1898
vn -0.9810 -0.0030 -0.1939
vn -0.9586 -0.2127 -0.1895
vn -0.9039 -0.3886 -0.1787
vn -0.9259 0.3778 -0.0000
vn -0.9787 0.2051 -0.0000
vn -1.0000 -0.0030 -0.0000
vn -0.9771 -0.2126 -0.0000
vn -0.9214 -0.3885 -0.0000
vn -0.9083 0.3779 0.1795
vn -0.9602 0.2051 0.1898
vn -0.9810 -0.0030 0.1939
vn -0.9586 -0.2127 0.1895
vn -0.9039 -0.3886 0.1787
vn -0.8561 0.3781 0.3523
vn -0.9050 0.2052 0.3725
vn -0.9247 -0.0030 0.3806
vn -0.9035 -0.2128 0.3719
vn -0.8520 -0.3888 0.3507
vn -0.7711 0.3785 0.5120
vn -0.8153 0.2054 0.5413
vn -0.8331 -0.0030 0.5531
vn -0.8140 -0.2130 0.5405
vn -0.7674 -0.3892 0.5095
vn -0.6565 0.3788 0.6523
vn -0.6942 0.2057 0.6898
vn -0.7093 -0.0030 0.7049
vn -0.6930 -0.2133 0.6887
vn -0.6533 -0.3896 0.6492
vn -0.5163 0.3792 0.7678
vn -0.5460 0.2059 0.8121
vn -0.5580 -0.0030 0.8298
vn -0.5451 -0.2135 0.8107
vn -0.5138 -0.3900 0.7641
vn -0.3560 0.3796 0.8539
vn -0.3765 0.2061 0.9032
vn -0.3847 -0.0030 0.9230
vn -0.3759 -0.2137 0.9017
vn -0.3542 -0.3903 0.8498
vn -0.1816 0.3798 0.9071
vn -0.1921 0.2062 0.9595
vn -0.1963 -0.0030 0.9805
vn -0.1917 -0.2139 0.9579
vn -0.1807 -0.3906 0.9027
vn -0.0000 0.3799 0.9250
vn -0.0000 0.2063 0.9785
vn -0.0000 -0.0030 1.0000
vn -0.0000 -0.2139 0.9769
vn -0.0000 -0.3906 0.9205
vn 0.1816 0.3798 0.9071
vn 0.1921 0.2062 0.9595
vn 0.1963 -0.0030 0.9805
vn 0.1917 -0.2139 0.9579
vn 0.1807 -0.3906 0.9027
vn 0.3560 0.3796 0.8539
vn 0.3765 0.2061 0.9032
vn 0.3847 -0.0030 0.9230
vn 0.3759 -0.2137 0.9017
vn 0.3542 -0.3903 0.8498
vn 0.5163 0.3792 0.7678
vn 0.5460 0.2059 0.8121
vn 0.5580 -0.0030 0.8298
vn 0.5451 -0.2135 0.8107
vn 0.5138 -0.3900 0.7641
vn 0.6565 0.3788 0.6523
vn 0.6942 0.2057 0.6898
vn 0.7093 -0.0030 0.7049
vn 0.6930 -0.2133 0.6887
vn 0.6533 -0.3896 0.6492
vn 0.7711 0.3785 0.5120
vn 0.8153 0.2054 0.5413
vn 0.8331 -0.0030 0.5531
vn 0.8140 -0.2130 0.5404
vn 0.7674 -0.3892 0.5095
vn 0.8561 0.3781 0.3523
vn 0.9050 0.2052 0.3725
vn 0.9247 -0.0030 0.3806
vn 0.9035 -0.2128 0.3719
vn 0.8520 -0.3888 0.3507
vn 0.9083 0.3779 0.1795
vn 0.9602 0.2051 0.1898
vn 0.9810 -0.0030 0.1939
vn 0.9586 -0.2127 0.1895
vn 0.9039 -0.3886 0.1787
vn 0.9259 0.3778 -0.0000
vn 0.9787 0.2051 -0.0000
vn 1.0000 -0.0030 -0.0000
vn 0.9771 -0.2126 -0.0000
vn 0.9214 -0.3885 -0.0000
vn 0.9083 0.3779 -0.1795
vn 0.9602 0.2051 -0.1898
vn 0.9810 -0.0030 -0.1939
vn 0.9586 -0.2127 -0.1895
vn 0.9039 -0.3886 -0.1787
vn 0.8561 0.3781 -0.3523
vn 0.9050 0.2052 -0.3725
vn 0.9247 -0.0030 -0.3806
vn 0.9035 -0.2128 -0.3719
vn 0.8520 -0.3888 -0.3507
vn 0.7711 0.3785 -0.5120
vn 0.8153 0.2054 -0.5413
vn 0.8331 -0.0030 -0.5531
vn 0.8140 -0.2130 -0.5405
vn 0.7674 -0.3892 -0.5095
vn 0.6565 0.3788 -0.6523
vn 0.6942 0.2057 -0.6898
vn 0.7093 -0.0030 -0.7049
vn 0.6930 -0.2133 -0.6887
vn 0.6533 -0.3896 -0.6492
vn 0.5163 0.3792 -0.7678
vn 0.5460 0.2059 -0.8121
vn 0.5580 -0.0030 -0.8298
vn 0.5451 -0.2135 -0.8107
vn 0.5138 -0.3900 -0.7641
vn 0.3560 0.3796 -0.8539
vn 0.3765 0.2061 -0.9032
vn 0.3847 -0.0030 -0.9230
vn 0.3759 -0.2137 -0.9017
vn 0.3542 -0.3903 -0.8498
vn 0.1816 0.3798 -0.9071
vn 0.1921 0.2062 -0.9595
vn 0.1963 -0.0030 -0.9805
vn 0.1917 -0.2139 -0.9579
vn 0.1807 -0.3906 -0.9027
vn -0.1508 -0.6404 -0.7531
vn -0.2957 -0.6402 -0.7090
vn -0.2857 0.6703 -0.6849
vn -0.1457 0.6706 -0.7274
vn -0.0000 -0.6405 -0.7679
vn -0.0000 0.6707 -0.7418
vn -0.4145 0.6699 -0.6160
vn -0.4290 -0.6398 -0.6377
vn -0.5456 -0.6393 -0.5419
vn -0.5271 0.6694 -0.5235
vn -0.6193 0.6690 -0.4110
vn -0.6411 -0.6388 -0.4254
vn -0.7118 -0.6384 -0.2928
vn -0.6877 0.6686 -0.2829
vn -0.7553 -0.6381 -0.1492
vn -0.7298 0.6683 -0.1442
vn -0.7440 0.6682 -0.0000
vn -0.7700 -0.6381 -0.0000
vn -0.7553 -0.6381 0.1492
vn -0.7298 0.6683 0.1442
vn -0.6877 0.6686 0.2829
vn -0.7118 -0.6384 0.2928
vn -0.6411 -0.6388 0.4254
vn -0.6193 0.6690 0.4110
vn -0.5456 -0.6393 0.5419
vn -0.5271 0.6694 0.5235
vn -0.4145 0.6699 0.6160
vn -0.4290 -0.6398 0.6377
vn -0.2957 -0.6402 0.7090
vn -0.2857 0.6703 0.6849
vn -0.1457 0.6706 0.7274
vn -0.1508 -0.6404 0.7530
vn -0.0000 -0.6405 0.7679
vn -0.0000 0.6706 0.7418
vn 0.1508 -0.6404 0.7530
vn 0.1457 0.6706 0.7274
vn 0.2857 0.6703 0.6849
vn 0.2957 -0.6402 0.7090
vn 0.4290 -0.6398 0.6377
vn 0.4145 0.6699 0.6160
vn 0.5271 0.6694 0.5235
vn 0.5456 -0.6393 0.5419
vn 0.6411 -0.6388 0.4254
vn 0.6193 0.6690 0.4110
vn 0.7118 -0.6384 0.2928
vn 0.6877 0.6686 0.2829
vn 0.7298 0.6683 0.1442
vn 0.7553 -0.6381 0.1492
vn 0.7700 -0.6381 -0.0000
vn 0.7440 0.6682 -0.0000
vn 0.7298 0.6683 -0.1442
vn 0.7553 -0.6381 -0.1492
vn 0.7118 -0.6384 -0.2928
vn 0.6877 0.6686 -0.2829
vn 0.6411 -0.6388 -0.4254
vn 0.6193 0.6690 -0.4110
vn 0.5271 0.6694 -0.5235
vn 0.5456 -0.6393 -0.5419
vn 0.4290 -0.6398 -0.6377
vn 0.4145 0.6699 -0.6160
vn 0.2857 0.6703 -0.6849
vn 0.2957 -0.6402 -0.7090
vn 0.1508 -0.6404 -0.7531
vn 0.1457 0.6706 -0.7274
vn -0.0000 -0.6286 -0.7777
vn -0.1528 -0.6285 -0.7627
vn -0.1434 0.6835 -0.7157
vn -0.0000 0.6836 -0.7299
vn -0.2811 0.6832 -0.6739
vn -0.2995 -0.6282 -0.7181
vn -0.4345 -0.6278 -0.6458
vn -0.4078 0.6828 -0.6061
vn -0.5187 0.6824 -0.5151
vn -0.5526 -0.6273 -0.5487
vn -0.6492 -0.6269 -0.4308
vn -0.6095 0.6819 -0.4044
vn -0.7208 -0.6265 -0.2965
vn -0.6768 0.6815 -0.2784
vn -0.7181 0.6813 -0.1419
vn -0.7649 -0.6262 -0.1511
vn -0.7797 -0.6261 -0.0000
vn -0.7321 0.6812 -0.0000
vn -0.7181 0.6813 0.1419
vn -0.7649 -0.6262 0.1511
vn -0.7208 -0.6265 0.2965
vn -0.6768 0.6815 0.2784
vn -0.6492 -0.6269 0.4308
vn -0.6095 0.6819 0.4044
vn -0.5187 0.6824 0.5151
vn -0.5526 -0.6273 0.5487
vn -0.4345 -0.6278 0.6458
vn -0.4078 0.6828 0.6061
vn -0.2811 0.6832 0.6739
vn -0.2995 -0.6282 0.7181
vn -0.1528 -0.6285 0.7627
vn -0.1434 0.6835 0.7157
vn -0.0000 -0.6286 0.7777
vn -0.0000 0.6836 0.7299
vn 0.1434 0.6835 0.7157
vn 0.1528 -0.6285 0.7627
vn 0.2995 -0.6282 0.7181
vn 0.2811 0.6832 0.6739
vn 0.4078 0.6828 0.6061
vn 0.4345 -0.6278 0.6458
vn 0.5526 -0.6273 0.5487
vn 0.5187 0.6824 0.5151
vn 0.6492 -0.6269 0.4308
vn 0.6095 0.6819 0.4044
vn 0.6768 0.6815 0.2784
vn 0.7208 -0.6265 0.2965
vn 0.7649 -0.6262 0.1511
vn 0.7181 0.6813 0.1419
vn 0.7321 0.6812 -0.0000
vn 0.7797 -0.6261 -0.0000
vn 0.7649 -0.6262 -0.1511
vn 0.7181 0.6813 -0.1419
vn 0.7208 -0.6265 -0.2965
vn 0.6768 0.6815 -0.2784
vn 0.6095 0.6819 -0.4044
vn 0.6492 -0.6269 -0.4308
vn 0.5526 -0.6273 -0.5487
vn 0.5187 0.6824 -0.5151
vn 0.4078 0.6828 -0.6061
vn 0.4345 -0.6278 -0.6458
vn 0.2995 -0.6282 -0.7181
vn 0.2811 0.6832 -0.6739
vn 0.1528 -0.6285 -0.7627
vn 0.1434 0.6835 -0.7157
vn -0.1721 0.4814 -0.8594
vn -0.0000 0.4815 -0.8764
vn -0.0000 -0.4705 -0.8824
vn 0.1733 -0.4704 -0.8653
vn 0.1721 0.4814 -0.8594
vn -0.1733 -0.4704 -0.8653
vn 0.3374 0.4812 -0.8091
vn 0.3397 -0.4701 -0.8146
vn 0.4928 -0.4697 -0.7325
vn 0.4894 0.4808 -0.7275
vn 0.6223 0.4803 -0.6181
vn 0.6265 -0.4693 -0.6223
vn 0.7360 -0.4688 -0.4884
vn 0.7310 0.4799 -0.4851
vn 0.8116 0.4795 -0.3339
vn 0.8171 -0.4684 -0.3361
vn 0.8669 -0.4681 -0.1713
vn 0.8611 0.4792 -0.1701
vn 0.8837 -0.4681 -0.0000
vn 0.8778 0.4791 -0.0000
vn 0.8669 -0.4681 0.1713
vn 0.8611 0.4792 0.1701
vn 0.8171 -0.4684 0.3361
vn 0.8116 0.4794 0.3339
vn 0.7310 0.4798 0.4851
vn 0.7360 -0.4688 0.4884
vn 0.6265 -0.4693 0.6223
vn 0.6223 0.4803 0.6181
vn 0.4928 -0.4697 0.7325
vn 0.4894 0.4808 0.7275
vn 0.3397 -0.4701 0.8146
vn 0.3374 0.4812 0.8091
vn 0.1721 0.4814 0.8594
vn 0.1733 -0.4703 0.8653
vn -0.0000 -0.4705 0.8824
vn -0.0000 0.4815 0.8764
vn -0.1733 -0.4703 0.8653
vn -0.1721 0.4814 0.8594
vn -0.3374 0.4812 0.8091
vn -0.3397 -0.4701 0.8146
vn -0.4928 -0.4697 0.7325
vn -0.4894 0.4808 0.7275
vn -0.6265 -0.4693 0.6223
vn -0.6223 0.4803 0.6181
vn -0.7310 0.4799 0.4851
vn -0.7360 -0.4688 0.4884
vn -0.8171 -0.4684 0.3361
vn -0.8116 0.4795 0.3339
vn -0.8669 -0.4681 0.1713
vn -0.8611 0.4792 0.1701
vn -0.8778 0.4791 -0.0000
vn -0.8837 -0.4681 -0.0000
vn -0.8669 -0.4681 -0.1713
vn -0.8611 0.4792 -0.1701
vn -0.8171 -0.4684 -0.3361
vn -0.8116 0.4794 -0.3339
vn -0.7310 0.4798 -0.4851
vn -0.7360 -0.4688 -0.4884
vn -0.6223 0.4803 -0.6181
vn -0.6265 -0.4693 -0.6223
vn -0.4928 -0.4697 -0.7325
vn -0.4894 0.4808 -0.7275
vn -0.3397 -0.4701 -0.8146
vn -0.3374 0.4812 -0.8091
vn -0.0000 -0.4576 -0.8891
vn 0.1746 -0.4575 -0.8719
vn 0.1758 0.4452 -0.8780
vn 0.3447 0.4450 -0.8265
vn 0.3423 -0.4573 -0.8208
vn -0.0000 0.4453 -0.8954
vn 0.5000 0.4446 -0.7432
vn 0.4965 -0.4569 -0.7381
vn 0.6357 0.4442 -0.6314
vn 0.6313 -0.4564 -0.6270
vn 0.7467 0.4437 -0.4956
vn 0.7415 -0.4560 -0.4921
vn 0.8289 0.4433 -0.3410
vn 0.8232 -0.4556 -0.3387
vn 0.8795 0.4431 -0.1738
vn 0.8734 -0.4553 -0.1726
vn 0.8965 0.4430 -0.0000
vn 0.8904 -0.4553 -0.0000
vn 0.8795 0.4431 0.1738
vn 0.8734 -0.4553 0.1726
vn 0.8289 0.4433 0.3410
vn 0.8232 -0.4556 0.3387
vn 0.7467 0.4437 0.4956
vn 0.7415 -0.4560 0.4921
vn 0.6357 0.4442 0.6314
vn 0.6313 -0.4564 0.6270
vn 0.5000 0.4446 0.7432
vn 0.4965 -0.4569 0.7381
vn 0.3447 0.4450 0.8265
vn 0.3423 -0.4573 0.8208
vn 0.1758 0.4453 0.8780
vn 0.1746 -0.4575 0.8719
vn -0.0000 0.4453 0.8954
vn -0.0000 -0.4576 0.8891
vn -0.1758 0.4453 0.8780
vn -0.1746 -0.4575 0.8719
vn -0.3447 0.4450 0.8265
vn -0.3423 -0.4573 0.8208
vn -0.5000 0.4446 0.7432
vn -0.4965 -0.4569 0.7381
vn -0.6357 0.4442 0.6314
vn -0.6313 -0.4564 0.6270
vn -0.7467 0.4437 0.4956
vn -0.7415 -0.4560 0.4921
vn -0.8289 0.4433 0.3410
vn -0.8232 -0.4556 0.3387
vn -0.8795 0.4431 0.1738
vn -0.8734 -0.4553 0.1726
vn -0.8965 0.4430 -0.0000
vn -0.8904 -0.4553 -0.0000
vn -0.8795 0.4431 -0.1738
vn -0.8734 -0.4553 -0.1726
vn -0.8289 0.4433 -0.3410
vn -0.8232 -0.4556 -0.3387
vn -0.7467 0.4437 -0.4956
vn -0.7415 -0.4560 -0.4921
vn -0.6357 0.4442 -0.6314
vn -0.6313 -0.4564 -0.6270
vn -0.5000 0.4446 -0.7432
vn -0.4965 -0.4569 -0.7381
vn -0.3447 0.4450 -0.8265
vn -0.3423 -0.4573 -0.8208
vn -0.1758 0.4452 -0.8780
vn -0.1746 -0.4575 -0.8719
vn -0.0000 1.0000 -0.0000
vn -0.1197 0.7923 0.5982
vn -0.0000 0.7924 0.6100
vn -0.1198 0.7923 0.5982
vn -0.1853 0.3287 0.9261
vn -0.0000 0.3287 0.9444
vn -0.0000 0.2139 0.9768
vn -0.1918 0.2139 0.9579
vn -0.0000 0.0928 0.9957
vn -0.1955 0.0928 0.9763
vn -0.2347 0.7921 0.5634
vn -0.2350 0.7921 0.5633
vn -0.3633 0.3285 0.8718
vn -0.3759 0.2137 0.9017
vn -0.3831 0.0928 0.9190
vn -0.3407 0.7918 0.5069
vn -0.3410 0.7918 0.5067
vn -0.5270 0.3281 0.7839
vn -0.5452 0.2135 0.8107
vn -0.5557 0.0927 0.8262
vn -0.4335 0.7914 0.4310
vn -0.4338 0.7914 0.4307
vn -0.6701 0.3278 0.6660
vn -0.6931 0.2133 0.6886
vn -0.7063 0.0926 0.7018
vn -0.5095 0.7911 0.3385
vn -0.5097 0.7911 0.3382
vn -0.7871 0.3274 0.5227
vn -0.8140 0.2130 0.5404
vn -0.8296 0.0924 0.5507
vn -0.5660 0.7908 0.2331
vn -0.5661 0.7908 0.2328
vn -0.8738 0.3271 0.3597
vn -0.9036 0.2128 0.3718
vn -0.9208 0.0923 0.3789
vn -0.6008 0.7905 0.1188
vn -0.6008 0.7905 0.1187
vn -0.9271 0.3269 0.1833
vn -0.9586 0.2127 0.1894
vn -0.9768 0.0923 0.1930
vn -0.6125 0.7905 -0.0000
vn -0.9451 0.3268 -0.0000
vn -0.9771 0.2126 -0.0000
vn -0.9957 0.0923 -0.0000
vn -0.6008 0.7905 -0.1188
vn -0.6008 0.7905 -0.1187
vn -0.9271 0.3269 -0.1833
vn -0.9586 0.2127 -0.1894
vn -0.9768 0.0923 -0.1930
vn -0.5660 0.7908 -0.2331
vn -0.5661 0.7908 -0.2328
vn -0.8738 0.3271 -0.3597
vn -0.9036 0.2128 -0.3718
vn -0.9208 0.0923 -0.3789
vn -0.5095 0.7911 -0.3385
vn -0.5097 0.7911 -0.3382
vn -0.7871 0.3274 -0.5227
vn -0.8140 0.2130 -0.5404
vn -0.8296 0.0924 -0.5507
vn -0.4335 0.7914 -0.4310
vn -0.4338 0.7914 -0.4307
vn -0.6701 0.3278 -0.6660
vn -0.6931 0.2133 -0.6886
vn -0.7063 0.0926 -0.7018
vn -0.3407 0.7918 -0.5070
vn -0.3410 0.7918 -0.5068
vn -0.5270 0.3282 -0.7839
vn -0.5452 0.2135 -0.8107
vn -0.5557 0.0927 -0.8262
vn -0.2347 0.7921 -0.5635
vn -0.2350 0.7921 -0.5634
vn -0.3633 0.3285 -0.8718
vn -0.3759 0.2138 -0.9017
vn -0.3831 0.0928 -0.9190
vn -0.1197 0.7923 -0.5983
vn -0.1198 0.7923 -0.5983
vn -0.1853 0.3287 -0.9261
vn -0.1918 0.2139 -0.9578
vn -0.1955 0.0928 -0.9763
vn -0.0000 0.7924 -0.6101
vn -0.0000 0.3288 -0.9444
vn -0.0000 0.2140 -0.9768
vn -0.0000 0.0928 -0.9957
vn 0.1197 0.7923 -0.5983
vn 0.1198 0.7923 -0.5983
vn 0.1853 0.3287 -0.9261
vn 0.1918 0.2139 -0.9578
vn 0.1955 0.0928 -0.9763
vn 0.2347 0.7921 -0.5634
vn 0.2350 0.7921 -0.5633
vn 0.3633 0.3285 -0.8718
vn 0.3759 0.2137 -0.9017
vn 0.3831 0.0928 -0.9190
vn 0.3407 0.7918 -0.5069
vn 0.3410 0.7918 -0.5067
vn 0.5270 0.3281 -0.7839
vn 0.5452 0.2135 -0.8107
vn 0.5557 0.0927 -0.8262
vn 0.4335 0.7914 -0.4310
vn 0.4338 0.7914 -0.4307
vn 0.6701 0.3278 -0.6660
vn 0.6931 0.2133 -0.6886
vn 0.7063 0.0926 -0.7018
vn 0.5095 0.7911 -0.3385
vn 0.5097 0.7911 -0.3382
vn 0.7871 0.3274 -0.5227
vn 0.8140 0.2130 -0.5404
vn 0.8296 0.0924 -0.5507
vn 0.5660 0.7908 -0.2331
vn 0.5661 0.7908 -0.2328
vn 0.8738 0.3271 -0.3597
vn 0.9036 0.2128 -0.3718
vn 0.9208 0.0923 -0.3789
vn 0.6008 0.7905 -0.1188
vn 0.6008 0.7905 -0.1187
vn 0.9271 0.3269 -0.1833
vn 0.9586 0.2127 -0.1894
vn 0.9768 0.0923 -0.1930
vn 0.6125 0.7905 -0.0000
vn 0.9451 0.3268 -0.0000
vn 0.9771 0.2126 -0.0000
vn 0.9957 0.0923 -0.0000
vn 0.6008 0.7905 0.1188
vn 0.6008 0.7905 0.1187
vn 0.9271 0.3269 0.1833
vn 0.9586 0.2127 0.1894
vn 0.9768 0.0923 0.1930
vn 0.5660 0.7908 0.2331
vn 0.5661 0.7908 0.2328
vn 0.8738 0.3271 0.3597
vn 0.9036 0.2128 0.3718
vn 0.9208 0.0923 0.3789
vn 0.5095 0.7911 0.3385
vn 0.5097 0.7911 0.3382
vn 0.7871 0.3274 0.5227
vn 0.8140 0.2130 0.5404
vn 0.8296 0.0924 0.5507
vn 0.4335 0.7914 0.4310
vn 0.4338 0.7914 0.4307
vn 0.6701 0.3278 0.6660
vn 0.6931 0.2133 0.6886
vn 0.7063 0.0926 0.7018
vn 0.3407 0.7918 0.5070
vn 0.3410 0.7918 0.5068
vn 0.5270 0.3282 0.7839
vn 0.5452 0.2135 0.8107
vn 0.5557 0.0927 0.8262
vn 0.2347 0.7921 0.5634
vn 0.2350 0.7921 0.5633
vn 0.3633 0.3285 0.8718
vn 0.3759 0.2137 0.9017
vn 0.3831 0.0928 0.9190
vn 0.1197 0.7923 0.5982
vn 0.1198 0.7923 0.5982
vn 0.1853 0.3287 0.9261
vn 0.1918 0.2139 0.9579
vn 0.1955 0.0928 0.9763
vn -0.0715 0.9825 -0.1717
vn -0.0716 0.9825 -0.1717
vn -0.0365 0.9826 -0.1823
vn -0.1039 0.9825 -0.1546
vn -0.1040 0.9825 -0.1545
vn -0.1322 0.9825 -0.1315
vn -0.1323 0.9825 -0.1314
vn -0.1555 0.9824 -0.1033
vn -0.1556 0.9824 -0.1032
vn -0.1728 0.9824 -0.0712
vn -0.1728 0.9824 -0.0711
vn -0.1834 0.9824 -0.0363
vn -0.1834 0.9824 -0.0362
vn -0.1870 0.9824 -0.0000
vn -0.1834 0.9824 0.0363
vn -0.1834 0.9824 0.0362
vn -0.1728 0.9824 0.0712
vn -0.1728 0.9824 0.0711
vn -0.1555 0.9824 0.1033
vn -0.1556 0.9824 0.1032
vn -0.1322 0.9825 0.1315
vn -0.1323 0.9825 0.1314
vn -0.1039 0.9825 0.1546
vn -0.1040 0.9825 0.1545
vn -0.0715 0.9825 0.1717
vn -0.0716 0.9825 0.1717
vn -0.0365 0.9826 0.1823
vn -0.0000 0.9826 0.1859
vn 0.0365 0.9826 0.1823
vn 0.0715 0.9825 0.1717
vn 0.0716 0.9825 0.1717
vn 0.1039 0.9825 0.1546
vn 0.1040 0.9825 0.1545
vn 0.1322 0.9825 0.1315
vn 0.1323 0.9825 0.1314
vn 0.1555 0.9824 0.1033
vn 0.1556 0.9824 0.1032
vn 0.1728 0.9824 0.0712
vn 0.1728 0.9824 0.0711
vn 0.1834 0.9824 0.0363
vn 0.1834 0.9824 0.0362
vn 0.1870 0.9824 -0.0000
vn 0.1834 0.9824 -0.0363
vn 0.1834 0.9824 -0.0362
vn 0.1728 0.9824 -0.0712
vn 0.1728 0.9824 -0.0711
vn 0.1555 0.9824 -0.1033
vn 0.1556 0.9824 -0.1032
vn 0.1322 0.9825 -0.1315
vn 0.1323 0.9825 -0.1314
vn 0.1039 0.9825 -0.1546
vn 0.1040 0.9825 -0.1545
vn 0.0715 0.9825 -0.1717
vn 0.0716 0.9825 -0.1717
vn 0.0365 0.9826 -0.1823
vn -0.0000 0.9826 -0.1859
vn -0.0000 0.9946 -0.1036
vn 0.0202 0.9946 -0.1016
vn 0.0763 0.9203 -0.3837
vn -0.0000 0.9203 -0.3913
vn 0.1388 0.7026 -0.6979
vn -0.0000 0.7027 -0.7115
vn 0.1805 0.3796 -0.9074
vn -0.0000 0.3796 -0.9251
vn 0.1941 0.0979 -0.9761
vn -0.0000 0.0978 -0.9952
vn 0.0396 0.9946 -0.0957
vn 0.1498 0.9203 -0.3615
vn 0.2724 0.7025 -0.6575
vn 0.3541 0.3796 -0.8547
vn 0.3809 0.0980 -0.9194
vn 0.0576 0.9946 -0.0860
vn 0.2176 0.9202 -0.3256
vn 0.3954 0.7025 -0.5917
vn 0.5139 0.3797 -0.7692
vn 0.5529 0.0977 -0.8275
vn 0.0732 0.9946 -0.0731
vn 0.2768 0.9202 -0.2769
vn 0.5032 0.7025 -0.5032
vn 0.6542 0.3797 -0.6542
vn 0.7038 0.0977 -0.7037
vn 0.0860 0.9946 -0.0575
vn 0.3254 0.9202 -0.2174
vn 0.5917 0.7025 -0.3954
vn 0.7692 0.3797 -0.5139
vn 0.8275 0.0979 -0.5529
vn 0.0956 0.9946 -0.0396
vn 0.3616 0.9202 -0.1498
vn 0.6574 0.7026 -0.2723
vn 0.8546 0.3798 -0.3541
vn 0.9194 0.0979 -0.3808
vn 0.1015 0.9946 -0.0202
vn 0.3838 0.9203 -0.0764
vn 0.6979 0.7026 -0.1388
vn 0.9073 0.3798 -0.1805
vn 0.9761 0.0979 -0.1941
vn 0.1035 0.9946 -0.0000
vn 0.3912 0.9203 -0.0000
vn 0.7115 0.7027 -0.0000
vn 0.9251 0.3797 -0.0000
vn 0.9952 0.0979 -0.0000
vn 0.1015 0.9946 0.0202
vn 0.3837 0.9203 0.0764
vn 0.6979 0.7026 0.1389
vn 0.9073 0.3797 0.1804
vn 0.9761 0.0980 0.1941
vn 0.0956 0.9946 0.0396
vn 0.3616 0.9203 0.1497
vn 0.6575 0.7025 0.2724
vn 0.8547 0.3798 0.3539
vn 0.9194 0.0982 0.3809
vn 0.0861 0.9946 0.0575
vn 0.3255 0.9202 0.2175
vn 0.5917 0.7026 0.3953
vn 0.7691 0.3800 0.5139
vn 0.8274 0.0981 0.5529
vn 0.0733 0.9946 0.0732
vn 0.2769 0.9202 0.2768
vn 0.5030 0.7028 0.5031
vn 0.6541 0.3799 0.6541
vn 0.7038 0.0977 0.7037
vn 0.0575 0.9946 0.0861
vn 0.2176 0.9201 0.3256
vn 0.3953 0.7027 0.5916
vn 0.5139 0.3799 0.7692
vn 0.5529 0.0977 0.8275
vn 0.0396 0.9946 0.0957
vn 0.1499 0.9201 0.3618
vn 0.2723 0.7026 0.6574
vn 0.3540 0.3801 0.8545
vn 0.3809 0.0979 0.9194
vn 0.0202 0.9946 0.1016
vn 0.0763 0.9202 0.3839
vn 0.1388 0.7027 0.6978
vn 0.1805 0.3799 0.9073
vn 0.1941 0.0979 0.9761
vn -0.0000 0.9946 0.1036
vn -0.0000 0.9203 0.3913
vn -0.0000 0.7027 0.7115
vn -0.0000 0.3796 0.9251
vn -0.0000 0.0978 0.9952
vn -0.0202 0.9946 0.1016
vn -0.0764 0.9202 0.3839
vn -0.1388 0.7027 0.6978
vn -0.1805 0.3799 0.9073
vn -0.1941 0.0979 0.9761
vn -0.0397 0.9946 0.0957
vn -0.1499 0.9201 0.3618
vn -0.2724 0.7026 0.6574
vn -0.3540 0.3801 0.8545
vn -0.3809 0.0979 0.9194
vn -0.0575 0.9946 0.0861
vn -0.2176 0.9201 0.3256
vn -0.3953 0.7027 0.5916
vn -0.5139 0.3799 0.7692
vn -0.5529 0.0977 0.8275
vn -0.0733 0.9946 0.0732
vn -0.2769 0.9202 0.2768
vn -0.5031 0.7028 0.5031
vn -0.6541 0.3799 0.6541
vn -0.7038 0.0977 0.7037
vn -0.0861 0.9946 0.0575
vn -0.3255 0.9202 0.2175
vn -0.5917 0.7026 0.3953
vn -0.7691 0.3800 0.5139
vn -0.8275 0.0981 0.5529
vn -0.0956 0.9946 0.0396
vn -0.3616 0.9203 0.1497
vn -0.6575 0.7025 0.2724
vn -0.8547 0.3798 0.3539
vn -0.9194 0.0982 0.3809
vn -0.1015 0.9946 0.0202
vn -0.3837 0.9203 0.0764
vn -0.6979 0.7026 0.1389
vn -0.9073 0.3797 0.1804
vn -0.9761 0.0980 0.1941
vn -0.1035 0.9946 -0.0000
vn -0.3912 0.9203 -0.0000
vn -0.7115 0.7027 -0.0000
vn -0.9251 0.3797 -0.0000
vn -0.9952 0.0979 -0.0000
vn -0.1015 0.9946 -0.0202
vn -0.3838 0.9203 -0.0764
vn -0.6979 0.7026 -0.1388
vn -0.9073 0.3798 -0.1805
vn -0.9761 0.0979 -0.1941
vn -0.0956 0.9946 -0.0396
vn -0.3616 0.9202 -0.1498
vn -0.6574 0.7026 -0.2723
vn -0.8546 0.3798 -0.3541
vn -0.9194 0.0979 -0.3808
vn -0.0860 0.9946 -0.0575
vn -0.3254 0.9202 -0.2174
vn -0.5917 0.7025 -0.3954
vn -0.7692 0.3797 -0.5139
vn -0.8275 0.0979 -0.5529
vn -0.0732 0.9946 -0.0731
vn -0.2768 0.9202 -0.2769
vn -0.5032 0.7025 -0.5032
vn -0.6542 0.3797 -0.6542
vn -0.7038 0.0977 -0.7037
vn -0.0576 0.9946 -0.0860
vn -0.2176 0.9202 -0.3255
vn -0.3954 0.7025 -0.5917
vn -0.5139 0.3797 -0.7692
vn -0.5529 0.0977 -0.8275
vn -0.0396 0.9946 -0.0957
vn -0.1498 0.9203 -0.3615
vn -0.2724 0.7025 -0.6575
vn -0.3541 0.3796 -0.8547
vn -0.3809 0.0980 -0.9194
vn -0.0202 0.9946 -0.1016
vn -0.0763 0.9203 -0.3837
vn -0.1388 0.7026 -0.6979
vn -0.1805 0.3796 -0.9074
vn -0.1941 0.0979 -0.9761
vn 0.1951 -0.0000 -0.9808
vn -0.1951 -0.0000 -0.9808
vn 0.3827 -0.0000 -0.9239
vn 0.5556 -0.0000 -0.8315
vn 0.7071 -0.0000 -0.7071
vn 0.8315 -0.0000 -0.5556
vn 0.9239 -0.0000 -0.3827
vn 0.9808 -0.0000 -0.1951
vn 0.9808 -0.0000 0.1951
vn 0.9239 -0.0000 0.3827
vn 0.8315 -0.0000 0.5556
vn 0.7071 -0.0000 0.7071
vn 0.5556 -0.0000 0.8315
vn 0.3827 -0.0000 0.9239
vn 0.1951 -0.0000 0.9808
vn -0.1951 -0.0000 0.9808
vn -0.3827 -0.0000 0.9239
vn -0.5556 -0.0000 0.8315
vn -0.7071 -0.0000 0.7071
vn -0.8315 -0.0000 0.5556
vn -0.9239 -0.0000 0.3827
vn -0.9808 -0.0000 0.1951
vn -0.9808 -0.0000 -0.1951
vn -0.9239 -0.0000 -0.3827
vn -0.8315 -0.0000 -0.5556
vn -0.7071 -0.0000 -0.7071
vn -0.5556 -0.0000 -0.8315
vn -0.3827 -0.0000 -0.9239
vn 0.1942 0.0979 -0.9761
vn -0.0000 0.0979 -0.9952
vn -0.0000 0.3802 -0.9249
vn 0.1805 0.3801 -0.9072
vn -0.0000 0.7026 -0.7116
vn 0.1389 0.7026 -0.6979
vn -0.0000 0.9201 -0.3918
vn 0.0764 0.9201 -0.3842
vn -0.0000 0.9946 -0.1034
vn 0.0202 0.9946 -0.1014
vn 0.3809 0.0978 -0.9194
vn 0.3540 0.3800 -0.8546
vn 0.2723 0.7026 -0.6574
vn 0.1498 0.9201 -0.3618
vn 0.0396 0.9946 -0.0956
vn 0.5138 0.3799 -0.7692
vn 0.3953 0.7027 -0.5916
vn 0.2176 0.9201 -0.3256
vn 0.0575 0.9946 -0.0860
vn 0.7037 0.0977 -0.7037
vn 0.6541 0.3799 -0.6541
vn 0.5031 0.7027 -0.5030
vn 0.2769 0.9201 -0.2769
vn 0.0732 0.9946 -0.0732
vn 0.8275 0.0978 -0.5529
vn 0.7692 0.3799 -0.5139
vn 0.5916 0.7027 -0.3953
vn 0.3255 0.9202 -0.2175
vn 0.9194 0.0980 -0.3809
vn 0.8546 0.3800 -0.3539
vn 0.6574 0.7026 -0.2724
vn 0.3617 0.9202 -0.1498
vn 0.9761 0.0980 -0.1942
vn 0.9072 0.3799 -0.1804
vn 0.3841 0.9201 -0.0764
vn 0.1016 0.9946 -0.0202
vn 0.9250 0.3799 -0.0000
vn 0.7116 0.7026 -0.0000
vn 0.3915 0.9202 -0.0000
vn 0.9761 0.0979 0.1942
vn 0.9073 0.3799 0.1804
vn 0.3840 0.9202 0.0763
vn 0.1016 0.9946 0.0202
vn 0.9195 0.0978 0.3808
vn 0.8546 0.3799 0.3540
vn 0.6573 0.7027 0.2724
vn 0.3617 0.9202 0.1499
vn 0.0957 0.9946 0.0396
vn 0.8275 0.0979 0.5528
vn 0.5916 0.7027 0.3953
vn 0.3255 0.9202 0.2176
vn 0.0860 0.9946 0.0575
vn 0.7037 0.0982 0.7037
vn 0.6541 0.3801 0.6540
vn 0.5033 0.7025 0.5033
vn 0.2769 0.9201 0.2769
vn 0.0731 0.9946 0.0731
vn 0.5528 0.0983 0.8275
vn 0.5139 0.3800 0.7691
vn 0.3955 0.7023 0.5919
vn 0.2176 0.9202 0.3256
vn 0.0574 0.9946 0.0860
vn 0.3808 0.0980 0.9194
vn 0.3540 0.3799 0.8546
vn 0.2724 0.7024 0.6576
vn 0.1498 0.9201 0.3618
vn 0.0396 0.9946 0.0956
vn 0.1942 0.0979 0.9761
vn 0.1805 0.3798 0.9073
vn 0.1388 0.7026 0.6979
vn 0.0764 0.9202 0.3840
vn -0.0000 0.0979 0.9952
vn -0.0000 0.9202 0.3914
vn -0.1942 0.0979 0.9761
vn -0.1805 0.3798 0.9073
vn -0.1389 0.7026 0.6979
vn -0.0764 0.9202 0.3840
vn -0.3808 0.0980 0.9194
vn -0.3540 0.3799 0.8546
vn -0.2724 0.7024 0.6576
vn -0.1498 0.9201 0.3618
vn -0.0396 0.9946 0.0956
vn -0.5528 0.0983 0.8275
vn -0.5139 0.3800 0.7691
vn -0.3955 0.7023 0.5919
vn -0.2176 0.9202 0.3256
vn -0.0574 0.9946 0.0860
vn -0.7037 0.0982 0.7037
vn -0.6540 0.3802 0.6540
vn -0.5032 0.7025 0.5033
vn -0.2769 0.9201 0.2769
vn -0.0731 0.9946 0.0731
vn -0.8275 0.0979 0.5528
vn -0.5916 0.7027 0.3953
vn -0.3256 0.9201 0.2176
vn -0.0860 0.9946 0.0575
vn -0.9195 0.0978 0.3808
vn -0.8546 0.3799 0.3540
vn -0.6573 0.7027 0.2724
vn -0.3617 0.9202 0.1499
vn -0.0957 0.9946 0.0396
vn -0.9761 0.0979 0.1942
vn -0.9073 0.3799 0.1804
vn -0.3840 0.9202 0.0763
vn -0.1016 0.9946 0.0202
vn -0.9250 0.3799 -0.0000
vn -0.7116 0.7026 -0.0000
vn -0.3915 0.9202 -0.0000
vn -0.9761 0.0980 -0.1942
vn -0.9072 0.3799 -0.1804
vn -0.6979 0.7026 -0.1389
vn -0.3841 0.9201 -0.0764
vn -0.1016 0.9946 -0.0202
vn -0.9194 0.0980 -0.3809
vn -0.8546 0.3800 -0.3539
vn -0.6574 0.7026 -0.2724
vn -0.3617 0.9202 -0.1498
vn -0.0957 0.9946 -0.0396
vn -0.8275 0.0978 -0.5529
vn -0.7692 0.3799 -0.5139
vn -0.5916 0.7026 -0.3953
vn -0.3255 0.9202 -0.2175
vn -0.7037 0.0977 -0.7037
vn -0.6541 0.3799 -0.6541
vn -0.5031 0.7027 -0.5030
vn -0.2769 0.9201 -0.2769
vn -0.0732 0.9946 -0.0732
vn -0.5138 0.3799 -0.7692
vn -0.3953 0.7027 -0.5916
vn -0.2176 0.9201 -0.3256
vn -0.0575 0.9946 -0.0860
vn -0.3809 0.0978 -0.9194
vn -0.3540 0.3800 -0.8546
vn -0.2723 0.7026 -0.6574
vn -0.1498 0.9201 -0.3618
vn -0.0396 0.9946 -0.0956
vn -0.1942 0.0979 -0.9761
vn -0.1805 0.3801 -0.9072
vn -0.0764 0.9201 -0.3842
vn -0.0202 0.9946 -0.1014
vn 0.5555 -0.0000 -0.8315
vn 0.5555 -0.0000 0.8315
vn 0.3826 -0.0000 0.9239
vn -0.3826 -0.0000 0.9239
vn -0.5555 -0.0000 0.8315
vn -0.5555 -0.0000 -0.8315
vt 0.761318 0.348678
vt 0.771942 0.353078
vt 0.781502 0.359466
vt 0.789633 0.367597
vt 0.796022 0.377158
vt 0.800422 0.387781
vt 0.802665 0.399059
vt 0.802665 0.410558
vt 0.800422 0.421836
vt 0.796022 0.432459
vt 0.789633 0.442020
vt 0.781502 0.450151
vt 0.771942 0.456539
vt 0.761318 0.460939
vt 0.750040 0.463183
vt 0.738542 0.463183
vt 0.727264 0.460939
vt 0.716640 0.456539
vt 0.707080 0.450151
vt 0.698949 0.442020
vt 0.692560 0.432459
vt 0.688160 0.421836
vt 0.685917 0.410558
vt 0.685917 0.399059
vt 0.688160 0.387781
vt 0.692560 0.377158
vt 0.698949 0.367597
vt 0.707080 0.359466
vt 0.716640 0.353078
vt 0.727264 0.348678
vt 0.738542 0.346434
vt 0.750040 0.346434
vt 0.889635 0.105080
vt 0.855300 0.105080
vt 0.855300 0.094082
vt 0.889635 0.094082
vt 0.912803 0.580774
vt 0.946094 0.580774
vt 0.946094 0.591771
vt 0.912803 0.591771
vt 0.855300 0.083085
vt 0.889635 0.083085
vt 0.912803 0.569777
vt 0.946094 0.569777
vt 0.897204 0.778542
vt 0.900597 0.778593
vt 0.900217 0.790310
vt 0.896925 0.790141
vt 0.897254 0.766887
vt 0.900578 0.766814
vt 0.946094 0.602769
vt 0.912803 0.602769
vt 0.899523 0.801816
vt 0.896282 0.801561
vt 0.855300 0.072087
vt 0.889635 0.072087
vt 0.946094 0.613766
vt 0.912803 0.613766
vt 0.898552 0.813183
vt 0.895348 0.812851
vt 0.855300 0.061090
vt 0.889635 0.061090
vt 0.946094 0.624764
vt 0.912803 0.624764
vt 0.897313 0.824425
vt 0.894146 0.824017
vt 0.855300 0.050093
vt 0.889635 0.050093
vt 0.946094 0.635761
vt 0.912803 0.635761
vt 0.895809 0.835539
vt 0.892682 0.835054
vt 0.855300 0.039095
vt 0.889635 0.039095
vt 0.946094 0.646759
vt 0.912803 0.646759
vt 0.894026 0.846515
vt 0.890945 0.845942
vt 0.855300 0.028098
vt 0.889635 0.028098
vt 0.946094 0.657756
vt 0.912803 0.657756
vt 0.891889 0.857321
vt 0.888886 0.856613
vt 0.855300 0.017100
vt 0.889635 0.017100
vt 0.946094 0.668754
vt 0.912803 0.668754
vt 0.889098 0.867835
vt 0.886295 0.866812
vt 0.855300 0.006103
vt 0.889635 0.006103
vt 0.912803 0.680959
vt 0.946094 0.680959
vt 0.946094 0.691956
vt 0.912803 0.691956
vt 0.866889 0.673223
vt 0.863930 0.674212
vt 0.861312 0.663146
vt 0.864472 0.662496
vt 0.901841 0.006103
vt 0.936176 0.006103
vt 0.936176 0.017100
vt 0.901841 0.017100
vt 0.946094 0.702954
vt 0.912803 0.702954
vt 0.859413 0.651771
vt 0.862648 0.651268
vt 0.936176 0.028098
vt 0.901841 0.028098
vt 0.946094 0.713951
vt 0.912803 0.713951
vt 0.857901 0.640270
vt 0.861166 0.639862
vt 0.936176 0.039095
vt 0.901841 0.039095
vt 0.946094 0.724949
vt 0.912803 0.724949
vt 0.856690 0.628709
vt 0.859971 0.628382
vt 0.936176 0.050092
vt 0.901841 0.050092
vt 0.946094 0.735946
vt 0.912803 0.735946
vt 0.855759 0.617112
vt 0.859050 0.616865
vt 0.936176 0.061090
vt 0.901841 0.061090
vt 0.946094 0.746944
vt 0.912803 0.746944
vt 0.855107 0.605485
vt 0.858409 0.605320
vt 0.936176 0.072087
vt 0.901841 0.072087
vt 0.946094 0.757941
vt 0.912803 0.757941
vt 0.854749 0.593816
vt 0.858072 0.593743
vt 0.936176 0.083085
vt 0.901841 0.083085
vt 0.946094 0.768938
vt 0.912803 0.768938
vt 0.854729 0.582037
vt 0.858122 0.582088
vt 0.936176 0.094082
vt 0.901841 0.094082
vt 0.946094 0.779936
vt 0.912803 0.779936
vt 0.855110 0.570321
vt 0.858402 0.570489
vt 0.936176 0.105080
vt 0.901841 0.105080
vt 0.946094 0.790933
vt 0.912803 0.790933
vt 0.855804 0.558814
vt 0.859045 0.559069
vt 0.936176 0.116077
vt 0.901841 0.116077
vt 0.946094 0.801931
vt 0.912803 0.801931
vt 0.856775 0.547447
vt 0.859978 0.547779
vt 0.936176 0.127074
vt 0.901841 0.127075
vt 0.946094 0.812928
vt 0.912803 0.812928
vt 0.858014 0.536205
vt 0.861180 0.536613
vt 0.936176 0.138072
vt 0.901841 0.138072
vt 0.946094 0.823925
vt 0.912803 0.823925
vt 0.859517 0.525091
vt 0.862645 0.525576
vt 0.936176 0.149069
vt 0.901841 0.149069
vt 0.946094 0.834923
vt 0.912803 0.834923
vt 0.861301 0.514115
vt 0.864381 0.514688
vt 0.936176 0.160067
vt 0.901841 0.160067
vt 0.946094 0.845920
vt 0.912803 0.845920
vt 0.863438 0.503309
vt 0.866441 0.504017
vt 0.936176 0.171064
vt 0.901841 0.171064
vt 0.946094 0.856918
vt 0.912803 0.856918
vt 0.866229 0.492795
vt 0.869032 0.493818
vt 0.936176 0.182062
vt 0.901841 0.182062
vt 0.912803 0.492795
vt 0.946094 0.492795
vt 0.946094 0.503792
vt 0.912803 0.503792
vt 0.888438 0.687408
vt 0.891396 0.686418
vt 0.894015 0.697484
vt 0.890854 0.698134
vt 0.889635 0.182062
vt 0.855300 0.182062
vt 0.855300 0.171064
vt 0.889635 0.171064
vt 0.946094 0.514789
vt 0.912803 0.514789
vt 0.895914 0.708860
vt 0.892678 0.709362
vt 0.855300 0.160067
vt 0.889635 0.160067
vt 0.946094 0.525787
vt 0.912803 0.525787
vt 0.897426 0.720360
vt 0.894160 0.720768
vt 0.855300 0.149069
vt 0.889635 0.149069
vt 0.946094 0.536784
vt 0.912803 0.536784
vt 0.898637 0.731921
vt 0.895356 0.732248
vt 0.855300 0.138072
vt 0.889635 0.138072
vt 0.946094 0.547782
vt 0.912803 0.547782
vt 0.899568 0.743518
vt 0.896277 0.743766
vt 0.855300 0.127074
vt 0.889635 0.127074
vt 0.946094 0.558779
vt 0.912803 0.558779
vt 0.900219 0.755145
vt 0.896918 0.755311
vt 0.855300 0.116077
vt 0.889635 0.116077
vt 0.990748 0.821845
vt 0.990878 0.810777
vt 0.991291 0.810773
vt 0.991161 0.821842
vt 0.991658 0.810783
vt 0.991528 0.821852
vt 0.992026 0.810795
vt 0.991895 0.821872
vt 0.992440 0.810796
vt 0.992308 0.821874
vt 0.990538 0.504191
vt 0.990153 0.492861
vt 0.990580 0.492817
vt 0.990951 0.504176
vt 0.990966 0.492795
vt 0.991318 0.504172
vt 0.991352 0.492795
vt 0.991685 0.504177
vt 0.991782 0.492813
vt 0.992097 0.504157
vt 0.991283 0.559522
vt 0.991222 0.548472
vt 0.991634 0.548466
vt 0.991696 0.559518
vt 0.992000 0.548478
vt 0.992064 0.559523
vt 0.992367 0.548482
vt 0.992430 0.559529
vt 0.992780 0.548475
vt 0.992840 0.559519
vt 0.990865 0.614860
vt 0.990999 0.603800
vt 0.991411 0.603795
vt 0.991277 0.614856
vt 0.991778 0.603805
vt 0.991644 0.614866
vt 0.992145 0.603824
vt 0.992011 0.614877
vt 0.992555 0.603820
vt 0.992425 0.614878
vt 0.990153 0.670549
vt 0.990329 0.659200
vt 0.990742 0.659196
vt 0.990582 0.670584
vt 0.991108 0.659215
vt 0.990968 0.670600
vt 0.991474 0.659235
vt 0.991355 0.670593
vt 0.991887 0.659236
vt 0.991783 0.670567
vt 0.991245 0.744364
vt 0.991144 0.733332
vt 0.991556 0.733324
vt 0.991656 0.744357
vt 0.991922 0.733335
vt 0.992022 0.744369
vt 0.992288 0.733337
vt 0.992388 0.744373
vt 0.992700 0.733324
vt 0.992801 0.744366
vt 0.985709 0.150222
vt 0.985949 0.139145
vt 0.986363 0.139150
vt 0.986122 0.150222
vt 0.986728 0.139172
vt 0.986489 0.150245
vt 0.987094 0.139195
vt 0.986856 0.150259
vt 0.987506 0.139199
vt 0.987270 0.150265
vt 0.978210 0.297560
vt 0.977727 0.286485
vt 0.978137 0.286457
vt 0.978622 0.297540
vt 0.978502 0.286454
vt 0.978990 0.297532
vt 0.978867 0.286444
vt 0.979357 0.297524
vt 0.979277 0.286416
vt 0.979768 0.297499
vt 0.979206 0.352736
vt 0.979173 0.341689
vt 0.979585 0.341683
vt 0.979618 0.352733
vt 0.979952 0.341686
vt 0.979985 0.352739
vt 0.980318 0.341690
vt 0.980352 0.352746
vt 0.980729 0.341679
vt 0.980765 0.352738
vt 0.978427 0.408087
vt 0.978660 0.397028
vt 0.979071 0.397027
vt 0.978842 0.408093
vt 0.979438 0.397040
vt 0.979208 0.408115
vt 0.979804 0.397063
vt 0.979573 0.408139
vt 0.980219 0.397067
vt 0.979987 0.408145
vt 0.985346 0.017483
vt 0.984772 0.006187
vt 0.985201 0.006137
vt 0.985756 0.017456
vt 0.985583 0.006109
vt 0.986122 0.017454
vt 0.985967 0.006103
vt 0.986487 0.017445
vt 0.986395 0.006114
vt 0.986898 0.017418
vt 0.986624 0.072765
vt 0.986537 0.061717
vt 0.986947 0.061704
vt 0.987036 0.072760
vt 0.987313 0.061714
vt 0.987404 0.072765
vt 0.987680 0.061717
vt 0.987770 0.072771
vt 0.988091 0.061704
vt 0.988182 0.072760
vt 0.991125 0.788620
vt 0.991247 0.777523
vt 0.991662 0.777523
vt 0.991538 0.788616
vt 0.992030 0.777532
vt 0.991905 0.788626
vt 0.992397 0.777541
vt 0.992274 0.788637
vt 0.992813 0.777541
vt 0.992688 0.788637
vt 0.991020 0.799702
vt 0.991433 0.799698
vt 0.991800 0.799708
vt 0.992167 0.799728
vt 0.992578 0.799723
vt 0.990454 0.844018
vt 0.990600 0.832919
vt 0.991013 0.832916
vt 0.990868 0.844014
vt 0.991379 0.832935
vt 0.991236 0.844034
vt 0.991747 0.832956
vt 0.991605 0.844054
vt 0.992161 0.832957
vt 0.992019 0.844056
vt 0.990315 0.855152
vt 0.990728 0.855148
vt 0.991095 0.855168
vt 0.991461 0.855188
vt 0.991874 0.855190
vt 0.990992 0.526375
vt 0.990802 0.515307
vt 0.991216 0.515295
vt 0.991405 0.526365
vt 0.991584 0.515293
vt 0.991771 0.526374
vt 0.991952 0.515292
vt 0.992139 0.526376
vt 0.992365 0.515275
vt 0.992551 0.526361
vt 0.991132 0.537428
vt 0.991544 0.537420
vt 0.991910 0.537431
vt 0.992277 0.537434
vt 0.992689 0.537421
vt 0.991191 0.581658
vt 0.991271 0.570578
vt 0.991685 0.570576
vt 0.991602 0.581652
vt 0.992053 0.570584
vt 0.991970 0.581661
vt 0.992420 0.570592
vt 0.992337 0.581670
vt 0.992832 0.570585
vt 0.992752 0.581670
vt 0.991095 0.592734
vt 0.991510 0.592734
vt 0.991877 0.592744
vt 0.992245 0.592753
vt 0.992658 0.592753
vt 0.990601 0.636981
vt 0.990743 0.625916
vt 0.991155 0.625913
vt 0.991013 0.636978
vt 0.991522 0.625923
vt 0.991380 0.636997
vt 0.991888 0.625943
vt 0.991747 0.637017
vt 0.992301 0.625944
vt 0.992160 0.637019
vt 0.990462 0.648072
vt 0.990876 0.648069
vt 0.991244 0.648088
vt 0.991611 0.648108
vt 0.992026 0.648109
vt 0.990797 0.711238
vt 0.990524 0.700137
vt 0.990936 0.700121
vt 0.991210 0.711226
vt 0.991303 0.700117
vt 0.991577 0.711224
vt 0.991669 0.700122
vt 0.991945 0.711223
vt 0.992081 0.700102
vt 0.992358 0.711205
vt 0.990995 0.722293
vt 0.991407 0.722283
vt 0.991773 0.722291
vt 0.992140 0.722293
vt 0.992552 0.722277
vt 0.991315 0.766450
vt 0.991316 0.755403
vt 0.991728 0.755399
vt 0.991728 0.766447
vt 0.992096 0.755403
vt 0.992095 0.766454
vt 0.992462 0.755409
vt 0.992463 0.766462
vt 0.992872 0.755399
vt 0.992875 0.766454
vt 0.986306 0.117059
vt 0.986429 0.106002
vt 0.986842 0.105997
vt 0.986717 0.117056
vt 0.987208 0.106007
vt 0.987084 0.117066
vt 0.987575 0.106018
vt 0.987451 0.117078
vt 0.987988 0.106018
vt 0.987861 0.117074
vt 0.986148 0.128102
vt 0.986558 0.128099
vt 0.986924 0.128111
vt 0.987290 0.128133
vt 0.987704 0.128136
vt 0.985193 0.172461
vt 0.985464 0.161324
vt 0.985878 0.161325
vt 0.985607 0.172464
vt 0.986247 0.161339
vt 0.985974 0.172480
vt 0.986615 0.161355
vt 0.986340 0.172507
vt 0.987030 0.161361
vt 0.986754 0.172509
vt 0.984779 0.183819
vt 0.985207 0.183863
vt 0.985592 0.183886
vt 0.985977 0.183886
vt 0.986410 0.183869
vt 0.978866 0.319628
vt 0.978588 0.308605
vt 0.978999 0.308589
vt 0.979279 0.319616
vt 0.979365 0.308584
vt 0.979644 0.319622
vt 0.979733 0.308580
vt 0.980009 0.319630
vt 0.980144 0.308559
vt 0.980420 0.319613
vt 0.979048 0.330659
vt 0.979457 0.330645
vt 0.979823 0.330654
vt 0.980189 0.330656
vt 0.980600 0.330642
vt 0.979018 0.374895
vt 0.979146 0.363811
vt 0.979561 0.363812
vt 0.979431 0.374892
vt 0.979928 0.363820
vt 0.979798 0.374902
vt 0.980296 0.363830
vt 0.980164 0.374923
vt 0.980709 0.363825
vt 0.980579 0.374925
vt 0.978855 0.385970
vt 0.979267 0.385969
vt 0.979634 0.385980
vt 0.980002 0.385993
vt 0.980413 0.385991
vt 0.977878 0.430295
vt 0.978155 0.419177
vt 0.978568 0.419179
vt 0.978293 0.430297
vt 0.978935 0.419203
vt 0.978662 0.430312
vt 0.979303 0.419219
vt 0.979031 0.430329
vt 0.979717 0.419225
vt 0.979447 0.430336
vt 0.977577 0.441446
vt 0.977992 0.441451
vt 0.978359 0.441468
vt 0.978725 0.441495
vt 0.979140 0.441499
vt 0.986145 0.039630
vt 0.985798 0.028571
vt 0.986211 0.028553
vt 0.986557 0.039616
vt 0.986579 0.028545
vt 0.986924 0.039612
vt 0.986947 0.028539
vt 0.987291 0.039609
vt 0.987359 0.028515
vt 0.987703 0.039589
vt 0.986390 0.050668
vt 0.986804 0.050658
vt 0.987169 0.050665
vt 0.987535 0.050674
vt 0.987946 0.050658
vt 0.986535 0.094921
vt 0.986618 0.083830
vt 0.987031 0.083828
vt 0.986950 0.094921
vt 0.987397 0.083844
vt 0.987318 0.094930
vt 0.987765 0.083852
vt 0.987685 0.094940
vt 0.988178 0.083845
vt 0.988100 0.094940
vt 0.990133 0.866508
vt 0.990562 0.866543
vt 0.990948 0.866559
vt 0.991335 0.866552
vt 0.991764 0.866526
vt 0.990131 0.688822
vt 0.990557 0.688778
vt 0.990943 0.688755
vt 0.991328 0.688755
vt 0.991757 0.688773
vt 0.977122 0.275203
vt 0.977550 0.275151
vt 0.977932 0.275122
vt 0.978316 0.275115
vt 0.978744 0.275125
vt 0.977132 0.452819
vt 0.977561 0.452864
vt 0.977946 0.452888
vt 0.978332 0.452890
vt 0.978765 0.452873
vt 0.959668 0.378803
vt 0.960041 0.367320
vt 0.960634 0.367328
vt 0.960262 0.378826
vt 0.961245 0.367332
vt 0.960875 0.378859
vt 0.961860 0.367330
vt 0.961490 0.378878
vt 0.962461 0.367338
vt 0.962090 0.378908
vt 0.958920 0.390294
vt 0.959513 0.390337
vt 0.960126 0.390378
vt 0.960742 0.390418
vt 0.961341 0.390461
vt 0.957777 0.401778
vt 0.958369 0.401840
vt 0.958981 0.401900
vt 0.959595 0.401974
vt 0.960196 0.402044
vt 0.956257 0.413252
vt 0.956850 0.413334
vt 0.957463 0.413415
vt 0.958076 0.413517
vt 0.958674 0.413599
vt 0.954342 0.424711
vt 0.954934 0.424816
vt 0.955547 0.424920
vt 0.956161 0.425031
vt 0.956759 0.425144
vt 0.951980 0.436143
vt 0.952569 0.436271
vt 0.953179 0.436399
vt 0.953789 0.436541
vt 0.954385 0.436671
vt 0.949139 0.447527
vt 0.949723 0.447678
vt 0.950327 0.447837
vt 0.950930 0.448010
vt 0.951523 0.448163
vt 0.945718 0.459060
vt 0.946319 0.459273
vt 0.946948 0.459471
vt 0.947585 0.459642
vt 0.948211 0.459787
vt 0.962830 0.178590
vt 0.966542 0.189955
vt 0.965948 0.190183
vt 0.962256 0.178766
vt 0.965328 0.190396
vt 0.961666 0.178950
vt 0.964700 0.190583
vt 0.961069 0.179122
vt 0.964085 0.190743
vt 0.960489 0.179299
vt 0.959806 0.167344
vt 0.959227 0.167493
vt 0.958625 0.167645
vt 0.958020 0.167797
vt 0.957432 0.167948
vt 0.957278 0.156045
vt 0.956692 0.156162
vt 0.956085 0.156272
vt 0.955480 0.156403
vt 0.954886 0.156520
vt 0.955294 0.144668
vt 0.954707 0.144765
vt 0.954096 0.144848
vt 0.953486 0.144952
vt 0.952892 0.145050
vt 0.953764 0.133258
vt 0.953174 0.133323
vt 0.952564 0.133380
vt 0.951954 0.133459
vt 0.951355 0.133524
vt 0.952760 0.121801
vt 0.952166 0.121841
vt 0.951553 0.121879
vt 0.950939 0.121932
vt 0.950341 0.121979
vt 0.952208 0.110318
vt 0.951615 0.110333
vt 0.951003 0.110360
vt 0.950387 0.110387
vt 0.949788 0.110409
vt 0.952139 0.098828
vt 0.951546 0.098820
vt 0.950935 0.098816
vt 0.950319 0.098818
vt 0.949718 0.098809
vt 0.952515 0.087344
vt 0.951921 0.087321
vt 0.951308 0.087288
vt 0.950692 0.087268
vt 0.950092 0.087238
vt 0.953265 0.075853
vt 0.952672 0.075810
vt 0.952059 0.075769
vt 0.951443 0.075728
vt 0.950844 0.075685
vt 0.954411 0.064370
vt 0.953819 0.064308
vt 0.953206 0.064248
vt 0.952593 0.064174
vt 0.951992 0.064104
vt 0.955933 0.052899
vt 0.955341 0.052817
vt 0.954727 0.052736
vt 0.954115 0.052633
vt 0.953516 0.052551
vt 0.957850 0.041443
vt 0.957258 0.041339
vt 0.956646 0.041235
vt 0.956033 0.041123
vt 0.955434 0.041010
vt 0.960213 0.030021
vt 0.959625 0.029893
vt 0.959016 0.029765
vt 0.958407 0.029623
vt 0.957811 0.029487
vt 0.963042 0.018643
vt 0.962459 0.018492
vt 0.961855 0.018333
vt 0.961253 0.018161
vt 0.960661 0.018010
vt 0.966453 0.007117
vt 0.965852 0.006906
vt 0.965224 0.006708
vt 0.964587 0.006538
vt 0.963962 0.006393
vt 0.949336 0.287588
vt 0.945623 0.276229
vt 0.946217 0.276001
vt 0.949909 0.287412
vt 0.946836 0.275788
vt 0.950499 0.287227
vt 0.947464 0.275601
vt 0.951096 0.287055
vt 0.948078 0.275441
vt 0.951676 0.286879
vt 0.952361 0.298829
vt 0.952940 0.298679
vt 0.953541 0.298527
vt 0.954146 0.298375
vt 0.954734 0.298224
vt 0.954890 0.310122
vt 0.955477 0.310005
vt 0.956083 0.309895
vt 0.956688 0.309764
vt 0.957281 0.309646
vt 0.956877 0.321494
vt 0.957463 0.321397
vt 0.958074 0.321314
vt 0.958684 0.321210
vt 0.959278 0.321112
vt 0.958408 0.332899
vt 0.958998 0.332834
vt 0.959608 0.332777
vt 0.960218 0.332699
vt 0.960816 0.332633
vt 0.959415 0.344352
vt 0.960009 0.344312
vt 0.960621 0.344274
vt 0.961235 0.344222
vt 0.961833 0.344175
vt 0.959969 0.355833
vt 0.960562 0.355817
vt 0.961174 0.355791
vt 0.961789 0.355764
vt 0.962389 0.355741
vt 0.972700 0.596400
vt 0.972866 0.584677
vt 0.973494 0.584677
vt 0.973324 0.596417
vt 0.974147 0.584677
vt 0.973974 0.596436
vt 0.974800 0.584676
vt 0.974624 0.596456
vt 0.975427 0.584676
vt 0.975246 0.596475
vt 0.972197 0.608032
vt 0.972815 0.608067
vt 0.973460 0.608105
vt 0.974105 0.608143
vt 0.974721 0.608180
vt 0.971358 0.619560
vt 0.971970 0.619614
vt 0.972610 0.619671
vt 0.973248 0.619728
vt 0.973859 0.619782
vt 0.970182 0.630981
vt 0.970789 0.631053
vt 0.971422 0.631128
vt 0.972055 0.631202
vt 0.972660 0.631274
vt 0.968683 0.642289
vt 0.969282 0.642378
vt 0.969909 0.642471
vt 0.970535 0.642563
vt 0.971134 0.642653
vt 0.966856 0.653485
vt 0.967453 0.653591
vt 0.968074 0.653702
vt 0.968694 0.653813
vt 0.969285 0.653919
vt 0.964696 0.664579
vt 0.965287 0.664703
vt 0.965904 0.664832
vt 0.966520 0.664960
vt 0.967111 0.665084
vt 0.962158 0.675790
vt 0.962753 0.675954
vt 0.963382 0.676105
vt 0.964013 0.676235
vt 0.964617 0.676339
vt 0.964668 0.700702
vt 0.962128 0.689516
vt 0.962725 0.689351
vt 0.965260 0.700577
vt 0.963352 0.689200
vt 0.965876 0.700448
vt 0.963982 0.689070
vt 0.966491 0.700319
vt 0.964585 0.688966
vt 0.967080 0.700196
vt 0.966827 0.711801
vt 0.967423 0.711695
vt 0.968044 0.711583
vt 0.968665 0.711472
vt 0.969259 0.711365
vt 0.968657 0.723012
vt 0.969258 0.722923
vt 0.969886 0.722829
vt 0.970513 0.722736
vt 0.971113 0.722647
vt 0.970163 0.734327
vt 0.970768 0.734255
vt 0.971401 0.734180
vt 0.972033 0.734105
vt 0.972638 0.734033
vt 0.971335 0.745748
vt 0.971948 0.745694
vt 0.972587 0.745637
vt 0.973226 0.745580
vt 0.973837 0.745525
vt 0.972176 0.757279
vt 0.972794 0.757243
vt 0.973439 0.757206
vt 0.974084 0.757167
vt 0.974700 0.757130
vt 0.972680 0.768914
vt 0.973303 0.768896
vt 0.973954 0.768877
vt 0.974604 0.768857
vt 0.975226 0.768839
vt 0.972844 0.780640
vt 0.973472 0.780640
vt 0.974126 0.780639
vt 0.974778 0.780640
vt 0.975405 0.780640
vt 0.972676 0.792364
vt 0.973300 0.792382
vt 0.973950 0.792401
vt 0.974601 0.792421
vt 0.975222 0.792440
vt 0.972170 0.803998
vt 0.972789 0.804034
vt 0.973434 0.804072
vt 0.974078 0.804110
vt 0.974695 0.804147
vt 0.971329 0.815529
vt 0.971941 0.815583
vt 0.972581 0.815640
vt 0.973219 0.815697
vt 0.973830 0.815751
vt 0.970151 0.826952
vt 0.970757 0.827024
vt 0.971391 0.827098
vt 0.972023 0.827173
vt 0.972628 0.827246
vt 0.968649 0.838262
vt 0.969248 0.838350
vt 0.969875 0.838443
vt 0.970501 0.838536
vt 0.971100 0.838625
vt 0.966819 0.849459
vt 0.967416 0.849566
vt 0.968037 0.849677
vt 0.968658 0.849788
vt 0.969249 0.849894
vt 0.964662 0.860554
vt 0.965253 0.860678
vt 0.965869 0.860807
vt 0.966484 0.860935
vt 0.967075 0.861059
vt 0.962128 0.871740
vt 0.962722 0.871904
vt 0.963350 0.872056
vt 0.963980 0.872186
vt 0.964583 0.872289
vt 0.964677 0.504756
vt 0.962131 0.493558
vt 0.962729 0.493393
vt 0.965269 0.504631
vt 0.963357 0.493241
vt 0.965885 0.504501
vt 0.963987 0.493111
vt 0.966501 0.504372
vt 0.964591 0.493007
vt 0.967089 0.504250
vt 0.966837 0.515852
vt 0.967432 0.515746
vt 0.968053 0.515634
vt 0.968674 0.515522
vt 0.969267 0.515416
vt 0.968668 0.527061
vt 0.969269 0.526971
vt 0.969897 0.526878
vt 0.970524 0.526784
vt 0.971123 0.526695
vt 0.970176 0.538373
vt 0.970780 0.538302
vt 0.971414 0.538226
vt 0.972046 0.538151
vt 0.972651 0.538079
vt 0.971350 0.549792
vt 0.971963 0.549738
vt 0.972602 0.549681
vt 0.973241 0.549624
vt 0.973851 0.549569
vt 0.972193 0.561321
vt 0.972811 0.561285
vt 0.973456 0.561247
vt 0.974101 0.561209
vt 0.974717 0.561172
vt 0.972699 0.572954
vt 0.973323 0.572936
vt 0.973973 0.572916
vt 0.974624 0.572897
vt 0.975245 0.572878
vt 0.990236 0.766445
vt 0.990238 0.755406
vt 0.993891 0.755393
vt 0.993897 0.766455
vt 0.990163 0.777513
vt 0.993837 0.777547
vt 0.993820 0.744355
vt 0.990167 0.744371
vt 0.990067 0.733343
vt 0.993719 0.733310
vt 0.993573 0.722258
vt 0.989917 0.722308
vt 0.989716 0.711260
vt 0.993381 0.711181
vt 0.989436 0.700172
vt 0.993110 0.700072
vt 0.992804 0.688830
vt 0.989029 0.688949
vt 0.989050 0.670443
vt 0.989238 0.659187
vt 0.992919 0.659248
vt 0.992828 0.670490
vt 0.993052 0.648123
vt 0.989378 0.648061
vt 0.989520 0.636970
vt 0.993184 0.637032
vt 0.989663 0.625906
vt 0.993324 0.625957
vt 0.993447 0.614891
vt 0.989786 0.614850
vt 0.989919 0.603791
vt 0.993577 0.603831
vt 0.993681 0.592764
vt 0.990015 0.592728
vt 0.990108 0.581648
vt 0.993778 0.581679
vt 0.990190 0.570573
vt 0.993855 0.570586
vt 0.993861 0.559514
vt 0.990204 0.559524
vt 0.990144 0.548478
vt 0.993800 0.548466
vt 0.993710 0.537408
vt 0.990053 0.537438
vt 0.989913 0.526390
vt 0.993573 0.526343
vt 0.989720 0.515328
vt 0.993390 0.515252
vt 0.993128 0.504128
vt 0.989449 0.504225
vt 0.989050 0.492988
vt 0.992830 0.492871
vt 0.992906 0.855202
vt 0.992809 0.866450
vt 0.989029 0.866401
vt 0.989224 0.855139
vt 0.989370 0.844007
vt 0.993046 0.844070
vt 0.989518 0.832908
vt 0.993185 0.832971
vt 0.993332 0.821888
vt 0.989668 0.821834
vt 0.989798 0.810766
vt 0.993463 0.810809
vt 0.993601 0.799735
vt 0.989939 0.799693
vt 0.990043 0.788612
vt 0.993714 0.788648
vt 0.985429 0.094914
vt 0.985510 0.083824
vt 0.989178 0.083846
vt 0.989103 0.094949
vt 0.989181 0.072754
vt 0.985519 0.072768
vt 0.985434 0.061727
vt 0.989089 0.061691
vt 0.988944 0.050638
vt 0.985288 0.050687
vt 0.985041 0.039658
vt 0.988702 0.039560
vt 0.984693 0.028610
vt 0.988359 0.028476
vt 0.987904 0.017372
vt 0.984235 0.017533
vt 0.983652 0.006334
vt 0.987417 0.006154
vt 0.980151 0.441527
vt 0.979796 0.452821
vt 0.976004 0.452684
vt 0.976459 0.441412
vt 0.976767 0.430268
vt 0.980452 0.430363
vt 0.977046 0.419153
vt 0.980719 0.419250
vt 0.980987 0.408168
vt 0.977321 0.408064
vt 0.977557 0.397009
vt 0.981219 0.397087
vt 0.981413 0.386008
vt 0.977750 0.385955
vt 0.977912 0.374884
vt 0.981580 0.374938
vt 0.978038 0.363801
vt 0.981712 0.363834
vt 0.981764 0.352736
vt 0.978101 0.352733
vt 0.978071 0.341696
vt 0.981726 0.341668
vt 0.981596 0.330625
vt 0.977947 0.330673
vt 0.977765 0.319650
vt 0.981416 0.319589
vt 0.977486 0.308636
vt 0.981142 0.308527
vt 0.980767 0.297458
vt 0.977105 0.297602
vt 0.976617 0.286538
vt 0.980282 0.286367
vt 0.979765 0.275162
vt 0.976004 0.275352
vt 0.983652 0.183687
vt 0.984076 0.172430
vt 0.987764 0.172534
vt 0.987439 0.183814
vt 0.984354 0.161301
vt 0.988034 0.161385
vt 0.988270 0.150287
vt 0.984602 0.150200
vt 0.984845 0.139126
vt 0.988505 0.139219
vt 0.988703 0.128152
vt 0.985045 0.128086
vt 0.985202 0.117048
vt 0.988860 0.117088
vt 0.985325 0.105993
vt 0.988988 0.106030
vt 0.958375 0.378751
vt 0.958754 0.367298
vt 0.963798 0.367358
vt 0.963723 0.355702
vt 0.958676 0.355861
vt 0.963422 0.378976
vt 0.958122 0.344434
vt 0.963163 0.344081
vt 0.962144 0.332483
vt 0.957122 0.333036
vt 0.955593 0.321686
vt 0.960602 0.320906
vt 0.958599 0.309382
vt 0.953615 0.310370
vt 0.951091 0.299136
vt 0.956044 0.297899
vt 0.952978 0.286496
vt 0.948074 0.287958
vt 0.949422 0.275115
vt 0.944363 0.276739
vt 0.962601 0.006103
vt 0.959340 0.017656
vt 0.967735 0.007593
vt 0.964321 0.018980
vt 0.956487 0.029183
vt 0.961495 0.030302
vt 0.959137 0.041674
vt 0.954106 0.040760
vt 0.952186 0.052349
vt 0.957224 0.053082
vt 0.950660 0.063947
vt 0.955701 0.064510
vt 0.949512 0.075573
vt 0.954557 0.075949
vt 0.953807 0.087397
vt 0.948760 0.087170
vt 0.948381 0.098790
vt 0.953426 0.098851
vt 0.948453 0.110448
vt 0.953501 0.110290
vt 0.954052 0.121720
vt 0.949010 0.122072
vt 0.950027 0.133674
vt 0.955051 0.133122
vt 0.951567 0.145256
vt 0.956578 0.144477
vt 0.958555 0.155797
vt 0.953568 0.156785
vt 0.956121 0.168273
vt 0.961077 0.167037
vt 0.959186 0.179681
vt 0.964092 0.178220
vt 0.967803 0.189445
vt 0.962741 0.191069
vt 0.949573 0.460079
vt 0.952845 0.448518
vt 0.944435 0.458583
vt 0.947860 0.447189
vt 0.955709 0.436975
vt 0.950697 0.435861
vt 0.953054 0.424481
vt 0.958088 0.425394
vt 0.954966 0.413069
vt 0.960004 0.413800
vt 0.961528 0.402200
vt 0.956487 0.401639
vt 0.962673 0.390574
vt 0.957628 0.390198
vt 0.976844 0.584676
vt 0.976649 0.572836
vt 0.971256 0.572993
vt 0.970762 0.561403
vt 0.976110 0.561089
vt 0.971418 0.584677
vt 0.969932 0.549915
vt 0.975231 0.549446
vt 0.968771 0.538537
vt 0.974017 0.537916
vt 0.967277 0.527265
vt 0.972477 0.526493
vt 0.965459 0.516097
vt 0.970608 0.515175
vt 0.963312 0.505044
vt 0.968414 0.503974
vt 0.960753 0.493967
vt 0.965953 0.492795
vt 0.960751 0.871334
vt 0.963298 0.860267
vt 0.965939 0.872499
vt 0.968404 0.861334
vt 0.965443 0.849215
vt 0.970589 0.850134
vt 0.967258 0.838057
vt 0.972453 0.838827
vt 0.968746 0.826788
vt 0.973995 0.827408
vt 0.969910 0.815406
vt 0.975210 0.815875
vt 0.970739 0.803917
vt 0.976088 0.804230
vt 0.971233 0.792325
vt 0.976627 0.792482
vt 0.971396 0.780639
vt 0.976823 0.780640
vt 0.971237 0.768953
vt 0.976630 0.768797
vt 0.970744 0.757360
vt 0.976093 0.757048
vt 0.969917 0.745870
vt 0.975216 0.745402
vt 0.968758 0.734490
vt 0.974005 0.733870
vt 0.967265 0.723216
vt 0.972467 0.722445
vt 0.965449 0.712046
vt 0.970600 0.711124
vt 0.963304 0.700990
vt 0.968409 0.699920
vt 0.960751 0.689923
vt 0.965942 0.688755
vt 0.960777 0.675384
vt 0.963330 0.664290
vt 0.965977 0.676549
vt 0.968442 0.665360
vt 0.965479 0.653241
vt 0.970625 0.654159
vt 0.967293 0.642085
vt 0.972487 0.642854
vt 0.968778 0.630818
vt 0.974026 0.631437
vt 0.969940 0.619438
vt 0.975238 0.619905
vt 0.970766 0.607950
vt 0.976114 0.608263
vt 0.971257 0.596360
vt 0.976650 0.596517
vt 0.898609 0.352901
vt 0.907916 0.359120
vt 0.915830 0.367035
vt 0.922049 0.376341
vt 0.926332 0.386682
vt 0.928516 0.397660
vt 0.928516 0.408853
vt 0.926332 0.419831
vt 0.922049 0.430172
vt 0.915830 0.439479
vt 0.907916 0.447394
vt 0.898609 0.453612
vt 0.888268 0.457896
vt 0.877290 0.460079
vt 0.866097 0.460079
vt 0.855119 0.457896
vt 0.844778 0.453612
vt 0.835471 0.447394
vt 0.827556 0.439479
vt 0.821338 0.430172
vt 0.817055 0.419831
vt 0.814871 0.408853
vt 0.814871 0.397660
vt 0.817055 0.386682
vt 0.821338 0.376341
vt 0.827557 0.367035
vt 0.835471 0.359120
vt 0.844778 0.352901
vt 0.855119 0.348618
vt 0.866097 0.346434
vt 0.877290 0.346434
vt 0.888268 0.348618
vt 0.957552 0.355891
vt 0.957622 0.367283
vt 0.957025 0.367264
vt 0.956954 0.355903
vt 0.956227 0.367258
vt 0.956156 0.355914
vt 0.955260 0.367243
vt 0.955193 0.355929
vt 0.957007 0.344515
vt 0.956411 0.344551
vt 0.955612 0.344596
vt 0.954654 0.344663
vt 0.955998 0.333160
vt 0.955408 0.333222
vt 0.954613 0.333301
vt 0.953654 0.333405
vt 0.954486 0.321861
vt 0.953894 0.321948
vt 0.953100 0.322061
vt 0.952149 0.322212
vt 0.952500 0.310592
vt 0.951914 0.310697
vt 0.951129 0.310859
vt 0.950178 0.311047
vt 0.949997 0.299411
vt 0.949409 0.299544
vt 0.948624 0.299729
vt 0.947685 0.299966
vt 0.946981 0.288291
vt 0.946395 0.288455
vt 0.945613 0.288681
vt 0.944674 0.288962
vt 0.943289 0.277217
vt 0.942722 0.277465
vt 0.941964 0.277762
vt 0.941044 0.278085
vt 0.965427 0.019278
vt 0.968828 0.008044
vt 0.969399 0.008276
vt 0.966012 0.019451
vt 0.970172 0.008553
vt 0.966803 0.019679
vt 0.971115 0.008855
vt 0.967754 0.019954
vt 0.962617 0.030559
vt 0.963205 0.030706
vt 0.963995 0.030898
vt 0.964947 0.031128
vt 0.960258 0.041885
vt 0.960850 0.042009
vt 0.961646 0.042154
vt 0.962603 0.042347
vt 0.958340 0.053245
vt 0.958934 0.053347
vt 0.959732 0.053463
vt 0.960693 0.053620
vt 0.956831 0.064642
vt 0.957426 0.064723
vt 0.958225 0.064812
vt 0.959189 0.064936
vt 0.955682 0.076044
vt 0.956278 0.076105
vt 0.957077 0.076168
vt 0.958042 0.076260
vt 0.954926 0.087447
vt 0.955524 0.087488
vt 0.956324 0.087538
vt 0.957288 0.087583
vt 0.954558 0.098866
vt 0.955155 0.098885
vt 0.955953 0.098891
vt 0.956920 0.098906
vt 0.954625 0.110260
vt 0.955224 0.110248
vt 0.956022 0.110237
vt 0.956986 0.110223
vt 0.955168 0.121639
vt 0.955764 0.121603
vt 0.956564 0.121559
vt 0.957522 0.121491
vt 0.956175 0.132998
vt 0.956766 0.132936
vt 0.957560 0.132858
vt 0.958520 0.132753
vt 0.957686 0.144301
vt 0.958277 0.144214
vt 0.959072 0.144101
vt 0.960023 0.143951
vt 0.959670 0.155575
vt 0.960256 0.155470
vt 0.961041 0.155309
vt 0.961992 0.155121
vt 0.962171 0.166762
vt 0.962759 0.166628
vt 0.963545 0.166444
vt 0.964485 0.166207
vt 0.965187 0.177887
vt 0.965772 0.177723
vt 0.966555 0.177498
vt 0.967494 0.177216
vt 0.968877 0.188967
vt 0.969444 0.188718
vt 0.970203 0.188422
vt 0.971123 0.188099
vt 0.946753 0.446890
vt 0.943341 0.458131
vt 0.942769 0.457899
vt 0.946168 0.446716
vt 0.941996 0.457620
vt 0.945377 0.446487
vt 0.941053 0.457318
vt 0.944426 0.446211
vt 0.949575 0.435603
vt 0.948986 0.435456
vt 0.948195 0.435264
vt 0.947243 0.435033
vt 0.951933 0.424270
vt 0.951340 0.424146
vt 0.950545 0.424001
vt 0.949587 0.423808
vt 0.953850 0.412906
vt 0.953255 0.412804
vt 0.952457 0.412688
vt 0.951496 0.412532
vt 0.955356 0.401507
vt 0.954761 0.401426
vt 0.953962 0.401337
vt 0.952998 0.401213
vt 0.956503 0.390104
vt 0.955907 0.390042
vt 0.955107 0.389980
vt 0.954143 0.389888
vt 0.957256 0.378700
vt 0.956659 0.378659
vt 0.955858 0.378610
vt 0.954895 0.378565
vt 0.954923 0.367237
vt 0.954856 0.355937
vt 0.954558 0.378547
vt 0.954319 0.344685
vt 0.953319 0.333441
vt 0.951816 0.322262
vt 0.949847 0.311112
vt 0.947356 0.300046
vt 0.944348 0.289060
vt 0.940722 0.278192
vt 0.971446 0.008955
vt 0.968086 0.020048
vt 0.965280 0.031206
vt 0.962937 0.042412
vt 0.961029 0.053672
vt 0.959525 0.064977
vt 0.958379 0.076290
vt 0.957625 0.087601
vt 0.957257 0.098912
vt 0.957322 0.110215
vt 0.957858 0.121470
vt 0.958855 0.132717
vt 0.960357 0.143901
vt 0.962324 0.155055
vt 0.964814 0.166127
vt 0.967820 0.177118
vt 0.971446 0.187992
vt 0.940722 0.457217
vt 0.944093 0.446117
vt 0.946910 0.434955
vt 0.949253 0.423744
vt 0.951160 0.412480
vt 0.952661 0.401172
vt 0.953806 0.389858
vt 0.968130 0.607797
vt 0.968598 0.596285
vt 0.967327 0.619207
vt 0.966191 0.630512
vt 0.964731 0.641705
vt 0.962945 0.652789
vt 0.960855 0.663761
vt 0.958300 0.674547
vt 0.960811 0.701522
vt 0.958300 0.690754
vt 0.962912 0.712500
vt 0.964702 0.723598
vt 0.966170 0.734797
vt 0.967305 0.746101
vt 0.968108 0.757514
vt 0.968577 0.769028
vt 0.968693 0.780639
vt 0.968573 0.792249
vt 0.968103 0.803762
vt 0.967298 0.815175
vt 0.966159 0.826482
vt 0.964697 0.837676
vt 0.962907 0.848761
vt 0.960807 0.859735
vt 0.958300 0.870504
vt 0.960819 0.505577
vt 0.958300 0.494799
vt 0.962922 0.516552
vt 0.964714 0.527647
vt 0.966184 0.538844
vt 0.967321 0.550146
vt 0.968126 0.561557
vt 0.968597 0.573069
vt 0.968716 0.584677
vt 0.861933 0.757022
vt 0.862292 0.767753
vt 0.861326 0.746298
vt 0.860470 0.735589
vt 0.859367 0.724903
vt 0.858023 0.714245
vt 0.856456 0.703618
vt 0.854729 0.692776
vt 0.898845 0.509584
vt 0.900597 0.499638
vt 0.897292 0.519632
vt 0.895965 0.529790
vt 0.894871 0.540059
vt 0.894017 0.550435
vt 0.893408 0.560914
vt 0.893044 0.571489
vt 0.892921 0.582156
vt 0.893034 0.592878
vt 0.893393 0.603608
vt 0.894001 0.614333
vt 0.894856 0.625041
vt 0.895959 0.635727
vt 0.897304 0.646385
vt 0.898871 0.657013
vt 0.900597 0.667855
vt 0.856482 0.851046
vt 0.854729 0.860992
vt 0.858034 0.840999
vt 0.859362 0.830840
vt 0.860456 0.820571
vt 0.861309 0.810195
vt 0.861919 0.799717
vt 0.862283 0.789141
vt 0.862406 0.778474
vt 0.879725 0.253341
vt 0.881849 0.255465
vt 0.881770 0.255561
vt 0.879630 0.253419
vt 0.881691 0.255657
vt 0.879534 0.253498
vt 0.881611 0.255754
vt 0.879437 0.253578
vt 0.881531 0.255851
vt 0.879340 0.253657
vt 0.884351 0.257137
vt 0.884293 0.257247
vt 0.884234 0.257357
vt 0.884174 0.257468
vt 0.884114 0.257580
vt 0.887133 0.258290
vt 0.887097 0.258409
vt 0.887061 0.258528
vt 0.887024 0.258648
vt 0.886988 0.258769
vt 0.890085 0.258876
vt 0.890072 0.259000
vt 0.890060 0.259124
vt 0.890048 0.259249
vt 0.890036 0.259374
vt 0.893094 0.258875
vt 0.893106 0.258999
vt 0.893119 0.259123
vt 0.893131 0.259248
vt 0.893143 0.259374
vt 0.896045 0.258287
vt 0.896081 0.258406
vt 0.896117 0.258526
vt 0.896153 0.258646
vt 0.896190 0.258766
vt 0.898822 0.257136
vt 0.898881 0.257245
vt 0.898939 0.257355
vt 0.898999 0.257466
vt 0.899058 0.257577
vt 0.901320 0.255466
vt 0.901399 0.255562
vt 0.901478 0.255658
vt 0.901557 0.255755
vt 0.901637 0.255852
vt 0.903443 0.253344
vt 0.903538 0.253422
vt 0.903635 0.253501
vt 0.903731 0.253581
vt 0.903828 0.253660
vt 0.905110 0.250849
vt 0.905220 0.250907
vt 0.905330 0.250966
vt 0.905440 0.251025
vt 0.905551 0.251085
vt 0.906261 0.248075
vt 0.906380 0.248111
vt 0.906499 0.248147
vt 0.906619 0.248184
vt 0.906739 0.248220
vt 0.906849 0.245127
vt 0.906972 0.245140
vt 0.907096 0.245152
vt 0.907221 0.245165
vt 0.907347 0.245177
vt 0.906851 0.242122
vt 0.906974 0.242110
vt 0.907098 0.242097
vt 0.907223 0.242085
vt 0.907348 0.242073
vt 0.906267 0.239173
vt 0.906386 0.239137
vt 0.906505 0.239101
vt 0.906625 0.239065
vt 0.906746 0.239028
vt 0.905119 0.236393
vt 0.905229 0.236334
vt 0.905339 0.236275
vt 0.905450 0.236216
vt 0.905561 0.236157
vt 0.903448 0.233886
vt 0.903544 0.233807
vt 0.903641 0.233728
vt 0.903739 0.233649
vt 0.903837 0.233568
vt 0.901319 0.231754
vt 0.901398 0.231658
vt 0.901477 0.231561
vt 0.901557 0.231464
vt 0.901637 0.231366
vt 0.898815 0.230080
vt 0.898874 0.229970
vt 0.898933 0.229860
vt 0.898992 0.229749
vt 0.899052 0.229638
vt 0.896035 0.228929
vt 0.896071 0.228810
vt 0.896107 0.228691
vt 0.896143 0.228570
vt 0.896180 0.228450
vt 0.893084 0.228343
vt 0.893096 0.228219
vt 0.893108 0.228095
vt 0.893121 0.227970
vt 0.893133 0.227845
vt 0.890075 0.228344
vt 0.890063 0.228221
vt 0.890050 0.228096
vt 0.890038 0.227971
vt 0.890026 0.227846
vt 0.887124 0.228933
vt 0.887088 0.228814
vt 0.887052 0.228694
vt 0.887016 0.228574
vt 0.886979 0.228454
vt 0.884347 0.230085
vt 0.884288 0.229975
vt 0.884229 0.229865
vt 0.884170 0.229755
vt 0.884111 0.229644
vt 0.881848 0.231755
vt 0.881769 0.231659
vt 0.881690 0.231563
vt 0.881611 0.231466
vt 0.881531 0.231369
vt 0.879725 0.233879
vt 0.879629 0.233801
vt 0.879532 0.233722
vt 0.879435 0.233642
vt 0.879339 0.233563
vt 0.878055 0.236377
vt 0.877946 0.236319
vt 0.877836 0.236260
vt 0.877725 0.236201
vt 0.877614 0.236141
vt 0.876904 0.239157
vt 0.876785 0.239121
vt 0.876665 0.239084
vt 0.876545 0.239048
vt 0.876424 0.239011
vt 0.876317 0.242107
vt 0.876194 0.242095
vt 0.876069 0.242083
vt 0.875945 0.242070
vt 0.875820 0.242058
vt 0.876318 0.245113
vt 0.876194 0.245125
vt 0.876070 0.245137
vt 0.875945 0.245150
vt 0.875820 0.245162
vt 0.876905 0.248064
vt 0.876786 0.248101
vt 0.876666 0.248137
vt 0.876546 0.248173
vt 0.876425 0.248210
vt 0.878057 0.250844
vt 0.877947 0.250903
vt 0.877837 0.250961
vt 0.877727 0.251021
vt 0.877616 0.251080
vt 0.881425 0.255981
vt 0.879210 0.253764
vt 0.878789 0.250452
vt 0.880367 0.252814
vt 0.882376 0.254822
vt 0.877468 0.251159
vt 0.884035 0.257728
vt 0.884743 0.256404
vt 0.886939 0.258930
vt 0.887375 0.257493
vt 0.890019 0.259542
vt 0.890166 0.258048
vt 0.893160 0.259541
vt 0.893012 0.258048
vt 0.896239 0.258927
vt 0.895803 0.257492
vt 0.899137 0.257725
vt 0.898430 0.256403
vt 0.901744 0.255982
vt 0.900794 0.254824
vt 0.903958 0.253766
vt 0.902801 0.252817
vt 0.905699 0.251164
vt 0.904379 0.250457
vt 0.906900 0.248269
vt 0.905467 0.247833
vt 0.907514 0.245193
vt 0.906022 0.245046
vt 0.907516 0.242057
vt 0.906024 0.242203
vt 0.906907 0.238980
vt 0.905472 0.239414
vt 0.905710 0.236078
vt 0.904385 0.236784
vt 0.903967 0.233461
vt 0.902804 0.234414
vt 0.901744 0.231236
vt 0.900791 0.232397
vt 0.899131 0.229490
vt 0.898423 0.230814
vt 0.896228 0.228289
vt 0.895793 0.229725
vt 0.893149 0.227677
vt 0.893003 0.229171
vt 0.890009 0.227678
vt 0.890157 0.229172
vt 0.886930 0.228293
vt 0.887366 0.229728
vt 0.884031 0.229496
vt 0.884739 0.230817
vt 0.881424 0.231239
vt 0.882375 0.232398
vt 0.879209 0.233456
vt 0.880366 0.234406
vt 0.877466 0.236062
vt 0.878788 0.236769
vt 0.876263 0.238963
vt 0.877699 0.239398
vt 0.875652 0.242042
vt 0.877145 0.242188
vt 0.875652 0.245178
vt 0.877145 0.245031
vt 0.876264 0.248259
vt 0.877701 0.247823
vt 0.885184 0.287834
vt 0.887706 0.287326
vt 0.887723 0.287492
vt 0.885232 0.287992
vt 0.887739 0.287655
vt 0.885280 0.288149
vt 0.887756 0.287818
vt 0.885328 0.288305
vt 0.887772 0.287980
vt 0.885375 0.288461
vt 0.882809 0.288822
vt 0.882888 0.288968
vt 0.882965 0.289113
vt 0.883043 0.289257
vt 0.883120 0.289400
vt 0.880674 0.290256
vt 0.880779 0.290384
vt 0.880884 0.290511
vt 0.880987 0.290637
vt 0.881090 0.290762
vt 0.878860 0.292077
vt 0.878988 0.292181
vt 0.879115 0.292286
vt 0.879242 0.292389
vt 0.879367 0.292491
vt 0.877436 0.294217
vt 0.877582 0.294295
vt 0.877727 0.294372
vt 0.877871 0.294448
vt 0.878015 0.294525
vt 0.876457 0.296594
vt 0.876616 0.296641
vt 0.876773 0.296688
vt 0.876929 0.296735
vt 0.877084 0.296782
vt 0.875962 0.299114
vt 0.876126 0.299129
vt 0.876290 0.299145
vt 0.876452 0.299161
vt 0.876613 0.299176
vt 0.875968 0.301679
vt 0.876132 0.301663
vt 0.876295 0.301647
vt 0.876457 0.301630
vt 0.876618 0.301614
vt 0.876472 0.304195
vt 0.876630 0.304147
vt 0.876787 0.304099
vt 0.876943 0.304051
vt 0.877098 0.304004
vt 0.877458 0.306566
vt 0.877604 0.306489
vt 0.877749 0.306411
vt 0.877892 0.306334
vt 0.878035 0.306257
vt 0.878889 0.308702
vt 0.879017 0.308597
vt 0.879144 0.308492
vt 0.879270 0.308389
vt 0.879395 0.308285
vt 0.880709 0.310517
vt 0.880814 0.310389
vt 0.880918 0.310262
vt 0.881021 0.310136
vt 0.881124 0.310010
vt 0.882848 0.311942
vt 0.882926 0.311796
vt 0.883003 0.311651
vt 0.883080 0.311507
vt 0.883156 0.311364
vt 0.885225 0.312925
vt 0.885273 0.312765
vt 0.885320 0.312608
vt 0.885368 0.312451
vt 0.885414 0.312296
vt 0.887749 0.313421
vt 0.887765 0.313257
vt 0.887780 0.313094
vt 0.887796 0.312931
vt 0.887812 0.312770
vt 0.890322 0.313419
vt 0.890306 0.313253
vt 0.890289 0.313089
vt 0.890273 0.312926
vt 0.890256 0.312764
vt 0.892846 0.312910
vt 0.892797 0.312751
vt 0.892749 0.312594
vt 0.892702 0.312438
vt 0.892654 0.312283
vt 0.895220 0.311920
vt 0.895141 0.311774
vt 0.895064 0.311630
vt 0.894987 0.311486
vt 0.894910 0.311343
vt 0.897353 0.310487
vt 0.897248 0.310359
vt 0.897143 0.310232
vt 0.897040 0.310107
vt 0.896937 0.309982
vt 0.899166 0.308666
vt 0.899038 0.308562
vt 0.898911 0.308458
vt 0.898785 0.308355
vt 0.898659 0.308252
vt 0.900590 0.306526
vt 0.900444 0.306448
vt 0.900298 0.306372
vt 0.900155 0.306295
vt 0.900011 0.306219
vt 0.901568 0.304150
vt 0.901410 0.304102
vt 0.901253 0.304055
vt 0.901097 0.304008
vt 0.900941 0.303961
vt 0.902064 0.301629
vt 0.901899 0.301614
vt 0.901736 0.301598
vt 0.901574 0.301582
vt 0.901413 0.301567
vt 0.902059 0.299063
vt 0.901895 0.299080
vt 0.901732 0.299096
vt 0.901569 0.299112
vt 0.901409 0.299128
vt 0.901555 0.296546
vt 0.901397 0.296595
vt 0.901240 0.296642
vt 0.901084 0.296690
vt 0.900929 0.296737
vt 0.900569 0.294173
vt 0.900423 0.294251
vt 0.900278 0.294329
vt 0.900134 0.294406
vt 0.899991 0.294483
vt 0.899136 0.292039
vt 0.899009 0.292144
vt 0.898883 0.292248
vt 0.898757 0.292351
vt 0.898631 0.292455
vt 0.897317 0.290225
vt 0.897212 0.290353
vt 0.897108 0.290480
vt 0.897005 0.290606
vt 0.896902 0.290732
vt 0.895179 0.288802
vt 0.895101 0.288947
vt 0.895024 0.289093
vt 0.894947 0.289236
vt 0.894871 0.289379
vt 0.892802 0.287820
vt 0.892754 0.287979
vt 0.892707 0.288137
vt 0.892659 0.288293
vt 0.892613 0.288448
vt 0.890279 0.287323
vt 0.890263 0.287488
vt 0.890247 0.287651
vt 0.890232 0.287813
vt 0.890216 0.287975
vt 0.887830 0.288562
vt 0.885546 0.289020
vt 0.887334 0.283342
vt 0.884041 0.283998
vt 0.880940 0.285284
vt 0.883396 0.289915
vt 0.890692 0.283342
vt 0.890159 0.288557
vt 0.878150 0.287152
vt 0.881462 0.291213
vt 0.875780 0.289526
vt 0.879820 0.292861
vt 0.873919 0.292317
vt 0.878530 0.294799
vt 0.872639 0.295416
vt 0.877643 0.296951
vt 0.871989 0.298703
vt 0.877194 0.299233
vt 0.871991 0.302051
vt 0.877199 0.301556
vt 0.872644 0.305335
vt 0.877656 0.303834
vt 0.873924 0.308431
vt 0.878550 0.305981
vt 0.875784 0.311220
vt 0.879846 0.307914
vt 0.878154 0.313594
vt 0.881494 0.309558
vt 0.880942 0.315461
vt 0.883431 0.310849
vt 0.884042 0.316748
vt 0.885583 0.311736
vt 0.887336 0.317404
vt 0.887868 0.312187
vt 0.890696 0.317404
vt 0.890198 0.312183
vt 0.893990 0.316746
vt 0.892483 0.311723
vt 0.897090 0.315457
vt 0.894633 0.310828
vt 0.899877 0.313590
vt 0.896565 0.309531
vt 0.902246 0.311216
vt 0.898206 0.307882
vt 0.904106 0.308426
vt 0.899495 0.305944
vt 0.905387 0.305328
vt 0.900382 0.303793
vt 0.906038 0.302041
vt 0.900832 0.301510
vt 0.906037 0.298692
vt 0.900828 0.299186
vt 0.905385 0.295406
vt 0.900371 0.296908
vt 0.904104 0.292308
vt 0.899477 0.294759
vt 0.902241 0.289519
vt 0.898180 0.292826
vt 0.899870 0.287148
vt 0.896533 0.291184
vt 0.897083 0.285284
vt 0.894596 0.289895
vt 0.893984 0.283998
vt 0.892444 0.289008
s 1
usemtl Barrel
f 1/1/1 2/2/1 3/3/1 4/4/1 5/5/1 6/6/1 7/7/1 8/8/1 9/9/1 10/10/1 11/11/1 12/12/1 13/13/1 14/14/1 15/15/1 16/16/1 17/17/1 18/18/1 19/19/1 20/20/1 21/21/1 22/22/1 23/23/1 24/24/1 25/25/1 26/26/1 27/27/1 28/28/1 29/29/1 30/30/1 31/31/1 32/32/1
f 1057/33/2 224/34/2 97/35/3 1058/36/3
f 98/37/3 99/38/3 102/39/4 103/40/4
f 1058/36/3 97/35/3 104/41/4 1059/42/4
f 223/43/2 222/44/2 99/38/3 98/37/3
f 1089/45/5 33/46/5 34/47/6 1090/48/6
f 1091/49/7 64/50/7 33/46/5 1089/45/5
f 103/40/4 102/39/4 106/51/8 107/52/8
f 1090/48/6 34/47/6 35/53/9 1092/54/10
f 1059/42/4 104/41/4 108/55/8 1060/56/8
f 107/52/8 106/51/8 110/57/11 111/58/11
f 1092/54/10 35/53/9 36/59/12 1093/60/13
f 1060/56/8 108/55/8 112/61/11 1061/62/11
f 111/58/11 110/57/11 114/63/14 115/64/14
f 1093/60/13 36/59/12 37/65/15 1094/66/16
f 1061/62/11 112/61/11 116/67/14 1062/68/14
f 115/64/14 114/63/14 118/69/17 119/70/17
f 1094/66/16 37/65/15 38/71/18 1095/72/19
f 1062/68/14 116/67/14 120/73/17 1063/74/17
f 119/70/17 118/69/17 122/75/20 123/76/20
f 1095/72/19 38/71/18 39/77/21 1096/78/22
f 1063/74/17 120/73/17 124/79/20 1064/80/20
f 123/76/20 122/75/20 126/81/23 127/82/23
f 1096/78/22 39/77/21 40/83/24 1097/84/25
f 1064/80/20 124/79/20 128/85/23 1065/86/23
f 127/82/23 126/81/23 130/87/26 131/88/26
f 1097/84/25 40/83/24 41/89/27 1098/90/27
f 1065/86/23 128/85/23 132/91/26 1066/92/26
f 131/93/26 130/94/26 134/95/28 135/96/28
f 1098/97/27 41/98/27 42/99/29 1099/100/30
f 1066/101/26 132/102/26 136/103/28 1067/104/28
f 135/96/28 134/95/28 138/105/31 139/106/31
f 1099/100/30 42/99/29 43/107/32 1100/108/33
f 1067/104/28 136/103/28 140/109/31 1068/110/31
f 139/106/31 138/105/31 142/111/34 143/112/34
f 1100/108/33 43/107/32 44/113/35 1101/114/36
f 1068/110/31 140/109/31 144/115/34 1069/116/34
f 143/112/34 142/111/34 146/117/37 147/118/37
f 1101/114/36 44/113/35 45/119/38 1102/120/39
f 1069/116/34 144/115/34 148/121/37 1070/122/37
f 147/118/37 146/117/37 150/123/40 151/124/40
f 1102/120/39 45/119/38 46/125/41 1103/126/42
f 1070/122/37 148/121/37 152/127/40 1071/128/40
f 151/124/40 150/123/40 154/129/43 155/130/43
f 1103/126/42 46/125/41 47/131/44 1104/132/45
f 1071/128/40 152/127/40 156/133/43 1072/134/43
f 155/130/43 154/129/43 158/135/46 159/136/46
f 1104/132/45 47/131/44 48/137/47 1105/138/47
f 1072/134/43 156/133/43 160/139/46 1073/140/46
f 159/136/46 158/135/46 162/141/48 163/142/48
f 1105/138/47 48/137/47 49/143/49 1106/144/49
f 1073/140/46 160/139/46 164/145/48 1074/146/48
f 163/142/48 162/141/48 166/147/50 167/148/50
f 1106/144/49 49/143/49 50/149/51 1107/150/51
f 1074/146/48 164/145/48 168/151/50 1075/152/50
f 167/148/50 166/147/50 170/153/52 171/154/52
f 1107/150/51 50/149/51 51/155/53 1108/156/54
f 1075/152/50 168/151/50 172/157/52 1076/158/52
f 171/154/52 170/153/52 174/159/55 175/160/55
f 1108/156/54 51/155/53 52/161/56 1109/162/57
f 1076/158/52 172/157/52 176/163/55 1077/164/55
f 175/160/55 174/159/55 178/165/58 179/166/58
f 1109/162/57 52/161/56 53/167/59 1110/168/60
f 1077/164/55 176/163/55 180/169/58 1078/170/58
f 179/166/58 178/165/58 182/171/61 183/172/61
f 1110/168/60 53/167/59 54/173/62 1111/174/63
f 1078/170/58 180/169/58 184/175/61 1079/176/61
f 183/172/61 182/171/61 186/177/64 187/178/64
f 1111/174/63 54/173/62 55/179/65 1112/180/66
f 1079/176/61 184/175/61 188/181/64 1080/182/64
f 187/178/64 186/177/64 190/183/67 191/184/67
f 1112/180/66 55/179/65 56/185/68 1113/186/69
f 1080/182/64 188/181/64 192/187/67 1081/188/67
f 191/184/67 190/183/67 194/189/70 195/190/70
f 1113/186/69 56/185/68 57/191/71 1114/192/71
f 1081/188/67 192/187/67 196/193/70 1082/194/70
f 195/195/70 194/196/70 198/197/72 199/198/72
f 1114/199/71 57/200/71 58/201/73 1115/202/74
f 1082/203/70 196/204/70 200/205/72 1083/206/72
f 199/198/72 198/197/72 202/207/75 203/208/75
f 1115/202/74 58/201/73 59/209/76 1116/210/77
f 1083/206/72 200/205/72 204/211/75 1084/212/75
f 203/208/75 202/207/75 206/213/78 207/214/78
f 1116/210/77 59/209/76 60/215/79 1117/216/80
f 1084/212/75 204/211/75 208/217/78 1085/218/78
f 207/214/78 206/213/78 210/219/81 211/220/81
f 1117/216/80 60/215/79 61/221/82 1118/222/83
f 1085/218/78 208/217/78 212/223/81 1086/224/81
f 211/220/81 210/219/81 214/225/84 215/226/84
f 1118/222/83 61/221/82 62/227/85 1119/228/86
f 1086/224/81 212/223/81 216/229/84 1087/230/84
f 215/226/84 214/225/84 218/231/87 219/232/87
f 1119/228/86 62/227/85 63/233/88 1120/234/89
f 1087/230/84 216/229/84 220/235/87 1088/236/87
f 219/232/87 218/231/87 222/44/2 223/43/2
f 1120/234/89 63/233/88 64/50/7 1091/49/7
f 1088/236/87 220/235/87 224/34/2 1057/33/2
f 361/237/90 365/238/91 367/239/92 364/240/93
f 364/240/93 367/239/92 368/241/94 363/242/95
f 363/242/95 368/241/94 369/243/96 362/244/97
f 362/244/97 369/243/96 366/245/98 360/246/99
f 336/247/100 340/248/101 342/249/102 339/250/103
f 339/250/103 342/249/102 343/251/104 338/252/105
f 338/252/105 343/251/104 344/253/106 337/254/107
f 337/254/107 344/253/106 341/255/108 335/256/109
f 311/257/110 315/258/111 317/259/112 314/260/113
f 314/260/113 317/259/112 318/261/114 313/262/115
f 313/262/115 318/261/114 319/263/116 312/264/117
f 312/264/117 319/263/116 316/265/118 310/266/119
f 286/267/120 290/268/121 292/269/122 289/270/123
f 289/270/123 292/269/122 293/271/124 288/272/125
f 288/272/125 293/271/124 294/273/126 287/274/127
f 287/274/127 294/273/126 291/275/128 285/276/129
f 261/277/130 265/278/131 267/279/132 264/280/133
f 264/280/133 267/279/132 268/281/134 263/282/135
f 263/282/135 268/281/134 269/283/136 262/284/137
f 262/284/137 269/283/136 266/285/138 260/286/139
f 236/287/140 240/288/141 242/289/142 239/290/143
f 239/290/143 242/289/142 243/291/144 238/292/145
f 238/292/145 243/291/144 244/293/146 237/294/147
f 237/294/147 244/293/146 241/295/148 235/296/149
f 516/297/150 520/298/151 522/299/152 519/300/153
f 519/300/153 522/299/152 523/301/154 518/302/155
f 518/302/155 523/301/154 524/303/156 517/304/157
f 517/304/157 524/303/156 521/305/158 515/306/159
f 491/307/160 495/308/161 497/309/162 494/310/163
f 494/310/163 497/309/162 498/311/164 493/312/165
f 493/312/165 498/311/164 499/313/166 492/314/167
f 492/314/167 499/313/166 496/315/168 490/316/169
f 466/317/170 470/318/171 472/319/172 469/320/173
f 469/320/173 472/319/172 473/321/174 468/322/175
f 468/322/175 473/321/174 474/323/176 467/324/177
f 467/324/177 474/323/176 471/325/178 465/326/179
f 441/327/180 445/328/181 447/329/182 444/330/183
f 444/330/183 447/329/182 448/331/184 443/332/185
f 443/332/185 448/331/184 449/333/186 442/334/187
f 442/334/187 449/333/186 446/335/188 440/336/189
f 416/337/190 420/338/191 422/339/192 419/340/193
f 419/340/193 422/339/192 423/341/194 418/342/195
f 418/342/195 423/341/194 424/343/196 417/344/197
f 417/344/197 424/343/196 421/345/198 415/346/199
f 391/347/200 395/348/201 397/349/202 394/350/203
f 394/350/203 397/349/202 398/351/204 393/352/205
f 393/352/205 398/351/204 399/353/206 392/354/207
f 392/354/207 399/353/206 396/355/208 390/356/209
f 376/357/210 380/358/211 382/359/212 379/360/213
f 379/360/213 382/359/212 383/361/214 378/362/215
f 378/362/215 383/361/214 384/363/216 377/364/217
f 377/364/217 384/363/216 381/365/218 375/366/219
f 371/367/220 376/357/210 379/360/213 374/368/221
f 374/368/221 379/360/213 378/362/215 373/369/222
f 373/369/222 378/362/215 377/364/217 372/370/223
f 372/370/223 377/364/217 375/366/219 370/371/224
f 351/372/225 355/373/226 357/374/227 354/375/228
f 354/375/228 357/374/227 358/376/229 353/377/230
f 353/377/230 358/376/229 359/378/231 352/379/232
f 352/379/232 359/378/231 356/380/233 350/381/234
f 346/382/235 351/372/225 354/375/228 349/383/236
f 349/383/236 354/375/228 353/377/230 348/384/237
f 348/384/237 353/377/230 352/379/232 347/385/238
f 347/385/238 352/379/232 350/381/234 345/386/239
f 326/387/240 330/388/241 332/389/242 329/390/243
f 329/390/243 332/389/242 333/391/244 328/392/245
f 328/392/245 333/391/244 334/393/246 327/394/247
f 327/394/247 334/393/246 331/395/248 325/396/249
f 321/397/250 326/387/240 329/390/243 324/398/251
f 324/398/251 329/390/243 328/392/245 323/399/252
f 323/399/252 328/392/245 327/394/247 322/400/253
f 322/400/253 327/394/247 325/396/249 320/401/254
f 301/402/255 305/403/256 307/404/257 304/405/258
f 304/405/258 307/404/257 308/406/259 303/407/260
f 303/407/260 308/406/259 309/408/261 302/409/262
f 302/409/262 309/408/261 306/410/263 300/411/264
f 296/412/265 301/402/255 304/405/258 299/413/266
f 299/413/266 304/405/258 303/407/260 298/414/267
f 298/414/267 303/407/260 302/409/262 297/415/268
f 297/415/268 302/409/262 300/411/264 295/416/269
f 276/417/270 280/418/271 282/419/272 279/420/273
f 279/420/273 282/419/272 283/421/274 278/422/275
f 278/422/275 283/421/274 284/423/276 277/424/277
f 277/424/277 284/423/276 281/425/278 275/426/279
f 271/427/280 276/417/270 279/420/273 274/428/281
f 274/428/281 279/420/273 278/422/275 273/429/282
f 273/429/282 278/422/275 277/424/277 272/430/283
f 272/430/283 277/424/277 275/426/279 270/431/284
f 251/432/285 255/433/286 257/434/287 254/435/288
f 254/435/288 257/434/287 258/436/289 253/437/290
f 253/437/290 258/436/289 259/438/291 252/439/292
f 252/439/292 259/438/291 256/440/293 250/441/294
f 246/442/295 251/432/285 254/435/288 249/443/296
f 249/443/296 254/435/288 253/437/290 248/444/297
f 248/444/297 253/437/290 252/439/292 247/445/298
f 247/445/298 252/439/292 250/441/294 245/446/299
f 226/447/300 230/448/301 232/449/302 229/450/303
f 229/450/303 232/449/302 233/451/304 228/452/305
f 228/452/305 233/451/304 234/453/306 227/454/307
f 227/454/307 234/453/306 231/455/308 225/456/309
f 380/358/211 226/447/300 229/450/303 382/359/212
f 382/359/212 229/450/303 228/452/305 383/361/214
f 383/361/214 228/452/305 227/454/307 384/363/216
f 384/363/216 227/454/307 225/456/309 381/365/218
f 531/457/310 535/458/311 537/459/312 534/460/313
f 534/460/313 537/459/312 538/461/314 533/462/315
f 533/462/315 538/461/314 539/463/316 532/464/317
f 532/464/317 539/463/316 536/465/318 530/466/319
f 526/467/320 531/457/310 534/460/313 529/468/321
f 529/468/321 534/460/313 533/462/315 528/469/322
f 528/469/322 533/462/315 532/464/317 527/470/323
f 527/470/323 532/464/317 530/466/319 525/471/324
f 506/472/325 510/473/326 512/474/327 509/475/328
f 509/475/328 512/474/327 513/476/329 508/477/330
f 508/477/330 513/476/329 514/478/331 507/479/332
f 507/479/332 514/478/331 511/480/333 505/481/334
f 501/482/335 506/472/325 509/475/328 504/483/336
f 504/483/336 509/475/328 508/477/330 503/484/337
f 503/484/337 508/477/330 507/479/332 502/485/338
f 502/485/338 507/479/332 505/481/334 500/486/339
f 481/487/340 485/488/341 487/489/342 484/490/343
f 484/490/343 487/489/342 488/491/344 483/492/345
f 483/492/345 488/491/344 489/493/346 482/494/347
f 482/494/347 489/493/346 486/495/348 480/496/349
f 476/497/350 481/487/340 484/490/343 479/498/351
f 479/498/351 484/490/343 483/492/345 478/499/352
f 478/499/352 483/492/345 482/494/347 477/500/353
f 477/500/353 482/494/347 480/496/349 475/501/354
f 456/502/355 460/503/356 462/504/357 459/505/358
f 459/505/358 462/504/357 463/506/359 458/507/360
f 458/507/360 463/506/359 464/508/361 457/509/362
f 457/509/362 464/508/361 461/510/363 455/511/364
f 451/512/365 456/502/355 459/505/358 454/513/366
f 454/513/366 459/505/358 458/507/360 453/514/367
f 453/514/367 458/507/360 457/509/362 452/515/368
f 452/515/368 457/509/362 455/511/364 450/516/369
f 431/517/370 435/518/371 437/519/372 434/520/373
f 434/520/373 437/519/372 438/521/374 433/522/375
f 433/522/375 438/521/374 439/523/376 432/524/377
f 432/524/377 439/523/376 436/525/378 430/526/379
f 426/527/380 431/517/370 434/520/373 429/528/381
f 429/528/381 434/520/373 433/522/375 428/529/382
f 428/529/382 433/522/375 432/524/377 427/530/383
f 427/530/383 432/524/377 430/526/379 425/531/384
f 406/532/385 410/533/386 412/534/387 409/535/388
f 409/535/388 412/534/387 413/536/389 408/537/390
f 408/537/390 413/536/389 414/538/391 407/539/392
f 407/539/392 414/538/391 411/540/393 405/541/394
f 401/542/395 406/532/385 409/535/388 404/543/396
f 404/543/396 409/535/388 408/537/390 403/544/397
f 403/544/397 408/537/390 407/539/392 402/545/398
f 402/545/398 407/539/392 405/541/394 400/546/399
f 541/547/400 385/548/401 387/549/402 544/550/403
f 544/550/403 387/549/402 388/551/404 543/552/405
f 543/552/405 388/551/404 389/553/406 542/554/407
f 542/554/407 389/553/406 386/555/408 540/556/409
f 355/373/226 361/237/90 364/240/93 357/374/227
f 357/374/227 364/240/93 363/242/95 358/376/229
f 358/376/229 363/242/95 362/244/97 359/378/231
f 359/378/231 362/244/97 360/246/99 356/380/233
f 365/238/91 371/367/220 374/368/221 367/239/92
f 367/239/92 374/368/221 373/369/222 368/241/94
f 368/241/94 373/369/222 372/370/223 369/243/96
f 369/243/96 372/370/223 370/371/224 366/245/98
f 330/388/241 336/247/100 339/250/103 332/389/242
f 332/389/242 339/250/103 338/252/105 333/391/244
f 333/391/244 338/252/105 337/254/107 334/393/246
f 334/393/246 337/254/107 335/256/109 331/395/248
f 340/557/101 346/382/235 349/383/236 342/558/102
f 342/558/102 349/383/236 348/384/237 343/559/104
f 343/559/104 348/384/237 347/385/238 344/560/106
f 344/560/106 347/385/238 345/386/239 341/561/108
f 305/403/256 311/257/110 314/260/113 307/404/257
f 307/404/257 314/260/113 313/262/115 308/406/259
f 308/406/259 313/262/115 312/264/117 309/408/261
f 309/408/261 312/264/117 310/266/119 306/410/263
f 315/258/111 321/397/250 324/398/251 317/259/112
f 317/259/112 324/398/251 323/399/252 318/261/114
f 318/261/114 323/399/252 322/400/253 319/263/116
f 319/263/116 322/400/253 320/401/254 316/265/118
f 280/418/271 286/267/120 289/270/123 282/419/272
f 282/419/272 289/270/123 288/272/125 283/421/274
f 283/421/274 288/272/125 287/274/127 284/423/276
f 284/423/276 287/274/127 285/276/129 281/425/278
f 290/268/121 296/412/265 299/413/266 292/269/122
f 292/269/122 299/413/266 298/414/267 293/271/124
f 293/271/124 298/414/267 297/415/268 294/273/126
f 294/273/126 297/415/268 295/416/269 291/275/128
f 255/433/286 261/562/130 264/563/133 257/434/287
f 257/434/287 264/563/133 263/564/135 258/436/289
f 258/436/289 263/564/135 262/565/137 259/438/291
f 259/438/291 262/565/137 260/566/139 256/440/293
f 265/278/131 271/427/280 274/428/281 267/279/132
f 267/279/132 274/428/281 273/429/282 268/281/134
f 268/281/134 273/429/282 272/430/283 269/283/136
f 269/283/136 272/430/283 270/431/284 266/285/138
f 230/448/301 236/287/140 239/290/143 232/449/302
f 232/449/302 239/290/143 238/292/145 233/451/304
f 233/451/304 238/292/145 237/294/147 234/453/306
f 234/453/306 237/294/147 235/296/149 231/455/308
f 240/288/141 246/442/295 249/443/296 242/289/142
f 242/289/142 249/443/296 248/444/297 243/291/144
f 243/291/144 248/444/297 247/445/298 244/293/146
f 244/293/146 247/445/298 245/446/299 241/295/148
f 535/458/311 541/547/400 544/550/403 537/459/312
f 537/459/312 544/550/403 543/552/405 538/461/314
f 538/461/314 543/552/405 542/554/407 539/463/316
f 539/463/316 542/554/407 540/556/409 536/465/318
f 510/473/326 516/297/150 519/300/153 512/474/327
f 512/474/327 519/300/153 518/302/155 513/476/329
f 513/476/329 518/302/155 517/304/157 514/478/331
f 514/478/331 517/304/157 515/306/159 511/480/333
f 520/298/151 526/467/320 529/468/321 522/299/152
f 522/299/152 529/468/321 528/469/322 523/301/154
f 523/301/154 528/469/322 527/470/323 524/303/156
f 524/303/156 527/470/323 525/471/324 521/305/158
f 485/488/341 491/307/160 494/310/163 487/489/342
f 487/489/342 494/310/163 493/312/165 488/491/344
f 488/491/344 493/312/165 492/314/167 489/493/346
f 489/493/346 492/314/167 490/316/169 486/495/348
f 495/308/161 501/567/335 504/568/336 497/309/162
f 497/309/162 504/568/336 503/569/337 498/311/164
f 498/311/164 503/569/337 502/570/338 499/313/166
f 499/313/166 502/570/338 500/571/339 496/315/168
f 460/503/356 466/317/170 469/320/173 462/504/357
f 462/504/357 469/320/173 468/322/175 463/506/359
f 463/506/359 468/322/175 467/324/177 464/508/361
f 464/508/361 467/324/177 465/326/179 461/510/363
f 470/318/171 476/497/350 479/498/351 472/319/172
f 472/319/172 479/498/351 478/499/352 473/321/174
f 473/321/174 478/499/352 477/500/353 474/323/176
f 474/323/176 477/500/353 475/501/354 471/325/178
f 435/518/371 441/327/180 444/330/183 437/519/372
f 437/519/372 444/330/183 443/332/185 438/521/374
f 438/521/374 443/332/185 442/334/187 439/523/376
f 439/523/376 442/334/187 440/336/189 436/525/378
f 445/328/181 451/512/365 454/513/366 447/329/182
f 447/329/182 454/513/366 453/514/367 448/331/184
f 448/331/184 453/514/367 452/515/368 449/333/186
f 449/333/186 452/515/368 450/516/369 446/335/188
f 410/533/386 416/337/190 419/340/193 412/534/387
f 412/534/387 419/340/193 418/342/195 413/536/389
f 413/536/389 418/342/195 417/344/197 414/538/391
f 414/538/391 417/344/197 415/346/199 411/540/393
f 420/572/191 426/527/380 429/528/381 422/573/192
f 422/573/192 429/528/381 428/529/382 423/574/194
f 423/574/194 428/529/382 427/530/383 424/575/196
f 424/575/196 427/530/383 425/531/384 421/576/198
f 385/548/401 391/347/200 394/350/203 387/549/402
f 387/549/402 394/350/203 393/352/205 388/551/404
f 388/551/404 393/352/205 392/354/207 389/553/406
f 389/553/406 392/354/207 390/356/209 386/555/408
f 395/348/201 401/542/395 404/543/396 397/349/202
f 397/349/202 404/543/396 403/544/397 398/351/204
f 398/351/204 403/544/397 402/545/398 399/353/206
f 399/353/206 402/545/398 400/546/399 396/355/208
f 701/577/410 545/578/411 547/579/412 704/580/413
f 704/580/413 547/579/412 548/581/414 703/582/415
f 703/582/415 548/581/414 549/583/416 702/584/417
f 702/584/417 549/583/416 546/585/418 700/586/419
f 696/587/420 701/577/410 704/580/413 699/588/421
f 699/588/421 704/580/413 703/582/415 698/589/422
f 698/589/422 703/582/415 702/584/417 697/590/423
f 697/590/423 702/584/417 700/586/419 695/591/424
f 691/592/425 696/587/420 699/588/421 694/593/426
f 694/593/426 699/588/421 698/589/422 693/594/427
f 693/594/427 698/589/422 697/590/423 692/595/428
f 692/595/428 697/590/423 695/591/424 690/596/429
f 686/597/430 691/592/425 694/593/426 689/598/431
f 689/598/431 694/593/426 693/594/427 688/599/432
f 688/599/432 693/594/427 692/595/428 687/600/433
f 687/600/433 692/595/428 690/596/429 685/601/434
f 681/602/435 686/597/430 689/598/431 684/603/436
f 684/603/436 689/598/431 688/599/432 683/604/437
f 683/604/437 688/599/432 687/600/433 682/605/438
f 682/605/438 687/600/433 685/601/434 680/606/439
f 676/607/440 681/602/435 684/603/436 679/608/441
f 679/608/441 684/603/436 683/604/437 678/609/442
f 678/609/442 683/604/437 682/605/438 677/610/443
f 677/610/443 682/605/438 680/606/439 675/611/444
f 671/612/445 676/607/440 679/608/441 674/613/446
f 674/613/446 679/608/441 678/609/442 673/614/447
f 673/614/447 678/609/442 677/610/443 672/615/448
f 672/615/448 677/610/443 675/611/444 670/616/449
f 666/617/450 671/612/445 674/613/446 669/618/451
f 669/618/451 674/613/446 673/614/447 668/619/452
f 668/619/452 673/614/447 672/615/448 667/620/453
f 667/620/453 672/615/448 670/616/449 665/621/454
f 661/622/455 666/623/450 669/624/451 664/625/456
f 664/625/456 669/624/451 668/626/452 663/627/457
f 663/627/457 668/626/452 667/628/453 662/629/458
f 662/629/458 667/628/453 665/630/454 660/631/459
f 656/632/460 661/622/455 664/625/456 659/633/461
f 659/633/461 664/625/456 663/627/457 658/634/462
f 658/634/462 663/627/457 662/629/458 657/635/463
f 657/635/463 662/629/458 660/631/459 655/636/464
f 651/637/465 656/632/460 659/633/461 654/638/466
f 654/638/466 659/633/461 658/634/462 653/639/467
f 653/639/467 658/634/462 657/635/463 652/640/468
f 652/640/468 657/635/463 655/636/464 650/641/469
f 646/642/470 651/637/465 654/638/466 649/643/471
f 649/643/471 654/638/466 653/639/467 648/644/472
f 648/644/472 653/639/467 652/640/468 647/645/473
f 647/645/473 652/640/468 650/641/469 645/646/474
f 641/647/475 646/642/470 649/643/471 644/648/476
f 644/648/476 649/643/471 648/644/472 643/649/477
f 643/649/477 648/644/472 647/645/473 642/650/478
f 642/650/478 647/645/473 645/646/474 640/651/479
f 636/652/480 641/647/475 644/648/476 639/653/481
f 639/653/481 644/648/476 643/649/477 638/654/482
f 638/654/482 643/649/477 642/650/478 637/655/483
f 637/655/483 642/650/478 640/651/479 635/656/484
f 631/657/485 636/652/480 639/653/481 634/658/486
f 634/658/486 639/653/481 638/654/482 633/659/487
f 633/659/487 638/654/482 637/655/483 632/660/488
f 632/660/488 637/655/483 635/656/484 630/661/489
f 626/662/490 631/657/485 634/658/486 629/663/491
f 629/663/491 634/658/486 633/659/487 628/664/492
f 628/664/492 633/659/487 632/660/488 627/665/493
f 627/665/493 632/660/488 630/661/489 625/666/494
f 621/667/495 626/662/490 629/663/491 624/668/496
f 624/668/496 629/663/491 628/664/492 623/669/497
f 623/669/497 628/664/492 627/665/493 622/670/498
f 622/670/498 627/665/493 625/666/494 620/671/499
f 616/672/500 621/667/495 624/668/496 619/673/501
f 619/673/501 624/668/496 623/669/497 618/674/502
f 618/674/502 623/669/497 622/670/498 617/675/503
f 617/675/503 622/670/498 620/671/499 615/676/504
f 611/677/505 616/672/500 619/673/501 614/678/506
f 614/678/506 619/673/501 618/674/502 613/679/507
f 613/679/507 618/674/502 617/675/503 612/680/508
f 612/680/508 617/675/503 615/676/504 610/681/509
f 606/682/510 611/677/505 614/678/506 609/683/511
f 609/683/511 614/678/506 613/679/507 608/684/512
f 608/684/512 613/679/507 612/680/508 607/685/513
f 607/685/513 612/680/508 610/681/509 605/686/514
f 601/687/515 606/682/510 609/683/511 604/688/516
f 604/688/516 609/683/511 608/684/512 603/689/517
f 603/689/517 608/684/512 607/685/513 602/690/518
f 602/690/518 607/685/513 605/686/514 600/691/519
f 596/692/520 601/687/515 604/688/516 599/693/521
f 599/693/521 604/688/516 603/689/517 598/694/522
f 598/694/522 603/689/517 602/690/518 597/695/523
f 597/695/523 602/690/518 600/691/519 595/696/524
f 591/697/525 596/692/520 599/693/521 594/698/526
f 594/698/526 599/693/521 598/694/522 593/699/527
f 593/699/527 598/694/522 597/695/523 592/700/528
f 592/700/528 597/695/523 595/696/524 590/701/529
f 586/702/530 591/697/525 594/698/526 589/703/531
f 589/703/531 594/698/526 593/699/527 588/704/532
f 588/704/532 593/699/527 592/700/528 587/705/533
f 587/705/533 592/700/528 590/701/529 585/706/534
f 581/707/535 586/708/530 589/709/531 584/710/536
f 584/710/536 589/709/531 588/711/532 583/712/537
f 583/712/537 588/711/532 587/713/533 582/714/538
f 582/714/538 587/713/533 585/715/534 580/716/539
f 576/717/540 581/707/535 584/710/536 579/718/541
f 579/718/541 584/710/536 583/712/537 578/719/542
f 578/719/542 583/712/537 582/714/538 577/720/543
f 577/720/543 582/714/538 580/716/539 575/721/544
f 571/722/545 576/717/540 579/718/541 574/723/546
f 574/723/546 579/718/541 578/719/542 573/724/547
f 573/724/547 578/719/542 577/720/543 572/725/548
f 572/725/548 577/720/543 575/721/544 570/726/549
f 566/727/550 571/722/545 574/723/546 569/728/551
f 569/728/551 574/723/546 573/724/547 568/729/552
f 568/729/552 573/724/547 572/725/548 567/730/553
f 567/730/553 572/725/548 570/726/549 565/731/554
f 561/732/555 566/727/550 569/728/551 564/733/556
f 564/733/556 569/728/551 568/729/552 563/734/557
f 563/734/557 568/729/552 567/730/553 562/735/558
f 562/735/558 567/730/553 565/731/554 560/736/559
f 556/737/560 561/732/555 564/733/556 559/738/561
f 559/738/561 564/733/556 563/734/557 558/739/562
f 558/739/562 563/734/557 562/735/558 557/740/563
f 557/740/563 562/735/558 560/736/559 555/741/564
f 551/742/565 556/737/560 559/738/561 554/743/566
f 554/743/566 559/738/561 558/739/562 553/744/567
f 553/744/567 558/739/562 557/740/563 552/745/568
f 552/745/568 557/740/563 555/741/564 550/746/569
f 545/578/411 551/742/565 554/743/566 547/579/412
f 547/579/412 554/743/566 553/744/567 548/581/414
f 548/581/414 553/744/567 552/745/568 549/583/416
f 549/583/416 552/745/568 550/746/569 546/585/418
f 856/747/570 860/748/571 862/749/572 859/750/573
f 859/750/573 862/749/572 863/751/574 858/752/575
f 858/752/575 863/751/574 864/753/576 857/754/577
f 857/754/577 864/753/576 861/755/578 855/756/579
f 851/757/580 856/747/570 859/750/573 854/758/581
f 854/758/581 859/750/573 858/752/575 853/759/582
f 853/759/582 858/752/575 857/754/577 852/760/583
f 852/760/583 857/754/577 855/756/579 850/761/584
f 846/762/585 851/757/580 854/758/581 849/763/586
f 849/763/586 854/758/581 853/759/582 848/764/587
f 848/764/587 853/759/582 852/760/583 847/765/588
f 847/765/588 852/760/583 850/761/584 845/766/589
f 841/767/590 846/762/585 849/763/586 844/768/591
f 844/768/591 849/763/586 848/764/587 843/769/592
f 843/769/592 848/764/587 847/765/588 842/770/593
f 842/770/593 847/765/588 845/766/589 840/771/594
f 836/772/595 841/767/590 844/768/591 839/773/596
f 839/773/596 844/768/591 843/769/592 838/774/597
f 838/774/597 843/769/592 842/770/593 837/775/598
f 837/775/598 842/770/593 840/771/594 835/776/599
f 831/777/600 836/772/595 839/773/596 834/778/601
f 834/778/601 839/773/596 838/774/597 833/779/602
f 833/779/602 838/774/597 837/775/598 832/780/603
f 832/780/603 837/775/598 835/776/599 830/781/604
f 826/782/605 831/777/600 834/778/601 829/783/606
f 829/783/606 834/778/601 833/779/602 828/784/607
f 828/784/607 833/779/602 832/780/603 827/785/608
f 827/785/608 832/780/603 830/781/604 825/786/609
f 821/787/610 826/782/605 829/783/606 824/788/611
f 824/788/611 829/783/606 828/784/607 823/789/612
f 823/789/612 828/784/607 827/785/608 822/790/613
f 822/790/613 827/785/608 825/786/609 820/791/614
f 816/792/615 821/793/610 824/794/611 819/795/616
f 819/795/616 824/794/611 823/796/612 818/797/617
f 818/797/617 823/796/612 822/798/613 817/799/618
f 817/799/618 822/798/613 820/800/614 815/801/619
f 811/802/620 816/792/615 819/795/616 814/803/621
f 814/803/621 819/795/616 818/797/617 813/804/622
f 813/804/622 818/797/617 817/799/618 812/805/623
f 812/805/623 817/799/618 815/801/619 810/806/624
f 806/807/625 811/802/620 814/803/621 809/808/626
f 809/808/626 814/803/621 813/804/622 808/809/627
f 808/809/627 813/804/622 812/805/623 807/810/628
f 807/810/628 812/805/623 810/806/624 805/811/629
f 801/812/630 806/807/625 809/808/626 804/813/631
f 804/813/631 809/808/626 808/809/627 803/814/632
f 803/814/632 808/809/627 807/810/628 802/815/633
f 802/815/633 807/810/628 805/811/629 800/816/634
f 796/817/635 801/812/630 804/813/631 799/818/636
f 799/818/636 804/813/631 803/814/632 798/819/637
f 798/819/637 803/814/632 802/815/633 797/820/638
f 797/820/638 802/815/633 800/816/634 795/821/639
f 791/822/640 796/817/635 799/818/636 794/823/641
f 794/823/641 799/818/636 798/819/637 793/824/642
f 793/824/642 798/819/637 797/820/638 792/825/643
f 792/825/643 797/820/638 795/821/639 790/826/644
f 786/827/645 791/822/640 794/823/641 789/828/646
f 789/828/646 794/823/641 793/824/642 788/829/647
f 788/829/647 793/824/642 792/825/643 787/830/648
f 787/830/648 792/825/643 790/826/644 785/831/649
f 781/832/650 786/827/645 789/828/646 784/833/651
f 784/833/651 789/828/646 788/829/647 783/834/652
f 783/834/652 788/829/647 787/830/648 782/835/653
f 782/835/653 787/830/648 785/831/649 780/836/654
f 776/837/655 781/832/650 784/833/651 779/838/656
f 779/838/656 784/833/651 783/834/652 778/839/657
f 778/839/657 783/834/652 782/835/653 777/840/658
f 777/840/658 782/835/653 780/836/654 775/841/659
f 771/842/660 776/837/655 779/838/656 774/843/661
f 774/843/661 779/838/656 778/839/657 773/844/662
f 773/844/662 778/839/657 777/840/658 772/845/663
f 772/845/663 777/840/658 775/841/659 770/846/664
f 766/847/665 771/842/660 774/843/661 769/848/666
f 769/848/666 774/843/661 773/844/662 768/849/667
f 768/849/667 773/844/662 772/845/663 767/850/668
f 767/850/668 772/845/663 770/846/664 765/851/669
f 761/852/670 766/847/665 769/848/666 764/853/671
f 764/853/671 769/848/666 768/849/667 763/854/672
f 763/854/672 768/849/667 767/850/668 762/855/673
f 762/855/673 767/850/668 765/851/669 760/856/674
f 756/857/675 761/852/670 764/853/671 759/858/676
f 759/858/676 764/853/671 763/854/672 758/859/677
f 758/859/677 763/854/672 762/855/673 757/860/678
f 757/860/678 762/855/673 760/856/674 755/861/679
f 751/862/680 756/857/675 759/858/676 754/863/681
f 754/863/681 759/858/676 758/859/677 753/864/682
f 753/864/682 758/859/677 757/860/678 752/865/683
f 752/865/683 757/860/678 755/861/679 750/866/684
f 746/867/685 751/862/680 754/863/681 749/868/686
f 749/868/686 754/863/681 753/864/682 748/869/687
f 748/869/687 753/864/682 752/865/683 747/870/688
f 747/870/688 752/865/683 750/866/684 745/871/689
f 741/872/690 746/867/685 749/868/686 744/873/691
f 744/873/691 749/868/686 748/869/687 743/874/692
f 743/874/692 748/869/687 747/870/688 742/875/693
f 742/875/693 747/870/688 745/871/689 740/876/694
f 736/877/695 741/878/690 744/879/691 739/880/696
f 739/880/696 744/879/691 743/881/692 738/882/697
f 738/882/697 743/881/692 742/883/693 737/884/698
f 737/884/698 742/883/693 740/885/694 735/886/699
f 731/887/700 736/877/695 739/880/696 734/888/701
f 734/888/701 739/880/696 738/882/697 733/889/702
f 733/889/702 738/882/697 737/884/698 732/890/703
f 732/890/703 737/884/698 735/886/699 730/891/704
f 726/892/705 731/887/700 734/888/701 729/893/706
f 729/893/706 734/888/701 733/889/702 728/894/707
f 728/894/707 733/889/702 732/890/703 727/895/708
f 727/895/708 732/890/703 730/891/704 725/896/709
f 721/897/710 726/892/705 729/893/706 724/898/711
f 724/898/711 729/893/706 728/894/707 723/899/712
f 723/899/712 728/894/707 727/895/708 722/900/713
f 722/900/713 727/895/708 725/896/709 720/901/714
f 716/902/715 721/897/710 724/898/711 719/903/716
f 719/903/716 724/898/711 723/899/712 718/904/717
f 718/904/717 723/899/712 722/900/713 717/905/718
f 717/905/718 722/900/713 720/901/714 715/906/719
f 711/907/720 716/902/715 719/903/716 714/908/721
f 714/908/721 719/903/716 718/904/717 713/909/722
f 713/909/722 718/904/717 717/905/718 712/910/723
f 712/910/723 717/905/718 715/906/719 710/911/724
f 706/912/725 711/907/720 714/908/721 709/913/726
f 709/913/726 714/908/721 713/909/722 708/914/727
f 708/914/727 713/909/722 712/910/723 707/915/728
f 707/915/728 712/910/723 710/911/724 705/916/729
f 860/748/571 706/912/725 709/913/726 862/749/572
f 862/749/572 709/913/726 708/914/727 863/751/574
f 863/751/574 708/914/727 707/915/728 864/753/576
f 864/753/576 707/915/728 705/916/729 861/755/578
f 230/448/301 226/447/300 222/917/730 218/918/731
f 217/919/732 221/920/733 225/456/309 231/455/308
f 226/447/300 380/358/211 99/921/734 222/917/730
f 221/920/733 100/922/735 381/365/218 225/456/309
f 213/923/736 217/919/732 231/455/308 235/296/149
f 236/287/140 230/448/301 218/918/731 214/924/737
f 240/288/141 236/287/140 214/924/737 210/925/738
f 209/926/739 213/923/736 235/296/149 241/295/148
f 205/927/740 209/926/739 241/295/148 245/446/299
f 246/442/295 240/288/141 210/925/738 206/928/741
f 251/432/285 246/442/295 206/928/741 202/929/742
f 201/930/743 205/927/740 245/446/299 250/441/294
f 255/433/286 251/432/285 202/929/742 198/931/744
f 197/932/745 201/930/743 250/441/294 256/440/293
f 193/933/746 197/932/745 256/440/293 260/566/139
f 261/562/130 255/433/286 198/931/744 194/934/747
f 265/278/131 261/277/130 194/935/747 190/936/748
f 189/937/749 193/938/746 260/286/139 266/285/138
f 185/939/750 189/937/749 266/285/138 270/431/284
f 271/427/280 265/278/131 190/936/748 186/940/751
f 276/417/270 271/427/280 186/940/751 182/941/752
f 181/942/753 185/939/750 270/431/284 275/426/279
f 280/418/271 276/417/270 182/941/752 178/943/754
f 177/944/755 181/942/753 275/426/279 281/425/278
f 173/945/756 177/944/755 281/425/278 285/276/129
f 286/267/120 280/418/271 178/943/754 174/946/757
f 290/268/121 286/267/120 174/946/757 170/947/758
f 169/948/759 173/945/756 285/276/129 291/275/128
f 165/949/760 169/948/759 291/275/128 295/416/269
f 296/412/265 290/268/121 170/947/758 166/950/761
f 301/402/255 296/412/265 166/950/761 162/951/762
f 161/952/763 165/949/760 295/416/269 300/411/264
f 305/403/256 301/402/255 162/951/762 158/953/764
f 157/954/765 161/952/763 300/411/264 306/410/263
f 153/955/766 157/954/765 306/410/263 310/266/119
f 311/257/110 305/403/256 158/953/764 154/956/767
f 315/258/111 311/257/110 154/956/767 150/957/768
f 149/958/769 153/955/766 310/266/119 316/265/118
f 145/959/770 149/958/769 316/265/118 320/401/254
f 321/397/250 315/258/111 150/957/768 146/960/771
f 326/387/240 321/397/250 146/960/771 142/961/772
f 141/962/773 145/959/770 320/401/254 325/396/249
f 330/388/241 326/387/240 142/961/772 138/963/774
f 137/964/775 141/962/773 325/396/249 331/395/248
f 133/965/776 137/964/775 331/395/248 335/256/109
f 336/247/100 330/388/241 138/963/774 134/966/777
f 340/248/101 336/247/100 134/966/777 130/967/778
f 129/968/779 133/965/776 335/256/109 341/255/108
f 125/969/780 129/970/779 341/561/108 345/386/239
f 346/382/235 340/557/101 130/971/778 126/972/781
f 351/372/225 346/382/235 126/972/781 122/973/782
f 121/974/783 125/969/780 345/386/239 350/381/234
f 355/373/226 351/372/225 122/973/782 118/975/784
f 117/976/785 121/974/783 350/381/234 356/380/233
f 113/977/786 117/976/785 356/380/233 360/246/99
f 361/237/90 355/373/226 118/975/784 114/978/787
f 365/238/91 361/237/90 114/978/787 110/979/788
f 109/980/789 113/977/786 360/246/99 366/245/98
f 105/981/790 109/980/789 366/245/98 370/371/224
f 371/367/220 365/238/91 110/979/788 106/982/791
f 376/357/210 371/367/220 106/982/791 102/983/792
f 101/984/793 105/981/790 370/371/224 375/366/219
f 380/358/211 376/357/210 102/983/792 99/921/734
f 100/922/735 101/984/793 375/366/219 381/365/218
f 385/548/401 541/547/400 97/985/794 224/986/795
f 223/987/796 98/988/797 540/556/409 386/555/408
f 219/989/798 223/987/796 386/555/408 390/356/209
f 391/347/200 385/548/401 224/986/795 220/990/799
f 395/348/201 391/347/200 220/990/799 216/991/800
f 215/992/801 219/989/798 390/356/209 396/355/208
f 211/993/802 215/992/801 396/355/208 400/546/399
f 401/542/395 395/348/201 216/991/800 212/994/803
f 406/532/385 401/542/395 212/994/803 208/995/804
f 207/996/805 211/993/802 400/546/399 405/541/394
f 410/533/386 406/532/385 208/995/804 204/997/806
f 203/998/807 207/996/805 405/541/394 411/540/393
f 199/999/808 203/998/807 411/540/393 415/346/199
f 416/337/190 410/533/386 204/997/806 200/1000/809
f 420/338/191 416/337/190 200/1000/809 196/1001/810
f 195/1002/811 199/999/808 415/346/199 421/345/198
f 191/1003/812 195/1004/811 421/576/198 425/531/384
f 426/527/380 420/572/191 196/1005/810 192/1006/813
f 431/517/370 426/527/380 192/1006/813 188/1007/814
f 187/1008/815 191/1003/812 425/531/384 430/526/379
f 435/518/371 431/517/370 188/1007/814 184/1009/816
f 183/1010/817 187/1008/815 430/526/379 436/525/378
f 179/1011/818 183/1010/817 436/525/378 440/336/189
f 441/327/180 435/518/371 184/1009/816 180/1012/819
f 445/328/181 441/327/180 180/1012/819 176/1013/820
f 175/1014/821 179/1011/818 440/336/189 446/335/188
f 171/1015/822 175/1014/821 446/335/188 450/516/369
f 451/512/365 445/328/181 176/1013/820 172/1016/823
f 456/502/355 451/512/365 172/1016/823 168/1017/824
f 167/1018/825 171/1015/822 450/516/369 455/511/364
f 460/503/356 456/502/355 168/1017/824 164/1019/826
f 163/1020/827 167/1018/825 455/511/364 461/510/363
f 159/1021/828 163/1020/827 461/510/363 465/326/179
f 466/317/170 460/503/356 164/1019/826 160/1022/829
f 470/318/171 466/317/170 160/1022/829 156/1023/830
f 155/1024/831 159/1021/828 465/326/179 471/325/178
f 151/1025/832 155/1024/831 471/325/178 475/501/354
f 476/497/350 470/318/171 156/1023/830 152/1026/833
f 481/487/340 476/497/350 152/1026/833 148/1027/834
f 147/1028/835 151/1025/832 475/501/354 480/496/349
f 485/488/341 481/487/340 148/1027/834 144/1029/836
f 143/1030/837 147/1028/835 480/496/349 486/495/348
f 139/1031/838 143/1030/837 486/495/348 490/316/169
f 491/307/160 485/488/341 144/1029/836 140/1032/839
f 495/308/161 491/307/160 140/1032/839 136/1033/840
f 135/1034/841 139/1031/838 490/316/169 496/315/168
f 131/1035/842 135/1034/841 496/315/168 500/571/339
f 501/567/335 495/308/161 136/1033/840 132/1036/843
f 506/472/325 501/482/335 132/1037/843 128/1038/844
f 127/1039/845 131/1040/842 500/486/339 505/481/334
f 510/473/326 506/472/325 128/1038/844 124/1041/846
f 123/1042/847 127/1039/845 505/481/334 511/480/333
f 119/1043/848 123/1042/847 511/480/333 515/306/159
f 516/297/150 510/473/326 124/1041/846 120/1044/849
f 520/298/151 516/297/150 120/1044/849 116/1045/850
f 115/1046/851 119/1043/848 515/306/159 521/305/158
f 111/1047/852 115/1046/851 521/305/158 525/471/324
f 526/467/320 520/298/151 116/1045/850 112/1048/853
f 531/457/310 526/467/320 112/1048/853 108/1049/854
f 107/1050/855 111/1047/852 525/471/324 530/466/319
f 535/458/311 531/457/310 108/1049/854 104/1051/856
f 103/1052/857 107/1050/855 530/466/319 536/465/318
f 98/988/797 103/1052/857 536/465/318 540/556/409
f 541/547/400 535/458/311 104/1051/856 97/985/794
f 701/577/410 896/1053/858 866/1054/859 545/578/411
f 33/1055/860 546/585/418 550/746/569 34/1056/861
f 545/578/411 866/1054/859 865/1057/862 551/742/565
f 64/1058/863 700/586/419 546/585/418 33/1055/860
f 551/742/565 865/1057/862 867/1059/864 556/737/560
f 34/1056/861 550/746/569 555/741/564 35/1060/865
f 35/1060/865 555/741/564 560/736/559 36/1061/866
f 556/737/560 867/1059/864 868/1062/867 561/732/555
f 561/732/555 868/1062/867 869/1063/868 566/727/550
f 36/1061/866 560/736/559 565/731/554 37/1064/869
f 37/1064/869 565/731/554 570/726/549 38/1065/870
f 566/727/550 869/1063/868 870/1066/871 571/722/545
f 571/722/545 870/1066/871 871/1067/872 576/717/540
f 38/1065/870 570/726/549 575/721/544 39/1068/873
f 39/1068/873 575/721/544 580/716/539 40/1069/874
f 576/717/540 871/1067/872 872/1070/875 581/707/535
f 40/1069/874 580/716/539 585/715/534 41/1071/876
f 581/707/535 872/1070/875 873/1072/877 586/708/530
f 41/1073/876 585/706/534 590/701/529 42/1074/878
f 586/702/530 873/1075/877 874/1076/879 591/697/525
f 42/1074/878 590/701/529 595/696/524 43/1077/880
f 591/697/525 874/1076/879 875/1078/881 596/692/520
f 596/692/520 875/1078/881 876/1079/882 601/687/515
f 43/1077/880 595/696/524 600/691/519 44/1080/883
f 44/1080/883 600/691/519 605/686/514 45/1081/884
f 601/687/515 876/1079/882 877/1082/885 606/682/510
f 45/1081/884 605/686/514 610/681/509 46/1083/886
f 606/682/510 877/1082/885 878/1084/887 611/677/505
f 46/1083/886 610/681/509 615/676/504 47/1085/888
f 611/677/505 878/1084/887 879/1086/889 616/672/500
f 616/672/500 879/1086/889 880/1087/890 621/667/495
f 47/1085/888 615/676/504 620/671/499 48/1088/891
f 48/1088/891 620/671/499 625/666/494 49/1089/892
f 621/667/495 880/1087/890 881/1090/893 626/662/490
f 49/1089/892 625/666/494 630/661/489 50/1091/894
f 626/662/490 881/1090/893 882/1092/895 631/657/485
f 631/657/485 882/1092/895 883/1093/896 636/652/480
f 50/1091/894 630/661/489 635/656/484 51/1094/897
f 51/1094/897 635/656/484 640/651/479 52/1095/898
f 636/652/480 883/1093/896 884/1096/899 641/647/475
f 52/1095/898 640/651/479 645/646/474 53/1097/900
f 641/647/475 884/1096/899 885/1098/901 646/642/470
f 646/642/470 885/1098/901 886/1099/902 651/637/465
f 53/1097/900 645/646/474 650/641/469 54/1100/903
f 54/1100/903 650/641/469 655/636/464 55/1101/904
f 651/637/465 886/1099/902 887/1102/905 656/632/460
f 55/1101/904 655/636/464 660/631/459 56/1103/906
f 656/632/460 887/1102/905 888/1104/907 661/622/455
f 661/622/455 888/1104/907 889/1105/908 666/623/450
f 56/1103/906 660/631/459 665/630/454 57/1106/909
f 57/1107/909 665/621/454 670/616/449 58/1108/910
f 666/617/450 889/1109/908 890/1110/911 671/612/445
f 58/1108/910 670/616/449 675/611/444 59/1111/912
f 671/612/445 890/1110/911 891/1112/913 676/607/440
f 676/607/440 891/1112/913 892/1113/914 681/602/435
f 59/1111/912 675/611/444 680/606/439 60/1114/915
f 681/602/435 892/1113/914 893/1115/916 686/597/430
f 60/1114/915 680/606/439 685/601/434 61/1116/917
f 61/1116/917 685/601/434 690/596/429 62/1117/918
f 686/597/430 893/1115/916 894/1118/919 691/592/425
f 62/1117/918 690/596/429 695/591/424 63/1119/920
f 691/592/425 894/1118/919 895/1120/921 696/587/420
f 696/587/420 895/1120/921 896/1053/858 701/577/410
f 63/1119/920 695/591/424 700/586/419 64/1058/863
f 1/1121/922 861/755/578 705/916/729 2/1122/923
f 706/912/725 65/1123/924 66/1124/925 711/907/720
f 2/1122/923 705/916/729 710/911/724 3/1125/926
f 860/748/571 96/1126/927 65/1123/924 706/912/725
f 711/907/720 66/1124/925 67/1127/928 716/902/715
f 3/1125/926 710/911/724 715/906/719 4/1128/929
f 716/902/715 67/1127/928 68/1129/930 721/897/710
f 4/1128/929 715/906/719 720/901/714 5/1130/931
f 721/897/710 68/1129/930 69/1131/932 726/892/705
f 5/1130/931 720/901/714 725/896/709 6/1132/933
f 726/892/705 69/1131/932 70/1133/934 731/887/700
f 6/1132/933 725/896/709 730/891/704 7/1134/935
f 731/887/700 70/1133/934 71/1135/936 736/877/695
f 7/1134/935 730/891/704 735/886/699 8/1136/937
f 736/877/695 71/1135/936 72/1137/938 741/878/690
f 8/1136/937 735/886/699 740/885/694 9/1138/939
f 741/872/690 72/1139/938 73/1140/940 746/867/685
f 9/1141/939 740/876/694 745/871/689 10/1142/941
f 746/867/685 73/1140/940 74/1143/942 751/862/680
f 10/1142/941 745/871/689 750/866/684 11/1144/943
f 751/862/680 74/1143/942 75/1145/944 756/857/675
f 11/1144/943 750/866/684 755/861/679 12/1146/945
f 756/857/675 75/1145/944 76/1147/946 761/852/670
f 12/1146/945 755/861/679 760/856/674 13/1148/947
f 761/852/670 76/1147/946 77/1149/948 766/847/665
f 13/1148/947 760/856/674 765/851/669 14/1150/949
f 766/847/665 77/1149/948 78/1151/950 771/842/660
f 14/1150/949 765/851/669 770/846/664 15/1152/951
f 771/842/660 78/1151/950 79/1153/952 776/837/655
f 15/1152/951 770/846/664 775/841/659 16/1154/953
f 776/837/655 79/1153/952 80/1155/954 781/832/650
f 16/1154/953 775/841/659 780/836/654 17/1156/955
f 781/832/650 80/1155/954 81/1157/956 786/827/645
f 17/1156/955 780/836/654 785/831/649 18/1158/957
f 786/827/645 81/1157/956 82/1159/958 791/822/640
f 18/1158/957 785/831/649 790/826/644 19/1160/959
f 791/822/640 82/1159/958 83/1161/960 796/817/635
f 19/1160/959 790/826/644 795/821/639 20/1162/961
f 796/817/635 83/1161/960 84/1163/962 801/812/630
f 20/1162/961 795/821/639 800/816/634 21/1164/963
f 801/812/630 84/1163/962 85/1165/964 806/807/625
f 21/1164/963 800/816/634 805/811/629 22/1166/965
f 806/807/625 85/1165/964 86/1167/966 811/802/620
f 22/1166/965 805/811/629 810/806/624 23/1168/967
f 811/802/620 86/1167/966 87/1169/968 816/792/615
f 23/1168/967 810/806/624 815/801/619 24/1170/969
f 816/792/615 87/1169/968 88/1171/970 821/793/610
f 24/1170/969 815/801/619 820/800/614 25/1172/971
f 821/787/610 88/1173/970 89/1174/972 826/782/605
f 25/1175/971 820/791/614 825/786/609 26/1176/973
f 826/782/605 89/1174/972 90/1177/974 831/777/600
f 26/1176/973 825/786/609 830/781/604 27/1178/975
f 831/777/600 90/1177/974 91/1179/976 836/772/595
f 27/1178/975 830/781/604 835/776/599 28/1180/977
f 836/772/595 91/1179/976 92/1181/978 841/767/590
f 28/1180/977 835/776/599 840/771/594 29/1182/979
f 841/767/590 92/1181/978 93/1183/980 846/762/585
f 29/1182/979 840/771/594 845/766/589 30/1184/981
f 846/762/585 93/1183/980 94/1185/982 851/757/580
f 30/1184/981 845/766/589 850/761/584 31/1186/983
f 851/757/580 94/1185/982 95/1187/984 856/747/570
f 31/1186/983 850/761/584 855/756/579 32/1188/985
f 856/747/570 95/1187/984 96/1126/927 860/748/571
f 32/1188/985 855/756/579 861/755/578 1/1121/922
f 897/1189/986 898/1190/986 928/1191/986 927/1192/986 926/1193/986 925/1194/986 924/1195/986 923/1196/986 922/1197/986 921/1198/986 920/1199/986 919/1200/986 918/1201/986 917/1202/986 916/1203/986 915/1204/986 914/1205/986 913/1206/986 912/1207/986 911/1208/986 910/1209/986 909/1210/986 908/1211/986 907/1212/986 906/1213/986 905/1214/986 904/1215/986 903/1216/986 902/1217/986 901/1218/986 900/1219/986 899/1220/986
f 934/1221/987 929/1222/988 931/1223/988 936/1224/989
f 936/1224/990 931/1223/991 932/1225/992 935/1226/993
f 935/1226/993 932/1225/992 930/1227/994 933/1228/995
f 938/1229/996 934/1221/987 936/1224/989 940/1230/997
f 940/1230/998 936/1224/990 935/1226/993 939/1231/999
f 939/1231/999 935/1226/993 933/1228/995 937/1232/1000
f 942/1233/1001 938/1229/996 940/1230/997 944/1234/1002
f 944/1234/1003 940/1230/998 939/1231/999 943/1235/1004
f 943/1235/1004 939/1231/999 937/1232/1000 941/1236/1005
f 946/1237/1006 942/1233/1001 944/1234/1002 948/1238/1007
f 948/1238/1008 944/1234/1003 943/1235/1004 947/1239/1009
f 947/1239/1009 943/1235/1004 941/1236/1005 945/1240/1010
f 950/1241/1011 946/1237/1006 948/1238/1007 952/1242/1012
f 952/1242/1013 948/1238/1008 947/1239/1009 951/1243/1014
f 951/1243/1014 947/1239/1009 945/1240/1010 949/1244/1015
f 954/1245/1016 950/1241/1011 952/1242/1012 956/1246/1017
f 956/1246/1018 952/1242/1013 951/1243/1014 955/1247/1019
f 955/1247/1019 951/1243/1014 949/1244/1015 953/1248/1020
f 958/1249/1021 954/1245/1016 956/1246/1017 960/1250/1022
f 960/1250/1023 956/1246/1018 955/1247/1019 959/1251/1024
f 959/1251/1024 955/1247/1019 953/1248/1020 957/1252/1025
f 962/1253/1026 958/1249/1021 960/1250/1022 964/1254/1026
f 964/1254/1027 960/1250/1023 959/1251/1024 963/1255/1028
f 963/1255/1028 959/1251/1024 957/1252/1025 961/1256/1029
f 966/1257/1030 962/1258/1026 964/1259/1026 968/1260/1031
f 968/1260/1032 964/1259/1027 963/1261/1028 967/1262/1033
f 967/1262/1033 963/1261/1028 961/1263/1029 965/1264/1034
f 970/1265/1035 966/1257/1030 968/1260/1031 972/1266/1036
f 972/1266/1037 968/1260/1032 967/1262/1033 971/1267/1038
f 971/1267/1038 967/1262/1033 965/1264/1034 969/1268/1039
f 974/1269/1040 970/1265/1035 972/1266/1036 976/1270/1041
f 976/1270/1042 972/1266/1037 971/1267/1038 975/1271/1043
f 975/1271/1043 971/1267/1038 969/1268/1039 973/1272/1044
f 978/1273/1045 974/1269/1040 976/1270/1041 980/1274/1046
f 980/1274/1047 976/1270/1042 975/1271/1043 979/1275/1048
f 979/1275/1048 975/1271/1043 973/1272/1044 977/1276/1049
f 982/1277/1050 978/1273/1045 980/1274/1046 984/1278/1051
f 984/1278/1052 980/1274/1047 979/1275/1048 983/1279/1053
f 983/1279/1053 979/1275/1048 977/1276/1049 981/1280/1054
f 986/1281/1055 982/1277/1050 984/1278/1051 988/1282/1056
f 988/1282/1057 984/1278/1052 983/1279/1053 987/1283/1058
f 987/1283/1058 983/1279/1053 981/1280/1054 985/1284/1059
f 990/1285/1060 986/1281/1055 988/1282/1056 992/1286/1061
f 992/1286/1062 988/1282/1057 987/1283/1058 991/1287/1063
f 991/1287/1063 987/1283/1058 985/1284/1059 989/1288/1064
f 994/1289/1065 990/1285/1060 992/1286/1061 996/1290/1065
f 996/1290/1066 992/1286/1062 991/1287/1063 995/1291/1067
f 995/1291/1067 991/1287/1063 989/1288/1064 993/1292/1068
f 998/1293/1069 994/1289/1065 996/1290/1065 1000/1294/1070
f 1000/1294/1071 996/1290/1066 995/1291/1067 999/1295/1072
f 999/1295/1072 995/1291/1067 993/1292/1068 997/1296/1073
f 1002/1297/1074 998/1293/1069 1000/1294/1070 1004/1298/1075
f 1004/1298/1076 1000/1294/1071 999/1295/1072 1003/1299/1077
f 1003/1299/1077 999/1295/1072 997/1296/1073 1001/1300/1078
f 1006/1301/1079 1002/1297/1074 1004/1298/1075 1008/1302/1080
f 1008/1302/1081 1004/1298/1076 1003/1299/1077 1007/1303/1082
f 1007/1303/1082 1003/1299/1077 1001/1300/1078 1005/1304/1083
f 1010/1305/1084 1006/1301/1079 1008/1302/1080 1012/1306/1085
f 1012/1306/1086 1008/1302/1081 1007/1303/1082 1011/1307/1087
f 1011/1307/1087 1007/1303/1082 1005/1304/1083 1009/1308/1088
f 1014/1309/1089 1010/1305/1084 1012/1306/1085 1016/1310/1090
f 1016/1310/1091 1012/1306/1086 1011/1307/1087 1015/1311/1092
f 1015/1311/1092 1011/1307/1087 1009/1308/1088 1013/1312/1093
f 1018/1313/1094 1014/1309/1089 1016/1310/1090 1020/1314/1095
f 1020/1314/1096 1016/1310/1091 1015/1311/1092 1019/1315/1097
f 1019/1315/1097 1015/1311/1092 1013/1312/1093 1017/1316/1098
f 1022/1317/1099 1018/1313/1094 1020/1314/1095 1024/1318/1100
f 1024/1318/1101 1020/1314/1096 1019/1315/1097 1023/1319/1102
f 1023/1319/1102 1019/1315/1097 1017/1316/1098 1021/1320/1103
f 1026/1321/1104 1022/1317/1099 1024/1318/1100 1028/1322/1104
f 1028/1322/1105 1024/1318/1101 1023/1319/1102 1027/1323/1106
f 1027/1323/1106 1023/1319/1102 1021/1320/1103 1025/1324/1107
f 1030/1325/1108 1026/1326/1104 1028/1327/1104 1032/1328/1109
f 1032/1328/1110 1028/1327/1105 1027/1329/1106 1031/1330/1111
f 1031/1330/1111 1027/1329/1106 1025/1331/1107 1029/1332/1112
f 1034/1333/1113 1030/1325/1108 1032/1328/1109 1036/1334/1114
f 1036/1334/1115 1032/1328/1110 1031/1330/1111 1035/1335/1116
f 1035/1335/1116 1031/1330/1111 1029/1332/1112 1033/1336/1117
f 1038/1337/1118 1034/1333/1113 1036/1334/1114 1040/1338/1119
f 1040/1338/1120 1036/1334/1115 1035/1335/1116 1039/1339/1121
f 1039/1339/1121 1035/1335/1116 1033/1336/1117 1037/1340/1122
f 1042/1341/1123 1038/1337/1118 1040/1338/1119 1044/1342/1124
f 1044/1342/1125 1040/1338/1120 1039/1339/1121 1043/1343/1126
f 1043/1343/1126 1039/1339/1121 1037/1340/1122 1041/1344/1127
f 1046/1345/1128 1042/1341/1123 1044/1342/1124 1048/1346/1129
f 1048/1346/1130 1044/1342/1125 1043/1343/1126 1047/1347/1131
f 1047/1347/1131 1043/1343/1126 1041/1344/1127 1045/1348/1132
f 1050/1349/1133 1046/1345/1128 1048/1346/1129 1052/1350/1134
f 1052/1350/1135 1048/1346/1130 1047/1347/1131 1051/1351/1136
f 1051/1351/1136 1047/1347/1131 1045/1348/1132 1049/1352/1137
f 1054/1353/1138 1050/1349/1133 1052/1350/1134 1056/1354/1139
f 1056/1354/1140 1052/1350/1135 1051/1351/1136 1055/1355/1141
f 1055/1355/1141 1051/1351/1136 1049/1352/1137 1053/1356/1142
f 929/1222/988 1054/1353/1138 1056/1354/1139 931/1223/988
f 931/1223/991 1056/1354/1140 1055/1355/1141 932/1225/992
f 932/1225/992 1055/1355/1141 1053/1356/1142 930/1227/994
f 933/1228/4 930/1227/3 898/1357/3 897/1358/4
f 929/1222/986 934/1221/986 865/1057/986 866/1054/986
f 930/1227/3 1053/1356/2 928/1359/2 898/1357/3
f 1054/1353/986 929/1222/986 866/1054/986 896/1053/986
f 934/1221/986 938/1229/986 867/1059/986 865/1057/986
f 937/1232/8 933/1228/4 897/1358/4 899/1360/8
f 938/1229/986 942/1233/986 868/1062/986 867/1059/986
f 941/1236/11 937/1232/8 899/1360/8 900/1361/11
f 942/1233/986 946/1237/986 869/1063/986 868/1062/986
f 945/1240/14 941/1236/11 900/1361/11 901/1362/14
f 946/1237/986 950/1241/986 870/1066/986 869/1063/986
f 949/1244/17 945/1240/14 901/1362/14 902/1363/17
f 950/1241/986 954/1245/986 871/1067/986 870/1066/986
f 953/1248/20 949/1244/17 902/1363/17 903/1364/20
f 954/1245/986 958/1249/986 872/1070/986 871/1067/986
f 957/1252/23 953/1248/20 903/1364/20 904/1365/23
f 958/1249/986 962/1253/986 873/1072/986 872/1070/986
f 961/1256/26 957/1252/23 904/1365/23 905/1366/26
f 962/1258/986 966/1257/986 874/1076/986 873/1075/986
f 965/1264/28 961/1263/26 905/1367/26 906/1368/28
f 966/1257/986 970/1265/986 875/1078/986 874/1076/986
f 969/1268/31 965/1264/28 906/1368/28 907/1369/31
f 970/1265/986 974/1269/986 876/1079/986 875/1078/986
f 973/1272/34 969/1268/31 907/1369/31 908/1370/34
f 974/1269/986 978/1273/986 877/1082/986 876/1079/986
f 977/1276/37 973/1272/34 908/1370/34 909/1371/37
f 978/1273/986 982/1277/986 878/1084/986 877/1082/986
f 981/1280/40 977/1276/37 909/1371/37 910/1372/40
f 982/1277/986 986/1281/986 879/1086/986 878/1084/986
f 985/1284/43 981/1280/40 910/1372/40 911/1373/43
f 986/1281/986 990/1285/986 880/1087/986 879/1086/986
f 989/1288/46 985/1284/43 911/1373/43 912/1374/46
f 990/1285/986 994/1289/986 881/1090/986 880/1087/986
f 993/1292/48 989/1288/46 912/1374/46 913/1375/48
f 994/1289/986 998/1293/986 882/1092/986 881/1090/986
f 997/1296/50 993/1292/48 913/1375/48 914/1376/50
f 998/1293/986 1002/1297/986 883/1093/986 882/1092/986
f 1001/1300/52 997/1296/50 914/1376/50 915/1377/52
f 1002/1297/986 1006/1301/986 884/1096/986 883/1093/986
f 1005/1304/55 1001/1300/52 915/1377/52 916/1378/55
f 1006/1301/986 1010/1305/986 885/1098/986 884/1096/986
f 1009/1308/58 1005/1304/55 916/1378/55 917/1379/58
f 1010/1305/986 1014/1309/986 886/1099/986 885/1098/986
f 1013/1312/61 1009/1308/58 917/1379/58 918/1380/61
f 1014/1309/986 1018/1313/986 887/1102/986 886/1099/986
f 1017/1316/64 1013/1312/61 918/1380/61 919/1381/64
f 1018/1313/986 1022/1317/986 888/1104/986 887/1102/986
f 1021/1320/67 1017/1316/64 919/1381/64 920/1382/67
f 1025/1324/70 1021/1320/67 920/1382/67 921/1383/70
f 1022/1317/986 1026/1321/986 889/1105/986 888/1104/986
f 1026/1326/986 1030/1325/986 890/1110/986 889/1109/986
f 1029/1332/72 1025/1331/70 921/1384/70 922/1385/72
f 1030/1325/986 1034/1333/986 891/1112/986 890/1110/986
f 1033/1336/75 1029/1332/72 922/1385/72 923/1386/75
f 1034/1333/986 1038/1337/986 892/1113/986 891/1112/986
f 1037/1340/78 1033/1336/75 923/1386/75 924/1387/78
f 1038/1337/986 1042/1341/986 893/1115/986 892/1113/986
f 1041/1344/81 1037/1340/78 924/1387/78 925/1388/81
f 1042/1341/986 1046/1345/986 894/1118/986 893/1115/986
f 1045/1348/84 1041/1344/81 925/1388/81 926/1389/84
f 1046/1345/986 1050/1349/986 895/1120/986 894/1118/986
f 1049/1352/87 1045/1348/84 926/1389/84 927/1390/87
f 1050/1349/986 1054/1353/986 896/1053/986 895/1120/986
f 1053/1356/2 1049/1352/87 927/1390/87 928/1359/2
f 94/1185/1143 1088/1391/1144 1057/1392/1145 95/1187/1145
f 93/1183/1146 1087/1393/1147 1088/1391/1144 94/1185/1143
f 92/1181/1148 1086/1394/1149 1087/1393/1147 93/1183/1146
f 91/1179/1150 1085/1395/1151 1086/1394/1149 92/1181/1148
f 90/1177/1152 1084/1396/1153 1085/1395/1151 91/1179/1150
f 89/1174/1154 1083/1397/1155 1084/1396/1153 90/1177/1152
f 88/1173/1156 1082/1398/1156 1083/1397/1155 89/1174/1154
f 87/1169/1157 1081/1399/1158 1082/1400/1156 88/1171/1156
f 86/1167/1159 1080/1401/1160 1081/1399/1158 87/1169/1157
f 85/1165/1161 1079/1402/1162 1080/1401/1160 86/1167/1159
f 84/1163/1163 1078/1403/1164 1079/1402/1162 85/1165/1161
f 83/1161/1165 1077/1404/1166 1078/1403/1164 84/1163/1163
f 82/1159/1167 1076/1405/1168 1077/1404/1166 83/1161/1165
f 81/1157/1169 1075/1406/1169 1076/1405/1168 82/1159/1167
f 80/1155/1170 1074/1407/1170 1075/1406/1169 81/1157/1169
f 79/1153/1171 1073/1408/1171 1074/1407/1170 80/1155/1170
f 78/1151/1172 1072/1409/1173 1073/1408/1171 79/1153/1171
f 77/1149/1174 1071/1410/1175 1072/1409/1173 78/1151/1172
f 76/1147/1176 1070/1411/1177 1071/1410/1175 77/1149/1174
f 75/1145/1178 1069/1412/1179 1070/1411/1177 76/1147/1176
f 74/1143/1180 1068/1413/1181 1069/1412/1179 75/1145/1178
f 73/1140/1182 1067/1414/1183 1068/1413/1181 74/1143/1180
f 72/1139/1184 1066/1415/1184 1067/1414/1183 73/1140/1182
f 71/1135/1185 1065/1416/1186 1066/1417/1184 72/1137/1184
f 70/1133/1187 1064/1418/1188 1065/1416/1186 71/1135/1185
f 69/1131/1189 1063/1419/1190 1064/1418/1188 70/1133/1187
f 68/1129/1191 1062/1420/1192 1063/1419/1190 69/1131/1189
f 67/1127/1193 1061/1421/1194 1062/1420/1192 68/1129/1191
f 66/1124/1195 1060/1422/1196 1061/1421/1194 67/1127/1193
f 65/1123/1197 1059/1423/1197 1060/1422/1196 66/1124/1195
f 96/1126/1198 1058/1424/1198 1059/1423/1197 65/1123/1197
f 95/1187/1145 1057/1392/1145 1058/1424/1198 96/1126/1198
f 217/1425/87 1120/234/87 1091/49/2 221/1426/2
f 213/1427/84 1119/228/84 1120/234/87 217/1425/87
f 209/1428/81 1118/222/81 1119/228/84 213/1427/84
f 205/1429/78 1117/216/78 1118/222/81 209/1428/81
f 201/1430/75 1116/210/75 1117/216/78 205/1429/78
f 197/1431/72 1115/202/72 1116/210/75 201/1430/75
f 193/1432/70 1114/199/70 1115/202/72 197/1431/72
f 189/1433/67 1113/186/67 1114/192/70 193/1434/70
f 185/1435/64 1112/180/64 1113/186/67 189/1433/67
f 181/1436/61 1111/174/61 1112/180/64 185/1435/64
f 177/1437/58 1110/168/58 1111/174/61 181/1436/61
f 173/1438/55 1109/162/55 1110/168/58 177/1437/58
f 169/1439/52 1108/156/52 1109/162/55 173/1438/55
f 165/1440/50 1107/150/50 1108/156/52 169/1439/52
f 161/1441/48 1106/144/48 1107/150/50 165/1440/50
f 157/1442/46 1105/138/46 1106/144/48 161/1441/48
f 153/1443/43 1104/132/43 1105/138/46 157/1442/46
f 149/1444/40 1103/126/40 1104/132/43 153/1443/43
f 145/1445/37 1102/120/37 1103/126/40 149/1444/40
f 141/1446/34 1101/114/34 1102/120/37 145/1445/37
f 137/1447/31 1100/108/31 1101/114/34 141/1446/34
f 133/1448/28 1099/100/28 1100/108/31 137/1447/31
f 129/1449/26 1098/97/26 1099/100/28 133/1448/28
f 125/1450/23 1097/84/23 1098/90/26 129/1451/26
f 121/1452/20 1096/78/20 1097/84/23 125/1450/23
f 117/1453/17 1095/72/17 1096/78/20 121/1452/20
f 113/1454/14 1094/66/14 1095/72/17 117/1453/17
f 109/1455/11 1093/60/11 1094/66/14 113/1454/14
f 105/1456/8 1092/54/8 1093/60/11 109/1455/11
f 101/1457/4 1090/48/4 1092/54/8 105/1456/8
f 221/1426/2 1091/49/2 1089/45/3 100/1458/3
f 100/1458/3 1089/45/3 1090/48/4 101/1457/4
f 1218/1459/1199 1222/1460/1200 1224/1461/1201 1221/1462/1202
f 1221/1462/1202 1224/1461/1201 1225/1463/1203 1220/1464/1204
f 1220/1464/1204 1225/1463/1203 1226/1465/1205 1219/1466/1206
f 1219/1466/1206 1226/1465/1205 1223/1467/1207 1217/1468/1208
f 1222/1460/1200 1227/1469/1209 1229/1470/1210 1224/1461/1201
f 1224/1461/1201 1229/1470/1210 1230/1471/1211 1225/1463/1203
f 1225/1463/1203 1230/1471/1211 1231/1472/1212 1226/1465/1205
f 1226/1465/1205 1231/1472/1212 1228/1473/1213 1223/1467/1207
f 1227/1469/1209 1232/1474/1214 1234/1475/1215 1229/1470/1210
f 1229/1470/1210 1234/1475/1215 1235/1476/1216 1230/1471/1211
f 1230/1471/1211 1235/1476/1216 1236/1477/1217 1231/1472/1212
f 1231/1472/1212 1236/1477/1217 1233/1478/1218 1228/1473/1213
f 1232/1474/1214 1237/1479/1219 1239/1480/1220 1234/1475/1215
f 1234/1475/1215 1239/1480/1220 1240/1481/1221 1235/1476/1216
f 1235/1476/1216 1240/1481/1221 1241/1482/1222 1236/1477/1217
f 1236/1477/1217 1241/1482/1222 1238/1483/1223 1233/1478/1218
f 1237/1479/1219 1242/1484/1224 1244/1485/1225 1239/1480/1220
f 1239/1480/1220 1244/1485/1225 1245/1486/1226 1240/1481/1221
f 1240/1481/1221 1245/1486/1226 1246/1487/1227 1241/1482/1222
f 1241/1482/1222 1246/1487/1227 1243/1488/1228 1238/1483/1223
f 1242/1484/1224 1247/1489/1229 1249/1490/1230 1244/1485/1225
f 1244/1485/1225 1249/1490/1230 1250/1491/1231 1245/1486/1226
f 1245/1486/1226 1250/1491/1231 1251/1492/1232 1246/1487/1227
f 1246/1487/1227 1251/1492/1232 1248/1493/1233 1243/1488/1228
f 1247/1489/1229 1252/1494/1234 1254/1495/1235 1249/1490/1230
f 1249/1490/1230 1254/1495/1235 1255/1496/1236 1250/1491/1231
f 1250/1491/1231 1255/1496/1236 1256/1497/1237 1251/1492/1232
f 1251/1492/1232 1256/1497/1237 1253/1498/1238 1248/1493/1233
f 1252/1494/1234 1257/1499/1239 1259/1500/1240 1254/1495/1235
f 1254/1495/1235 1259/1500/1240 1260/1501/1241 1255/1496/1236
f 1255/1496/1236 1260/1501/1241 1261/1502/1242 1256/1497/1237
f 1256/1497/1237 1261/1502/1242 1258/1503/1243 1253/1498/1238
f 1257/1499/1239 1262/1504/1244 1264/1505/1245 1259/1500/1240
f 1259/1500/1240 1264/1505/1245 1265/1506/1246 1260/1501/1241
f 1260/1501/1241 1265/1506/1246 1266/1507/1247 1261/1502/1242
f 1261/1502/1242 1266/1507/1247 1263/1508/1248 1258/1503/1243
f 1262/1504/1244 1267/1509/1249 1269/1510/1250 1264/1505/1245
f 1264/1505/1245 1269/1510/1250 1270/1511/1251 1265/1506/1246
f 1265/1506/1246 1270/1511/1251 1271/1512/1252 1266/1507/1247
f 1266/1507/1247 1271/1512/1252 1268/1513/1253 1263/1508/1248
f 1267/1509/1249 1272/1514/1254 1274/1515/1255 1269/1510/1250
f 1269/1510/1250 1274/1515/1255 1275/1516/1256 1270/1511/1251
f 1270/1511/1251 1275/1516/1256 1276/1517/1257 1271/1512/1252
f 1271/1512/1252 1276/1517/1257 1273/1518/1258 1268/1513/1253
f 1272/1514/1254 1277/1519/1259 1279/1520/1260 1274/1515/1255
f 1274/1515/1255 1279/1520/1260 1280/1521/1261 1275/1516/1256
f 1275/1516/1256 1280/1521/1261 1281/1522/1262 1276/1517/1257
f 1276/1517/1257 1281/1522/1262 1278/1523/1263 1273/1518/1258
f 1277/1519/1259 1282/1524/1264 1284/1525/1265 1279/1520/1260
f 1279/1520/1260 1284/1525/1265 1285/1526/1266 1280/1521/1261
f 1280/1521/1261 1285/1526/1266 1286/1527/1267 1281/1522/1262
f 1281/1522/1262 1286/1527/1267 1283/1528/1268 1278/1523/1263
f 1282/1524/1264 1287/1529/1269 1289/1530/1270 1284/1525/1265
f 1284/1525/1265 1289/1530/1270 1290/1531/1271 1285/1526/1266
f 1285/1526/1266 1290/1531/1271 1291/1532/1272 1286/1527/1267
f 1286/1527/1267 1291/1532/1272 1288/1533/1273 1283/1528/1268
f 1287/1529/1269 1292/1534/1274 1294/1535/1275 1289/1530/1270
f 1289/1530/1270 1294/1535/1275 1295/1536/1276 1290/1531/1271
f 1290/1531/1271 1295/1536/1276 1296/1537/1277 1291/1532/1272
f 1291/1532/1272 1296/1537/1277 1293/1538/1278 1288/1533/1273
f 1292/1534/1274 1297/1539/1279 1299/1540/1280 1294/1535/1275
f 1294/1535/1275 1299/1540/1280 1300/1541/1281 1295/1536/1276
f 1295/1536/1276 1300/1541/1281 1301/1542/1282 1296/1537/1277
f 1296/1537/1277 1301/1542/1282 1298/1543/1283 1293/1538/1278
f 1297/1539/1279 1302/1544/1284 1304/1545/1285 1299/1540/1280
f 1299/1540/1280 1304/1545/1285 1305/1546/1286 1300/1541/1281
f 1300/1541/1281 1305/1546/1286 1306/1547/1287 1301/1542/1282
f 1301/1542/1282 1306/1547/1287 1303/1548/1288 1298/1543/1283
f 1302/1544/1284 1307/1549/1289 1309/1550/1290 1304/1545/1285
f 1304/1545/1285 1309/1550/1290 1310/1551/1291 1305/1546/1286
f 1305/1546/1286 1310/1551/1291 1311/1552/1292 1306/1547/1287
f 1306/1547/1287 1311/1552/1292 1308/1553/1293 1303/1548/1288
f 1307/1549/1289 1312/1554/1294 1314/1555/1295 1309/1550/1290
f 1309/1550/1290 1314/1555/1295 1315/1556/1296 1310/1551/1291
f 1310/1551/1291 1315/1556/1296 1316/1557/1297 1311/1552/1292
f 1311/1552/1292 1316/1557/1297 1313/1558/1298 1308/1553/1293
f 1312/1554/1294 1317/1559/1299 1319/1560/1300 1314/1555/1295
f 1314/1555/1295 1319/1560/1300 1320/1561/1301 1315/1556/1296
f 1315/1556/1296 1320/1561/1301 1321/1562/1302 1316/1557/1297
f 1316/1557/1297 1321/1562/1302 1318/1563/1303 1313/1558/1298
f 1317/1559/1299 1322/1564/1304 1324/1565/1305 1319/1560/1300
f 1319/1560/1300 1324/1565/1305 1325/1566/1306 1320/1561/1301
f 1320/1561/1301 1325/1566/1306 1326/1567/1307 1321/1562/1302
f 1321/1562/1302 1326/1567/1307 1323/1568/1308 1318/1563/1303
f 1322/1564/1304 1327/1569/1309 1329/1570/1310 1324/1565/1305
f 1324/1565/1305 1329/1570/1310 1330/1571/1311 1325/1566/1306
f 1325/1566/1306 1330/1571/1311 1331/1572/1312 1326/1567/1307
f 1326/1567/1307 1331/1572/1312 1328/1573/1313 1323/1568/1308
f 1327/1569/1309 1332/1574/1314 1334/1575/1315 1329/1570/1310
f 1329/1570/1310 1334/1575/1315 1335/1576/1316 1330/1571/1311
f 1330/1571/1311 1335/1576/1316 1336/1577/1317 1331/1572/1312
f 1331/1572/1312 1336/1577/1317 1333/1578/1318 1328/1573/1313
f 1332/1574/1314 1337/1579/1319 1339/1580/1320 1334/1575/1315
f 1334/1575/1315 1339/1580/1320 1340/1581/1321 1335/1576/1316
f 1335/1576/1316 1340/1581/1321 1341/1582/1322 1336/1577/1317
f 1336/1577/1317 1341/1582/1322 1338/1583/1323 1333/1578/1318
f 1337/1579/1319 1342/1584/1324 1344/1585/1325 1339/1580/1320
f 1339/1580/1320 1344/1585/1325 1345/1586/1326 1340/1581/1321
f 1340/1581/1321 1345/1586/1326 1346/1587/1327 1341/1582/1322
f 1341/1582/1322 1346/1587/1327 1343/1588/1328 1338/1583/1323
f 1342/1584/1324 1347/1589/1329 1349/1590/1330 1344/1585/1325
f 1344/1585/1325 1349/1590/1330 1350/1591/1331 1345/1586/1326
f 1345/1586/1326 1350/1591/1331 1351/1592/1332 1346/1587/1327
f 1346/1587/1327 1351/1592/1332 1348/1593/1333 1343/1588/1328
f 1347/1589/1329 1352/1594/1334 1354/1595/1335 1349/1590/1330
f 1349/1590/1330 1354/1595/1335 1355/1596/1336 1350/1591/1331
f 1350/1591/1331 1355/1596/1336 1356/1597/1337 1351/1592/1332
f 1351/1592/1332 1356/1597/1337 1353/1598/1338 1348/1593/1333
f 1352/1594/1334 1357/1599/1339 1359/1600/1340 1354/1595/1335
f 1354/1595/1335 1359/1600/1340 1360/1601/1341 1355/1596/1336
f 1355/1596/1336 1360/1601/1341 1361/1602/1342 1356/1597/1337
f 1356/1597/1337 1361/1602/1342 1358/1603/1343 1353/1598/1338
f 1357/1599/1339 1362/1604/1344 1364/1605/1345 1359/1600/1340
f 1359/1600/1340 1364/1605/1345 1365/1606/1346 1360/1601/1341
f 1360/1601/1341 1365/1606/1346 1366/1607/1347 1361/1602/1342
f 1361/1602/1342 1366/1607/1347 1363/1608/1348 1358/1603/1343
f 1362/1604/1344 1367/1609/1349 1369/1610/1350 1364/1605/1345
f 1364/1605/1345 1369/1610/1350 1370/1611/1351 1365/1606/1346
f 1365/1606/1346 1370/1611/1351 1371/1612/1352 1366/1607/1347
f 1366/1607/1347 1371/1612/1352 1368/1613/1353 1363/1608/1348
f 1367/1609/1349 1372/1614/1354 1374/1615/1355 1369/1610/1350
f 1369/1610/1350 1374/1615/1355 1375/1616/1356 1370/1611/1351
f 1370/1611/1351 1375/1616/1356 1376/1617/1357 1371/1612/1352
f 1371/1612/1352 1376/1617/1357 1373/1618/1358 1368/1613/1353
f 1372/1614/1354 1218/1459/1199 1221/1462/1202 1374/1615/1355
f 1374/1615/1355 1221/1462/1202 1220/1464/1204 1375/1616/1356
f 1375/1616/1356 1220/1464/1204 1219/1466/1206 1376/1617/1357
f 1376/1617/1357 1219/1466/1206 1217/1468/1208 1373/1618/1358
f 1217/1468/1208 1223/1467/1207 1186/1619/1359 1185/1620/3
f 1218/1459/1199 1372/1614/1354 1184/1621/986 1153/1622/986
f 1222/1460/1200 1218/1459/1199 1153/1622/986 1154/1623/986
f 1373/1618/1358 1217/1468/1208 1185/1620/3 1216/1624/1360
f 1223/1467/1207 1228/1473/1213 1187/1625/1361 1186/1619/1359
f 1227/1469/1209 1222/1460/1200 1154/1623/986 1155/1626/986
f 1228/1473/1213 1233/1478/1218 1188/1627/1362 1187/1625/1361
f 1232/1474/1214 1227/1469/1209 1155/1626/986 1156/1628/986
f 1233/1478/1218 1238/1483/1223 1189/1629/1363 1188/1627/1362
f 1237/1479/1219 1232/1474/1214 1156/1628/986 1157/1630/986
f 1238/1483/1223 1243/1488/1228 1190/1631/1364 1189/1629/1363
f 1242/1484/1224 1237/1479/1219 1157/1630/986 1158/1632/986
f 1243/1488/1228 1248/1493/1233 1191/1633/1365 1190/1631/1364
f 1247/1489/1229 1242/1484/1224 1158/1632/986 1159/1634/986
f 1248/1493/1233 1253/1498/1238 1192/1635/1366 1191/1633/1365
f 1252/1494/1234 1247/1489/1229 1159/1634/986 1160/1636/986
f 1253/1498/1238 1258/1503/1243 1193/1637/26 1192/1635/1366
f 1257/1499/1239 1252/1494/1234 1160/1636/986 1161/1638/986
f 1258/1503/1243 1263/1508/1248 1194/1639/1367 1193/1637/26
f 1262/1504/1244 1257/1499/1239 1161/1638/986 1162/1640/986
f 1263/1508/1248 1268/1513/1253 1195/1641/1368 1194/1639/1367
f 1267/1509/1249 1262/1504/1244 1162/1640/986 1163/1642/986
f 1268/1513/1253 1273/1518/1258 1196/1643/1369 1195/1641/1368
f 1272/1514/1254 1267/1509/1249 1163/1642/986 1164/1644/986
f 1273/1518/1258 1278/1523/1263 1197/1645/1370 1196/1643/1369
f 1277/1519/1259 1272/1514/1254 1164/1644/986 1165/1646/986
f 1278/1523/1263 1283/1528/1268 1198/1647/1371 1197/1645/1370
f 1282/1524/1264 1277/1519/1259 1165/1646/986 1166/1648/986
f 1283/1528/1268 1288/1533/1273 1199/1649/1372 1198/1647/1371
f 1287/1529/1269 1282/1524/1264 1166/1648/986 1167/1650/986
f 1288/1533/1273 1293/1538/1278 1200/1651/1373 1199/1649/1372
f 1292/1534/1274 1287/1529/1269 1167/1650/986 1168/1652/986
f 1293/1538/1278 1298/1543/1283 1201/1653/48 1200/1651/1373
f 1297/1539/1279 1292/1534/1274 1168/1652/986 1169/1654/986
f 1298/1543/1283 1303/1548/1288 1202/1655/1374 1201/1653/48
f 1302/1544/1284 1297/1539/1279 1169/1654/986 1170/1656/986
f 1303/1548/1288 1308/1553/1293 1203/1657/1375 1202/1655/1374
f 1307/1549/1289 1302/1544/1284 1170/1656/986 1171/1658/986
f 1308/1553/1293 1313/1558/1298 1204/1659/1376 1203/1657/1375
f 1312/1554/1294 1307/1549/1289 1171/1658/986 1172/1660/986
f 1313/1558/1298 1318/1563/1303 1205/1661/1377 1204/1659/1376
f 1317/1559/1299 1312/1554/1294 1172/1660/986 1173/1662/986
f 1318/1563/1303 1323/1568/1308 1206/1663/1378 1205/1661/1377
f 1322/1564/1304 1317/1559/1299 1173/1662/986 1174/1664/986
f 1323/1568/1308 1328/1573/1313 1207/1665/1379 1206/1663/1378
f 1327/1569/1309 1322/1564/1304 1174/1664/986 1175/1666/986
f 1328/1573/1313 1333/1578/1318 1208/1667/1380 1207/1665/1379
f 1332/1574/1314 1327/1569/1309 1175/1666/986 1176/1668/986
f 1333/1578/1318 1338/1583/1323 1209/1669/70 1208/1667/1380
f 1337/1579/1319 1332/1574/1314 1176/1668/986 1177/1670/986
f 1338/1583/1323 1343/1588/1328 1210/1671/1381 1209/1669/70
f 1342/1584/1324 1337/1579/1319 1177/1670/986 1178/1672/986
f 1343/1588/1328 1348/1593/1333 1211/1673/1382 1210/1671/1381
f 1347/1589/1329 1342/1584/1324 1178/1672/986 1179/1674/986
f 1348/1593/1333 1353/1598/1338 1212/1675/1383 1211/1673/1382
f 1352/1594/1334 1347/1589/1329 1179/1674/986 1180/1676/986
f 1353/1598/1338 1358/1603/1343 1213/1677/1384 1212/1675/1383
f 1357/1599/1339 1352/1594/1334 1180/1676/986 1181/1678/986
f 1358/1603/1343 1363/1608/1348 1214/1679/1385 1213/1677/1384
f 1362/1604/1344 1357/1599/1339 1181/1678/986 1182/1680/986
f 1363/1608/1348 1368/1613/1353 1215/1681/1386 1214/1679/1385
f 1367/1609/1349 1362/1604/1344 1182/1680/986 1183/1682/986
f 1368/1613/1353 1373/1618/1358 1216/1624/1360 1215/1681/1386
f 1372/1614/1354 1367/1609/1349 1183/1682/986 1184/1621/986
f 1378/1683/1387 1382/1684/1388 1384/1685/1389 1381/1686/1390
f 1381/1686/1390 1384/1685/1389 1385/1687/1391 1380/1688/1392
f 1380/1688/1392 1385/1687/1391 1386/1689/1393 1379/1690/1394
f 1379/1690/1394 1386/1689/1393 1383/1691/1395 1377/1692/1396
f 1388/1693/1397 1378/1683/1387 1381/1686/1390 1391/1694/1398
f 1391/1694/1398 1381/1686/1390 1380/1688/1392 1390/1695/1399
f 1390/1695/1399 1380/1688/1392 1379/1690/1394 1389/1696/1400
f 1389/1696/1400 1379/1690/1394 1377/1692/1396 1387/1697/1401
f 1393/1698/1218 1388/1693/1397 1391/1694/1398 1396/1699/1402
f 1396/1699/1402 1391/1694/1398 1390/1695/1399 1395/1700/1403
f 1395/1700/1403 1390/1695/1399 1389/1696/1400 1394/1701/1404
f 1394/1701/1404 1389/1696/1400 1387/1697/1401 1392/1702/1405
f 1398/1703/1406 1393/1698/1218 1396/1699/1402 1401/1704/1407
f 1401/1704/1407 1396/1699/1402 1395/1700/1403 1400/1705/1408
f 1400/1705/1408 1395/1700/1403 1394/1701/1404 1399/1706/1409
f 1399/1706/1409 1394/1701/1404 1392/1702/1405 1397/1707/1410
f 1403/1708/1411 1398/1703/1406 1401/1704/1407 1406/1709/1412
f 1406/1709/1412 1401/1704/1407 1400/1705/1408 1405/1710/1413
f 1405/1710/1413 1400/1705/1408 1399/1706/1409 1404/1711/1414
f 1404/1711/1414 1399/1706/1409 1397/1707/1410 1402/1712/1224
f 1408/1713/1415 1403/1708/1411 1406/1709/1412 1411/1714/1416
f 1411/1714/1416 1406/1709/1412 1405/1710/1413 1410/1715/1417
f 1410/1715/1417 1405/1710/1413 1404/1711/1414 1409/1716/1418
f 1409/1716/1418 1404/1711/1414 1402/1712/1224 1407/1717/1229
f 1413/1718/1419 1408/1713/1415 1411/1714/1416 1416/1719/1420
f 1416/1719/1420 1411/1714/1416 1410/1715/1417 1415/1720/1236
f 1415/1720/1236 1410/1715/1417 1409/1716/1418 1414/1721/1421
f 1414/1721/1421 1409/1716/1418 1407/1717/1229 1412/1722/1422
f 1418/1723/1243 1413/1718/1419 1416/1719/1420 1421/1724/1423
f 1421/1724/1423 1416/1719/1420 1415/1720/1236 1420/1725/1424
f 1420/1725/1424 1415/1720/1236 1414/1721/1421 1419/1726/1425
f 1419/1726/1425 1414/1721/1421 1412/1722/1422 1417/1727/1239
f 1423/1728/1426 1418/1723/1243 1421/1724/1423 1426/1729/1427
f 1426/1729/1427 1421/1724/1423 1420/1725/1424 1425/1730/1246
f 1425/1730/1246 1420/1725/1424 1419/1726/1425 1424/1731/1428
f 1424/1731/1428 1419/1726/1425 1417/1727/1239 1422/1732/1429
f 1428/1733/1430 1423/1728/1426 1426/1729/1427 1431/1734/1431
f 1431/1734/1431 1426/1729/1427 1425/1730/1246 1430/1735/1432
f 1430/1735/1432 1425/1730/1246 1424/1731/1428 1429/1736/1433
f 1429/1736/1433 1424/1731/1428 1422/1732/1429 1427/1737/1434
f 1433/1738/1435 1428/1733/1430 1431/1734/1431 1436/1739/1257
f 1436/1739/1257 1431/1734/1431 1430/1735/1432 1435/1740/1436
f 1435/1740/1436 1430/1735/1432 1429/1736/1433 1434/1741/1437
f 1434/1741/1437 1429/1736/1433 1427/1737/1434 1432/1742/1438
f 1438/1743/1439 1433/1738/1435 1436/1739/1257 1441/1744/1440
f 1441/1744/1440 1436/1739/1257 1435/1740/1436 1440/1745/1441
f 1440/1745/1441 1435/1740/1436 1434/1741/1437 1439/1746/1442
f 1439/1746/1442 1434/1741/1437 1432/1742/1438 1437/1747/1443
f 1443/1748/1444 1438/1743/1439 1441/1744/1440 1446/1749/1445
f 1446/1749/1445 1441/1744/1440 1440/1745/1441 1445/1750/1446
f 1445/1750/1446 1440/1745/1441 1439/1746/1442 1444/1751/1447
f 1444/1751/1447 1439/1746/1442 1437/1747/1443 1442/1752/1448
f 1448/1753/1449 1443/1748/1444 1446/1749/1445 1451/1754/1450
f 1451/1754/1450 1446/1749/1445 1445/1750/1446 1450/1755/1451
f 1450/1755/1451 1445/1750/1446 1444/1751/1447 1449/1756/1452
f 1449/1756/1452 1444/1751/1447 1442/1752/1448 1447/1757/1453
f 1453/1758/1454 1448/1753/1449 1451/1754/1450 1456/1759/1455
f 1456/1759/1455 1451/1754/1450 1450/1755/1451 1455/1760/1456
f 1455/1760/1456 1450/1755/1451 1449/1756/1452 1454/1761/1457
f 1454/1761/1457 1449/1756/1452 1447/1757/1453 1452/1762/1274
f 1458/1763/1458 1453/1758/1454 1456/1759/1455 1461/1764/650
f 1461/1764/650 1456/1759/1455 1455/1760/1456 1460/1765/1281
f 1460/1765/1281 1455/1760/1456 1454/1761/1457 1459/1766/1459
f 1459/1766/1459 1454/1761/1457 1452/1762/1274 1457/1767/1279
f 1463/1768/1460 1458/1763/1458 1461/1764/650 1466/1769/1461
f 1466/1769/1461 1461/1764/650 1460/1765/1281 1465/1770/1462
f 1465/1770/1462 1460/1765/1281 1459/1766/1459 1464/1771/1463
f 1464/1771/1463 1459/1766/1459 1457/1767/1279 1462/1772/1284
f 1468/1773/1464 1463/1768/1460 1466/1769/1461 1471/1774/1465
f 1471/1774/1465 1466/1769/1461 1465/1770/1462 1470/1775/1466
f 1470/1775/1466 1465/1770/1462 1464/1771/1463 1469/1776/1467
f 1469/1776/1467 1464/1771/1463 1462/1772/1284 1467/1777/1468
f 1473/1778/1469 1468/1773/1464 1471/1774/1465 1476/1779/1470
f 1476/1779/1470 1471/1774/1465 1470/1775/1466 1475/1780/1471
f 1475/1780/1471 1470/1775/1466 1469/1776/1467 1474/1781/1472
f 1474/1781/1472 1469/1776/1467 1467/1777/1468 1472/1782/1473
f 1478/1783/1474 1473/1778/1469 1476/1779/1470 1481/1784/1475
f 1481/1784/1475 1476/1779/1470 1475/1780/1471 1480/1785/1476
f 1480/1785/1476 1475/1780/1471 1474/1781/1472 1479/1786/1477
f 1479/1786/1477 1474/1781/1472 1472/1782/1473 1477/1787/1478
f 1483/1788/1479 1478/1783/1474 1481/1784/1475 1486/1789/1307
f 1486/1789/1307 1481/1784/1475 1480/1785/1476 1485/1790/1480
f 1485/1790/1480 1480/1785/1476 1479/1786/1477 1484/1791/1481
f 1484/1791/1481 1479/1786/1477 1477/1787/1478 1482/1792/1482
f 1488/1793/1483 1483/1788/1479 1486/1789/1307 1491/1794/1484
f 1491/1794/1484 1486/1789/1307 1485/1790/1480 1490/1795/1485
f 1490/1795/1485 1485/1790/1480 1484/1791/1481 1489/1796/1486
f 1489/1796/1486 1484/1791/1481 1482/1792/1482 1487/1797/1487
f 1493/1798/1488 1488/1793/1483 1491/1794/1484 1496/1799/1489
f 1496/1799/1489 1491/1794/1484 1490/1795/1485 1495/1800/1316
f 1495/1800/1316 1490/1795/1485 1489/1796/1486 1494/1801/1490
f 1494/1801/1490 1489/1796/1486 1487/1797/1487 1492/1802/1491
f 1498/1803/1323 1493/1798/1488 1496/1799/1489 1501/1804/1492
f 1501/1804/1492 1496/1799/1489 1495/1800/1316 1500/1805/1493
f 1500/1805/1493 1495/1800/1316 1494/1801/1490 1499/1806/1494
f 1499/1806/1494 1494/1801/1490 1492/1802/1491 1497/1807/1319
f 1503/1808/1495 1498/1803/1323 1501/1804/1492 1506/1809/1496
f 1506/1809/1496 1501/1804/1492 1500/1805/1493 1505/1810/1497
f 1505/1810/1497 1500/1805/1493 1499/1806/1494 1504/1811/1498
f 1504/1811/1498 1499/1806/1494 1497/1807/1319 1502/1812/1499
f 1508/1813/1500 1503/1808/1495 1506/1809/1496 1511/1814/1501
f 1511/1814/1501 1506/1809/1496 1505/1810/1497 1510/1815/1502
f 1510/1815/1502 1505/1810/1497 1504/1811/1498 1509/1816/1503
f 1509/1816/1503 1504/1811/1498 1502/1812/1499 1507/1817/1504
f 1513/1818/1505 1508/1813/1500 1511/1814/1501 1516/1819/1506
f 1516/1819/1506 1511/1814/1501 1510/1815/1502 1515/1820/1507
f 1515/1820/1507 1510/1815/1502 1509/1816/1503 1514/1821/1508
f 1514/1821/1508 1509/1816/1503 1507/1817/1504 1512/1822/1334
f 1518/1823/1509 1513/1818/1505 1516/1819/1506 1521/1824/1510
f 1521/1824/1510 1516/1819/1506 1515/1820/1507 1520/1825/1511
f 1520/1825/1511 1515/1820/1507 1514/1821/1508 1519/1826/1512
f 1519/1826/1512 1514/1821/1508 1512/1822/1334 1517/1827/1513
f 1523/1828/1348 1518/1823/1509 1521/1824/1510 1526/1829/1514
f 1526/1829/1514 1521/1824/1510 1520/1825/1511 1525/1830/1515
f 1525/1830/1515 1520/1825/1511 1519/1826/1512 1524/1831/1516
f 1524/1831/1516 1519/1826/1512 1517/1827/1513 1522/1832/1517
f 1528/1833/1518 1523/1828/1348 1526/1829/1514 1531/1834/1519
f 1531/1834/1519 1526/1829/1514 1525/1830/1515 1530/1835/1520
f 1530/1835/1520 1525/1830/1515 1524/1831/1516 1529/1836/1521
f 1529/1836/1521 1524/1831/1516 1522/1832/1517 1527/1837/1522
f 1533/1838/1523 1528/1833/1518 1531/1834/1519 1536/1839/1524
f 1536/1839/1524 1531/1834/1519 1530/1835/1520 1535/1840/1356
f 1535/1840/1356 1530/1835/1520 1529/1836/1521 1534/1841/1525
f 1534/1841/1525 1529/1836/1521 1527/1837/1522 1532/1842/1526
f 1382/1684/1388 1533/1838/1523 1536/1839/1524 1384/1685/1389
f 1384/1685/1389 1536/1839/1524 1535/1840/1356 1385/1687/1391
f 1385/1687/1391 1535/1840/1356 1534/1841/1525 1386/1689/1393
f 1386/1689/1393 1534/1841/1525 1532/1842/1526 1383/1691/1395
f 1121/1843/986 1122/1844/986 1377/1692/1396 1383/1691/1395
f 1153/1845/3 1382/1684/1388 1378/1683/1387 1154/1846/1359
f 1154/1846/1359 1378/1683/1387 1388/1693/1397 1155/1847/1361
f 1122/1844/986 1123/1848/986 1387/1697/1401 1377/1692/1396
f 1184/1849/1360 1533/1838/1523 1382/1684/1388 1153/1845/3
f 1152/1850/986 1121/1843/986 1383/1691/1395 1532/1842/1526
f 1155/1847/1361 1388/1693/1397 1393/1698/1218 1156/1851/1527
f 1123/1848/986 1124/1852/986 1392/1702/1405 1387/1697/1401
f 1156/1851/1527 1393/1698/1218 1398/1703/1406 1157/1853/1363
f 1124/1852/986 1125/1854/986 1397/1707/1410 1392/1702/1405
f 1157/1853/1363 1398/1703/1406 1403/1708/1411 1158/1855/1364
f 1125/1854/986 1126/1856/986 1402/1712/1224 1397/1707/1410
f 1158/1855/1364 1403/1708/1411 1408/1713/1415 1159/1857/1365
f 1126/1856/986 1127/1858/986 1407/1717/1229 1402/1712/1224
f 1159/1857/1365 1408/1713/1415 1413/1718/1419 1160/1859/1366
f 1127/1858/986 1128/1860/986 1412/1722/1422 1407/1717/1229
f 1160/1859/1366 1413/1718/1419 1418/1723/1243 1161/1861/26
f 1128/1860/986 1129/1862/986 1417/1727/1239 1412/1722/1422
f 1161/1861/26 1418/1723/1243 1423/1728/1426 1162/1863/1367
f 1129/1862/986 1130/1864/986 1422/1732/1429 1417/1727/1239
f 1162/1863/1367 1423/1728/1426 1428/1733/1430 1163/1865/1368
f 1130/1864/986 1131/1866/986 1427/1737/1434 1422/1732/1429
f 1163/1865/1368 1428/1733/1430 1433/1738/1435 1164/1867/1369
f 1131/1866/986 1132/1868/986 1432/1742/1438 1427/1737/1434
f 1164/1867/1369 1433/1738/1435 1438/1743/1439 1165/1869/1370
f 1132/1868/986 1133/1870/986 1437/1747/1443 1432/1742/1438
f 1165/1869/1370 1438/1743/1439 1443/1748/1444 1166/1871/1528
f 1133/1870/986 1134/1872/986 1442/1752/1448 1437/1747/1443
f 1166/1871/1528 1443/1748/1444 1448/1753/1449 1167/1873/1529
f 1134/1872/986 1135/1874/986 1447/1757/1453 1442/1752/1448
f 1167/1873/1529 1448/1753/1449 1453/1758/1454 1168/1875/1373
f 1135/1874/986 1136/1876/986 1452/1762/1274 1447/1757/1453
f 1168/1875/1373 1453/1758/1454 1458/1763/1458 1169/1877/48
f 1136/1876/986 1137/1878/986 1457/1767/1279 1452/1762/1274
f 1169/1877/48 1458/1763/1458 1463/1768/1460 1170/1879/1374
f 1137/1878/986 1138/1880/986 1462/1772/1284 1457/1767/1279
f 1170/1879/1374 1463/1768/1460 1468/1773/1464 1171/1881/1530
f 1138/1880/986 1139/1882/986 1467/1777/1468 1462/1772/1284
f 1171/1881/1530 1468/1773/1464 1473/1778/1469 1172/1883/1531
f 1139/1882/986 1140/1884/986 1472/1782/1473 1467/1777/1468
f 1172/1883/1531 1473/1778/1469 1478/1783/1474 1173/1885/1377
f 1140/1884/986 1141/1886/986 1477/1787/1478 1472/1782/1473
f 1173/1885/1377 1478/1783/1474 1483/1788/1479 1174/1887/1378
f 1141/1886/986 1142/1888/986 1482/1792/1482 1477/1787/1478
f 1174/1887/1378 1483/1788/1479 1488/1793/1483 1175/1889/1379
f 1142/1888/986 1143/1890/986 1487/1797/1487 1482/1792/1482
f 1175/1889/1379 1488/1793/1483 1493/1798/1488 1176/1891/1380
f 1143/1890/986 1144/1892/986 1492/1802/1491 1487/1797/1487
f 1176/1891/1380 1493/1798/1488 1498/1803/1323 1177/1893/70
f 1144/1892/986 1145/1894/986 1497/1807/1319 1492/1802/1491
f 1177/1893/70 1498/1803/1323 1503/1808/1495 1178/1895/1381
f 1145/1894/986 1146/1896/986 1502/1812/1499 1497/1807/1319
f 1178/1895/1381 1503/1808/1495 1508/1813/1500 1179/1897/1382
f 1146/1896/986 1147/1898/986 1507/1817/1504 1502/1812/1499
f 1179/1897/1382 1508/1813/1500 1513/1818/1505 1180/1899/1383
f 1147/1898/986 1148/1900/986 1512/1822/1334 1507/1817/1504
f 1180/1899/1383 1513/1818/1505 1518/1823/1509 1181/1901/1384
f 1148/1900/986 1149/1902/986 1517/1827/1513 1512/1822/1334
f 1181/1901/1384 1518/1823/1509 1523/1828/1348 1182/1903/1532
f 1149/1902/986 1150/1904/986 1522/1832/1517 1517/1827/1513
f 1182/1903/1532 1523/1828/1348 1528/1833/1518 1183/1905/1386
f 1150/1904/986 1151/1906/986 1527/1837/1522 1522/1832/1517
f 1183/1905/1386 1528/1833/1518 1533/1838/1523 1184/1849/1360
f 1151/1906/986 1152/1850/986 1532/1842/1526 1527/1837/1522
