# Blender 4.3.2
# www.blender.org
mtllib Barrel_handle.mtl
o Handle2
v 0.081786 0.751069 4.001977
v 0.081675 0.748293 4.000033
v 0.081689 0.747452 3.999951
v 0.081675 0.746611 4.000033
v 0.081859 0.745025 4.000740
v 0.081365 0.751439 4.002572
v 0.081201 0.750483 4.001132
v 0.081242 0.749817 4.000593
v 0.081313 0.749086 4.000214
v 0.080898 0.748293 3.999984
v 0.080897 0.747452 3.999901
v 0.080898 0.746611 3.999984
v 0.080903 0.745802 4.000228
v 0.081249 0.744396 4.001162
v 0.080705 0.751029 4.001809
v 0.080076 0.750511 4.001326
v 0.080174 0.749102 4.000335
v 0.080125 0.748293 4.000097
v 0.080108 0.747452 4.000016
v 0.080125 0.746611 4.000097
v 0.080575 0.745087 4.000620
v 0.080360 0.744403 4.001243
v 0.080696 0.743868 4.001819
v 0.079922 0.749861 4.000816
v 0.079383 0.748293 4.000367
v 0.079352 0.747452 4.000292
v 0.079383 0.746611 4.000367
v 0.079853 0.745817 4.000410
v 0.080655 0.743464 4.002585
v 0.080741 0.743221 4.003387
v 0.080328 0.751440 4.002704
v 0.079135 0.750521 4.001916
v 0.079177 0.749141 4.000753
v 0.078703 0.748293 4.000785
v 0.078659 0.747452 4.000719
v 0.078703 0.746611 4.000785
v 0.078834 0.745802 4.000984
v 0.079304 0.745024 4.001132
v 0.079582 0.744370 4.001592
v 0.079871 0.743863 4.002137
v 0.080272 0.751683 4.003772
v 0.079664 0.751051 4.002271
v 0.078765 0.749879 4.001548
v 0.078275 0.749102 4.001501
v 0.078110 0.748293 4.001335
v 0.078054 0.747452 4.001279
v 0.078110 0.746611 4.001335
v 0.078275 0.745802 4.001501
v 0.079975 0.743469 4.002949
v 0.080968 0.751764 4.004203
v 0.078558 0.750501 4.002611
v 0.077936 0.749858 4.002692
v 0.077820 0.749102 4.002123
v 0.077626 0.748293 4.001995
v 0.077561 0.747452 4.001951
v 0.077626 0.746611 4.001995
v 0.077820 0.745802 4.002123
v 0.078284 0.745046 4.002086
v 0.078732 0.744407 4.002325
v 0.079197 0.743868 4.002739
v 0.079645 0.751442 4.003362
v 0.078955 0.751042 4.003169
v 0.077485 0.749102 4.002824
v 0.077271 0.748293 4.002739
v 0.077198 0.747452 4.002710
v 0.077271 0.746611 4.002739
v 0.077485 0.745802 4.002824
v 0.078221 0.750508 4.003379
v 0.077653 0.749848 4.003641
v 0.077285 0.749102 4.003578
v 0.077058 0.748293 4.003540
v 0.076981 0.747452 4.003527
v 0.077058 0.746611 4.003540
v 0.077285 0.745802 4.003578
v 0.077704 0.745046 4.003356
v 0.078221 0.744396 4.003379
v 0.078749 0.743843 4.003863
v 0.079530 0.743461 4.003603
v 0.079405 0.751439 4.004468
v 0.078724 0.751047 4.004085
v 0.077225 0.749102 4.004356
v 0.076995 0.748293 4.004366
v 0.076917 0.747452 4.004369
v 0.076995 0.746611 4.004366
v 0.077225 0.745802 4.004356
v 0.080207 0.743221 4.003901
v 0.078111 0.750508 4.004566
v 0.077621 0.749858 4.004755
v 0.077310 0.749102 4.005129
v 0.077085 0.748293 4.005186
v 0.077009 0.747452 4.005205
v 0.077085 0.746611 4.005186
v 0.077310 0.745802 4.005129
v 0.077621 0.745046 4.004755
v 0.078111 0.744396 4.004566
v 0.079422 0.743466 4.004415
v 0.078916 0.751049 4.005262
v 0.077535 0.749102 4.005866
v 0.077324 0.748293 4.005968
v 0.077253 0.747452 4.006003
v 0.077324 0.746611 4.005968
v 0.077535 0.745802 4.005866
v 0.078341 0.744403 4.005476
v 0.078824 0.743863 4.004986
v 0.078436 0.750508 4.005697
v 0.078047 0.749858 4.006069
v 0.077892 0.749102 4.006539
v 0.077703 0.748293 4.006682
v 0.077639 0.747452 4.006731
v 0.077703 0.746611 4.006682
v 0.077892 0.745802 4.006539
v 0.078047 0.745046 4.006069
v 0.079674 0.743464 4.005161
v 0.080232 0.751683 4.004586
v 0.078628 0.749848 4.006830
v 0.078368 0.749102 4.007122
v 0.078208 0.748293 4.007302
v 0.078154 0.747452 4.007362
v 0.078208 0.746611 4.007302
v 0.078368 0.745802 4.007122
v 0.078628 0.745056 4.006830
v 0.078751 0.744407 4.006206
v 0.079246 0.743863 4.005797
v 0.079146 0.750508 4.006601
v 0.078943 0.749102 4.007593
v 0.078818 0.748293 4.007802
v 0.078776 0.747452 4.007872
v 0.078818 0.746611 4.007802
v 0.078943 0.745802 4.007593
v 0.079991 0.751447 4.005514
v 0.079791 0.751049 4.006283
v 0.079918 0.750501 4.007058
v 0.079481 0.749858 4.007457
v 0.079596 0.749102 4.007934
v 0.079511 0.748293 4.008163
v 0.079483 0.747452 4.008241
v 0.079511 0.746611 4.008163
v 0.079596 0.745802 4.007934
v 0.079481 0.745046 4.007457
v 0.079614 0.744396 4.006923
v 0.079974 0.743863 4.006377
v 0.080238 0.743469 4.005682
v 0.080302 0.749102 4.008131
v 0.080261 0.748293 4.008373
v 0.080247 0.747452 4.008454
v 0.080261 0.746611 4.008373
v 0.080302 0.745802 4.008131
v 0.080457 0.743212 4.004900
v 0.080842 0.751437 4.005856
v 0.080815 0.751035 4.006605
v 0.080686 0.750508 4.007244
v 0.080755 0.749858 4.007788
v 0.081033 0.749102 4.008177
v 0.081037 0.748293 4.008422
v 0.081038 0.747452 4.008505
v 0.081037 0.746611 4.008422
v 0.081033 0.745802 4.008177
v 0.080755 0.745046 4.007788
v 0.080686 0.744396 4.007244
v 0.080926 0.751685 4.005074
v 0.081762 0.749102 4.008071
v 0.081811 0.748293 4.008309
v 0.081827 0.747452 4.008389
v 0.081811 0.746611 4.008309
v 0.081762 0.745802 4.008071
v 0.081064 0.743855 4.006602
v 0.080956 0.743465 4.005864
v 0.081672 0.751042 4.006463
v 0.081801 0.750508 4.007102
v 0.082060 0.749858 4.007573
v 0.082460 0.749102 4.007816
v 0.082552 0.748293 4.008039
v 0.082583 0.747452 4.008113
v 0.082552 0.746611 4.008039
v 0.082460 0.745802 4.007816
v 0.082060 0.745046 4.007573
v 0.081801 0.744396 4.007102
v 0.082100 0.743863 4.006250
v 0.081766 0.751439 4.005630
v 0.083101 0.749102 4.007422
v 0.083233 0.748293 4.007620
v 0.083277 0.747452 4.007687
v 0.083233 0.746611 4.007620
v 0.083101 0.745802 4.007422
v 0.082601 0.744403 4.006667
v 0.081707 0.743465 4.005636
v 0.080968 0.743140 4.004203
v 0.082438 0.751042 4.005986
v 0.082825 0.750497 4.006506
v 0.083192 0.749839 4.006866
v 0.083660 0.749102 4.006905
v 0.083826 0.748293 4.007071
v 0.083882 0.747452 4.007127
v 0.083826 0.746611 4.007071
v 0.083660 0.745802 4.006905
v 0.083200 0.745046 4.006844
v 0.082901 0.743855 4.005409
v 0.082408 0.751442 4.004787
v 0.083801 0.749848 4.006075
v 0.084116 0.749102 4.006283
v 0.084310 0.748293 4.006411
v 0.084375 0.747452 4.006454
v 0.084310 0.746611 4.006411
v 0.084116 0.745802 4.006283
v 0.083187 0.744396 4.006088
v 0.081612 0.751682 4.004702
v 0.082980 0.751047 4.005225
v 0.083499 0.750521 4.005551
v 0.084450 0.749102 4.005582
v 0.084665 0.748293 4.005667
v 0.084737 0.747452 4.005695
v 0.084665 0.746611 4.005667
v 0.084450 0.745802 4.005582
v 0.084000 0.745046 4.005714
v 0.083633 0.744403 4.005258
v 0.082270 0.743464 4.005088
v 0.081480 0.743219 4.004871
v 0.083240 0.751039 4.004066
v 0.084231 0.749858 4.005050
v 0.084651 0.749102 4.004827
v 0.084878 0.748293 4.004866
v 0.084954 0.747452 4.004879
v 0.084878 0.746611 4.004866
v 0.084651 0.745802 4.004827
v 0.084283 0.745056 4.004765
v 0.083825 0.750508 4.004437
v 0.084710 0.749102 4.004049
v 0.084941 0.748293 4.004040
v 0.085018 0.747452 4.004036
v 0.084941 0.746611 4.004040
v 0.084710 0.745802 4.004049
v 0.083825 0.744396 4.004437
v 0.082516 0.743466 4.004315
v 0.082515 0.751437 4.003977
v 0.083715 0.750508 4.003256
v 0.084315 0.749858 4.003651
v 0.084625 0.749102 4.003277
v 0.084851 0.748293 4.003220
v 0.084927 0.747452 4.003201
v 0.084851 0.746611 4.003220
v 0.084625 0.745802 4.003277
v 0.084315 0.745046 4.003651
v 0.083240 0.743865 4.004066
v 0.084057 0.749848 4.002706
v 0.084400 0.749102 4.002540
v 0.084612 0.748293 4.002438
v 0.084683 0.747452 4.002403
v 0.084612 0.746611 4.002438
v 0.084400 0.745802 4.002540
v 0.083715 0.744396 4.003256
v 0.081770 0.743221 4.004108
v 0.083322 0.750501 4.002415
v 0.084043 0.749102 4.001867
v 0.084233 0.748293 4.001723
v 0.084297 0.747452 4.001675
v 0.084233 0.746611 4.001723
v 0.084043 0.745802 4.001867
v 0.083888 0.745046 4.002337
v 0.083187 0.744396 4.002218
v 0.082407 0.743464 4.003528
v 0.081743 0.751685 4.003920
v 0.082229 0.751439 4.003194
v 0.082814 0.751051 4.002776
v 0.083501 0.749858 4.001774
v 0.083568 0.749102 4.001284
v 0.083728 0.748293 4.001104
v 0.083782 0.747452 4.001043
v 0.083728 0.746611 4.001104
v 0.083568 0.745802 4.001284
v 0.082796 0.743843 4.002770
v 0.082789 0.750508 4.001804
v 0.082474 0.749879 4.000977
v 0.082993 0.749102 4.000813
v 0.083117 0.748293 4.000604
v 0.083159 0.747452 4.000534
v 0.083117 0.746611 4.000604
v 0.082993 0.745802 4.000813
v 0.083017 0.745046 4.001306
v 0.082321 0.744396 4.001483
v 0.081034 0.751685 4.003328
v 0.082018 0.750501 4.001348
v 0.082340 0.749102 4.000472
v 0.082424 0.748293 4.000242
v 0.082453 0.747452 4.000165
v 0.082424 0.746611 4.000242
v 0.082340 0.745802 4.000472
v 0.081634 0.745802 4.000275
v 0.081770 0.743845 4.001956
v 0.081702 0.743459 4.002715
v 0.081426 0.743220 4.003480
v 0.041740 0.714121 3.995007
v 0.041568 0.715203 3.996074
v 0.041325 0.715599 3.997532
v 0.041074 0.715203 3.998988
v 0.040884 0.714121 4.000052
v 0.040806 0.712644 4.000441
v 0.040859 0.711128 4.000054
v 0.041031 0.710085 3.998980
v 0.041274 0.709689 3.997523
v 0.041525 0.710085 3.996067
v 0.041717 0.711128 3.994996
v 0.041794 0.712644 3.994614
v 0.049946 0.714168 3.996399
v 0.046488 0.715194 3.996911
v 0.045946 0.715585 3.998315
v 0.045995 0.715194 3.999820
v 0.049091 0.714168 4.001443
v 0.048885 0.712681 4.001811
v 0.045929 0.710073 3.999810
v 0.046450 0.709682 3.998401
v 0.046423 0.710073 3.996898
v 0.049873 0.712681 3.995984
v 0.051160 0.715365 3.997703
v 0.050644 0.715742 3.999112
v 0.050667 0.715365 4.000612
v 0.050529 0.711322 4.001688
v 0.050870 0.710248 4.000648
v 0.051390 0.709872 3.999238
v 0.051364 0.710248 3.997736
v 0.051385 0.711322 3.996642
v 0.055354 0.714745 3.997316
v 0.054943 0.715800 3.998345
v 0.054441 0.716157 3.999756
v 0.054450 0.715800 4.001253
v 0.054499 0.714745 4.002359
v 0.056473 0.713605 4.003098
v 0.054693 0.711784 4.002394
v 0.055112 0.710728 4.001368
v 0.055638 0.710377 3.999959
v 0.055606 0.710728 3.998455
v 0.055549 0.711784 3.997348
v 0.057461 0.713605 3.997271
v 0.058472 0.715516 3.997845
v 0.057940 0.716530 3.998853
v 0.057431 0.716858 4.000263
v 0.057446 0.716530 4.001761
v 0.057617 0.715516 4.002888
v 0.058212 0.712621 4.002992
v 0.058752 0.711606 4.001986
v 0.059302 0.711293 4.000580
v 0.059246 0.711606 3.999071
v 0.059068 0.712621 3.997944
v 0.061492 0.716886 3.998363
v 0.059731 0.717265 3.999154
v 0.059335 0.717626 4.000586
v 0.059237 0.717265 4.002068
v 0.060639 0.716886 4.003395
v 0.061245 0.715578 4.003909
v 0.060578 0.713579 4.003392
v 0.061166 0.712592 4.002395
v 0.061563 0.712230 4.000963
v 0.061660 0.712592 3.999481
v 0.061433 0.713579 3.998346
v 0.062234 0.715578 3.998078
v 0.061327 0.718173 3.999439
v 0.060897 0.718499 4.000850
v 0.060838 0.718173 4.002325
v 0.062629 0.714720 4.003735
v 0.063338 0.713799 4.002745
v 0.063764 0.713476 4.001337
v 0.063826 0.713799 3.999867
v 0.063483 0.714720 3.998698
v 0.063967 0.718791 3.998777
v 0.063166 0.719641 3.999739
v 0.062779 0.720035 4.001170
v 0.062672 0.719641 4.002648
v 0.063112 0.718791 4.003820
v 0.064009 0.717737 4.004375
v 0.065050 0.716697 4.004151
v 0.065847 0.715840 4.003189
v 0.066201 0.715417 4.001750
v 0.066341 0.715840 4.000274
v 0.065905 0.716697 3.999104
v 0.064997 0.717737 3.998549
v 0.066427 0.721564 3.999194
v 0.064845 0.721485 4.000023
v 0.064415 0.721861 4.001447
v 0.064352 0.721484 4.002933
v 0.065572 0.721564 4.004238
v 0.066654 0.720747 4.004824
v 0.067071 0.718939 4.004493
v 0.067968 0.718180 4.003548
v 0.068379 0.717782 4.002119
v 0.068462 0.718180 4.000635
v 0.067926 0.718939 3.999446
v 0.067642 0.720747 3.998997
v 0.066406 0.723649 4.000288
v 0.065949 0.724011 4.001707
v 0.065913 0.723649 4.003198
v 0.068843 0.721416 4.004794
v 0.069804 0.720734 4.003859
v 0.070253 0.720361 4.002437
v 0.070298 0.720734 4.000946
v 0.069699 0.721416 3.999747
v 0.069426 0.726361 3.999701
v 0.068417 0.726970 4.000626
v 0.067854 0.727179 4.002030
v 0.067923 0.726970 4.003541
v 0.068571 0.726361 4.004747
v 0.069604 0.725481 4.005324
v 0.070900 0.724827 4.005142
v 0.071892 0.724187 4.004214
v 0.072481 0.724024 4.002815
v 0.072386 0.724187 4.001300
v 0.071756 0.724827 4.000096
v 0.070702 0.725670 3.999516
v 0.071742 0.734442 4.002689
v 0.074986 0.735422 4.006236
v 0.074806 0.732123 4.005805
v 0.075822 0.731525 4.004880
v 0.076316 0.731525 4.001966
v 0.075662 0.732123 4.000759
v 0.073325 0.733647 4.000362
v 0.072325 0.734271 4.001289
v 0.071831 0.734271 4.004203
v 0.072470 0.733647 4.005408
v 0.076382 0.731314 4.003476
v 0.076070 0.735561 4.000427
v 0.075610 0.737421 4.000750
v 0.074671 0.738133 4.001687
v 0.073493 0.737375 4.002986
v 0.074177 0.738133 4.004601
v 0.074754 0.737421 4.005796
v 0.077048 0.735799 4.006184
v 0.077992 0.735096 4.005247
v 0.078436 0.734721 4.003825
v 0.077889 0.734170 4.002234
v 0.077903 0.735799 4.001140
v 0.074771 0.739218 4.003203
v 0.079194 0.736037 4.002456
v 0.077999 0.740297 4.001154
v 0.076518 0.740427 4.002000
v 0.076090 0.740789 4.003427
v 0.076024 0.740427 4.004914
v 0.077143 0.740297 4.006202
v 0.078025 0.739226 4.006752
v 0.078510 0.737599 4.006432
v 0.079371 0.736806 4.005481
v 0.079824 0.736469 4.004060
v 0.079365 0.737599 4.001387
v 0.079013 0.739226 4.000926
v 0.080695 0.737604 4.002711
v 0.077855 0.741678 4.002227
v 0.077471 0.742060 4.003661
v 0.077360 0.741678 4.005141
v 0.079884 0.738807 4.006664
v 0.080556 0.737859 4.005681
v 0.080932 0.737479 4.004248
v 0.080739 0.738807 4.001621
v 0.079843 0.741623 4.001467
v 0.079238 0.742605 4.002461
v 0.078911 0.743005 4.003905
v 0.078743 0.742605 4.005376
v 0.078987 0.741623 4.006514
v 0.080527 0.740804 4.007178
v 0.081516 0.740804 4.001348
v 0.081964 0.738296 4.002934
v 0.081691 0.742362 4.001785
v 0.080657 0.743216 4.002711
v 0.080311 0.743589 4.004143
v 0.080166 0.743216 4.005608
v 0.080837 0.742362 4.006823
v 0.081375 0.739434 4.006915
v 0.081750 0.738369 4.005877
v 0.082064 0.737986 4.004440
v 0.082230 0.739434 4.001875
v 0.082045 0.743502 4.002937
v 0.081680 0.743886 4.004375
v 0.081551 0.743502 4.005852
v 0.083008 0.738428 4.003102
v 0.083989 0.742407 4.002170
v 0.083331 0.743527 4.003156
v 0.083033 0.743927 4.004604
v 0.082837 0.743527 4.006070
v 0.083133 0.742407 4.007217
v 0.083561 0.740847 4.007690
v 0.082689 0.739481 4.007141
v 0.082763 0.738402 4.006056
v 0.083005 0.738002 4.004599
v 0.083544 0.739481 4.002096
v 0.084549 0.740847 4.001864
v 0.084511 0.743351 4.003356
v 0.084273 0.743753 4.004814
v 0.084017 0.743351 4.006270
v 0.083987 0.738213 4.003268
v 0.085873 0.741834 4.002490
v 0.086046 0.742849 4.003615
v 0.085848 0.743256 4.005081
v 0.085552 0.742849 4.006530
v 0.085018 0.741834 4.007536
v 0.083906 0.739128 4.007347
v 0.083728 0.738116 4.006220
v 0.083876 0.737731 4.004747
v 0.084762 0.739128 4.002302
v 0.084888 0.737751 4.003420
v 0.087403 0.740929 4.002749
v 0.087760 0.741844 4.003907
v 0.087646 0.742225 4.005386
v 0.087266 0.741844 4.006821
v 0.086547 0.740930 4.007796
v 0.086222 0.739337 4.008142
v 0.084960 0.738520 4.007526
v 0.084599 0.737609 4.006368
v 0.084676 0.737254 4.004883
v 0.085815 0.738520 4.002481
v 0.087210 0.739337 4.002316
v 0.085646 0.737146 4.003549
v 0.088618 0.739855 4.002955
v 0.089115 0.740652 4.004137
v 0.089065 0.740997 4.005627
v 0.088621 0.740652 4.007051
v 0.087762 0.739855 4.008001
v 0.086175 0.737406 4.007732
v 0.085316 0.736983 4.006489
v 0.085336 0.736669 4.004994
v 0.087031 0.737406 4.002687
v 0.086247 0.736469 4.003651
v 0.089970 0.738089 4.003182
v 0.090183 0.739336 4.004318
v 0.090185 0.739639 4.005817
v 0.089689 0.739336 4.007232
v 0.089114 0.738089 4.008233
v 0.087895 0.737299 4.008425
v 0.085882 0.736290 4.006586
v 0.085858 0.736020 4.005083
v 0.088882 0.737299 4.002600
v 0.086887 0.735429 4.003755
v 0.091009 0.737920 4.004453
v 0.090988 0.738297 4.005953
v 0.090513 0.737920 4.007376
v 0.087214 0.735677 4.007910
v 0.086481 0.735228 4.006691
v 0.086434 0.734968 4.005181
v 0.088070 0.735677 4.002861
v 0.091612 0.736856 4.006059
v 0.090852 0.736061 4.003335
v 0.091626 0.736388 4.004562
v 0.091132 0.736388 4.007476
v 0.089997 0.736061 4.008380
v 0.088851 0.734902 4.008587
v 0.089839 0.734902 4.002761
v 0.087264 0.734295 4.003823
v 0.092072 0.735133 4.006137
v 0.087717 0.733735 4.007993
v 0.086814 0.734085 4.006743
v 0.088573 0.733735 4.002948
v 0.091207 0.734554 4.003395
v 0.092019 0.734699 4.004629
v 0.091524 0.734699 4.007543
v 0.090351 0.734554 4.008440
v 0.086729 0.733848 4.005231
v 0.087388 0.733439 4.003844
v 0.092253 0.733253 4.006167
v 0.086902 0.733215 4.006758
v 0.091312 0.732920 4.003412
v 0.092131 0.732861 4.004648
v 0.091637 0.732861 4.007562
v 0.090456 0.732920 4.008459
v 0.089000 0.732166 4.008613
v 0.086782 0.733037 4.005240
v 0.089988 0.732166 4.002787
v 0.087359 0.732503 4.003839
v 0.092091 0.731223 4.006140
v 0.087630 0.732039 4.007979
v 0.086829 0.732251 4.006746
v 0.088486 0.732039 4.002934
v 0.091110 0.731151 4.003378
v 0.091900 0.730881 4.004609
v 0.091405 0.730881 4.007523
v 0.090254 0.731151 4.008424
v 0.086679 0.732126 4.005222
v 0.087133 0.731455 4.003801
v 0.091519 0.729091 4.006043
v 0.087288 0.730758 4.007921
v 0.086546 0.731179 4.006698
v 0.088143 0.730758 4.002875
v 0.090539 0.729290 4.003281
v 0.091258 0.728813 4.004499
v 0.090764 0.728813 4.007414
v 0.089683 0.729290 4.008327
v 0.087984 0.728981 4.008440
v 0.086370 0.731113 4.005170
v 0.088972 0.728981 4.002614
v 0.086658 0.730336 4.003721
v 0.090463 0.726935 4.005864
v 0.086640 0.729431 4.007811
v 0.086002 0.730054 4.006605
v 0.087496 0.729431 4.002766
v 0.089531 0.727416 4.003110
v 0.090133 0.726739 4.004309
v 0.089639 0.726739 4.007224
v 0.088675 0.727416 4.008157
v 0.085806 0.730062 4.005075
v 0.085889 0.729231 4.003591
v 0.089326 0.725432 4.005671
v 0.085635 0.728156 4.007640
v 0.085151 0.728968 4.006461
v 0.086490 0.728156 4.002595
v 0.088004 0.725651 4.002851
v 0.088435 0.724790 4.004020
v 0.087940 0.724790 4.006936
v 0.087148 0.725651 4.007898
v 0.086160 0.726746 4.008131
v 0.084946 0.729063 4.004929
v 0.087148 0.726746 4.002305
v 0.088361 0.724460 4.005507
v 0.084774 0.728240 4.003402
v 0.087221 0.723572 4.005314
v 0.084209 0.727057 4.007398
v 0.083948 0.728031 4.006257
v 0.085064 0.727057 4.002354
v 0.085859 0.724178 4.002487
v 0.086729 0.723564 4.003732
v 0.086234 0.723564 4.006646
v 0.085003 0.724178 4.007535
v 0.084319 0.725501 4.007819
v 0.083759 0.728240 4.004727
v 0.085307 0.725501 4.001993
v 0.085891 0.722810 4.005089
v 0.085363 0.722901 4.003500
v 0.084869 0.722901 4.006414
v 0.083350 0.727565 4.003161
v 0.084363 0.722237 4.004829
v 0.082414 0.726398 4.007093
v 0.082472 0.727478 4.006006
v 0.083269 0.726398 4.002050
v 0.083851 0.723529 4.002147
v 0.083807 0.722455 4.003236
v 0.083313 0.722455 4.006151
v 0.082995 0.723529 4.007194
v 0.081993 0.724859 4.007424
v 0.082375 0.727832 4.004493
v 0.082981 0.724859 4.001598
v 0.082636 0.721941 4.004537
v 0.082321 0.723405 4.001887
v 0.082073 0.722323 4.002942
v 0.081579 0.722323 4.005857
v 0.081465 0.723405 4.006934
v 0.082212 0.727446 4.002967
v 0.080739 0.722036 4.004215
v 0.080450 0.726515 4.006755
v 0.081317 0.727486 4.005811
v 0.081303 0.726515 4.001721
v 0.080173 0.723777 4.001529
v 0.080206 0.722618 4.002625
v 0.079711 0.722618 4.005541
v 0.079320 0.723777 4.006564
v 0.079325 0.725313 4.006975
v 0.081292 0.727949 4.004309
v 0.081398 0.727579 4.002830
v 0.080314 0.725313 4.001143
v 0.078839 0.722608 4.003893
v 0.080491 0.727733 4.005664
v 0.078254 0.723450 4.002312
v 0.077766 0.723450 4.005193
v 0.080459 0.728304 4.004168
v 0.080533 0.727963 4.002690
v 0.078019 0.725028 4.001157
v 0.076944 0.723710 4.003572
v 0.077163 0.725028 4.006205
v 0.078841 0.727369 4.006488
v 0.079574 0.728272 4.005515
v 0.079697 0.727369 4.001444
v 0.076371 0.724920 4.001974
v 0.075876 0.724920 4.004890
v 0.076077 0.727971 4.006417
v 0.079501 0.729060 4.004005
v 0.079562 0.728707 4.002519
v 0.077063 0.727972 4.000599
v 0.076008 0.727099 4.000809
v 0.075435 0.725105 4.003315
v 0.075152 0.727097 4.005871
v 0.077258 0.728946 4.006226
v 0.078215 0.729633 4.005304
v 0.078115 0.728946 4.001170
v 0.075067 0.726436 4.001755
v 0.074535 0.726187 4.003163
v 0.074573 0.726436 4.004668
v 0.078776 0.729913 4.003882
v 0.078739 0.729663 4.002378
v 0.038671 0.716368 3.994522
v 0.039657 0.713592 3.992842
v 0.039682 0.712751 3.992764
v 0.039657 0.711910 3.992842
v 0.039171 0.710324 3.993387
v 0.038774 0.716738 3.995243
v 0.039577 0.715782 3.994036
v 0.039787 0.715116 3.993538
v 0.039896 0.714385 3.993169
v 0.040371 0.713592 3.993153
v 0.040410 0.712751 3.993080
v 0.040371 0.711910 3.993153
v 0.040255 0.711101 3.993369
v 0.039521 0.709695 3.994041
v 0.039709 0.716328 3.994865
v 0.040491 0.715810 3.994723
v 0.040855 0.714401 3.993796
v 0.041008 0.713592 3.993607
v 0.041059 0.712751 3.993543
v 0.041008 0.711910 3.993607
v 0.040368 0.710386 3.993867
v 0.040275 0.709702 3.994519
v 0.039714 0.709168 3.994878
v 0.040860 0.715160 3.994340
v 0.041544 0.713592 3.994186
v 0.041606 0.712751 3.994133
v 0.041544 0.711910 3.994186
v 0.041106 0.711117 3.994009
v 0.039400 0.708763 3.995579
v 0.038958 0.708521 3.996253
v 0.039637 0.716739 3.995834
v 0.041058 0.715820 3.995677
v 0.041551 0.714440 3.994623
v 0.041958 0.713592 3.994868
v 0.042028 0.712751 3.994829
v 0.041958 0.711910 3.994868
v 0.041751 0.711101 3.994985
v 0.041266 0.710324 3.994902
v 0.040808 0.709669 3.995185
v 0.040302 0.709162 3.995538
v 0.039199 0.716982 3.996810
v 0.040425 0.716350 3.995752
v 0.041555 0.715178 3.995519
v 0.042012 0.714401 3.995700
v 0.042236 0.713592 3.995628
v 0.042311 0.712751 3.995604
v 0.042236 0.711910 3.995628
v 0.042012 0.711101 3.995700
v 0.039839 0.708768 3.996213
v 0.038384 0.717063 3.996876
v 0.041254 0.715800 3.996558
v 0.041771 0.715157 3.996915
v 0.042134 0.714401 3.996461
v 0.042365 0.713592 3.996436
v 0.042443 0.712751 3.996427
v 0.042365 0.711910 3.996436
v 0.042134 0.711101 3.996461
v 0.041737 0.710345 3.996217
v 0.041230 0.709706 3.996224
v 0.040627 0.709168 3.996381
v 0.039945 0.716742 3.996731
v 0.040647 0.716341 3.996874
v 0.042111 0.714401 3.997238
v 0.042341 0.713592 3.997260
v 0.042419 0.712751 3.997268
v 0.042341 0.711910 3.997260
v 0.042111 0.711101 3.997238
v 0.041204 0.715807 3.997396
v 0.041589 0.715147 3.997888
v 0.041946 0.714401 3.998001
v 0.042165 0.713592 3.998070
v 0.042239 0.712751 3.998093
v 0.042165 0.711910 3.998070
v 0.041946 0.711101 3.998001
v 0.041674 0.710345 3.997611
v 0.041204 0.709695 3.997396
v 0.040513 0.709143 3.997586
v 0.039937 0.708760 3.996998
v 0.039653 0.716738 3.997825
v 0.040434 0.716346 3.997795
v 0.041643 0.714401 3.998720
v 0.041844 0.713592 3.998834
v 0.041912 0.712751 3.998872
v 0.041844 0.711910 3.998834
v 0.041643 0.711101 3.998720
v 0.039198 0.708520 3.996955
v 0.040760 0.715807 3.998502
v 0.041110 0.715157 3.998894
v 0.041215 0.714401 3.999369
v 0.041390 0.713592 3.999522
v 0.041449 0.712751 3.999574
v 0.041390 0.711910 3.999522
v 0.041215 0.711101 3.999369
v 0.041110 0.710345 3.998894
v 0.040760 0.709695 3.998502
v 0.039662 0.708765 3.997769
v 0.039726 0.716348 3.998755
v 0.040679 0.714401 3.999922
v 0.040820 0.713592 4.000109
v 0.040868 0.712751 4.000173
v 0.040820 0.711910 4.000109
v 0.040679 0.711101 3.999922
v 0.040140 0.709702 3.999207
v 0.039934 0.709162 3.998551
v 0.039954 0.715807 3.999361
v 0.040130 0.715157 3.999869
v 0.040054 0.714401 4.000358
v 0.040157 0.713592 4.000572
v 0.040192 0.712751 4.000644
v 0.040157 0.711910 4.000572
v 0.040054 0.711101 4.000358
v 0.040130 0.710345 3.999869
v 0.039097 0.708763 3.998318
v 0.038864 0.716982 3.997552
v 0.039267 0.715147 4.000281
v 0.039365 0.714401 4.000659
v 0.039425 0.713592 4.000893
v 0.039446 0.712751 4.000971
v 0.039425 0.711910 4.000893
v 0.039365 0.711101 4.000659
v 0.039267 0.710355 4.000281
v 0.039442 0.709706 3.999670
v 0.039188 0.709162 3.999080
v 0.038910 0.715807 3.999841
v 0.038638 0.714401 4.000816
v 0.038654 0.713592 4.001059
v 0.038659 0.712751 4.001141
v 0.038654 0.711910 4.001059
v 0.038638 0.711101 4.000816
v 0.038655 0.716746 3.998488
v 0.038481 0.716348 3.999263
v 0.038015 0.715800 3.999895
v 0.038221 0.715157 4.000450
v 0.037902 0.714401 4.000821
v 0.037872 0.713592 4.001064
v 0.037862 0.712751 4.001146
v 0.037872 0.711910 4.001064
v 0.037902 0.711101 4.000821
v 0.038221 0.710345 4.000450
v 0.038347 0.709695 3.999913
v 0.038275 0.709162 3.999264
v 0.038358 0.708768 3.998525
v 0.037184 0.714401 4.000675
v 0.037110 0.713592 4.000909
v 0.037085 0.712751 4.000988
v 0.037110 0.711910 4.000909
v 0.037184 0.711101 4.000675
v 0.038520 0.708512 3.997729
v 0.037741 0.716736 3.998404
v 0.037424 0.716334 3.999083
v 0.037246 0.715807 3.999710
v 0.036937 0.715157 4.000163
v 0.036512 0.714401 4.000382
v 0.036396 0.713592 4.000598
v 0.036358 0.712751 4.000671
v 0.036396 0.711910 4.000598
v 0.036512 0.711101 4.000382
v 0.036937 0.710345 4.000163
v 0.037246 0.709695 3.999710
v 0.038024 0.716984 3.997669
v 0.035912 0.714401 3.999955
v 0.035760 0.713592 4.000144
v 0.035708 0.712751 4.000209
v 0.035760 0.711910 4.000144
v 0.035912 0.711101 3.999955
v 0.037203 0.709154 3.998967
v 0.037636 0.708764 3.998358
v 0.036725 0.716341 3.998565
v 0.036319 0.715807 3.999076
v 0.035874 0.715157 3.999375
v 0.035407 0.714401 3.999409
v 0.035223 0.713592 3.999565
v 0.035162 0.712751 3.999618
v 0.035223 0.711910 3.999565
v 0.035407 0.711101 3.999409
v 0.035874 0.710345 3.999375
v 0.036319 0.709695 3.999076
v 0.036441 0.709162 3.998181
v 0.037021 0.716738 3.997782
v 0.035016 0.714401 3.998766
v 0.034809 0.713592 3.998883
v 0.034739 0.712751 3.998922
v 0.034809 0.711910 3.998883
v 0.035016 0.711101 3.998766
v 0.035806 0.709702 3.998323
v 0.037072 0.708764 3.997813
v 0.038384 0.708439 3.996876
v 0.036261 0.716341 3.997791
v 0.035680 0.715796 3.998078
v 0.035189 0.715138 3.998230
v 0.034755 0.714401 3.998051
v 0.034531 0.713592 3.998123
v 0.034456 0.712751 3.998147
v 0.034531 0.711910 3.998123
v 0.034755 0.711101 3.998051
v 0.035192 0.710345 3.998207
v 0.036113 0.709154 3.997067
v 0.036835 0.716741 3.996738
v 0.035008 0.715147 3.997249
v 0.034633 0.714401 3.997290
v 0.034402 0.713592 3.997315
v 0.034324 0.712751 3.997324
v 0.034402 0.711910 3.997315
v 0.034633 0.711101 3.997290
v 0.035549 0.709695 3.997540
v 0.037583 0.716981 3.997025
v 0.036127 0.716346 3.996867
v 0.035516 0.715820 3.996920
v 0.034656 0.714401 3.996513
v 0.034426 0.713592 3.996491
v 0.034348 0.712751 3.996483
v 0.034426 0.711910 3.996491
v 0.034656 0.711101 3.996513
v 0.034996 0.710345 3.996836
v 0.035530 0.709702 3.996598
v 0.036821 0.708763 3.997068
v 0.037623 0.708518 3.997236
v 0.036424 0.716338 3.995716
v 0.035093 0.715157 3.996140
v 0.034821 0.714401 3.995750
v 0.034602 0.713592 3.995681
v 0.034528 0.712751 3.995658
v 0.034602 0.711910 3.995681
v 0.034821 0.711101 3.995750
v 0.035178 0.710355 3.995863
v 0.035734 0.715807 3.995781
v 0.035124 0.714401 3.995031
v 0.034923 0.713592 3.994917
v 0.034855 0.712751 3.994879
v 0.034923 0.711910 3.994917
v 0.035124 0.711101 3.995031
v 0.035734 0.709695 3.995781
v 0.036955 0.708765 3.996269
v 0.037109 0.716736 3.995968
v 0.036371 0.715807 3.994779
v 0.035657 0.715157 3.994857
v 0.035552 0.714401 3.994382
v 0.035377 0.713592 3.994229
v 0.035318 0.712751 3.994177
v 0.035377 0.711910 3.994229
v 0.035552 0.711101 3.994382
v 0.035657 0.710345 3.994857
v 0.036424 0.709164 3.995716
v 0.036318 0.715147 3.994134
v 0.036088 0.714401 3.993829
v 0.035947 0.713592 3.993642
v 0.035899 0.712751 3.993578
v 0.035947 0.711910 3.993642
v 0.036088 0.711101 3.993829
v 0.036371 0.709695 3.994779
v 0.037713 0.708521 3.996426
v 0.037105 0.715800 3.994211
v 0.036713 0.714401 3.993394
v 0.036610 0.713592 3.993179
v 0.036575 0.712751 3.993107
v 0.036610 0.711910 3.993179
v 0.036713 0.711101 3.993394
v 0.036637 0.710345 3.993882
v 0.037315 0.709695 3.994097
v 0.037411 0.708763 3.995618
v 0.037823 0.716984 3.996270
v 0.037721 0.716738 3.995402
v 0.037392 0.716350 3.994764
v 0.037237 0.715157 3.993558
v 0.037402 0.714401 3.993092
v 0.037342 0.713592 3.992859
v 0.037321 0.712751 3.992780
v 0.037342 0.711910 3.992859
v 0.037402 0.711101 3.993092
v 0.037410 0.709143 3.994766
v 0.037857 0.715807 3.993910
v 0.038515 0.715178 3.993318
v 0.038129 0.714401 3.992935
v 0.038113 0.713592 3.992692
v 0.038108 0.712751 3.992610
v 0.038113 0.711910 3.992692
v 0.038129 0.711101 3.992935
v 0.037882 0.710345 3.993362
v 0.038421 0.709695 3.993838
v 0.038723 0.716984 3.996067
v 0.038752 0.715800 3.993856
v 0.038865 0.714401 3.992930
v 0.038895 0.713592 3.992687
v 0.038905 0.712751 3.992605
v 0.038895 0.711910 3.992687
v 0.038865 0.711101 3.992930
v 0.039583 0.711101 3.993077
v 0.038695 0.709145 3.994511
v 0.038409 0.708758 3.995216
v 0.038305 0.708520 3.996023
v 0.030657 0.716368 3.995215
v 0.030222 0.713592 3.993316
v 0.030222 0.712751 3.993234
v 0.030222 0.711910 3.993316
v 0.030522 0.710324 3.993983
v 0.030341 0.716738 3.995871
v 0.029939 0.715782 3.994479
v 0.029889 0.715116 3.993941
v 0.029896 0.714385 3.993556
v 0.029448 0.713592 3.993398
v 0.029433 0.712751 3.993316
v 0.029448 0.711910 3.993398
v 0.029493 0.711101 3.993639
v 0.029991 0.709695 3.994500
v 0.029563 0.716328 3.995230
v 0.028861 0.715810 3.994858
v 0.028792 0.714401 3.993865
v 0.028704 0.713592 3.993639
v 0.028675 0.712751 3.993562
v 0.028704 0.711910 3.993639
v 0.029236 0.710386 3.994079
v 0.029128 0.709702 3.994729
v 0.029555 0.709168 3.995240
v 0.028625 0.715160 3.994382
v 0.028019 0.713592 3.994029
v 0.027976 0.712751 3.993960
v 0.028019 0.711910 3.994029
v 0.028489 0.711117 3.993992
v 0.029643 0.708763 3.996003
v 0.029862 0.708521 3.996780
v 0.029341 0.716739 3.996176
v 0.028033 0.715820 3.995598
v 0.027880 0.714440 3.994444
v 0.027418 0.713592 3.994555
v 0.027363 0.712751 3.994497
v 0.027418 0.711910 3.994555
v 0.027580 0.711101 3.994729
v 0.028068 0.710324 3.994796
v 0.028420 0.709669 3.995204
v 0.028796 0.709162 3.995692
v 0.029464 0.716982 3.997237
v 0.028613 0.716350 3.995860
v 0.027606 0.715178 3.995297
v 0.027116 0.714401 3.995332
v 0.026925 0.713592 3.995196
v 0.026860 0.712751 3.995150
v 0.026925 0.711910 3.995196
v 0.027116 0.711101 3.995332
v 0.029034 0.708768 3.996476
v 0.030222 0.717063 3.997546
v 0.027580 0.715800 3.996379
v 0.026980 0.715157 3.996563
v 0.026771 0.714401 3.996021
v 0.026558 0.713592 3.995927
v 0.026486 0.712751 3.995896
v 0.026558 0.711910 3.995927
v 0.026771 0.711101 3.996021
v 0.027222 0.710345 3.995908
v 0.027704 0.709706 3.996068
v 0.028232 0.709168 3.996399
v 0.028777 0.716742 3.996938
v 0.028065 0.716341 3.996862
v 0.026558 0.714401 3.996769
v 0.026332 0.713592 3.996721
v 0.026256 0.712751 3.996705
v 0.026332 0.711910 3.996721
v 0.026558 0.711101 3.996769
v 0.027376 0.715807 3.997193
v 0.026860 0.715147 3.997546
v 0.026486 0.714401 3.997546
v 0.026256 0.713592 3.997546
v 0.026179 0.712751 3.997546
v 0.026256 0.711910 3.997546
v 0.026486 0.711101 3.997546
v 0.026863 0.710345 3.997257
v 0.027376 0.709695 3.997193
v 0.027977 0.709143 3.997582
v 0.028704 0.708760 3.997195
v 0.028726 0.716738 3.998069
v 0.027990 0.716346 3.997805
v 0.026558 0.714401 3.998323
v 0.026332 0.713592 3.998371
v 0.026256 0.712751 3.998387
v 0.026332 0.711910 3.998371
v 0.026558 0.711101 3.998323
v 0.029422 0.708520 3.997376
v 0.027466 0.715807 3.998382
v 0.027015 0.715157 3.998649
v 0.026771 0.714401 3.999071
v 0.026558 0.713592 3.999164
v 0.026486 0.712751 3.999196
v 0.026558 0.711910 3.999164
v 0.026771 0.711101 3.999071
v 0.027015 0.710345 3.998649
v 0.027466 0.709695 3.998382
v 0.028734 0.708765 3.998013
v 0.028376 0.716348 3.998933
v 0.027116 0.714401 3.999759
v 0.026925 0.713592 3.999896
v 0.026860 0.712751 3.999942
v 0.026925 0.711910 3.999896
v 0.027116 0.711101 3.999759
v 0.027845 0.709702 3.999240
v 0.028239 0.709162 3.998676
v 0.027976 0.715807 3.999443
v 0.027655 0.715157 3.999874
v 0.027580 0.714401 4.000363
v 0.027418 0.713592 4.000536
v 0.027363 0.712751 4.000595
v 0.027418 0.711910 4.000536
v 0.027580 0.711101 4.000363
v 0.027655 0.710345 3.999874
v 0.029107 0.708763 3.998707
v 0.029561 0.716982 3.998047
v 0.028354 0.715147 4.000527
v 0.028147 0.714401 4.000858
v 0.028019 0.713592 4.001062
v 0.027976 0.712751 4.001132
v 0.028019 0.711910 4.001062
v 0.028147 0.711101 4.000858
v 0.028354 0.710355 4.000527
v 0.028371 0.709706 3.999891
v 0.028791 0.709162 3.999406
v 0.028827 0.715807 4.000215
v 0.028792 0.714401 4.001227
v 0.028704 0.713592 4.001453
v 0.028675 0.712751 4.001530
v 0.028704 0.711910 4.001453
v 0.028792 0.711101 4.001227
v 0.029478 0.716746 3.999002
v 0.029410 0.716348 3.999793
v 0.029664 0.715800 4.000536
v 0.029300 0.715157 4.001003
v 0.029493 0.714401 4.001453
v 0.029448 0.713592 4.001694
v 0.029433 0.712751 4.001775
v 0.029448 0.711910 4.001694
v 0.029493 0.711101 4.001453
v 0.029300 0.710345 4.001003
v 0.029342 0.709695 4.000454
v 0.029606 0.709162 3.999856
v 0.029750 0.708768 3.999126
v 0.030222 0.714401 4.001530
v 0.030222 0.713592 4.001775
v 0.030222 0.712751 4.001858
v 0.030222 0.711910 4.001775
v 0.030222 0.711101 4.001530
v 0.029835 0.708512 3.998318
v 0.030374 0.716736 3.999196
v 0.030473 0.716334 3.999939
v 0.030453 0.715807 4.000592
v 0.030611 0.715157 4.001116
v 0.030951 0.714401 4.001453
v 0.030996 0.713592 4.001694
v 0.031011 0.712751 4.001775
v 0.030996 0.711910 4.001694
v 0.030951 0.711101 4.001453
v 0.030611 0.710345 4.001116
v 0.030453 0.709695 4.000592
v 0.030326 0.716984 3.998411
v 0.031652 0.714401 4.001227
v 0.031740 0.713592 4.001453
v 0.031769 0.712751 4.001530
v 0.031740 0.711910 4.001453
v 0.031652 0.711101 4.001227
v 0.030718 0.709154 3.999896
v 0.030488 0.708764 3.999185
v 0.031294 0.716341 3.999656
v 0.031528 0.715807 4.000266
v 0.031863 0.715157 4.000686
v 0.032297 0.714401 4.000858
v 0.032425 0.713592 4.001062
v 0.032468 0.712751 4.001132
v 0.032425 0.711910 4.001062
v 0.032297 0.711101 4.000858
v 0.031863 0.710345 4.000686
v 0.031528 0.709695 4.000266
v 0.031681 0.709162 3.999375
v 0.031248 0.716738 3.998820
v 0.032864 0.714401 4.000363
v 0.033026 0.713592 4.000536
v 0.033081 0.712751 4.000595
v 0.033026 0.711910 4.000536
v 0.032864 0.711101 4.000363
v 0.032244 0.709702 3.999702
v 0.031191 0.708764 3.998835
v 0.030222 0.708439 3.997546
v 0.031970 0.716341 3.999058
v 0.032438 0.715796 3.999506
v 0.032860 0.715138 3.999800
v 0.033328 0.714401 3.999759
v 0.033519 0.713592 3.999896
v 0.033584 0.712751 3.999942
v 0.033519 0.711910 3.999896
v 0.033328 0.711101 3.999759
v 0.032864 0.710345 3.999777
v 0.032329 0.709154 3.998412
v 0.031740 0.716741 3.997881
v 0.033328 0.715147 3.998918
v 0.033673 0.714401 3.999071
v 0.033886 0.713592 3.999164
v 0.033958 0.712751 3.999196
v 0.033886 0.711910 3.999164
v 0.033673 0.711101 3.999071
v 0.032725 0.709695 3.999033
v 0.030941 0.716981 3.997930
v 0.032377 0.716346 3.998218
v 0.032943 0.715820 3.998452
v 0.033886 0.714401 3.998323
v 0.034112 0.713592 3.998371
v 0.034188 0.712751 3.998387
v 0.034112 0.711910 3.998371
v 0.033886 0.711101 3.998323
v 0.033464 0.710345 3.998529
v 0.033026 0.709702 3.998141
v 0.031654 0.708763 3.998201
v 0.030839 0.708518 3.998119
v 0.032440 0.716338 3.997030
v 0.033581 0.715157 3.997835
v 0.033958 0.714401 3.997546
v 0.034188 0.713592 3.997546
v 0.034266 0.712751 3.997546
v 0.034188 0.711910 3.997546
v 0.033958 0.711101 3.997546
v 0.033584 0.710355 3.997546
v 0.033078 0.715807 3.997300
v 0.033886 0.714401 3.996769
v 0.034112 0.713592 3.996721
v 0.034188 0.712751 3.996705
v 0.034112 0.711910 3.996721
v 0.033886 0.711101 3.996769
v 0.033078 0.709695 3.997300
v 0.031767 0.708765 3.997398
v 0.031710 0.716736 3.997065
v 0.032772 0.715807 3.996153
v 0.033429 0.715157 3.996442
v 0.033673 0.714401 3.996021
v 0.033886 0.713592 3.995927
v 0.033958 0.712751 3.995896
v 0.033886 0.711910 3.995927
v 0.033673 0.711101 3.996021
v 0.033429 0.710345 3.996442
v 0.032440 0.709164 3.997030
v 0.033017 0.715147 3.995554
v 0.033328 0.714401 3.995332
v 0.033519 0.713592 3.995196
v 0.033584 0.712751 3.995150
v 0.033519 0.711910 3.995196
v 0.033328 0.711101 3.995332
v 0.032772 0.709695 3.996153
v 0.030997 0.708521 3.997319
v 0.032244 0.715800 3.995390
v 0.032864 0.714401 3.994729
v 0.033026 0.713592 3.994555
v 0.033081 0.712751 3.994497
v 0.033026 0.711910 3.994555
v 0.032864 0.711101 3.994729
v 0.032789 0.710345 3.995217
v 0.032078 0.709695 3.995218
v 0.031528 0.708763 3.996639
v 0.030939 0.716984 3.997137
v 0.031297 0.716738 3.996341
v 0.031803 0.716350 3.995830
v 0.032314 0.715157 3.994728
v 0.032297 0.714401 3.994233
v 0.032425 0.713592 3.994029
v 0.032468 0.712751 3.993960
v 0.032425 0.711910 3.994029
v 0.032297 0.711101 3.994233
v 0.031785 0.709143 3.995828
v 0.031617 0.715807 3.994877
v 0.031168 0.715178 3.994113
v 0.031652 0.714401 3.993865
v 0.031740 0.713592 3.993639
v 0.031769 0.712751 3.993562
v 0.031740 0.711910 3.993639
v 0.031652 0.711101 3.993865
v 0.031758 0.710345 3.994347
v 0.031102 0.709695 3.994638
v 0.030141 0.716984 3.996673
v 0.030780 0.715800 3.994555
v 0.030951 0.714401 3.993639
v 0.030996 0.713592 3.993398
v 0.031011 0.712751 3.993316
v 0.030996 0.711910 3.993398
v 0.030951 0.711101 3.993639
v 0.030222 0.711101 3.993562
v 0.030638 0.709145 3.995197
v 0.030697 0.708758 3.995956
v 0.030553 0.708520 3.996756
v 0.027600 0.714121 3.995388
v 0.027591 0.715203 3.996469
v 0.027588 0.715599 3.997947
v 0.027591 0.715203 3.999424
v 0.027600 0.714121 4.000505
v 0.027613 0.712644 4.000901
v 0.027625 0.711128 4.000512
v 0.027635 0.710085 3.999424
v 0.027639 0.709689 3.997947
v 0.027635 0.710085 3.996469
v 0.027625 0.711128 3.995381
v 0.027613 0.712644 3.994992
v 0.019277 0.714168 3.995389
v 0.022601 0.715194 3.996471
v 0.022900 0.715585 3.997947
v 0.022601 0.715194 3.999422
v 0.019277 0.714168 4.000504
v 0.019419 0.712681 4.000901
v 0.022667 0.710073 3.999423
v 0.022389 0.709682 3.997947
v 0.022667 0.710073 3.996470
v 0.019419 0.712681 3.994992
v 0.017862 0.715365 3.996472
v 0.018136 0.715742 3.997947
v 0.017862 0.715365 3.999421
v 0.017818 0.711322 4.000505
v 0.017655 0.710248 3.999424
v 0.017378 0.709872 3.997947
v 0.017655 0.710248 3.996470
v 0.017818 0.711322 3.995387
v 0.013792 0.714745 3.995389
v 0.014025 0.715800 3.996472
v 0.014284 0.716157 3.997947
v 0.014025 0.715800 3.999421
v 0.013792 0.714745 4.000504
v 0.011722 0.713605 4.000901
v 0.013595 0.711784 4.000506
v 0.013353 0.710728 3.999424
v 0.013071 0.710377 3.997947
v 0.013353 0.710728 3.996469
v 0.013595 0.711784 3.995387
v 0.011722 0.713605 3.994992
v 0.010629 0.715516 3.995389
v 0.010986 0.716530 3.996472
v 0.011252 0.716858 3.997947
v 0.010986 0.716530 3.999421
v 0.010629 0.715516 4.000504
v 0.010025 0.712621 4.000506
v 0.009661 0.711606 3.999425
v 0.009354 0.711293 3.997947
v 0.009661 0.711606 3.996468
v 0.010025 0.712621 3.995387
v 0.007565 0.716886 3.995395
v 0.009169 0.717265 3.996469
v 0.009320 0.717626 3.997947
v 0.009169 0.717265 3.999424
v 0.007565 0.716886 4.000498
v 0.006881 0.715578 4.000904
v 0.007626 0.713579 4.000505
v 0.007212 0.712592 3.999424
v 0.007061 0.712230 3.997947
v 0.007212 0.712592 3.996469
v 0.007626 0.713579 3.995388
v 0.006881 0.715578 3.994989
v 0.007548 0.718173 3.996483
v 0.007736 0.718499 3.997947
v 0.007548 0.718173 3.999410
v 0.005546 0.714720 4.000501
v 0.005013 0.713799 3.999406
v 0.004828 0.713476 3.997947
v 0.005013 0.713799 3.996487
v 0.005546 0.714720 3.995392
v 0.005056 0.718791 3.995389
v 0.005685 0.719641 3.996471
v 0.005827 0.720035 3.997947
v 0.005685 0.719641 3.999422
v 0.005056 0.718791 4.000504
v 0.004078 0.717737 4.000901
v 0.003090 0.716697 4.000506
v 0.002465 0.715840 3.999425
v 0.002356 0.715417 3.997947
v 0.002465 0.715840 3.996468
v 0.003090 0.716697 3.995387
v 0.004078 0.717737 3.994992
v 0.002561 0.721564 3.995389
v 0.003982 0.721485 3.996471
v 0.004167 0.721861 3.997947
v 0.003982 0.721484 3.999422
v 0.002561 0.721564 4.000504
v 0.001396 0.720747 4.000901
v 0.001040 0.718939 4.000506
v 0.000314 0.718180 3.999424
v 0.000147 0.717782 3.997947
v 0.000314 0.718180 3.996469
v 0.001040 0.718939 3.995387
v 0.001396 0.720747 3.994992
v 0.002398 0.723649 3.996471
v 0.002612 0.724011 3.997947
v 0.002398 0.723649 3.999423
v -0.000758 0.721416 4.000505
v -0.001549 0.720734 3.999424
v -0.001754 0.720361 3.997947
v -0.001549 0.720734 3.996469
v -0.000758 0.721416 3.995387
v -0.000481 0.726361 3.995388
v 0.000359 0.726970 3.996468
v 0.000680 0.727179 3.997947
v 0.000359 0.726970 3.999425
v -0.000481 0.726361 4.000505
v -0.001596 0.725481 4.000901
v -0.002844 0.724827 4.000505
v -0.003667 0.724187 3.999424
v -0.004013 0.724024 3.997947
v -0.003667 0.724187 3.996469
v -0.002844 0.724827 3.995387
v -0.001707 0.725670 3.994992
v -0.003263 0.734442 3.997947
v -0.007055 0.735422 4.000901
v -0.006806 0.732123 4.000505
v -0.007652 0.731525 3.999425
v -0.007652 0.731525 3.996468
v -0.006806 0.732123 3.995388
v -0.004436 0.733647 3.995388
v -0.003604 0.734271 3.996469
v -0.003604 0.734271 3.999424
v -0.004436 0.733647 4.000505
v -0.007970 0.731314 3.997947
v -0.007153 0.735561 3.994992
v -0.006753 0.737421 3.995387
v -0.005984 0.738133 3.996469
v -0.005040 0.737375 3.997947
v -0.005984 0.738133 3.999424
v -0.006753 0.737421 4.000506
v -0.009079 0.735799 4.000505
v -0.009853 0.735096 3.999423
v -0.010053 0.734721 3.997947
v -0.009248 0.734170 3.996470
v -0.009079 0.735799 3.995388
v -0.006336 0.739218 3.997947
v -0.010572 0.736037 3.996470
v -0.009176 0.740297 3.995387
v -0.007857 0.740427 3.996469
v -0.007674 0.740789 3.997947
v -0.007857 0.740427 3.999424
v -0.009176 0.740297 4.000506
v -0.010137 0.739226 4.000901
v -0.010562 0.737599 4.000505
v -0.011252 0.736806 3.999423
v -0.011462 0.736469 3.997947
v -0.010562 0.737599 3.995388
v -0.010137 0.739226 3.994992
v -0.012095 0.737604 3.996471
v -0.009213 0.741678 3.996469
v -0.009075 0.742060 3.997947
v -0.009213 0.741678 3.999424
v -0.011956 0.738807 4.000504
v -0.012453 0.737859 3.999422
v -0.012585 0.737479 3.997947
v -0.011956 0.738807 3.995389
v -0.011046 0.741623 3.995387
v -0.010616 0.742605 3.996468
v -0.010535 0.743005 3.997947
v -0.010616 0.742605 3.999425
v -0.011046 0.741623 4.000506
v -0.012675 0.740804 4.000903
v -0.012675 0.740804 3.994990
v -0.013383 0.738296 3.996478
v -0.012922 0.742362 3.995392
v -0.012057 0.743216 3.996477
v -0.011956 0.743589 3.997947
v -0.012057 0.743216 3.999416
v -0.012922 0.742362 4.000502
v -0.013468 0.739434 4.000503
v -0.013664 0.738369 3.999416
v -0.013733 0.737986 3.997947
v -0.013468 0.739434 3.995391
v -0.013463 0.743502 3.996468
v -0.013344 0.743886 3.997947
v -0.013463 0.743502 3.999425
v -0.014440 0.738428 3.996470
v -0.015251 0.742407 3.995387
v -0.014768 0.743527 3.996469
v -0.014716 0.743927 3.997947
v -0.014768 0.743527 3.999424
v -0.015251 0.742407 4.000506
v -0.015752 0.740847 4.000901
v -0.014801 0.739481 4.000505
v -0.014693 0.738402 3.999423
v -0.014688 0.738002 3.997947
v -0.014801 0.739481 3.995388
v -0.015752 0.740847 3.994992
v -0.015965 0.743351 3.996469
v -0.015974 0.743753 3.997947
v -0.015965 0.743351 3.999424
v -0.015433 0.738213 3.996470
v -0.017163 0.741834 3.995387
v -0.017521 0.742849 3.996468
v -0.017571 0.743256 3.997947
v -0.017521 0.742849 3.999425
v -0.017163 0.741834 4.000506
v -0.016036 0.739128 4.000505
v -0.015671 0.738116 3.999424
v -0.015571 0.737731 3.997947
v -0.016035 0.739128 3.995388
v -0.016347 0.737751 3.996469
v -0.018715 0.740929 3.995387
v -0.019260 0.741844 3.996469
v -0.019395 0.742225 3.997947
v -0.019260 0.741844 3.999424
v -0.018715 0.740930 4.000505
v -0.018451 0.739337 4.000901
v -0.017104 0.738520 4.000505
v -0.016555 0.737609 3.999424
v -0.016383 0.737254 3.997947
v -0.017104 0.738520 3.995388
v -0.018451 0.739337 3.994992
v -0.017116 0.737146 3.996469
v -0.019946 0.739855 3.995387
v -0.020634 0.740652 3.996469
v -0.020834 0.740997 3.997947
v -0.020634 0.740652 3.999424
v -0.019946 0.739855 4.000505
v -0.018337 0.737406 4.000505
v -0.017282 0.736983 3.999424
v -0.017052 0.736669 3.997947
v -0.018337 0.737406 3.995388
v -0.017725 0.736469 3.996469
v -0.021318 0.738089 3.995385
v -0.021718 0.739336 3.996469
v -0.021970 0.739639 3.997947
v -0.021718 0.739336 3.999424
v -0.021318 0.738089 4.000508
v -0.020148 0.737299 4.000900
v -0.017857 0.736290 3.999424
v -0.017581 0.736020 3.997947
v -0.020148 0.737299 3.994992
v -0.018374 0.735429 3.996465
v -0.022555 0.737920 3.996464
v -0.022785 0.738297 3.997947
v -0.022555 0.737920 3.999429
v -0.019391 0.735677 4.000507
v -0.018464 0.735228 3.999428
v -0.018166 0.734968 3.997947
v -0.019391 0.735677 3.995386
v -0.023418 0.736856 3.997947
v -0.022213 0.736061 3.995388
v -0.023181 0.736388 3.996469
v -0.023181 0.736388 3.999424
v -0.022213 0.736061 4.000505
v -0.021118 0.734902 4.000901
v -0.021118 0.734902 3.994992
v -0.018757 0.734295 3.996469
v -0.023884 0.735133 3.997947
v -0.019901 0.733735 4.000505
v -0.018802 0.734085 3.999424
v -0.019901 0.733735 3.995388
v -0.022573 0.734554 3.995387
v -0.023579 0.734699 3.996469
v -0.023579 0.734699 3.999424
v -0.022573 0.734554 4.000505
v -0.018465 0.733848 3.997947
v -0.018883 0.733439 3.996469
v -0.024068 0.733253 3.997947
v -0.018891 0.733215 3.999424
v -0.022679 0.732920 3.995387
v -0.023693 0.732861 3.996469
v -0.023693 0.732861 3.999424
v -0.022679 0.732920 4.000505
v -0.021270 0.732166 4.000901
v -0.018519 0.733037 3.997947
v -0.021270 0.732166 3.994992
v -0.018853 0.732503 3.996469
v -0.023904 0.731223 3.997947
v -0.019813 0.732039 4.000505
v -0.018817 0.732251 3.999424
v -0.019813 0.732039 3.995388
v -0.022474 0.731151 3.995387
v -0.023459 0.730881 3.996469
v -0.023459 0.730881 3.999424
v -0.022474 0.731151 4.000506
v -0.018414 0.732126 3.997947
v -0.018624 0.731455 3.996469
v -0.023323 0.729091 3.997947
v -0.019465 0.730758 4.000505
v -0.018529 0.731179 3.999424
v -0.019465 0.730758 3.995388
v -0.021895 0.729290 3.995387
v -0.022808 0.728813 3.996468
v -0.022808 0.728813 3.999425
v -0.021895 0.729290 4.000506
v -0.020239 0.728981 4.000901
v -0.018100 0.731113 3.997947
v -0.020239 0.728981 3.994992
v -0.018143 0.730336 3.996470
v -0.022252 0.726935 3.997947
v -0.018809 0.729431 4.000505
v -0.017977 0.730054 3.999424
v -0.018809 0.729431 3.995388
v -0.020872 0.727416 3.995387
v -0.021667 0.726739 3.996468
v -0.021667 0.726739 3.999425
v -0.020872 0.727416 4.000506
v -0.017529 0.730062 3.997947
v -0.017363 0.729231 3.996470
v -0.021099 0.725432 3.997947
v -0.017789 0.728156 4.000505
v -0.017115 0.728968 3.999423
v -0.017789 0.728156 3.995388
v -0.019324 0.725651 3.995387
v -0.019944 0.724790 3.996468
v -0.019944 0.724790 3.999425
v -0.019324 0.725651 4.000506
v -0.018389 0.726746 4.000901
v -0.016656 0.729063 3.997947
v -0.018389 0.726746 3.994992
v -0.020120 0.724460 3.997947
v -0.016232 0.728240 3.996470
v -0.018963 0.723572 3.997947
v -0.016342 0.727057 4.000504
v -0.015894 0.728031 3.999423
v -0.016342 0.727057 3.995388
v -0.017148 0.724178 3.995387
v -0.018214 0.723564 3.996469
v -0.018214 0.723564 3.999424
v -0.017148 0.724178 4.000506
v -0.016522 0.725501 4.000901
v -0.015452 0.728240 3.997947
v -0.016522 0.725501 3.994992
v -0.017615 0.722810 3.997947
v -0.016829 0.722901 3.996469
v -0.016829 0.722901 3.999424
v -0.014787 0.727565 3.996471
v -0.016065 0.722237 3.997947
v -0.014522 0.726398 4.000504
v -0.014397 0.727478 3.999422
v -0.014522 0.726398 3.995389
v -0.015111 0.723529 3.995387
v -0.015251 0.722455 3.996468
v -0.015251 0.722455 3.999425
v -0.015111 0.723529 4.000506
v -0.014162 0.724859 4.000901
v -0.014049 0.727832 3.997947
v -0.014162 0.724859 3.994992
v -0.014313 0.721941 3.997947
v -0.013560 0.723405 3.995387
v -0.013492 0.722323 3.996468
v -0.013492 0.722323 3.999425
v -0.013560 0.723405 4.000506
v -0.013633 0.727446 3.996470
v -0.012389 0.722036 3.997947
v -0.012529 0.726515 4.000499
v -0.013226 0.727486 3.999423
v -0.012529 0.726515 3.995394
v -0.011383 0.723777 3.995393
v -0.011598 0.722618 3.996467
v -0.011598 0.722618 3.999426
v -0.011383 0.723777 4.000500
v -0.011457 0.725313 4.000904
v -0.012950 0.727949 3.997947
v -0.012808 0.727579 3.996470
v -0.011457 0.725313 3.994989
v -0.010462 0.722608 3.997947
v -0.012387 0.727733 3.999416
v -0.009621 0.723450 3.996485
v -0.009621 0.723450 3.999408
v -0.012105 0.728304 3.997947
v -0.011931 0.727963 3.996477
v -0.009197 0.725028 3.995387
v -0.008540 0.723710 3.997947
v -0.009197 0.725028 4.000506
v -0.010898 0.727369 4.000504
v -0.011458 0.728272 3.999423
v -0.010898 0.727369 3.995389
v -0.007708 0.724920 3.996467
v -0.007708 0.724920 3.999426
v -0.008161 0.727971 4.000897
v -0.011134 0.729060 3.997947
v -0.010946 0.728707 3.996471
v -0.008161 0.727972 3.994996
v -0.007156 0.727099 3.995380
v -0.007009 0.725105 3.997947
v -0.007158 0.727097 4.000514
v -0.009293 0.728946 4.000511
v -0.010083 0.729633 3.999442
v -0.009293 0.728946 3.995383
v -0.006385 0.726436 3.996469
v -0.006097 0.726187 3.997947
v -0.006385 0.726436 3.999424
v -0.010398 0.729913 3.997947
v -0.010110 0.729663 3.996469
v -0.013882 0.751128 3.995317
v -0.014316 0.748353 3.993419
v -0.014316 0.747511 3.993336
v -0.014316 0.746670 3.993419
v -0.014017 0.745084 3.994085
v -0.014197 0.751499 3.995973
v -0.014600 0.750543 3.994581
v -0.014649 0.749876 3.994043
v -0.014642 0.749146 3.993658
v -0.015090 0.748353 3.993500
v -0.015105 0.747511 3.993419
v -0.015090 0.746670 3.993500
v -0.015045 0.745861 3.993741
v -0.014547 0.744455 3.994602
v -0.014975 0.751088 3.995332
v -0.015677 0.750570 3.994961
v -0.015746 0.749162 3.993967
v -0.015834 0.748353 3.993741
v -0.015864 0.747511 3.993664
v -0.015834 0.746670 3.993741
v -0.015302 0.745146 3.994181
v -0.015411 0.744462 3.994831
v -0.014983 0.743928 3.995343
v -0.015914 0.749921 3.994484
v -0.016520 0.748353 3.994131
v -0.016563 0.747511 3.994062
v -0.016520 0.746670 3.994131
v -0.016049 0.745877 3.994094
v -0.014895 0.743523 3.996105
v -0.014676 0.743281 3.996882
v -0.015198 0.751499 3.996278
v -0.016505 0.750580 3.995700
v -0.016658 0.749201 3.994547
v -0.017121 0.748353 3.994658
v -0.017176 0.747511 3.994599
v -0.017121 0.746670 3.994658
v -0.016958 0.745861 3.994831
v -0.016471 0.745084 3.994898
v -0.016119 0.744430 3.995306
v -0.015743 0.743923 3.995795
v -0.015074 0.751743 3.997340
v -0.015925 0.751111 3.995962
v -0.016932 0.749939 3.995399
v -0.017423 0.749162 3.995435
v -0.017614 0.748353 3.995298
v -0.017678 0.747511 3.995252
v -0.017614 0.746670 3.995298
v -0.017423 0.745861 3.995435
v -0.015505 0.743528 3.996578
v -0.014316 0.751824 3.997648
v -0.016958 0.750561 3.996481
v -0.017558 0.749918 3.996665
v -0.017768 0.749162 3.996124
v -0.017980 0.748353 3.996030
v -0.018052 0.747511 3.995998
v -0.017980 0.746670 3.996030
v -0.017768 0.745861 3.996124
v -0.017316 0.745105 3.996010
v -0.016834 0.744467 3.996170
v -0.016306 0.743928 3.996501
v -0.015762 0.751502 3.997040
v -0.016474 0.751102 3.996965
v -0.017980 0.749162 3.996871
v -0.018206 0.748353 3.996823
v -0.018282 0.747511 3.996807
v -0.018206 0.746670 3.996823
v -0.017980 0.745861 3.996871
v -0.017162 0.750567 3.997295
v -0.017678 0.749907 3.997648
v -0.018052 0.749162 3.997648
v -0.018282 0.748353 3.997648
v -0.018360 0.747511 3.997648
v -0.018282 0.746670 3.997648
v -0.018052 0.745861 3.997648
v -0.017676 0.745105 3.997359
v -0.017162 0.744455 3.997295
v -0.016561 0.743903 3.997684
v -0.015835 0.743521 3.997297
v -0.015813 0.751499 3.998171
v -0.016548 0.751106 3.997907
v -0.017980 0.749162 3.998425
v -0.018206 0.748353 3.998473
v -0.018282 0.747511 3.998489
v -0.018206 0.746670 3.998473
v -0.017980 0.745861 3.998425
v -0.015117 0.743280 3.997478
v -0.017072 0.750567 3.998484
v -0.017524 0.749918 3.998752
v -0.017768 0.749162 3.999173
v -0.017980 0.748353 3.999267
v -0.018052 0.747511 3.999298
v -0.017980 0.746670 3.999267
v -0.017768 0.745861 3.999173
v -0.017524 0.745105 3.998752
v -0.017072 0.744455 3.998484
v -0.015805 0.743526 3.998115
v -0.016162 0.751108 3.999036
v -0.017423 0.749162 3.999861
v -0.017614 0.748353 3.999998
v -0.017678 0.747511 4.000044
v -0.017614 0.746670 3.999998
v -0.017423 0.745861 3.999861
v -0.016694 0.744462 3.999342
v -0.016299 0.743923 3.998778
v -0.016563 0.750567 3.999545
v -0.016884 0.749918 3.999977
v -0.016958 0.749162 4.000465
v -0.017121 0.748353 4.000639
v -0.017176 0.747511 4.000697
v -0.017121 0.746670 4.000639
v -0.016958 0.745861 4.000465
v -0.016884 0.745105 3.999977
v -0.015432 0.743523 3.998809
v -0.014978 0.751743 3.998149
v -0.016184 0.749907 4.000629
v -0.016392 0.749162 4.000961
v -0.016520 0.748353 4.001165
v -0.016563 0.747511 4.001234
v -0.016520 0.746670 4.001165
v -0.016392 0.745861 4.000961
v -0.016184 0.745116 4.000629
v -0.016167 0.744467 3.999994
v -0.015747 0.743923 3.999508
v -0.015711 0.750567 4.000317
v -0.015746 0.749162 4.001329
v -0.015834 0.748353 4.001555
v -0.015864 0.747511 4.001632
v -0.015834 0.746670 4.001555
v -0.015746 0.745861 4.001329
v -0.015061 0.751507 3.999104
v -0.015128 0.751108 3.999896
v -0.014874 0.750561 4.000639
v -0.015238 0.749918 4.001105
v -0.015045 0.749162 4.001555
v -0.015090 0.748353 4.001796
v -0.015105 0.747511 4.001877
v -0.015090 0.746670 4.001796
v -0.015045 0.745861 4.001555
v -0.015238 0.745105 4.001105
v -0.015196 0.744455 4.000556
v -0.014932 0.743923 3.999958
v -0.014789 0.743528 3.999228
v -0.014316 0.749162 4.001632
v -0.014316 0.748353 4.001877
v -0.014316 0.747511 4.001960
v -0.014316 0.746670 4.001877
v -0.014316 0.745861 4.001632
v -0.014703 0.743272 3.998420
v -0.014164 0.751496 3.999299
v -0.014066 0.751095 4.000041
v -0.014086 0.750567 4.000694
v -0.013927 0.749918 4.001218
v -0.013588 0.749162 4.001555
v -0.013543 0.748353 4.001796
v -0.013528 0.747511 4.001877
v -0.013543 0.746670 4.001796
v -0.013588 0.745861 4.001555
v -0.013927 0.745105 4.001218
v -0.014086 0.744455 4.000694
v -0.014212 0.751744 3.998513
v -0.012887 0.749162 4.001329
v -0.012799 0.748353 4.001555
v -0.012769 0.747511 4.001632
v -0.012799 0.746670 4.001555
v -0.012887 0.745861 4.001329
v -0.013821 0.743915 3.999998
v -0.014050 0.743524 3.999287
v -0.013244 0.751102 3.999758
v -0.013010 0.750567 4.000368
v -0.012676 0.749918 4.000788
v -0.012241 0.749162 4.000961
v -0.012113 0.748353 4.001165
v -0.012070 0.747511 4.001234
v -0.012113 0.746670 4.001165
v -0.012241 0.745861 4.000961
v -0.012676 0.745105 4.000788
v -0.013010 0.744455 4.000368
v -0.012857 0.743923 3.999477
v -0.013290 0.751499 3.998922
v -0.011675 0.749162 4.000465
v -0.011512 0.748353 4.000639
v -0.011457 0.747511 4.000697
v -0.011512 0.746670 4.000639
v -0.011675 0.745861 4.000465
v -0.012295 0.744462 3.999804
v -0.013348 0.743524 3.998937
v -0.014316 0.743199 3.997648
v -0.012568 0.751102 3.999160
v -0.012100 0.750556 3.999609
v -0.011678 0.749898 3.999902
v -0.011210 0.749162 3.999861
v -0.011019 0.748353 3.999998
v -0.010954 0.747511 4.000044
v -0.011019 0.746670 3.999998
v -0.011210 0.745861 3.999861
v -0.011674 0.745105 3.999879
v -0.012209 0.743915 3.998514
v -0.012798 0.751501 3.997983
v -0.011210 0.749907 3.999020
v -0.010865 0.749162 3.999173
v -0.010652 0.748353 3.999267
v -0.010581 0.747511 3.999298
v -0.010652 0.746670 3.999267
v -0.010865 0.745861 3.999173
v -0.011814 0.744455 3.999135
v -0.013598 0.751742 3.998032
v -0.012162 0.751106 3.998320
v -0.011595 0.750580 3.998554
v -0.010652 0.749162 3.998425
v -0.010427 0.748353 3.998473
v -0.010351 0.747511 3.998489
v -0.010427 0.746670 3.998473
v -0.010652 0.745861 3.998425
v -0.011075 0.745105 3.998631
v -0.011512 0.744462 3.998243
v -0.012884 0.743523 3.998303
v -0.013699 0.743278 3.998221
v -0.012099 0.751099 3.997133
v -0.010957 0.749918 3.997938
v -0.010581 0.749162 3.997648
v -0.010351 0.748353 3.997648
v -0.010273 0.747511 3.997648
v -0.010351 0.746670 3.997648
v -0.010581 0.745861 3.997648
v -0.010954 0.745116 3.997648
v -0.011461 0.750567 3.997402
v -0.010652 0.749162 3.996871
v -0.010427 0.748353 3.996823
v -0.010351 0.747511 3.996807
v -0.010427 0.746670 3.996823
v -0.010652 0.745861 3.996871
v -0.011461 0.744455 3.997402
v -0.012771 0.743526 3.997500
v -0.012828 0.751496 3.997167
v -0.011766 0.750567 3.996255
v -0.011109 0.749918 3.996545
v -0.010865 0.749162 3.996124
v -0.010652 0.748353 3.996030
v -0.010581 0.747511 3.995998
v -0.010652 0.746670 3.996030
v -0.010865 0.745861 3.996124
v -0.011109 0.745105 3.996545
v -0.012099 0.743924 3.997133
v -0.011521 0.749907 3.995656
v -0.011210 0.749162 3.995435
v -0.011019 0.748353 3.995298
v -0.010954 0.747511 3.995252
v -0.011019 0.746670 3.995298
v -0.011210 0.745861 3.995435
v -0.011766 0.744455 3.996255
v -0.013541 0.743281 3.997421
v -0.012295 0.750561 3.995492
v -0.011675 0.749162 3.994831
v -0.011512 0.748353 3.994658
v -0.011457 0.747511 3.994599
v -0.011512 0.746670 3.994658
v -0.011675 0.745861 3.994831
v -0.011749 0.745105 3.995320
v -0.012460 0.744455 3.995320
v -0.013010 0.743523 3.996742
v -0.013599 0.751745 3.997239
v -0.013241 0.751498 3.996443
v -0.012735 0.751111 3.995933
v -0.012224 0.749918 3.994830
v -0.012241 0.749162 3.994335
v -0.012113 0.748353 3.994131
v -0.012070 0.747511 3.994062
v -0.012113 0.746670 3.994131
v -0.012241 0.745861 3.994335
v -0.012753 0.743903 3.995930
v -0.012922 0.750567 3.994979
v -0.013371 0.749938 3.994215
v -0.012887 0.749162 3.993967
v -0.012799 0.748353 3.993741
v -0.012769 0.747511 3.993664
v -0.012799 0.746670 3.993741
v -0.012887 0.745861 3.993967
v -0.012780 0.745105 3.994449
v -0.013437 0.744455 3.994740
v -0.014397 0.751744 3.996775
v -0.013759 0.750561 3.994658
v -0.013588 0.749162 3.993741
v -0.013543 0.748353 3.993500
v -0.013528 0.747511 3.993419
v -0.013543 0.746670 3.993500
v -0.013588 0.745861 3.993741
v -0.014316 0.745861 3.993664
v -0.013901 0.743905 3.995299
v -0.013841 0.743518 3.996058
v -0.013985 0.743280 3.996859
v -0.013882 0.758387 3.997986
v -0.014316 0.755612 3.996087
v -0.014316 0.754770 3.996005
v -0.014316 0.753929 3.996087
v -0.014017 0.752343 3.996753
v -0.014197 0.758758 3.998642
v -0.014600 0.757802 3.997250
v -0.014649 0.757135 3.996711
v -0.014642 0.756405 3.996326
v -0.015090 0.755612 3.996169
v -0.015105 0.754770 3.996087
v -0.015090 0.753929 3.996169
v -0.015045 0.753120 3.996409
v -0.014547 0.751714 3.997271
v -0.014975 0.758347 3.998001
v -0.015677 0.757829 3.997629
v -0.015746 0.756420 3.996636
v -0.015834 0.755612 3.996409
v -0.015864 0.754770 3.996333
v -0.015834 0.753929 3.996409
v -0.015302 0.752405 3.996850
v -0.015411 0.751721 3.997500
v -0.014983 0.751187 3.998011
v -0.015914 0.757180 3.997153
v -0.016520 0.755612 3.996800
v -0.016563 0.754770 3.996731
v -0.016520 0.753929 3.996800
v -0.016049 0.753136 3.996763
v -0.014895 0.750782 3.998774
v -0.014676 0.750540 3.999551
v -0.015198 0.758758 3.998946
v -0.016505 0.757839 3.998369
v -0.016658 0.756460 3.997215
v -0.017121 0.755612 3.997326
v -0.017176 0.754770 3.997267
v -0.017121 0.753929 3.997326
v -0.016958 0.753120 3.997500
v -0.016471 0.752343 3.997567
v -0.016119 0.751689 3.997975
v -0.015743 0.751181 3.998463
v -0.015074 0.759002 4.000009
v -0.015925 0.758370 3.998631
v -0.016932 0.757198 3.998068
v -0.017423 0.756420 3.998103
v -0.017614 0.755612 3.997967
v -0.017678 0.754770 3.997921
v -0.017614 0.753929 3.997967
v -0.017423 0.753120 3.998103
v -0.015505 0.750787 3.999247
v -0.014316 0.759083 4.000317
v -0.016958 0.757819 3.999150
v -0.017558 0.757176 3.999334
v -0.017768 0.756420 3.998792
v -0.017980 0.755612 3.998698
v -0.018052 0.754770 3.998667
v -0.017980 0.753929 3.998698
v -0.017768 0.753120 3.998792
v -0.017316 0.752364 3.998678
v -0.016834 0.751725 3.998839
v -0.016306 0.751187 3.999170
v -0.015762 0.758761 3.999709
v -0.016474 0.758361 3.999634
v -0.017980 0.756420 3.999540
v -0.018206 0.755612 3.999492
v -0.018282 0.754770 3.999475
v -0.018206 0.753929 3.999492
v -0.017980 0.753120 3.999540
v -0.017162 0.757826 3.999964
v -0.017678 0.757166 4.000317
v -0.018052 0.756420 4.000317
v -0.018282 0.755612 4.000317
v -0.018360 0.754770 4.000317
v -0.018282 0.753929 4.000317
v -0.018052 0.753120 4.000317
v -0.017676 0.752364 4.000027
v -0.017162 0.751714 3.999964
v -0.016561 0.751162 4.000353
v -0.015835 0.750780 3.999966
v -0.015813 0.758758 4.000840
v -0.016548 0.758365 4.000576
v -0.017980 0.756420 4.001094
v -0.018206 0.755612 4.001142
v -0.018282 0.754770 4.001158
v -0.018206 0.753929 4.001142
v -0.017980 0.753120 4.001094
v -0.015117 0.750539 4.000147
v -0.017072 0.757826 4.001153
v -0.017524 0.757176 4.001420
v -0.017768 0.756420 4.001842
v -0.017980 0.755612 4.001935
v -0.018052 0.754770 4.001967
v -0.017980 0.753929 4.001935
v -0.017768 0.753120 4.001842
v -0.017524 0.752364 4.001420
v -0.017072 0.751714 4.001153
v -0.015805 0.750785 4.000784
v -0.016162 0.758367 4.001704
v -0.017423 0.756420 4.002530
v -0.017614 0.755612 4.002666
v -0.017678 0.754770 4.002713
v -0.017614 0.753929 4.002666
v -0.017423 0.753120 4.002530
v -0.016694 0.751721 4.002011
v -0.016299 0.751181 4.001447
v -0.016563 0.757826 4.002213
v -0.016884 0.757176 4.002645
v -0.016958 0.756420 4.003134
v -0.017121 0.755612 4.003307
v -0.017176 0.754770 4.003366
v -0.017121 0.753929 4.003307
v -0.016958 0.753120 4.003134
v -0.016884 0.752364 4.002645
v -0.015432 0.750782 4.001478
v -0.014978 0.759002 4.000817
v -0.016184 0.757166 4.003298
v -0.016392 0.756420 4.003630
v -0.016520 0.755612 4.003833
v -0.016563 0.754770 4.003902
v -0.016520 0.753929 4.003833
v -0.016392 0.753120 4.003630
v -0.016184 0.752374 4.003298
v -0.016167 0.751725 4.002662
v -0.015747 0.751181 4.002176
v -0.015711 0.757826 4.002986
v -0.015746 0.756420 4.003998
v -0.015834 0.755612 4.004224
v -0.015864 0.754770 4.004301
v -0.015834 0.753929 4.004224
v -0.015746 0.753120 4.003998
v -0.015061 0.758766 4.001772
v -0.015128 0.758367 4.002564
v -0.014874 0.757819 4.003307
v -0.015238 0.757176 4.003774
v -0.015045 0.756420 4.004224
v -0.015090 0.755612 4.004465
v -0.015105 0.754770 4.004546
v -0.015090 0.753929 4.004465
v -0.015045 0.753120 4.004224
v -0.015238 0.752364 4.003774
v -0.015196 0.751714 4.003225
v -0.014932 0.751182 4.002627
v -0.014789 0.750787 4.001897
v -0.014316 0.756420 4.004301
v -0.014316 0.755612 4.004546
v -0.014316 0.754770 4.004629
v -0.014316 0.753929 4.004546
v -0.014316 0.753120 4.004301
v -0.014703 0.750531 4.001089
v -0.014164 0.758755 4.001967
v -0.014066 0.758354 4.002710
v -0.014086 0.757826 4.003363
v -0.013927 0.757176 4.003887
v -0.013588 0.756420 4.004224
v -0.013543 0.755612 4.004465
v -0.013528 0.754770 4.004546
v -0.013543 0.753929 4.004465
v -0.013588 0.753120 4.004224
v -0.013927 0.752364 4.003887
v -0.014086 0.751714 4.003363
v -0.014213 0.759003 4.001182
v -0.012887 0.756420 4.003998
v -0.012799 0.755612 4.004224
v -0.012769 0.754770 4.004301
v -0.012799 0.753929 4.004224
v -0.012887 0.753120 4.003998
v -0.013821 0.751174 4.002666
v -0.014050 0.750783 4.001956
v -0.013244 0.758361 4.002427
v -0.013010 0.757826 4.003036
v -0.012676 0.757176 4.003457
v -0.012241 0.756420 4.003630
v -0.012113 0.755612 4.003833
v -0.012070 0.754770 4.003902
v -0.012113 0.753929 4.003833
v -0.012241 0.753120 4.003630
v -0.012676 0.752364 4.003457
v -0.013010 0.751714 4.003036
v -0.012858 0.751182 4.002146
v -0.013290 0.758758 4.001591
v -0.011675 0.756420 4.003134
v -0.011512 0.755612 4.003307
v -0.011457 0.754770 4.003366
v -0.011512 0.753929 4.003307
v -0.011675 0.753120 4.003134
v -0.012295 0.751721 4.002473
v -0.013348 0.750783 4.001606
v -0.014316 0.750458 4.000317
v -0.012568 0.758361 4.001829
v -0.012100 0.757815 4.002277
v -0.011678 0.757157 4.002571
v -0.011210 0.756420 4.002530
v -0.011019 0.755612 4.002666
v -0.010954 0.754770 4.002713
v -0.011019 0.753929 4.002666
v -0.011210 0.753120 4.002530
v -0.011674 0.752364 4.002548
v -0.012209 0.751174 4.001183
v -0.012798 0.758760 4.000652
v -0.011210 0.757166 4.001689
v -0.010865 0.756420 4.001842
v -0.010652 0.755612 4.001935
v -0.010581 0.754770 4.001967
v -0.010652 0.753929 4.001935
v -0.010865 0.753120 4.001842
v -0.011814 0.751714 4.001804
v -0.013598 0.759001 4.000701
v -0.012162 0.758365 4.000988
v -0.011595 0.757839 4.001223
v -0.010652 0.756420 4.001094
v -0.010427 0.755612 4.001142
v -0.010351 0.754770 4.001158
v -0.010427 0.753929 4.001142
v -0.010652 0.753120 4.001094
v -0.011075 0.752364 4.001300
v -0.011512 0.751721 4.000912
v -0.012884 0.750782 4.000971
v -0.013699 0.750537 4.000890
v -0.012099 0.758357 3.999801
v -0.010957 0.757176 4.000607
v -0.010581 0.756420 4.000317
v -0.010351 0.755612 4.000317
v -0.010273 0.754770 4.000317
v -0.010351 0.753929 4.000317
v -0.010581 0.753120 4.000317
v -0.010954 0.752374 4.000317
v -0.011461 0.757826 4.000071
v -0.010652 0.756420 3.999540
v -0.010427 0.755612 3.999492
v -0.010351 0.754770 3.999475
v -0.010427 0.753929 3.999492
v -0.010652 0.753120 3.999540
v -0.011461 0.751714 4.000071
v -0.012771 0.750785 4.000168
v -0.012828 0.758755 3.999835
v -0.011766 0.757826 3.998924
v -0.011109 0.757176 3.999213
v -0.010865 0.756420 3.998792
v -0.010652 0.755612 3.998698
v -0.010581 0.754770 3.998667
v -0.010652 0.753929 3.998698
v -0.010865 0.753120 3.998792
v -0.011109 0.752364 3.999213
v -0.012099 0.751183 3.999801
v -0.011521 0.757166 3.998325
v -0.011210 0.756420 3.998103
v -0.011019 0.755612 3.997967
v -0.010954 0.754770 3.997921
v -0.011019 0.753929 3.997967
v -0.011210 0.753120 3.998103
v -0.011766 0.751714 3.998924
v -0.013541 0.750540 4.000090
v -0.012295 0.757819 3.998161
v -0.011675 0.756420 3.997500
v -0.011512 0.755612 3.997326
v -0.011457 0.754770 3.997267
v -0.011512 0.753929 3.997326
v -0.011675 0.753120 3.997500
v -0.011749 0.752364 3.997988
v -0.012460 0.751714 3.997989
v -0.013010 0.750782 3.999410
v -0.013599 0.759003 3.999908
v -0.013241 0.758757 3.999112
v -0.012735 0.758370 3.998601
v -0.012224 0.757176 3.997499
v -0.012241 0.756420 3.997004
v -0.012113 0.755612 3.996800
v -0.012070 0.754770 3.996731
v -0.012113 0.753929 3.996800
v -0.012241 0.753120 3.997004
v -0.012753 0.751162 3.998599
v -0.012922 0.757826 3.997648
v -0.013371 0.757197 3.996884
v -0.012887 0.756420 3.996636
v -0.012799 0.755612 3.996409
v -0.012769 0.754770 3.996333
v -0.012799 0.753929 3.996409
v -0.012887 0.753120 3.996636
v -0.012780 0.752364 3.997118
v -0.013437 0.751714 3.997409
v -0.014397 0.759003 3.999444
v -0.013759 0.757819 3.997326
v -0.013588 0.756420 3.996409
v -0.013543 0.755612 3.996169
v -0.013528 0.754770 3.996087
v -0.013543 0.753929 3.996169
v -0.013588 0.753120 3.996409
v -0.014316 0.753120 3.996333
v -0.013901 0.751164 3.997968
v -0.013841 0.750777 3.998727
v -0.013985 0.750539 3.999527
v 0.080926 0.758574 4.005674
v 0.080815 0.755798 4.003730
v 0.080829 0.754957 4.003648
v 0.080815 0.754116 4.003730
v 0.080999 0.752530 4.004436
v 0.080505 0.758944 4.006269
v 0.080341 0.757989 4.004828
v 0.080382 0.757322 4.004289
v 0.080453 0.756591 4.003911
v 0.080038 0.755798 4.003680
v 0.080037 0.754957 4.003598
v 0.080038 0.754116 4.003680
v 0.080042 0.753307 4.003925
v 0.080389 0.751901 4.004858
v 0.079845 0.758534 4.005506
v 0.079215 0.758016 4.005023
v 0.079314 0.756607 4.004032
v 0.079265 0.755798 4.003793
v 0.079248 0.754957 4.003713
v 0.079265 0.754116 4.003793
v 0.079715 0.752592 4.004317
v 0.079500 0.751908 4.004939
v 0.079836 0.751374 4.005515
v 0.079062 0.757366 4.004513
v 0.078523 0.755798 4.004064
v 0.078492 0.754957 4.003989
v 0.078523 0.754116 4.004064
v 0.078993 0.753323 4.004106
v 0.079795 0.750969 4.006281
v 0.079881 0.750727 4.007084
v 0.079468 0.758945 4.006401
v 0.078275 0.758026 4.005613
v 0.078317 0.756647 4.004450
v 0.077843 0.755798 4.004482
v 0.077799 0.754957 4.004415
v 0.077843 0.754116 4.004482
v 0.077974 0.753307 4.004681
v 0.078444 0.752530 4.004828
v 0.078722 0.751876 4.005289
v 0.079011 0.751368 4.005834
v 0.079412 0.759189 4.007469
v 0.078804 0.758557 4.005968
v 0.077905 0.757385 4.005245
v 0.077415 0.756607 4.005198
v 0.077249 0.755798 4.005032
v 0.077193 0.754957 4.004975
v 0.077249 0.754116 4.005032
v 0.077415 0.753307 4.005198
v 0.079115 0.750974 4.006646
v 0.080108 0.759269 4.007900
v 0.077698 0.758006 4.006308
v 0.077076 0.757363 4.006389
v 0.076960 0.756607 4.005819
v 0.076766 0.755798 4.005692
v 0.076700 0.754957 4.005648
v 0.076766 0.754116 4.005692
v 0.076960 0.753307 4.005819
v 0.077424 0.752551 4.005783
v 0.077872 0.751912 4.006021
v 0.078337 0.751374 4.006436
v 0.078784 0.758948 4.007059
v 0.078095 0.758547 4.006865
v 0.076625 0.756607 4.006521
v 0.076411 0.755798 4.006436
v 0.076338 0.754957 4.006407
v 0.076411 0.754116 4.006436
v 0.076625 0.753307 4.006521
v 0.077361 0.758013 4.007076
v 0.076793 0.757353 4.007338
v 0.076425 0.756607 4.007275
v 0.076198 0.755798 4.007236
v 0.076121 0.754957 4.007224
v 0.076198 0.754116 4.007236
v 0.076425 0.753307 4.007275
v 0.076844 0.752551 4.007052
v 0.077361 0.751901 4.007076
v 0.077889 0.751349 4.007560
v 0.078670 0.750967 4.007300
v 0.078545 0.758944 4.008165
v 0.077864 0.758552 4.007782
v 0.076365 0.756607 4.008053
v 0.076135 0.755798 4.008063
v 0.076057 0.754957 4.008066
v 0.076135 0.754116 4.008063
v 0.076365 0.753307 4.008053
v 0.079347 0.750726 4.007598
v 0.077251 0.758013 4.008263
v 0.076761 0.757363 4.008451
v 0.076450 0.756607 4.008826
v 0.076225 0.755798 4.008883
v 0.076149 0.754957 4.008902
v 0.076225 0.754116 4.008883
v 0.076450 0.753307 4.008826
v 0.076761 0.752551 4.008451
v 0.077251 0.751901 4.008263
v 0.078562 0.750972 4.008111
v 0.078056 0.758554 4.008959
v 0.076675 0.756607 4.009562
v 0.076464 0.755798 4.009665
v 0.076392 0.754957 4.009700
v 0.076464 0.754116 4.009665
v 0.076675 0.753307 4.009562
v 0.077481 0.751908 4.009172
v 0.077964 0.751368 4.008683
v 0.077576 0.758013 4.009394
v 0.077187 0.757363 4.009766
v 0.077032 0.756607 4.010235
v 0.076843 0.755798 4.010379
v 0.076779 0.754957 4.010428
v 0.076843 0.754116 4.010379
v 0.077032 0.753307 4.010235
v 0.077187 0.752551 4.009766
v 0.078814 0.750969 4.008858
v 0.079372 0.759189 4.008283
v 0.077768 0.757353 4.010527
v 0.077508 0.756607 4.010818
v 0.077347 0.755798 4.010998
v 0.077293 0.754957 4.011059
v 0.077347 0.754116 4.010998
v 0.077508 0.753307 4.010818
v 0.077768 0.752561 4.010527
v 0.077891 0.751912 4.009902
v 0.078386 0.751368 4.009494
v 0.078286 0.758013 4.010298
v 0.078083 0.756607 4.011290
v 0.077958 0.755798 4.011498
v 0.077916 0.754957 4.011569
v 0.077958 0.754116 4.011498
v 0.078083 0.753307 4.011290
v 0.079131 0.758952 4.009210
v 0.078931 0.758554 4.009980
v 0.079058 0.758006 4.010755
v 0.078621 0.757363 4.011154
v 0.078736 0.756607 4.011630
v 0.078651 0.755798 4.011860
v 0.078623 0.754957 4.011938
v 0.078651 0.754116 4.011860
v 0.078736 0.753307 4.011630
v 0.078621 0.752551 4.011154
v 0.078754 0.751901 4.010620
v 0.079114 0.751368 4.010074
v 0.079378 0.750974 4.009379
v 0.079442 0.756607 4.011827
v 0.079401 0.755798 4.012070
v 0.079387 0.754957 4.012151
v 0.079401 0.754116 4.012070
v 0.079442 0.753307 4.011827
v 0.079597 0.750718 4.008596
v 0.079982 0.758942 4.009552
v 0.079955 0.758541 4.010301
v 0.079826 0.758013 4.010941
v 0.079894 0.757363 4.011485
v 0.080173 0.756607 4.011874
v 0.080177 0.755798 4.012119
v 0.080178 0.754957 4.012201
v 0.080177 0.754116 4.012119
v 0.080173 0.753307 4.011874
v 0.079894 0.752551 4.011485
v 0.079826 0.751901 4.010941
v 0.080065 0.759190 4.008770
v 0.080902 0.756607 4.011767
v 0.080951 0.755798 4.012006
v 0.080967 0.754957 4.012086
v 0.080951 0.754116 4.012006
v 0.080902 0.753307 4.011767
v 0.080203 0.751360 4.010299
v 0.080096 0.750970 4.009560
v 0.080812 0.758547 4.010159
v 0.080941 0.758013 4.010799
v 0.081200 0.757363 4.011269
v 0.081600 0.756607 4.011513
v 0.081692 0.755798 4.011735
v 0.081723 0.754957 4.011810
v 0.081692 0.754116 4.011735
v 0.081600 0.753307 4.011513
v 0.081200 0.752551 4.011269
v 0.080941 0.751901 4.010799
v 0.081240 0.751368 4.009947
v 0.080906 0.758944 4.009327
v 0.082241 0.756607 4.011119
v 0.082372 0.755798 4.011317
v 0.082417 0.754957 4.011384
v 0.082372 0.754116 4.011317
v 0.082241 0.753307 4.011119
v 0.081741 0.751908 4.010364
v 0.080847 0.750970 4.009333
v 0.080108 0.750645 4.007900
v 0.081578 0.758547 4.009683
v 0.081965 0.758002 4.010203
v 0.082332 0.757344 4.010563
v 0.082800 0.756607 4.010601
v 0.082966 0.755798 4.010767
v 0.083022 0.754957 4.010824
v 0.082966 0.754116 4.010767
v 0.082800 0.753307 4.010601
v 0.082340 0.752551 4.010541
v 0.082041 0.751360 4.009106
v 0.081548 0.758947 4.008484
v 0.082941 0.757353 4.009772
v 0.083256 0.756607 4.009980
v 0.083449 0.755798 4.010108
v 0.083515 0.754957 4.010151
v 0.083449 0.754116 4.010108
v 0.083256 0.753307 4.009980
v 0.082327 0.751901 4.009785
v 0.080752 0.759188 4.008398
v 0.082120 0.758552 4.008922
v 0.082639 0.758026 4.009248
v 0.083590 0.756607 4.009278
v 0.083805 0.755798 4.009363
v 0.083877 0.754957 4.009392
v 0.083805 0.754116 4.009363
v 0.083590 0.753307 4.009278
v 0.083139 0.752551 4.009410
v 0.082773 0.751908 4.008955
v 0.081410 0.750969 4.008784
v 0.080620 0.750724 4.008567
v 0.082380 0.758544 4.007762
v 0.083371 0.757363 4.008747
v 0.083791 0.756607 4.008524
v 0.084018 0.755798 4.008563
v 0.084094 0.754957 4.008575
v 0.084018 0.754116 4.008563
v 0.083791 0.753307 4.008524
v 0.083422 0.752561 4.008461
v 0.082964 0.758013 4.008134
v 0.083850 0.756607 4.007746
v 0.084081 0.755798 4.007736
v 0.084158 0.754957 4.007733
v 0.084081 0.754116 4.007736
v 0.083850 0.753307 4.007746
v 0.082964 0.751901 4.008134
v 0.081656 0.750972 4.008012
v 0.081655 0.758942 4.007674
v 0.082855 0.758013 4.006953
v 0.083454 0.757363 4.007348
v 0.083765 0.756607 4.006973
v 0.083991 0.755798 4.006917
v 0.084067 0.754957 4.006897
v 0.083991 0.754116 4.006917
v 0.083765 0.753307 4.006973
v 0.083454 0.752551 4.007348
v 0.082380 0.751370 4.007762
v 0.083197 0.757353 4.006403
v 0.083540 0.756607 4.006237
v 0.083752 0.755798 4.006134
v 0.083823 0.754957 4.006100
v 0.083752 0.754116 4.006134
v 0.083540 0.753307 4.006237
v 0.082855 0.751901 4.006953
v 0.080910 0.750727 4.007805
v 0.082461 0.758006 4.006112
v 0.083183 0.756607 4.005564
v 0.083372 0.755798 4.005420
v 0.083436 0.754957 4.005371
v 0.083372 0.754116 4.005420
v 0.083183 0.753307 4.005564
v 0.083028 0.752551 4.006033
v 0.082327 0.751901 4.005915
v 0.081547 0.750969 4.007225
v 0.080883 0.759190 4.007617
v 0.081369 0.758944 4.006891
v 0.081953 0.758557 4.006473
v 0.082641 0.757363 4.005471
v 0.082708 0.756607 4.004981
v 0.082868 0.755798 4.004801
v 0.082922 0.754957 4.004740
v 0.082868 0.754116 4.004801
v 0.082708 0.753307 4.004981
v 0.081936 0.751349 4.006467
v 0.081929 0.758013 4.005501
v 0.081614 0.757384 4.004673
v 0.082133 0.756607 4.004509
v 0.082257 0.755798 4.004301
v 0.082299 0.754957 4.004230
v 0.082257 0.754116 4.004301
v 0.082133 0.753307 4.004509
v 0.082157 0.752551 4.005002
v 0.081461 0.751901 4.005179
v 0.080174 0.759190 4.007025
v 0.081158 0.758006 4.005044
v 0.081480 0.756607 4.004169
v 0.081564 0.755798 4.003939
v 0.081593 0.754957 4.003861
v 0.081564 0.754116 4.003939
v 0.081480 0.753307 4.004169
v 0.080774 0.753307 4.003972
v 0.080910 0.751351 4.005653
v 0.080842 0.750964 4.006412
v 0.080566 0.750726 4.007176
vn 0.2128 0.8333 -0.5102
vn 0.1704 0.1908 -0.9667
vn 0.1671 -0.0000 -0.9859
vn 0.1640 -0.1938 -0.9672
vn 0.2170 -0.5591 -0.8002
vn 0.1054 0.9219 -0.3729
vn 0.0399 0.6963 -0.7166
vn 0.0488 0.5531 -0.8317
vn 0.0664 0.3889 -0.9189
vn -0.0463 0.1931 -0.9801
vn -0.0407 -0.0000 -0.9992
vn -0.0440 -0.1972 -0.9794
vn -0.0364 -0.3843 -0.9225
vn 0.0624 -0.7045 -0.7070
vn -0.0801 0.8276 -0.5555
vn -0.2480 0.6964 -0.6734
vn -0.2148 0.3827 -0.8985
vn -0.2384 0.2020 -0.9499
vn -0.2447 -0.0000 -0.9696
vn -0.2342 -0.1891 -0.9536
vn -0.1210 -0.5495 -0.8267
vn -0.1841 -0.6974 -0.6927
vn -0.0764 -0.8298 -0.5527
vn -0.2783 0.5524 -0.7858
vn -0.4229 0.1898 -0.8861
vn -0.4351 -0.0000 -0.9004
vn -0.4330 -0.1896 -0.8812
vn -0.3116 -0.3760 -0.8727
vn -0.0761 -0.9213 -0.3814
vn -0.0635 -0.9779 -0.1994
vn -0.1693 0.9205 -0.3521
vn -0.4907 0.6887 -0.5338
vn -0.4788 0.3812 -0.7908
vn -0.5972 0.1893 -0.7795
vn -0.6041 -0.0000 -0.7969
vn -0.5880 -0.1936 -0.7854
vn -0.5573 -0.3781 -0.7392
vn -0.4456 -0.5477 -0.7081
vn -0.3788 -0.6966 -0.6093
vn -0.3008 -0.8215 -0.4844
vn -0.1880 0.9764 -0.1064
vn -0.3498 0.8220 -0.4494
vn -0.5754 0.5447 -0.6101
vn -0.6909 0.3739 -0.6188
vn -0.7283 0.1917 -0.6579
vn -0.7462 -0.0000 -0.6658
vn -0.7332 -0.1858 -0.6541
vn -0.6865 -0.3733 -0.6240
vn -0.2663 -0.9173 -0.2962
vn -0.0003 1.0000 -0.0005
vn -0.6143 0.6871 -0.3880
vn -0.7624 0.5343 -0.3651
vn -0.7928 0.3700 -0.4843
vn -0.8435 0.1841 -0.5045
vn -0.8582 -0.0000 -0.5134
vn -0.8435 -0.1841 -0.5045
vn -0.8038 -0.3674 -0.4679
vn -0.6848 -0.5425 -0.4866
vn -0.5819 -0.6881 -0.4334
vn -0.4709 -0.8139 -0.3403
vn -0.3537 0.9145 -0.1967
vn -0.5176 0.8188 -0.2484
vn -0.8778 0.3584 -0.3180
vn -0.9226 0.1829 -0.3396
vn -0.9384 -0.0000 -0.3454
vn -0.9226 -0.1829 -0.3396
vn -0.8701 -0.3670 -0.3291
vn -0.7082 0.6819 -0.1828
vn -0.8362 0.5326 -0.1309
vn -0.9172 0.3678 -0.1532
vn -0.9694 0.1826 -0.1643
vn -0.9859 -0.0000 -0.1672
vn -0.9694 -0.1826 -0.1643
vn -0.9196 -0.3653 -0.1450
vn -0.8180 -0.5381 -0.2034
vn -0.7041 -0.6795 -0.2063
vn -0.5758 -0.8120 -0.0954
vn -0.3798 -0.9126 -0.1510
vn -0.4047 0.9131 0.0487
vn -0.5775 0.8155 -0.0382
vn -0.9323 0.3616 0.0109
vn -0.9830 0.1830 0.0164
vn -0.9999 -0.0000 0.0168
vn -0.9830 -0.1830 0.0165
vn -0.9303 -0.3667 0.0071
vn -0.2035 -0.9768 -0.0664
vn -0.7244 0.6855 0.0726
vn -0.8343 0.5402 0.1104
vn -0.9084 0.3683 0.1981
vn -0.9627 0.1841 0.1983
vn -0.9794 -0.0000 0.2017
vn -0.9627 -0.1841 0.1983
vn -0.9084 -0.3682 0.1981
vn -0.8366 -0.5375 0.1052
vn -0.7294 -0.6810 0.0651
vn -0.3961 -0.9171 0.0451
vn -0.5177 0.8213 0.2396
vn -0.8611 0.3714 0.3471
vn -0.9078 0.1859 0.3759
vn -0.9239 -0.0000 0.3826
vn -0.9078 -0.1859 0.3759
vn -0.8611 -0.3714 0.3471
vn -0.6736 -0.6882 0.2695
vn -0.5530 -0.8158 0.1694
vn -0.6381 0.6955 0.3303
vn -0.7354 0.5484 0.3980
vn -0.7723 0.3677 0.5181
vn -0.8183 0.1879 0.5433
vn -0.8331 -0.0000 0.5532
vn -0.8183 -0.1879 0.5433
vn -0.7723 -0.3677 0.5180
vn -0.7421 -0.5416 0.3948
vn -0.3360 -0.9165 0.2170
vn -0.1947 0.9769 0.0886
vn -0.5918 0.5497 0.5896
vn -0.6522 0.3816 0.6550
vn -0.6948 0.1899 0.6937
vn -0.7077 -0.0000 0.7065
vn -0.6948 -0.1899 0.6937
vn -0.6522 -0.3816 0.6550
vn -0.5840 -0.5487 0.5983
vn -0.5488 -0.6987 0.4590
vn -0.4384 -0.8211 0.3656
vn -0.4751 0.7008 0.5322
vn -0.5139 0.3774 0.7704
vn -0.5404 0.1921 0.8192
vn -0.5507 -0.0000 0.8347
vn -0.5404 -0.1921 0.8192
vn -0.5139 -0.3774 0.7704
vn -0.2533 0.9192 0.3016
vn -0.3012 0.8270 0.4748
vn -0.2522 0.7034 0.6646
vn -0.3638 0.5549 0.7482
vn -0.3292 0.3844 0.8625
vn -0.3609 0.1934 0.9123
vn -0.3678 -0.0000 0.9299
vn -0.3609 -0.1934 0.9123
vn -0.3292 -0.3844 0.8625
vn -0.3650 -0.5601 0.7437
vn -0.3316 -0.7072 0.6244
vn -0.2471 -0.8290 0.5017
vn -0.1840 -0.9163 0.3557
vn -0.1625 0.3858 0.9081
vn -0.1640 0.1939 0.9672
vn -0.1672 -0.0000 0.9859
vn -0.1640 -0.1939 0.9672
vn -0.1625 -0.3858 0.9082
vn -0.1271 -0.9796 0.1558
vn -0.0259 0.9197 0.3917
vn -0.0295 0.8339 0.5511
vn -0.0510 0.7039 0.7085
vn -0.0353 0.5579 0.8292
vn 0.0489 0.3837 0.9221
vn 0.0400 0.1934 0.9803
vn 0.0407 -0.0000 0.9992
vn 0.0399 -0.1935 0.9803
vn 0.0489 -0.3837 0.9222
vn -0.0380 -0.5620 0.8263
vn -0.0635 -0.7006 0.7108
vn -0.0086 0.9786 0.2054
vn 0.2181 0.3832 0.8975
vn 0.2402 0.1918 0.9516
vn 0.2448 -0.0000 0.9696
vn 0.2402 -0.1918 0.9516
vn 0.2180 -0.3832 0.8976
vn 0.0290 -0.8289 0.5587
vn 0.0097 -0.9222 0.3866
vn 0.1937 0.8226 0.5345
vn 0.2345 0.6986 0.6760
vn 0.2969 0.5566 0.7759
vn 0.4128 0.3775 0.8289
vn 0.4272 0.1901 0.8840
vn 0.4351 -0.0000 0.9004
vn 0.4272 -0.1900 0.8840
vn 0.4130 -0.3780 0.8286
vn 0.2963 -0.5538 0.7781
vn 0.2317 -0.6959 0.6798
vn 0.3052 -0.8265 0.4731
vn 0.2160 0.9173 0.3345
vn 0.5532 0.3755 0.7436
vn 0.5933 0.1882 0.7827
vn 0.6041 0.0001 0.7969
vn 0.5933 -0.1881 0.7827
vn 0.5532 -0.3765 0.7431
vn 0.4296 -0.6956 0.5758
vn 0.2061 -0.9152 0.3463
vn -0.0004 -1.0000 0.0005
vn 0.3979 0.8168 0.4178
vn 0.4831 0.6926 0.5357
vn 0.5697 0.5455 0.6148
vn 0.6986 0.3636 0.6163
vn 0.7332 0.1860 0.6541
vn 0.7462 -0.0000 0.6658
vn 0.7332 -0.1860 0.6541
vn 0.7004 -0.3705 0.6101
vn 0.5760 -0.5432 0.6109
vn 0.5038 -0.8170 0.2804
vn 0.3791 0.9137 0.1466
vn 0.7229 0.5379 0.4338
vn 0.7980 0.3708 0.4751
vn 0.8435 0.1841 0.5045
vn 0.8582 -0.0000 0.5134
vn 0.8435 -0.1841 0.5045
vn 0.7933 -0.3692 0.4840
vn 0.5778 -0.6870 0.4406
vn 0.1773 0.9767 0.1210
vn 0.5223 0.8176 0.2425
vn 0.6481 0.6916 0.3189
vn 0.8733 0.3618 0.3262
vn 0.9226 0.1829 0.3396
vn 0.9384 -0.0000 0.3454
vn 0.9226 -0.1829 0.3396
vn 0.8777 -0.3584 0.3180
vn 0.7660 -0.5347 0.3569
vn 0.6807 -0.6917 0.2413
vn 0.3545 -0.9119 0.2070
vn 0.1340 -0.9780 0.1598
vn 0.5812 0.8135 -0.0202
vn 0.8216 0.5334 0.2012
vn 0.9196 0.3652 0.1450
vn 0.9694 0.1826 0.1643
vn 0.9859 -0.0000 0.1672
vn 0.9694 -0.1826 0.1643
vn 0.9172 -0.3678 0.1532
vn 0.8371 -0.5290 0.1396
vn 0.7286 0.6812 0.0717
vn 0.9303 0.3667 -0.0071
vn 0.9830 0.1830 -0.0164
vn 0.9999 -0.0000 -0.0168
vn 0.9830 -0.1830 -0.0164
vn 0.9323 -0.3616 -0.0109
vn 0.7242 -0.6858 0.0727
vn 0.4057 -0.9128 0.0468
vn 0.4077 0.9118 -0.0489
vn 0.6916 0.6924 -0.2058
vn 0.8401 0.5340 -0.0959
vn 0.9126 0.3607 -0.1926
vn 0.9627 0.1841 -0.1983
vn 0.9794 -0.0000 -0.2017
vn 0.9627 -0.1841 -0.1983
vn 0.9084 -0.3683 -0.1981
vn 0.8375 -0.5353 -0.1099
vn 0.5792 -0.8150 -0.0158
vn 0.7763 0.5366 -0.3308
vn 0.8560 0.3737 -0.3571
vn 0.9078 0.1859 -0.3759
vn 0.9239 -0.0000 -0.3827
vn 0.9078 -0.1859 -0.3759
vn 0.8611 -0.3715 -0.3471
vn 0.6936 -0.6908 -0.2043
vn 0.2147 -0.9766 -0.0132
vn 0.6098 0.6888 -0.3919
vn 0.7766 0.3701 -0.5098
vn 0.8182 0.1879 -0.5433
vn 0.8330 -0.0000 -0.5532
vn 0.8183 -0.1879 -0.5433
vn 0.7660 -0.3755 -0.5217
vn 0.7350 -0.5431 -0.4060
vn 0.5548 -0.6992 -0.4509
vn 0.3741 -0.9143 -0.1551
vn 0.2013 0.9770 -0.0705
vn 0.3213 0.9174 -0.2346
vn 0.4635 0.8283 -0.3147
vn 0.6399 0.5471 -0.5397
vn 0.6472 0.3789 -0.6615
vn 0.6948 0.1900 -0.6937
vn 0.7077 -0.0000 -0.7065
vn 0.6948 -0.1900 -0.6937
vn 0.6610 -0.3791 -0.6477
vn 0.4634 -0.8250 -0.3236
vn 0.4538 0.7036 -0.5468
vn 0.3720 0.5554 -0.7438
vn 0.5154 0.3825 -0.7668
vn 0.5405 0.1920 -0.8192
vn 0.5507 -0.0000 -0.8347
vn 0.5404 -0.1920 -0.8192
vn 0.4998 -0.3819 -0.7774
vn 0.5174 -0.5518 -0.6541
vn 0.3439 -0.7061 -0.6190
vn 0.0180 0.9787 -0.2045
vn 0.2571 0.6996 -0.6666
vn 0.3239 0.3839 -0.8647
vn 0.3568 0.1972 -0.9131
vn 0.3678 -0.0000 -0.9299
vn 0.3609 -0.1933 -0.9123
vn 0.3468 -0.3851 -0.8552
vn 0.1457 -0.3853 -0.9112
vn 0.2045 -0.8309 -0.5175
vn 0.1811 -0.9204 -0.3464
vn 0.1181 -0.9776 -0.1739
vn -0.5344 0.3852 -0.7523
vn -0.5782 0.6617 -0.4772
vn -0.6398 0.7609 -0.1085
vn -0.7033 0.6617 0.2600
vn -0.7525 0.3851 0.5342
vn -0.7715 0.0080 0.6362
vn -0.7517 -0.3799 0.5390
vn -0.7116 -0.6545 0.2553
vn -0.6479 -0.7538 -0.1098
vn -0.5877 -0.6546 -0.4756
vn -0.5320 -0.3799 -0.7567
vn -0.5186 0.0080 -0.8550
vn 0.1194 0.4906 -0.8632
vn 0.0718 0.8669 -0.4934
vn -0.0136 0.9999 -0.0023
vn -0.0949 0.8668 0.4895
vn -0.1719 0.4904 0.8544
vn -0.1682 -0.0103 0.9857
vn -0.0689 -0.8631 0.5003
vn 0.0191 -0.9998 0.0033
vn 0.0999 -0.8632 -0.4949
vn 0.1661 -0.0101 -0.9861
vn 0.0139 0.8622 -0.5063
vn -0.0674 0.9977 -0.0114
vn -0.1538 0.8622 0.4827
vn -0.1093 -0.4965 0.8611
vn -0.0236 -0.8634 0.5039
vn 0.0779 -0.9969 0.0132
vn 0.1438 -0.8635 -0.4834
vn 0.1807 -0.4966 -0.8490
vn 0.0650 0.4901 -0.8693
vn -0.0638 0.8525 -0.5189
vn -0.1629 0.9863 -0.0276
vn -0.2313 0.8524 0.4689
vn -0.2252 0.4899 0.8422
vn -0.1608 -0.0260 0.9866
vn -0.0642 -0.4979 0.8649
vn 0.0631 -0.8564 0.5125
vn 0.1777 -0.9836 0.0301
vn 0.2286 -0.8564 -0.4630
vn 0.2245 -0.4979 -0.8377
vn 0.1734 -0.0261 -0.9845
vn -0.0159 0.4695 -0.8828
vn -0.1816 0.8231 -0.5381
vn -0.2929 0.9548 -0.0496
vn -0.3489 0.8230 0.4483
vn -0.3061 0.4694 0.8283
vn 0.0108 -0.4831 0.8755
vn 0.1760 -0.8289 0.5310
vn 0.3077 -0.9500 0.0521
vn 0.3412 -0.8288 -0.4434
vn 0.2988 -0.4831 -0.8230
vn -0.1019 0.4260 -0.8990
vn -0.2798 0.7850 -0.5528
vn -0.4238 0.9029 -0.0719
vn -0.4465 0.7848 0.4298
vn -0.3925 0.4259 0.8152
vn -0.1558 -0.0157 0.9877
vn 0.0685 -0.4598 0.8854
vn 0.2870 -0.7857 0.5480
vn 0.4247 -0.9025 0.0720
vn 0.4516 -0.7857 -0.4228
vn 0.3565 -0.4598 -0.8133
vn 0.1785 -0.0158 -0.9838
vn -0.3964 0.7176 -0.5726
vn -0.5491 0.8305 -0.0931
vn -0.5630 0.7177 0.4098
vn 0.1444 -0.4300 0.8912
vn 0.3971 -0.7272 0.5599
vn 0.5463 -0.8325 0.0926
vn 0.5595 -0.7272 -0.3977
vn 0.4301 -0.4300 -0.7937
vn -0.1914 0.3701 -0.9091
vn -0.5019 0.6385 -0.5835
vn -0.6767 0.7273 -0.1147
vn -0.6662 0.6385 0.3853
vn -0.4803 0.3701 0.7952
vn -0.1582 -0.0093 0.9874
vn 0.2060 -0.3769 0.9031
vn 0.5067 -0.6394 0.5784
vn 0.6649 -0.7384 0.1127
vn 0.6691 -0.6393 -0.3790
vn 0.4922 -0.3769 -0.7847
vn 0.1761 -0.0093 -0.9843
vn -0.2476 0.3022 -0.9205
vn -0.5762 0.5582 -0.5970
vn -0.7658 0.6299 -0.1298
vn -0.7408 0.5581 0.3737
vn -0.5371 0.3022 0.7875
vn -0.1542 -0.0092 0.9880
vn 0.2523 -0.3293 0.9099
vn 0.5866 -0.5548 0.5900
vn 0.7574 -0.6402 0.1284
vn 0.7483 -0.5548 -0.3636
vn 0.5382 -0.3293 -0.7758
vn 0.1800 -0.0092 -0.9836
vn -0.6374 0.4822 -0.6010
vn -0.8214 0.5530 -0.1393
vn -0.7999 0.4822 0.3572
vn 0.2837 -0.2856 0.9154
vn 0.6369 -0.4871 0.5976
vn 0.8163 -0.5608 0.1385
vn 0.7982 -0.4872 -0.3542
vn 0.5694 -0.2855 -0.7709
vn -0.2929 0.2596 -0.9202
vn -0.6658 0.4386 -0.6036
vn -0.8540 0.4996 -0.1449
vn -0.8275 0.4387 0.3503
vn -0.5809 0.2600 0.7713
vn -0.1625 -0.0017 0.9867
vn 0.2996 -0.2591 0.9182
vn 0.6661 -0.4388 0.6032
vn 0.8536 -0.5005 0.1447
vn 0.8277 -0.4388 -0.3498
vn 0.5847 -0.2588 -0.7689
vn 0.1724 -0.0019 -0.9850
vn -0.8542 0.4993 -0.1448
vn -0.1871 0.0129 0.9822
vn 0.2944 -0.2551 0.9210
vn 0.6645 -0.4373 0.6059
vn 0.8279 -0.4357 -0.3532
vn 0.5849 -0.2567 -0.7694
vn -0.3004 0.2569 -0.9186
vn -0.6649 0.4376 -0.6053
vn -0.8273 0.4376 0.3523
vn -0.5858 0.2561 0.7689
vn 0.8548 -0.4991 0.1422
vn 0.1486 0.0118 -0.9888
vn -0.2714 0.3042 -0.9131
vn -0.6207 0.5096 -0.5959
vn -0.8313 0.5377 -0.1409
vn -0.7824 0.5096 0.3579
vn -0.5570 0.3042 0.7728
vn 0.2594 -0.2997 0.9181
vn 0.6171 -0.5056 0.6029
vn 0.8079 -0.5732 0.1372
vn 0.8071 -0.4705 -0.3567
vn 0.5482 -0.2982 -0.7814
vn -0.7736 0.6200 -0.1312
vn 0.7431 -0.5549 -0.3740
vn -0.2033 0.3835 -0.9009
vn -0.5488 0.5954 -0.5868
vn -0.7109 0.6929 -0.1205
vn -0.7116 0.5954 0.3730
vn -0.4889 0.3832 0.7836
vn -0.1806 0.0136 0.9835
vn 0.2136 -0.3474 0.9131
vn 0.5339 -0.6028 0.5929
vn 0.7151 -0.6887 0.1194
vn 0.5035 -0.3481 -0.7907
vn 0.1536 0.0140 -0.9880
vn 0.6014 -0.6864 -0.4089
vn -0.4459 0.6910 -0.5689
vn -0.6012 0.7926 -0.1019
vn -0.6086 0.6910 0.3901
vn 0.1072 -0.4137 0.9041
vn 0.3679 -0.7290 0.5772
vn 0.5354 -0.8402 0.0857
vn 0.4000 -0.4172 -0.8160
vn -0.0996 0.4500 -0.8875
vn -0.3206 0.7665 -0.5565
vn -0.4575 0.8858 -0.0776
vn -0.4862 0.7664 0.4197
vn -0.3867 0.4499 0.8050
vn -0.1806 0.0371 0.9829
vn 0.1535 0.0370 -0.9875
vn 0.3426 -0.8191 -0.4602
vn 0.0438 0.5078 -0.8604
vn -0.1779 0.8320 -0.5255
vn -0.2916 0.9553 -0.0494
vn -0.3412 0.8319 0.4376
vn -0.2423 0.5080 0.8266
vn -0.0543 -0.4696 0.8812
vn 0.0951 -0.8378 0.5376
vn 0.2127 -0.9767 0.0293
vn 0.2385 -0.4745 -0.8473
vn -0.0058 0.8638 -0.5038
vn -0.1165 0.9930 -0.0198
vn -0.1714 0.8639 0.4735
vn 0.0451 -0.8575 -0.5125
vn 0.2106 0.5079 -0.8353
vn 0.1299 0.8663 -0.4823
vn 0.0550 0.9984 0.0093
vn -0.0364 0.8664 0.4980
vn -0.0765 0.5079 0.8580
vn -0.1568 0.0370 0.9869
vn -0.1987 -0.4796 0.8547
vn -0.1947 -0.8514 0.4871
vn -0.1362 -0.9902 -0.0299
vn 0.0934 -0.4827 -0.8708
vn 0.1774 0.0370 -0.9834
vn 0.2792 0.8470 -0.4523
vn 0.2166 0.9756 0.0367
vn 0.1145 0.8470 0.5192
vn -0.2005 -0.8123 -0.5478
vn 0.3512 0.4681 -0.8109
vn 0.4283 0.7964 -0.4270
vn 0.3911 0.9179 0.0663
vn 0.2636 0.7964 0.5443
vn 0.0643 0.4682 0.8813
vn -0.3384 -0.4492 0.8269
vn -0.4194 -0.7929 0.4420
vn -0.3960 -0.9154 -0.0722
vn -0.0483 -0.4512 -0.8911
vn -0.3754 -0.7296 -0.5716
vn 0.4370 0.4206 -0.7950
vn 0.5807 0.7116 -0.3955
vn 0.5651 0.8194 0.0958
vn 0.4178 0.7116 0.5648
vn 0.1506 0.4207 0.8946
vn -0.1486 0.0177 0.9887
vn -0.4260 -0.4063 0.8083
vn -0.5812 -0.7047 0.4069
vn -0.5763 -0.8109 -0.1016
vn -0.1373 -0.4075 -0.9028
vn 0.1856 0.0176 -0.9825
vn -0.5013 -0.6350 -0.5878
vn 0.5153 0.3566 -0.7793
vn 0.6992 0.6088 -0.3748
vn 0.7007 0.7035 0.1188
vn 0.5365 0.6088 0.5844
vn 0.2296 0.3567 0.9056
vn -0.5196 -0.3159 0.7938
vn -0.6924 -0.6090 0.3869
vn -0.7084 -0.6949 -0.1236
vn -0.2312 -0.3166 -0.9200
vn -0.6074 -0.5189 -0.6015
vn 0.5876 0.2690 -0.7631
vn 0.7848 0.5081 -0.3549
vn 0.8028 0.5806 0.1361
vn 0.6240 0.5080 0.5938
vn 0.3032 0.2690 0.9142
vn -0.1487 0.0099 0.9888
vn -0.7912 -0.4904 0.3655
vn -0.8145 -0.5626 -0.1413
vn 0.1855 0.0100 -0.9826
vn -0.6932 -0.3774 -0.6140
vn 0.8562 0.3883 -0.3409
vn 0.8733 0.4642 0.1480
vn 0.6959 0.3882 0.6041
vn -0.5994 -0.1965 0.7760
vn -0.8738 -0.3429 0.3448
vn -0.9135 -0.3747 -0.1584
vn -0.3096 -0.1971 -0.9302
vn 0.9287 0.3357 0.1575
vn 0.6344 0.1670 -0.7547
vn 0.9030 0.2690 -0.3349
vn 0.7421 0.2691 0.6139
vn 0.3502 0.1670 0.9217
vn -0.1435 0.0050 0.9896
vn 0.1909 0.0050 -0.9816
vn -0.7580 -0.2055 -0.6190
vn 0.9694 0.1825 0.1644
vn -0.6366 -0.0496 0.7696
vn -0.9260 -0.1738 0.3352
vn -0.3503 -0.0489 -0.9354
vn 0.6581 0.0754 -0.7492
vn 0.9371 0.1281 -0.3249
vn 0.7776 0.1281 0.6156
vn 0.3743 0.0755 0.9242
vn -0.9726 -0.1617 -0.1669
vn -0.7793 -0.0467 -0.6250
vn 0.9859 0.0111 0.1671
vn -0.9434 -0.0076 0.3317
vn 0.6643 -0.0103 -0.7474
vn 0.9462 -0.0256 -0.3227
vn 0.7869 -0.0256 0.6165
vn 0.3807 -0.0104 0.9246
vn -0.1410 -0.0026 0.9900
vn -0.9854 0.0236 -0.1685
vn 0.1933 -0.0026 -0.9811
vn -0.7768 0.1044 -0.6211
vn 0.9716 -0.1696 0.1648
vn -0.6364 0.0843 0.7668
vn -0.9327 0.1438 0.3307
vn -0.3495 0.0837 -0.9332
vn 0.6510 -0.1128 -0.7507
vn 0.9267 -0.1857 -0.3267
vn 0.7672 -0.1858 0.6139
vn 0.3671 -0.1129 0.9233
vn -0.9647 0.2052 -0.1652
vn -0.7391 0.2655 -0.6191
vn 0.9228 -0.3522 0.1565
vn -0.6148 0.1775 0.7684
vn -0.8882 0.3063 0.3425
vn -0.3295 0.1785 -0.9271
vn 0.6225 -0.2014 -0.7562
vn 0.8752 -0.3467 -0.3374
vn 0.7151 -0.3466 0.6071
vn 0.3385 -0.2014 0.9192
vn -0.1402 -0.0136 0.9900
vn -0.9085 0.3877 -0.1557
vn 0.1941 -0.0137 -0.9809
vn -0.6688 0.4238 -0.6109
vn 0.8378 -0.5271 0.1421
vn -0.5578 0.2707 0.7846
vn -0.8091 0.4647 0.3599
vn -0.2702 0.2720 -0.9236
vn 0.5663 -0.3035 -0.7663
vn 0.7857 -0.5037 -0.3590
vn 0.6235 -0.5035 0.5981
vn 0.2821 -0.3034 0.9102
vn -0.8098 0.5700 -0.1391
vn -0.5555 0.5788 -0.5970
vn 0.7389 -0.6621 0.1253
vn -0.4878 0.3525 0.7986
vn -0.6846 0.6180 0.3865
vn -0.1996 0.3547 -0.9134
vn 0.4846 -0.3861 -0.7849
vn 0.6522 -0.6512 -0.3881
vn 0.4878 -0.6511 0.5815
vn 0.1988 -0.3860 0.9009
vn -0.1531 -0.0148 0.9881
vn -0.6556 0.7466 -0.1133
vn 0.1812 -0.0147 -0.9833
vn 0.6472 -0.7544 0.1097
vn -0.3856 0.7215 -0.5751
vn 0.5467 -0.8322 0.0928
vn -0.3754 0.4240 0.8242
vn -0.4978 0.7561 0.4249
vn -0.0848 0.4273 -0.9001
vn 0.3648 -0.4659 -0.8061
vn 0.5203 -0.7481 -0.4118
vn 0.3555 -0.7481 0.5603
vn 0.0787 -0.4659 0.8813
vn -0.1555 -0.0204 0.9876
vn -0.4223 0.9034 -0.0742
vn 0.1788 -0.0202 -0.9837
vn 0.4159 -0.9067 0.0705
vn 0.3817 -0.8145 -0.4369
vn 0.2164 -0.8144 0.5384
vn -0.1430 0.8285 -0.5414
vn 0.2559 -0.9657 0.0433
vn -0.2199 0.4686 0.8556
vn -0.2272 0.8502 0.4749
vn 0.0753 0.4727 -0.8780
vn 0.2404 -0.5020 -0.8308
vn 0.2355 -0.8527 -0.4663
vn 0.0686 -0.8527 0.5178
vn -0.0469 -0.5020 0.8636
vn -0.1646 -0.0311 0.9859
vn -0.0783 0.9969 -0.0123
vn 0.1697 -0.0311 -0.9850
vn 0.0604 -0.9981 0.0102
vn 0.1192 -0.5110 -0.8513
vn 0.0485 -0.8660 -0.4977
vn -0.1183 -0.8660 0.4858
vn -0.1681 -0.5110 0.8430
vn 0.1131 0.8622 -0.4938
vn -0.1635 -0.9862 -0.0277
vn -0.0238 0.4577 0.8888
vn 0.0343 0.8540 0.5192
vn 0.2719 0.4622 -0.8440
vn -0.0267 -0.4936 -0.8693
vn -0.1477 -0.8390 -0.5238
vn -0.3121 -0.8389 0.4458
vn -0.3118 -0.4935 0.8119
vn -0.1809 -0.0314 0.9830
vn 0.2524 0.9665 0.0474
vn 0.3163 0.8237 -0.4706
vn 0.1533 -0.0314 -0.9877
vn -0.3857 -0.9203 -0.0654
vn 0.2569 0.7940 0.5510
vn -0.3510 -0.7554 -0.5534
vn -0.5137 -0.7554 0.4068
vn 0.4975 0.8627 0.0902
vn 0.5132 0.7464 -0.4237
vn -0.1653 -0.4072 -0.8982
vn -0.5845 -0.8053 -0.0992
vn -0.4522 -0.4072 0.7936
vn 0.1492 0.3989 0.9048
vn 0.4365 0.6925 0.5743
vn 0.4391 0.4039 -0.8025
vn -0.5118 -0.6321 -0.5818
vn -0.6751 -0.6320 0.3806
vn -0.5631 0.4798 0.6728
vn 0.6797 0.7240 0.1172
vn 0.6683 0.6325 -0.3915
vn -0.3100 0.4798 -0.8208
vn -0.6023 0.2257 -0.7657
vn -0.7172 -0.6861 -0.1216
vn -0.8208 0.2251 0.5250
vn -0.2631 0.7431 0.6153
vn -0.0161 0.9307 0.3655
vn -0.0407 0.7439 -0.6670
vn -0.8546 0.0636 -0.5153
vn -0.9860 0.0027 -0.1669
vn -0.9767 0.0640 0.2049
vn 0.1413 0.9894 0.0335
vn 0.1308 0.9246 -0.3577
vn 0.0435 0.8334 -0.5510
vn 0.2895 0.1904 -0.9380
vn 0.3012 -0.0000 -0.9536
vn 0.2955 -0.1938 -0.9355
vn 0.1721 -0.5590 -0.8111
vn 0.0764 0.9218 -0.3800
vn 0.2915 0.6965 -0.6557
vn 0.3361 0.5533 -0.7621
vn 0.3603 0.3888 -0.8480
vn 0.4885 0.1928 -0.8510
vn 0.4922 -0.0000 -0.8705
vn 0.4861 -0.1971 -0.8514
vn 0.4533 -0.3843 -0.8043
vn 0.2670 -0.7045 -0.6575
vn 0.3246 0.8277 -0.4577
vn 0.5279 0.6966 -0.4859
vn 0.6013 0.3826 -0.7015
vn 0.6457 0.2021 -0.7364
vn 0.6602 -0.0000 -0.7511
vn 0.6436 -0.1892 -0.7416
vn 0.4849 -0.5495 -0.6804
vn 0.4801 -0.6972 -0.5323
vn 0.3202 -0.8299 -0.4568
vn 0.6062 0.5524 -0.5722
vn 0.7807 0.1898 -0.5954
vn 0.7980 -0.0000 -0.6026
vn 0.7875 -0.1897 -0.5864
vn 0.6755 -0.3761 -0.6343
vn 0.2417 -0.9213 -0.3046
vn 0.1475 -0.9779 -0.1484
vn 0.3114 0.9205 -0.2361
vn 0.6803 0.6886 -0.2511
vn 0.7870 0.3810 -0.4852
vn 0.8871 0.1894 -0.4210
vn 0.9012 -0.0000 -0.4334
vn 0.8816 -0.1936 -0.4304
vn 0.8333 -0.3779 -0.4034
vn 0.7196 -0.5478 -0.4267
vn 0.6152 -0.6965 -0.3694
vn 0.4888 -0.8215 -0.2938
vn 0.2159 0.9764 -0.0089
vn 0.5163 0.8220 -0.2402
vn 0.7905 0.5445 -0.2803
vn 0.8971 0.3739 -0.2354
vn 0.9482 0.1918 -0.2531
vn 0.9678 -0.0000 -0.2519
vn 0.9509 -0.1859 -0.2475
vn 0.8957 -0.3731 -0.2420
vn 0.3721 -0.9173 -0.1421
vn 0.0005 1.0000 -0.0004
vn 0.7237 0.6870 -0.0649
vn 0.8450 0.5342 0.0231
vn 0.9265 0.3699 -0.0692
vn 0.9808 0.1841 -0.0640
vn 0.9979 -0.0000 -0.0651
vn 0.9808 -0.1841 -0.0640
vn 0.9287 -0.3674 -0.0496
vn 0.8314 -0.5424 -0.1206
vn 0.7156 -0.6881 -0.1202
vn 0.5743 -0.8139 -0.0880
vn 0.4045 0.9145 -0.0137
vn 0.5740 0.8187 0.0152
vn 0.9261 0.3584 0.1177
vn 0.9759 0.1830 0.1189
vn 0.9927 -0.0000 0.1209
vn 0.9759 -0.1830 0.1189
vn 0.9243 -0.3671 0.1043
vn 0.7136 0.6819 0.1606
vn 0.8038 0.5326 0.2651
vn 0.8860 0.3679 0.2823
vn 0.9375 0.1826 0.2961
vn 0.9536 -0.0000 0.3012
vn 0.9375 -0.1826 0.2961
vn 0.8844 -0.3653 0.2907
vn 0.8206 -0.5381 0.1923
vn 0.7206 -0.6795 0.1378
vn 0.5560 -0.8119 0.1779
vn 0.4069 -0.9126 0.0390
vn 0.3378 0.9131 0.2281
vn 0.5313 0.8155 0.2295
vn 0.8245 0.3617 0.4352
vn 0.8671 0.1830 0.4632
vn 0.8820 -0.0000 0.4712
vn 0.8671 -0.1831 0.4632
vn 0.8245 -0.3668 0.4309
vn 0.2113 -0.9768 0.0338
vn 0.6115 0.6855 0.3952
vn 0.6920 0.5401 0.4789
vn 0.7178 0.3683 0.5908
vn 0.7661 0.1843 0.6158
vn 0.7794 -0.0000 0.6265
vn 0.7661 -0.1842 0.6158
vn 0.7178 -0.3684 0.5908
vn 0.6964 -0.5375 0.4754
vn 0.6193 -0.6809 0.3909
vn 0.3319 -0.9171 0.2210
vn 0.3512 0.8214 0.4494
vn 0.6078 0.3714 0.7019
vn 0.6363 0.1858 0.7487
vn 0.6475 -0.0000 0.7621
vn 0.6363 -0.1858 0.7487
vn 0.6078 -0.3715 0.7018
vn 0.4764 -0.6881 0.5473
vn 0.4147 -0.8159 0.4030
vn 0.4171 0.6955 0.5851
vn 0.4728 0.5483 0.6899
vn 0.4507 0.3676 0.8135
vn 0.4801 0.1880 0.8568
vn 0.4888 -0.0000 0.8724
vn 0.4801 -0.1879 0.8568
vn 0.4507 -0.3676 0.8135
vn 0.4801 -0.5416 0.6901
vn 0.2001 -0.9164 0.3466
vn 0.1329 0.9768 0.1677
vn 0.2575 0.5495 0.7948
vn 0.2813 0.3816 0.8805
vn 0.3015 0.1902 0.9343
vn 0.3071 -0.0000 0.9517
vn 0.3015 -0.1900 0.9343
vn 0.2814 -0.3815 0.8805
vn 0.2466 -0.5485 0.7990
vn 0.2788 -0.6987 0.6588
vn 0.2232 -0.8212 0.5252
vn 0.1798 0.7007 0.6904
vn 0.1056 0.3775 0.9200
vn 0.1071 0.1921 0.9755
vn 0.1091 -0.0000 0.9940
vn 0.1071 -0.1920 0.9755
vn 0.1056 -0.3774 0.9200
vn 0.0877 0.9192 0.3840
vn 0.0513 0.8270 0.5599
vn -0.0789 0.7033 0.7065
vn -0.0178 0.5547 0.8319
vn -0.1007 0.3845 0.9176
vn -0.0952 0.1936 0.9765
vn -0.0971 -0.0000 0.9953
vn -0.0952 -0.1936 0.9765
vn -0.1007 -0.3845 0.9176
vn -0.0146 -0.5599 0.8285
vn 0.0101 -0.7072 0.7070
vn -0.0090 -0.8290 0.5592
vn 0.0015 -0.9162 0.4006
vn -0.2698 0.3860 0.8821
vn -0.2956 0.1938 0.9354
vn -0.3013 -0.0001 0.9535
vn -0.2956 -0.1939 0.9354
vn -0.2698 -0.3860 0.8821
vn 0.0420 -0.9796 0.1966
vn -0.1557 0.9197 0.3603
vn -0.2252 0.8340 0.5037
vn -0.2780 0.7039 0.6537
vn -0.3470 0.5578 0.7540
vn -0.4643 0.3839 0.7981
vn -0.4829 0.1933 0.8541
vn -0.4921 -0.0000 0.8705
vn -0.4829 -0.1933 0.8541
vn -0.4643 -0.3839 0.7981
vn -0.3432 -0.5620 0.7525
vn -0.2679 -0.7004 0.6616
vn -0.0861 0.9786 0.1866
vn -0.6036 0.3832 0.6992
vn -0.6479 0.1921 0.7371
vn -0.6602 -0.0000 0.7511
vn -0.6479 -0.1921 0.7371
vn -0.6035 -0.3833 0.6992
vn -0.2807 -0.8289 0.4839
vn -0.1849 -0.9223 0.3394
vn -0.4163 0.8227 0.3872
vn -0.5172 0.6986 0.4945
vn -0.6183 0.5565 0.5550
vn -0.7455 0.3776 0.5492
vn -0.7835 0.1902 0.5915
vn -0.7981 -0.0000 0.6025
vn -0.7835 -0.1902 0.5915
vn -0.7456 -0.3780 0.5488
vn -0.6188 -0.5538 0.5572
vn -0.5164 -0.6958 0.4992
vn -0.4874 -0.8265 0.2815
vn -0.3448 0.9173 0.1991
vn -0.8316 0.3755 0.4092
vn -0.8851 0.1881 0.4257
vn -0.9012 -0.0000 0.4334
vn -0.8851 -0.1881 0.4257
vn -0.8314 -0.3763 0.4088
vn -0.6450 -0.6957 0.3163
vn -0.3415 -0.9152 0.2140
vn 0.0001 -1.0000 0.0006
vn -0.5446 0.8168 0.1901
vn -0.6744 0.6925 0.2562
vn -0.7874 0.5455 0.2871
vn -0.9028 0.3636 0.2296
vn -0.9509 0.1860 0.2475
vn -0.9678 -0.0000 0.2519
vn -0.9509 -0.1860 0.2475
vn -0.9017 -0.3704 0.2232
vn -0.7913 -0.5432 0.2808
vn -0.5762 -0.8171 0.0196
vn -0.4042 0.9137 -0.0425
vn -0.8412 0.5379 0.0561
vn -0.9268 0.3709 0.0586
vn -0.9808 0.1842 0.0640
vn -0.9979 -0.0000 0.0652
vn -0.9808 -0.1841 0.0640
vn -0.9268 -0.3693 0.0686
vn -0.7152 -0.6871 0.1283
vn -0.2130 0.9767 0.0268
vn -0.5755 0.8175 -0.0226
vn -0.7222 0.6916 -0.0120
vn -0.9259 0.3619 -0.1084
vn -0.9759 0.1830 -0.1189
vn -0.9927 -0.0000 -0.1209
vn -0.9759 -0.1829 -0.1189
vn -0.9261 -0.3584 -0.1176
vn -0.8445 -0.5346 -0.0321
vn -0.7158 -0.6917 -0.0959
vn -0.4099 -0.9118 0.0224
vn -0.1922 -0.9780 0.0810
vn -0.5079 0.8135 -0.2833
vn -0.8229 0.5333 -0.1958
vn -0.8844 0.3651 -0.2907
vn -0.9375 0.1826 -0.2961
vn -0.9536 -0.0000 -0.3012
vn -0.9375 -0.1826 -0.2961
vn -0.8860 -0.3678 -0.2823
vn -0.8085 -0.5291 -0.2578
vn -0.6810 0.6812 -0.2687
vn -0.8245 0.3667 -0.4309
vn -0.8671 0.1830 -0.4632
vn -0.8820 -0.0000 -0.4712
vn -0.8671 -0.1830 -0.4633
vn -0.8245 -0.3615 -0.4353
vn -0.6775 -0.6858 -0.2657
vn -0.3822 -0.9129 -0.1435
vn -0.3403 0.9119 -0.2294
vn -0.5214 0.6924 -0.4987
vn -0.7036 0.5341 -0.4687
vn -0.7241 0.3609 -0.5878
vn -0.7661 0.1842 -0.6157
vn -0.7794 -0.0000 -0.6265
vn -0.7661 -0.1842 -0.6157
vn -0.7179 -0.3683 -0.5908
vn -0.6950 -0.5354 -0.4799
vn -0.5082 -0.8150 -0.2785
vn -0.5397 0.5368 -0.6485
vn -0.5986 0.3739 -0.7084
vn -0.6363 0.1859 -0.7487
vn -0.6475 -0.0000 -0.7621
vn -0.6362 -0.1859 -0.7488
vn -0.6078 -0.3714 -0.7019
vn -0.5239 -0.6908 -0.4982
vn -0.1850 -0.9766 -0.1097
vn -0.3637 0.6890 -0.6269
vn -0.4582 0.3701 -0.8081
vn -0.4800 0.1881 -0.8568
vn -0.4887 -0.0000 -0.8724
vn -0.4800 -0.1881 -0.8568
vn -0.4435 -0.3752 -0.8140
vn -0.4686 -0.5430 -0.6968
vn -0.2879 -0.6992 -0.6544
vn -0.2620 -0.9143 -0.3087
vn -0.1469 0.9770 -0.1546
vn -0.1788 0.9174 -0.3554
vn -0.2688 0.8283 -0.4916
vn -0.3231 0.5469 -0.7723
vn -0.2740 0.3787 -0.8840
vn -0.3016 0.1902 -0.9343
vn -0.3072 -0.0000 -0.9516
vn -0.3016 -0.1902 -0.9343
vn -0.2926 -0.3790 -0.8779
vn -0.2647 -0.8250 -0.4994
vn -0.1543 0.7037 -0.6936
vn 0.0084 0.5556 -0.8314
vn -0.1087 0.3827 -0.9174
vn -0.1071 0.1920 -0.9755
vn -0.1091 -0.0001 -0.9940
vn -0.1071 -0.1920 -0.9755
vn -0.0900 -0.3820 -0.9198
vn -0.1619 -0.5515 -0.8183
vn -0.0235 -0.7059 -0.7079
vn 0.0774 0.9787 -0.1902
vn 0.0756 0.6998 -0.7103
vn 0.1064 0.3842 -0.9171
vn 0.0993 0.1971 -0.9753
vn 0.0971 -0.0000 -0.9953
vn 0.0953 -0.1934 -0.9765
vn 0.0819 -0.3852 -0.9192
vn 0.2862 -0.3853 -0.8773
vn 0.0541 -0.8309 -0.5539
vn -0.0030 -0.9204 -0.3909
vn -0.0258 -0.9777 -0.2086
vn 0.1245 0.8333 -0.5385
vn 0.0065 0.1907 -0.9816
vn -0.0000 -0.0000 -1.0000
vn -0.0000 -0.1939 -0.9810
vn 0.0802 -0.5590 -0.8253
vn 0.0415 0.9219 -0.3853
vn -0.0805 0.6965 -0.7131
vn -0.0909 0.5531 -0.8282
vn -0.0881 0.3887 -0.9171
vn -0.2095 0.1932 -0.9585
vn -0.2072 -0.0000 -0.9783
vn -0.2071 -0.1971 -0.9583
vn -0.1900 -0.3841 -0.9035
vn -0.0566 -0.7044 -0.7075
vn -0.1718 0.8278 -0.5341
vn -0.3570 0.6967 -0.6223
vn -0.3621 0.3825 -0.8500
vn -0.3939 0.2023 -0.8966
vn -0.4034 -0.0000 -0.9150
vn -0.3904 -0.1892 -0.9010
vn -0.2574 -0.5494 -0.7949
vn -0.2976 -0.6971 -0.6523
vn -0.1678 -0.8299 -0.5321
vn -0.4057 0.5523 -0.7282
vn -0.5651 0.1899 -0.8029
vn -0.5795 -0.0000 -0.8150
vn -0.5743 -0.1895 -0.7964
vn -0.4531 -0.3760 -0.8083
vn -0.1387 -0.9213 -0.3632
vn -0.0959 -0.9779 -0.1859
vn -0.2258 0.9205 -0.3189
vn -0.5731 0.6886 -0.4443
vn -0.6044 0.3808 -0.6998
vn -0.7191 0.1893 -0.6686
vn -0.7288 -0.0000 -0.6848
vn -0.7110 -0.1935 -0.6760
vn -0.6731 -0.3779 -0.6357
vn -0.5577 -0.5478 -0.6236
vn -0.4755 -0.6963 -0.5376
vn -0.3776 -0.8215 -0.4273
vn -0.2032 0.9764 -0.0735
vn -0.4199 0.8221 -0.3845
vn -0.6694 0.5445 -0.5054
vn -0.7846 0.3738 -0.4947
vn -0.8280 0.1918 -0.5269
vn -0.8469 0.0001 -0.5317
vn -0.8322 -0.1859 -0.5224
vn -0.7811 -0.3732 -0.5005
vn -0.3120 -0.9173 -0.2475
vn -0.0004 1.0000 -0.0005
vn -0.6707 0.6869 -0.2799
vn -0.8128 0.5342 -0.2324
vn -0.8626 0.3700 -0.3449
vn -0.9160 0.1842 -0.3564
vn -0.9319 -0.0000 -0.3626
vn -0.9160 -0.1841 -0.3564
vn -0.8707 -0.3674 -0.3270
vn -0.7565 -0.5425 -0.3653
vn -0.6461 -0.6881 -0.3301
vn -0.5212 -0.8139 -0.2568
vn -0.3814 0.9145 -0.1348
vn -0.5518 0.8188 -0.1584
vn -0.9186 0.3584 -0.1667
vn -0.9664 0.1830 -0.1806
vn -0.9830 -0.0000 -0.1837
vn -0.9664 -0.1830 -0.1806
vn -0.9128 -0.3671 -0.1789
vn -0.7288 0.6819 -0.0618
vn -0.8463 0.5326 0.0107
vn -0.9299 0.3678 0.0023
vn -0.9832 0.1826 -0.0000
vn -1.0000 -0.0000 -0.0000
vn -0.9832 -0.1826 -0.0000
vn -0.9309 -0.3652 0.0108
vn -0.8405 -0.5381 -0.0638
vn -0.7287 -0.6795 -0.0857
vn -0.5838 -0.8119 0.0022
vn -0.3998 -0.9126 -0.0853
vn -0.3909 0.9131 0.1158
vn -0.5757 0.8155 0.0589
vn -0.9173 0.3616 0.1667
vn -0.9664 0.1830 0.1806
vn -0.9830 -0.0000 0.1837
vn -0.9664 -0.1830 0.1806
vn -0.9160 -0.3667 0.1625
vn -0.2116 -0.9768 -0.0315
vn -0.7021 0.6855 0.1928
vn -0.8041 0.5401 0.2483
vn -0.8625 0.3682 0.3472
vn -0.9160 0.1841 0.3564
vn -0.9319 -0.0000 0.3627
vn -0.9160 -0.1841 0.3564
vn -0.8625 -0.3682 0.3472
vn -0.8073 -0.5374 0.2436
vn -0.7083 -0.6809 0.1862
vn -0.3831 -0.9170 0.1107
vn -0.4704 0.8213 0.3228
vn -0.7909 0.3715 0.4863
vn -0.8322 0.1859 0.5224
vn -0.8469 -0.0000 0.5317
vn -0.8322 -0.1859 0.5224
vn -0.7909 -0.3714 0.4863
vn -0.6192 -0.6880 0.3785
vn -0.5169 -0.8158 0.2595
vn -0.5740 0.6954 0.4324
vn -0.6586 0.5483 0.5155
vn -0.6747 0.3676 0.6400
vn -0.7158 0.1880 0.6725
vn -0.7288 -0.0000 0.6847
vn -0.7158 -0.1880 0.6725
vn -0.6747 -0.3676 0.6400
vn -0.6657 -0.5415 0.5134
vn -0.2951 -0.9165 0.2702
vn -0.1772 0.9768 0.1199
vn -0.4851 0.5495 0.6803
vn -0.5337 0.3814 0.7547
vn -0.5691 0.1904 0.7999
vn -0.5796 0.0001 0.8149
vn -0.5691 -0.1903 0.8000
vn -0.5337 -0.3814 0.7548
vn -0.4759 -0.5484 0.6876
vn -0.4644 -0.6987 0.5442
vn -0.3710 -0.8212 0.4336
vn -0.3794 0.7008 0.6041
vn -0.3779 0.3773 0.8455
vn -0.3960 0.1923 0.8979
vn -0.4034 0.0001 0.9150
vn -0.3960 -0.1922 0.8979
vn -0.3779 -0.3773 0.8455
vn -0.1993 0.9192 0.3397
vn -0.2176 0.8270 0.5183
vn -0.1376 0.7033 0.6974
vn -0.2336 0.5548 0.7985
vn -0.1802 0.3844 0.9054
vn -0.2032 0.1934 0.9599
vn -0.2070 -0.0000 0.9783
vn -0.2032 -0.1934 0.9599
vn -0.1802 -0.3844 0.9054
vn -0.2356 -0.5600 0.7943
vn -0.2226 -0.7071 0.6711
vn -0.1598 -0.8290 0.5360
vn -0.1220 -0.9163 0.3814
vn -0.0085 0.3859 0.9225
vn -0.0000 0.1939 0.9810
vn -0.0000 -0.0000 1.0000
vn -0.0000 -0.1939 0.9810
vn -0.0085 -0.3860 0.9225
vn -0.0992 -0.9796 0.1748
vn 0.0400 0.9197 0.3905
vn 0.0630 0.8340 0.5481
vn 0.0681 0.7039 0.7071
vn 0.1038 0.5576 0.8236
vn 0.2024 0.3836 0.9010
vn 0.2032 0.1934 0.9599
vn 0.2070 -0.0000 0.9783
vn 0.2032 -0.1934 0.9598
vn 0.2024 -0.3836 0.9010
vn 0.1007 -0.5620 0.8210
vn 0.0562 -0.7005 0.7115
vn 0.0258 0.9786 0.2039
vn 0.3652 0.3829 0.8485
vn 0.3960 0.1923 0.8979
vn 0.4034 -0.0000 0.9150
vn 0.3960 -0.1923 0.8979
vn 0.3652 -0.3829 0.8485
vn 0.1220 -0.8288 0.5461
vn 0.0741 -0.9223 0.3793
vn 0.2803 0.8227 0.4946
vn 0.3442 0.6987 0.6272
vn 0.4226 0.5563 0.7155
vn 0.5457 0.3772 0.7483
vn 0.5691 0.1904 0.7999
vn 0.5796 -0.0001 0.8149
vn 0.5691 -0.1904 0.7999
vn 0.5459 -0.3777 0.7479
vn 0.4224 -0.5536 0.7177
vn 0.3421 -0.6959 0.6315
vn 0.3800 -0.8265 0.4154
vn 0.2689 0.9173 0.2937
vn 0.6697 0.3754 0.6407
vn 0.7158 0.1880 0.6725
vn 0.7288 -0.0001 0.6847
vn 0.7158 -0.1881 0.6725
vn 0.6696 -0.3763 0.6403
vn 0.5198 -0.6956 0.4959
vn 0.2611 -0.9152 0.3069
vn -0.0003 -1.0000 0.0005
vn 0.4622 0.8168 0.3454
vn 0.5659 0.6926 0.4473
vn 0.6644 0.5455 0.5109
vn 0.7918 0.3635 0.4909
vn 0.8322 0.1859 0.5224
vn 0.8469 -0.0000 0.5317
vn 0.8322 -0.1859 0.5224
vn 0.7925 -0.3704 0.4845
vn 0.6699 -0.5432 0.5061
vn 0.5435 -0.8171 0.1922
vn 0.3982 0.9137 0.0812
vn 0.7852 0.5378 0.3068
vn 0.8662 0.3708 0.3350
vn 0.9160 0.1841 0.3564
vn 0.9319 -0.0000 0.3627
vn 0.9160 -0.1841 0.3564
vn 0.8631 -0.3693 0.3446
vn 0.6432 -0.6872 0.3377
vn 0.1949 0.9767 0.0896
vn 0.5556 0.8175 0.1518
vn 0.6923 0.6915 0.2060
vn 0.9155 0.3619 0.1755
vn 0.9664 0.1830 0.1806
vn 0.9830 -0.0000 0.1837
vn 0.9664 -0.1830 0.1806
vn 0.9185 -0.3585 0.1667
vn 0.8149 -0.5347 0.2237
vn 0.7114 -0.6917 0.1241
vn 0.3842 -0.9118 0.1448
vn 0.1589 -0.9780 0.1351
vn 0.5696 0.8135 -0.1171
vn 0.8437 0.5333 0.0611
vn 0.9309 0.3652 -0.0108
vn 0.9832 0.1826 -0.0000
vn 1.0000 -0.0000 -0.0000
vn 0.9832 -0.1826 -0.0000
vn 0.9299 -0.3678 -0.0023
vn 0.8486 -0.5290 -0.0023
vn 0.7304 0.6811 -0.0512
vn 0.9160 0.3667 -0.1625
vn 0.9664 0.1830 -0.1806
vn 0.9830 -0.0000 -0.1837
vn 0.9664 -0.1830 -0.1806
vn 0.9173 -0.3616 -0.1666
vn 0.7261 -0.6858 -0.0493
vn 0.4078 -0.9128 -0.0217
vn 0.3936 0.9119 -0.1163
vn 0.6474 0.6924 -0.3185
vn 0.8122 0.5340 -0.2350
vn 0.8675 0.3607 -0.3424
vn 0.9160 0.1841 -0.3564
vn 0.9319 -0.0000 -0.3626
vn 0.9160 -0.1841 -0.3564
vn 0.8624 -0.3683 -0.3472
vn 0.8074 -0.5353 -0.2483
vn 0.5685 -0.8150 -0.1125
vn 0.7099 0.5368 -0.4558
vn 0.7842 0.3739 -0.4953
vn 0.8322 0.1859 -0.5224
vn 0.8469 -0.0000 -0.5317
vn 0.8322 -0.1859 -0.5224
vn 0.7909 -0.3716 -0.4862
vn 0.6498 -0.6907 -0.3174
vn 0.2094 -0.9766 -0.0489
vn 0.5356 0.6889 -0.4884
vn 0.6803 0.3703 -0.6325
vn 0.7158 0.1880 -0.6725
vn 0.7288 -0.0000 -0.6847
vn 0.7158 -0.1880 -0.6725
vn 0.6680 -0.3753 -0.6426
vn 0.6567 -0.5430 -0.5233
vn 0.4715 -0.6994 -0.5372
vn 0.3429 -0.9143 -0.2155
vn 0.1866 0.9770 -0.1031
vn 0.2775 0.9175 -0.2850
vn 0.4045 0.8282 -0.3879
vn 0.5406 0.5470 -0.6392
vn 0.5275 0.3787 -0.7604
vn 0.5689 0.1902 -0.8001
vn 0.5795 -0.0000 -0.8150
vn 0.5690 -0.1902 -0.8001
vn 0.5435 -0.3787 -0.7492
vn 0.4028 -0.8250 -0.3965
vn 0.3561 0.7035 -0.6151
vn 0.2424 0.5555 -0.7954
vn 0.3799 0.3829 -0.8421
vn 0.3959 0.1921 -0.8980
vn 0.4034 -0.0000 -0.9150
vn 0.3959 -0.1920 -0.8980
vn 0.3628 -0.3820 -0.8500
vn 0.4008 -0.5516 -0.7315
vn 0.2356 -0.7060 -0.6679
vn -0.0165 0.9787 -0.2047
vn 0.1420 0.6997 -0.7002
vn 0.1747 0.3843 -0.9065
vn 0.1991 0.1973 -0.9599
vn 0.2072 0.0001 -0.9783
vn 0.2033 -0.1934 -0.9598
vn 0.1988 -0.3854 -0.9011
vn -0.0086 -0.3853 -0.9228
vn 0.1152 -0.8308 -0.5445
vn 0.1206 -0.9204 -0.3719
vn 0.0874 -0.9777 -0.1912
vn -0.6541 0.3761 -0.6563
vn -0.6549 0.6553 -0.3766
vn -0.6565 0.7543 -0.0000
vn -0.6548 0.6553 0.3765
vn -0.6540 0.3762 0.6563
vn -0.6542 -0.0031 0.7563
vn -0.6500 -0.3886 0.6531
vn -0.6525 -0.6621 0.3686
vn -0.6499 -0.7600 -0.0000
vn -0.6525 -0.6621 -0.3685
vn -0.6499 -0.3888 -0.6530
vn -0.6542 -0.0035 -0.7563
vn 0.0266 0.4906 -0.8710
vn 0.0117 0.8668 -0.4984
vn 0.0138 0.9999 -0.0000
vn 0.0117 0.8669 0.4984
vn 0.0266 0.4905 0.8710
vn 0.0011 -0.0105 0.9999
vn -0.0157 -0.8631 0.5048
vn -0.0194 -0.9998 -0.0000
vn -0.0157 -0.8632 -0.5047
vn 0.0011 -0.0101 -0.9999
vn 0.0709 0.8622 -0.5015
vn 0.0684 0.9977 -0.0000
vn 0.0709 0.8623 0.5015
vn -0.0362 -0.4965 0.8673
vn -0.0610 -0.8634 0.5008
vn -0.0790 -0.9969 -0.0000
vn -0.0610 -0.8635 -0.5007
vn -0.0362 -0.4965 -0.8673
vn 0.0812 0.4900 -0.8679
vn 0.1497 0.8525 -0.5009
vn 0.1652 0.9863 -0.0000
vn 0.1497 0.8525 0.5009
vn 0.0812 0.4900 0.8680
vn -0.0046 -0.0274 0.9996
vn -0.0813 -0.4979 0.8634
vn -0.1480 -0.8563 0.4948
vn -0.1803 -0.9836 -0.0000
vn -0.1479 -0.8564 -0.4947
vn -0.0813 -0.4979 -0.8634
vn -0.0064 -0.0263 -0.9996
vn 0.1633 0.4694 -0.8677
vn 0.2690 0.8230 -0.5002
vn 0.2234 0.9471 -0.2304
vn -0.9943 -0.1065 -0.0076
vn -0.2391 -0.2426 -0.9402
vn 0.2178 0.1455 -0.9651
vn 0.6895 -0.7221 0.0563
vn -0.2243 -0.9265 -0.3023
vn -0.2623 -0.8288 -0.4943
vn -0.1570 -0.4831 -0.8614
vn 0.2507 0.4260 -0.8693
vn 0.3683 0.7849 -0.4983
vn 0.4687 0.8454 -0.2561
vn -0.1371 -0.7414 -0.6570
vn 0.5002 0.4687 0.7281
vn -0.1390 -0.2776 0.9506
vn -0.0251 0.2360 -0.9714
vn -0.8677 0.4607 -0.1865
vn -0.4678 -0.8436 -0.2639
vn -0.3746 -0.7856 -0.4924
vn -0.2155 -0.4597 -0.8615
vn -0.0115 -0.0157 -0.9998
vn 0.4866 0.7177 -0.4982
vn 0.5569 0.8305 -0.0000
vn 0.4866 0.7176 0.4982
vn -0.2914 -0.4300 0.8545
vn -0.4851 -0.7272 0.4856
vn -0.5541 -0.8325 -0.0000
vn -0.4851 -0.7272 -0.4857
vn -0.2914 -0.4299 -0.8545
vn 0.3406 0.3701 -0.8643
vn 0.5924 0.6384 -0.4913
vn 0.6864 0.7273 -0.0000
vn 0.5925 0.6385 0.4913
vn 0.3406 0.3701 0.8643
vn -0.0091 -0.0092 0.9999
vn -0.3541 -0.3769 0.8559
vn -0.5963 -0.6394 0.4855
vn -0.6743 -0.7384 -0.0000
vn -0.5963 -0.6393 -0.4855
vn -0.3541 -0.3768 -0.8560
vn -0.0091 -0.0092 -0.9999
vn 0.3980 0.3022 -0.8662
vn 0.6679 0.5581 -0.4923
vn 0.7767 0.6299 -0.0000
vn 0.6680 0.5581 0.4923
vn 0.3979 0.3021 0.8663
vn -0.0132 -0.0092 0.9999
vn -0.4009 -0.3292 0.8549
vn -0.6770 -0.5548 0.4836
vn -0.7682 -0.6402 -0.0000
vn -0.6770 -0.5548 -0.4836
vn -0.4009 -0.3292 -0.8549
vn -0.0130 -0.0092 -0.9999
vn 0.7289 0.4823 -0.4859
vn 0.8332 0.5530 -0.0000
vn 0.7290 0.4822 0.4859
vn -0.4327 -0.2856 0.8551
vn -0.7278 -0.4871 0.4827
vn -0.8280 -0.5608 -0.0000
vn -0.7278 -0.4872 -0.4827
vn -0.4325 -0.2855 -0.8552
vn 0.4427 0.2597 -0.8583
vn 0.7573 0.4387 -0.4837
vn 0.8663 0.4995 -0.0000
vn 0.7573 0.4387 0.4838
vn 0.4438 0.2600 0.8576
vn -0.0047 -0.0017 1.0000
vn -0.4488 -0.2591 0.8552
vn -0.7575 -0.4388 0.4833
vn -0.8658 -0.5005 -0.0000
vn -0.7576 -0.4388 -0.4833
vn -0.4480 -0.2588 -0.8558
vn -0.0053 -0.0021 -1.0000
vn 0.8664 0.4993 -0.0000
vn 0.0203 0.0126 0.9997
vn -0.4442 -0.2551 0.8588
vn -0.7564 -0.4374 0.4863
vn -0.7572 -0.4356 -0.4867
vn -0.4481 -0.2566 -0.8564
vn 0.4498 0.2569 -0.8554
vn 0.7567 0.4377 -0.4856
vn 0.7567 0.4376 0.4856
vn 0.4490 0.2561 0.8560
vn -0.8665 -0.4991 -0.0028
vn 0.0188 0.0119 -0.9998
vn 0.4203 0.3042 -0.8549
vn 0.7116 0.5096 -0.4837
vn 0.8431 0.5377 -0.0000
vn 0.7115 0.5097 0.4836
vn 0.4199 0.3042 0.8551
vn -0.4092 -0.2998 0.8618
vn -0.7092 -0.5056 0.4912
vn -0.8194 -0.5732 0.0002
vn -0.7361 -0.4705 -0.4866
vn -0.4099 -0.2983 -0.8620
vn 0.7846 0.6200 -0.0000
vn -0.6701 -0.5549 -0.4929
vn 0.3511 0.3835 -0.8542
vn 0.6392 0.5954 -0.4867
vn 0.7210 0.6929 -0.0000
vn 0.6392 0.5955 0.4867
vn 0.3510 0.3833 0.8543
vn 0.0136 0.0136 0.9998
vn -0.3632 -0.3475 0.8645
vn -0.6255 -0.6029 0.4953
vn -0.7250 -0.6887 -0.0018
vn -0.3643 -0.3482 -0.8637
vn 0.0137 0.0138 -0.9998
vn -0.5245 -0.6864 -0.5037
vn 0.5348 0.6909 -0.4864
vn 0.6098 0.7926 -0.0000
vn 0.5348 0.6910 0.4864
vn -0.2567 -0.4138 0.8734
vn -0.4591 -0.7291 0.5075
vn -0.5422 -0.8402 -0.0051
vn -0.2580 -0.4172 -0.8714
vn 0.2466 0.4500 -0.8583
vn 0.4092 0.7664 -0.4951
vn 0.4640 0.8858 -0.0000
vn 0.4092 0.7665 0.4951
vn 0.2466 0.4500 0.8583
vn 0.0138 0.0371 0.9992
vn 0.0137 0.0371 -0.9992
vn -0.2609 -0.8190 -0.5110
vn 0.1007 0.5079 -0.8555
vn 0.2633 0.8319 -0.4884
vn 0.2957 0.9553 -0.0000
vn 0.2633 0.8319 0.4884
vn 0.1007 0.5079 0.8555
vn -0.0938 -0.4696 0.8779
vn -0.1837 -0.8378 0.5141
vn -0.2147 -0.9767 -0.0068
vn -0.0935 -0.4745 -0.8753
vn 0.0899 0.8639 -0.4956
vn 0.1182 0.9930 -0.0000
vn 0.0899 0.8638 0.4957
vn 0.0412 -0.8576 -0.5127
vn -0.0680 0.5079 -0.8587
vn -0.0474 0.8664 -0.4972
vn -0.0558 0.9984 -0.0000
vn -0.0475 0.8663 0.4973
vn -0.0680 0.5080 0.8587
vn -0.0104 0.0371 0.9993
vn 0.0530 -0.4796 0.8759
vn 0.1105 -0.8514 0.5128
vn 0.1393 -0.9902 -0.0067
vn 0.0535 -0.4827 -0.8742
vn -0.0104 0.0371 -0.9993
vn -0.1998 0.8470 -0.4927
vn -0.2197 0.9756 -0.0000
vn -0.1997 0.8469 0.4928
vn 0.2892 -0.8123 -0.5065
vn -0.2107 0.4683 -0.8581
vn -0.3509 0.7964 -0.4926
vn -0.3968 0.9179 -0.0000
vn -0.3509 0.7964 0.4926
vn -0.2108 0.4683 0.8581
vn 0.1954 -0.4491 0.8719
vn 0.3396 -0.7929 0.5059
vn 0.4025 -0.9154 -0.0050
vn 0.1966 -0.4513 -0.8705
vn 0.4657 -0.7296 -0.5008
vn -0.2980 0.4206 -0.8569
vn -0.5064 0.7116 -0.4870
vn -0.5732 0.8194 -0.0000
vn -0.5064 0.7116 0.4871
vn -0.2980 0.4206 0.8569
vn -0.0188 0.0176 0.9997
vn 0.2849 -0.4063 0.8682
vn 0.5049 -0.7048 0.4983
vn 0.5852 -0.8109 -0.0039
vn 0.2864 -0.4075 -0.8671
vn -0.0187 0.0176 -0.9997
vn 0.5925 -0.6350 -0.4957
vn -0.3778 0.3565 -0.8545
vn -0.6267 0.6088 -0.4864
vn -0.7107 0.7035 -0.0000
vn -0.6267 0.6088 0.4865
vn -0.3778 0.3565 0.8545
vn 0.3796 -0.3159 0.8696
vn 0.6179 -0.6090 0.4973
vn 0.7190 -0.6950 -0.0034
vn 0.3818 -0.3165 -0.8684
vn 0.6993 -0.5192 -0.4914
vn -0.4518 0.2690 -0.8506
vn -0.7145 0.5080 -0.4811
vn -0.8142 0.5806 -0.0000
vn -0.7145 0.5080 0.4811
vn -0.4518 0.2689 0.8506
vn -0.0187 0.0099 0.9998
vn 0.7190 -0.4903 0.4926
vn 0.8267 -0.5626 -0.0032
vn -0.0187 0.0099 -0.9998
vn 0.7861 -0.3776 -0.4894
vn -0.7871 0.3882 -0.4793
vn -0.8857 0.4642 -0.0000
vn -0.7871 0.3882 0.4793
vn 0.4612 -0.1965 0.8653
vn 0.8039 -0.3428 0.4861
vn 0.9272 -0.3745 -0.0035
vn 0.4608 -0.1972 -0.8653
vn -0.9420 0.3357 -0.0000
vn -0.4994 0.1670 -0.8501
vn -0.8343 0.2691 -0.4811
vn -0.8343 0.2691 0.4811
vn -0.4993 0.1671 0.8502
vn -0.0241 0.0050 0.9997
vn -0.0240 0.0050 -0.9997
vn 0.8508 -0.2057 -0.4836
vn -0.9832 0.1825 -0.0000
vn 0.4990 -0.0498 0.8652
vn 0.8569 -0.1741 0.4853
vn 0.5018 -0.0488 -0.8636
vn -0.5236 0.0755 -0.8486
vn -0.8696 0.1281 -0.4769
vn -0.8695 0.1282 0.4769
vn -0.5236 0.0755 0.8486
vn 0.9869 -0.1616 -0.0020
vn 0.8728 -0.0465 -0.4859
vn -0.9999 0.0111 -0.0000
vn 0.8746 -0.0078 0.4847
vn -0.5301 -0.0103 -0.8479
vn -0.8789 -0.0256 -0.4763
vn -0.8789 -0.0256 0.4763
vn -0.5301 -0.0102 0.8479
vn -0.0265 -0.0026 0.9996
vn 0.9997 0.0235 -0.0014
vn -0.0265 -0.0027 -0.9996
vn 0.8696 0.1047 -0.4825
vn -0.9855 -0.1696 -0.0000
vn 0.4993 0.0843 0.8623
vn 0.8643 0.1439 0.4820
vn 0.5007 0.0835 -0.8616
vn -0.5163 -0.1129 -0.8489
vn -0.8590 -0.1858 -0.4770
vn -0.8591 -0.1858 0.4770
vn -0.5163 -0.1128 0.8489
vn 0.9787 0.2052 -0.0015
vn 0.8321 0.2655 -0.4869
vn -0.9360 -0.3521 -0.0000
vn 0.4777 0.1776 0.8604
vn 0.8184 0.3064 0.4862
vn 0.4799 0.1785 -0.8589
vn -0.4874 -0.2015 -0.8496
vn -0.8065 -0.3466 -0.4790
vn -0.8065 -0.3467 0.4789
vn -0.4874 -0.2014 0.8496
vn -0.0273 -0.0137 0.9995
vn 0.9218 0.3877 -0.0017
vn -0.0273 -0.0137 -0.9995
vn 0.7615 0.4238 -0.4905
vn -0.8498 -0.5272 -0.0000
vn 0.4187 0.2706 0.8669
vn 0.7375 0.4646 0.4901
vn 0.4209 0.2721 -0.8653
vn -0.4302 -0.3035 -0.8502
vn -0.7147 -0.5036 -0.4854
vn -0.7147 -0.5036 0.4854
vn -0.4302 -0.3035 0.8502
vn 0.8217 0.5700 -0.0019
vn 0.6475 0.5787 -0.4958
vn -0.7495 -0.6621 -0.0000
vn 0.3475 0.3525 0.8689
vn 0.6104 0.6180 0.4955
vn 0.3495 0.3545 -0.8673
vn -0.3466 -0.3860 -0.8549
vn -0.5782 -0.6511 -0.4917
vn -0.5782 -0.6511 0.4917
vn -0.3466 -0.3860 0.8549
vn -0.0142 -0.0148 0.9998
vn 0.6653 0.7466 -0.0021
vn -0.0142 -0.0149 -0.9998
vn -0.6565 -0.7543 -0.0000
vn 0.4763 0.7215 -0.5026
vn -0.5546 -0.8321 -0.0000
vn 0.2324 0.4241 0.8753
vn 0.4198 0.7561 0.5022
vn 0.2341 0.4273 -0.8733
vn -0.2249 -0.4659 -0.8558
vn -0.4442 -0.7481 -0.4930
vn -0.4442 -0.7481 0.4930
vn -0.2249 -0.4659 0.8558
vn -0.0118 -0.0203 0.9997
vn 0.4287 0.9034 -0.0025
vn -0.0118 -0.0202 -0.9997
vn -0.4218 -0.9067 -0.0000
vn -0.3033 -0.8145 -0.4946
vn -0.3033 -0.8144 0.4946
vn 0.2315 0.8284 -0.5100
vn -0.2596 -0.9657 -0.0000
vn 0.0738 0.4685 0.8804
vn 0.1446 0.8502 0.5062
vn 0.0726 0.4729 -0.8781
vn -0.0982 -0.5021 -0.8592
vn -0.1543 -0.8527 -0.4991
vn -0.1543 -0.8527 0.4991
vn -0.0982 -0.5021 0.8592
vn -0.0026 -0.0313 0.9995
vn 0.0792 0.9969 0.0009
vn -0.0026 -0.0311 -0.9995
vn -0.0613 -0.9981 -0.0000
vn 0.0248 -0.5111 -0.8592
vn 0.0354 -0.8660 -0.4988
vn 0.0354 -0.8660 0.4988
vn 0.0248 -0.5112 0.8591
vn -0.0289 0.8621 -0.5059
vn 0.1658 -0.9862 -0.0000
vn -0.1252 0.4580 0.8801
vn -0.1206 0.8540 0.5062
vn -0.1270 0.4624 -0.8775
vn 0.1717 -0.4937 -0.8525
vn 0.2332 -0.8390 -0.4917
vn 0.2332 -0.8390 0.4917
vn 0.1717 -0.4937 0.8525
vn 0.0139 -0.0314 0.9994
vn -0.2568 0.9665 0.0046
vn -0.2331 0.8237 -0.5169
vn 0.0140 -0.0315 -0.9994
vn 0.3912 -0.9203 -0.0000
vn -0.3454 0.7940 0.5002
vn 0.4385 -0.7554 -0.4869
vn 0.4385 -0.7554 0.4869
vn -0.5056 0.8628 0.0058
vn -0.4352 0.7464 -0.5035
vn 0.3131 -0.4073 -0.8579
vn 0.5929 -0.8053 -0.0000
vn 0.3131 -0.4074 0.8579
vn -0.2984 0.3991 0.8670
vn -0.5264 0.6925 0.4933
vn -0.2988 0.4039 -0.8646
vn 0.6020 -0.6319 -0.4881
vn 0.6019 -0.6320 0.4881
vn 0.4427 0.4798 0.7575
vn -0.6897 0.7241 0.0020
vn -0.5935 0.6324 -0.4978
vn 0.4429 0.4796 -0.7575
vn 0.7219 0.2257 -0.6542
vn 0.7274 -0.6862 -0.0000
vn 0.7215 0.2252 0.6548
vn 0.1565 0.7431 0.6507
vn -0.0453 0.9307 0.3631
vn 0.1516 0.7438 -0.6510
vn 0.9287 0.0637 -0.3652
vn 1.0000 0.0027 0.0002
vn 0.9287 0.0639 0.3654
vn -0.1449 0.9894 0.0094
vn -0.0692 0.9247 -0.3744
vn 0.1245 0.8334 -0.5385
vn 0.0065 0.1906 -0.9816
vn -0.0000 -0.1938 -0.9810
vn 0.0802 -0.5592 -0.8252
vn 0.0416 0.9218 -0.3854
vn -0.0804 0.6967 -0.7129
vn -0.0909 0.5534 -0.8280
vn -0.2095 0.1931 -0.9586
vn -0.2071 -0.0000 -0.9783
vn -0.2070 -0.1971 -0.9583
vn -0.1899 -0.3842 -0.9035
vn -0.0565 -0.7045 -0.7075
vn -0.1717 0.8278 -0.5341
vn -0.3569 0.6968 -0.6222
vn -0.3939 0.2022 -0.8966
vn -0.4033 -0.0000 -0.9151
vn -0.3902 -0.1893 -0.9010
vn -0.2574 -0.5495 -0.7948
vn -0.2975 -0.6972 -0.6522
vn -0.4057 0.5525 -0.7281
vn -0.5652 0.1901 -0.8028
vn -0.5796 -0.0000 -0.8149
vn -0.5744 -0.1898 -0.7963
vn -0.1387 -0.9213 -0.3633
vn -0.5730 0.6886 -0.4443
vn -0.6044 0.3809 -0.6997
vn -0.7191 0.1894 -0.6685
vn -0.7288 -0.0001 -0.6847
vn -0.7111 -0.1937 -0.6759
vn -0.6732 -0.3779 -0.6356
vn -0.4754 -0.6965 -0.5374
vn -0.3776 -0.8214 -0.4273
vn -0.4200 0.8221 -0.3845
vn -0.7846 0.3737 -0.4947
vn -0.8280 0.1916 -0.5269
vn -0.8469 -0.0001 -0.5317
vn -0.8322 -0.1858 -0.5224
vn -0.7812 -0.3730 -0.5005
vn -0.3120 -0.9173 -0.2476
vn -0.6708 0.6868 -0.2799
vn -0.8127 0.5342 -0.2325
vn -0.8626 0.3699 -0.3450
vn -0.9160 0.1840 -0.3565
vn -0.9319 -0.0000 -0.3627
vn -0.9160 -0.1840 -0.3564
vn -0.5212 -0.8139 -0.2569
vn -0.3815 0.9145 -0.1348
vn -0.9185 0.3585 -0.1668
vn -0.9128 -0.3671 -0.1790
vn -0.7289 0.6818 -0.0618
vn -0.8463 0.5327 0.0107
vn -0.9299 0.3679 0.0023
vn -0.7287 -0.6794 -0.0856
vn -0.5837 -0.8119 0.0023
vn -0.3909 0.9131 0.1157
vn -0.9173 0.3616 0.1666
vn -0.2117 -0.9768 -0.0314
vn -0.7021 0.6855 0.1927
vn -0.8041 0.5402 0.2483
vn -0.8625 0.3683 0.3472
vn -0.9160 0.1842 0.3564
vn -0.9319 -0.0000 0.3626
vn -0.8625 -0.3683 0.3472
vn -0.8073 -0.5375 0.2436
vn -0.3831 -0.9170 0.1108
vn -0.7909 0.3716 0.4861
vn -0.8322 0.1858 0.5224
vn -0.8470 0.0001 0.5317
vn -0.8322 -0.1858 0.5224
vn -0.7909 -0.3716 0.4862
vn -0.6191 -0.6882 0.3784
vn -0.5168 -0.8158 0.2595
vn -0.5739 0.6955 0.4323
vn -0.6585 0.5485 0.5154
vn -0.6747 0.3678 0.6399
vn -0.7159 0.1877 0.6725
vn -0.7159 -0.1877 0.6725
vn -0.6748 -0.3677 0.6399
vn -0.6656 -0.5417 0.5134
vn -0.2952 -0.9164 0.2703
vn -0.4848 0.5498 0.6802
vn -0.5335 0.3815 0.7549
vn -0.5690 0.1900 0.8001
vn -0.5795 -0.0000 0.8149
vn -0.5690 -0.1900 0.8001
vn -0.5335 -0.3814 0.7549
vn -0.4757 -0.5486 0.6875
vn -0.4642 -0.6988 0.5442
vn -0.3710 -0.8211 0.4337
vn -0.3794 0.7009 0.6040
vn -0.3777 0.3773 0.8456
vn -0.3958 0.1922 0.8980
vn -0.4033 -0.0000 0.9151
vn -0.3958 -0.1922 0.8980
vn -0.3777 -0.3772 0.8456
vn -0.2176 0.8270 0.5184
vn -0.1377 0.7033 0.6975
vn -0.2032 0.1935 0.9598
vn -0.2070 -0.0001 0.9783
vn -0.2032 -0.1935 0.9598
vn -0.2355 -0.5600 0.7943
vn -0.2225 -0.7071 0.6712
vn -0.1598 -0.8289 0.5361
vn -0.1220 -0.9163 0.3815
vn -0.0085 0.3861 0.9224
vn -0.0085 -0.3861 0.9224
vn -0.0993 -0.9796 0.1748
vn 0.0400 0.9198 0.3904
vn 0.0631 0.8341 0.5481
vn 0.0682 0.7038 0.7071
vn 0.1039 0.5576 0.8236
vn 0.2024 0.3837 0.9010
vn 0.2031 0.1936 0.9598
vn 0.2032 -0.1936 0.9598
vn 0.2024 -0.3837 0.9010
vn 0.1007 -0.5619 0.8211
vn 0.0562 -0.7004 0.7115
vn 0.3651 0.3828 0.8486
vn 0.3958 0.1921 0.8980
vn 0.4033 -0.0000 0.9151
vn 0.3958 -0.1922 0.8980
vn 0.3650 -0.3829 0.8486
vn 0.1219 -0.8289 0.5460
vn 0.0741 -0.9223 0.3794
vn 0.3442 0.6986 0.6273
vn 0.4224 0.5565 0.7154
vn 0.5455 0.3774 0.7483
vn 0.5690 0.1899 0.8001
vn 0.5795 -0.0001 0.8149
vn 0.5690 -0.1899 0.8001
vn 0.5457 -0.3778 0.7480
vn 0.4222 -0.5537 0.7177
vn 0.3421 -0.6959 0.6314
vn 0.3800 -0.8265 0.4153
vn 0.2688 0.9173 0.2937
vn 0.6697 0.3758 0.6405
vn 0.7159 0.1878 0.6725
vn 0.7288 -0.0000 0.6847
vn 0.7159 -0.1877 0.6725
vn 0.6697 -0.3764 0.6402
vn 0.2612 -0.9152 0.3069
vn -0.0004 -1.0000 0.0006
vn 0.4621 0.8168 0.3454
vn 0.5659 0.6925 0.4474
vn 0.6644 0.5456 0.5108
vn 0.7918 0.3636 0.4907
vn 0.8322 0.1858 0.5224
vn 0.8470 -0.0000 0.5317
vn 0.8323 -0.1857 0.5224
vn 0.7926 -0.3704 0.4844
vn 0.6700 -0.5433 0.5060
vn 0.3981 0.9137 0.0812
vn 0.7853 0.5378 0.3069
vn 0.9319 -0.0000 0.3626
vn 0.6433 -0.6871 0.3377
vn 0.1950 0.9767 0.0897
vn 0.5555 0.8176 0.1517
vn 0.6923 0.6916 0.2060
vn 0.9155 0.3620 0.1755
vn 0.9664 -0.1831 0.1806
vn 0.8149 -0.5346 0.2237
vn 0.7114 -0.6918 0.1241
vn 0.3841 -0.9119 0.1448
vn 0.5697 0.8135 -0.1172
vn 0.8437 0.5334 0.0611
vn 0.9832 -0.1827 -0.0000
vn 0.9160 0.3667 -0.1626
vn 0.9173 -0.3616 -0.1667
vn 0.7262 -0.6857 -0.0493
vn 0.4077 -0.9129 -0.0217
vn 0.3937 0.9119 -0.1163
vn 0.6475 0.6923 -0.3185
vn 0.8675 0.3607 -0.3425
vn 0.9319 -0.0000 -0.3627
vn 0.8624 -0.3684 -0.3472
vn 0.8073 -0.5353 -0.2483
vn 0.7100 0.5367 -0.4559
vn 0.7843 0.3737 -0.4953
vn 0.8470 -0.0000 -0.5317
vn 0.7910 -0.3714 -0.4862
vn 0.6498 -0.6907 -0.3173
vn 0.5357 0.6888 -0.4884
vn 0.6804 0.3701 -0.6325
vn 0.7159 0.1880 -0.6724
vn 0.7289 -0.0000 -0.6847
vn 0.7159 -0.1880 -0.6724
vn 0.6681 -0.3754 -0.6425
vn 0.6567 -0.5431 -0.5232
vn 0.4716 -0.6992 -0.5373
vn 0.3428 -0.9143 -0.2155
vn 0.2776 0.9174 -0.2851
vn 0.5406 0.5471 -0.6391
vn 0.5276 0.3788 -0.7604
vn 0.5690 0.1901 -0.8000
vn 0.5796 -0.0000 -0.8149
vn 0.5690 -0.1901 -0.8000
vn 0.5434 -0.3791 -0.7490
vn 0.4028 -0.8250 -0.3964
vn 0.3560 0.7036 -0.6150
vn 0.2424 0.5556 -0.7953
vn 0.3799 0.3827 -0.8422
vn 0.3958 0.1922 -0.8980
vn 0.4033 -0.0000 -0.9151
vn 0.3958 -0.1921 -0.8980
vn 0.3628 -0.3819 -0.8500
vn 0.2355 -0.7060 -0.6679
vn -0.0165 0.9787 -0.2048
vn 0.1419 0.6998 -0.7001
vn 0.1747 0.3841 -0.9066
vn 0.1990 0.1972 -0.9600
vn 0.2071 -0.0000 -0.9783
vn 0.2032 -0.1934 -0.9599
vn 0.1987 -0.3852 -0.9012
vn -0.0086 -0.3854 -0.9227
vn 0.1152 -0.8308 -0.5446
vn 0.1245 0.8333 -0.5386
vn 0.0801 -0.5591 -0.8252
vn -0.0805 0.6964 -0.7131
vn -0.0909 0.5533 -0.8280
vn -0.2095 0.1929 -0.9586
vn -0.1900 -0.3842 -0.9035
vn -0.1718 0.8277 -0.5342
vn -0.3570 0.6966 -0.6223
vn -0.3621 0.3827 -0.8500
vn -0.3939 0.2021 -0.8966
vn -0.1678 -0.8298 -0.5322
vn -0.5651 0.1900 -0.8029
vn -0.5795 0.0001 -0.8150
vn -0.5743 -0.1898 -0.7963
vn -0.4530 -0.3762 -0.8082
vn -0.1388 -0.9213 -0.3633
vn -0.0960 -0.9779 -0.1858
vn -0.2258 0.9205 -0.3190
vn -0.5729 0.6887 -0.4443
vn -0.6043 0.3810 -0.6997
vn -0.7191 0.1894 -0.6686
vn -0.7110 -0.1936 -0.6760
vn -0.4755 -0.6964 -0.5375
vn -0.3777 -0.8214 -0.4273
vn -0.6694 0.5446 -0.5053
vn -0.7846 0.3739 -0.4947
vn -0.8470 -0.0000 -0.5317
vn -0.7812 -0.3731 -0.5005
vn -0.6705 0.6870 -0.2799
vn -0.8127 0.5343 -0.2324
vn -0.8707 -0.3675 -0.3270
vn -0.5211 -0.8139 -0.2569
vn -0.5519 0.8188 -0.1584
vn -0.9185 0.3585 -0.1667
vn -0.7289 0.6819 -0.0619
vn -0.8405 -0.5380 -0.0638
vn -0.5837 -0.8120 0.0022
vn -0.3997 -0.9127 -0.0853
vn -0.2117 -0.9768 -0.0315
vn -0.7021 0.6856 0.1927
vn -0.8040 0.5402 0.2483
vn -0.8624 0.3684 0.3472
vn -0.9160 0.1841 0.3565
vn -0.9160 -0.1841 0.3565
vn -0.8624 -0.3684 0.3472
vn -0.7084 -0.6809 0.1862
vn -0.3830 -0.9171 0.1108
vn -0.4703 0.8213 0.3228
vn -0.6190 -0.6882 0.3784
vn -0.5739 0.6956 0.4323
vn -0.6585 0.5483 0.5154
vn -0.6748 0.3675 0.6399
vn -0.7158 0.1881 0.6725
vn -0.7158 -0.1881 0.6725
vn -0.6748 -0.3676 0.6399
vn -0.6657 -0.5415 0.5135
vn -0.1771 0.9769 0.1199
vn -0.4849 0.5498 0.6802
vn -0.5337 0.3814 0.7548
vn -0.5691 0.1902 0.8000
vn -0.5796 -0.0000 0.8149
vn -0.5691 -0.1902 0.8000
vn -0.4758 -0.5485 0.6875
vn -0.4643 -0.6988 0.5442
vn -0.3793 0.7009 0.6040
vn -0.3778 0.3774 0.8455
vn -0.3959 0.1919 0.8980
vn -0.3959 -0.1919 0.8980
vn -0.3777 -0.3775 0.8455
vn -0.1994 0.9192 0.3397
vn -0.2176 0.8269 0.5185
vn -0.1376 0.7034 0.6973
vn -0.2335 0.5551 0.7984
vn -0.1802 0.3842 0.9055
vn -0.2032 0.1933 0.9599
vn -0.2070 0.0001 0.9783
vn -0.2032 -0.1932 0.9599
vn -0.1802 -0.3843 0.9055
vn -0.2356 -0.5601 0.7942
vn -0.2225 -0.7074 0.6709
vn -0.1598 -0.8291 0.5358
vn -0.1220 -0.9162 0.3817
vn -0.0085 0.3855 0.9227
vn -0.0000 0.1936 0.9811
vn -0.0000 -0.1936 0.9811
vn -0.0085 -0.3856 0.9226
vn -0.0992 -0.9796 0.1749
vn 0.0630 0.8340 0.5482
vn 0.0682 0.7040 0.7070
vn 0.1038 0.5579 0.8234
vn 0.2032 0.1932 0.9599
vn 0.2032 -0.1932 0.9599
vn 0.1006 -0.5621 0.8209
vn 0.0563 -0.7006 0.7113
vn 0.0259 0.9787 0.2038
vn 0.3650 0.3833 0.8484
vn 0.3959 0.1920 0.8980
vn 0.4034 -0.0001 0.9150
vn 0.3959 -0.1920 0.8980
vn 0.3650 -0.3833 0.8485
vn 0.1220 -0.8289 0.5460
vn 0.0742 -0.9222 0.3796
vn 0.2804 0.8227 0.4945
vn 0.3443 0.6986 0.6272
vn 0.4225 0.5566 0.7153
vn 0.5456 0.3775 0.7482
vn 0.5458 -0.3780 0.7478
vn 0.4222 -0.5539 0.7175
vn 0.3799 -0.8265 0.4153
vn 0.6698 0.3754 0.6406
vn 0.7158 0.1881 0.6725
vn 0.7158 -0.1882 0.6724
vn 0.6698 -0.3762 0.6402
vn 0.5198 -0.6957 0.4958
vn 0.2612 -0.9152 0.3070
vn 0.5659 0.6925 0.4473
vn 0.7917 0.3636 0.4909
vn 0.7925 -0.3705 0.4845
vn 0.6700 -0.5432 0.5060
vn 0.5434 -0.8172 0.1922
vn 0.7852 0.5379 0.3069
vn 0.8661 0.3710 0.3350
vn 0.9160 0.1842 0.3564
vn 0.9160 -0.1842 0.3565
vn 0.8630 -0.3694 0.3446
vn 0.6923 0.6915 0.2061
vn 0.9156 0.3619 0.1755
vn 0.9186 -0.3584 0.1667
vn 0.8149 -0.5346 0.2238
vn 0.1589 -0.9780 0.1352
vn 0.5697 0.8135 -0.1171
vn 0.8436 0.5334 0.0611
vn 0.9832 0.1825 -0.0000
vn 0.9832 -0.1825 -0.0000
vn 0.9299 -0.3678 -0.0024
vn 0.8486 -0.5290 -0.0024
vn 0.9160 0.3668 -0.1626
vn 0.7262 -0.6857 -0.0494
vn 0.4077 -0.9128 -0.0217
vn 0.8121 0.5340 -0.2350
vn 0.8675 0.3608 -0.3424
vn 0.8074 -0.5352 -0.2483
vn 0.7100 0.5368 -0.4558
vn 0.7842 0.3736 -0.4953
vn 0.2094 -0.9766 -0.0488
vn 0.5356 0.6890 -0.4883
vn 0.6804 0.3701 -0.6326
vn 0.7158 0.1881 -0.6725
vn 0.7288 -0.0000 -0.6848
vn 0.7158 -0.1881 -0.6725
vn 0.6680 -0.3754 -0.6426
vn 0.4717 -0.6992 -0.5373
vn 0.1867 0.9770 -0.1031
vn 0.4044 0.8283 -0.3878
vn 0.5406 0.5470 -0.6391
vn 0.5275 0.3788 -0.7604
vn 0.5795 -0.0001 -0.8150
vn 0.5689 -0.1903 -0.8001
vn 0.2424 0.5557 -0.7953
vn 0.3799 0.3829 -0.8420
vn 0.3959 -0.1921 -0.8980
vn 0.3628 -0.3823 -0.8499
vn 0.4008 -0.5517 -0.7314
vn 0.2355 -0.7060 -0.6678
vn 0.1420 0.6996 -0.7002
vn 0.1747 0.3844 -0.9065
vn 0.2072 -0.0000 -0.9783
vn -0.0086 -0.3852 -0.9228
vn 0.1153 -0.8308 -0.5445
vn 0.1207 -0.9204 -0.3719
vn 0.1705 0.1906 -0.9667
vn 0.1672 -0.0000 -0.9859
vn 0.1641 -0.1939 -0.9672
vn 0.2170 -0.5590 -0.8002
vn 0.1054 0.9218 -0.3730
vn 0.0399 0.6966 -0.7164
vn 0.0488 0.5533 -0.8315
vn 0.0665 0.3887 -0.9190
vn -0.0462 0.1928 -0.9802
vn -0.0438 -0.1970 -0.9794
vn -0.0361 -0.3844 -0.9225
vn 0.0625 -0.7047 -0.7068
vn -0.0800 0.8277 -0.5554
vn -0.2480 0.6966 -0.6732
vn -0.2149 0.3825 -0.8986
vn -0.2385 0.2020 -0.9499
vn -0.2448 -0.0000 -0.9696
vn -0.1209 -0.5497 -0.8266
vn -0.1843 -0.6972 -0.6928
vn -0.0764 -0.8300 -0.5526
vn -0.4230 0.1899 -0.8860
vn -0.4332 -0.1898 -0.8811
vn -0.3116 -0.3763 -0.8726
vn -0.0760 -0.9213 -0.3813
vn -0.0635 -0.9779 -0.1993
vn -0.1692 0.9205 -0.3522
vn -0.4907 0.6886 -0.5339
vn -0.4790 0.3809 -0.7909
vn -0.5972 0.1894 -0.7794
vn -0.5880 -0.1939 -0.7853
vn -0.5574 -0.3778 -0.7393
vn -0.3790 -0.6963 -0.6095
vn -0.3010 -0.8214 -0.4845
vn -0.1881 0.9764 -0.1064
vn -0.3497 0.8221 -0.4493
vn -0.5755 0.5446 -0.6101
vn -0.6908 0.3738 -0.6189
vn -0.7283 0.1918 -0.6579
vn -0.7462 -0.0000 -0.6657
vn -0.7332 -0.1859 -0.6541
vn -0.6865 -0.3731 -0.6241
vn -0.2662 -0.9173 -0.2962
vn -0.6144 0.6869 -0.3881
vn -0.7928 0.3699 -0.4843
vn -0.8436 0.1841 -0.5045
vn -0.8582 -0.0000 -0.5133
vn -0.8436 -0.1841 -0.5045
vn -0.8037 -0.3675 -0.4679
vn -0.6847 -0.5425 -0.4867
vn -0.5819 -0.6881 -0.4335
vn -0.4710 -0.8138 -0.3405
vn -0.3535 0.9145 -0.1967
vn -0.5175 0.8188 -0.2484
vn -0.8778 0.3583 -0.3179
vn -0.9384 -0.0000 -0.3455
vn -0.8700 -0.3672 -0.3290
vn -0.7083 0.6819 -0.1828
vn -0.9172 0.3679 -0.1531
vn -0.9693 0.1826 -0.1644
vn -0.9693 -0.1826 -0.1644
vn -0.9196 -0.3653 -0.1449
vn -0.5759 -0.8119 -0.0954
vn -0.3800 -0.9126 -0.1509
vn -0.4048 0.9131 0.0488
vn -0.5774 0.8156 -0.0381
vn -0.9322 0.3617 0.0109
vn -0.9830 0.1830 0.0165
vn -0.7245 0.6854 0.0726
vn -0.8342 0.5403 0.1104
vn -0.9083 0.3685 0.1981
vn -0.9627 0.1842 0.1983
vn -0.9627 -0.1842 0.1983
vn -0.9083 -0.3685 0.1981
vn -0.7295 -0.6809 0.0651
vn -0.3964 -0.9170 0.0451
vn -0.5178 0.8213 0.2396
vn -0.8611 0.3715 0.3472
vn -0.9078 -0.1860 0.3759
vn -0.8611 -0.3715 0.3472
vn -0.6737 -0.6881 0.2697
vn -0.7354 0.5484 0.3981
vn -0.7723 0.3675 0.5182
vn -0.8182 0.1880 0.5434
vn -0.8330 -0.0000 0.5533
vn -0.8182 -0.1881 0.5434
vn -0.7723 -0.3676 0.5182
vn -0.7421 -0.5416 0.3950
vn -0.3362 -0.9164 0.2171
vn -0.1948 0.9768 0.0886
vn -0.5918 0.5498 0.5895
vn -0.6523 0.3816 0.6549
vn -0.6948 0.1903 0.6936
vn -0.7077 -0.0001 0.7065
vn -0.6948 -0.1903 0.6936
vn -0.6523 -0.3817 0.6549
vn -0.5840 -0.5486 0.5983
vn -0.4383 -0.8212 0.3655
vn -0.4750 0.7010 0.5319
vn -0.5138 0.3776 0.7704
vn -0.5404 0.1920 0.8192
vn -0.5506 -0.0000 0.8347
vn -0.5138 -0.3776 0.7704
vn -0.2534 0.9191 0.3017
vn -0.3012 0.8271 0.4746
vn -0.2523 0.7034 0.6645
vn -0.3637 0.5549 0.7482
vn -0.3290 0.3843 0.8626
vn -0.3608 0.1933 0.9124
vn -0.3608 -0.1933 0.9124
vn -0.3290 -0.3844 0.8626
vn -0.3651 -0.5600 0.7437
vn -0.2471 -0.8290 0.5016
vn -0.1840 -0.9163 0.3558
vn -0.1626 0.3860 0.9081
vn -0.1641 0.1941 0.9672
vn -0.1640 -0.1941 0.9672
vn -0.1626 -0.3860 0.9080
vn -0.1270 -0.9796 0.1558
vn -0.0259 0.9198 0.3916
vn -0.0295 0.8340 0.5510
vn -0.0509 0.7039 0.7085
vn -0.0353 0.5577 0.8293
vn 0.0490 0.3838 0.9221
vn 0.0399 0.1936 0.9803
vn 0.0407 0.0001 0.9992
vn 0.0400 -0.1936 0.9803
vn 0.0490 -0.3839 0.9221
vn -0.0635 -0.7005 0.7108
vn -0.0085 0.9787 0.2053
vn 0.2181 0.3829 0.8977
vn 0.2402 0.1923 0.9515
vn 0.2447 0.0001 0.9696
vn 0.2402 -0.1923 0.9515
vn 0.2181 -0.3830 0.8976
vn 0.0289 -0.8288 0.5588
vn 0.0097 -0.9223 0.3865
vn 0.1937 0.8225 0.5347
vn 0.2345 0.6986 0.6759
vn 0.2968 0.5566 0.7759
vn 0.4126 0.3774 0.8290
vn 0.4272 0.1903 0.8839
vn 0.4352 -0.0000 0.9003
vn 0.4273 -0.1903 0.8839
vn 0.4129 -0.3777 0.8287
vn 0.2316 -0.6960 0.6797
vn 0.3051 -0.8266 0.4729
vn 0.2160 0.9173 0.3346
vn 0.5934 0.1878 0.7827
vn 0.6041 -0.0000 0.7969
vn 0.5934 -0.1878 0.7827
vn 0.5533 -0.3762 0.7432
vn 0.4295 -0.6957 0.5758
vn 0.2061 -0.9152 0.3462
vn 0.3980 0.8167 0.4179
vn 0.4832 0.6925 0.5357
vn 0.5696 0.5456 0.6148
vn 0.7331 0.1858 0.6542
vn 0.7461 -0.0000 0.6658
vn 0.7331 -0.1858 0.6542
vn 0.7004 -0.3706 0.6100
vn 0.5037 -0.8171 0.2803
vn 0.3790 0.9137 0.1466
vn 0.7229 0.5378 0.4338
vn 0.7979 0.3709 0.4751
vn 0.8435 0.1844 0.5045
vn 0.8582 0.0001 0.5134
vn 0.8435 -0.1843 0.5045
vn 0.7933 -0.3695 0.4840
vn 0.5779 -0.6871 0.4405
vn 0.8733 0.3619 0.3261
vn 0.9226 0.1831 0.3395
vn 0.9385 -0.0000 0.3454
vn 0.9226 -0.1831 0.3395
vn 0.8777 -0.3586 0.3179
vn 0.7661 -0.5346 0.3568
vn 0.6806 -0.6918 0.2412
vn 0.3545 -0.9119 0.2069
vn 0.1341 -0.9780 0.1598
vn 0.5812 0.8135 -0.0203
vn 0.8216 0.5334 0.2013
vn 0.9196 0.3651 0.1450
vn 0.9694 0.1826 0.1644
vn 0.9694 -0.1826 0.1644
vn 0.8370 -0.5290 0.1396
vn 0.7286 0.6812 0.0716
vn 0.9303 0.3668 -0.0071
vn 0.9830 0.1830 -0.0165
vn 0.9999 -0.0000 -0.0167
vn 0.9830 -0.1830 -0.0165
vn 0.9323 -0.3616 -0.0110
vn 0.4055 -0.9129 0.0468
vn 0.4076 0.9119 -0.0488
vn 0.6916 0.6924 -0.2057
vn 0.8400 0.5341 -0.0959
vn 0.9125 0.3608 -0.1926
vn 0.9627 0.1841 -0.1982
vn 0.9794 -0.0000 -0.2018
vn 0.9627 -0.1841 -0.1982
vn 0.9083 -0.3683 -0.1981
vn 0.8376 -0.5352 -0.1098
vn 0.5793 -0.8150 -0.0159
vn 0.7762 0.5368 -0.3307
vn 0.8560 0.3738 -0.3572
vn 0.9239 -0.0000 -0.3825
vn 0.8611 -0.3715 -0.3472
vn 0.6937 -0.6907 -0.2042
vn 0.2146 -0.9766 -0.0131
vn 0.6096 0.6890 -0.3919
vn 0.7765 0.3703 -0.5099
vn 0.8182 0.1881 -0.5434
vn 0.8330 -0.0000 -0.5533
vn 0.8181 -0.1881 -0.5434
vn 0.7660 -0.3755 -0.5218
vn 0.7349 -0.5431 -0.4061
vn 0.5548 -0.6992 -0.4508
vn 0.3740 -0.9144 -0.1551
vn 0.2012 0.9770 -0.0705
vn 0.3213 0.9175 -0.2347
vn 0.6398 0.5471 -0.5397
vn 0.6472 0.3790 -0.6614
vn 0.6947 0.1901 -0.6937
vn 0.7075 -0.0000 -0.7067
vn 0.6947 -0.1902 -0.6937
vn 0.6610 -0.3791 -0.6476
vn 0.4635 -0.8249 -0.3236
vn 0.4538 0.7035 -0.5470
vn 0.3719 0.5557 -0.7436
vn 0.5153 0.3828 -0.7668
vn 0.5405 0.1919 -0.8192
vn 0.5508 -0.0000 -0.8347
vn 0.5405 -0.1919 -0.8191
vn 0.4998 -0.3820 -0.7773
vn 0.5175 -0.5517 -0.6541
vn 0.3440 -0.7059 -0.6192
vn 0.0180 0.9787 -0.2046
vn 0.2571 0.6997 -0.6666
vn 0.3238 0.3840 -0.8647
vn 0.3568 0.1971 -0.9132
vn 0.3679 -0.0000 -0.9299
vn 0.3609 -0.1934 -0.9123
vn 0.3466 -0.3852 -0.8553
vn 0.1458 -0.3851 -0.9113
vn 0.2047 -0.8308 -0.5175
vn 0.1812 -0.9204 -0.3465
vn 0.1181 -0.9777 -0.1739
vt 0.278592 0.768135
vt 0.277238 0.756650
vt 0.270465 0.765410
vt 0.114993 0.072169
vt 0.103540 0.070332
vt 0.108541 0.080629
vt 0.147237 0.066553
vt 0.160954 0.062554
vt 0.155162 0.048160
vt 0.142459 0.054768
vt 0.319579 0.760015
vt 0.317346 0.747630
vt 0.306753 0.756573
vt 0.085031 0.085149
vt 0.092695 0.084941
vt 0.089661 0.079179
vt 0.262291 0.764246
vt 0.267051 0.755680
vt 0.287106 0.759538
vt 0.282242 0.747640
vt 0.126352 0.077032
vt 0.117624 0.081996
vt 0.290229 0.742473
vt 0.301981 0.741310
vt 0.293073 0.729145
vt 0.270089 0.747257
vt 0.126184 0.093826
vt 0.137594 0.084642
vt 0.257050 0.758379
vt 0.255042 0.765661
vt 0.273645 0.738777
vt 0.108492 0.089866
vt 0.100524 0.083442
vt 0.099645 0.090964
vt 0.305844 0.724963
vt 0.296932 0.715621
vt 0.278438 0.730578
vt 0.280477 0.719121
vt 0.089814 0.090962
vt 0.259397 0.750669
vt 0.259714 0.742164
vt 0.104957 0.098384
vt 0.095120 0.097026
vt 0.262807 0.724189
vt 0.270862 0.715034
vt 0.260636 0.712928
vt 0.264804 0.734339
vt 0.255862 0.732988
vt 0.251122 0.723463
vt 0.248874 0.751497
vt 0.095851 0.106238
vt 0.088225 0.100550
vt 0.250102 0.759950
vt 0.250256 0.742184
vt 0.243279 0.735163
vt 0.239594 0.747592
vt 0.085005 0.109064
vt 0.091971 0.117012
vt 0.238416 0.726910
vt 0.239991 0.714850
vt 0.230364 0.718785
vt 0.081073 0.091076
vt 0.232481 0.741997
vt 0.080674 0.100118
vt 0.076061 0.126235
vt 0.081843 0.117758
vt 0.072952 0.115440
vt 0.224868 0.736247
vt 0.221698 0.724519
vt 0.214322 0.731831
vt 0.240844 0.759566
vt 0.232177 0.759233
vt 0.217799 0.745531
vt 0.213634 0.758005
vt 0.225199 0.752468
vt 0.247807 0.767277
vt 0.222430 0.762252
vt 0.204496 0.750020
vt 0.202429 0.760194
vt 0.239613 0.768667
vt 0.213881 0.774443
vt 0.202390 0.770571
vt 0.204376 0.780751
vt 0.070219 0.090044
vt 0.078103 0.082502
vt 0.244343 0.776772
vt 0.062133 0.091444
vt 0.061655 0.080031
vt 0.052407 0.085744
vt 0.220397 0.789520
vt 0.208310 0.790343
vt 0.214039 0.798978
vt 0.252272 0.772809
vt 0.235180 0.778980
vt 0.241793 0.785560
vt 0.046449 0.068309
vt 0.053649 0.075646
vt 0.057568 0.067507
vt 0.231976 0.800807
vt 0.221339 0.806325
vt 0.229928 0.812102
vt 0.253323 0.781157
vt 0.055829 0.054815
vt 0.064217 0.059802
vt 0.242637 0.806017
vt 0.255618 0.807658
vt 0.248237 0.797524
vt 0.259152 0.771860
vt 0.083329 0.077673
vt 0.250513 0.789126
vt 0.262232 0.788225
vt 0.249607 0.818137
vt 0.259939 0.818168
vt 0.271617 0.804223
vt 0.260630 0.797746
vt 0.260978 0.780203
vt 0.272462 0.793160
vt 0.077620 0.043697
vt 0.072002 0.055217
vt 0.084457 0.052513
vt 0.270071 0.816186
vt 0.279615 0.812271
vt 0.078610 0.062306
vt 0.078890 0.070663
vt 0.086380 0.069628
vt 0.281623 0.798374
vt 0.092304 0.062584
vt 0.267257 0.775305
vt 0.273383 0.780614
vt 0.280168 0.786586
vt 0.094065 0.044027
vt 0.096998 0.054789
vt 0.290191 0.788545
vt 0.295518 0.799333
vt 0.301282 0.790819
vt 0.095780 0.074099
vt 0.284790 0.778877
vt 0.109111 0.050645
vt 0.107705 0.061694
vt 0.296162 0.773787
vt 0.305294 0.781363
vt 0.307434 0.771311
vt 0.287595 0.769130
vt 0.120247 0.062179
vt 0.135604 0.069941
vt 0.131711 0.060361
vt 0.330985 0.744070
vt 0.333234 0.759004
vt 0.325826 0.729460
vt 0.312792 0.735765
vt 0.149642 0.079020
vt 0.163851 0.077758
vt 0.296372 0.757853
vt 0.117009 0.091540
vt 0.317650 0.715722
vt 0.163757 0.093225
vt 0.149581 0.091712
vt 0.147059 0.104148
vt 0.160670 0.108380
vt 0.135540 0.100538
vt 0.306315 0.704313
vt 0.112363 0.102938
vt 0.286272 0.708334
vt 0.293137 0.695502
vt 0.142169 0.115856
vt 0.154702 0.122652
vt 0.131571 0.110077
vt 0.119523 0.109199
vt 0.135096 0.126393
vt 0.146072 0.135496
vt 0.125823 0.118662
vt 0.274402 0.703338
vt 0.278588 0.689478
vt 0.103626 0.111939
vt 0.261810 0.700785
vt 0.263200 0.686418
vt 0.126108 0.135355
vt 0.135106 0.146422
vt 0.118514 0.125966
vt 0.107710 0.120554
vt 0.109922 0.131708
vt 0.115545 0.142399
vt 0.250212 0.712870
vt 0.248988 0.700750
vt 0.247550 0.686418
vt 0.122220 0.155010
vt 0.236427 0.703217
vt 0.232228 0.689462
vt 0.103809 0.147253
vt 0.107903 0.160928
vt 0.100374 0.135669
vt 0.092453 0.126537
vt 0.224602 0.708081
vt 0.090234 0.137696
vt 0.217812 0.695422
vt 0.091348 0.149731
vt 0.092701 0.163947
vt 0.213963 0.715151
vt 0.204843 0.704065
vt 0.078638 0.149733
vt 0.077195 0.163947
vt 0.079891 0.137708
vt 0.075858 0.107235
vt 0.069741 0.135703
vt 0.204911 0.724155
vt 0.193808 0.715062
vt 0.066167 0.147258
vt 0.061979 0.160924
vt 0.197789 0.734750
vt 0.185127 0.727998
vt 0.054412 0.142397
vt 0.047637 0.154990
vt 0.060173 0.131757
vt 0.065082 0.122399
vt 0.208512 0.740439
vt 0.062400 0.108636
vt 0.054743 0.114340
vt 0.067809 0.101745
vt 0.074074 0.096412
vt 0.192871 0.746533
vt 0.179137 0.742382
vt 0.043827 0.135335
vt 0.034722 0.146369
vt 0.051555 0.126019
vt 0.190351 0.759044
vt 0.176074 0.757658
vt 0.034819 0.126340
vt 0.023732 0.135389
vt 0.044219 0.118708
vt 0.055127 0.098185
vt 0.045867 0.100527
vt 0.222898 0.771273
vt 0.190324 0.771802
vt 0.176056 0.773232
vt 0.027737 0.115756
vt 0.015092 0.122471
vt 0.038448 0.110103
vt 0.231622 0.770535
vt 0.022855 0.103990
vt 0.009139 0.108109
vt 0.034467 0.100535
vt 0.192788 0.784314
vt 0.179082 0.788502
vt 0.197647 0.796098
vt 0.185029 0.802878
vt 0.020362 0.091495
vt 0.006103 0.092857
vt 0.032428 0.090372
vt 0.042952 0.084363
vt 0.227506 0.783144
vt 0.032412 0.080005
vt 0.020357 0.078750
vt 0.069574 0.082260
vt 0.204709 0.806700
vt 0.193665 0.815809
vt 0.006103 0.077303
vt 0.213700 0.815714
vt 0.204653 0.826797
vt 0.022840 0.066247
vt 0.009140 0.062044
vt 0.034421 0.069832
vt 0.236632 0.792562
vt 0.038378 0.060245
vt 0.027717 0.054467
vt 0.067104 0.069604
vt 0.072849 0.075390
vt 0.224272 0.822795
vt 0.217567 0.835424
vt 0.015098 0.047669
vt 0.239473 0.816090
vt 0.236016 0.827673
vt 0.231907 0.841359
vt 0.034801 0.043863
vt 0.023749 0.034730
vt 0.044131 0.051614
vt 0.051461 0.044270
vt 0.248477 0.830164
vt 0.247120 0.844378
vt 0.043822 0.034845
vt 0.034763 0.023725
vt 0.261176 0.830176
vt 0.262618 0.844369
vt 0.054434 0.027759
vt 0.047718 0.015079
vt 0.060086 0.038498
vt 0.065144 0.047808
vt 0.069675 0.034522
vt 0.273622 0.827711
vt 0.277802 0.841337
vt 0.066230 0.022881
vt 0.062119 0.009128
vt 0.285337 0.822872
vt 0.292087 0.835405
vt 0.078757 0.020402
vt 0.077414 0.006103
vt 0.079860 0.032496
vt 0.288205 0.806578
vt 0.295872 0.815851
vt 0.304921 0.826809
vt 0.091532 0.020420
vt 0.093014 0.006128
vt 0.090246 0.032501
vt 0.104061 0.022940
vt 0.108317 0.009209
vt 0.100433 0.034538
vt 0.304825 0.806927
vt 0.315809 0.815893
vt 0.311863 0.796456
vt 0.324336 0.803095
vt 0.115856 0.027868
vt 0.122727 0.015237
vt 0.110026 0.038530
vt 0.126457 0.035016
vt 0.135675 0.023987
vt 0.118653 0.044321
vt 0.316739 0.784852
vt 0.330181 0.788939
vt 0.319314 0.772556
vt 0.333151 0.774019
vt 0.135448 0.044106
vt 0.146636 0.035119
vt 0.125999 0.051685
vt 0.579426 0.961435
vt 0.582324 0.948491
vt 0.581704 0.961509
vt 0.523425 0.869837
vt 0.520525 0.856894
vt 0.522803 0.856821
vt 0.528169 0.872197
vt 0.525729 0.870013
vt 0.527685 0.864617
vt 0.584629 0.948314
vt 0.587069 0.946130
vt 0.586586 0.953711
vt 0.527535 0.884007
vt 0.524834 0.882071
vt 0.526576 0.878829
vt 0.583732 0.936255
vt 0.586434 0.934318
vt 0.585475 0.939497
vt 0.531691 0.889274
vt 0.529145 0.889190
vt 0.530634 0.886453
vt 0.588043 0.929134
vt 0.590589 0.929050
vt 0.589532 0.931872
vt 0.591374 0.914454
vt 0.591532 0.918103
vt 0.588676 0.918188
vt 0.532636 0.900219
vt 0.532478 0.903868
vt 0.529780 0.900135
vt 0.607934 0.898207
vt 0.598661 0.912712
vt 0.596780 0.911387
vt 0.538101 0.907188
vt 0.544478 0.918133
vt 0.536271 0.908553
vt 0.551473 0.912253
vt 0.549774 0.913768
vt 0.541579 0.904194
vt 0.608670 0.904550
vt 0.610369 0.906065
vt 0.600476 0.914126
vt 0.599774 0.897292
vt 0.601556 0.898751
vt 0.591640 0.906900
vt 0.542661 0.919567
vt 0.540880 0.921027
vt 0.532746 0.911421
vt 0.607573 0.894909
vt 0.603373 0.900185
vt 0.549204 0.920311
vt 0.548679 0.923408
vt 0.547767 0.926303
vt 0.545664 0.923303
vt 0.546471 0.928782
vt 0.544605 0.925854
vt 0.550811 0.926530
vt 0.549534 0.929539
vt 0.611134 0.888995
vt 0.612366 0.891988
vt 0.609705 0.891787
vt 0.547449 0.930953
vt 0.553471 0.926328
vt 0.552240 0.929320
vt 0.550376 0.932038
vt 0.611997 0.886224
vt 0.614221 0.887539
vt 0.547969 0.932934
vt 0.555327 0.930776
vt 0.553104 0.932091
vt 0.560191 0.931795
vt 0.557819 0.931135
vt 0.559760 0.929661
vt 0.616713 0.887180
vt 0.619085 0.886519
vt 0.618655 0.888653
vt 0.550628 0.934026
vt 0.553320 0.934508
vt 0.560370 0.935630
vt 0.558164 0.934718
vt 0.560376 0.933778
vt 0.617058 0.883597
vt 0.619264 0.882684
vt 0.619271 0.884536
vt 0.550529 0.935942
vt 0.548064 0.934536
vt 0.557880 0.937805
vt 0.555731 0.935834
vt 0.614624 0.882481
vt 0.616773 0.880509
vt 0.553106 0.936835
vt 0.550160 0.937815
vt 0.547913 0.936083
vt 0.552602 0.938991
vt 0.549609 0.939524
vt 0.547556 0.937608
vt 0.556392 0.942892
vt 0.554637 0.940822
vt 0.557240 0.940518
vt 0.613530 0.877493
vt 0.615284 0.875422
vt 0.616133 0.877796
vt 0.551536 0.941737
vt 0.548943 0.941032
vt 0.547059 0.938990
vt 0.610428 0.876578
vt 0.611705 0.873586
vt 0.552814 0.944728
vt 0.547820 0.942921
vt 0.546462 0.940228
vt 0.556139 0.948151
vt 0.554838 0.945929
vt 0.557395 0.946040
vt 0.613729 0.872385
vt 0.615029 0.870163
vt 0.616286 0.872274
vt 0.549768 0.944786
vt 0.556825 0.951139
vt 0.554696 0.950131
vt 0.613585 0.868185
vt 0.615714 0.867176
vt 0.546526 0.944603
vt 0.606400 0.870931
vt 0.609269 0.870254
vt 0.608660 0.873529
vt 0.550378 0.948062
vt 0.547508 0.947385
vt 0.555023 0.953230
vt 0.552996 0.952027
vt 0.611886 0.866290
vt 0.613912 0.865086
vt 0.603105 0.875006
vt 0.605162 0.873433
vt 0.604295 0.876440
vt 0.544212 0.943310
vt 0.545402 0.941876
vt 0.545450 0.945688
vt 0.604047 0.872367
vt 0.552899 0.955217
vt 0.550992 0.953820
vt 0.609882 0.864498
vt 0.611788 0.863100
vt 0.602152 0.874123
vt 0.543259 0.944194
vt 0.544171 0.946724
vt 0.604144 0.869116
vt 0.606034 0.867394
vt 0.547142 0.950923
vt 0.545252 0.949201
vt 0.550381 0.957079
vt 0.548610 0.955494
vt 0.607500 0.862824
vt 0.609270 0.861240
vt 0.600983 0.873253
vt 0.602698 0.871337
vt 0.542089 0.945063
vt 0.542584 0.947729
vt 0.602184 0.867986
vt 0.543291 0.950332
vt 0.547420 0.958759
vt 0.545803 0.956998
vt 0.604693 0.861322
vt 0.606310 0.859561
vt 0.599527 0.872419
vt 0.601027 0.870348
vt 0.540633 0.945898
vt 0.540658 0.948640
vt 0.599851 0.867001
vt 0.601355 0.864940
vt 0.542463 0.953379
vt 0.540958 0.951317
vt 0.543969 0.960179
vt 0.542528 0.958249
vt 0.601419 0.860071
vt 0.602860 0.858142
vt 0.597772 0.871698
vt 0.599017 0.869476
vt 0.538877 0.946619
vt 0.538394 0.949359
vt 0.597135 0.866263
vt 0.538241 0.952056
vt 0.541123 0.961002
vt 0.538734 0.959127
vt 0.597626 0.859194
vt 0.600014 0.857320
vt 0.595715 0.871184
vt 0.596666 0.868821
vt 0.536820 0.947134
vt 0.525080 0.856748
vt 0.535755 0.949779
vt 0.593985 0.865897
vt 0.596870 0.863689
vt 0.537977 0.954631
vt 0.535091 0.952422
vt 0.536687 0.961664
vt 0.535540 0.959454
vt 0.594434 0.858868
vt 0.595580 0.856658
vt 0.593365 0.870988
vt 0.593939 0.868500
vt 0.534469 0.947330
vt 0.534214 0.961729
vt 0.533205 0.959427
vt 0.592099 0.858896
vt 0.593108 0.856594
vt 0.532868 0.949737
vt 0.590563 0.866116
vt 0.593224 0.863406
vt 0.534330 0.954915
vt 0.531668 0.952204
vt 0.531564 0.961543
vt 0.530724 0.959143
vt 0.589619 0.859180
vt 0.590459 0.856780
vt 0.590983 0.871237
vt 0.591043 0.868684
vt 0.532086 0.947081
vt 0.528745 0.961026
vt 0.528114 0.958526
vt 0.587010 0.859797
vt 0.587641 0.857298
vt 0.530774 0.949348
vt 0.587186 0.867157
vt 0.589242 0.863863
vt 0.530346 0.954459
vt 0.528289 0.951163
vt 0.525790 0.960080
vt 0.525409 0.957485
vt 0.584306 0.860837
vt 0.584687 0.858244
vt 0.589243 0.871746
vt 0.588957 0.869201
vt 0.529336 0.948832
vt 0.587506 0.869833
vt 0.522904 0.958688
vt 0.522614 0.955902
vt 0.581513 0.862420
vt 0.581802 0.859635
vt 0.587917 0.872390
vt 0.527818 0.948049
vt 0.522503 0.953091
vt 0.526203 0.952828
vt 0.525688 0.955165
vt 0.519997 0.956767
vt 0.578896 0.861556
vt 0.585100 0.865494
vt 0.581401 0.865231
vt 0.584586 0.863157
vt 0.585891 0.870798
vt 0.525560 0.949567
vt 0.519792 0.953663
vt 0.578691 0.864660
vt 0.584459 0.868754
vt 0.580027 0.869740
vt 0.521126 0.948579
vt 0.519370 0.950016
vt 0.517525 0.954678
vt 0.576425 0.863644
vt 0.578273 0.868301
vt 0.586304 0.873478
vt 0.583420 0.872800
vt 0.522879 0.947129
vt 0.526078 0.946848
vt 0.517634 0.951510
vt 0.576534 0.866812
vt 0.527357 0.856669
vt 0.529637 0.856583
vt 0.529947 0.864034
vt 0.588848 0.954293
vt 0.588540 0.961745
vt 0.586259 0.961660
vt 0.583982 0.961581
vt 0.577463 0.953482
vt 0.577146 0.961362
vt 0.574864 0.961280
vt 0.575207 0.952935
vt 0.515963 0.857051
vt 0.518245 0.856968
vt 0.518563 0.864847
vt 0.516307 0.865394
vt 0.530423 0.871605
vt 0.589323 0.946722
vt 0.580200 0.945906
vt 0.577955 0.945569
vt 0.575722 0.944977
vt 0.519057 0.872759
vt 0.516824 0.873351
vt 0.521301 0.872422
vt 0.528858 0.878388
vt 0.531093 0.877732
vt 0.589993 0.940594
vt 0.587757 0.939938
vt 0.580898 0.939258
vt 0.578689 0.938812
vt 0.576498 0.938127
vt 0.519791 0.879515
vt 0.517600 0.880200
vt 0.522000 0.879069
vt 0.529794 0.883378
vt 0.531985 0.882586
vt 0.590884 0.935739
vt 0.588693 0.934947
vt 0.581902 0.933631
vt 0.579754 0.933014
vt 0.577636 0.932170
vt 0.520857 0.885313
vt 0.518740 0.886156
vt 0.523005 0.884695
vt 0.526979 0.890018
vt 0.532836 0.885747
vt 0.591735 0.932578
vt 0.585876 0.928306
vt 0.582923 0.929778
vt 0.580806 0.929100
vt 0.578671 0.928410
vt 0.521909 0.889226
vt 0.519774 0.889915
vt 0.524026 0.888547
vt 0.533819 0.888384
vt 0.592717 0.929939
vt 0.584183 0.926378
vt 0.582133 0.925526
vt 0.580068 0.924670
vt 0.523236 0.892799
vt 0.521172 0.893655
vt 0.525287 0.891947
vt 0.529278 0.895013
vt 0.531237 0.893772
vt 0.533338 0.892711
vt 0.535478 0.891791
vt 0.592235 0.925612
vt 0.594376 0.926532
vt 0.590134 0.924551
vt 0.588174 0.923311
vt 0.586273 0.922084
vt 0.584275 0.921099
vt 0.582161 0.920273
vt 0.523266 0.898051
vt 0.525379 0.897225
vt 0.527377 0.896240
vt 0.534389 0.898710
vt 0.535398 0.896112
vt 0.537456 0.895028
vt 0.594295 0.922210
vt 0.596354 0.923295
vt 0.593285 0.919612
vt 0.586759 0.917026
vt 0.584722 0.916006
vt 0.525827 0.902317
vt 0.527864 0.901297
vt 0.537825 0.899522
vt 0.539813 0.898329
vt 0.596722 0.918800
vt 0.598710 0.919993
vt 0.589521 0.913167
vt 0.587551 0.912011
vt 0.528656 0.906312
vt 0.530626 0.905155
vt 0.539765 0.905608
vt 0.543342 0.902730
vt 0.602239 0.915590
vt 0.595167 0.909768
vt 0.593340 0.908414
vt 0.534445 0.909907
vt 0.547969 0.915153
vt 0.606865 0.903165
vt 0.552189 0.920354
vt 0.554054 0.919082
vt 0.554782 0.916277
vt 0.612950 0.899234
vt 0.613678 0.902040
vt 0.611085 0.897963
vt 0.605583 0.893585
vt 0.603498 0.892463
vt 0.555390 0.925060
vt 0.556854 0.919031
vt 0.615750 0.899285
vt 0.556609 0.922721
vt 0.558623 0.921677
vt 0.615505 0.895595
vt 0.617519 0.896639
vt 0.614285 0.893256
vt 0.607548 0.890566
vt 0.605364 0.889535
vt 0.557984 0.925120
vt 0.560069 0.924251
vt 0.616879 0.893195
vt 0.618964 0.894064
vt 0.608725 0.888062
vt 0.606342 0.887363
vt 0.556958 0.928175
vt 0.559026 0.927419
vt 0.561174 0.926764
vt 0.617921 0.890896
vt 0.620070 0.891550
vt 0.615853 0.890140
vt 0.561919 0.929095
vt 0.620814 0.889219
vt 0.609374 0.885749
vt 0.606862 0.885382
vt 0.562395 0.931334
vt 0.621290 0.886980
vt 0.562628 0.933552
vt 0.621522 0.884762
vt 0.612214 0.883807
vt 0.609525 0.883810
vt 0.606957 0.883780
vt 0.562641 0.935619
vt 0.621535 0.882694
vt 0.560090 0.938121
vt 0.562364 0.938321
vt 0.621257 0.879991
vt 0.618983 0.880192
vt 0.611999 0.881480
vt 0.609352 0.881897
vt 0.606806 0.882233
vt 0.559408 0.941113
vt 0.561643 0.941617
vt 0.620535 0.876695
vt 0.618300 0.877200
vt 0.611495 0.879324
vt 0.608928 0.880054
vt 0.606449 0.880708
vt 0.558490 0.943718
vt 0.560659 0.944470
vt 0.619551 0.873843
vt 0.617382 0.874595
vt 0.608345 0.878399
vt 0.605951 0.879325
vt 0.559483 0.947008
vt 0.618373 0.871305
vt 0.607652 0.876927
vt 0.605355 0.878088
vt 0.558246 0.949141
vt 0.617136 0.869173
vt 0.606488 0.875073
vt 0.552964 0.948688
vt 0.611855 0.869628
vt 0.551430 0.950413
vt 0.610320 0.867903
vt 0.549625 0.952038
vt 0.608515 0.866280
vt 0.547468 0.953560
vt 0.606358 0.864758
vt 0.544910 0.954936
vt 0.603801 0.863383
vt 0.541917 0.956091
vt 0.600809 0.862229
vt 0.538447 0.956911
vt 0.597340 0.861410
vt 0.538986 0.961408
vt 0.597878 0.856914
vt 0.534429 0.957225
vt 0.593323 0.861096
vt 0.531140 0.956984
vt 0.590035 0.861338
vt 0.528803 0.956451
vt 0.587699 0.861871
vt 0.530346 0.946572
vt 0.529019 0.945928
vt 0.527405 0.944840
vt 0.581778 0.871191
vt 0.515963 0.953120
vt 0.574864 0.865203
vt 0.524517 0.945515
vt 0.526028 0.943731
vt 0.584927 0.874587
vt 0.468520 0.879929
vt 0.468520 0.882252
vt 0.467358 0.884264
vt 0.465346 0.885426
vt 0.463023 0.885426
vt 0.461011 0.884264
vt 0.459850 0.882252
vt 0.459850 0.879929
vt 0.461011 0.877917
vt 0.463023 0.876756
vt 0.465346 0.876756
vt 0.467358 0.877917
vt 0.405892 0.879929
vt 0.405892 0.882252
vt 0.404731 0.884264
vt 0.402719 0.885426
vt 0.400396 0.885426
vt 0.398384 0.884264
vt 0.397222 0.882252
vt 0.397222 0.879929
vt 0.398384 0.877917
vt 0.400396 0.876756
vt 0.402719 0.876756
vt 0.404731 0.877917
vt 0.109209 0.768135
vt 0.101082 0.765410
vt 0.107855 0.756650
vt 0.284947 0.072169
vt 0.278495 0.080629
vt 0.273493 0.070332
vt 0.317191 0.066553
vt 0.312412 0.054768
vt 0.325115 0.048160
vt 0.330908 0.062554
vt 0.150196 0.760015
vt 0.137369 0.756573
vt 0.147963 0.747630
vt 0.254984 0.085150
vt 0.259615 0.079179
vt 0.262649 0.084941
vt 0.092908 0.764246
vt 0.097668 0.755680
vt 0.112859 0.747640
vt 0.117723 0.759538
vt 0.296306 0.077032
vt 0.287577 0.081996
vt 0.120845 0.742473
vt 0.123690 0.729145
vt 0.132598 0.741310
vt 0.100705 0.747257
vt 0.307547 0.084642
vt 0.296138 0.093826
vt 0.085659 0.765661
vt 0.087667 0.758379
vt 0.104262 0.738777
vt 0.278445 0.089866
vt 0.269598 0.090964
vt 0.270477 0.083442
vt 0.136461 0.724963
vt 0.127549 0.715620
vt 0.109055 0.730578
vt 0.111094 0.719120
vt 0.259767 0.090962
vt 0.090014 0.750669
vt 0.090331 0.742164
vt 0.274910 0.098384
vt 0.265073 0.097026
vt 0.093424 0.724189
vt 0.091252 0.712928
vt 0.101479 0.715034
vt 0.086479 0.732988
vt 0.095421 0.734339
vt 0.081739 0.723463
vt 0.079491 0.751497
vt 0.265805 0.106238
vt 0.258179 0.100550
vt 0.080718 0.759950
vt 0.080873 0.742184
vt 0.073896 0.735162
vt 0.070211 0.747592
vt 0.261925 0.117012
vt 0.254958 0.109064
vt 0.069032 0.726909
vt 0.060981 0.718785
vt 0.070608 0.714850
vt 0.251026 0.091076
vt 0.063098 0.741997
vt 0.250627 0.100118
vt 0.246014 0.126235
vt 0.242906 0.115440
vt 0.251796 0.117757
vt 0.055485 0.736247
vt 0.044939 0.731830
vt 0.052315 0.724519
vt 0.071461 0.759566
vt 0.062794 0.759233
vt 0.048416 0.745531
vt 0.055816 0.752468
vt 0.044251 0.758006
vt 0.078423 0.767277
vt 0.053047 0.762252
vt 0.033046 0.760194
vt 0.035113 0.750020
vt 0.070230 0.768667
vt 0.044498 0.774443
vt 0.034993 0.780751
vt 0.033006 0.770571
vt 0.240173 0.090044
vt 0.248057 0.082502
vt 0.074960 0.776772
vt 0.232086 0.091444
vt 0.222360 0.085744
vt 0.231609 0.080031
vt 0.051014 0.789520
vt 0.044655 0.798978
vt 0.038927 0.790343
vt 0.082888 0.772809
vt 0.072410 0.785560
vt 0.065797 0.778980
vt 0.216402 0.068309
vt 0.227522 0.067507
vt 0.223603 0.075646
vt 0.062593 0.800806
vt 0.060545 0.812102
vt 0.051956 0.806325
vt 0.083940 0.781157
vt 0.225783 0.054815
vt 0.234170 0.059803
vt 0.073253 0.806017
vt 0.078853 0.797524
vt 0.086235 0.807658
vt 0.089768 0.771860
vt 0.253282 0.077673
vt 0.081130 0.789126
vt 0.092849 0.788225
vt 0.090556 0.818168
vt 0.080224 0.818137
vt 0.091247 0.797746
vt 0.102233 0.804223
vt 0.091594 0.780203
vt 0.103078 0.793160
vt 0.247574 0.043697
vt 0.254411 0.052513
vt 0.241955 0.055217
vt 0.110232 0.812271
vt 0.100688 0.816186
vt 0.248564 0.062306
vt 0.256334 0.069628
vt 0.248843 0.070663
vt 0.112240 0.798375
vt 0.262257 0.062584
vt 0.097874 0.775305
vt 0.104000 0.780614
vt 0.110785 0.786585
vt 0.264018 0.044027
vt 0.266952 0.054789
vt 0.120808 0.788545
vt 0.131899 0.790819
vt 0.126135 0.799333
vt 0.265733 0.074099
vt 0.115406 0.778877
vt 0.279064 0.050645
vt 0.277658 0.061694
vt 0.126778 0.773787
vt 0.138051 0.771311
vt 0.135911 0.781363
vt 0.118212 0.769130
vt 0.290200 0.062179
vt 0.305558 0.069941
vt 0.301665 0.060361
vt 0.161602 0.744070
vt 0.163850 0.759004
vt 0.156443 0.729460
vt 0.143409 0.735765
vt 0.319595 0.079020
vt 0.333804 0.077758
vt 0.126989 0.757854
vt 0.286962 0.091540
vt 0.148267 0.715722
vt 0.333710 0.093225
vt 0.319535 0.091712
vt 0.317012 0.104148
vt 0.330624 0.108380
vt 0.305494 0.100538
vt 0.136932 0.704313
vt 0.282316 0.102938
vt 0.116889 0.708334
vt 0.123754 0.695502
vt 0.312123 0.115856
vt 0.324655 0.122652
vt 0.301525 0.110077
vt 0.289476 0.109199
vt 0.305050 0.126393
vt 0.316026 0.135496
vt 0.295777 0.118662
vt 0.105019 0.703338
vt 0.109205 0.689478
vt 0.273580 0.111938
vt 0.092427 0.700785
vt 0.093817 0.686418
vt 0.296061 0.135355
vt 0.305060 0.146422
vt 0.288467 0.125966
vt 0.277664 0.120554
vt 0.279875 0.131708
vt 0.285498 0.142398
vt 0.080829 0.712870
vt 0.079605 0.700750
vt 0.078167 0.686418
vt 0.292174 0.155010
vt 0.067044 0.703216
vt 0.062845 0.689462
vt 0.273762 0.147253
vt 0.277856 0.160928
vt 0.270327 0.135669
vt 0.262407 0.126537
vt 0.055219 0.708081
vt 0.260188 0.137696
vt 0.048429 0.695422
vt 0.261301 0.149731
vt 0.262655 0.163947
vt 0.044580 0.715151
vt 0.035459 0.704065
vt 0.248591 0.149733
vt 0.247149 0.163947
vt 0.249845 0.137708
vt 0.245812 0.107235
vt 0.239695 0.135703
vt 0.035528 0.724155
vt 0.024425 0.715062
vt 0.236120 0.147258
vt 0.231933 0.160924
vt 0.028406 0.734750
vt 0.015744 0.727998
vt 0.224365 0.142397
vt 0.217591 0.154990
vt 0.230126 0.131757
vt 0.235035 0.122399
vt 0.039129 0.740438
vt 0.232354 0.108636
vt 0.224696 0.114340
vt 0.237762 0.101745
vt 0.244027 0.096412
vt 0.023488 0.746533
vt 0.009753 0.742382
vt 0.213780 0.135335
vt 0.204676 0.146369
vt 0.221508 0.126019
vt 0.020968 0.759045
vt 0.006691 0.757658
vt 0.204772 0.126340
vt 0.193685 0.135390
vt 0.214172 0.118708
vt 0.225081 0.098185
vt 0.215820 0.100527
vt 0.053515 0.771273
vt 0.020941 0.771803
vt 0.006673 0.773232
vt 0.197690 0.115756
vt 0.185046 0.122471
vt 0.208402 0.110103
vt 0.062239 0.770535
vt 0.192808 0.103990
vt 0.179093 0.108109
vt 0.204420 0.100535
vt 0.023405 0.784314
vt 0.009699 0.788502
vt 0.028264 0.796098
vt 0.015646 0.802878
vt 0.190316 0.091495
vt 0.176057 0.092857
vt 0.202382 0.090372
vt 0.212905 0.084363
vt 0.058123 0.783144
vt 0.202366 0.080005
vt 0.190310 0.078750
vt 0.239527 0.082260
vt 0.035326 0.806700
vt 0.024282 0.815809
vt 0.176056 0.077303
vt 0.044317 0.815714
vt 0.035270 0.826797
vt 0.192793 0.066247
vt 0.179093 0.062044
vt 0.204375 0.069832
vt 0.067249 0.792562
vt 0.208331 0.060245
vt 0.197670 0.054467
vt 0.237057 0.069605
vt 0.242803 0.075390
vt 0.054889 0.822795
vt 0.048183 0.835424
vt 0.185051 0.047669
vt 0.070090 0.816090
vt 0.066633 0.827673
vt 0.062524 0.841359
vt 0.204755 0.043863
vt 0.193703 0.034730
vt 0.214085 0.051614
vt 0.221414 0.044270
vt 0.079094 0.830164
vt 0.077737 0.844378
vt 0.213776 0.034845
vt 0.204717 0.023725
vt 0.091793 0.830175
vt 0.093235 0.844369
vt 0.224388 0.027759
vt 0.217672 0.015080
vt 0.230040 0.038498
vt 0.235098 0.047808
vt 0.239629 0.034522
vt 0.104239 0.827711
vt 0.108419 0.841337
vt 0.236183 0.022881
vt 0.232073 0.009128
vt 0.115954 0.822872
vt 0.122704 0.835405
vt 0.248710 0.020402
vt 0.247367 0.006103
vt 0.249813 0.032496
vt 0.118822 0.806578
vt 0.126489 0.815850
vt 0.135538 0.826809
vt 0.261485 0.020420
vt 0.262967 0.006128
vt 0.260200 0.032501
vt 0.274014 0.022940
vt 0.278270 0.009209
vt 0.270387 0.034538
vt 0.135442 0.806927
vt 0.146426 0.815893
vt 0.142480 0.796456
vt 0.154953 0.803095
vt 0.285810 0.027868
vt 0.292681 0.015237
vt 0.279979 0.038530
vt 0.296410 0.035016
vt 0.305628 0.023987
vt 0.288607 0.044321
vt 0.147356 0.784852
vt 0.160798 0.788939
vt 0.149931 0.772556
vt 0.163768 0.774019
vt 0.305402 0.044106
vt 0.316589 0.035119
vt 0.295952 0.051685
vt 0.449116 0.597969
vt 0.447762 0.586484
vt 0.440989 0.595244
vt 0.114993 0.242219
vt 0.103540 0.240382
vt 0.108541 0.250679
vt 0.147237 0.236603
vt 0.160954 0.232604
vt 0.155162 0.218210
vt 0.142459 0.224818
vt 0.490103 0.589849
vt 0.487870 0.577464
vt 0.477277 0.586408
vt 0.085030 0.255199
vt 0.092695 0.254991
vt 0.089661 0.249229
vt 0.432815 0.594080
vt 0.437575 0.585514
vt 0.457630 0.589372
vt 0.452766 0.577474
vt 0.126352 0.247082
vt 0.117624 0.252046
vt 0.460753 0.572307
vt 0.472505 0.571144
vt 0.463597 0.558979
vt 0.440613 0.577091
vt 0.126184 0.263876
vt 0.137594 0.254692
vt 0.427574 0.588214
vt 0.425566 0.595495
vt 0.444169 0.568612
vt 0.108492 0.259915
vt 0.100524 0.253492
vt 0.099645 0.261014
vt 0.476368 0.554797
vt 0.467456 0.545455
vt 0.448962 0.560412
vt 0.451001 0.548955
vt 0.089814 0.261012
vt 0.429921 0.580503
vt 0.430238 0.571998
vt 0.104957 0.268434
vt 0.095120 0.267076
vt 0.433331 0.554023
vt 0.441386 0.544869
vt 0.431160 0.542763
vt 0.435328 0.564173
vt 0.426386 0.562823
vt 0.421646 0.553297
vt 0.419398 0.581331
vt 0.095851 0.276288
vt 0.088225 0.270600
vt 0.420626 0.589784
vt 0.420780 0.572018
vt 0.413803 0.564997
vt 0.410118 0.577426
vt 0.085005 0.279114
vt 0.091971 0.287062
vt 0.408939 0.556744
vt 0.410515 0.544684
vt 0.400888 0.548619
vt 0.081073 0.261126
vt 0.403005 0.571831
vt 0.080674 0.270168
vt 0.076061 0.296285
vt 0.081843 0.287807
vt 0.072952 0.285490
vt 0.395392 0.566081
vt 0.392222 0.554353
vt 0.384846 0.561665
vt 0.411368 0.589400
vt 0.402701 0.589067
vt 0.388324 0.575365
vt 0.384158 0.587840
vt 0.395723 0.582302
vt 0.418330 0.597111
vt 0.392954 0.592086
vt 0.375020 0.579854
vt 0.372953 0.590028
vt 0.410137 0.598501
vt 0.384405 0.604278
vt 0.372914 0.600405
vt 0.374900 0.610586
vt 0.070219 0.260094
vt 0.078103 0.252552
vt 0.414867 0.606606
vt 0.062133 0.261494
vt 0.061655 0.250081
vt 0.052407 0.255794
vt 0.390921 0.619354
vt 0.378834 0.620178
vt 0.384563 0.628812
vt 0.422796 0.602643
vt 0.405704 0.608814
vt 0.412317 0.615394
vt 0.046448 0.238359
vt 0.053649 0.245696
vt 0.057568 0.237557
vt 0.402500 0.630641
vt 0.391863 0.636159
vt 0.400452 0.641936
vt 0.423847 0.610991
vt 0.055829 0.224865
vt 0.064217 0.229852
vt 0.413161 0.635852
vt 0.426142 0.637492
vt 0.418761 0.627358
vt 0.429676 0.601694
vt 0.083329 0.247723
vt 0.421037 0.618960
vt 0.432756 0.618059
vt 0.420131 0.647971
vt 0.430463 0.648002
vt 0.442141 0.634057
vt 0.431154 0.627580
vt 0.431502 0.610037
vt 0.442986 0.622995
vt 0.077620 0.213747
vt 0.072002 0.225267
vt 0.084457 0.222563
vt 0.440595 0.646020
vt 0.450139 0.642105
vt 0.078610 0.232356
vt 0.078890 0.240712
vt 0.086380 0.239678
vt 0.452147 0.628209
vt 0.092304 0.232634
vt 0.437781 0.605139
vt 0.443907 0.610448
vt 0.450692 0.616420
vt 0.094064 0.214076
vt 0.096998 0.224839
vt 0.460715 0.618379
vt 0.466042 0.629167
vt 0.471806 0.620653
vt 0.095780 0.244149
vt 0.455314 0.608711
vt 0.109111 0.220695
vt 0.107705 0.231744
vt 0.466686 0.603622
vt 0.475818 0.611197
vt 0.477958 0.601145
vt 0.458119 0.598964
vt 0.120247 0.232229
vt 0.135604 0.239991
vt 0.131711 0.230411
vt 0.501509 0.573904
vt 0.503758 0.588838
vt 0.496350 0.559294
vt 0.483316 0.565599
vt 0.149642 0.249070
vt 0.163851 0.247808
vt 0.466896 0.587688
vt 0.117009 0.261590
vt 0.488174 0.545556
vt 0.163757 0.263275
vt 0.149581 0.261762
vt 0.147059 0.274198
vt 0.160670 0.278430
vt 0.135540 0.270588
vt 0.476839 0.534147
vt 0.112363 0.272988
vt 0.456796 0.538168
vt 0.463661 0.525336
vt 0.142169 0.285906
vt 0.154702 0.292702
vt 0.131571 0.280127
vt 0.119522 0.279249
vt 0.135096 0.296443
vt 0.146072 0.305546
vt 0.125823 0.288712
vt 0.444926 0.533172
vt 0.449112 0.519312
vt 0.103626 0.281988
vt 0.432334 0.530619
vt 0.433724 0.516252
vt 0.126108 0.305404
vt 0.135106 0.316472
vt 0.118514 0.296015
vt 0.107710 0.290603
vt 0.109922 0.301758
vt 0.115545 0.312448
vt 0.420736 0.542704
vt 0.419512 0.530584
vt 0.418074 0.516252
vt 0.122220 0.325060
vt 0.406951 0.533051
vt 0.402752 0.519296
vt 0.103809 0.317303
vt 0.107903 0.330978
vt 0.100373 0.305719
vt 0.092453 0.296587
vt 0.395127 0.537915
vt 0.090234 0.307746
vt 0.388336 0.525256
vt 0.091348 0.319780
vt 0.092701 0.333997
vt 0.384487 0.544986
vt 0.375367 0.533899
vt 0.078638 0.319783
vt 0.077195 0.333997
vt 0.079891 0.307758
vt 0.075858 0.277284
vt 0.069741 0.305753
vt 0.375435 0.553989
vt 0.364332 0.544896
vt 0.066166 0.317308
vt 0.061979 0.330974
vt 0.368313 0.564585
vt 0.355651 0.557832
vt 0.054412 0.312447
vt 0.047637 0.325040
vt 0.060173 0.301807
vt 0.065082 0.292449
vt 0.379036 0.570273
vt 0.062400 0.278686
vt 0.054743 0.284389
vt 0.067809 0.271795
vt 0.074074 0.266462
vt 0.363395 0.576367
vt 0.349661 0.572217
vt 0.043827 0.305385
vt 0.034722 0.316419
vt 0.051555 0.296069
vt 0.360875 0.588879
vt 0.346598 0.587492
vt 0.034819 0.296390
vt 0.023732 0.305439
vt 0.044219 0.288758
vt 0.055127 0.268234
vt 0.045867 0.270577
vt 0.393422 0.601107
vt 0.360848 0.601637
vt 0.346580 0.603066
vt 0.027737 0.285806
vt 0.015092 0.292520
vt 0.038448 0.280153
vt 0.402146 0.600369
vt 0.022854 0.274040
vt 0.009139 0.278159
vt 0.034467 0.270585
vt 0.363312 0.614148
vt 0.349606 0.618336
vt 0.368171 0.625932
vt 0.355553 0.632712
vt 0.020362 0.261545
vt 0.006103 0.262907
vt 0.032428 0.260422
vt 0.042952 0.254413
vt 0.398030 0.612978
vt 0.032412 0.250055
vt 0.020357 0.248800
vt 0.069574 0.252310
vt 0.375233 0.636534
vt 0.364189 0.645643
vt 0.006103 0.247353
vt 0.384224 0.645548
vt 0.375177 0.656631
vt 0.022840 0.236297
vt 0.009140 0.232094
vt 0.034421 0.239882
vt 0.407156 0.622396
vt 0.038378 0.230295
vt 0.027717 0.224517
vt 0.067104 0.239654
vt 0.072849 0.245440
vt 0.394796 0.652629
vt 0.388091 0.665258
vt 0.015098 0.217719
vt 0.409997 0.645924
vt 0.406539 0.657507
vt 0.402431 0.671193
vt 0.034801 0.213913
vt 0.023749 0.204780
vt 0.044131 0.221664
vt 0.051461 0.214320
vt 0.419001 0.659999
vt 0.417644 0.674213
vt 0.043822 0.204894
vt 0.034763 0.193775
vt 0.431700 0.660010
vt 0.433142 0.674203
vt 0.054434 0.197809
vt 0.047718 0.185129
vt 0.060086 0.208548
vt 0.065144 0.217858
vt 0.069675 0.204572
vt 0.444146 0.657546
vt 0.448326 0.671171
vt 0.066230 0.192931
vt 0.062119 0.179178
vt 0.455861 0.652706
vt 0.462611 0.665239
vt 0.078757 0.190452
vt 0.077414 0.176153
vt 0.079860 0.202546
vt 0.458729 0.636413
vt 0.466396 0.645685
vt 0.475445 0.656643
vt 0.091532 0.190470
vt 0.093014 0.176178
vt 0.090246 0.202550
vt 0.104060 0.192990
vt 0.108317 0.179259
vt 0.100433 0.204588
vt 0.475349 0.636761
vt 0.486333 0.645727
vt 0.482387 0.626291
vt 0.494860 0.632929
vt 0.115856 0.197918
vt 0.122727 0.185287
vt 0.110025 0.208580
vt 0.126457 0.205066
vt 0.135674 0.194037
vt 0.118653 0.214371
vt 0.487263 0.614686
vt 0.500705 0.618773
vt 0.489838 0.602390
vt 0.503675 0.603853
vt 0.135448 0.214156
vt 0.146636 0.205169
vt 0.125998 0.221735
vt 0.070136 0.961436
vt 0.072414 0.961509
vt 0.073034 0.948491
vt 0.802214 0.874162
vt 0.801592 0.861146
vt 0.799314 0.861219
vt 0.806959 0.876522
vt 0.806475 0.868942
vt 0.804518 0.874338
vt 0.075338 0.948315
vt 0.077296 0.953712
vt 0.077779 0.946130
vt 0.806325 0.888332
vt 0.805366 0.883155
vt 0.803624 0.886396
vt 0.074442 0.936255
vt 0.076185 0.939497
vt 0.077143 0.934318
vt 0.810481 0.893599
vt 0.809424 0.890778
vt 0.807935 0.893516
vt 0.078753 0.929134
vt 0.080242 0.931872
vt 0.081299 0.929050
vt 0.082084 0.914455
vt 0.079385 0.918189
vt 0.082242 0.918104
vt 0.811426 0.904544
vt 0.808569 0.904460
vt 0.811268 0.908193
vt 0.098644 0.898207
vt 0.087490 0.911387
vt 0.089371 0.912713
vt 0.816890 0.911513
vt 0.815061 0.912878
vt 0.823268 0.922458
vt 0.830262 0.916578
vt 0.820369 0.908519
vt 0.828563 0.918093
vt 0.099380 0.904551
vt 0.091186 0.914127
vt 0.101079 0.906066
vt 0.090484 0.897292
vt 0.082350 0.906900
vt 0.092266 0.898751
vt 0.821451 0.923892
vt 0.811535 0.915746
vt 0.819669 0.925352
vt 0.098283 0.894909
vt 0.094083 0.900186
vt 0.827994 0.924636
vt 0.827468 0.927733
vt 0.824454 0.927628
vt 0.826557 0.930628
vt 0.823394 0.930180
vt 0.825260 0.933107
vt 0.829600 0.930855
vt 0.828323 0.933864
vt 0.101844 0.888996
vt 0.100415 0.891787
vt 0.103076 0.891988
vt 0.826239 0.935278
vt 0.832261 0.930653
vt 0.831030 0.933646
vt 0.829166 0.936363
vt 0.102707 0.886224
vt 0.104931 0.887539
vt 0.826758 0.937259
vt 0.834117 0.935101
vt 0.831893 0.936417
vt 0.838980 0.936120
vt 0.838549 0.933986
vt 0.836609 0.935460
vt 0.107423 0.887180
vt 0.109365 0.888654
vt 0.109795 0.886519
vt 0.829417 0.938351
vt 0.832110 0.938833
vt 0.839160 0.939955
vt 0.839166 0.938103
vt 0.836954 0.939043
vt 0.107768 0.883597
vt 0.109980 0.884537
vt 0.109974 0.882684
vt 0.829318 0.940267
vt 0.826854 0.938861
vt 0.836670 0.942130
vt 0.834521 0.940159
vt 0.105334 0.882481
vt 0.107483 0.880509
vt 0.831896 0.941160
vt 0.828950 0.942140
vt 0.826702 0.940408
vt 0.831392 0.943316
vt 0.828399 0.943849
vt 0.826346 0.941933
vt 0.835181 0.947218
vt 0.836030 0.944843
vt 0.833427 0.945147
vt 0.104239 0.877493
vt 0.106843 0.877797
vt 0.105993 0.875422
vt 0.830325 0.946062
vt 0.827733 0.945358
vt 0.825848 0.943316
vt 0.101138 0.876579
vt 0.102415 0.873587
vt 0.831603 0.949054
vt 0.826610 0.947246
vt 0.825252 0.944553
vt 0.834929 0.952477
vt 0.836184 0.950365
vt 0.833628 0.950255
vt 0.104439 0.872386
vt 0.106995 0.872275
vt 0.105739 0.870164
vt 0.828558 0.949111
vt 0.835614 0.955464
vt 0.833485 0.954456
vt 0.104295 0.868185
vt 0.106424 0.867176
vt 0.825316 0.948928
vt 0.097109 0.870932
vt 0.099370 0.873530
vt 0.099979 0.870254
vt 0.829168 0.952387
vt 0.826297 0.951710
vt 0.833813 0.957555
vt 0.831786 0.956352
vt 0.102596 0.866290
vt 0.104622 0.865086
vt 0.093814 0.875006
vt 0.095005 0.876440
vt 0.095871 0.873433
vt 0.824192 0.946201
vt 0.823001 0.947635
vt 0.824240 0.950014
vt 0.094757 0.872368
vt 0.831689 0.959542
vt 0.829782 0.958145
vt 0.100592 0.864498
vt 0.102498 0.863100
vt 0.092862 0.874123
vt 0.822049 0.948519
vt 0.822961 0.951049
vt 0.094854 0.869117
vt 0.096744 0.867394
vt 0.825932 0.955249
vt 0.824041 0.953526
vt 0.829171 0.961404
vt 0.827400 0.959820
vt 0.098210 0.862824
vt 0.099980 0.861240
vt 0.091693 0.873254
vt 0.093408 0.871338
vt 0.820879 0.949389
vt 0.821373 0.952054
vt 0.092894 0.867986
vt 0.822081 0.954657
vt 0.826210 0.963084
vt 0.824592 0.961323
vt 0.095403 0.861322
vt 0.097020 0.859561
vt 0.090237 0.872419
vt 0.091737 0.870348
vt 0.819423 0.950223
vt 0.819447 0.952965
vt 0.090561 0.867002
vt 0.092065 0.864940
vt 0.821253 0.957704
vt 0.819748 0.955642
vt 0.822759 0.964504
vt 0.821317 0.962574
vt 0.092129 0.860072
vt 0.093570 0.858142
vt 0.088482 0.871699
vt 0.089727 0.869477
vt 0.817667 0.950944
vt 0.817183 0.953684
vt 0.087845 0.866263
vt 0.817031 0.956381
vt 0.819912 0.965327
vt 0.817523 0.963452
vt 0.088336 0.859195
vt 0.090724 0.857320
vt 0.086425 0.871184
vt 0.087375 0.868822
vt 0.815610 0.951459
vt 0.803870 0.861073
vt 0.814545 0.954104
vt 0.084695 0.865898
vt 0.087580 0.863689
vt 0.816766 0.958957
vt 0.813880 0.956747
vt 0.815476 0.965990
vt 0.814330 0.963780
vt 0.085144 0.858868
vt 0.086289 0.856658
vt 0.084075 0.870989
vt 0.084649 0.868501
vt 0.813259 0.951655
vt 0.813004 0.966054
vt 0.811994 0.963752
vt 0.082809 0.858896
vt 0.083818 0.856594
vt 0.811657 0.954062
vt 0.081273 0.866116
vt 0.083934 0.863406
vt 0.813119 0.959240
vt 0.810457 0.956529
vt 0.810354 0.965868
vt 0.809513 0.963468
vt 0.080329 0.859180
vt 0.081169 0.856781
vt 0.081693 0.871238
vt 0.081753 0.868684
vt 0.810876 0.951406
vt 0.807535 0.965351
vt 0.806904 0.962851
vt 0.077720 0.859797
vt 0.078350 0.857298
vt 0.809564 0.953673
vt 0.077896 0.867157
vt 0.079952 0.863863
vt 0.809136 0.958784
vt 0.807079 0.955489
vt 0.804580 0.964405
vt 0.804199 0.961810
vt 0.075016 0.860838
vt 0.075397 0.858244
vt 0.079953 0.871746
vt 0.079667 0.869201
vt 0.808126 0.953158
vt 0.078216 0.869833
vt 0.801694 0.963014
vt 0.801404 0.960227
vt 0.072222 0.862421
vt 0.072512 0.859635
vt 0.078626 0.872391
vt 0.806608 0.952374
vt 0.801292 0.957416
vt 0.804478 0.959490
vt 0.804993 0.957153
vt 0.798786 0.961092
vt 0.069605 0.861557
vt 0.075810 0.865494
vt 0.075295 0.863157
vt 0.072111 0.865232
vt 0.076601 0.870798
vt 0.804350 0.953892
vt 0.798582 0.957988
vt 0.069401 0.864660
vt 0.075169 0.868754
vt 0.070737 0.869741
vt 0.799916 0.952904
vt 0.798159 0.954342
vt 0.796315 0.959004
vt 0.067135 0.863645
vt 0.068983 0.868301
vt 0.077013 0.873479
vt 0.074130 0.872801
vt 0.801668 0.951454
vt 0.804868 0.951173
vt 0.796424 0.955835
vt 0.067244 0.866812
vt 0.806147 0.860994
vt 0.808736 0.868360
vt 0.808427 0.860909
vt 0.079558 0.954293
vt 0.076969 0.961660
vt 0.079249 0.961745
vt 0.074692 0.961581
vt 0.068172 0.953482
vt 0.065917 0.952936
vt 0.065574 0.961280
vt 0.067856 0.961363
vt 0.794753 0.861376
vt 0.795097 0.869719
vt 0.797352 0.869173
vt 0.797034 0.861293
vt 0.809213 0.875930
vt 0.080033 0.946722
vt 0.070910 0.945906
vt 0.068665 0.945570
vt 0.066432 0.944977
vt 0.795613 0.877677
vt 0.797846 0.877084
vt 0.800091 0.876747
vt 0.807648 0.882713
vt 0.809883 0.882057
vt 0.080703 0.940594
vt 0.078467 0.939938
vt 0.071608 0.939258
vt 0.069399 0.938812
vt 0.067208 0.938127
vt 0.796390 0.884525
vt 0.798581 0.883840
vt 0.800790 0.883394
vt 0.808584 0.887703
vt 0.810775 0.886911
vt 0.081594 0.935739
vt 0.079403 0.934947
vt 0.072612 0.933631
vt 0.070464 0.933014
vt 0.068346 0.932171
vt 0.797529 0.890481
vt 0.799647 0.889638
vt 0.801795 0.889020
vt 0.805769 0.894344
vt 0.811626 0.890072
vt 0.082445 0.932578
vt 0.076586 0.928306
vt 0.073632 0.929779
vt 0.071516 0.929100
vt 0.069380 0.928411
vt 0.798564 0.894241
vt 0.800699 0.893551
vt 0.802815 0.892872
vt 0.812609 0.892709
vt 0.083427 0.929940
vt 0.074893 0.926378
vt 0.072842 0.925526
vt 0.070777 0.924671
vt 0.799962 0.897980
vt 0.802026 0.897124
vt 0.804076 0.896272
vt 0.808067 0.899338
vt 0.810026 0.898097
vt 0.812127 0.897036
vt 0.814268 0.896116
vt 0.085086 0.926532
vt 0.082945 0.925612
vt 0.080844 0.924552
vt 0.078884 0.923311
vt 0.076983 0.922084
vt 0.074985 0.921099
vt 0.072871 0.920274
vt 0.802055 0.902376
vt 0.804169 0.901551
vt 0.806167 0.900565
vt 0.813178 0.903035
vt 0.814187 0.900437
vt 0.816246 0.899353
vt 0.087063 0.923295
vt 0.085005 0.922211
vt 0.083995 0.919612
vt 0.077469 0.917026
vt 0.075432 0.916006
vt 0.804617 0.906642
vt 0.806653 0.905623
vt 0.816615 0.903847
vt 0.818602 0.902654
vt 0.089420 0.919993
vt 0.087432 0.918800
vt 0.080231 0.913168
vt 0.078261 0.912011
vt 0.807446 0.910637
vt 0.809415 0.909480
vt 0.818555 0.909934
vt 0.822131 0.907055
vt 0.092949 0.915591
vt 0.085876 0.909768
vt 0.084050 0.908414
vt 0.813235 0.914232
vt 0.826759 0.919478
vt 0.097574 0.903165
vt 0.830979 0.924679
vt 0.832844 0.923408
vt 0.833571 0.920602
vt 0.104388 0.902040
vt 0.103660 0.899235
vt 0.101795 0.897963
vt 0.096293 0.893585
vt 0.094208 0.892463
vt 0.834179 0.929385
vt 0.835643 0.923356
vt 0.106460 0.899286
vt 0.835399 0.927046
vt 0.837413 0.926003
vt 0.108229 0.896639
vt 0.106215 0.895595
vt 0.104995 0.893256
vt 0.098257 0.890566
vt 0.096074 0.889535
vt 0.836774 0.929445
vt 0.838858 0.928576
vt 0.109674 0.894065
vt 0.107589 0.893196
vt 0.099434 0.888063
vt 0.097052 0.887364
vt 0.835748 0.932500
vt 0.837816 0.931745
vt 0.839964 0.931090
vt 0.110779 0.891550
vt 0.108631 0.890896
vt 0.106563 0.890140
vt 0.840709 0.933421
vt 0.111524 0.889219
vt 0.100084 0.885749
vt 0.097571 0.885383
vt 0.841184 0.935659
vt 0.111999 0.886981
vt 0.841417 0.937877
vt 0.112232 0.884762
vt 0.102924 0.883808
vt 0.100235 0.883810
vt 0.097667 0.883780
vt 0.841431 0.939945
vt 0.112245 0.882694
vt 0.838879 0.942446
vt 0.841153 0.942647
vt 0.111967 0.879992
vt 0.109693 0.880192
vt 0.102709 0.881480
vt 0.100061 0.881897
vt 0.097515 0.882234
vt 0.838198 0.945439
vt 0.840432 0.945943
vt 0.111245 0.876696
vt 0.109010 0.877200
vt 0.102205 0.879325
vt 0.099638 0.880054
vt 0.097159 0.880708
vt 0.837280 0.948043
vt 0.839449 0.948795
vt 0.110261 0.873843
vt 0.108092 0.874596
vt 0.099055 0.878400
vt 0.096661 0.879326
vt 0.838272 0.951333
vt 0.109083 0.871305
vt 0.098361 0.876927
vt 0.096065 0.878088
vt 0.837036 0.953466
vt 0.107846 0.869174
vt 0.097198 0.875073
vt 0.831754 0.953013
vt 0.102565 0.869628
vt 0.830220 0.954738
vt 0.101030 0.867904
vt 0.828415 0.956363
vt 0.099225 0.866280
vt 0.826257 0.957885
vt 0.097068 0.864759
vt 0.823699 0.959261
vt 0.094511 0.863383
vt 0.820707 0.960416
vt 0.091519 0.862229
vt 0.817237 0.961236
vt 0.088050 0.861410
vt 0.817776 0.965734
vt 0.088588 0.856914
vt 0.813219 0.961551
vt 0.084033 0.861096
vt 0.809929 0.961309
vt 0.080745 0.861338
vt 0.807592 0.960776
vt 0.078409 0.861871
vt 0.809135 0.950898
vt 0.807809 0.950253
vt 0.806195 0.949165
vt 0.072488 0.871191
vt 0.794753 0.957445
vt 0.065574 0.865204
vt 0.804818 0.948056
vt 0.803307 0.949841
vt 0.075637 0.874588
vt 0.489395 0.879929
vt 0.488234 0.877917
vt 0.486222 0.876756
vt 0.483899 0.876756
vt 0.481887 0.877917
vt 0.480725 0.879929
vt 0.480725 0.882252
vt 0.481887 0.884264
vt 0.483899 0.885426
vt 0.486222 0.885426
vt 0.488234 0.884264
vt 0.489395 0.882252
vt 0.426768 0.879929
vt 0.426768 0.882252
vt 0.425607 0.884264
vt 0.423595 0.885426
vt 0.421272 0.885426
vt 0.419260 0.884264
vt 0.418098 0.882252
vt 0.418098 0.879929
vt 0.419260 0.877917
vt 0.421272 0.876756
vt 0.423595 0.876756
vt 0.425607 0.877917
vt 0.449116 0.768135
vt 0.447762 0.756650
vt 0.440989 0.765410
vt 0.284947 0.412269
vt 0.273493 0.410432
vt 0.278495 0.420729
vt 0.317191 0.406653
vt 0.330908 0.402654
vt 0.325115 0.388260
vt 0.312412 0.394868
vt 0.490103 0.760015
vt 0.487870 0.747630
vt 0.477277 0.756573
vt 0.254984 0.425249
vt 0.262649 0.425041
vt 0.259615 0.419279
vt 0.432815 0.764246
vt 0.437575 0.755680
vt 0.457630 0.759538
vt 0.452766 0.747640
vt 0.296306 0.417131
vt 0.287577 0.422096
vt 0.460752 0.742473
vt 0.472505 0.741310
vt 0.463597 0.729145
vt 0.440613 0.747257
vt 0.296138 0.433926
vt 0.307548 0.424742
vt 0.427574 0.758379
vt 0.425566 0.765661
vt 0.444169 0.738777
vt 0.278445 0.429965
vt 0.270477 0.423542
vt 0.269598 0.431064
vt 0.476367 0.724962
vt 0.467456 0.715620
vt 0.448962 0.730578
vt 0.451001 0.719120
vt 0.259767 0.431062
vt 0.429921 0.750668
vt 0.430238 0.742164
vt 0.274910 0.438484
vt 0.265073 0.437126
vt 0.433331 0.724189
vt 0.441386 0.715034
vt 0.431160 0.712928
vt 0.435328 0.734338
vt 0.426386 0.732988
vt 0.421646 0.723463
vt 0.419398 0.751497
vt 0.265805 0.446338
vt 0.258179 0.440650
vt 0.420626 0.759950
vt 0.420780 0.742184
vt 0.413803 0.735162
vt 0.410118 0.747592
vt 0.254958 0.449164
vt 0.261925 0.457112
vt 0.408939 0.726909
vt 0.410515 0.714850
vt 0.400888 0.718785
vt 0.251026 0.431176
vt 0.403005 0.741997
vt 0.250627 0.440218
vt 0.246015 0.466335
vt 0.251796 0.457857
vt 0.242906 0.455540
vt 0.395392 0.736246
vt 0.392222 0.724519
vt 0.384846 0.731830
vt 0.411368 0.759566
vt 0.402701 0.759233
vt 0.388323 0.745531
vt 0.384158 0.758005
vt 0.395723 0.752467
vt 0.418330 0.767276
vt 0.392954 0.762252
vt 0.375020 0.750020
vt 0.372953 0.760194
vt 0.410137 0.768666
vt 0.384405 0.774443
vt 0.372914 0.770571
vt 0.374900 0.780751
vt 0.240173 0.430144
vt 0.248057 0.422602
vt 0.414867 0.776772
vt 0.232086 0.431544
vt 0.231609 0.420131
vt 0.222360 0.425843
vt 0.390921 0.789520
vt 0.378834 0.790343
vt 0.384563 0.798978
vt 0.422796 0.772809
vt 0.405704 0.778979
vt 0.412317 0.785560
vt 0.216402 0.408409
vt 0.223603 0.415746
vt 0.227522 0.407607
vt 0.402500 0.800806
vt 0.391863 0.806325
vt 0.400452 0.812102
vt 0.423847 0.781157
vt 0.225783 0.394915
vt 0.234170 0.399902
vt 0.413160 0.806017
vt 0.426142 0.807658
vt 0.418761 0.797524
vt 0.429675 0.771860
vt 0.253282 0.417773
vt 0.421037 0.789125
vt 0.432756 0.788225
vt 0.420131 0.818137
vt 0.430463 0.818168
vt 0.442141 0.804223
vt 0.431154 0.797746
vt 0.431502 0.780203
vt 0.442986 0.793160
vt 0.247574 0.383797
vt 0.241955 0.395317
vt 0.254411 0.392613
vt 0.440595 0.816185
vt 0.450139 0.812270
vt 0.248564 0.402406
vt 0.248843 0.410762
vt 0.256334 0.409728
vt 0.452147 0.798374
vt 0.262257 0.402684
vt 0.437781 0.775305
vt 0.443907 0.780614
vt 0.450692 0.786585
vt 0.264018 0.384126
vt 0.266952 0.394889
vt 0.460715 0.788545
vt 0.466042 0.799333
vt 0.471806 0.790819
vt 0.265733 0.414198
vt 0.455313 0.778877
vt 0.279064 0.390745
vt 0.277658 0.401794
vt 0.466685 0.773787
vt 0.475818 0.781363
vt 0.477958 0.771311
vt 0.458119 0.769130
vt 0.290200 0.402279
vt 0.305558 0.410040
vt 0.301665 0.400461
vt 0.501509 0.744070
vt 0.503758 0.759004
vt 0.496350 0.729460
vt 0.483316 0.735765
vt 0.319595 0.419120
vt 0.333804 0.417858
vt 0.466896 0.757853
vt 0.286962 0.431640
vt 0.488174 0.715722
vt 0.333710 0.433325
vt 0.319535 0.431812
vt 0.317012 0.444247
vt 0.330624 0.448480
vt 0.305494 0.440638
vt 0.476839 0.704313
vt 0.282316 0.443038
vt 0.456796 0.708334
vt 0.463661 0.695501
vt 0.312123 0.455956
vt 0.324655 0.462752
vt 0.301525 0.450177
vt 0.289476 0.449299
vt 0.305050 0.466493
vt 0.316026 0.475596
vt 0.295777 0.458762
vt 0.444926 0.703338
vt 0.449112 0.689477
vt 0.273580 0.452038
vt 0.432334 0.700785
vt 0.433724 0.686418
vt 0.296061 0.475454
vt 0.305060 0.486522
vt 0.288467 0.466065
vt 0.277664 0.460653
vt 0.279875 0.471808
vt 0.285498 0.482498
vt 0.420736 0.712870
vt 0.419512 0.700750
vt 0.418074 0.686418
vt 0.292174 0.495110
vt 0.406951 0.703216
vt 0.402752 0.689462
vt 0.273762 0.487353
vt 0.277857 0.501028
vt 0.270327 0.475769
vt 0.262407 0.466637
vt 0.395126 0.708081
vt 0.260188 0.477795
vt 0.388335 0.695422
vt 0.261301 0.489830
vt 0.262655 0.504047
vt 0.384487 0.715151
vt 0.375367 0.704065
vt 0.248592 0.489833
vt 0.247149 0.504047
vt 0.249845 0.477807
vt 0.245812 0.447334
vt 0.239695 0.475803
vt 0.375435 0.724155
vt 0.364332 0.715061
vt 0.236120 0.487358
vt 0.231933 0.501024
vt 0.368313 0.734750
vt 0.355651 0.727998
vt 0.224366 0.482497
vt 0.217591 0.495090
vt 0.230126 0.471857
vt 0.235035 0.462499
vt 0.379036 0.740438
vt 0.232354 0.448736
vt 0.224697 0.454440
vt 0.237763 0.441845
vt 0.244027 0.436512
vt 0.363395 0.746532
vt 0.349660 0.742382
vt 0.213780 0.475435
vt 0.204676 0.486469
vt 0.221508 0.466119
vt 0.360875 0.759044
vt 0.346598 0.757658
vt 0.204772 0.466439
vt 0.193686 0.475489
vt 0.214172 0.458808
vt 0.225081 0.438284
vt 0.215820 0.440627
vt 0.393422 0.771273
vt 0.360848 0.771802
vt 0.346580 0.773232
vt 0.197690 0.455856
vt 0.185046 0.462570
vt 0.208402 0.450203
vt 0.402146 0.770535
vt 0.192808 0.444090
vt 0.179093 0.448209
vt 0.204420 0.440635
vt 0.363312 0.784314
vt 0.349606 0.788502
vt 0.368171 0.796097
vt 0.355553 0.802878
vt 0.190316 0.431595
vt 0.176057 0.432957
vt 0.202382 0.430472
vt 0.212906 0.424462
vt 0.398030 0.783143
vt 0.202366 0.420105
vt 0.190310 0.418850
vt 0.239527 0.422360
vt 0.375233 0.806700
vt 0.364189 0.815808
vt 0.176056 0.417403
vt 0.384224 0.815714
vt 0.375176 0.826797
vt 0.192794 0.406347
vt 0.179093 0.402144
vt 0.204375 0.409932
vt 0.407156 0.792562
vt 0.208331 0.400345
vt 0.197671 0.394567
vt 0.237057 0.409704
vt 0.242803 0.415490
vt 0.394796 0.822795
vt 0.388091 0.835424
vt 0.185051 0.387769
vt 0.409997 0.816090
vt 0.406540 0.827673
vt 0.402431 0.841359
vt 0.204755 0.383963
vt 0.193703 0.374830
vt 0.214085 0.391713
vt 0.221415 0.384370
vt 0.419001 0.830164
vt 0.417644 0.844378
vt 0.213776 0.374944
vt 0.204717 0.363825
vt 0.431700 0.830175
vt 0.433142 0.844369
vt 0.224388 0.367859
vt 0.217672 0.355179
vt 0.230040 0.378598
vt 0.235098 0.387908
vt 0.239629 0.374622
vt 0.444146 0.827711
vt 0.448326 0.841337
vt 0.236184 0.362981
vt 0.232073 0.349227
vt 0.455861 0.822871
vt 0.462611 0.835404
vt 0.248710 0.360502
vt 0.247367 0.346203
vt 0.249813 0.372596
vt 0.458729 0.806578
vt 0.466396 0.815850
vt 0.475445 0.826808
vt 0.261485 0.360520
vt 0.262967 0.346227
vt 0.260200 0.372600
vt 0.274014 0.363040
vt 0.278270 0.349309
vt 0.270387 0.374638
vt 0.475349 0.806927
vt 0.486333 0.815892
vt 0.482387 0.796456
vt 0.494860 0.803095
vt 0.285810 0.367968
vt 0.292681 0.355337
vt 0.279979 0.378630
vt 0.296410 0.375115
vt 0.305628 0.364087
vt 0.288607 0.384421
vt 0.487263 0.784851
vt 0.500705 0.788938
vt 0.489838 0.772555
vt 0.503675 0.774019
vt 0.305402 0.384206
vt 0.316589 0.375218
vt 0.295952 0.391785
vt 0.618499 0.768135
vt 0.617145 0.756649
vt 0.610372 0.765409
vt 0.284947 0.242219
vt 0.273493 0.240382
vt 0.278495 0.250679
vt 0.317191 0.236603
vt 0.330908 0.232604
vt 0.325115 0.218210
vt 0.312412 0.224818
vt 0.659486 0.760015
vt 0.657253 0.747630
vt 0.646659 0.756573
vt 0.254984 0.255199
vt 0.262649 0.254991
vt 0.259615 0.249229
vt 0.602198 0.764246
vt 0.606958 0.755680
vt 0.627013 0.759537
vt 0.622149 0.747640
vt 0.296306 0.247082
vt 0.287577 0.252046
vt 0.630135 0.742473
vt 0.641888 0.741310
vt 0.632980 0.729145
vt 0.609996 0.747256
vt 0.296138 0.263876
vt 0.307547 0.254692
vt 0.596957 0.758379
vt 0.594949 0.765661
vt 0.613552 0.738777
vt 0.278445 0.259916
vt 0.270477 0.253492
vt 0.269598 0.261014
vt 0.645751 0.724962
vt 0.636839 0.715620
vt 0.618345 0.730577
vt 0.620384 0.719120
vt 0.259767 0.261012
vt 0.599304 0.750668
vt 0.599621 0.742163
vt 0.274910 0.268434
vt 0.265073 0.267076
vt 0.602714 0.724189
vt 0.610769 0.715034
vt 0.600543 0.712928
vt 0.604711 0.734338
vt 0.595769 0.732988
vt 0.591029 0.723463
vt 0.588781 0.751497
vt 0.265804 0.276288
vt 0.258179 0.270600
vt 0.590008 0.759950
vt 0.590163 0.742184
vt 0.583186 0.735162
vt 0.579501 0.747592
vt 0.254958 0.279114
vt 0.261925 0.287062
vt 0.578322 0.726909
vt 0.579898 0.714850
vt 0.570271 0.718785
vt 0.251026 0.261126
vt 0.572388 0.741997
vt 0.250627 0.270168
vt 0.246014 0.296285
vt 0.251796 0.287807
vt 0.242906 0.285490
vt 0.564775 0.736246
vt 0.561605 0.724519
vt 0.554229 0.731830
vt 0.580751 0.759566
vt 0.572084 0.759232
vt 0.557706 0.745531
vt 0.553541 0.758005
vt 0.565106 0.752467
vt 0.587713 0.767276
vt 0.562337 0.762252
vt 0.544403 0.750020
vt 0.542336 0.760194
vt 0.579520 0.768666
vt 0.553788 0.774443
vt 0.542296 0.770571
vt 0.544283 0.780751
vt 0.240173 0.260094
vt 0.248057 0.252552
vt 0.584250 0.776772
vt 0.232086 0.261494
vt 0.231608 0.250081
vt 0.222360 0.255794
vt 0.560304 0.789520
vt 0.548217 0.790343
vt 0.553946 0.798978
vt 0.592179 0.772809
vt 0.575087 0.778979
vt 0.581700 0.785560
vt 0.216402 0.238359
vt 0.223603 0.245696
vt 0.227522 0.237557
vt 0.571883 0.800806
vt 0.561246 0.806325
vt 0.569835 0.812102
vt 0.593230 0.781157
vt 0.225783 0.224865
vt 0.234170 0.229852
vt 0.582544 0.806017
vt 0.595525 0.807658
vt 0.588144 0.797524
vt 0.599058 0.771860
vt 0.253282 0.247723
vt 0.590420 0.789125
vt 0.602139 0.788225
vt 0.589514 0.818137
vt 0.599846 0.818168
vt 0.611523 0.804222
vt 0.600537 0.797746
vt 0.600885 0.780203
vt 0.612369 0.793160
vt 0.247574 0.213747
vt 0.241955 0.225267
vt 0.254411 0.222563
vt 0.609978 0.816186
vt 0.619522 0.812270
vt 0.248564 0.232356
vt 0.248843 0.240712
vt 0.256334 0.239678
vt 0.621530 0.798374
vt 0.262257 0.232634
vt 0.607164 0.775305
vt 0.613290 0.780614
vt 0.620075 0.786585
vt 0.264018 0.214077
vt 0.266952 0.224839
vt 0.630098 0.788545
vt 0.635425 0.799333
vt 0.641189 0.790819
vt 0.265733 0.244149
vt 0.624696 0.778877
vt 0.279064 0.220695
vt 0.277658 0.231744
vt 0.636068 0.773787
vt 0.645201 0.781363
vt 0.647341 0.771310
vt 0.627502 0.769130
vt 0.290200 0.232229
vt 0.305558 0.239991
vt 0.301665 0.230411
vt 0.670892 0.744070
vt 0.673141 0.759004
vt 0.665733 0.729460
vt 0.652699 0.735764
vt 0.319595 0.249070
vt 0.333804 0.247808
vt 0.636279 0.757853
vt 0.286962 0.261590
vt 0.657557 0.715722
vt 0.333710 0.263275
vt 0.319535 0.261762
vt 0.317012 0.274198
vt 0.330624 0.278430
vt 0.305494 0.270588
vt 0.646222 0.704313
vt 0.282316 0.272988
vt 0.626179 0.708334
vt 0.633044 0.695502
vt 0.312123 0.285906
vt 0.324655 0.292702
vt 0.301525 0.280127
vt 0.289476 0.279249
vt 0.305050 0.296443
vt 0.316026 0.305546
vt 0.295777 0.288712
vt 0.614309 0.703338
vt 0.618495 0.689477
vt 0.273580 0.281988
vt 0.601717 0.700785
vt 0.603107 0.686418
vt 0.296061 0.305404
vt 0.305060 0.316472
vt 0.288467 0.296016
vt 0.277664 0.290604
vt 0.279875 0.301758
vt 0.285498 0.312448
vt 0.590119 0.712870
vt 0.588895 0.700749
vt 0.587457 0.686418
vt 0.292174 0.325060
vt 0.576334 0.703216
vt 0.572135 0.689461
vt 0.273762 0.317303
vt 0.277856 0.330978
vt 0.270327 0.305719
vt 0.262407 0.296587
vt 0.564509 0.708081
vt 0.260188 0.307746
vt 0.557719 0.695422
vt 0.261301 0.319781
vt 0.262655 0.333997
vt 0.553870 0.715151
vt 0.544750 0.704065
vt 0.248591 0.319783
vt 0.247149 0.333997
vt 0.249845 0.307758
vt 0.245812 0.277284
vt 0.239694 0.305753
vt 0.544818 0.724155
vt 0.533715 0.715061
vt 0.236120 0.317308
vt 0.231933 0.330974
vt 0.537696 0.734750
vt 0.525034 0.727997
vt 0.224365 0.312447
vt 0.217591 0.325040
vt 0.230126 0.301807
vt 0.235035 0.292449
vt 0.548419 0.740438
vt 0.232354 0.278686
vt 0.224696 0.284390
vt 0.237762 0.271795
vt 0.244027 0.266462
vt 0.532778 0.746532
vt 0.519043 0.742382
vt 0.213780 0.305385
vt 0.204676 0.316419
vt 0.221508 0.296069
vt 0.530258 0.759044
vt 0.515981 0.757658
vt 0.204772 0.296390
vt 0.193685 0.305439
vt 0.214172 0.288758
vt 0.225081 0.268234
vt 0.215820 0.270577
vt 0.562805 0.771273
vt 0.530231 0.771802
vt 0.515963 0.773232
vt 0.197690 0.285806
vt 0.185046 0.292520
vt 0.208402 0.280153
vt 0.571529 0.770535
vt 0.192808 0.274040
vt 0.179092 0.278159
vt 0.204420 0.270585
vt 0.532695 0.784314
vt 0.518989 0.788501
vt 0.537554 0.796097
vt 0.524936 0.802878
vt 0.190316 0.261545
vt 0.176056 0.262907
vt 0.202382 0.260422
vt 0.212905 0.254413
vt 0.567413 0.783143
vt 0.202366 0.250055
vt 0.190310 0.248800
vt 0.239527 0.252310
vt 0.544616 0.806699
vt 0.533572 0.815808
vt 0.176056 0.247353
vt 0.553607 0.815713
vt 0.544560 0.826797
vt 0.192793 0.236297
vt 0.179093 0.232094
vt 0.204375 0.239882
vt 0.576539 0.792562
vt 0.208331 0.230295
vt 0.197670 0.224517
vt 0.237057 0.239654
vt 0.242803 0.245440
vt 0.564179 0.822795
vt 0.557473 0.835423
vt 0.185051 0.217719
vt 0.579380 0.816089
vt 0.575923 0.827673
vt 0.571814 0.841359
vt 0.204755 0.213913
vt 0.193703 0.204780
vt 0.214085 0.221664
vt 0.221414 0.214320
vt 0.588384 0.830164
vt 0.587027 0.844378
vt 0.213776 0.204894
vt 0.204717 0.193775
vt 0.601083 0.830175
vt 0.602525 0.844369
vt 0.224388 0.197809
vt 0.217672 0.185129
vt 0.230040 0.208548
vt 0.235098 0.217858
vt 0.239629 0.204572
vt 0.613529 0.827711
vt 0.617709 0.841337
vt 0.236183 0.192931
vt 0.232073 0.179178
vt 0.625244 0.822871
vt 0.631994 0.835404
vt 0.248710 0.190452
vt 0.247367 0.176153
vt 0.249813 0.202546
vt 0.628112 0.806578
vt 0.635779 0.815850
vt 0.644828 0.826808
vt 0.261485 0.190470
vt 0.262967 0.176178
vt 0.260200 0.202551
vt 0.274014 0.192990
vt 0.278270 0.179259
vt 0.270387 0.204588
vt 0.644732 0.806927
vt 0.655716 0.815893
vt 0.651770 0.796456
vt 0.664243 0.803095
vt 0.285809 0.197918
vt 0.292681 0.185287
vt 0.279979 0.208580
vt 0.296410 0.205066
vt 0.305628 0.194037
vt 0.288607 0.214371
vt 0.656646 0.784851
vt 0.670088 0.788938
vt 0.659221 0.772555
vt 0.673058 0.774019
vt 0.305401 0.214156
vt 0.316589 0.205169
vt 0.295952 0.221735
vt 0.787882 0.597969
vt 0.786528 0.586484
vt 0.779755 0.595244
vt 0.454900 0.072169
vt 0.443447 0.070332
vt 0.448448 0.080629
vt 0.487144 0.066553
vt 0.500861 0.062554
vt 0.495069 0.048160
vt 0.482366 0.054768
vt 0.828869 0.589849
vt 0.826636 0.577464
vt 0.816043 0.586408
vt 0.424938 0.085150
vt 0.432602 0.084941
vt 0.429568 0.079179
vt 0.771581 0.594080
vt 0.776341 0.585514
vt 0.796396 0.589372
vt 0.791532 0.577474
vt 0.466259 0.077032
vt 0.457531 0.081996
vt 0.799518 0.572307
vt 0.811271 0.571144
vt 0.802363 0.558979
vt 0.779379 0.577091
vt 0.466091 0.093826
vt 0.477501 0.084642
vt 0.766340 0.588214
vt 0.764332 0.595495
vt 0.782936 0.568611
vt 0.448399 0.089866
vt 0.440431 0.083442
vt 0.439552 0.090964
vt 0.815133 0.554797
vt 0.806222 0.545455
vt 0.787728 0.560412
vt 0.789767 0.548955
vt 0.429721 0.090962
vt 0.768687 0.580503
vt 0.769004 0.571998
vt 0.444864 0.098384
vt 0.435027 0.097026
vt 0.772097 0.554023
vt 0.780152 0.544869
vt 0.769926 0.542762
vt 0.774094 0.564173
vt 0.765152 0.562823
vt 0.760412 0.553297
vt 0.758164 0.581331
vt 0.435758 0.106238
vt 0.428133 0.100550
vt 0.759392 0.589784
vt 0.759546 0.572018
vt 0.752569 0.564997
vt 0.748884 0.577426
vt 0.424912 0.109064
vt 0.431878 0.117012
vt 0.747705 0.556744
vt 0.749281 0.544684
vt 0.739654 0.548619
vt 0.420980 0.091076
vt 0.741771 0.571831
vt 0.420581 0.100118
vt 0.415968 0.126235
vt 0.421750 0.117757
vt 0.412859 0.115440
vt 0.734158 0.566081
vt 0.730988 0.554353
vt 0.723612 0.561665
vt 0.750134 0.589400
vt 0.741467 0.589067
vt 0.727089 0.575365
vt 0.722924 0.587840
vt 0.734489 0.582302
vt 0.757096 0.597111
vt 0.731720 0.592086
vt 0.713786 0.579854
vt 0.711719 0.590029
vt 0.748903 0.598501
vt 0.723171 0.604278
vt 0.711680 0.600405
vt 0.713666 0.610586
vt 0.410126 0.090044
vt 0.418010 0.082502
vt 0.753633 0.606606
vt 0.402040 0.091444
vt 0.401562 0.080031
vt 0.392314 0.085744
vt 0.729687 0.619354
vt 0.717600 0.620178
vt 0.723329 0.628812
vt 0.761562 0.602643
vt 0.744470 0.608814
vt 0.751083 0.615394
vt 0.386356 0.068309
vt 0.393556 0.075646
vt 0.397475 0.067507
vt 0.741266 0.630641
vt 0.730629 0.636159
vt 0.739218 0.641936
vt 0.762613 0.610991
vt 0.395736 0.054815
vt 0.404124 0.059803
vt 0.751926 0.635852
vt 0.764908 0.637492
vt 0.757527 0.627358
vt 0.768441 0.601694
vt 0.423236 0.077673
vt 0.759803 0.618960
vt 0.771522 0.618059
vt 0.758897 0.647971
vt 0.769229 0.648003
vt 0.780906 0.634057
vt 0.769920 0.627580
vt 0.770268 0.610037
vt 0.781752 0.622994
vt 0.417527 0.043697
vt 0.411909 0.055217
vt 0.424364 0.052513
vt 0.779361 0.646020
vt 0.788905 0.642105
vt 0.418517 0.062306
vt 0.418797 0.070662
vt 0.426287 0.069628
vt 0.790913 0.628209
vt 0.432211 0.062584
vt 0.776547 0.605139
vt 0.782673 0.610448
vt 0.789458 0.616420
vt 0.433971 0.044027
vt 0.436905 0.054789
vt 0.799481 0.618379
vt 0.804808 0.629167
vt 0.810572 0.620653
vt 0.435687 0.074099
vt 0.794080 0.608711
vt 0.449018 0.050645
vt 0.447612 0.061694
vt 0.805452 0.603622
vt 0.814584 0.611197
vt 0.816724 0.601145
vt 0.796885 0.598964
vt 0.460154 0.062179
vt 0.475511 0.069941
vt 0.471618 0.060361
vt 0.840275 0.573904
vt 0.842524 0.588838
vt 0.835116 0.559294
vt 0.822082 0.565599
vt 0.489549 0.079020
vt 0.503758 0.077758
vt 0.805662 0.587688
vt 0.456916 0.091540
vt 0.826940 0.545556
vt 0.503664 0.093225
vt 0.489488 0.091712
vt 0.486966 0.104148
vt 0.500577 0.108380
vt 0.475447 0.100538
vt 0.815605 0.534147
vt 0.452270 0.102938
vt 0.795562 0.538168
vt 0.802427 0.525336
vt 0.482076 0.115856
vt 0.494608 0.122652
vt 0.471478 0.110077
vt 0.459430 0.109199
vt 0.475003 0.126393
vt 0.485979 0.135496
vt 0.465730 0.118662
vt 0.783692 0.533172
vt 0.787878 0.519312
vt 0.443533 0.111938
vt 0.771100 0.530619
vt 0.772490 0.516252
vt 0.466015 0.135355
vt 0.475013 0.146422
vt 0.458421 0.125966
vt 0.447617 0.120553
vt 0.449829 0.131708
vt 0.455452 0.142398
vt 0.759502 0.542704
vt 0.758278 0.530584
vt 0.756840 0.516252
vt 0.462127 0.155010
vt 0.745717 0.533051
vt 0.741518 0.519296
vt 0.443716 0.147253
vt 0.447810 0.160928
vt 0.440281 0.135669
vt 0.432360 0.126537
vt 0.733893 0.537915
vt 0.430141 0.137696
vt 0.727102 0.525256
vt 0.431255 0.149731
vt 0.432608 0.163947
vt 0.723253 0.544985
vt 0.714133 0.533899
vt 0.418545 0.149733
vt 0.417102 0.163947
vt 0.419798 0.137708
vt 0.415765 0.107234
vt 0.409648 0.135703
vt 0.714201 0.553989
vt 0.703098 0.544896
vt 0.406073 0.147258
vt 0.401886 0.160924
vt 0.707079 0.564584
vt 0.694417 0.557832
vt 0.394319 0.142397
vt 0.387545 0.154990
vt 0.400080 0.131757
vt 0.404989 0.122399
vt 0.717802 0.570273
vt 0.402307 0.108636
vt 0.394650 0.114340
vt 0.407716 0.101745
vt 0.413981 0.096412
vt 0.702161 0.576367
vt 0.688426 0.572216
vt 0.383734 0.135335
vt 0.374629 0.146369
vt 0.391462 0.126019
vt 0.699641 0.588879
vt 0.685364 0.587492
vt 0.374726 0.126340
vt 0.363639 0.135389
vt 0.384126 0.118708
vt 0.395034 0.098184
vt 0.385774 0.100527
vt 0.732188 0.601107
vt 0.699614 0.601636
vt 0.685346 0.603066
vt 0.367644 0.115756
vt 0.354999 0.122471
vt 0.378355 0.110103
vt 0.740912 0.600369
vt 0.362762 0.103990
vt 0.349046 0.108109
vt 0.374374 0.100535
vt 0.702078 0.614148
vt 0.688372 0.618336
vt 0.706937 0.625932
vt 0.694319 0.632712
vt 0.360269 0.091495
vt 0.346010 0.092857
vt 0.372335 0.090372
vt 0.382859 0.084363
vt 0.736796 0.612978
vt 0.372319 0.080005
vt 0.360264 0.078750
vt 0.409481 0.082260
vt 0.713999 0.636534
vt 0.702955 0.645643
vt 0.346010 0.077303
vt 0.722990 0.645548
vt 0.713943 0.656631
vt 0.362747 0.066247
vt 0.349047 0.062044
vt 0.374328 0.069832
vt 0.745922 0.622396
vt 0.378285 0.060245
vt 0.367624 0.054467
vt 0.407011 0.069604
vt 0.412756 0.075390
vt 0.733562 0.652629
vt 0.726856 0.665258
vt 0.355005 0.047669
vt 0.748763 0.645924
vt 0.745306 0.657507
vt 0.741197 0.671193
vt 0.374708 0.043863
vt 0.363656 0.034730
vt 0.384038 0.051614
vt 0.391368 0.044270
vt 0.757767 0.659998
vt 0.756410 0.674212
vt 0.383729 0.034845
vt 0.374670 0.023725
vt 0.770466 0.660010
vt 0.771908 0.674203
vt 0.394341 0.027759
vt 0.387625 0.015080
vt 0.399993 0.038498
vt 0.405051 0.047808
vt 0.409582 0.034522
vt 0.782912 0.657545
vt 0.787092 0.671171
vt 0.406137 0.022881
vt 0.402026 0.009128
vt 0.794627 0.652706
vt 0.801377 0.665239
vt 0.418664 0.020402
vt 0.417321 0.006103
vt 0.419767 0.032496
vt 0.797495 0.636412
vt 0.805162 0.645685
vt 0.814211 0.656643
vt 0.431439 0.020420
vt 0.432921 0.006128
vt 0.430153 0.032501
vt 0.443968 0.022940
vt 0.448224 0.009209
vt 0.440340 0.034538
vt 0.814115 0.636761
vt 0.825099 0.645727
vt 0.821153 0.626291
vt 0.833626 0.632929
vt 0.455763 0.027868
vt 0.462634 0.015237
vt 0.449932 0.038530
vt 0.466364 0.035016
vt 0.475581 0.023987
vt 0.458560 0.044321
vt 0.826029 0.614686
vt 0.839471 0.618773
vt 0.828604 0.602390
vt 0.842441 0.603853
vt 0.475355 0.044106
vt 0.486543 0.035119
vt 0.465905 0.051685
s 1
usemtl Barrel
f 1/1/1 15/2/15 6/3/6
f 14/4/14 288/5/288 23/6/23
f 12/7/12 11/8/11 3/9/3 4/10/4
f 2/11/2 10/12/10 9/13/9
f 187/14/187 30/15/30 290/16/290
f 280/17/280 6/3/6 31/18/31
f 15/2/15 7/19/7 16/20/16
f 21/21/21 14/4/14 22/22/22
f 24/23/24 17/24/17 33/25/33
f 31/18/31 15/2/15 42/26/42
f 21/21/21 38/27/38 28/28/28
f 280/17/280 41/29/41 50/30/50
f 42/26/42 16/20/16 32/31/32
f 40/32/40 29/33/29 49/34/49
f 25/35/25 34/36/34 33/25/33
f 43/37/43 33/25/33 44/38/44
f 49/34/49 30/15/30 86/39/86
f 187/14/187 86/39/86 30/15/30
f 41/29/41 31/18/31 61/40/61
f 61/40/61 42/26/42 62/41/62
f 60/42/60 49/34/49 78/43/78
f 52/44/52 53/45/53 63/46/63
f 62/41/62 51/47/51 68/48/68
f 52/44/52 69/49/69 68/48/68
f 61/40/61 79/50/79 41/29/41
f 77/51/77 78/43/78 96/52/96
f 41/29/41 114/53/114 50/30/50
f 80/54/80 68/48/68 87/55/87
f 80/54/80 97/56/97 79/50/79
f 77/51/77 104/57/104 95/58/95
f 88/59/88 81/60/81 89/61/89
f 86/39/86 148/62/148 96/52/96
f 187/14/187 148/62/148 86/39/86
f 97/56/97 87/55/87 105/63/105
f 104/57/104 96/52/96 113/64/113
f 112/65/112 103/66/103 122/67/122
f 106/68/106 98/69/98 107/70/107
f 114/53/114 79/50/79 130/71/130
f 97/56/97 131/72/131 130/71/130
f 115/73/115 133/74/133 124/75/124
f 114/53/114 160/76/160 50/30/50
f 131/72/131 124/75/124 132/77/132
f 133/74/133 125/78/125 134/79/134
f 160/76/160 130/71/130 149/80/149
f 152/81/152 143/82/143 153/83/153
f 167/84/167 148/62/148 217/85/217
f 187/14/187 217/85/217 148/62/148
f 149/80/149 179/86/179 160/76/160
f 166/87/166 178/88/178 177/89/177
f 170/90/170 161/91/161 171/92/171
f 160/76/160 206/93/206 50/30/50
f 179/86/179 168/94/168 188/95/188
f 196/96/196 185/97/185 205/98/205
f 190/99/190 180/100/180 191/101/191
f 206/93/206 179/86/179 198/102/198
f 214/103/214 205/98/205 215/104/215
f 199/105/199 219/106/219 208/107/208
f 206/93/206 261/108/261 50/30/50
f 187/14/187 251/109/251 217/85/217
f 207/110/207 218/111/218 198/102/198
f 219/106/219 209/112/209 220/113/220
f 219/106/219 236/114/236 226/115/226
f 261/108/261 198/102/198 234/116/234
f 218/111/218 226/115/226 235/117/235
f 242/118/242 232/119/232 250/120/250
f 236/114/236 227/121/227 237/122/237
f 243/123/243 233/124/233 260/125/260
f 236/114/236 244/126/244 235/117/235
f 243/123/243 270/127/270 250/120/250
f 234/116/234 262/128/262 261/108/261
f 187/14/187 290/16/290 251/109/251
f 263/129/263 235/117/235 252/130/252
f 258/131/258 250/120/250 259/132/259
f 260/125/260 251/109/251 290/16/290
f 264/133/264 253/134/253 265/135/265
f 270/127/270 260/125/260 289/136/289
f 263/129/263 252/130/252 271/137/271
f 278/138/278 259/132/259 279/139/279
f 264/133/264 272/140/272 271/137/271
f 261/108/261 280/17/280 50/30/50
f 272/140/272 273/141/273 282/142/282
f 1/1/1 271/137/271 281/143/281
f 281/143/281 7/19/7 1/1/1
f 5/144/5 279/139/279 14/4/14
f 13/145/13 12/7/12 4/10/4 287/146/287
f 21/21/21 13/145/13 287/146/287 5/144/5
f 29/33/29 23/6/23 288/5/288 289/136/289
f 7/19/7 15/2/15 1/1/1
f 5/144/5 14/4/14 21/21/21
f 30/15/30 29/33/29 289/136/289 290/16/290
f 11/147/11 10/12/10 2/11/2 3/148/3
f 19/149/19 18/150/18 10/12/10 11/147/11
f 20/151/20 19/152/19 11/8/11 12/7/12
f 28/28/28 20/151/20 12/7/12 13/145/13
f 24/23/24 16/20/16 7/19/7 8/153/8
f 6/3/6 15/2/15 31/18/31
f 13/145/13 21/21/21 28/28/28
f 17/24/17 24/23/24 8/153/8 9/13/9
f 23/6/23 22/22/22 14/4/14
f 17/24/17 9/13/9 10/12/10 18/150/18
f 38/27/38 21/21/21 22/22/22 39/154/39
f 39/154/39 22/22/22 23/6/23 40/32/40
f 25/35/25 33/25/33 17/24/17 18/150/18
f 23/6/23 29/33/29 40/32/40
f 26/155/26 25/35/25 18/150/18 19/149/19
f 26/156/26 19/152/19 20/151/20 27/157/27
f 36/158/36 35/159/35 26/156/26 27/157/27
f 20/151/20 28/28/28 27/157/27
f 15/2/15 16/20/16 42/26/42
f 37/160/37 36/158/36 27/157/27 28/28/28
f 280/17/280 31/18/31 41/29/41
f 43/37/43 32/31/32 16/20/16 24/23/24
f 38/27/38 37/160/37 28/28/28
f 34/36/34 25/35/25 26/155/26 35/161/35
f 24/23/24 33/25/33 43/37/43
f 29/33/29 30/15/30 49/34/49
f 60/42/60 59/162/59 39/154/39 40/32/40
f 44/38/44 33/25/33 34/36/34 45/163/45
f 49/34/49 60/42/60 40/32/40
f 45/163/45 34/36/34 35/161/35 46/164/46
f 47/165/47 46/166/46 35/159/35 36/158/36
f 48/167/48 47/165/47 36/158/36 37/160/37
f 48/167/48 37/160/37 38/27/38 58/168/58
f 31/18/31 42/26/42 61/40/61
f 59/162/59 58/168/58 38/27/38 39/154/39
f 56/169/56 55/170/55 46/166/46 47/165/47
f 57/171/57 56/169/56 47/165/47 48/167/48
f 51/47/51 62/41/62 42/26/42 32/31/32
f 58/168/58 57/171/57 48/167/48
f 51/47/51 32/31/32 43/37/43 52/44/52
f 53/45/53 52/44/52 43/37/43 44/38/44
f 53/45/53 44/38/44 45/163/45 54/172/54
f 54/172/54 45/163/45 46/164/46 55/173/55
f 86/39/86 78/43/78 49/34/49
f 76/174/76 59/162/59 60/42/60 77/51/77
f 63/46/63 53/45/53 54/172/54 64/175/64
f 78/43/78 77/51/77 60/42/60
f 64/175/64 54/172/54 55/173/55 65/176/65
f 66/177/66 65/178/65 55/170/55 56/169/56
f 67/179/67 66/177/66 56/169/56 57/171/57
f 67/179/67 57/171/57 58/168/58 75/180/75
f 76/174/76 75/180/75 58/168/58 59/162/59
f 74/181/74 73/182/73 66/177/66 67/179/67
f 52/44/52 68/48/68 51/47/51
f 80/54/80 79/50/79 61/40/61 62/41/62
f 70/183/70 69/49/69 52/44/52 63/46/63
f 75/180/75 74/181/74 67/179/67
f 62/41/62 68/48/68 80/54/80
f 70/183/70 63/46/63 64/175/64 71/184/71
f 71/184/71 64/175/64 65/176/65 72/185/72
f 73/182/73 72/186/72 65/178/65 66/177/66
f 81/60/81 70/183/70 71/184/71 82/187/82
f 82/187/82 71/184/71 72/185/72 83/188/83
f 78/43/78 86/39/86 96/52/96
f 84/189/84 83/190/83 72/186/72 73/182/73
f 85/191/85 84/189/84 73/182/73 74/181/74
f 41/29/41 79/50/79 114/53/114
f 85/191/85 74/181/74 75/180/75 94/192/94
f 95/58/95 94/192/94 75/180/75 76/174/76
f 87/55/87 68/48/68 69/49/69 88/59/88
f 81/60/81 88/59/88 69/49/69 70/183/70
f 77/51/77 95/58/95 76/174/76
f 89/61/89 81/60/81 82/187/82 90/193/90
f 94/192/94 93/194/93 85/191/85
f 80/54/80 87/55/87 97/56/97
f 77/51/77 96/52/96 104/57/104
f 90/193/90 82/187/82 83/188/83 91/195/91
f 92/196/92 91/197/91 83/190/83 84/189/84
f 93/194/93 92/196/92 84/189/84 85/191/85
f 98/69/98 89/61/89 90/193/90 99/198/99
f 99/198/99 90/193/90 91/195/91 100/199/100
f 96/52/96 148/62/148 113/64/113
f 101/200/101 100/201/100 91/197/91 92/196/92
f 102/202/102 101/200/101 92/196/92 93/194/93
f 102/202/102 93/194/93 94/192/94 112/65/112
f 103/66/103 112/65/112 94/192/94 95/58/95
f 105/63/105 87/55/87 88/59/88 106/68/106
f 98/69/98 106/68/106 88/59/88 89/61/89
f 104/57/104 103/66/103 95/58/95
f 123/203/123 122/67/122 103/66/103 104/57/104
f 112/65/112 111/204/111 102/202/102
f 107/70/107 98/69/98 99/198/99 108/205/108
f 113/64/113 123/203/123 104/57/104
f 108/205/108 99/198/99 100/199/100 109/206/109
f 110/207/110 109/208/109 100/201/100 101/200/101
f 111/204/111 110/207/110 101/200/101 102/202/102
f 117/209/117 108/205/108 109/206/109 118/210/118
f 79/50/79 97/56/97 130/71/130
f 119/211/119 118/212/118 109/208/109 110/207/110
f 120/213/120 119/211/119 110/207/110 111/204/111
f 120/213/120 111/204/111 112/65/112 121/214/121
f 124/75/124 131/72/131 97/56/97 105/63/105
f 124/75/124 105/63/105 106/68/106 115/73/115
f 112/65/112 122/67/122 121/214/121
f 116/215/116 115/73/115 106/68/106 107/70/107
f 116/215/116 107/70/107 108/205/108 117/209/117
f 140/216/140 139/217/139 121/214/121 122/67/122
f 140/216/140 122/67/122 123/203/123 141/218/141
f 125/78/125 133/74/133 115/73/115 116/215/116
f 142/219/142 141/218/141 123/203/123 113/64/113
f 125/78/125 116/215/116 117/209/117 126/220/126
f 126/220/126 117/209/117 118/210/118 127/221/127
f 113/64/113 148/62/148 142/219/142
f 128/222/128 127/223/127 118/212/118 119/211/119
f 129/224/129 128/222/128 119/211/119 120/213/120
f 114/53/114 130/71/130 160/76/160
f 129/224/129 120/213/120 121/214/121 139/217/139
f 135/225/135 126/220/126 127/221/127 136/226/136
f 137/227/137 136/228/136 127/223/127 128/222/128
f 138/229/138 137/227/137 128/222/128 129/224/129
f 134/79/134 125/78/125 126/220/126 135/225/135
f 139/217/139 138/229/138 129/224/129
f 133/74/133 132/77/132 124/75/124
f 159/230/159 158/231/158 139/217/139 140/216/140
f 151/232/151 132/77/132 133/74/133 152/81/152
f 159/230/159 140/216/140 141/218/141 166/87/166
f 143/82/143 152/81/152 133/74/133 134/79/134
f 167/84/167 166/87/166 141/218/141 142/219/142
f 143/82/143 134/79/134 135/225/135 144/233/144
f 144/233/144 135/225/135 136/226/136 145/234/145
f 148/62/148 167/84/167 142/219/142
f 146/235/146 145/236/145 136/228/136 137/227/137
f 147/237/147 146/235/146 137/227/137 138/229/138
f 149/80/149 130/71/130 131/72/131 150/238/150
f 147/237/147 138/229/138 139/217/139 158/231/158
f 151/232/151 150/238/150 131/72/131 132/77/132
f 156/239/156 155/240/155 145/236/145 146/235/146
f 157/241/157 156/239/156 146/235/146 147/237/147
f 153/83/153 143/82/143 144/233/144 154/242/154
f 158/231/158 157/241/157 147/237/147
f 154/242/154 144/233/144 145/234/145 155/243/155
f 161/91/161 170/90/170 152/81/152 153/83/153
f 166/87/166 177/89/177 159/230/159
f 161/91/161 153/83/153 154/242/154 162/244/162
f 162/244/162 154/242/154 155/243/155 163/245/163
f 164/246/164 163/247/163 155/240/155 156/239/156
f 165/248/165 164/246/164 156/239/156 157/241/157
f 168/94/168 179/86/179 149/80/149 150/238/150
f 165/248/165 157/241/157 158/231/158 176/249/176
f 169/250/169 168/94/168 150/238/150 151/232/151
f 177/89/177 176/249/176 158/231/158 159/230/159
f 169/250/169 151/232/151 152/81/152 170/90/170
f 175/251/175 174/252/174 164/246/164 165/248/165
f 186/253/186 178/88/178 166/87/166 167/84/167
f 176/249/176 175/251/175 165/248/165
f 171/92/171 161/91/161 162/244/162 172/254/172
f 172/254/172 162/244/162 163/245/163 173/255/173
f 217/85/217 186/253/186 167/84/167
f 174/252/174 173/256/173 163/247/163 164/246/164
f 180/100/180 190/99/190 170/90/170 171/92/171
f 180/100/180 171/92/171 172/254/172 181/257/181
f 181/257/181 172/254/172 173/255/173 182/258/182
f 183/259/183 182/260/182 173/256/173 174/252/174
f 184/261/184 183/259/183 174/252/174 175/251/175
f 160/76/160 179/86/179 206/93/206
f 184/261/184 175/251/175 176/249/176 196/96/196
f 189/262/189 188/95/188 168/94/168 169/250/169
f 185/97/185 196/96/196 176/249/176 177/89/177
f 189/262/189 169/250/169 170/90/170 190/99/190
f 195/263/195 194/264/194 183/259/183 184/261/184
f 178/88/178 185/97/185 177/89/177
f 205/98/205 185/97/185 178/88/178 197/265/197
f 196/96/196 195/263/195 184/261/184
f 216/266/216 197/265/197 178/88/178 186/253/186
f 191/101/191 180/100/180 181/257/181 192/267/192
f 192/267/192 181/257/181 182/258/182 193/268/193
f 186/253/186 217/85/217 216/266/216
f 194/264/194 193/269/193 182/260/182 183/259/183
f 200/270/200 191/101/191 192/267/192 201/271/201
f 201/271/201 192/267/192 193/268/193 202/272/202
f 203/273/203 202/274/202 193/269/193 194/264/194
f 204/275/204 203/273/203 194/264/194 195/263/195
f 207/110/207 198/102/198 179/86/179 188/95/188
f 204/275/204 195/263/195 196/96/196 214/103/214
f 208/107/208 207/110/207 188/95/188 189/262/189
f 199/105/199 208/107/208 189/262/189 190/99/190
f 196/96/196 205/98/205 214/103/214
f 200/270/200 199/105/199 190/99/190 191/101/191
f 209/112/209 219/106/219 199/105/199 200/270/200
f 214/103/214 213/276/213 204/275/204
f 197/265/197 215/104/215 205/98/205
f 209/112/209 200/270/200 201/271/201 210/277/210
f 210/277/210 201/271/201 202/272/202 211/278/211
f 212/279/212 211/280/211 202/274/202 203/273/203
f 213/276/213 212/279/212 203/273/203 204/275/204
f 220/113/220 209/112/209 210/277/210 221/281/221
f 251/109/251 233/124/233 216/266/216 217/85/217
f 221/281/221 210/277/210 211/278/211 222/282/222
f 223/283/223 222/284/222 211/280/211 212/279/212
f 224/285/224 223/283/223 212/279/212 213/276/213
f 206/93/206 198/102/198 261/108/261
f 224/285/224 213/276/213 214/103/214 225/286/225
f 226/115/226 218/111/218 207/110/207 208/107/208
f 232/119/232 225/286/225 214/103/214 215/104/215
f 232/119/232 215/104/215 197/265/197 243/123/243
f 219/106/219 226/115/226 208/107/208
f 233/124/233 243/123/243 197/265/197 216/266/216
f 231/287/231 224/285/224 225/286/225 242/118/242
f 227/121/227 236/114/236 219/106/219 220/113/220
f 225/286/225 232/119/232 242/118/242
f 227/121/227 220/113/220 221/281/221 228/288/228
f 228/288/228 221/281/221 222/282/222 229/289/229
f 230/290/230 229/291/229 222/284/222 223/283/223
f 231/287/231 230/290/230 223/283/223 224/285/224
f 238/292/238 228/288/228 229/289/229 239/293/239
f 218/111/218 234/116/234 198/102/198
f 233/124/233 251/109/251 260/125/260
f 240/294/240 239/295/239 229/291/229 230/290/230
f 241/296/241 240/294/240 230/290/230 231/287/231
f 237/122/237 227/121/227 228/288/228 238/292/238
f 242/118/242 241/296/241 231/287/231
f 236/114/236 235/117/235 226/115/226
f 243/123/243 250/120/250 232/119/232
f 245/297/245 244/126/244 236/114/236 237/122/237
f 242/118/242 250/120/250 258/131/258
f 245/297/245 237/122/237 238/292/238 246/298/246
f 260/125/260 270/127/270 243/123/243
f 246/298/246 238/292/238 239/293/239 247/299/247
f 248/300/248 247/301/247 239/295/239 240/294/240
f 249/302/249 248/300/248 240/294/240 241/296/241
f 263/129/263 262/128/262 234/116/234 218/111/218
f 249/302/249 241/296/241 242/118/242 258/131/258
f 256/303/256 255/304/255 247/301/247 248/300/248
f 218/111/218 235/117/235 263/129/263
f 257/305/257 256/303/256 248/300/248 249/302/249
f 252/130/252 235/117/235 244/126/244 264/133/264
f 258/131/258 257/305/257 249/302/249
f 253/134/253 264/133/264 244/126/244 245/297/245
f 270/127/270 259/132/259 250/120/250
f 253/134/253 245/297/245 246/298/246 254/306/254
f 254/306/254 246/298/246 247/299/247 255/307/255
f 265/135/265 253/134/253 254/306/254 266/308/266
f 264/133/264 271/137/271 252/130/252
f 266/308/266 254/306/254 255/307/255 267/309/267
f 260/125/260 290/16/290 289/136/289
f 268/310/268 267/311/267 255/304/255 256/303/256
f 269/312/269 268/310/268 256/303/256 257/305/257
f 269/312/269 257/305/257 258/131/258 278/138/278
f 276/313/276 275/314/275 267/311/267 268/310/268
f 258/131/258 259/132/259 278/138/278
f 280/17/280 261/108/261 262/128/262 6/3/6
f 277/315/277 276/313/276 268/310/268 269/312/269
f 1/1/1 6/3/6 262/128/262 263/129/263
f 279/139/279 259/132/259 270/127/270 288/5/288
f 278/138/278 277/315/277 269/312/269
f 263/129/263 271/137/271 1/1/1
f 273/141/273 272/140/272 264/133/264 265/135/265
f 273/141/273 265/135/265 266/308/266 274/316/274
f 270/127/270 289/136/289 288/5/288
f 274/316/274 266/308/266 267/309/267 275/317/275
f 282/142/282 273/141/273 274/316/274 283/318/283
f 283/318/283 274/316/274 275/317/275 284/319/284
f 285/320/285 284/321/284 275/314/275 276/313/276
f 286/322/286 285/320/285 276/313/276 277/315/277
f 286/322/286 277/315/277 278/138/278 5/144/5
f 287/146/287 4/10/4 285/320/285 286/322/286
f 278/138/278 279/139/279 5/144/5
f 272/140/272 281/143/281 271/137/271
f 7/19/7 281/143/281 272/140/272 8/153/8
f 286/322/286 5/144/5 287/146/287
f 8/153/8 272/140/272 282/142/282 9/13/9
f 288/5/288 14/4/14 279/139/279
f 9/13/9 282/142/282 283/318/283 2/11/2
f 2/11/2 283/318/283 284/319/284 3/148/3
f 4/10/4 3/9/3 284/321/284 285/320/285
f 297/323/297 308/324/308 296/325/296
f 312/326/312 301/327/301 302/328/302
f 313/329/313 303/330/303 304/331/304
f 307/332/307 315/333/315 306/334/306
f 333/335/333 332/336/332 321/337/321
f 326/338/326 337/339/337 325/340/325
f 355/341/355 343/342/343 344/343/344
f 347/344/347 357/345/357 346/346/346
f 390/347/390 380/348/380 381/349/381
f 386/350/386 394/351/394 385/352/385
f 408/353/408 399/354/399 400/355/400
f 406/356/406 412/357/412 405/358/405
f 407/359/407 414/360/414 396/361/396
f 415/362/415 407/363/407 398/364/398
f 417/365/417 410/366/410 403/367/403
f 411/368/411 417/369/417 403/370/403
f 424/371/424 408/353/408 409/372/409
f 418/373/418 428/374/428 412/357/412
f 428/374/428 430/375/430 427/376/427
f 430/375/430 439/377/439 426/378/426
f 440/379/440 442/380/442 430/375/430
f 446/381/446 436/382/436 437/383/437
f 442/380/442 448/384/448 439/377/439
f 441/385/441 449/386/449 440/379/440
f 449/386/449 457/387/457 442/380/442
f 463/388/463 455/389/455 446/381/446
f 457/387/457 465/390/465 448/384/448
f 456/391/456 466/392/466 449/386/449
f 467/393/467 458/394/458 459/395/459
f 462/396/462 469/397/469 461/398/461
f 470/399/470 465/390/465 457/387/457
f 480/400/480 470/399/470 466/392/466
f 482/401/482 471/402/471 472/403/472
f 475/404/475 484/405/484 474/406/474
f 485/407/485 479/408/479 470/399/470
f 486/409/486 481/410/481 471/402/471
f 476/411/476 490/412/490 475/404/475
f 494/413/494 485/407/485 480/400/480
f 495/414/495 493/415/493 485/407/485
f 505/416/505 495/414/495 494/413/494
f 507/417/507 504/418/504 495/414/495
f 508/419/508 506/420/506 496/421/496
f 501/422/501 512/423/512 500/424/500
f 516/425/516 507/417/507 505/416/505
f 517/426/517 515/427/515 507/417/507
f 513/428/513 523/429/523 501/422/501
f 526/430/526 516/425/516 506/420/506
f 527/431/527 525/432/525 517/426/517
f 528/433/528 518/434/518 519/435/519
f 522/436/522 530/437/530 521/438/521
f 534/439/534 527/431/527 516/425/516
f 535/440/535 537/441/537 528/433/528
f 538/442/538 535/443/535 530/437/530
f 534/439/534 542/444/542 527/431/527
f 544/445/544 540/446/540 531/447/531
f 541/448/541 546/449/546 534/439/534
f 543/450/543 548/451/548 537/441/537
f 549/452/549 543/453/543 538/442/538
f 551/454/551 545/455/545 533/456/533
f 542/444/542 551/457/551 533/458/533
f 546/449/546 552/459/552 542/444/542
f 554/460/554 544/445/544 545/455/545
f 553/461/553 556/462/556 548/451/548
f 557/463/557 553/464/553 549/452/549
f 560/465/560 554/460/554 551/454/551
f 552/459/552 560/466/560 551/457/551
f 546/449/546 562/467/562 552/459/552
f 564/468/564 559/469/559 544/445/544
f 561/470/561 566/471/566 546/449/546
f 563/472/563 568/473/568 556/462/556
f 569/474/569 563/475/563 557/463/557
f 571/476/571 565/477/565 560/465/560
f 562/467/562 571/478/571 560/466/560
f 566/471/566 572/479/572 562/467/562
f 574/480/574 559/469/559 564/468/564
f 561/470/561 576/481/576 566/471/566
f 573/482/573 578/483/578 568/473/568
f 579/484/579 573/485/573 569/474/569
f 582/486/582 575/487/575 571/476/571
f 572/479/572 582/488/582 571/478/571
f 576/481/576 584/489/584 572/479/572
f 586/490/586 581/491/581 574/480/574
f 583/492/583 588/493/588 576/481/576
f 585/494/585 590/495/590 578/483/578
f 591/496/591 585/497/585 579/484/579
f 593/498/593 587/499/587 582/486/582
f 584/489/584 593/500/593 582/488/582
f 588/493/588 594/501/594 584/489/584
f 596/502/596 581/491/581 586/490/586
f 583/492/583 598/503/598 588/493/588
f 595/504/595 600/505/600 590/495/590
f 601/506/601 595/507/595 591/496/591
f 604/508/604 597/509/597 593/498/593
f 594/501/594 604/510/604 593/500/593
f 302/328/302 291/511/291 303/330/303 312/326/312
f 598/503/598 607/512/607 594/501/594
f 609/513/609 603/514/603 596/502/596
f 605/515/605 611/516/611 598/503/598
f 608/517/608 613/518/613 600/505/600
f 614/519/614 608/520/608 601/506/601
f 617/521/617 610/522/610 604/508/604
f 607/512/607 617/523/617 604/510/604
f 619/524/619 620/525/620 613/518/613
f 621/526/621 619/527/619 614/519/614
f 611/516/611 622/528/622 607/512/607
f 624/529/624 616/530/616 609/513/609
f 618/531/618 626/532/626 611/516/611
f 623/533/623 628/534/628 620/525/620
f 629/535/629 623/536/623 621/526/621
f 632/537/632 625/538/625 617/521/617
f 622/528/622 632/539/632 617/523/617
f 634/540/634 636/541/636 628/534/628
f 637/542/637 634/543/634 629/535/629
f 626/532/626 639/544/639 622/528/622
f 641/545/641 631/546/631 624/529/624
f 633/547/633 643/548/643 626/532/626
f 640/549/640 645/550/645 636/541/636
f 646/551/646 640/552/640 637/542/637
f 649/553/649 642/554/642 632/537/632
f 643/548/643 650/555/650 639/544/639
f 653/556/653 641/545/641 642/554/642
f 652/557/652 654/558/654 645/550/645
f 655/559/655 652/560/652 646/551/646
f 656/561/656 653/556/653 649/553/649
f 643/548/643 657/562/657 650/555/650
f 658/563/658 651/564/651 644/565/644
f 659/566/659 654/558/654 652/557/652
f 655/559/655 659/567/659 652/560/652
f 648/568/648 660/569/660 647/570/647
f 656/561/656 662/571/662 653/556/653
f 663/572/663 657/562/657 643/548/643
f 664/573/664 658/563/658 654/558/654
f 660/569/660 665/574/665 655/559/655
f 661/575/661 666/576/666 648/568/648
f 669/577/669 663/572/663 651/564/651
f 670/578/670 669/577/669 658/563/658
f 671/579/671 664/573/664 659/566/659
f 665/574/665 671/580/671 659/567/659
f 666/576/666 672/581/672 660/569/660
f 667/582/667 674/583/674 662/571/662
f 675/584/675 668/585/668 663/572/663
f 676/586/676 670/578/670 664/573/664
f 672/581/672 678/587/678 665/574/665
f 291/511/291 292/588/292 304/331/304 303/330/303
f 292/588/292 293/589/293 305/590/305 304/331/304
f 305/591/305 293/592/293 294/593/294 306/334/306
f 306/334/306 294/593/294 295/594/295 307/332/307
f 307/332/307 295/594/295 296/325/296 308/324/308
f 309/595/309 298/596/298 299/597/299 310/598/310
f 298/596/298 309/595/309 297/323/297
f 299/599/299 300/600/300 311/601/311 310/602/310
f 304/331/304 305/590/305 314/603/314 313/329/313
f 301/327/301 311/601/311 300/600/300
f 314/604/314 305/591/305 306/334/306 315/333/315
f 316/605/316 297/323/297 309/595/309 317/606/317
f 297/323/297 316/605/316 308/324/308
f 317/606/317 309/595/309 310/598/310 318/607/318
f 310/602/310 311/601/311 319/608/319 318/609/318
f 311/601/311 301/327/301 320/610/320 319/608/319
f 312/326/312 303/330/303 321/337/321 332/336/332
f 312/326/312 320/610/320 301/327/301
f 303/330/303 313/329/313 322/611/322 321/337/321
f 313/329/313 314/603/314 323/612/323 322/611/322
f 323/613/323 314/604/314 315/333/315 324/614/324
f 324/614/324 315/333/315 307/332/307 325/340/325
f 325/340/325 307/332/307 308/324/308 326/338/326
f 326/338/326 308/324/308 316/605/316 327/615/327
f 327/615/327 316/605/316 317/606/317 328/616/328
f 328/616/328 317/606/317 318/607/318 329/617/329
f 318/609/318 319/608/319 330/618/330 329/619/329
f 319/608/319 320/610/320 331/620/331 330/618/330
f 320/610/320 312/326/312 332/336/332 331/620/331
f 321/337/321 322/611/322 334/621/334 333/335/333
f 322/611/322 323/612/323 335/622/335 334/621/334
f 335/623/335 323/613/323 324/614/324 336/624/336
f 336/624/336 324/614/324 325/340/325 337/339/337
f 338/625/338 327/615/327 328/616/328 339/626/339
f 327/615/327 338/625/338 326/338/326
f 339/626/339 328/616/328 329/617/329 340/627/340
f 329/619/329 330/618/330 341/628/341 340/629/340
f 330/618/330 331/620/331 342/630/342 341/628/341
f 332/336/332 333/335/333 343/342/343 354/631/354
f 332/336/332 342/630/342 331/620/331
f 333/335/333 334/621/334 344/343/344 343/342/343
f 334/621/334 335/622/335 345/632/345 344/343/344
f 345/633/345 335/623/335 336/624/336 346/346/346
f 346/346/346 336/624/336 337/339/337 347/344/347
f 347/344/347 337/339/337 326/338/326 348/634/348
f 348/634/348 326/338/326 338/625/338 349/635/349
f 349/635/349 338/625/338 339/626/339 350/636/350
f 350/636/350 339/626/339 340/627/340 351/637/351
f 340/629/340 341/628/341 352/638/352 351/639/351
f 341/628/341 342/630/342 353/640/353 352/638/352
f 342/630/342 332/336/332 354/631/354 353/640/353
f 344/343/344 345/632/345 356/641/356 355/341/355
f 356/642/356 345/633/345 346/346/346 357/345/357
f 358/643/358 349/635/349 350/636/350 359/644/359
f 349/635/349 358/643/358 348/634/348
f 359/644/359 350/636/350 351/637/351 360/645/360
f 351/639/351 352/638/352 361/646/361 360/647/360
f 352/638/352 353/640/353 362/648/362 361/646/361
f 374/649/374 354/631/354 343/342/343 363/650/363
f 354/631/354 362/648/362 353/640/353
f 363/650/363 343/342/343 355/341/355 364/651/364
f 364/651/364 355/341/355 356/641/356 365/652/365
f 356/642/356 357/345/357 366/653/366 365/654/365
f 357/345/357 347/344/347 367/655/367 366/653/366
f 347/344/347 348/634/348 368/656/368 367/655/367
f 348/634/348 358/643/358 369/657/369 368/656/368
f 358/643/358 359/644/359 370/658/370 369/657/369
f 359/644/359 360/645/360 371/659/371 370/658/370
f 371/660/371 360/647/360 361/646/361 372/661/372
f 372/661/372 361/646/361 362/648/362 373/662/373
f 373/662/373 362/648/362 354/631/354 374/649/374
f 386/350/386 374/649/374 363/650/363 375/663/375
f 375/663/375 363/650/363 364/651/364 376/664/376
f 376/664/376 364/651/364 365/652/365 377/665/377
f 365/654/365 366/653/366 378/666/378 377/667/377
f 366/653/366 367/655/367 379/668/379 378/666/378
f 367/655/367 368/656/368 380/348/380 379/668/379
f 368/656/368 369/657/369 381/349/381 380/348/380
f 369/657/369 370/658/370 382/669/382 381/349/381
f 370/658/370 371/659/371 383/670/383 382/669/382
f 383/671/383 371/660/371 372/661/372 384/672/384
f 384/672/384 372/661/372 373/662/373 385/352/385
f 385/352/385 373/662/373 374/649/374 386/350/386
f 387/673/387 376/664/376 377/665/377 388/674/388
f 376/664/376 387/673/387 375/663/375
f 377/667/377 378/666/378 389/675/389 388/676/388
f 381/349/381 382/669/382 391/677/391 390/347/390
f 379/668/379 389/675/389 378/666/378
f 382/669/382 383/670/383 392/678/392 391/677/391
f 392/679/392 383/671/383 384/672/384 393/680/393
f 393/680/393 384/672/384 385/352/385 394/351/394
f 406/356/406 386/350/386 375/663/375 395/681/395
f 395/681/395 375/663/375 387/673/387 396/361/396
f 396/361/396 387/673/387 388/674/388 397/682/397
f 388/676/388 389/675/389 398/364/398 397/683/397
f 389/675/389 379/668/379 399/354/399 398/364/398
f 379/668/379 380/348/380 400/355/400 399/354/399
f 380/348/380 390/347/390 401/684/401 400/355/400
f 390/347/390 391/677/391 402/685/402 401/684/401
f 391/677/391 392/678/392 403/367/403 402/685/402
f 403/370/403 392/679/392 393/680/393 404/686/404
f 404/686/404 393/680/393 394/351/394 405/358/405
f 405/358/405 394/351/394 386/350/386 406/356/406
f 400/355/400 401/684/401 409/372/409 408/353/408
f 397/682/397 407/359/407 396/361/396
f 398/364/398 407/363/407 397/683/397
f 401/684/401 402/685/402 410/366/410 409/372/409
f 411/368/411 404/686/404 405/358/405 412/357/412
f 403/367/403 410/366/410 402/685/402
f 404/686/404 411/368/411 403/370/403
f 418/373/418 406/356/406 395/681/395 413/687/413
f 413/687/413 395/681/395 396/361/396 414/360/414
f 398/364/398 399/354/399 416/688/416 415/362/415
f 419/689/419 413/687/413 414/360/414 420/690/420
f 408/353/408 416/688/416 399/354/399
f 406/356/406 418/373/418 412/357/412
f 413/687/413 419/689/419 418/373/418
f 420/690/420 414/360/414 407/359/407 421/691/421
f 407/363/407 415/362/415 422/692/422 421/693/421
f 415/362/415 416/688/416 423/694/423 422/692/422
f 409/372/409 410/366/410 425/695/425 424/371/424
f 408/353/408 423/694/423 416/688/416
f 410/366/410 417/365/417 426/696/426 425/695/425
f 426/378/426 417/369/417 411/368/411 427/376/427
f 427/376/427 411/368/411 412/357/412 428/374/428
f 441/385/441 418/373/418 419/689/419 431/697/431
f 421/691/421 429/698/429 420/690/420
f 422/692/422 429/699/429 421/693/421
f 427/376/427 430/375/430 426/378/426
f 431/697/431 419/689/419 420/690/420 432/700/432
f 432/700/432 420/690/420 429/698/429 433/701/433
f 429/699/429 422/692/422 434/702/434 433/703/433
f 422/692/422 423/694/423 435/704/435 434/702/434
f 423/694/423 408/353/408 436/382/436 435/704/435
f 408/353/408 424/371/424 437/383/437 436/382/436
f 424/371/424 425/695/425 438/705/438 437/383/437
f 425/695/425 426/696/426 439/706/439 438/705/438
f 440/379/440 428/374/428 418/373/418 441/385/441
f 428/374/428 440/379/440 430/375/430
f 443/707/443 432/700/432 433/701/433 444/708/444
f 430/375/430 442/380/442 439/377/439
f 432/700/432 443/707/443 431/697/431
f 433/703/433 434/702/434 445/709/445 444/710/444
f 437/383/437 438/705/438 447/711/447 446/381/446
f 435/704/435 445/709/445 434/702/434
f 438/705/438 439/706/439 448/712/448 447/711/447
f 456/391/456 441/385/441 431/697/431 450/713/450
f 440/379/440 449/386/449 442/380/442
f 450/713/450 431/697/431 443/707/443 451/714/451
f 451/714/451 443/707/443 444/708/444 452/715/452
f 444/710/444 445/709/445 453/716/453 452/717/452
f 445/709/445 435/704/435 454/718/454 453/716/453
f 435/704/435 436/382/436 455/389/455 454/718/454
f 458/394/458 450/713/450 451/714/451 459/395/459
f 446/381/446 455/389/455 436/382/436
f 441/385/441 456/391/456 449/386/449
f 442/380/442 457/387/457 448/384/448
f 450/713/450 458/394/458 456/391/456
f 459/395/459 451/714/451 452/715/452 460/719/460
f 452/717/452 453/716/453 461/398/461 460/720/460
f 453/716/453 454/718/454 462/396/462 461/398/461
f 446/381/446 447/711/447 464/721/464 463/388/463
f 455/389/455 462/396/462 454/718/454
f 447/711/447 448/712/448 465/722/465 464/721/464
f 459/395/459 460/719/460 468/723/468 467/393/467
f 449/386/449 466/392/466 457/387/457
f 468/724/468 460/720/460 461/398/461 469/397/469
f 456/391/456 458/394/458 471/402/471 481/410/481
f 466/392/466 470/399/470 457/387/457
f 458/394/458 467/393/467 472/403/472 471/402/471
f 467/393/467 468/723/468 473/725/473 472/403/472
f 473/726/473 468/724/468 469/397/469 474/406/474
f 474/406/474 469/397/469 462/396/462 475/404/475
f 475/404/475 462/396/462 455/389/455 476/411/476
f 476/411/476 455/389/455 463/388/463 477/727/477
f 477/727/477 463/388/463 464/721/464 478/728/478
f 478/728/478 464/721/464 465/722/465 479/729/479
f 466/392/466 456/391/456 481/410/481 480/400/480
f 470/399/470 479/408/479 465/390/465
f 472/403/472 473/725/473 483/730/483 482/401/482
f 483/731/483 473/726/473 474/406/474 484/405/484
f 471/402/471 482/401/482 487/732/487 486/409/486
f 480/400/480 485/407/485 470/399/470
f 482/401/482 483/730/483 488/733/488 487/732/487
f 488/734/488 483/731/483 484/405/484 489/735/489
f 489/735/489 484/405/484 475/404/475 490/412/490
f 491/736/491 477/727/477 478/728/478 492/737/492
f 477/727/477 491/736/491 476/411/476
f 492/737/492 478/728/478 479/729/479 493/738/493
f 481/410/481 486/409/486 496/421/496 506/420/506
f 485/407/485 493/415/493 479/408/479
f 481/410/481 494/413/494 480/400/480
f 494/413/494 495/414/495 485/407/485
f 486/409/486 487/732/487 497/739/497 496/421/496
f 487/732/487 488/733/488 498/740/498 497/739/497
f 498/741/498 488/734/488 489/735/489 499/742/499
f 499/742/499 489/735/489 490/412/490 500/424/500
f 500/424/500 490/412/490 476/411/476 501/422/501
f 501/422/501 476/411/476 491/736/491 502/743/502
f 502/743/502 491/736/491 492/737/492 503/744/503
f 503/744/503 492/737/492 493/738/493 504/745/504
f 494/413/494 481/410/481 506/420/506 505/416/505
f 495/414/495 504/418/504 493/415/493
f 496/421/496 497/739/497 509/746/509 508/419/508
f 505/416/505 507/417/507 495/414/495
f 497/739/497 498/740/498 510/747/510 509/746/509
f 510/748/510 498/741/498 499/742/499 511/749/511
f 511/749/511 499/742/499 500/424/500 512/423/512
f 513/428/513 502/743/502 503/744/503 514/750/514
f 502/743/502 513/428/513 501/422/501
f 514/750/514 503/744/503 504/745/504 515/751/515
f 506/420/506 508/419/508 518/434/518 526/430/526
f 507/417/507 515/427/515 504/418/504
f 506/420/506 516/425/516 505/416/505
f 516/425/516 517/426/517 507/417/507
f 508/419/508 509/746/509 519/435/519 518/434/518
f 509/746/509 510/747/510 520/752/520 519/435/519
f 520/753/520 510/748/510 511/749/511 521/438/521
f 521/438/521 511/749/511 512/423/512 522/436/522
f 522/436/522 512/423/512 501/422/501 523/429/523
f 524/754/524 514/750/514 515/751/515 525/755/525
f 514/750/514 524/754/524 513/428/513
f 519/435/519 520/752/520 529/756/529 528/433/528
f 517/426/517 525/432/525 515/427/515
f 516/425/516 527/431/527 517/426/517
f 529/757/529 520/753/520 521/438/521 530/437/530
f 531/447/531 513/428/513 524/754/524 532/758/532
f 513/428/513 531/447/531 523/429/523
f 532/758/532 524/754/524 525/755/525 533/456/533
f 541/448/541 526/430/526 518/434/518 536/759/536
f 527/431/527 533/458/533 525/432/525
f 526/430/526 534/439/534 516/425/516
f 529/756/529 535/440/535 528/433/528
f 530/437/530 535/443/535 529/757/529
f 536/759/536 518/434/518 528/433/528 537/441/537
f 530/437/530 522/436/522 539/760/539 538/442/538
f 522/436/522 523/429/523 540/446/540 539/760/539
f 531/447/531 532/758/532 545/455/545 544/445/544
f 531/447/531 540/446/540 523/429/523
f 526/430/526 541/448/541 534/439/534
f 527/431/527 542/444/542 533/458/533
f 535/440/535 543/450/543 537/441/537
f 538/442/538 543/453/543 535/443/535
f 547/761/547 536/759/536 537/441/537 548/451/548
f 533/456/533 545/455/545 532/758/532
f 534/439/534 546/449/546 542/444/542
f 536/759/536 547/761/547 541/448/541
f 538/442/538 539/760/539 550/762/550 549/452/549
f 561/470/561 541/448/541 547/761/547 555/763/555
f 540/446/540 550/762/550 539/760/539
f 542/444/542 552/459/552 551/457/551
f 543/450/543 553/461/553 548/451/548
f 549/452/549 553/464/553 543/453/543
f 551/454/551 554/460/554 545/455/545
f 555/763/555 547/761/547 548/451/548 556/462/556
f 549/452/549 550/762/550 558/764/558 557/463/557
f 550/762/550 540/446/540 559/469/559 558/764/558
f 544/445/544 554/460/554 565/477/565 564/468/564
f 544/445/544 559/469/559 540/446/540
f 541/448/541 561/470/561 546/449/546
f 552/459/552 562/467/562 560/466/560
f 553/461/553 563/472/563 556/462/556
f 557/463/557 563/475/563 553/464/553
f 567/765/567 555/763/555 556/462/556 568/473/568
f 560/465/560 565/477/565 554/460/554
f 546/449/546 566/471/566 562/467/562
f 555/763/555 567/765/567 561/470/561
f 557/463/557 558/764/558 570/766/570 569/474/569
f 564/468/564 565/477/565 575/487/575 574/480/574
f 559/469/559 570/766/570 558/764/558
f 562/467/562 572/479/572 571/478/571
f 563/472/563 573/482/573 568/473/568
f 569/474/569 573/485/573 563/475/563
f 583/492/583 561/470/561 567/765/567 577/767/577
f 571/476/571 575/487/575 565/477/565
f 566/471/566 576/481/576 572/479/572
f 577/767/577 567/765/567 568/473/568 578/483/578
f 569/474/569 570/766/570 580/768/580 579/484/579
f 570/766/570 559/469/559 581/491/581 580/768/580
f 574/480/574 575/487/575 587/499/587 586/490/586
f 574/480/574 581/491/581 559/469/559
f 561/470/561 583/492/583 576/481/576
f 572/479/572 584/489/584 582/488/582
f 573/482/573 585/494/585 578/483/578
f 579/484/579 585/497/585 573/485/573
f 589/769/589 577/767/577 578/483/578 590/495/590
f 582/486/582 587/499/587 575/487/575
f 576/481/576 588/493/588 584/489/584
f 577/767/577 589/769/589 583/492/583
f 579/484/579 580/768/580 592/770/592 591/496/591
f 586/490/586 587/499/587 597/509/597 596/502/596
f 581/491/581 592/770/592 580/768/580
f 584/489/584 594/501/594 593/500/593
f 585/494/585 595/504/595 590/495/590
f 591/496/591 595/507/595 585/497/585
f 605/515/605 583/492/583 589/769/589 599/771/599
f 593/498/593 597/509/597 587/499/587
f 588/493/588 598/503/598 594/501/594
f 599/771/599 589/769/589 590/495/590 600/505/600
f 591/496/591 592/770/592 602/772/602 601/506/601
f 592/770/592 581/491/581 603/514/603 602/772/602
f 596/502/596 597/509/597 610/522/610 609/513/609
f 596/502/596 603/514/603 581/491/581
f 583/492/583 605/515/605 598/503/598
f 595/504/595 606/773/606 600/505/600
f 601/506/601 606/774/606 595/507/595
f 594/501/594 607/512/607 604/510/604
f 606/773/606 608/517/608 600/505/600
f 601/506/601 608/520/608 606/774/606
f 618/531/618 605/515/605 599/771/599 612/775/612
f 604/508/604 610/522/610 597/509/597
f 598/503/598 611/516/611 607/512/607
f 612/775/612 599/771/599 600/505/600 613/518/613
f 601/506/601 602/772/602 615/776/615 614/519/614
f 602/772/602 603/514/603 616/530/616 615/776/615
f 609/513/609 610/522/610 625/538/625 624/529/624
f 609/513/609 616/530/616 603/514/603
f 605/515/605 618/531/618 611/516/611
f 608/517/608 619/524/619 613/518/613
f 614/519/614 619/527/619 608/520/608
f 613/518/613 620/525/620 612/775/612
f 615/776/615 621/526/621 614/519/614
f 607/512/607 622/528/622 617/523/617
f 619/524/619 623/533/623 620/525/620
f 621/526/621 623/536/623 619/527/619
f 633/547/633 618/531/618 612/775/612 627/777/627
f 617/521/617 625/538/625 610/522/610
f 611/516/611 626/532/626 622/528/622
f 627/777/627 612/775/612 620/525/620 628/534/628
f 621/526/621 615/776/615 630/778/630 629/535/629
f 615/776/615 616/530/616 631/546/631 630/778/630
f 635/779/635 627/777/627 628/534/628 636/541/636
f 624/529/624 631/546/631 616/530/616
f 618/531/618 633/547/633 626/532/626
f 623/533/623 634/540/634 628/534/628
f 629/535/629 634/543/634 623/536/623
f 627/777/627 635/779/635 633/547/633
f 629/535/629 630/778/630 638/780/638 637/542/637
f 624/529/624 625/538/625 642/554/642 641/545/641
f 631/546/631 638/780/638 630/778/630
f 622/528/622 639/544/639 632/539/632
f 634/540/634 640/549/640 636/541/636
f 637/542/637 640/552/640 634/543/634
f 651/564/651 633/547/633 635/779/635 644/565/644
f 632/537/632 642/554/642 625/538/625
f 626/532/626 643/548/643 639/544/639
f 644/565/644 635/779/635 636/541/636 645/550/645
f 637/542/637 638/780/638 647/570/647 646/551/646
f 638/780/638 631/546/631 648/568/648 647/570/647
f 649/781/649 632/539/632 639/544/639 650/555/650
f 641/545/641 648/568/648 631/546/631
f 656/782/656 649/781/649 650/555/650 657/562/657
f 633/547/633 651/564/651 643/548/643
f 640/549/640 652/557/652 645/550/645
f 646/551/646 652/560/652 640/552/640
f 649/553/649 653/556/653 642/554/642
f 645/550/645 654/558/654 644/565/644
f 647/570/647 655/559/655 646/551/646
f 661/575/661 641/545/641 653/556/653 662/571/662
f 654/558/654 658/563/658 644/565/644
f 647/570/647 660/569/660 655/559/655
f 641/545/641 661/575/661 648/568/648
f 656/782/656 657/562/657 668/585/668 667/783/667
f 651/564/651 663/572/663 643/548/643
f 658/563/658 669/577/669 651/564/651
f 659/566/659 664/573/664 654/558/654
f 655/559/655 665/574/665 659/567/659
f 648/568/648 666/576/666 660/569/660
f 656/561/656 667/582/667 662/571/662
f 673/784/673 661/575/661 662/571/662 674/583/674
f 663/572/663 668/585/668 657/562/657
f 664/573/664 670/578/670 658/563/658
f 660/569/660 672/581/672 665/574/665
f 661/575/661 673/784/673 666/576/666
f 664/573/664 671/579/671 677/785/677 676/586/676
f 669/577/669 675/584/675 663/572/663
f 677/786/677 671/580/671 665/574/665 678/587/678
f 667/783/667 668/585/668 680/787/680 679/788/679
f 667/582/667 679/789/679 674/583/674
f 675/584/675 680/787/680 668/585/668
f 669/790/669 670/791/670 676/792/676 677/793/677 678/794/678 672/795/672 666/796/666 673/797/673 674/798/674 679/799/679 680/800/680 675/801/675
f 301/802/301 300/803/300 299/804/299 298/805/298 297/806/297 296/807/296 295/808/295 294/809/294 293/810/293 292/811/292 291/812/291 302/813/302
f 681/814/681 686/815/686 695/816/695
f 694/817/694 703/818/703 968/819/968
f 692/820/692 684/821/684 683/822/683 691/823/691
f 682/824/682 689/825/689 690/826/690
f 867/827/867 970/828/970 710/829/710
f 960/830/960 711/831/711 686/815/686
f 695/816/695 696/832/696 687/833/687
f 701/834/701 702/835/702 694/817/694
f 704/836/704 713/837/713 697/838/697
f 711/831/711 722/839/722 695/816/695
f 701/834/701 708/840/708 718/841/718
f 960/830/960 730/842/730 721/843/721
f 722/839/722 712/844/712 696/832/696
f 720/845/720 729/846/729 709/847/709
f 705/848/705 713/837/713 714/849/714
f 723/850/723 724/851/724 713/837/713
f 729/846/729 766/852/766 710/829/710
f 867/827/867 710/829/710 766/852/766
f 721/843/721 741/853/741 711/831/711
f 741/853/741 742/854/742 722/839/722
f 740/855/740 758/856/758 729/846/729
f 732/857/732 743/858/743 733/859/733
f 742/854/742 748/860/748 731/861/731
f 732/857/732 748/860/748 749/862/749
f 741/853/741 721/843/721 759/863/759
f 757/864/757 776/865/776 758/856/758
f 721/843/721 730/842/730 794/866/794
f 760/867/760 767/868/767 748/860/748
f 760/867/760 759/863/759 777/869/777
f 757/864/757 775/870/775 784/871/784
f 768/872/768 769/873/769 761/874/761
f 766/852/766 776/865/776 828/875/828
f 867/827/867 766/852/766 828/875/828
f 777/869/777 785/876/785 767/868/767
f 784/871/784 793/877/793 776/865/776
f 792/878/792 802/879/802 783/880/783
f 786/881/786 787/882/787 778/883/778
f 794/866/794 810/884/810 759/863/759
f 777/869/777 810/884/810 811/885/811
f 795/886/795 804/887/804 813/888/813
f 794/866/794 730/842/730 840/889/840
f 811/885/811 812/890/812 804/887/804
f 813/888/813 814/891/814 805/892/805
f 840/889/840 829/893/829 810/884/810
f 832/894/832 833/895/833 823/896/823
f 847/897/847 897/898/897 828/875/828
f 867/827/867 828/875/828 897/898/897
f 829/893/829 840/889/840 859/899/859
f 846/900/846 857/901/857 858/902/858
f 850/903/850 851/904/851 841/905/841
f 840/889/840 730/842/730 886/906/886
f 859/899/859 868/907/868 848/908/848
f 876/909/876 885/910/885 865/911/865
f 870/912/870 871/913/871 860/914/860
f 886/906/886 878/915/878 859/899/859
f 894/916/894 895/917/895 885/910/885
f 879/918/879 888/919/888 899/920/899
f 886/906/886 730/842/730 941/921/941
f 867/827/867 897/898/897 931/922/931
f 887/923/887 878/915/878 898/924/898
f 899/920/899 900/925/900 889/926/889
f 899/920/899 906/927/906 916/928/916
f 941/921/941 914/929/914 878/915/878
f 898/924/898 915/930/915 906/927/906
f 922/931/922 930/932/930 912/933/912
f 916/928/916 917/934/917 907/935/907
f 923/936/923 940/937/940 913/938/913
f 916/928/916 915/930/915 924/939/924
f 923/936/923 930/932/930 950/940/950
f 914/929/914 941/921/941 942/941/942
f 867/827/867 931/922/931 970/828/970
f 943/942/943 932/943/932 915/930/915
f 938/944/938 939/945/939 930/932/930
f 940/937/940 970/828/970 931/922/931
f 944/946/944 945/947/945 933/948/933
f 950/940/950 969/949/969 940/937/940
f 943/942/943 951/950/951 932/943/932
f 958/951/958 959/952/959 939/945/939
f 944/946/944 951/950/951 952/953/952
f 941/921/941 730/842/730 960/830/960
f 952/953/952 962/954/962 953/955/953
f 681/814/681 961/956/961 951/950/951
f 961/956/961 681/814/681 687/833/687
f 685/957/685 694/817/694 959/952/959
f 693/958/693 967/959/967 684/821/684 692/820/692
f 701/834/701 685/957/685 967/959/967 693/958/693
f 709/847/709 969/949/969 968/819/968 703/818/703
f 687/833/687 681/814/681 695/816/695
f 685/957/685 701/834/701 694/817/694
f 710/829/710 970/828/970 969/949/969 709/847/709
f 691/960/691 683/961/683 682/824/682 690/826/690
f 699/962/699 691/960/691 690/826/690 698/963/698
f 700/964/700 692/820/692 691/823/691 699/965/699
f 708/840/708 693/958/693 692/820/692 700/964/700
f 704/836/704 688/966/688 687/833/687 696/832/696
f 686/815/686 711/831/711 695/816/695
f 693/958/693 708/840/708 701/834/701
f 697/838/697 689/825/689 688/966/688 704/836/704
f 703/818/703 694/817/694 702/835/702
f 697/838/697 698/963/698 690/826/690 689/825/689
f 718/841/718 719/967/719 702/835/702 701/834/701
f 719/967/719 720/845/720 703/818/703 702/835/702
f 705/848/705 698/963/698 697/838/697 713/837/713
f 703/818/703 720/845/720 709/847/709
f 706/968/706 699/962/699 698/963/698 705/848/705
f 706/969/706 707/970/707 700/964/700 699/965/699
f 716/971/716 707/970/707 706/969/706 715/972/715
f 700/964/700 707/970/707 708/840/708
f 695/816/695 722/839/722 696/832/696
f 717/973/717 708/840/708 707/970/707 716/971/716
f 960/830/960 721/843/721 711/831/711
f 723/850/723 704/836/704 696/832/696 712/844/712
f 718/841/718 708/840/708 717/973/717
f 714/849/714 715/974/715 706/968/706 705/848/705
f 704/836/704 723/850/723 713/837/713
f 709/847/709 729/846/729 710/829/710
f 740/855/740 720/845/720 719/967/719 739/975/739
f 724/851/724 725/976/725 714/849/714 713/837/713
f 729/846/729 720/845/720 740/855/740
f 725/976/725 726/977/726 715/974/715 714/849/714
f 727/978/727 716/971/716 715/972/715 726/979/726
f 728/980/728 717/973/717 716/971/716 727/978/727
f 728/980/728 738/981/738 718/841/718 717/973/717
f 711/831/711 741/853/741 722/839/722
f 739/975/739 719/967/719 718/841/718 738/981/738
f 736/982/736 727/978/727 726/979/726 735/983/735
f 737/984/737 728/980/728 727/978/727 736/982/736
f 731/861/731 712/844/712 722/839/722 742/854/742
f 738/981/738 728/980/728 737/984/737
f 731/861/731 732/857/732 723/850/723 712/844/712
f 733/859/733 724/851/724 723/850/723 732/857/732
f 733/859/733 734/985/734 725/976/725 724/851/724
f 734/985/734 735/986/735 726/977/726 725/976/725
f 766/852/766 729/846/729 758/856/758
f 756/987/756 757/864/757 740/855/740 739/975/739
f 743/858/743 744/988/744 734/985/734 733/859/733
f 758/856/758 740/855/740 757/864/757
f 744/988/744 745/989/745 735/986/735 734/985/734
f 746/990/746 736/982/736 735/983/735 745/991/745
f 747/992/747 737/984/737 736/982/736 746/990/746
f 747/992/747 755/993/755 738/981/738 737/984/737
f 756/987/756 739/975/739 738/981/738 755/993/755
f 754/994/754 747/992/747 746/990/746 753/995/753
f 732/857/732 731/861/731 748/860/748
f 760/867/760 742/854/742 741/853/741 759/863/759
f 750/996/750 743/858/743 732/857/732 749/862/749
f 755/993/755 747/992/747 754/994/754
f 742/854/742 760/867/760 748/860/748
f 750/996/750 751/997/751 744/988/744 743/858/743
f 751/997/751 752/998/752 745/989/745 744/988/744
f 753/995/753 746/990/746 745/991/745 752/999/752
f 761/874/761 762/1000/762 751/997/751 750/996/750
f 762/1000/762 763/1001/763 752/998/752 751/997/751
f 758/856/758 776/865/776 766/852/766
f 764/1002/764 753/995/753 752/999/752 763/1003/763
f 765/1004/765 754/994/754 753/995/753 764/1002/764
f 721/843/721 794/866/794 759/863/759
f 765/1004/765 774/1005/774 755/993/755 754/994/754
f 775/870/775 756/987/756 755/993/755 774/1005/774
f 767/868/767 768/872/768 749/862/749 748/860/748
f 761/874/761 750/996/750 749/862/749 768/872/768
f 757/864/757 756/987/756 775/870/775
f 769/873/769 770/1006/770 762/1000/762 761/874/761
f 774/1005/774 765/1004/765 773/1007/773
f 760/867/760 777/869/777 767/868/767
f 757/864/757 784/871/784 776/865/776
f 770/1006/770 771/1008/771 763/1001/763 762/1000/762
f 772/1009/772 764/1002/764 763/1003/763 771/1010/771
f 773/1007/773 765/1004/765 764/1002/764 772/1009/772
f 778/883/778 779/1011/779 770/1006/770 769/873/769
f 779/1011/779 780/1012/780 771/1008/771 770/1006/770
f 776/865/776 793/877/793 828/875/828
f 781/1013/781 772/1009/772 771/1010/771 780/1014/780
f 782/1015/782 773/1007/773 772/1009/772 781/1013/781
f 782/1015/782 792/878/792 774/1005/774 773/1007/773
f 783/880/783 775/870/775 774/1005/774 792/878/792
f 785/876/785 786/881/786 768/872/768 767/868/767
f 778/883/778 769/873/769 768/872/768 786/881/786
f 784/871/784 775/870/775 783/880/783
f 803/1016/803 784/871/784 783/880/783 802/879/802
f 792/878/792 782/1015/782 791/1017/791
f 787/882/787 788/1018/788 779/1011/779 778/883/778
f 793/877/793 784/871/784 803/1016/803
f 788/1018/788 789/1019/789 780/1012/780 779/1011/779
f 790/1020/790 781/1013/781 780/1014/780 789/1021/789
f 791/1017/791 782/1015/782 781/1013/781 790/1020/790
f 797/1022/797 798/1023/798 789/1019/789 788/1018/788
f 759/863/759 810/884/810 777/869/777
f 799/1024/799 790/1020/790 789/1021/789 798/1025/798
f 800/1026/800 791/1017/791 790/1020/790 799/1024/799
f 800/1026/800 801/1027/801 792/878/792 791/1017/791
f 804/887/804 785/876/785 777/869/777 811/885/811
f 804/887/804 795/886/795 786/881/786 785/876/785
f 792/878/792 801/1027/801 802/879/802
f 796/1028/796 787/882/787 786/881/786 795/886/795
f 796/1028/796 797/1022/797 788/1018/788 787/882/787
f 820/1029/820 802/879/802 801/1027/801 819/1030/819
f 820/1029/820 821/1031/821 803/1016/803 802/879/802
f 805/892/805 796/1028/796 795/886/795 813/888/813
f 822/1032/822 793/877/793 803/1016/803 821/1031/821
f 805/892/805 806/1033/806 797/1022/797 796/1028/796
f 806/1033/806 807/1034/807 798/1023/798 797/1022/797
f 793/877/793 822/1032/822 828/875/828
f 808/1035/808 799/1024/799 798/1025/798 807/1036/807
f 809/1037/809 800/1026/800 799/1024/799 808/1035/808
f 794/866/794 840/889/840 810/884/810
f 809/1037/809 819/1030/819 801/1027/801 800/1026/800
f 815/1038/815 816/1039/816 807/1034/807 806/1033/806
f 817/1040/817 808/1035/808 807/1036/807 816/1041/816
f 818/1042/818 809/1037/809 808/1035/808 817/1040/817
f 814/891/814 815/1038/815 806/1033/806 805/892/805
f 819/1030/819 809/1037/809 818/1042/818
f 813/888/813 804/887/804 812/890/812
f 839/1043/839 820/1029/820 819/1030/819 838/1044/838
f 831/1045/831 832/894/832 813/888/813 812/890/812
f 839/1043/839 846/900/846 821/1031/821 820/1029/820
f 823/896/823 814/891/814 813/888/813 832/894/832
f 847/897/847 822/1032/822 821/1031/821 846/900/846
f 823/896/823 824/1046/824 815/1038/815 814/891/814
f 824/1046/824 825/1047/825 816/1039/816 815/1038/815
f 828/875/828 822/1032/822 847/897/847
f 826/1048/826 817/1040/817 816/1041/816 825/1049/825
f 827/1050/827 818/1042/818 817/1040/817 826/1048/826
f 829/893/829 830/1051/830 811/885/811 810/884/810
f 827/1050/827 838/1044/838 819/1030/819 818/1042/818
f 831/1045/831 812/890/812 811/885/811 830/1051/830
f 836/1052/836 826/1048/826 825/1049/825 835/1053/835
f 837/1054/837 827/1050/827 826/1048/826 836/1052/836
f 833/895/833 834/1055/834 824/1046/824 823/896/823
f 838/1044/838 827/1050/827 837/1054/837
f 834/1055/834 835/1056/835 825/1047/825 824/1046/824
f 841/905/841 833/895/833 832/894/832 850/903/850
f 846/900/846 839/1043/839 857/901/857
f 841/905/841 842/1057/842 834/1055/834 833/895/833
f 842/1057/842 843/1058/843 835/1056/835 834/1055/834
f 844/1059/844 836/1052/836 835/1053/835 843/1060/843
f 845/1061/845 837/1054/837 836/1052/836 844/1059/844
f 848/908/848 830/1051/830 829/893/829 859/899/859
f 845/1061/845 856/1062/856 838/1044/838 837/1054/837
f 849/1063/849 831/1045/831 830/1051/830 848/908/848
f 857/901/857 839/1043/839 838/1044/838 856/1062/856
f 849/1063/849 850/903/850 832/894/832 831/1045/831
f 855/1064/855 845/1061/845 844/1059/844 854/1065/854
f 866/1066/866 847/897/847 846/900/846 858/902/858
f 856/1062/856 845/1061/845 855/1064/855
f 851/904/851 852/1067/852 842/1057/842 841/905/841
f 852/1067/852 853/1068/853 843/1058/843 842/1057/842
f 897/898/897 847/897/847 866/1066/866
f 854/1065/854 844/1059/844 843/1060/843 853/1069/853
f 860/914/860 851/904/851 850/903/850 870/912/870
f 860/914/860 861/1070/861 852/1067/852 851/904/851
f 861/1070/861 862/1071/862 853/1068/853 852/1067/852
f 863/1072/863 854/1065/854 853/1069/853 862/1073/862
f 864/1074/864 855/1064/855 854/1065/854 863/1072/863
f 840/889/840 886/906/886 859/899/859
f 864/1074/864 876/909/876 856/1062/856 855/1064/855
f 869/1075/869 849/1063/849 848/908/848 868/907/868
f 865/911/865 857/901/857 856/1062/856 876/909/876
f 869/1075/869 870/912/870 850/903/850 849/1063/849
f 875/1076/875 864/1074/864 863/1072/863 874/1077/874
f 858/902/858 857/901/857 865/911/865
f 885/910/885 877/1078/877 858/902/858 865/911/865
f 876/909/876 864/1074/864 875/1076/875
f 896/1079/896 866/1066/866 858/902/858 877/1078/877
f 871/913/871 872/1080/872 861/1070/861 860/914/860
f 872/1080/872 873/1081/873 862/1071/862 861/1070/861
f 866/1066/866 896/1079/896 897/898/897
f 874/1077/874 863/1072/863 862/1073/862 873/1082/873
f 880/1083/880 881/1084/881 872/1080/872 871/913/871
f 881/1084/881 882/1085/882 873/1081/873 872/1080/872
f 883/1086/883 874/1077/874 873/1082/873 882/1087/882
f 884/1088/884 875/1076/875 874/1077/874 883/1086/883
f 887/923/887 868/907/868 859/899/859 878/915/878
f 884/1088/884 894/916/894 876/909/876 875/1076/875
f 888/919/888 869/1075/869 868/907/868 887/923/887
f 879/918/879 870/912/870 869/1075/869 888/919/888
f 876/909/876 894/916/894 885/910/885
f 880/1083/880 871/913/871 870/912/870 879/918/879
f 889/926/889 880/1083/880 879/918/879 899/920/899
f 894/916/894 884/1088/884 893/1089/893
f 877/1078/877 885/910/885 895/917/895
f 889/926/889 890/1090/890 881/1084/881 880/1083/880
f 890/1090/890 891/1091/891 882/1085/882 881/1084/881
f 892/1092/892 883/1086/883 882/1087/882 891/1093/891
f 893/1089/893 884/1088/884 883/1086/883 892/1092/892
f 900/925/900 901/1094/901 890/1090/890 889/926/889
f 931/922/931 897/898/897 896/1079/896 913/938/913
f 901/1094/901 902/1095/902 891/1091/891 890/1090/890
f 903/1096/903 892/1092/892 891/1093/891 902/1097/902
f 904/1098/904 893/1089/893 892/1092/892 903/1096/903
f 886/906/886 941/921/941 878/915/878
f 904/1098/904 905/1099/905 894/916/894 893/1089/893
f 906/927/906 888/919/888 887/923/887 898/924/898
f 912/933/912 895/917/895 894/916/894 905/1099/905
f 912/933/912 923/936/923 877/1078/877 895/917/895
f 899/920/899 888/919/888 906/927/906
f 913/938/913 896/1079/896 877/1078/877 923/936/923
f 911/1100/911 922/931/922 905/1099/905 904/1098/904
f 907/935/907 900/925/900 899/920/899 916/928/916
f 905/1099/905 922/931/922 912/933/912
f 907/935/907 908/1101/908 901/1094/901 900/925/900
f 908/1101/908 909/1102/909 902/1095/902 901/1094/901
f 910/1103/910 903/1096/903 902/1097/902 909/1104/909
f 911/1100/911 904/1098/904 903/1096/903 910/1103/910
f 918/1105/918 919/1106/919 909/1102/909 908/1101/908
f 898/924/898 878/915/878 914/929/914
f 913/938/913 940/937/940 931/922/931
f 920/1107/920 910/1103/910 909/1104/909 919/1108/919
f 921/1109/921 911/1100/911 910/1103/910 920/1107/920
f 917/934/917 918/1105/918 908/1101/908 907/935/907
f 922/931/922 911/1100/911 921/1109/921
f 916/928/916 906/927/906 915/930/915
f 923/936/923 912/933/912 930/932/930
f 925/1110/925 917/934/917 916/928/916 924/939/924
f 922/931/922 938/944/938 930/932/930
f 925/1110/925 926/1111/926 918/1105/918 917/934/917
f 940/937/940 923/936/923 950/940/950
f 926/1111/926 927/1112/927 919/1106/919 918/1105/918
f 928/1113/928 920/1107/920 919/1108/919 927/1114/927
f 929/1115/929 921/1109/921 920/1107/920 928/1113/928
f 943/942/943 898/924/898 914/929/914 942/941/942
f 929/1115/929 938/944/938 922/931/922 921/1109/921
f 936/1116/936 928/1113/928 927/1114/927 935/1117/935
f 898/924/898 943/942/943 915/930/915
f 937/1118/937 929/1115/929 928/1113/928 936/1116/936
f 932/943/932 944/946/944 924/939/924 915/930/915
f 938/944/938 929/1115/929 937/1118/937
f 933/948/933 925/1110/925 924/939/924 944/946/944
f 950/940/950 930/932/930 939/945/939
f 933/948/933 934/1119/934 926/1111/926 925/1110/925
f 934/1119/934 935/1120/935 927/1112/927 926/1111/926
f 945/947/945 946/1121/946 934/1119/934 933/948/933
f 944/946/944 932/943/932 951/950/951
f 946/1121/946 947/1122/947 935/1120/935 934/1119/934
f 940/937/940 969/949/969 970/828/970
f 948/1123/948 936/1116/936 935/1117/935 947/1124/947
f 949/1125/949 937/1118/937 936/1116/936 948/1123/948
f 949/1125/949 958/951/958 938/944/938 937/1118/937
f 956/1126/956 948/1123/948 947/1124/947 955/1127/955
f 938/944/938 958/951/958 939/945/939
f 960/830/960 686/815/686 942/941/942 941/921/941
f 957/1128/957 949/1125/949 948/1123/948 956/1126/956
f 681/814/681 943/942/943 942/941/942 686/815/686
f 959/952/959 968/819/968 950/940/950 939/945/939
f 958/951/958 949/1125/949 957/1128/957
f 943/942/943 681/814/681 951/950/951
f 953/955/953 945/947/945 944/946/944 952/953/952
f 953/955/953 954/1129/954 946/1121/946 945/947/945
f 950/940/950 968/819/968 969/949/969
f 954/1129/954 955/1130/955 947/1122/947 946/1121/946
f 962/954/962 963/1131/963 954/1129/954 953/955/953
f 963/1131/963 964/1132/964 955/1130/955 954/1129/954
f 965/1133/965 956/1126/956 955/1127/955 964/1134/964
f 966/1135/966 957/1128/957 956/1126/956 965/1133/965
f 966/1135/966 685/957/685 958/951/958 957/1128/957
f 967/959/967 966/1135/966 965/1133/965 684/821/684
f 958/951/958 685/957/685 959/952/959
f 952/953/952 951/950/951 961/956/961
f 687/833/687 688/966/688 952/953/952 961/956/961
f 966/1135/966 967/959/967 685/957/685
f 688/966/688 689/825/689 962/954/962 952/953/952
f 968/819/968 959/952/959 694/817/694
f 689/825/689 682/824/682 963/1131/963 962/954/962
f 682/824/682 683/961/683 964/1132/964 963/1131/963
f 684/821/684 965/1133/965 964/1134/964 683/822/683
f 971/1136/971 985/1137/985 976/1138/976
f 984/1139/984 1258/1140/1258 993/1141/993
f 982/1142/982 981/1143/981 973/1144/973 974/1145/974
f 972/1146/972 980/1147/980 979/1148/979
f 1157/1149/1157 1000/1150/1000 1260/1151/1260
f 1250/1152/1250 976/1138/976 1001/1153/1001
f 985/1137/985 977/1154/977 986/1155/986
f 991/1156/991 984/1139/984 992/1157/992
f 994/1158/994 987/1159/987 1003/1160/1003
f 1001/1153/1001 985/1137/985 1012/1161/1012
f 991/1156/991 1008/1162/1008 998/1163/998
f 1250/1152/1250 1011/1164/1011 1020/1165/1020
f 1012/1161/1012 986/1155/986 1002/1166/1002
f 1010/1167/1010 999/1168/999 1019/1169/1019
f 995/1170/995 1004/1171/1004 1003/1160/1003
f 1013/1172/1013 1003/1160/1003 1014/1173/1014
f 1019/1169/1019 1000/1150/1000 1056/1174/1056
f 1157/1149/1157 1056/1174/1056 1000/1150/1000
f 1011/1164/1011 1001/1153/1001 1031/1175/1031
f 1031/1175/1031 1012/1161/1012 1032/1176/1032
f 1030/1177/1030 1019/1169/1019 1048/1178/1048
f 1022/1179/1022 1023/1180/1023 1033/1181/1033
f 1032/1176/1032 1021/1182/1021 1038/1183/1038
f 1022/1179/1022 1039/1184/1039 1038/1183/1038
f 1031/1175/1031 1049/1185/1049 1011/1164/1011
f 1047/1186/1047 1048/1178/1048 1066/1187/1066
f 1011/1164/1011 1084/1188/1084 1020/1165/1020
f 1050/1189/1050 1038/1183/1038 1057/1190/1057
f 1050/1189/1050 1067/1191/1067 1049/1185/1049
f 1047/1186/1047 1074/1192/1074 1065/1193/1065
f 1058/1194/1058 1051/1195/1051 1059/1196/1059
f 1056/1174/1056 1118/1197/1118 1066/1187/1066
f 1157/1149/1157 1118/1197/1118 1056/1174/1056
f 1067/1191/1067 1057/1190/1057 1075/1198/1075
f 1074/1192/1074 1066/1187/1066 1083/1199/1083
f 1082/1200/1082 1073/1201/1073 1092/1202/1092
f 1076/1203/1076 1068/1204/1068 1077/1205/1077
f 1084/1188/1084 1049/1185/1049 1100/1206/1100
f 1067/1191/1067 1101/1207/1101 1100/1206/1100
f 1085/1208/1085 1103/1209/1103 1094/1210/1094
f 1084/1188/1084 1130/1211/1130 1020/1165/1020
f 1101/1207/1101 1094/1210/1094 1102/1212/1102
f 1103/1209/1103 1095/1213/1095 1104/1214/1104
f 1130/1211/1130 1100/1206/1100 1119/1215/1119
f 1122/1216/1122 1113/1217/1113 1123/1218/1123
f 1137/1219/1137 1118/1197/1118 1187/1220/1187
f 1157/1149/1157 1187/1220/1187 1118/1197/1118
f 1119/1215/1119 1149/1221/1149 1130/1211/1130
f 1136/1222/1136 1148/1223/1148 1147/1224/1147
f 1140/1225/1140 1131/1226/1131 1141/1227/1141
f 1130/1211/1130 1176/1228/1176 1020/1165/1020
f 1149/1221/1149 1138/1229/1138 1158/1230/1158
f 1166/1231/1166 1155/1232/1155 1175/1233/1175
f 1160/1234/1160 1150/1235/1150 1161/1236/1161
f 1176/1228/1176 1149/1221/1149 1168/1237/1168
f 1184/1238/1184 1175/1233/1175 1185/1239/1185
f 1169/1240/1169 1189/1241/1189 1178/1242/1178
f 1176/1228/1176 1231/1243/1231 1020/1165/1020
f 1157/1149/1157 1221/1244/1221 1187/1220/1187
f 1177/1245/1177 1188/1246/1188 1168/1237/1168
f 1189/1241/1189 1179/1247/1179 1190/1248/1190
f 1189/1241/1189 1206/1249/1206 1196/1250/1196
f 1231/1243/1231 1168/1237/1168 1204/1251/1204
f 1188/1246/1188 1196/1250/1196 1205/1252/1205
f 1212/1253/1212 1202/1254/1202 1220/1255/1220
f 1206/1249/1206 1197/1256/1197 1207/1257/1207
f 1213/1258/1213 1203/1259/1203 1230/1260/1230
f 1206/1249/1206 1214/1261/1214 1205/1252/1205
f 1213/1258/1213 1240/1262/1240 1220/1255/1220
f 1204/1251/1204 1232/1263/1232 1231/1243/1231
f 1157/1149/1157 1260/1151/1260 1221/1244/1221
f 1233/1264/1233 1205/1252/1205 1222/1265/1222
f 1228/1266/1228 1220/1255/1220 1229/1267/1229
f 1230/1260/1230 1221/1244/1221 1260/1151/1260
f 1234/1268/1234 1223/1269/1223 1235/1270/1235
f 1240/1262/1240 1230/1260/1230 1259/1271/1259
f 1233/1264/1233 1222/1265/1222 1241/1272/1241
f 1248/1273/1248 1229/1267/1229 1249/1274/1249
f 1234/1268/1234 1242/1275/1242 1241/1272/1241
f 1231/1243/1231 1250/1152/1250 1020/1165/1020
f 1242/1275/1242 1243/1276/1243 1252/1277/1252
f 971/1136/971 1241/1272/1241 1251/1278/1251
f 1251/1278/1251 977/1154/977 971/1136/971
f 975/1279/975 1249/1274/1249 984/1139/984
f 983/1280/983 982/1142/982 974/1145/974 1257/1281/1257
f 991/1156/991 983/1280/983 1257/1281/1257 975/1279/975
f 999/1168/999 993/1141/993 1258/1140/1258 1259/1271/1259
f 977/1154/977 985/1137/985 971/1136/971
f 975/1279/975 984/1139/984 991/1156/991
f 1000/1150/1000 999/1168/999 1259/1271/1259 1260/1151/1260
f 981/1282/981 980/1147/980 972/1146/972 973/1283/973
f 989/1284/989 988/1285/988 980/1147/980 981/1282/981
f 990/1286/990 989/1287/989 981/1143/981 982/1142/982
f 998/1163/998 990/1286/990 982/1142/982 983/1280/983
f 994/1158/994 986/1155/986 977/1154/977 978/1288/978
f 976/1138/976 985/1137/985 1001/1153/1001
f 983/1280/983 991/1156/991 998/1163/998
f 987/1159/987 994/1158/994 978/1288/978 979/1148/979
f 993/1141/993 992/1157/992 984/1139/984
f 987/1159/987 979/1148/979 980/1147/980 988/1285/988
f 1008/1162/1008 991/1156/991 992/1157/992 1009/1289/1009
f 1009/1289/1009 992/1157/992 993/1141/993 1010/1167/1010
f 995/1170/995 1003/1160/1003 987/1159/987 988/1285/988
f 993/1141/993 999/1168/999 1010/1167/1010
f 996/1290/996 995/1170/995 988/1285/988 989/1284/989
f 996/1291/996 989/1287/989 990/1286/990 997/1292/997
f 1006/1293/1006 1005/1294/1005 996/1291/996 997/1292/997
f 990/1286/990 998/1163/998 997/1292/997
f 985/1137/985 986/1155/986 1012/1161/1012
f 1007/1295/1007 1006/1293/1006 997/1292/997 998/1163/998
f 1250/1152/1250 1001/1153/1001 1011/1164/1011
f 1013/1172/1013 1002/1166/1002 986/1155/986 994/1158/994
f 1008/1162/1008 1007/1295/1007 998/1163/998
f 1004/1171/1004 995/1170/995 996/1290/996 1005/1296/1005
f 994/1158/994 1003/1160/1003 1013/1172/1013
f 999/1168/999 1000/1150/1000 1019/1169/1019
f 1030/1177/1030 1029/1297/1029 1009/1289/1009 1010/1167/1010
f 1014/1173/1014 1003/1160/1003 1004/1171/1004 1015/1298/1015
f 1019/1169/1019 1030/1177/1030 1010/1167/1010
f 1015/1298/1015 1004/1171/1004 1005/1296/1005 1016/1299/1016
f 1017/1300/1017 1016/1301/1016 1005/1294/1005 1006/1293/1006
f 1018/1302/1018 1017/1300/1017 1006/1293/1006 1007/1295/1007
f 1018/1302/1018 1007/1295/1007 1008/1162/1008 1028/1303/1028
f 1001/1153/1001 1012/1161/1012 1031/1175/1031
f 1029/1297/1029 1028/1303/1028 1008/1162/1008 1009/1289/1009
f 1026/1304/1026 1025/1305/1025 1016/1301/1016 1017/1300/1017
f 1027/1306/1027 1026/1304/1026 1017/1300/1017 1018/1302/1018
f 1021/1182/1021 1032/1176/1032 1012/1161/1012 1002/1166/1002
f 1028/1303/1028 1027/1306/1027 1018/1302/1018
f 1021/1182/1021 1002/1166/1002 1013/1172/1013 1022/1179/1022
f 1023/1180/1023 1022/1179/1022 1013/1172/1013 1014/1173/1014
f 1023/1180/1023 1014/1173/1014 1015/1298/1015 1024/1307/1024
f 1024/1307/1024 1015/1298/1015 1016/1299/1016 1025/1308/1025
f 1056/1174/1056 1048/1178/1048 1019/1169/1019
f 1046/1309/1046 1029/1297/1029 1030/1177/1030 1047/1186/1047
f 1033/1181/1033 1023/1180/1023 1024/1307/1024 1034/1310/1034
f 1048/1178/1048 1047/1186/1047 1030/1177/1030
f 1034/1310/1034 1024/1307/1024 1025/1308/1025 1035/1311/1035
f 1036/1312/1036 1035/1313/1035 1025/1305/1025 1026/1304/1026
f 1037/1314/1037 1036/1312/1036 1026/1304/1026 1027/1306/1027
f 1037/1314/1037 1027/1306/1027 1028/1303/1028 1045/1315/1045
f 1046/1309/1046 1045/1315/1045 1028/1303/1028 1029/1297/1029
f 1044/1316/1044 1043/1317/1043 1036/1312/1036 1037/1314/1037
f 1022/1179/1022 1038/1183/1038 1021/1182/1021
f 1050/1189/1050 1049/1185/1049 1031/1175/1031 1032/1176/1032
f 1040/1318/1040 1039/1184/1039 1022/1179/1022 1033/1181/1033
f 1045/1315/1045 1044/1316/1044 1037/1314/1037
f 1032/1176/1032 1038/1183/1038 1050/1189/1050
f 1040/1318/1040 1033/1181/1033 1034/1310/1034 1041/1319/1041
f 1041/1319/1041 1034/1310/1034 1035/1311/1035 1042/1320/1042
f 1043/1317/1043 1042/1321/1042 1035/1313/1035 1036/1312/1036
f 1051/1195/1051 1040/1318/1040 1041/1319/1041 1052/1322/1052
f 1052/1322/1052 1041/1319/1041 1042/1320/1042 1053/1323/1053
f 1048/1178/1048 1056/1174/1056 1066/1187/1066
f 1054/1324/1054 1053/1325/1053 1042/1321/1042 1043/1317/1043
f 1055/1326/1055 1054/1324/1054 1043/1317/1043 1044/1316/1044
f 1011/1164/1011 1049/1185/1049 1084/1188/1084
f 1055/1326/1055 1044/1316/1044 1045/1315/1045 1064/1327/1064
f 1065/1193/1065 1064/1327/1064 1045/1315/1045 1046/1309/1046
f 1057/1190/1057 1038/1183/1038 1039/1184/1039 1058/1194/1058
f 1051/1195/1051 1058/1194/1058 1039/1184/1039 1040/1318/1040
f 1047/1186/1047 1065/1193/1065 1046/1309/1046
f 1059/1196/1059 1051/1195/1051 1052/1322/1052 1060/1328/1060
f 1064/1327/1064 1063/1329/1063 1055/1326/1055
f 1050/1189/1050 1057/1190/1057 1067/1191/1067
f 1047/1186/1047 1066/1187/1066 1074/1192/1074
f 1060/1328/1060 1052/1322/1052 1053/1323/1053 1061/1330/1061
f 1062/1331/1062 1061/1332/1061 1053/1325/1053 1054/1324/1054
f 1063/1329/1063 1062/1331/1062 1054/1324/1054 1055/1326/1055
f 1068/1204/1068 1059/1196/1059 1060/1328/1060 1069/1333/1069
f 1069/1333/1069 1060/1328/1060 1061/1330/1061 1070/1334/1070
f 1066/1187/1066 1118/1197/1118 1083/1199/1083
f 1071/1335/1071 1070/1336/1070 1061/1332/1061 1062/1331/1062
f 1072/1337/1072 1071/1335/1071 1062/1331/1062 1063/1329/1063
f 1072/1337/1072 1063/1329/1063 1064/1327/1064 1082/1200/1082
f 1073/1201/1073 1082/1200/1082 1064/1327/1064 1065/1193/1065
f 1075/1198/1075 1057/1190/1057 1058/1194/1058 1076/1203/1076
f 1068/1204/1068 1076/1203/1076 1058/1194/1058 1059/1196/1059
f 1074/1192/1074 1073/1201/1073 1065/1193/1065
f 1093/1338/1093 1092/1202/1092 1073/1201/1073 1074/1192/1074
f 1082/1200/1082 1081/1339/1081 1072/1337/1072
f 1077/1205/1077 1068/1204/1068 1069/1333/1069 1078/1340/1078
f 1083/1199/1083 1093/1338/1093 1074/1192/1074
f 1078/1340/1078 1069/1333/1069 1070/1334/1070 1079/1341/1079
f 1080/1342/1080 1079/1343/1079 1070/1336/1070 1071/1335/1071
f 1081/1339/1081 1080/1342/1080 1071/1335/1071 1072/1337/1072
f 1087/1344/1087 1078/1340/1078 1079/1341/1079 1088/1345/1088
f 1049/1185/1049 1067/1191/1067 1100/1206/1100
f 1089/1346/1089 1088/1347/1088 1079/1343/1079 1080/1342/1080
f 1090/1348/1090 1089/1346/1089 1080/1342/1080 1081/1339/1081
f 1090/1348/1090 1081/1339/1081 1082/1200/1082 1091/1349/1091
f 1094/1210/1094 1101/1207/1101 1067/1191/1067 1075/1198/1075
f 1094/1210/1094 1075/1198/1075 1076/1203/1076 1085/1208/1085
f 1082/1200/1082 1092/1202/1092 1091/1349/1091
f 1086/1350/1086 1085/1208/1085 1076/1203/1076 1077/1205/1077
f 1086/1350/1086 1077/1205/1077 1078/1340/1078 1087/1344/1087
f 1110/1351/1110 1109/1352/1109 1091/1349/1091 1092/1202/1092
f 1110/1351/1110 1092/1202/1092 1093/1338/1093 1111/1353/1111
f 1095/1213/1095 1103/1209/1103 1085/1208/1085 1086/1350/1086
f 1112/1354/1112 1111/1353/1111 1093/1338/1093 1083/1199/1083
f 1095/1213/1095 1086/1350/1086 1087/1344/1087 1096/1355/1096
f 1096/1355/1096 1087/1344/1087 1088/1345/1088 1097/1356/1097
f 1083/1199/1083 1118/1197/1118 1112/1354/1112
f 1098/1357/1098 1097/1358/1097 1088/1347/1088 1089/1346/1089
f 1099/1359/1099 1098/1357/1098 1089/1346/1089 1090/1348/1090
f 1084/1188/1084 1100/1206/1100 1130/1211/1130
f 1099/1359/1099 1090/1348/1090 1091/1349/1091 1109/1352/1109
f 1105/1360/1105 1096/1355/1096 1097/1356/1097 1106/1361/1106
f 1107/1362/1107 1106/1363/1106 1097/1358/1097 1098/1357/1098
f 1108/1364/1108 1107/1362/1107 1098/1357/1098 1099/1359/1099
f 1104/1214/1104 1095/1213/1095 1096/1355/1096 1105/1360/1105
f 1109/1352/1109 1108/1364/1108 1099/1359/1099
f 1103/1209/1103 1102/1212/1102 1094/1210/1094
f 1129/1365/1129 1128/1366/1128 1109/1352/1109 1110/1351/1110
f 1121/1367/1121 1102/1212/1102 1103/1209/1103 1122/1216/1122
f 1129/1365/1129 1110/1351/1110 1111/1353/1111 1136/1222/1136
f 1113/1217/1113 1122/1216/1122 1103/1209/1103 1104/1214/1104
f 1137/1219/1137 1136/1222/1136 1111/1353/1111 1112/1354/1112
f 1113/1217/1113 1104/1214/1104 1105/1360/1105 1114/1368/1114
f 1114/1368/1114 1105/1360/1105 1106/1361/1106 1115/1369/1115
f 1118/1197/1118 1137/1219/1137 1112/1354/1112
f 1116/1370/1116 1115/1371/1115 1106/1363/1106 1107/1362/1107
f 1117/1372/1117 1116/1370/1116 1107/1362/1107 1108/1364/1108
f 1119/1215/1119 1100/1206/1100 1101/1207/1101 1120/1373/1120
f 1117/1372/1117 1108/1364/1108 1109/1352/1109 1128/1366/1128
f 1121/1367/1121 1120/1373/1120 1101/1207/1101 1102/1212/1102
f 1126/1374/1126 1125/1375/1125 1115/1371/1115 1116/1370/1116
f 1127/1376/1127 1126/1374/1126 1116/1370/1116 1117/1372/1117
f 1123/1218/1123 1113/1217/1113 1114/1368/1114 1124/1377/1124
f 1128/1366/1128 1127/1376/1127 1117/1372/1117
f 1124/1377/1124 1114/1368/1114 1115/1369/1115 1125/1378/1125
f 1131/1226/1131 1140/1225/1140 1122/1216/1122 1123/1218/1123
f 1136/1222/1136 1147/1224/1147 1129/1365/1129
f 1131/1226/1131 1123/1218/1123 1124/1377/1124 1132/1379/1132
f 1132/1379/1132 1124/1377/1124 1125/1378/1125 1133/1380/1133
f 1134/1381/1134 1133/1382/1133 1125/1375/1125 1126/1374/1126
f 1135/1383/1135 1134/1381/1134 1126/1374/1126 1127/1376/1127
f 1138/1229/1138 1149/1221/1149 1119/1215/1119 1120/1373/1120
f 1135/1383/1135 1127/1376/1127 1128/1366/1128 1146/1384/1146
f 1139/1385/1139 1138/1229/1138 1120/1373/1120 1121/1367/1121
f 1147/1224/1147 1146/1384/1146 1128/1366/1128 1129/1365/1129
f 1139/1385/1139 1121/1367/1121 1122/1216/1122 1140/1225/1140
f 1145/1386/1145 1144/1387/1144 1134/1381/1134 1135/1383/1135
f 1156/1388/1156 1148/1223/1148 1136/1222/1136 1137/1219/1137
f 1146/1384/1146 1145/1386/1145 1135/1383/1135
f 1141/1227/1141 1131/1226/1131 1132/1379/1132 1142/1389/1142
f 1142/1389/1142 1132/1379/1132 1133/1380/1133 1143/1390/1143
f 1187/1220/1187 1156/1388/1156 1137/1219/1137
f 1144/1387/1144 1143/1391/1143 1133/1382/1133 1134/1381/1134
f 1150/1235/1150 1160/1234/1160 1140/1225/1140 1141/1227/1141
f 1150/1235/1150 1141/1227/1141 1142/1389/1142 1151/1392/1151
f 1151/1392/1151 1142/1389/1142 1143/1390/1143 1152/1393/1152
f 1153/1394/1153 1152/1395/1152 1143/1391/1143 1144/1387/1144
f 1154/1396/1154 1153/1394/1153 1144/1387/1144 1145/1386/1145
f 1130/1211/1130 1149/1221/1149 1176/1228/1176
f 1154/1396/1154 1145/1386/1145 1146/1384/1146 1166/1231/1166
f 1159/1397/1159 1158/1230/1158 1138/1229/1138 1139/1385/1139
f 1155/1232/1155 1166/1231/1166 1146/1384/1146 1147/1224/1147
f 1159/1397/1159 1139/1385/1139 1140/1225/1140 1160/1234/1160
f 1165/1398/1165 1164/1399/1164 1153/1394/1153 1154/1396/1154
f 1148/1223/1148 1155/1232/1155 1147/1224/1147
f 1175/1233/1175 1155/1232/1155 1148/1223/1148 1167/1400/1167
f 1166/1231/1166 1165/1398/1165 1154/1396/1154
f 1186/1401/1186 1167/1400/1167 1148/1223/1148 1156/1388/1156
f 1161/1236/1161 1150/1235/1150 1151/1392/1151 1162/1402/1162
f 1162/1402/1162 1151/1392/1151 1152/1393/1152 1163/1403/1163
f 1156/1388/1156 1187/1220/1187 1186/1401/1186
f 1164/1399/1164 1163/1404/1163 1152/1395/1152 1153/1394/1153
f 1170/1405/1170 1161/1236/1161 1162/1402/1162 1171/1406/1171
f 1171/1406/1171 1162/1402/1162 1163/1403/1163 1172/1407/1172
f 1173/1408/1173 1172/1409/1172 1163/1404/1163 1164/1399/1164
f 1174/1410/1174 1173/1408/1173 1164/1399/1164 1165/1398/1165
f 1177/1245/1177 1168/1237/1168 1149/1221/1149 1158/1230/1158
f 1174/1410/1174 1165/1398/1165 1166/1231/1166 1184/1238/1184
f 1178/1242/1178 1177/1245/1177 1158/1230/1158 1159/1397/1159
f 1169/1240/1169 1178/1242/1178 1159/1397/1159 1160/1234/1160
f 1166/1231/1166 1175/1233/1175 1184/1238/1184
f 1170/1405/1170 1169/1240/1169 1160/1234/1160 1161/1236/1161
f 1179/1247/1179 1189/1241/1189 1169/1240/1169 1170/1405/1170
f 1184/1238/1184 1183/1411/1183 1174/1410/1174
f 1167/1400/1167 1185/1239/1185 1175/1233/1175
f 1179/1247/1179 1170/1405/1170 1171/1406/1171 1180/1412/1180
f 1180/1412/1180 1171/1406/1171 1172/1407/1172 1181/1413/1181
f 1182/1414/1182 1181/1415/1181 1172/1409/1172 1173/1408/1173
f 1183/1411/1183 1182/1414/1182 1173/1408/1173 1174/1410/1174
f 1190/1248/1190 1179/1247/1179 1180/1412/1180 1191/1416/1191
f 1221/1244/1221 1203/1259/1203 1186/1401/1186 1187/1220/1187
f 1191/1416/1191 1180/1412/1180 1181/1413/1181 1192/1417/1192
f 1193/1418/1193 1192/1419/1192 1181/1415/1181 1182/1414/1182
f 1194/1420/1194 1193/1418/1193 1182/1414/1182 1183/1411/1183
f 1176/1228/1176 1168/1237/1168 1231/1243/1231
f 1194/1420/1194 1183/1411/1183 1184/1238/1184 1195/1421/1195
f 1196/1250/1196 1188/1246/1188 1177/1245/1177 1178/1242/1178
f 1202/1254/1202 1195/1421/1195 1184/1238/1184 1185/1239/1185
f 1202/1254/1202 1185/1239/1185 1167/1400/1167 1213/1258/1213
f 1189/1241/1189 1196/1250/1196 1178/1242/1178
f 1203/1259/1203 1213/1258/1213 1167/1400/1167 1186/1401/1186
f 1201/1422/1201 1194/1420/1194 1195/1421/1195 1212/1253/1212
f 1197/1256/1197 1206/1249/1206 1189/1241/1189 1190/1248/1190
f 1195/1421/1195 1202/1254/1202 1212/1253/1212
f 1197/1256/1197 1190/1248/1190 1191/1416/1191 1198/1423/1198
f 1198/1423/1198 1191/1416/1191 1192/1417/1192 1199/1424/1199
f 1200/1425/1200 1199/1426/1199 1192/1419/1192 1193/1418/1193
f 1201/1422/1201 1200/1425/1200 1193/1418/1193 1194/1420/1194
f 1208/1427/1208 1198/1423/1198 1199/1424/1199 1209/1428/1209
f 1188/1246/1188 1204/1251/1204 1168/1237/1168
f 1203/1259/1203 1221/1244/1221 1230/1260/1230
f 1210/1429/1210 1209/1430/1209 1199/1426/1199 1200/1425/1200
f 1211/1431/1211 1210/1429/1210 1200/1425/1200 1201/1422/1201
f 1207/1257/1207 1197/1256/1197 1198/1423/1198 1208/1427/1208
f 1212/1253/1212 1211/1431/1211 1201/1422/1201
f 1206/1249/1206 1205/1252/1205 1196/1250/1196
f 1213/1258/1213 1220/1255/1220 1202/1254/1202
f 1215/1432/1215 1214/1261/1214 1206/1249/1206 1207/1257/1207
f 1212/1253/1212 1220/1255/1220 1228/1266/1228
f 1215/1432/1215 1207/1257/1207 1208/1427/1208 1216/1433/1216
f 1230/1260/1230 1240/1262/1240 1213/1258/1213
f 1216/1433/1216 1208/1427/1208 1209/1428/1209 1217/1434/1217
f 1218/1435/1218 1217/1436/1217 1209/1430/1209 1210/1429/1210
f 1219/1437/1219 1218/1435/1218 1210/1429/1210 1211/1431/1211
f 1233/1264/1233 1232/1263/1232 1204/1251/1204 1188/1246/1188
f 1219/1437/1219 1211/1431/1211 1212/1253/1212 1228/1266/1228
f 1226/1438/1226 1225/1439/1225 1217/1436/1217 1218/1435/1218
f 1188/1246/1188 1205/1252/1205 1233/1264/1233
f 1227/1440/1227 1226/1438/1226 1218/1435/1218 1219/1437/1219
f 1222/1265/1222 1205/1252/1205 1214/1261/1214 1234/1268/1234
f 1228/1266/1228 1227/1440/1227 1219/1437/1219
f 1223/1269/1223 1234/1268/1234 1214/1261/1214 1215/1432/1215
f 1240/1262/1240 1229/1267/1229 1220/1255/1220
f 1223/1269/1223 1215/1432/1215 1216/1433/1216 1224/1441/1224
f 1224/1441/1224 1216/1433/1216 1217/1434/1217 1225/1442/1225
f 1235/1270/1235 1223/1269/1223 1224/1441/1224 1236/1443/1236
f 1234/1268/1234 1241/1272/1241 1222/1265/1222
f 1236/1443/1236 1224/1441/1224 1225/1442/1225 1237/1444/1237
f 1230/1260/1230 1260/1151/1260 1259/1271/1259
f 1238/1445/1238 1237/1446/1237 1225/1439/1225 1226/1438/1226
f 1239/1447/1239 1238/1445/1238 1226/1438/1226 1227/1440/1227
f 1239/1447/1239 1227/1440/1227 1228/1266/1228 1248/1273/1248
f 1246/1448/1246 1245/1449/1245 1237/1446/1237 1238/1445/1238
f 1228/1266/1228 1229/1267/1229 1248/1273/1248
f 1250/1152/1250 1231/1243/1231 1232/1263/1232 976/1138/976
f 1247/1450/1247 1246/1448/1246 1238/1445/1238 1239/1447/1239
f 971/1136/971 976/1138/976 1232/1263/1232 1233/1264/1233
f 1249/1274/1249 1229/1267/1229 1240/1262/1240 1258/1140/1258
f 1248/1273/1248 1247/1450/1247 1239/1447/1239
f 1233/1264/1233 1241/1272/1241 971/1136/971
f 1243/1276/1243 1242/1275/1242 1234/1268/1234 1235/1270/1235
f 1243/1276/1243 1235/1270/1235 1236/1443/1236 1244/1451/1244
f 1240/1262/1240 1259/1271/1259 1258/1140/1258
f 1244/1451/1244 1236/1443/1236 1237/1444/1237 1245/1452/1245
f 1252/1277/1252 1243/1276/1243 1244/1451/1244 1253/1453/1253
f 1253/1453/1253 1244/1451/1244 1245/1452/1245 1254/1454/1254
f 1255/1455/1255 1254/1456/1254 1245/1449/1245 1246/1448/1246
f 1256/1457/1256 1255/1455/1255 1246/1448/1246 1247/1450/1247
f 1256/1457/1256 1247/1450/1247 1248/1273/1248 975/1279/975
f 1257/1281/1257 974/1145/974 1255/1455/1255 1256/1457/1256
f 1248/1273/1248 1249/1274/1249 975/1279/975
f 1242/1275/1242 1251/1278/1251 1241/1272/1241
f 977/1154/977 1251/1278/1251 1242/1275/1242 978/1288/978
f 1256/1457/1256 975/1279/975 1257/1281/1257
f 978/1288/978 1242/1275/1242 1252/1277/1252 979/1148/979
f 1258/1140/1258 984/1139/984 1249/1274/1249
f 979/1148/979 1252/1277/1252 1253/1453/1253 972/1146/972
f 972/1146/972 1253/1453/1253 1254/1454/1254 973/1283/973
f 974/1145/974 973/1144/973 1254/1456/1254 1255/1455/1255
f 1267/1458/1267 1266/1459/1266 1278/1460/1278
f 1282/1461/1282 1272/1462/1272 1271/1463/1271
f 1283/1464/1283 1274/1465/1274 1273/1466/1273
f 1277/1467/1277 1276/1468/1276 1285/1469/1285
f 1303/1470/1303 1291/1471/1291 1302/1472/1302
f 1296/1473/1296 1295/1474/1295 1307/1475/1307
f 1325/1476/1325 1314/1477/1314 1313/1478/1313
f 1317/1479/1317 1316/1480/1316 1327/1481/1327
f 1360/1482/1360 1351/1483/1351 1350/1484/1350
f 1356/1485/1356 1355/1486/1355 1364/1487/1364
f 1378/1488/1378 1370/1489/1370 1369/1490/1369
f 1376/1491/1376 1375/1492/1375 1382/1493/1382
f 1377/1494/1377 1366/1495/1366 1384/1496/1384
f 1385/1497/1385 1368/1498/1368 1377/1499/1377
f 1387/1500/1387 1373/1501/1373 1380/1502/1380
f 1381/1503/1381 1373/1504/1373 1387/1505/1387
f 1394/1506/1394 1379/1507/1379 1378/1488/1378
f 1388/1508/1388 1382/1493/1382 1398/1509/1398
f 1398/1509/1398 1397/1510/1397 1400/1511/1400
f 1400/1511/1400 1396/1512/1396 1409/1513/1409
f 1410/1514/1410 1400/1511/1400 1412/1515/1412
f 1416/1516/1416 1407/1517/1407 1406/1518/1406
f 1412/1515/1412 1409/1513/1409 1418/1519/1418
f 1411/1520/1411 1410/1514/1410 1419/1521/1419
f 1419/1521/1419 1412/1515/1412 1427/1522/1427
f 1433/1523/1433 1416/1516/1416 1425/1524/1425
f 1427/1522/1427 1418/1519/1418 1435/1525/1435
f 1426/1526/1426 1419/1521/1419 1436/1527/1436
f 1437/1528/1437 1429/1529/1429 1428/1530/1428
f 1432/1531/1432 1431/1532/1431 1439/1533/1439
f 1440/1534/1440 1427/1522/1427 1435/1525/1435
f 1450/1535/1450 1436/1527/1436 1440/1534/1440
f 1452/1536/1452 1442/1537/1442 1441/1538/1441
f 1445/1539/1445 1444/1540/1444 1454/1541/1454
f 1455/1542/1455 1440/1534/1440 1449/1543/1449
f 1456/1544/1456 1441/1538/1441 1451/1545/1451
f 1446/1546/1446 1445/1539/1445 1460/1547/1460
f 1464/1548/1464 1450/1535/1450 1455/1542/1455
f 1465/1549/1465 1455/1542/1455 1463/1550/1463
f 1475/1551/1475 1464/1548/1464 1465/1549/1465
f 1477/1552/1477 1465/1549/1465 1474/1553/1474
f 1478/1554/1478 1466/1555/1466 1476/1556/1476
f 1471/1557/1471 1470/1558/1470 1482/1559/1482
f 1486/1560/1486 1475/1551/1475 1477/1552/1477
f 1487/1561/1487 1477/1552/1477 1485/1562/1485
f 1483/1563/1483 1471/1557/1471 1493/1564/1493
f 1496/1565/1496 1476/1556/1476 1486/1560/1486
f 1497/1566/1497 1487/1561/1487 1495/1567/1495
f 1498/1568/1498 1489/1569/1489 1488/1570/1488
f 1492/1571/1492 1491/1572/1491 1500/1573/1500
f 1504/1574/1504 1486/1560/1486 1497/1566/1497
f 1505/1575/1505 1498/1568/1498 1507/1576/1507
f 1508/1577/1508 1500/1573/1500 1505/1578/1505
f 1504/1574/1504 1497/1566/1497 1512/1579/1512
f 1514/1580/1514 1501/1581/1501 1510/1582/1510
f 1511/1583/1511 1504/1574/1504 1516/1584/1516
f 1513/1585/1513 1507/1576/1507 1518/1586/1518
f 1519/1587/1519 1508/1577/1508 1513/1588/1513
f 1521/1589/1521 1503/1590/1503 1515/1591/1515
f 1512/1579/1512 1503/1592/1503 1521/1593/1521
f 1516/1584/1516 1512/1579/1512 1522/1594/1522
f 1524/1595/1524 1515/1591/1515 1514/1580/1514
f 1523/1596/1523 1518/1586/1518 1526/1597/1526
f 1527/1598/1527 1519/1587/1519 1523/1599/1523
f 1530/1600/1530 1521/1589/1521 1524/1595/1524
f 1522/1594/1522 1521/1593/1521 1530/1601/1530
f 1516/1584/1516 1522/1594/1522 1532/1602/1532
f 1534/1603/1534 1514/1580/1514 1529/1604/1529
f 1531/1605/1531 1516/1584/1516 1536/1606/1536
f 1533/1607/1533 1526/1597/1526 1538/1608/1538
f 1539/1609/1539 1527/1598/1527 1533/1610/1533
f 1541/1611/1541 1530/1600/1530 1535/1612/1535
f 1532/1602/1532 1530/1601/1530 1541/1613/1541
f 1536/1606/1536 1532/1602/1532 1542/1614/1542
f 1544/1615/1544 1534/1603/1534 1529/1604/1529
f 1531/1605/1531 1536/1606/1536 1546/1616/1546
f 1543/1617/1543 1538/1608/1538 1548/1618/1548
f 1549/1619/1549 1539/1609/1539 1543/1620/1543
f 1552/1621/1552 1541/1611/1541 1545/1622/1545
f 1542/1614/1542 1541/1613/1541 1552/1623/1552
f 1546/1616/1546 1542/1614/1542 1554/1624/1554
f 1556/1625/1556 1544/1615/1544 1551/1626/1551
f 1553/1627/1553 1546/1616/1546 1558/1628/1558
f 1555/1629/1555 1548/1618/1548 1560/1630/1560
f 1561/1631/1561 1549/1619/1549 1555/1632/1555
f 1563/1633/1563 1552/1621/1552 1557/1634/1557
f 1554/1624/1554 1552/1623/1552 1563/1635/1563
f 1558/1628/1558 1554/1624/1554 1564/1636/1564
f 1566/1637/1566 1556/1625/1556 1551/1626/1551
f 1553/1627/1553 1558/1628/1558 1568/1638/1568
f 1565/1639/1565 1560/1630/1560 1570/1640/1570
f 1571/1641/1571 1561/1631/1561 1565/1642/1565
f 1574/1643/1574 1563/1633/1563 1567/1644/1567
f 1564/1636/1564 1563/1635/1563 1574/1645/1574
f 1272/1462/1272 1282/1461/1282 1273/1466/1273 1261/1646/1261
f 1568/1638/1568 1564/1636/1564 1577/1647/1577
f 1579/1648/1579 1566/1637/1566 1573/1649/1573
f 1575/1650/1575 1568/1638/1568 1581/1651/1581
f 1578/1652/1578 1570/1640/1570 1583/1653/1583
f 1584/1654/1584 1571/1641/1571 1578/1655/1578
f 1587/1656/1587 1574/1643/1574 1580/1657/1580
f 1577/1647/1577 1574/1645/1574 1587/1658/1587
f 1589/1659/1589 1583/1653/1583 1590/1660/1590
f 1591/1661/1591 1584/1654/1584 1589/1662/1589
f 1581/1651/1581 1577/1647/1577 1592/1663/1592
f 1594/1664/1594 1579/1648/1579 1586/1665/1586
f 1588/1666/1588 1581/1651/1581 1596/1667/1596
f 1593/1668/1593 1590/1660/1590 1598/1669/1598
f 1599/1670/1599 1591/1661/1591 1593/1671/1593
f 1602/1672/1602 1587/1656/1587 1595/1673/1595
f 1592/1663/1592 1587/1658/1587 1602/1674/1602
f 1604/1675/1604 1598/1669/1598 1606/1676/1606
f 1607/1677/1607 1599/1670/1599 1604/1678/1604
f 1596/1667/1596 1592/1663/1592 1609/1679/1609
f 1611/1680/1611 1594/1664/1594 1601/1681/1601
f 1603/1682/1603 1596/1667/1596 1613/1683/1613
f 1610/1684/1610 1606/1676/1606 1615/1685/1615
f 1616/1686/1616 1607/1677/1607 1610/1687/1610
f 1619/1688/1619 1602/1672/1602 1612/1689/1612
f 1613/1683/1613 1609/1679/1609 1620/1690/1620
f 1623/1691/1623 1612/1689/1612 1611/1680/1611
f 1622/1692/1622 1615/1685/1615 1624/1693/1624
f 1625/1694/1625 1616/1686/1616 1622/1695/1622
f 1626/1696/1626 1619/1688/1619 1623/1691/1623
f 1613/1683/1613 1620/1690/1620 1627/1697/1627
f 1628/1698/1628 1614/1699/1614 1621/1700/1621
f 1629/1701/1629 1622/1692/1622 1624/1693/1624
f 1625/1694/1625 1622/1695/1622 1629/1702/1629
f 1618/1703/1618 1617/1704/1617 1630/1705/1630
f 1626/1696/1626 1623/1691/1623 1632/1706/1632
f 1633/1707/1633 1613/1683/1613 1627/1697/1627
f 1634/1708/1634 1624/1693/1624 1628/1698/1628
f 1630/1705/1630 1625/1694/1625 1635/1709/1635
f 1631/1710/1631 1618/1703/1618 1636/1711/1636
f 1639/1712/1639 1621/1700/1621 1633/1707/1633
f 1640/1713/1640 1628/1698/1628 1639/1712/1639
f 1641/1714/1641 1629/1701/1629 1634/1708/1634
f 1635/1709/1635 1629/1702/1629 1641/1715/1641
f 1636/1711/1636 1630/1705/1630 1642/1716/1642
f 1637/1717/1637 1632/1706/1632 1644/1718/1644
f 1645/1719/1645 1633/1707/1633 1638/1720/1638
f 1646/1721/1646 1634/1708/1634 1640/1713/1640
f 1642/1716/1642 1635/1709/1635 1648/1722/1648
f 1261/1646/1261 1273/1466/1273 1274/1465/1274 1262/1723/1262
f 1262/1723/1262 1274/1465/1274 1275/1724/1275 1263/1725/1263
f 1275/1726/1275 1276/1468/1276 1264/1727/1264 1263/1728/1263
f 1276/1468/1276 1277/1467/1277 1265/1729/1265 1264/1727/1264
f 1277/1467/1277 1278/1460/1278 1266/1459/1266 1265/1729/1265
f 1279/1730/1279 1280/1731/1280 1269/1732/1269 1268/1733/1268
f 1268/1733/1268 1267/1458/1267 1279/1730/1279
f 1269/1734/1269 1280/1735/1280 1281/1736/1281 1270/1737/1270
f 1274/1465/1274 1283/1464/1283 1284/1738/1284 1275/1724/1275
f 1271/1463/1271 1270/1737/1270 1281/1736/1281
f 1284/1739/1284 1285/1469/1285 1276/1468/1276 1275/1726/1275
f 1286/1740/1286 1287/1741/1287 1279/1730/1279 1267/1458/1267
f 1267/1458/1267 1278/1460/1278 1286/1740/1286
f 1287/1741/1287 1288/1742/1288 1280/1731/1280 1279/1730/1279
f 1280/1735/1280 1288/1743/1288 1289/1744/1289 1281/1736/1281
f 1281/1736/1281 1289/1744/1289 1290/1745/1290 1271/1463/1271
f 1282/1461/1282 1302/1472/1302 1291/1471/1291 1273/1466/1273
f 1282/1461/1282 1271/1463/1271 1290/1745/1290
f 1273/1466/1273 1291/1471/1291 1292/1746/1292 1283/1464/1283
f 1283/1464/1283 1292/1746/1292 1293/1747/1293 1284/1738/1284
f 1293/1748/1293 1294/1749/1294 1285/1469/1285 1284/1739/1284
f 1294/1749/1294 1295/1474/1295 1277/1467/1277 1285/1469/1285
f 1295/1474/1295 1296/1473/1296 1278/1460/1278 1277/1467/1277
f 1296/1473/1296 1297/1750/1297 1286/1740/1286 1278/1460/1278
f 1297/1750/1297 1298/1751/1298 1287/1741/1287 1286/1740/1286
f 1298/1751/1298 1299/1752/1299 1288/1742/1288 1287/1741/1287
f 1288/1743/1288 1299/1753/1299 1300/1754/1300 1289/1744/1289
f 1289/1744/1289 1300/1754/1300 1301/1755/1301 1290/1745/1290
f 1290/1745/1290 1301/1755/1301 1302/1472/1302 1282/1461/1282
f 1291/1471/1291 1303/1470/1303 1304/1756/1304 1292/1746/1292
f 1292/1746/1292 1304/1756/1304 1305/1757/1305 1293/1747/1293
f 1305/1758/1305 1306/1759/1306 1294/1749/1294 1293/1748/1293
f 1306/1759/1306 1307/1475/1307 1295/1474/1295 1294/1749/1294
f 1308/1760/1308 1309/1761/1309 1298/1751/1298 1297/1750/1297
f 1297/1750/1297 1296/1473/1296 1308/1760/1308
f 1309/1761/1309 1310/1762/1310 1299/1752/1299 1298/1751/1298
f 1299/1753/1299 1310/1763/1310 1311/1764/1311 1300/1754/1300
f 1300/1754/1300 1311/1764/1311 1312/1765/1312 1301/1755/1301
f 1302/1472/1302 1324/1766/1324 1313/1478/1313 1303/1470/1303
f 1302/1472/1302 1301/1755/1301 1312/1765/1312
f 1303/1470/1303 1313/1478/1313 1314/1477/1314 1304/1756/1304
f 1304/1756/1304 1314/1477/1314 1315/1767/1315 1305/1757/1305
f 1315/1768/1315 1305/1758/1305 1306/1759/1306 1316/1480/1316
f 1316/1480/1316 1306/1759/1306 1307/1475/1307 1317/1479/1317
f 1317/1479/1317 1307/1475/1307 1296/1473/1296 1318/1769/1318
f 1318/1769/1318 1296/1473/1296 1308/1760/1308 1319/1770/1319
f 1319/1770/1319 1308/1760/1308 1309/1761/1309 1320/1771/1320
f 1320/1771/1320 1309/1761/1309 1310/1762/1310 1321/1772/1321
f 1310/1763/1310 1321/1773/1321 1322/1774/1322 1311/1764/1311
f 1311/1764/1311 1322/1774/1322 1323/1775/1323 1312/1765/1312
f 1312/1765/1312 1323/1775/1323 1324/1766/1324 1302/1472/1302
f 1314/1477/1314 1325/1476/1325 1326/1776/1326 1315/1767/1315
f 1326/1777/1326 1327/1481/1327 1316/1480/1316 1315/1768/1315
f 1328/1778/1328 1329/1779/1329 1320/1771/1320 1319/1770/1319
f 1319/1770/1319 1318/1769/1318 1328/1778/1328
f 1329/1779/1329 1330/1780/1330 1321/1772/1321 1320/1771/1320
f 1321/1773/1321 1330/1781/1330 1331/1782/1331 1322/1774/1322
f 1322/1774/1322 1331/1782/1331 1332/1783/1332 1323/1775/1323
f 1344/1784/1344 1333/1785/1333 1313/1478/1313 1324/1766/1324
f 1324/1766/1324 1323/1775/1323 1332/1783/1332
f 1333/1785/1333 1334/1786/1334 1325/1476/1325 1313/1478/1313
f 1334/1786/1334 1335/1787/1335 1326/1776/1326 1325/1476/1325
f 1326/1777/1326 1335/1788/1335 1336/1789/1336 1327/1481/1327
f 1327/1481/1327 1336/1789/1336 1337/1790/1337 1317/1479/1317
f 1317/1479/1317 1337/1790/1337 1338/1791/1338 1318/1769/1318
f 1318/1769/1318 1338/1791/1338 1339/1792/1339 1328/1778/1328
f 1328/1778/1328 1339/1792/1339 1340/1793/1340 1329/1779/1329
f 1329/1779/1329 1340/1793/1340 1341/1794/1341 1330/1780/1330
f 1341/1795/1341 1342/1796/1342 1331/1782/1331 1330/1781/1330
f 1342/1796/1342 1343/1797/1343 1332/1783/1332 1331/1782/1331
f 1343/1797/1343 1344/1784/1344 1324/1766/1324 1332/1783/1332
f 1356/1485/1356 1345/1798/1345 1333/1785/1333 1344/1784/1344
f 1345/1798/1345 1346/1799/1346 1334/1786/1334 1333/1785/1333
f 1346/1799/1346 1347/1800/1347 1335/1787/1335 1334/1786/1334
f 1335/1788/1335 1347/1801/1347 1348/1802/1348 1336/1789/1336
f 1336/1789/1336 1348/1802/1348 1349/1803/1349 1337/1790/1337
f 1337/1790/1337 1349/1803/1349 1350/1484/1350 1338/1791/1338
f 1338/1791/1338 1350/1484/1350 1351/1483/1351 1339/1792/1339
f 1339/1792/1339 1351/1483/1351 1352/1804/1352 1340/1793/1340
f 1340/1793/1340 1352/1804/1352 1353/1805/1353 1341/1794/1341
f 1353/1806/1353 1354/1807/1354 1342/1796/1342 1341/1795/1341
f 1354/1807/1354 1355/1486/1355 1343/1797/1343 1342/1796/1342
f 1355/1486/1355 1356/1485/1356 1344/1784/1344 1343/1797/1343
f 1357/1808/1357 1358/1809/1358 1347/1800/1347 1346/1799/1346
f 1346/1799/1346 1345/1798/1345 1357/1808/1357
f 1347/1801/1347 1358/1810/1358 1359/1811/1359 1348/1802/1348
f 1351/1483/1351 1360/1482/1360 1361/1812/1361 1352/1804/1352
f 1349/1803/1349 1348/1802/1348 1359/1811/1359
f 1352/1804/1352 1361/1812/1361 1362/1813/1362 1353/1805/1353
f 1362/1814/1362 1363/1815/1363 1354/1807/1354 1353/1806/1353
f 1363/1815/1363 1364/1487/1364 1355/1486/1355 1354/1807/1354
f 1376/1491/1376 1365/1816/1365 1345/1798/1345 1356/1485/1356
f 1365/1816/1365 1366/1495/1366 1357/1808/1357 1345/1798/1345
f 1366/1495/1366 1367/1817/1367 1358/1809/1358 1357/1808/1357
f 1358/1810/1358 1367/1818/1367 1368/1498/1368 1359/1811/1359
f 1359/1811/1359 1368/1498/1368 1369/1490/1369 1349/1803/1349
f 1349/1803/1349 1369/1490/1369 1370/1489/1370 1350/1484/1350
f 1350/1484/1350 1370/1489/1370 1371/1819/1371 1360/1482/1360
f 1360/1482/1360 1371/1819/1371 1372/1820/1372 1361/1812/1361
f 1361/1812/1361 1372/1820/1372 1373/1501/1373 1362/1813/1362
f 1373/1504/1373 1374/1821/1374 1363/1815/1363 1362/1814/1362
f 1374/1821/1374 1375/1492/1375 1364/1487/1364 1363/1815/1363
f 1375/1492/1375 1376/1491/1376 1356/1485/1356 1364/1487/1364
f 1370/1489/1370 1378/1488/1378 1379/1507/1379 1371/1819/1371
f 1367/1817/1367 1366/1495/1366 1377/1494/1377
f 1368/1498/1368 1367/1818/1367 1377/1499/1377
f 1371/1819/1371 1379/1507/1379 1380/1502/1380 1372/1820/1372
f 1381/1503/1381 1382/1493/1382 1375/1492/1375 1374/1821/1374
f 1373/1501/1373 1372/1820/1372 1380/1502/1380
f 1374/1821/1374 1373/1504/1373 1381/1503/1381
f 1388/1508/1388 1383/1822/1383 1365/1816/1365 1376/1491/1376
f 1383/1822/1383 1384/1496/1384 1366/1495/1366 1365/1816/1365
f 1368/1498/1368 1385/1497/1385 1386/1823/1386 1369/1490/1369
f 1389/1824/1389 1390/1825/1390 1384/1496/1384 1383/1822/1383
f 1378/1488/1378 1369/1490/1369 1386/1823/1386
f 1376/1491/1376 1382/1493/1382 1388/1508/1388
f 1383/1822/1383 1388/1508/1388 1389/1824/1389
f 1390/1825/1390 1391/1826/1391 1377/1494/1377 1384/1496/1384
f 1377/1499/1377 1391/1827/1391 1392/1828/1392 1385/1497/1385
f 1385/1497/1385 1392/1828/1392 1393/1829/1393 1386/1823/1386
f 1379/1507/1379 1394/1506/1394 1395/1830/1395 1380/1502/1380
f 1378/1488/1378 1386/1823/1386 1393/1829/1393
f 1380/1502/1380 1395/1830/1395 1396/1831/1396 1387/1500/1387
f 1396/1512/1396 1397/1510/1397 1381/1503/1381 1387/1505/1387
f 1397/1510/1397 1398/1509/1398 1382/1493/1382 1381/1503/1381
f 1411/1520/1411 1401/1832/1401 1389/1824/1389 1388/1508/1388
f 1391/1826/1391 1390/1825/1390 1399/1833/1399
f 1392/1828/1392 1391/1827/1391 1399/1834/1399
f 1397/1510/1397 1396/1512/1396 1400/1511/1400
f 1401/1832/1401 1402/1835/1402 1390/1825/1390 1389/1824/1389
f 1402/1835/1402 1403/1836/1403 1399/1833/1399 1390/1825/1390
f 1399/1834/1399 1403/1837/1403 1404/1838/1404 1392/1828/1392
f 1392/1828/1392 1404/1838/1404 1405/1839/1405 1393/1829/1393
f 1393/1829/1393 1405/1839/1405 1406/1518/1406 1378/1488/1378
f 1378/1488/1378 1406/1518/1406 1407/1517/1407 1394/1506/1394
f 1394/1506/1394 1407/1517/1407 1408/1840/1408 1395/1830/1395
f 1395/1830/1395 1408/1840/1408 1409/1841/1409 1396/1831/1396
f 1410/1514/1410 1411/1520/1411 1388/1508/1388 1398/1509/1398
f 1398/1509/1398 1400/1511/1400 1410/1514/1410
f 1413/1842/1413 1414/1843/1414 1403/1836/1403 1402/1835/1402
f 1400/1511/1400 1409/1513/1409 1412/1515/1412
f 1402/1835/1402 1401/1832/1401 1413/1842/1413
f 1403/1837/1403 1414/1844/1414 1415/1845/1415 1404/1838/1404
f 1407/1517/1407 1416/1516/1416 1417/1846/1417 1408/1840/1408
f 1405/1839/1405 1404/1838/1404 1415/1845/1415
f 1408/1840/1408 1417/1846/1417 1418/1847/1418 1409/1841/1409
f 1426/1526/1426 1420/1848/1420 1401/1832/1401 1411/1520/1411
f 1410/1514/1410 1412/1515/1412 1419/1521/1419
f 1420/1848/1420 1421/1849/1421 1413/1842/1413 1401/1832/1401
f 1421/1849/1421 1422/1850/1422 1414/1843/1414 1413/1842/1413
f 1414/1844/1414 1422/1851/1422 1423/1852/1423 1415/1845/1415
f 1415/1845/1415 1423/1852/1423 1424/1853/1424 1405/1839/1405
f 1405/1839/1405 1424/1853/1424 1425/1524/1425 1406/1518/1406
f 1428/1530/1428 1429/1529/1429 1421/1849/1421 1420/1848/1420
f 1416/1516/1416 1406/1518/1406 1425/1524/1425
f 1411/1520/1411 1419/1521/1419 1426/1526/1426
f 1412/1515/1412 1418/1519/1418 1427/1522/1427
f 1420/1848/1420 1426/1526/1426 1428/1530/1428
f 1429/1529/1429 1430/1854/1430 1422/1850/1422 1421/1849/1421
f 1422/1851/1422 1430/1855/1430 1431/1532/1431 1423/1852/1423
f 1423/1852/1423 1431/1532/1431 1432/1531/1432 1424/1853/1424
f 1416/1516/1416 1433/1523/1433 1434/1856/1434 1417/1846/1417
f 1425/1524/1425 1424/1853/1424 1432/1531/1432
f 1417/1846/1417 1434/1856/1434 1435/1857/1435 1418/1847/1418
f 1429/1529/1429 1437/1528/1437 1438/1858/1438 1430/1854/1430
f 1419/1521/1419 1427/1522/1427 1436/1527/1436
f 1438/1859/1438 1439/1533/1439 1431/1532/1431 1430/1855/1430
f 1426/1526/1426 1451/1545/1451 1441/1538/1441 1428/1530/1428
f 1436/1527/1436 1427/1522/1427 1440/1534/1440
f 1428/1530/1428 1441/1538/1441 1442/1537/1442 1437/1528/1437
f 1437/1528/1437 1442/1537/1442 1443/1860/1443 1438/1858/1438
f 1443/1861/1443 1444/1540/1444 1439/1533/1439 1438/1859/1438
f 1444/1540/1444 1445/1539/1445 1432/1531/1432 1439/1533/1439
f 1445/1539/1445 1446/1546/1446 1425/1524/1425 1432/1531/1432
f 1446/1546/1446 1447/1862/1447 1433/1523/1433 1425/1524/1425
f 1447/1862/1447 1448/1863/1448 1434/1856/1434 1433/1523/1433
f 1448/1863/1448 1449/1864/1449 1435/1857/1435 1434/1856/1434
f 1436/1527/1436 1450/1535/1450 1451/1545/1451 1426/1526/1426
f 1440/1534/1440 1435/1525/1435 1449/1543/1449
f 1442/1537/1442 1452/1536/1452 1453/1865/1453 1443/1860/1443
f 1453/1866/1453 1454/1541/1454 1444/1540/1444 1443/1861/1443
f 1441/1538/1441 1456/1544/1456 1457/1867/1457 1452/1536/1452
f 1450/1535/1450 1440/1534/1440 1455/1542/1455
f 1452/1536/1452 1457/1867/1457 1458/1868/1458 1453/1865/1453
f 1458/1869/1458 1459/1870/1459 1454/1541/1454 1453/1866/1453
f 1459/1870/1459 1460/1547/1460 1445/1539/1445 1454/1541/1454
f 1461/1871/1461 1462/1872/1462 1448/1863/1448 1447/1862/1447
f 1447/1862/1447 1446/1546/1446 1461/1871/1461
f 1462/1872/1462 1463/1873/1463 1449/1864/1449 1448/1863/1448
f 1451/1545/1451 1476/1556/1476 1466/1555/1466 1456/1544/1456
f 1455/1542/1455 1449/1543/1449 1463/1550/1463
f 1451/1545/1451 1450/1535/1450 1464/1548/1464
f 1464/1548/1464 1455/1542/1455 1465/1549/1465
f 1456/1544/1456 1466/1555/1466 1467/1874/1467 1457/1867/1457
f 1457/1867/1457 1467/1874/1467 1468/1875/1468 1458/1868/1458
f 1468/1876/1468 1469/1877/1469 1459/1870/1459 1458/1869/1458
f 1469/1877/1469 1470/1558/1470 1460/1547/1460 1459/1870/1459
f 1470/1558/1470 1471/1557/1471 1446/1546/1446 1460/1547/1460
f 1471/1557/1471 1472/1878/1472 1461/1871/1461 1446/1546/1446
f 1472/1878/1472 1473/1879/1473 1462/1872/1462 1461/1871/1461
f 1473/1879/1473 1474/1880/1474 1463/1873/1463 1462/1872/1462
f 1464/1548/1464 1475/1551/1475 1476/1556/1476 1451/1545/1451
f 1465/1549/1465 1463/1550/1463 1474/1553/1474
f 1466/1555/1466 1478/1554/1478 1479/1881/1479 1467/1874/1467
f 1475/1551/1475 1465/1549/1465 1477/1552/1477
f 1467/1874/1467 1479/1881/1479 1480/1882/1480 1468/1875/1468
f 1480/1883/1480 1481/1884/1481 1469/1877/1469 1468/1876/1468
f 1481/1884/1481 1482/1559/1482 1470/1558/1470 1469/1877/1469
f 1483/1563/1483 1484/1885/1484 1473/1879/1473 1472/1878/1472
f 1472/1878/1472 1471/1557/1471 1483/1563/1483
f 1484/1885/1484 1485/1886/1485 1474/1880/1474 1473/1879/1473
f 1476/1556/1476 1496/1565/1496 1488/1570/1488 1478/1554/1478
f 1477/1552/1477 1474/1553/1474 1485/1562/1485
f 1476/1556/1476 1475/1551/1475 1486/1560/1486
f 1486/1560/1486 1477/1552/1477 1487/1561/1487
f 1478/1554/1478 1488/1570/1488 1489/1569/1489 1479/1881/1479
f 1479/1881/1479 1489/1569/1489 1490/1887/1490 1480/1882/1480
f 1490/1888/1490 1491/1572/1491 1481/1884/1481 1480/1883/1480
f 1491/1572/1491 1492/1571/1492 1482/1559/1482 1481/1884/1481
f 1492/1571/1492 1493/1564/1493 1471/1557/1471 1482/1559/1482
f 1494/1889/1494 1495/1890/1495 1485/1886/1485 1484/1885/1484
f 1484/1885/1484 1483/1563/1483 1494/1889/1494
f 1489/1569/1489 1498/1568/1498 1499/1891/1499 1490/1887/1490
f 1487/1561/1487 1485/1562/1485 1495/1567/1495
f 1486/1560/1486 1487/1561/1487 1497/1566/1497
f 1499/1892/1499 1500/1573/1500 1491/1572/1491 1490/1888/1490
f 1501/1581/1501 1502/1893/1502 1494/1889/1494 1483/1563/1483
f 1483/1563/1483 1493/1564/1493 1501/1581/1501
f 1502/1893/1502 1503/1590/1503 1495/1890/1495 1494/1889/1494
f 1511/1583/1511 1506/1894/1506 1488/1570/1488 1496/1565/1496
f 1497/1566/1497 1495/1567/1495 1503/1592/1503
f 1496/1565/1496 1486/1560/1486 1504/1574/1504
f 1499/1891/1499 1498/1568/1498 1505/1575/1505
f 1500/1573/1500 1499/1892/1499 1505/1578/1505
f 1506/1894/1506 1507/1576/1507 1498/1568/1498 1488/1570/1488
f 1500/1573/1500 1508/1577/1508 1509/1895/1509 1492/1571/1492
f 1492/1571/1492 1509/1895/1509 1510/1582/1510 1493/1564/1493
f 1501/1581/1501 1514/1580/1514 1515/1591/1515 1502/1893/1502
f 1501/1581/1501 1493/1564/1493 1510/1582/1510
f 1496/1565/1496 1504/1574/1504 1511/1583/1511
f 1497/1566/1497 1503/1592/1503 1512/1579/1512
f 1505/1575/1505 1507/1576/1507 1513/1585/1513
f 1508/1577/1508 1505/1578/1505 1513/1588/1513
f 1517/1896/1517 1518/1586/1518 1507/1576/1507 1506/1894/1506
f 1503/1590/1503 1502/1893/1502 1515/1591/1515
f 1504/1574/1504 1512/1579/1512 1516/1584/1516
f 1506/1894/1506 1511/1583/1511 1517/1896/1517
f 1508/1577/1508 1519/1587/1519 1520/1897/1520 1509/1895/1509
f 1531/1605/1531 1525/1898/1525 1517/1896/1517 1511/1583/1511
f 1510/1582/1510 1509/1895/1509 1520/1897/1520
f 1512/1579/1512 1521/1593/1521 1522/1594/1522
f 1513/1585/1513 1518/1586/1518 1523/1596/1523
f 1519/1587/1519 1513/1588/1513 1523/1599/1523
f 1521/1589/1521 1515/1591/1515 1524/1595/1524
f 1525/1898/1525 1526/1597/1526 1518/1586/1518 1517/1896/1517
f 1519/1587/1519 1527/1598/1527 1528/1899/1528 1520/1897/1520
f 1520/1897/1520 1528/1899/1528 1529/1604/1529 1510/1582/1510
f 1514/1580/1514 1534/1603/1534 1535/1612/1535 1524/1595/1524
f 1514/1580/1514 1510/1582/1510 1529/1604/1529
f 1511/1583/1511 1516/1584/1516 1531/1605/1531
f 1522/1594/1522 1530/1601/1530 1532/1602/1532
f 1523/1596/1523 1526/1597/1526 1533/1607/1533
f 1527/1598/1527 1523/1599/1523 1533/1610/1533
f 1537/1900/1537 1538/1608/1538 1526/1597/1526 1525/1898/1525
f 1530/1600/1530 1524/1595/1524 1535/1612/1535
f 1516/1584/1516 1532/1602/1532 1536/1606/1536
f 1525/1898/1525 1531/1605/1531 1537/1900/1537
f 1527/1598/1527 1539/1609/1539 1540/1901/1540 1528/1899/1528
f 1534/1603/1534 1544/1615/1544 1545/1622/1545 1535/1612/1535
f 1529/1604/1529 1528/1899/1528 1540/1901/1540
f 1532/1602/1532 1541/1613/1541 1542/1614/1542
f 1533/1607/1533 1538/1608/1538 1543/1617/1543
f 1539/1609/1539 1533/1610/1533 1543/1620/1543
f 1553/1627/1553 1547/1902/1547 1537/1900/1537 1531/1605/1531
f 1541/1611/1541 1535/1612/1535 1545/1622/1545
f 1536/1606/1536 1542/1614/1542 1546/1616/1546
f 1547/1902/1547 1548/1618/1548 1538/1608/1538 1537/1900/1537
f 1539/1609/1539 1549/1619/1549 1550/1903/1550 1540/1901/1540
f 1540/1901/1540 1550/1903/1550 1551/1626/1551 1529/1604/1529
f 1544/1615/1544 1556/1625/1556 1557/1634/1557 1545/1622/1545
f 1544/1615/1544 1529/1604/1529 1551/1626/1551
f 1531/1605/1531 1546/1616/1546 1553/1627/1553
f 1542/1614/1542 1552/1623/1552 1554/1624/1554
f 1543/1617/1543 1548/1618/1548 1555/1629/1555
f 1549/1619/1549 1543/1620/1543 1555/1632/1555
f 1559/1904/1559 1560/1630/1560 1548/1618/1548 1547/1902/1547
f 1552/1621/1552 1545/1622/1545 1557/1634/1557
f 1546/1616/1546 1554/1624/1554 1558/1628/1558
f 1547/1902/1547 1553/1627/1553 1559/1904/1559
f 1549/1619/1549 1561/1631/1561 1562/1905/1562 1550/1903/1550
f 1556/1625/1556 1566/1637/1566 1567/1644/1567 1557/1634/1557
f 1551/1626/1551 1550/1903/1550 1562/1905/1562
f 1554/1624/1554 1563/1635/1563 1564/1636/1564
f 1555/1629/1555 1560/1630/1560 1565/1639/1565
f 1561/1631/1561 1555/1632/1555 1565/1642/1565
f 1575/1650/1575 1569/1906/1569 1559/1904/1559 1553/1627/1553
f 1563/1633/1563 1557/1634/1557 1567/1644/1567
f 1558/1628/1558 1564/1636/1564 1568/1638/1568
f 1569/1906/1569 1570/1640/1570 1560/1630/1560 1559/1904/1559
f 1561/1631/1561 1571/1641/1571 1572/1907/1572 1562/1905/1562
f 1562/1905/1562 1572/1907/1572 1573/1649/1573 1551/1626/1551
f 1566/1637/1566 1579/1648/1579 1580/1657/1580 1567/1644/1567
f 1566/1637/1566 1551/1626/1551 1573/1649/1573
f 1553/1627/1553 1568/1638/1568 1575/1650/1575
f 1565/1639/1565 1570/1640/1570 1576/1908/1576
f 1571/1641/1571 1565/1642/1565 1576/1909/1576
f 1564/1636/1564 1574/1645/1574 1577/1647/1577
f 1576/1908/1576 1570/1640/1570 1578/1652/1578
f 1571/1641/1571 1576/1909/1576 1578/1655/1578
f 1588/1666/1588 1582/1910/1582 1569/1906/1569 1575/1650/1575
f 1574/1643/1574 1567/1644/1567 1580/1657/1580
f 1568/1638/1568 1577/1647/1577 1581/1651/1581
f 1582/1910/1582 1583/1653/1583 1570/1640/1570 1569/1906/1569
f 1571/1641/1571 1584/1654/1584 1585/1911/1585 1572/1907/1572
f 1572/1907/1572 1585/1911/1585 1586/1665/1586 1573/1649/1573
f 1579/1648/1579 1594/1664/1594 1595/1673/1595 1580/1657/1580
f 1579/1648/1579 1573/1649/1573 1586/1665/1586
f 1575/1650/1575 1581/1651/1581 1588/1666/1588
f 1578/1652/1578 1583/1653/1583 1589/1659/1589
f 1584/1654/1584 1578/1655/1578 1589/1662/1589
f 1583/1653/1583 1582/1910/1582 1590/1660/1590
f 1585/1911/1585 1584/1654/1584 1591/1661/1591
f 1577/1647/1577 1587/1658/1587 1592/1663/1592
f 1589/1659/1589 1590/1660/1590 1593/1668/1593
f 1591/1661/1591 1589/1662/1589 1593/1671/1593
f 1603/1682/1603 1597/1912/1597 1582/1910/1582 1588/1666/1588
f 1587/1656/1587 1580/1657/1580 1595/1673/1595
f 1581/1651/1581 1592/1663/1592 1596/1667/1596
f 1597/1912/1597 1598/1669/1598 1590/1660/1590 1582/1910/1582
f 1591/1661/1591 1599/1670/1599 1600/1913/1600 1585/1911/1585
f 1585/1911/1585 1600/1913/1600 1601/1681/1601 1586/1665/1586
f 1605/1914/1605 1606/1676/1606 1598/1669/1598 1597/1912/1597
f 1594/1664/1594 1586/1665/1586 1601/1681/1601
f 1588/1666/1588 1596/1667/1596 1603/1682/1603
f 1593/1668/1593 1598/1669/1598 1604/1675/1604
f 1599/1670/1599 1593/1671/1593 1604/1678/1604
f 1597/1912/1597 1603/1682/1603 1605/1914/1605
f 1599/1670/1599 1607/1677/1607 1608/1915/1608 1600/1913/1600
f 1594/1664/1594 1611/1680/1611 1612/1689/1612 1595/1673/1595
f 1601/1681/1601 1600/1913/1600 1608/1915/1608
f 1592/1663/1592 1602/1674/1602 1609/1679/1609
f 1604/1675/1604 1606/1676/1606 1610/1684/1610
f 1607/1677/1607 1604/1678/1604 1610/1687/1610
f 1621/1700/1621 1614/1699/1614 1605/1914/1605 1603/1682/1603
f 1602/1672/1602 1595/1673/1595 1612/1689/1612
f 1596/1667/1596 1609/1679/1609 1613/1683/1613
f 1614/1699/1614 1615/1685/1615 1606/1676/1606 1605/1914/1605
f 1607/1677/1607 1616/1686/1616 1617/1704/1617 1608/1915/1608
f 1608/1915/1608 1617/1704/1617 1618/1703/1618 1601/1681/1601
f 1619/1916/1619 1620/1690/1620 1609/1679/1609 1602/1674/1602
f 1611/1680/1611 1601/1681/1601 1618/1703/1618
f 1626/1917/1626 1627/1697/1627 1620/1690/1620 1619/1916/1619
f 1603/1682/1603 1613/1683/1613 1621/1700/1621
f 1610/1684/1610 1615/1685/1615 1622/1692/1622
f 1616/1686/1616 1610/1687/1610 1622/1695/1622
f 1619/1688/1619 1612/1689/1612 1623/1691/1623
f 1615/1685/1615 1614/1699/1614 1624/1693/1624
f 1617/1704/1617 1616/1686/1616 1625/1694/1625
f 1631/1710/1631 1632/1706/1632 1623/1691/1623 1611/1680/1611
f 1624/1693/1624 1614/1699/1614 1628/1698/1628
f 1617/1704/1617 1625/1694/1625 1630/1705/1630
f 1611/1680/1611 1618/1703/1618 1631/1710/1631
f 1626/1917/1626 1637/1918/1637 1638/1720/1638 1627/1697/1627
f 1621/1700/1621 1613/1683/1613 1633/1707/1633
f 1628/1698/1628 1621/1700/1621 1639/1712/1639
f 1629/1701/1629 1624/1693/1624 1634/1708/1634
f 1625/1694/1625 1629/1702/1629 1635/1709/1635
f 1618/1703/1618 1630/1705/1630 1636/1711/1636
f 1626/1696/1626 1632/1706/1632 1637/1717/1637
f 1643/1919/1643 1644/1718/1644 1632/1706/1632 1631/1710/1631
f 1633/1707/1633 1627/1697/1627 1638/1720/1638
f 1634/1708/1634 1628/1698/1628 1640/1713/1640
f 1630/1705/1630 1635/1709/1635 1642/1716/1642
f 1631/1710/1631 1636/1711/1636 1643/1919/1643
f 1634/1708/1634 1646/1721/1646 1647/1920/1647 1641/1714/1641
f 1639/1712/1639 1633/1707/1633 1645/1719/1645
f 1647/1921/1647 1648/1722/1648 1635/1709/1635 1641/1715/1641
f 1637/1918/1637 1649/1922/1649 1650/1923/1650 1638/1720/1638
f 1637/1717/1637 1644/1718/1644 1649/1924/1649
f 1645/1719/1645 1638/1720/1638 1650/1923/1650
f 1639/1925/1639 1645/1926/1645 1650/1927/1650 1649/1928/1649 1644/1929/1644 1643/1930/1643 1636/1931/1636 1642/1932/1642 1648/1933/1648 1647/1934/1647 1646/1935/1646 1640/1936/1640
f 1271/1937/1271 1270/1938/1270 1269/1939/1269 1268/1940/1268 1267/1941/1267 1266/1942/1266 1265/1943/1265 1264/1944/1264 1263/1945/1263 1262/1946/1262 1261/1947/1261 1272/1948/1272
f 1651/1949/1651 1665/1950/1663 1656/1951/1655
f 1664/1952/1662 1938/1953/1865 1673/1954/993
f 1662/1955/1660 1661/1956/1659 1653/1957/973 1654/1958/1653
f 1652/1959/1652 1660/1960/1658 1659/1961/979
f 1837/1962/1792 1680/1963/1000 1940/1964/1260
f 1930/1965/1857 1656/1951/1655 1681/1966/1001
f 1665/1950/1663 1657/1967/1656 1666/1968/1664
f 1671/1969/1668 1664/1952/1662 1672/1970/1669
f 1674/1971/1670 1667/1972/987 1683/1973/1676
f 1681/1966/1001 1665/1950/1663 1692/1974/1683
f 1671/1969/1668 1688/1975/1008 1678/1976/998
f 1930/1965/1857 1691/1977/1011 1700/1978/1020
f 1692/1974/1683 1666/1968/1664 1682/1979/1675
f 1690/1980/1682 1679/1981/1674 1699/1982/1689
f 1675/1983/1671 1684/1984/1677 1683/1973/1676
f 1693/1985/1013 1683/1973/1676 1694/1986/1684
f 1699/1982/1689 1680/1963/1000 1736/1987/1707
f 1837/1962/1792 1736/1987/1707 1680/1963/1000
f 1691/1977/1011 1681/1966/1001 1711/1988/1697
f 1711/1988/1697 1692/1974/1683 1712/1989/1032
f 1710/1990/1696 1699/1982/1689 1728/1991/1048
f 1702/1992/1691 1703/1993/1692 1713/1994/1698
f 1712/1989/1032 1701/1995/1690 1718/1996/1700
f 1702/1992/1691 1719/1997/1701 1718/1996/1700
f 1711/1988/1697 1729/1998/1705 1691/1977/1011
f 1727/1999/1704 1728/1991/1048 1746/2000/1715
f 1691/1977/1011 1764/2001/1084 1700/1978/1020
f 1730/2002/1050 1718/1996/1700 1737/2003/1708
f 1730/2002/1050 1747/2004/1067 1729/1998/1705
f 1727/1999/1704 1754/2005/1722 1745/2006/1065
f 1738/2007/1709 1731/2008/1706 1739/2009/1710
f 1736/1987/1707 1798/2010/1757 1746/2000/1715
f 1837/1962/1792 1798/2010/1757 1736/1987/1707
f 1747/2004/1067 1737/2003/1708 1755/2011/1723
f 1754/2005/1722 1746/2000/1715 1763/2012/1730
f 1762/2013/1729 1753/2014/1721 1772/2015/1738
f 1756/2016/1724 1748/2017/1716 1757/2018/1725
f 1764/2001/1084 1729/1998/1705 1780/2019/1100
f 1747/2004/1067 1781/2020/1746 1780/2019/1100
f 1765/2021/1731 1783/2022/1103 1774/2023/1740
f 1764/2001/1084 1810/2024/1130 1700/1978/1020
f 1781/2020/1746 1774/2023/1740 1782/2025/1747
f 1783/2022/1103 1775/2026/1741 1784/2027/1104
f 1810/2024/1130 1780/2019/1100 1799/2028/1758
f 1802/2029/1761 1793/2030/1755 1803/2031/1762
f 1817/2032/1774 1798/2010/1757 1867/2033/1187
f 1837/1962/1792 1867/2033/1187 1798/2010/1757
f 1799/2028/1758 1829/2034/1785 1810/2024/1130
f 1816/2035/1773 1828/2036/1784 1827/2037/1783
f 1820/2038/1776 1811/2039/1768 1821/2040/1777
f 1810/2024/1130 1856/2041/1806 1700/1978/1020
f 1829/2034/1785 1818/2042/1138 1838/2043/1793
f 1846/2044/1801 1835/2045/1155 1855/2046/1805
f 1840/2047/1795 1830/2048/1786 1841/2049/1796
f 1856/2041/1806 1829/2034/1785 1848/2050/1802
f 1864/2051/1811 1855/2046/1805 1865/2052/1812
f 1849/2053/1803 1869/2054/1815 1858/2055/1808
f 1856/2041/1806 1911/2056/1231 1700/1978/1020
f 1837/1962/1792 1901/2057/1221 1867/2033/1187
f 1857/2058/1807 1868/2059/1814 1848/2050/1802
f 1869/2054/1815 1859/2060/1809 1870/2061/1190
f 1869/2054/1815 1886/2062/1206 1876/2063/1196
f 1911/2056/1231 1848/2050/1802 1884/2064/1821
f 1868/2059/1814 1876/2063/1196 1885/2065/1822
f 1892/2066/1826 1882/2067/1819 1900/2068/1831
f 1886/2062/1206 1877/2069/1817 1887/2070/1823
f 1893/2071/1213 1883/2072/1820 1910/2073/1840
f 1886/2062/1206 1894/2074/1827 1885/2065/1822
f 1893/2071/1213 1920/2075/1848 1900/2068/1831
f 1884/2064/1821 1912/2076/1841 1911/2056/1231
f 1837/1962/1792 1940/1964/1260 1901/2057/1221
f 1913/2077/1233 1885/2065/1822 1902/2078/1832
f 1908/2079/1838 1900/2068/1831 1909/2080/1839
f 1910/2073/1840 1901/2057/1221 1940/1964/1260
f 1914/2081/1842 1903/2082/1833 1915/2083/1843
f 1920/2075/1848 1910/2073/1840 1939/2084/1259
f 1913/2077/1233 1902/2078/1832 1921/2085/1849
f 1928/2086/1248 1909/2080/1839 1929/2087/1856
f 1914/2081/1842 1922/2088/1850 1921/2085/1849
f 1911/2056/1231 1930/1965/1857 1700/1978/1020
f 1922/2088/1850 1923/2089/1851 1932/2090/1859
f 1651/1949/1651 1921/2085/1849 1931/2091/1858
f 1931/2091/1858 1657/1967/1656 1651/1949/1651
f 1655/2092/1654 1929/2087/1856 1664/1952/1662
f 1663/2093/1661 1662/1955/1660 1654/1958/1653 1937/2094/1864
f 1671/1969/1668 1663/2093/1661 1937/2094/1864 1655/2092/1654
f 1679/1981/1674 1673/1954/993 1938/1953/1865 1939/2084/1259
f 1657/1967/1656 1665/1950/1663 1651/1949/1651
f 1655/2092/1654 1664/1952/1662 1671/1969/1668
f 1680/1963/1000 1679/1981/1674 1939/2084/1259 1940/1964/1260
f 1661/2095/1659 1660/1960/1658 1652/1959/1652 1653/2096/973
f 1669/2097/1666 1668/2098/1665 1660/1960/1658 1661/2095/1659
f 1670/2099/1667 1669/2100/1666 1661/1956/1659 1662/1955/1660
f 1678/1976/998 1670/2099/1667 1662/1955/1660 1663/2093/1661
f 1674/1971/1670 1666/1968/1664 1657/1967/1656 1658/2101/1657
f 1656/1951/1655 1665/1950/1663 1681/1966/1001
f 1663/2093/1661 1671/1969/1668 1678/1976/998
f 1667/1972/987 1674/1971/1670 1658/2101/1657 1659/1961/979
f 1673/1954/993 1672/1970/1669 1664/1952/1662
f 1667/1972/987 1659/1961/979 1660/1960/1658 1668/2098/1665
f 1688/1975/1008 1671/1969/1668 1672/1970/1669 1689/2102/1681
f 1689/2102/1681 1672/1970/1669 1673/1954/993 1690/1980/1682
f 1675/1983/1671 1683/1973/1676 1667/1972/987 1668/2098/1665
f 1673/1954/993 1679/1981/1674 1690/1980/1682
f 1676/2103/1672 1675/1983/1671 1668/2098/1665 1669/2097/1666
f 1676/2104/1672 1669/2100/1666 1670/2099/1667 1677/2105/1673
f 1686/2106/1679 1685/2107/1678 1676/2104/1672 1677/2105/1673
f 1670/2099/1667 1678/1976/998 1677/2105/1673
f 1665/1950/1663 1666/1968/1664 1692/1974/1683
f 1687/2108/1680 1686/2106/1679 1677/2105/1673 1678/1976/998
f 1930/1965/1857 1681/1966/1001 1691/1977/1011
f 1693/1985/1013 1682/1979/1675 1666/1968/1664 1674/1971/1670
f 1688/1975/1008 1687/2108/1680 1678/1976/998
f 1684/1984/1677 1675/1983/1671 1676/2103/1672 1685/2109/1678
f 1674/1971/1670 1683/1973/1676 1693/1985/1013
f 1679/1981/1674 1680/1963/1000 1699/1982/1689
f 1710/1990/1696 1709/2110/1029 1689/2102/1681 1690/1980/1682
f 1694/1986/1684 1683/1973/1676 1684/1984/1677 1695/2111/1685
f 1699/1982/1689 1710/1990/1696 1690/1980/1682
f 1695/2111/1685 1684/1984/1677 1685/2109/1678 1696/2112/1686
f 1697/2113/1687 1696/2114/1686 1685/2107/1678 1686/2106/1679
f 1698/2115/1688 1697/2113/1687 1686/2106/1679 1687/2108/1680
f 1698/2115/1688 1687/2108/1680 1688/1975/1008 1708/2116/1028
f 1681/1966/1001 1692/1974/1683 1711/1988/1697
f 1709/2110/1029 1708/2116/1028 1688/1975/1008 1689/2102/1681
f 1706/2117/1695 1705/2118/1694 1696/2114/1686 1697/2113/1687
f 1707/2119/1027 1706/2117/1695 1697/2113/1687 1698/2115/1688
f 1701/1995/1690 1712/1989/1032 1692/1974/1683 1682/1979/1675
f 1708/2116/1028 1707/2119/1027 1698/2115/1688
f 1701/1995/1690 1682/1979/1675 1693/1985/1013 1702/1992/1691
f 1703/1993/1692 1702/1992/1691 1693/1985/1013 1694/1986/1684
f 1703/1993/1692 1694/1986/1684 1695/2111/1685 1704/2120/1693
f 1704/2120/1693 1695/2111/1685 1696/2112/1686 1705/2121/1694
f 1736/1987/1707 1728/1991/1048 1699/1982/1689
f 1726/2122/1703 1709/2110/1029 1710/1990/1696 1727/1999/1704
f 1713/1994/1698 1703/1993/1692 1704/2120/1693 1714/2123/1034
f 1728/1991/1048 1727/1999/1704 1710/1990/1696
f 1714/2123/1034 1704/2120/1693 1705/2121/1694 1715/2124/1035
f 1716/2125/1036 1715/2126/1035 1705/2118/1694 1706/2117/1695
f 1717/2127/1699 1716/2125/1036 1706/2117/1695 1707/2119/1027
f 1717/2127/1699 1707/2119/1027 1708/2116/1028 1725/2128/1045
f 1726/2122/1703 1725/2128/1045 1708/2116/1028 1709/2110/1029
f 1724/2129/1044 1723/2130/1043 1716/2125/1036 1717/2127/1699
f 1702/1992/1691 1718/1996/1700 1701/1995/1690
f 1730/2002/1050 1729/1998/1705 1711/1988/1697 1712/1989/1032
f 1720/2131/1702 1719/1997/1701 1702/1992/1691 1713/1994/1698
f 1725/2128/1045 1724/2129/1044 1717/2127/1699
f 1712/1989/1032 1718/1996/1700 1730/2002/1050
f 1720/2131/1702 1713/1994/1698 1714/2123/1034 1721/2132/1041
f 1721/2132/1041 1714/2123/1034 1715/2124/1035 1722/2133/1042
f 1723/2130/1043 1722/2134/1042 1715/2126/1035 1716/2125/1036
f 1731/2008/1706 1720/2131/1702 1721/2132/1041 1732/2135/1052
f 1732/2135/1052 1721/2132/1041 1722/2133/1042 1733/2136/1053
f 1728/1991/1048 1736/1987/1707 1746/2000/1715
f 1734/2137/1054 1733/2138/1053 1722/2134/1042 1723/2130/1043
f 1735/2139/1055 1734/2137/1054 1723/2130/1043 1724/2129/1044
f 1691/1977/1011 1729/1998/1705 1764/2001/1084
f 1735/2139/1055 1724/2129/1044 1725/2128/1045 1744/2140/1714
f 1745/2006/1065 1744/2140/1714 1725/2128/1045 1726/2122/1703
f 1737/2003/1708 1718/1996/1700 1719/1997/1701 1738/2007/1709
f 1731/2008/1706 1738/2007/1709 1719/1997/1701 1720/2131/1702
f 1727/1999/1704 1745/2006/1065 1726/2122/1703
f 1739/2009/1710 1731/2008/1706 1732/2135/1052 1740/2141/1711
f 1744/2140/1714 1743/2142/1713 1735/2139/1055
f 1730/2002/1050 1737/2003/1708 1747/2004/1067
f 1727/1999/1704 1746/2000/1715 1754/2005/1722
f 1740/2141/1711 1732/2135/1052 1733/2136/1053 1741/2143/1712
f 1742/2144/1062 1741/2145/1712 1733/2138/1053 1734/2137/1054
f 1743/2142/1713 1742/2144/1062 1734/2137/1054 1735/2139/1055
f 1748/2017/1716 1739/2009/1710 1740/2141/1711 1749/2146/1717
f 1749/2146/1717 1740/2141/1711 1741/2143/1712 1750/2147/1718
f 1746/2000/1715 1798/2010/1757 1763/2012/1730
f 1751/2148/1719 1750/2149/1718 1741/2145/1712 1742/2144/1062
f 1752/2150/1720 1751/2148/1719 1742/2144/1062 1743/2142/1713
f 1752/2150/1720 1743/2142/1713 1744/2140/1714 1762/2013/1729
f 1753/2014/1721 1762/2013/1729 1744/2140/1714 1745/2006/1065
f 1755/2011/1723 1737/2003/1708 1738/2007/1709 1756/2016/1724
f 1748/2017/1716 1756/2016/1724 1738/2007/1709 1739/2009/1710
f 1754/2005/1722 1753/2014/1721 1745/2006/1065
f 1773/2151/1739 1772/2015/1738 1753/2014/1721 1754/2005/1722
f 1762/2013/1729 1761/2152/1728 1752/2150/1720
f 1757/2018/1725 1748/2017/1716 1749/2146/1717 1758/2153/1726
f 1763/2012/1730 1773/2151/1739 1754/2005/1722
f 1758/2153/1726 1749/2146/1717 1750/2147/1718 1759/2154/1079
f 1760/2155/1727 1759/2156/1079 1750/2149/1718 1751/2148/1719
f 1761/2152/1728 1760/2155/1727 1751/2148/1719 1752/2150/1720
f 1767/2157/1733 1758/2153/1726 1759/2154/1079 1768/2158/1734
f 1729/1998/1705 1747/2004/1067 1780/2019/1100
f 1769/2159/1735 1768/2160/1734 1759/2156/1079 1760/2155/1727
f 1770/2161/1736 1769/2159/1735 1760/2155/1727 1761/2152/1728
f 1770/2161/1736 1761/2152/1728 1762/2013/1729 1771/2162/1737
f 1774/2023/1740 1781/2020/1746 1747/2004/1067 1755/2011/1723
f 1774/2023/1740 1755/2011/1723 1756/2016/1724 1765/2021/1731
f 1762/2013/1729 1772/2015/1738 1771/2162/1737
f 1766/2163/1732 1765/2021/1731 1756/2016/1724 1757/2018/1725
f 1766/2163/1732 1757/2018/1725 1758/2153/1726 1767/2157/1733
f 1790/2164/1752 1789/2165/1751 1771/2162/1737 1772/2015/1738
f 1790/2164/1752 1772/2015/1738 1773/2151/1739 1791/2166/1753
f 1775/2026/1741 1783/2022/1103 1765/2021/1731 1766/2163/1732
f 1792/2167/1754 1791/2166/1753 1773/2151/1739 1763/2012/1730
f 1775/2026/1741 1766/2163/1732 1767/2157/1733 1776/2168/1742
f 1776/2168/1742 1767/2157/1733 1768/2158/1734 1777/2169/1743
f 1763/2012/1730 1798/2010/1757 1792/2167/1754
f 1778/2170/1744 1777/2171/1743 1768/2160/1734 1769/2159/1735
f 1779/2172/1745 1778/2170/1744 1769/2159/1735 1770/2161/1736
f 1764/2001/1084 1780/2019/1100 1810/2024/1130
f 1779/2172/1745 1770/2161/1736 1771/2162/1737 1789/2165/1751
f 1785/2173/1748 1776/2168/1742 1777/2169/1743 1786/2174/1749
f 1787/2175/1750 1786/2176/1749 1777/2171/1743 1778/2170/1744
f 1788/2177/1108 1787/2175/1750 1778/2170/1744 1779/2172/1745
f 1784/2027/1104 1775/2026/1741 1776/2168/1742 1785/2173/1748
f 1789/2165/1751 1788/2177/1108 1779/2172/1745
f 1783/2022/1103 1782/2025/1747 1774/2023/1740
f 1809/2178/1767 1808/2179/1766 1789/2165/1751 1790/2164/1752
f 1801/2180/1760 1782/2025/1747 1783/2022/1103 1802/2029/1761
f 1809/2178/1767 1790/2164/1752 1791/2166/1753 1816/2035/1773
f 1793/2030/1755 1802/2029/1761 1783/2022/1103 1784/2027/1104
f 1817/2032/1774 1816/2035/1773 1791/2166/1753 1792/2167/1754
f 1793/2030/1755 1784/2027/1104 1785/2173/1748 1794/2181/1114
f 1794/2181/1114 1785/2173/1748 1786/2174/1749 1795/2182/1115
f 1798/2010/1757 1817/2032/1774 1792/2167/1754
f 1796/2183/1116 1795/2184/1115 1786/2176/1749 1787/2175/1750
f 1797/2185/1756 1796/2183/1116 1787/2175/1750 1788/2177/1108
f 1799/2028/1758 1780/2019/1100 1781/2020/1746 1800/2186/1759
f 1797/2185/1756 1788/2177/1108 1789/2165/1751 1808/2179/1766
f 1801/2180/1760 1800/2186/1759 1781/2020/1746 1782/2025/1747
f 1806/2187/1764 1805/2188/1125 1795/2184/1115 1796/2183/1116
f 1807/2189/1765 1806/2187/1764 1796/2183/1116 1797/2185/1756
f 1803/2031/1762 1793/2030/1755 1794/2181/1114 1804/2190/1763
f 1808/2179/1766 1807/2189/1765 1797/2185/1756
f 1804/2190/1763 1794/2181/1114 1795/2182/1115 1805/2191/1125
f 1811/2039/1768 1820/2038/1776 1802/2029/1761 1803/2031/1762
f 1816/2035/1773 1827/2037/1783 1809/2178/1767
f 1811/2039/1768 1803/2031/1762 1804/2190/1763 1812/2192/1769
f 1812/2192/1769 1804/2190/1763 1805/2191/1125 1813/2193/1770
f 1814/2194/1771 1813/2195/1770 1805/2188/1125 1806/2187/1764
f 1815/2196/1772 1814/2194/1771 1806/2187/1764 1807/2189/1765
f 1818/2042/1138 1829/2034/1785 1799/2028/1758 1800/2186/1759
f 1815/2196/1772 1807/2189/1765 1808/2179/1766 1826/2197/1782
f 1819/2198/1775 1818/2042/1138 1800/2186/1759 1801/2180/1760
f 1827/2037/1783 1826/2197/1782 1808/2179/1766 1809/2178/1767
f 1819/2198/1775 1801/2180/1760 1802/2029/1761 1820/2038/1776
f 1825/2199/1781 1824/2200/1780 1814/2194/1771 1815/2196/1772
f 1836/2201/1791 1828/2036/1784 1816/2035/1773 1817/2032/1774
f 1826/2197/1782 1825/2199/1781 1815/2196/1772
f 1821/2040/1777 1811/2039/1768 1812/2192/1769 1822/2202/1778
f 1822/2202/1778 1812/2192/1769 1813/2193/1770 1823/2203/1779
f 1867/2033/1187 1836/2201/1791 1817/2032/1774
f 1824/2200/1780 1823/2204/1779 1813/2195/1770 1814/2194/1771
f 1830/2048/1786 1840/2047/1795 1820/2038/1776 1821/2040/1777
f 1830/2048/1786 1821/2040/1777 1822/2202/1778 1831/2205/1787
f 1831/2205/1787 1822/2202/1778 1823/2203/1779 1832/2206/1788
f 1833/2207/1789 1832/2208/1788 1823/2204/1779 1824/2200/1780
f 1834/2209/1790 1833/2207/1789 1824/2200/1780 1825/2199/1781
f 1810/2024/1130 1829/2034/1785 1856/2041/1806
f 1834/2209/1790 1825/2199/1781 1826/2197/1782 1846/2044/1801
f 1839/2210/1794 1838/2043/1793 1818/2042/1138 1819/2198/1775
f 1835/2045/1155 1846/2044/1801 1826/2197/1782 1827/2037/1783
f 1839/2210/1794 1819/2198/1775 1820/2038/1776 1840/2047/1795
f 1845/2211/1800 1844/2212/1799 1833/2207/1789 1834/2209/1790
f 1828/2036/1784 1835/2045/1155 1827/2037/1783
f 1855/2046/1805 1835/2045/1155 1828/2036/1784 1847/2213/1167
f 1846/2044/1801 1845/2211/1800 1834/2209/1790
f 1866/2214/1813 1847/2213/1167 1828/2036/1784 1836/2201/1791
f 1841/2049/1796 1830/2048/1786 1831/2205/1787 1842/2215/1797
f 1842/2215/1797 1831/2205/1787 1832/2206/1788 1843/2216/1798
f 1836/2201/1791 1867/2033/1187 1866/2214/1813
f 1844/2212/1799 1843/2217/1798 1832/2208/1788 1833/2207/1789
f 1850/2218/1170 1841/2049/1796 1842/2215/1797 1851/2219/1171
f 1851/2219/1171 1842/2215/1797 1843/2216/1798 1852/2220/1804
f 1853/2221/1173 1852/2222/1804 1843/2217/1798 1844/2212/1799
f 1854/2223/1174 1853/2221/1173 1844/2212/1799 1845/2211/1800
f 1857/2058/1807 1848/2050/1802 1829/2034/1785 1838/2043/1793
f 1854/2223/1174 1845/2211/1800 1846/2044/1801 1864/2051/1811
f 1858/2055/1808 1857/2058/1807 1838/2043/1793 1839/2210/1794
f 1849/2053/1803 1858/2055/1808 1839/2210/1794 1840/2047/1795
f 1846/2044/1801 1855/2046/1805 1864/2051/1811
f 1850/2218/1170 1849/2053/1803 1840/2047/1795 1841/2049/1796
f 1859/2060/1809 1869/2054/1815 1849/2053/1803 1850/2218/1170
f 1864/2051/1811 1863/2224/1183 1854/2223/1174
f 1847/2213/1167 1865/2052/1812 1855/2046/1805
f 1859/2060/1809 1850/2218/1170 1851/2219/1171 1860/2225/1180
f 1860/2225/1180 1851/2219/1171 1852/2220/1804 1861/2226/1181
f 1862/2227/1810 1861/2228/1181 1852/2222/1804 1853/2221/1173
f 1863/2224/1183 1862/2227/1810 1853/2221/1173 1854/2223/1174
f 1870/2061/1190 1859/2060/1809 1860/2225/1180 1871/2229/1191
f 1901/2057/1221 1883/2072/1820 1866/2214/1813 1867/2033/1187
f 1871/2229/1191 1860/2225/1180 1861/2226/1181 1872/2230/1192
f 1873/2231/1816 1872/2232/1192 1861/2228/1181 1862/2227/1810
f 1874/2233/1194 1873/2231/1816 1862/2227/1810 1863/2224/1183
f 1856/2041/1806 1848/2050/1802 1911/2056/1231
f 1874/2233/1194 1863/2224/1183 1864/2051/1811 1875/2234/1195
f 1876/2063/1196 1868/2059/1814 1857/2058/1807 1858/2055/1808
f 1882/2067/1819 1875/2234/1195 1864/2051/1811 1865/2052/1812
f 1882/2067/1819 1865/2052/1812 1847/2213/1167 1893/2071/1213
f 1869/2054/1815 1876/2063/1196 1858/2055/1808
f 1883/2072/1820 1893/2071/1213 1847/2213/1167 1866/2214/1813
f 1881/2235/1818 1874/2233/1194 1875/2234/1195 1892/2066/1826
f 1877/2069/1817 1886/2062/1206 1869/2054/1815 1870/2061/1190
f 1875/2234/1195 1882/2067/1819 1892/2066/1826
f 1877/2069/1817 1870/2061/1190 1871/2229/1191 1878/2236/1198
f 1878/2236/1198 1871/2229/1191 1872/2230/1192 1879/2237/1199
f 1880/2238/1200 1879/2239/1199 1872/2232/1192 1873/2231/1816
f 1881/2235/1818 1880/2238/1200 1873/2231/1816 1874/2233/1194
f 1888/2240/1208 1878/2236/1198 1879/2237/1199 1889/2241/1824
f 1868/2059/1814 1884/2064/1821 1848/2050/1802
f 1883/2072/1820 1901/2057/1221 1910/2073/1840
f 1890/2242/1210 1889/2243/1824 1879/2239/1199 1880/2238/1200
f 1891/2244/1825 1890/2242/1210 1880/2238/1200 1881/2235/1818
f 1887/2070/1823 1877/2069/1817 1878/2236/1198 1888/2240/1208
f 1892/2066/1826 1891/2244/1825 1881/2235/1818
f 1886/2062/1206 1885/2065/1822 1876/2063/1196
f 1893/2071/1213 1900/2068/1831 1882/2067/1819
f 1895/2245/1828 1894/2074/1827 1886/2062/1206 1887/2070/1823
f 1892/2066/1826 1900/2068/1831 1908/2079/1838
f 1895/2245/1828 1887/2070/1823 1888/2240/1208 1896/2246/1216
f 1910/2073/1840 1920/2075/1848 1893/2071/1213
f 1896/2246/1216 1888/2240/1208 1889/2241/1824 1897/2247/1829
f 1898/2248/1218 1897/2249/1829 1889/2243/1824 1890/2242/1210
f 1899/2250/1830 1898/2248/1218 1890/2242/1210 1891/2244/1825
f 1913/2077/1233 1912/2076/1841 1884/2064/1821 1868/2059/1814
f 1899/2250/1830 1891/2244/1825 1892/2066/1826 1908/2079/1838
f 1906/2251/1836 1905/2252/1835 1897/2249/1829 1898/2248/1218
f 1868/2059/1814 1885/2065/1822 1913/2077/1233
f 1907/2253/1837 1906/2251/1836 1898/2248/1218 1899/2250/1830
f 1902/2078/1832 1885/2065/1822 1894/2074/1827 1914/2081/1842
f 1908/2079/1838 1907/2253/1837 1899/2250/1830
f 1903/2082/1833 1914/2081/1842 1894/2074/1827 1895/2245/1828
f 1920/2075/1848 1909/2080/1839 1900/2068/1831
f 1903/2082/1833 1895/2245/1828 1896/2246/1216 1904/2254/1834
f 1904/2254/1834 1896/2246/1216 1897/2247/1829 1905/2255/1835
f 1915/2083/1843 1903/2082/1833 1904/2254/1834 1916/2256/1844
f 1914/2081/1842 1921/2085/1849 1902/2078/1832
f 1916/2256/1844 1904/2254/1834 1905/2255/1835 1917/2257/1845
f 1910/2073/1840 1940/1964/1260 1939/2084/1259
f 1918/2258/1846 1917/2259/1845 1905/2252/1835 1906/2251/1836
f 1919/2260/1847 1918/2258/1846 1906/2251/1836 1907/2253/1837
f 1919/2260/1847 1907/2253/1837 1908/2079/1838 1928/2086/1248
f 1926/2261/1854 1925/2262/1853 1917/2259/1845 1918/2258/1846
f 1908/2079/1838 1909/2080/1839 1928/2086/1248
f 1930/1965/1857 1911/2056/1231 1912/2076/1841 1656/1951/1655
f 1927/2263/1855 1926/2261/1854 1918/2258/1846 1919/2260/1847
f 1651/1949/1651 1656/1951/1655 1912/2076/1841 1913/2077/1233
f 1929/2087/1856 1909/2080/1839 1920/2075/1848 1938/1953/1865
f 1928/2086/1248 1927/2263/1855 1919/2260/1847
f 1913/2077/1233 1921/2085/1849 1651/1949/1651
f 1923/2089/1851 1922/2088/1850 1914/2081/1842 1915/2083/1843
f 1923/2089/1851 1915/2083/1843 1916/2256/1844 1924/2264/1852
f 1920/2075/1848 1939/2084/1259 1938/1953/1865
f 1924/2264/1852 1916/2256/1844 1917/2257/1845 1925/2265/1853
f 1932/2090/1859 1923/2089/1851 1924/2264/1852 1933/2266/1860
f 1933/2266/1860 1924/2264/1852 1925/2265/1853 1934/2267/1861
f 1935/2268/1862 1934/2269/1861 1925/2262/1853 1926/2261/1854
f 1936/2270/1863 1935/2268/1862 1926/2261/1854 1927/2263/1855
f 1936/2270/1863 1927/2263/1855 1928/2086/1248 1655/2092/1654
f 1937/2094/1864 1654/1958/1653 1935/2268/1862 1936/2270/1863
f 1928/2086/1248 1929/2087/1856 1655/2092/1654
f 1922/2088/1850 1931/2091/1858 1921/2085/1849
f 1657/1967/1656 1931/2091/1858 1922/2088/1850 1658/2101/1657
f 1936/2270/1863 1655/2092/1654 1937/2094/1864
f 1658/2101/1657 1922/2088/1850 1932/2090/1859 1659/1961/979
f 1938/1953/1865 1664/1952/1662 1929/2087/1856
f 1659/1961/979 1932/2090/1859 1933/2266/1860 1652/1959/1652
f 1652/1959/1652 1933/2266/1860 1934/2267/1861 1653/2096/973
f 1654/1958/1653 1653/1957/973 1934/2269/1861 1935/2268/1862
f 1941/2271/1866 1955/2272/1872 1946/2273/976
f 1954/2274/1662 2228/2275/2034 1963/2276/1876
f 1952/2277/1660 1951/2278/981 1943/2279/973 1944/2280/1653
f 1942/2281/1652 1950/2282/1870 1949/2283/979
f 2127/2284/1157 1970/2285/1882 2230/2286/1260
f 2220/2287/1250 1946/2273/976 1971/2288/1883
f 1955/2272/1872 1947/2289/1868 1956/2290/1873
f 1961/2291/1668 1954/2274/1662 1962/2292/1669
f 1964/2293/1670 1957/2294/1874 1973/2295/1885
f 1971/2288/1883 1955/2272/1872 1982/2296/1012
f 1961/2291/1668 1978/2297/1008 1968/2298/1880
f 2220/2287/1250 1981/2299/1011 1990/2300/50
f 1982/2296/1012 1956/2290/1873 1972/2301/1884
f 1980/2302/1889 1969/2303/1881 1989/2304/1689
f 1965/2305/1877 1974/2306/1886 1973/2295/1885
f 1983/2307/1890 1973/2295/1885 1984/2308/1891
f 1989/2304/1689 1970/2285/1882 2026/2309/1904
f 2127/2284/1157 2026/2309/1904 1970/2285/1882
f 1981/2299/1011 1971/2288/1883 2001/2310/1697
f 2001/2310/1697 1982/2296/1012 2002/2311/1898
f 2000/2312/1897 1989/2304/1689 2018/2313/1903
f 1992/2314/1895 1993/2315/1023 2003/2316/1899
f 2002/2311/1898 1991/2317/1894 2008/2318/1900
f 1992/2314/1895 2009/2319/1039 2008/2318/1900
f 2001/2310/1697 2019/2320/1049 1981/2299/1011
f 2017/2321/1902 2018/2313/1903 2036/2322/1912
f 1981/2299/1011 2054/2323/1922 1990/2300/50
f 2020/2324/1050 2008/2318/1900 2027/2325/1905
f 2020/2324/1050 2037/2326/1913 2019/2320/1049
f 2017/2321/1902 2044/2327/1722 2035/2328/1911
f 2028/2329/1906 2021/2330/1706 2029/2331/1907
f 2026/2309/1904 2088/2332/1952 2036/2322/1912
f 2127/2284/1157 2088/2332/1952 2026/2309/1904
f 2037/2326/1913 2027/2325/1905 2045/2333/1915
f 2044/2327/1722 2036/2322/1912 2053/2334/1730
f 2052/2335/1921 2043/2336/1914 2062/2337/1929
f 2046/2338/1916 2038/2339/1068 2047/2340/1917
f 2054/2323/1922 2019/2320/1049 2070/2341/1935
f 2037/2326/1913 2071/2342/1936 2070/2341/1935
f 2055/2343/1923 2073/2344/1938 2064/2345/1930
f 2054/2323/1922 2100/2346/1960 1990/2300/50
f 2071/2342/1936 2064/2345/1930 2072/2347/1937
f 2073/2344/1938 2065/2348/1931 2074/2349/1939
f 2100/2346/1960 2070/2341/1935 2089/2350/1758
f 2092/2351/1955 2083/2352/1948 2093/2353/1762
f 2107/2354/1967 2088/2332/1952 2157/2355/1995
f 2127/2284/1157 2157/2355/1995 2088/2332/1952
f 2089/2350/1758 2119/2356/1149 2100/2346/1960
f 2106/2357/1966 2118/2358/1974 2117/2359/1783
f 2110/2360/1970 2101/2361/1961 2111/2362/1971
f 2100/2346/1960 2146/2363/1806 1990/2300/50
f 2119/2356/1149 2108/2364/1968 2128/2365/1158
f 2136/2366/1984 2125/2367/1979 2145/2368/1175
f 2130/2369/1160 2120/2370/1975 2131/2371/1982
f 2146/2363/1806 2119/2356/1149 2138/2372/1802
f 2154/2373/1994 2145/2368/1175 2155/2374/1185
f 2139/2375/1986 2159/2376/1997 2148/2377/1991
f 2146/2363/1806 2201/2378/2018 1990/2300/50
f 2127/2284/1157 2191/2379/2010 2157/2355/1995
f 2147/2380/1177 2158/2381/1996 2138/2372/1802
f 2159/2376/1997 2149/2382/1992 2160/2383/1190
f 2159/2376/1997 2176/2384/2005 2166/2385/1196
f 2201/2378/2018 2138/2372/1802 2174/2386/1204
f 2158/2381/1996 2166/2385/1196 2175/2387/1205
f 2182/2388/2007 2172/2389/2003 2190/2390/1220
f 2176/2384/2005 2167/2391/2002 2177/2392/2006
f 2183/2393/1213 2173/2394/2004 2200/2395/1230
f 2176/2384/2005 2184/2396/2008 2175/2387/1205
f 2183/2393/1213 2210/2397/1240 2190/2390/1220
f 2174/2386/1204 2202/2398/1841 2201/2378/2018
f 2127/2284/1157 2230/2286/1260 2191/2379/2010
f 2203/2399/2019 2175/2387/1205 2192/2400/2011
f 2198/2401/1228 2190/2390/1220 2199/2402/2017
f 2200/2395/1230 2191/2379/2010 2230/2286/1260
f 2204/2403/2020 2193/2404/2012 2205/2405/2021
f 2210/2397/1240 2200/2395/1230 2229/2406/2035
f 2203/2399/2019 2192/2400/2011 2211/2407/1849
f 2218/2408/2028 2199/2402/2017 2219/2409/2029
f 2204/2403/2020 2212/2410/2024 2211/2407/1849
f 2201/2378/2018 2220/2287/1250 1990/2300/50
f 2212/2410/2024 2213/2411/2025 2222/2412/2031
f 1941/2271/1866 2211/2407/1849 2221/2413/2030
f 2221/2413/2030 1947/2289/1868 1941/2271/1866
f 1945/2414/1867 2219/2409/2029 1954/2274/1662
f 1953/2415/1871 1952/2277/1660 1944/2280/1653 2227/2416/2033
f 1961/2291/1668 1953/2415/1871 2227/2416/2033 1945/2414/1867
f 1969/2303/1881 1963/2276/1876 2228/2275/2034 2229/2406/2035
f 1947/2289/1868 1955/2272/1872 1941/2271/1866
f 1945/2414/1867 1954/2274/1662 1961/2291/1668
f 1970/2285/1882 1969/2303/1881 2229/2406/2035 2230/2286/1260
f 1951/2417/981 1950/2282/1870 1942/2281/1652 1943/2418/973
f 1959/2419/989 1958/2420/1875 1950/2282/1870 1951/2417/981
f 1960/2421/990 1959/2422/989 1951/2278/981 1952/2277/1660
f 1968/2298/1880 1960/2421/990 1952/2277/1660 1953/2415/1871
f 1964/2293/1670 1956/2290/1873 1947/2289/1868 1948/2423/1869
f 1946/2273/976 1955/2272/1872 1971/2288/1883
f 1953/2415/1871 1961/2291/1668 1968/2298/1880
f 1957/2294/1874 1964/2293/1670 1948/2423/1869 1949/2283/979
f 1963/2276/1876 1962/2292/1669 1954/2274/1662
f 1957/2294/1874 1949/2283/979 1950/2282/1870 1958/2420/1875
f 1978/2297/1008 1961/2291/1668 1962/2292/1669 1979/2424/1888
f 1979/2424/1888 1962/2292/1669 1963/2276/1876 1980/2302/1889
f 1965/2305/1877 1973/2295/1885 1957/2294/1874 1958/2420/1875
f 1963/2276/1876 1969/2303/1881 1980/2302/1889
f 1966/2425/1878 1965/2305/1877 1958/2420/1875 1959/2419/989
f 1966/2426/1878 1959/2422/989 1960/2421/990 1967/2427/1879
f 1976/2428/1887 1975/2429/1005 1966/2426/1878 1967/2427/1879
f 1960/2421/990 1968/2298/1880 1967/2427/1879
f 1955/2272/1872 1956/2290/1873 1982/2296/1012
f 1977/2430/1007 1976/2428/1887 1967/2427/1879 1968/2298/1880
f 2220/2287/1250 1971/2288/1883 1981/2299/1011
f 1983/2307/1890 1972/2301/1884 1956/2290/1873 1964/2293/1670
f 1978/2297/1008 1977/2430/1007 1968/2298/1880
f 1974/2306/1886 1965/2305/1877 1966/2425/1878 1975/2431/1005
f 1964/2293/1670 1973/2295/1885 1983/2307/1890
f 1969/2303/1881 1970/2285/1882 1989/2304/1689
f 2000/2312/1897 1999/2432/1029 1979/2424/1888 1980/2302/1889
f 1984/2308/1891 1973/2295/1885 1974/2306/1886 1985/2433/1015
f 1989/2304/1689 2000/2312/1897 1980/2302/1889
f 1985/2433/1015 1974/2306/1886 1975/2431/1005 1986/2434/1892
f 1987/2435/1017 1986/2436/1892 1975/2429/1005 1976/2428/1887
f 1988/2437/1893 1987/2435/1017 1976/2428/1887 1977/2430/1007
f 1988/2437/1893 1977/2430/1007 1978/2297/1008 1998/2438/1028
f 1971/2288/1883 1982/2296/1012 2001/2310/1697
f 1999/2432/1029 1998/2438/1028 1978/2297/1008 1979/2424/1888
f 1996/2439/1026 1995/2440/1025 1986/2436/1892 1987/2435/1017
f 1997/2441/1896 1996/2439/1026 1987/2435/1017 1988/2437/1893
f 1991/2317/1894 2002/2311/1898 1982/2296/1012 1972/2301/1884
f 1998/2438/1028 1997/2441/1896 1988/2437/1893
f 1991/2317/1894 1972/2301/1884 1983/2307/1890 1992/2314/1895
f 1993/2315/1023 1992/2314/1895 1983/2307/1890 1984/2308/1891
f 1993/2315/1023 1984/2308/1891 1985/2433/1015 1994/2442/1024
f 1994/2442/1024 1985/2433/1015 1986/2434/1892 1995/2443/1025
f 2026/2309/1904 2018/2313/1903 1989/2304/1689
f 2016/2444/1703 1999/2432/1029 2000/2312/1897 2017/2321/1902
f 2003/2316/1899 1993/2315/1023 1994/2442/1024 2004/2445/1034
f 2018/2313/1903 2017/2321/1902 2000/2312/1897
f 2004/2445/1034 1994/2442/1024 1995/2443/1025 2005/2446/1035
f 2006/2447/1036 2005/2448/1035 1995/2440/1025 1996/2439/1026
f 2007/2449/1037 2006/2447/1036 1996/2439/1026 1997/2441/1896
f 2007/2449/1037 1997/2441/1896 1998/2438/1028 2015/2450/1901
f 2016/2444/1703 2015/2450/1901 1998/2438/1028 1999/2432/1029
f 2014/2451/1044 2013/2452/1043 2006/2447/1036 2007/2449/1037
f 1992/2314/1895 2008/2318/1900 1991/2317/1894
f 2020/2324/1050 2019/2320/1049 2001/2310/1697 2002/2311/1898
f 2010/2453/1040 2009/2319/1039 1992/2314/1895 2003/2316/1899
f 2015/2450/1901 2014/2451/1044 2007/2449/1037
f 2002/2311/1898 2008/2318/1900 2020/2324/1050
f 2010/2453/1040 2003/2316/1899 2004/2445/1034 2011/2454/1041
f 2011/2454/1041 2004/2445/1034 2005/2446/1035 2012/2455/1042
f 2013/2452/1043 2012/2456/1042 2005/2448/1035 2006/2447/1036
f 2021/2330/1706 2010/2453/1040 2011/2454/1041 2022/2457/1052
f 2022/2457/1052 2011/2454/1041 2012/2455/1042 2023/2458/1053
f 2018/2313/1903 2026/2309/1904 2036/2322/1912
f 2024/2459/1054 2023/2460/1053 2012/2456/1042 2013/2452/1043
f 2025/2461/1055 2024/2459/1054 2013/2452/1043 2014/2451/1044
f 1981/2299/1011 2019/2320/1049 2054/2323/1922
f 2025/2461/1055 2014/2451/1044 2015/2450/1901 2034/2462/1714
f 2035/2328/1911 2034/2462/1714 2015/2450/1901 2016/2444/1703
f 2027/2325/1905 2008/2318/1900 2009/2319/1039 2028/2329/1906
f 2021/2330/1706 2028/2329/1906 2009/2319/1039 2010/2453/1040
f 2017/2321/1902 2035/2328/1911 2016/2444/1703
f 2029/2331/1907 2021/2330/1706 2022/2457/1052 2030/2463/1908
f 2034/2462/1714 2033/2464/1910 2025/2461/1055
f 2020/2324/1050 2027/2325/1905 2037/2326/1913
f 2017/2321/1902 2036/2322/1912 2044/2327/1722
f 2030/2463/1908 2022/2457/1052 2023/2458/1053 2031/2465/1712
f 2032/2466/1909 2031/2467/1712 2023/2460/1053 2024/2459/1054
f 2033/2464/1910 2032/2466/1909 2024/2459/1054 2025/2461/1055
f 2038/2339/1068 2029/2331/1907 2030/2463/1908 2039/2468/1069
f 2039/2468/1069 2030/2463/1908 2031/2465/1712 2040/2469/1070
f 2036/2322/1912 2088/2332/1952 2053/2334/1730
f 2041/2470/1071 2040/2471/1070 2031/2467/1712 2032/2466/1909
f 2042/2472/1072 2041/2470/1071 2032/2466/1909 2033/2464/1910
f 2042/2472/1072 2033/2464/1910 2034/2462/1714 2052/2335/1921
f 2043/2336/1914 2052/2335/1921 2034/2462/1714 2035/2328/1911
f 2045/2333/1915 2027/2325/1905 2028/2329/1906 2046/2338/1916
f 2038/2339/1068 2046/2338/1916 2028/2329/1906 2029/2331/1907
f 2044/2327/1722 2043/2336/1914 2035/2328/1911
f 2063/2473/1093 2062/2337/1929 2043/2336/1914 2044/2327/1722
f 2052/2335/1921 2051/2474/1920 2042/2472/1072
f 2047/2340/1917 2038/2339/1068 2039/2468/1069 2048/2475/1918
f 2053/2334/1730 2063/2473/1093 2044/2327/1722
f 2048/2475/1918 2039/2468/1069 2040/2469/1070 2049/2476/1079
f 2050/2477/1919 2049/2478/1079 2040/2471/1070 2041/2470/1071
f 2051/2474/1920 2050/2477/1919 2041/2470/1071 2042/2472/1072
f 2057/2479/1925 2048/2475/1918 2049/2476/1079 2058/2480/1926
f 2019/2320/1049 2037/2326/1913 2070/2341/1935
f 2059/2481/1927 2058/2482/1926 2049/2478/1079 2050/2477/1919
f 2060/2483/1090 2059/2481/1927 2050/2477/1919 2051/2474/1920
f 2060/2483/1090 2051/2474/1920 2052/2335/1921 2061/2484/1928
f 2064/2345/1930 2071/2342/1936 2037/2326/1913 2045/2333/1915
f 2064/2345/1930 2045/2333/1915 2046/2338/1916 2055/2343/1923
f 2052/2335/1921 2062/2337/1929 2061/2484/1928
f 2056/2485/1924 2055/2343/1923 2046/2338/1916 2047/2340/1917
f 2056/2485/1924 2047/2340/1917 2048/2475/1918 2057/2479/1925
f 2080/2486/1945 2079/2487/1944 2061/2484/1928 2062/2337/1929
f 2080/2486/1945 2062/2337/1929 2063/2473/1093 2081/2488/1946
f 2065/2348/1931 2073/2344/1938 2055/2343/1923 2056/2485/1924
f 2082/2489/1947 2081/2488/1946 2063/2473/1093 2053/2334/1730
f 2065/2348/1931 2056/2485/1924 2057/2479/1925 2066/2490/1932
f 2066/2490/1932 2057/2479/1925 2058/2480/1926 2067/2491/1097
f 2053/2334/1730 2088/2332/1952 2082/2489/1947
f 2068/2492/1933 2067/2493/1097 2058/2482/1926 2059/2481/1927
f 2069/2494/1934 2068/2492/1933 2059/2481/1927 2060/2483/1090
f 2054/2323/1922 2070/2341/1935 2100/2346/1960
f 2069/2494/1934 2060/2483/1090 2061/2484/1928 2079/2487/1944
f 2075/2495/1940 2066/2490/1932 2067/2491/1097 2076/2496/1941
f 2077/2497/1942 2076/2498/1941 2067/2493/1097 2068/2492/1933
f 2078/2499/1943 2077/2497/1942 2068/2492/1933 2069/2494/1934
f 2074/2349/1939 2065/2348/1931 2066/2490/1932 2075/2495/1940
f 2079/2487/1944 2078/2499/1943 2069/2494/1934
f 2073/2344/1938 2072/2347/1937 2064/2345/1930
f 2099/2500/1959 2098/2501/1958 2079/2487/1944 2080/2486/1945
f 2091/2502/1954 2072/2347/1937 2073/2344/1938 2092/2351/1955
f 2099/2500/1959 2080/2486/1945 2081/2488/1946 2106/2357/1966
f 2083/2352/1948 2092/2351/1955 2073/2344/1938 2074/2349/1939
f 2107/2354/1967 2106/2357/1966 2081/2488/1946 2082/2489/1947
f 2083/2352/1948 2074/2349/1939 2075/2495/1940 2084/2503/1949
f 2084/2503/1949 2075/2495/1940 2076/2496/1941 2085/2504/1115
f 2088/2332/1952 2107/2354/1967 2082/2489/1947
f 2086/2505/1950 2085/2506/1115 2076/2498/1941 2077/2497/1942
f 2087/2507/1951 2086/2505/1950 2077/2497/1942 2078/2499/1943
f 2089/2350/1758 2070/2341/1935 2071/2342/1936 2090/2508/1953
f 2087/2507/1951 2078/2499/1943 2079/2487/1944 2098/2501/1958
f 2091/2502/1954 2090/2508/1953 2071/2342/1936 2072/2347/1937
f 2096/2509/1957 2095/2510/1125 2085/2506/1115 2086/2505/1950
f 2097/2511/1765 2096/2509/1957 2086/2505/1950 2087/2507/1951
f 2093/2353/1762 2083/2352/1948 2084/2503/1949 2094/2512/1956
f 2098/2501/1958 2097/2511/1765 2087/2507/1951
f 2094/2512/1956 2084/2503/1949 2085/2504/1115 2095/2513/1125
f 2101/2361/1961 2110/2360/1970 2092/2351/1955 2093/2353/1762
f 2106/2357/1966 2117/2359/1783 2099/2500/1959
f 2101/2361/1961 2093/2353/1762 2094/2512/1956 2102/2514/1962
f 2102/2514/1962 2094/2512/1956 2095/2513/1125 2103/2515/1963
f 2104/2516/1964 2103/2517/1963 2095/2510/1125 2096/2509/1957
f 2105/2518/1965 2104/2516/1964 2096/2509/1957 2097/2511/1765
f 2108/2364/1968 2119/2356/1149 2089/2350/1758 2090/2508/1953
f 2105/2518/1965 2097/2511/1765 2098/2501/1958 2116/2519/1973
f 2109/2520/1969 2108/2364/1968 2090/2508/1953 2091/2502/1954
f 2117/2359/1783 2116/2519/1973 2098/2501/1958 2099/2500/1959
f 2109/2520/1969 2091/2502/1954 2092/2351/1955 2110/2360/1970
f 2115/2521/1972 2114/2522/1144 2104/2516/1964 2105/2518/1965
f 2126/2523/1980 2118/2358/1974 2106/2357/1966 2107/2354/1967
f 2116/2519/1973 2115/2521/1972 2105/2518/1965
f 2111/2362/1971 2101/2361/1961 2102/2514/1962 2112/2524/1142
f 2112/2524/1142 2102/2514/1962 2103/2515/1963 2113/2525/1143
f 2157/2355/1995 2126/2523/1980 2107/2354/1967
f 2114/2522/1144 2113/2526/1143 2103/2517/1963 2104/2516/1964
f 2120/2370/1975 2130/2369/1160 2110/2360/1970 2111/2362/1971
f 2120/2370/1975 2111/2362/1971 2112/2524/1142 2121/2527/1976
f 2121/2527/1976 2112/2524/1142 2113/2525/1143 2122/2528/1152
f 2123/2529/1977 2122/2530/1152 2113/2526/1143 2114/2522/1144
f 2124/2531/1978 2123/2529/1977 2114/2522/1144 2115/2521/1972
f 2100/2346/1960 2119/2356/1149 2146/2363/1806
f 2124/2531/1978 2115/2521/1972 2116/2519/1973 2136/2366/1984
f 2129/2532/1981 2128/2365/1158 2108/2364/1968 2109/2520/1969
f 2125/2367/1979 2136/2366/1984 2116/2519/1973 2117/2359/1783
f 2129/2532/1981 2109/2520/1969 2110/2360/1970 2130/2369/1160
f 2135/2533/1983 2134/2534/1164 2123/2529/1977 2124/2531/1978
f 2118/2358/1974 2125/2367/1979 2117/2359/1783
f 2145/2368/1175 2125/2367/1979 2118/2358/1974 2137/2535/1985
f 2136/2366/1984 2135/2533/1983 2124/2531/1978
f 2156/2536/1813 2137/2535/1985 2118/2358/1974 2126/2523/1980
f 2131/2371/1982 2120/2370/1975 2121/2527/1976 2132/2537/1797
f 2132/2537/1797 2121/2527/1976 2122/2528/1152 2133/2538/1163
f 2126/2523/1980 2157/2355/1995 2156/2536/1813
f 2134/2534/1164 2133/2539/1163 2122/2530/1152 2123/2529/1977
f 2140/2540/1987 2131/2371/1982 2132/2537/1797 2141/2541/1988
f 2141/2541/1988 2132/2537/1797 2133/2538/1163 2142/2542/1804
f 2143/2543/1989 2142/2544/1804 2133/2539/1163 2134/2534/1164
f 2144/2545/1990 2143/2543/1989 2134/2534/1164 2135/2533/1983
f 2147/2380/1177 2138/2372/1802 2119/2356/1149 2128/2365/1158
f 2144/2545/1990 2135/2533/1983 2136/2366/1984 2154/2373/1994
f 2148/2377/1991 2147/2380/1177 2128/2365/1158 2129/2532/1981
f 2139/2375/1986 2148/2377/1991 2129/2532/1981 2130/2369/1160
f 2136/2366/1984 2145/2368/1175 2154/2373/1994
f 2140/2540/1987 2139/2375/1986 2130/2369/1160 2131/2371/1982
f 2149/2382/1992 2159/2376/1997 2139/2375/1986 2140/2540/1987
f 2154/2373/1994 2153/2546/1993 2144/2545/1990
f 2137/2535/1985 2155/2374/1185 2145/2368/1175
f 2149/2382/1992 2140/2540/1987 2141/2541/1988 2150/2547/1180
f 2150/2547/1180 2141/2541/1988 2142/2542/1804 2151/2548/1181
f 2152/2549/1182 2151/2550/1181 2142/2544/1804 2143/2543/1989
f 2153/2546/1993 2152/2549/1182 2143/2543/1989 2144/2545/1990
f 2160/2383/1190 2149/2382/1992 2150/2547/1180 2161/2551/1998
f 2191/2379/2010 2173/2394/2004 2156/2536/1813 2157/2355/1995
f 2161/2551/1998 2150/2547/1180 2151/2548/1181 2162/2552/1192
f 2163/2553/1999 2162/2554/1192 2151/2550/1181 2152/2549/1182
f 2164/2555/2000 2163/2553/1999 2152/2549/1182 2153/2546/1993
f 2146/2363/1806 2138/2372/1802 2201/2378/2018
f 2164/2555/2000 2153/2546/1993 2154/2373/1994 2165/2556/2001
f 2166/2385/1196 2158/2381/1996 2147/2380/1177 2148/2377/1991
f 2172/2389/2003 2165/2556/2001 2154/2373/1994 2155/2374/1185
f 2172/2389/2003 2155/2374/1185 2137/2535/1985 2183/2393/1213
f 2159/2376/1997 2166/2385/1196 2148/2377/1991
f 2173/2394/2004 2183/2393/1213 2137/2535/1985 2156/2536/1813
f 2171/2557/1818 2164/2555/2000 2165/2556/2001 2182/2388/2007
f 2167/2391/2002 2176/2384/2005 2159/2376/1997 2160/2383/1190
f 2165/2556/2001 2172/2389/2003 2182/2388/2007
f 2167/2391/2002 2160/2383/1190 2161/2551/1998 2168/2558/1198
f 2168/2558/1198 2161/2551/1998 2162/2552/1192 2169/2559/1199
f 2170/2560/1200 2169/2561/1199 2162/2554/1192 2163/2553/1999
f 2171/2557/1818 2170/2560/1200 2163/2553/1999 2164/2555/2000
f 2178/2562/1208 2168/2558/1198 2169/2559/1199 2179/2563/1824
f 2158/2381/1996 2174/2386/1204 2138/2372/1802
f 2173/2394/2004 2191/2379/2010 2200/2395/1230
f 2180/2564/1210 2179/2565/1824 2169/2561/1199 2170/2560/1200
f 2181/2566/1825 2180/2564/1210 2170/2560/1200 2171/2557/1818
f 2177/2392/2006 2167/2391/2002 2168/2558/1198 2178/2562/1208
f 2182/2388/2007 2181/2566/1825 2171/2557/1818
f 2176/2384/2005 2175/2387/1205 2166/2385/1196
f 2183/2393/1213 2190/2390/1220 2172/2389/2003
f 2185/2567/2009 2184/2396/2008 2176/2384/2005 2177/2392/2006
f 2182/2388/2007 2190/2390/1220 2198/2401/1228
f 2185/2567/2009 2177/2392/2006 2178/2562/1208 2186/2568/1216
f 2200/2395/1230 2210/2397/1240 2183/2393/1213
f 2186/2568/1216 2178/2562/1208 2179/2563/1824 2187/2569/1217
f 2188/2570/1218 2187/2571/1217 2179/2565/1824 2180/2564/1210
f 2189/2572/1219 2188/2570/1218 2180/2564/1210 2181/2566/1825
f 2203/2399/2019 2202/2398/1841 2174/2386/1204 2158/2381/1996
f 2189/2572/1219 2181/2566/1825 2182/2388/2007 2198/2401/1228
f 2196/2573/2015 2195/2574/2014 2187/2571/1217 2188/2570/1218
f 2158/2381/1996 2175/2387/1205 2203/2399/2019
f 2197/2575/2016 2196/2573/2015 2188/2570/1218 2189/2572/1219
f 2192/2400/2011 2175/2387/1205 2184/2396/2008 2204/2403/2020
f 2198/2401/1228 2197/2575/2016 2189/2572/1219
f 2193/2404/2012 2204/2403/2020 2184/2396/2008 2185/2567/2009
f 2210/2397/1240 2199/2402/2017 2190/2390/1220
f 2193/2404/2012 2185/2567/2009 2186/2568/1216 2194/2576/2013
f 2194/2576/2013 2186/2568/1216 2187/2569/1217 2195/2577/2014
f 2205/2405/2021 2193/2404/2012 2194/2576/2013 2206/2578/1236
f 2204/2403/2020 2211/2407/1849 2192/2400/2011
f 2206/2578/1236 2194/2576/2013 2195/2577/2014 2207/2579/2022
f 2200/2395/1230 2230/2286/1260 2229/2406/2035
f 2208/2580/2023 2207/2581/2022 2195/2574/2014 2196/2573/2015
f 2209/2582/1847 2208/2580/2023 2196/2573/2015 2197/2575/2016
f 2209/2582/1847 2197/2575/2016 2198/2401/1228 2218/2408/2028
f 2216/2583/2026 2215/2584/1245 2207/2581/2022 2208/2580/2023
f 2198/2401/1228 2199/2402/2017 2218/2408/2028
f 2220/2287/1250 2201/2378/2018 2202/2398/1841 1946/2273/976
f 2217/2585/2027 2216/2583/2026 2208/2580/2023 2209/2582/1847
f 1941/2271/1866 1946/2273/976 2202/2398/1841 2203/2399/2019
f 2219/2409/2029 2199/2402/2017 2210/2397/1240 2228/2275/2034
f 2218/2408/2028 2217/2585/2027 2209/2582/1847
f 2203/2399/2019 2211/2407/1849 1941/2271/1866
f 2213/2411/2025 2212/2410/2024 2204/2403/2020 2205/2405/2021
f 2213/2411/2025 2205/2405/2021 2206/2578/1236 2214/2586/1244
f 2210/2397/1240 2229/2406/2035 2228/2275/2034
f 2214/2586/1244 2206/2578/1236 2207/2579/2022 2215/2587/1245
f 2222/2412/2031 2213/2411/2025 2214/2586/1244 2223/2588/1253
f 2223/2588/1253 2214/2586/1244 2215/2587/1245 2224/2589/2032
f 2225/2590/1255 2224/2591/2032 2215/2584/1245 2216/2583/2026
f 2226/2592/1256 2225/2590/1255 2216/2583/2026 2217/2585/2027
f 2226/2592/1256 2217/2585/2027 2218/2408/2028 1945/2414/1867
f 2227/2416/2033 1944/2280/1653 2225/2590/1255 2226/2592/1256
f 2218/2408/2028 2219/2409/2029 1945/2414/1867
f 2212/2410/2024 2221/2413/2030 2211/2407/1849
f 1947/2289/1868 2221/2413/2030 2212/2410/2024 1948/2423/1869
f 2226/2592/1256 1945/2414/1867 2227/2416/2033
f 1948/2423/1869 2212/2410/2024 2222/2412/2031 1949/2283/979
f 2228/2275/2034 1954/2274/1662 2219/2409/2029
f 1949/2283/979 2222/2412/2031 2223/2588/1253 1942/2281/1652
f 1942/2281/1652 2223/2588/1253 2224/2589/2032 1943/2418/973
f 1944/2280/1653 1943/2279/973 2224/2591/2032 2225/2590/1255
f 2231/2593/1 2245/2594/2048 2236/2595/2040
f 2244/2596/2047 2518/2597/2278 2253/2598/2055
f 2242/2599/2045 2241/2600/11 2233/2601/2037 2234/2602/2038
f 2232/2603/2036 2240/2604/2044 2239/2605/2043
f 2417/2606/1157 2260/2607/2060 2520/2608/2280
f 2510/2609/2270 2236/2595/2040 2261/2610/2061
f 2245/2594/2048 2237/2611/2041 2246/2612/2049
f 2251/2613/2053 2244/2596/2047 2252/2614/2054
f 2254/2615/24 2247/2616/2050 2263/2617/2063
f 2261/2610/2061 2245/2594/2048 2272/2618/2070
f 2251/2613/2053 2268/2619/38 2258/2620/2058
f 2510/2609/2270 2271/2621/2069 2280/2622/50
f 2272/2618/2070 2246/2612/2049 2262/2623/2062
f 2270/2624/2068 2259/2625/2059 2279/2626/2077
f 2255/2627/2056 2264/2628/2064 2263/2617/2063
f 2273/2629/2071 2263/2617/2063 2274/2630/2072
f 2279/2626/2077 2260/2607/2060 2316/2631/86
f 2417/2606/1157 2316/2631/86 2260/2607/2060
f 2271/2621/2069 2261/2610/2061 2291/2632/2087
f 2291/2632/2087 2272/2618/2070 2292/2633/2088
f 2290/2634/2086 2279/2626/2077 2308/2635/2098
f 2282/2636/52 2283/2637/2079 2293/2638/2089
f 2292/2633/2088 2281/2639/2078 2298/2640/2092
f 2282/2636/52 2299/2641/69 2298/2640/2092
f 2291/2632/2087 2309/2642/2099 2271/2621/2069
f 2307/2643/2097 2308/2635/2098 2326/2644/2110
f 2271/2621/2069 2344/2645/2124 2280/2622/50
f 2310/2646/2100 2298/2640/2092 2317/2647/2103
f 2310/2646/2100 2327/2648/2111 2309/2642/2099
f 2307/2643/2097 2334/2649/104 2325/2650/2109
f 2318/2651/2104 2311/2652/2101 2319/2653/2105
f 2316/2631/86 2378/2654/2153 2326/2644/2110
f 2417/2606/1157 2378/2654/2153 2316/2631/86
f 2327/2648/2111 2317/2647/2103 2335/2655/105
f 2334/2649/104 2326/2644/2110 2343/2656/2123
f 2342/2657/2122 2333/2658/2115 2352/2659/122
f 2336/2660/2116 2328/2661/2112 2337/2662/2117
f 2344/2645/2124 2309/2642/2099 2360/2663/2138
f 2327/2648/2111 2361/2664/2139 2360/2663/2138
f 2345/2665/2125 2363/2666/2141 2354/2667/2133
f 2344/2645/2124 2390/2668/2164 2280/2622/50
f 2361/2664/2139 2354/2667/2133 2362/2669/2140
f 2363/2666/2141 2355/2670/2134 2364/2671/2142
f 2390/2668/2164 2360/2663/2138 2379/2672/2154
f 2382/2673/2157 2373/2674/2149 2383/2675/2158
f 2397/2676/2171 2378/2654/2153 2447/2677/2213
f 2417/2606/1157 2447/2677/2213 2378/2654/2153
f 2379/2672/2154 2409/2678/2182 2390/2668/2164
f 2396/2679/2170 2408/2680/2181 2407/2681/2180
f 2400/2682/2174 2391/2683/2165 2401/2684/2175
f 2390/2668/2164 2436/2685/206 2280/2622/50
f 2409/2678/2182 2398/2686/2172 2418/2687/2189
f 2426/2688/196 2415/2689/2187 2435/2690/2204
f 2420/2691/2191 2410/2692/180 2421/2693/191
f 2436/2685/206 2409/2678/2182 2428/2694/2197
f 2444/2695/2210 2435/2690/2204 2445/2696/2211
f 2429/2697/2198 2449/2698/2215 2438/2699/208
f 2436/2685/206 2491/2700/2252 2280/2622/50
f 2417/2606/1157 2481/2701/2242 2447/2677/2213
f 2437/2702/207 2448/2703/2214 2428/2694/2197
f 2449/2698/2215 2439/2704/2205 2450/2705/2216
f 2449/2698/2215 2466/2706/2229 2456/2707/2220
f 2491/2700/2252 2428/2694/2197 2464/2708/2227
f 2448/2703/2214 2456/2707/2220 2465/2709/2228
f 2472/2710/2235 2462/2711/232 2480/2712/2241
f 2466/2706/2229 2457/2713/2221 2467/2714/2230
f 2473/2715/2236 2463/2716/2226 2490/2717/2251
f 2466/2706/2229 2474/2718/2237 2465/2709/2228
f 2473/2715/2236 2500/2719/2260 2480/2712/2241
f 2464/2708/2227 2492/2720/2253 2491/2700/2252
f 2417/2606/1157 2520/2608/2280 2481/2701/2242
f 2493/2721/263 2465/2709/2228 2482/2722/2243
f 2488/2723/2249 2480/2712/2241 2489/2724/2250
f 2490/2717/2251 2481/2701/2242 2520/2608/2280
f 2494/2725/2254 2483/2726/2244 2495/2727/2255
f 2500/2719/2260 2490/2717/2251 2519/2728/2279
f 2493/2721/263 2482/2722/2243 2501/2729/2261
f 2508/2730/2268 2489/2724/2250 2509/2731/2269
f 2494/2725/2254 2502/2732/2262 2501/2729/2261
f 2491/2700/2252 2510/2609/2270 2280/2622/50
f 2502/2732/2262 2503/2733/2263 2512/2734/2272
f 2231/2593/1 2501/2729/2261 2511/2735/2271
f 2511/2735/2271 2237/2611/2041 2231/2593/1
f 2235/2736/2039 2509/2731/2269 2244/2596/2047
f 2243/2737/2046 2242/2599/2045 2234/2602/2038 2517/2738/2277
f 2251/2613/2053 2243/2737/2046 2517/2738/2277 2235/2736/2039
f 2259/2625/2059 2253/2598/2055 2518/2597/2278 2519/2728/2279
f 2237/2611/2041 2245/2594/2048 2231/2593/1
f 2235/2736/2039 2244/2596/2047 2251/2613/2053
f 2260/2607/2060 2259/2625/2059 2519/2728/2279 2520/2608/2280
f 2241/2739/11 2240/2604/2044 2232/2603/2036 2233/2740/2037
f 2249/2741/2052 2248/2742/2051 2240/2604/2044 2241/2739/11
f 2250/2743/20 2249/2744/2052 2241/2600/11 2242/2599/2045
f 2258/2620/2058 2250/2743/20 2242/2599/2045 2243/2737/2046
f 2254/2615/24 2246/2612/2049 2237/2611/2041 2238/2745/2042
f 2236/2595/2040 2245/2594/2048 2261/2610/2061
f 2243/2737/2046 2251/2613/2053 2258/2620/2058
f 2247/2616/2050 2254/2615/24 2238/2745/2042 2239/2605/2043
f 2253/2598/2055 2252/2614/2054 2244/2596/2047
f 2247/2616/2050 2239/2605/2043 2240/2604/2044 2248/2742/2051
f 2268/2619/38 2251/2613/2053 2252/2614/2054 2269/2746/2067
f 2269/2746/2067 2252/2614/2054 2253/2598/2055 2270/2624/2068
f 2255/2627/2056 2263/2617/2063 2247/2616/2050 2248/2742/2051
f 2253/2598/2055 2259/2625/2059 2270/2624/2068
f 2256/2747/26 2255/2627/2056 2248/2742/2051 2249/2741/2052
f 2256/2748/26 2249/2744/2052 2250/2743/20 2257/2749/2057
f 2266/2750/2065 2265/2751/35 2256/2748/26 2257/2749/2057
f 2250/2743/20 2258/2620/2058 2257/2749/2057
f 2245/2594/2048 2246/2612/2049 2272/2618/2070
f 2267/2752/2066 2266/2750/2065 2257/2749/2057 2258/2620/2058
f 2510/2609/2270 2261/2610/2061 2271/2621/2069
f 2273/2629/2071 2262/2623/2062 2246/2612/2049 2254/2615/24
f 2268/2619/38 2267/2752/2066 2258/2620/2058
f 2264/2628/2064 2255/2627/2056 2256/2747/26 2265/2753/35
f 2254/2615/24 2263/2617/2063 2273/2629/2071
f 2259/2625/2059 2260/2607/2060 2279/2626/2077
f 2290/2634/2086 2289/2754/2085 2269/2746/2067 2270/2624/2068
f 2274/2630/2072 2263/2617/2063 2264/2628/2064 2275/2755/2073
f 2279/2626/2077 2290/2634/2086 2270/2624/2068
f 2275/2755/2073 2264/2628/2064 2265/2753/35 2276/2756/2074
f 2277/2757/2075 2276/2758/2074 2265/2751/35 2266/2750/2065
f 2278/2759/2076 2277/2757/2075 2266/2750/2065 2267/2752/2066
f 2278/2759/2076 2267/2752/2066 2268/2619/38 2288/2760/2084
f 2261/2610/2061 2272/2618/2070 2291/2632/2087
f 2289/2754/2085 2288/2760/2084 2268/2619/38 2269/2746/2067
f 2286/2761/2082 2285/2762/2081 2276/2758/2074 2277/2757/2075
f 2287/2763/2083 2286/2761/2082 2277/2757/2075 2278/2759/2076
f 2281/2639/2078 2292/2633/2088 2272/2618/2070 2262/2623/2062
f 2288/2760/2084 2287/2763/2083 2278/2759/2076
f 2281/2639/2078 2262/2623/2062 2273/2629/2071 2282/2636/52
f 2283/2637/2079 2282/2636/52 2273/2629/2071 2274/2630/2072
f 2283/2637/2079 2274/2630/2072 2275/2755/2073 2284/2764/2080
f 2284/2764/2080 2275/2755/2073 2276/2756/2074 2285/2765/2081
f 2316/2631/86 2308/2635/2098 2279/2626/2077
f 2306/2766/76 2289/2754/2085 2290/2634/2086 2307/2643/2097
f 2293/2638/2089 2283/2637/2079 2284/2764/2080 2294/2767/64
f 2308/2635/2098 2307/2643/2097 2290/2634/2086
f 2294/2767/64 2284/2764/2080 2285/2765/2081 2295/2768/2090
f 2296/2769/66 2295/2770/2090 2285/2762/2081 2286/2761/2082
f 2297/2771/2091 2296/2769/66 2286/2761/2082 2287/2763/2083
f 2297/2771/2091 2287/2763/2083 2288/2760/2084 2305/2772/75
f 2306/2766/76 2305/2772/75 2288/2760/2084 2289/2754/2085
f 2304/2773/2096 2303/2774/2095 2296/2769/66 2297/2771/2091
f 2282/2636/52 2298/2640/2092 2281/2639/2078
f 2310/2646/2100 2309/2642/2099 2291/2632/2087 2292/2633/2088
f 2300/2775/2093 2299/2641/69 2282/2636/52 2293/2638/2089
f 2305/2772/75 2304/2773/2096 2297/2771/2091
f 2292/2633/2088 2298/2640/2092 2310/2646/2100
f 2300/2775/2093 2293/2638/2089 2294/2767/64 2301/2776/2094
f 2301/2776/2094 2294/2767/64 2295/2768/2090 2302/2777/72
f 2303/2774/2095 2302/2778/72 2295/2770/2090 2296/2769/66
f 2311/2652/2101 2300/2775/2093 2301/2776/2094 2312/2779/2102
f 2312/2779/2102 2301/2776/2094 2302/2777/72 2313/2780/83
f 2308/2635/2098 2316/2631/86 2326/2644/2110
f 2314/2781/84 2313/2782/83 2302/2778/72 2303/2774/2095
f 2315/2783/85 2314/2781/84 2303/2774/2095 2304/2773/2096
f 2271/2621/2069 2309/2642/2099 2344/2645/2124
f 2315/2783/85 2304/2773/2096 2305/2772/75 2324/2784/94
f 2325/2650/2109 2324/2784/94 2305/2772/75 2306/2766/76
f 2317/2647/2103 2298/2640/2092 2299/2641/69 2318/2651/2104
f 2311/2652/2101 2318/2651/2104 2299/2641/69 2300/2775/2093
f 2307/2643/2097 2325/2650/2109 2306/2766/76
f 2319/2653/2105 2311/2652/2101 2312/2779/2102 2320/2785/2106
f 2324/2784/94 2323/2786/2108 2315/2783/85
f 2310/2646/2100 2317/2647/2103 2327/2648/2111
f 2307/2643/2097 2326/2644/2110 2334/2649/104
f 2320/2785/2106 2312/2779/2102 2313/2780/83 2321/2787/91
f 2322/2788/2107 2321/2789/91 2313/2782/83 2314/2781/84
f 2323/2786/2108 2322/2788/2107 2314/2781/84 2315/2783/85
f 2328/2661/2112 2319/2653/2105 2320/2785/2106 2329/2790/99
f 2329/2790/99 2320/2785/2106 2321/2787/91 2330/2791/100
f 2326/2644/2110 2378/2654/2153 2343/2656/2123
f 2331/2792/2113 2330/2793/100 2321/2789/91 2322/2788/2107
f 2332/2794/2114 2331/2792/2113 2322/2788/2107 2323/2786/2108
f 2332/2794/2114 2323/2786/2108 2324/2784/94 2342/2657/2122
f 2333/2658/2115 2342/2657/2122 2324/2784/94 2325/2650/2109
f 2335/2655/105 2317/2647/2103 2318/2651/2104 2336/2660/2116
f 2328/2661/2112 2336/2660/2116 2318/2651/2104 2319/2653/2105
f 2334/2649/104 2333/2658/2115 2325/2650/2109
f 2353/2795/2132 2352/2659/122 2333/2658/2115 2334/2649/104
f 2342/2657/2122 2341/2796/2121 2332/2794/2114
f 2337/2662/2117 2328/2661/2112 2329/2790/99 2338/2797/2118
f 2343/2656/2123 2353/2795/2132 2334/2649/104
f 2338/2797/2118 2329/2790/99 2330/2791/100 2339/2798/2119
f 2340/2799/2120 2339/2800/2119 2330/2793/100 2331/2792/2113
f 2341/2796/2121 2340/2799/2120 2331/2792/2113 2332/2794/2114
f 2347/2801/2127 2338/2797/2118 2339/2798/2119 2348/2802/2128
f 2309/2642/2099 2327/2648/2111 2360/2663/2138
f 2349/2803/2129 2348/2804/2128 2339/2800/2119 2340/2799/2120
f 2350/2805/2130 2349/2803/2129 2340/2799/2120 2341/2796/2121
f 2350/2805/2130 2341/2796/2121 2342/2657/2122 2351/2806/2131
f 2354/2667/2133 2361/2664/2139 2327/2648/2111 2335/2655/105
f 2354/2667/2133 2335/2655/105 2336/2660/2116 2345/2665/2125
f 2342/2657/2122 2352/2659/122 2351/2806/2131
f 2346/2807/2126 2345/2665/2125 2336/2660/2116 2337/2662/2117
f 2346/2807/2126 2337/2662/2117 2338/2797/2118 2347/2801/2127
f 2370/2808/140 2369/2809/2146 2351/2806/2131 2352/2659/122
f 2370/2808/140 2352/2659/122 2353/2795/2132 2371/2810/2147
f 2355/2670/2134 2363/2666/2141 2345/2665/2125 2346/2807/2126
f 2372/2811/2148 2371/2810/2147 2353/2795/2132 2343/2656/2123
f 2355/2670/2134 2346/2807/2126 2347/2801/2127 2356/2812/2135
f 2356/2812/2135 2347/2801/2127 2348/2802/2128 2357/2813/2136
f 2343/2656/2123 2378/2654/2153 2372/2811/2148
f 2358/2814/128 2357/2815/2136 2348/2804/2128 2349/2803/2129
f 2359/2816/2137 2358/2814/128 2349/2803/2129 2350/2805/2130
f 2344/2645/2124 2360/2663/2138 2390/2668/2164
f 2359/2816/2137 2350/2805/2130 2351/2806/2131 2369/2809/2146
f 2365/2817/2143 2356/2812/2135 2357/2813/2136 2366/2818/136
f 2367/2819/2144 2366/2820/136 2357/2815/2136 2358/2814/128
f 2368/2821/2145 2367/2819/2144 2358/2814/128 2359/2816/2137
f 2364/2671/2142 2355/2670/2134 2356/2812/2135 2365/2817/2143
f 2369/2809/2146 2368/2821/2145 2359/2816/2137
f 2363/2666/2141 2362/2669/2140 2354/2667/2133
f 2389/2822/2163 2388/2823/158 2369/2809/2146 2370/2808/140
f 2381/2824/2156 2362/2669/2140 2363/2666/2141 2382/2673/2157
f 2389/2822/2163 2370/2808/140 2371/2810/2147 2396/2679/2170
f 2373/2674/2149 2382/2673/2157 2363/2666/2141 2364/2671/2142
f 2397/2676/2171 2396/2679/2170 2371/2810/2147 2372/2811/2148
f 2373/2674/2149 2364/2671/2142 2365/2817/2143 2374/2825/2150
f 2374/2825/2150 2365/2817/2143 2366/2818/136 2375/2826/145
f 2378/2654/2153 2397/2676/2171 2372/2811/2148
f 2376/2827/2151 2375/2828/145 2366/2820/136 2367/2819/2144
f 2377/2829/2152 2376/2827/2151 2367/2819/2144 2368/2821/2145
f 2379/2672/2154 2360/2663/2138 2361/2664/2139 2380/2830/2155
f 2377/2829/2152 2368/2821/2145 2369/2809/2146 2388/2823/158
f 2381/2824/2156 2380/2830/2155 2361/2664/2139 2362/2669/2140
f 2386/2831/2161 2385/2832/2160 2375/2828/145 2376/2827/2151
f 2387/2833/2162 2386/2831/2161 2376/2827/2151 2377/2829/2152
f 2383/2675/2158 2373/2674/2149 2374/2825/2150 2384/2834/2159
f 2388/2823/158 2387/2833/2162 2377/2829/2152
f 2384/2834/2159 2374/2825/2150 2375/2826/145 2385/2835/2160
f 2391/2683/2165 2400/2682/2174 2382/2673/2157 2383/2675/2158
f 2396/2679/2170 2407/2681/2180 2389/2822/2163
f 2391/2683/2165 2383/2675/2158 2384/2834/2159 2392/2836/2166
f 2392/2836/2166 2384/2834/2159 2385/2835/2160 2393/2837/2167
f 2394/2838/2168 2393/2839/2167 2385/2832/2160 2386/2831/2161
f 2395/2840/2169 2394/2838/2168 2386/2831/2161 2387/2833/2162
f 2398/2686/2172 2409/2678/2182 2379/2672/2154 2380/2830/2155
f 2395/2840/2169 2387/2833/2162 2388/2823/158 2406/2841/176
f 2399/2842/2173 2398/2686/2172 2380/2830/2155 2381/2824/2156
f 2407/2681/2180 2406/2841/176 2388/2823/158 2389/2822/2163
f 2399/2842/2173 2381/2824/2156 2382/2673/2157 2400/2682/2174
f 2405/2843/2179 2404/2844/2178 2394/2838/2168 2395/2840/2169
f 2416/2845/2188 2408/2680/2181 2396/2679/2170 2397/2676/2171
f 2406/2841/176 2405/2843/2179 2395/2840/2169
f 2401/2684/2175 2391/2683/2165 2392/2836/2166 2402/2846/2176
f 2402/2846/2176 2392/2836/2166 2393/2837/2167 2403/2847/2177
f 2447/2677/2213 2416/2845/2188 2397/2676/2171
f 2404/2844/2178 2403/2848/2177 2393/2839/2167 2394/2838/2168
f 2410/2692/180 2420/2691/2191 2400/2682/2174 2401/2684/2175
f 2410/2692/180 2401/2684/2175 2402/2846/2176 2411/2849/2183
f 2411/2849/2183 2402/2846/2176 2403/2847/2177 2412/2850/2184
f 2413/2851/2185 2412/2852/2184 2403/2848/2177 2404/2844/2178
f 2414/2853/2186 2413/2851/2185 2404/2844/2178 2405/2843/2179
f 2390/2668/2164 2409/2678/2182 2436/2685/206
f 2414/2853/2186 2405/2843/2179 2406/2841/176 2426/2688/196
f 2419/2854/2190 2418/2687/2189 2398/2686/2172 2399/2842/2173
f 2415/2689/2187 2426/2688/196 2406/2841/176 2407/2681/2180
f 2419/2854/2190 2399/2842/2173 2400/2682/2174 2420/2691/2191
f 2425/2855/2195 2424/2856/2194 2413/2851/2185 2414/2853/2186
f 2408/2680/2181 2415/2689/2187 2407/2681/2180
f 2435/2690/2204 2415/2689/2187 2408/2680/2181 2427/2857/2196
f 2426/2688/196 2425/2855/2195 2414/2853/2186
f 2446/2858/2212 2427/2857/2196 2408/2680/2181 2416/2845/2188
f 2421/2693/191 2410/2692/180 2411/2849/2183 2422/2859/2192
f 2422/2859/2192 2411/2849/2183 2412/2850/2184 2423/2860/2193
f 2416/2845/2188 2447/2677/2213 2446/2858/2212
f 2424/2856/2194 2423/2861/2193 2412/2852/2184 2413/2851/2185
f 2430/2862/2199 2421/2693/191 2422/2859/2192 2431/2863/2200
f 2431/2863/2200 2422/2859/2192 2423/2860/2193 2432/2864/2201
f 2433/2865/2202 2432/2866/2201 2423/2861/2193 2424/2856/2194
f 2434/2867/2203 2433/2865/2202 2424/2856/2194 2425/2855/2195
f 2437/2702/207 2428/2694/2197 2409/2678/2182 2418/2687/2189
f 2434/2867/2203 2425/2855/2195 2426/2688/196 2444/2695/2210
f 2438/2699/208 2437/2702/207 2418/2687/2189 2419/2854/2190
f 2429/2697/2198 2438/2699/208 2419/2854/2190 2420/2691/2191
f 2426/2688/196 2435/2690/2204 2444/2695/2210
f 2430/2862/2199 2429/2697/2198 2420/2691/2191 2421/2693/191
f 2439/2704/2205 2449/2698/2215 2429/2697/2198 2430/2862/2199
f 2444/2695/2210 2443/2868/2209 2434/2867/2203
f 2427/2857/2196 2445/2696/2211 2435/2690/2204
f 2439/2704/2205 2430/2862/2199 2431/2863/2200 2440/2869/2206
f 2440/2869/2206 2431/2863/2200 2432/2864/2201 2441/2870/2207
f 2442/2871/2208 2441/2872/2207 2432/2866/2201 2433/2865/2202
f 2443/2868/2209 2442/2871/2208 2433/2865/2202 2434/2867/2203
f 2450/2705/2216 2439/2704/2205 2440/2869/2206 2451/2873/2217
f 2481/2701/2242 2463/2716/2226 2446/2858/2212 2447/2677/2213
f 2451/2873/2217 2440/2869/2206 2441/2870/2207 2452/2874/222
f 2453/2875/2218 2452/2876/222 2441/2872/2207 2442/2871/2208
f 2454/2877/224 2453/2875/2218 2442/2871/2208 2443/2868/2209
f 2436/2685/206 2428/2694/2197 2491/2700/2252
f 2454/2877/224 2443/2868/2209 2444/2695/2210 2455/2878/2219
f 2456/2707/2220 2448/2703/2214 2437/2702/207 2438/2699/208
f 2462/2711/232 2455/2878/2219 2444/2695/2210 2445/2696/2211
f 2462/2711/232 2445/2696/2211 2427/2857/2196 2473/2715/2236
f 2449/2698/2215 2456/2707/2220 2438/2699/208
f 2463/2716/2226 2473/2715/2236 2427/2857/2196 2446/2858/2212
f 2461/2879/2225 2454/2877/224 2455/2878/2219 2472/2710/2235
f 2457/2713/2221 2466/2706/2229 2449/2698/2215 2450/2705/2216
f 2455/2878/2219 2462/2711/232 2472/2710/2235
f 2457/2713/2221 2450/2705/2216 2451/2873/2217 2458/2880/2222
f 2458/2880/2222 2451/2873/2217 2452/2874/222 2459/2881/2223
f 2460/2882/2224 2459/2883/2223 2452/2876/222 2453/2875/2218
f 2461/2879/2225 2460/2882/2224 2453/2875/2218 2454/2877/224
f 2468/2884/2231 2458/2880/2222 2459/2881/2223 2469/2885/2232
f 2448/2703/2214 2464/2708/2227 2428/2694/2197
f 2463/2716/2226 2481/2701/2242 2490/2717/2251
f 2470/2886/2233 2469/2887/2232 2459/2883/2223 2460/2882/2224
f 2471/2888/2234 2470/2886/2233 2460/2882/2224 2461/2879/2225
f 2467/2714/2230 2457/2713/2221 2458/2880/2222 2468/2884/2231
f 2472/2710/2235 2471/2888/2234 2461/2879/2225
f 2466/2706/2229 2465/2709/2228 2456/2707/2220
f 2473/2715/2236 2480/2712/2241 2462/2711/232
f 2475/2889/2238 2474/2718/2237 2466/2706/2229 2467/2714/2230
f 2472/2710/2235 2480/2712/2241 2488/2723/2249
f 2475/2889/2238 2467/2714/2230 2468/2884/2231 2476/2890/246
f 2490/2717/2251 2500/2719/2260 2473/2715/2236
f 2476/2890/246 2468/2884/2231 2469/2885/2232 2477/2891/2239
f 2478/2892/248 2477/2893/2239 2469/2887/2232 2470/2886/2233
f 2479/2894/2240 2478/2892/248 2470/2886/2233 2471/2888/2234
f 2493/2721/263 2492/2720/2253 2464/2708/2227 2448/2703/2214
f 2479/2894/2240 2471/2888/2234 2472/2710/2235 2488/2723/2249
f 2486/2895/2247 2485/2896/2246 2477/2893/2239 2478/2892/248
f 2448/2703/2214 2465/2709/2228 2493/2721/263
f 2487/2897/2248 2486/2895/2247 2478/2892/248 2479/2894/2240
f 2482/2722/2243 2465/2709/2228 2474/2718/2237 2494/2725/2254
f 2488/2723/2249 2487/2897/2248 2479/2894/2240
f 2483/2726/2244 2494/2725/2254 2474/2718/2237 2475/2889/2238
f 2500/2719/2260 2489/2724/2250 2480/2712/2241
f 2483/2726/2244 2475/2889/2238 2476/2890/246 2484/2898/2245
f 2484/2898/2245 2476/2890/246 2477/2891/2239 2485/2899/2246
f 2495/2727/2255 2483/2726/2244 2484/2898/2245 2496/2900/2256
f 2494/2725/2254 2501/2729/2261 2482/2722/2243
f 2496/2900/2256 2484/2898/2245 2485/2899/2246 2497/2901/2257
f 2490/2717/2251 2520/2608/2280 2519/2728/2279
f 2498/2902/2258 2497/2903/2257 2485/2896/2246 2486/2895/2247
f 2499/2904/2259 2498/2902/2258 2486/2895/2247 2487/2897/2248
f 2499/2904/2259 2487/2897/2248 2488/2723/2249 2508/2730/2268
f 2506/2905/2266 2505/2906/2265 2497/2903/2257 2498/2902/2258
f 2488/2723/2249 2489/2724/2250 2508/2730/2268
f 2510/2609/2270 2491/2700/2252 2492/2720/2253 2236/2595/2040
f 2507/2907/2267 2506/2905/2266 2498/2902/2258 2499/2904/2259
f 2231/2593/1 2236/2595/2040 2492/2720/2253 2493/2721/263
f 2509/2731/2269 2489/2724/2250 2500/2719/2260 2518/2597/2278
f 2508/2730/2268 2507/2907/2267 2499/2904/2259
f 2493/2721/263 2501/2729/2261 2231/2593/1
f 2503/2733/2263 2502/2732/2262 2494/2725/2254 2495/2727/2255
f 2503/2733/2263 2495/2727/2255 2496/2900/2256 2504/2908/2264
f 2500/2719/2260 2519/2728/2279 2518/2597/2278
f 2504/2908/2264 2496/2900/2256 2497/2901/2257 2505/2909/2265
f 2512/2734/2272 2503/2733/2263 2504/2908/2264 2513/2910/2273
f 2513/2910/2273 2504/2908/2264 2505/2909/2265 2514/2911/2274
f 2515/2912/2275 2514/2913/2274 2505/2906/2265 2506/2905/2266
f 2516/2914/2276 2515/2912/2275 2506/2905/2266 2507/2907/2267
f 2516/2914/2276 2507/2907/2267 2508/2730/2268 2235/2736/2039
f 2517/2738/2277 2234/2602/2038 2515/2912/2275 2516/2914/2276
f 2508/2730/2268 2509/2731/2269 2235/2736/2039
f 2502/2732/2262 2511/2735/2271 2501/2729/2261
f 2237/2611/2041 2511/2735/2271 2502/2732/2262 2238/2745/2042
f 2516/2914/2276 2235/2736/2039 2517/2738/2277
f 2238/2745/2042 2502/2732/2262 2512/2734/2272 2239/2605/2043
f 2518/2597/2278 2244/2596/2047 2509/2731/2269
f 2239/2605/2043 2512/2734/2272 2513/2910/2273 2232/2603/2036
f 2232/2603/2036 2513/2910/2273 2514/2911/2274 2233/2740/2037
f 2234/2602/2038 2233/2601/2037 2514/2913/2274 2515/2912/2275
o Handle1
v -0.013559 0.758850 4.474229
v -0.013257 0.756175 4.476292
v -0.013268 0.755340 4.476419
v -0.013270 0.754495 4.476380
v -0.013543 0.752878 4.475781
v -0.013203 0.759183 4.473574
v -0.012889 0.758300 4.475035
v -0.012876 0.757663 4.475610
v -0.012911 0.756953 4.476031
v -0.012480 0.756167 4.476256
v -0.012476 0.755332 4.476382
v -0.012493 0.754487 4.476345
v -0.012530 0.753667 4.476144
v -0.012988 0.752220 4.475329
v -0.012467 0.758803 4.474280
v -0.011791 0.758302 4.474719
v -0.011791 0.756948 4.475787
v -0.011723 0.756151 4.476060
v -0.011704 0.755315 4.476182
v -0.011736 0.754471 4.476148
v -0.012253 0.752929 4.475757
v -0.012113 0.752211 4.475152
v -0.012514 0.751653 4.474645
v -0.011588 0.757678 4.475242
v -0.011016 0.756127 4.475710
v -0.010983 0.755291 4.475826
v -0.011029 0.754447 4.475799
v -0.011507 0.753660 4.475849
v -0.012561 0.751209 4.473900
v -0.012736 0.750927 4.473126
v -0.012186 0.759163 4.473329
v -0.010921 0.758269 4.474030
v -0.010847 0.756952 4.475260
v -0.010385 0.756097 4.475221
v -0.010340 0.755260 4.475327
v -0.010398 0.754417 4.475309
v -0.010557 0.753601 4.475169
v -0.011046 0.752823 4.475114
v -0.011378 0.752150 4.474721
v -0.011729 0.751620 4.474239
v -0.012246 0.759351 4.472250
v -0.011482 0.758788 4.473707
v -0.010518 0.757643 4.474388
v -0.010032 0.756862 4.474422
v -0.009856 0.756061 4.474611
v -0.009800 0.755223 4.474705
v -0.009869 0.754381 4.474699
v -0.010058 0.753567 4.474595
v -0.011924 0.751186 4.473464
v -0.012984 0.759419 4.471894
v -0.010424 0.758207 4.473278
v -0.009820 0.757552 4.473164
v -0.009648 0.756824 4.473755
v -0.009447 0.756021 4.473904
v -0.009384 0.755182 4.473983
v -0.009460 0.754340 4.473992
v -0.009674 0.753529 4.473928
v -0.010137 0.752782 4.474054
v -0.010613 0.752138 4.473900
v -0.011125 0.751585 4.473567
v -0.011579 0.759123 4.472601
v -0.010875 0.758724 4.472740
v -0.009392 0.756784 4.473023
v -0.009176 0.755978 4.473126
v -0.009107 0.755138 4.473190
v -0.009189 0.754298 4.473214
v -0.009418 0.753488 4.473195
v -0.010173 0.758170 4.472478
v -0.009642 0.757489 4.472191
v -0.009275 0.756743 4.472252
v -0.009052 0.755934 4.472308
v -0.008981 0.755094 4.472356
v -0.009065 0.754254 4.472396
v -0.009301 0.753447 4.472425
v -0.009700 0.752709 4.472731
v -0.010221 0.752066 4.472798
v -0.010803 0.751497 4.472404
v -0.011553 0.751139 4.472767
v -0.011462 0.759060 4.471477
v -0.010746 0.758678 4.471804
v -0.009302 0.756702 4.471473
v -0.009080 0.755891 4.471481
v -0.009009 0.755050 4.471513
v -0.009093 0.754211 4.471569
v -0.009327 0.753406 4.471646
v -0.012261 0.750893 4.472557
v -0.010194 0.758108 4.471288
v -0.009733 0.757442 4.471082
v -0.009470 0.756664 4.470716
v -0.009259 0.755850 4.470676
v -0.009192 0.755008 4.470693
v -0.009272 0.754170 4.470765
v -0.009496 0.753368 4.470888
v -0.009770 0.752637 4.471333
v -0.010241 0.752004 4.471608
v -0.011536 0.751101 4.471950
v -0.011066 0.758623 4.470656
v -0.009775 0.756629 4.470009
v -0.009582 0.755813 4.469926
v -0.009522 0.754971 4.469928
v -0.009595 0.754133 4.470014
v -0.009801 0.753333 4.470181
v -0.010569 0.751967 4.470729
v -0.011000 0.751460 4.471297
v -0.010641 0.758054 4.470201
v -0.010300 0.757381 4.469823
v -0.010204 0.756600 4.469379
v -0.010037 0.755782 4.469258
v -0.009986 0.754939 4.469247
v -0.010051 0.754102 4.469347
v -0.010229 0.753304 4.469552
v -0.010338 0.752575 4.470075
v -0.011868 0.751064 4.471236
v -0.012295 0.759309 4.471438
v -0.010961 0.757339 4.469132
v -0.010740 0.756576 4.468853
v -0.010607 0.755757 4.468699
v -0.010566 0.754913 4.468677
v -0.010620 0.754077 4.468787
v -0.010766 0.753280 4.469025
v -0.010998 0.752554 4.469382
v -0.011057 0.751940 4.470049
v -0.011509 0.751424 4.470537
v -0.011446 0.758017 4.469381
v -0.011363 0.756560 4.468448
v -0.011268 0.755740 4.468269
v -0.011241 0.754896 4.468238
v -0.011282 0.754060 4.468357
v -0.011389 0.753264 4.468620
v -0.012159 0.759022 4.470503
v -0.012048 0.758582 4.469739
v -0.012263 0.757998 4.469012
v -0.011877 0.757329 4.468601
v -0.012050 0.756551 4.468181
v -0.011997 0.755731 4.467986
v -0.011984 0.754886 4.467949
v -0.012010 0.754050 4.468074
v -0.012075 0.753256 4.468353
v -0.011915 0.752523 4.468853
v -0.011994 0.751903 4.469432
v -0.012296 0.751404 4.470040
v -0.012485 0.751050 4.470780
v -0.012773 0.756551 4.468062
v -0.012765 0.755730 4.467859
v -0.012766 0.754886 4.467821
v -0.012778 0.754050 4.467947
v -0.012798 0.753255 4.468235
v -0.012619 0.750837 4.471594
v -0.013042 0.759006 4.470257
v -0.013100 0.758566 4.469532
v -0.013047 0.758005 4.468910
v -0.013179 0.757329 4.468412
v -0.013505 0.756558 4.468095
v -0.013542 0.755738 4.467895
v -0.013559 0.754894 4.467857
v -0.013555 0.754058 4.467983
v -0.013530 0.753262 4.468268
v -0.013217 0.752524 4.468664
v -0.013094 0.751902 4.469230
v -0.013038 0.759295 4.471030
v -0.014217 0.756574 4.468280
v -0.014299 0.755754 4.468091
v -0.014330 0.754910 4.468058
v -0.014312 0.754074 4.468180
v -0.014243 0.753278 4.468453
v -0.013403 0.751400 4.469936
v -0.013219 0.751046 4.470678
v -0.013937 0.758592 4.469766
v -0.014139 0.758028 4.469172
v -0.014454 0.757358 4.468768
v -0.014884 0.756596 4.468610
v -0.015006 0.755778 4.468441
v -0.015051 0.754935 4.468414
v -0.015019 0.754098 4.468529
v -0.014909 0.753300 4.468782
v -0.014491 0.752552 4.469020
v -0.014187 0.751924 4.469492
v -0.014395 0.751440 4.470398
v -0.013936 0.759032 4.470581
v -0.015478 0.756625 4.469070
v -0.015636 0.755809 4.468930
v -0.015694 0.754966 4.468913
v -0.015649 0.754128 4.469018
v -0.015503 0.753329 4.469243
v -0.014934 0.751964 4.470011
v -0.013940 0.751068 4.470986
v -0.013051 0.750806 4.472345
v -0.014646 0.758627 4.470323
v -0.015092 0.758060 4.469876
v -0.015501 0.757390 4.469594
v -0.015976 0.756659 4.469645
v -0.016166 0.755845 4.469541
v -0.016234 0.755002 4.469535
v -0.016179 0.754164 4.469628
v -0.016002 0.753363 4.469818
v -0.015544 0.752605 4.469867
v -0.015099 0.751485 4.471321
v -0.014482 0.759087 4.471488
v -0.016020 0.757448 4.470445
v -0.016361 0.756697 4.470312
v -0.016574 0.755885 4.470248
v -0.016651 0.755043 4.470256
v -0.016587 0.754205 4.470336
v -0.016387 0.753401 4.470484
v -0.015453 0.751994 4.470650
v -0.013679 0.759320 4.471474
v -0.015101 0.758677 4.471136
v -0.015657 0.758142 4.470897
v -0.016617 0.756737 4.471045
v -0.016846 0.755928 4.471025
v -0.016927 0.755087 4.471049
v -0.016859 0.754248 4.471114
v -0.016643 0.753441 4.471217
v -0.016215 0.752673 4.471076
v -0.015806 0.752050 4.471522
v -0.014440 0.751103 4.471592
v -0.013633 0.750858 4.471734
v -0.015233 0.758732 4.472316
v -0.016335 0.757516 4.471509
v -0.016734 0.756778 4.471815
v -0.016970 0.755972 4.471844
v -0.017054 0.755132 4.471883
v -0.016983 0.754291 4.471932
v -0.016760 0.753482 4.471988
v -0.016392 0.752736 4.472048
v -0.015859 0.758191 4.472038
v -0.016707 0.756819 4.472594
v -0.016942 0.756015 4.472671
v -0.017025 0.755176 4.472726
v -0.016955 0.754334 4.472759
v -0.016733 0.753523 4.472766
v -0.015906 0.752087 4.472358
v -0.014600 0.751148 4.472385
v -0.014500 0.759124 4.472304
v -0.015620 0.758250 4.473199
v -0.016265 0.757589 4.472907
v -0.016539 0.756857 4.473351
v -0.016763 0.756055 4.473475
v -0.016843 0.755217 4.473547
v -0.016776 0.754375 4.473563
v -0.016564 0.753561 4.473524
v -0.016302 0.752783 4.473158
v -0.015289 0.751568 4.472692
v -0.015905 0.757623 4.473817
v -0.016234 0.756892 4.474059
v -0.016439 0.756092 4.474226
v -0.016513 0.755255 4.474311
v -0.016452 0.754412 4.474313
v -0.016260 0.753596 4.474231
v -0.015668 0.752146 4.473519
v -0.013837 0.750904 4.472522
v -0.015137 0.758281 4.473991
v -0.015805 0.756921 4.474688
v -0.015984 0.756123 4.474893
v -0.016049 0.755287 4.474992
v -0.015997 0.754443 4.474981
v -0.015831 0.753626 4.474860
v -0.015734 0.752845 4.474417
v -0.015030 0.752192 4.474492
v -0.014405 0.751184 4.473155
v -0.013724 0.759365 4.472264
v -0.014130 0.759163 4.473050
v -0.014668 0.758805 4.473549
v -0.015251 0.757674 4.474681
v -0.015269 0.756945 4.475214
v -0.015415 0.756148 4.475453
v -0.015469 0.755312 4.475563
v -0.015428 0.754468 4.475541
v -0.015295 0.753649 4.475387
v -0.014706 0.751607 4.473930
v -0.014541 0.758312 4.474539
v -0.014142 0.757721 4.475359
v -0.014646 0.756961 4.475619
v -0.014753 0.756166 4.475883
v -0.014794 0.755330 4.476001
v -0.014766 0.754485 4.475970
v -0.014672 0.753665 4.475792
v -0.014756 0.752886 4.475345
v -0.014089 0.752218 4.475127
v -0.012955 0.759385 4.472774
v -0.013724 0.758318 4.474909
v -0.013959 0.756970 4.475886
v -0.014024 0.756175 4.476166
v -0.014051 0.755339 4.476290
v -0.014038 0.754495 4.476254
v -0.013985 0.753674 4.476059
v -0.013262 0.753674 4.476178
v -0.013597 0.751637 4.474626
v -0.013616 0.751211 4.473886
v -0.013427 0.750930 4.473109
v 0.081516 0.757778 4.466708
v 0.082135 0.755098 4.468690
v 0.082137 0.754262 4.468816
v 0.082122 0.753417 4.468778
v 0.081738 0.751804 4.468233
v 0.081761 0.758110 4.466002
v 0.082306 0.757221 4.467391
v 0.082409 0.756583 4.467955
v 0.082439 0.755873 4.468376
v 0.082895 0.755083 4.468525
v 0.082912 0.754247 4.468648
v 0.082882 0.753403 4.468613
v 0.082804 0.752583 4.468421
v 0.082204 0.751142 4.467694
v 0.082601 0.757723 4.466576
v 0.083336 0.757215 4.466896
v 0.083502 0.755858 4.467947
v 0.083608 0.755061 4.468205
v 0.083639 0.754224 4.468322
v 0.083595 0.753380 4.468293
v 0.083006 0.751843 4.467993
v 0.083037 0.751126 4.467372
v 0.082552 0.750572 4.466939
v 0.083618 0.756587 4.467377
v 0.084247 0.755031 4.467742
v 0.084290 0.754194 4.467850
v 0.084233 0.753351 4.467831
v 0.083764 0.752568 4.467960
v 0.082378 0.750130 4.466213
v 0.082074 0.749851 4.465478
v 0.082722 0.758082 4.465591
v 0.084078 0.757176 4.466070
v 0.084345 0.755855 4.467271
v 0.084786 0.754996 4.467155
v 0.084841 0.754159 4.467251
v 0.084773 0.753316 4.467243
v 0.084586 0.752502 4.467131
v 0.084088 0.751729 4.467158
v 0.083689 0.751060 4.466825
v 0.083258 0.750533 4.466408
v 0.082485 0.758272 4.464538
v 0.083476 0.757700 4.465846
v 0.084530 0.756545 4.466356
v 0.085008 0.755760 4.466308
v 0.085206 0.754957 4.466465
v 0.085269 0.754118 4.466547
v 0.085193 0.753277 4.466553
v 0.084982 0.752465 4.466481
v 0.082932 0.750102 4.465677
v 0.081698 0.758348 4.464310
v 0.084442 0.757110 4.465247
v 0.085013 0.756451 4.465032
v 0.085275 0.755721 4.465587
v 0.085490 0.754915 4.465699
v 0.085559 0.754075 4.465767
v 0.085477 0.753235 4.465787
v 0.085249 0.752425 4.465759
v 0.084807 0.751682 4.465961
v 0.084306 0.751042 4.465888
v 0.083741 0.750495 4.465645
v 0.083199 0.758038 4.464773
v 0.083912 0.757632 4.464791
v 0.085405 0.755680 4.464822
v 0.085628 0.754871 4.464887
v 0.085699 0.754031 4.464939
v 0.085615 0.753191 4.464975
v 0.085379 0.752384 4.464994
v 0.084556 0.757073 4.464416
v 0.085025 0.756388 4.464044
v 0.085391 0.755639 4.464042
v 0.085613 0.754828 4.464059
v 0.085684 0.753987 4.464095
v 0.085600 0.753148 4.464148
v 0.085365 0.752343 4.464215
v 0.085017 0.751608 4.464583
v 0.084508 0.750969 4.464736
v 0.083864 0.750406 4.464444
v 0.083181 0.750054 4.464927
v 0.083126 0.757976 4.463645
v 0.083883 0.757588 4.463848
v 0.085234 0.755600 4.463279
v 0.085447 0.754787 4.463249
v 0.085515 0.753945 4.463268
v 0.085434 0.753107 4.463337
v 0.085209 0.752304 4.463451
v 0.082446 0.749814 4.464839
v 0.084336 0.757013 4.463246
v 0.084751 0.756344 4.462965
v 0.084941 0.755565 4.462560
v 0.085136 0.754749 4.462486
v 0.085197 0.753907 4.462491
v 0.085123 0.753069 4.462574
v 0.084915 0.752269 4.462732
v 0.084713 0.751539 4.463217
v 0.084289 0.750910 4.463566
v 0.083062 0.750017 4.464118
v 0.083376 0.757537 4.462769
v 0.084523 0.755534 4.461914
v 0.084692 0.754717 4.461800
v 0.084744 0.753874 4.461791
v 0.084678 0.753037 4.461888
v 0.084497 0.752238 4.462086
v 0.083818 0.750878 4.462754
v 0.083484 0.750373 4.463385
v 0.083714 0.756966 4.462248
v 0.083980 0.756290 4.461819
v 0.083995 0.755510 4.461365
v 0.084131 0.754691 4.461217
v 0.084173 0.753847 4.461197
v 0.084118 0.753011 4.461306
v 0.083969 0.752214 4.461538
v 0.083943 0.751485 4.462070
v 0.082615 0.749984 4.463470
v 0.082300 0.758232 4.463746
v 0.083214 0.756256 4.461247
v 0.083378 0.755492 4.460935
v 0.083476 0.754672 4.460761
v 0.083505 0.753828 4.460732
v 0.083463 0.752992 4.460849
v 0.083352 0.752196 4.461108
v 0.083176 0.751471 4.461498
v 0.083224 0.750856 4.462165
v 0.082856 0.750343 4.462721
v 0.082783 0.756938 4.461575
v 0.082695 0.755482 4.460640
v 0.082752 0.754661 4.460447
v 0.082766 0.753817 4.460413
v 0.082739 0.752981 4.460536
v 0.082670 0.752186 4.460813
v 0.082276 0.757946 4.462801
v 0.082254 0.757507 4.462029
v 0.081915 0.756926 4.461347
v 0.082221 0.756255 4.460878
v 0.081974 0.755480 4.460491
v 0.081986 0.754659 4.460289
v 0.081986 0.753814 4.460251
v 0.081973 0.752979 4.460378
v 0.081948 0.752184 4.460664
v 0.082183 0.751449 4.461129
v 0.082197 0.750829 4.461713
v 0.081996 0.750331 4.462363
v 0.081930 0.749976 4.463124
v 0.081241 0.755486 4.460495
v 0.081208 0.754665 4.460293
v 0.081192 0.753821 4.460255
v 0.081195 0.752985 4.460382
v 0.081216 0.752190 4.460667
v 0.081932 0.749763 4.463949
v 0.081364 0.757938 4.462706
v 0.081182 0.757501 4.462000
v 0.081126 0.756941 4.461378
v 0.080906 0.756267 4.460908
v 0.080525 0.755499 4.460650
v 0.080448 0.754680 4.460458
v 0.080417 0.753836 4.460423
v 0.080435 0.753000 4.460546
v 0.080500 0.752203 4.460823
v 0.080868 0.751461 4.461160
v 0.081078 0.750837 4.461698
v 0.081500 0.758226 4.463467
v 0.079854 0.755520 4.460951
v 0.079735 0.754702 4.460778
v 0.079690 0.753858 4.460750
v 0.079722 0.753022 4.460866
v 0.079828 0.752224 4.461124
v 0.080887 0.750336 4.462445
v 0.081190 0.749980 4.463146
v 0.080396 0.757533 4.462370
v 0.080093 0.756972 4.461819
v 0.079709 0.756306 4.461472
v 0.079252 0.755548 4.461387
v 0.079096 0.754731 4.461241
v 0.079039 0.753888 4.461221
v 0.079083 0.753051 4.461329
v 0.079226 0.752252 4.461560
v 0.079672 0.751500 4.461724
v 0.080045 0.750868 4.462138
v 0.079986 0.750384 4.463067
v 0.080537 0.757972 4.463174
v 0.078744 0.755581 4.461941
v 0.078557 0.754766 4.461829
v 0.078489 0.753924 4.461821
v 0.078543 0.753086 4.461916
v 0.078718 0.752285 4.462113
v 0.079395 0.750913 4.462775
v 0.080530 0.750007 4.463570
v 0.081631 0.749735 4.464761
v 0.079790 0.757573 4.463038
v 0.079271 0.757011 4.462672
v 0.078815 0.756345 4.462461
v 0.078348 0.755618 4.462591
v 0.078136 0.754806 4.462519
v 0.078061 0.753964 4.462524
v 0.078123 0.753125 4.462606
v 0.078322 0.752322 4.462763
v 0.078775 0.751560 4.462735
v 0.079447 0.750434 4.464094
v 0.080150 0.758029 4.464160
v 0.078446 0.756405 4.463387
v 0.078080 0.755658 4.463312
v 0.077852 0.754848 4.463284
v 0.077771 0.754007 4.463305
v 0.077839 0.753168 4.463372
v 0.078054 0.752362 4.463485
v 0.078990 0.750947 4.463492
v 0.080942 0.758256 4.464012
v 0.079478 0.757626 4.463916
v 0.078885 0.757096 4.463772
v 0.077951 0.755699 4.464077
v 0.077715 0.754892 4.464097
v 0.077631 0.754052 4.464133
v 0.077702 0.753211 4.464185
v 0.077925 0.752403 4.464250
v 0.078316 0.751632 4.464039
v 0.078789 0.751004 4.464410
v 0.080138 0.750045 4.464251
v 0.080956 0.749793 4.464256
v 0.079545 0.757680 4.465102
v 0.078313 0.756474 4.464489
v 0.077965 0.755740 4.464857
v 0.077730 0.754935 4.464924
v 0.077646 0.754096 4.464976
v 0.077716 0.753255 4.465012
v 0.077939 0.752444 4.465029
v 0.078304 0.751694 4.465027
v 0.078877 0.757144 4.464931
v 0.078121 0.755778 4.465621
v 0.077896 0.754976 4.465735
v 0.077815 0.754138 4.465803
v 0.077883 0.753296 4.465823
v 0.078095 0.752482 4.465793
v 0.078829 0.751040 4.465251
v 0.080114 0.750090 4.465060
v 0.080270 0.758065 4.464968
v 0.079307 0.757199 4.466037
v 0.078616 0.756544 4.465855
v 0.078414 0.755814 4.466339
v 0.078207 0.755013 4.466498
v 0.078132 0.754176 4.466581
v 0.078194 0.753333 4.466586
v 0.078388 0.752518 4.466512
v 0.078579 0.751738 4.466106
v 0.079489 0.750515 4.465477
v 0.079123 0.756573 4.466692
v 0.078833 0.755844 4.466985
v 0.078651 0.755046 4.467184
v 0.078586 0.754209 4.467280
v 0.078638 0.753366 4.467272
v 0.078807 0.752548 4.467158
v 0.079259 0.751095 4.466356
v 0.080886 0.749839 4.465067
v 0.079915 0.757224 4.466737
v 0.079361 0.755869 4.467534
v 0.079212 0.755072 4.467766
v 0.079157 0.754236 4.467874
v 0.079199 0.753392 4.467854
v 0.079335 0.752573 4.467706
v 0.079349 0.751792 4.467253
v 0.080051 0.751133 4.467208
v 0.080435 0.750123 4.465786
v 0.081030 0.758299 4.464798
v 0.080759 0.758099 4.465641
v 0.080309 0.757745 4.466223
v 0.079913 0.756616 4.467435
v 0.079978 0.755886 4.467964
v 0.079867 0.755091 4.468223
v 0.079825 0.754255 4.468340
v 0.079853 0.753411 4.468311
v 0.079952 0.752591 4.468137
v 0.080271 0.750547 4.466600
v 0.080595 0.757248 4.467177
v 0.081120 0.756653 4.467919
v 0.080660 0.755897 4.468259
v 0.080591 0.755102 4.468536
v 0.080563 0.754266 4.468659
v 0.080578 0.753421 4.468624
v 0.080634 0.752601 4.468431
v 0.080469 0.751823 4.468005
v 0.081085 0.751150 4.467678
v 0.081874 0.758312 4.465173
v 0.081462 0.757247 4.467406
v 0.081381 0.755899 4.468408
v 0.081357 0.755104 4.468694
v 0.081344 0.754268 4.468820
v 0.081344 0.753424 4.468782
v 0.081356 0.752603 4.468580
v 0.082088 0.752597 4.468577
v 0.081481 0.750566 4.467101
v 0.081335 0.750142 4.466374
v 0.081389 0.749861 4.465577
v -0.014067 0.751907 4.474742
v -0.013765 0.749233 4.476806
v -0.013777 0.748397 4.476932
v -0.013779 0.747553 4.476893
v -0.014051 0.745936 4.476295
v -0.013711 0.752241 4.474087
v -0.013398 0.751358 4.475549
v -0.013385 0.750721 4.476123
v -0.013420 0.750011 4.476545
v -0.012988 0.749225 4.476770
v -0.012984 0.748389 4.476896
v -0.013001 0.747545 4.476858
v -0.013039 0.746725 4.476657
v -0.013497 0.745278 4.475842
v -0.012975 0.751861 4.474794
v -0.012300 0.751360 4.475232
v -0.012300 0.750005 4.476300
v -0.012232 0.749209 4.476573
v -0.012213 0.748373 4.476696
v -0.012245 0.747529 4.476661
v -0.012762 0.745986 4.476271
v -0.012621 0.745269 4.475665
v -0.013022 0.744710 4.475158
v -0.012096 0.750735 4.475755
v -0.011524 0.749185 4.476224
v -0.011492 0.748349 4.476339
v -0.011538 0.747505 4.476312
v -0.012015 0.746717 4.476363
v -0.013069 0.744267 4.474414
v -0.013244 0.743985 4.473639
v -0.012695 0.752221 4.473842
v -0.011430 0.751327 4.474543
v -0.011355 0.750010 4.475774
v -0.010894 0.749155 4.475735
v -0.010849 0.748317 4.475840
v -0.010907 0.747474 4.475822
v -0.011066 0.746658 4.475682
v -0.011554 0.745881 4.475627
v -0.011887 0.745208 4.475235
v -0.012238 0.744678 4.474752
v -0.012754 0.752409 4.472764
v -0.011990 0.751846 4.474220
v -0.011026 0.750700 4.474901
v -0.010541 0.749920 4.474935
v -0.010364 0.749119 4.475124
v -0.010309 0.748281 4.475218
v -0.010377 0.747438 4.475213
v -0.010567 0.746624 4.475108
v -0.012433 0.744244 4.473978
v -0.013492 0.752477 4.472408
v -0.010933 0.751264 4.473792
v -0.010328 0.750610 4.473677
v -0.010156 0.749882 4.474269
v -0.009956 0.749078 4.474417
v -0.009893 0.748240 4.474497
v -0.009969 0.747398 4.474505
v -0.010182 0.746586 4.474441
v -0.010646 0.745840 4.474568
v -0.011122 0.745196 4.474413
v -0.011634 0.744643 4.474081
v -0.012087 0.752181 4.473115
v -0.011384 0.751781 4.473253
v -0.009901 0.749842 4.473536
v -0.009684 0.749036 4.473639
v -0.009616 0.748196 4.473704
v -0.009698 0.747355 4.473727
v -0.009926 0.746546 4.473709
v -0.010681 0.751227 4.472991
v -0.010151 0.750547 4.472704
v -0.009784 0.749801 4.472765
v -0.009560 0.748992 4.472821
v -0.009489 0.748151 4.472870
v -0.009573 0.747312 4.472909
v -0.009810 0.746505 4.472938
v -0.010208 0.745767 4.473244
v -0.010729 0.745124 4.473311
v -0.011311 0.744555 4.472917
v -0.012062 0.744197 4.473280
v -0.011971 0.752118 4.471991
v -0.011255 0.751736 4.472318
v -0.009810 0.749760 4.471986
v -0.009588 0.748949 4.471994
v -0.009518 0.748107 4.472026
v -0.009602 0.747268 4.472082
v -0.009836 0.746464 4.472159
v -0.012770 0.743950 4.473071
v -0.010702 0.751165 4.471802
v -0.010241 0.750500 4.471595
v -0.009979 0.749722 4.471229
v -0.009768 0.748908 4.471190
v -0.009701 0.748066 4.471207
v -0.009781 0.747228 4.471278
v -0.010005 0.746426 4.471401
v -0.010279 0.745694 4.471847
v -0.010750 0.745061 4.472121
v -0.012044 0.744159 4.472463
v -0.011574 0.751680 4.471170
v -0.010283 0.749687 4.470522
v -0.010091 0.748871 4.470439
v -0.010030 0.748028 4.470441
v -0.010104 0.747191 4.470528
v -0.010309 0.746391 4.470695
v -0.011078 0.745025 4.471243
v -0.011509 0.744518 4.471810
v -0.011149 0.751112 4.470714
v -0.010809 0.750438 4.470336
v -0.010712 0.749658 4.469893
v -0.010546 0.748840 4.469772
v -0.010494 0.747996 4.469760
v -0.010559 0.747160 4.469860
v -0.010738 0.746362 4.470066
v -0.010846 0.745633 4.470588
v -0.012376 0.744122 4.471750
v -0.012803 0.752366 4.471951
v -0.011469 0.750397 4.469645
v -0.011248 0.749634 4.469366
v -0.011115 0.748815 4.469212
v -0.011075 0.747971 4.469190
v -0.011128 0.747135 4.469300
v -0.011274 0.746338 4.469538
v -0.011507 0.745612 4.469895
v -0.011566 0.744998 4.470562
v -0.012017 0.744482 4.471051
v -0.011954 0.751075 4.469894
v -0.011872 0.749618 4.468961
v -0.011777 0.748798 4.468782
v -0.011749 0.747953 4.468752
v -0.011790 0.747117 4.468871
v -0.011898 0.746322 4.469133
v -0.012667 0.752080 4.471017
v -0.012556 0.751640 4.470252
v -0.012771 0.751055 4.469525
v -0.012386 0.750387 4.469115
v -0.012558 0.749609 4.468694
v -0.012506 0.748788 4.468499
v -0.012492 0.747944 4.468463
v -0.012519 0.747108 4.468587
v -0.012584 0.746313 4.468866
v -0.012424 0.745581 4.469366
v -0.012502 0.744961 4.469945
v -0.012805 0.744462 4.470554
v -0.012993 0.744107 4.471293
v -0.013281 0.749609 4.468575
v -0.013273 0.748788 4.468373
v -0.013275 0.747943 4.468334
v -0.013286 0.747108 4.468461
v -0.013307 0.746313 4.468748
v -0.013128 0.743895 4.472107
v -0.013551 0.752064 4.470770
v -0.013609 0.751624 4.470045
v -0.013555 0.751063 4.469424
v -0.013688 0.750387 4.468925
v -0.014013 0.749616 4.468609
v -0.014050 0.748796 4.468409
v -0.014067 0.747952 4.468370
v -0.014064 0.747116 4.468496
v -0.014039 0.746320 4.468781
v -0.013725 0.745582 4.469177
v -0.013603 0.744959 4.469743
v -0.013546 0.752353 4.471543
v -0.014726 0.749631 4.468794
v -0.014807 0.748812 4.468605
v -0.014839 0.747968 4.468571
v -0.014820 0.747132 4.468693
v -0.014752 0.746336 4.468966
v -0.013912 0.744457 4.470449
v -0.013727 0.744104 4.471192
v -0.014446 0.751650 4.470279
v -0.014648 0.751085 4.469686
v -0.014962 0.750416 4.469281
v -0.015392 0.749654 4.469123
v -0.015514 0.748836 4.468955
v -0.015560 0.747992 4.468927
v -0.015527 0.747156 4.469042
v -0.015418 0.746358 4.469296
v -0.015000 0.745610 4.469533
v -0.014695 0.744982 4.470005
v -0.014904 0.744497 4.470912
v -0.014445 0.752090 4.471095
v -0.015986 0.749683 4.469584
v -0.016145 0.748866 4.469444
v -0.016203 0.748023 4.469426
v -0.016158 0.747186 4.469532
v -0.016012 0.746387 4.469757
v -0.015443 0.745022 4.470525
v -0.014449 0.744126 4.471500
v -0.013560 0.743864 4.472858
v -0.015155 0.751684 4.470836
v -0.015600 0.751118 4.470390
v -0.016010 0.750448 4.470107
v -0.016485 0.749717 4.470159
v -0.016674 0.748902 4.470054
v -0.016743 0.748060 4.470048
v -0.016688 0.747222 4.470142
v -0.016511 0.746421 4.470331
v -0.016053 0.745663 4.470380
v -0.015607 0.744543 4.471835
v -0.014991 0.752144 4.472002
v -0.016528 0.750505 4.470958
v -0.016870 0.749754 4.470825
v -0.017083 0.748943 4.470761
v -0.017159 0.748101 4.470769
v -0.017096 0.747262 4.470849
v -0.016895 0.746459 4.470997
v -0.015962 0.745052 4.471164
v -0.014188 0.752378 4.471987
v -0.015610 0.751735 4.471650
v -0.016166 0.751200 4.471410
v -0.017125 0.749795 4.471558
v -0.017354 0.748986 4.471539
v -0.017436 0.748145 4.471562
v -0.017367 0.747305 4.471627
v -0.017151 0.746499 4.471730
v -0.016724 0.745731 4.471590
v -0.016315 0.745107 4.472035
v -0.014949 0.744160 4.472105
v -0.014141 0.743916 4.472247
v -0.015742 0.751790 4.472830
v -0.016844 0.750574 4.472022
v -0.017242 0.749836 4.472328
v -0.017478 0.749029 4.472357
v -0.017562 0.748190 4.472396
v -0.017491 0.747349 4.472445
v -0.017268 0.746540 4.472501
v -0.016901 0.745794 4.472562
v -0.016367 0.751249 4.472552
v -0.017216 0.749877 4.473107
v -0.017450 0.749072 4.473184
v -0.017534 0.748233 4.473240
v -0.017463 0.747392 4.473272
v -0.017242 0.746581 4.473280
v -0.016415 0.745145 4.472871
v -0.015108 0.744206 4.472899
v -0.015008 0.752182 4.472817
v -0.016129 0.751308 4.473713
v -0.016773 0.750647 4.473420
v -0.017047 0.749915 4.473865
v -0.017271 0.749113 4.473989
v -0.017351 0.748275 4.474060
v -0.017284 0.747433 4.474076
v -0.017073 0.746619 4.474037
v -0.016811 0.745841 4.473671
v -0.015798 0.744626 4.473205
v -0.016414 0.750681 4.474330
v -0.016743 0.749950 4.474572
v -0.016948 0.749150 4.474739
v -0.017022 0.748312 4.474825
v -0.016961 0.747470 4.474827
v -0.016768 0.746654 4.474744
v -0.016177 0.745204 4.474032
v -0.014346 0.743962 4.473035
v -0.015646 0.751339 4.474505
v -0.016314 0.749979 4.475201
v -0.016493 0.749181 4.475407
v -0.016558 0.748345 4.475506
v -0.016506 0.747501 4.475494
v -0.016340 0.746683 4.475373
v -0.016243 0.745902 4.474930
v -0.015538 0.745250 4.475005
v -0.014914 0.744242 4.473669
v -0.014233 0.752423 4.472777
v -0.014638 0.752220 4.473563
v -0.015176 0.751863 4.474062
v -0.015759 0.750731 4.475194
v -0.015778 0.750003 4.475728
v -0.015923 0.749206 4.475966
v -0.015977 0.748370 4.476076
v -0.015937 0.747526 4.476054
v -0.015803 0.746707 4.475900
v -0.015214 0.744665 4.474443
v -0.015050 0.751369 4.475053
v -0.014651 0.750779 4.475873
v -0.015154 0.750019 4.476132
v -0.015262 0.749223 4.476396
v -0.015302 0.748388 4.476514
v -0.015275 0.747543 4.476484
v -0.015180 0.746723 4.476305
v -0.015264 0.745943 4.475858
v -0.014597 0.745276 4.475640
v -0.013463 0.752443 4.473287
v -0.014233 0.751375 4.475422
v -0.014468 0.750028 4.476399
v -0.014533 0.749233 4.476679
v -0.014559 0.748397 4.476803
v -0.014546 0.747552 4.476767
v -0.014494 0.746732 4.476572
v -0.013771 0.746732 4.476691
v -0.014106 0.744695 4.475139
v -0.014124 0.744269 4.474399
v -0.013936 0.743988 4.473622
v 0.081752 0.750666 4.469737
v 0.082370 0.747985 4.471719
v 0.082373 0.747149 4.471846
v 0.082357 0.746305 4.471807
v 0.081974 0.744691 4.471262
v 0.081997 0.750998 4.469032
v 0.082542 0.750109 4.470420
v 0.082645 0.749470 4.470984
v 0.082674 0.748760 4.471405
v 0.083130 0.747970 4.471554
v 0.083148 0.747134 4.471677
v 0.083117 0.746290 4.471642
v 0.083040 0.745471 4.471450
v 0.082440 0.744029 4.470723
v 0.082837 0.750610 4.469605
v 0.083571 0.750102 4.469924
v 0.083738 0.748746 4.470976
v 0.083844 0.747948 4.471234
v 0.083875 0.747112 4.471351
v 0.083830 0.746268 4.471322
v 0.083242 0.744731 4.471023
v 0.083273 0.744013 4.470401
v 0.082788 0.743459 4.469968
v 0.083854 0.749475 4.470406
v 0.084482 0.747919 4.470771
v 0.084526 0.747082 4.470879
v 0.084469 0.746239 4.470860
v 0.084000 0.745455 4.470989
v 0.082614 0.743017 4.469242
v 0.082309 0.742739 4.468507
v 0.082958 0.750969 4.468621
v 0.084314 0.750063 4.469100
v 0.084581 0.748743 4.470300
v 0.085022 0.747884 4.470184
v 0.085076 0.747046 4.470280
v 0.085009 0.746204 4.470272
v 0.084822 0.745389 4.470160
v 0.084324 0.744616 4.470187
v 0.083924 0.743947 4.469854
v 0.083493 0.743421 4.469437
v 0.082721 0.751160 4.467567
v 0.083712 0.750588 4.468875
v 0.084766 0.749432 4.469385
v 0.085243 0.748648 4.469337
v 0.085442 0.747845 4.469494
v 0.085505 0.747006 4.469576
v 0.085429 0.746164 4.469582
v 0.085217 0.745352 4.469510
v 0.083168 0.742990 4.468706
v 0.081934 0.751235 4.467340
v 0.084678 0.749998 4.468276
v 0.085249 0.749338 4.468061
v 0.085511 0.748608 4.468616
v 0.085726 0.747802 4.468728
v 0.085794 0.746963 4.468796
v 0.085713 0.746122 4.468816
v 0.085485 0.745312 4.468788
v 0.085043 0.744569 4.468990
v 0.084541 0.743930 4.468917
v 0.083976 0.743382 4.468674
v 0.083435 0.750925 4.467802
v 0.084148 0.750520 4.467820
v 0.085640 0.748567 4.467851
v 0.085864 0.747759 4.467916
v 0.085934 0.746918 4.467968
v 0.085850 0.746078 4.468004
v 0.085615 0.745271 4.468023
v 0.084792 0.749960 4.467445
v 0.085261 0.749276 4.467073
v 0.085627 0.748526 4.467072
v 0.085849 0.747715 4.467089
v 0.085920 0.746874 4.467124
v 0.085836 0.746035 4.467176
v 0.085601 0.745230 4.467244
v 0.085252 0.744496 4.467612
v 0.084744 0.743857 4.467764
v 0.084099 0.743293 4.467473
v 0.083417 0.742941 4.467957
v 0.083362 0.750864 4.466674
v 0.084118 0.750475 4.466877
v 0.085470 0.748488 4.466308
v 0.085683 0.747674 4.466278
v 0.085750 0.746832 4.466298
v 0.085670 0.745994 4.466366
v 0.085444 0.745192 4.466480
v 0.082682 0.742701 4.467867
v 0.084572 0.749901 4.466275
v 0.084986 0.749232 4.465994
v 0.085177 0.748452 4.465589
v 0.085372 0.747637 4.465515
v 0.085433 0.746794 4.465519
v 0.085358 0.745957 4.465603
v 0.085151 0.745156 4.465762
v 0.084949 0.744426 4.466246
v 0.084524 0.743797 4.466595
v 0.083298 0.742905 4.467147
v 0.083611 0.750425 4.465798
v 0.084758 0.748422 4.464943
v 0.084927 0.747604 4.464829
v 0.084980 0.746761 4.464820
v 0.084914 0.745924 4.464917
v 0.084733 0.745126 4.465116
v 0.084054 0.743765 4.465784
v 0.083720 0.743261 4.466414
v 0.083949 0.749853 4.465277
v 0.084216 0.749178 4.464848
v 0.084230 0.748397 4.464394
v 0.084367 0.747578 4.464246
v 0.084408 0.746734 4.464226
v 0.084354 0.745898 4.464334
v 0.084205 0.745101 4.464567
v 0.084178 0.744372 4.465099
v 0.082851 0.742872 4.466499
v 0.082536 0.751120 4.466774
v 0.083449 0.749144 4.464276
v 0.083613 0.748379 4.463964
v 0.083712 0.747559 4.463790
v 0.083741 0.746715 4.463761
v 0.083699 0.745879 4.463878
v 0.083588 0.745084 4.464137
v 0.083412 0.744359 4.464527
v 0.083459 0.743743 4.465194
v 0.083091 0.743231 4.465750
v 0.083018 0.749825 4.464603
v 0.082931 0.748369 4.463669
v 0.082988 0.747549 4.463477
v 0.083002 0.746704 4.463441
v 0.082974 0.745868 4.463564
v 0.082905 0.745073 4.463841
v 0.082512 0.750834 4.465830
v 0.082490 0.750395 4.465057
v 0.082151 0.749813 4.464376
v 0.082457 0.749142 4.463907
v 0.082210 0.748367 4.463520
v 0.082222 0.747546 4.463319
v 0.082221 0.746702 4.463280
v 0.082209 0.745866 4.463407
v 0.082184 0.745071 4.463693
v 0.082419 0.744337 4.464158
v 0.082432 0.743716 4.464742
v 0.082232 0.743219 4.465392
v 0.082166 0.742864 4.466153
v 0.081477 0.748373 4.463524
v 0.081444 0.747553 4.463322
v 0.081428 0.746708 4.463284
v 0.081431 0.745872 4.463410
v 0.081451 0.745077 4.463696
v 0.082168 0.742651 4.466978
v 0.081599 0.750826 4.465734
v 0.081417 0.750388 4.465029
v 0.081361 0.749828 4.464407
v 0.081141 0.749154 4.463937
v 0.080761 0.748387 4.463679
v 0.080684 0.747567 4.463487
v 0.080653 0.746723 4.463452
v 0.080671 0.745887 4.463575
v 0.080735 0.745091 4.463851
v 0.081104 0.744349 4.464189
v 0.081314 0.743724 4.464726
v 0.081735 0.751113 4.466496
v 0.080089 0.748408 4.463981
v 0.079971 0.747590 4.463807
v 0.079926 0.746746 4.463778
v 0.079957 0.745909 4.463895
v 0.080063 0.745112 4.464153
v 0.081122 0.743224 4.465474
v 0.081425 0.742867 4.466175
v 0.080631 0.750421 4.465399
v 0.080328 0.749859 4.464848
v 0.079945 0.749193 4.464501
v 0.079488 0.748435 4.464417
v 0.079332 0.747619 4.464270
v 0.079275 0.746776 4.464251
v 0.079319 0.745939 4.464358
v 0.079462 0.745139 4.464589
v 0.079907 0.744388 4.464753
v 0.080281 0.743755 4.465167
v 0.080222 0.743271 4.466095
v 0.080772 0.750859 4.466203
v 0.078979 0.748468 4.464970
v 0.078792 0.747654 4.464858
v 0.078725 0.746811 4.464849
v 0.078779 0.745974 4.464946
v 0.078953 0.745172 4.465142
v 0.079631 0.743801 4.465804
v 0.080765 0.742895 4.466599
v 0.081867 0.742622 4.467790
v 0.080026 0.750460 4.466067
v 0.079507 0.749899 4.465701
v 0.079050 0.749233 4.465490
v 0.078584 0.748505 4.465620
v 0.078372 0.747693 4.465548
v 0.078296 0.746852 4.465553
v 0.078359 0.746013 4.465636
v 0.078558 0.745210 4.465792
v 0.079011 0.744448 4.465764
v 0.079683 0.743321 4.467123
v 0.080386 0.750917 4.467189
v 0.078682 0.749293 4.466416
v 0.078316 0.748545 4.466341
v 0.078088 0.747736 4.466313
v 0.078007 0.746895 4.466334
v 0.078075 0.746055 4.466402
v 0.078290 0.745249 4.466514
v 0.079226 0.743834 4.466521
v 0.081177 0.751143 4.467041
v 0.079713 0.750513 4.466945
v 0.079120 0.749984 4.466801
v 0.078186 0.748586 4.467106
v 0.077951 0.747779 4.467125
v 0.077867 0.746939 4.467162
v 0.077937 0.746099 4.467214
v 0.078161 0.745290 4.467279
v 0.078552 0.744519 4.467068
v 0.079024 0.743891 4.467439
v 0.080374 0.742932 4.467279
v 0.081192 0.742681 4.467285
v 0.079781 0.750567 4.468131
v 0.078549 0.749362 4.467518
v 0.078200 0.748627 4.467885
v 0.077965 0.747822 4.467953
v 0.077881 0.746983 4.468006
v 0.077952 0.746142 4.468041
v 0.078174 0.745331 4.468058
v 0.078540 0.744582 4.468056
v 0.079113 0.750032 4.467960
v 0.078357 0.748666 4.468649
v 0.078131 0.747863 4.468764
v 0.078051 0.747025 4.468832
v 0.078118 0.746183 4.468852
v 0.078331 0.745370 4.468822
v 0.079065 0.743928 4.468280
v 0.080350 0.742977 4.468089
v 0.080505 0.750953 4.467997
v 0.079542 0.750086 4.469066
v 0.078852 0.749431 4.468884
v 0.078650 0.748701 4.469368
v 0.078443 0.747901 4.469527
v 0.078368 0.747063 4.469610
v 0.078429 0.746221 4.469615
v 0.078624 0.745405 4.469541
v 0.078815 0.744626 4.469135
v 0.079725 0.743403 4.468506
v 0.079359 0.749461 4.469722
v 0.079068 0.748732 4.470014
v 0.078887 0.747933 4.470212
v 0.078821 0.747096 4.470309
v 0.078874 0.746253 4.470301
v 0.079043 0.745436 4.470187
v 0.079495 0.743982 4.469385
v 0.081122 0.742726 4.468096
v 0.080151 0.750111 4.469766
v 0.079596 0.748756 4.470563
v 0.079447 0.747959 4.470795
v 0.079393 0.747123 4.470903
v 0.079434 0.746279 4.470883
v 0.079571 0.745460 4.470736
v 0.079585 0.744680 4.470282
v 0.080287 0.744021 4.470237
v 0.080670 0.743010 4.468815
v 0.081265 0.751187 4.467827
v 0.080995 0.750986 4.468670
v 0.080545 0.750632 4.469252
v 0.080149 0.749504 4.470464
v 0.080213 0.748774 4.470993
v 0.080102 0.747978 4.471252
v 0.080060 0.747142 4.471369
v 0.080089 0.746298 4.471340
v 0.080188 0.745478 4.471166
v 0.080507 0.743434 4.469629
v 0.080830 0.750136 4.470207
v 0.081355 0.749540 4.470948
v 0.080896 0.748784 4.471288
v 0.080827 0.747989 4.471565
v 0.080799 0.747153 4.471688
v 0.080813 0.746309 4.471653
v 0.080870 0.745488 4.471461
v 0.080705 0.744710 4.471034
v 0.081321 0.744037 4.470707
v 0.082109 0.751199 4.468202
v 0.081697 0.750134 4.470435
v 0.081617 0.748786 4.471437
v 0.081592 0.747991 4.471723
v 0.081580 0.747156 4.471849
v 0.081579 0.746311 4.471811
v 0.081591 0.745490 4.471609
v 0.082324 0.745484 4.471606
v 0.081717 0.743453 4.470130
v 0.081571 0.743029 4.469403
v 0.081625 0.742748 4.468606
v 0.037223 0.716560 4.475657
v 0.037841 0.713879 4.477639
v 0.037844 0.713043 4.477766
v 0.037828 0.712199 4.477727
v 0.037445 0.710585 4.477181
v 0.037467 0.716891 4.474952
v 0.038013 0.716003 4.476340
v 0.038116 0.715364 4.476904
v 0.038145 0.714654 4.477325
v 0.038601 0.713864 4.477474
v 0.038619 0.713028 4.477597
v 0.038588 0.712184 4.477562
v 0.038511 0.711364 4.477371
v 0.037911 0.709923 4.476643
v 0.038308 0.716504 4.475525
v 0.039042 0.715996 4.475844
v 0.039208 0.714639 4.476897
v 0.039315 0.713842 4.477154
v 0.039346 0.713005 4.477271
v 0.039301 0.712162 4.477242
v 0.038713 0.710625 4.476943
v 0.038744 0.709907 4.476322
v 0.038259 0.709353 4.475888
v 0.039325 0.715369 4.476326
v 0.039953 0.713813 4.476692
v 0.039997 0.712975 4.476799
v 0.039940 0.712132 4.476779
v 0.039471 0.711349 4.476909
v 0.038085 0.708911 4.475162
v 0.037780 0.708632 4.474428
v 0.038429 0.716863 4.474541
v 0.039785 0.715957 4.475019
v 0.040052 0.714637 4.476220
v 0.040493 0.713778 4.476104
v 0.040547 0.712940 4.476200
v 0.040480 0.712097 4.476192
v 0.040293 0.711283 4.476080
v 0.039795 0.710510 4.476107
v 0.039395 0.709841 4.475775
v 0.038964 0.709314 4.475357
v 0.038192 0.717053 4.473487
v 0.039183 0.716481 4.474795
v 0.040237 0.715326 4.475306
v 0.040714 0.714542 4.475257
v 0.040913 0.713738 4.475414
v 0.040976 0.712900 4.475497
v 0.040900 0.712058 4.475502
v 0.040688 0.711246 4.475430
v 0.038639 0.708884 4.474626
v 0.037405 0.717129 4.473259
v 0.040149 0.715891 4.474196
v 0.040720 0.715232 4.473981
v 0.040982 0.714502 4.474536
v 0.041197 0.713696 4.474648
v 0.041265 0.712856 4.474716
v 0.041184 0.712016 4.474736
v 0.040956 0.711206 4.474709
v 0.040514 0.710463 4.474910
v 0.040012 0.709824 4.474837
v 0.039447 0.709276 4.474594
v 0.038906 0.716819 4.473722
v 0.039619 0.716414 4.473741
v 0.041111 0.714461 4.473771
v 0.041335 0.713652 4.473836
v 0.041405 0.712812 4.473888
v 0.041321 0.711972 4.473924
v 0.041086 0.711165 4.473944
v 0.040263 0.715854 4.473365
v 0.040732 0.715170 4.472993
v 0.041097 0.714420 4.472991
v 0.041320 0.713609 4.473009
v 0.041391 0.712768 4.473044
v 0.041307 0.711929 4.473097
v 0.041072 0.711124 4.473164
v 0.040723 0.710389 4.473532
v 0.040215 0.709750 4.473685
v 0.039570 0.709187 4.473393
v 0.038888 0.708835 4.473876
v 0.038833 0.716757 4.472594
v 0.039589 0.716369 4.472797
v 0.040941 0.714381 4.472228
v 0.041154 0.713568 4.472198
v 0.041221 0.712726 4.472218
v 0.041141 0.711888 4.472286
v 0.040915 0.711085 4.472400
v 0.038153 0.708595 4.473787
v 0.040043 0.715795 4.472195
v 0.040457 0.715126 4.471914
v 0.040648 0.714346 4.471509
v 0.040843 0.713530 4.471435
v 0.040904 0.712688 4.471440
v 0.040829 0.711850 4.471523
v 0.040622 0.711050 4.471682
v 0.040420 0.710320 4.472166
v 0.039995 0.709691 4.472515
v 0.038769 0.708799 4.473068
v 0.039082 0.716318 4.471718
v 0.040229 0.714315 4.470863
v 0.040398 0.713498 4.470749
v 0.040451 0.712655 4.470740
v 0.040385 0.711818 4.470837
v 0.040204 0.711020 4.471035
v 0.039525 0.709659 4.471704
v 0.039191 0.709154 4.472334
v 0.039420 0.715747 4.471198
v 0.039687 0.715072 4.470768
v 0.039701 0.714291 4.470315
v 0.039838 0.713472 4.470167
v 0.039879 0.712628 4.470147
v 0.039825 0.711792 4.470254
v 0.039676 0.710995 4.470487
v 0.039649 0.710266 4.471020
v 0.038322 0.708766 4.472420
v 0.038007 0.717013 4.472695
v 0.038920 0.715037 4.470197
v 0.039084 0.714273 4.469884
v 0.039183 0.713453 4.469710
v 0.039212 0.712609 4.469681
v 0.039170 0.711773 4.469798
v 0.039059 0.710977 4.470057
v 0.038883 0.710252 4.470447
v 0.038930 0.709637 4.471114
v 0.038562 0.709124 4.471671
v 0.038489 0.715719 4.470524
v 0.038402 0.714263 4.469589
v 0.038458 0.713442 4.469397
v 0.038473 0.712598 4.469361
v 0.038445 0.711762 4.469485
v 0.038376 0.710967 4.469762
v 0.037983 0.716728 4.471750
v 0.037961 0.716288 4.470977
v 0.037622 0.715707 4.470296
v 0.037928 0.715036 4.469827
v 0.037681 0.714261 4.469440
v 0.037693 0.713440 4.469239
v 0.037692 0.712596 4.469201
v 0.037680 0.711760 4.469327
v 0.037655 0.710965 4.469613
v 0.037890 0.710231 4.470078
v 0.037903 0.709610 4.470662
v 0.037703 0.709112 4.471313
v 0.037637 0.708758 4.472073
v 0.036948 0.714267 4.469444
v 0.036915 0.713446 4.469243
v 0.036899 0.712602 4.469204
v 0.036902 0.711766 4.469330
v 0.036922 0.710971 4.469616
v 0.037639 0.708544 4.472898
v 0.037070 0.716719 4.471655
v 0.036888 0.716282 4.470949
v 0.036832 0.715722 4.470327
v 0.036612 0.715048 4.469858
v 0.036232 0.714280 4.469599
v 0.036155 0.713461 4.469408
v 0.036124 0.712617 4.469373
v 0.036142 0.711781 4.469495
v 0.036206 0.710985 4.469772
v 0.036575 0.710242 4.470109
v 0.036785 0.709618 4.470646
v 0.037206 0.717007 4.472416
v 0.035560 0.714302 4.469901
v 0.035442 0.713483 4.469728
v 0.035397 0.712640 4.469699
v 0.035428 0.711803 4.469816
v 0.035534 0.711006 4.470073
v 0.036593 0.709117 4.471395
v 0.036896 0.708761 4.472095
v 0.036102 0.716314 4.471320
v 0.035799 0.715753 4.470768
v 0.035416 0.715087 4.470421
v 0.034959 0.714329 4.470336
v 0.034803 0.713512 4.470190
v 0.034746 0.712669 4.470170
v 0.034790 0.711832 4.470278
v 0.034933 0.711033 4.470509
v 0.035378 0.710281 4.470673
v 0.035752 0.709649 4.471087
v 0.035693 0.709165 4.472015
v 0.036243 0.716753 4.472124
v 0.034450 0.714362 4.470890
v 0.034263 0.713547 4.470778
v 0.034196 0.712705 4.470770
v 0.034250 0.711867 4.470866
v 0.034424 0.711066 4.471063
v 0.035102 0.709695 4.471725
v 0.036236 0.708788 4.472519
v 0.037338 0.708516 4.473711
v 0.035496 0.716354 4.471987
v 0.034978 0.715793 4.471621
v 0.034521 0.715127 4.471410
v 0.034055 0.714399 4.471540
v 0.033843 0.713587 4.471468
v 0.033767 0.712745 4.471473
v 0.033830 0.711907 4.471556
v 0.034029 0.711103 4.471713
v 0.034482 0.710341 4.471684
v 0.035154 0.709215 4.473043
v 0.035857 0.716810 4.473109
v 0.034153 0.715187 4.472336
v 0.033787 0.714439 4.472261
v 0.033559 0.713629 4.472234
v 0.033478 0.712788 4.472254
v 0.033546 0.711949 4.472322
v 0.033761 0.711143 4.472434
v 0.034697 0.709728 4.472441
v 0.036648 0.717037 4.472961
v 0.035184 0.716407 4.472865
v 0.034591 0.715877 4.472722
v 0.033657 0.714480 4.473026
v 0.033422 0.713673 4.473046
v 0.033337 0.712833 4.473082
v 0.033408 0.711993 4.473134
v 0.033632 0.711184 4.473199
v 0.034023 0.710413 4.472989
v 0.034495 0.709785 4.473360
v 0.035845 0.708826 4.473200
v 0.036662 0.708574 4.473205
v 0.035252 0.716461 4.474051
v 0.034020 0.715256 4.473438
v 0.033671 0.714521 4.473806
v 0.033436 0.713716 4.473873
v 0.033352 0.712877 4.473926
v 0.033423 0.712036 4.473961
v 0.033645 0.711225 4.473979
v 0.034011 0.710475 4.473977
v 0.034584 0.715925 4.473881
v 0.033828 0.714559 4.474570
v 0.033602 0.713757 4.474684
v 0.033522 0.712919 4.474752
v 0.033589 0.712077 4.474772
v 0.033802 0.711264 4.474742
v 0.034536 0.709822 4.474200
v 0.035821 0.708871 4.474009
v 0.035976 0.716846 4.473917
v 0.035013 0.715980 4.474986
v 0.034323 0.715325 4.474804
v 0.034121 0.714595 4.475288
v 0.033914 0.713795 4.475447
v 0.033839 0.712957 4.475530
v 0.033900 0.712114 4.475535
v 0.034095 0.711299 4.475461
v 0.034286 0.710519 4.475056
v 0.035196 0.709297 4.474426
v 0.034830 0.715354 4.475642
v 0.034539 0.714625 4.475935
v 0.034358 0.713827 4.476133
v 0.034292 0.712990 4.476230
v 0.034345 0.712147 4.476221
v 0.034514 0.711330 4.476107
v 0.034965 0.709876 4.475306
v 0.036593 0.708620 4.474016
v 0.035622 0.716005 4.475686
v 0.035067 0.714650 4.476483
v 0.034918 0.713853 4.476716
v 0.034864 0.713017 4.476823
v 0.034905 0.712173 4.476803
v 0.035042 0.711354 4.476655
v 0.035056 0.710573 4.476202
v 0.035758 0.709915 4.476158
v 0.036141 0.708904 4.474736
v 0.036736 0.717080 4.473748
v 0.036466 0.716880 4.474590
v 0.036016 0.716526 4.475172
v 0.035620 0.715397 4.476385
v 0.035684 0.714668 4.476913
v 0.035573 0.713872 4.477172
v 0.035531 0.713036 4.477289
v 0.035560 0.712192 4.477260
v 0.035659 0.711372 4.477086
v 0.035978 0.709328 4.475550
v 0.036301 0.716030 4.476127
v 0.036826 0.715434 4.476869
v 0.036367 0.714678 4.477208
v 0.036298 0.713883 4.477485
v 0.036270 0.713047 4.477609
v 0.036284 0.712203 4.477573
v 0.036341 0.711382 4.477381
v 0.036176 0.710604 4.476954
v 0.036792 0.709931 4.476627
v 0.037580 0.717093 4.474122
v 0.037168 0.716028 4.476355
v 0.037088 0.714680 4.477357
v 0.037063 0.713885 4.477643
v 0.037051 0.713049 4.477769
v 0.037050 0.712205 4.477731
v 0.037062 0.711384 4.477530
v 0.037795 0.711378 4.477526
v 0.037188 0.709347 4.476050
v 0.037042 0.708923 4.475324
v 0.037096 0.708642 4.474526
v 0.029705 0.716920 4.476223
v 0.028991 0.714259 4.478199
v 0.028966 0.713424 4.478327
v 0.028963 0.712579 4.478291
v 0.029316 0.710956 4.477755
v 0.029480 0.717256 4.475513
v 0.028892 0.716383 4.476894
v 0.028764 0.715749 4.477457
v 0.028711 0.715040 4.477879
v 0.028233 0.714262 4.478022
v 0.028194 0.713427 4.478147
v 0.028205 0.712582 4.478113
v 0.028266 0.711761 4.477924
v 0.028844 0.710304 4.477210
v 0.028622 0.716890 4.476073
v 0.027870 0.716400 4.476381
v 0.027655 0.715050 4.477433
v 0.027525 0.714256 4.477690
v 0.027472 0.713420 4.477808
v 0.027497 0.712576 4.477782
v 0.028054 0.711025 4.477495
v 0.028016 0.710306 4.476874
v 0.028495 0.709740 4.476450
v 0.027565 0.715780 4.476859
v 0.026894 0.714241 4.477217
v 0.026828 0.713405 4.477326
v 0.026866 0.712561 4.477309
v 0.027314 0.711767 4.477447
v 0.028671 0.709293 4.475728
v 0.028980 0.709005 4.474999
v 0.028526 0.717249 4.475086
v 0.027141 0.716377 4.475544
v 0.026822 0.715066 4.476743
v 0.026363 0.714217 4.476621
v 0.026287 0.713381 4.476717
v 0.026335 0.712537 4.476712
v 0.026505 0.711718 4.476604
v 0.026983 0.710934 4.476641
v 0.027372 0.710255 4.476317
v 0.027798 0.709717 4.475907
v 0.028785 0.717432 4.474037
v 0.027758 0.716886 4.475329
v 0.026669 0.715757 4.475823
v 0.026174 0.714984 4.475769
v 0.025954 0.714186 4.475924
v 0.025870 0.713350 4.476007
v 0.025926 0.712506 4.476016
v 0.026119 0.711689 4.475948
v 0.028125 0.709277 4.475183
v 0.029576 0.717488 4.473822
v 0.026789 0.716318 4.474715
v 0.026206 0.715672 4.474492
v 0.025918 0.714949 4.475044
v 0.025682 0.714149 4.475154
v 0.025592 0.713311 4.475222
v 0.025653 0.712469 4.475245
v 0.025862 0.711654 4.475223
v 0.026284 0.710901 4.475433
v 0.026771 0.710250 4.475369
v 0.027327 0.709689 4.475137
v 0.028062 0.717215 4.474260
v 0.027339 0.716826 4.474267
v 0.025800 0.714910 4.474277
v 0.025557 0.714107 4.474339
v 0.025465 0.713269 4.474391
v 0.025528 0.712427 4.474431
v 0.025745 0.711614 4.474455
v 0.026688 0.716281 4.473882
v 0.026209 0.715607 4.473504
v 0.025826 0.714867 4.473497
v 0.025584 0.714061 4.473513
v 0.025493 0.713222 4.473548
v 0.025556 0.712382 4.473604
v 0.025770 0.711572 4.473677
v 0.026095 0.710829 4.474051
v 0.026585 0.710179 4.474214
v 0.027221 0.709600 4.473934
v 0.027887 0.709233 4.474429
v 0.028152 0.717149 4.473133
v 0.027383 0.716779 4.473324
v 0.025994 0.714823 4.472737
v 0.025762 0.714015 4.472705
v 0.025675 0.713174 4.472725
v 0.025734 0.712335 4.472796
v 0.025938 0.711527 4.472916
v 0.028618 0.708976 4.474353
v 0.026925 0.716214 4.472716
v 0.026500 0.715555 4.472430
v 0.026298 0.714779 4.472023
v 0.026085 0.713968 4.471947
v 0.026004 0.713127 4.471952
v 0.026057 0.712288 4.472038
v 0.026242 0.711484 4.472202
v 0.026419 0.710750 4.472691
v 0.026823 0.710112 4.473048
v 0.028019 0.709192 4.473622
v 0.027906 0.716714 4.472254
v 0.026726 0.714737 4.471384
v 0.026540 0.713923 4.471269
v 0.026467 0.713082 4.471261
v 0.026512 0.712244 4.471360
v 0.026671 0.711442 4.471563
v 0.027306 0.710067 4.472245
v 0.027618 0.709556 4.472882
v 0.027563 0.716150 4.471729
v 0.027288 0.715480 4.471296
v 0.027262 0.714698 4.470844
v 0.027109 0.713883 4.470695
v 0.027048 0.713040 4.470676
v 0.027081 0.712203 4.470787
v 0.027207 0.711403 4.471023
v 0.027207 0.710675 4.471558
v 0.028476 0.709147 4.472982
v 0.028981 0.717386 4.473247
v 0.028063 0.715426 4.470738
v 0.027886 0.714665 4.470424
v 0.027771 0.713847 4.470250
v 0.027722 0.713004 4.470222
v 0.027743 0.712168 4.470341
v 0.027830 0.711370 4.470603
v 0.027982 0.710642 4.470998
v 0.027909 0.710030 4.471665
v 0.028256 0.709509 4.472229
v 0.028504 0.716098 4.471071
v 0.028572 0.714638 4.470140
v 0.028500 0.713819 4.469949
v 0.028466 0.712975 4.469915
v 0.028471 0.712139 4.470040
v 0.028517 0.711343 4.470320
v 0.029014 0.717097 4.472303
v 0.029039 0.716656 4.471532
v 0.029375 0.716065 4.470858
v 0.029061 0.715400 4.470385
v 0.029296 0.714619 4.470004
v 0.029268 0.713798 4.469804
v 0.029249 0.712954 4.469767
v 0.029239 0.712118 4.469895
v 0.029240 0.711324 4.470183
v 0.028980 0.710596 4.470646
v 0.028943 0.709977 4.471230
v 0.029121 0.709476 4.471885
v 0.029166 0.709122 4.472647
v 0.030028 0.714607 4.470019
v 0.030045 0.713786 4.469820
v 0.030042 0.712941 4.469784
v 0.030017 0.712106 4.469912
v 0.029973 0.711312 4.470198
v 0.029145 0.708911 4.473472
v 0.029928 0.717067 4.472223
v 0.030111 0.716624 4.471521
v 0.030164 0.716061 4.470901
v 0.030375 0.715381 4.470437
v 0.030742 0.714604 4.470187
v 0.030803 0.713783 4.469997
v 0.030814 0.712938 4.469965
v 0.030775 0.712103 4.470089
v 0.030686 0.711309 4.470366
v 0.030295 0.710577 4.470698
v 0.030061 0.709959 4.471233
v 0.029786 0.717359 4.472982
v 0.031409 0.714610 4.470499
v 0.031511 0.713789 4.470329
v 0.031536 0.712944 4.470303
v 0.031483 0.712109 4.470421
v 0.031353 0.711315 4.470678
v 0.030228 0.709455 4.471985
v 0.029906 0.709108 4.472682
v 0.030891 0.716638 4.471905
v 0.031190 0.716069 4.471359
v 0.031563 0.715393 4.471021
v 0.032004 0.714624 4.470945
v 0.032142 0.713804 4.470802
v 0.032180 0.712960 4.470785
v 0.032114 0.712124 4.470894
v 0.031948 0.711329 4.471124
v 0.031483 0.710588 4.471282
v 0.031088 0.709966 4.471691
v 0.031119 0.709483 4.472621
v 0.030748 0.717082 4.472706
v 0.032503 0.714646 4.471507
v 0.032673 0.713828 4.471399
v 0.032721 0.712984 4.471394
v 0.032645 0.712148 4.471490
v 0.032448 0.711351 4.471685
v 0.031727 0.709998 4.472339
v 0.030559 0.709120 4.473116
v 0.029432 0.708877 4.474289
v 0.031487 0.716665 4.472582
v 0.031998 0.716091 4.472226
v 0.032442 0.715414 4.472024
v 0.032889 0.714676 4.472163
v 0.033082 0.713858 4.472095
v 0.033138 0.713015 4.472104
v 0.033054 0.712179 4.472187
v 0.032834 0.711380 4.472342
v 0.032363 0.710629 4.472307
v 0.031642 0.709522 4.473657
v 0.031119 0.717132 4.473697
v 0.032797 0.715467 4.472956
v 0.033146 0.714711 4.472888
v 0.033355 0.713896 4.472866
v 0.033416 0.713053 4.472889
v 0.033327 0.712216 4.472957
v 0.033090 0.711416 4.473067
v 0.032121 0.710023 4.473062
v 0.030336 0.717377 4.473536
v 0.031786 0.716713 4.473465
v 0.032368 0.716169 4.473332
v 0.033263 0.714750 4.473656
v 0.033480 0.713938 4.473680
v 0.033543 0.713096 4.473720
v 0.033452 0.712258 4.473772
v 0.033208 0.711455 4.473835
v 0.032802 0.710693 4.473619
v 0.032309 0.710077 4.473983
v 0.030940 0.709150 4.473803
v 0.030117 0.708918 4.473795
v 0.031700 0.716771 4.474650
v 0.032913 0.715535 4.474060
v 0.033238 0.714793 4.474434
v 0.033452 0.713983 4.474507
v 0.033515 0.713143 4.474563
v 0.033424 0.712303 4.474598
v 0.033182 0.711498 4.474614
v 0.032799 0.710757 4.474607
v 0.032358 0.716219 4.474492
v 0.033070 0.714837 4.475195
v 0.033274 0.714030 4.475315
v 0.033333 0.713190 4.475386
v 0.033246 0.712350 4.475406
v 0.033014 0.711542 4.475374
v 0.032255 0.710117 4.474823
v 0.030952 0.709196 4.474612
v 0.030987 0.717173 4.474503
v 0.031912 0.716286 4.475589
v 0.032589 0.715615 4.475420
v 0.032766 0.714881 4.475909
v 0.032951 0.714077 4.476073
v 0.033004 0.713238 4.476159
v 0.032923 0.712397 4.476164
v 0.032710 0.711586 4.476088
v 0.032508 0.710810 4.475681
v 0.031580 0.709608 4.475039
v 0.032069 0.715658 4.476249
v 0.032337 0.714923 4.476548
v 0.032496 0.714121 4.476751
v 0.032541 0.713283 4.476851
v 0.032468 0.712441 4.476842
v 0.032282 0.711628 4.476727
v 0.031809 0.710184 4.475921
v 0.030174 0.708964 4.474607
v 0.031292 0.716327 4.476280
v 0.031801 0.714962 4.477088
v 0.031927 0.714162 4.477324
v 0.031960 0.713325 4.477435
v 0.031899 0.712482 4.477416
v 0.031746 0.711666 4.477267
v 0.031720 0.710885 4.476815
v 0.031004 0.710243 4.476760
v 0.030620 0.709239 4.475334
v 0.030236 0.717425 4.474321
v 0.030487 0.717220 4.475168
v 0.030919 0.716856 4.475758
v 0.031268 0.715722 4.476979
v 0.031178 0.714995 4.477508
v 0.031266 0.714197 4.477770
v 0.031286 0.713361 4.477889
v 0.031237 0.712517 4.477861
v 0.031122 0.711700 4.477687
v 0.030780 0.709661 4.476150
v 0.030606 0.716369 4.476709
v 0.030055 0.715788 4.477443
v 0.030491 0.715022 4.477791
v 0.030537 0.714226 4.478071
v 0.030542 0.713390 4.478196
v 0.030508 0.712546 4.478162
v 0.030436 0.711727 4.477971
v 0.030589 0.710944 4.477548
v 0.029963 0.710285 4.477212
v 0.029386 0.717458 4.474681
v 0.029736 0.716389 4.476923
v 0.029768 0.715041 4.477928
v 0.029769 0.714247 4.478216
v 0.029759 0.713411 4.478344
v 0.029740 0.712567 4.478307
v 0.029712 0.711746 4.478107
v 0.028980 0.711758 4.478092
v 0.029563 0.709709 4.476630
v 0.029711 0.709280 4.475907
v 0.029663 0.708999 4.475109
v 0.040224 0.714266 4.476122
v 0.040124 0.715291 4.474991
v 0.039968 0.715610 4.473504
v 0.039800 0.715140 4.472058
v 0.039664 0.714004 4.471042
v 0.039596 0.712509 4.470728
v 0.039614 0.711015 4.471196
v 0.039716 0.710030 4.472331
v 0.039871 0.709710 4.473818
v 0.040040 0.710181 4.475264
v 0.040176 0.711277 4.476288
v 0.040243 0.712811 4.476594
v 0.048498 0.714201 4.475212
v 0.045083 0.715214 4.474446
v 0.044627 0.715534 4.472993
v 0.044760 0.715064 4.471517
v 0.047937 0.713939 4.470134
v 0.047741 0.712436 4.469833
v 0.044654 0.709951 4.471791
v 0.045089 0.709632 4.473247
v 0.044977 0.710102 4.474722
v 0.048388 0.712738 4.475699
v 0.049795 0.715321 4.473920
v 0.049364 0.715626 4.472466
v 0.049472 0.715170 4.470992
v 0.049365 0.711077 4.470122
v 0.049637 0.710058 4.471235
v 0.050071 0.709754 4.472691
v 0.049960 0.710209 4.474167
v 0.049926 0.711339 4.475203
v 0.053954 0.714703 4.474584
v 0.053612 0.715704 4.473479
v 0.053196 0.715988 4.472025
v 0.053289 0.715553 4.470551
v 0.053393 0.714441 4.469506
v 0.055399 0.713255 4.468946
v 0.053566 0.711482 4.469637
v 0.053917 0.710479 4.470740
v 0.054357 0.710201 4.472195
v 0.054240 0.710630 4.473674
v 0.054127 0.711744 4.474719
v 0.056046 0.713557 4.474812
v 0.057104 0.715430 4.474199
v 0.056639 0.716392 4.473110
v 0.056215 0.716648 4.471658
v 0.056315 0.716242 4.470181
v 0.056543 0.715169 4.469121
v 0.057121 0.712269 4.469204
v 0.057593 0.711306 4.470291
v 0.058058 0.711065 4.471742
v 0.057917 0.711457 4.473227
v 0.057682 0.712531 4.474287
v 0.060159 0.716757 4.473787
v 0.058450 0.717102 4.472876
v 0.058141 0.717389 4.471407
v 0.058127 0.716950 4.469943
v 0.059600 0.716496 4.468721
v 0.060225 0.715159 4.468312
v 0.059513 0.713194 4.468894
v 0.060035 0.712258 4.469974
v 0.060344 0.711970 4.471443
v 0.060359 0.712409 4.472907
v 0.060074 0.713456 4.473974
v 0.060873 0.715462 4.474184
v 0.060067 0.717986 4.472638
v 0.059722 0.718239 4.471189
v 0.059746 0.717836 4.469732
v 0.061589 0.714306 4.468612
v 0.062233 0.713434 4.469689
v 0.062574 0.713184 4.471134
v 0.062552 0.713583 4.472586
v 0.062149 0.714567 4.473683
v 0.062669 0.718626 4.473420
v 0.061931 0.719428 4.472370
v 0.061631 0.719748 4.470900
v 0.061608 0.719277 4.469441
v 0.062108 0.718364 4.468342
v 0.063029 0.717278 4.467897
v 0.064046 0.716247 4.468235
v 0.064779 0.715438 4.469285
v 0.065046 0.715089 4.470763
v 0.065103 0.715589 4.472220
v 0.064607 0.716508 4.473318
v 0.063676 0.717580 4.473763
v 0.065171 0.721361 4.473003
v 0.063639 0.721245 4.472088
v 0.063296 0.721548 4.470624
v 0.063316 0.721095 4.469159
v 0.064610 0.721099 4.467925
v 0.065718 0.720247 4.467447
v 0.066101 0.718458 4.467896
v 0.066936 0.717745 4.468930
v 0.067260 0.717421 4.470399
v 0.067259 0.717896 4.471863
v 0.066661 0.718719 4.472977
v 0.066365 0.720549 4.473313
v 0.065230 0.723386 4.471803
v 0.064859 0.723675 4.470342
v 0.064906 0.723235 4.468873
v 0.067907 0.720907 4.467570
v 0.068806 0.720271 4.468594
v 0.069169 0.719970 4.470057
v 0.069130 0.720422 4.471526
v 0.068468 0.721168 4.472651
v 0.068231 0.726110 4.472422
v 0.067283 0.726675 4.471409
v 0.066804 0.726812 4.469966
v 0.066959 0.726524 4.468474
v 0.067671 0.725849 4.467342
v 0.068729 0.724934 4.466874
v 0.070007 0.724285 4.467165
v 0.070939 0.723690 4.468182
v 0.071444 0.723598 4.469619
v 0.071262 0.723841 4.471116
v 0.070568 0.724546 4.472245
v 0.069488 0.725424 4.472717
v 0.070780 0.734011 4.469156
v 0.074232 0.734789 4.465759
v 0.074002 0.731517 4.466351
v 0.074957 0.730964 4.467363
v 0.075281 0.731115 4.470298
v 0.074563 0.731779 4.471432
v 0.072219 0.733333 4.471611
v 0.071279 0.733912 4.470595
v 0.070955 0.733761 4.467661
v 0.071659 0.733071 4.466530
v 0.075434 0.730825 4.468807
v 0.074978 0.735228 4.471607
v 0.074552 0.737070 4.471161
v 0.073675 0.737737 4.470134
v 0.072568 0.736916 4.468810
v 0.073351 0.737586 4.467200
v 0.073991 0.736808 4.466080
v 0.076291 0.735158 4.465912
v 0.077173 0.734501 4.466938
v 0.077531 0.734198 4.468402
v 0.076888 0.733735 4.469984
v 0.076851 0.735420 4.470991
v 0.073871 0.738740 4.468572
v 0.078218 0.735581 4.469742
v 0.076983 0.739910 4.470747
v 0.075554 0.740002 4.469810
v 0.075213 0.740291 4.468344
v 0.075231 0.739851 4.466876
v 0.076422 0.739648 4.465665
v 0.077326 0.738546 4.465224
v 0.077779 0.736935 4.465656
v 0.078577 0.736189 4.466696
v 0.078944 0.735926 4.468157
v 0.078339 0.737197 4.470736
v 0.077973 0.738848 4.471090
v 0.079744 0.737126 4.469493
v 0.076912 0.741233 4.469597
v 0.076616 0.741541 4.468125
v 0.076588 0.741082 4.466662
v 0.079173 0.738123 4.465442
v 0.079779 0.737225 4.466511
v 0.080068 0.736919 4.467982
v 0.079734 0.738384 4.470520
v 0.078852 0.741209 4.470473
v 0.078313 0.742140 4.469396
v 0.078074 0.742464 4.467916
v 0.077989 0.741989 4.466461
v 0.078291 0.740947 4.465392
v 0.079861 0.740087 4.464863
v 0.080508 0.740389 4.470733
v 0.081029 0.737800 4.469310
v 0.080721 0.741921 4.470226
v 0.079750 0.742730 4.469198
v 0.079491 0.743029 4.467731
v 0.079428 0.742580 4.466281
v 0.080161 0.741660 4.465154
v 0.080681 0.738728 4.465246
v 0.080987 0.737718 4.466359
v 0.081214 0.737410 4.467830
v 0.081241 0.738990 4.470320
v 0.081151 0.742997 4.469038
v 0.080873 0.743307 4.467564
v 0.080827 0.742846 4.466104
v 0.082082 0.737917 4.469196
v 0.083038 0.741935 4.469974
v 0.082448 0.743005 4.468894
v 0.082237 0.743329 4.467412
v 0.082124 0.742854 4.465961
v 0.082477 0.741674 4.464892
v 0.082919 0.740088 4.464528
v 0.082007 0.738758 4.465096
v 0.082009 0.737737 4.466238
v 0.082163 0.737413 4.467725
v 0.082567 0.739019 4.470175
v 0.083567 0.740391 4.470393
v 0.083636 0.742813 4.468773
v 0.083486 0.743139 4.467284
v 0.083312 0.742662 4.465839
v 0.083067 0.737689 4.469099
v 0.084933 0.741337 4.469796
v 0.085179 0.742291 4.468630
v 0.085069 0.742621 4.467136
v 0.084855 0.742140 4.465695
v 0.084373 0.741075 4.464715
v 0.083231 0.738388 4.464980
v 0.082979 0.737438 4.466146
v 0.083039 0.737131 4.467643
v 0.083791 0.738650 4.470059
v 0.083972 0.737215 4.469024
v 0.086468 0.740413 4.469674
v 0.086899 0.741263 4.468493
v 0.086874 0.741566 4.466991
v 0.086575 0.741112 4.465559
v 0.085908 0.740151 4.464593
v 0.085590 0.738544 4.464312
v 0.084288 0.737767 4.464895
v 0.083854 0.736920 4.466076
v 0.083842 0.736644 4.467579
v 0.084849 0.738028 4.469975
v 0.086238 0.738846 4.470178
v 0.084732 0.736601 4.468971
v 0.087684 0.739323 4.469595
v 0.088256 0.740055 4.468405
v 0.088296 0.740321 4.466898
v 0.087932 0.739904 4.465471
v 0.087124 0.739062 4.464515
v 0.085505 0.736638 4.464819
v 0.084571 0.736285 4.466029
v 0.084502 0.736050 4.467537
v 0.086065 0.736899 4.469898
v 0.085331 0.735917 4.468941
v 0.089034 0.737542 4.469541
v 0.089323 0.738726 4.468356
v 0.089413 0.738949 4.466846
v 0.088999 0.738575 4.465422
v 0.088473 0.737280 4.464455
v 0.087261 0.736486 4.464234
v 0.085137 0.735585 4.466003
v 0.085023 0.735395 4.467514
v 0.087908 0.736788 4.470099
v 0.085968 0.734870 4.468929
v 0.090144 0.737300 4.468343
v 0.090213 0.737598 4.466827
v 0.089819 0.737149 4.465401
v 0.086539 0.734897 4.464793
v 0.085733 0.734516 4.465988
v 0.085596 0.734336 4.467505
v 0.087100 0.735159 4.469875
v 0.090831 0.736151 4.466834
v 0.089908 0.735504 4.469547
v 0.090754 0.735762 4.468351
v 0.090430 0.735611 4.465417
v 0.089347 0.735242 4.464466
v 0.088206 0.734080 4.464253
v 0.088853 0.734382 4.470119
v 0.086340 0.733732 4.468942
v 0.091281 0.734424 4.466873
v 0.087031 0.732951 4.464840
v 0.086059 0.733370 4.466015
v 0.087591 0.733213 4.469920
v 0.090253 0.733994 4.469586
v 0.091137 0.734070 4.468396
v 0.090813 0.733919 4.465462
v 0.089693 0.733733 4.464506
v 0.085885 0.733214 4.467531
v 0.086458 0.732875 4.468973
v 0.091449 0.732544 4.466951
v 0.086141 0.732501 4.466051
v 0.090346 0.732361 4.469660
v 0.091236 0.732233 4.468480
v 0.090912 0.732082 4.465545
v 0.089785 0.732099 4.464580
v 0.088336 0.731345 4.464380
v 0.085932 0.732404 4.467567
v 0.088983 0.731647 4.470246
v 0.086422 0.731941 4.469025
v 0.091270 0.730519 4.467075
v 0.086930 0.731259 4.464939
v 0.086060 0.731539 4.466110
v 0.087490 0.731520 4.470018
v 0.090129 0.730597 4.469775
v 0.090987 0.730260 4.468609
v 0.090663 0.730108 4.465674
v 0.089568 0.730335 4.464694
v 0.085821 0.731495 4.467626
v 0.086186 0.730897 4.469105
v 0.090676 0.728398 4.467250
v 0.086575 0.729984 4.465044
v 0.085766 0.730472 4.466197
v 0.087135 0.730246 4.470123
v 0.089539 0.728746 4.469935
v 0.090324 0.728202 4.468788
v 0.090000 0.728051 4.465853
v 0.088978 0.728485 4.464855
v 0.087286 0.728179 4.464659
v 0.085501 0.730487 4.467713
v 0.087933 0.728481 4.470525
v 0.085699 0.729786 4.469215
v 0.089595 0.726259 4.467479
v 0.085912 0.728668 4.465184
v 0.085209 0.729356 4.466316
v 0.086472 0.728930 4.470264
v 0.088508 0.726889 4.470145
v 0.089174 0.726147 4.469021
v 0.088850 0.725996 4.466086
v 0.087947 0.726627 4.465064
v 0.084925 0.729445 4.467831
v 0.084915 0.728693 4.469358
v 0.088437 0.724774 4.467683
v 0.084888 0.727408 4.465362
v 0.084343 0.728283 4.466467
v 0.085448 0.727669 4.470442
v 0.086955 0.725148 4.470407
v 0.087935 0.724708 4.469231
v 0.087611 0.724557 4.466297
v 0.086394 0.724886 4.465325
v 0.085430 0.725972 4.464977
v 0.084050 0.728459 4.467978
v 0.086078 0.726274 4.470843
v 0.087457 0.723817 4.467841
v 0.086913 0.723815 4.469390
v 0.086589 0.723664 4.466456
v 0.083783 0.727719 4.469533
v 0.086300 0.722945 4.468014
v 0.083442 0.726330 4.465578
v 0.083122 0.727364 4.466650
v 0.084002 0.726592 4.470656
v 0.084781 0.723706 4.470721
v 0.085717 0.723023 4.469563
v 0.085393 0.722872 4.466629
v 0.084220 0.723444 4.465639
v 0.083564 0.724753 4.465246
v 0.082847 0.727654 4.468152
v 0.084212 0.725056 4.471112
v 0.084954 0.722203 4.468200
v 0.084335 0.722379 4.469748
v 0.084011 0.722228 4.466814
v 0.082342 0.727065 4.469725
v 0.083409 0.721651 4.468399
v 0.081627 0.725697 4.465811
v 0.081630 0.726832 4.466842
v 0.082188 0.725959 4.470889
v 0.082751 0.723085 4.470976
v 0.082763 0.721956 4.469944
v 0.082439 0.721805 4.467009
v 0.082190 0.722823 4.465895
v 0.081214 0.724144 4.465537
v 0.081448 0.727266 4.468327
v 0.081861 0.724447 4.471403
v 0.081665 0.721379 4.468606
v 0.081208 0.722982 4.471152
v 0.081014 0.721847 4.470143
v 0.080690 0.721696 4.467207
v 0.080647 0.722721 4.466070
v 0.081194 0.726961 4.469858
v 0.079754 0.721500 4.468810
v 0.079648 0.725840 4.466027
v 0.080466 0.726855 4.466969
v 0.080207 0.726101 4.471095
v 0.079046 0.723382 4.471364
v 0.079133 0.722167 4.470335
v 0.078809 0.722016 4.467398
v 0.078487 0.723121 4.466294
v 0.078528 0.724634 4.465805
v 0.080357 0.727397 4.468440
v 0.080374 0.727105 4.469941
v 0.079176 0.724936 4.471676
v 0.077842 0.722097 4.468990
v 0.079634 0.727114 4.467053
v 0.077173 0.723024 4.470489
v 0.076853 0.722875 4.467587
v 0.079520 0.727764 4.468513
v 0.079505 0.727500 4.470009
v 0.076884 0.724662 4.471543
v 0.075941 0.723224 4.469142
v 0.076323 0.724401 4.466461
v 0.078033 0.726715 4.466155
v 0.078715 0.727665 4.467121
v 0.078593 0.726976 4.471233
v 0.075285 0.724519 4.470638
v 0.074961 0.724367 4.467701
v 0.075274 0.727333 4.466032
v 0.078561 0.728531 4.468580
v 0.078532 0.728257 4.470084
v 0.077075 0.726458 4.471827
v 0.074872 0.726758 4.471664
v 0.074430 0.724637 4.469236
v 0.074312 0.726493 4.466568
v 0.076449 0.728311 4.466241
v 0.077356 0.729041 4.467180
v 0.077011 0.728573 4.471332
v 0.073982 0.726051 4.470701
v 0.073532 0.725730 4.469279
v 0.073658 0.725900 4.467768
v 0.077836 0.729393 4.468616
v 0.077710 0.729223 4.470127
v 0.076008 0.727712 4.471880
v 0.026633 0.714733 4.476490
v 0.026628 0.715755 4.475352
v 0.026612 0.716070 4.473855
v 0.026590 0.715595 4.472402
v 0.026567 0.714457 4.471380
v 0.026550 0.712960 4.471065
v 0.026543 0.711467 4.471536
v 0.026548 0.710485 4.472679
v 0.026564 0.710170 4.474175
v 0.026587 0.710645 4.475629
v 0.026609 0.711744 4.476658
v 0.026626 0.713280 4.476965
v 0.018313 0.714925 4.476586
v 0.021639 0.715833 4.475410
v 0.021925 0.716139 4.473912
v 0.021601 0.715673 4.472464
v 0.018246 0.714649 4.471478
v 0.018358 0.713141 4.471161
v 0.021581 0.710560 4.472740
v 0.021316 0.710254 4.474238
v 0.021619 0.710719 4.475688
v 0.018435 0.713460 4.477062
v 0.016904 0.716086 4.475457
v 0.017165 0.716378 4.473961
v 0.016866 0.715927 4.472512
v 0.016740 0.711833 4.471649
v 0.016573 0.710822 4.472790
v 0.016309 0.710531 4.474288
v 0.016612 0.710981 4.475739
v 0.016806 0.712109 4.476760
v 0.012838 0.715597 4.476621
v 0.013075 0.716587 4.475480
v 0.013321 0.716859 4.473985
v 0.013037 0.716428 4.472535
v 0.012772 0.715321 4.471514
v 0.010678 0.714197 4.471204
v 0.012525 0.712368 4.471675
v 0.012280 0.711376 4.472815
v 0.012011 0.711110 4.474313
v 0.012318 0.711536 4.475766
v 0.012592 0.712644 4.476786
v 0.010755 0.714516 4.477104
v 0.009689 0.716422 4.476617
v 0.010049 0.717370 4.475477
v 0.010301 0.717613 4.473983
v 0.010010 0.717210 4.472532
v 0.009623 0.716145 4.471510
v 0.008970 0.713265 4.471672
v 0.008603 0.712317 4.472811
v 0.008310 0.712090 4.474308
v 0.008642 0.712476 4.475763
v 0.009037 0.713542 4.476784
v 0.006648 0.717843 4.476574
v 0.008245 0.718135 4.475461
v 0.008383 0.718413 4.473965
v 0.008206 0.717975 4.472511
v 0.006582 0.717567 4.471478
v 0.005872 0.716251 4.471152
v 0.006588 0.714264 4.471650
v 0.006172 0.713344 4.472788
v 0.006034 0.713065 4.474285
v 0.006210 0.713504 4.475738
v 0.006654 0.714541 4.476759
v 0.005948 0.716571 4.477058
v 0.006639 0.719069 4.475418
v 0.006814 0.719312 4.473937
v 0.006601 0.718911 4.472495
v 0.004528 0.715440 4.471617
v 0.003993 0.714588 4.472767
v 0.003822 0.714348 4.474244
v 0.004031 0.714746 4.475681
v 0.004594 0.715716 4.476718
v 0.004172 0.719789 4.476507
v 0.004801 0.720568 4.475372
v 0.004931 0.720880 4.473876
v 0.004763 0.720409 4.472426
v 0.004106 0.719513 4.471399
v 0.003106 0.718455 4.471072
v 0.002105 0.717456 4.471534
v 0.001480 0.716670 4.472668
v 0.001383 0.716329 4.474168
v 0.001518 0.716830 4.475620
v 0.002172 0.717733 4.476645
v 0.003182 0.718775 4.476972
v 0.001724 0.722600 4.476386
v 0.003129 0.722438 4.475293
v 0.003302 0.722731 4.473797
v 0.003091 0.722279 4.472346
v 0.001658 0.722324 4.471279
v 0.000474 0.721507 4.470941
v 0.000094 0.719730 4.471437
v -0.000632 0.719043 4.472568
v -0.000785 0.718728 4.474066
v -0.000593 0.719203 4.475518
v 0.000160 0.720007 4.476548
v 0.000551 0.721826 4.476841
v 0.001582 0.724627 4.475195
v 0.001783 0.724905 4.473699
v 0.001544 0.724467 4.472248
v -0.001663 0.722234 4.471325
v -0.002451 0.721626 4.472452
v -0.002643 0.721336 4.473949
v -0.002412 0.721786 4.475402
v -0.001596 0.722511 4.476435
v -0.001237 0.727443 4.476164
v -0.000401 0.727978 4.475041
v -0.000096 0.728101 4.473550
v -0.000439 0.727819 4.472089
v -0.001303 0.727167 4.471054
v -0.002438 0.726286 4.470720
v -0.003691 0.725676 4.471165
v -0.004510 0.725110 4.472289
v -0.004840 0.725033 4.473778
v -0.004472 0.725270 4.475240
v -0.003624 0.725952 4.476275
v -0.002469 0.726796 4.476611
v -0.003916 0.735421 4.473204
v -0.007729 0.736307 4.470246
v -0.007530 0.733029 4.470817
v -0.008372 0.732506 4.471939
v -0.008334 0.732665 4.474891
v -0.007464 0.733306 4.475927
v -0.005069 0.734786 4.475816
v -0.004241 0.735337 4.474692
v -0.004279 0.735177 4.471742
v -0.005135 0.734509 4.470706
v -0.008674 0.732381 4.473430
v -0.007748 0.736766 4.476140
v -0.007322 0.738594 4.475639
v -0.006555 0.739234 4.474512
v -0.005643 0.738380 4.473066
v -0.006594 0.739074 4.471560
v -0.007388 0.738318 4.470529
v -0.009741 0.736740 4.470646
v -0.010512 0.736110 4.471774
v -0.010700 0.735818 4.473270
v -0.009885 0.735334 4.474765
v -0.009675 0.737016 4.475754
v -0.006908 0.740244 4.472981
v -0.011177 0.737221 4.474679
v -0.009696 0.741509 4.475513
v -0.008390 0.741557 4.474410
v -0.008219 0.741835 4.472912
v -0.008428 0.741397 4.471459
v -0.009762 0.741232 4.470401
v -0.010746 0.740158 4.470077
v -0.011193 0.738562 4.470566
v -0.011883 0.737841 4.471697
v -0.012078 0.737589 4.473192
v -0.011127 0.738839 4.475675
v -0.010670 0.740478 4.475977
v -0.012673 0.738812 4.474611
v -0.009724 0.742829 4.474359
v -0.009599 0.743129 4.472860
v -0.009762 0.742670 4.471407
v -0.012567 0.739793 4.470518
v -0.013066 0.738914 4.471655
v -0.013184 0.738616 4.473151
v -0.012500 0.740069 4.475626
v -0.011544 0.742865 4.475463
v -0.011111 0.743780 4.474325
v -0.011043 0.744097 4.472826
v -0.011149 0.743620 4.471373
v -0.011610 0.742589 4.470352
v -0.013258 0.741777 4.470019
v -0.013181 0.742097 4.475924
v -0.013949 0.739525 4.474583
v -0.013406 0.743635 4.475441
v -0.012542 0.744414 4.474300
v -0.012453 0.744705 4.472812
v -0.012580 0.744256 4.471366
v -0.013472 0.743359 4.470339
v -0.014067 0.740445 4.470504
v -0.014267 0.739444 4.471649
v -0.014324 0.739142 4.473137
v -0.014001 0.740721 4.475607
v -0.013943 0.744724 4.474311
v -0.013836 0.745026 4.472813
v -0.013981 0.744565 4.471359
v -0.015004 0.739676 4.474596
v -0.015735 0.743721 4.475471
v -0.015247 0.744773 4.474325
v -0.015207 0.745091 4.472827
v -0.015285 0.744613 4.471374
v -0.015801 0.743445 4.470360
v -0.016333 0.741874 4.470057
v -0.015400 0.740516 4.470515
v -0.015296 0.739495 4.471652
v -0.015278 0.739175 4.473148
v -0.015333 0.740792 4.475624
v -0.016257 0.742193 4.475956
v -0.016446 0.744618 4.474349
v -0.016468 0.744940 4.472851
v -0.016485 0.744458 4.471397
v -0.016000 0.739478 4.474620
v -0.017655 0.743182 4.475525
v -0.018011 0.744144 4.474395
v -0.018073 0.744471 4.472898
v -0.018049 0.743984 4.471443
v -0.017722 0.742906 4.470415
v -0.016640 0.740184 4.470549
v -0.016279 0.739226 4.471679
v -0.016166 0.738920 4.473173
v -0.016574 0.740461 4.475657
v -0.016922 0.739033 4.474656
v -0.019222 0.742306 4.475593
v -0.019766 0.743170 4.474470
v -0.019913 0.743473 4.472975
v -0.019804 0.743010 4.471519
v -0.019288 0.742030 4.470482
v -0.019057 0.740414 4.470170
v -0.017718 0.739596 4.470594
v -0.017170 0.738735 4.471717
v -0.016985 0.738458 4.473209
v -0.017652 0.739872 4.475704
v -0.018980 0.740733 4.476071
v -0.017701 0.738442 4.474699
v -0.020472 0.741255 4.475666
v -0.021160 0.742005 4.474551
v -0.021373 0.742272 4.473059
v -0.021198 0.741845 4.471600
v -0.020538 0.740979 4.470555
v -0.018970 0.738505 4.470670
v -0.017908 0.738123 4.471759
v -0.017664 0.737885 4.473248
v -0.018903 0.738782 4.475779
v -0.018321 0.737777 4.474742
v -0.021872 0.739516 4.475780
v -0.022265 0.740710 4.474636
v -0.022531 0.740936 4.473146
v -0.022303 0.740550 4.471684
v -0.021939 0.739239 4.470665
v -0.020787 0.738408 4.470302
v -0.018494 0.737441 4.471804
v -0.018204 0.737247 4.473290
v -0.020711 0.738728 4.476201
v -0.018987 0.736751 4.474811
v -0.023125 0.739310 4.474727
v -0.023368 0.739611 4.473229
v -0.023164 0.739150 4.471767
v -0.020052 0.736797 4.470774
v -0.019120 0.736391 4.471864
v -0.018806 0.736206 4.473354
v -0.019986 0.737074 4.475887
v -0.024025 0.738183 4.473315
v -0.022801 0.737506 4.475899
v -0.023778 0.737791 4.474813
v -0.023816 0.737632 4.471862
v -0.022868 0.737230 4.470788
v -0.021797 0.736033 4.470443
v -0.021721 0.736352 4.476344
v -0.019390 0.735625 4.474873
v -0.024520 0.736471 4.473414
v -0.020595 0.734868 4.470888
v -0.019476 0.735256 4.471935
v -0.020528 0.735144 4.475996
v -0.023186 0.736008 4.475985
v -0.024204 0.736112 4.474909
v -0.024242 0.735953 4.471958
v -0.023252 0.735732 4.470875
v -0.019124 0.735093 4.473419
v -0.019529 0.734772 4.474921
v -0.024736 0.734597 4.473518
v -0.019580 0.734389 4.471983
v -0.023319 0.734378 4.476075
v -0.024349 0.734279 4.475011
v -0.024387 0.734120 4.472059
v -0.023386 0.734102 4.470964
v -0.021995 0.733303 4.470593
v -0.019192 0.734285 4.473463
v -0.021918 0.733623 4.476494
v -0.019516 0.733837 4.474971
v -0.024606 0.732567 4.473627
v -0.020535 0.733173 4.470978
v -0.019522 0.733425 4.472035
v -0.020469 0.733449 4.476088
v -0.023145 0.732609 4.476169
v -0.024147 0.732299 4.475115
v -0.024186 0.732139 4.472164
v -0.023211 0.732332 4.471058
v -0.019102 0.733373 4.473511
v -0.019304 0.732787 4.475025
v -0.024061 0.730429 4.473735
v -0.020209 0.731888 4.471044
v -0.019252 0.732350 4.472089
v -0.020143 0.732164 4.476153
v -0.022597 0.730741 4.476263
v -0.023532 0.730222 4.475220
v -0.023570 0.730062 4.472268
v -0.022663 0.730464 4.471152
v -0.021017 0.730106 4.470754
v -0.018805 0.732356 4.473563
v -0.020941 0.730425 4.476654
v -0.018842 0.731661 4.475080
v -0.023026 0.728258 4.473839
v -0.019575 0.730552 4.471108
v -0.018719 0.731217 4.472144
v -0.019509 0.730828 4.476217
v -0.021606 0.728852 4.476352
v -0.022426 0.728131 4.475319
v -0.022464 0.727972 4.472367
v -0.021672 0.728576 4.471241
v -0.018252 0.731297 4.473613
v -0.018081 0.730544 4.475131
v -0.021899 0.726737 4.473907
v -0.018576 0.729260 4.471165
v -0.017876 0.730118 4.472193
v -0.018510 0.729537 4.476274
v -0.020087 0.727063 4.476429
v -0.021215 0.726655 4.475382
v -0.021254 0.726495 4.472432
v -0.020154 0.726787 4.471318
v -0.019206 0.727842 4.470853
v -0.017396 0.730284 4.473657
v -0.019129 0.728162 4.476753
v -0.020936 0.725749 4.473948
v -0.020210 0.725731 4.475420
v -0.020248 0.725571 4.472468
v -0.016967 0.729536 4.475170
v -0.019795 0.724843 4.473982
v -0.017149 0.728138 4.471207
v -0.016671 0.729161 4.472229
v -0.017083 0.728415 4.476316
v -0.017937 0.725554 4.476483
v -0.019026 0.724901 4.475449
v -0.019065 0.724741 4.472498
v -0.018003 0.725277 4.471372
v -0.017359 0.726566 4.470898
v -0.016206 0.729442 4.473687
v -0.017283 0.726886 4.476798
v -0.018460 0.724058 4.474007
v -0.017653 0.724215 4.475469
v -0.017691 0.724055 4.472517
v -0.015533 0.728837 4.475189
v -0.016919 0.723459 4.474020
v -0.015340 0.727449 4.471221
v -0.015183 0.728583 4.472242
v -0.015274 0.727725 4.476329
v -0.015911 0.724871 4.476493
v -0.016083 0.723743 4.475474
v -0.016121 0.723583 4.472522
v -0.015977 0.724594 4.471383
v -0.015011 0.725884 4.470904
v -0.014810 0.729010 4.473692
v -0.014935 0.726204 4.476805
v -0.015173 0.723133 4.474015
v -0.014362 0.724720 4.476482
v -0.014326 0.723580 4.475461
v -0.014365 0.723420 4.472508
v -0.014428 0.724444 4.471371
v -0.014382 0.728697 4.475182
v -0.013248 0.723195 4.473986
v -0.013345 0.727531 4.471196
v -0.014012 0.728570 4.472227
v -0.013279 0.727807 4.476294
v -0.012179 0.725053 4.476429
v -0.012428 0.723841 4.475422
v -0.012466 0.723682 4.472468
v -0.012245 0.724777 4.471331
v -0.012299 0.726290 4.470845
v -0.013709 0.729107 4.473672
v -0.013554 0.728815 4.475165
v -0.012222 0.726609 4.476750
v -0.011312 0.723732 4.473932
v -0.013169 0.728803 4.472209
v -0.010438 0.724637 4.475336
v -0.010476 0.724479 4.472417
v -0.012859 0.729448 4.473643
v -0.012671 0.729184 4.475126
v -0.009973 0.726265 4.476342
v -0.009372 0.724799 4.473849
v -0.010039 0.725988 4.471230
v -0.011701 0.728355 4.471125
v -0.012232 0.729325 4.472163
v -0.011635 0.728631 4.476233
v -0.008500 0.726072 4.475251
v -0.008538 0.725912 4.472297
v -0.008960 0.728887 4.470668
v -0.011875 0.730185 4.473590
v -0.011673 0.729910 4.475080
v -0.010072 0.728065 4.476641
v -0.007897 0.728297 4.476212
v -0.007818 0.726165 4.473755
v -0.007966 0.728017 4.471086
v -0.010070 0.729901 4.471014
v -0.010834 0.730658 4.472053
v -0.010004 0.730178 4.476134
v -0.007152 0.727563 4.475151
v -0.006888 0.727229 4.473686
v -0.007191 0.727403 4.472200
v -0.011125 0.731024 4.473535
v -0.010822 0.730849 4.475020
v -0.008968 0.729286 4.476561
vn -0.1491 0.8611 0.4861
vn -0.0620 0.2421 0.9683
vn -0.0581 0.0528 0.9969
vn -0.0586 -0.1422 0.9881
vn -0.1324 -0.5144 0.8473
vn -0.0567 0.9410 0.3336
vn 0.0443 0.7327 0.6791
vn 0.0469 0.5956 0.8019
vn 0.0376 0.4359 0.8992
vn 0.1549 0.2422 0.9578
vn 0.1499 0.0504 0.9874
vn 0.1494 -0.1473 0.9777
vn 0.1341 -0.3372 0.9318
vn 0.0098 -0.6666 0.7454
vn 0.1468 0.8539 0.4993
vn 0.3256 0.7268 0.6048
vn 0.3150 0.4249 0.8487
vn 0.3427 0.2470 0.9064
vn 0.3494 0.0462 0.9358
vn 0.3358 -0.1430 0.9310
vn 0.2064 -0.5084 0.8360
vn 0.2536 -0.6631 0.7042
vn 0.1300 -0.8015 0.5836
vn 0.3670 0.5880 0.7208
vn 0.5190 0.2291 0.8235
vn 0.5311 0.0401 0.8464
vn 0.5255 -0.1499 0.8375
vn 0.4024 -0.3351 0.8519
vn 0.1102 -0.9016 0.4184
vn 0.0774 -0.9672 0.2421
vn 0.2141 0.9349 0.2831
vn 0.5515 0.7083 0.4405
vn 0.5656 0.4145 0.7130
vn 0.6804 0.2209 0.6988
vn 0.6877 0.0326 0.7252
vn 0.6690 -0.1609 0.7256
vn 0.6321 -0.3469 0.6929
vn 0.5161 -0.5168 0.6830
vn 0.4379 -0.6694 0.6001
vn 0.3457 -0.7997 0.4910
vn 0.2061 0.9779 0.0342
vn 0.4033 0.8392 0.3649
vn 0.6431 0.5673 0.5144
vn 0.7573 0.3957 0.5195
vn 0.7974 0.2153 0.5637
vn 0.8146 0.0239 0.5796
vn 0.7990 -0.1619 0.5792
vn 0.7479 -0.3498 0.5642
vn 0.2899 -0.9044 0.3131
vn 0.0082 0.9986 -0.0518
vn 0.6585 0.6976 0.2823
vn 0.8020 0.5419 0.2514
vn 0.8440 0.3835 0.3750
vn 0.8951 0.1983 0.3993
vn 0.9092 0.0147 0.4160
vn 0.8922 -0.1695 0.4186
vn 0.8473 -0.3538 0.3961
vn 0.7297 -0.5260 0.4368
vn 0.6205 -0.6728 0.4028
vn 0.4990 -0.8017 0.3291
vn 0.3801 0.9185 0.1089
vn 0.5479 0.8235 0.1474
vn 0.9100 0.3624 0.2012
vn 0.9556 0.1877 0.2270
vn 0.9706 0.0050 0.2406
vn 0.9528 -0.1779 0.2461
vn 0.8979 -0.3616 0.2510
vn 0.7292 0.6808 0.0687
vn 0.8496 0.5273 0.0110
vn 0.9313 0.3628 0.0328
vn 0.9829 0.1777 0.0480
vn 0.9983 -0.0047 0.0585
vn 0.9801 -0.1871 0.0671
vn 0.9270 -0.3698 0.0628
vn 0.8311 -0.5380 0.1409
vn 0.7172 -0.6774 0.1636
vn 0.5765 -0.8137 0.0743
vn 0.3870 -0.9088 0.1562
vn 0.4042 0.9038 -0.1404
vn 0.5844 0.8086 -0.0677
vn 0.9283 0.3479 -0.1314
vn 0.9767 0.1686 -0.1330
vn 0.9920 -0.0143 -0.1256
vn 0.9738 -0.1969 -0.1139
vn 0.9210 -0.3792 -0.0892
vn 0.2019 -0.9748 0.0947
vn 0.7174 0.6711 -0.1869
vn 0.8214 0.5225 -0.2287
vn 0.8840 0.3454 -0.3149
vn 0.9366 0.1607 -0.3114
vn 0.9514 -0.0235 -0.3070
vn 0.9338 -0.2068 -0.2921
vn 0.8783 -0.3901 -0.2763
vn 0.8159 -0.5535 -0.1675
vn 0.7126 -0.6931 -0.1086
vn 0.3818 -0.9234 -0.0401
vn 0.4947 0.8010 -0.3372
vn 0.8207 0.3417 -0.4578
vn 0.8626 0.1542 -0.4818
vn 0.8764 -0.0321 -0.4805
vn 0.8597 -0.2169 -0.4624
vn 0.8150 -0.4003 -0.4191
vn 0.6347 -0.7100 -0.3051
vn 0.5247 -0.8308 -0.1858
vn 0.6035 0.6690 -0.4338
vn 0.6917 0.5173 -0.5040
vn 0.7136 0.3305 -0.6177
vn 0.7552 0.1491 -0.6383
vn 0.7674 -0.0397 -0.6399
vn 0.7523 -0.2266 -0.6187
vn 0.7079 -0.4040 -0.5793
vn 0.6901 -0.5710 -0.4445
vn 0.3032 -0.9308 -0.2041
vn 0.1914 0.9684 -0.1602
vn 0.5279 0.5109 -0.6785
vn 0.5795 0.3388 -0.7412
vn 0.6160 0.1453 -0.7742
vn 0.6260 -0.0457 -0.7785
vn 0.6131 -0.2349 -0.7543
vn 0.5736 -0.4233 -0.7013
vn 0.5107 -0.5863 -0.6289
vn 0.4898 -0.7286 -0.4789
vn 0.3892 -0.8446 -0.3676
vn 0.4192 0.6664 -0.6166
vn 0.4294 0.3306 -0.8405
vn 0.4490 0.1427 -0.8821
vn 0.4559 -0.0501 -0.8886
vn 0.4459 -0.2411 -0.8620
vn 0.4233 -0.4233 -0.8010
vn 0.2259 0.8990 -0.3751
vn 0.2537 0.7976 -0.5472
vn 0.1835 0.6650 -0.7240
vn 0.2839 0.5110 -0.8113
vn 0.2356 0.3354 -0.9121
vn 0.2603 0.1417 -0.9551
vn 0.2637 -0.0527 -0.9632
vn 0.2571 -0.2448 -0.9349
vn 0.2295 -0.4324 -0.8720
vn 0.2770 -0.6021 -0.7488
vn 0.2556 -0.7425 -0.6191
vn 0.1842 -0.8568 -0.4816
vn 0.1368 -0.9357 -0.3252
vn 0.0652 0.3368 -0.9393
vn 0.0586 0.1420 -0.9881
vn 0.0581 -0.0527 -0.9969
vn 0.0555 -0.2453 -0.9678
vn 0.0592 -0.4340 -0.8990
vn 0.1016 -0.9879 -0.1172
vn -0.0099 0.8981 -0.4396
vn -0.0245 0.8042 -0.5939
vn -0.0214 0.6660 -0.7457
vn -0.0513 0.5141 -0.8562
vn -0.1465 0.3367 -0.9302
vn -0.1455 0.1435 -0.9789
vn -0.1499 -0.0504 -0.9874
vn -0.1485 -0.2426 -0.9587
vn -0.1525 -0.4296 -0.8900
vn -0.0571 -0.6038 -0.7951
vn -0.0203 -0.7366 -0.6760
vn -0.0063 0.9667 -0.2560
vn -0.3122 0.3397 -0.8872
vn -0.3415 0.1462 -0.9284
vn -0.3494 -0.0462 -0.9358
vn -0.3445 -0.2370 -0.9084
vn -0.3182 -0.4256 -0.8472
vn -0.0965 -0.8559 -0.5081
vn -0.0591 -0.9406 -0.3343
vn -0.2447 0.7967 -0.5526
vn -0.3017 0.6663 -0.6819
vn -0.3757 0.5204 -0.7669
vn -0.4981 0.3403 -0.7975
vn -0.5200 0.1503 -0.8408
vn -0.5311 -0.0402 -0.8464
vn -0.5230 -0.2292 -0.8210
vn -0.5043 -0.4141 -0.7578
vn -0.3841 -0.5887 -0.7112
vn -0.3101 -0.7265 -0.6132
vn -0.3616 -0.8454 -0.3931
vn -0.2441 0.9019 -0.3565
vn -0.6284 0.3445 -0.6975
vn -0.6741 0.1556 -0.7221
vn -0.6877 -0.0326 -0.7252
vn -0.6769 -0.2197 -0.7025
vn -0.6342 -0.4062 -0.6579
vn -0.4954 -0.7183 -0.4885
vn -0.2499 -0.9289 -0.2734
vn -0.0074 -0.9986 0.0517
vn -0.4349 0.7996 -0.4141
vn -0.5336 0.6706 -0.5154
vn -0.6293 0.5210 -0.5767
vn -0.7591 0.3409 -0.5546
vn -0.7990 0.1619 -0.5792
vn -0.8146 -0.0238 -0.5796
vn -0.8019 -0.2091 -0.5597
vn -0.7659 -0.3917 -0.5099
vn -0.6436 -0.5659 -0.5153
vn -0.5378 -0.8235 -0.1807
vn -0.3857 0.9100 -0.1520
vn -0.7619 0.5245 -0.3799
vn -0.8423 0.3568 -0.4040
vn -0.8922 0.1694 -0.4186
vn -0.9092 -0.0147 -0.4160
vn -0.8951 -0.1982 -0.3993
vn -0.8444 -0.3828 -0.3747
vn -0.6279 -0.7009 -0.3383
vn -0.1818 0.9715 -0.1519
vn -0.5393 0.8110 -0.2266
vn -0.6738 0.6830 -0.2821
vn -0.9009 0.3566 -0.2474
vn -0.9528 0.1778 -0.2461
vn -0.9706 -0.0051 -0.2406
vn -0.9557 -0.1876 -0.2270
vn -0.9101 -0.3623 -0.2012
vn -0.8047 -0.5418 -0.2428
vn -0.7084 -0.6939 -0.1291
vn -0.3822 -0.9164 -0.1192
vn -0.1584 -0.9830 -0.0929
vn -0.5691 0.8212 0.0409
vn -0.8345 0.5333 -0.1381
vn -0.9271 0.3696 -0.0628
vn -0.9801 0.1870 -0.0671
vn -0.9983 0.0047 -0.0585
vn -0.9829 -0.1777 -0.0480
vn -0.9313 -0.3628 -0.0328
vn -0.8514 -0.5241 -0.0196
vn -0.7268 0.6863 -0.0273
vn -0.9210 0.3791 0.0892
vn -0.9738 0.1968 0.1139
vn -0.9920 0.0143 0.1256
vn -0.9767 -0.1686 0.1330
vn -0.9282 -0.3480 0.1314
vn -0.7332 -0.6787 0.0426
vn -0.4155 -0.9085 0.0455
vn -0.3926 0.9186 0.0452
vn -0.6595 0.7112 0.2434
vn -0.8202 0.5496 0.1588
vn -0.8831 0.3825 0.2717
vn -0.9337 0.2069 0.2921
vn -0.9514 0.0234 0.3070
vn -0.9366 -0.1608 0.3114
vn -0.8841 -0.3454 0.3149
vn -0.8246 -0.5176 0.2283
vn -0.5804 -0.8052 0.1215
vn -0.7311 0.5634 0.3848
vn -0.8088 0.4029 0.4284
vn -0.8597 0.2170 0.4624
vn -0.8764 0.0320 0.4805
vn -0.8626 -0.1542 0.4818
vn -0.8208 -0.3416 0.4578
vn -0.6725 -0.6700 0.3144
vn -0.2196 -0.9717 0.0874
vn -0.5578 0.7162 0.4195
vn -0.7131 0.4061 0.5715
vn -0.7523 0.2266 0.6187
vn -0.7674 0.0394 0.6399
vn -0.7552 -0.1490 0.6383
vn -0.7072 -0.3379 0.6211
vn -0.6902 -0.5117 0.5116
vn -0.5075 -0.6678 0.5445
vn -0.3619 -0.9001 0.2426
vn -0.1847 0.9819 0.0409
vn -0.2865 0.9325 0.2199
vn -0.4198 0.8494 0.3197
vn -0.5726 0.5824 0.5770
vn -0.5679 0.4209 0.7073
vn -0.6131 0.2349 0.7543
vn -0.6260 0.0455 0.7785
vn -0.6160 -0.1452 0.7742
vn -0.5890 -0.3365 0.7348
vn -0.4315 -0.8011 0.4147
vn -0.3857 0.7366 0.5556
vn -0.2839 0.5977 0.7498
vn -0.4252 0.4283 0.7974
vn -0.4459 0.2410 0.8620
vn -0.4559 0.0501 0.8886
vn -0.4490 -0.1426 0.8821
vn -0.4146 -0.3350 0.8461
vn -0.4470 -0.5105 0.7346
vn -0.2795 -0.6688 0.6889
vn 0.0122 0.9880 0.1539
vn -0.1770 0.7362 0.6532
vn -0.2241 0.4319 0.8736
vn -0.2529 0.2484 0.9351
vn -0.2637 0.0528 0.9632
vn -0.2603 -0.1417 0.9551
vn -0.2538 -0.3364 0.9069
vn -0.0481 -0.3364 0.9405
vn -0.1532 -0.8006 0.5793
vn -0.1493 -0.8989 0.4119
vn -0.1060 -0.9658 0.2366
vn -0.0583 0.8614 0.5045
vn 0.1024 0.2407 0.9652
vn 0.1094 0.0511 0.9927
vn 0.1059 -0.1434 0.9840
vn 0.0063 -0.5151 0.8571
vn 0.0081 0.9408 0.3390
vn 0.1635 0.7309 0.6626
vn 0.1853 0.5936 0.7832
vn 0.1910 0.4339 0.8805
vn 0.3147 0.2387 0.9187
vn 0.3130 0.0471 0.9486
vn 0.3092 -0.1505 0.9390
vn 0.2848 -0.3403 0.8962
vn 0.1282 -0.6682 0.7329
vn 0.2357 0.8516 0.4682
vn 0.4284 0.7227 0.5424
vn 0.4561 0.4207 0.7842
vn 0.4914 0.2423 0.8365
vn 0.5012 0.0414 0.8643
vn 0.4852 -0.1481 0.8618
vn 0.3386 -0.5117 0.7896
vn 0.3617 -0.6669 0.6515
vn 0.2186 -0.8038 0.5532
vn 0.4873 0.5834 0.6497
vn 0.6512 0.2230 0.7254
vn 0.6653 0.0340 0.7458
vn 0.6566 -0.1563 0.7378
vn 0.5359 -0.3405 0.7726
vn 0.1705 -0.9033 0.3936
vn 0.1080 -0.9683 0.2252
vn 0.2665 0.9325 0.2438
vn 0.6235 0.7028 0.3425
vn 0.6804 0.4080 0.6088
vn 0.7895 0.2134 0.5755
vn 0.7994 0.0252 0.6002
vn 0.7793 -0.1682 0.6036
vn 0.7357 -0.3541 0.5773
vn 0.6183 -0.5227 0.5869
vn 0.5260 -0.6744 0.5182
vn 0.4157 -0.8036 0.4259
vn 0.2176 0.9760 -0.0002
vn 0.4659 0.8349 0.2929
vn 0.7250 0.5605 0.4002
vn 0.8369 0.3880 0.3860
vn 0.8822 0.2072 0.4228
vn 0.9000 0.0157 0.4355
vn 0.8829 -0.1702 0.4376
vn 0.8284 -0.3576 0.4312
vn 0.3300 -0.9076 0.2596
vn 0.0083 0.9986 -0.0518
vn 0.7025 0.6913 0.1688
vn 0.8374 0.5345 0.1142
vn 0.8980 0.3756 0.2291
vn 0.9509 0.1898 0.2444
vn 0.9660 0.0059 0.2585
vn 0.9481 -0.1780 0.2636
vn 0.8983 -0.3619 0.2489
vn 0.7878 -0.5331 0.3086
vn 0.6731 -0.6790 0.2933
vn 0.5397 -0.8067 0.2407
vn 0.4012 0.9149 0.0444
vn 0.5722 0.8183 0.0543
vn 0.9341 0.3541 0.0467
vn 0.9818 0.1789 0.0644
vn 0.9972 -0.0039 0.0752
vn 0.9789 -0.1866 0.0835
vn 0.9240 -0.3698 0.0974
vn 0.7365 0.6743 -0.0537
vn 0.8442 0.5199 -0.1307
vn 0.9269 0.3547 -0.1229
vn 0.9787 0.1691 -0.1167
vn 0.9940 -0.0135 -0.1090
vn 0.9758 -0.1956 -0.0976
vn 0.9212 -0.3778 -0.0931
vn 0.8382 -0.5454 -0.0001
vn 0.7284 -0.6839 0.0411
vn 0.5736 -0.8188 -0.0234
vn 0.3995 -0.9124 0.0888
vn 0.3830 0.9007 -0.2053
vn 0.5723 0.8035 -0.1639
vn 0.8963 0.3404 -0.2843
vn 0.9422 0.1606 -0.2942
vn 0.9569 -0.0227 -0.2895
vn 0.9393 -0.2050 -0.2750
vn 0.8898 -0.3869 -0.2420
vn 0.2063 -0.9767 0.0592
vn 0.6822 0.6651 -0.3037
vn 0.7762 0.5160 -0.3623
vn 0.8221 0.3385 -0.4578
vn 0.8729 0.1532 -0.4633
vn 0.8866 -0.0312 -0.4616
vn 0.8700 -0.2144 -0.4440
vn 0.8163 -0.3973 -0.4193
vn 0.7715 -0.5602 -0.3016
vn 0.6784 -0.6989 -0.2265
vn 0.3615 -0.9266 -0.1037
vn 0.4386 0.7973 -0.4147
vn 0.7357 0.3356 -0.5883
vn 0.7714 0.1475 -0.6190
vn 0.7835 -0.0387 -0.6201
vn 0.7684 -0.2234 -0.5996
vn 0.7299 -0.4065 -0.5495
vn 0.5686 -0.7147 -0.4072
vn 0.4790 -0.8349 -0.2713
vn 0.5285 0.6647 -0.5280
vn 0.6023 0.5125 -0.6121
vn 0.6034 0.3256 -0.7280
vn 0.6393 0.1437 -0.7554
vn 0.6494 -0.0448 -0.7591
vn 0.6364 -0.2317 -0.7358
vn 0.5976 -0.4089 -0.6897
vn 0.6011 -0.5761 -0.5539
vn 0.2566 -0.9330 -0.2525
vn 0.1705 0.9670 -0.1894
vn 0.4117 0.5076 -0.7569
vn 0.4506 0.3354 -0.8273
vn 0.4794 0.1414 -0.8661
vn 0.4868 -0.0497 -0.8721
vn 0.4765 -0.2385 -0.8462
vn 0.4448 -0.4267 -0.7875
vn 0.3934 -0.5892 -0.7057
vn 0.3964 -0.7318 -0.5544
vn 0.3149 -0.8472 -0.4280
vn 0.3164 0.6639 -0.6776
vn 0.2858 0.3289 -0.9001
vn 0.2966 0.1406 -0.9446
vn 0.3007 -0.0525 -0.9523
vn 0.2937 -0.2431 -0.9245
vn 0.2801 -0.4249 -0.8608
vn 0.1681 0.8978 -0.4071
vn 0.1659 0.7965 -0.5815
vn 0.0660 0.6647 -0.7442
vn 0.1491 0.5101 -0.8471
vn 0.0830 0.3354 -0.9384
vn 0.0983 0.1414 -0.9851
vn 0.0987 -0.0531 -0.9937
vn 0.0953 -0.2450 -0.9648
vn 0.0770 -0.4323 -0.8984
vn 0.1428 -0.6028 -0.7850
vn 0.1421 -0.7436 -0.6534
vn 0.0936 -0.8574 -0.5061
vn 0.0723 -0.9362 -0.3441
vn -0.0896 0.3381 -0.9368
vn -0.1060 0.1433 -0.9840
vn -0.1096 -0.0513 -0.9926
vn -0.1090 -0.2438 -0.9637
vn -0.0957 -0.4325 -0.8965
vn 0.0718 -0.9885 -0.1331
vn -0.0753 0.8990 -0.4313
vn -0.1162 0.8057 -0.5808
vn -0.1397 0.6676 -0.7313
vn -0.1890 0.5162 -0.8353
vn -0.2968 0.3400 -0.8924
vn -0.3056 0.1467 -0.9408
vn -0.3130 -0.0475 -0.9486
vn -0.3086 -0.2394 -0.9206
vn -0.3028 -0.4265 -0.8523
vn -0.1943 -0.6019 -0.7745
vn -0.1393 -0.7352 -0.6634
vn -0.0404 0.9672 -0.2509
vn -0.4528 0.3442 -0.8225
vn -0.4904 0.1513 -0.8583
vn -0.5011 -0.0416 -0.8644
vn -0.4933 -0.2325 -0.8382
vn -0.4587 -0.4211 -0.7825
vn -0.1875 -0.8539 -0.4854
vn -0.1224 -0.9394 -0.3203
vn -0.3264 0.8000 -0.5035
vn -0.4054 0.6703 -0.6216
vn -0.4939 0.5249 -0.6932
vn -0.6213 0.3459 -0.7031
vn -0.6518 0.1567 -0.7420
vn -0.6653 -0.0338 -0.7458
vn -0.6546 -0.2232 -0.7223
vn -0.6273 -0.4083 -0.6632
vn -0.5025 -0.5841 -0.6374
vn -0.4145 -0.7227 -0.5531
vn -0.4296 -0.8415 -0.3277
vn -0.2923 0.9046 -0.3103
vn -0.7330 0.3511 -0.5826
vn -0.7837 0.1629 -0.5994
vn -0.7994 -0.0250 -0.6003
vn -0.7866 -0.2123 -0.5798
vn -0.7387 -0.3994 -0.5429
vn -0.5764 -0.7130 -0.3992
vn -0.3002 -0.9261 -0.2284
vn -0.0075 -0.9986 0.0517
vn -0.4908 0.8042 -0.3352
vn -0.6061 0.6764 -0.4186
vn -0.7121 0.5275 -0.4633
vn -0.8380 0.3485 -0.4200
vn -0.8830 0.1700 -0.4375
vn -0.9001 -0.0157 -0.4355
vn -0.8859 -0.2010 -0.4181
vn -0.8437 -0.3840 -0.3751
vn -0.7256 -0.5592 -0.4009
vn -0.5677 -0.8184 -0.0889
vn -0.3976 0.9136 -0.0849
vn -0.8099 0.5320 -0.2471
vn -0.8947 0.3648 -0.2575
vn -0.9481 0.1779 -0.2636
vn -0.9660 -0.0059 -0.2584
vn -0.9509 -0.1898 -0.2444
vn -0.8985 -0.3748 -0.2287
vn -0.6817 -0.6948 -0.2292
vn -0.1960 0.9734 -0.1189
vn -0.5624 0.8161 -0.1329
vn -0.7053 0.6894 -0.1652
vn -0.9264 0.3648 -0.0934
vn -0.9789 0.1866 -0.0835
vn -0.9972 0.0039 -0.0752
vn -0.9818 -0.1790 -0.0643
vn -0.9340 -0.3541 -0.0467
vn -0.8387 -0.5344 -0.1053
vn -0.7261 -0.6875 -0.0095
vn -0.4048 -0.9128 -0.0542
vn -0.1804 -0.9814 -0.0657
vn -0.5470 0.8260 0.1358
vn -0.8411 0.5409 0.0034
vn -0.9212 0.3778 0.0931
vn -0.9758 0.1955 0.0976
vn -0.9940 0.0135 0.1090
vn -0.9787 -0.1691 0.1167
vn -0.9268 -0.3548 0.1229
vn -0.8473 -0.5167 0.1225
vn -0.7150 0.6927 0.0947
vn -0.8899 0.3867 0.2420
vn -0.9393 0.2049 0.2750
vn -0.9569 0.0227 0.2895
vn -0.9422 -0.1605 0.2941
vn -0.8963 -0.3403 0.2844
vn -0.7218 -0.6724 0.1640
vn -0.4100 -0.9050 0.1137
vn -0.3716 0.9218 0.1107
vn -0.6032 0.7164 0.3506
vn -0.7773 0.5562 0.2939
vn -0.8220 0.3893 0.4157
vn -0.8700 0.2143 0.4441
vn -0.8866 0.0311 0.4615
vn -0.8729 -0.1532 0.4632
vn -0.8221 -0.3383 0.4579
vn -0.7795 -0.5109 0.3624
vn -0.5591 -0.8004 0.2162
vn -0.6515 0.5690 0.5018
vn -0.7223 0.4092 0.5575
vn -0.7685 0.2234 0.5995
vn -0.7836 0.0385 0.6201
vn -0.7714 -0.1475 0.6190
vn -0.7357 -0.3355 0.5884
vn -0.6164 -0.6648 0.4219
vn -0.2104 -0.9699 0.1224
vn -0.4735 0.7201 0.5071
vn -0.6041 0.4112 0.6827
vn -0.6364 0.2317 0.7357
vn -0.6494 0.0447 0.7591
vn -0.6393 -0.1437 0.7554
vn -0.5965 -0.3332 0.7302
vn -0.5996 -0.5069 0.6193
vn -0.4153 -0.6645 0.6213
vn -0.3242 -0.8975 0.2991
vn -0.1665 0.9834 0.0716
vn -0.2374 0.9345 0.2653
vn -0.3530 0.8524 0.3858
vn -0.4630 0.5862 0.6648
vn -0.4380 0.4243 0.7926
vn -0.4764 0.2385 0.8463
vn -0.4869 0.0496 0.8721
vn -0.4795 -0.1414 0.8661
vn -0.4611 -0.3329 0.8225
vn -0.3633 -0.7981 0.4806
vn -0.2810 0.7388 0.6125
vn -0.1495 0.5986 0.7870
vn -0.2823 0.4304 0.8574
vn -0.2936 0.2431 0.9245
vn -0.3007 0.0525 0.9523
vn -0.2966 -0.1405 0.9446
vn -0.2704 -0.3331 0.9033
vn -0.3226 -0.5080 0.7987
vn -0.1665 -0.6677 0.7256
vn 0.0465 0.9875 0.1503
vn -0.0590 0.7363 0.6741
vn -0.0715 0.4323 0.8989
vn -0.0912 0.2488 0.9643
vn -0.0986 0.0529 0.9937
vn -0.0983 -0.1412 0.9851
vn -0.1019 -0.3358 0.9364
vn 0.1066 -0.3376 0.9352
vn -0.0614 -0.8003 0.5964
vn -0.0863 -0.8985 0.4303
vn -0.0735 -0.9654 0.2503
vn -0.1491 0.8612 0.4859
vn -0.0622 0.2422 0.9682
vn -0.0583 0.0525 0.9969
vn -0.0587 -0.1420 0.9881
vn -0.1325 -0.5145 0.8472
vn -0.0567 0.9411 0.3335
vn 0.0443 0.7326 0.6792
vn 0.0376 0.4362 0.8991
vn 0.1548 0.2422 0.9578
vn 0.1498 0.0504 0.9874
vn 0.1494 -0.1474 0.9777
vn 0.1341 -0.3369 0.9320
vn 0.0097 -0.6668 0.7452
vn 0.1469 0.8538 0.4994
vn 0.3257 0.7266 0.6049
vn 0.3150 0.4252 0.8485
vn 0.3427 0.2472 0.9063
vn 0.3495 0.0462 0.9358
vn 0.3358 -0.1433 0.9310
vn 0.2065 -0.5082 0.8361
vn 0.2535 -0.6635 0.7039
vn 0.1300 -0.8016 0.5836
vn 0.3670 0.5881 0.7207
vn 0.5312 0.0401 0.8463
vn 0.5256 -0.1502 0.8374
vn 0.4024 -0.3349 0.8520
vn 0.1102 -0.9015 0.4185
vn 0.0773 -0.9672 0.2420
vn 0.2140 0.9350 0.2830
vn 0.5515 0.7084 0.4404
vn 0.5656 0.4143 0.7130
vn 0.6805 0.2209 0.6987
vn 0.6877 0.0324 0.7253
vn 0.6689 -0.1611 0.7256
vn 0.5162 -0.5169 0.6829
vn 0.4378 -0.6696 0.6000
vn 0.3457 -0.7996 0.4911
vn 0.2061 0.9779 0.0341
vn 0.6430 0.5673 0.5145
vn 0.7974 0.2155 0.5637
vn 0.8145 0.0240 0.5796
vn 0.7989 -0.1620 0.5792
vn 0.7478 -0.3498 0.5642
vn 0.0081 0.9986 -0.0518
vn 0.6586 0.6975 0.2823
vn 0.8019 0.5420 0.2513
vn 0.8439 0.3836 0.3750
vn 0.8951 0.1982 0.3994
vn 0.9092 0.0147 0.4161
vn 0.8923 -0.1694 0.4185
vn 0.8473 -0.3539 0.3961
vn 0.6204 -0.6729 0.4028
vn 0.4989 -0.8017 0.3291
vn 0.5480 0.8234 0.1473
vn 0.9557 0.1876 0.2270
vn 0.9528 -0.1778 0.2461
vn 0.8980 -0.3615 0.2510
vn 0.7293 0.6807 0.0686
vn 0.9313 0.3628 0.0329
vn 0.9801 -0.1870 0.0670
vn 0.9270 -0.3697 0.0628
vn 0.8311 -0.5379 0.1410
vn 0.7172 -0.6774 0.1635
vn 0.5766 -0.8136 0.0743
vn 0.3870 -0.9088 0.1561
vn 0.4041 0.9039 -0.1403
vn 0.5845 0.8085 -0.0677
vn 0.9282 0.3480 -0.1314
vn 0.9767 0.1686 -0.1331
vn 0.9738 -0.1968 -0.1139
vn 0.9210 -0.3792 -0.0893
vn 0.2019 -0.9748 0.0948
vn 0.7175 0.6711 -0.1869
vn 0.8213 0.5227 -0.2287
vn 0.8840 0.3455 -0.3149
vn 0.9366 0.1606 -0.3114
vn 0.9337 -0.2069 -0.2922
vn 0.8783 -0.3902 -0.2764
vn 0.4947 0.8010 -0.3371
vn 0.8208 0.3416 -0.4579
vn 0.8626 0.1541 -0.4818
vn 0.8764 -0.0320 -0.4805
vn 0.8149 -0.4003 -0.4191
vn 0.5246 -0.8308 -0.1858
vn 0.6035 0.6691 -0.4337
vn 0.6916 0.5174 -0.5040
vn 0.7137 0.3302 -0.6178
vn 0.7552 0.1489 -0.6384
vn 0.7674 -0.0394 -0.6400
vn 0.7523 -0.2263 -0.6187
vn 0.7080 -0.4041 -0.5792
vn 0.6901 -0.5710 -0.4446
vn 0.3033 -0.9308 -0.2042
vn 0.1915 0.9683 -0.1603
vn 0.5279 0.5107 -0.6786
vn 0.5795 0.3387 -0.7412
vn 0.6160 0.1450 -0.7742
vn 0.6259 -0.0458 -0.7785
vn 0.6131 -0.2345 -0.7544
vn 0.5737 -0.4230 -0.7014
vn 0.5107 -0.5864 -0.6288
vn 0.3892 -0.8445 -0.3677
vn 0.4194 0.6661 -0.6168
vn 0.4292 0.3305 -0.8405
vn 0.4489 0.1427 -0.8821
vn 0.4559 -0.0503 -0.8886
vn 0.4460 -0.2408 -0.8620
vn 0.4235 -0.4228 -0.8012
vn 0.2259 0.8991 -0.3750
vn 0.2538 0.7975 -0.5474
vn 0.1834 0.6649 -0.7241
vn 0.2840 0.5108 -0.8115
vn 0.2356 0.3350 -0.9123
vn 0.2602 0.1417 -0.9551
vn 0.2637 -0.0524 -0.9632
vn 0.2573 -0.2446 -0.9349
vn 0.2296 -0.4321 -0.8721
vn 0.2557 -0.7427 -0.6189
vn 0.1843 -0.8567 -0.4817
vn 0.1369 -0.9356 -0.3254
vn 0.0652 0.3365 -0.9394
vn 0.0587 0.1419 -0.9881
vn 0.0583 -0.0525 -0.9969
vn 0.0556 -0.2452 -0.9679
vn 0.0590 -0.4339 -0.8990
vn 0.1016 -0.9879 -0.1173
vn -0.0100 0.8981 -0.4396
vn -0.0245 0.8042 -0.5938
vn -0.0214 0.6661 -0.7455
vn -0.0513 0.5142 -0.8561
vn -0.1467 0.3367 -0.9301
vn -0.1455 0.1436 -0.9789
vn -0.1498 -0.0503 -0.9874
vn -0.1527 -0.4296 -0.8900
vn -0.0571 -0.6039 -0.7950
vn -0.0202 -0.7367 -0.6759
vn -0.0063 0.9667 -0.2559
vn -0.3120 0.3397 -0.8873
vn -0.3415 0.1465 -0.9284
vn -0.3495 -0.0460 -0.9358
vn -0.3445 -0.2372 -0.9083
vn -0.3180 -0.4256 -0.8472
vn -0.0964 -0.8557 -0.5084
vn -0.0591 -0.9406 -0.3344
vn -0.2446 0.7968 -0.5525
vn -0.3757 0.5202 -0.7670
vn -0.4981 0.3402 -0.7976
vn -0.5201 0.1504 -0.8408
vn -0.5312 -0.0400 -0.8463
vn -0.5230 -0.2293 -0.8209
vn -0.3841 -0.5888 -0.7111
vn -0.3101 -0.7266 -0.6131
vn -0.2441 0.9019 -0.3564
vn -0.6284 0.3444 -0.6975
vn -0.6740 0.1558 -0.7221
vn -0.6877 -0.0326 -0.7253
vn -0.6770 -0.2198 -0.7024
vn -0.6343 -0.4062 -0.6578
vn -0.4954 -0.7185 -0.4882
vn -0.2500 -0.9289 -0.2734
vn -0.0075 -0.9986 0.0516
vn -0.4348 0.7997 -0.4140
vn -0.5335 0.6707 -0.5153
vn -0.7590 0.3410 -0.5547
vn -0.7989 0.1622 -0.5792
vn -0.8145 -0.0239 -0.5796
vn -0.8018 -0.2092 -0.5598
vn -0.7658 -0.3916 -0.5100
vn -0.6436 -0.5659 -0.5152
vn -0.3856 0.9100 -0.1520
vn -0.7618 0.5247 -0.3800
vn -0.8423 0.3567 -0.4040
vn -0.8922 0.1695 -0.4185
vn -0.9092 -0.0146 -0.4161
vn -0.8951 -0.1983 -0.3994
vn -0.8444 -0.3828 -0.3748
vn -0.5394 0.8110 -0.2265
vn -0.6736 0.6831 -0.2820
vn -0.9010 0.3564 -0.2475
vn -0.9528 0.1779 -0.2461
vn -0.9706 -0.0049 -0.2406
vn -0.9556 -0.1877 -0.2270
vn -0.8047 -0.5417 -0.2428
vn -0.7084 -0.6939 -0.1292
vn -0.3821 -0.9164 -0.1192
vn -0.5692 0.8212 0.0409
vn -0.8344 0.5335 -0.1381
vn -0.9270 0.3698 -0.0628
vn -0.9801 0.1870 -0.0670
vn -0.9983 0.0048 -0.0585
vn -0.9829 -0.1776 -0.0480
vn -0.9313 -0.3627 -0.0328
vn -0.9210 0.3791 0.0893
vn -0.9767 -0.1686 0.1331
vn -0.9283 -0.3479 0.1314
vn -0.7331 -0.6788 0.0426
vn -0.4154 -0.9085 0.0455
vn -0.3927 0.9186 0.0452
vn -0.6594 0.7113 0.2434
vn -0.8203 0.5495 0.1588
vn -0.8832 0.3822 0.2718
vn -0.9337 0.2070 0.2922
vn -0.9514 0.0235 0.3070
vn -0.9366 -0.1608 0.3113
vn -0.8840 -0.3455 0.3149
vn -0.8245 -0.5177 0.2283
vn -0.5803 -0.8053 0.1215
vn -0.7310 0.5635 0.3849
vn -0.8088 0.4030 0.4283
vn -0.8597 0.2171 0.4624
vn -0.8208 -0.3416 0.4579
vn -0.6725 -0.6699 0.3145
vn -0.2195 -0.9717 0.0875
vn -0.5577 0.7162 0.4195
vn -0.7131 0.4062 0.5714
vn -0.7523 0.2265 0.6187
vn -0.7673 0.0396 0.6400
vn -0.7552 -0.1490 0.6384
vn -0.7072 -0.3378 0.6211
vn -0.6903 -0.5115 0.5117
vn -0.5075 -0.6678 0.5446
vn -0.3620 -0.9001 0.2425
vn -0.1847 0.9820 0.0408
vn -0.2866 0.9324 0.2200
vn -0.4198 0.8494 0.3196
vn -0.5679 0.4208 0.7074
vn -0.6130 0.2348 0.7544
vn -0.6259 0.0457 0.7786
vn -0.5890 -0.3365 0.7347
vn -0.4315 -0.8011 0.4148
vn -0.3857 0.7367 0.5555
vn -0.2839 0.5976 0.7498
vn -0.4252 0.4284 0.7973
vn -0.4559 0.0500 0.8886
vn -0.4489 -0.1428 0.8821
vn -0.4146 -0.3349 0.8461
vn -0.4470 -0.5104 0.7346
vn -0.2795 -0.6687 0.6890
vn -0.1769 0.7364 0.6530
vn -0.2243 0.4322 0.8735
vn -0.2531 0.2485 0.9350
vn -0.2637 0.0524 0.9632
vn -0.2602 -0.1417 0.9551
vn -0.2540 -0.3362 0.9069
vn -0.0482 -0.3361 0.9406
vn -0.1532 -0.8004 0.5795
vn -0.1061 -0.9658 0.2366
vn -0.0582 0.8614 0.5046
vn 0.1026 0.2408 0.9651
vn 0.1095 0.0510 0.9927
vn 0.1059 -0.1439 0.9839
vn 0.0063 -0.5150 0.8572
vn 0.0080 0.9408 0.3389
vn 0.1635 0.7309 0.6627
vn 0.1854 0.5936 0.7831
vn 0.1911 0.4339 0.8805
vn 0.3147 0.2391 0.9186
vn 0.3092 -0.1510 0.9389
vn 0.2847 -0.3402 0.8962
vn 0.1281 -0.6683 0.7328
vn 0.2358 0.8515 0.4684
vn 0.4284 0.7226 0.5425
vn 0.4914 0.2424 0.8365
vn 0.5012 0.0413 0.8643
vn 0.4852 -0.1482 0.8618
vn 0.3386 -0.5116 0.7897
vn 0.3617 -0.6670 0.6514
vn 0.2185 -0.8039 0.5532
vn 0.4873 0.5835 0.6496
vn 0.6512 0.2231 0.7254
vn 0.6653 0.0339 0.7458
vn 0.6566 -0.1563 0.7379
vn 0.5360 -0.3402 0.7727
vn 0.1705 -0.9033 0.3937
vn 0.1081 -0.9683 0.2252
vn 0.2665 0.9325 0.2439
vn 0.6236 0.7027 0.3426
vn 0.6803 0.4081 0.6087
vn 0.7894 0.2136 0.5755
vn 0.7994 0.0251 0.6003
vn 0.7792 -0.1684 0.6037
vn 0.7357 -0.3540 0.5774
vn 0.6184 -0.5227 0.5869
vn 0.4157 -0.8035 0.4260
vn 0.2177 0.9760 -0.0003
vn 0.4659 0.8349 0.2930
vn 0.7250 0.5605 0.4003
vn 0.8822 0.2073 0.4228
vn 0.9001 0.0158 0.4354
vn 0.8829 -0.1701 0.4376
vn 0.8284 -0.3575 0.4312
vn 0.3300 -0.9075 0.2598
vn 0.7026 0.6912 0.1689
vn 0.8375 0.5344 0.1143
vn 0.8981 0.3754 0.2291
vn 0.9509 0.1897 0.2444
vn 0.9660 0.0060 0.2584
vn 0.8983 -0.3620 0.2489
vn 0.7877 -0.5332 0.3085
vn 0.6731 -0.6789 0.2933
vn 0.5399 -0.8066 0.2407
vn 0.4011 0.9150 0.0445
vn 0.5722 0.8183 0.0542
vn 0.9341 0.3541 0.0466
vn 0.9240 -0.3699 0.0974
vn 0.8441 0.5200 -0.1307
vn 0.9269 0.3548 -0.1229
vn 0.9939 -0.0135 -0.1090
vn 0.9212 -0.3777 -0.0931
vn 0.3830 0.9007 -0.2052
vn 0.5721 0.8036 -0.1639
vn 0.8963 0.3403 -0.2843
vn 0.9422 0.1604 -0.2941
vn 0.9569 -0.0227 -0.2894
vn 0.9393 -0.2049 -0.2750
vn 0.8898 -0.3869 -0.2421
vn 0.2062 -0.9767 0.0592
vn 0.6821 0.6652 -0.3037
vn 0.8220 0.3386 -0.4579
vn 0.8728 0.1534 -0.4633
vn 0.8866 -0.0310 -0.4615
vn 0.8700 -0.2145 -0.4440
vn 0.7715 -0.5601 -0.3017
vn 0.6783 -0.6990 -0.2264
vn 0.3615 -0.9266 -0.1038
vn 0.4386 0.7974 -0.4146
vn 0.7358 0.3355 -0.5882
vn 0.7714 0.1478 -0.6190
vn 0.7836 -0.0384 -0.6201
vn 0.7685 -0.2236 -0.5995
vn 0.7300 -0.4066 -0.5494
vn 0.5686 -0.7148 -0.4072
vn 0.4791 -0.8348 -0.2713
vn 0.5285 0.6648 -0.5280
vn 0.6023 0.5124 -0.6120
vn 0.6035 0.3253 -0.7280
vn 0.6493 -0.0449 -0.7592
vn 0.6363 -0.2318 -0.7358
vn 0.5977 -0.4090 -0.6896
vn 0.6012 -0.5761 -0.5539
vn 0.2567 -0.9329 -0.2525
vn 0.1707 0.9669 -0.1894
vn 0.4506 0.3351 -0.8274
vn 0.4794 0.1413 -0.8662
vn 0.4868 -0.0495 -0.8721
vn 0.4448 -0.4266 -0.7875
vn 0.3934 -0.5893 -0.7057
vn 0.3964 -0.7319 -0.5543
vn 0.3150 -0.8471 -0.4281
vn 0.3163 0.6639 -0.6776
vn 0.2859 0.3285 -0.9002
vn 0.2967 0.1405 -0.9446
vn 0.3008 -0.0520 -0.9523
vn 0.2937 -0.2430 -0.9245
vn 0.2801 -0.4250 -0.8608
vn 0.1681 0.8978 -0.4070
vn 0.1659 0.7964 -0.5816
vn 0.0659 0.6648 -0.7441
vn 0.1489 0.5102 -0.8471
vn 0.0829 0.3352 -0.9385
vn 0.0984 0.1413 -0.9851
vn 0.0988 -0.0527 -0.9937
vn 0.0769 -0.4324 -0.8984
vn 0.1428 -0.6029 -0.7849
vn 0.1422 -0.7436 -0.6534
vn 0.0936 -0.8573 -0.5062
vn 0.0723 -0.9361 -0.3441
vn -0.0895 0.3381 -0.9368
vn -0.1059 0.1434 -0.9840
vn -0.1096 -0.0512 -0.9927
vn -0.0957 -0.4326 -0.8965
vn -0.0752 0.8991 -0.4313
vn -0.1161 0.8055 -0.5811
vn -0.1890 0.5164 -0.8353
vn -0.2968 0.3401 -0.8923
vn -0.3056 0.1468 -0.9408
vn -0.3087 -0.2395 -0.9205
vn -0.3028 -0.4267 -0.8522
vn -0.1944 -0.6019 -0.7746
vn -0.1393 -0.7351 -0.6635
vn -0.0404 0.9672 -0.2507
vn -0.4530 0.3442 -0.8224
vn -0.4905 0.1512 -0.8582
vn -0.5012 -0.0415 -0.8643
vn -0.4934 -0.2325 -0.8382
vn -0.4588 -0.4213 -0.7823
vn -0.1875 -0.8539 -0.4855
vn -0.1224 -0.9393 -0.3204
vn -0.3264 0.8000 -0.5034
vn -0.4054 0.6702 -0.6217
vn -0.6518 0.1567 -0.7421
vn -0.6654 -0.0338 -0.7457
vn -0.6547 -0.2232 -0.7222
vn -0.5026 -0.5841 -0.6374
vn -0.4146 -0.7226 -0.5532
vn -0.2923 0.9046 -0.3102
vn -0.7329 0.3513 -0.5826
vn -0.7836 0.1631 -0.5994
vn -0.7994 -0.0253 -0.6003
vn -0.7866 -0.2124 -0.5797
vn -0.7387 -0.3994 -0.5430
vn -0.4908 0.8042 -0.3351
vn -0.6061 0.6763 -0.4187
vn -0.8379 0.3488 -0.4199
vn -0.8829 0.1701 -0.4376
vn -0.9001 -0.0159 -0.4355
vn -0.8859 -0.2011 -0.4181
vn -0.7256 -0.5593 -0.4009
vn -0.3976 0.9136 -0.0850
vn -0.8947 0.3648 -0.2576
vn -0.9481 0.1780 -0.2636
vn -0.9660 -0.0060 -0.2584
vn -0.9509 -0.1897 -0.2443
vn -0.8984 -0.3749 -0.2287
vn -0.6818 -0.6947 -0.2292
vn -0.5624 0.8161 -0.1328
vn -0.9789 0.1865 -0.0835
vn -0.9818 -0.1790 -0.0644
vn -0.9340 -0.3541 -0.0466
vn -0.8387 -0.5343 -0.1053
vn -0.1803 -0.9814 -0.0657
vn -0.8411 0.5409 0.0035
vn -0.9212 0.3779 0.0931
vn -0.9758 0.1956 0.0976
vn -0.9939 0.0135 0.1090
vn -0.9269 -0.3547 0.1229
vn -0.8473 -0.5168 0.1224
vn -0.8898 0.3868 0.2420
vn -0.9393 0.2050 0.2750
vn -0.9569 0.0226 0.2895
vn -0.8963 -0.3403 0.2843
vn -0.7217 -0.6725 0.1640
vn -0.4102 -0.9049 0.1137
vn -0.3715 0.9218 0.1107
vn -0.6031 0.7165 0.3505
vn -0.7774 0.5562 0.2939
vn -0.8220 0.3893 0.4156
vn -0.8700 0.2144 0.4441
vn -0.8865 0.0310 0.4616
vn -0.8729 -0.1533 0.4632
vn -0.7795 -0.5109 0.3625
vn -0.5590 -0.8005 0.2162
vn -0.6516 0.5689 0.5018
vn -0.7224 0.4090 0.5575
vn -0.7685 0.2237 0.5995
vn -0.7836 0.0386 0.6201
vn -0.7714 -0.1477 0.6190
vn -0.7358 -0.3354 0.5883
vn -0.6166 -0.6646 0.4220
vn -0.2104 -0.9699 0.1223
vn -0.4736 0.7201 0.5072
vn -0.6041 0.4112 0.6826
vn -0.6364 0.2319 0.7357
vn -0.6494 0.0449 0.7591
vn -0.6393 -0.1438 0.7554
vn -0.5997 -0.5068 0.6193
vn -0.4154 -0.6644 0.6213
vn -0.3242 -0.8975 0.2990
vn -0.2375 0.9345 0.2653
vn -0.3531 0.8523 0.3858
vn -0.4630 0.5864 0.6647
vn -0.4381 0.4245 0.7924
vn -0.4765 0.2384 0.8463
vn -0.4868 0.0494 0.8721
vn -0.4795 -0.1413 0.8661
vn -0.4611 -0.3330 0.8225
vn -0.3633 -0.7982 0.4805
vn -0.2810 0.7387 0.6127
vn -0.1494 0.5988 0.7869
vn -0.2824 0.4307 0.8572
vn -0.2937 0.2428 0.9245
vn -0.3007 0.0521 0.9523
vn -0.2966 -0.1406 0.9446
vn -0.2704 -0.3332 0.9032
vn -0.3226 -0.5081 0.7986
vn -0.1665 -0.6678 0.7254
vn 0.0464 0.9876 0.1502
vn -0.0590 0.7364 0.6740
vn -0.0713 0.4324 0.8989
vn -0.0911 0.2485 0.9643
vn -0.0987 0.0526 0.9937
vn -0.0983 -0.1416 0.9850
vn -0.1018 -0.3359 0.9364
vn 0.1066 -0.3378 0.9352
vn -0.0614 -0.8003 0.5965
vn -0.0863 -0.8985 0.4305
vn -0.0735 -0.9653 0.2504
vn -0.0582 0.8613 0.5047
vn 0.1027 0.2406 0.9652
vn 0.1096 0.0512 0.9927
vn 0.1060 -0.1434 0.9840
vn 0.0081 0.9407 0.3390
vn 0.1854 0.5935 0.7832
vn 0.1911 0.4338 0.8805
vn 0.3147 0.2389 0.9187
vn 0.3130 0.0475 0.9486
vn 0.3092 -0.1503 0.9390
vn 0.2848 -0.3401 0.8963
vn 0.2357 0.8515 0.4683
vn 0.4283 0.7227 0.5424
vn 0.4560 0.4204 0.7844
vn 0.4913 0.2424 0.8366
vn 0.5011 0.0415 0.8644
vn 0.4852 -0.1481 0.8617
vn 0.3618 -0.6667 0.6516
vn 0.2186 -0.8038 0.5533
vn 0.6511 0.2230 0.7255
vn 0.6653 0.0337 0.7458
vn 0.6567 -0.1564 0.7378
vn 0.5360 -0.3405 0.7726
vn 0.6235 0.7027 0.3426
vn 0.7994 0.0250 0.6003
vn 0.7793 -0.1682 0.6037
vn 0.7357 -0.3539 0.5774
vn 0.5261 -0.6743 0.5183
vn 0.4158 -0.8035 0.4260
vn 0.4660 0.8349 0.2930
vn 0.7249 0.5607 0.4002
vn 0.8369 0.3882 0.3859
vn 0.3300 -0.9075 0.2597
vn 0.7026 0.6913 0.1688
vn 0.8980 0.3756 0.2290
vn 0.9509 0.1898 0.2443
vn 0.9660 0.0060 0.2585
vn 0.9481 -0.1779 0.2636
vn 0.8984 -0.3618 0.2490
vn 0.7877 -0.5332 0.3086
vn 0.6731 -0.6790 0.2932
vn 0.5398 -0.8066 0.2407
vn 0.4011 0.9150 0.0444
vn 0.9818 0.1790 0.0643
vn 0.9789 -0.1865 0.0835
vn 0.9240 -0.3697 0.0974
vn 0.8382 -0.5453 -0.0001
vn 0.5722 0.8036 -0.1638
vn 0.9422 0.1605 -0.2942
vn 0.9569 -0.0226 -0.2895
vn 0.8898 -0.3868 -0.2420
vn 0.7763 0.5159 -0.3623
vn 0.8222 0.3383 -0.4579
vn 0.8729 0.1532 -0.4632
vn 0.8700 -0.2143 -0.4441
vn 0.8163 -0.3973 -0.4194
vn 0.6784 -0.6989 -0.2264
vn 0.4385 0.7974 -0.4146
vn 0.7358 0.3353 -0.5884
vn 0.7714 0.1474 -0.6190
vn 0.7685 -0.2234 -0.5995
vn 0.7299 -0.4066 -0.5494
vn 0.4789 -0.8349 -0.2713
vn 0.5285 0.6647 -0.5281
vn 0.6023 0.5124 -0.6121
vn 0.6034 0.3252 -0.7281
vn 0.6494 -0.0446 -0.7591
vn 0.5977 -0.4090 -0.6895
vn 0.6012 -0.5761 -0.5538
vn 0.4118 0.5075 -0.7568
vn 0.4508 0.3350 -0.8274
vn 0.4795 0.1415 -0.8661
vn 0.4764 -0.2385 -0.8463
vn 0.4446 -0.4266 -0.7876
vn 0.3933 -0.5894 -0.7057
vn 0.3964 -0.7319 -0.5542
vn 0.3164 0.6640 -0.6774
vn 0.2860 0.3285 -0.9002
vn 0.3007 -0.0526 -0.9523
vn 0.2936 -0.2432 -0.9245
vn 0.2799 -0.4250 -0.8608
vn 0.1659 0.7965 -0.5814
vn 0.0659 0.6651 -0.7439
vn 0.1491 0.5099 -0.8472
vn 0.0830 0.3351 -0.9385
vn 0.0986 -0.0531 -0.9937
vn 0.0954 -0.2450 -0.9648
vn 0.0771 -0.4324 -0.8984
vn 0.1422 -0.7436 -0.6533
vn 0.0937 -0.8574 -0.5060
vn 0.0724 -0.9361 -0.3441
vn -0.0897 0.3380 -0.9369
vn -0.1060 0.1434 -0.9840
vn -0.1089 -0.2436 -0.9637
vn -0.0955 -0.4323 -0.8966
vn 0.0719 -0.9885 -0.1331
vn -0.0753 0.8991 -0.4312
vn -0.1163 0.8057 -0.5808
vn -0.1398 0.6677 -0.7312
vn -0.1891 0.5163 -0.8353
vn -0.2968 0.3399 -0.8924
vn -0.3056 0.1466 -0.9408
vn -0.3131 -0.0472 -0.9486
vn -0.3087 -0.2393 -0.9206
vn -0.3029 -0.4265 -0.8523
vn -0.1944 -0.6017 -0.7747
vn -0.1394 -0.7351 -0.6634
vn -0.0404 0.9672 -0.2508
vn -0.4903 0.1512 -0.8583
vn -0.5011 -0.0414 -0.8644
vn -0.4934 -0.2324 -0.8382
vn -0.4588 -0.4211 -0.7824
vn -0.1876 -0.8539 -0.4855
vn -0.1225 -0.9393 -0.3205
vn -0.6213 0.3461 -0.7030
vn -0.6517 0.1568 -0.7421
vn -0.6653 -0.0339 -0.7458
vn -0.6546 -0.2231 -0.7223
vn -0.6272 -0.4083 -0.6632
vn -0.5027 -0.5840 -0.6374
vn -0.4147 -0.7225 -0.5532
vn -0.4297 -0.8414 -0.3278
vn -0.2922 0.9047 -0.3102
vn -0.7330 0.3512 -0.5826
vn -0.7838 0.1630 -0.5993
vn -0.7994 -0.0251 -0.6002
vn -0.7866 -0.2124 -0.5798
vn -0.7387 -0.3995 -0.5429
vn -0.5765 -0.7129 -0.3993
vn -0.3003 -0.9261 -0.2284
vn -0.4907 0.8043 -0.3352
vn -0.6060 0.6764 -0.4186
vn -0.8380 0.3484 -0.4200
vn -0.8830 0.1700 -0.4376
vn -0.9000 -0.0157 -0.4355
vn -0.8858 -0.2011 -0.4182
vn -0.5676 -0.8185 -0.0888
vn -0.3975 0.9136 -0.0849
vn -0.8098 0.5321 -0.2471
vn -0.8948 0.3648 -0.2576
vn -0.9660 -0.0060 -0.2585
vn -0.8984 -0.3748 -0.2287
vn -0.6818 -0.6948 -0.2291
vn -0.1960 0.9734 -0.1188
vn -0.5625 0.8161 -0.1328
vn -0.9817 -0.1790 -0.0644
vn -0.9341 -0.3540 -0.0467
vn -0.4047 -0.9129 -0.0541
vn -0.5471 0.8260 0.1359
vn -0.9213 0.3777 0.0931
vn -0.8474 -0.5167 0.1225
vn -0.7151 0.6926 0.0948
vn -0.9393 0.2050 0.2749
vn -0.9422 -0.1605 0.2942
vn -0.8963 -0.3404 0.2843
vn -0.4101 -0.9049 0.1137
vn -0.3715 0.9218 0.1106
vn -0.6032 0.7164 0.3505
vn -0.7773 0.5564 0.2938
vn -0.8219 0.3897 0.4156
vn -0.8700 0.2145 0.4440
vn -0.8221 -0.3383 0.4578
vn -0.7795 -0.5110 0.3624
vn -0.6515 0.5691 0.5017
vn -0.7222 0.4094 0.5575
vn -0.7685 0.2235 0.5995
vn -0.7714 -0.1476 0.6190
vn -0.7358 -0.3353 0.5884
vn -0.6165 -0.6648 0.4220
vn -0.4736 0.7201 0.5071
vn -0.6040 0.4114 0.6827
vn -0.6363 0.2318 0.7358
vn -0.6494 0.0446 0.7591
vn -0.6393 -0.1439 0.7554
vn -0.5965 -0.3330 0.7303
vn -0.5997 -0.5066 0.6194
vn -0.3243 -0.8975 0.2991
vn -0.2376 0.9344 0.2654
vn -0.3530 0.8524 0.3857
vn -0.4631 0.5861 0.6648
vn -0.4381 0.4242 0.7925
vn -0.4764 0.2388 0.8462
vn -0.4869 0.0495 0.8721
vn -0.4795 -0.1417 0.8660
vn -0.4611 -0.3331 0.8225
vn -0.2810 0.7389 0.6124
vn -0.1494 0.5986 0.7870
vn -0.2824 0.4302 0.8574
vn -0.2936 0.2432 0.9245
vn -0.3007 0.0526 0.9523
vn -0.2967 -0.1407 0.9446
vn -0.2705 -0.3333 0.9032
vn -0.3225 -0.5081 0.7987
vn -0.1664 -0.6679 0.7254
vn -0.0589 0.7364 0.6739
vn -0.0713 0.4321 0.8990
vn -0.0910 0.2485 0.9643
vn -0.0985 0.0530 0.9937
vn -0.0983 -0.1414 0.9851
vn -0.1019 -0.3360 0.9363
vn 0.1066 -0.3377 0.9352
vn -0.0863 -0.8985 0.4304
vn 0.0703 0.8609 0.5039
vn -0.1128 0.2454 0.9628
vn -0.1247 0.0560 0.9906
vn -0.1256 -0.1387 0.9823
vn -0.0327 -0.5128 0.8579
vn 0.0086 0.9415 0.3369
vn -0.1570 0.7361 0.6585
vn -0.1841 0.5996 0.7789
vn -0.1952 0.4401 0.8765
vn -0.3240 0.2484 0.9129
vn -0.3274 0.0568 0.9432
vn -0.3282 -0.1411 0.9340
vn -0.3075 -0.3310 0.8921
vn -0.1561 -0.6634 0.7318
vn -0.2231 0.8580 0.4626
vn -0.4201 0.7339 0.5338
vn -0.4588 0.4330 0.7759
vn -0.4992 0.2557 0.8279
vn -0.5142 0.0553 0.8559
vn -0.5026 -0.1345 0.8540
vn -0.3636 -0.5018 0.7848
vn -0.3882 -0.6568 0.6465
vn -0.2467 -0.7971 0.5511
vn -0.4840 0.5962 0.6405
vn -0.6576 0.2399 0.7142
vn -0.6765 0.0514 0.7346
vn -0.6722 -0.1392 0.7272
vn -0.5565 -0.3259 0.7643
vn -0.1983 -0.8982 0.3923
vn -0.1347 -0.9650 0.2251
vn -0.2484 0.9391 0.2377
vn -0.6123 0.7181 0.3308
vn -0.6805 0.4254 0.5967
vn -0.7936 0.2336 0.5619
vn -0.8084 0.0456 0.5869
vn -0.7929 -0.1485 0.5910
vn -0.7533 -0.3352 0.5658
vn -0.6402 -0.5065 0.5775
vn -0.5503 -0.6606 0.5106
vn -0.4416 -0.7926 0.4205
vn -0.1944 0.9809 -0.0056
vn -0.4508 0.8464 0.2836
vn -0.7179 0.5786 0.3871
vn -0.8337 0.4087 0.3714
vn -0.8839 0.2291 0.4078
vn -0.9065 0.0382 0.4205
vn -0.8938 -0.1481 0.4232
vn -0.8436 -0.3370 0.4181
vn -0.3557 -0.8989 0.2558
vn 0.0164 0.9984 -0.0538
vn -0.6887 0.7081 0.1559
vn -0.8263 0.5544 0.0994
vn -0.8926 0.3972 0.2135
vn -0.9501 0.2128 0.2283
vn -0.9697 0.0294 0.2423
vn -0.9563 -0.1549 0.2481
vn -0.9107 -0.3401 0.2347
vn -0.8051 -0.5138 0.2964
vn -0.6937 -0.6622 0.2833
vn -0.5627 -0.7931 0.2333
vn -0.3800 0.9243 0.0361
vn -0.5534 0.8318 0.0433
vn -0.9261 0.3761 0.0305
vn -0.9782 0.2023 0.0478
vn -0.9981 0.0199 0.0587
vn -0.9843 -0.1631 0.0676
vn -0.9340 -0.3475 0.0827
vn -0.7193 0.6914 -0.0672
vn -0.8294 0.5394 -0.1456
vn -0.9161 0.3762 -0.1389
vn -0.9723 0.1919 -0.1332
vn -0.9921 0.0098 -0.1254
vn -0.9784 -0.1726 -0.1134
vn -0.9282 -0.3561 -0.1076
vn -0.8508 -0.5254 -0.0130
vn -0.7450 -0.6664 0.0303
vn -0.5925 -0.8049 -0.0314
vn -0.4227 -0.9024 0.0839
vn -0.3581 0.9090 -0.2132
vn -0.5501 0.8166 -0.1748
vn -0.8832 0.3608 -0.2998
vn -0.9331 0.1821 -0.3100
vn -0.9523 -0.0005 -0.3052
vn -0.9393 -0.1832 -0.2901
vn -0.8946 -0.3662 -0.2560
vn -0.2304 -0.9714 0.0576
vn -0.6611 0.6805 -0.3161
vn -0.7577 0.5333 -0.3761
vn -0.8062 0.3567 -0.4721
vn -0.8612 0.1730 -0.4779
vn -0.8793 -0.0108 -0.4761
vn -0.8674 -0.1947 -0.4579
vn -0.8185 -0.3788 -0.4321
vn -0.7795 -0.5423 -0.3134
vn -0.6909 -0.6832 -0.2363
vn -0.3816 -0.9180 -0.1081
vn -0.4126 0.8065 -0.4234
vn -0.7179 0.3513 -0.6010
vn -0.7574 0.1647 -0.6319
vn -0.7739 -0.0212 -0.6329
vn -0.7635 -0.2066 -0.6118
vn -0.7302 -0.3904 -0.5607
vn -0.5785 -0.7021 -0.4152
vn -0.4941 -0.8239 -0.2777
vn -0.5037 0.6759 -0.5379
vn -0.5799 0.5252 -0.6229
vn -0.5835 0.3379 -0.7385
vn -0.6231 0.1573 -0.7662
vn -0.6376 -0.0310 -0.7698
vn -0.6294 -0.2182 -0.7458
vn -0.5957 -0.3963 -0.6986
vn -0.6054 -0.5630 -0.5626
vn -0.2745 -0.9272 -0.2549
vn -0.1444 0.9703 -0.1940
vn -0.3870 0.5156 -0.7644
vn -0.4289 0.3437 -0.8354
vn -0.4616 0.1508 -0.8742
vn -0.4734 -0.0397 -0.8800
vn -0.4680 -0.2291 -0.8535
vn -0.4416 -0.4179 -0.7939
vn -0.3955 -0.5815 -0.7110
vn -0.4046 -0.7235 -0.5594
vn -0.3279 -0.8404 -0.4316
vn -0.2892 0.6699 -0.6838
vn -0.2632 0.3329 -0.9055
vn -0.2777 0.1451 -0.9497
vn -0.2862 -0.0472 -0.9570
vn -0.2841 -0.2381 -0.9288
vn -0.2757 -0.4206 -0.8644
vn -0.1400 0.9006 -0.4115
vn -0.1374 0.7987 -0.5858
vn -0.0378 0.6647 -0.7461
vn -0.1229 0.5117 -0.8503
vn -0.0595 0.3350 -0.9403
vn -0.0787 0.1412 -0.9868
vn -0.0835 -0.0527 -0.9951
vn -0.0852 -0.2447 -0.9659
vn -0.0724 -0.4328 -0.8986
vn -0.1441 -0.6012 -0.7860
vn -0.1490 -0.7413 -0.6544
vn -0.1057 -0.8561 -0.5060
vn -0.0889 -0.9350 -0.3434
vn 0.1131 0.3340 -0.9358
vn 0.1255 0.1388 -0.9823
vn 0.1246 -0.0560 -0.9906
vn 0.1191 -0.2482 -0.9614
vn 0.1001 -0.4368 -0.8940
vn -0.0931 -0.9868 -0.1324
vn 0.1037 0.8961 -0.4316
vn 0.1447 0.8014 -0.5804
vn 0.1676 0.6626 -0.7300
vn 0.2150 0.5097 -0.8330
vn 0.3195 0.3307 -0.8880
vn 0.3245 0.1373 -0.9359
vn 0.3274 -0.0569 -0.9432
vn 0.3180 -0.2485 -0.9149
vn 0.3066 -0.4357 -0.8463
vn 0.1927 -0.6082 -0.7701
vn 0.1328 -0.7396 -0.6599
vn 0.0676 0.9654 -0.2518
vn 0.4744 0.3314 -0.8156
vn 0.5079 0.1377 -0.8503
vn 0.5143 -0.0553 -0.8558
vn 0.5015 -0.2459 -0.8295
vn 0.4615 -0.4337 -0.7739
vn 0.1752 -0.8592 -0.4807
vn 0.1054 -0.9428 -0.3164
vn 0.3536 0.7909 -0.4994
vn 0.4314 0.6590 -0.6161
vn 0.5176 0.5114 -0.6860
vn 0.6408 0.3297 -0.6933
vn 0.6674 0.1397 -0.7315
vn 0.6765 -0.0514 -0.7346
vn 0.6610 -0.2402 -0.7109
vn 0.6284 -0.4244 -0.6520
vn 0.4990 -0.5974 -0.6278
vn 0.4064 -0.7335 -0.5448
vn 0.4149 -0.8521 -0.3189
vn 0.3187 0.8968 -0.3070
vn 0.7506 0.3325 -0.5711
vn 0.7971 0.1430 -0.5866
vn 0.8084 -0.0454 -0.5869
vn 0.7908 -0.2323 -0.5662
vn 0.7380 -0.4177 -0.5300
vn 0.5657 -0.7275 -0.3882
vn 0.2820 -0.9335 -0.2216
vn -0.0170 -0.9984 0.0537
vn 0.5152 0.7916 -0.3284
vn 0.6289 0.6608 -0.4098
vn 0.7319 0.5096 -0.4524
vn 0.8528 0.3277 -0.4067
vn 0.8938 0.1482 -0.4232
vn 0.9065 -0.0381 -0.4205
vn 0.8876 -0.2229 -0.4031
vn 0.8405 -0.4045 -0.3604
vn 0.7186 -0.5772 -0.3878
vn 0.5494 -0.8319 -0.0779
vn 0.4205 0.9038 -0.0801
vn 0.8263 0.5119 -0.2347
vn 0.9073 0.3430 -0.2433
vn 0.9562 0.1549 -0.2482
vn 0.9697 -0.0295 -0.2423
vn 0.9501 -0.2128 -0.2282
vn 0.8930 -0.3965 -0.2131
vn 0.6688 -0.7112 -0.2166
vn 0.2209 0.9682 -0.1174
vn 0.5838 0.8022 -0.1250
vn 0.7241 0.6721 -0.1549
vn 0.9362 0.3424 -0.0787
vn 0.9843 0.1631 -0.0677
vn 0.9981 -0.0199 -0.0587
vn 0.9782 -0.2023 -0.0478
vn 0.9260 -0.3763 -0.0305
vn 0.8273 -0.5544 -0.0904
vn 0.7096 -0.7046 0.0038
vn 0.3839 -0.9223 -0.0458
vn 0.1581 -0.9855 -0.0609
vn 0.5642 0.8131 0.1434
vn 0.8535 0.5208 0.0164
vn 0.9283 0.3560 0.1076
vn 0.9784 0.1726 0.1134
vn 0.9921 -0.0099 0.1254
vn 0.9723 -0.1921 0.1332
vn 0.9160 -0.3763 0.1389
vn 0.8327 -0.5364 0.1374
vn 0.7296 0.6758 0.1053
vn 0.8947 0.3662 0.2560
vn 0.9393 0.1832 0.2901
vn 0.9523 0.0006 0.3052
vn 0.9331 -0.1822 0.3100
vn 0.8832 -0.3607 0.2998
vn 0.7028 -0.6890 0.1772
vn 0.3865 -0.9142 0.1221
vn 0.3913 0.9130 0.1151
vn 0.6142 0.7027 0.3591
vn 0.7853 0.5384 0.3057
vn 0.8240 0.3707 0.4285
vn 0.8674 0.1946 0.4580
vn 0.8793 0.0112 0.4761
vn 0.8612 -0.1729 0.4779
vn 0.8061 -0.3569 0.4720
vn 0.7611 -0.5284 0.3763
vn 0.5363 -0.8129 0.2270
vn 0.6565 0.5545 0.5115
vn 0.7225 0.3931 0.5687
vn 0.7636 0.2065 0.6118
vn 0.7739 0.0215 0.6329
vn 0.7574 -0.1646 0.6319
vn 0.7178 -0.3517 0.6009
vn 0.5936 -0.6781 0.4334
vn 0.1853 -0.9744 0.1276
vn 0.4821 0.7099 0.5135
vn 0.6023 0.3980 0.6919
vn 0.6295 0.2182 0.7457
vn 0.6376 0.0313 0.7697
vn 0.6231 -0.1571 0.7662
vn 0.5763 -0.3454 0.7406
vn 0.5771 -0.5194 0.6302
vn 0.3891 -0.6728 0.6293
vn 0.2979 -0.9042 0.3060
vn 0.1886 0.9794 0.0726
vn 0.2551 0.9292 0.2675
vn 0.3667 0.8447 0.3899
vn 0.4658 0.5765 0.6713
vn 0.4350 0.4152 0.7990
vn 0.4680 0.2291 0.8535
vn 0.4734 0.0399 0.8800
vn 0.4616 -0.1507 0.8742
vn 0.4394 -0.3418 0.8307
vn 0.3364 -0.8054 0.4881
vn 0.2882 0.7334 0.6157
vn 0.1507 0.5966 0.7882
vn 0.2784 0.4255 0.8611
vn 0.2841 0.2384 0.9287
vn 0.2862 0.0471 0.9570
vn 0.2776 -0.1456 0.9496
vn 0.2476 -0.3375 0.9082
vn 0.2972 -0.5138 0.8048
vn 0.1386 -0.6697 0.7296
vn -0.0255 0.9887 0.1476
vn 0.0653 0.7362 0.6737
vn 0.0668 0.4325 0.8991
vn 0.0810 0.2490 0.9651
vn 0.0835 0.0527 0.9951
vn 0.0787 -0.1415 0.9868
vn 0.0784 -0.3361 0.9386
vn -0.1301 -0.3327 0.9340
vn 0.0324 -0.8001 0.5990
vn 0.0579 -0.8993 0.4335
vn 0.0464 -0.9663 0.2532
vn 0.0970 0.5464 0.8319
vn 0.0612 0.8929 0.4461
vn 0.0101 0.9986 -0.0526
vn -0.0473 0.8424 -0.5368
vn -0.0924 0.4580 -0.8842
vn -0.1096 -0.0484 -0.9928
vn -0.0965 -0.5493 -0.8300
vn -0.0622 -0.8956 -0.4405
vn -0.0097 -0.9986 0.0526
vn 0.0450 -0.8457 0.5318
vn 0.0924 -0.4616 0.8823
vn 0.1095 0.0539 0.9925
vn 0.0728 0.5349 0.8418
vn 0.0497 0.8912 0.4509
vn -0.0059 0.9987 -0.0508
vn -0.0595 0.8404 -0.5388
vn -0.1180 0.4458 -0.8873
vn -0.1107 -0.0615 -0.9920
vn -0.0464 -0.8879 -0.4577
vn 0.0115 -0.9987 0.0502
vn 0.0642 -0.8363 0.5444
vn 0.1084 0.0412 0.9933
vn -0.0088 0.8876 0.4605
vn -0.0602 0.9972 -0.0447
vn -0.1187 0.8363 -0.5352
vn -0.0629 -0.5408 -0.8388
vn -0.0010 -0.8886 -0.4586
vn 0.0708 -0.9965 0.0435
vn 0.1087 -0.8375 0.5355
vn 0.1271 -0.4519 0.8829
vn 0.0182 0.5348 0.8448
vn -0.0873 0.8789 0.4690
vn -0.1565 0.9871 -0.0335
vn -0.1970 0.8277 -0.5255
vn -0.1720 0.4462 -0.8783
vn -0.1034 -0.0773 -0.9916
vn -0.0177 -0.5425 -0.8399
vn 0.0862 -0.8824 -0.4625
vn 0.1715 -0.9847 0.0318
vn 0.1946 -0.8319 0.5198
vn 0.1715 -0.4541 0.8743
vn 0.1156 0.0249 0.9930
vn -0.0636 0.5154 0.8546
vn -0.2062 0.8511 0.4828
vn -0.2879 0.9575 -0.0175
vn -0.3158 0.8000 -0.5102
vn -0.2537 0.4267 -0.8681
vn 0.0579 -0.5287 -0.8468
vn 0.2002 -0.8564 -0.4759
vn 0.3029 -0.9529 0.0156
vn 0.3084 -0.8059 0.5054
vn 0.2466 -0.4405 0.8632
vn -0.1507 0.4731 0.8680
vn -0.3053 0.8143 0.4936
vn -0.4202 0.9074 -0.0003
vn -0.4145 0.7633 -0.4955
vn -0.3411 0.3843 -0.8579
vn -0.0982 -0.0671 -0.9929
vn 0.1163 -0.5062 -0.8545
vn 0.3123 -0.8148 -0.4885
vn 0.4212 -0.9070 0.0002
vn 0.4202 -0.7644 0.4890
vn 0.3050 -0.4179 0.8557
vn 0.1208 0.0351 0.9921
vn -0.4234 0.7487 0.5101
vn -0.5471 0.8369 0.0173
vn -0.5326 0.6978 -0.4791
vn 0.1927 -0.4771 -0.8575
vn 0.4233 -0.7575 -0.4969
vn 0.5442 -0.8388 -0.0169
vn 0.5298 -0.7078 0.4672
vn 0.3799 -0.3896 0.8390
vn -0.2411 0.4184 0.8757
vn -0.5300 0.6707 0.5189
vn -0.6765 0.7355 0.0368
vn -0.6377 0.6204 -0.4565
vn -0.4304 0.3299 -0.8402
vn -0.1005 -0.0604 -0.9931
vn 0.2552 -0.4248 -0.8686
vn 0.5345 -0.6712 -0.5136
vn 0.6645 -0.7465 -0.0349
vn 0.6408 -0.6217 0.4504
vn 0.4428 -0.3373 0.8308
vn 0.1185 0.0418 0.9921
vn -0.2984 0.3515 0.8873
vn -0.6056 0.5915 0.5323
vn -0.7671 0.6395 0.0517
vn -0.7135 0.5411 -0.4451
vn -0.4880 0.2627 -0.8324
vn -0.0965 -0.0605 -0.9935
vn 0.3023 -0.3777 -0.8752
vn 0.6155 -0.5879 -0.5249
vn 0.7585 -0.6497 -0.0503
vn 0.7215 -0.5384 0.4353
vn 0.4896 -0.2905 0.8222
vn 0.1224 0.0418 0.9916
vn -0.6675 0.5162 0.5366
vn -0.8238 0.5635 0.0619
vn -0.7740 0.4666 -0.4281
vn 0.3342 -0.3347 -0.8811
vn 0.6667 -0.5209 -0.5331
vn 0.8185 -0.5712 -0.0609
vn 0.7725 -0.4715 0.4253
vn 0.5214 -0.2472 0.8167
vn -0.3440 0.3091 0.8866
vn -0.6963 0.4729 0.5399
vn -0.8572 0.5105 0.0683
vn -0.8023 0.4235 -0.4206
vn -0.5330 0.2219 -0.8165
vn -0.1049 -0.0528 -0.9931
vn 0.3504 -0.3085 -0.8843
vn 0.6966 -0.4731 -0.5394
vn 0.8565 -0.5116 -0.0682
vn 0.8024 -0.4237 0.4202
vn 0.5370 -0.2207 0.8142
vn 0.1148 0.0490 0.9922
vn -0.8573 0.5103 0.0683
vn -0.1296 -0.0381 -0.9908
vn 0.3455 -0.3045 -0.8876
vn 0.6952 -0.4718 -0.5423
vn 0.8025 -0.4203 0.4233
vn 0.5371 -0.2186 0.8147
vn -0.3513 0.3063 0.8847
vn -0.6955 0.4721 0.5416
vn -0.8020 0.4224 -0.4225
vn -0.5381 0.2179 -0.8142
vn 0.8577 -0.5099 -0.0657
vn 0.0909 0.0632 0.9939
vn -0.3218 0.3532 0.8785
vn -0.6503 0.5433 0.5310
vn -0.8338 0.5484 0.0638
vn -0.7562 0.4938 -0.4292
vn -0.5087 0.2658 -0.8189
vn 0.3101 -0.3489 -0.8844
vn 0.6472 -0.5396 -0.5385
vn 0.8100 -0.5834 -0.0595
vn 0.7813 -0.4549 0.4273
vn 0.4995 -0.2594 0.8266
vn -0.7750 0.6297 0.0531
vn 0.7157 -0.5381 0.4453
vn -0.2524 0.4316 0.8661
vn -0.5774 0.6281 0.5216
vn -0.7113 0.7016 0.0423
vn -0.6840 0.5784 -0.4446
vn -0.4395 0.3440 -0.8298
vn -0.1230 -0.0371 -0.9917
vn 0.2637 -0.3960 -0.8796
vn 0.5628 -0.6357 -0.5283
vn 0.7154 -0.6975 -0.0413
vn 0.4540 -0.3084 0.8360
vn 0.0959 0.0653 0.9932
vn 0.5712 -0.6668 0.4787
vn -0.4728 0.7221 0.5050
vn -0.5999 0.7997 0.0250
vn -0.5795 0.6722 -0.4607
vn 0.1563 -0.4614 -0.8733
vn 0.3951 -0.7602 -0.5157
vn 0.5330 -0.8461 -0.0102
vn 0.3486 -0.3756 0.8587
vn -0.1476 0.4966 0.8553
vn -0.3465 0.7962 0.4960
vn -0.4543 0.8908 0.0043
vn -0.4550 0.7455 -0.4870
vn -0.3357 0.4087 -0.8487
vn -0.1228 -0.0140 -0.9923
vn 0.0961 0.0882 0.9915
vn 0.3090 -0.7952 0.5217
vn -0.0024 0.5522 0.8337
vn -0.2017 0.8592 0.4701
vn -0.2865 0.9579 -0.0177
vn -0.3086 0.8094 -0.4997
vn -0.1899 0.4647 -0.8649
vn -0.0066 -0.5152 -0.8571
vn 0.1197 -0.8654 -0.4865
vn 0.2065 -0.9778 0.0344
vn 0.1852 -0.4303 0.8835
vn -0.0283 0.8892 0.4567
vn -0.1097 0.9932 -0.0390
vn -0.1370 0.8385 -0.5274
vn 0.0086 -0.8295 0.5584
vn 0.1656 0.5502 0.8185
vn 0.1083 0.8899 0.4431
vn 0.0633 0.9963 -0.0582
vn -0.0006 0.8391 -0.5440
vn -0.0225 0.4624 -0.8864
vn -0.0988 -0.0142 -0.9950
vn -0.1524 -0.5231 -0.8386
vn -0.1727 -0.8749 -0.4525
vn -0.1455 -0.9866 0.0735
vn 0.0389 -0.4365 0.8989
vn 0.1201 0.0879 0.9889
vn 0.2590 0.8683 0.4231
vn 0.2260 0.9712 -0.0750
vn 0.1512 0.8179 -0.5552
vn -0.2383 -0.7813 0.5768
vn 0.3071 0.5085 0.8045
vn 0.4089 0.8158 0.4091
vn 0.4015 0.9113 -0.0912
vn 0.3011 0.7653 -0.5689
vn 0.1192 0.4207 -0.8993
vn -0.2933 -0.4903 -0.8207
vn -0.3992 -0.8131 -0.4237
vn -0.4067 -0.9084 0.0966
vn -0.1035 -0.4035 0.9091
vn -0.4136 -0.6967 0.5861
vn 0.3934 0.4597 0.7962
vn 0.5622 0.7287 0.3910
vn 0.5761 0.8105 -0.1053
vn 0.4555 0.6789 -0.5759
vn 0.2056 0.3721 -0.9051
vn -0.0907 -0.0339 -0.9953
vn -0.3814 -0.4462 -0.8095
vn -0.5620 -0.7224 -0.4028
vn -0.5876 -0.8016 0.1101
vn -0.1929 -0.3587 0.9133
vn 0.1283 0.0683 0.9894
vn -0.5396 -0.6008 0.5898
vn 0.4719 0.3947 0.7884
vn 0.6809 0.6244 0.3828
vn 0.7118 0.6930 -0.1143
vn 0.5743 0.5747 -0.5831
vn 0.2847 0.3072 -0.9081
vn -0.4750 -0.3548 -0.8053
vn -0.6734 -0.6252 -0.3946
vn -0.7198 -0.6841 0.1180
vn -0.2868 -0.2665 0.9202
vn -0.6453 -0.4837 0.5912
vn 0.5443 0.3060 0.7811
vn 0.7668 0.5223 0.3732
vn 0.8138 0.5688 -0.1190
vn 0.6614 0.4731 -0.5820
vn 0.3580 0.2190 -0.9077
vn -0.0909 -0.0415 -0.9950
vn -0.7723 -0.5053 -0.3850
vn -0.8257 -0.5505 0.1227
vn 0.1281 0.0608 0.9899
vn -0.7306 -0.3414 0.5913
vn 0.8379 0.4016 0.3697
vn 0.8840 0.4516 -0.1208
vn 0.7329 0.3526 -0.5818
vn -0.5548 -0.2343 -0.7983
vn -0.8549 -0.3564 -0.3770
vn -0.9242 -0.3613 0.1241
vn -0.3647 -0.1463 0.9196
vn 0.9389 0.3225 -0.1202
vn 0.5907 0.2035 0.7808
vn 0.8841 0.2821 0.3726
vn 0.7787 0.2327 -0.5826
vn 0.4045 0.1165 -0.9071
vn -0.0856 -0.0464 -0.9952
vn 0.1334 0.0557 0.9895
vn -0.7943 -0.1693 0.5835
vn 0.9787 0.1690 -0.1167
vn -0.5912 -0.0870 -0.8019
vn -0.9062 -0.1868 -0.3792
vn -0.4046 0.0020 0.9145
vn 0.6140 0.1116 0.7814
vn 0.9176 0.1406 0.3719
vn 0.8131 0.0917 -0.5749
vn 0.4281 0.0249 -0.9034
vn -0.9819 -0.1480 0.1180
vn -0.8146 -0.0102 0.5799
vn 0.9940 -0.0024 -0.1096
vn -0.9225 -0.0206 -0.3855
vn 0.6196 0.0259 0.7845
vn 0.9256 -0.0131 0.3783
vn 0.8212 -0.0617 -0.5673
vn 0.4339 -0.0608 -0.8989
vn -0.0832 -0.0542 -0.9951
vn -0.9933 0.0371 0.1091
vn 0.1359 0.0481 0.9896
vn -0.8108 0.1409 0.5682
vn 0.9782 -0.1827 -0.0985
vn -0.5901 0.0469 -0.8059
vn -0.9107 0.1306 -0.3918
vn -0.4024 0.1345 0.9055
vn 0.6053 -0.0764 0.7924
vn 0.9046 -0.1728 0.3896
vn 0.8001 -0.2215 -0.5574
vn 0.4193 -0.1632 -0.8930
vn -0.9710 0.2182 0.0974
vn -0.7717 0.3012 0.5602
vn 0.9275 -0.3643 -0.0836
vn -0.5677 0.1398 -0.8113
vn -0.8643 0.2921 -0.4095
vn -0.3814 0.2289 0.8956
vn 0.5760 -0.1644 0.8008
vn 0.8514 -0.3326 0.4057
vn 0.7464 -0.3816 -0.5452
vn 0.3898 -0.2512 -0.8860
vn -0.0824 -0.0652 -0.9945
vn -0.9130 0.3996 0.0818
vn 0.1366 0.0371 0.9899
vn -0.6999 0.4584 0.5478
vn 0.8405 -0.5378 -0.0651
vn -0.5090 0.2315 -0.8291
vn -0.7831 0.4489 -0.4304
vn -0.3214 0.3217 0.8906
vn 0.5180 -0.2623 0.8142
vn 0.7620 -0.4836 0.4306
vn 0.6555 -0.5334 -0.5347
vn 0.3314 -0.3495 -0.8764
vn -0.8120 0.5804 0.0616
vn -0.5847 0.6120 0.5324
vn 0.7398 -0.6711 -0.0471
vn -0.4378 0.3120 -0.8432
vn -0.6561 0.6001 -0.4576
vn -0.2496 0.4032 0.8804
vn 0.4346 -0.3465 0.8313
vn 0.6711 -0.5907 0.4480
vn 0.5642 -0.6405 -0.5210
vn 0.2473 -0.4339 -0.8663
vn -0.0954 -0.0663 -0.9932
vn -0.6552 0.7546 0.0355
vn 0.1235 0.0361 0.9917
vn 0.6485 -0.7606 -0.0324
vn 0.5745 -0.6709 0.4689
vn 0.4663 -0.7214 -0.5121
vn -0.4127 0.7526 0.5131
vn 0.5425 -0.8399 -0.0166
vn -0.3236 0.3818 -0.8657
vn -0.4663 0.7350 -0.4922
vn -0.1338 0.4743 0.8701
vn 0.3117 -0.4238 0.8504
vn 0.4839 -0.7301 0.4825
vn 0.3756 -0.7806 -0.4996
vn 0.1241 -0.5114 -0.8503
vn -0.0979 -0.0715 -0.9926
vn -0.4189 0.9080 0.0020
vn 0.1210 0.0306 0.9922
vn 0.4122 -0.9111 0.0015
vn 0.3494 -0.7920 0.5006
vn 0.2410 -0.8426 -0.4816
vn -0.1678 0.8564 0.4882
vn 0.2505 -0.9679 0.0222
vn -0.1661 0.4239 -0.8904
vn -0.1925 0.8252 -0.5311
vn 0.0278 0.5178 0.8551
vn 0.1878 -0.4587 0.8685
vn 0.2014 -0.8280 0.5233
vn 0.0920 -0.8791 -0.4677
vn -0.0004 -0.5465 -0.8375
vn -0.1071 -0.0822 -0.9908
vn -0.0710 0.9965 -0.0443
vn 0.1118 0.0199 0.9935
vn 0.0531 -0.9976 0.0455
vn 0.0654 -0.4662 0.8822
vn 0.0127 -0.8388 0.5443
vn -0.0965 -0.8898 -0.4459
vn -0.1227 -0.5539 -0.8235
vn 0.0908 0.8864 0.4539
vn -0.1725 -0.9825 0.0697
vn 0.0315 0.4107 -0.9112
vn 0.0712 0.8253 -0.5601
vn 0.2260 0.5048 0.8331
vn -0.0811 -0.4473 0.8907
vn -0.1845 -0.8095 0.5574
vn -0.2922 -0.8598 -0.4188
vn -0.2679 -0.5341 -0.8019
vn -0.1236 -0.0820 -0.9889
vn 0.2623 0.9614 -0.0831
vn 0.2947 0.8458 0.4447
vn 0.0961 0.0207 0.9952
vn -0.3961 -0.9137 0.0908
vn 0.2947 0.7626 -0.5758
vn -0.3885 -0.7235 0.5706
vn -0.4951 -0.7734 -0.3960
vn 0.5086 0.8544 -0.1059
vn 0.4935 0.7652 0.4134
vn -0.2229 -0.3643 0.9042
vn -0.5956 -0.7962 0.1068
vn -0.4083 -0.4465 -0.7962
vn 0.2047 0.3502 -0.9140
vn 0.4745 0.6593 -0.5833
vn 0.3889 0.4384 0.8103
vn -0.5498 -0.5981 0.5832
vn -0.6567 -0.6480 -0.3859
vn -0.5192 0.4462 -0.7289
vn 0.6910 0.7136 -0.1150
vn 0.6493 0.6491 0.3963
vn 0.0954 0.0380 0.9947
vn -0.6417 0.2705 0.7177
vn -0.7284 -0.6754 0.1152
vn -0.7871 0.2011 -0.5831
vn -0.2211 0.7108 -0.6677
vn 0.0125 0.9101 -0.4141
vn -0.0708 0.7812 0.6202
vn -0.8827 0.0947 0.4604
vn -0.9940 0.0161 0.1086
vn -0.9626 0.0576 -0.2649
vn 0.1507 0.9856 -0.0769
vn 0.1169 0.9416 0.3157
vn -0.3341 0.5404 0.7722
vn 0.0212 0.5487 0.8357
vn 0.0208 0.8942 0.4472
vn 0.0144 0.9984 -0.0542
vn 0.0080 0.8408 -0.5414
vn -0.0011 0.4553 -0.8903
vn -0.0128 -0.0511 -0.9986
vn -0.0216 -0.5517 -0.8337
vn -0.0192 -0.8970 -0.4415
vn -0.0149 -0.9984 0.0542
vn -0.0065 -0.8442 0.5360
vn 0.0007 -0.4589 0.8885
vn 0.0130 0.0568 0.9983
vn 0.0461 0.5364 0.8427
vn 0.0327 0.8921 0.4506
vn 0.0306 0.9980 -0.0544
vn 0.0198 0.8383 -0.5448
vn 0.0235 0.4421 -0.8966
vn -0.0120 -0.0642 -0.9979
vn -0.0367 -0.8887 -0.4570
vn -0.0361 -0.9979 0.0544
vn -0.0237 -0.8342 0.5509
vn 0.0139 0.0441 0.9989
vn 0.0919 0.8867 0.4532
vn 0.0851 0.9949 -0.0550
vn 0.0789 0.8325 -0.5484
vn -0.0557 -0.5418 -0.8387
vn -0.0819 -0.8881 -0.4524
vn -0.0957 -0.9939 0.0550
vn -0.0690 -0.8340 0.5475
vn -0.0333 -0.4482 0.8933
vn 0.1006 0.5347 0.8390
vn 0.1704 0.8755 0.4522
vn 0.1817 0.9818 -0.0555
vn 0.1574 0.8214 -0.5483
vn 0.0781 0.4408 -0.8942
vn -0.0198 -0.0801 -0.9966
vn -0.1008 -0.5421 -0.8342
vn -0.1687 -0.8791 -0.4458
vn -0.1968 -0.9789 0.0555
vn -0.1559 -0.8257 0.5422
vn -0.0784 -0.4491 0.8900
vn 0.0061 0.0280 0.9996
vn 0.1823 0.5128 0.8389
vn 0.2892 0.8441 0.4516
vn 0.3131 0.9481 -0.0554
vn 0.2763 0.7900 -0.5473
vn 0.1599 0.4189 -0.8938
vn -0.1762 -0.5262 -0.8319
vn -0.2825 -0.8496 -0.4454
vn -0.3280 -0.9431 0.0553
vn -0.2698 -0.7962 0.5416
vn -0.1539 -0.4331 0.8881
vn 0.2691 0.4679 0.8418
vn 0.3878 0.8042 0.4504
vn 0.4449 0.8940 -0.0541
vn 0.3749 0.7503 -0.5445
vn 0.2466 0.3739 -0.8941
vn -0.0248 -0.0696 -0.9973
vn -0.2343 -0.5019 -0.8326
vn -0.3941 -0.8045 -0.4445
vn -0.4458 -0.8935 0.0542
vn -0.3814 -0.7512 0.5387
vn -0.2121 -0.4087 0.8877
vn 0.0011 0.0385 0.9993
vn 0.5050 0.7349 0.4526
vn 0.5707 0.8195 -0.0517
vn 0.4920 0.6811 -0.5422
vn -0.3096 -0.4704 -0.8264
vn -0.5035 -0.7438 -0.4396
vn -0.5679 -0.8215 0.0518
vn -0.4909 -0.6913 0.5302
vn -0.2875 -0.3780 0.8800
vn 0.3580 0.4103 0.8387
vn 0.6094 0.6536 0.4488
vn 0.6984 0.7141 -0.0477
vn 0.5966 0.6006 -0.5323
vn 0.3355 0.3168 -0.8871
vn -0.0222 -0.0631 -0.9978
vn -0.3714 -0.4163 -0.8299
vn -0.6131 -0.6541 -0.4429
vn -0.6866 -0.7255 0.0482
vn -0.6006 -0.6016 0.5267
vn -0.3493 -0.3239 0.8793
vn 0.0036 0.0449 0.9990
vn 0.4142 0.3417 0.8436
vn 0.6836 0.5721 0.4532
vn 0.7871 0.6153 -0.0435
vn 0.6707 0.5190 -0.5298
vn 0.3916 0.2479 -0.8861
vn -0.0262 -0.0630 -0.9977
vn -0.4174 -0.3679 -0.8309
vn -0.6924 -0.5682 -0.4447
vn -0.7788 -0.6258 0.0439
vn -0.6798 -0.5161 0.5211
vn -0.3953 -0.2757 0.8762
vn -0.0003 0.0452 0.9990
vn 0.7432 0.4950 0.4502
vn 0.8422 0.5376 -0.0400
vn 0.7306 0.4424 -0.5201
vn -0.4484 -0.3238 -0.8331
vn -0.7421 -0.4997 -0.4468
vn -0.8372 -0.5455 0.0404
vn -0.7295 -0.4476 0.5171
vn -0.4261 -0.2313 0.8746
vn 0.4580 0.2979 0.8376
vn 0.7708 0.4508 0.4501
vn 0.8745 0.4836 -0.0375
vn 0.7582 0.3986 -0.5159
vn 0.4369 0.2054 -0.8757
vn -0.0176 -0.0556 -0.9983
vn -0.4641 -0.2970 -0.8345
vn -0.7709 -0.4510 -0.4497
vn -0.8739 -0.4846 0.0376
vn -0.7585 -0.3987 0.5155
vn -0.4411 -0.2043 0.8739
vn 0.0076 0.0521 0.9986
vn 0.8746 0.4835 -0.0375
vn 0.0075 -0.0418 -0.9991
vn -0.4595 -0.2932 -0.8384
vn -0.7699 -0.4497 -0.4528
vn -0.7581 -0.3953 0.5187
vn -0.4411 -0.2022 0.8744
vn 0.4650 0.2949 0.8348
vn 0.7702 0.4500 0.4520
vn 0.7575 0.3976 -0.5177
vn 0.4421 0.2017 -0.8740
vn -0.8747 -0.4830 0.0403
vn 0.0320 0.0655 0.9973
vn 0.4363 0.3426 0.8320
vn 0.7262 0.5226 0.4467
vn 0.8520 0.5221 -0.0393
vn 0.7137 0.4703 -0.5191
vn 0.4139 0.2502 -0.8753
vn -0.4254 -0.3387 -0.8392
vn -0.7239 -0.5189 -0.4546
vn -0.8288 -0.5580 0.0408
vn -0.7376 -0.4304 0.5202
vn -0.4036 -0.2439 0.8818
vn 0.7949 0.6053 -0.0431
vn -0.6729 -0.5157 0.5303
vn 0.3685 0.4229 0.8279
vn 0.6553 0.6096 0.4460
vn 0.7326 0.6791 -0.0463
vn 0.6427 0.5570 -0.5260
vn 0.3463 0.3304 -0.8780
vn 0.0009 -0.0405 -0.9992
vn -0.3802 -0.3873 -0.8399
vn -0.6419 -0.6177 -0.4543
vn -0.7364 -0.6749 0.0478
vn -0.3588 -0.2946 0.8857
vn 0.0270 0.0677 0.9973
vn -0.5293 -0.6491 0.5464
vn 0.5526 0.7067 0.4418
vn 0.6229 0.7807 -0.0503
vn 0.5400 0.6541 -0.5296
vn -0.2750 -0.4558 -0.8465
vn -0.4778 -0.7473 -0.4617
vn -0.5561 -0.8292 0.0572
vn -0.2536 -0.3650 0.8958
vn 0.2652 0.4912 0.8297
vn 0.4284 0.7848 0.4478
vn 0.4788 0.8763 -0.0536
vn 0.4155 0.7313 -0.5408
vn 0.2430 0.3985 -0.8844
vn 0.0014 -0.0174 -0.9998
vn 0.0273 0.0907 0.9955
vn -0.2680 -0.7855 0.5578
vn 0.1202 0.5515 0.8255
vn 0.2835 0.8524 0.4394
vn 0.3117 0.9486 -0.0553
vn 0.2707 0.7997 -0.5359
vn 0.0980 0.4590 -0.8830
vn -0.1131 -0.5147 -0.8499
vn -0.2044 -0.8610 -0.4657
vn -0.2310 -0.9710 0.0623
vn -0.0902 -0.4247 0.9008
vn 0.1108 0.8876 0.4470
vn 0.1348 0.9893 -0.0553
vn 0.0979 0.8342 -0.5427
vn 0.0333 -0.8292 0.5579
vn -0.0484 0.5546 0.8307
vn -0.0265 0.8926 0.4500
vn -0.0391 0.9978 -0.0535
vn -0.0393 0.8389 -0.5428
vn -0.0706 0.4619 -0.8841
vn -0.0227 -0.0169 -0.9996
vn 0.0336 -0.5271 -0.8491
vn 0.0896 -0.8796 -0.4671
vn 0.1228 -0.9907 0.0587
vn 0.0567 -0.4358 0.8982
vn 0.0031 0.0910 0.9958
vn -0.1791 0.8757 0.4484
vn -0.2033 0.9778 -0.0503
vn -0.1918 0.8224 -0.5355
vn 0.2821 -0.7887 0.5463
vn -0.1918 0.5174 0.8339
vn -0.3311 0.8278 0.4529
vn -0.3813 0.9234 -0.0450
vn -0.3438 0.7746 -0.5308
vn -0.2139 0.4247 -0.8797
vn 0.1766 -0.4988 -0.8485
vn 0.3197 -0.8249 -0.4662
vn 0.3872 -0.9206 0.0499
vn 0.2002 -0.4072 0.8911
vn 0.4599 -0.7095 0.5340
vn -0.2798 0.4715 0.8363
vn -0.4880 0.7456 0.4538
vn -0.5594 0.8281 -0.0376
vn -0.5006 0.6930 -0.5188
vn -0.3019 0.3789 -0.8748
vn -0.0313 -0.0360 -0.9989
vn 0.2668 -0.4574 -0.8483
vn 0.4866 -0.7393 -0.4654
vn 0.5715 -0.8196 0.0409
vn 0.2907 -0.3650 0.8845
vn -0.0055 0.0720 0.9974
vn 0.5881 -0.6175 0.5223
vn -0.3606 0.4088 0.8383
vn -0.6100 0.6451 0.4602
vn -0.6988 0.7148 -0.0297
vn -0.6227 0.5924 -0.5112
vn -0.3828 0.3165 -0.8679
vn 0.3630 -0.3691 -0.8556
vn 0.6010 -0.6458 -0.4709
vn 0.7072 -0.7062 0.0324
vn 0.3876 -0.2758 0.8796
vn 0.6968 -0.5041 0.5103
vn -0.4362 0.3225 0.8401
vn -0.6995 0.5457 0.4614
vn -0.8043 0.5938 -0.0217
vn -0.7120 0.4936 -0.4993
vn -0.4582 0.2305 -0.8584
vn -0.0314 -0.0440 -0.9985
vn 0.7042 -0.5288 -0.4738
vn 0.8172 -0.5759 0.0237
vn -0.0055 0.0642 0.9979
vn 0.7860 -0.3641 0.4997
vn -0.7742 0.4273 0.4669
vn -0.8777 0.4789 -0.0145
vn -0.7866 0.3756 -0.4901
vn 0.4466 -0.2510 -0.8588
vn 0.7916 -0.3825 -0.4764
vn 0.9207 -0.3900 0.0127
vn 0.4686 -0.1581 0.8692
vn -0.9361 0.3516 -0.0068
vn -0.4854 0.2215 0.8457
vn -0.8234 0.3091 0.4758
vn -0.8359 0.2571 -0.4850
vn -0.5074 0.1294 -0.8519
vn -0.0369 -0.0486 -0.9981
vn -0.0109 0.0595 0.9982
vn 0.8534 -0.1940 0.4838
vn -0.9799 0.1994 0.0019
vn 0.4868 -0.1051 -0.8671
vn 0.8475 -0.2148 -0.4854
vn 0.5121 -0.0109 0.8589
vn -0.5113 0.1303 0.8495
vn -0.8611 0.1688 0.4796
vn -0.8734 0.1172 -0.4727
vn -0.5332 0.0385 -0.8451
vn 0.9839 -0.1785 -0.0011
vn 0.8781 -0.0352 0.4773
vn -0.9995 0.0285 0.0114
vn 0.8680 -0.0490 -0.4941
vn -0.5192 0.0448 0.8535
vn -0.8730 0.0155 0.4875
vn -0.8853 -0.0361 -0.4636
vn -0.5410 -0.0469 -0.8397
vn -0.0395 -0.0561 -0.9976
vn 0.9999 0.0061 -0.0119
vn -0.0136 0.0519 0.9986
vn 0.8775 0.1154 0.4655
vn -0.9881 -0.1522 0.0211
vn 0.4894 0.0293 -0.8715
vn 0.8603 0.1026 -0.4994
vn 0.5131 0.1210 0.8497
vn -0.5071 -0.0577 0.8599
vn -0.8558 -0.1447 0.4967
vn -0.8681 -0.1963 -0.4559
vn -0.5291 -0.1496 -0.8353
vn 0.9819 0.1879 -0.0214
vn 0.8427 0.2768 0.4618
vn -0.9416 -0.3353 0.0304
vn 0.4695 0.1226 -0.8744
vn 0.8171 0.2652 -0.5119
vn 0.4939 0.2164 0.8422
vn -0.4796 -0.1468 0.8651
vn -0.8059 -0.3061 0.5067
vn -0.8183 -0.3579 -0.4497
vn -0.5017 -0.2386 -0.8315
vn -0.0405 -0.0672 -0.9969
vn 0.9281 0.3711 -0.0304
vn -0.0146 0.0407 0.9991
vn 0.7747 0.4363 0.4576
vn -0.8584 -0.5115 0.0388
vn 0.4120 0.2161 -0.8852
vn 0.7389 0.4244 -0.5234
vn 0.4365 0.3112 0.8441
vn -0.4235 -0.2468 0.8716
vn -0.7189 -0.4600 0.5212
vn -0.7315 -0.5126 -0.4497
vn -0.4456 -0.3387 -0.8287
vn 0.8310 0.5549 -0.0390
vn 0.6634 0.5932 0.4560
vn -0.7605 -0.6478 0.0450
vn 0.3420 0.2988 -0.8909
vn 0.6141 0.5797 -0.5355
vn 0.3666 0.3949 0.8424
vn -0.3414 -0.3333 0.8788
vn -0.6300 -0.5696 0.5279
vn -0.6426 -0.6225 -0.4468
vn -0.3635 -0.4257 -0.8287
vn -0.0274 -0.0687 -0.9973
vn 0.6777 0.7339 -0.0464
vn -0.0016 0.0394 0.9992
vn -0.6708 -0.7400 0.0488
vn -0.5340 -0.6528 0.5372
vn -0.5469 -0.7062 -0.4497
vn 0.4948 0.7391 0.4570
vn -0.5662 -0.8227 0.0518
vn 0.2281 0.3719 -0.8998
vn 0.4258 0.7205 -0.5474
vn 0.2525 0.4695 0.8460
vn -0.2195 -0.4144 0.8832
vn -0.4444 -0.7149 0.5399
vn -0.4571 -0.7684 -0.4479
vn -0.2417 -0.5069 -0.8274
vn -0.0251 -0.0741 -0.9969
vn 0.4438 0.8946 -0.0516
vn 0.0008 0.0337 0.9994
vn -0.4369 -0.8979 0.0542
vn -0.3105 -0.7811 0.5417
vn -0.3234 -0.8345 -0.4461
vn 0.2519 0.8507 0.4614
vn -0.2757 -0.9597 0.0554
vn 0.0702 0.4189 -0.9053
vn 0.1523 0.8190 -0.5532
vn 0.0918 0.5181 0.8504
vn -0.0955 -0.4530 0.8864
vn -0.1621 -0.8216 0.5465
vn -0.1750 -0.8756 -0.4502
vn -0.1177 -0.5459 -0.8296
vn -0.0161 -0.0849 -0.9963
vn 0.0959 0.9938 -0.0558
vn 0.0098 0.0230 0.9997
vn -0.0780 -0.9954 0.0549
vn 0.0273 -0.4640 0.8854
vn 0.0273 -0.8382 0.5446
vn 0.0144 -0.8922 -0.4514
vn 0.0052 -0.5570 -0.8305
vn -0.0079 0.8886 0.4586
vn 0.1493 -0.9875 0.0514
vn -0.1288 0.4117 -0.9022
vn -0.1129 0.8274 -0.5502
vn -0.1078 0.5112 0.8527
vn 0.1744 -0.4497 0.8760
vn 0.2255 -0.8151 0.5337
vn 0.2127 -0.8682 -0.4483
vn 0.1523 -0.5418 -0.8266
vn 0.0005 -0.0855 -0.9963
vn -0.2406 0.9691 -0.0538
vn -0.2125 0.8544 0.4742
vn 0.0257 0.0231 0.9994
vn 0.3757 -0.9256 0.0452
vn -0.3385 0.7717 -0.5384
vn 0.4321 -0.7354 0.5220
vn 0.4194 -0.7882 -0.4504
vn -0.4911 0.8699 -0.0465
vn -0.4160 0.7800 0.4675
vn 0.3193 -0.3715 0.8718
vn 0.5792 -0.8144 0.0365
vn 0.2951 -0.4584 -0.8383
vn -0.3029 0.3567 -0.8838
vn -0.5210 0.6739 -0.5238
vn -0.2743 0.4499 0.8499
vn 0.5975 -0.6151 0.5144
vn 0.5849 -0.6678 -0.4603
vn 0.4409 0.4301 -0.7878
vn -0.6774 0.7349 -0.0329
vn -0.5763 0.6687 0.4698
vn 0.0268 0.0402 0.9988
vn 0.7318 0.2501 0.6340
vn 0.7158 -0.6978 0.0285
vn 0.7166 0.1767 -0.6747
vn 0.1605 0.7037 -0.6921
vn -0.0344 0.9103 -0.4125
vn 0.1694 0.7783 0.6047
vn 0.9343 0.0671 0.3500
vn 0.9998 -0.0148 -0.0124
vn 0.9248 0.0279 -0.3795
vn -0.1284 0.9898 -0.0614
vn -0.0488 0.9446 0.3246
vn 0.4416 0.5294 0.7244
vt 0.278592 0.597969
vt 0.277238 0.586484
vt 0.270465 0.595244
vt 0.454900 0.242219
vt 0.443447 0.240382
vt 0.448448 0.250679
vt 0.487144 0.236603
vt 0.500861 0.232604
vt 0.495069 0.218210
vt 0.482366 0.224818
vt 0.319579 0.589849
vt 0.317346 0.577464
vt 0.306753 0.586408
vt 0.424938 0.255200
vt 0.432602 0.254991
vt 0.429568 0.249229
vt 0.262291 0.594080
vt 0.267051 0.585514
vt 0.287106 0.589372
vt 0.282242 0.577474
vt 0.466259 0.247082
vt 0.457531 0.252046
vt 0.290228 0.572307
vt 0.301981 0.571144
vt 0.293073 0.558979
vt 0.270089 0.577091
vt 0.466091 0.263876
vt 0.477501 0.254692
vt 0.257050 0.588214
vt 0.255042 0.595495
vt 0.273645 0.568612
vt 0.448399 0.259916
vt 0.440431 0.253492
vt 0.439552 0.261014
vt 0.305844 0.554797
vt 0.296932 0.545455
vt 0.278438 0.560412
vt 0.280477 0.548955
vt 0.429721 0.261012
vt 0.259397 0.580503
vt 0.259714 0.571998
vt 0.444864 0.268434
vt 0.435027 0.267076
vt 0.262807 0.554023
vt 0.270863 0.544869
vt 0.260636 0.542763
vt 0.264804 0.564173
vt 0.255862 0.562823
vt 0.251122 0.553297
vt 0.248874 0.581331
vt 0.435758 0.276288
vt 0.428133 0.270600
vt 0.250102 0.589784
vt 0.250256 0.572018
vt 0.243279 0.564997
vt 0.239594 0.577426
vt 0.424912 0.279114
vt 0.431878 0.287062
vt 0.238416 0.556744
vt 0.239991 0.544684
vt 0.230364 0.548619
vt 0.420980 0.261126
vt 0.232481 0.571831
vt 0.420581 0.270168
vt 0.415968 0.296285
vt 0.421750 0.287807
vt 0.412859 0.285490
vt 0.224868 0.566081
vt 0.221698 0.554354
vt 0.214322 0.561665
vt 0.240844 0.589400
vt 0.232177 0.589067
vt 0.217799 0.575365
vt 0.213634 0.587840
vt 0.225199 0.582302
vt 0.247807 0.597111
vt 0.222430 0.592086
vt 0.204496 0.579854
vt 0.202429 0.590029
vt 0.239613 0.598501
vt 0.213881 0.604278
vt 0.202390 0.600405
vt 0.204376 0.610586
vt 0.410126 0.260094
vt 0.418010 0.252552
vt 0.244343 0.606606
vt 0.402040 0.261494
vt 0.401562 0.250081
vt 0.392314 0.255794
vt 0.220397 0.619354
vt 0.208310 0.620178
vt 0.214039 0.628812
vt 0.252272 0.602643
vt 0.235180 0.608814
vt 0.241793 0.615394
vt 0.386356 0.238359
vt 0.393556 0.245696
vt 0.397475 0.237557
vt 0.231976 0.630641
vt 0.221339 0.636159
vt 0.229928 0.641936
vt 0.253323 0.610991
vt 0.395736 0.224865
vt 0.404124 0.229852
vt 0.242637 0.635852
vt 0.255618 0.637492
vt 0.248237 0.627358
vt 0.259152 0.601694
vt 0.423236 0.247723
vt 0.250513 0.618960
vt 0.262232 0.618059
vt 0.249607 0.647971
vt 0.259939 0.648002
vt 0.271617 0.634057
vt 0.260630 0.627580
vt 0.260978 0.610037
vt 0.272462 0.622995
vt 0.417527 0.213747
vt 0.411909 0.225267
vt 0.424364 0.222563
vt 0.270071 0.646020
vt 0.279615 0.642105
vt 0.418517 0.232356
vt 0.418797 0.240712
vt 0.426287 0.239678
vt 0.281623 0.628209
vt 0.432211 0.232634
vt 0.267257 0.605139
vt 0.273383 0.610448
vt 0.280168 0.616420
vt 0.433972 0.214076
vt 0.436905 0.224839
vt 0.290191 0.618379
vt 0.295518 0.629167
vt 0.301282 0.620653
vt 0.435687 0.244149
vt 0.284790 0.608711
vt 0.449018 0.220695
vt 0.447612 0.231744
vt 0.296162 0.603622
vt 0.305294 0.611197
vt 0.307434 0.601145
vt 0.287595 0.598964
vt 0.460154 0.232229
vt 0.475511 0.239991
vt 0.471618 0.230411
vt 0.330985 0.573904
vt 0.333234 0.588838
vt 0.325826 0.559295
vt 0.312792 0.565599
vt 0.489549 0.249070
vt 0.503758 0.247808
vt 0.296372 0.587688
vt 0.456916 0.261590
vt 0.317650 0.545556
vt 0.503664 0.263275
vt 0.489488 0.261762
vt 0.486966 0.274198
vt 0.500577 0.278430
vt 0.475447 0.270588
vt 0.306315 0.534147
vt 0.452270 0.272988
vt 0.286272 0.538168
vt 0.293137 0.525336
vt 0.482076 0.285906
vt 0.494609 0.292702
vt 0.471478 0.280127
vt 0.459430 0.279249
vt 0.475003 0.296443
vt 0.485979 0.305546
vt 0.465730 0.288712
vt 0.274402 0.533172
vt 0.278588 0.519312
vt 0.443533 0.281988
vt 0.261810 0.530619
vt 0.263200 0.516252
vt 0.466015 0.305405
vt 0.475014 0.316472
vt 0.458421 0.296016
vt 0.447617 0.290603
vt 0.449829 0.301758
vt 0.455451 0.312448
vt 0.250212 0.542704
vt 0.248988 0.530584
vt 0.247550 0.516252
vt 0.462127 0.325060
vt 0.236427 0.533051
vt 0.232228 0.519296
vt 0.443716 0.317303
vt 0.447810 0.330978
vt 0.440281 0.305719
vt 0.432360 0.296587
vt 0.224603 0.537915
vt 0.430141 0.307745
vt 0.217812 0.525256
vt 0.431255 0.319780
vt 0.432608 0.333997
vt 0.213963 0.544986
vt 0.204843 0.533899
vt 0.418545 0.319783
vt 0.417102 0.333997
vt 0.419798 0.307758
vt 0.415766 0.277284
vt 0.409648 0.305753
vt 0.204911 0.553989
vt 0.193808 0.544896
vt 0.406074 0.317308
vt 0.401886 0.330974
vt 0.197789 0.564585
vt 0.185127 0.557832
vt 0.394319 0.312447
vt 0.387544 0.325040
vt 0.400080 0.301807
vt 0.404989 0.292449
vt 0.208512 0.570273
vt 0.402307 0.278686
vt 0.394650 0.284390
vt 0.407716 0.271795
vt 0.413981 0.266462
vt 0.192871 0.576367
vt 0.179137 0.572216
vt 0.383734 0.305385
vt 0.374629 0.316419
vt 0.391462 0.296069
vt 0.190351 0.588879
vt 0.176074 0.587492
vt 0.374726 0.296390
vt 0.363639 0.305439
vt 0.384126 0.288758
vt 0.395034 0.268234
vt 0.385774 0.270577
vt 0.222898 0.601107
vt 0.190324 0.601637
vt 0.176056 0.603066
vt 0.367643 0.285806
vt 0.354999 0.292520
vt 0.378355 0.280153
vt 0.231622 0.600369
vt 0.362761 0.274040
vt 0.349046 0.278159
vt 0.374374 0.270585
vt 0.192788 0.614148
vt 0.179082 0.618336
vt 0.197647 0.625932
vt 0.185029 0.632712
vt 0.360269 0.261545
vt 0.346010 0.262907
vt 0.372335 0.260422
vt 0.382859 0.254413
vt 0.227506 0.612978
vt 0.372319 0.250055
vt 0.360264 0.248800
vt 0.409481 0.252310
vt 0.204709 0.636534
vt 0.193665 0.645643
vt 0.346010 0.247353
vt 0.213700 0.645548
vt 0.204653 0.656631
vt 0.362747 0.236297
vt 0.349047 0.232094
vt 0.374328 0.239882
vt 0.236632 0.622396
vt 0.378285 0.230295
vt 0.367624 0.224517
vt 0.407011 0.239654
vt 0.412756 0.245440
vt 0.224272 0.652629
vt 0.217567 0.665258
vt 0.355005 0.217719
vt 0.239473 0.645924
vt 0.236016 0.657507
vt 0.231907 0.671193
vt 0.374708 0.213913
vt 0.363656 0.204780
vt 0.384038 0.221664
vt 0.391368 0.214320
vt 0.248477 0.659998
vt 0.247120 0.674213
vt 0.383729 0.204894
vt 0.374670 0.193775
vt 0.261176 0.660010
vt 0.262618 0.674203
vt 0.394341 0.197809
vt 0.387625 0.185129
vt 0.399993 0.208548
vt 0.405051 0.217858
vt 0.409582 0.204572
vt 0.273622 0.657545
vt 0.277802 0.671171
vt 0.406137 0.192931
vt 0.402026 0.179178
vt 0.285337 0.652706
vt 0.292087 0.665239
vt 0.418664 0.190451
vt 0.417320 0.176153
vt 0.419767 0.202546
vt 0.288205 0.636412
vt 0.295872 0.645685
vt 0.304921 0.656643
vt 0.431439 0.190470
vt 0.432921 0.176178
vt 0.430153 0.202551
vt 0.443968 0.192990
vt 0.448224 0.179259
vt 0.440340 0.204588
vt 0.304825 0.636761
vt 0.315809 0.645727
vt 0.311863 0.626290
vt 0.324336 0.632929
vt 0.455763 0.197918
vt 0.462634 0.185287
vt 0.449932 0.208580
vt 0.466364 0.205065
vt 0.475581 0.194037
vt 0.458560 0.214371
vt 0.316739 0.614686
vt 0.330181 0.618773
vt 0.319314 0.602390
vt 0.333151 0.603853
vt 0.475355 0.214156
vt 0.486543 0.205169
vt 0.465905 0.221735
vt 0.109209 0.597969
vt 0.107855 0.586484
vt 0.101082 0.595244
vt 0.114993 0.412269
vt 0.103540 0.410432
vt 0.108541 0.420729
vt 0.147237 0.406653
vt 0.160954 0.402654
vt 0.155162 0.388260
vt 0.142459 0.394868
vt 0.150196 0.589849
vt 0.147963 0.577465
vt 0.137370 0.586408
vt 0.085030 0.425249
vt 0.092695 0.425041
vt 0.089661 0.419279
vt 0.092908 0.594080
vt 0.097668 0.585514
vt 0.117723 0.589372
vt 0.112859 0.577474
vt 0.126352 0.417131
vt 0.117624 0.422096
vt 0.120845 0.572307
vt 0.132598 0.571145
vt 0.123690 0.558979
vt 0.100706 0.577091
vt 0.126184 0.433926
vt 0.137594 0.424742
vt 0.087667 0.588214
vt 0.085659 0.595496
vt 0.104262 0.568612
vt 0.108492 0.429965
vt 0.100524 0.423542
vt 0.099645 0.431063
vt 0.136461 0.554797
vt 0.127549 0.545455
vt 0.109055 0.560412
vt 0.111094 0.548955
vt 0.089814 0.431062
vt 0.090014 0.580503
vt 0.090331 0.571998
vt 0.104957 0.438484
vt 0.095120 0.437126
vt 0.093424 0.554023
vt 0.101480 0.544869
vt 0.091253 0.542763
vt 0.095421 0.564173
vt 0.086479 0.562823
vt 0.081739 0.553297
vt 0.079491 0.581331
vt 0.095851 0.446337
vt 0.088225 0.440650
vt 0.080719 0.589784
vt 0.080873 0.572018
vt 0.073896 0.564997
vt 0.070211 0.577426
vt 0.085005 0.449164
vt 0.091971 0.457112
vt 0.069032 0.556744
vt 0.070608 0.544684
vt 0.060981 0.548619
vt 0.081073 0.431176
vt 0.063098 0.571831
vt 0.080674 0.440218
vt 0.076061 0.466335
vt 0.081843 0.457857
vt 0.072952 0.455540
vt 0.055485 0.566081
vt 0.052315 0.554354
vt 0.044939 0.561665
vt 0.071461 0.589400
vt 0.062794 0.589067
vt 0.048416 0.575365
vt 0.044251 0.587840
vt 0.055816 0.582302
vt 0.078423 0.597111
vt 0.053047 0.592086
vt 0.035113 0.579855
vt 0.033046 0.590029
vt 0.070230 0.598501
vt 0.044498 0.604278
vt 0.033006 0.600405
vt 0.034993 0.610586
vt 0.070219 0.430144
vt 0.078103 0.422602
vt 0.074960 0.606606
vt 0.062133 0.431544
vt 0.061655 0.420131
vt 0.052407 0.425843
vt 0.051014 0.619354
vt 0.038927 0.620178
vt 0.044656 0.628813
vt 0.082889 0.602643
vt 0.065797 0.608814
vt 0.072410 0.615395
vt 0.046449 0.408409
vt 0.053649 0.415746
vt 0.057568 0.407607
vt 0.062593 0.630641
vt 0.051956 0.636159
vt 0.060545 0.641936
vt 0.083940 0.610991
vt 0.055829 0.394915
vt 0.064217 0.399902
vt 0.073253 0.635852
vt 0.086235 0.637493
vt 0.078854 0.627358
vt 0.089769 0.601694
vt 0.083329 0.417773
vt 0.081130 0.618960
vt 0.092849 0.618059
vt 0.080224 0.647971
vt 0.090556 0.648003
vt 0.102234 0.634057
vt 0.091247 0.627580
vt 0.091595 0.610037
vt 0.103079 0.622995
vt 0.077620 0.383796
vt 0.072002 0.395317
vt 0.084457 0.392613
vt 0.100688 0.646020
vt 0.110232 0.642105
vt 0.078610 0.402406
vt 0.078890 0.410762
vt 0.086380 0.409728
vt 0.112240 0.628209
vt 0.092304 0.402684
vt 0.097874 0.605139
vt 0.104000 0.610448
vt 0.110785 0.616420
vt 0.094065 0.384126
vt 0.096998 0.394889
vt 0.120808 0.618379
vt 0.126135 0.629167
vt 0.131899 0.620653
vt 0.095780 0.414198
vt 0.115407 0.608711
vt 0.109111 0.390745
vt 0.107704 0.401794
vt 0.126779 0.603622
vt 0.135911 0.611197
vt 0.138051 0.601145
vt 0.118212 0.598964
vt 0.120247 0.402279
vt 0.135604 0.410040
vt 0.131711 0.400461
vt 0.161602 0.573904
vt 0.163851 0.588838
vt 0.156443 0.559295
vt 0.143409 0.565599
vt 0.149642 0.419120
vt 0.163851 0.417858
vt 0.126989 0.587688
vt 0.117009 0.431640
vt 0.148267 0.545556
vt 0.163757 0.433325
vt 0.149581 0.431812
vt 0.147059 0.444247
vt 0.160670 0.448480
vt 0.135540 0.440638
vt 0.136932 0.534147
vt 0.112362 0.443038
vt 0.116889 0.538168
vt 0.123754 0.525336
vt 0.142169 0.455956
vt 0.154702 0.462751
vt 0.131571 0.450176
vt 0.119523 0.449298
vt 0.135096 0.466492
vt 0.146072 0.475596
vt 0.125823 0.458762
vt 0.105019 0.533172
vt 0.109205 0.519312
vt 0.103626 0.452038
vt 0.092427 0.530620
vt 0.093817 0.516252
vt 0.126108 0.475454
vt 0.135107 0.486522
vt 0.118514 0.466065
vt 0.107710 0.460653
vt 0.109922 0.471808
vt 0.115544 0.482498
vt 0.080829 0.542704
vt 0.079605 0.530584
vt 0.078167 0.516252
vt 0.122220 0.495110
vt 0.067044 0.533051
vt 0.062845 0.519296
vt 0.103809 0.487353
vt 0.107903 0.501028
vt 0.100374 0.475769
vt 0.092453 0.466637
vt 0.055220 0.537915
vt 0.090234 0.477795
vt 0.048429 0.525256
vt 0.091348 0.489830
vt 0.092701 0.504047
vt 0.044580 0.544986
vt 0.035460 0.533899
vt 0.078638 0.489833
vt 0.077195 0.504047
vt 0.079891 0.477807
vt 0.075859 0.447334
vt 0.069741 0.475803
vt 0.035528 0.553989
vt 0.024425 0.544896
vt 0.066167 0.487358
vt 0.061979 0.501024
vt 0.028406 0.564585
vt 0.015744 0.557832
vt 0.054412 0.482497
vt 0.047637 0.495090
vt 0.060173 0.471857
vt 0.065082 0.462499
vt 0.039129 0.570273
vt 0.062400 0.448736
vt 0.054743 0.454439
vt 0.067809 0.441845
vt 0.074074 0.436512
vt 0.023488 0.576367
vt 0.009754 0.572216
vt 0.043827 0.475435
vt 0.034722 0.486469
vt 0.051555 0.466119
vt 0.020968 0.588879
vt 0.006691 0.587492
vt 0.034819 0.466439
vt 0.023732 0.475489
vt 0.044219 0.458807
vt 0.055127 0.438284
vt 0.045867 0.440627
vt 0.053515 0.601108
vt 0.020941 0.601637
vt 0.006673 0.603066
vt 0.027737 0.455856
vt 0.015092 0.462570
vt 0.038448 0.450203
vt 0.062239 0.600369
vt 0.022854 0.444090
vt 0.009139 0.448209
vt 0.034467 0.440635
vt 0.023405 0.614148
vt 0.009699 0.618336
vt 0.028264 0.625932
vt 0.015646 0.632713
vt 0.020362 0.431595
vt 0.006103 0.432957
vt 0.032428 0.430472
vt 0.042952 0.424462
vt 0.058123 0.612978
vt 0.032412 0.420105
vt 0.020357 0.418850
vt 0.069574 0.422360
vt 0.035326 0.636534
vt 0.024282 0.645643
vt 0.006103 0.417403
vt 0.044317 0.645548
vt 0.035270 0.656632
vt 0.022840 0.406347
vt 0.009140 0.402144
vt 0.034421 0.409932
vt 0.067249 0.622396
vt 0.038378 0.400345
vt 0.027717 0.394567
vt 0.067104 0.409704
vt 0.072849 0.415490
vt 0.054889 0.652629
vt 0.048184 0.665258
vt 0.015098 0.387769
vt 0.070090 0.645924
vt 0.066633 0.657507
vt 0.062524 0.671193
vt 0.034801 0.383963
vt 0.023749 0.374830
vt 0.044131 0.391714
vt 0.051461 0.384370
vt 0.079094 0.659999
vt 0.077737 0.674213
vt 0.043822 0.374944
vt 0.034763 0.363825
vt 0.091793 0.660010
vt 0.093235 0.674204
vt 0.054434 0.367859
vt 0.047718 0.355179
vt 0.060086 0.378598
vt 0.065144 0.387908
vt 0.069675 0.374622
vt 0.104239 0.657546
vt 0.108419 0.671171
vt 0.066230 0.362981
vt 0.062119 0.349227
vt 0.115954 0.652706
vt 0.122704 0.665239
vt 0.078757 0.360501
vt 0.077413 0.346203
vt 0.079860 0.372596
vt 0.118822 0.636413
vt 0.126489 0.645685
vt 0.135538 0.656643
vt 0.091532 0.360520
vt 0.093014 0.346227
vt 0.090246 0.372600
vt 0.104061 0.363040
vt 0.108317 0.349309
vt 0.100433 0.374638
vt 0.135442 0.636761
vt 0.146426 0.645727
vt 0.142480 0.626291
vt 0.154953 0.632930
vt 0.115856 0.367968
vt 0.122727 0.355337
vt 0.110025 0.378630
vt 0.126457 0.375115
vt 0.135674 0.364087
vt 0.118653 0.384421
vt 0.147356 0.614686
vt 0.160798 0.618773
vt 0.149931 0.602390
vt 0.163768 0.603853
vt 0.135448 0.384206
vt 0.146636 0.375218
vt 0.125998 0.391784
vt 0.618499 0.597969
vt 0.617145 0.586484
vt 0.610372 0.595244
vt 0.624854 0.072169
vt 0.613400 0.070332
vt 0.618402 0.080629
vt 0.657098 0.066553
vt 0.670815 0.062554
vt 0.665022 0.048160
vt 0.652319 0.054768
vt 0.659486 0.589849
vt 0.657253 0.577464
vt 0.646659 0.586408
vt 0.594891 0.085150
vt 0.602556 0.084941
vt 0.599521 0.079179
vt 0.602198 0.594080
vt 0.606958 0.585514
vt 0.627013 0.589372
vt 0.622149 0.577474
vt 0.636212 0.077032
vt 0.627484 0.081996
vt 0.630136 0.572307
vt 0.641888 0.571144
vt 0.632980 0.558979
vt 0.609996 0.577091
vt 0.636045 0.093826
vt 0.647454 0.084642
vt 0.596957 0.588214
vt 0.594949 0.595495
vt 0.613552 0.568612
vt 0.618352 0.089866
vt 0.610384 0.083442
vt 0.609505 0.090964
vt 0.645751 0.554797
vt 0.636839 0.545455
vt 0.618345 0.560412
vt 0.620384 0.548955
vt 0.599674 0.090962
vt 0.599304 0.580503
vt 0.599621 0.571998
vt 0.614817 0.098384
vt 0.604980 0.097026
vt 0.602714 0.554023
vt 0.610770 0.544869
vt 0.600543 0.542763
vt 0.604711 0.564173
vt 0.595769 0.562823
vt 0.591029 0.553297
vt 0.588781 0.581331
vt 0.605711 0.106238
vt 0.598086 0.100550
vt 0.590009 0.589784
vt 0.590163 0.572018
vt 0.583186 0.564997
vt 0.579501 0.577426
vt 0.594865 0.109064
vt 0.601832 0.117012
vt 0.578322 0.556744
vt 0.579898 0.544684
vt 0.570271 0.548619
vt 0.590933 0.091076
vt 0.572388 0.571831
vt 0.590534 0.100118
vt 0.585921 0.126235
vt 0.591703 0.117757
vt 0.582813 0.115440
vt 0.564775 0.566081
vt 0.561605 0.554354
vt 0.554229 0.561664
vt 0.580751 0.589400
vt 0.572084 0.589067
vt 0.557707 0.575365
vt 0.553541 0.587840
vt 0.565106 0.582302
vt 0.587713 0.597111
vt 0.562337 0.592086
vt 0.544403 0.579854
vt 0.542337 0.590029
vt 0.579520 0.598501
vt 0.553788 0.604278
vt 0.542296 0.600405
vt 0.544283 0.610586
vt 0.580079 0.090044
vt 0.587964 0.082502
vt 0.584250 0.606606
vt 0.571993 0.091444
vt 0.571515 0.080031
vt 0.562267 0.085744
vt 0.560304 0.619354
vt 0.548217 0.620178
vt 0.553946 0.628813
vt 0.592179 0.602643
vt 0.575087 0.608814
vt 0.581700 0.615394
vt 0.556309 0.068309
vt 0.563509 0.075646
vt 0.567428 0.067507
vt 0.571883 0.630641
vt 0.561246 0.636159
vt 0.569835 0.641936
vt 0.593230 0.610991
vt 0.565690 0.054815
vt 0.574077 0.059802
vt 0.582544 0.635852
vt 0.595525 0.637492
vt 0.588144 0.627358
vt 0.599059 0.601694
vt 0.593189 0.077673
vt 0.590420 0.618960
vt 0.602139 0.618059
vt 0.589514 0.647971
vt 0.599846 0.648002
vt 0.611524 0.634057
vt 0.600537 0.627580
vt 0.600885 0.610037
vt 0.612369 0.622995
vt 0.587481 0.043697
vt 0.581862 0.055217
vt 0.594318 0.052513
vt 0.609978 0.646020
vt 0.619522 0.642105
vt 0.588471 0.062306
vt 0.588750 0.070662
vt 0.596241 0.069628
vt 0.621530 0.628209
vt 0.602164 0.062584
vt 0.607164 0.605139
vt 0.613290 0.610448
vt 0.620075 0.616420
vt 0.603925 0.044026
vt 0.606859 0.054789
vt 0.630098 0.618379
vt 0.635425 0.629167
vt 0.641189 0.620653
vt 0.605640 0.074099
vt 0.624696 0.608711
vt 0.618971 0.050645
vt 0.617565 0.061694
vt 0.636069 0.603622
vt 0.645201 0.611197
vt 0.647341 0.601145
vt 0.627502 0.598964
vt 0.630107 0.062179
vt 0.645465 0.069941
vt 0.641572 0.060361
vt 0.670892 0.573904
vt 0.673141 0.588838
vt 0.665733 0.559294
vt 0.652699 0.565599
vt 0.659502 0.079020
vt 0.673711 0.077758
vt 0.636279 0.587688
vt 0.626869 0.091540
vt 0.657557 0.545556
vt 0.673617 0.093225
vt 0.659442 0.091712
vt 0.656919 0.104148
vt 0.670531 0.108380
vt 0.645401 0.100538
vt 0.646222 0.534147
vt 0.622223 0.102938
vt 0.626179 0.538168
vt 0.633044 0.525336
vt 0.652029 0.115856
vt 0.664562 0.122652
vt 0.641432 0.110077
vt 0.629383 0.109199
vt 0.644957 0.126393
vt 0.655933 0.135496
vt 0.635683 0.118662
vt 0.614309 0.533172
vt 0.618495 0.519312
vt 0.613487 0.111938
vt 0.601717 0.530620
vt 0.603107 0.516252
vt 0.635968 0.135355
vt 0.644967 0.146422
vt 0.628374 0.125965
vt 0.617571 0.120554
vt 0.619782 0.131708
vt 0.625405 0.142399
vt 0.590119 0.542704
vt 0.588895 0.530584
vt 0.587457 0.516252
vt 0.632080 0.155010
vt 0.576334 0.533051
vt 0.572135 0.519296
vt 0.613669 0.147253
vt 0.617763 0.160928
vt 0.610234 0.135669
vt 0.602314 0.126537
vt 0.564510 0.537915
vt 0.600095 0.137695
vt 0.557719 0.525256
vt 0.601208 0.149731
vt 0.602561 0.163947
vt 0.553870 0.544986
vt 0.544750 0.533899
vt 0.588498 0.149733
vt 0.587056 0.163947
vt 0.589752 0.137708
vt 0.585719 0.107234
vt 0.579601 0.135703
vt 0.544818 0.553989
vt 0.533715 0.544896
vt 0.576027 0.147258
vt 0.571839 0.160924
vt 0.537696 0.564584
vt 0.525034 0.557832
vt 0.564272 0.142397
vt 0.557498 0.154990
vt 0.570033 0.131757
vt 0.574942 0.122399
vt 0.548419 0.570273
vt 0.572260 0.108636
vt 0.564603 0.114340
vt 0.577669 0.101745
vt 0.583934 0.096412
vt 0.532778 0.576367
vt 0.519044 0.572216
vt 0.553687 0.135335
vt 0.544583 0.146369
vt 0.561415 0.126019
vt 0.530258 0.588879
vt 0.515981 0.587492
vt 0.544679 0.126340
vt 0.533592 0.135389
vt 0.554079 0.118708
vt 0.564988 0.098185
vt 0.555727 0.100527
vt 0.562805 0.601107
vt 0.530231 0.601636
vt 0.515963 0.603066
vt 0.537597 0.115756
vt 0.524953 0.122470
vt 0.548309 0.110103
vt 0.571529 0.600369
vt 0.532715 0.103990
vt 0.518999 0.108109
vt 0.544327 0.100535
vt 0.532695 0.614148
vt 0.518989 0.618336
vt 0.537554 0.625932
vt 0.524936 0.632712
vt 0.530223 0.091495
vt 0.515963 0.092857
vt 0.542289 0.090372
vt 0.552812 0.084362
vt 0.567413 0.612978
vt 0.542273 0.080005
vt 0.530217 0.078750
vt 0.579434 0.082260
vt 0.544616 0.636534
vt 0.533572 0.645643
vt 0.515963 0.077303
vt 0.553607 0.645548
vt 0.544560 0.656632
vt 0.532700 0.066247
vt 0.519000 0.062044
vt 0.544281 0.069832
vt 0.576539 0.622396
vt 0.548238 0.060245
vt 0.537577 0.054467
vt 0.576964 0.069604
vt 0.582710 0.075390
vt 0.564179 0.652629
vt 0.557474 0.665258
vt 0.524958 0.047669
vt 0.579380 0.645924
vt 0.575923 0.657507
vt 0.571814 0.671193
vt 0.544662 0.043863
vt 0.533609 0.034730
vt 0.553992 0.051614
vt 0.561321 0.044270
vt 0.588384 0.659998
vt 0.587027 0.674212
vt 0.553683 0.034845
vt 0.544623 0.023725
vt 0.601083 0.660010
vt 0.602525 0.674204
vt 0.564295 0.027759
vt 0.557579 0.015079
vt 0.569947 0.038498
vt 0.575005 0.047808
vt 0.579536 0.034522
vt 0.613529 0.657546
vt 0.617709 0.671171
vt 0.576090 0.022881
vt 0.571980 0.009128
vt 0.625244 0.652706
vt 0.631994 0.665239
vt 0.588617 0.020402
vt 0.587274 0.006103
vt 0.589720 0.032496
vt 0.628112 0.636413
vt 0.635779 0.645685
vt 0.644828 0.656643
vt 0.601392 0.020420
vt 0.602874 0.006128
vt 0.600107 0.032501
vt 0.613921 0.022940
vt 0.618177 0.009209
vt 0.610294 0.034538
vt 0.644732 0.636761
vt 0.655716 0.645727
vt 0.651770 0.626291
vt 0.664243 0.632929
vt 0.625717 0.027868
vt 0.632587 0.015237
vt 0.619886 0.038530
vt 0.636317 0.035016
vt 0.645535 0.023987
vt 0.628514 0.044321
vt 0.656646 0.614686
vt 0.670088 0.618773
vt 0.659221 0.602390
vt 0.673058 0.603853
vt 0.645308 0.044106
vt 0.656496 0.035119
vt 0.635859 0.051685
vt 0.788453 0.087820
vt 0.787098 0.076334
vt 0.780326 0.085094
vt 0.454900 0.412269
vt 0.443447 0.410432
vt 0.448448 0.420729
vt 0.487144 0.406653
vt 0.500861 0.402654
vt 0.495069 0.388260
vt 0.482366 0.394868
vt 0.829439 0.079700
vt 0.827206 0.067315
vt 0.816613 0.076258
vt 0.424937 0.425249
vt 0.432602 0.425041
vt 0.429568 0.419279
vt 0.772151 0.083931
vt 0.776911 0.075365
vt 0.796966 0.079222
vt 0.792103 0.067325
vt 0.466259 0.417132
vt 0.457531 0.422096
vt 0.800089 0.062158
vt 0.811842 0.060995
vt 0.802934 0.048830
vt 0.779949 0.066941
vt 0.466091 0.433926
vt 0.477501 0.424742
vt 0.766911 0.078064
vt 0.764903 0.085346
vt 0.783506 0.058462
vt 0.448399 0.429965
vt 0.440431 0.423542
vt 0.439552 0.431064
vt 0.815704 0.044647
vt 0.806792 0.035305
vt 0.788299 0.050262
vt 0.790338 0.038805
vt 0.429721 0.431062
vt 0.769257 0.070353
vt 0.769575 0.061848
vt 0.444864 0.438484
vt 0.435027 0.437126
vt 0.772667 0.043874
vt 0.780723 0.034719
vt 0.770496 0.032613
vt 0.774665 0.054023
vt 0.765723 0.052673
vt 0.760983 0.043148
vt 0.758735 0.071182
vt 0.435758 0.446338
vt 0.428133 0.440650
vt 0.759962 0.079635
vt 0.760116 0.061869
vt 0.753140 0.054847
vt 0.749454 0.067277
vt 0.424912 0.449164
vt 0.431878 0.457112
vt 0.748276 0.046594
vt 0.749851 0.034534
vt 0.740224 0.038470
vt 0.420980 0.431176
vt 0.742342 0.061682
vt 0.420581 0.440218
vt 0.415968 0.466335
vt 0.421750 0.457857
vt 0.412859 0.455540
vt 0.734728 0.055931
vt 0.731558 0.044204
vt 0.724183 0.051515
vt 0.750705 0.079251
vt 0.742038 0.078917
vt 0.727660 0.065216
vt 0.723495 0.077690
vt 0.735060 0.072152
vt 0.757667 0.086961
vt 0.732290 0.081937
vt 0.714356 0.069705
vt 0.712290 0.079879
vt 0.749473 0.088351
vt 0.723741 0.094128
vt 0.712250 0.090256
vt 0.714236 0.100436
vt 0.410126 0.430144
vt 0.418010 0.422602
vt 0.754204 0.096456
vt 0.402040 0.431544
vt 0.401562 0.420131
vt 0.392314 0.425844
vt 0.730257 0.109204
vt 0.718171 0.110028
vt 0.723899 0.118663
vt 0.762132 0.092494
vt 0.745041 0.098664
vt 0.751654 0.105245
vt 0.386356 0.408409
vt 0.393556 0.415746
vt 0.397475 0.407607
vt 0.741836 0.120491
vt 0.731199 0.126010
vt 0.739788 0.131787
vt 0.763184 0.100841
vt 0.395736 0.394915
vt 0.404124 0.399902
vt 0.752497 0.125702
vt 0.765478 0.127343
vt 0.758097 0.117208
vt 0.769012 0.091545
vt 0.423236 0.417773
vt 0.760374 0.108810
vt 0.772093 0.107910
vt 0.759468 0.137822
vt 0.769800 0.137853
vt 0.781477 0.123907
vt 0.770491 0.117430
vt 0.770838 0.099888
vt 0.782322 0.112845
vt 0.417527 0.383797
vt 0.411909 0.395317
vt 0.424364 0.392612
vt 0.779932 0.135870
vt 0.789475 0.131955
vt 0.418518 0.402406
vt 0.418797 0.410762
vt 0.426287 0.409728
vt 0.791483 0.118059
vt 0.432211 0.402684
vt 0.777118 0.094990
vt 0.783243 0.100299
vt 0.790028 0.106270
vt 0.433972 0.384126
vt 0.436905 0.394889
vt 0.800052 0.108230
vt 0.805379 0.119018
vt 0.811142 0.110504
vt 0.435687 0.414198
vt 0.794650 0.098562
vt 0.449018 0.390745
vt 0.447612 0.401794
vt 0.806022 0.093472
vt 0.815155 0.101048
vt 0.817295 0.090996
vt 0.797455 0.088815
vt 0.460154 0.402279
vt 0.475511 0.410040
vt 0.471618 0.400461
vt 0.840846 0.063755
vt 0.843094 0.078688
vt 0.835686 0.049145
vt 0.822652 0.055449
vt 0.489549 0.419120
vt 0.503758 0.417858
vt 0.806233 0.077538
vt 0.456916 0.431640
vt 0.827511 0.035407
vt 0.503664 0.433325
vt 0.489488 0.431812
vt 0.486966 0.444247
vt 0.500577 0.448480
vt 0.475447 0.440638
vt 0.816176 0.023998
vt 0.452270 0.443038
vt 0.796132 0.028019
vt 0.802998 0.015186
vt 0.482076 0.455956
vt 0.494609 0.462752
vt 0.471478 0.450177
vt 0.459430 0.449299
vt 0.475003 0.466493
vt 0.485979 0.475596
vt 0.465730 0.458762
vt 0.784263 0.023023
vt 0.788449 0.009162
vt 0.443533 0.452038
vt 0.771670 0.020470
vt 0.773061 0.006103
vt 0.466015 0.475454
vt 0.475014 0.486522
vt 0.458421 0.466065
vt 0.447617 0.460653
vt 0.449829 0.471808
vt 0.455452 0.482498
vt 0.760072 0.032554
vt 0.758849 0.020434
vt 0.757410 0.006103
vt 0.462127 0.495110
vt 0.746287 0.022901
vt 0.742088 0.009146
vt 0.443716 0.487353
vt 0.447810 0.501028
vt 0.440281 0.475769
vt 0.432360 0.466637
vt 0.734463 0.027766
vt 0.430141 0.477795
vt 0.727672 0.015107
vt 0.431255 0.489830
vt 0.432608 0.504047
vt 0.723824 0.034836
vt 0.714703 0.023750
vt 0.418545 0.489833
vt 0.417102 0.504047
vt 0.419798 0.477808
vt 0.415765 0.447334
vt 0.409648 0.475803
vt 0.714772 0.043840
vt 0.703669 0.034746
vt 0.406074 0.487358
vt 0.401886 0.501024
vt 0.707649 0.054435
vt 0.694987 0.047682
vt 0.394319 0.482497
vt 0.387544 0.495090
vt 0.400080 0.471857
vt 0.404989 0.462499
vt 0.718372 0.060123
vt 0.402307 0.448736
vt 0.394650 0.454439
vt 0.407716 0.441845
vt 0.413981 0.436512
vt 0.702732 0.066217
vt 0.688997 0.062067
vt 0.383734 0.475435
vt 0.374629 0.486469
vt 0.391462 0.466119
vt 0.700212 0.078729
vt 0.685934 0.077343
vt 0.374726 0.466439
vt 0.363639 0.475489
vt 0.384126 0.458808
vt 0.395034 0.438284
vt 0.385774 0.440627
vt 0.732759 0.090958
vt 0.700184 0.091487
vt 0.685917 0.092917
vt 0.367644 0.455856
vt 0.354999 0.462570
vt 0.378355 0.450203
vt 0.741482 0.090220
vt 0.362762 0.444090
vt 0.349046 0.448209
vt 0.374374 0.440635
vt 0.702649 0.103999
vt 0.688942 0.108186
vt 0.707507 0.115782
vt 0.694890 0.122563
vt 0.360269 0.431595
vt 0.346010 0.432957
vt 0.372335 0.430472
vt 0.382859 0.424462
vt 0.737367 0.102828
vt 0.372319 0.420105
vt 0.360264 0.418850
vt 0.409481 0.422360
vt 0.714570 0.126384
vt 0.703525 0.135493
vt 0.346010 0.417403
vt 0.723561 0.135399
vt 0.714513 0.146482
vt 0.362747 0.406347
vt 0.349047 0.402144
vt 0.374328 0.409932
vt 0.746493 0.112247
vt 0.378285 0.400345
vt 0.367624 0.394567
vt 0.407011 0.409704
vt 0.412756 0.415490
vt 0.734133 0.142480
vt 0.727427 0.155108
vt 0.355004 0.387769
vt 0.749334 0.135774
vt 0.745876 0.147358
vt 0.741768 0.161044
vt 0.374708 0.383963
vt 0.363656 0.374830
vt 0.384038 0.391713
vt 0.391368 0.384370
vt 0.758338 0.149849
vt 0.756980 0.164063
vt 0.383729 0.374944
vt 0.374670 0.363825
vt 0.771036 0.149860
vt 0.772478 0.164054
vt 0.394341 0.367859
vt 0.387625 0.355179
vt 0.399993 0.378598
vt 0.405051 0.387907
vt 0.409582 0.374622
vt 0.783483 0.147396
vt 0.787663 0.161022
vt 0.406137 0.362981
vt 0.402026 0.349227
vt 0.795198 0.142556
vt 0.801947 0.155089
vt 0.418664 0.360501
vt 0.417321 0.346203
vt 0.419767 0.372596
vt 0.798066 0.126263
vt 0.805732 0.135535
vt 0.814781 0.146493
vt 0.431438 0.360520
vt 0.432921 0.346227
vt 0.430153 0.372600
vt 0.443968 0.363040
vt 0.448224 0.349309
vt 0.440340 0.374638
vt 0.814686 0.126612
vt 0.825670 0.135577
vt 0.821724 0.116141
vt 0.834196 0.122780
vt 0.455763 0.367968
vt 0.462634 0.355337
vt 0.449932 0.378630
vt 0.466364 0.375115
vt 0.475581 0.364087
vt 0.458560 0.384421
vt 0.826599 0.104536
vt 0.840042 0.108623
vt 0.829175 0.092240
vt 0.843012 0.093703
vt 0.475355 0.384206
vt 0.486543 0.375218
vt 0.465905 0.391785
vt 0.787882 0.768135
vt 0.786527 0.756649
vt 0.779755 0.765409
vt 0.624854 0.412269
vt 0.613400 0.410432
vt 0.618402 0.420729
vt 0.657098 0.406653
vt 0.670815 0.402654
vt 0.665022 0.388259
vt 0.652319 0.394868
vt 0.828869 0.760015
vt 0.826636 0.747630
vt 0.816042 0.756573
vt 0.594891 0.425249
vt 0.602556 0.425041
vt 0.599522 0.419279
vt 0.771581 0.764246
vt 0.776341 0.755680
vt 0.796396 0.759537
vt 0.791532 0.747640
vt 0.636212 0.417132
vt 0.627484 0.422096
vt 0.799518 0.742473
vt 0.811271 0.741310
vt 0.802363 0.729145
vt 0.779379 0.747256
vt 0.636045 0.433926
vt 0.647454 0.424742
vt 0.766340 0.758379
vt 0.764332 0.765661
vt 0.782936 0.738777
vt 0.618352 0.429965
vt 0.610384 0.423542
vt 0.609505 0.431064
vt 0.815134 0.724962
vt 0.806222 0.715620
vt 0.787728 0.730577
vt 0.789767 0.719120
vt 0.599674 0.431062
vt 0.768687 0.750668
vt 0.769004 0.742163
vt 0.614817 0.438484
vt 0.604980 0.437126
vt 0.772097 0.724189
vt 0.780152 0.715034
vt 0.769926 0.712928
vt 0.774094 0.734338
vt 0.765152 0.732988
vt 0.760412 0.723463
vt 0.758164 0.751497
vt 0.605711 0.446338
vt 0.598086 0.440650
vt 0.759391 0.759950
vt 0.759546 0.742183
vt 0.752569 0.735162
vt 0.748884 0.747592
vt 0.594865 0.449164
vt 0.601832 0.457112
vt 0.747705 0.726909
vt 0.749281 0.714850
vt 0.739654 0.718785
vt 0.590933 0.431176
vt 0.741771 0.741997
vt 0.590534 0.440218
vt 0.585921 0.466335
vt 0.591703 0.457857
vt 0.582813 0.455540
vt 0.734158 0.736246
vt 0.730988 0.724519
vt 0.723612 0.731830
vt 0.750134 0.759566
vt 0.741467 0.759232
vt 0.727089 0.745531
vt 0.722924 0.758005
vt 0.734489 0.752467
vt 0.757096 0.767276
vt 0.731720 0.762251
vt 0.713786 0.750020
vt 0.711719 0.760194
vt 0.748903 0.768666
vt 0.723171 0.774443
vt 0.711679 0.770571
vt 0.713666 0.780751
vt 0.580080 0.430144
vt 0.587964 0.422602
vt 0.753633 0.776772
vt 0.571993 0.431544
vt 0.571515 0.420131
vt 0.562267 0.425843
vt 0.729687 0.789520
vt 0.717600 0.790343
vt 0.723328 0.798978
vt 0.761562 0.772808
vt 0.744470 0.778979
vt 0.751083 0.785560
vt 0.556309 0.408409
vt 0.563509 0.415746
vt 0.567428 0.407607
vt 0.741266 0.800806
vt 0.730629 0.806325
vt 0.739218 0.812102
vt 0.762613 0.781157
vt 0.565690 0.394915
vt 0.574077 0.399902
vt 0.751926 0.806017
vt 0.764908 0.807658
vt 0.757526 0.797523
vt 0.768441 0.771860
vt 0.593189 0.417773
vt 0.759803 0.789125
vt 0.771522 0.788225
vt 0.758897 0.818137
vt 0.769229 0.818168
vt 0.780906 0.804223
vt 0.769920 0.797746
vt 0.770268 0.780203
vt 0.781751 0.793160
vt 0.587481 0.383796
vt 0.581862 0.395317
vt 0.594317 0.392613
vt 0.779361 0.816185
vt 0.788905 0.812270
vt 0.588471 0.402406
vt 0.588750 0.410762
vt 0.596241 0.409728
vt 0.790913 0.798374
vt 0.602164 0.402684
vt 0.776547 0.775305
vt 0.782673 0.780614
vt 0.789458 0.786585
vt 0.603925 0.384126
vt 0.606859 0.394889
vt 0.799481 0.788545
vt 0.804808 0.799333
vt 0.810572 0.790819
vt 0.605640 0.414198
vt 0.794079 0.778877
vt 0.618971 0.390745
vt 0.617565 0.401794
vt 0.805451 0.773787
vt 0.814584 0.781363
vt 0.816724 0.771310
vt 0.796885 0.769130
vt 0.630107 0.402279
vt 0.645465 0.410040
vt 0.641572 0.400461
vt 0.840275 0.744069
vt 0.842524 0.759004
vt 0.835116 0.729460
vt 0.822082 0.735764
vt 0.659502 0.419120
vt 0.673711 0.417858
vt 0.805662 0.757853
vt 0.626869 0.431640
vt 0.826940 0.715722
vt 0.673617 0.433325
vt 0.659442 0.431812
vt 0.656919 0.444247
vt 0.670531 0.448480
vt 0.645401 0.440638
vt 0.815605 0.704313
vt 0.622223 0.443038
vt 0.795562 0.708334
vt 0.802427 0.695502
vt 0.652030 0.455956
vt 0.664562 0.462752
vt 0.641432 0.450176
vt 0.629383 0.449298
vt 0.644957 0.466492
vt 0.655932 0.475596
vt 0.635683 0.458762
vt 0.783692 0.703338
vt 0.787878 0.689477
vt 0.613487 0.452038
vt 0.771100 0.700785
vt 0.772490 0.686418
vt 0.635968 0.475455
vt 0.644967 0.486522
vt 0.628374 0.466065
vt 0.617571 0.460653
vt 0.619782 0.471808
vt 0.625405 0.482498
vt 0.759502 0.712869
vt 0.758278 0.700749
vt 0.756840 0.686418
vt 0.632080 0.495110
vt 0.745717 0.703216
vt 0.741518 0.689462
vt 0.613669 0.487353
vt 0.617763 0.501028
vt 0.610234 0.475769
vt 0.602314 0.466637
vt 0.733892 0.708081
vt 0.600095 0.477795
vt 0.727102 0.695422
vt 0.601208 0.489830
vt 0.602561 0.504047
vt 0.723253 0.715151
vt 0.714132 0.704065
vt 0.588498 0.489833
vt 0.587056 0.504047
vt 0.589752 0.477807
vt 0.585719 0.447334
vt 0.579601 0.475803
vt 0.714201 0.724155
vt 0.703098 0.715061
vt 0.576027 0.487358
vt 0.571840 0.501024
vt 0.707078 0.734750
vt 0.694417 0.727997
vt 0.564272 0.482497
vt 0.557498 0.495090
vt 0.570033 0.471857
vt 0.574942 0.462499
vt 0.717802 0.740438
vt 0.572261 0.448736
vt 0.564603 0.454439
vt 0.577669 0.441845
vt 0.583934 0.436512
vt 0.702161 0.746532
vt 0.688426 0.742382
vt 0.553687 0.475435
vt 0.544583 0.486469
vt 0.561415 0.466119
vt 0.699641 0.759044
vt 0.685364 0.757658
vt 0.544679 0.466439
vt 0.533592 0.475489
vt 0.554079 0.458808
vt 0.564988 0.438284
vt 0.555727 0.440627
vt 0.732188 0.771273
vt 0.699614 0.771802
vt 0.685346 0.773232
vt 0.537597 0.455856
vt 0.524953 0.462570
vt 0.548309 0.450203
vt 0.740911 0.770535
vt 0.532715 0.444090
vt 0.518999 0.448209
vt 0.544327 0.440635
vt 0.702078 0.784314
vt 0.688372 0.788502
vt 0.706937 0.796097
vt 0.694319 0.802878
vt 0.530222 0.431594
vt 0.515963 0.432957
vt 0.542288 0.430472
vt 0.552812 0.424462
vt 0.736796 0.783143
vt 0.542273 0.420105
vt 0.530217 0.418850
vt 0.579434 0.422360
vt 0.713999 0.806699
vt 0.702955 0.815808
vt 0.515963 0.417403
vt 0.722990 0.815713
vt 0.713942 0.826797
vt 0.532700 0.406347
vt 0.519000 0.402144
vt 0.544281 0.409932
vt 0.745922 0.792562
vt 0.548238 0.400345
vt 0.537577 0.394567
vt 0.576964 0.409704
vt 0.582710 0.415490
vt 0.733562 0.822795
vt 0.726856 0.835423
vt 0.524958 0.387769
vt 0.748763 0.816090
vt 0.745305 0.827673
vt 0.741197 0.841359
vt 0.544662 0.383963
vt 0.533610 0.374830
vt 0.553992 0.391713
vt 0.561321 0.384370
vt 0.757767 0.830164
vt 0.756410 0.844378
vt 0.553683 0.374944
vt 0.544623 0.363825
vt 0.770466 0.830175
vt 0.771908 0.844369
vt 0.564295 0.367859
vt 0.557579 0.355179
vt 0.569946 0.378598
vt 0.575005 0.387908
vt 0.579536 0.374622
vt 0.782912 0.827711
vt 0.787092 0.841337
vt 0.576090 0.362981
vt 0.571980 0.349227
vt 0.794627 0.822871
vt 0.801377 0.835404
vt 0.588617 0.360501
vt 0.587274 0.346203
vt 0.589720 0.372596
vt 0.797495 0.806578
vt 0.805162 0.815850
vt 0.814211 0.826808
vt 0.601392 0.360520
vt 0.602874 0.346227
vt 0.600107 0.372600
vt 0.613921 0.363040
vt 0.618177 0.349309
vt 0.610294 0.374638
vt 0.814115 0.806927
vt 0.825099 0.815892
vt 0.821153 0.796456
vt 0.833626 0.803095
vt 0.625717 0.367968
vt 0.632588 0.355337
vt 0.619886 0.378630
vt 0.636317 0.375115
vt 0.645535 0.364087
vt 0.628514 0.384421
vt 0.826029 0.784851
vt 0.839471 0.788938
vt 0.828604 0.772555
vt 0.842441 0.774019
vt 0.645308 0.384206
vt 0.656496 0.375218
vt 0.635859 0.391784
vt 0.788452 0.257985
vt 0.780326 0.255260
vt 0.787098 0.246500
vt 0.624854 0.242219
vt 0.618402 0.250679
vt 0.613400 0.240382
vt 0.657098 0.236603
vt 0.652319 0.224818
vt 0.665022 0.218210
vt 0.670815 0.232604
vt 0.829439 0.249865
vt 0.816613 0.246424
vt 0.827206 0.237480
vt 0.594891 0.255200
vt 0.599522 0.249229
vt 0.602556 0.254991
vt 0.772151 0.254096
vt 0.776911 0.245530
vt 0.792103 0.237490
vt 0.796966 0.249388
vt 0.636213 0.247082
vt 0.627484 0.252046
vt 0.800089 0.232323
vt 0.802933 0.218995
vt 0.811841 0.231160
vt 0.779949 0.237107
vt 0.647454 0.254692
vt 0.636045 0.263876
vt 0.764902 0.255512
vt 0.766911 0.248230
vt 0.783506 0.228627
vt 0.618352 0.259916
vt 0.609505 0.261014
vt 0.610384 0.253492
vt 0.815704 0.214813
vt 0.806792 0.205471
vt 0.788298 0.220428
vt 0.790338 0.208971
vt 0.599674 0.261012
vt 0.769257 0.240519
vt 0.769574 0.232014
vt 0.614817 0.268434
vt 0.604980 0.267076
vt 0.772667 0.214039
vt 0.770496 0.202779
vt 0.780723 0.204885
vt 0.765723 0.222839
vt 0.774665 0.224189
vt 0.760982 0.213313
vt 0.758734 0.241347
vt 0.605712 0.276288
vt 0.598086 0.270600
vt 0.759962 0.249800
vt 0.760116 0.232034
vt 0.753139 0.225013
vt 0.749454 0.237442
vt 0.601832 0.287062
vt 0.594865 0.279114
vt 0.748276 0.216760
vt 0.740224 0.208635
vt 0.749851 0.204700
vt 0.590933 0.261126
vt 0.742342 0.231847
vt 0.590534 0.270168
vt 0.585921 0.296285
vt 0.582813 0.285490
vt 0.591703 0.287807
vt 0.734728 0.226097
vt 0.724183 0.221681
vt 0.731558 0.214370
vt 0.750705 0.249416
vt 0.742037 0.249083
vt 0.727660 0.235381
vt 0.735060 0.242318
vt 0.723495 0.247856
vt 0.757667 0.257127
vt 0.732290 0.252102
vt 0.712290 0.250045
vt 0.714356 0.239871
vt 0.749473 0.258517
vt 0.723741 0.264294
vt 0.714236 0.270602
vt 0.712250 0.260421
vt 0.580080 0.260094
vt 0.587964 0.252552
vt 0.754203 0.266622
vt 0.571993 0.261494
vt 0.562267 0.255794
vt 0.571515 0.250081
vt 0.730257 0.279370
vt 0.723899 0.288829
vt 0.718171 0.280194
vt 0.762132 0.262659
vt 0.751654 0.275411
vt 0.745041 0.268830
vt 0.556309 0.238359
vt 0.567429 0.237557
vt 0.563510 0.245696
vt 0.741836 0.290657
vt 0.739788 0.301952
vt 0.731199 0.296175
vt 0.763183 0.271007
vt 0.565690 0.224865
vt 0.574077 0.229852
vt 0.752497 0.295867
vt 0.758097 0.287374
vt 0.765478 0.297508
vt 0.769012 0.261710
vt 0.593189 0.247723
vt 0.760373 0.278976
vt 0.772092 0.278075
vt 0.769799 0.308018
vt 0.759468 0.307987
vt 0.770490 0.287596
vt 0.781477 0.294073
vt 0.770838 0.270053
vt 0.782322 0.283011
vt 0.587481 0.213747
vt 0.594318 0.222563
vt 0.581862 0.225267
vt 0.789475 0.302121
vt 0.779932 0.306036
vt 0.588471 0.232356
vt 0.596241 0.239678
vt 0.588750 0.240712
vt 0.791483 0.288225
vt 0.602164 0.232634
vt 0.777118 0.265155
vt 0.783243 0.270464
vt 0.790028 0.276436
vt 0.603925 0.214076
vt 0.606859 0.224839
vt 0.800051 0.278395
vt 0.811142 0.280669
vt 0.805378 0.289183
vt 0.605640 0.244148
vt 0.794650 0.268727
vt 0.618971 0.220695
vt 0.617565 0.231744
vt 0.806022 0.263638
vt 0.817295 0.261161
vt 0.815154 0.271214
vt 0.797455 0.258980
vt 0.630107 0.232229
vt 0.645465 0.239990
vt 0.641572 0.230411
vt 0.840846 0.233920
vt 0.843094 0.248854
vt 0.835686 0.219311
vt 0.822652 0.225615
vt 0.659502 0.249070
vt 0.673711 0.247808
vt 0.806233 0.247704
vt 0.626869 0.261590
vt 0.827510 0.205572
vt 0.673617 0.263275
vt 0.659442 0.261762
vt 0.656919 0.274198
vt 0.670531 0.278430
vt 0.645401 0.270588
vt 0.816176 0.194163
vt 0.622223 0.272988
vt 0.796132 0.198184
vt 0.802997 0.185352
vt 0.652030 0.285906
vt 0.664562 0.292702
vt 0.641432 0.280127
vt 0.629383 0.279249
vt 0.644957 0.296443
vt 0.655933 0.305546
vt 0.635683 0.288712
vt 0.784262 0.193188
vt 0.788449 0.179328
vt 0.613487 0.281988
vt 0.771670 0.190635
vt 0.773061 0.176268
vt 0.635968 0.305404
vt 0.644967 0.316472
vt 0.628374 0.296015
vt 0.617571 0.290603
vt 0.619782 0.301758
vt 0.625405 0.312448
vt 0.760072 0.202720
vt 0.758848 0.190600
vt 0.757410 0.176268
vt 0.632081 0.325060
vt 0.746287 0.193067
vt 0.742088 0.179312
vt 0.613669 0.317303
vt 0.617763 0.330978
vt 0.610234 0.305719
vt 0.602314 0.296587
vt 0.734463 0.197931
vt 0.600095 0.307745
vt 0.727672 0.185272
vt 0.601208 0.319780
vt 0.602562 0.333997
vt 0.723824 0.205001
vt 0.714703 0.193915
vt 0.588499 0.319783
vt 0.587056 0.333997
vt 0.589752 0.307757
vt 0.585719 0.277284
vt 0.579602 0.305753
vt 0.714771 0.214005
vt 0.703669 0.204912
vt 0.576027 0.317308
vt 0.571840 0.330974
vt 0.707649 0.224601
vt 0.694987 0.217848
vt 0.564272 0.312447
vt 0.557498 0.325040
vt 0.570033 0.301807
vt 0.574942 0.292449
vt 0.718372 0.230289
vt 0.572261 0.278686
vt 0.564603 0.284390
vt 0.577669 0.271795
vt 0.583934 0.266462
vt 0.702732 0.236383
vt 0.688997 0.232233
vt 0.553687 0.305385
vt 0.544583 0.316419
vt 0.561415 0.296069
vt 0.700211 0.248895
vt 0.685934 0.247508
vt 0.544679 0.296389
vt 0.533592 0.305439
vt 0.554079 0.288758
vt 0.564988 0.268234
vt 0.555727 0.270577
vt 0.732759 0.261123
vt 0.700184 0.261653
vt 0.685917 0.263082
vt 0.537597 0.285806
vt 0.524953 0.292520
vt 0.548309 0.280153
vt 0.741482 0.260385
vt 0.532715 0.274040
vt 0.519000 0.278159
vt 0.544327 0.270585
vt 0.702649 0.274164
vt 0.688942 0.278352
vt 0.707507 0.285948
vt 0.694889 0.292728
vt 0.530223 0.261545
vt 0.515964 0.262907
vt 0.542289 0.260422
vt 0.552812 0.254413
vt 0.737366 0.272994
vt 0.542273 0.250055
vt 0.530217 0.248800
vt 0.579434 0.252310
vt 0.714569 0.296550
vt 0.703525 0.305659
vt 0.515963 0.247353
vt 0.723561 0.305564
vt 0.714513 0.316648
vt 0.532700 0.236297
vt 0.519000 0.232094
vt 0.544282 0.239882
vt 0.746493 0.282412
vt 0.548238 0.230295
vt 0.537577 0.224517
vt 0.576964 0.239654
vt 0.582710 0.245440
vt 0.734133 0.312645
vt 0.727427 0.325274
vt 0.524958 0.217719
vt 0.749334 0.305940
vt 0.745876 0.317523
vt 0.741767 0.331209
vt 0.544662 0.213913
vt 0.533610 0.204780
vt 0.553992 0.221664
vt 0.561321 0.214320
vt 0.758337 0.320015
vt 0.756980 0.334229
vt 0.553683 0.204894
vt 0.544624 0.193775
vt 0.771036 0.320026
vt 0.772478 0.334219
vt 0.564295 0.197809
vt 0.557579 0.185129
vt 0.569947 0.208548
vt 0.575005 0.217858
vt 0.579536 0.204572
vt 0.783482 0.317561
vt 0.787663 0.331187
vt 0.576091 0.192931
vt 0.571980 0.179177
vt 0.795198 0.312722
vt 0.801947 0.325255
vt 0.588617 0.190451
vt 0.587274 0.176153
vt 0.589720 0.202546
vt 0.798066 0.296428
vt 0.805732 0.305701
vt 0.814781 0.316659
vt 0.601392 0.190470
vt 0.602874 0.176178
vt 0.600107 0.202551
vt 0.613921 0.192990
vt 0.618177 0.179259
vt 0.610294 0.204588
vt 0.814685 0.296777
vt 0.825670 0.305743
vt 0.821723 0.286307
vt 0.834196 0.292945
vt 0.625717 0.197918
vt 0.632587 0.185287
vt 0.619886 0.208580
vt 0.636317 0.205065
vt 0.645535 0.194037
vt 0.628514 0.214371
vt 0.826599 0.274702
vt 0.840041 0.278789
vt 0.829175 0.262406
vt 0.843011 0.263869
vt 0.645308 0.214156
vt 0.656496 0.205169
vt 0.635859 0.221734
vt 0.739682 0.955504
vt 0.742044 0.955492
vt 0.742209 0.941964
vt 0.716663 0.961853
vt 0.716593 0.973927
vt 0.718709 0.973967
vt 0.712392 0.959401
vt 0.712441 0.966464
vt 0.714541 0.961563
vt 0.744597 0.941702
vt 0.746815 0.947234
vt 0.747056 0.939355
vt 0.713791 0.948485
vt 0.714285 0.953350
vt 0.716138 0.950487
vt 0.743306 0.929156
vt 0.745202 0.932503
vt 0.746088 0.927076
vt 0.710429 0.943200
vt 0.711128 0.945938
vt 0.712785 0.943542
vt 0.747719 0.921636
vt 0.749286 0.924483
vt 0.750374 0.921542
vt 0.751421 0.906309
vt 0.748497 0.910149
vt 0.751493 0.910130
vt 0.710906 0.932996
vt 0.713487 0.933458
vt 0.711553 0.929701
vt 0.768874 0.890035
vt 0.757135 0.903276
vt 0.759048 0.904703
vt 0.706913 0.925840
vt 0.708795 0.924868
vt 0.702686 0.914695
vt 0.695312 0.919248
vt 0.703274 0.928074
vt 0.697082 0.918059
vt 0.769578 0.896507
vt 0.760892 0.906217
vt 0.771313 0.898094
vt 0.706592 0.912565
vt 0.712453 0.922805
vt 0.708509 0.911542
vt 0.704646 0.913630
vt 0.768575 0.886741
vt 0.764243 0.891942
vt 0.698434 0.911908
vt 0.699400 0.908930
vt 0.702395 0.909512
vt 0.700768 0.906106
vt 0.703926 0.907148
vt 0.702613 0.903686
vt 0.697623 0.905474
vt 0.699322 0.902350
vt 0.771961 0.881056
vt 0.770675 0.883715
vt 0.773235 0.883846
vt 0.701928 0.900969
vt 0.694838 0.905463
vt 0.696330 0.902386
vt 0.698566 0.899427
vt 0.772590 0.878462
vt 0.774742 0.879488
vt 0.701545 0.898437
vt 0.693056 0.900758
vt 0.695472 0.899334
vt 0.688038 0.899821
vt 0.688529 0.901948
vt 0.690463 0.900417
vt 0.777087 0.878900
vt 0.779141 0.880132
vt 0.779322 0.877982
vt 0.698287 0.897096
vt 0.695168 0.896661
vt 0.687633 0.895971
vt 0.687755 0.897837
vt 0.689950 0.896737
vt 0.776971 0.875425
vt 0.779241 0.876015
vt 0.778955 0.874212
vt 0.698292 0.894822
vt 0.701441 0.896388
vt 0.689973 0.893514
vt 0.692418 0.895378
vt 0.774523 0.874739
vt 0.776208 0.872549
vt 0.695225 0.894045
vt 0.698509 0.892559
vt 0.701504 0.894392
vt 0.695515 0.891567
vt 0.698871 0.890449
vt 0.701727 0.892402
vt 0.690769 0.888023
vt 0.690286 0.890620
vt 0.692974 0.889886
vt 0.772636 0.870393
vt 0.775091 0.870129
vt 0.773784 0.868111
vt 0.696200 0.888304
vt 0.699331 0.888538
vt 0.702074 0.890570
vt 0.769700 0.870255
vt 0.770089 0.867325
vt 0.694123 0.885343
vt 0.700144 0.886048
vt 0.702515 0.888895
vt 0.689890 0.882645
vt 0.689123 0.885029
vt 0.691724 0.884570
vt 0.771595 0.865713
vt 0.773939 0.864931
vt 0.772185 0.863299
vt 0.697408 0.884493
vt 0.688468 0.879908
vt 0.690804 0.880318
vt 0.770257 0.861891
vt 0.771936 0.860289
vt 0.701117 0.883709
vt 0.764760 0.866541
vt 0.767429 0.868075
vt 0.767006 0.865078
vt 0.695774 0.881161
vt 0.699052 0.880944
vt 0.689611 0.877412
vt 0.691920 0.877969
vt 0.768088 0.860690
vt 0.769568 0.858902
vt 0.704309 0.884417
vt 0.703342 0.886568
vt 0.706722 0.885977
vt 0.701956 0.882090
vt 0.763292 0.868442
vt 0.764509 0.868959
vt 0.691014 0.874882
vt 0.693289 0.875587
vt 0.765645 0.859742
vt 0.766901 0.857779
vt 0.705105 0.882975
vt 0.707413 0.884672
vt 0.702987 0.880418
vt 0.762278 0.865778
vt 0.763262 0.863670
vt 0.698135 0.877088
vt 0.700789 0.878154
vt 0.692741 0.872290
vt 0.694979 0.873139
vt 0.762874 0.859103
vt 0.763885 0.856984
vt 0.706106 0.881422
vt 0.708249 0.883286
vt 0.704308 0.878607
vt 0.760246 0.865565
vt 0.702369 0.876131
vt 0.694845 0.869642
vt 0.697042 0.870625
vt 0.759766 0.858865
vt 0.760505 0.856615
vt 0.707389 0.879732
vt 0.709310 0.881784
vt 0.705965 0.876685
vt 0.757950 0.865683
vt 0.758351 0.863377
vt 0.701806 0.872648
vt 0.704312 0.874021
vt 0.697384 0.866945
vt 0.699536 0.868059
vt 0.756335 0.859148
vt 0.756771 0.856793
vt 0.708995 0.877967
vt 0.710650 0.880211
vt 0.707991 0.874719
vt 0.755442 0.866241
vt 0.706667 0.871875
vt 0.699547 0.864954
vt 0.701717 0.866123
vt 0.753586 0.859771
vt 0.753842 0.857339
vt 0.710972 0.876191
vt 0.712311 0.878629
vt 0.701221 0.863592
vt 0.703374 0.864831
vt 0.751669 0.860457
vt 0.751748 0.857991
vt 0.710475 0.872748
vt 0.752771 0.867387
vt 0.754073 0.864269
vt 0.705545 0.869227
vt 0.709537 0.869733
vt 0.703076 0.862235
vt 0.705208 0.863554
vt 0.749709 0.861389
vt 0.749594 0.858898
vt 0.713390 0.874471
vt 0.714370 0.877092
vt 0.705143 0.860900
vt 0.707246 0.862316
vt 0.747736 0.862608
vt 0.747402 0.860107
vt 0.713377 0.870939
vt 0.750220 0.869242
vt 0.750960 0.865772
vt 0.708789 0.866947
vt 0.712878 0.867821
vt 0.707463 0.859621
vt 0.709519 0.861159
vt 0.745800 0.864166
vt 0.745214 0.861677
vt 0.716054 0.873022
vt 0.716732 0.875753
vt 0.710082 0.858455
vt 0.712065 0.860148
vt 0.743972 0.866118
vt 0.743097 0.863673
vt 0.715636 0.869863
vt 0.748225 0.871847
vt 0.748012 0.868186
vt 0.712631 0.864964
vt 0.716563 0.866495
vt 0.713042 0.857491
vt 0.714918 0.859368
vt 0.742346 0.868518
vt 0.741155 0.866154
vt 0.718160 0.872137
vt 0.718570 0.874916
vt 0.717309 0.869281
vt 0.749949 0.873593
vt 0.750621 0.872347
vt 0.716203 0.856863
vt 0.718156 0.858912
vt 0.741008 0.871458
vt 0.739581 0.869004
vt 0.719887 0.871570
vt 0.719968 0.874368
vt 0.719195 0.868810
vt 0.720026 0.861081
vt 0.716130 0.861438
vt 0.717203 0.863694
vt 0.719691 0.856596
vt 0.738347 0.872340
vt 0.745686 0.871781
vt 0.743920 0.870235
vt 0.742620 0.873787
vt 0.721655 0.873759
vt 0.719933 0.865929
vt 0.721794 0.858902
vt 0.740091 0.874999
vt 0.747137 0.874639
vt 0.744376 0.878228
vt 0.721467 0.863432
vt 0.724441 0.861458
vt 0.722922 0.856686
vt 0.737612 0.875580
vt 0.742042 0.878204
vt 0.722095 0.870999
vt 0.724615 0.872852
vt 0.723680 0.865934
vt 0.721488 0.868435
vt 0.724830 0.859207
vt 0.739689 0.878097
vt 0.724019 0.863685
vt 0.714477 0.973888
vt 0.712360 0.973852
vt 0.710312 0.966891
vt 0.710240 0.973823
vt 0.749179 0.947756
vt 0.746766 0.955481
vt 0.749131 0.955486
vt 0.744405 0.955483
vt 0.725106 0.966701
vt 0.722996 0.966300
vt 0.722947 0.974024
vt 0.725064 0.974039
vt 0.737320 0.955514
vt 0.737340 0.947333
vt 0.720892 0.966700
vt 0.720827 0.974000
vt 0.710261 0.959825
vt 0.749412 0.939896
vt 0.739904 0.939351
vt 0.737551 0.939082
vt 0.725025 0.959284
vt 0.722909 0.958974
vt 0.720834 0.959399
vt 0.718754 0.959584
vt 0.712136 0.953601
vt 0.710005 0.954062
vt 0.749926 0.933528
vt 0.747589 0.932904
vt 0.740411 0.932381
vt 0.738079 0.931986
vt 0.724716 0.952867
vt 0.722594 0.952700
vt 0.720560 0.953182
vt 0.718514 0.953443
vt 0.711640 0.948880
vt 0.709524 0.949440
vt 0.750742 0.928479
vt 0.748455 0.927694
vt 0.741318 0.926439
vt 0.739032 0.925838
vt 0.724118 0.947243
vt 0.721990 0.947249
vt 0.720011 0.947843
vt 0.718009 0.948230
vt 0.714862 0.943000
vt 0.708997 0.946391
vt 0.751578 0.925196
vt 0.745443 0.920775
vt 0.742330 0.922350
vt 0.740072 0.921658
vt 0.723457 0.943350
vt 0.721382 0.943785
vt 0.719394 0.944212
vt 0.717412 0.944632
vt 0.708340 0.943803
vt 0.752582 0.922464
vt 0.743648 0.918739
vt 0.741472 0.917833
vt 0.722532 0.939691
vt 0.720487 0.940293
vt 0.718543 0.940852
vt 0.716599 0.941413
vt 0.713303 0.938179
vt 0.711359 0.939085
vt 0.709290 0.939814
vt 0.707183 0.940409
vt 0.754317 0.918948
vt 0.752103 0.917973
vt 0.749921 0.916846
vt 0.747879 0.915526
vt 0.745891 0.914209
vt 0.743790 0.913132
vt 0.720952 0.935131
vt 0.719085 0.936138
vt 0.717096 0.936630
vt 0.715177 0.937286
vt 0.709098 0.934141
vt 0.707815 0.936401
vt 0.705762 0.937130
vt 0.756410 0.915623
vt 0.754291 0.914463
vt 0.753291 0.911741
vt 0.746509 0.908876
vt 0.719127 0.930902
vt 0.717330 0.932017
vt 0.715370 0.932660
vt 0.706046 0.932920
vt 0.704041 0.933738
vt 0.758917 0.912250
vt 0.756882 0.910968
vt 0.749523 0.904907
vt 0.717108 0.926856
vt 0.715358 0.928048
vt 0.713416 0.928802
vt 0.705151 0.927042
vt 0.701436 0.929160
vt 0.762680 0.907778
vt 0.755510 0.901549
vt 0.753659 0.900084
vt 0.714331 0.921826
vt 0.710670 0.923914
vt 0.762441 0.890430
vt 0.698955 0.917003
vt 0.767743 0.895057
vt 0.695576 0.911528
vt 0.693659 0.912567
vt 0.692715 0.915137
vt 0.774767 0.893943
vt 0.773983 0.891061
vt 0.772075 0.889790
vt 0.766647 0.885396
vt 0.705956 0.906088
vt 0.692816 0.906635
vt 0.691016 0.912380
vt 0.776870 0.891062
vt 0.691493 0.908871
vt 0.689504 0.909770
vt 0.778598 0.888268
vt 0.776495 0.887294
vt 0.775165 0.885006
vt 0.768634 0.882549
vt 0.704945 0.902978
vt 0.690257 0.906467
vt 0.688208 0.907259
vt 0.779926 0.885541
vt 0.777755 0.884803
vt 0.769746 0.880282
vt 0.704528 0.900502
vt 0.691357 0.903439
vt 0.689272 0.904178
vt 0.687160 0.904818
vt 0.780842 0.882891
vt 0.778626 0.882426
vt 0.776528 0.881850
vt 0.686402 0.902551
vt 0.781354 0.880462
vt 0.770256 0.878242
vt 0.704350 0.898282
vt 0.685868 0.900366
vt 0.781566 0.878161
vt 0.685530 0.898196
vt 0.781495 0.875913
vt 0.772536 0.876266
vt 0.770213 0.876578
vt 0.704290 0.896462
vt 0.685373 0.896163
vt 0.781187 0.873854
vt 0.687677 0.893433
vt 0.685392 0.893480
vt 0.780434 0.871233
vt 0.778255 0.871850
vt 0.772019 0.874230
vt 0.769808 0.874991
vt 0.704334 0.894667
vt 0.687984 0.890331
vt 0.685691 0.890153
vt 0.779060 0.868148
vt 0.777011 0.869115
vt 0.771201 0.872421
vt 0.769142 0.873515
vt 0.704515 0.892905
vt 0.688482 0.887565
vt 0.686204 0.887206
vt 0.777448 0.865603
vt 0.775553 0.866845
vt 0.768333 0.872245
vt 0.704816 0.891275
vt 0.686870 0.884512
vt 0.775666 0.863456
vt 0.705204 0.889779
vt 0.767436 0.871172
vt 0.687599 0.882182
vt 0.773888 0.861758
vt 0.766029 0.869932
vt 0.705898 0.887819
vt 0.692933 0.881279
vt 0.769116 0.863736
vt 0.693969 0.879083
vt 0.767198 0.862664
vt 0.695237 0.876866
vt 0.765043 0.861822
vt 0.761879 0.868073
vt 0.696812 0.874578
vt 0.762587 0.861255
vt 0.760203 0.867896
vt 0.698746 0.872213
vt 0.759816 0.861042
vt 0.758285 0.867992
vt 0.701089 0.869788
vt 0.756745 0.861291
vt 0.756180 0.868457
vt 0.703923 0.867338
vt 0.753415 0.862149
vt 0.753944 0.869414
vt 0.707391 0.864913
vt 0.749892 0.863831
vt 0.751867 0.870914
vt 0.710419 0.863248
vt 0.747303 0.865728
vt 0.712736 0.862304
vt 0.745690 0.867430
vt 0.749418 0.875227
vt 0.746711 0.878204
vt 0.749055 0.878264
vt 0.725110 0.856912
vt 0.737315 0.877833
vt 0.723959 0.870585
vt 0.723622 0.868241
vt 0.385017 0.879929
vt 0.383855 0.877917
vt 0.381843 0.876756
vt 0.379520 0.876756
vt 0.377508 0.877917
vt 0.376347 0.879929
vt 0.376347 0.882252
vt 0.377508 0.884264
vt 0.379520 0.885426
vt 0.381843 0.885426
vt 0.383855 0.884264
vt 0.385017 0.882252
vt 0.180618 0.961438
vt 0.183516 0.948491
vt 0.182896 0.961509
vt 0.014134 0.869837
vt 0.011234 0.856893
vt 0.013513 0.856821
vt 0.018879 0.872197
vt 0.016439 0.870014
vt 0.018395 0.864617
vt 0.185821 0.948315
vt 0.188262 0.946130
vt 0.187778 0.953711
vt 0.018245 0.884007
vt 0.015544 0.882071
vt 0.017286 0.878830
vt 0.184924 0.936256
vt 0.187626 0.934319
vt 0.186667 0.939497
vt 0.022401 0.889275
vt 0.019855 0.889191
vt 0.021344 0.886453
vt 0.189235 0.929134
vt 0.191781 0.929050
vt 0.190724 0.931872
vt 0.192566 0.914455
vt 0.192724 0.918104
vt 0.189868 0.918189
vt 0.023346 0.900219
vt 0.023188 0.903868
vt 0.020490 0.900135
vt 0.209126 0.898207
vt 0.199854 0.912713
vt 0.197972 0.911387
vt 0.028811 0.907189
vt 0.035188 0.918134
vt 0.026981 0.908553
vt 0.042182 0.912253
vt 0.040484 0.913768
vt 0.032289 0.904194
vt 0.209862 0.904551
vt 0.211561 0.906066
vt 0.201668 0.914127
vt 0.200966 0.897292
vt 0.202748 0.898752
vt 0.192832 0.906901
vt 0.033371 0.919568
vt 0.031590 0.921027
vt 0.023456 0.911421
vt 0.208765 0.894909
vt 0.204565 0.900186
vt 0.039914 0.920311
vt 0.039388 0.923408
vt 0.038477 0.926303
vt 0.036374 0.923303
vt 0.037181 0.928782
vt 0.035315 0.925855
vt 0.041521 0.926530
vt 0.040244 0.929539
vt 0.212327 0.888996
vt 0.213558 0.891989
vt 0.210897 0.891787
vt 0.038159 0.930954
vt 0.044181 0.926328
vt 0.042950 0.929321
vt 0.041086 0.932038
vt 0.213190 0.886225
vt 0.215414 0.887540
vt 0.038678 0.932934
vt 0.046037 0.930776
vt 0.043813 0.932092
vt 0.050901 0.931795
vt 0.048529 0.931135
vt 0.050470 0.929661
vt 0.217906 0.887180
vt 0.220278 0.886520
vt 0.219847 0.888654
vt 0.041338 0.934026
vt 0.044030 0.934508
vt 0.051080 0.935630
vt 0.048874 0.934718
vt 0.051086 0.933778
vt 0.218250 0.883597
vt 0.220456 0.882684
vt 0.220463 0.884537
vt 0.041239 0.935942
vt 0.038774 0.934537
vt 0.048590 0.937805
vt 0.046441 0.935834
vt 0.215817 0.882481
vt 0.217965 0.880509
vt 0.043816 0.936835
vt 0.040870 0.937815
vt 0.038623 0.936083
vt 0.043312 0.938991
vt 0.040319 0.939524
vt 0.038266 0.937608
vt 0.047102 0.942893
vt 0.045347 0.940822
vt 0.047950 0.940518
vt 0.214722 0.877493
vt 0.216476 0.875422
vt 0.217325 0.877797
vt 0.042246 0.941738
vt 0.039653 0.941033
vt 0.037769 0.938991
vt 0.211620 0.876579
vt 0.212897 0.873587
vt 0.043524 0.944729
vt 0.038530 0.942921
vt 0.037172 0.940228
vt 0.046849 0.948152
vt 0.045548 0.945930
vt 0.048105 0.946040
vt 0.214922 0.872386
vt 0.216222 0.870164
vt 0.217478 0.872275
vt 0.040478 0.944787
vt 0.047535 0.951140
vt 0.045406 0.950131
vt 0.214778 0.868185
vt 0.216906 0.867176
vt 0.037236 0.944603
vt 0.207592 0.870932
vt 0.210462 0.870254
vt 0.209853 0.873530
vt 0.041088 0.948063
vt 0.038218 0.947386
vt 0.045733 0.953231
vt 0.043706 0.952027
vt 0.213078 0.866290
vt 0.215104 0.865086
vt 0.204297 0.875006
vt 0.206354 0.873433
vt 0.205488 0.876440
vt 0.034922 0.943311
vt 0.036112 0.941877
vt 0.036160 0.945689
vt 0.205240 0.872368
vt 0.043609 0.955217
vt 0.041702 0.953820
vt 0.211074 0.864498
vt 0.212980 0.863101
vt 0.203345 0.874123
vt 0.033969 0.944194
vt 0.034881 0.946724
vt 0.205337 0.869117
vt 0.207226 0.867395
vt 0.037852 0.950924
vt 0.035962 0.949202
vt 0.041091 0.957079
vt 0.039320 0.955495
vt 0.208692 0.862824
vt 0.210463 0.861240
vt 0.202175 0.873254
vt 0.203890 0.871338
vt 0.032799 0.945064
vt 0.033294 0.947730
vt 0.203376 0.867986
vt 0.034001 0.950333
vt 0.038130 0.958759
vt 0.036513 0.956998
vt 0.205886 0.861322
vt 0.207502 0.859561
vt 0.200719 0.872419
vt 0.202219 0.870349
vt 0.031343 0.945898
vt 0.031368 0.948640
vt 0.201044 0.867001
vt 0.202548 0.864940
vt 0.033173 0.953380
vt 0.031668 0.951318
vt 0.034679 0.960179
vt 0.033238 0.958249
vt 0.202612 0.860072
vt 0.204052 0.858142
vt 0.198964 0.871699
vt 0.200209 0.869477
vt 0.029587 0.946619
vt 0.029104 0.949359
vt 0.198327 0.866263
vt 0.028951 0.952057
vt 0.031833 0.961002
vt 0.030469 0.958966
vt 0.199844 0.859356
vt 0.201206 0.857320
vt 0.196907 0.871184
vt 0.197858 0.868822
vt 0.027530 0.947135
vt 0.029696 0.961409
vt 0.028435 0.959287
vt 0.197810 0.859036
vt 0.199071 0.856914
vt 0.026465 0.949779
vt 0.195178 0.865898
vt 0.198062 0.863689
vt 0.028686 0.954632
vt 0.025801 0.952423
vt 0.027397 0.961665
vt 0.026250 0.959455
vt 0.195626 0.858868
vt 0.196772 0.856658
vt 0.194557 0.870989
vt 0.195131 0.868501
vt 0.025179 0.947330
vt 0.024924 0.961729
vt 0.023915 0.959427
vt 0.193291 0.858896
vt 0.194300 0.856594
vt 0.023578 0.949737
vt 0.191756 0.866116
vt 0.194417 0.863406
vt 0.025040 0.954915
vt 0.022378 0.952205
vt 0.022275 0.961544
vt 0.021434 0.959144
vt 0.190811 0.859180
vt 0.191651 0.856781
vt 0.192175 0.871238
vt 0.192235 0.868684
vt 0.022796 0.947082
vt 0.019455 0.961027
vt 0.018824 0.958526
vt 0.188202 0.859797
vt 0.188833 0.857298
vt 0.021484 0.949349
vt 0.188379 0.867157
vt 0.190434 0.863863
vt 0.021056 0.954459
vt 0.018999 0.951164
vt 0.016500 0.960080
vt 0.016119 0.957486
vt 0.185499 0.860838
vt 0.185879 0.858244
vt 0.190435 0.871746
vt 0.190149 0.869201
vt 0.020046 0.948833
vt 0.188698 0.869833
vt 0.013614 0.958689
vt 0.013324 0.955903
vt 0.182705 0.862421
vt 0.182994 0.859635
vt 0.189109 0.872391
vt 0.018528 0.948049
vt 0.013213 0.953091
vt 0.016913 0.952828
vt 0.016398 0.955166
vt 0.010707 0.956768
vt 0.180088 0.861556
vt 0.186293 0.865494
vt 0.182594 0.865231
vt 0.185778 0.863157
vt 0.187083 0.870798
vt 0.016270 0.949567
vt 0.010502 0.953664
vt 0.179884 0.864660
vt 0.185651 0.868754
vt 0.181219 0.869741
vt 0.013591 0.950420
vt 0.010080 0.950017
vt 0.008235 0.954679
vt 0.177617 0.863645
vt 0.179465 0.868301
vt 0.187496 0.873479
vt 0.184612 0.872801
vt 0.013589 0.947130
vt 0.016788 0.946849
vt 0.008344 0.951511
vt 0.177727 0.866812
vt 0.011843 0.948587
vt 0.015790 0.856748
vt 0.018067 0.856669
vt 0.020347 0.856584
vt 0.020657 0.864035
vt 0.190040 0.954294
vt 0.189732 0.961745
vt 0.187452 0.961660
vt 0.185174 0.961582
vt 0.178655 0.953482
vt 0.178338 0.961363
vt 0.176056 0.961280
vt 0.176399 0.952936
vt 0.006673 0.857051
vt 0.008955 0.856968
vt 0.009273 0.864848
vt 0.007017 0.865394
vt 0.021133 0.871605
vt 0.190516 0.946722
vt 0.181393 0.945906
vt 0.179148 0.945570
vt 0.176914 0.944977
vt 0.009767 0.872759
vt 0.007534 0.873352
vt 0.012011 0.872423
vt 0.019568 0.878388
vt 0.021803 0.877732
vt 0.191185 0.940594
vt 0.188950 0.939938
vt 0.182091 0.939258
vt 0.179881 0.938812
vt 0.177690 0.938128
vt 0.010501 0.879515
vt 0.008310 0.880200
vt 0.012710 0.879069
vt 0.020504 0.883379
vt 0.022695 0.882586
vt 0.192076 0.935739
vt 0.189885 0.934947
vt 0.183095 0.933631
vt 0.180946 0.933014
vt 0.178828 0.932171
vt 0.011567 0.885313
vt 0.009450 0.886156
vt 0.013715 0.884695
vt 0.017689 0.890019
vt 0.023546 0.885747
vt 0.192927 0.932578
vt 0.187068 0.928307
vt 0.184115 0.929779
vt 0.181998 0.929100
vt 0.179863 0.928411
vt 0.012619 0.889226
vt 0.010484 0.889916
vt 0.014736 0.888547
vt 0.024529 0.888385
vt 0.193910 0.929940
vt 0.185375 0.926378
vt 0.183325 0.925526
vt 0.181260 0.924671
vt 0.013946 0.892800
vt 0.011882 0.893655
vt 0.015996 0.891948
vt 0.019987 0.895013
vt 0.021947 0.893772
vt 0.024048 0.892711
vt 0.026188 0.891791
vt 0.193428 0.925613
vt 0.195568 0.926532
vt 0.191326 0.924552
vt 0.189366 0.923311
vt 0.187465 0.922085
vt 0.185467 0.921099
vt 0.183353 0.920274
vt 0.013976 0.898051
vt 0.016090 0.897226
vt 0.018087 0.896240
vt 0.025099 0.898711
vt 0.026108 0.896113
vt 0.028166 0.895028
vt 0.195487 0.922211
vt 0.197546 0.923295
vt 0.194478 0.919612
vt 0.187951 0.917026
vt 0.185914 0.916006
vt 0.016537 0.902318
vt 0.018574 0.901298
vt 0.028535 0.899522
vt 0.030522 0.898329
vt 0.197914 0.918800
vt 0.199902 0.919993
vt 0.190713 0.913168
vt 0.188743 0.912011
vt 0.019366 0.906312
vt 0.021336 0.905155
vt 0.030475 0.905609
vt 0.034052 0.902730
vt 0.203431 0.915591
vt 0.196359 0.909768
vt 0.194532 0.908414
vt 0.025155 0.909907
vt 0.038679 0.915154
vt 0.208057 0.903166
vt 0.042899 0.920354
vt 0.044764 0.919083
vt 0.045492 0.916278
vt 0.214143 0.899235
vt 0.214870 0.902040
vt 0.212277 0.897963
vt 0.206776 0.893585
vt 0.204691 0.892463
vt 0.046100 0.925061
vt 0.047564 0.919031
vt 0.216942 0.899286
vt 0.047319 0.922722
vt 0.049333 0.921678
vt 0.216697 0.895595
vt 0.218711 0.896639
vt 0.215477 0.893256
vt 0.208740 0.890566
vt 0.206556 0.889535
vt 0.048694 0.925121
vt 0.050778 0.924251
vt 0.218072 0.893196
vt 0.220157 0.894065
vt 0.209917 0.888063
vt 0.207535 0.887364
vt 0.047668 0.928175
vt 0.049736 0.927420
vt 0.051884 0.926765
vt 0.219113 0.890896
vt 0.221262 0.891551
vt 0.217045 0.890140
vt 0.052629 0.929096
vt 0.222007 0.889219
vt 0.210566 0.885749
vt 0.208054 0.885383
vt 0.053105 0.931334
vt 0.222482 0.886981
vt 0.053337 0.933552
vt 0.222714 0.884762
vt 0.213406 0.883808
vt 0.210717 0.883810
vt 0.208149 0.883780
vt 0.053351 0.935620
vt 0.222727 0.882694
vt 0.050800 0.938122
vt 0.053074 0.938322
vt 0.222449 0.879992
vt 0.220175 0.880193
vt 0.213191 0.881481
vt 0.210544 0.881897
vt 0.207998 0.882234
vt 0.050118 0.941114
vt 0.052353 0.941618
vt 0.221727 0.876696
vt 0.219493 0.877200
vt 0.212687 0.879325
vt 0.210121 0.880054
vt 0.207641 0.880709
vt 0.049200 0.943718
vt 0.051369 0.944470
vt 0.220743 0.873844
vt 0.218574 0.874596
vt 0.209538 0.878400
vt 0.207143 0.879326
vt 0.050192 0.947008
vt 0.219565 0.871306
vt 0.208844 0.876927
vt 0.206547 0.878088
vt 0.048956 0.949141
vt 0.218328 0.869174
vt 0.207681 0.875074
vt 0.043674 0.948688
vt 0.213047 0.869628
vt 0.042140 0.950413
vt 0.211513 0.867904
vt 0.040335 0.952038
vt 0.209708 0.866280
vt 0.038178 0.953560
vt 0.207551 0.864759
vt 0.035620 0.954937
vt 0.204994 0.863383
vt 0.032627 0.956091
vt 0.202001 0.862229
vt 0.029157 0.956912
vt 0.198532 0.861410
vt 0.025139 0.957226
vt 0.194516 0.861096
vt 0.021850 0.956984
vt 0.191227 0.861338
vt 0.019513 0.956451
vt 0.188891 0.861871
vt 0.021056 0.946573
vt 0.019729 0.945929
vt 0.018115 0.944841
vt 0.182970 0.871191
vt 0.006673 0.953120
vt 0.176056 0.865203
vt 0.015227 0.945516
vt 0.016738 0.943731
vt 0.186119 0.874588
vt 0.447644 0.879929
vt 0.447644 0.882252
vt 0.446482 0.884264
vt 0.444471 0.885426
vt 0.442147 0.885426
vt 0.440136 0.884264
vt 0.438974 0.882252
vt 0.438974 0.879929
vt 0.440136 0.877917
vt 0.442147 0.876756
vt 0.444471 0.876756
vt 0.446482 0.877917
s 1
usemtl Barrel
f 2521/2915/2281 2535/2916/2295 2526/2917/2286
f 2534/2918/2294 2808/2919/2568 2543/2920/2303
f 2532/2921/2292 2531/2922/2291 2523/2923/2283 2524/2924/2284
f 2522/2925/2282 2530/2926/2290 2529/2927/2289
f 2707/2928/2467 2550/2929/2310 2810/2930/2570
f 2800/2931/2560 2526/2917/2286 2551/2932/2311
f 2535/2916/2295 2527/2933/2287 2536/2934/2296
f 2541/2935/2301 2534/2918/2294 2542/2936/2302
f 2544/2937/2304 2537/2938/2297 2553/2939/2313
f 2551/2932/2311 2535/2916/2295 2562/2940/2322
f 2541/2935/2301 2558/2941/2318 2548/2942/2308
f 2800/2931/2560 2561/2943/2321 2570/2944/2330
f 2562/2940/2322 2536/2934/2296 2552/2945/2312
f 2560/2946/2320 2549/2947/2309 2569/2948/2329
f 2545/2949/2305 2554/2950/2314 2553/2939/2313
f 2563/2951/2323 2553/2939/2313 2564/2952/2324
f 2569/2948/2329 2550/2929/2310 2606/2953/2366
f 2707/2928/2467 2606/2953/2366 2550/2929/2310
f 2561/2943/2321 2551/2932/2311 2581/2954/2341
f 2581/2954/2341 2562/2940/2322 2582/2955/2342
f 2580/2956/2340 2569/2948/2329 2598/2957/2358
f 2572/2958/2332 2573/2959/2333 2583/2960/2343
f 2582/2955/2342 2571/2961/2331 2588/2962/2348
f 2572/2958/2332 2589/2963/2349 2588/2962/2348
f 2581/2954/2341 2599/2964/2359 2561/2943/2321
f 2597/2965/2357 2598/2957/2358 2616/2966/2376
f 2561/2943/2321 2634/2967/2394 2570/2944/2330
f 2600/2968/2360 2588/2962/2348 2607/2969/2367
f 2600/2968/2360 2617/2970/2377 2599/2964/2359
f 2597/2965/2357 2624/2971/2384 2615/2972/2375
f 2608/2973/2368 2601/2974/2361 2609/2975/2369
f 2606/2953/2366 2668/2976/2428 2616/2966/2376
f 2707/2928/2467 2668/2976/2428 2606/2953/2366
f 2617/2970/2377 2607/2969/2367 2625/2977/2385
f 2624/2971/2384 2616/2966/2376 2633/2978/2393
f 2632/2979/2392 2623/2980/2383 2642/2981/2402
f 2626/2982/2386 2618/2983/2378 2627/2984/2387
f 2634/2967/2394 2599/2964/2359 2650/2985/2410
f 2617/2970/2377 2651/2986/2411 2650/2985/2410
f 2635/2987/2395 2653/2988/2413 2644/2989/2404
f 2634/2967/2394 2680/2990/2440 2570/2944/2330
f 2651/2986/2411 2644/2989/2404 2652/2991/2412
f 2653/2988/2413 2645/2992/2405 2654/2993/2414
f 2680/2990/2440 2650/2985/2410 2669/2994/2429
f 2672/2995/2432 2663/2996/2423 2673/2997/2433
f 2687/2998/2447 2668/2976/2428 2737/2999/2497
f 2707/2928/2467 2737/2999/2497 2668/2976/2428
f 2669/2994/2429 2699/3000/2459 2680/2990/2440
f 2686/3001/2446 2698/3002/2458 2697/3003/2457
f 2690/3004/2450 2681/3005/2441 2691/3006/2451
f 2680/2990/2440 2726/3007/2486 2570/2944/2330
f 2699/3000/2459 2688/3008/2448 2708/3009/2468
f 2716/3010/2476 2705/3011/2465 2725/3012/2485
f 2710/3013/2470 2700/3014/2460 2711/3015/2471
f 2726/3007/2486 2699/3000/2459 2718/3016/2478
f 2734/3017/2494 2725/3012/2485 2735/3018/2495
f 2719/3019/2479 2739/3020/2499 2728/3021/2488
f 2726/3007/2486 2781/3022/2541 2570/2944/2330
f 2707/2928/2467 2771/3023/2531 2737/2999/2497
f 2727/3024/2487 2738/3025/2498 2718/3016/2478
f 2739/3020/2499 2729/3026/2489 2740/3027/2500
f 2739/3020/2499 2756/3028/2516 2746/3029/2506
f 2781/3022/2541 2718/3016/2478 2754/3030/2514
f 2738/3025/2498 2746/3029/2506 2755/3031/2515
f 2762/3032/2522 2752/3033/2512 2770/3034/2530
f 2756/3028/2516 2747/3035/2507 2757/3036/2517
f 2763/3037/2523 2753/3038/2513 2780/3039/2540
f 2756/3028/2516 2764/3040/2524 2755/3031/2515
f 2763/3037/2523 2790/3041/2550 2770/3034/2530
f 2754/3030/2514 2782/3042/2542 2781/3022/2541
f 2707/2928/2467 2810/2930/2570 2771/3023/2531
f 2783/3043/2543 2755/3031/2515 2772/3044/2532
f 2778/3045/2538 2770/3034/2530 2779/3046/2539
f 2780/3039/2540 2771/3023/2531 2810/2930/2570
f 2784/3047/2544 2773/3048/2533 2785/3049/2545
f 2790/3041/2550 2780/3039/2540 2809/3050/2569
f 2783/3043/2543 2772/3044/2532 2791/3051/2551
f 2798/3052/2558 2779/3046/2539 2799/3053/2559
f 2784/3047/2544 2792/3054/2552 2791/3051/2551
f 2781/3022/2541 2800/2931/2560 2570/2944/2330
f 2792/3054/2552 2793/3055/2553 2802/3056/2562
f 2521/2915/2281 2791/3051/2551 2801/3057/2561
f 2801/3057/2561 2527/2933/2287 2521/2915/2281
f 2525/3058/2285 2799/3053/2559 2534/2918/2294
f 2533/3059/2293 2532/2921/2292 2524/2924/2284 2807/3060/2567
f 2541/2935/2301 2533/3059/2293 2807/3060/2567 2525/3058/2285
f 2549/2947/2309 2543/2920/2303 2808/2919/2568 2809/3050/2569
f 2527/2933/2287 2535/2916/2295 2521/2915/2281
f 2525/3058/2285 2534/2918/2294 2541/2935/2301
f 2550/2929/2310 2549/2947/2309 2809/3050/2569 2810/2930/2570
f 2531/3061/2291 2530/2926/2290 2522/2925/2282 2523/3062/2283
f 2539/3063/2299 2538/3064/2298 2530/2926/2290 2531/3061/2291
f 2540/3065/2300 2539/3066/2299 2531/2922/2291 2532/2921/2292
f 2548/2942/2308 2540/3065/2300 2532/2921/2292 2533/3059/2293
f 2544/2937/2304 2536/2934/2296 2527/2933/2287 2528/3067/2288
f 2526/2917/2286 2535/2916/2295 2551/2932/2311
f 2533/3059/2293 2541/2935/2301 2548/2942/2308
f 2537/2938/2297 2544/2937/2304 2528/3067/2288 2529/2927/2289
f 2543/2920/2303 2542/2936/2302 2534/2918/2294
f 2537/2938/2297 2529/2927/2289 2530/2926/2290 2538/3064/2298
f 2558/2941/2318 2541/2935/2301 2542/2936/2302 2559/3068/2319
f 2559/3068/2319 2542/2936/2302 2543/2920/2303 2560/2946/2320
f 2545/2949/2305 2553/2939/2313 2537/2938/2297 2538/3064/2298
f 2543/2920/2303 2549/2947/2309 2560/2946/2320
f 2546/3069/2306 2545/2949/2305 2538/3064/2298 2539/3063/2299
f 2546/3070/2306 2539/3066/2299 2540/3065/2300 2547/3071/2307
f 2556/3072/2316 2555/3073/2315 2546/3070/2306 2547/3071/2307
f 2540/3065/2300 2548/2942/2308 2547/3071/2307
f 2535/2916/2295 2536/2934/2296 2562/2940/2322
f 2557/3074/2317 2556/3072/2316 2547/3071/2307 2548/2942/2308
f 2800/2931/2560 2551/2932/2311 2561/2943/2321
f 2563/2951/2323 2552/2945/2312 2536/2934/2296 2544/2937/2304
f 2558/2941/2318 2557/3074/2317 2548/2942/2308
f 2554/2950/2314 2545/2949/2305 2546/3069/2306 2555/3075/2315
f 2544/2937/2304 2553/2939/2313 2563/2951/2323
f 2549/2947/2309 2550/2929/2310 2569/2948/2329
f 2580/2956/2340 2579/3076/2339 2559/3068/2319 2560/2946/2320
f 2564/2952/2324 2553/2939/2313 2554/2950/2314 2565/3077/2325
f 2569/2948/2329 2580/2956/2340 2560/2946/2320
f 2565/3077/2325 2554/2950/2314 2555/3075/2315 2566/3078/2326
f 2567/3079/2327 2566/3080/2326 2555/3073/2315 2556/3072/2316
f 2568/3081/2328 2567/3079/2327 2556/3072/2316 2557/3074/2317
f 2568/3081/2328 2557/3074/2317 2558/2941/2318 2578/3082/2338
f 2551/2932/2311 2562/2940/2322 2581/2954/2341
f 2579/3076/2339 2578/3082/2338 2558/2941/2318 2559/3068/2319
f 2576/3083/2336 2575/3084/2335 2566/3080/2326 2567/3079/2327
f 2577/3085/2337 2576/3083/2336 2567/3079/2327 2568/3081/2328
f 2571/2961/2331 2582/2955/2342 2562/2940/2322 2552/2945/2312
f 2578/3082/2338 2577/3085/2337 2568/3081/2328
f 2571/2961/2331 2552/2945/2312 2563/2951/2323 2572/2958/2332
f 2573/2959/2333 2572/2958/2332 2563/2951/2323 2564/2952/2324
f 2573/2959/2333 2564/2952/2324 2565/3077/2325 2574/3086/2334
f 2574/3086/2334 2565/3077/2325 2566/3078/2326 2575/3087/2335
f 2606/2953/2366 2598/2957/2358 2569/2948/2329
f 2596/3088/2356 2579/3076/2339 2580/2956/2340 2597/2965/2357
f 2583/2960/2343 2573/2959/2333 2574/3086/2334 2584/3089/2344
f 2598/2957/2358 2597/2965/2357 2580/2956/2340
f 2584/3089/2344 2574/3086/2334 2575/3087/2335 2585/3090/2345
f 2586/3091/2346 2585/3092/2345 2575/3084/2335 2576/3083/2336
f 2587/3093/2347 2586/3091/2346 2576/3083/2336 2577/3085/2337
f 2587/3093/2347 2577/3085/2337 2578/3082/2338 2595/3094/2355
f 2596/3088/2356 2595/3094/2355 2578/3082/2338 2579/3076/2339
f 2594/3095/2354 2593/3096/2353 2586/3091/2346 2587/3093/2347
f 2572/2958/2332 2588/2962/2348 2571/2961/2331
f 2600/2968/2360 2599/2964/2359 2581/2954/2341 2582/2955/2342
f 2590/3097/2350 2589/2963/2349 2572/2958/2332 2583/2960/2343
f 2595/3094/2355 2594/3095/2354 2587/3093/2347
f 2582/2955/2342 2588/2962/2348 2600/2968/2360
f 2590/3097/2350 2583/2960/2343 2584/3089/2344 2591/3098/2351
f 2591/3098/2351 2584/3089/2344 2585/3090/2345 2592/3099/2352
f 2593/3096/2353 2592/3100/2352 2585/3092/2345 2586/3091/2346
f 2601/2974/2361 2590/3097/2350 2591/3098/2351 2602/3101/2362
f 2602/3101/2362 2591/3098/2351 2592/3099/2352 2603/3102/2363
f 2598/2957/2358 2606/2953/2366 2616/2966/2376
f 2604/3103/2364 2603/3104/2363 2592/3100/2352 2593/3096/2353
f 2605/3105/2365 2604/3103/2364 2593/3096/2353 2594/3095/2354
f 2561/2943/2321 2599/2964/2359 2634/2967/2394
f 2605/3105/2365 2594/3095/2354 2595/3094/2355 2614/3106/2374
f 2615/2972/2375 2614/3106/2374 2595/3094/2355 2596/3088/2356
f 2607/2969/2367 2588/2962/2348 2589/2963/2349 2608/2973/2368
f 2601/2974/2361 2608/2973/2368 2589/2963/2349 2590/3097/2350
f 2597/2965/2357 2615/2972/2375 2596/3088/2356
f 2609/2975/2369 2601/2974/2361 2602/3101/2362 2610/3107/2370
f 2614/3106/2374 2613/3108/2373 2605/3105/2365
f 2600/2968/2360 2607/2969/2367 2617/2970/2377
f 2597/2965/2357 2616/2966/2376 2624/2971/2384
f 2610/3107/2370 2602/3101/2362 2603/3102/2363 2611/3109/2371
f 2612/3110/2372 2611/3111/2371 2603/3104/2363 2604/3103/2364
f 2613/3108/2373 2612/3110/2372 2604/3103/2364 2605/3105/2365
f 2618/2983/2378 2609/2975/2369 2610/3107/2370 2619/3112/2379
f 2619/3112/2379 2610/3107/2370 2611/3109/2371 2620/3113/2380
f 2616/2966/2376 2668/2976/2428 2633/2978/2393
f 2621/3114/2381 2620/3115/2380 2611/3111/2371 2612/3110/2372
f 2622/3116/2382 2621/3114/2381 2612/3110/2372 2613/3108/2373
f 2622/3116/2382 2613/3108/2373 2614/3106/2374 2632/2979/2392
f 2623/2980/2383 2632/2979/2392 2614/3106/2374 2615/2972/2375
f 2625/2977/2385 2607/2969/2367 2608/2973/2368 2626/2982/2386
f 2618/2983/2378 2626/2982/2386 2608/2973/2368 2609/2975/2369
f 2624/2971/2384 2623/2980/2383 2615/2972/2375
f 2643/3117/2403 2642/2981/2402 2623/2980/2383 2624/2971/2384
f 2632/2979/2392 2631/3118/2391 2622/3116/2382
f 2627/2984/2387 2618/2983/2378 2619/3112/2379 2628/3119/2388
f 2633/2978/2393 2643/3117/2403 2624/2971/2384
f 2628/3119/2388 2619/3112/2379 2620/3113/2380 2629/3120/2389
f 2630/3121/2390 2629/3122/2389 2620/3115/2380 2621/3114/2381
f 2631/3118/2391 2630/3121/2390 2621/3114/2381 2622/3116/2382
f 2637/3123/2397 2628/3119/2388 2629/3120/2389 2638/3124/2398
f 2599/2964/2359 2617/2970/2377 2650/2985/2410
f 2639/3125/2399 2638/3126/2398 2629/3122/2389 2630/3121/2390
f 2640/3127/2400 2639/3125/2399 2630/3121/2390 2631/3118/2391
f 2640/3127/2400 2631/3118/2391 2632/2979/2392 2641/3128/2401
f 2644/2989/2404 2651/2986/2411 2617/2970/2377 2625/2977/2385
f 2644/2989/2404 2625/2977/2385 2626/2982/2386 2635/2987/2395
f 2632/2979/2392 2642/2981/2402 2641/3128/2401
f 2636/3129/2396 2635/2987/2395 2626/2982/2386 2627/2984/2387
f 2636/3129/2396 2627/2984/2387 2628/3119/2388 2637/3123/2397
f 2660/3130/2420 2659/3131/2419 2641/3128/2401 2642/2981/2402
f 2660/3130/2420 2642/2981/2402 2643/3117/2403 2661/3132/2421
f 2645/2992/2405 2653/2988/2413 2635/2987/2395 2636/3129/2396
f 2662/3133/2422 2661/3132/2421 2643/3117/2403 2633/2978/2393
f 2645/2992/2405 2636/3129/2396 2637/3123/2397 2646/3134/2406
f 2646/3134/2406 2637/3123/2397 2638/3124/2398 2647/3135/2407
f 2633/2978/2393 2668/2976/2428 2662/3133/2422
f 2648/3136/2408 2647/3137/2407 2638/3126/2398 2639/3125/2399
f 2649/3138/2409 2648/3136/2408 2639/3125/2399 2640/3127/2400
f 2634/2967/2394 2650/2985/2410 2680/2990/2440
f 2649/3138/2409 2640/3127/2400 2641/3128/2401 2659/3131/2419
f 2655/3139/2415 2646/3134/2406 2647/3135/2407 2656/3140/2416
f 2657/3141/2417 2656/3142/2416 2647/3137/2407 2648/3136/2408
f 2658/3143/2418 2657/3141/2417 2648/3136/2408 2649/3138/2409
f 2654/2993/2414 2645/2992/2405 2646/3134/2406 2655/3139/2415
f 2659/3131/2419 2658/3143/2418 2649/3138/2409
f 2653/2988/2413 2652/2991/2412 2644/2989/2404
f 2679/3144/2439 2678/3145/2438 2659/3131/2419 2660/3130/2420
f 2671/3146/2431 2652/2991/2412 2653/2988/2413 2672/2995/2432
f 2679/3144/2439 2660/3130/2420 2661/3132/2421 2686/3001/2446
f 2663/2996/2423 2672/2995/2432 2653/2988/2413 2654/2993/2414
f 2687/2998/2447 2686/3001/2446 2661/3132/2421 2662/3133/2422
f 2663/2996/2423 2654/2993/2414 2655/3139/2415 2664/3147/2424
f 2664/3147/2424 2655/3139/2415 2656/3140/2416 2665/3148/2425
f 2668/2976/2428 2687/2998/2447 2662/3133/2422
f 2666/3149/2426 2665/3150/2425 2656/3142/2416 2657/3141/2417
f 2667/3151/2427 2666/3149/2426 2657/3141/2417 2658/3143/2418
f 2669/2994/2429 2650/2985/2410 2651/2986/2411 2670/3152/2430
f 2667/3151/2427 2658/3143/2418 2659/3131/2419 2678/3145/2438
f 2671/3146/2431 2670/3152/2430 2651/2986/2411 2652/2991/2412
f 2676/3153/2436 2675/3154/2435 2665/3150/2425 2666/3149/2426
f 2677/3155/2437 2676/3153/2436 2666/3149/2426 2667/3151/2427
f 2673/2997/2433 2663/2996/2423 2664/3147/2424 2674/3156/2434
f 2678/3145/2438 2677/3155/2437 2667/3151/2427
f 2674/3156/2434 2664/3147/2424 2665/3148/2425 2675/3157/2435
f 2681/3005/2441 2690/3004/2450 2672/2995/2432 2673/2997/2433
f 2686/3001/2446 2697/3003/2457 2679/3144/2439
f 2681/3005/2441 2673/2997/2433 2674/3156/2434 2682/3158/2442
f 2682/3158/2442 2674/3156/2434 2675/3157/2435 2683/3159/2443
f 2684/3160/2444 2683/3161/2443 2675/3154/2435 2676/3153/2436
f 2685/3162/2445 2684/3160/2444 2676/3153/2436 2677/3155/2437
f 2688/3008/2448 2699/3000/2459 2669/2994/2429 2670/3152/2430
f 2685/3162/2445 2677/3155/2437 2678/3145/2438 2696/3163/2456
f 2689/3164/2449 2688/3008/2448 2670/3152/2430 2671/3146/2431
f 2697/3003/2457 2696/3163/2456 2678/3145/2438 2679/3144/2439
f 2689/3164/2449 2671/3146/2431 2672/2995/2432 2690/3004/2450
f 2695/3165/2455 2694/3166/2454 2684/3160/2444 2685/3162/2445
f 2706/3167/2466 2698/3002/2458 2686/3001/2446 2687/2998/2447
f 2696/3163/2456 2695/3165/2455 2685/3162/2445
f 2691/3006/2451 2681/3005/2441 2682/3158/2442 2692/3168/2452
f 2692/3168/2452 2682/3158/2442 2683/3159/2443 2693/3169/2453
f 2737/2999/2497 2706/3167/2466 2687/2998/2447
f 2694/3166/2454 2693/3170/2453 2683/3161/2443 2684/3160/2444
f 2700/3014/2460 2710/3013/2470 2690/3004/2450 2691/3006/2451
f 2700/3014/2460 2691/3006/2451 2692/3168/2452 2701/3171/2461
f 2701/3171/2461 2692/3168/2452 2693/3169/2453 2702/3172/2462
f 2703/3173/2463 2702/3174/2462 2693/3170/2453 2694/3166/2454
f 2704/3175/2464 2703/3173/2463 2694/3166/2454 2695/3165/2455
f 2680/2990/2440 2699/3000/2459 2726/3007/2486
f 2704/3175/2464 2695/3165/2455 2696/3163/2456 2716/3010/2476
f 2709/3176/2469 2708/3009/2468 2688/3008/2448 2689/3164/2449
f 2705/3011/2465 2716/3010/2476 2696/3163/2456 2697/3003/2457
f 2709/3176/2469 2689/3164/2449 2690/3004/2450 2710/3013/2470
f 2715/3177/2475 2714/3178/2474 2703/3173/2463 2704/3175/2464
f 2698/3002/2458 2705/3011/2465 2697/3003/2457
f 2725/3012/2485 2705/3011/2465 2698/3002/2458 2717/3179/2477
f 2716/3010/2476 2715/3177/2475 2704/3175/2464
f 2736/3180/2496 2717/3179/2477 2698/3002/2458 2706/3167/2466
f 2711/3015/2471 2700/3014/2460 2701/3171/2461 2712/3181/2472
f 2712/3181/2472 2701/3171/2461 2702/3172/2462 2713/3182/2473
f 2706/3167/2466 2737/2999/2497 2736/3180/2496
f 2714/3178/2474 2713/3183/2473 2702/3174/2462 2703/3173/2463
f 2720/3184/2480 2711/3015/2471 2712/3181/2472 2721/3185/2481
f 2721/3185/2481 2712/3181/2472 2713/3182/2473 2722/3186/2482
f 2723/3187/2483 2722/3188/2482 2713/3183/2473 2714/3178/2474
f 2724/3189/2484 2723/3187/2483 2714/3178/2474 2715/3177/2475
f 2727/3024/2487 2718/3016/2478 2699/3000/2459 2708/3009/2468
f 2724/3189/2484 2715/3177/2475 2716/3010/2476 2734/3017/2494
f 2728/3021/2488 2727/3024/2487 2708/3009/2468 2709/3176/2469
f 2719/3019/2479 2728/3021/2488 2709/3176/2469 2710/3013/2470
f 2716/3010/2476 2725/3012/2485 2734/3017/2494
f 2720/3184/2480 2719/3019/2479 2710/3013/2470 2711/3015/2471
f 2729/3026/2489 2739/3020/2499 2719/3019/2479 2720/3184/2480
f 2734/3017/2494 2733/3190/2493 2724/3189/2484
f 2717/3179/2477 2735/3018/2495 2725/3012/2485
f 2729/3026/2489 2720/3184/2480 2721/3185/2481 2730/3191/2490
f 2730/3191/2490 2721/3185/2481 2722/3186/2482 2731/3192/2491
f 2732/3193/2492 2731/3194/2491 2722/3188/2482 2723/3187/2483
f 2733/3190/2493 2732/3193/2492 2723/3187/2483 2724/3189/2484
f 2740/3027/2500 2729/3026/2489 2730/3191/2490 2741/3195/2501
f 2771/3023/2531 2753/3038/2513 2736/3180/2496 2737/2999/2497
f 2741/3195/2501 2730/3191/2490 2731/3192/2491 2742/3196/2502
f 2743/3197/2503 2742/3198/2502 2731/3194/2491 2732/3193/2492
f 2744/3199/2504 2743/3197/2503 2732/3193/2492 2733/3190/2493
f 2726/3007/2486 2718/3016/2478 2781/3022/2541
f 2744/3199/2504 2733/3190/2493 2734/3017/2494 2745/3200/2505
f 2746/3029/2506 2738/3025/2498 2727/3024/2487 2728/3021/2488
f 2752/3033/2512 2745/3200/2505 2734/3017/2494 2735/3018/2495
f 2752/3033/2512 2735/3018/2495 2717/3179/2477 2763/3037/2523
f 2739/3020/2499 2746/3029/2506 2728/3021/2488
f 2753/3038/2513 2763/3037/2523 2717/3179/2477 2736/3180/2496
f 2751/3201/2511 2744/3199/2504 2745/3200/2505 2762/3032/2522
f 2747/3035/2507 2756/3028/2516 2739/3020/2499 2740/3027/2500
f 2745/3200/2505 2752/3033/2512 2762/3032/2522
f 2747/3035/2507 2740/3027/2500 2741/3195/2501 2748/3202/2508
f 2748/3202/2508 2741/3195/2501 2742/3196/2502 2749/3203/2509
f 2750/3204/2510 2749/3205/2509 2742/3198/2502 2743/3197/2503
f 2751/3201/2511 2750/3204/2510 2743/3197/2503 2744/3199/2504
f 2758/3206/2518 2748/3202/2508 2749/3203/2509 2759/3207/2519
f 2738/3025/2498 2754/3030/2514 2718/3016/2478
f 2753/3038/2513 2771/3023/2531 2780/3039/2540
f 2760/3208/2520 2759/3209/2519 2749/3205/2509 2750/3204/2510
f 2761/3210/2521 2760/3208/2520 2750/3204/2510 2751/3201/2511
f 2757/3036/2517 2747/3035/2507 2748/3202/2508 2758/3206/2518
f 2762/3032/2522 2761/3210/2521 2751/3201/2511
f 2756/3028/2516 2755/3031/2515 2746/3029/2506
f 2763/3037/2523 2770/3034/2530 2752/3033/2512
f 2765/3211/2525 2764/3040/2524 2756/3028/2516 2757/3036/2517
f 2762/3032/2522 2770/3034/2530 2778/3045/2538
f 2765/3211/2525 2757/3036/2517 2758/3206/2518 2766/3212/2526
f 2780/3039/2540 2790/3041/2550 2763/3037/2523
f 2766/3212/2526 2758/3206/2518 2759/3207/2519 2767/3213/2527
f 2768/3214/2528 2767/3215/2527 2759/3209/2519 2760/3208/2520
f 2769/3216/2529 2768/3214/2528 2760/3208/2520 2761/3210/2521
f 2783/3043/2543 2782/3042/2542 2754/3030/2514 2738/3025/2498
f 2769/3216/2529 2761/3210/2521 2762/3032/2522 2778/3045/2538
f 2776/3217/2536 2775/3218/2535 2767/3215/2527 2768/3214/2528
f 2738/3025/2498 2755/3031/2515 2783/3043/2543
f 2777/3219/2537 2776/3217/2536 2768/3214/2528 2769/3216/2529
f 2772/3044/2532 2755/3031/2515 2764/3040/2524 2784/3047/2544
f 2778/3045/2538 2777/3219/2537 2769/3216/2529
f 2773/3048/2533 2784/3047/2544 2764/3040/2524 2765/3211/2525
f 2790/3041/2550 2779/3046/2539 2770/3034/2530
f 2773/3048/2533 2765/3211/2525 2766/3212/2526 2774/3220/2534
f 2774/3220/2534 2766/3212/2526 2767/3213/2527 2775/3221/2535
f 2785/3049/2545 2773/3048/2533 2774/3220/2534 2786/3222/2546
f 2784/3047/2544 2791/3051/2551 2772/3044/2532
f 2786/3222/2546 2774/3220/2534 2775/3221/2535 2787/3223/2547
f 2780/3039/2540 2810/2930/2570 2809/3050/2569
f 2788/3224/2548 2787/3225/2547 2775/3218/2535 2776/3217/2536
f 2789/3226/2549 2788/3224/2548 2776/3217/2536 2777/3219/2537
f 2789/3226/2549 2777/3219/2537 2778/3045/2538 2798/3052/2558
f 2796/3227/2556 2795/3228/2555 2787/3225/2547 2788/3224/2548
f 2778/3045/2538 2779/3046/2539 2798/3052/2558
f 2800/2931/2560 2781/3022/2541 2782/3042/2542 2526/2917/2286
f 2797/3229/2557 2796/3227/2556 2788/3224/2548 2789/3226/2549
f 2521/2915/2281 2526/2917/2286 2782/3042/2542 2783/3043/2543
f 2799/3053/2559 2779/3046/2539 2790/3041/2550 2808/2919/2568
f 2798/3052/2558 2797/3229/2557 2789/3226/2549
f 2783/3043/2543 2791/3051/2551 2521/2915/2281
f 2793/3055/2553 2792/3054/2552 2784/3047/2544 2785/3049/2545
f 2793/3055/2553 2785/3049/2545 2786/3222/2546 2794/3230/2554
f 2790/3041/2550 2809/3050/2569 2808/2919/2568
f 2794/3230/2554 2786/3222/2546 2787/3223/2547 2795/3231/2555
f 2802/3056/2562 2793/3055/2553 2794/3230/2554 2803/3232/2563
f 2803/3232/2563 2794/3230/2554 2795/3231/2555 2804/3233/2564
f 2805/3234/2565 2804/3235/2564 2795/3228/2555 2796/3227/2556
f 2806/3236/2566 2805/3234/2565 2796/3227/2556 2797/3229/2557
f 2806/3236/2566 2797/3229/2557 2798/3052/2558 2525/3058/2285
f 2807/3060/2567 2524/2924/2284 2805/3234/2565 2806/3236/2566
f 2798/3052/2558 2799/3053/2559 2525/3058/2285
f 2792/3054/2552 2801/3057/2561 2791/3051/2551
f 2527/2933/2287 2801/3057/2561 2792/3054/2552 2528/3067/2288
f 2806/3236/2566 2525/3058/2285 2807/3060/2567
f 2528/3067/2288 2792/3054/2552 2802/3056/2562 2529/2927/2289
f 2808/2919/2568 2534/2918/2294 2799/3053/2559
f 2529/2927/2289 2802/3056/2562 2803/3232/2563 2522/2925/2282
f 2522/2925/2282 2803/3232/2563 2804/3233/2564 2523/3062/2283
f 2524/2924/2284 2523/2923/2283 2804/3235/2564 2805/3234/2565
f 2811/3237/2571 2825/3238/2585 2816/3239/2576
f 2824/3240/2584 3098/3241/2858 2833/3242/2593
f 2822/3243/2582 2821/3244/2581 2813/3245/2573 2814/3246/2574
f 2812/3247/2572 2820/3248/2580 2819/3249/2579
f 2997/3250/2757 2840/3251/2600 3100/3252/2860
f 3090/3253/2850 2816/3239/2576 2841/3254/2601
f 2825/3238/2585 2817/3255/2577 2826/3256/2586
f 2831/3257/2591 2824/3240/2584 2832/3258/2592
f 2834/3259/2594 2827/3260/2587 2843/3261/2603
f 2841/3254/2601 2825/3238/2585 2852/3262/2612
f 2831/3257/2591 2848/3263/2608 2838/3264/2598
f 3090/3253/2850 2851/3265/2611 2860/3266/2620
f 2852/3262/2612 2826/3256/2586 2842/3267/2602
f 2850/3268/2610 2839/3269/2599 2859/3270/2619
f 2835/3271/2595 2844/3272/2604 2843/3261/2603
f 2853/3273/2613 2843/3261/2603 2854/3274/2614
f 2859/3270/2619 2840/3251/2600 2896/3275/2656
f 2997/3250/2757 2896/3275/2656 2840/3251/2600
f 2851/3265/2611 2841/3254/2601 2871/3276/2631
f 2871/3276/2631 2852/3262/2612 2872/3277/2632
f 2870/3278/2630 2859/3270/2619 2888/3279/2648
f 2862/3280/2622 2863/3281/2623 2873/3282/2633
f 2872/3277/2632 2861/3283/2621 2878/3284/2638
f 2862/3280/2622 2879/3285/2639 2878/3284/2638
f 2871/3276/2631 2889/3286/2649 2851/3265/2611
f 2887/3287/2647 2888/3279/2648 2906/3288/2666
f 2851/3265/2611 2924/3289/2684 2860/3266/2620
f 2890/3290/2650 2878/3284/2638 2897/3291/2657
f 2890/3290/2650 2907/3292/2667 2889/3286/2649
f 2887/3287/2647 2914/3293/2674 2905/3294/2665
f 2898/3295/2658 2891/3296/2651 2899/3297/2659
f 2896/3275/2656 2958/3298/2718 2906/3288/2666
f 2997/3250/2757 2958/3298/2718 2896/3275/2656
f 2907/3292/2667 2897/3291/2657 2915/3299/2675
f 2914/3293/2674 2906/3288/2666 2923/3300/2683
f 2922/3301/2682 2913/3302/2673 2932/3303/2692
f 2916/3304/2676 2908/3305/2668 2917/3306/2677
f 2924/3289/2684 2889/3286/2649 2940/3307/2700
f 2907/3292/2667 2941/3308/2701 2940/3307/2700
f 2925/3309/2685 2943/3310/2703 2934/3311/2694
f 2924/3289/2684 2970/3312/2730 2860/3266/2620
f 2941/3308/2701 2934/3311/2694 2942/3313/2702
f 2943/3310/2703 2935/3314/2695 2944/3315/2704
f 2970/3312/2730 2940/3307/2700 2959/3316/2719
f 2962/3317/2722 2953/3318/2713 2963/3319/2723
f 2977/3320/2737 2958/3298/2718 3027/3321/2787
f 2997/3250/2757 3027/3321/2787 2958/3298/2718
f 2959/3316/2719 2989/3322/2749 2970/3312/2730
f 2976/3323/2736 2988/3324/2748 2987/3325/2747
f 2980/3326/2740 2971/3327/2731 2981/3328/2741
f 2970/3312/2730 3016/3329/2776 2860/3266/2620
f 2989/3322/2749 2978/3330/2738 2998/3331/2758
f 3006/3332/2766 2995/3333/2755 3015/3334/2775
f 3000/3335/2760 2990/3336/2750 3001/3337/2761
f 3016/3329/2776 2989/3322/2749 3008/3338/2768
f 3024/3339/2784 3015/3334/2775 3025/3340/2785
f 3009/3341/2769 3029/3342/2789 3018/3343/2778
f 3016/3329/2776 3071/3344/2831 2860/3266/2620
f 2997/3250/2757 3061/3345/2821 3027/3321/2787
f 3017/3346/2777 3028/3347/2788 3008/3338/2768
f 3029/3342/2789 3019/3348/2779 3030/3349/2790
f 3029/3342/2789 3046/3350/2806 3036/3351/2796
f 3071/3344/2831 3008/3338/2768 3044/3352/2804
f 3028/3347/2788 3036/3351/2796 3045/3353/2805
f 3052/3354/2812 3042/3355/2802 3060/3356/2820
f 3046/3350/2806 3037/3357/2797 3047/3358/2807
f 3053/3359/2813 3043/3360/2803 3070/3361/2830
f 3046/3350/2806 3054/3362/2814 3045/3353/2805
f 3053/3359/2813 3080/3363/2840 3060/3356/2820
f 3044/3352/2804 3072/3364/2832 3071/3344/2831
f 2997/3250/2757 3100/3252/2860 3061/3345/2821
f 3073/3365/2833 3045/3353/2805 3062/3366/2822
f 3068/3367/2828 3060/3356/2820 3069/3368/2829
f 3070/3361/2830 3061/3345/2821 3100/3252/2860
f 3074/3369/2834 3063/3370/2823 3075/3371/2835
f 3080/3363/2840 3070/3361/2830 3099/3372/2859
f 3073/3365/2833 3062/3366/2822 3081/3373/2841
f 3088/3374/2848 3069/3368/2829 3089/3375/2849
f 3074/3369/2834 3082/3376/2842 3081/3373/2841
f 3071/3344/2831 3090/3253/2850 2860/3266/2620
f 3082/3376/2842 3083/3377/2843 3092/3378/2852
f 2811/3237/2571 3081/3373/2841 3091/3379/2851
f 3091/3379/2851 2817/3255/2577 2811/3237/2571
f 2815/3380/2575 3089/3375/2849 2824/3240/2584
f 2823/3381/2583 2822/3243/2582 2814/3246/2574 3097/3382/2857
f 2831/3257/2591 2823/3381/2583 3097/3382/2857 2815/3380/2575
f 2839/3269/2599 2833/3242/2593 3098/3241/2858 3099/3372/2859
f 2817/3255/2577 2825/3238/2585 2811/3237/2571
f 2815/3380/2575 2824/3240/2584 2831/3257/2591
f 2840/3251/2600 2839/3269/2599 3099/3372/2859 3100/3252/2860
f 2821/3383/2581 2820/3248/2580 2812/3247/2572 2813/3384/2573
f 2829/3385/2589 2828/3386/2588 2820/3248/2580 2821/3383/2581
f 2830/3387/2590 2829/3388/2589 2821/3244/2581 2822/3243/2582
f 2838/3264/2598 2830/3387/2590 2822/3243/2582 2823/3381/2583
f 2834/3259/2594 2826/3256/2586 2817/3255/2577 2818/3389/2578
f 2816/3239/2576 2825/3238/2585 2841/3254/2601
f 2823/3381/2583 2831/3257/2591 2838/3264/2598
f 2827/3260/2587 2834/3259/2594 2818/3389/2578 2819/3249/2579
f 2833/3242/2593 2832/3258/2592 2824/3240/2584
f 2827/3260/2587 2819/3249/2579 2820/3248/2580 2828/3386/2588
f 2848/3263/2608 2831/3257/2591 2832/3258/2592 2849/3390/2609
f 2849/3390/2609 2832/3258/2592 2833/3242/2593 2850/3268/2610
f 2835/3271/2595 2843/3261/2603 2827/3260/2587 2828/3386/2588
f 2833/3242/2593 2839/3269/2599 2850/3268/2610
f 2836/3391/2596 2835/3271/2595 2828/3386/2588 2829/3385/2589
f 2836/3392/2596 2829/3388/2589 2830/3387/2590 2837/3393/2597
f 2846/3394/2606 2845/3395/2605 2836/3392/2596 2837/3393/2597
f 2830/3387/2590 2838/3264/2598 2837/3393/2597
f 2825/3238/2585 2826/3256/2586 2852/3262/2612
f 2847/3396/2607 2846/3394/2606 2837/3393/2597 2838/3264/2598
f 3090/3253/2850 2841/3254/2601 2851/3265/2611
f 2853/3273/2613 2842/3267/2602 2826/3256/2586 2834/3259/2594
f 2848/3263/2608 2847/3396/2607 2838/3264/2598
f 2844/3272/2604 2835/3271/2595 2836/3391/2596 2845/3397/2605
f 2834/3259/2594 2843/3261/2603 2853/3273/2613
f 2839/3269/2599 2840/3251/2600 2859/3270/2619
f 2870/3278/2630 2869/3398/2629 2849/3390/2609 2850/3268/2610
f 2854/3274/2614 2843/3261/2603 2844/3272/2604 2855/3399/2615
f 2859/3270/2619 2870/3278/2630 2850/3268/2610
f 2855/3399/2615 2844/3272/2604 2845/3397/2605 2856/3400/2616
f 2857/3401/2617 2856/3402/2616 2845/3395/2605 2846/3394/2606
f 2858/3403/2618 2857/3401/2617 2846/3394/2606 2847/3396/2607
f 2858/3403/2618 2847/3396/2607 2848/3263/2608 2868/3404/2628
f 2841/3254/2601 2852/3262/2612 2871/3276/2631
f 2869/3398/2629 2868/3404/2628 2848/3263/2608 2849/3390/2609
f 2866/3405/2626 2865/3406/2625 2856/3402/2616 2857/3401/2617
f 2867/3407/2627 2866/3405/2626 2857/3401/2617 2858/3403/2618
f 2861/3283/2621 2872/3277/2632 2852/3262/2612 2842/3267/2602
f 2868/3404/2628 2867/3407/2627 2858/3403/2618
f 2861/3283/2621 2842/3267/2602 2853/3273/2613 2862/3280/2622
f 2863/3281/2623 2862/3280/2622 2853/3273/2613 2854/3274/2614
f 2863/3281/2623 2854/3274/2614 2855/3399/2615 2864/3408/2624
f 2864/3408/2624 2855/3399/2615 2856/3400/2616 2865/3409/2625
f 2896/3275/2656 2888/3279/2648 2859/3270/2619
f 2886/3410/2646 2869/3398/2629 2870/3278/2630 2887/3287/2647
f 2873/3282/2633 2863/3281/2623 2864/3408/2624 2874/3411/2634
f 2888/3279/2648 2887/3287/2647 2870/3278/2630
f 2874/3411/2634 2864/3408/2624 2865/3409/2625 2875/3412/2635
f 2876/3413/2636 2875/3414/2635 2865/3406/2625 2866/3405/2626
f 2877/3415/2637 2876/3413/2636 2866/3405/2626 2867/3407/2627
f 2877/3415/2637 2867/3407/2627 2868/3404/2628 2885/3416/2645
f 2886/3410/2646 2885/3416/2645 2868/3404/2628 2869/3398/2629
f 2884/3417/2644 2883/3418/2643 2876/3413/2636 2877/3415/2637
f 2862/3280/2622 2878/3284/2638 2861/3283/2621
f 2890/3290/2650 2889/3286/2649 2871/3276/2631 2872/3277/2632
f 2880/3419/2640 2879/3285/2639 2862/3280/2622 2873/3282/2633
f 2885/3416/2645 2884/3417/2644 2877/3415/2637
f 2872/3277/2632 2878/3284/2638 2890/3290/2650
f 2880/3419/2640 2873/3282/2633 2874/3411/2634 2881/3420/2641
f 2881/3420/2641 2874/3411/2634 2875/3412/2635 2882/3421/2642
f 2883/3418/2643 2882/3422/2642 2875/3414/2635 2876/3413/2636
f 2891/3296/2651 2880/3419/2640 2881/3420/2641 2892/3423/2652
f 2892/3423/2652 2881/3420/2641 2882/3421/2642 2893/3424/2653
f 2888/3279/2648 2896/3275/2656 2906/3288/2666
f 2894/3425/2654 2893/3426/2653 2882/3422/2642 2883/3418/2643
f 2895/3427/2655 2894/3425/2654 2883/3418/2643 2884/3417/2644
f 2851/3265/2611 2889/3286/2649 2924/3289/2684
f 2895/3427/2655 2884/3417/2644 2885/3416/2645 2904/3428/2664
f 2905/3294/2665 2904/3428/2664 2885/3416/2645 2886/3410/2646
f 2897/3291/2657 2878/3284/2638 2879/3285/2639 2898/3295/2658
f 2891/3296/2651 2898/3295/2658 2879/3285/2639 2880/3419/2640
f 2887/3287/2647 2905/3294/2665 2886/3410/2646
f 2899/3297/2659 2891/3296/2651 2892/3423/2652 2900/3429/2660
f 2904/3428/2664 2903/3430/2663 2895/3427/2655
f 2890/3290/2650 2897/3291/2657 2907/3292/2667
f 2887/3287/2647 2906/3288/2666 2914/3293/2674
f 2900/3429/2660 2892/3423/2652 2893/3424/2653 2901/3431/2661
f 2902/3432/2662 2901/3433/2661 2893/3426/2653 2894/3425/2654
f 2903/3430/2663 2902/3432/2662 2894/3425/2654 2895/3427/2655
f 2908/3305/2668 2899/3297/2659 2900/3429/2660 2909/3434/2669
f 2909/3434/2669 2900/3429/2660 2901/3431/2661 2910/3435/2670
f 2906/3288/2666 2958/3298/2718 2923/3300/2683
f 2911/3436/2671 2910/3437/2670 2901/3433/2661 2902/3432/2662
f 2912/3438/2672 2911/3436/2671 2902/3432/2662 2903/3430/2663
f 2912/3438/2672 2903/3430/2663 2904/3428/2664 2922/3301/2682
f 2913/3302/2673 2922/3301/2682 2904/3428/2664 2905/3294/2665
f 2915/3299/2675 2897/3291/2657 2898/3295/2658 2916/3304/2676
f 2908/3305/2668 2916/3304/2676 2898/3295/2658 2899/3297/2659
f 2914/3293/2674 2913/3302/2673 2905/3294/2665
f 2933/3439/2693 2932/3303/2692 2913/3302/2673 2914/3293/2674
f 2922/3301/2682 2921/3440/2681 2912/3438/2672
f 2917/3306/2677 2908/3305/2668 2909/3434/2669 2918/3441/2678
f 2923/3300/2683 2933/3439/2693 2914/3293/2674
f 2918/3441/2678 2909/3434/2669 2910/3435/2670 2919/3442/2679
f 2920/3443/2680 2919/3444/2679 2910/3437/2670 2911/3436/2671
f 2921/3440/2681 2920/3443/2680 2911/3436/2671 2912/3438/2672
f 2927/3445/2687 2918/3441/2678 2919/3442/2679 2928/3446/2688
f 2889/3286/2649 2907/3292/2667 2940/3307/2700
f 2929/3447/2689 2928/3448/2688 2919/3444/2679 2920/3443/2680
f 2930/3449/2690 2929/3447/2689 2920/3443/2680 2921/3440/2681
f 2930/3449/2690 2921/3440/2681 2922/3301/2682 2931/3450/2691
f 2934/3311/2694 2941/3308/2701 2907/3292/2667 2915/3299/2675
f 2934/3311/2694 2915/3299/2675 2916/3304/2676 2925/3309/2685
f 2922/3301/2682 2932/3303/2692 2931/3450/2691
f 2926/3451/2686 2925/3309/2685 2916/3304/2676 2917/3306/2677
f 2926/3451/2686 2917/3306/2677 2918/3441/2678 2927/3445/2687
f 2950/3452/2710 2949/3453/2709 2931/3450/2691 2932/3303/2692
f 2950/3452/2710 2932/3303/2692 2933/3439/2693 2951/3454/2711
f 2935/3314/2695 2943/3310/2703 2925/3309/2685 2926/3451/2686
f 2952/3455/2712 2951/3454/2711 2933/3439/2693 2923/3300/2683
f 2935/3314/2695 2926/3451/2686 2927/3445/2687 2936/3456/2696
f 2936/3456/2696 2927/3445/2687 2928/3446/2688 2937/3457/2697
f 2923/3300/2683 2958/3298/2718 2952/3455/2712
f 2938/3458/2698 2937/3459/2697 2928/3448/2688 2929/3447/2689
f 2939/3460/2699 2938/3458/2698 2929/3447/2689 2930/3449/2690
f 2924/3289/2684 2940/3307/2700 2970/3312/2730
f 2939/3460/2699 2930/3449/2690 2931/3450/2691 2949/3453/2709
f 2945/3461/2705 2936/3456/2696 2937/3457/2697 2946/3462/2706
f 2947/3463/2707 2946/3464/2706 2937/3459/2697 2938/3458/2698
f 2948/3465/2708 2947/3463/2707 2938/3458/2698 2939/3460/2699
f 2944/3315/2704 2935/3314/2695 2936/3456/2696 2945/3461/2705
f 2949/3453/2709 2948/3465/2708 2939/3460/2699
f 2943/3310/2703 2942/3313/2702 2934/3311/2694
f 2969/3466/2729 2968/3467/2728 2949/3453/2709 2950/3452/2710
f 2961/3468/2721 2942/3313/2702 2943/3310/2703 2962/3317/2722
f 2969/3466/2729 2950/3452/2710 2951/3454/2711 2976/3323/2736
f 2953/3318/2713 2962/3317/2722 2943/3310/2703 2944/3315/2704
f 2977/3320/2737 2976/3323/2736 2951/3454/2711 2952/3455/2712
f 2953/3318/2713 2944/3315/2704 2945/3461/2705 2954/3469/2714
f 2954/3469/2714 2945/3461/2705 2946/3462/2706 2955/3470/2715
f 2958/3298/2718 2977/3320/2737 2952/3455/2712
f 2956/3471/2716 2955/3472/2715 2946/3464/2706 2947/3463/2707
f 2957/3473/2717 2956/3471/2716 2947/3463/2707 2948/3465/2708
f 2959/3316/2719 2940/3307/2700 2941/3308/2701 2960/3474/2720
f 2957/3473/2717 2948/3465/2708 2949/3453/2709 2968/3467/2728
f 2961/3468/2721 2960/3474/2720 2941/3308/2701 2942/3313/2702
f 2966/3475/2726 2965/3476/2725 2955/3472/2715 2956/3471/2716
f 2967/3477/2727 2966/3475/2726 2956/3471/2716 2957/3473/2717
f 2963/3319/2723 2953/3318/2713 2954/3469/2714 2964/3478/2724
f 2968/3467/2728 2967/3477/2727 2957/3473/2717
f 2964/3478/2724 2954/3469/2714 2955/3470/2715 2965/3479/2725
f 2971/3327/2731 2980/3326/2740 2962/3317/2722 2963/3319/2723
f 2976/3323/2736 2987/3325/2747 2969/3466/2729
f 2971/3327/2731 2963/3319/2723 2964/3478/2724 2972/3480/2732
f 2972/3480/2732 2964/3478/2724 2965/3479/2725 2973/3481/2733
f 2974/3482/2734 2973/3483/2733 2965/3476/2725 2966/3475/2726
f 2975/3484/2735 2974/3482/2734 2966/3475/2726 2967/3477/2727
f 2978/3330/2738 2989/3322/2749 2959/3316/2719 2960/3474/2720
f 2975/3484/2735 2967/3477/2727 2968/3467/2728 2986/3485/2746
f 2979/3486/2739 2978/3330/2738 2960/3474/2720 2961/3468/2721
f 2987/3325/2747 2986/3485/2746 2968/3467/2728 2969/3466/2729
f 2979/3486/2739 2961/3468/2721 2962/3317/2722 2980/3326/2740
f 2985/3487/2745 2984/3488/2744 2974/3482/2734 2975/3484/2735
f 2996/3489/2756 2988/3324/2748 2976/3323/2736 2977/3320/2737
f 2986/3485/2746 2985/3487/2745 2975/3484/2735
f 2981/3328/2741 2971/3327/2731 2972/3480/2732 2982/3490/2742
f 2982/3490/2742 2972/3480/2732 2973/3481/2733 2983/3491/2743
f 3027/3321/2787 2996/3489/2756 2977/3320/2737
f 2984/3488/2744 2983/3492/2743 2973/3483/2733 2974/3482/2734
f 2990/3336/2750 3000/3335/2760 2980/3326/2740 2981/3328/2741
f 2990/3336/2750 2981/3328/2741 2982/3490/2742 2991/3493/2751
f 2991/3493/2751 2982/3490/2742 2983/3491/2743 2992/3494/2752
f 2993/3495/2753 2992/3496/2752 2983/3492/2743 2984/3488/2744
f 2994/3497/2754 2993/3495/2753 2984/3488/2744 2985/3487/2745
f 2970/3312/2730 2989/3322/2749 3016/3329/2776
f 2994/3497/2754 2985/3487/2745 2986/3485/2746 3006/3332/2766
f 2999/3498/2759 2998/3331/2758 2978/3330/2738 2979/3486/2739
f 2995/3333/2755 3006/3332/2766 2986/3485/2746 2987/3325/2747
f 2999/3498/2759 2979/3486/2739 2980/3326/2740 3000/3335/2760
f 3005/3499/2765 3004/3500/2764 2993/3495/2753 2994/3497/2754
f 2988/3324/2748 2995/3333/2755 2987/3325/2747
f 3015/3334/2775 2995/3333/2755 2988/3324/2748 3007/3501/2767
f 3006/3332/2766 3005/3499/2765 2994/3497/2754
f 3026/3502/2786 3007/3501/2767 2988/3324/2748 2996/3489/2756
f 3001/3337/2761 2990/3336/2750 2991/3493/2751 3002/3503/2762
f 3002/3503/2762 2991/3493/2751 2992/3494/2752 3003/3504/2763
f 2996/3489/2756 3027/3321/2787 3026/3502/2786
f 3004/3500/2764 3003/3505/2763 2992/3496/2752 2993/3495/2753
f 3010/3506/2770 3001/3337/2761 3002/3503/2762 3011/3507/2771
f 3011/3507/2771 3002/3503/2762 3003/3504/2763 3012/3508/2772
f 3013/3509/2773 3012/3510/2772 3003/3505/2763 3004/3500/2764
f 3014/3511/2774 3013/3509/2773 3004/3500/2764 3005/3499/2765
f 3017/3346/2777 3008/3338/2768 2989/3322/2749 2998/3331/2758
f 3014/3511/2774 3005/3499/2765 3006/3332/2766 3024/3339/2784
f 3018/3343/2778 3017/3346/2777 2998/3331/2758 2999/3498/2759
f 3009/3341/2769 3018/3343/2778 2999/3498/2759 3000/3335/2760
f 3006/3332/2766 3015/3334/2775 3024/3339/2784
f 3010/3506/2770 3009/3341/2769 3000/3335/2760 3001/3337/2761
f 3019/3348/2779 3029/3342/2789 3009/3341/2769 3010/3506/2770
f 3024/3339/2784 3023/3512/2783 3014/3511/2774
f 3007/3501/2767 3025/3340/2785 3015/3334/2775
f 3019/3348/2779 3010/3506/2770 3011/3507/2771 3020/3513/2780
f 3020/3513/2780 3011/3507/2771 3012/3508/2772 3021/3514/2781
f 3022/3515/2782 3021/3516/2781 3012/3510/2772 3013/3509/2773
f 3023/3512/2783 3022/3515/2782 3013/3509/2773 3014/3511/2774
f 3030/3349/2790 3019/3348/2779 3020/3513/2780 3031/3517/2791
f 3061/3345/2821 3043/3360/2803 3026/3502/2786 3027/3321/2787
f 3031/3517/2791 3020/3513/2780 3021/3514/2781 3032/3518/2792
f 3033/3519/2793 3032/3520/2792 3021/3516/2781 3022/3515/2782
f 3034/3521/2794 3033/3519/2793 3022/3515/2782 3023/3512/2783
f 3016/3329/2776 3008/3338/2768 3071/3344/2831
f 3034/3521/2794 3023/3512/2783 3024/3339/2784 3035/3522/2795
f 3036/3351/2796 3028/3347/2788 3017/3346/2777 3018/3343/2778
f 3042/3355/2802 3035/3522/2795 3024/3339/2784 3025/3340/2785
f 3042/3355/2802 3025/3340/2785 3007/3501/2767 3053/3359/2813
f 3029/3342/2789 3036/3351/2796 3018/3343/2778
f 3043/3360/2803 3053/3359/2813 3007/3501/2767 3026/3502/2786
f 3041/3523/2801 3034/3521/2794 3035/3522/2795 3052/3354/2812
f 3037/3357/2797 3046/3350/2806 3029/3342/2789 3030/3349/2790
f 3035/3522/2795 3042/3355/2802 3052/3354/2812
f 3037/3357/2797 3030/3349/2790 3031/3517/2791 3038/3524/2798
f 3038/3524/2798 3031/3517/2791 3032/3518/2792 3039/3525/2799
f 3040/3526/2800 3039/3527/2799 3032/3520/2792 3033/3519/2793
f 3041/3523/2801 3040/3526/2800 3033/3519/2793 3034/3521/2794
f 3048/3528/2808 3038/3524/2798 3039/3525/2799 3049/3529/2809
f 3028/3347/2788 3044/3352/2804 3008/3338/2768
f 3043/3360/2803 3061/3345/2821 3070/3361/2830
f 3050/3530/2810 3049/3531/2809 3039/3527/2799 3040/3526/2800
f 3051/3532/2811 3050/3530/2810 3040/3526/2800 3041/3523/2801
f 3047/3358/2807 3037/3357/2797 3038/3524/2798 3048/3528/2808
f 3052/3354/2812 3051/3532/2811 3041/3523/2801
f 3046/3350/2806 3045/3353/2805 3036/3351/2796
f 3053/3359/2813 3060/3356/2820 3042/3355/2802
f 3055/3533/2815 3054/3362/2814 3046/3350/2806 3047/3358/2807
f 3052/3354/2812 3060/3356/2820 3068/3367/2828
f 3055/3533/2815 3047/3358/2807 3048/3528/2808 3056/3534/2816
f 3070/3361/2830 3080/3363/2840 3053/3359/2813
f 3056/3534/2816 3048/3528/2808 3049/3529/2809 3057/3535/2817
f 3058/3536/2818 3057/3537/2817 3049/3531/2809 3050/3530/2810
f 3059/3538/2819 3058/3536/2818 3050/3530/2810 3051/3532/2811
f 3073/3365/2833 3072/3364/2832 3044/3352/2804 3028/3347/2788
f 3059/3538/2819 3051/3532/2811 3052/3354/2812 3068/3367/2828
f 3066/3539/2826 3065/3540/2825 3057/3537/2817 3058/3536/2818
f 3028/3347/2788 3045/3353/2805 3073/3365/2833
f 3067/3541/2827 3066/3539/2826 3058/3536/2818 3059/3538/2819
f 3062/3366/2822 3045/3353/2805 3054/3362/2814 3074/3369/2834
f 3068/3367/2828 3067/3541/2827 3059/3538/2819
f 3063/3370/2823 3074/3369/2834 3054/3362/2814 3055/3533/2815
f 3080/3363/2840 3069/3368/2829 3060/3356/2820
f 3063/3370/2823 3055/3533/2815 3056/3534/2816 3064/3542/2824
f 3064/3542/2824 3056/3534/2816 3057/3535/2817 3065/3543/2825
f 3075/3371/2835 3063/3370/2823 3064/3542/2824 3076/3544/2836
f 3074/3369/2834 3081/3373/2841 3062/3366/2822
f 3076/3544/2836 3064/3542/2824 3065/3543/2825 3077/3545/2837
f 3070/3361/2830 3100/3252/2860 3099/3372/2859
f 3078/3546/2838 3077/3547/2837 3065/3540/2825 3066/3539/2826
f 3079/3548/2839 3078/3546/2838 3066/3539/2826 3067/3541/2827
f 3079/3548/2839 3067/3541/2827 3068/3367/2828 3088/3374/2848
f 3086/3549/2846 3085/3550/2845 3077/3547/2837 3078/3546/2838
f 3068/3367/2828 3069/3368/2829 3088/3374/2848
f 3090/3253/2850 3071/3344/2831 3072/3364/2832 2816/3239/2576
f 3087/3551/2847 3086/3549/2846 3078/3546/2838 3079/3548/2839
f 2811/3237/2571 2816/3239/2576 3072/3364/2832 3073/3365/2833
f 3089/3375/2849 3069/3368/2829 3080/3363/2840 3098/3241/2858
f 3088/3374/2848 3087/3551/2847 3079/3548/2839
f 3073/3365/2833 3081/3373/2841 2811/3237/2571
f 3083/3377/2843 3082/3376/2842 3074/3369/2834 3075/3371/2835
f 3083/3377/2843 3075/3371/2835 3076/3544/2836 3084/3552/2844
f 3080/3363/2840 3099/3372/2859 3098/3241/2858
f 3084/3552/2844 3076/3544/2836 3077/3545/2837 3085/3553/2845
f 3092/3378/2852 3083/3377/2843 3084/3552/2844 3093/3554/2853
f 3093/3554/2853 3084/3552/2844 3085/3553/2845 3094/3555/2854
f 3095/3556/2855 3094/3557/2854 3085/3550/2845 3086/3549/2846
f 3096/3558/2856 3095/3556/2855 3086/3549/2846 3087/3551/2847
f 3096/3558/2856 3087/3551/2847 3088/3374/2848 2815/3380/2575
f 3097/3382/2857 2814/3246/2574 3095/3556/2855 3096/3558/2856
f 3088/3374/2848 3089/3375/2849 2815/3380/2575
f 3082/3376/2842 3091/3379/2851 3081/3373/2841
f 2817/3255/2577 3091/3379/2851 3082/3376/2842 2818/3389/2578
f 3096/3558/2856 2815/3380/2575 3097/3382/2857
f 2818/3389/2578 3082/3376/2842 3092/3378/2852 2819/3249/2579
f 3098/3241/2858 2824/3240/2584 3089/3375/2849
f 2819/3249/2579 3092/3378/2852 3093/3554/2853 2812/3247/2572
f 2812/3247/2572 3093/3554/2853 3094/3555/2854 2813/3384/2573
f 2814/3246/2574 2813/3245/2573 3094/3557/2854 3095/3556/2855
f 3101/3559/2861 3115/3560/2874 3106/3561/2866
f 3114/3562/2873 3388/3563/3106 3123/3564/2882
f 3112/3565/2871 3111/3566/2870 3103/3567/2863 3104/3568/2864
f 3102/3569/2862 3110/3570/2869 3109/3571/2868
f 3287/3572/3021 3130/3573/2888 3390/3574/3107
f 3380/3575/2560 3106/3561/2866 3131/3576/2889
f 3115/3560/2874 3107/3577/2867 3116/3578/2875
f 3121/3579/2880 3114/3562/2873 3122/3580/2881
f 3124/3581/2883 3117/3582/2876 3133/3583/2891
f 3131/3576/2889 3115/3560/2874 3142/3584/2322
f 3121/3579/2880 3138/3585/2895 3128/3586/2886
f 3380/3575/2560 3141/3587/2898 3150/3588/2904
f 3142/3584/2322 3116/3578/2875 3132/3589/2890
f 3140/3590/2897 3129/3591/2887 3149/3592/2329
f 3125/3593/2305 3134/3594/2892 3133/3583/2891
f 3143/3595/2899 3133/3583/2891 3144/3596/2324
f 3149/3592/2329 3130/3573/2888 3186/3597/2932
f 3287/3572/3021 3186/3597/2932 3130/3573/2888
f 3141/3587/2898 3131/3576/2889 3161/3598/2341
f 3161/3598/2341 3142/3584/2322 3162/3599/2914
f 3160/3600/2913 3149/3592/2329 3178/3601/2925
f 3152/3602/2906 3153/3603/2907 3163/3604/2343
f 3162/3599/2914 3151/3605/2905 3168/3606/2918
f 3152/3602/2906 3169/3607/2349 3168/3606/2918
f 3161/3598/2341 3179/3608/2926 3141/3587/2898
f 3177/3609/2924 3178/3601/2925 3196/3610/2376
f 3141/3587/2898 3214/3611/2954 3150/3588/2904
f 3180/3612/2927 3168/3606/2918 3187/3613/2933
f 3180/3612/2927 3197/3614/2939 3179/3608/2926
f 3177/3609/2924 3204/3615/2944 3195/3616/2375
f 3188/3617/2934 3181/3618/2928 3189/3619/2935
f 3186/3597/2932 3248/3620/2986 3196/3610/2376
f 3287/3572/3021 3248/3620/2986 3186/3597/2932
f 3197/3614/2939 3187/3613/2933 3205/3621/2945
f 3204/3615/2944 3196/3610/2376 3213/3622/2953
f 3212/3623/2952 3203/3624/2383 3222/3625/2402
f 3206/3626/2946 3198/3627/2940 3207/3628/2947
f 3214/3611/2954 3179/3608/2926 3230/3629/2969
f 3197/3614/2939 3231/3630/2970 3230/3629/2969
f 3215/3631/2955 3233/3632/2972 3224/3633/2963
f 3214/3611/2954 3260/3634/2997 3150/3588/2904
f 3231/3630/2970 3224/3633/2963 3232/3635/2971
f 3233/3632/2972 3225/3636/2964 3234/3637/2973
f 3260/3634/2997 3230/3629/2969 3249/3638/2987
f 3252/3639/2990 3243/3640/2981 3253/3641/2991
f 3267/3642/3004 3248/3620/2986 3317/3643/2497
f 3287/3572/3021 3317/3643/2497 3248/3620/2986
f 3249/3638/2987 3279/3644/3013 3260/3634/2997
f 3266/3645/3003 3278/3646/2458 3277/3647/3012
f 3270/3648/3006 3261/3649/2998 3271/3650/3007
f 3260/3634/2997 3306/3651/2486 3150/3588/2904
f 3279/3644/3013 3268/3652/3005 3288/3653/3022
f 3296/3654/3029 3285/3655/3019 3305/3656/2485
f 3290/3657/2470 3280/3658/3014 3291/3659/3024
f 3306/3651/2486 3279/3644/3013 3298/3660/3030
f 3314/3661/3043 3305/3656/2485 3315/3662/3044
f 3299/3663/3031 3319/3664/3047 3308/3665/3038
f 3306/3651/2486 3361/3666/3083 3150/3588/2904
f 3287/3572/3021 3351/3667/3073 3317/3643/2497
f 3307/3668/3037 3318/3669/3046 3298/3660/3030
f 3319/3664/3047 3309/3670/3039 3320/3671/3048
f 3319/3664/3047 3336/3672/3060 3326/3673/2506
f 3361/3666/3083 3298/3660/3030 3334/3674/3058
f 3318/3669/3046 3326/3673/2506 3335/3675/3059
f 3342/3676/3066 3332/3677/3056 3350/3678/3072
f 3336/3672/3060 3327/3679/3053 3337/3680/3061
f 3343/3681/3067 3333/3682/3057 3360/3683/3082
f 3336/3672/3060 3344/3684/3068 3335/3675/3059
f 3343/3681/3067 3370/3685/3090 3350/3678/3072
f 3334/3674/3058 3362/3686/3084 3361/3666/3083
f 3287/3572/3021 3390/3574/3107 3351/3667/3073
f 3363/3687/3085 3335/3675/3059 3352/3688/3074
f 3358/3689/3080 3350/3678/3072 3359/3690/3081
f 3360/3683/3082 3351/3667/3073 3390/3574/3107
f 3364/3691/2544 3353/3692/3075 3365/3693/3086
f 3370/3685/3090 3360/3683/3082 3389/3694/2569
f 3363/3687/3085 3352/3688/3074 3371/3695/3091
f 3378/3696/3097 3359/3690/3081 3379/3697/3098
f 3364/3691/2544 3372/3698/3092 3371/3695/3091
f 3361/3666/3083 3380/3575/2560 3150/3588/2904
f 3372/3698/3092 3373/3699/3093 3382/3700/3100
f 3101/3559/2861 3371/3695/3091 3381/3701/3099
f 3381/3701/3099 3107/3577/2867 3101/3559/2861
f 3105/3702/2865 3379/3697/3098 3114/3562/2873
f 3113/3703/2872 3112/3565/2871 3104/3568/2864 3387/3704/3105
f 3121/3579/2880 3113/3703/2872 3387/3704/3105 3105/3702/2865
f 3129/3591/2887 3123/3564/2882 3388/3563/3106 3389/3694/2569
f 3107/3577/2867 3115/3560/2874 3101/3559/2861
f 3105/3702/2865 3114/3562/2873 3121/3579/2880
f 3130/3573/2888 3129/3591/2887 3389/3694/2569 3390/3574/3107
f 3111/3705/2870 3110/3570/2869 3102/3569/2862 3103/3706/2863
f 3119/3707/2878 3118/3708/2877 3110/3570/2869 3111/3705/2870
f 3120/3709/2879 3119/3710/2878 3111/3566/2870 3112/3565/2871
f 3128/3586/2886 3120/3709/2879 3112/3565/2871 3113/3703/2872
f 3124/3581/2883 3116/3578/2875 3107/3577/2867 3108/3711/2288
f 3106/3561/2866 3115/3560/2874 3131/3576/2889
f 3113/3703/2872 3121/3579/2880 3128/3586/2886
f 3117/3582/2876 3124/3581/2883 3108/3711/2288 3109/3571/2868
f 3123/3564/2882 3122/3580/2881 3114/3562/2873
f 3117/3582/2876 3109/3571/2868 3110/3570/2869 3118/3708/2877
f 3138/3585/2895 3121/3579/2880 3122/3580/2881 3139/3712/2896
f 3139/3712/2896 3122/3580/2881 3123/3564/2882 3140/3590/2897
f 3125/3593/2305 3133/3583/2891 3117/3582/2876 3118/3708/2877
f 3123/3564/2882 3129/3591/2887 3140/3590/2897
f 3126/3713/2884 3125/3593/2305 3118/3708/2877 3119/3707/2878
f 3126/3714/2884 3119/3710/2878 3120/3709/2879 3127/3715/2885
f 3136/3716/2894 3135/3717/2893 3126/3714/2884 3127/3715/2885
f 3120/3709/2879 3128/3586/2886 3127/3715/2885
f 3115/3560/2874 3116/3578/2875 3142/3584/2322
f 3137/3718/2317 3136/3716/2894 3127/3715/2885 3128/3586/2886
f 3380/3575/2560 3131/3576/2889 3141/3587/2898
f 3143/3595/2899 3132/3589/2890 3116/3578/2875 3124/3581/2883
f 3138/3585/2895 3137/3718/2317 3128/3586/2886
f 3134/3594/2892 3125/3593/2305 3126/3713/2884 3135/3719/2893
f 3124/3581/2883 3133/3583/2891 3143/3595/2899
f 3129/3591/2887 3130/3573/2888 3149/3592/2329
f 3160/3600/2913 3159/3720/2912 3139/3712/2896 3140/3590/2897
f 3144/3596/2324 3133/3583/2891 3134/3594/2892 3145/3721/2900
f 3149/3592/2329 3160/3600/2913 3140/3590/2897
f 3145/3721/2900 3134/3594/2892 3135/3719/2893 3146/3722/2901
f 3147/3723/2902 3146/3724/2901 3135/3717/2893 3136/3716/2894
f 3148/3725/2903 3147/3723/2902 3136/3716/2894 3137/3718/2317
f 3148/3725/2903 3137/3718/2317 3138/3585/2895 3158/3726/2338
f 3131/3576/2889 3142/3584/2322 3161/3598/2341
f 3159/3720/2912 3158/3726/2338 3138/3585/2895 3139/3712/2896
f 3156/3727/2910 3155/3728/2909 3146/3724/2901 3147/3723/2902
f 3157/3729/2911 3156/3727/2910 3147/3723/2902 3148/3725/2903
f 3151/3605/2905 3162/3599/2914 3142/3584/2322 3132/3589/2890
f 3158/3726/2338 3157/3729/2911 3148/3725/2903
f 3151/3605/2905 3132/3589/2890 3143/3595/2899 3152/3602/2906
f 3153/3603/2907 3152/3602/2906 3143/3595/2899 3144/3596/2324
f 3153/3603/2907 3144/3596/2324 3145/3721/2900 3154/3730/2908
f 3154/3730/2908 3145/3721/2900 3146/3722/2901 3155/3731/2909
f 3186/3597/2932 3178/3601/2925 3149/3592/2329
f 3176/3732/2923 3159/3720/2912 3160/3600/2913 3177/3609/2924
f 3163/3604/2343 3153/3603/2907 3154/3730/2908 3164/3733/2915
f 3178/3601/2925 3177/3609/2924 3160/3600/2913
f 3164/3733/2915 3154/3730/2908 3155/3731/2909 3165/3734/2345
f 3166/3735/2916 3165/3736/2345 3155/3728/2909 3156/3727/2910
f 3167/3737/2917 3166/3735/2916 3156/3727/2910 3157/3729/2911
f 3167/3737/2917 3157/3729/2911 3158/3726/2338 3175/3738/2922
f 3176/3732/2923 3175/3738/2922 3158/3726/2338 3159/3720/2912
f 3174/3739/2921 3173/3740/2920 3166/3735/2916 3167/3737/2917
f 3152/3602/2906 3168/3606/2918 3151/3605/2905
f 3180/3612/2927 3179/3608/2926 3161/3598/2341 3162/3599/2914
f 3170/3741/2919 3169/3607/2349 3152/3602/2906 3163/3604/2343
f 3175/3738/2922 3174/3739/2921 3167/3737/2917
f 3162/3599/2914 3168/3606/2918 3180/3612/2927
f 3170/3741/2919 3163/3604/2343 3164/3733/2915 3171/3742/2351
f 3171/3742/2351 3164/3733/2915 3165/3734/2345 3172/3743/2352
f 3173/3740/2920 3172/3744/2352 3165/3736/2345 3166/3735/2916
f 3181/3618/2928 3170/3741/2919 3171/3742/2351 3182/3745/2929
f 3182/3745/2929 3171/3742/2351 3172/3743/2352 3183/3746/2363
f 3178/3601/2925 3186/3597/2932 3196/3610/2376
f 3184/3747/2930 3183/3748/2363 3172/3744/2352 3173/3740/2920
f 3185/3749/2931 3184/3747/2930 3173/3740/2920 3174/3739/2921
f 3141/3587/2898 3179/3608/2926 3214/3611/2954
f 3185/3749/2931 3174/3739/2921 3175/3738/2922 3194/3750/2374
f 3195/3616/2375 3194/3750/2374 3175/3738/2922 3176/3732/2923
f 3187/3613/2933 3168/3606/2918 3169/3607/2349 3188/3617/2934
f 3181/3618/2928 3188/3617/2934 3169/3607/2349 3170/3741/2919
f 3177/3609/2924 3195/3616/2375 3176/3732/2923
f 3189/3619/2935 3181/3618/2928 3182/3745/2929 3190/3751/2936
f 3194/3750/2374 3193/3752/2938 3185/3749/2931
f 3180/3612/2927 3187/3613/2933 3197/3614/2939
f 3177/3609/2924 3196/3610/2376 3204/3615/2944
f 3190/3751/2936 3182/3745/2929 3183/3746/2363 3191/3753/2371
f 3192/3754/2937 3191/3755/2371 3183/3748/2363 3184/3747/2930
f 3193/3752/2938 3192/3754/2937 3184/3747/2930 3185/3749/2931
f 3198/3627/2940 3189/3619/2935 3190/3751/2936 3199/3756/2941
f 3199/3756/2941 3190/3751/2936 3191/3753/2371 3200/3757/2942
f 3196/3610/2376 3248/3620/2986 3213/3622/2953
f 3201/3758/2381 3200/3759/2942 3191/3755/2371 3192/3754/2937
f 3202/3760/2943 3201/3758/2381 3192/3754/2937 3193/3752/2938
f 3202/3760/2943 3193/3752/2938 3194/3750/2374 3212/3623/2952
f 3203/3624/2383 3212/3623/2952 3194/3750/2374 3195/3616/2375
f 3205/3621/2945 3187/3613/2933 3188/3617/2934 3206/3626/2946
f 3198/3627/2940 3206/3626/2946 3188/3617/2934 3189/3619/2935
f 3204/3615/2944 3203/3624/2383 3195/3616/2375
f 3223/3761/2962 3222/3625/2402 3203/3624/2383 3204/3615/2944
f 3212/3623/2952 3211/3762/2951 3202/3760/2943
f 3207/3628/2947 3198/3627/2940 3199/3756/2941 3208/3763/2948
f 3213/3622/2953 3223/3761/2962 3204/3615/2944
f 3208/3763/2948 3199/3756/2941 3200/3757/2942 3209/3764/2949
f 3210/3765/2950 3209/3766/2949 3200/3759/2942 3201/3758/2381
f 3211/3762/2951 3210/3765/2950 3201/3758/2381 3202/3760/2943
f 3217/3767/2957 3208/3763/2948 3209/3764/2949 3218/3768/2958
f 3179/3608/2926 3197/3614/2939 3230/3629/2969
f 3219/3769/2959 3218/3770/2958 3209/3766/2949 3210/3765/2950
f 3220/3771/2960 3219/3769/2959 3210/3765/2950 3211/3762/2951
f 3220/3771/2960 3211/3762/2951 3212/3623/2952 3221/3772/2961
f 3224/3633/2963 3231/3630/2970 3197/3614/2939 3205/3621/2945
f 3224/3633/2963 3205/3621/2945 3206/3626/2946 3215/3631/2955
f 3212/3623/2952 3222/3625/2402 3221/3772/2961
f 3216/3773/2956 3215/3631/2955 3206/3626/2946 3207/3628/2947
f 3216/3773/2956 3207/3628/2947 3208/3763/2948 3217/3767/2957
f 3240/3774/2978 3239/3775/2419 3221/3772/2961 3222/3625/2402
f 3240/3774/2978 3222/3625/2402 3223/3761/2962 3241/3776/2979
f 3225/3636/2964 3233/3632/2972 3215/3631/2955 3216/3773/2956
f 3242/3777/2980 3241/3776/2979 3223/3761/2962 3213/3622/2953
f 3225/3636/2964 3216/3773/2956 3217/3767/2957 3226/3778/2965
f 3226/3778/2965 3217/3767/2957 3218/3768/2958 3227/3779/2966
f 3213/3622/2953 3248/3620/2986 3242/3777/2980
f 3228/3780/2967 3227/3781/2966 3218/3770/2958 3219/3769/2959
f 3229/3782/2968 3228/3780/2967 3219/3769/2959 3220/3771/2960
f 3214/3611/2954 3230/3629/2969 3260/3634/2997
f 3229/3782/2968 3220/3771/2960 3221/3772/2961 3239/3775/2419
f 3235/3783/2974 3226/3778/2965 3227/3779/2966 3236/3784/2975
f 3237/3785/2976 3236/3786/2975 3227/3781/2966 3228/3780/2967
f 3238/3787/2977 3237/3785/2976 3228/3780/2967 3229/3782/2968
f 3234/3637/2973 3225/3636/2964 3226/3778/2965 3235/3783/2974
f 3239/3775/2419 3238/3787/2977 3229/3782/2968
f 3233/3632/2972 3232/3635/2971 3224/3633/2963
f 3259/3788/2996 3258/3789/2995 3239/3775/2419 3240/3774/2978
f 3251/3790/2989 3232/3635/2971 3233/3632/2972 3252/3639/2990
f 3259/3788/2996 3240/3774/2978 3241/3776/2979 3266/3645/3003
f 3243/3640/2981 3252/3639/2990 3233/3632/2972 3234/3637/2973
f 3267/3642/3004 3266/3645/3003 3241/3776/2979 3242/3777/2980
f 3243/3640/2981 3234/3637/2973 3235/3783/2974 3244/3791/2982
f 3244/3791/2982 3235/3783/2974 3236/3784/2975 3245/3792/2983
f 3248/3620/2986 3267/3642/3004 3242/3777/2980
f 3246/3793/2984 3245/3794/2983 3236/3786/2975 3237/3785/2976
f 3247/3795/2985 3246/3793/2984 3237/3785/2976 3238/3787/2977
f 3249/3638/2987 3230/3629/2969 3231/3630/2970 3250/3796/2988
f 3247/3795/2985 3238/3787/2977 3239/3775/2419 3258/3789/2995
f 3251/3790/2989 3250/3796/2988 3231/3630/2970 3232/3635/2971
f 3256/3797/2436 3255/3798/2993 3245/3794/2983 3246/3793/2984
f 3257/3799/2994 3256/3797/2436 3246/3793/2984 3247/3795/2985
f 3253/3641/2991 3243/3640/2981 3244/3791/2982 3254/3800/2992
f 3258/3789/2995 3257/3799/2994 3247/3795/2985
f 3254/3800/2992 3244/3791/2982 3245/3792/2983 3255/3801/2993
f 3261/3649/2998 3270/3648/3006 3252/3639/2990 3253/3641/2991
f 3266/3645/3003 3277/3647/3012 3259/3788/2996
f 3261/3649/2998 3253/3641/2991 3254/3800/2992 3262/3802/2999
f 3262/3802/2999 3254/3800/2992 3255/3801/2993 3263/3803/3000
f 3264/3804/3001 3263/3805/3000 3255/3798/2993 3256/3797/2436
f 3265/3806/3002 3264/3804/3001 3256/3797/2436 3257/3799/2994
f 3268/3652/3005 3279/3644/3013 3249/3638/2987 3250/3796/2988
f 3265/3806/3002 3257/3799/2994 3258/3789/2995 3276/3807/3011
f 3269/3808/2449 3268/3652/3005 3250/3796/2988 3251/3790/2989
f 3277/3647/3012 3276/3807/3011 3258/3789/2995 3259/3788/2996
f 3269/3808/2449 3251/3790/2989 3252/3639/2990 3270/3648/3006
f 3275/3809/2455 3274/3810/3010 3264/3804/3001 3265/3806/3002
f 3286/3811/3020 3278/3646/2458 3266/3645/3003 3267/3642/3004
f 3276/3807/3011 3275/3809/2455 3265/3806/3002
f 3271/3650/3007 3261/3649/2998 3262/3802/2999 3272/3812/3008
f 3272/3812/3008 3262/3802/2999 3263/3803/3000 3273/3813/3009
f 3317/3643/2497 3286/3811/3020 3267/3642/3004
f 3274/3810/3010 3273/3814/3009 3263/3805/3000 3264/3804/3001
f 3280/3658/3014 3290/3657/2470 3270/3648/3006 3271/3650/3007
f 3280/3658/3014 3271/3650/3007 3272/3812/3008 3281/3815/3015
f 3281/3815/3015 3272/3812/3008 3273/3813/3009 3282/3816/3016
f 3283/3817/3017 3282/3818/3016 3273/3814/3009 3274/3810/3010
f 3284/3819/3018 3283/3817/3017 3274/3810/3010 3275/3809/2455
f 3260/3634/2997 3279/3644/3013 3306/3651/2486
f 3284/3819/3018 3275/3809/2455 3276/3807/3011 3296/3654/3029
f 3289/3820/3023 3288/3653/3022 3268/3652/3005 3269/3808/2449
f 3285/3655/3019 3296/3654/3029 3276/3807/3011 3277/3647/3012
f 3289/3820/3023 3269/3808/2449 3270/3648/3006 3290/3657/2470
f 3295/3821/3028 3294/3822/3027 3283/3817/3017 3284/3819/3018
f 3278/3646/2458 3285/3655/3019 3277/3647/3012
f 3305/3656/2485 3285/3655/3019 3278/3646/2458 3297/3823/2477
f 3296/3654/3029 3295/3821/3028 3284/3819/3018
f 3316/3824/3045 3297/3823/2477 3278/3646/2458 3286/3811/3020
f 3291/3659/3024 3280/3658/3014 3281/3815/3015 3292/3825/3025
f 3292/3825/3025 3281/3815/3015 3282/3816/3016 3293/3826/3026
f 3286/3811/3020 3317/3643/2497 3316/3824/3045
f 3294/3822/3027 3293/3827/3026 3282/3818/3016 3283/3817/3017
f 3300/3828/3032 3291/3659/3024 3292/3825/3025 3301/3829/3033
f 3301/3829/3033 3292/3825/3025 3293/3826/3026 3302/3830/3034
f 3303/3831/3035 3302/3832/3034 3293/3827/3026 3294/3822/3027
f 3304/3833/3036 3303/3831/3035 3294/3822/3027 3295/3821/3028
f 3307/3668/3037 3298/3660/3030 3279/3644/3013 3288/3653/3022
f 3304/3833/3036 3295/3821/3028 3296/3654/3029 3314/3661/3043
f 3308/3665/3038 3307/3668/3037 3288/3653/3022 3289/3820/3023
f 3299/3663/3031 3308/3665/3038 3289/3820/3023 3290/3657/2470
f 3296/3654/3029 3305/3656/2485 3314/3661/3043
f 3300/3828/3032 3299/3663/3031 3290/3657/2470 3291/3659/3024
f 3309/3670/3039 3319/3664/3047 3299/3663/3031 3300/3828/3032
f 3314/3661/3043 3313/3834/2493 3304/3833/3036
f 3297/3823/2477 3315/3662/3044 3305/3656/2485
f 3309/3670/3039 3300/3828/3032 3301/3829/3033 3310/3835/3040
f 3310/3835/3040 3301/3829/3033 3302/3830/3034 3311/3836/3041
f 3312/3837/3042 3311/3838/3041 3302/3832/3034 3303/3831/3035
f 3313/3834/2493 3312/3837/3042 3303/3831/3035 3304/3833/3036
f 3320/3671/3048 3309/3670/3039 3310/3835/3040 3321/3839/3049
f 3351/3667/3073 3333/3682/3057 3316/3824/3045 3317/3643/2497
f 3321/3839/3049 3310/3835/3040 3311/3836/3041 3322/3840/3050
f 3323/3841/3051 3322/3842/3050 3311/3838/3041 3312/3837/3042
f 3324/3843/3052 3323/3841/3051 3312/3837/3042 3313/3834/2493
f 3306/3651/2486 3298/3660/3030 3361/3666/3083
f 3324/3843/3052 3313/3834/2493 3314/3661/3043 3325/3844/2505
f 3326/3673/2506 3318/3669/3046 3307/3668/3037 3308/3665/3038
f 3332/3677/3056 3325/3844/2505 3314/3661/3043 3315/3662/3044
f 3332/3677/3056 3315/3662/3044 3297/3823/2477 3343/3681/3067
f 3319/3664/3047 3326/3673/2506 3308/3665/3038
f 3333/3682/3057 3343/3681/3067 3297/3823/2477 3316/3824/3045
f 3331/3845/3055 3324/3843/3052 3325/3844/2505 3342/3676/3066
f 3327/3679/3053 3336/3672/3060 3319/3664/3047 3320/3671/3048
f 3325/3844/2505 3332/3677/3056 3342/3676/3066
f 3327/3679/3053 3320/3671/3048 3321/3839/3049 3328/3846/2508
f 3328/3846/2508 3321/3839/3049 3322/3840/3050 3329/3847/2509
f 3330/3848/3054 3329/3849/2509 3322/3842/3050 3323/3841/3051
f 3331/3845/3055 3330/3848/3054 3323/3841/3051 3324/3843/3052
f 3338/3850/3062 3328/3846/2508 3329/3847/2509 3339/3851/3063
f 3318/3669/3046 3334/3674/3058 3298/3660/3030
f 3333/3682/3057 3351/3667/3073 3360/3683/3082
f 3340/3852/3064 3339/3853/3063 3329/3849/2509 3330/3848/3054
f 3341/3854/3065 3340/3852/3064 3330/3848/3054 3331/3845/3055
f 3337/3680/3061 3327/3679/3053 3328/3846/2508 3338/3850/3062
f 3342/3676/3066 3341/3854/3065 3331/3845/3055
f 3336/3672/3060 3335/3675/3059 3326/3673/2506
f 3343/3681/3067 3350/3678/3072 3332/3677/3056
f 3345/3855/3069 3344/3684/3068 3336/3672/3060 3337/3680/3061
f 3342/3676/3066 3350/3678/3072 3358/3689/3080
f 3345/3855/3069 3337/3680/3061 3338/3850/3062 3346/3856/3070
f 3360/3683/3082 3370/3685/3090 3343/3681/3067
f 3346/3856/3070 3338/3850/3062 3339/3851/3063 3347/3857/2527
f 3348/3858/2528 3347/3859/2527 3339/3853/3063 3340/3852/3064
f 3349/3860/3071 3348/3858/2528 3340/3852/3064 3341/3854/3065
f 3363/3687/3085 3362/3686/3084 3334/3674/3058 3318/3669/3046
f 3349/3860/3071 3341/3854/3065 3342/3676/3066 3358/3689/3080
f 3356/3861/3078 3355/3862/3077 3347/3859/2527 3348/3858/2528
f 3318/3669/3046 3335/3675/3059 3363/3687/3085
f 3357/3863/3079 3356/3861/3078 3348/3858/2528 3349/3860/3071
f 3352/3688/3074 3335/3675/3059 3344/3684/3068 3364/3691/2544
f 3358/3689/3080 3357/3863/3079 3349/3860/3071
f 3353/3692/3075 3364/3691/2544 3344/3684/3068 3345/3855/3069
f 3370/3685/3090 3359/3690/3081 3350/3678/3072
f 3353/3692/3075 3345/3855/3069 3346/3856/3070 3354/3864/3076
f 3354/3864/3076 3346/3856/3070 3347/3857/2527 3355/3865/3077
f 3365/3693/3086 3353/3692/3075 3354/3864/3076 3366/3866/3087
f 3364/3691/2544 3371/3695/3091 3352/3688/3074
f 3366/3866/3087 3354/3864/3076 3355/3865/3077 3367/3867/3088
f 3360/3683/3082 3390/3574/3107 3389/3694/2569
f 3368/3868/2548 3367/3869/3088 3355/3862/3077 3356/3861/3078
f 3369/3870/3089 3368/3868/2548 3356/3861/3078 3357/3863/3079
f 3369/3870/3089 3357/3863/3079 3358/3689/3080 3378/3696/3097
f 3376/3871/3095 3375/3872/3094 3367/3869/3088 3368/3868/2548
f 3358/3689/3080 3359/3690/3081 3378/3696/3097
f 3380/3575/2560 3361/3666/3083 3362/3686/3084 3106/3561/2866
f 3377/3873/3096 3376/3871/3095 3368/3868/2548 3369/3870/3089
f 3101/3559/2861 3106/3561/2866 3362/3686/3084 3363/3687/3085
f 3379/3697/3098 3359/3690/3081 3370/3685/3090 3388/3563/3106
f 3378/3696/3097 3377/3873/3096 3369/3870/3089
f 3363/3687/3085 3371/3695/3091 3101/3559/2861
f 3373/3699/3093 3372/3698/3092 3364/3691/2544 3365/3693/3086
f 3373/3699/3093 3365/3693/3086 3366/3866/3087 3374/3874/2554
f 3370/3685/3090 3389/3694/2569 3388/3563/3106
f 3374/3874/2554 3366/3866/3087 3367/3867/3088 3375/3875/3094
f 3382/3700/3100 3373/3699/3093 3374/3874/2554 3383/3876/3101
f 3383/3876/3101 3374/3874/2554 3375/3875/3094 3384/3877/3102
f 3385/3878/3103 3384/3879/3102 3375/3872/3094 3376/3871/3095
f 3386/3880/3104 3385/3878/3103 3376/3871/3095 3377/3873/3096
f 3386/3880/3104 3377/3873/3096 3378/3696/3097 3105/3702/2865
f 3387/3704/3105 3104/3568/2864 3385/3878/3103 3386/3880/3104
f 3378/3696/3097 3379/3697/3098 3105/3702/2865
f 3372/3698/3092 3381/3701/3099 3371/3695/3091
f 3107/3577/2867 3381/3701/3099 3372/3698/3092 3108/3711/2288
f 3386/3880/3104 3105/3702/2865 3387/3704/3105
f 3108/3711/2288 3372/3698/3092 3382/3700/3100 3109/3571/2868
f 3388/3563/3106 3114/3562/2873 3379/3697/3098
f 3109/3571/2868 3382/3700/3100 3383/3876/3101 3102/3569/2862
f 3102/3569/2862 3383/3876/3101 3384/3877/3102 3103/3706/2863
f 3104/3568/2864 3103/3567/2863 3384/3879/3102 3385/3878/3103
f 3391/3881/3108 3405/3882/3121 3396/3883/3113
f 3404/3884/3120 3678/3885/3345 3413/3886/3128
f 3402/3887/3118 3401/3888/2581 3393/3889/3110 3394/3890/3111
f 3392/3891/3109 3400/3892/3117 3399/3893/3116
f 3577/3894/2757 3420/3895/3135 3680/3896/3347
f 3670/3897/3337 3396/3883/3113 3421/3898/3136
f 3405/3882/3121 3397/3899/3114 3406/3900/3122
f 3411/3901/3126 3404/3884/3120 3412/3902/3127
f 3414/3903/3129 3407/3904/2587 3423/3905/3138
f 3421/3898/3136 3405/3882/3121 3432/3906/3146
f 3411/3901/3126 3428/3907/3143 3418/3908/3133
f 3670/3897/3337 3431/3909/3145 3440/3910/2620
f 3432/3906/3146 3406/3900/3122 3422/3911/3137
f 3430/3912/3144 3419/3913/3134 3439/3914/3152
f 3415/3915/3130 3424/3916/3139 3423/3905/3138
f 3433/3917/3147 3423/3905/3138 3434/3918/2614
f 3439/3914/3152 3420/3895/3135 3476/3919/3177
f 3577/3894/2757 3476/3919/3177 3420/3895/3135
f 3431/3909/3145 3421/3898/3136 3451/3920/3162
f 3451/3920/3162 3432/3906/3146 3452/3921/3163
f 3450/3922/3161 3439/3914/3152 3468/3923/2648
f 3442/3924/3154 3443/3925/3155 3453/3926/3164
f 3452/3921/3163 3441/3927/3153 3458/3928/2638
f 3442/3924/3154 3459/3929/3166 3458/3928/2638
f 3451/3920/3162 3469/3930/3170 3431/3909/3145
f 3467/3931/2647 3468/3923/2648 3486/3932/3185
f 3431/3909/3145 3504/3933/3202 3440/3910/2620
f 3470/3934/3171 3458/3928/2638 3477/3935/3178
f 3470/3934/3171 3487/3936/3186 3469/3930/3170
f 3467/3931/2647 3494/3937/3193 3485/3938/3184
f 3478/3939/2658 3471/3940/3172 3479/3941/3179
f 3476/3919/3177 3538/3942/2718 3486/3932/3185
f 3577/3894/2757 3538/3942/2718 3476/3919/3177
f 3487/3936/3186 3477/3935/3178 3495/3943/3194
f 3494/3937/3193 3486/3932/3185 3503/3944/3201
f 3502/3945/3200 3493/3946/3192 3512/3947/3208
f 3496/3948/3195 3488/3949/3187 3497/3950/3196
f 3504/3933/3202 3469/3930/3170 3520/3951/3216
f 3487/3936/3186 3521/3952/3217 3520/3951/3216
f 3505/3953/2685 3523/3954/3219 3514/3955/3210
f 3504/3933/3202 3550/3956/3241 3440/3910/2620
f 3521/3952/3217 3514/3955/3210 3522/3957/3218
f 3523/3954/3219 3515/3958/3211 3524/3959/3220
f 3550/3956/3241 3520/3951/3216 3539/3960/3232
f 3542/3961/3234 3533/3962/3228 3543/3963/3235
f 3557/3964/3248 3538/3942/2718 3607/3965/3281
f 3577/3894/2757 3607/3965/3281 3538/3942/2718
f 3539/3960/3232 3569/3966/3256 3550/3956/3241
f 3556/3967/3247 3568/3968/2748 3567/3969/3255
f 3560/3970/2740 3551/3971/3242 3561/3972/2741
f 3550/3956/3241 3596/3973/2776 3440/3910/2620
f 3569/3966/3256 3558/3974/3249 3578/3975/3262
f 3586/3976/3268 3575/3977/2755 3595/3978/3275
f 3580/3979/2760 3570/3980/3257 3581/3981/3264
f 3596/3973/2776 3569/3966/3256 3588/3982/3269
f 3604/3983/3280 3595/3978/3275 3605/3984/2785
f 3589/3985/2769 3609/3986/3282 3598/3987/2778
f 3596/3973/2776 3651/3988/2831 3440/3910/2620
f 3577/3894/2757 3641/3989/3310 3607/3965/3281
f 3597/3990/3276 3608/3991/2788 3588/3982/3269
f 3609/3986/3282 3599/3992/2779 3610/3993/3283
f 3609/3986/3282 3626/3994/3296 3616/3995/2796
f 3651/3988/2831 3588/3982/3269 3624/3996/3294
f 3608/3991/2788 3616/3995/2796 3625/3997/3295
f 3632/3998/3301 3622/3999/3292 3640/4000/3309
f 3626/3994/3296 3617/4001/3288 3627/4002/3297
f 3633/4003/3302 3623/4004/3293 3650/4005/3318
f 3626/3994/3296 3634/4006/3303 3625/3997/3295
f 3633/4003/3302 3660/4007/3327 3640/4000/3309
f 3624/3996/3294 3652/4008/3319 3651/3988/2831
f 3577/3894/2757 3680/3896/3347 3641/3989/3310
f 3653/4009/3320 3625/3997/3295 3642/4010/3311
f 3648/4011/3316 3640/4000/3309 3649/4012/3317
f 3650/4005/3318 3641/3989/3310 3680/3896/3347
f 3654/4013/3321 3643/4014/3312 3655/4015/3322
f 3660/4007/3327 3650/4005/3318 3679/4016/3346
f 3653/4009/3320 3642/4010/3311 3661/4017/3328
f 3668/4018/3335 3649/4012/3317 3669/4019/3336
f 3654/4013/3321 3662/4020/3329 3661/4017/3328
f 3651/3988/2831 3670/3897/3337 3440/3910/2620
f 3662/4020/3329 3663/4021/3330 3672/4022/3339
f 3391/3881/3108 3661/4017/3328 3671/4023/3338
f 3671/4023/3338 3397/3899/3114 3391/3881/3108
f 3395/4024/3112 3669/4019/3336 3404/3884/3120
f 3403/4025/3119 3402/3887/3118 3394/3890/3111 3677/4026/3344
f 3411/3901/3126 3403/4025/3119 3677/4026/3344 3395/4024/3112
f 3419/3913/3134 3413/3886/3128 3678/3885/3345 3679/4016/3346
f 3397/3899/3114 3405/3882/3121 3391/3881/3108
f 3395/4024/3112 3404/3884/3120 3411/3901/3126
f 3420/3895/3135 3419/3913/3134 3679/4016/3346 3680/3896/3347
f 3401/4027/2581 3400/3892/3117 3392/3891/3109 3393/4028/3110
f 3409/4029/3124 3408/4030/3123 3400/3892/3117 3401/4027/2581
f 3410/4031/3125 3409/4032/3124 3401/3888/2581 3402/3887/3118
f 3418/3908/3133 3410/4031/3125 3402/3887/3118 3403/4025/3119
f 3414/3903/3129 3406/3900/3122 3397/3899/3114 3398/4033/3115
f 3396/3883/3113 3405/3882/3121 3421/3898/3136
f 3403/4025/3119 3411/3901/3126 3418/3908/3133
f 3407/3904/2587 3414/3903/3129 3398/4033/3115 3399/3893/3116
f 3413/3886/3128 3412/3902/3127 3404/3884/3120
f 3407/3904/2587 3399/3893/3116 3400/3892/3117 3408/4030/3123
f 3428/3907/3143 3411/3901/3126 3412/3902/3127 3429/4034/2609
f 3429/4034/2609 3412/3902/3127 3413/3886/3128 3430/3912/3144
f 3415/3915/3130 3423/3905/3138 3407/3904/2587 3408/4030/3123
f 3413/3886/3128 3419/3913/3134 3430/3912/3144
f 3416/4035/3131 3415/3915/3130 3408/4030/3123 3409/4029/3124
f 3416/4036/3131 3409/4032/3124 3410/4031/3125 3417/4037/3132
f 3426/4038/3141 3425/4039/3140 3416/4036/3131 3417/4037/3132
f 3410/4031/3125 3418/3908/3133 3417/4037/3132
f 3405/3882/3121 3406/3900/3122 3432/3906/3146
f 3427/4040/3142 3426/4038/3141 3417/4037/3132 3418/3908/3133
f 3670/3897/3337 3421/3898/3136 3431/3909/3145
f 3433/3917/3147 3422/3911/3137 3406/3900/3122 3414/3903/3129
f 3428/3907/3143 3427/4040/3142 3418/3908/3133
f 3424/3916/3139 3415/3915/3130 3416/4035/3131 3425/4041/3140
f 3414/3903/3129 3423/3905/3138 3433/3917/3147
f 3419/3913/3134 3420/3895/3135 3439/3914/3152
f 3450/3922/3161 3449/4042/3160 3429/4034/2609 3430/3912/3144
f 3434/3918/2614 3423/3905/3138 3424/3916/3139 3435/4043/3148
f 3439/3914/3152 3450/3922/3161 3430/3912/3144
f 3435/4043/3148 3424/3916/3139 3425/4041/3140 3436/4044/3149
f 3437/4045/3150 3436/4046/3149 3425/4039/3140 3426/4038/3141
f 3438/4047/3151 3437/4045/3150 3426/4038/3141 3427/4040/3142
f 3438/4047/3151 3427/4040/3142 3428/3907/3143 3448/4048/3159
f 3421/3898/3136 3432/3906/3146 3451/3920/3162
f 3449/4042/3160 3448/4048/3159 3428/3907/3143 3429/4034/2609
f 3446/4049/2626 3445/4050/3157 3436/4046/3149 3437/4045/3150
f 3447/4051/3158 3446/4049/2626 3437/4045/3150 3438/4047/3151
f 3441/3927/3153 3452/3921/3163 3432/3906/3146 3422/3911/3137
f 3448/4048/3159 3447/4051/3158 3438/4047/3151
f 3441/3927/3153 3422/3911/3137 3433/3917/3147 3442/3924/3154
f 3443/3925/3155 3442/3924/3154 3433/3917/3147 3434/3918/2614
f 3443/3925/3155 3434/3918/2614 3435/4043/3148 3444/4052/3156
f 3444/4052/3156 3435/4043/3148 3436/4044/3149 3445/4053/3157
f 3476/3919/3177 3468/3923/2648 3439/3914/3152
f 3466/4054/2646 3449/4042/3160 3450/3922/3161 3467/3931/2647
f 3453/3926/3164 3443/3925/3155 3444/4052/3156 3454/4055/2634
f 3468/3923/2648 3467/3931/2647 3450/3922/3161
f 3454/4055/2634 3444/4052/3156 3445/4053/3157 3455/4056/2635
f 3456/4057/2636 3455/4058/2635 3445/4050/3157 3446/4049/2626
f 3457/4059/3165 3456/4057/2636 3446/4049/2626 3447/4051/3158
f 3457/4059/3165 3447/4051/3158 3448/4048/3159 3465/4060/2645
f 3466/4054/2646 3465/4060/2645 3448/4048/3159 3449/4042/3160
f 3464/4061/3169 3463/4062/2643 3456/4057/2636 3457/4059/3165
f 3442/3924/3154 3458/3928/2638 3441/3927/3153
f 3470/3934/3171 3469/3930/3170 3451/3920/3162 3452/3921/3163
f 3460/4063/3167 3459/3929/3166 3442/3924/3154 3453/3926/3164
f 3465/4060/2645 3464/4061/3169 3457/4059/3165
f 3452/3921/3163 3458/3928/2638 3470/3934/3171
f 3460/4063/3167 3453/3926/3164 3454/4055/2634 3461/4064/2641
f 3461/4064/2641 3454/4055/2634 3455/4056/2635 3462/4065/3168
f 3463/4062/2643 3462/4066/3168 3455/4058/2635 3456/4057/2636
f 3471/3940/3172 3460/4063/3167 3461/4064/2641 3472/4067/3173
f 3472/4067/3173 3461/4064/2641 3462/4065/3168 3473/4068/3174
f 3468/3923/2648 3476/3919/3177 3486/3932/3185
f 3474/4069/3175 3473/4070/3174 3462/4066/3168 3463/4062/2643
f 3475/4071/3176 3474/4069/3175 3463/4062/2643 3464/4061/3169
f 3431/3909/3145 3469/3930/3170 3504/3933/3202
f 3475/4071/3176 3464/4061/3169 3465/4060/2645 3484/4072/3183
f 3485/3938/3184 3484/4072/3183 3465/4060/2645 3466/4054/2646
f 3477/3935/3178 3458/3928/2638 3459/3929/3166 3478/3939/2658
f 3471/3940/3172 3478/3939/2658 3459/3929/3166 3460/4063/3167
f 3467/3931/2647 3485/3938/3184 3466/4054/2646
f 3479/3941/3179 3471/3940/3172 3472/4067/3173 3480/4073/3180
f 3484/4072/3183 3483/4074/2663 3475/4071/3176
f 3470/3934/3171 3477/3935/3178 3487/3936/3186
f 3467/3931/2647 3486/3932/3185 3494/3937/3193
f 3480/4073/3180 3472/4067/3173 3473/4068/3174 3481/4075/3181
f 3482/4076/3182 3481/4077/3181 3473/4070/3174 3474/4069/3175
f 3483/4074/2663 3482/4076/3182 3474/4069/3175 3475/4071/3176
f 3488/3949/3187 3479/3941/3179 3480/4073/3180 3489/4078/3188
f 3489/4078/3188 3480/4073/3180 3481/4075/3181 3490/4079/3189
f 3486/3932/3185 3538/3942/2718 3503/3944/3201
f 3491/4080/3190 3490/4081/3189 3481/4077/3181 3482/4076/3182
f 3492/4082/3191 3491/4080/3190 3482/4076/3182 3483/4074/2663
f 3492/4082/3191 3483/4074/2663 3484/4072/3183 3502/3945/3200
f 3493/3946/3192 3502/3945/3200 3484/4072/3183 3485/3938/3184
f 3495/3943/3194 3477/3935/3178 3478/3939/2658 3496/3948/3195
f 3488/3949/3187 3496/3948/3195 3478/3939/2658 3479/3941/3179
f 3494/3937/3193 3493/3946/3192 3485/3938/3184
f 3513/4083/3209 3512/3947/3208 3493/3946/3192 3494/3937/3193
f 3502/3945/3200 3501/4084/3199 3492/4082/3191
f 3497/3950/3196 3488/3949/3187 3489/4078/3188 3498/4085/2678
f 3503/3944/3201 3513/4083/3209 3494/3937/3193
f 3498/4085/2678 3489/4078/3188 3490/4079/3189 3499/4086/3197
f 3500/4087/3198 3499/4088/3197 3490/4081/3189 3491/4080/3190
f 3501/4084/3199 3500/4087/3198 3491/4080/3190 3492/4082/3191
f 3507/4089/3204 3498/4085/2678 3499/4086/3197 3508/4090/3205
f 3469/3930/3170 3487/3936/3186 3520/3951/3216
f 3509/4091/2689 3508/4092/3205 3499/4088/3197 3500/4087/3198
f 3510/4093/3206 3509/4091/2689 3500/4087/3198 3501/4084/3199
f 3510/4093/3206 3501/4084/3199 3502/3945/3200 3511/4094/3207
f 3514/3955/3210 3521/3952/3217 3487/3936/3186 3495/3943/3194
f 3514/3955/3210 3495/3943/3194 3496/3948/3195 3505/3953/2685
f 3502/3945/3200 3512/3947/3208 3511/4094/3207
f 3506/4095/3203 3505/3953/2685 3496/3948/3195 3497/3950/3196
f 3506/4095/3203 3497/3950/3196 3498/4085/2678 3507/4089/3204
f 3530/4096/3225 3529/4097/3224 3511/4094/3207 3512/3947/3208
f 3530/4096/3225 3512/3947/3208 3513/4083/3209 3531/4098/3226
f 3515/3958/3211 3523/3954/3219 3505/3953/2685 3506/4095/3203
f 3532/4099/3227 3531/4098/3226 3513/4083/3209 3503/3944/3201
f 3515/3958/3211 3506/4095/3203 3507/4089/3204 3516/4100/3212
f 3516/4100/3212 3507/4089/3204 3508/4090/3205 3517/4101/3213
f 3503/3944/3201 3538/3942/2718 3532/4099/3227
f 3518/4102/3214 3517/4103/3213 3508/4092/3205 3509/4091/2689
f 3519/4104/3215 3518/4102/3214 3509/4091/2689 3510/4093/3206
f 3504/3933/3202 3520/3951/3216 3550/3956/3241
f 3519/4104/3215 3510/4093/3206 3511/4094/3207 3529/4097/3224
f 3525/4105/3221 3516/4100/3212 3517/4101/3213 3526/4106/3222
f 3527/4107/2707 3526/4108/3222 3517/4103/3213 3518/4102/3214
f 3528/4109/3223 3527/4107/2707 3518/4102/3214 3519/4104/3215
f 3524/3959/3220 3515/3958/3211 3516/4100/3212 3525/4105/3221
f 3529/4097/3224 3528/4109/3223 3519/4104/3215
f 3523/3954/3219 3522/3957/3218 3514/3955/3210
f 3549/4110/3240 3548/4111/3239 3529/4097/3224 3530/4096/3225
f 3541/4112/2721 3522/3957/3218 3523/3954/3219 3542/3961/3234
f 3549/4110/3240 3530/4096/3225 3531/4098/3226 3556/3967/3247
f 3533/3962/3228 3542/3961/3234 3523/3954/3219 3524/3959/3220
f 3557/3964/3248 3556/3967/3247 3531/4098/3226 3532/4099/3227
f 3533/3962/3228 3524/3959/3220 3525/4105/3221 3534/4113/3229
f 3534/4113/3229 3525/4105/3221 3526/4106/3222 3535/4114/3230
f 3538/3942/2718 3557/3964/3248 3532/4099/3227
f 3536/4115/2716 3535/4116/3230 3526/4108/3222 3527/4107/2707
f 3537/4117/3231 3536/4115/2716 3527/4107/2707 3528/4109/3223
f 3539/3960/3232 3520/3951/3216 3521/3952/3217 3540/4118/3233
f 3537/4117/3231 3528/4109/3223 3529/4097/3224 3548/4111/3239
f 3541/4112/2721 3540/4118/3233 3521/3952/3217 3522/3957/3218
f 3546/4119/3237 3545/4120/2725 3535/4116/3230 3536/4115/2716
f 3547/4121/3238 3546/4119/3237 3536/4115/2716 3537/4117/3231
f 3543/3963/3235 3533/3962/3228 3534/4113/3229 3544/4122/3236
f 3548/4111/3239 3547/4121/3238 3537/4117/3231
f 3544/4122/3236 3534/4113/3229 3535/4114/3230 3545/4123/2725
f 3551/3971/3242 3560/3970/2740 3542/3961/3234 3543/3963/3235
f 3556/3967/3247 3567/3969/3255 3549/4110/3240
f 3551/3971/3242 3543/3963/3235 3544/4122/3236 3552/4124/3243
f 3552/4124/3243 3544/4122/3236 3545/4123/2725 3553/4125/3244
f 3554/4126/3245 3553/4127/3244 3545/4120/2725 3546/4119/3237
f 3555/4128/3246 3554/4126/3245 3546/4119/3237 3547/4121/3238
f 3558/3974/3249 3569/3966/3256 3539/3960/3232 3540/4118/3233
f 3555/4128/3246 3547/4121/3238 3548/4111/3239 3566/4129/3254
f 3559/4130/3250 3558/3974/3249 3540/4118/3233 3541/4112/2721
f 3567/3969/3255 3566/4129/3254 3548/4111/3239 3549/4110/3240
f 3559/4130/3250 3541/4112/2721 3542/3961/3234 3560/3970/2740
f 3565/4131/2745 3564/4132/3253 3554/4126/3245 3555/4128/3246
f 3576/4133/2756 3568/3968/2748 3556/3967/3247 3557/3964/3248
f 3566/4129/3254 3565/4131/2745 3555/4128/3246
f 3561/3972/2741 3551/3971/3242 3552/4124/3243 3562/4134/3251
f 3562/4134/3251 3552/4124/3243 3553/4125/3244 3563/4135/3252
f 3607/3965/3281 3576/4133/2756 3557/3964/3248
f 3564/4132/3253 3563/4136/3252 3553/4127/3244 3554/4126/3245
f 3570/3980/3257 3580/3979/2760 3560/3970/2740 3561/3972/2741
f 3570/3980/3257 3561/3972/2741 3562/4134/3251 3571/4137/3258
f 3571/4137/3258 3562/4134/3251 3563/4135/3252 3572/4138/3259
f 3573/4139/3260 3572/4140/3259 3563/4136/3252 3564/4132/3253
f 3574/4141/3261 3573/4139/3260 3564/4132/3253 3565/4131/2745
f 3550/3956/3241 3569/3966/3256 3596/3973/2776
f 3574/4141/3261 3565/4131/2745 3566/4129/3254 3586/3976/3268
f 3579/4142/3263 3578/3975/3262 3558/3974/3249 3559/4130/3250
f 3575/3977/2755 3586/3976/3268 3566/4129/3254 3567/3969/3255
f 3579/4142/3263 3559/4130/3250 3560/3970/2740 3580/3979/2760
f 3585/4143/2765 3584/4144/3267 3573/4139/3260 3574/4141/3261
f 3568/3968/2748 3575/3977/2755 3567/3969/3255
f 3595/3978/3275 3575/3977/2755 3568/3968/2748 3587/4145/2767
f 3586/3976/3268 3585/4143/2765 3574/4141/3261
f 3606/4146/2786 3587/4145/2767 3568/3968/2748 3576/4133/2756
f 3581/3981/3264 3570/3980/3257 3571/4137/3258 3582/4147/3265
f 3582/4147/3265 3571/4137/3258 3572/4138/3259 3583/4148/3266
f 3576/4133/2756 3607/3965/3281 3606/4146/2786
f 3584/4144/3267 3583/4149/3266 3572/4140/3259 3573/4139/3260
f 3590/4150/3270 3581/3981/3264 3582/4147/3265 3591/4151/3271
f 3591/4151/3271 3582/4147/3265 3583/4148/3266 3592/4152/3272
f 3593/4153/3273 3592/4154/3272 3583/4149/3266 3584/4144/3267
f 3594/4155/3274 3593/4153/3273 3584/4144/3267 3585/4143/2765
f 3597/3990/3276 3588/3982/3269 3569/3966/3256 3578/3975/3262
f 3594/4155/3274 3585/4143/2765 3586/3976/3268 3604/3983/3280
f 3598/3987/2778 3597/3990/3276 3578/3975/3262 3579/4142/3263
f 3589/3985/2769 3598/3987/2778 3579/4142/3263 3580/3979/2760
f 3586/3976/3268 3595/3978/3275 3604/3983/3280
f 3590/4150/3270 3589/3985/2769 3580/3979/2760 3581/3981/3264
f 3599/3992/2779 3609/3986/3282 3589/3985/2769 3590/4150/3270
f 3604/3983/3280 3603/4156/3279 3594/4155/3274
f 3587/4145/2767 3605/3984/2785 3595/3978/3275
f 3599/3992/2779 3590/4150/3270 3591/4151/3271 3600/4157/3277
f 3600/4157/3277 3591/4151/3271 3592/4152/3272 3601/4158/2781
f 3602/4159/3278 3601/4160/2781 3592/4154/3272 3593/4153/3273
f 3603/4156/3279 3602/4159/3278 3593/4153/3273 3594/4155/3274
f 3610/3993/3283 3599/3992/2779 3600/4157/3277 3611/4161/3284
f 3641/3989/3310 3623/4004/3293 3606/4146/2786 3607/3965/3281
f 3611/4161/3284 3600/4157/3277 3601/4158/2781 3612/4162/3285
f 3613/4163/2793 3612/4164/3285 3601/4160/2781 3602/4159/3278
f 3614/4165/3286 3613/4163/2793 3602/4159/3278 3603/4156/3279
f 3596/3973/2776 3588/3982/3269 3651/3988/2831
f 3614/4165/3286 3603/4156/3279 3604/3983/3280 3615/4166/3287
f 3616/3995/2796 3608/3991/2788 3597/3990/3276 3598/3987/2778
f 3622/3999/3292 3615/4166/3287 3604/3983/3280 3605/3984/2785
f 3622/3999/3292 3605/3984/2785 3587/4145/2767 3633/4003/3302
f 3609/3986/3282 3616/3995/2796 3598/3987/2778
f 3623/4004/3293 3633/4003/3302 3587/4145/2767 3606/4146/2786
f 3621/4167/3291 3614/4165/3286 3615/4166/3287 3632/3998/3301
f 3617/4001/3288 3626/3994/3296 3609/3986/3282 3610/3993/3283
f 3615/4166/3287 3622/3999/3292 3632/3998/3301
f 3617/4001/3288 3610/3993/3283 3611/4161/3284 3618/4168/3289
f 3618/4168/3289 3611/4161/3284 3612/4162/3285 3619/4169/3290
f 3620/4170/2800 3619/4171/3290 3612/4164/3285 3613/4163/2793
f 3621/4167/3291 3620/4170/2800 3613/4163/2793 3614/4165/3286
f 3628/4172/3298 3618/4168/3289 3619/4169/3290 3629/4173/3299
f 3608/3991/2788 3624/3996/3294 3588/3982/3269
f 3623/4004/3293 3641/3989/3310 3650/4005/3318
f 3630/4174/3300 3629/4175/3299 3619/4171/3290 3620/4170/2800
f 3631/4176/2811 3630/4174/3300 3620/4170/2800 3621/4167/3291
f 3627/4002/3297 3617/4001/3288 3618/4168/3289 3628/4172/3298
f 3632/3998/3301 3631/4176/2811 3621/4167/3291
f 3626/3994/3296 3625/3997/3295 3616/3995/2796
f 3633/4003/3302 3640/4000/3309 3622/3999/3292
f 3635/4177/3304 3634/4006/3303 3626/3994/3296 3627/4002/3297
f 3632/3998/3301 3640/4000/3309 3648/4011/3316
f 3635/4177/3304 3627/4002/3297 3628/4172/3298 3636/4178/3305
f 3650/4005/3318 3660/4007/3327 3633/4003/3302
f 3636/4178/3305 3628/4172/3298 3629/4173/3299 3637/4179/3306
f 3638/4180/3307 3637/4181/3306 3629/4175/3299 3630/4174/3300
f 3639/4182/3308 3638/4180/3307 3630/4174/3300 3631/4176/2811
f 3653/4009/3320 3652/4008/3319 3624/3996/3294 3608/3991/2788
f 3639/4182/3308 3631/4176/2811 3632/3998/3301 3648/4011/3316
f 3646/4183/3315 3645/4184/3314 3637/4181/3306 3638/4180/3307
f 3608/3991/2788 3625/3997/3295 3653/4009/3320
f 3647/4185/2827 3646/4183/3315 3638/4180/3307 3639/4182/3308
f 3642/4010/3311 3625/3997/3295 3634/4006/3303 3654/4013/3321
f 3648/4011/3316 3647/4185/2827 3639/4182/3308
f 3643/4014/3312 3654/4013/3321 3634/4006/3303 3635/4177/3304
f 3660/4007/3327 3649/4012/3317 3640/4000/3309
f 3643/4014/3312 3635/4177/3304 3636/4178/3305 3644/4186/3313
f 3644/4186/3313 3636/4178/3305 3637/4179/3306 3645/4187/3314
f 3655/4015/3322 3643/4014/3312 3644/4186/3313 3656/4188/3323
f 3654/4013/3321 3661/4017/3328 3642/4010/3311
f 3656/4188/3323 3644/4186/3313 3645/4187/3314 3657/4189/3324
f 3650/4005/3318 3680/3896/3347 3679/4016/3346
f 3658/4190/3325 3657/4191/3324 3645/4184/3314 3646/4183/3315
f 3659/4192/3326 3658/4190/3325 3646/4183/3315 3647/4185/2827
f 3659/4192/3326 3647/4185/2827 3648/4011/3316 3668/4018/3335
f 3666/4193/3333 3665/4194/3332 3657/4191/3324 3658/4190/3325
f 3648/4011/3316 3649/4012/3317 3668/4018/3335
f 3670/3897/3337 3651/3988/2831 3652/4008/3319 3396/3883/3113
f 3667/4195/3334 3666/4193/3333 3658/4190/3325 3659/4192/3326
f 3391/3881/3108 3396/3883/3113 3652/4008/3319 3653/4009/3320
f 3669/4019/3336 3649/4012/3317 3660/4007/3327 3678/3885/3345
f 3668/4018/3335 3667/4195/3334 3659/4192/3326
f 3653/4009/3320 3661/4017/3328 3391/3881/3108
f 3663/4021/3330 3662/4020/3329 3654/4013/3321 3655/4015/3322
f 3663/4021/3330 3655/4015/3322 3656/4188/3323 3664/4196/3331
f 3660/4007/3327 3679/4016/3346 3678/3885/3345
f 3664/4196/3331 3656/4188/3323 3657/4189/3324 3665/4197/3332
f 3672/4022/3339 3663/4021/3330 3664/4196/3331 3673/4198/3340
f 3673/4198/3340 3664/4196/3331 3665/4197/3332 3674/4199/3341
f 3675/4200/3342 3674/4201/3341 3665/4194/3332 3666/4193/3333
f 3676/4202/3343 3675/4200/3342 3666/4193/3333 3667/4195/3334
f 3676/4202/3343 3667/4195/3334 3668/4018/3335 3395/4024/3112
f 3677/4026/3344 3394/3890/3111 3675/4200/3342 3676/4202/3343
f 3668/4018/3335 3669/4019/3336 3395/4024/3112
f 3662/4020/3329 3671/4023/3338 3661/4017/3328
f 3397/3899/3114 3671/4023/3338 3662/4020/3329 3398/4033/3115
f 3676/4202/3343 3395/4024/3112 3677/4026/3344
f 3398/4033/3115 3662/4020/3329 3672/4022/3339 3399/3893/3116
f 3678/3885/3345 3404/3884/3120 3669/4019/3336
f 3399/3893/3116 3672/4022/3339 3673/4198/3340 3392/3891/3109
f 3392/3891/3109 3673/4198/3340 3674/4199/3341 3393/4028/3110
f 3394/3890/3111 3393/3889/3110 3674/4201/3341 3675/4200/3342
f 3681/4203/3348 3695/4204/3359 3686/4205/3352
f 3694/4206/2584 3968/4207/2858 3703/4208/3366
f 3692/4209/3357 3691/4210/3356 3683/4211/3350 3684/4212/3351
f 3682/4213/3349 3690/4214/3355 3689/4215/3354
f 3867/4216/2757 3710/4217/3135 3970/4218/2860
f 3960/4219/2850 3686/4205/3352 3711/4220/2601
f 3695/4204/3359 3687/4221/2577 3696/4222/3360
f 3701/4223/2591 3694/4206/2584 3702/4224/3365
f 3704/4225/2594 3697/4226/3361 3713/4227/2603
f 3711/4220/2601 3695/4204/3359 3722/4228/3377
f 3701/4223/2591 3718/4229/3143 3708/4230/3370
f 3960/4219/2850 3721/4231/2611 3730/4232/2330
f 3722/4228/3377 3696/4222/3360 3712/4233/3371
f 3720/4234/3376 3709/4235/2599 3729/4236/3380
f 3705/4237/3367 3714/4238/3139 3713/4227/2603
f 3723/4239/3378 3713/4227/2603 3724/4240/3379
f 3729/4236/3380 3710/4217/3135 3766/4241/2656
f 3867/4216/2757 3766/4241/2656 3710/4217/3135
f 3721/4231/2611 3711/4220/2601 3741/4242/3390
f 3741/4242/3390 3722/4228/3377 3742/4243/2632
f 3740/4244/3389 3729/4236/3380 3758/4245/2648
f 3732/4246/2622 3733/4247/3382 3743/4248/2633
f 3742/4243/2632 3731/4249/3381 3748/4250/2638
f 3732/4246/2622 3749/4251/3166 3748/4250/2638
f 3741/4242/3390 3759/4252/2649 3721/4231/2611
f 3757/4253/2647 3758/4245/2648 3776/4254/2666
f 3721/4231/2611 3794/4255/2684 3730/4232/2330
f 3760/4256/3395 3748/4250/2638 3767/4257/3178
f 3760/4256/3395 3777/4258/3405 3759/4252/2649
f 3757/4253/2647 3784/4259/3410 3775/4260/3404
f 3768/4261/3399 3761/4262/3172 3769/4263/3400
f 3766/4241/2656 3828/4264/3443 3776/4254/2666
f 3867/4216/2757 3828/4264/3443 3766/4241/2656
f 3777/4258/3405 3767/4257/3178 3785/4265/3411
f 3784/4259/3410 3776/4254/2666 3793/4266/3201
f 3792/4267/3416 3783/4268/3192 3802/4269/3423
f 3786/4270/3412 3778/4271/3406 3787/4272/3413
f 3794/4255/2684 3759/4252/2649 3810/4273/3216
f 3777/4258/3405 3811/4274/3429 3810/4273/3216
f 3795/4275/3417 3813/4276/3431 3804/4277/3424
f 3794/4255/2684 3840/4278/3455 3730/4232/2330
f 3811/4274/3429 3804/4277/3424 3812/4279/3430
f 3813/4276/3431 3805/4280/3425 3814/4281/3432
f 3840/4278/3455 3810/4273/3216 3829/4282/3444
f 3832/4283/3447 3823/4284/3439 3833/4285/3448
f 3847/4286/3461 3828/4264/3443 3897/4287/2787
f 3867/4216/2757 3897/4287/2787 3828/4264/3443
f 3829/4282/3444 3859/4288/3470 3840/4278/3455
f 3846/4289/3460 3858/4290/3469 3857/4291/3468
f 3850/4292/2740 3841/4293/2731 3851/4294/3462
f 3840/4278/3455 3886/4295/3491 3730/4232/2330
f 3859/4288/3470 3848/4296/2738 3868/4297/3478
f 3876/4298/3268 3865/4299/3476 3885/4300/3490
f 3870/4301/2760 3860/4302/3471 3871/4303/3480
f 3886/4295/3491 3859/4288/3470 3878/4304/3485
f 3894/4305/2784 3885/4300/3490 3895/4306/2785
f 3879/4307/3486 3899/4308/2789 3888/4309/2778
f 3886/4295/3491 3941/4310/2831 3730/4232/2330
f 3867/4216/2757 3931/4311/3310 3897/4287/2787
f 3887/4312/3492 3898/4313/3496 3878/4304/3485
f 3899/4308/2789 3889/4314/2779 3900/4315/3497
f 3899/4308/2789 3916/4316/3506 3906/4317/3499
f 3941/4310/2831 3878/4304/3485 3914/4318/3504
f 3898/4313/3496 3906/4317/3499 3915/4319/3505
f 3922/4320/3510 3912/4321/3292 3930/4322/3516
f 3916/4316/3506 3907/4323/3288 3917/4324/3507
f 3923/4325/2813 3913/4326/3503 3940/4327/3524
f 3916/4316/3506 3924/4328/3511 3915/4319/3505
f 3923/4325/2813 3950/4329/3327 3930/4322/3516
f 3914/4318/3504 3942/4330/3525 3941/4310/2831
f 3867/4216/2757 3970/4218/2860 3931/4311/3310
f 3943/4331/3526 3915/4319/3505 3932/4332/3517
f 3938/4333/3523 3930/4322/3516 3939/4334/3317
f 3940/4327/3524 3931/4311/3310 3970/4218/2860
f 3944/4335/3527 3933/4336/3518 3945/4337/3528
f 3950/4329/3327 3940/4327/3524 3969/4338/3549
f 3943/4331/3526 3932/4332/3517 3951/4339/3533
f 3958/4340/3540 3939/4334/3317 3959/4341/3541
f 3944/4335/3527 3952/4342/3534 3951/4339/3533
f 3941/4310/2831 3960/4219/2850 3730/4232/2330
f 3952/4342/3534 3953/4343/3535 3962/4344/3543
f 3681/4203/3348 3951/4339/3533 3961/4345/3542
f 3961/4345/3542 3687/4221/2577 3681/4203/3348
f 3685/4346/2575 3959/4341/3541 3694/4206/2584
f 3693/4347/3358 3692/4209/3357 3684/4212/3351 3967/4348/3548
f 3701/4223/2591 3693/4347/3358 3967/4348/3548 3685/4346/2575
f 3709/4235/2599 3703/4208/3366 3968/4207/2858 3969/4338/3549
f 3687/4221/2577 3695/4204/3359 3681/4203/3348
f 3685/4346/2575 3694/4206/2584 3701/4223/2591
f 3710/4217/3135 3709/4235/2599 3969/4338/3549 3970/4218/2860
f 3691/4349/3356 3690/4214/3355 3682/4213/3349 3683/4350/3350
f 3699/4351/3363 3698/4352/3362 3690/4214/3355 3691/4349/3356
f 3700/4353/3364 3699/4354/3363 3691/4210/3356 3692/4209/3357
f 3708/4230/3370 3700/4353/3364 3692/4209/3357 3693/4347/3358
f 3704/4225/2594 3696/4222/3360 3687/4221/2577 3688/4355/3353
f 3686/4205/3352 3695/4204/3359 3711/4220/2601
f 3693/4347/3358 3701/4223/2591 3708/4230/3370
f 3697/4226/3361 3704/4225/2594 3688/4355/3353 3689/4215/3354
f 3703/4208/3366 3702/4224/3365 3694/4206/2584
f 3697/4226/3361 3689/4215/3354 3690/4214/3355 3698/4352/3362
f 3718/4229/3143 3701/4223/2591 3702/4224/3365 3719/4356/3375
f 3719/4356/3375 3702/4224/3365 3703/4208/3366 3720/4234/3376
f 3705/4237/3367 3713/4227/2603 3697/4226/3361 3698/4352/3362
f 3703/4208/3366 3709/4235/2599 3720/4234/3376
f 3706/4357/3368 3705/4237/3367 3698/4352/3362 3699/4351/3363
f 3706/4358/3368 3699/4354/3363 3700/4353/3364 3707/4359/3369
f 3716/4360/3373 3715/4361/3372 3706/4358/3368 3707/4359/3369
f 3700/4353/3364 3708/4230/3370 3707/4359/3369
f 3695/4204/3359 3696/4222/3360 3722/4228/3377
f 3717/4362/3374 3716/4360/3373 3707/4359/3369 3708/4230/3370
f 3960/4219/2850 3711/4220/2601 3721/4231/2611
f 3723/4239/3378 3712/4233/3371 3696/4222/3360 3704/4225/2594
f 3718/4229/3143 3717/4362/3374 3708/4230/3370
f 3714/4238/3139 3705/4237/3367 3706/4357/3368 3715/4363/3372
f 3704/4225/2594 3713/4227/2603 3723/4239/3378
f 3709/4235/2599 3710/4217/3135 3729/4236/3380
f 3740/4244/3389 3739/4364/3388 3719/4356/3375 3720/4234/3376
f 3724/4240/3379 3713/4227/2603 3714/4238/3139 3725/4365/3148
f 3729/4236/3380 3740/4244/3389 3720/4234/3376
f 3725/4365/3148 3714/4238/3139 3715/4363/3372 3726/4366/2616
f 3727/4367/3150 3726/4368/2616 3715/4361/3372 3716/4360/3373
f 3728/4369/2618 3727/4367/3150 3716/4360/3373 3717/4362/3374
f 3728/4369/2618 3717/4362/3374 3718/4229/3143 3738/4370/3387
f 3711/4220/2601 3722/4228/3377 3741/4242/3390
f 3739/4364/3388 3738/4370/3387 3718/4229/3143 3719/4356/3375
f 3736/4371/3385 3735/4372/3384 3726/4368/2616 3727/4367/3150
f 3737/4373/3386 3736/4371/3385 3727/4367/3150 3728/4369/2618
f 3731/4249/3381 3742/4243/2632 3722/4228/3377 3712/4233/3371
f 3738/4370/3387 3737/4373/3386 3728/4369/2618
f 3731/4249/3381 3712/4233/3371 3723/4239/3378 3732/4246/2622
f 3733/4247/3382 3732/4246/2622 3723/4239/3378 3724/4240/3379
f 3733/4247/3382 3724/4240/3379 3725/4365/3148 3734/4374/3383
f 3734/4374/3383 3725/4365/3148 3726/4366/2616 3735/4375/3384
f 3766/4241/2656 3758/4245/2648 3729/4236/3380
f 3756/4376/2646 3739/4364/3388 3740/4244/3389 3757/4253/2647
f 3743/4248/2633 3733/4247/3382 3734/4374/3383 3744/4377/3391
f 3758/4245/2648 3757/4253/2647 3740/4244/3389
f 3744/4377/3391 3734/4374/3383 3735/4375/3384 3745/4378/2635
f 3746/4379/3392 3745/4380/2635 3735/4372/3384 3736/4371/3385
f 3747/4381/3393 3746/4379/3392 3736/4371/3385 3737/4373/3386
f 3747/4381/3393 3737/4373/3386 3738/4370/3387 3755/4382/3394
f 3756/4376/2646 3755/4382/3394 3738/4370/3387 3739/4364/3388
f 3754/4383/2644 3753/4384/2643 3746/4379/3392 3747/4381/3393
f 3732/4246/2622 3748/4250/2638 3731/4249/3381
f 3760/4256/3395 3759/4252/2649 3741/4242/3390 3742/4243/2632
f 3750/4385/2640 3749/4251/3166 3732/4246/2622 3743/4248/2633
f 3755/4382/3394 3754/4383/2644 3747/4381/3393
f 3742/4243/2632 3748/4250/2638 3760/4256/3395
f 3750/4385/2640 3743/4248/2633 3744/4377/3391 3751/4386/2641
f 3751/4386/2641 3744/4377/3391 3745/4378/2635 3752/4387/2642
f 3753/4384/2643 3752/4388/2642 3745/4380/2635 3746/4379/3392
f 3761/4262/3172 3750/4385/2640 3751/4386/2641 3762/4389/3396
f 3762/4389/3396 3751/4386/2641 3752/4387/2642 3763/4390/3397
f 3758/4245/2648 3766/4241/2656 3776/4254/2666
f 3764/4391/2654 3763/4392/3397 3752/4388/2642 3753/4384/2643
f 3765/4393/3398 3764/4391/2654 3753/4384/2643 3754/4383/2644
f 3721/4231/2611 3759/4252/2649 3794/4255/2684
f 3765/4393/3398 3754/4383/2644 3755/4382/3394 3774/4394/3183
f 3775/4260/3404 3774/4394/3183 3755/4382/3394 3756/4376/2646
f 3767/4257/3178 3748/4250/2638 3749/4251/3166 3768/4261/3399
f 3761/4262/3172 3768/4261/3399 3749/4251/3166 3750/4385/2640
f 3757/4253/2647 3775/4260/3404 3756/4376/2646
f 3769/4263/3400 3761/4262/3172 3762/4389/3396 3770/4395/3401
f 3774/4394/3183 3773/4396/3403 3765/4393/3398
f 3760/4256/3395 3767/4257/3178 3777/4258/3405
f 3757/4253/2647 3776/4254/2666 3784/4259/3410
f 3770/4395/3401 3762/4389/3396 3763/4390/3397 3771/4397/3181
f 3772/4398/3402 3771/4399/3181 3763/4392/3397 3764/4391/2654
f 3773/4396/3403 3772/4398/3402 3764/4391/2654 3765/4393/3398
f 3778/4271/3406 3769/4263/3400 3770/4395/3401 3779/4400/3407
f 3779/4400/3407 3770/4395/3401 3771/4397/3181 3780/4401/3189
f 3776/4254/2666 3828/4264/3443 3793/4266/3201
f 3781/4402/3408 3780/4403/3189 3771/4399/3181 3772/4398/3402
f 3782/4404/3409 3781/4402/3408 3772/4398/3402 3773/4396/3403
f 3782/4404/3409 3773/4396/3403 3774/4394/3183 3792/4267/3416
f 3783/4268/3192 3792/4267/3416 3774/4394/3183 3775/4260/3404
f 3785/4265/3411 3767/4257/3178 3768/4261/3399 3786/4270/3412
f 3778/4271/3406 3786/4270/3412 3768/4261/3399 3769/4263/3400
f 3784/4259/3410 3783/4268/3192 3775/4260/3404
f 3803/4405/2693 3802/4269/3423 3783/4268/3192 3784/4259/3410
f 3792/4267/3416 3791/4406/3415 3782/4404/3409
f 3787/4272/3413 3778/4271/3406 3779/4400/3407 3788/4407/2678
f 3793/4266/3201 3803/4405/2693 3784/4259/3410
f 3788/4407/2678 3779/4400/3407 3780/4401/3189 3789/4408/3414
f 3790/4409/2680 3789/4410/3414 3780/4403/3189 3781/4402/3408
f 3791/4406/3415 3790/4409/2680 3781/4402/3408 3782/4404/3409
f 3797/4411/3419 3788/4407/2678 3789/4408/3414 3798/4412/3205
f 3759/4252/2649 3777/4258/3405 3810/4273/3216
f 3799/4413/3420 3798/4414/3205 3789/4410/3414 3790/4409/2680
f 3800/4415/3421 3799/4413/3420 3790/4409/2680 3791/4406/3415
f 3800/4415/3421 3791/4406/3415 3792/4267/3416 3801/4416/3422
f 3804/4277/3424 3811/4274/3429 3777/4258/3405 3785/4265/3411
f 3804/4277/3424 3785/4265/3411 3786/4270/3412 3795/4275/3417
f 3792/4267/3416 3802/4269/3423 3801/4416/3422
f 3796/4417/3418 3795/4275/3417 3786/4270/3412 3787/4272/3413
f 3796/4417/3418 3787/4272/3413 3788/4407/2678 3797/4411/3419
f 3820/4418/3436 3819/4419/2709 3801/4416/3422 3802/4269/3423
f 3820/4418/3436 3802/4269/3423 3803/4405/2693 3821/4420/3437
f 3805/4280/3425 3813/4276/3431 3795/4275/3417 3796/4417/3418
f 3822/4421/3438 3821/4420/3437 3803/4405/2693 3793/4266/3201
f 3805/4280/3425 3796/4417/3418 3797/4411/3419 3806/4422/2696
f 3806/4422/2696 3797/4411/3419 3798/4412/3205 3807/4423/3426
f 3793/4266/3201 3828/4264/3443 3822/4421/3438
f 3808/4424/3427 3807/4425/3426 3798/4414/3205 3799/4413/3420
f 3809/4426/3428 3808/4424/3427 3799/4413/3420 3800/4415/3421
f 3794/4255/2684 3810/4273/3216 3840/4278/3455
f 3809/4426/3428 3800/4415/3421 3801/4416/3422 3819/4419/2709
f 3815/4427/2705 3806/4422/2696 3807/4423/3426 3816/4428/3433
f 3817/4429/3434 3816/4430/3433 3807/4425/3426 3808/4424/3427
f 3818/4431/3435 3817/4429/3434 3808/4424/3427 3809/4426/3428
f 3814/4281/3432 3805/4280/3425 3806/4422/2696 3815/4427/2705
f 3819/4419/2709 3818/4431/3435 3809/4426/3428
f 3813/4276/3431 3812/4279/3430 3804/4277/3424
f 3839/4432/3454 3838/4433/3453 3819/4419/2709 3820/4418/3436
f 3831/4434/3446 3812/4279/3430 3813/4276/3431 3832/4283/3447
f 3839/4432/3454 3820/4418/3436 3821/4420/3437 3846/4289/3460
f 3823/4284/3439 3832/4283/3447 3813/4276/3431 3814/4281/3432
f 3847/4286/3461 3846/4289/3460 3821/4420/3437 3822/4421/3438
f 3823/4284/3439 3814/4281/3432 3815/4427/2705 3824/4435/3440
f 3824/4435/3440 3815/4427/2705 3816/4428/3433 3825/4436/3230
f 3828/4264/3443 3847/4286/3461 3822/4421/3438
f 3826/4437/3441 3825/4438/3230 3816/4430/3433 3817/4429/3434
f 3827/4439/3442 3826/4437/3441 3817/4429/3434 3818/4431/3435
f 3829/4282/3444 3810/4273/3216 3811/4274/3429 3830/4440/3445
f 3827/4439/3442 3818/4431/3435 3819/4419/2709 3838/4433/3453
f 3831/4434/3446 3830/4440/3445 3811/4274/3429 3812/4279/3430
f 3836/4441/3451 3835/4442/3450 3825/4438/3230 3826/4437/3441
f 3837/4443/3452 3836/4441/3451 3826/4437/3441 3827/4439/3442
f 3833/4285/3448 3823/4284/3439 3824/4435/3440 3834/4444/3449
f 3838/4433/3453 3837/4443/3452 3827/4439/3442
f 3834/4444/3449 3824/4435/3440 3825/4436/3230 3835/4445/3450
f 3841/4293/2731 3850/4292/2740 3832/4283/3447 3833/4285/3448
f 3846/4289/3460 3857/4291/3468 3839/4432/3454
f 3841/4293/2731 3833/4285/3448 3834/4444/3449 3842/4446/3456
f 3842/4446/3456 3834/4444/3449 3835/4445/3450 3843/4447/3457
f 3844/4448/3458 3843/4449/3457 3835/4442/3450 3836/4441/3451
f 3845/4450/3459 3844/4448/3458 3836/4441/3451 3837/4443/3452
f 3848/4296/2738 3859/4288/3470 3829/4282/3444 3830/4440/3445
f 3845/4450/3459 3837/4443/3452 3838/4433/3453 3856/4451/3467
f 3849/4452/2739 3848/4296/2738 3830/4440/3445 3831/4434/3446
f 3857/4291/3468 3856/4451/3467 3838/4433/3453 3839/4432/3454
f 3849/4452/2739 3831/4434/3446 3832/4283/3447 3850/4292/2740
f 3855/4453/3466 3854/4454/3465 3844/4448/3458 3845/4450/3459
f 3866/4455/3477 3858/4290/3469 3846/4289/3460 3847/4286/3461
f 3856/4451/3467 3855/4453/3466 3845/4450/3459
f 3851/4294/3462 3841/4293/2731 3842/4446/3456 3852/4456/3463
f 3852/4456/3463 3842/4446/3456 3843/4447/3457 3853/4457/3464
f 3897/4287/2787 3866/4455/3477 3847/4286/3461
f 3854/4454/3465 3853/4458/3464 3843/4449/3457 3844/4448/3458
f 3860/4302/3471 3870/4301/2760 3850/4292/2740 3851/4294/3462
f 3860/4302/3471 3851/4294/3462 3852/4456/3463 3861/4459/3472
f 3861/4459/3472 3852/4456/3463 3853/4457/3464 3862/4460/3473
f 3863/4461/3474 3862/4462/3473 3853/4458/3464 3854/4454/3465
f 3864/4463/3475 3863/4461/3474 3854/4454/3465 3855/4453/3466
f 3840/4278/3455 3859/4288/3470 3886/4295/3491
f 3864/4463/3475 3855/4453/3466 3856/4451/3467 3876/4298/3268
f 3869/4464/3479 3868/4297/3478 3848/4296/2738 3849/4452/2739
f 3865/4299/3476 3876/4298/3268 3856/4451/3467 3857/4291/3468
f 3869/4464/3479 3849/4452/2739 3850/4292/2740 3870/4301/2760
f 3875/4465/2765 3874/4466/3483 3863/4461/3474 3864/4463/3475
f 3858/4290/3469 3865/4299/3476 3857/4291/3468
f 3885/4300/3490 3865/4299/3476 3858/4290/3469 3877/4467/3484
f 3876/4298/3268 3875/4465/2765 3864/4463/3475
f 3896/4468/3495 3877/4467/3484 3858/4290/3469 3866/4455/3477
f 3871/4303/3480 3860/4302/3471 3861/4459/3472 3872/4469/3481
f 3872/4469/3481 3861/4459/3472 3862/4460/3473 3873/4470/3482
f 3866/4455/3477 3897/4287/2787 3896/4468/3495
f 3874/4466/3483 3873/4471/3482 3862/4462/3473 3863/4461/3474
f 3880/4472/3487 3871/4303/3480 3872/4469/3481 3881/4473/2771
f 3881/4473/2771 3872/4469/3481 3873/4470/3482 3882/4474/3488
f 3883/4475/2773 3882/4476/3488 3873/4471/3482 3874/4466/3483
f 3884/4477/3489 3883/4475/2773 3874/4466/3483 3875/4465/2765
f 3887/4312/3492 3878/4304/3485 3859/4288/3470 3868/4297/3478
f 3884/4477/3489 3875/4465/2765 3876/4298/3268 3894/4305/2784
f 3888/4309/2778 3887/4312/3492 3868/4297/3478 3869/4464/3479
f 3879/4307/3486 3888/4309/2778 3869/4464/3479 3870/4301/2760
f 3876/4298/3268 3885/4300/3490 3894/4305/2784
f 3880/4472/3487 3879/4307/3486 3870/4301/2760 3871/4303/3480
f 3889/4314/2779 3899/4308/2789 3879/4307/3486 3880/4472/3487
f 3894/4305/2784 3893/4478/3494 3884/4477/3489
f 3877/4467/3484 3895/4306/2785 3885/4300/3490
f 3889/4314/2779 3880/4472/3487 3881/4473/2771 3890/4479/3277
f 3890/4479/3277 3881/4473/2771 3882/4474/3488 3891/4480/2781
f 3892/4481/3493 3891/4482/2781 3882/4476/3488 3883/4475/2773
f 3893/4478/3494 3892/4481/3493 3883/4475/2773 3884/4477/3489
f 3900/4315/3497 3889/4314/2779 3890/4479/3277 3901/4483/2791
f 3931/4311/3310 3913/4326/3503 3896/4468/3495 3897/4287/2787
f 3901/4483/2791 3890/4479/3277 3891/4480/2781 3902/4484/2792
f 3903/4485/2793 3902/4486/2792 3891/4482/2781 3892/4481/3493
f 3904/4487/3286 3903/4485/2793 3892/4481/3493 3893/4478/3494
f 3886/4295/3491 3878/4304/3485 3941/4310/2831
f 3904/4487/3286 3893/4478/3494 3894/4305/2784 3905/4488/3498
f 3906/4317/3499 3898/4313/3496 3887/4312/3492 3888/4309/2778
f 3912/4321/3292 3905/4488/3498 3894/4305/2784 3895/4306/2785
f 3912/4321/3292 3895/4306/2785 3877/4467/3484 3923/4325/2813
f 3899/4308/2789 3906/4317/3499 3888/4309/2778
f 3913/4326/3503 3923/4325/2813 3877/4467/3484 3896/4468/3495
f 3911/4489/3502 3904/4487/3286 3905/4488/3498 3922/4320/3510
f 3907/4323/3288 3916/4316/3506 3899/4308/2789 3900/4315/3497
f 3905/4488/3498 3912/4321/3292 3922/4320/3510
f 3907/4323/3288 3900/4315/3497 3901/4483/2791 3908/4490/3500
f 3908/4490/3500 3901/4483/2791 3902/4484/2792 3909/4491/2799
f 3910/4492/3501 3909/4493/2799 3902/4486/2792 3903/4485/2793
f 3911/4489/3502 3910/4492/3501 3903/4485/2793 3904/4487/3286
f 3918/4494/3508 3908/4490/3500 3909/4491/2799 3919/4495/2809
f 3898/4313/3496 3914/4318/3504 3878/4304/3485
f 3913/4326/3503 3931/4311/3310 3940/4327/3524
f 3920/4496/3300 3919/4497/2809 3909/4493/2799 3910/4492/3501
f 3921/4498/3509 3920/4496/3300 3910/4492/3501 3911/4489/3502
f 3917/4324/3507 3907/4323/3288 3908/4490/3500 3918/4494/3508
f 3922/4320/3510 3921/4498/3509 3911/4489/3502
f 3916/4316/3506 3915/4319/3505 3906/4317/3499
f 3923/4325/2813 3930/4322/3516 3912/4321/3292
f 3925/4499/3512 3924/4328/3511 3916/4316/3506 3917/4324/3507
f 3922/4320/3510 3930/4322/3516 3938/4333/3523
f 3925/4499/3512 3917/4324/3507 3918/4494/3508 3926/4500/3513
f 3940/4327/3524 3950/4329/3327 3923/4325/2813
f 3926/4500/3513 3918/4494/3508 3919/4495/2809 3927/4501/2817
f 3928/4502/3514 3927/4503/2817 3919/4497/2809 3920/4496/3300
f 3929/4504/3515 3928/4502/3514 3920/4496/3300 3921/4498/3509
f 3943/4331/3526 3942/4330/3525 3914/4318/3504 3898/4313/3496
f 3929/4504/3515 3921/4498/3509 3922/4320/3510 3938/4333/3523
f 3936/4505/3521 3935/4506/3520 3927/4503/2817 3928/4502/3514
f 3898/4313/3496 3915/4319/3505 3943/4331/3526
f 3937/4507/3522 3936/4505/3521 3928/4502/3514 3929/4504/3515
f 3932/4332/3517 3915/4319/3505 3924/4328/3511 3944/4335/3527
f 3938/4333/3523 3937/4507/3522 3929/4504/3515
f 3933/4336/3518 3944/4335/3527 3924/4328/3511 3925/4499/3512
f 3950/4329/3327 3939/4334/3317 3930/4322/3516
f 3933/4336/3518 3925/4499/3512 3926/4500/3513 3934/4508/3519
f 3934/4508/3519 3926/4500/3513 3927/4501/2817 3935/4509/3520
f 3945/4337/3528 3933/4336/3518 3934/4508/3519 3946/4510/3529
f 3944/4335/3527 3951/4339/3533 3932/4332/3517
f 3946/4510/3529 3934/4508/3519 3935/4509/3520 3947/4511/3530
f 3940/4327/3524 3970/4218/2860 3969/4338/3549
f 3948/4512/3531 3947/4513/3530 3935/4506/3520 3936/4505/3521
f 3949/4514/3532 3948/4512/3531 3936/4505/3521 3937/4507/3522
f 3949/4514/3532 3937/4507/3522 3938/4333/3523 3958/4340/3540
f 3956/4515/3538 3955/4516/3537 3947/4513/3530 3948/4512/3531
f 3938/4333/3523 3939/4334/3317 3958/4340/3540
f 3960/4219/2850 3941/4310/2831 3942/4330/3525 3686/4205/3352
f 3957/4517/3539 3956/4515/3538 3948/4512/3531 3949/4514/3532
f 3681/4203/3348 3686/4205/3352 3942/4330/3525 3943/4331/3526
f 3959/4341/3541 3939/4334/3317 3950/4329/3327 3968/4207/2858
f 3958/4340/3540 3957/4517/3539 3949/4514/3532
f 3943/4331/3526 3951/4339/3533 3681/4203/3348
f 3953/4343/3535 3952/4342/3534 3944/4335/3527 3945/4337/3528
f 3953/4343/3535 3945/4337/3528 3946/4510/3529 3954/4518/3536
f 3950/4329/3327 3969/4338/3549 3968/4207/2858
f 3954/4518/3536 3946/4510/3529 3947/4511/3530 3955/4519/3537
f 3962/4344/3543 3953/4343/3535 3954/4518/3536 3963/4520/3544
f 3963/4520/3544 3954/4518/3536 3955/4519/3537 3964/4521/3545
f 3965/4522/3546 3964/4523/3545 3955/4516/3537 3956/4515/3538
f 3966/4524/3547 3965/4522/3546 3956/4515/3538 3957/4517/3539
f 3966/4524/3547 3957/4517/3539 3958/4340/3540 3685/4346/2575
f 3967/4348/3548 3684/4212/3351 3965/4522/3546 3966/4524/3547
f 3958/4340/3540 3959/4341/3541 3685/4346/2575
f 3952/4342/3534 3961/4345/3542 3951/4339/3533
f 3687/4221/2577 3961/4345/3542 3952/4342/3534 3688/4355/3353
f 3966/4524/3547 3685/4346/2575 3967/4348/3548
f 3688/4355/3353 3952/4342/3534 3962/4344/3543 3689/4215/3354
f 3968/4207/2858 3694/4206/2584 3959/4341/3541
f 3689/4215/3354 3962/4344/3543 3963/4520/3544 3682/4213/3349
f 3682/4213/3349 3963/4520/3544 3964/4521/3545 3683/4350/3350
f 3684/4212/3351 3683/4211/3350 3964/4523/3545 3965/4522/3546
f 3971/4525/3550 3976/4526/3555 3985/4527/3564
f 3984/4528/3563 3993/4529/3572 4258/4530/3837
f 3982/4531/3561 3974/4532/3553 3973/4533/3552 3981/4534/3560
f 3972/4535/3551 3979/4536/3558 3980/4537/3559
f 4157/4538/3736 4260/4539/3839 4000/4540/3579
f 4250/4541/3829 4001/4542/3580 3976/4526/3555
f 3985/4527/3564 3986/4543/3565 3977/4544/3556
f 3991/4545/3570 3992/4546/3571 3984/4528/3563
f 3994/4547/3573 4003/4548/3582 3987/4549/3566
f 4001/4542/3580 4012/4550/3591 3985/4527/3564
f 3991/4545/3570 3998/4551/3577 4008/4552/3587
f 4250/4541/3829 4020/4553/3599 4011/4554/3590
f 4012/4550/3591 4002/4555/3581 3986/4543/3565
f 4010/4556/3589 4019/4557/3598 3999/4558/3578
f 3995/4559/3574 4003/4548/3582 4004/4560/3583
f 4013/4561/3592 4014/4562/3593 4003/4548/3582
f 4019/4557/3598 4056/4563/3635 4000/4540/3579
f 4157/4538/3736 4000/4540/3579 4056/4563/3635
f 4011/4554/3590 4031/4564/3610 4001/4542/3580
f 4031/4564/3610 4032/4565/3611 4012/4550/3591
f 4030/4566/3609 4048/4567/3627 4019/4557/3598
f 4022/4568/3601 4033/4569/3612 4023/4570/3602
f 4032/4565/3611 4038/4571/3617 4021/4572/3600
f 4022/4568/3601 4038/4571/3617 4039/4573/3618
f 4031/4564/3610 4011/4554/3590 4049/4574/3628
f 4047/4575/3626 4066/4576/3645 4048/4567/3627
f 4011/4554/3590 4020/4553/3599 4084/4577/3663
f 4050/4578/3629 4057/4579/3636 4038/4571/3617
f 4050/4578/3629 4049/4574/3628 4067/4580/3646
f 4047/4575/3626 4065/4581/3644 4074/4582/3653
f 4058/4583/3637 4059/4584/3638 4051/4585/3630
f 4056/4563/3635 4066/4576/3645 4118/4586/3697
f 4157/4538/3736 4056/4563/3635 4118/4586/3697
f 4067/4580/3646 4075/4587/3654 4057/4579/3636
f 4074/4582/3653 4083/4588/3662 4066/4576/3645
f 4082/4589/3661 4092/4590/3671 4073/4591/3652
f 4076/4592/3655 4077/4593/3656 4068/4594/3647
f 4084/4577/3663 4100/4595/3679 4049/4574/3628
f 4067/4580/3646 4100/4595/3679 4101/4596/3680
f 4085/4597/3664 4094/4598/3673 4103/4599/3682
f 4084/4577/3663 4020/4553/3599 4130/4600/3709
f 4101/4596/3680 4102/4601/3681 4094/4598/3673
f 4103/4599/3682 4104/4602/3683 4095/4603/3674
f 4130/4600/3709 4119/4604/3698 4100/4595/3679
f 4122/4605/3701 4123/4606/3702 4113/4607/3692
f 4137/4608/3716 4187/4609/3766 4118/4586/3697
f 4157/4538/3736 4118/4586/3697 4187/4609/3766
f 4119/4604/3698 4130/4600/3709 4149/4610/3728
f 4136/4611/3715 4147/4612/3726 4148/4613/3727
f 4140/4614/3719 4141/4615/3720 4131/4616/3710
f 4130/4600/3709 4020/4553/3599 4176/4617/3755
f 4149/4610/3728 4158/4618/3737 4138/4619/3717
f 4166/4620/3745 4175/4621/3754 4155/4622/3734
f 4160/4623/3739 4161/4624/3740 4150/4625/3729
f 4176/4617/3755 4168/4626/3747 4149/4610/3728
f 4184/4627/3763 4185/4628/3764 4175/4621/3754
f 4169/4629/3748 4178/4630/3757 4189/4631/3768
f 4176/4617/3755 4020/4553/3599 4231/4632/3810
f 4157/4538/3736 4187/4609/3766 4221/4633/3800
f 4177/4634/3756 4168/4626/3747 4188/4635/3767
f 4189/4631/3768 4190/4636/3769 4179/4637/3758
f 4189/4631/3768 4196/4638/3775 4206/4639/3785
f 4231/4632/3810 4204/4640/3783 4168/4626/3747
f 4188/4635/3767 4205/4641/3784 4196/4638/3775
f 4212/4642/3791 4220/4643/3799 4202/4644/3781
f 4206/4639/3785 4207/4645/3786 4197/4646/3776
f 4213/4647/3792 4230/4648/3809 4203/4649/3782
f 4206/4639/3785 4205/4641/3784 4214/4650/3793
f 4213/4647/3792 4220/4643/3799 4240/4651/3819
f 4204/4640/3783 4231/4632/3810 4232/4652/3811
f 4157/4538/3736 4221/4633/3800 4260/4539/3839
f 4233/4653/3812 4222/4654/3801 4205/4641/3784
f 4228/4655/3807 4229/4656/3808 4220/4643/3799
f 4230/4648/3809 4260/4539/3839 4221/4633/3800
f 4234/4657/3813 4235/4658/3814 4223/4659/3802
f 4240/4651/3819 4259/4660/3838 4230/4648/3809
f 4233/4653/3812 4241/4661/3820 4222/4654/3801
f 4248/4662/3827 4249/4663/3828 4229/4656/3808
f 4234/4657/3813 4241/4661/3820 4242/4664/3821
f 4231/4632/3810 4020/4553/3599 4250/4541/3829
f 4242/4664/3821 4252/4665/3831 4243/4666/3822
f 3971/4525/3550 4251/4667/3830 4241/4661/3820
f 4251/4667/3830 3971/4525/3550 3977/4544/3556
f 3975/4668/3554 3984/4528/3563 4249/4663/3828
f 3983/4669/3562 4257/4670/3836 3974/4532/3553 3982/4531/3561
f 3991/4545/3570 3975/4668/3554 4257/4670/3836 3983/4669/3562
f 3999/4558/3578 4259/4660/3838 4258/4530/3837 3993/4529/3572
f 3977/4544/3556 3971/4525/3550 3985/4527/3564
f 3975/4668/3554 3991/4545/3570 3984/4528/3563
f 4000/4540/3579 4260/4539/3839 4259/4660/3838 3999/4558/3578
f 3981/4671/3560 3973/4672/3552 3972/4535/3551 3980/4537/3559
f 3989/4673/3568 3981/4671/3560 3980/4537/3559 3988/4674/3567
f 3990/4675/3569 3982/4531/3561 3981/4534/3560 3989/4676/3568
f 3998/4551/3577 3983/4669/3562 3982/4531/3561 3990/4675/3569
f 3994/4547/3573 3978/4677/3557 3977/4544/3556 3986/4543/3565
f 3976/4526/3555 4001/4542/3580 3985/4527/3564
f 3983/4669/3562 3998/4551/3577 3991/4545/3570
f 3987/4549/3566 3979/4536/3558 3978/4677/3557 3994/4547/3573
f 3993/4529/3572 3984/4528/3563 3992/4546/3571
f 3987/4549/3566 3988/4674/3567 3980/4537/3559 3979/4536/3558
f 4008/4552/3587 4009/4678/3588 3992/4546/3571 3991/4545/3570
f 4009/4678/3588 4010/4556/3589 3993/4529/3572 3992/4546/3571
f 3995/4559/3574 3988/4674/3567 3987/4549/3566 4003/4548/3582
f 3993/4529/3572 4010/4556/3589 3999/4558/3578
f 3996/4679/3575 3989/4673/3568 3988/4674/3567 3995/4559/3574
f 3996/4680/3575 3997/4681/3576 3990/4675/3569 3989/4676/3568
f 4006/4682/3585 3997/4681/3576 3996/4680/3575 4005/4683/3584
f 3990/4675/3569 3997/4681/3576 3998/4551/3577
f 3985/4527/3564 4012/4550/3591 3986/4543/3565
f 4007/4684/3586 3998/4551/3577 3997/4681/3576 4006/4682/3585
f 4250/4541/3829 4011/4554/3590 4001/4542/3580
f 4013/4561/3592 3994/4547/3573 3986/4543/3565 4002/4555/3581
f 4008/4552/3587 3998/4551/3577 4007/4684/3586
f 4004/4560/3583 4005/4685/3584 3996/4679/3575 3995/4559/3574
f 3994/4547/3573 4013/4561/3592 4003/4548/3582
f 3999/4558/3578 4019/4557/3598 4000/4540/3579
f 4030/4566/3609 4010/4556/3589 4009/4678/3588 4029/4686/3608
f 4014/4562/3593 4015/4687/3594 4004/4560/3583 4003/4548/3582
f 4019/4557/3598 4010/4556/3589 4030/4566/3609
f 4015/4687/3594 4016/4688/3595 4005/4685/3584 4004/4560/3583
f 4017/4689/3596 4006/4682/3585 4005/4683/3584 4016/4690/3595
f 4018/4691/3597 4007/4684/3586 4006/4682/3585 4017/4689/3596
f 4018/4691/3597 4028/4692/3607 4008/4552/3587 4007/4684/3586
f 4001/4542/3580 4031/4564/3610 4012/4550/3591
f 4029/4686/3608 4009/4678/3588 4008/4552/3587 4028/4692/3607
f 4026/4693/3605 4017/4689/3596 4016/4690/3595 4025/4694/3604
f 4027/4695/3606 4018/4691/3597 4017/4689/3596 4026/4693/3605
f 4021/4572/3600 4002/4555/3581 4012/4550/3591 4032/4565/3611
f 4028/4692/3607 4018/4691/3597 4027/4695/3606
f 4021/4572/3600 4022/4568/3601 4013/4561/3592 4002/4555/3581
f 4023/4570/3602 4014/4562/3593 4013/4561/3592 4022/4568/3601
f 4023/4570/3602 4024/4696/3603 4015/4687/3594 4014/4562/3593
f 4024/4696/3603 4025/4697/3604 4016/4688/3595 4015/4687/3594
f 4056/4563/3635 4019/4557/3598 4048/4567/3627
f 4046/4698/3625 4047/4575/3626 4030/4566/3609 4029/4686/3608
f 4033/4569/3612 4034/4699/3613 4024/4696/3603 4023/4570/3602
f 4048/4567/3627 4030/4566/3609 4047/4575/3626
f 4034/4699/3613 4035/4700/3614 4025/4697/3604 4024/4696/3603
f 4036/4701/3615 4026/4693/3605 4025/4694/3604 4035/4702/3614
f 4037/4703/3616 4027/4695/3606 4026/4693/3605 4036/4701/3615
f 4037/4703/3616 4045/4704/3624 4028/4692/3607 4027/4695/3606
f 4046/4698/3625 4029/4686/3608 4028/4692/3607 4045/4704/3624
f 4044/4705/3623 4037/4703/3616 4036/4701/3615 4043/4706/3622
f 4022/4568/3601 4021/4572/3600 4038/4571/3617
f 4050/4578/3629 4032/4565/3611 4031/4564/3610 4049/4574/3628
f 4040/4707/3619 4033/4569/3612 4022/4568/3601 4039/4573/3618
f 4045/4704/3624 4037/4703/3616 4044/4705/3623
f 4032/4565/3611 4050/4578/3629 4038/4571/3617
f 4040/4707/3619 4041/4708/3620 4034/4699/3613 4033/4569/3612
f 4041/4708/3620 4042/4709/3621 4035/4700/3614 4034/4699/3613
f 4043/4706/3622 4036/4701/3615 4035/4702/3614 4042/4710/3621
f 4051/4585/3630 4052/4711/3631 4041/4708/3620 4040/4707/3619
f 4052/4711/3631 4053/4712/3632 4042/4709/3621 4041/4708/3620
f 4048/4567/3627 4066/4576/3645 4056/4563/3635
f 4054/4713/3633 4043/4706/3622 4042/4710/3621 4053/4714/3632
f 4055/4715/3634 4044/4705/3623 4043/4706/3622 4054/4713/3633
f 4011/4554/3590 4084/4577/3663 4049/4574/3628
f 4055/4715/3634 4064/4716/3643 4045/4704/3624 4044/4705/3623
f 4065/4581/3644 4046/4698/3625 4045/4704/3624 4064/4716/3643
f 4057/4579/3636 4058/4583/3637 4039/4573/3618 4038/4571/3617
f 4051/4585/3630 4040/4707/3619 4039/4573/3618 4058/4583/3637
f 4047/4575/3626 4046/4698/3625 4065/4581/3644
f 4059/4584/3638 4060/4717/3639 4052/4711/3631 4051/4585/3630
f 4064/4716/3643 4055/4715/3634 4063/4718/3642
f 4050/4578/3629 4067/4580/3646 4057/4579/3636
f 4047/4575/3626 4074/4582/3653 4066/4576/3645
f 4060/4717/3639 4061/4719/3640 4053/4712/3632 4052/4711/3631
f 4062/4720/3641 4054/4713/3633 4053/4714/3632 4061/4721/3640
f 4063/4718/3642 4055/4715/3634 4054/4713/3633 4062/4720/3641
f 4068/4594/3647 4069/4722/3648 4060/4717/3639 4059/4584/3638
f 4069/4722/3648 4070/4723/3649 4061/4719/3640 4060/4717/3639
f 4066/4576/3645 4083/4588/3662 4118/4586/3697
f 4071/4724/3650 4062/4720/3641 4061/4721/3640 4070/4725/3649
f 4072/4726/3651 4063/4718/3642 4062/4720/3641 4071/4724/3650
f 4072/4726/3651 4082/4589/3661 4064/4716/3643 4063/4718/3642
f 4073/4591/3652 4065/4581/3644 4064/4716/3643 4082/4589/3661
f 4075/4587/3654 4076/4592/3655 4058/4583/3637 4057/4579/3636
f 4068/4594/3647 4059/4584/3638 4058/4583/3637 4076/4592/3655
f 4074/4582/3653 4065/4581/3644 4073/4591/3652
f 4093/4727/3672 4074/4582/3653 4073/4591/3652 4092/4590/3671
f 4082/4589/3661 4072/4726/3651 4081/4728/3660
f 4077/4593/3656 4078/4729/3657 4069/4722/3648 4068/4594/3647
f 4083/4588/3662 4074/4582/3653 4093/4727/3672
f 4078/4729/3657 4079/4730/3658 4070/4723/3649 4069/4722/3648
f 4080/4731/3659 4071/4724/3650 4070/4725/3649 4079/4732/3658
f 4081/4728/3660 4072/4726/3651 4071/4724/3650 4080/4731/3659
f 4087/4733/3666 4088/4734/3667 4079/4730/3658 4078/4729/3657
f 4049/4574/3628 4100/4595/3679 4067/4580/3646
f 4089/4735/3668 4080/4731/3659 4079/4732/3658 4088/4736/3667
f 4090/4737/3669 4081/4728/3660 4080/4731/3659 4089/4735/3668
f 4090/4737/3669 4091/4738/3670 4082/4589/3661 4081/4728/3660
f 4094/4598/3673 4075/4587/3654 4067/4580/3646 4101/4596/3680
f 4094/4598/3673 4085/4597/3664 4076/4592/3655 4075/4587/3654
f 4082/4589/3661 4091/4738/3670 4092/4590/3671
f 4086/4739/3665 4077/4593/3656 4076/4592/3655 4085/4597/3664
f 4086/4739/3665 4087/4733/3666 4078/4729/3657 4077/4593/3656
f 4110/4740/3689 4092/4590/3671 4091/4738/3670 4109/4741/3688
f 4110/4740/3689 4111/4742/3690 4093/4727/3672 4092/4590/3671
f 4095/4603/3674 4086/4739/3665 4085/4597/3664 4103/4599/3682
f 4112/4743/3691 4083/4588/3662 4093/4727/3672 4111/4742/3690
f 4095/4603/3674 4096/4744/3675 4087/4733/3666 4086/4739/3665
f 4096/4744/3675 4097/4745/3676 4088/4734/3667 4087/4733/3666
f 4083/4588/3662 4112/4743/3691 4118/4586/3697
f 4098/4746/3677 4089/4735/3668 4088/4736/3667 4097/4747/3676
f 4099/4748/3678 4090/4737/3669 4089/4735/3668 4098/4746/3677
f 4084/4577/3663 4130/4600/3709 4100/4595/3679
f 4099/4748/3678 4109/4741/3688 4091/4738/3670 4090/4737/3669
f 4105/4749/3684 4106/4750/3685 4097/4745/3676 4096/4744/3675
f 4107/4751/3686 4098/4746/3677 4097/4747/3676 4106/4752/3685
f 4108/4753/3687 4099/4748/3678 4098/4746/3677 4107/4751/3686
f 4104/4602/3683 4105/4749/3684 4096/4744/3675 4095/4603/3674
f 4109/4741/3688 4099/4748/3678 4108/4753/3687
f 4103/4599/3682 4094/4598/3673 4102/4601/3681
f 4129/4754/3708 4110/4740/3689 4109/4741/3688 4128/4755/3707
f 4121/4756/3700 4122/4605/3701 4103/4599/3682 4102/4601/3681
f 4129/4754/3708 4136/4611/3715 4111/4742/3690 4110/4740/3689
f 4113/4607/3692 4104/4602/3683 4103/4599/3682 4122/4605/3701
f 4137/4608/3716 4112/4743/3691 4111/4742/3690 4136/4611/3715
f 4113/4607/3692 4114/4757/3693 4105/4749/3684 4104/4602/3683
f 4114/4757/3693 4115/4758/3694 4106/4750/3685 4105/4749/3684
f 4118/4586/3697 4112/4743/3691 4137/4608/3716
f 4116/4759/3695 4107/4751/3686 4106/4752/3685 4115/4760/3694
f 4117/4761/3696 4108/4753/3687 4107/4751/3686 4116/4759/3695
f 4119/4604/3698 4120/4762/3699 4101/4596/3680 4100/4595/3679
f 4117/4761/3696 4128/4755/3707 4109/4741/3688 4108/4753/3687
f 4121/4756/3700 4102/4601/3681 4101/4596/3680 4120/4762/3699
f 4126/4763/3705 4116/4759/3695 4115/4760/3694 4125/4764/3704
f 4127/4765/3706 4117/4761/3696 4116/4759/3695 4126/4763/3705
f 4123/4606/3702 4124/4766/3703 4114/4757/3693 4113/4607/3692
f 4128/4755/3707 4117/4761/3696 4127/4765/3706
f 4124/4766/3703 4125/4767/3704 4115/4758/3694 4114/4757/3693
f 4131/4616/3710 4123/4606/3702 4122/4605/3701 4140/4614/3719
f 4136/4611/3715 4129/4754/3708 4147/4612/3726
f 4131/4616/3710 4132/4768/3711 4124/4766/3703 4123/4606/3702
f 4132/4768/3711 4133/4769/3712 4125/4767/3704 4124/4766/3703
f 4134/4770/3713 4126/4763/3705 4125/4764/3704 4133/4771/3712
f 4135/4772/3714 4127/4765/3706 4126/4763/3705 4134/4770/3713
f 4138/4619/3717 4120/4762/3699 4119/4604/3698 4149/4610/3728
f 4135/4772/3714 4146/4773/3725 4128/4755/3707 4127/4765/3706
f 4139/4774/3718 4121/4756/3700 4120/4762/3699 4138/4619/3717
f 4147/4612/3726 4129/4754/3708 4128/4755/3707 4146/4773/3725
f 4139/4774/3718 4140/4614/3719 4122/4605/3701 4121/4756/3700
f 4145/4775/3724 4135/4772/3714 4134/4770/3713 4144/4776/3723
f 4156/4777/3735 4137/4608/3716 4136/4611/3715 4148/4613/3727
f 4146/4773/3725 4135/4772/3714 4145/4775/3724
f 4141/4615/3720 4142/4778/3721 4132/4768/3711 4131/4616/3710
f 4142/4778/3721 4143/4779/3722 4133/4769/3712 4132/4768/3711
f 4187/4609/3766 4137/4608/3716 4156/4777/3735
f 4144/4776/3723 4134/4770/3713 4133/4771/3712 4143/4780/3722
f 4150/4625/3729 4141/4615/3720 4140/4614/3719 4160/4623/3739
f 4150/4625/3729 4151/4781/3730 4142/4778/3721 4141/4615/3720
f 4151/4781/3730 4152/4782/3731 4143/4779/3722 4142/4778/3721
f 4153/4783/3732 4144/4776/3723 4143/4780/3722 4152/4784/3731
f 4154/4785/3733 4145/4775/3724 4144/4776/3723 4153/4783/3732
f 4130/4600/3709 4176/4617/3755 4149/4610/3728
f 4154/4785/3733 4166/4620/3745 4146/4773/3725 4145/4775/3724
f 4159/4786/3738 4139/4774/3718 4138/4619/3717 4158/4618/3737
f 4155/4622/3734 4147/4612/3726 4146/4773/3725 4166/4620/3745
f 4159/4786/3738 4160/4623/3739 4140/4614/3719 4139/4774/3718
f 4165/4787/3744 4154/4785/3733 4153/4783/3732 4164/4788/3743
f 4148/4613/3727 4147/4612/3726 4155/4622/3734
f 4175/4621/3754 4167/4789/3746 4148/4613/3727 4155/4622/3734
f 4166/4620/3745 4154/4785/3733 4165/4787/3744
f 4186/4790/3765 4156/4777/3735 4148/4613/3727 4167/4789/3746
f 4161/4624/3740 4162/4791/3741 4151/4781/3730 4150/4625/3729
f 4162/4791/3741 4163/4792/3742 4152/4782/3731 4151/4781/3730
f 4156/4777/3735 4186/4790/3765 4187/4609/3766
f 4164/4788/3743 4153/4783/3732 4152/4784/3731 4163/4793/3742
f 4170/4794/3749 4171/4795/3750 4162/4791/3741 4161/4624/3740
f 4171/4795/3750 4172/4796/3751 4163/4792/3742 4162/4791/3741
f 4173/4797/3752 4164/4788/3743 4163/4793/3742 4172/4798/3751
f 4174/4799/3753 4165/4787/3744 4164/4788/3743 4173/4797/3752
f 4177/4634/3756 4158/4618/3737 4149/4610/3728 4168/4626/3747
f 4174/4799/3753 4184/4627/3763 4166/4620/3745 4165/4787/3744
f 4178/4630/3757 4159/4786/3738 4158/4618/3737 4177/4634/3756
f 4169/4629/3748 4160/4623/3739 4159/4786/3738 4178/4630/3757
f 4166/4620/3745 4184/4627/3763 4175/4621/3754
f 4170/4794/3749 4161/4624/3740 4160/4623/3739 4169/4629/3748
f 4179/4637/3758 4170/4794/3749 4169/4629/3748 4189/4631/3768
f 4184/4627/3763 4174/4799/3753 4183/4800/3762
f 4167/4789/3746 4175/4621/3754 4185/4628/3764
f 4179/4637/3758 4180/4801/3759 4171/4795/3750 4170/4794/3749
f 4180/4801/3759 4181/4802/3760 4172/4796/3751 4171/4795/3750
f 4182/4803/3761 4173/4797/3752 4172/4798/3751 4181/4804/3760
f 4183/4800/3762 4174/4799/3753 4173/4797/3752 4182/4803/3761
f 4190/4636/3769 4191/4805/3770 4180/4801/3759 4179/4637/3758
f 4221/4633/3800 4187/4609/3766 4186/4790/3765 4203/4649/3782
f 4191/4805/3770 4192/4806/3771 4181/4802/3760 4180/4801/3759
f 4193/4807/3772 4182/4803/3761 4181/4804/3760 4192/4808/3771
f 4194/4809/3773 4183/4800/3762 4182/4803/3761 4193/4807/3772
f 4176/4617/3755 4231/4632/3810 4168/4626/3747
f 4194/4809/3773 4195/4810/3774 4184/4627/3763 4183/4800/3762
f 4196/4638/3775 4178/4630/3757 4177/4634/3756 4188/4635/3767
f 4202/4644/3781 4185/4628/3764 4184/4627/3763 4195/4810/3774
f 4202/4644/3781 4213/4647/3792 4167/4789/3746 4185/4628/3764
f 4189/4631/3768 4178/4630/3757 4196/4638/3775
f 4203/4649/3782 4186/4790/3765 4167/4789/3746 4213/4647/3792
f 4201/4811/3780 4212/4642/3791 4195/4810/3774 4194/4809/3773
f 4197/4646/3776 4190/4636/3769 4189/4631/3768 4206/4639/3785
f 4195/4810/3774 4212/4642/3791 4202/4644/3781
f 4197/4646/3776 4198/4812/3777 4191/4805/3770 4190/4636/3769
f 4198/4812/3777 4199/4813/3778 4192/4806/3771 4191/4805/3770
f 4200/4814/3779 4193/4807/3772 4192/4808/3771 4199/4815/3778
f 4201/4811/3780 4194/4809/3773 4193/4807/3772 4200/4814/3779
f 4208/4816/3787 4209/4817/3788 4199/4813/3778 4198/4812/3777
f 4188/4635/3767 4168/4626/3747 4204/4640/3783
f 4203/4649/3782 4230/4648/3809 4221/4633/3800
f 4210/4818/3789 4200/4814/3779 4199/4815/3778 4209/4819/3788
f 4211/4820/3790 4201/4811/3780 4200/4814/3779 4210/4818/3789
f 4207/4645/3786 4208/4816/3787 4198/4812/3777 4197/4646/3776
f 4212/4642/3791 4201/4811/3780 4211/4820/3790
f 4206/4639/3785 4196/4638/3775 4205/4641/3784
f 4213/4647/3792 4202/4644/3781 4220/4643/3799
f 4215/4821/3794 4207/4645/3786 4206/4639/3785 4214/4650/3793
f 4212/4642/3791 4228/4655/3807 4220/4643/3799
f 4215/4821/3794 4216/4822/3795 4208/4816/3787 4207/4645/3786
f 4230/4648/3809 4213/4647/3792 4240/4651/3819
f 4216/4822/3795 4217/4823/3796 4209/4817/3788 4208/4816/3787
f 4218/4824/3797 4210/4818/3789 4209/4819/3788 4217/4825/3796
f 4219/4826/3798 4211/4820/3790 4210/4818/3789 4218/4824/3797
f 4233/4653/3812 4188/4635/3767 4204/4640/3783 4232/4652/3811
f 4219/4826/3798 4228/4655/3807 4212/4642/3791 4211/4820/3790
f 4226/4827/3805 4218/4824/3797 4217/4825/3796 4225/4828/3804
f 4188/4635/3767 4233/4653/3812 4205/4641/3784
f 4227/4829/3806 4219/4826/3798 4218/4824/3797 4226/4827/3805
f 4222/4654/3801 4234/4657/3813 4214/4650/3793 4205/4641/3784
f 4228/4655/3807 4219/4826/3798 4227/4829/3806
f 4223/4659/3802 4215/4821/3794 4214/4650/3793 4234/4657/3813
f 4240/4651/3819 4220/4643/3799 4229/4656/3808
f 4223/4659/3802 4224/4830/3803 4216/4822/3795 4215/4821/3794
f 4224/4830/3803 4225/4831/3804 4217/4823/3796 4216/4822/3795
f 4235/4658/3814 4236/4832/3815 4224/4830/3803 4223/4659/3802
f 4234/4657/3813 4222/4654/3801 4241/4661/3820
f 4236/4832/3815 4237/4833/3816 4225/4831/3804 4224/4830/3803
f 4230/4648/3809 4259/4660/3838 4260/4539/3839
f 4238/4834/3817 4226/4827/3805 4225/4828/3804 4237/4835/3816
f 4239/4836/3818 4227/4829/3806 4226/4827/3805 4238/4834/3817
f 4239/4836/3818 4248/4662/3827 4228/4655/3807 4227/4829/3806
f 4246/4837/3825 4238/4834/3817 4237/4835/3816 4245/4838/3824
f 4228/4655/3807 4248/4662/3827 4229/4656/3808
f 4250/4541/3829 3976/4526/3555 4232/4652/3811 4231/4632/3810
f 4247/4839/3826 4239/4836/3818 4238/4834/3817 4246/4837/3825
f 3971/4525/3550 4233/4653/3812 4232/4652/3811 3976/4526/3555
f 4249/4663/3828 4258/4530/3837 4240/4651/3819 4229/4656/3808
f 4248/4662/3827 4239/4836/3818 4247/4839/3826
f 4233/4653/3812 3971/4525/3550 4241/4661/3820
f 4243/4666/3822 4235/4658/3814 4234/4657/3813 4242/4664/3821
f 4243/4666/3822 4244/4840/3823 4236/4832/3815 4235/4658/3814
f 4240/4651/3819 4258/4530/3837 4259/4660/3838
f 4244/4840/3823 4245/4841/3824 4237/4833/3816 4236/4832/3815
f 4252/4665/3831 4253/4842/3832 4244/4840/3823 4243/4666/3822
f 4253/4842/3832 4254/4843/3833 4245/4841/3824 4244/4840/3823
f 4255/4844/3834 4246/4837/3825 4245/4838/3824 4254/4845/3833
f 4256/4846/3835 4247/4839/3826 4246/4837/3825 4255/4844/3834
f 4256/4846/3835 3975/4668/3554 4248/4662/3827 4247/4839/3826
f 4257/4670/3836 4256/4846/3835 4255/4844/3834 3974/4532/3553
f 4248/4662/3827 3975/4668/3554 4249/4663/3828
f 4242/4664/3821 4241/4661/3820 4251/4667/3830
f 3977/4544/3556 3978/4677/3557 4242/4664/3821 4251/4667/3830
f 4256/4846/3835 4257/4670/3836 3975/4668/3554
f 3978/4677/3557 3979/4536/3558 4252/4665/3831 4242/4664/3821
f 4258/4530/3837 4249/4663/3828 3984/4528/3563
f 3979/4536/3558 3972/4535/3551 4253/4842/3832 4252/4665/3831
f 3972/4535/3551 3973/4672/3552 4254/4843/3833 4253/4842/3832
f 3974/4532/3553 4255/4844/3834 4254/4845/3833 3973/4533/3552
f 4267/4847/3846 4266/4848/3845 4278/4849/3857
f 4282/4850/3861 4272/4851/3851 4271/4852/3850
f 4283/4853/3862 4274/4854/3853 4273/4855/3852
f 4277/4856/3856 4276/4857/3855 4285/4858/3864
f 4303/4859/3882 4291/4860/3870 4302/4861/3881
f 4296/4862/3875 4295/4863/3874 4307/4864/3886
f 4325/4865/3904 4314/4866/3893 4313/4867/3892
f 4317/4868/3896 4316/4869/3895 4327/4870/3906
f 4360/4871/3939 4351/4872/3930 4350/4873/3929
f 4356/4874/3935 4355/4875/3934 4364/4876/3943
f 4378/4877/3957 4370/4878/3949 4369/4879/3948
f 4376/4880/3955 4375/4881/3954 4382/4882/3961
f 4377/4883/3956 4366/4884/3945 4384/4885/3963
f 4385/4886/3964 4368/4887/3947 4377/4888/3956
f 4387/4889/3966 4373/4890/3952 4380/4891/3959
f 4381/4892/3960 4373/4890/3952 4387/4889/3966
f 4394/4893/3973 4379/4894/3958 4378/4877/3957
f 4388/4895/3967 4382/4882/3961 4398/4896/3977
f 4398/4896/3977 4397/4897/3976 4400/4898/3979
f 4400/4898/3979 4396/4899/3975 4409/4900/3988
f 4410/4901/3989 4400/4898/3979 4412/4902/3991
f 4416/4903/3995 4407/4904/3986 4406/4905/3985
f 4412/4902/3991 4409/4900/3988 4418/4906/3997
f 4411/4907/3990 4410/4901/3989 4419/4908/3998
f 4419/4908/3998 4412/4902/3991 4427/4909/4006
f 4433/4910/4012 4416/4903/3995 4425/4911/4004
f 4427/4909/4006 4418/4906/3997 4435/4912/4014
f 4426/4913/4005 4419/4908/3998 4436/4914/4015
f 4437/4915/4016 4429/4916/4008 4428/4917/4007
f 4432/4918/4011 4431/4919/4010 4439/4920/4018
f 4440/4921/4019 4427/4909/4006 4435/4912/4014
f 4450/4922/4029 4436/4914/4015 4440/4921/4019
f 4452/4923/4031 4442/4924/4021 4441/4925/4020
f 4445/4926/4024 4444/4927/4023 4454/4928/4033
f 4455/4929/4034 4440/4921/4019 4449/4930/4028
f 4456/4931/4035 4441/4925/4020 4451/4932/4030
f 4446/4933/4025 4445/4926/4024 4460/4934/4039
f 4464/4935/4043 4450/4922/4029 4455/4929/4034
f 4465/4936/4044 4455/4929/4034 4463/4937/4042
f 4475/4938/4054 4464/4935/4043 4465/4936/4044
f 4477/4939/4056 4465/4936/4044 4474/4940/4053
f 4478/4941/4057 4466/4942/4045 4476/4943/4055
f 4471/4944/4050 4470/4945/4049 4482/4946/4061
f 4486/4947/4065 4475/4938/4054 4477/4939/4056
f 4487/4948/4066 4477/4939/4056 4485/4949/4064
f 4483/4950/4062 4471/4944/4050 4493/4951/4072
f 4496/4952/4075 4476/4943/4055 4486/4947/4065
f 4497/4953/4076 4487/4948/4066 4495/4954/4074
f 4498/4955/4077 4489/4956/4068 4488/4957/4067
f 4492/4958/4071 4491/4959/4070 4500/4960/4079
f 4504/4961/4083 4486/4947/4065 4497/4953/4076
f 4505/4962/4084 4498/4955/4077 4507/4963/4086
f 4508/4964/4087 4500/4960/4079 4505/4965/4084
f 4504/4961/4083 4497/4953/4076 4512/4966/4091
f 4514/4967/4093 4501/4968/4080 4510/4969/4089
f 4511/4970/4090 4504/4961/4083 4516/4971/4095
f 4513/4972/4092 4507/4963/4086 4518/4973/4097
f 4519/4974/4098 4508/4964/4087 4513/4975/4092
f 4521/4976/4100 4503/4977/4082 4515/4978/4094
f 4512/4966/4091 4503/4977/4082 4521/4976/4100
f 4516/4971/4095 4512/4966/4091 4522/4979/4101
f 4524/4980/4103 4515/4981/4094 4514/4967/4093
f 4523/4982/4102 4518/4973/4097 4526/4983/4105
f 4527/4984/4106 4519/4974/4098 4523/4985/4102
f 4530/4986/4109 4521/4976/4100 4524/4987/4103
f 4522/4979/4101 4521/4976/4100 4530/4986/4109
f 4516/4971/4095 4522/4979/4101 4532/4988/4111
f 4534/4989/4113 4514/4967/4093 4529/4990/4108
f 4531/4991/4110 4516/4971/4095 4536/4992/4115
f 4533/4993/4112 4526/4983/4105 4538/4994/4117
f 4539/4995/4118 4527/4984/4106 4533/4996/4112
f 4541/4997/4120 4530/4986/4109 4535/4998/4114
f 4532/4988/4111 4530/4986/4109 4541/4997/4120
f 4536/4992/4115 4532/4988/4111 4542/4999/4121
f 4544/5000/4123 4534/4989/4113 4529/4990/4108
f 4531/4991/4110 4536/4992/4115 4546/5001/4125
f 4543/5002/4122 4538/4994/4117 4548/5003/4127
f 4549/5004/4128 4539/4995/4118 4543/5005/4122
f 4552/5006/4131 4541/4997/4120 4545/5007/4124
f 4542/4999/4121 4541/4997/4120 4552/5006/4131
f 4546/5001/4125 4542/4999/4121 4554/5008/4133
f 4556/5009/4135 4544/5000/4123 4551/5010/4130
f 4553/5011/4132 4546/5001/4125 4558/5012/4137
f 4555/5013/4134 4548/5003/4127 4560/5014/4139
f 4561/5015/4140 4549/5004/4128 4555/5016/4134
f 4563/5017/4142 4552/5006/4131 4557/5018/4136
f 4554/5008/4133 4552/5006/4131 4563/5017/4142
f 4558/5012/4137 4554/5008/4133 4564/5019/4143
f 4566/5020/4145 4556/5009/4135 4551/5010/4130
f 4553/5011/4132 4558/5012/4137 4568/5021/4147
f 4565/5022/4144 4560/5014/4139 4570/5023/4149
f 4571/5024/4150 4561/5015/4140 4565/5025/4144
f 4574/5026/4153 4563/5017/4142 4567/5027/4146
f 4564/5019/4143 4563/5017/4142 4574/5026/4153
f 4576/5028/4155 4570/5023/4149 4577/5029/4156
f 4578/5030/4157 4571/5024/4150 4576/5031/4155
f 4568/5021/4147 4564/5019/4143 4579/5032/4158
f 4581/5033/4160 4566/5020/4145 4573/5034/4152
f 4575/5035/4154 4568/5021/4147 4583/5036/4162
f 4580/5037/4159 4577/5029/4156 4585/5038/4164
f 4586/5039/4165 4578/5030/4157 4580/5040/4159
f 4589/5041/4168 4574/5026/4153 4582/5042/4161
f 4579/5032/4158 4574/5026/4153 4589/5041/4168
f 4591/5043/4170 4585/5038/4164 4592/5044/4171
f 4593/5045/4172 4586/5039/4165 4591/5046/4170
f 4583/5036/4162 4579/5032/4158 4594/5047/4173
f 4596/5048/4175 4581/5033/4160 4588/5049/4167
f 4590/5050/4169 4583/5036/4162 4598/5051/4177
f 4595/5052/4174 4592/5044/4171 4600/5053/4179
f 4601/5054/4180 4593/5045/4172 4595/5055/4174
f 4604/5056/4183 4589/5041/4168 4597/5057/4176
f 4594/5047/4173 4589/5041/4168 4604/5056/4183
f 4606/5058/4185 4600/5053/4179 4608/5059/4187
f 4609/5060/4188 4601/5054/4180 4606/5061/4185
f 4598/5051/4177 4594/5047/4173 4611/5062/4190
f 4613/5063/4192 4596/5048/4175 4603/5064/4182
f 4605/5065/4184 4598/5051/4177 4615/5066/4194
f 4612/5067/4191 4608/5059/4187 4617/5068/4196
f 4618/5069/4197 4609/5060/4188 4612/5070/4191
f 4621/5071/4200 4604/5056/4183 4614/5072/4193
f 4615/5066/4194 4611/5062/4190 4622/5073/4201
f 4625/5074/4204 4614/5075/4193 4613/5063/4192
f 4624/5076/4203 4617/5068/4196 4626/5077/4205
f 4627/5078/4206 4618/5069/4197 4624/5079/4203
f 4628/5080/4207 4621/5071/4200 4625/5081/4204
f 4615/5066/4194 4622/5073/4201 4629/5082/4208
f 4630/5083/4209 4616/5084/4195 4623/5085/4202
f 4631/5086/4210 4624/5076/4203 4626/5077/4205
f 4627/5078/4206 4624/5079/4203 4631/5087/4210
f 4620/5088/4199 4619/5089/4198 4632/5090/4211
f 4628/5080/4207 4625/5081/4204 4634/5091/4213
f 4635/5092/4214 4615/5066/4194 4629/5082/4208
f 4636/5093/4215 4626/5077/4205 4630/5083/4209
f 4632/5090/4211 4627/5078/4206 4637/5094/4216
f 4633/5095/4212 4620/5088/4199 4638/5096/4217
f 4641/5097/4220 4623/5085/4202 4635/5092/4214
f 4642/5098/4221 4630/5083/4209 4641/5097/4220
f 4643/5099/4222 4631/5086/4210 4636/5093/4215
f 4637/5094/4216 4631/5087/4210 4643/5100/4222
f 4638/5096/4217 4632/5090/4211 4644/5101/4223
f 4639/5102/4218 4634/5091/4213 4646/5103/4225
f 4647/5104/4226 4635/5092/4214 4640/5105/4219
f 4648/5106/4227 4636/5093/4215 4642/5098/4221
f 4644/5101/4223 4637/5094/4216 4650/5107/4229
f 4653/5108/4232 4641/5097/4220 4647/5104/4226
f 4261/5109/3840 4273/4855/3852 4274/4854/3853 4262/5110/3841
f 4262/5110/3841 4274/4854/3853 4275/5111/3854 4263/5112/3842
f 4275/5113/3854 4276/4857/3855 4264/5114/3843 4263/5115/3842
f 4276/4857/3855 4277/4856/3856 4265/5116/3844 4264/5114/3843
f 4277/4856/3856 4278/4849/3857 4266/4848/3845 4265/5116/3844
f 4279/5117/3858 4280/5118/3859 4269/5119/3848 4268/5120/3847
f 4268/5121/3847 4267/4847/3846 4279/5122/3858
f 4269/5119/3848 4280/5118/3859 4281/5123/3860 4270/5124/3849
f 4274/4854/3853 4283/4853/3862 4284/5125/3863 4275/5111/3854
f 4271/4852/3850 4270/5124/3849 4281/5123/3860
f 4284/5126/3863 4285/4858/3864 4276/4857/3855 4275/5113/3854
f 4286/5127/3865 4287/5128/3866 4279/5122/3858 4267/4847/3846
f 4267/4847/3846 4278/4849/3857 4286/5127/3865
f 4287/5129/3866 4288/5130/3867 4280/5118/3859 4279/5117/3858
f 4280/5118/3859 4288/5130/3867 4289/5131/3868 4281/5123/3860
f 4281/5123/3860 4289/5131/3868 4290/5132/3869 4271/4852/3850
f 4282/4850/3861 4302/4861/3881 4291/4860/3870 4273/4855/3852
f 4282/4850/3861 4271/4852/3850 4290/5132/3869
f 4273/4855/3852 4291/4860/3870 4292/5133/3871 4283/4853/3862
f 4283/4853/3862 4292/5133/3871 4293/5134/3872 4284/5125/3863
f 4293/5135/3872 4294/5136/3873 4285/4858/3864 4284/5126/3863
f 4294/5136/3873 4295/4863/3874 4277/4856/3856 4285/4858/3864
f 4295/4863/3874 4296/4862/3875 4278/4849/3857 4277/4856/3856
f 4296/4862/3875 4297/5137/3876 4286/5127/3865 4278/4849/3857
f 4297/5137/3876 4298/5138/3877 4287/5128/3866 4286/5127/3865
f 4298/5139/3877 4299/5140/3878 4288/5130/3867 4287/5129/3866
f 4288/5130/3867 4299/5140/3878 4300/5141/3879 4289/5131/3868
f 4289/5131/3868 4300/5141/3879 4301/5142/3880 4290/5132/3869
f 4290/5132/3869 4301/5142/3880 4302/4861/3881 4282/4850/3861
f 4291/4860/3870 4303/4859/3882 4304/5143/3883 4292/5133/3871
f 4292/5133/3871 4304/5143/3883 4305/5144/3884 4293/5134/3872
f 4305/5145/3884 4306/5146/3885 4294/5136/3873 4293/5135/3872
f 4306/5146/3885 4307/4864/3886 4295/4863/3874 4294/5136/3873
f 4308/5147/3887 4309/5148/3888 4298/5138/3877 4297/5137/3876
f 4297/5137/3876 4296/4862/3875 4308/5147/3887
f 4309/5149/3888 4310/5150/3889 4299/5140/3878 4298/5139/3877
f 4299/5140/3878 4310/5150/3889 4311/5151/3890 4300/5141/3879
f 4300/5141/3879 4311/5151/3890 4312/5152/3891 4301/5142/3880
f 4302/4861/3881 4324/5153/3903 4313/4867/3892 4303/4859/3882
f 4302/4861/3881 4301/5142/3880 4312/5152/3891
f 4303/4859/3882 4313/4867/3892 4314/4866/3893 4304/5143/3883
f 4304/5143/3883 4314/4866/3893 4315/5154/3894 4305/5144/3884
f 4315/5155/3894 4316/4869/3895 4306/5146/3885 4305/5145/3884
f 4316/4869/3895 4317/4868/3896 4307/4864/3886 4306/5146/3885
f 4317/4868/3896 4318/5156/3897 4296/4862/3875 4307/4864/3886
f 4318/5156/3897 4319/5157/3898 4308/5147/3887 4296/4862/3875
f 4319/5157/3898 4320/5158/3899 4309/5148/3888 4308/5147/3887
f 4320/5159/3899 4321/5160/3900 4310/5150/3889 4309/5149/3888
f 4310/5150/3889 4321/5160/3900 4322/5161/3901 4311/5151/3890
f 4311/5151/3890 4322/5161/3901 4323/5162/3902 4312/5152/3891
f 4312/5152/3891 4323/5162/3902 4324/5153/3903 4302/4861/3881
f 4314/4866/3893 4325/4865/3904 4326/5163/3905 4315/5154/3894
f 4326/5164/3905 4327/4870/3906 4316/4869/3895 4315/5155/3894
f 4328/5165/3907 4329/5166/3908 4320/5158/3899 4319/5157/3898
f 4319/5157/3898 4318/5156/3897 4328/5165/3907
f 4329/5167/3908 4330/5168/3909 4321/5160/3900 4320/5159/3899
f 4321/5160/3900 4330/5168/3909 4331/5169/3910 4322/5161/3901
f 4322/5161/3901 4331/5169/3910 4332/5170/3911 4323/5162/3902
f 4344/5171/3923 4333/5172/3912 4313/4867/3892 4324/5153/3903
f 4324/5153/3903 4323/5162/3902 4332/5170/3911
f 4333/5172/3912 4334/5173/3913 4325/4865/3904 4313/4867/3892
f 4334/5173/3913 4335/5174/3914 4326/5163/3905 4325/4865/3904
f 4326/5164/3905 4335/5175/3914 4336/5176/3915 4327/4870/3906
f 4327/4870/3906 4336/5176/3915 4337/5177/3916 4317/4868/3896
f 4317/4868/3896 4337/5177/3916 4338/5178/3917 4318/5156/3897
f 4318/5156/3897 4338/5178/3917 4339/5179/3918 4328/5165/3907
f 4328/5165/3907 4339/5179/3918 4340/5180/3919 4329/5166/3908
f 4329/5167/3908 4340/5181/3919 4341/5182/3920 4330/5168/3909
f 4341/5182/3920 4342/5183/3921 4331/5169/3910 4330/5168/3909
f 4342/5183/3921 4343/5184/3922 4332/5170/3911 4331/5169/3910
f 4343/5184/3922 4344/5171/3923 4324/5153/3903 4332/5170/3911
f 4356/4874/3935 4345/5185/3924 4333/5172/3912 4344/5171/3923
f 4345/5185/3924 4346/5186/3925 4334/5173/3913 4333/5172/3912
f 4346/5186/3925 4347/5187/3926 4335/5174/3914 4334/5173/3913
f 4335/5175/3914 4347/5188/3926 4348/5189/3927 4336/5176/3915
f 4336/5176/3915 4348/5189/3927 4349/5190/3928 4337/5177/3916
f 4337/5177/3916 4349/5190/3928 4350/4873/3929 4338/5178/3917
f 4338/5178/3917 4350/4873/3929 4351/4872/3930 4339/5179/3918
f 4339/5179/3918 4351/4872/3930 4352/5191/3931 4340/5180/3919
f 4340/5181/3919 4352/5192/3931 4353/5193/3932 4341/5182/3920
f 4353/5193/3932 4354/5194/3933 4342/5183/3921 4341/5182/3920
f 4354/5194/3933 4355/4875/3934 4343/5184/3922 4342/5183/3921
f 4355/4875/3934 4356/4874/3935 4344/5171/3923 4343/5184/3922
f 4357/5195/3936 4358/5196/3937 4347/5187/3926 4346/5186/3925
f 4346/5186/3925 4345/5185/3924 4357/5195/3936
f 4347/5188/3926 4358/5197/3937 4359/5198/3938 4348/5189/3927
f 4351/4872/3930 4360/4871/3939 4361/5199/3940 4352/5191/3931
f 4349/5190/3928 4348/5189/3927 4359/5198/3938
f 4352/5192/3931 4361/5200/3940 4362/5201/3941 4353/5193/3932
f 4362/5201/3941 4363/5202/3942 4354/5194/3933 4353/5193/3932
f 4363/5202/3942 4364/4876/3943 4355/4875/3934 4354/5194/3933
f 4376/4880/3955 4365/5203/3944 4345/5185/3924 4356/4874/3935
f 4365/5203/3944 4366/4884/3945 4357/5195/3936 4345/5185/3924
f 4366/4884/3945 4367/5204/3946 4358/5196/3937 4357/5195/3936
f 4358/5197/3937 4367/5205/3946 4368/4887/3947 4359/5198/3938
f 4359/5198/3938 4368/4887/3947 4369/4879/3948 4349/5190/3928
f 4349/5190/3928 4369/4879/3948 4370/4878/3949 4350/4873/3929
f 4350/4873/3929 4370/4878/3949 4371/5206/3950 4360/4871/3939
f 4360/4871/3939 4371/5206/3950 4372/5207/3951 4361/5199/3940
f 4361/5200/3940 4372/5208/3951 4373/4890/3952 4362/5201/3941
f 4373/4890/3952 4374/5209/3953 4363/5202/3942 4362/5201/3941
f 4374/5209/3953 4375/4881/3954 4364/4876/3943 4363/5202/3942
f 4375/4881/3954 4376/4880/3955 4356/4874/3935 4364/4876/3943
f 4370/4878/3949 4378/4877/3957 4379/4894/3958 4371/5206/3950
f 4367/5204/3946 4366/4884/3945 4377/4883/3956
f 4368/4887/3947 4367/5205/3946 4377/4888/3956
f 4371/5206/3950 4379/4894/3958 4380/5210/3959 4372/5207/3951
f 4381/4892/3960 4382/4882/3961 4375/4881/3954 4374/5209/3953
f 4373/4890/3952 4372/5208/3951 4380/4891/3959
f 4374/5209/3953 4373/4890/3952 4381/4892/3960
f 4388/4895/3967 4383/5211/3962 4365/5203/3944 4376/4880/3955
f 4383/5211/3962 4384/4885/3963 4366/4884/3945 4365/5203/3944
f 4368/4887/3947 4385/4886/3964 4386/5212/3965 4369/4879/3948
f 4389/5213/3968 4390/5214/3969 4384/4885/3963 4383/5211/3962
f 4378/4877/3957 4369/4879/3948 4386/5212/3965
f 4376/4880/3955 4382/4882/3961 4388/4895/3967
f 4383/5211/3962 4388/4895/3967 4389/5213/3968
f 4390/5214/3969 4391/5215/3970 4377/4883/3956 4384/4885/3963
f 4377/4888/3956 4391/5216/3970 4392/5217/3971 4385/4886/3964
f 4385/4886/3964 4392/5217/3971 4393/5218/3972 4386/5212/3965
f 4379/4894/3958 4394/4893/3973 4395/5219/3974 4380/5210/3959
f 4378/4877/3957 4386/5212/3965 4393/5218/3972
f 4380/4891/3959 4395/5220/3974 4396/4899/3975 4387/4889/3966
f 4396/4899/3975 4397/4897/3976 4381/4892/3960 4387/4889/3966
f 4397/4897/3976 4398/4896/3977 4382/4882/3961 4381/4892/3960
f 4411/4907/3990 4401/5221/3980 4389/5213/3968 4388/4895/3967
f 4391/5215/3970 4390/5214/3969 4399/5222/3978
f 4392/5217/3971 4391/5216/3970 4399/5223/3978
f 4397/4897/3976 4396/4899/3975 4400/4898/3979
f 4401/5221/3980 4402/5224/3981 4390/5214/3969 4389/5213/3968
f 4402/5224/3981 4403/5225/3982 4399/5222/3978 4390/5214/3969
f 4399/5223/3978 4403/5226/3982 4404/5227/3983 4392/5217/3971
f 4392/5217/3971 4404/5227/3983 4405/5228/3984 4393/5218/3972
f 4393/5218/3972 4405/5228/3984 4406/4905/3985 4378/4877/3957
f 4378/4877/3957 4406/4905/3985 4407/4904/3986 4394/4893/3973
f 4394/4893/3973 4407/4904/3986 4408/5229/3987 4395/5219/3974
f 4395/5220/3974 4408/5230/3987 4409/4900/3988 4396/4899/3975
f 4410/4901/3989 4411/4907/3990 4388/4895/3967 4398/4896/3977
f 4398/4896/3977 4400/4898/3979 4410/4901/3989
f 4413/5231/3992 4414/5232/3993 4403/5225/3982 4402/5224/3981
f 4400/4898/3979 4409/4900/3988 4412/4902/3991
f 4402/5224/3981 4401/5221/3980 4413/5231/3992
f 4403/5226/3982 4414/5233/3993 4415/5234/3994 4404/5227/3983
f 4407/4904/3986 4416/4903/3995 4417/5235/3996 4408/5229/3987
f 4405/5228/3984 4404/5227/3983 4415/5234/3994
f 4408/5230/3987 4417/5236/3996 4418/4906/3997 4409/4900/3988
f 4426/4913/4005 4420/5237/3999 4401/5221/3980 4411/4907/3990
f 4410/4901/3989 4412/4902/3991 4419/4908/3998
f 4420/5237/3999 4421/5238/4000 4413/5231/3992 4401/5221/3980
f 4421/5238/4000 4422/5239/4001 4414/5232/3993 4413/5231/3992
f 4414/5233/3993 4422/5240/4001 4423/5241/4002 4415/5234/3994
f 4415/5234/3994 4423/5241/4002 4424/5242/4003 4405/5228/3984
f 4405/5228/3984 4424/5242/4003 4425/4911/4004 4406/4905/3985
f 4428/4917/4007 4429/4916/4008 4421/5238/4000 4420/5237/3999
f 4416/4903/3995 4406/4905/3985 4425/4911/4004
f 4411/4907/3990 4419/4908/3998 4426/4913/4005
f 4412/4902/3991 4418/4906/3997 4427/4909/4006
f 4420/5237/3999 4426/4913/4005 4428/4917/4007
f 4429/4916/4008 4430/5243/4009 4422/5239/4001 4421/5238/4000
f 4422/5240/4001 4430/5244/4009 4431/4919/4010 4423/5241/4002
f 4423/5241/4002 4431/4919/4010 4432/4918/4011 4424/5242/4003
f 4416/4903/3995 4433/4910/4012 4434/5245/4013 4417/5235/3996
f 4425/4911/4004 4424/5242/4003 4432/4918/4011
f 4417/5236/3996 4434/5246/4013 4435/4912/4014 4418/4906/3997
f 4429/4916/4008 4437/4915/4016 4438/5247/4017 4430/5243/4009
f 4419/4908/3998 4427/4909/4006 4436/4914/4015
f 4438/5248/4017 4439/4920/4018 4431/4919/4010 4430/5244/4009
f 4426/4913/4005 4451/4932/4030 4441/4925/4020 4428/4917/4007
f 4436/4914/4015 4427/4909/4006 4440/4921/4019
f 4428/4917/4007 4441/4925/4020 4442/4924/4021 4437/4915/4016
f 4437/4915/4016 4442/4924/4021 4443/5249/4022 4438/5247/4017
f 4443/5250/4022 4444/4927/4023 4439/4920/4018 4438/5248/4017
f 4444/4927/4023 4445/4926/4024 4432/4918/4011 4439/4920/4018
f 4445/4926/4024 4446/4933/4025 4425/4911/4004 4432/4918/4011
f 4446/4933/4025 4447/5251/4026 4433/4910/4012 4425/4911/4004
f 4447/5251/4026 4448/5252/4027 4434/5245/4013 4433/4910/4012
f 4448/5253/4027 4449/4930/4028 4435/4912/4014 4434/5246/4013
f 4436/4914/4015 4450/4922/4029 4451/4932/4030 4426/4913/4005
f 4440/4921/4019 4435/4912/4014 4449/4930/4028
f 4442/4924/4021 4452/4923/4031 4453/5254/4032 4443/5249/4022
f 4453/5255/4032 4454/4928/4033 4444/4927/4023 4443/5250/4022
f 4441/4925/4020 4456/4931/4035 4457/5256/4036 4452/4923/4031
f 4450/4922/4029 4440/4921/4019 4455/4929/4034
f 4452/4923/4031 4457/5256/4036 4458/5257/4037 4453/5254/4032
f 4458/5258/4037 4459/5259/4038 4454/4928/4033 4453/5255/4032
f 4459/5259/4038 4460/4934/4039 4445/4926/4024 4454/4928/4033
f 4461/5260/4040 4462/5261/4041 4448/5252/4027 4447/5251/4026
f 4447/5251/4026 4446/4933/4025 4461/5260/4040
f 4462/5262/4041 4463/4937/4042 4449/4930/4028 4448/5253/4027
f 4451/4932/4030 4476/4943/4055 4466/4942/4045 4456/4931/4035
f 4455/4929/4034 4449/4930/4028 4463/4937/4042
f 4451/4932/4030 4450/4922/4029 4464/4935/4043
f 4464/4935/4043 4455/4929/4034 4465/4936/4044
f 4456/4931/4035 4466/4942/4045 4467/5263/4046 4457/5256/4036
f 4457/5256/4036 4467/5263/4046 4468/5264/4047 4458/5257/4037
f 4468/5265/4047 4469/5266/4048 4459/5259/4038 4458/5258/4037
f 4469/5266/4048 4470/4945/4049 4460/4934/4039 4459/5259/4038
f 4470/4945/4049 4471/4944/4050 4446/4933/4025 4460/4934/4039
f 4471/4944/4050 4472/5267/4051 4461/5260/4040 4446/4933/4025
f 4472/5267/4051 4473/5268/4052 4462/5261/4041 4461/5260/4040
f 4473/5269/4052 4474/4940/4053 4463/4937/4042 4462/5262/4041
f 4464/4935/4043 4475/4938/4054 4476/4943/4055 4451/4932/4030
f 4465/4936/4044 4463/4937/4042 4474/4940/4053
f 4466/4942/4045 4478/4941/4057 4479/5270/4058 4467/5263/4046
f 4475/4938/4054 4465/4936/4044 4477/4939/4056
f 4467/5263/4046 4479/5270/4058 4480/5271/4059 4468/5264/4047
f 4480/5272/4059 4481/5273/4060 4469/5266/4048 4468/5265/4047
f 4481/5273/4060 4482/4946/4061 4470/4945/4049 4469/5266/4048
f 4483/4950/4062 4484/5274/4063 4473/5268/4052 4472/5267/4051
f 4472/5267/4051 4471/4944/4050 4483/4950/4062
f 4484/5275/4063 4485/4949/4064 4474/4940/4053 4473/5269/4052
f 4476/4943/4055 4496/4952/4075 4488/4957/4067 4478/4941/4057
f 4477/4939/4056 4474/4940/4053 4485/4949/4064
f 4476/4943/4055 4475/4938/4054 4486/4947/4065
f 4486/4947/4065 4477/4939/4056 4487/4948/4066
f 4478/4941/4057 4488/4957/4067 4489/4956/4068 4479/5270/4058
f 4479/5270/4058 4489/4956/4068 4490/5276/4069 4480/5271/4059
f 4490/5277/4069 4491/4959/4070 4481/5273/4060 4480/5272/4059
f 4491/4959/4070 4492/4958/4071 4482/4946/4061 4481/5273/4060
f 4492/4958/4071 4493/4951/4072 4471/4944/4050 4482/4946/4061
f 4494/5278/4073 4495/4954/4074 4485/4949/4064 4484/5275/4063
f 4484/5274/4063 4483/4950/4062 4494/5279/4073
f 4489/4956/4068 4498/4955/4077 4499/5280/4078 4490/5276/4069
f 4487/4948/4066 4485/4949/4064 4495/4954/4074
f 4486/4947/4065 4487/4948/4066 4497/4953/4076
f 4499/5281/4078 4500/4960/4079 4491/4959/4070 4490/5277/4069
f 4501/4968/4080 4502/5282/4081 4494/5279/4073 4483/4950/4062
f 4483/4950/4062 4493/4951/4072 4501/4968/4080
f 4502/5283/4081 4503/4977/4082 4495/4954/4074 4494/5278/4073
f 4511/4970/4090 4506/5284/4085 4488/4957/4067 4496/4952/4075
f 4497/4953/4076 4495/4954/4074 4503/4977/4082
f 4496/4952/4075 4486/4947/4065 4504/4961/4083
f 4499/5280/4078 4498/4955/4077 4505/4962/4084
f 4500/4960/4079 4499/5281/4078 4505/4965/4084
f 4506/5284/4085 4507/4963/4086 4498/4955/4077 4488/4957/4067
f 4500/4960/4079 4508/4964/4087 4509/5285/4088 4492/4958/4071
f 4492/4958/4071 4509/5285/4088 4510/4969/4089 4493/4951/4072
f 4501/4968/4080 4514/4967/4093 4515/4981/4094 4502/5282/4081
f 4501/4968/4080 4493/4951/4072 4510/4969/4089
f 4496/4952/4075 4504/4961/4083 4511/4970/4090
f 4497/4953/4076 4503/4977/4082 4512/4966/4091
f 4505/4962/4084 4507/4963/4086 4513/4972/4092
f 4508/4964/4087 4505/4965/4084 4513/4975/4092
f 4517/5286/4096 4518/4973/4097 4507/4963/4086 4506/5284/4085
f 4503/4977/4082 4502/5283/4081 4515/4978/4094
f 4504/4961/4083 4512/4966/4091 4516/4971/4095
f 4506/5284/4085 4511/4970/4090 4517/5286/4096
f 4508/4964/4087 4519/4974/4098 4520/5287/4099 4509/5285/4088
f 4531/4991/4110 4525/5288/4104 4517/5286/4096 4511/4970/4090
f 4510/4969/4089 4509/5285/4088 4520/5287/4099
f 4512/4966/4091 4521/4976/4100 4522/4979/4101
f 4513/4972/4092 4518/4973/4097 4523/4982/4102
f 4519/4974/4098 4513/4975/4092 4523/4985/4102
f 4521/4976/4100 4515/4978/4094 4524/4987/4103
f 4525/5288/4104 4526/4983/4105 4518/4973/4097 4517/5286/4096
f 4519/4974/4098 4527/4984/4106 4528/5289/4107 4520/5287/4099
f 4520/5287/4099 4528/5289/4107 4529/4990/4108 4510/4969/4089
f 4514/4967/4093 4534/4989/4113 4535/5290/4114 4524/4980/4103
f 4514/4967/4093 4510/4969/4089 4529/4990/4108
f 4511/4970/4090 4516/4971/4095 4531/4991/4110
f 4522/4979/4101 4530/4986/4109 4532/4988/4111
f 4523/4982/4102 4526/4983/4105 4533/4993/4112
f 4527/4984/4106 4523/4985/4102 4533/4996/4112
f 4537/5291/4116 4538/4994/4117 4526/4983/4105 4525/5288/4104
f 4530/4986/4109 4524/4987/4103 4535/4998/4114
f 4516/4971/4095 4532/4988/4111 4536/4992/4115
f 4525/5288/4104 4531/4991/4110 4537/5291/4116
f 4527/4984/4106 4539/4995/4118 4540/5292/4119 4528/5289/4107
f 4534/4989/4113 4544/5000/4123 4545/5293/4124 4535/5290/4114
f 4529/4990/4108 4528/5289/4107 4540/5292/4119
f 4532/4988/4111 4541/4997/4120 4542/4999/4121
f 4533/4993/4112 4538/4994/4117 4543/5002/4122
f 4539/4995/4118 4533/4996/4112 4543/5005/4122
f 4553/5011/4132 4547/5294/4126 4537/5291/4116 4531/4991/4110
f 4541/4997/4120 4535/4998/4114 4545/5007/4124
f 4536/4992/4115 4542/4999/4121 4546/5001/4125
f 4547/5294/4126 4548/5003/4127 4538/4994/4117 4537/5291/4116
f 4539/4995/4118 4549/5004/4128 4550/5295/4129 4540/5292/4119
f 4540/5292/4119 4550/5295/4129 4551/5010/4130 4529/4990/4108
f 4544/5000/4123 4556/5009/4135 4557/5296/4136 4545/5293/4124
f 4544/5000/4123 4529/4990/4108 4551/5010/4130
f 4531/4991/4110 4546/5001/4125 4553/5011/4132
f 4542/4999/4121 4552/5006/4131 4554/5008/4133
f 4543/5002/4122 4548/5003/4127 4555/5013/4134
f 4549/5004/4128 4543/5005/4122 4555/5016/4134
f 4559/5297/4138 4560/5014/4139 4548/5003/4127 4547/5294/4126
f 4552/5006/4131 4545/5007/4124 4557/5018/4136
f 4546/5001/4125 4554/5008/4133 4558/5012/4137
f 4547/5294/4126 4553/5011/4132 4559/5297/4138
f 4549/5004/4128 4561/5015/4140 4562/5298/4141 4550/5295/4129
f 4556/5009/4135 4566/5020/4145 4567/5299/4146 4557/5296/4136
f 4551/5010/4130 4550/5295/4129 4562/5298/4141
f 4554/5008/4133 4563/5017/4142 4564/5019/4143
f 4555/5013/4134 4560/5014/4139 4565/5022/4144
f 4561/5015/4140 4555/5016/4134 4565/5025/4144
f 4575/5035/4154 4569/5300/4148 4559/5297/4138 4553/5011/4132
f 4563/5017/4142 4557/5018/4136 4567/5027/4146
f 4558/5012/4137 4564/5019/4143 4568/5021/4147
f 4569/5300/4148 4570/5023/4149 4560/5014/4139 4559/5297/4138
f 4561/5015/4140 4571/5024/4150 4572/5301/4151 4562/5298/4141
f 4562/5298/4141 4572/5301/4151 4573/5034/4152 4551/5010/4130
f 4566/5020/4145 4581/5033/4160 4582/5302/4161 4567/5299/4146
f 4566/5020/4145 4551/5010/4130 4573/5034/4152
f 4553/5011/4132 4568/5021/4147 4575/5035/4154
f 4565/5022/4144 4570/5023/4149 4576/5028/4155
f 4571/5024/4150 4565/5025/4144 4576/5031/4155
f 4570/5023/4149 4569/5300/4148 4577/5029/4156
f 4572/5301/4151 4571/5024/4150 4578/5030/4157
f 4564/5019/4143 4574/5026/4153 4579/5032/4158
f 4576/5028/4155 4577/5029/4156 4580/5037/4159
f 4578/5030/4157 4576/5031/4155 4580/5040/4159
f 4590/5050/4169 4584/5303/4163 4569/5300/4148 4575/5035/4154
f 4574/5026/4153 4567/5027/4146 4582/5042/4161
f 4568/5021/4147 4579/5032/4158 4583/5036/4162
f 4584/5303/4163 4585/5038/4164 4577/5029/4156 4569/5300/4148
f 4578/5030/4157 4586/5039/4165 4587/5304/4166 4572/5301/4151
f 4572/5301/4151 4587/5304/4166 4588/5049/4167 4573/5034/4152
f 4581/5033/4160 4596/5048/4175 4597/5305/4176 4582/5302/4161
f 4581/5033/4160 4573/5034/4152 4588/5049/4167
f 4575/5035/4154 4583/5036/4162 4590/5050/4169
f 4580/5037/4159 4585/5038/4164 4591/5043/4170
f 4586/5039/4165 4580/5040/4159 4591/5046/4170
f 4585/5038/4164 4584/5303/4163 4592/5044/4171
f 4587/5304/4166 4586/5039/4165 4593/5045/4172
f 4579/5032/4158 4589/5041/4168 4594/5047/4173
f 4591/5043/4170 4592/5044/4171 4595/5052/4174
f 4593/5045/4172 4591/5046/4170 4595/5055/4174
f 4605/5065/4184 4599/5306/4178 4584/5303/4163 4590/5050/4169
f 4589/5041/4168 4582/5042/4161 4597/5057/4176
f 4583/5036/4162 4594/5047/4173 4598/5051/4177
f 4599/5306/4178 4600/5053/4179 4592/5044/4171 4584/5303/4163
f 4593/5045/4172 4601/5054/4180 4602/5307/4181 4587/5304/4166
f 4587/5304/4166 4602/5307/4181 4603/5064/4182 4588/5049/4167
f 4607/5308/4186 4608/5059/4187 4600/5053/4179 4599/5306/4178
f 4596/5048/4175 4588/5049/4167 4603/5064/4182
f 4590/5050/4169 4598/5051/4177 4605/5065/4184
f 4595/5052/4174 4600/5053/4179 4606/5058/4185
f 4601/5054/4180 4595/5055/4174 4606/5061/4185
f 4599/5306/4178 4605/5065/4184 4607/5308/4186
f 4601/5054/4180 4609/5060/4188 4610/5309/4189 4602/5307/4181
f 4596/5048/4175 4613/5063/4192 4614/5075/4193 4597/5305/4176
f 4603/5064/4182 4602/5307/4181 4610/5309/4189
f 4594/5047/4173 4604/5056/4183 4611/5062/4190
f 4606/5058/4185 4608/5059/4187 4612/5067/4191
f 4609/5060/4188 4606/5061/4185 4612/5070/4191
f 4623/5085/4202 4616/5084/4195 4607/5308/4186 4605/5065/4184
f 4604/5056/4183 4597/5057/4176 4614/5072/4193
f 4598/5051/4177 4611/5062/4190 4615/5066/4194
f 4616/5084/4195 4617/5068/4196 4608/5059/4187 4607/5308/4186
f 4609/5060/4188 4618/5069/4197 4619/5089/4198 4610/5309/4189
f 4610/5309/4189 4619/5089/4198 4620/5088/4199 4603/5064/4182
f 4621/5071/4200 4622/5073/4201 4611/5062/4190 4604/5056/4183
f 4613/5063/4192 4603/5064/4182 4620/5088/4199
f 4628/5080/4207 4629/5082/4208 4622/5073/4201 4621/5071/4200
f 4605/5065/4184 4615/5066/4194 4623/5085/4202
f 4612/5067/4191 4617/5068/4196 4624/5076/4203
f 4618/5069/4197 4612/5070/4191 4624/5079/4203
f 4621/5071/4200 4614/5072/4193 4625/5081/4204
f 4617/5068/4196 4616/5084/4195 4626/5077/4205
f 4619/5089/4198 4618/5069/4197 4627/5078/4206
f 4633/5095/4212 4634/5310/4213 4625/5074/4204 4613/5063/4192
f 4626/5077/4205 4616/5084/4195 4630/5083/4209
f 4619/5089/4198 4627/5078/4206 4632/5090/4211
f 4613/5063/4192 4620/5088/4199 4633/5095/4212
f 4628/5080/4207 4639/5102/4218 4640/5105/4219 4629/5082/4208
f 4623/5085/4202 4615/5066/4194 4635/5092/4214
f 4630/5083/4209 4623/5085/4202 4641/5097/4220
f 4631/5086/4210 4626/5077/4205 4636/5093/4215
f 4627/5078/4206 4631/5087/4210 4637/5094/4216
f 4620/5088/4199 4632/5090/4211 4638/5096/4217
f 4628/5080/4207 4634/5091/4213 4639/5102/4218
f 4645/5311/4224 4646/5312/4225 4634/5310/4213 4633/5095/4212
f 4635/5092/4214 4629/5082/4208 4640/5105/4219
f 4636/5093/4215 4630/5083/4209 4642/5098/4221
f 4632/5090/4211 4637/5094/4216 4644/5101/4223
f 4633/5095/4212 4638/5096/4217 4645/5311/4224
f 4636/5093/4215 4648/5106/4227 4649/5313/4228 4643/5099/4222
f 4641/5097/4220 4635/5092/4214 4647/5104/4226
f 4642/5098/4221 4641/5097/4220 4653/5108/4232
f 4649/5314/4228 4650/5107/4229 4637/5094/4216 4643/5100/4222
f 4639/5102/4218 4651/5315/4230 4652/5316/4231 4640/5105/4219
f 4272/4851/3851 4282/4850/3861 4273/4855/3852 4261/5109/3840
f 4639/5102/4218 4646/5103/4225 4651/5315/4230
f 4647/5104/4226 4640/5105/4219 4652/5316/4231
f 4653/5317/4232 4647/5318/4226 4652/5319/4231 4651/5320/4230 4646/5321/4225 4645/5322/4224 4638/5323/4217 4644/5324/4223 4650/5325/4229 4649/5326/4228 4648/5327/4227 4642/5328/4221
f 4660/5329/4239 4671/5330/4250 4659/5331/4238
f 4675/5332/4254 4664/5333/4243 4665/5334/4244
f 4676/5335/4255 4666/5336/4245 4667/5337/4246
f 4670/5338/4249 4678/5339/4257 4669/5340/4248
f 4696/5341/4275 4695/5342/4274 4684/5343/4263
f 4689/5344/4268 4700/5345/4279 4688/5346/4267
f 4718/5347/4297 4706/5348/4285 4707/5349/4286
f 4710/5350/4289 4720/5351/4299 4709/5352/4288
f 4753/5353/4332 4743/5354/4322 4744/5355/4323
f 4749/5356/4328 4757/5357/4336 4748/5358/4327
f 4771/5359/4350 4762/5360/4341 4763/5361/4342
f 4769/5362/4348 4775/5363/4354 4768/5364/4347
f 4770/5365/4349 4777/5366/4356 4759/5367/4338
f 4778/5368/4357 4770/5369/4349 4761/5370/4340
f 4780/5371/4359 4773/5372/4352 4766/5373/4345
f 4774/5374/4353 4780/5375/4359 4766/5376/4345
f 4787/5377/4366 4771/5359/4350 4772/5378/4351
f 4781/5379/4360 4791/5380/4370 4775/5363/4354
f 4791/5380/4370 4793/5381/4372 4790/5382/4369
f 4793/5381/4372 4802/5383/4381 4789/5384/4368
f 4803/5385/4382 4805/5386/4384 4793/5381/4372
f 4809/5387/4388 4799/5388/4378 4800/5389/4379
f 4805/5386/4384 4811/5390/4390 4802/5383/4381
f 4804/5391/4383 4812/5392/4391 4803/5385/4382
f 4812/5392/4391 4820/5393/4399 4805/5386/4384
f 4826/5394/4405 4818/5395/4397 4809/5387/4388
f 4820/5393/4399 4828/5396/4407 4811/5390/4390
f 4819/5397/4398 4829/5398/4408 4812/5392/4391
f 4830/5399/4409 4821/5400/4400 4822/5401/4401
f 4825/5402/4404 4832/5403/4411 4824/5404/4403
f 4833/5405/4412 4828/5396/4407 4820/5393/4399
f 4843/5406/4422 4833/5405/4412 4829/5398/4408
f 4845/5407/4424 4834/5408/4413 4835/5409/4414
f 4838/5410/4417 4847/5411/4426 4837/5412/4416
f 4848/5413/4427 4842/5414/4421 4833/5405/4412
f 4849/5415/4428 4844/5416/4423 4834/5408/4413
f 4839/5417/4418 4853/5418/4432 4838/5410/4417
f 4857/5419/4436 4848/5413/4427 4843/5406/4422
f 4858/5420/4437 4856/5421/4435 4848/5413/4427
f 4868/5422/4447 4858/5420/4437 4857/5419/4436
f 4870/5423/4449 4867/5424/4446 4858/5420/4437
f 4871/5425/4450 4869/5426/4448 4859/5427/4438
f 4864/5428/4443 4875/5429/4454 4863/5430/4442
f 4879/5431/4458 4870/5423/4449 4868/5422/4447
f 4880/5432/4459 4878/5433/4457 4870/5423/4449
f 4876/5434/4455 4886/5435/4465 4864/5428/4443
f 4889/5436/4468 4879/5431/4458 4869/5426/4448
f 4890/5437/4469 4888/5438/4467 4880/5432/4459
f 4891/5439/4470 4881/5440/4460 4882/5441/4461
f 4885/5442/4464 4893/5443/4472 4884/5444/4463
f 4897/5445/4476 4890/5437/4469 4879/5431/4458
f 4898/5446/4477 4900/5447/4479 4891/5439/4470
f 4901/5448/4480 4898/5449/4477 4893/5443/4472
f 4897/5445/4476 4905/5450/4484 4890/5437/4469
f 4907/5451/4486 4903/5452/4482 4894/5453/4473
f 4904/5454/4483 4909/5455/4488 4897/5445/4476
f 4906/5456/4485 4911/5457/4490 4900/5447/4479
f 4912/5458/4491 4906/5459/4485 4901/5448/4480
f 4914/5460/4493 4908/5461/4487 4896/5462/4475
f 4905/5450/4484 4914/5463/4493 4896/5464/4475
f 4909/5455/4488 4915/5465/4494 4905/5450/4484
f 4917/5466/4496 4907/5451/4486 4908/5461/4487
f 4916/5467/4495 4919/5468/4498 4911/5457/4490
f 4920/5469/4499 4916/5470/4495 4912/5458/4491
f 4923/5471/4502 4917/5466/4496 4914/5460/4493
f 4915/5465/4494 4923/5472/4502 4914/5463/4493
f 4909/5455/4488 4925/5473/4504 4915/5465/4494
f 4927/5474/4506 4922/5475/4501 4907/5451/4486
f 4924/5476/4503 4929/5477/4508 4909/5455/4488
f 4926/5478/4505 4931/5479/4510 4919/5468/4498
f 4932/5480/4511 4926/5481/4505 4920/5469/4499
f 4934/5482/4513 4928/5483/4507 4923/5471/4502
f 4925/5473/4504 4934/5484/4513 4923/5472/4502
f 4929/5477/4508 4935/5485/4514 4925/5473/4504
f 4937/5486/4516 4922/5475/4501 4927/5474/4506
f 4924/5476/4503 4939/5487/4518 4929/5477/4508
f 4936/5488/4515 4941/5489/4520 4931/5479/4510
f 4942/5490/4521 4936/5491/4515 4932/5480/4511
f 4945/5492/4524 4938/5493/4517 4934/5482/4513
f 4935/5485/4514 4945/5494/4524 4934/5484/4513
f 4939/5487/4518 4947/5495/4526 4935/5485/4514
f 4949/5496/4528 4944/5497/4523 4937/5486/4516
f 4946/5498/4525 4951/5499/4530 4939/5487/4518
f 4948/5500/4527 4953/5501/4532 4941/5489/4520
f 4954/5502/4533 4948/5503/4527 4942/5490/4521
f 4956/5504/4535 4950/5505/4529 4945/5492/4524
f 4947/5495/4526 4956/5506/4535 4945/5494/4524
f 4951/5499/4530 4957/5507/4536 4947/5495/4526
f 4959/5508/4538 4944/5497/4523 4949/5496/4528
f 4946/5498/4525 4961/5509/4540 4951/5499/4530
f 4958/5510/4537 4963/5511/4542 4953/5501/4532
f 4964/5512/4543 4958/5513/4537 4954/5502/4533
f 4967/5514/4546 4960/5515/4539 4956/5504/4535
f 4957/5507/4536 4967/5516/4546 4956/5506/4535
f 4969/5517/4548 4970/5518/4549 4963/5511/4542
f 4971/5519/4550 4969/5520/4548 4964/5512/4543
f 4961/5509/4540 4972/5521/4551 4957/5507/4536
f 4974/5522/4553 4966/5523/4545 4959/5508/4538
f 4968/5524/4547 4976/5525/4555 4961/5509/4540
f 4973/5526/4552 4978/5527/4557 4970/5518/4549
f 4979/5528/4558 4973/5529/4552 4971/5519/4550
f 4982/5530/4561 4975/5531/4554 4967/5514/4546
f 4972/5521/4551 4982/5532/4561 4967/5516/4546
f 4984/5533/4563 4985/5534/4564 4978/5527/4557
f 4986/5535/4565 4984/5536/4563 4979/5528/4558
f 4976/5525/4555 4987/5537/4566 4972/5521/4551
f 4989/5538/4568 4981/5539/4560 4974/5522/4553
f 4983/5540/4562 4991/5541/4570 4976/5525/4555
f 4988/5542/4567 4993/5543/4572 4985/5534/4564
f 4994/5544/4573 4988/5545/4567 4986/5535/4565
f 4997/5546/4576 4990/5547/4569 4982/5530/4561
f 4987/5537/4566 4997/5548/4576 4982/5532/4561
f 4999/5549/4578 5001/5550/4580 4993/5543/4572
f 5002/5551/4581 4999/5552/4578 4994/5544/4573
f 4991/5541/4570 5004/5553/4583 4987/5537/4566
f 5006/5554/4585 4996/5555/4575 4989/5538/4568
f 4998/5556/4577 5008/5557/4587 4991/5541/4570
f 5005/5558/4584 5010/5559/4589 5001/5550/4580
f 5011/5560/4590 5005/5561/4584 5002/5551/4581
f 5014/5562/4593 5007/5563/4586 4997/5546/4576
f 5008/5557/4587 5015/5564/4594 5004/5553/4583
f 5018/5565/4597 5006/5554/4585 5007/5563/4586
f 5017/5566/4596 5019/5567/4598 5010/5559/4589
f 5020/5568/4599 5017/5569/4596 5011/5560/4590
f 5021/5570/4600 5018/5565/4597 5014/5562/4593
f 5008/5557/4587 5022/5571/4601 5015/5564/4594
f 5023/5572/4602 5016/5573/4595 5009/5574/4588
f 5024/5575/4603 5019/5567/4598 5017/5566/4596
f 5020/5568/4599 5024/5576/4603 5017/5569/4596
f 5013/5577/4592 5025/5578/4604 5012/5579/4591
f 5021/5570/4600 5027/5580/4606 5018/5565/4597
f 5028/5581/4607 5022/5571/4601 5008/5557/4587
f 5029/5582/4608 5023/5572/4602 5019/5567/4598
f 5025/5578/4604 5030/5583/4609 5020/5568/4599
f 5026/5584/4605 5031/5585/4610 5013/5577/4592
f 5034/5586/4613 5028/5581/4607 5016/5573/4595
f 5035/5587/4614 5034/5586/4613 5023/5572/4602
f 5036/5588/4615 5029/5582/4608 5024/5575/4603
f 5030/5583/4609 5036/5589/4615 5024/5576/4603
f 5031/5585/4610 5037/5590/4616 5025/5578/4604
f 5032/5591/4611 5039/5592/4618 5027/5580/4606
f 5040/5593/4619 5033/5594/4612 5028/5581/4607
f 5041/5595/4620 5035/5587/4614 5029/5582/4608
f 5037/5590/4616 5043/5596/4622 5030/5583/4609
f 5046/5597/4625 5040/5593/4619 5034/5586/4613
f 4654/5598/4233 4655/5599/4234 4667/5337/4246 4666/5336/4245
f 4655/5599/4234 4656/5600/4235 4668/5601/4247 4667/5337/4246
f 4668/5602/4247 4656/5603/4235 4657/5604/4236 4669/5340/4248
f 4669/5340/4248 4657/5604/4236 4658/5605/4237 4670/5338/4249
f 4670/5338/4249 4658/5605/4237 4659/5331/4238 4671/5330/4250
f 4672/5606/4251 4661/5607/4240 4662/5608/4241 4673/5609/4252
f 4661/5607/4240 4672/5606/4251 4660/5329/4239
f 4662/5610/4241 4663/5611/4242 4674/5612/4253 4673/5613/4252
f 4667/5337/4246 4668/5601/4247 4677/5614/4256 4676/5335/4255
f 4664/5333/4243 4674/5612/4253 4663/5611/4242
f 4677/5615/4256 4668/5602/4247 4669/5340/4248 4678/5339/4257
f 4679/5616/4258 4660/5329/4239 4672/5606/4251 4680/5617/4259
f 4660/5329/4239 4679/5616/4258 4671/5330/4250
f 4680/5617/4259 4672/5606/4251 4673/5609/4252 4681/5618/4260
f 4673/5613/4252 4674/5612/4253 4682/5619/4261 4681/5620/4260
f 4674/5612/4253 4664/5333/4243 4683/5621/4262 4682/5619/4261
f 4675/5332/4254 4666/5336/4245 4684/5343/4263 4695/5342/4274
f 4675/5332/4254 4683/5621/4262 4664/5333/4243
f 4666/5336/4245 4676/5335/4255 4685/5622/4264 4684/5343/4263
f 4676/5335/4255 4677/5614/4256 4686/5623/4265 4685/5622/4264
f 4686/5624/4265 4677/5615/4256 4678/5339/4257 4687/5625/4266
f 4687/5625/4266 4678/5339/4257 4670/5338/4249 4688/5346/4267
f 4688/5346/4267 4670/5338/4249 4671/5330/4250 4689/5344/4268
f 4689/5344/4268 4671/5330/4250 4679/5616/4258 4690/5626/4269
f 4690/5626/4269 4679/5616/4258 4680/5617/4259 4691/5627/4270
f 4691/5627/4270 4680/5617/4259 4681/5618/4260 4692/5628/4271
f 4681/5620/4260 4682/5619/4261 4693/5629/4272 4692/5630/4271
f 4682/5619/4261 4683/5621/4262 4694/5631/4273 4693/5629/4272
f 4683/5621/4262 4675/5332/4254 4695/5342/4274 4694/5631/4273
f 4684/5343/4263 4685/5622/4264 4697/5632/4276 4696/5341/4275
f 4685/5622/4264 4686/5623/4265 4698/5633/4277 4697/5632/4276
f 4698/5634/4277 4686/5624/4265 4687/5625/4266 4699/5635/4278
f 4699/5635/4278 4687/5625/4266 4688/5346/4267 4700/5345/4279
f 4701/5636/4280 4690/5626/4269 4691/5627/4270 4702/5637/4281
f 4690/5626/4269 4701/5636/4280 4689/5344/4268
f 4702/5637/4281 4691/5627/4270 4692/5628/4271 4703/5638/4282
f 4692/5630/4271 4693/5629/4272 4704/5639/4283 4703/5640/4282
f 4693/5629/4272 4694/5631/4273 4705/5641/4284 4704/5639/4283
f 4695/5342/4274 4696/5341/4275 4706/5348/4285 4717/5642/4296
f 4695/5342/4274 4705/5641/4284 4694/5631/4273
f 4696/5341/4275 4697/5632/4276 4707/5349/4286 4706/5348/4285
f 4697/5632/4276 4698/5633/4277 4708/5643/4287 4707/5349/4286
f 4708/5644/4287 4698/5634/4277 4699/5635/4278 4709/5352/4288
f 4709/5352/4288 4699/5635/4278 4700/5345/4279 4710/5350/4289
f 4710/5350/4289 4700/5345/4279 4689/5344/4268 4711/5645/4290
f 4711/5645/4290 4689/5344/4268 4701/5636/4280 4712/5646/4291
f 4712/5646/4291 4701/5636/4280 4702/5637/4281 4713/5647/4292
f 4713/5647/4292 4702/5637/4281 4703/5638/4282 4714/5648/4293
f 4703/5640/4282 4704/5639/4283 4715/5649/4294 4714/5650/4293
f 4704/5639/4283 4705/5641/4284 4716/5651/4295 4715/5649/4294
f 4705/5641/4284 4695/5342/4274 4717/5642/4296 4716/5651/4295
f 4707/5349/4286 4708/5643/4287 4719/5652/4298 4718/5347/4297
f 4719/5653/4298 4708/5644/4287 4709/5352/4288 4720/5351/4299
f 4721/5654/4300 4712/5646/4291 4713/5647/4292 4722/5655/4301
f 4712/5646/4291 4721/5654/4300 4711/5645/4290
f 4722/5655/4301 4713/5647/4292 4714/5648/4293 4723/5656/4302
f 4714/5650/4293 4715/5649/4294 4724/5657/4303 4723/5658/4302
f 4715/5649/4294 4716/5651/4295 4725/5659/4304 4724/5657/4303
f 4737/5660/4316 4717/5642/4296 4706/5348/4285 4726/5661/4305
f 4717/5642/4296 4725/5659/4304 4716/5651/4295
f 4726/5661/4305 4706/5348/4285 4718/5347/4297 4727/5662/4306
f 4727/5662/4306 4718/5347/4297 4719/5652/4298 4728/5663/4307
f 4719/5653/4298 4720/5351/4299 4729/5664/4308 4728/5665/4307
f 4720/5351/4299 4710/5350/4289 4730/5666/4309 4729/5664/4308
f 4710/5350/4289 4711/5645/4290 4731/5667/4310 4730/5666/4309
f 4711/5645/4290 4721/5654/4300 4732/5668/4311 4731/5667/4310
f 4721/5654/4300 4722/5655/4301 4733/5669/4312 4732/5668/4311
f 4722/5655/4301 4723/5656/4302 4734/5670/4313 4733/5669/4312
f 4734/5671/4313 4723/5658/4302 4724/5657/4303 4735/5672/4314
f 4735/5672/4314 4724/5657/4303 4725/5659/4304 4736/5673/4315
f 4736/5673/4315 4725/5659/4304 4717/5642/4296 4737/5660/4316
f 4749/5356/4328 4737/5660/4316 4726/5661/4305 4738/5674/4317
f 4738/5674/4317 4726/5661/4305 4727/5662/4306 4739/5675/4318
f 4739/5675/4318 4727/5662/4306 4728/5663/4307 4740/5676/4319
f 4728/5665/4307 4729/5664/4308 4741/5677/4320 4740/5678/4319
f 4729/5664/4308 4730/5666/4309 4742/5679/4321 4741/5677/4320
f 4730/5666/4309 4731/5667/4310 4743/5354/4322 4742/5679/4321
f 4731/5667/4310 4732/5668/4311 4744/5355/4323 4743/5354/4322
f 4732/5668/4311 4733/5669/4312 4745/5680/4324 4744/5355/4323
f 4733/5669/4312 4734/5670/4313 4746/5681/4325 4745/5680/4324
f 4746/5682/4325 4734/5671/4313 4735/5672/4314 4747/5683/4326
f 4747/5683/4326 4735/5672/4314 4736/5673/4315 4748/5358/4327
f 4748/5358/4327 4736/5673/4315 4737/5660/4316 4749/5356/4328
f 4750/5684/4329 4739/5675/4318 4740/5676/4319 4751/5685/4330
f 4739/5675/4318 4750/5684/4329 4738/5674/4317
f 4740/5678/4319 4741/5677/4320 4752/5686/4331 4751/5687/4330
f 4744/5355/4323 4745/5680/4324 4754/5688/4333 4753/5353/4332
f 4742/5679/4321 4752/5686/4331 4741/5677/4320
f 4745/5680/4324 4746/5681/4325 4755/5689/4334 4754/5688/4333
f 4755/5690/4334 4746/5682/4325 4747/5683/4326 4756/5691/4335
f 4756/5691/4335 4747/5683/4326 4748/5358/4327 4757/5357/4336
f 4769/5362/4348 4749/5356/4328 4738/5674/4317 4758/5692/4337
f 4758/5692/4337 4738/5674/4317 4750/5684/4329 4759/5367/4338
f 4759/5367/4338 4750/5684/4329 4751/5685/4330 4760/5693/4339
f 4751/5687/4330 4752/5686/4331 4761/5370/4340 4760/5694/4339
f 4752/5686/4331 4742/5679/4321 4762/5360/4341 4761/5370/4340
f 4742/5679/4321 4743/5354/4322 4763/5361/4342 4762/5360/4341
f 4743/5354/4322 4753/5353/4332 4764/5695/4343 4763/5361/4342
f 4753/5353/4332 4754/5688/4333 4765/5696/4344 4764/5695/4343
f 4754/5688/4333 4755/5689/4334 4766/5373/4345 4765/5696/4344
f 4766/5376/4345 4755/5690/4334 4756/5691/4335 4767/5697/4346
f 4767/5697/4346 4756/5691/4335 4757/5357/4336 4768/5364/4347
f 4768/5364/4347 4757/5357/4336 4749/5356/4328 4769/5362/4348
f 4763/5361/4342 4764/5695/4343 4772/5378/4351 4771/5359/4350
f 4760/5693/4339 4770/5365/4349 4759/5367/4338
f 4761/5370/4340 4770/5369/4349 4760/5694/4339
f 4764/5695/4343 4765/5696/4344 4773/5372/4352 4772/5378/4351
f 4774/5374/4353 4767/5697/4346 4768/5364/4347 4775/5363/4354
f 4766/5373/4345 4773/5372/4352 4765/5696/4344
f 4767/5697/4346 4774/5374/4353 4766/5376/4345
f 4781/5379/4360 4769/5362/4348 4758/5692/4337 4776/5698/4355
f 4776/5698/4355 4758/5692/4337 4759/5367/4338 4777/5366/4356
f 4761/5370/4340 4762/5360/4341 4779/5699/4358 4778/5368/4357
f 4782/5700/4361 4776/5698/4355 4777/5366/4356 4783/5701/4362
f 4771/5359/4350 4779/5699/4358 4762/5360/4341
f 4769/5362/4348 4781/5379/4360 4775/5363/4354
f 4776/5698/4355 4782/5700/4361 4781/5379/4360
f 4783/5701/4362 4777/5366/4356 4770/5365/4349 4784/5702/4363
f 4770/5369/4349 4778/5368/4357 4785/5703/4364 4784/5704/4363
f 4778/5368/4357 4779/5699/4358 4786/5705/4365 4785/5703/4364
f 4772/5378/4351 4773/5372/4352 4788/5706/4367 4787/5377/4366
f 4771/5359/4350 4786/5705/4365 4779/5699/4358
f 4773/5372/4352 4780/5371/4359 4789/5707/4368 4788/5706/4367
f 4789/5384/4368 4780/5375/4359 4774/5374/4353 4790/5382/4369
f 4790/5382/4369 4774/5374/4353 4775/5363/4354 4791/5380/4370
f 4804/5391/4383 4781/5379/4360 4782/5700/4361 4794/5708/4373
f 4784/5702/4363 4792/5709/4371 4783/5701/4362
f 4785/5703/4364 4792/5710/4371 4784/5704/4363
f 4790/5382/4369 4793/5381/4372 4789/5384/4368
f 4794/5708/4373 4782/5700/4361 4783/5701/4362 4795/5711/4374
f 4795/5711/4374 4783/5701/4362 4792/5709/4371 4796/5712/4375
f 4792/5710/4371 4785/5703/4364 4797/5713/4376 4796/5714/4375
f 4785/5703/4364 4786/5705/4365 4798/5715/4377 4797/5713/4376
f 4786/5705/4365 4771/5359/4350 4799/5388/4378 4798/5715/4377
f 4771/5359/4350 4787/5377/4366 4800/5389/4379 4799/5388/4378
f 4787/5377/4366 4788/5706/4367 4801/5716/4380 4800/5389/4379
f 4788/5706/4367 4789/5707/4368 4802/5717/4381 4801/5716/4380
f 4803/5385/4382 4791/5380/4370 4781/5379/4360 4804/5391/4383
f 4791/5380/4370 4803/5385/4382 4793/5381/4372
f 4806/5718/4385 4795/5711/4374 4796/5712/4375 4807/5719/4386
f 4793/5381/4372 4805/5386/4384 4802/5383/4381
f 4795/5711/4374 4806/5718/4385 4794/5708/4373
f 4796/5714/4375 4797/5713/4376 4808/5720/4387 4807/5721/4386
f 4800/5389/4379 4801/5716/4380 4810/5722/4389 4809/5387/4388
f 4798/5715/4377 4808/5720/4387 4797/5713/4376
f 4801/5716/4380 4802/5717/4381 4811/5723/4390 4810/5722/4389
f 4819/5397/4398 4804/5391/4383 4794/5708/4373 4813/5724/4392
f 4803/5385/4382 4812/5392/4391 4805/5386/4384
f 4813/5724/4392 4794/5708/4373 4806/5718/4385 4814/5725/4393
f 4814/5725/4393 4806/5718/4385 4807/5719/4386 4815/5726/4394
f 4807/5721/4386 4808/5720/4387 4816/5727/4395 4815/5728/4394
f 4808/5720/4387 4798/5715/4377 4817/5729/4396 4816/5727/4395
f 4798/5715/4377 4799/5388/4378 4818/5395/4397 4817/5729/4396
f 4821/5400/4400 4813/5724/4392 4814/5725/4393 4822/5401/4401
f 4809/5387/4388 4818/5395/4397 4799/5388/4378
f 4804/5391/4383 4819/5397/4398 4812/5392/4391
f 4805/5386/4384 4820/5393/4399 4811/5390/4390
f 4813/5724/4392 4821/5400/4400 4819/5397/4398
f 4822/5401/4401 4814/5725/4393 4815/5726/4394 4823/5730/4402
f 4815/5728/4394 4816/5727/4395 4824/5404/4403 4823/5731/4402
f 4816/5727/4395 4817/5729/4396 4825/5402/4404 4824/5404/4403
f 4809/5387/4388 4810/5722/4389 4827/5732/4406 4826/5394/4405
f 4818/5395/4397 4825/5402/4404 4817/5729/4396
f 4810/5722/4389 4811/5723/4390 4828/5733/4407 4827/5732/4406
f 4822/5401/4401 4823/5730/4402 4831/5734/4410 4830/5399/4409
f 4812/5392/4391 4829/5398/4408 4820/5393/4399
f 4831/5735/4410 4823/5731/4402 4824/5404/4403 4832/5403/4411
f 4819/5397/4398 4821/5400/4400 4834/5408/4413 4844/5416/4423
f 4829/5398/4408 4833/5405/4412 4820/5393/4399
f 4821/5400/4400 4830/5399/4409 4835/5409/4414 4834/5408/4413
f 4830/5399/4409 4831/5734/4410 4836/5736/4415 4835/5409/4414
f 4836/5737/4415 4831/5735/4410 4832/5403/4411 4837/5412/4416
f 4837/5412/4416 4832/5403/4411 4825/5402/4404 4838/5410/4417
f 4838/5410/4417 4825/5402/4404 4818/5395/4397 4839/5417/4418
f 4839/5417/4418 4818/5395/4397 4826/5394/4405 4840/5738/4419
f 4840/5738/4419 4826/5394/4405 4827/5732/4406 4841/5739/4420
f 4841/5739/4420 4827/5732/4406 4828/5733/4407 4842/5740/4421
f 4829/5398/4408 4819/5397/4398 4844/5416/4423 4843/5406/4422
f 4833/5405/4412 4842/5414/4421 4828/5396/4407
f 4835/5409/4414 4836/5736/4415 4846/5741/4425 4845/5407/4424
f 4846/5742/4425 4836/5737/4415 4837/5412/4416 4847/5411/4426
f 4834/5408/4413 4845/5407/4424 4850/5743/4429 4849/5415/4428
f 4843/5406/4422 4848/5413/4427 4833/5405/4412
f 4845/5407/4424 4846/5741/4425 4851/5744/4430 4850/5743/4429
f 4851/5745/4430 4846/5742/4425 4847/5411/4426 4852/5746/4431
f 4852/5746/4431 4847/5411/4426 4838/5410/4417 4853/5418/4432
f 4854/5747/4433 4840/5738/4419 4841/5739/4420 4855/5748/4434
f 4840/5738/4419 4854/5747/4433 4839/5417/4418
f 4855/5748/4434 4841/5739/4420 4842/5740/4421 4856/5749/4435
f 4844/5416/4423 4849/5415/4428 4859/5427/4438 4869/5426/4448
f 4848/5413/4427 4856/5421/4435 4842/5414/4421
f 4844/5416/4423 4857/5419/4436 4843/5406/4422
f 4857/5419/4436 4858/5420/4437 4848/5413/4427
f 4849/5415/4428 4850/5743/4429 4860/5750/4439 4859/5427/4438
f 4850/5743/4429 4851/5744/4430 4861/5751/4440 4860/5750/4439
f 4861/5752/4440 4851/5745/4430 4852/5746/4431 4862/5753/4441
f 4862/5753/4441 4852/5746/4431 4853/5418/4432 4863/5430/4442
f 4863/5430/4442 4853/5418/4432 4839/5417/4418 4864/5428/4443
f 4864/5428/4443 4839/5417/4418 4854/5747/4433 4865/5754/4444
f 4865/5754/4444 4854/5747/4433 4855/5748/4434 4866/5755/4445
f 4866/5755/4445 4855/5748/4434 4856/5749/4435 4867/5756/4446
f 4857/5419/4436 4844/5416/4423 4869/5426/4448 4868/5422/4447
f 4858/5420/4437 4867/5424/4446 4856/5421/4435
f 4859/5427/4438 4860/5750/4439 4872/5757/4451 4871/5425/4450
f 4868/5422/4447 4870/5423/4449 4858/5420/4437
f 4860/5750/4439 4861/5751/4440 4873/5758/4452 4872/5757/4451
f 4873/5759/4452 4861/5752/4440 4862/5753/4441 4874/5760/4453
f 4874/5760/4453 4862/5753/4441 4863/5430/4442 4875/5429/4454
f 4876/5434/4455 4865/5754/4444 4866/5755/4445 4877/5761/4456
f 4865/5754/4444 4876/5434/4455 4864/5428/4443
f 4877/5761/4456 4866/5755/4445 4867/5756/4446 4878/5762/4457
f 4869/5426/4448 4871/5425/4450 4881/5440/4460 4889/5436/4468
f 4870/5423/4449 4878/5433/4457 4867/5424/4446
f 4869/5426/4448 4879/5431/4458 4868/5422/4447
f 4879/5431/4458 4880/5432/4459 4870/5423/4449
f 4871/5425/4450 4872/5757/4451 4882/5441/4461 4881/5440/4460
f 4872/5757/4451 4873/5758/4452 4883/5763/4462 4882/5441/4461
f 4883/5764/4462 4873/5759/4452 4874/5760/4453 4884/5444/4463
f 4884/5444/4463 4874/5760/4453 4875/5429/4454 4885/5442/4464
f 4885/5442/4464 4875/5429/4454 4864/5428/4443 4886/5435/4465
f 4887/5765/4466 4877/5761/4456 4878/5762/4457 4888/5766/4467
f 4877/5761/4456 4887/5765/4466 4876/5434/4455
f 4882/5441/4461 4883/5763/4462 4892/5767/4471 4891/5439/4470
f 4880/5432/4459 4888/5438/4467 4878/5433/4457
f 4879/5431/4458 4890/5437/4469 4880/5432/4459
f 4892/5768/4471 4883/5764/4462 4884/5444/4463 4893/5443/4472
f 4894/5453/4473 4876/5434/4455 4887/5765/4466 4895/5769/4474
f 4876/5434/4455 4894/5453/4473 4886/5435/4465
f 4895/5769/4474 4887/5765/4466 4888/5766/4467 4896/5462/4475
f 4904/5454/4483 4889/5436/4468 4881/5440/4460 4899/5770/4478
f 4890/5437/4469 4896/5464/4475 4888/5438/4467
f 4889/5436/4468 4897/5445/4476 4879/5431/4458
f 4892/5767/4471 4898/5446/4477 4891/5439/4470
f 4893/5443/4472 4898/5449/4477 4892/5768/4471
f 4899/5770/4478 4881/5440/4460 4891/5439/4470 4900/5447/4479
f 4893/5443/4472 4885/5442/4464 4902/5771/4481 4901/5448/4480
f 4885/5442/4464 4886/5435/4465 4903/5452/4482 4902/5771/4481
f 4894/5453/4473 4895/5769/4474 4908/5461/4487 4907/5451/4486
f 4894/5453/4473 4903/5452/4482 4886/5435/4465
f 4889/5436/4468 4904/5454/4483 4897/5445/4476
f 4890/5437/4469 4905/5450/4484 4896/5464/4475
f 4898/5446/4477 4906/5456/4485 4900/5447/4479
f 4901/5448/4480 4906/5459/4485 4898/5449/4477
f 4910/5772/4489 4899/5770/4478 4900/5447/4479 4911/5457/4490
f 4896/5462/4475 4908/5461/4487 4895/5769/4474
f 4897/5445/4476 4909/5455/4488 4905/5450/4484
f 4899/5770/4478 4910/5772/4489 4904/5454/4483
f 4901/5448/4480 4902/5771/4481 4913/5773/4492 4912/5458/4491
f 4924/5476/4503 4904/5454/4483 4910/5772/4489 4918/5774/4497
f 4903/5452/4482 4913/5773/4492 4902/5771/4481
f 4905/5450/4484 4915/5465/4494 4914/5463/4493
f 4906/5456/4485 4916/5467/4495 4911/5457/4490
f 4912/5458/4491 4916/5470/4495 4906/5459/4485
f 4914/5460/4493 4917/5466/4496 4908/5461/4487
f 4918/5774/4497 4910/5772/4489 4911/5457/4490 4919/5468/4498
f 4912/5458/4491 4913/5773/4492 4921/5775/4500 4920/5469/4499
f 4913/5773/4492 4903/5452/4482 4922/5475/4501 4921/5775/4500
f 4907/5451/4486 4917/5466/4496 4928/5483/4507 4927/5474/4506
f 4907/5451/4486 4922/5475/4501 4903/5452/4482
f 4904/5454/4483 4924/5476/4503 4909/5455/4488
f 4915/5465/4494 4925/5473/4504 4923/5472/4502
f 4916/5467/4495 4926/5478/4505 4919/5468/4498
f 4920/5469/4499 4926/5481/4505 4916/5470/4495
f 4930/5776/4509 4918/5774/4497 4919/5468/4498 4931/5479/4510
f 4923/5471/4502 4928/5483/4507 4917/5466/4496
f 4909/5455/4488 4929/5477/4508 4925/5473/4504
f 4918/5774/4497 4930/5776/4509 4924/5476/4503
f 4920/5469/4499 4921/5775/4500 4933/5777/4512 4932/5480/4511
f 4927/5474/4506 4928/5483/4507 4938/5493/4517 4937/5486/4516
f 4922/5475/4501 4933/5777/4512 4921/5775/4500
f 4925/5473/4504 4935/5485/4514 4934/5484/4513
f 4926/5478/4505 4936/5488/4515 4931/5479/4510
f 4932/5480/4511 4936/5491/4515 4926/5481/4505
f 4946/5498/4525 4924/5476/4503 4930/5776/4509 4940/5778/4519
f 4934/5482/4513 4938/5493/4517 4928/5483/4507
f 4929/5477/4508 4939/5487/4518 4935/5485/4514
f 4940/5778/4519 4930/5776/4509 4931/5479/4510 4941/5489/4520
f 4932/5480/4511 4933/5777/4512 4943/5779/4522 4942/5490/4521
f 4933/5777/4512 4922/5475/4501 4944/5497/4523 4943/5779/4522
f 4937/5486/4516 4938/5493/4517 4950/5505/4529 4949/5496/4528
f 4937/5486/4516 4944/5497/4523 4922/5475/4501
f 4924/5476/4503 4946/5498/4525 4939/5487/4518
f 4935/5485/4514 4947/5495/4526 4945/5494/4524
f 4936/5488/4515 4948/5500/4527 4941/5489/4520
f 4942/5490/4521 4948/5503/4527 4936/5491/4515
f 4952/5780/4531 4940/5778/4519 4941/5489/4520 4953/5501/4532
f 4945/5492/4524 4950/5505/4529 4938/5493/4517
f 4939/5487/4518 4951/5499/4530 4947/5495/4526
f 4940/5778/4519 4952/5780/4531 4946/5498/4525
f 4942/5490/4521 4943/5779/4522 4955/5781/4534 4954/5502/4533
f 4949/5496/4528 4950/5505/4529 4960/5515/4539 4959/5508/4538
f 4944/5497/4523 4955/5781/4534 4943/5779/4522
f 4947/5495/4526 4957/5507/4536 4956/5506/4535
f 4948/5500/4527 4958/5510/4537 4953/5501/4532
f 4954/5502/4533 4958/5513/4537 4948/5503/4527
f 4968/5524/4547 4946/5498/4525 4952/5780/4531 4962/5782/4541
f 4956/5504/4535 4960/5515/4539 4950/5505/4529
f 4951/5499/4530 4961/5509/4540 4957/5507/4536
f 4962/5782/4541 4952/5780/4531 4953/5501/4532 4963/5511/4542
f 4954/5502/4533 4955/5781/4534 4965/5783/4544 4964/5512/4543
f 4955/5781/4534 4944/5497/4523 4966/5523/4545 4965/5783/4544
f 4959/5508/4538 4960/5515/4539 4975/5531/4554 4974/5522/4553
f 4959/5508/4538 4966/5523/4545 4944/5497/4523
f 4946/5498/4525 4968/5524/4547 4961/5509/4540
f 4958/5510/4537 4969/5517/4548 4963/5511/4542
f 4964/5512/4543 4969/5520/4548 4958/5513/4537
f 4963/5511/4542 4970/5518/4549 4962/5782/4541
f 4965/5783/4544 4971/5519/4550 4964/5512/4543
f 4957/5507/4536 4972/5521/4551 4967/5516/4546
f 4969/5517/4548 4973/5526/4552 4970/5518/4549
f 4971/5519/4550 4973/5529/4552 4969/5520/4548
f 4983/5540/4562 4968/5524/4547 4962/5782/4541 4977/5784/4556
f 4967/5514/4546 4975/5531/4554 4960/5515/4539
f 4961/5509/4540 4976/5525/4555 4972/5521/4551
f 4977/5784/4556 4962/5782/4541 4970/5518/4549 4978/5527/4557
f 4971/5519/4550 4965/5783/4544 4980/5785/4559 4979/5528/4558
f 4965/5783/4544 4966/5523/4545 4981/5539/4560 4980/5785/4559
f 4974/5522/4553 4975/5531/4554 4990/5547/4569 4989/5538/4568
f 4974/5522/4553 4981/5539/4560 4966/5523/4545
f 4968/5524/4547 4983/5540/4562 4976/5525/4555
f 4973/5526/4552 4984/5533/4563 4978/5527/4557
f 4979/5528/4558 4984/5536/4563 4973/5529/4552
f 4978/5527/4557 4985/5534/4564 4977/5784/4556
f 4980/5785/4559 4986/5535/4565 4979/5528/4558
f 4972/5521/4551 4987/5537/4566 4982/5532/4561
f 4984/5533/4563 4988/5542/4567 4985/5534/4564
f 4986/5535/4565 4988/5545/4567 4984/5536/4563
f 4998/5556/4577 4983/5540/4562 4977/5784/4556 4992/5786/4571
f 4982/5530/4561 4990/5547/4569 4975/5531/4554
f 4976/5525/4555 4991/5541/4570 4987/5537/4566
f 4992/5786/4571 4977/5784/4556 4985/5534/4564 4993/5543/4572
f 4986/5535/4565 4980/5785/4559 4995/5787/4574 4994/5544/4573
f 4980/5785/4559 4981/5539/4560 4996/5555/4575 4995/5787/4574
f 5000/5788/4579 4992/5786/4571 4993/5543/4572 5001/5550/4580
f 4989/5538/4568 4996/5555/4575 4981/5539/4560
f 4983/5540/4562 4998/5556/4577 4991/5541/4570
f 4988/5542/4567 4999/5549/4578 4993/5543/4572
f 4994/5544/4573 4999/5552/4578 4988/5545/4567
f 4992/5786/4571 5000/5788/4579 4998/5556/4577
f 4994/5544/4573 4995/5787/4574 5003/5789/4582 5002/5551/4581
f 4989/5538/4568 4990/5547/4569 5007/5563/4586 5006/5554/4585
f 4996/5555/4575 5003/5789/4582 4995/5787/4574
f 4987/5537/4566 5004/5553/4583 4997/5548/4576
f 4999/5549/4578 5005/5558/4584 5001/5550/4580
f 5002/5551/4581 5005/5561/4584 4999/5552/4578
f 5016/5573/4595 4998/5556/4577 5000/5788/4579 5009/5574/4588
f 4997/5546/4576 5007/5563/4586 4990/5547/4569
f 4991/5541/4570 5008/5557/4587 5004/5553/4583
f 5009/5574/4588 5000/5788/4579 5001/5550/4580 5010/5559/4589
f 5002/5551/4581 5003/5789/4582 5012/5579/4591 5011/5560/4590
f 5003/5789/4582 4996/5555/4575 5013/5577/4592 5012/5579/4591
f 5014/5790/4593 4997/5548/4576 5004/5553/4583 5015/5564/4594
f 5006/5554/4585 5013/5577/4592 4996/5555/4575
f 5021/5791/4600 5014/5790/4593 5015/5564/4594 5022/5571/4601
f 4998/5556/4577 5016/5573/4595 5008/5557/4587
f 5005/5558/4584 5017/5566/4596 5010/5559/4589
f 5011/5560/4590 5017/5569/4596 5005/5561/4584
f 5014/5562/4593 5018/5565/4597 5007/5563/4586
f 5010/5559/4589 5019/5567/4598 5009/5574/4588
f 5012/5579/4591 5020/5568/4599 5011/5560/4590
f 5026/5584/4605 5006/5554/4585 5018/5565/4597 5027/5580/4606
f 5019/5567/4598 5023/5572/4602 5009/5574/4588
f 5012/5579/4591 5025/5578/4604 5020/5568/4599
f 5006/5554/4585 5026/5584/4605 5013/5577/4592
f 5021/5791/4600 5022/5571/4601 5033/5594/4612 5032/5792/4611
f 5016/5573/4595 5028/5581/4607 5008/5557/4587
f 5023/5572/4602 5034/5586/4613 5016/5573/4595
f 5024/5575/4603 5029/5582/4608 5019/5567/4598
f 5020/5568/4599 5030/5583/4609 5024/5576/4603
f 5013/5577/4592 5031/5585/4610 5025/5578/4604
f 5021/5570/4600 5032/5591/4611 5027/5580/4606
f 5038/5793/4617 5026/5584/4605 5027/5580/4606 5039/5592/4618
f 5028/5581/4607 5033/5594/4612 5022/5571/4601
f 5029/5582/4608 5035/5587/4614 5023/5572/4602
f 5025/5578/4604 5037/5590/4616 5030/5583/4609
f 5026/5584/4605 5038/5793/4617 5031/5585/4610
f 5029/5582/4608 5036/5588/4615 5042/5794/4621 5041/5595/4620
f 5034/5586/4613 5040/5593/4619 5028/5581/4607
f 5035/5587/4614 5046/5597/4625 5034/5586/4613
f 5042/5795/4621 5036/5589/4615 5030/5583/4609 5043/5596/4622
f 5032/5792/4611 5033/5594/4612 5045/5796/4624 5044/5797/4623
f 4665/5334/4244 4654/5598/4233 4666/5336/4245 4675/5332/4254
f 5032/5591/4611 5044/5798/4623 5039/5592/4618
f 5040/5593/4619 5045/5796/4624 5033/5594/4612
f 5046/5799/4625 5035/5800/4614 5041/5801/4620 5042/5802/4621 5043/5803/4622 5037/5804/4616 5031/5805/4610 5038/5806/4617 5039/5807/4618 5044/5808/4623 5045/5809/4624 5040/5810/4619
