# Blender 4.3.2
# www.blender.org
mtllib Elevator.mtl
o Left_Door
v 0.121806 4.185312 2.449554
v 0.121806 -4.185312 2.449554
v 0.121806 4.185312 0.000000
v 0.121806 -4.185312 0.000000
v 0.121806 0.295167 2.449554
v 0.121806 -0.295167 2.449554
v 0.121806 0.295167 0.000000
v 0.121806 -0.295167 0.000000
v 0.000000 4.185312 1.831384
v 0.000000 4.185312 1.994556
v 0.000000 -4.185312 1.831384
v 0.000000 -4.185312 1.994556
v 0.000000 -0.295167 2.449554
v 0.000000 0.295167 2.449554
v 0.121806 4.185312 1.994556
v 0.121806 4.185312 1.831384
v 0.121806 -4.185312 1.831384
v 0.121806 -4.185312 1.994556
v 0.121806 0.295167 1.831384
v 0.121806 0.295167 1.994556
v 0.121806 -0.295167 1.994556
v 0.121806 -0.295167 1.831384
v 0.000000 4.185312 0.000000
v 0.000000 -4.185312 0.000000
v 0.121806 4.185312 0.615770
v 0.121806 4.185312 0.452599
v 0.121806 -4.185312 0.452599
v 0.121806 -4.185312 0.615770
v 0.121806 0.295167 0.452599
v 0.121806 0.295167 0.615770
v 0.121806 -0.295167 0.615770
v 0.121806 -0.295167 0.452599
v 0.000000 -4.185312 2.449554
v 0.000000 4.185312 2.449554
v 0.121806 3.579539 0.000000
v 0.121806 3.412127 0.000000
v 0.121806 3.412127 2.449554
v 0.121806 3.579539 2.449554
v 0.121806 3.579539 1.831384
v 0.121806 3.412127 1.994556
v 0.121806 3.412127 0.452599
v 0.121806 3.579539 0.615770
v 0.121806 0.796066 0.000000
v 0.121806 0.628653 0.000000
v 0.121806 0.628653 2.449554
v 0.121806 0.796066 2.449554
v 0.121806 0.796066 1.994556
v 0.121806 0.628653 1.831384
v 0.121806 0.628653 0.615770
v 0.121806 0.796066 0.452599
v 0.121806 -0.638420 0.000000
v 0.121806 -0.805833 0.000000
v 0.121806 -0.805833 2.449554
v 0.121806 -0.638420 2.449554
v 0.121806 -0.638420 1.831384
v 0.121806 -0.805833 1.994556
v 0.121806 -0.805833 0.452599
v 0.121806 -0.638420 0.615770
v 0.121806 -3.412127 0.000000
v 0.121806 -3.579539 0.000000
v 0.121806 -3.579539 2.449554
v 0.121806 -3.412127 2.449554
v 0.121806 -3.412127 1.994556
v 0.121806 -3.579539 1.831384
v 0.121806 -3.579539 0.615770
v 0.121806 -3.412127 0.452599
v 0.000000 -4.185312 0.452599
v 0.000000 -4.185312 0.615770
v 0.000000 4.185312 0.452599
v 0.000000 4.185312 0.615770
v 0.000000 3.579539 2.449554
v 0.000000 3.412127 2.449554
v 0.000000 0.628653 2.449554
v 0.000000 0.796066 2.449554
v 0.000000 -0.638420 2.449554
v 0.000000 -0.805833 2.449554
v 0.000000 -3.579539 2.449554
v 0.000000 -3.412127 2.449554
v 0.203460 3.579539 1.831384
v 0.203460 3.412127 1.994556
v 0.203460 3.412127 0.452599
v 0.203460 3.579539 0.615770
v 0.203460 0.796066 1.994556
v 0.203460 0.628653 1.831384
v 0.203460 0.628653 0.615770
v 0.203460 0.796066 0.452599
v 0.203460 -0.638420 1.831384
v 0.203460 -0.805833 1.994556
v 0.203460 -0.805833 0.452599
v 0.203460 -0.638420 0.615770
v 0.203460 -3.412127 1.994556
v 0.203460 -3.579539 1.831384
v 0.203460 -3.579539 0.615770
v 0.203460 -3.412127 0.452599
v 0.121806 3.412127 1.994556
v 0.121806 3.579539 1.831384
v 0.121806 3.830658 1.994556
v 0.121806 3.579539 2.157727
v 0.203460 3.579539 1.831384
v 0.203460 3.412127 1.994556
v 0.121806 3.286567 1.831384
v 0.121806 3.412127 1.749799
v 0.203460 3.286567 1.831384
v 0.203460 3.412127 1.749799
v 0.203460 3.537686 1.831384
v 0.203460 3.412127 1.912970
v 0.000000 3.412127 1.749799
v 0.000000 3.286567 1.831384
v 0.121806 3.579539 0.615770
v 0.121806 3.412127 0.452599
v 0.121806 3.579539 0.289427
v 0.121806 3.830658 0.452599
v 0.203460 3.412127 0.452599
v 0.203460 3.579539 0.615770
v 0.121806 3.412127 0.697356
v 0.121806 3.286568 0.615770
v 0.203460 3.412127 0.697356
v 0.203460 3.286568 0.615770
v 0.203460 3.412127 0.534185
v 0.203460 3.537686 0.615770
v 0.000000 3.286568 0.615770
v 0.000000 3.412127 0.697356
v 0.121806 0.796066 0.452599
v 0.121806 0.628653 0.615770
v 0.121806 0.377535 0.452599
v 0.121806 0.628653 0.289427
v 0.203460 0.628653 0.615770
v 0.203460 0.796066 0.452599
v 0.121806 0.921625 0.615770
v 0.121806 0.796066 0.697356
v 0.203460 0.921625 0.615770
v 0.203460 0.796066 0.697356
v 0.203460 0.670506 0.615770
v 0.203460 0.796066 0.534185
v 0.000000 0.796066 0.697356
v 0.000000 0.921625 0.615770
v 0.121806 0.628653 1.831384
v 0.121806 0.796066 1.994556
v 0.121806 0.628653 2.157727
v 0.121806 0.377534 1.994556
v 0.203460 0.796066 1.994556
v 0.203460 0.628653 1.831384
v 0.121806 0.796066 1.749799
v 0.121806 0.921625 1.831384
v 0.203460 0.796066 1.749799
v 0.203460 0.921625 1.831384
v 0.203460 0.796066 1.912970
v 0.203460 0.670506 1.831384
v 0.000000 0.796066 1.749799
v 0.000000 0.921625 1.831384
v 0.121806 -0.638420 0.615770
v 0.121806 -0.805833 0.452599
v 0.121806 -0.638420 0.289427
v 0.121806 -0.387302 0.452599
v 0.203460 -0.805833 0.452599
v 0.203460 -0.638420 0.615770
v 0.121806 -0.805833 0.697356
v 0.121806 -0.931392 0.615770
v 0.203460 -0.805833 0.697356
v 0.203460 -0.931392 0.615770
v 0.203460 -0.805833 0.534185
v 0.203460 -0.680273 0.615770
v 0.000000 -0.805833 0.697356
v 0.000000 -0.931392 0.615770
v 0.121806 -0.805833 1.994556
v 0.121806 -0.638420 1.831384
v 0.121806 -0.387302 1.994556
v 0.121806 -0.638420 2.157727
v 0.203460 -0.638420 1.831384
v 0.203460 -0.805833 1.994556
v 0.121806 -0.931392 1.831384
v 0.121806 -0.805833 1.749799
v 0.203460 -0.931392 1.831384
v 0.203460 -0.805833 1.749799
v 0.203460 -0.680274 1.831384
v 0.203460 -0.805833 1.912970
v 0.000000 -0.931392 1.831384
v 0.000000 -0.805833 1.749799
v 0.121806 -3.579539 1.831384
v 0.121806 -3.412127 1.994556
v 0.121806 -3.579539 2.157727
v 0.121806 -3.830658 1.994556
v 0.203460 -3.412127 1.994556
v 0.203460 -3.579539 1.831384
v 0.121806 -3.412127 0.452599
v 0.121806 -3.579539 0.615770
v 0.121806 -3.830658 0.452599
v 0.121806 -3.579539 0.289427
v 0.203460 -3.579539 0.615770
v 0.203460 -3.412127 0.452599
v 0.121806 -3.286567 0.615770
v 0.121806 -3.412127 0.697356
v 0.203460 -3.286567 0.615770
v 0.203460 -3.412127 0.697356
v 0.203460 -3.537686 0.615770
v 0.203460 -3.412127 0.534185
v 0.000000 -3.286567 0.615770
v 0.000000 -3.412127 0.697356
v 0.121806 -3.412127 1.749799
v 0.121806 -3.286568 1.831384
v 0.203460 -3.412127 1.749799
v 0.203460 -3.286568 1.831384
v 0.203460 -3.412127 1.912970
v 0.203460 -3.537686 1.831384
v 0.000000 0.000000 2.449554
v 0.121806 0.000000 2.449554
v 0.121806 0.000000 0.000000
v 0.000000 -3.412127 1.749799
v 0.000000 -3.286568 1.831384
v 0.121806 0.231290 0.000000
v 0.121806 0.063877 0.000000
v 0.121806 0.063877 2.449554
v 0.121806 0.231290 2.449554
v 0.000000 0.063877 2.449554
v 0.000000 0.231290 2.449554
v 0.164306 0.231290 0.000000
v 0.164306 0.063877 0.000000
v 0.164306 0.231290 2.449554
v 0.164306 0.063877 2.449554
v 0.164306 0.063877 1.994556
v 0.164306 0.231290 1.994556
v 0.164306 0.231290 0.615770
v 0.164306 0.063877 0.615770
v 0.164306 0.063877 0.452599
v 0.164306 0.231290 0.452599
v 0.164306 0.231290 1.831384
v 0.164306 0.063877 1.831384
v 0.164306 -0.063877 1.831384
v 0.164306 -0.231290 1.831384
v 0.164306 -0.063877 0.452599
v 0.164306 -0.231290 0.452599
v 0.164306 -0.231290 0.615770
v 0.164306 -0.063877 0.615770
v 0.164306 -0.231290 1.994556
v 0.164306 -0.063877 1.994556
v 0.164306 -0.063877 2.449554
v 0.164306 -0.231290 2.449554
v 0.164306 -0.231290 0.000000
v 0.164306 -0.063877 0.000000
v 0.000000 -0.231290 2.449554
v 0.000000 -0.063877 2.449554
v 0.121806 -0.231290 2.449554
v 0.121806 -0.063877 2.449554
v 0.121806 -0.063877 0.000000
v 0.121806 -0.231290 0.000000
v 0.199836 0.295167 0.000000
v 0.199867 0.253078 0.000000
v 0.199867 0.253078 2.449554
v 0.199836 0.295167 2.449554
v 0.199867 0.253078 1.831384
v 0.199836 0.295167 1.831384
v 0.199836 0.295167 1.994556
v 0.199867 0.253078 1.994556
v 0.199867 0.253078 0.452599
v 0.199836 0.295167 0.452599
v 0.199836 0.295167 0.615770
v 0.199867 0.253078 0.615770
v 0.199867 -0.042089 0.615770
v 0.199867 0.042089 0.615770
v 0.199867 0.042089 0.452599
v 0.199867 -0.042089 0.452599
v 0.199867 0.042089 1.831384
v 0.199867 -0.042089 1.831384
v 0.199867 -0.042089 1.994556
v 0.199867 0.042089 1.994556
v 0.199867 -0.042089 2.449554
v 0.199867 0.042089 2.449554
v 0.176870 0.000000 2.449554
v 0.199867 0.042089 0.000000
v 0.199867 -0.042089 0.000000
v 0.176870 0.000000 0.000000
v 0.199867 -0.253078 0.000000
v 0.199836 -0.295167 0.000000
v 0.199836 -0.295167 2.449554
v 0.199867 -0.253078 2.449554
v 0.199867 -0.253078 1.994556
v 0.199836 -0.295167 1.994556
v 0.199836 -0.295167 1.831384
v 0.199867 -0.253078 1.831384
v 0.199867 -0.253078 0.615770
v 0.199836 -0.295167 0.615770
v 0.199836 -0.295167 0.452599
v 0.199867 -0.253078 0.452599
v -0.121806 4.185312 2.449554
v -0.121806 -4.185312 2.449554
v -0.121806 4.185312 0.000000
v -0.121806 -4.185312 0.000000
v -0.121806 0.295167 2.449554
v -0.121806 -0.295167 2.449554
v -0.121806 0.295167 0.000000
v -0.121806 -0.295167 0.000000
v -0.121806 4.185312 1.994556
v -0.121806 4.185312 1.831384
v -0.121806 -4.185312 1.831384
v -0.121806 -4.185312 1.994556
v -0.121806 0.295167 1.831384
v -0.121806 0.295167 1.994556
v -0.121806 -0.295167 1.994556
v -0.121806 -0.295167 1.831384
v -0.121806 4.185312 0.615770
v -0.121806 4.185312 0.452599
v -0.121806 -4.185312 0.452599
v -0.121806 -4.185312 0.615770
v -0.121806 0.295167 0.452599
v -0.121806 0.295167 0.615770
v -0.121806 -0.295167 0.615770
v -0.121806 -0.295167 0.452599
v -0.121806 3.579539 0.000000
v -0.121806 3.412127 0.000000
v -0.121806 3.412127 2.449554
v -0.121806 3.579539 2.449554
v -0.121806 3.579539 1.831384
v -0.121806 3.412127 1.994556
v -0.121806 3.412127 0.452599
v -0.121806 3.579539 0.615770
v -0.121806 0.796066 0.000000
v -0.121806 0.628653 0.000000
v -0.121806 0.628653 2.449554
v -0.121806 0.796066 2.449554
v -0.121806 0.796066 1.994556
v -0.121806 0.628653 1.831384
v -0.121806 0.628653 0.615770
v -0.121806 0.796066 0.452599
v -0.121806 -0.638420 0.000000
v -0.121806 -0.805833 0.000000
v -0.121806 -0.805833 2.449554
v -0.121806 -0.638420 2.449554
v -0.121806 -0.638420 1.831384
v -0.121806 -0.805833 1.994556
v -0.121806 -0.805833 0.452599
v -0.121806 -0.638420 0.615770
v -0.121806 -3.412127 0.000000
v -0.121806 -3.579539 0.000000
v -0.121806 -3.579539 2.449554
v -0.121806 -3.412127 2.449554
v -0.121806 -3.412127 1.994556
v -0.121806 -3.579539 1.831384
v -0.121806 -3.579539 0.615770
v -0.121806 -3.412127 0.452599
v -0.203460 3.579539 1.831384
v -0.203460 3.412127 1.994556
v -0.203460 3.412127 0.452599
v -0.203460 3.579539 0.615770
v -0.203460 0.796066 1.994556
v -0.203460 0.628653 1.831384
v -0.203460 0.628653 0.615770
v -0.203460 0.796066 0.452599
v -0.203460 -0.638420 1.831384
v -0.203460 -0.805833 1.994556
v -0.203460 -0.805833 0.452599
v -0.203460 -0.638420 0.615770
v -0.203460 -3.412127 1.994556
v -0.203460 -3.579539 1.831384
v -0.203460 -3.579539 0.615770
v -0.203460 -3.412127 0.452599
v -0.121806 3.412127 1.994556
v -0.121806 3.579539 1.831384
v -0.121806 3.830658 1.994556
v -0.121806 3.579539 2.157727
v -0.203460 3.579539 1.831384
v -0.203460 3.412127 1.994556
v -0.121806 3.286567 1.831384
v -0.121806 3.412127 1.749799
v -0.203460 3.286567 1.831384
v -0.203460 3.412127 1.749799
v -0.203460 3.537686 1.831384
v -0.203460 3.412127 1.912970
v -0.121806 3.579539 0.615770
v -0.121806 3.412127 0.452599
v -0.121806 3.579539 0.289427
v -0.121806 3.830658 0.452599
v -0.203460 3.412127 0.452599
v -0.203460 3.579539 0.615770
v -0.121806 3.412127 0.697356
v -0.121806 3.286568 0.615770
v -0.203460 3.412127 0.697356
v -0.203460 3.286568 0.615770
v -0.203460 3.412127 0.534185
v -0.203460 3.537686 0.615770
v -0.121806 0.796066 0.452599
v -0.121806 0.628653 0.615770
v -0.121806 0.377535 0.452599
v -0.121806 0.628653 0.289427
v -0.203460 0.628653 0.615770
v -0.203460 0.796066 0.452599
v -0.121806 0.921625 0.615770
v -0.121806 0.796066 0.697356
v -0.203460 0.921625 0.615770
v -0.203460 0.796066 0.697356
v -0.203460 0.670506 0.615770
v -0.203460 0.796066 0.534185
v -0.121806 0.628653 1.831384
v -0.121806 0.796066 1.994556
v -0.121806 0.628653 2.157727
v -0.121806 0.377534 1.994556
v -0.203460 0.796066 1.994556
v -0.203460 0.628653 1.831384
v -0.121806 0.796066 1.749799
v -0.121806 0.921625 1.831384
v -0.203460 0.796066 1.749799
v -0.203460 0.921625 1.831384
v -0.203460 0.796066 1.912970
v -0.203460 0.670506 1.831384
v -0.121806 -0.638420 0.615770
v -0.121806 -0.805833 0.452599
v -0.121806 -0.638420 0.289427
v -0.121806 -0.387302 0.452599
v -0.203460 -0.805833 0.452599
v -0.203460 -0.638420 0.615770
v -0.121806 -0.805833 0.697356
v -0.121806 -0.931392 0.615770
v -0.203460 -0.805833 0.697356
v -0.203460 -0.931392 0.615770
v -0.203460 -0.805833 0.534185
v -0.203460 -0.680273 0.615770
v -0.121806 -0.805833 1.994556
v -0.121806 -0.638420 1.831384
v -0.121806 -0.387302 1.994556
v -0.121806 -0.638420 2.157727
v -0.203460 -0.638420 1.831384
v -0.203460 -0.805833 1.994556
v -0.121806 -0.931392 1.831384
v -0.121806 -0.805833 1.749799
v -0.203460 -0.931392 1.831384
v -0.203460 -0.805833 1.749799
v -0.203460 -0.680274 1.831384
v -0.203460 -0.805833 1.912970
v -0.121806 -3.579539 1.831384
v -0.121806 -3.412127 1.994556
v -0.121806 -3.579539 2.157727
v -0.121806 -3.830658 1.994556
v -0.203460 -3.412127 1.994556
v -0.203460 -3.579539 1.831384
v -0.121806 -3.412127 0.452599
v -0.121806 -3.579539 0.615770
v -0.121806 -3.830658 0.452599
v -0.121806 -3.579539 0.289427
v -0.203460 -3.579539 0.615770
v -0.203460 -3.412127 0.452599
v -0.121806 -3.286567 0.615770
v -0.121806 -3.412127 0.697356
v -0.203460 -3.286567 0.615770
v -0.203460 -3.412127 0.697356
v -0.203460 -3.537686 0.615770
v -0.203460 -3.412127 0.534185
v -0.121806 -3.412127 1.749799
v -0.121806 -3.286568 1.831384
v -0.203460 -3.412127 1.749799
v -0.203460 -3.286568 1.831384
v -0.203460 -3.412127 1.912970
v -0.203460 -3.537686 1.831384
v -0.121806 0.000000 2.449554
v -0.121806 0.000000 0.000000
v -0.121806 0.231290 0.000000
v -0.121806 0.063877 0.000000
v -0.121806 0.063877 2.449554
v -0.121806 0.231290 2.449554
v -0.164306 0.231290 0.000000
v -0.164306 0.063877 0.000000
v -0.164306 0.231290 2.449554
v -0.164306 0.063877 2.449554
v -0.164306 0.063877 1.994556
v -0.164306 0.231290 1.994556
v -0.164306 0.231290 0.615770
v -0.164306 0.063877 0.615770
v -0.164306 0.063877 0.452599
v -0.164306 0.231290 0.452599
v -0.164306 0.231290 1.831384
v -0.164306 0.063877 1.831384
v -0.164306 -0.063877 1.831384
v -0.164306 -0.231290 1.831384
v -0.164306 -0.063877 0.452599
v -0.164306 -0.231290 0.452599
v -0.164306 -0.231290 0.615770
v -0.164306 -0.063877 0.615770
v -0.164306 -0.231290 1.994556
v -0.164306 -0.063877 1.994556
v -0.164306 -0.063877 2.449554
v -0.164306 -0.231290 2.449554
v -0.164306 -0.231290 0.000000
v -0.164306 -0.063877 0.000000
v -0.121806 -0.231290 2.449554
v -0.121806 -0.063877 2.449554
v -0.121806 -0.063877 0.000000
v -0.121806 -0.231290 0.000000
v -0.199836 0.295167 0.000000
v -0.199867 0.253078 0.000000
v -0.199867 0.253078 2.449554
v -0.199836 0.295167 2.449554
v -0.199867 0.253078 1.831384
v -0.199836 0.295167 1.831384
v -0.199836 0.295167 1.994556
v -0.199867 0.253078 1.994556
v -0.199867 0.253078 0.452599
v -0.199836 0.295167 0.452599
v -0.199836 0.295167 0.615770
v -0.199867 0.253078 0.615770
v -0.199867 -0.042089 0.615770
v -0.199867 0.042089 0.615770
v -0.199867 0.042089 0.452599
v -0.199867 -0.042089 0.452599
v -0.199867 0.042089 1.831384
v -0.199867 -0.042089 1.831384
v -0.199867 -0.042089 1.994556
v -0.199867 0.042089 1.994556
v -0.199867 -0.042089 2.449554
v -0.199867 0.042089 2.449554
v -0.176870 0.000000 2.449554
v -0.199867 0.042089 0.000000
v -0.199867 -0.042089 0.000000
v -0.176870 0.000000 0.000000
v -0.199867 -0.253078 0.000000
v -0.199836 -0.295167 0.000000
v -0.199836 -0.295167 2.449554
v -0.199867 -0.253078 2.449554
v -0.199867 -0.253078 1.994556
v -0.199836 -0.295167 1.994556
v -0.199836 -0.295167 1.831384
v -0.199867 -0.253078 1.831384
v -0.199867 -0.253078 0.615770
v -0.199836 -0.295167 0.615770
v -0.199836 -0.295167 0.452599
v -0.199867 -0.253078 0.452599
v 0.000000 -3.579539 0.000000
v 0.000000 -3.412127 0.000000
v 0.000000 -0.295167 0.000000
v 0.000000 -0.231290 0.000000
v 0.000000 -0.063877 0.000000
v 0.000000 0.000000 0.000000
v 0.000000 0.063877 0.000000
v 0.000000 0.231290 0.000000
v 0.000000 0.295167 0.000000
v 0.000000 0.628653 0.000000
v 0.000000 0.796066 0.000000
v 0.000000 3.579539 0.000000
v 0.000000 3.412127 0.000000
vn 1.0000 -0.0000 -0.0000
vn -0.0000 -0.0000 1.0000
vn -0.0000 1.0000 -0.0000
vn 0.5224 -0.8527 -0.0000
vn -0.0000 -1.0000 -0.0000
vn 0.5224 0.8527 -0.0000
vn -0.0000 -0.0000 -1.0000
vn -0.0000 0.6980 0.7161
vn -0.0000 -0.5449 -0.8385
vn -0.0000 0.6980 -0.7161
vn -0.0000 -0.5449 0.8385
vn -0.0000 -0.6980 -0.7161
vn -0.0000 0.5449 0.8385
vn -0.0000 -0.6980 0.7161
vn -0.0000 0.5449 -0.8385
vn 1.0000 0.0007 -0.0000
vn 1.0000 -0.0007 -0.0000
vn -1.0000 -0.0000 -0.0000
vn -0.5224 -0.8527 -0.0000
vn -0.5224 0.8527 -0.0000
vn -1.0000 0.0007 -0.0000
vn -1.0000 -0.0007 -0.0000
vt 0.388128 0.429161
vt 0.388128 0.293534
vt 0.392358 0.293534
vt 0.396588 0.300044
vt 0.396588 0.422652
vt 0.392358 0.429161
vt 0.468100 0.123885
vt 0.468100 0.259005
vt 0.463871 0.259005
vt 0.459641 0.252495
vt 0.459641 0.130394
vt 0.463871 0.123885
vt 0.711463 0.618755
vt 0.711463 0.625071
vt 0.708151 0.625070
vt 0.708151 0.618755
vt 0.468069 0.293535
vt 0.468069 0.429161
vt 0.463840 0.429161
vt 0.459610 0.422652
vt 0.459610 0.300044
vt 0.463840 0.293534
vt 0.319371 0.885474
vt 0.295970 0.885517
vt 0.295893 0.750551
vt 0.319224 0.750520
vt 0.216198 0.885730
vt 0.192553 0.885677
vt 0.192674 0.750489
vt 0.216191 0.750590
vt 0.383895 0.429165
vt 0.383895 0.429161
vt 0.388124 0.429167
vt 0.225155 0.503358
vt 0.224981 0.534638
vt 0.224955 0.534694
vt 0.216610 0.521657
vt 0.216748 0.503300
vt 0.655389 0.878316
vt 0.653227 0.878316
vt 0.653227 0.815291
vt 0.655389 0.815292
vt 0.319452 0.678080
vt 0.296059 0.678052
vt 0.296272 0.543495
vt 0.319614 0.543523
vt 0.216795 0.497013
vt 0.193227 0.503053
vt 0.193297 0.496764
vt 0.224636 0.741915
vt 0.224667 0.724733
vt 0.287362 0.724786
vt 0.287335 0.742003
vt 0.224621 0.741951
vt 0.216266 0.728981
vt 0.216279 0.724734
vt 0.216263 0.678095
vt 0.192634 0.678013
vt 0.192878 0.543237
vt 0.216469 0.543355
vt 0.223977 0.932744
vt 0.223934 0.926402
vt 0.287600 0.925901
vt 0.287651 0.932263
vt 0.383926 0.259009
vt 0.383926 0.259005
vt 0.388159 0.259005
vt 0.388155 0.259011
vt 0.287865 0.503635
vt 0.287720 0.534903
vt 0.287558 0.704647
vt 0.287501 0.686715
vt 0.287592 0.686689
vt 0.296041 0.699768
vt 0.296063 0.704562
vt 0.472303 0.293530
vt 0.472303 0.293535
vt 0.468074 0.293528
vt 0.287401 0.894209
vt 0.287499 0.894182
vt 0.295994 0.907297
vt 0.296116 0.925816
vt 0.758395 0.646054
vt 0.760557 0.646054
vt 0.760557 0.709079
vt 0.758395 0.709079
vt 0.215520 0.932737
vt 0.215588 0.926452
vt 0.388159 0.123884
vt 0.392389 0.123884
vt 0.396619 0.130394
vt 0.396619 0.252495
vt 0.392389 0.259005
vt 0.223869 0.704887
vt 0.223476 0.687018
vt 0.223413 0.894669
vt 0.216088 0.907822
vt 0.225024 0.894600
vt 0.388153 0.123881
vt 0.396612 0.115201
vt 0.396619 0.115205
vt 0.396619 0.117375
vt 0.319613 0.497371
vt 0.319612 0.503647
vt 0.296278 0.503640
vt 0.296286 0.497363
vt 0.655389 0.886776
vt 0.655390 0.910366
vt 0.653227 0.910366
vt 0.653227 0.886776
vt 0.287880 0.497352
vt 0.472334 0.259005
vt 0.472334 0.259009
vt 0.468107 0.259009
vt 0.472334 0.123881
vt 0.472334 0.123885
vt 0.468105 0.123878
vt 0.472302 0.429161
vt 0.472302 0.429165
vt 0.468076 0.429165
vt 0.319459 0.894110
vt 0.319678 0.925625
vt 0.304453 0.894197
vt 0.207695 0.894463
vt 0.191997 0.925986
vt 0.192480 0.894372
vt 0.396588 0.280622
vt 0.459609 0.280621
vt 0.459609 0.284855
vt 0.396588 0.284855
vt 0.459614 0.442074
vt 0.459609 0.442074
vt 0.459609 0.437841
vt 0.459612 0.437840
vt 0.459610 0.287024
vt 0.455380 0.293534
vt 0.400817 0.293534
vt 0.396588 0.287025
vt 0.186427 0.741766
vt 0.192731 0.741813
vt 0.186352 0.750441
vt 0.208061 0.534602
vt 0.192914 0.534511
vt 0.396583 0.280622
vt 0.396581 0.284851
vt 0.388121 0.293530
vt 0.319142 0.724661
vt 0.319199 0.741876
vt 0.304260 0.741923
vt 0.295795 0.728990
vt 0.295777 0.724742
vt 0.216462 0.543313
vt 0.216434 0.678096
vt 0.207735 0.686803
vt 0.192553 0.686687
vt 0.216024 0.700144
vt 0.215737 0.705010
vt 0.192299 0.704481
vt 0.459610 0.435671
vt 0.459645 0.271918
vt 0.459640 0.271918
vt 0.459640 0.267685
vt 0.459643 0.267684
vt 0.383926 0.123884
vt 0.186571 0.534490
vt 0.186520 0.543205
vt 0.396614 0.110972
vt 0.396619 0.110972
vt 0.225072 0.686962
vt 0.319603 0.534886
vt 0.304671 0.534887
vt 0.296260 0.521921
vt 0.648822 0.336995
vt 0.648822 0.459101
vt 0.644588 0.459101
vt 0.644588 0.336995
vt 0.186238 0.686649
vt 0.186302 0.677968
vt 0.186137 0.894342
vt 0.186196 0.885631
vt 0.225199 0.497077
vt 0.296172 0.932176
vt 0.185726 0.925834
vt 0.186053 0.704421
vt 0.186968 0.502988
vt 0.191882 0.932325
vt 0.192881 0.724598
vt 0.186639 0.724511
vt 0.319738 0.931965
vt 0.704839 0.625071
vt 0.704840 0.618755
vt 0.396588 0.437840
vt 0.396585 0.437849
vt 0.396588 0.435670
vt 0.459612 0.284855
vt 0.459641 0.265515
vt 0.459640 0.115205
vt 0.459643 0.115205
vt 0.459641 0.117375
vt 0.319478 0.686731
vt 0.319509 0.704514
vt 0.304503 0.686740
vt 0.396619 0.271917
vt 0.396619 0.267684
vt 0.287415 0.741959
vt 0.216371 0.885740
vt 0.207794 0.741887
vt 0.216175 0.750557
vt 0.295829 0.750587
vt 0.455411 0.123884
vt 0.400848 0.123884
vt 0.648822 0.329232
vt 0.648822 0.274667
vt 0.655137 0.274667
vt 0.655137 0.329232
vt 0.287812 0.534858
vt 0.459640 0.110972
vt 0.608650 0.144325
vt 0.608650 0.266938
vt 0.604416 0.266938
vt 0.604416 0.144325
vt 0.296208 0.543524
vt 0.383895 0.293534
vt 0.396588 0.442074
vt 0.712496 0.886568
vt 0.712496 0.910158
vt 0.710333 0.910158
vt 0.710334 0.886568
vt 0.708151 0.615900
vt 0.710334 0.614708
vt 0.711463 0.616552
vt 0.712496 0.783158
vt 0.712496 0.806623
vt 0.710333 0.806623
vt 0.710333 0.783158
vt 0.766784 0.709079
vt 0.766784 0.717538
vt 0.762739 0.717538
vt 0.762739 0.709079
vt 0.703807 0.806623
vt 0.705969 0.806623
vt 0.705969 0.815083
vt 0.703807 0.815083
vt 0.762976 0.905401
vt 0.762985 0.909446
vt 0.760803 0.909453
vt 0.759670 0.907611
vt 0.657575 0.779321
vt 0.657572 0.783366
vt 0.655389 0.783366
vt 0.654261 0.781522
vt 0.760557 0.717538
vt 0.758395 0.717538
vt 0.762742 0.745049
vt 0.759430 0.745052
vt 0.759429 0.742848
vt 0.766785 0.646054
vt 0.762739 0.646054
vt 0.661617 0.878316
vt 0.661617 0.886776
vt 0.657572 0.886776
vt 0.657572 0.878316
vt 0.708151 0.779110
vt 0.711463 0.779110
vt 0.711463 0.781314
vt 0.608650 0.329266
vt 0.608650 0.274701
vt 0.614965 0.274701
vt 0.614965 0.329266
vt 0.400817 0.429161
vt 0.455380 0.429161
vt 0.608650 0.136562
vt 0.608650 0.081997
vt 0.614965 0.081997
vt 0.614965 0.136562
vt 0.608650 0.337029
vt 0.614965 0.337029
vt 0.614965 0.459642
vt 0.608650 0.459642
vt 0.396616 0.267693
vt 0.396619 0.265514
vt 0.648822 0.137035
vt 0.648822 0.082470
vt 0.655137 0.082470
vt 0.655137 0.137035
vt 0.655137 0.336995
vt 0.655137 0.459101
vt 0.400848 0.259005
vt 0.455411 0.259005
vt 0.385092 0.432123
vt 0.393553 0.440804
vt 0.396583 0.442074
vt 0.604416 0.274701
vt 0.766785 0.637594
vt 0.762739 0.637594
vt 0.758395 0.637594
vt 0.760557 0.637594
vt 0.614965 0.266938
vt 0.614965 0.144325
vt 0.295983 0.885528
vt 0.462642 0.440797
vt 0.471106 0.432121
vt 0.604416 0.329266
vt 0.604416 0.337029
vt 0.710334 0.878108
vt 0.712496 0.878108
vt 0.758395 0.614004
vt 0.760557 0.614004
vt 0.471103 0.290573
vt 0.462642 0.281899
vt 0.459614 0.280621
vt 0.604416 0.081997
vt 0.604416 0.074234
vt 0.608650 0.074234
vt 0.766784 0.741004
vt 0.762739 0.741004
vt 0.657809 0.618970
vt 0.654498 0.618963
vt 0.654502 0.616759
vt 0.614965 0.074234
vt 0.604416 0.459642
vt 0.393550 0.281896
vt 0.385090 0.290576
vt 0.383895 0.293530
vt 0.661617 0.806832
vt 0.661617 0.815291
vt 0.657572 0.815292
vt 0.657572 0.806832
vt 0.604416 0.136562
vt 0.704840 0.616552
vt 0.296072 0.678062
vt 0.462673 0.270640
vt 0.471137 0.261965
vt 0.705969 0.886568
vt 0.703807 0.886568
vt 0.703807 0.878108
vt 0.705969 0.878108
vt 0.644588 0.329232
vt 0.705969 0.910158
vt 0.703807 0.910158
vt 0.710334 0.815083
vt 0.712496 0.815083
vt 0.644588 0.274667
vt 0.385123 0.261967
vt 0.393584 0.270648
vt 0.396614 0.271917
vt 0.657796 0.625285
vt 0.654484 0.625278
vt 0.644588 0.266904
vt 0.648822 0.266904
vt 0.759665 0.905408
vt 0.759651 0.899093
vt 0.762963 0.899085
vt 0.655137 0.266904
vt 0.661617 0.910366
vt 0.657572 0.910366
vt 0.648822 0.144798
vt 0.644588 0.144798
vt 0.393581 0.112246
vt 0.385121 0.120926
vt 0.383926 0.123880
vt 0.471134 0.120923
vt 0.462673 0.112249
vt 0.459645 0.110972
vt 0.653227 0.806832
vt 0.655389 0.806832
vt 0.644588 0.082470
vt 0.644588 0.074707
vt 0.648822 0.074707
vt 0.655137 0.074707
vt 0.661617 0.783366
vt 0.655137 0.144798
vt 0.644588 0.137035
vt 0.766785 0.614004
vt 0.762739 0.614004
vt 0.705969 0.783158
vt 0.703807 0.783158
vt 0.677668 0.751200
vt 0.677668 0.748997
vt 0.686348 0.748997
vt 0.686348 0.751200
vt 0.677668 0.725532
vt 0.677668 0.717072
vt 0.686348 0.717072
vt 0.686348 0.725532
vt 0.686348 0.901551
vt 0.686348 0.907867
vt 0.677668 0.907867
vt 0.677668 0.901551
vt 0.686348 0.654047
vt 0.677668 0.654047
vt 0.686348 0.621998
vt 0.686348 0.645588
vt 0.677668 0.645588
vt 0.677668 0.621998
vt 0.686348 0.910070
vt 0.677668 0.910070
vt 0.708151 0.781965
vt 0.704840 0.781314
vt 0.729957 0.629876
vt 0.729957 0.623561
vt 0.738636 0.623561
vt 0.738636 0.629876
vt 0.729957 0.877383
vt 0.729957 0.814358
vt 0.738636 0.814358
vt 0.738636 0.877383
vt 0.729957 0.909433
vt 0.729957 0.885843
vt 0.738636 0.885843
vt 0.738636 0.909433
vt 0.729957 0.805898
vt 0.729957 0.782432
vt 0.738636 0.782432
vt 0.738636 0.805898
vt 0.729957 0.621358
vt 0.738636 0.621358
vt 0.738636 0.780229
vt 0.729957 0.780229
vt 0.653227 0.783366
vt 0.705969 0.614708
vt 0.760557 0.741004
vt 0.758395 0.741004
vt 0.566727 0.429219
vt 0.562497 0.429219
vt 0.558267 0.422710
vt 0.558270 0.300102
vt 0.562499 0.293593
vt 0.566729 0.293593
vt 0.486935 0.124033
vt 0.491164 0.124032
vt 0.495394 0.130542
vt 0.495392 0.252643
vt 0.491162 0.259153
vt 0.486932 0.259152
vt 0.711463 0.631386
vt 0.708151 0.631386
vt 0.486788 0.293592
vt 0.491018 0.293592
vt 0.495248 0.300101
vt 0.495245 0.422709
vt 0.491016 0.429219
vt 0.486785 0.429218
vt 0.053187 0.885372
vt 0.053263 0.750375
vt 0.076645 0.750393
vt 0.076517 0.885384
vt 0.156270 0.885475
vt 0.156403 0.750308
vt 0.180025 0.750387
vt 0.179841 0.885593
vt 0.570962 0.429223
vt 0.566735 0.429223
vt 0.570960 0.429219
vt 0.148813 0.502443
vt 0.157123 0.502374
vt 0.156622 0.521019
vt 0.147686 0.534243
vt 0.149302 0.534178
vt 0.655544 0.667692
vt 0.655451 0.730717
vt 0.653289 0.730714
vt 0.653381 0.667689
vt 0.053355 0.677820
vt 0.053285 0.543287
vt 0.076702 0.543269
vt 0.076693 0.677807
vt 0.193366 0.490478
vt 0.216850 0.490733
vt 0.149183 0.741381
vt 0.085193 0.741732
vt 0.085124 0.724324
vt 0.148776 0.724033
vt 0.156897 0.723890
vt 0.156629 0.728245
vt 0.147586 0.741441
vt 0.156438 0.677824
vt 0.156507 0.543110
vt 0.180159 0.543166
vt 0.179975 0.677928
vt 0.287708 0.938634
vt 0.223994 0.939110
vt 0.571109 0.259158
vt 0.566881 0.259157
vt 0.566873 0.259154
vt 0.571106 0.259154
vt 0.085278 0.534590
vt 0.085098 0.502891
vt 0.085199 0.704103
vt 0.076776 0.704139
vt 0.076763 0.699383
vt 0.085166 0.686416
vt 0.085245 0.686372
vt 0.482553 0.293587
vt 0.486780 0.293588
vt 0.482555 0.293591
vt 0.084960 0.925207
vt 0.076559 0.925222
vt 0.076550 0.906946
vt 0.084979 0.894009
vt 0.085072 0.893964
vt 0.758548 0.856682
vt 0.758456 0.793657
vt 0.760619 0.793654
vt 0.760711 0.856678
vt 0.215455 0.939072
vt 0.562644 0.259153
vt 0.558414 0.252644
vt 0.558416 0.130543
vt 0.562646 0.124033
vt 0.566875 0.124034
vt 0.147927 0.704217
vt 0.147975 0.686515
vt 0.147766 0.894176
vt 0.147796 0.894123
vt 0.156133 0.907139
vt 0.155993 0.925464
vt 0.147619 0.925417
vt 0.566879 0.124027
vt 0.558416 0.117524
vt 0.558416 0.115354
vt 0.558419 0.115346
vt 0.296294 0.491089
vt 0.319614 0.491095
vt 0.655556 0.659232
vt 0.653394 0.659229
vt 0.653428 0.635639
vt 0.655591 0.635643
vt 0.287898 0.491075
vt 0.482699 0.259152
vt 0.486934 0.259155
vt 0.482701 0.259156
vt 0.482699 0.124028
vt 0.486927 0.124029
vt 0.482702 0.124032
vt 0.482552 0.429217
vt 0.486787 0.429221
vt 0.482554 0.429222
vt 0.053197 0.894008
vt 0.068128 0.893995
vt 0.053222 0.925248
vt 0.164669 0.894214
vt 0.179799 0.894311
vt 0.179476 0.925711
vt 0.558270 0.280680
vt 0.558270 0.284913
vt 0.495248 0.284912
vt 0.495248 0.280678
vt 0.495242 0.442133
vt 0.495242 0.437905
vt 0.495246 0.437897
vt 0.495246 0.442130
vt 0.495247 0.287082
vt 0.558270 0.287083
vt 0.554040 0.293592
vt 0.499477 0.293591
vt 0.180115 0.741714
vt 0.180709 0.502892
vt 0.180223 0.534468
vt 0.165013 0.534378
vt 0.558274 0.280680
vt 0.558272 0.284905
vt 0.566732 0.293586
vt 0.053213 0.724476
vt 0.076627 0.724418
vt 0.076651 0.728698
vt 0.068205 0.741716
vt 0.053247 0.741726
vt 0.156336 0.543105
vt 0.179928 0.686616
vt 0.164840 0.686547
vt 0.156451 0.677863
vt 0.179790 0.704397
vt 0.156323 0.704233
vt 0.156344 0.699475
vt 0.495246 0.435727
vt 0.495388 0.272067
vt 0.495389 0.267839
vt 0.495393 0.267831
vt 0.495393 0.272065
vt 0.571109 0.124034
vt 0.558421 0.111121
vt 0.558417 0.111121
vt 0.147989 0.686475
vt 0.053075 0.503165
vt 0.076588 0.503003
vt 0.076698 0.521496
vt 0.068232 0.534579
vt 0.053240 0.534630
vt 0.661452 0.336995
vt 0.665685 0.336995
vt 0.665685 0.459101
vt 0.661452 0.459101
vt 0.225239 0.490801
vt 0.296234 0.938532
vt 0.191773 0.938664
vt 0.180377 0.724387
vt 0.319798 0.938307
vt 0.704840 0.631386
vt 0.558267 0.437898
vt 0.558267 0.435728
vt 0.558273 0.437902
vt 0.495245 0.284913
vt 0.495393 0.265662
vt 0.495395 0.115353
vt 0.495394 0.117523
vt 0.495392 0.115354
vt 0.053367 0.686459
vt 0.068310 0.686432
vt 0.053391 0.704183
vt 0.558414 0.267832
vt 0.558414 0.272066
vt 0.085101 0.741758
vt 0.156277 0.885513
vt 0.156229 0.750303
vt 0.164928 0.741594
vt 0.076633 0.750383
vt 0.554186 0.124033
vt 0.499624 0.124032
vt 0.661452 0.329232
vt 0.661452 0.274667
vt 0.085180 0.534613
vt 0.495395 0.111119
vt 0.621280 0.144325
vt 0.625514 0.144325
vt 0.625514 0.266938
vt 0.621280 0.266938
vt 0.076690 0.543259
vt 0.570962 0.293593
vt 0.558267 0.442131
vt 0.712496 0.659023
vt 0.710334 0.659023
vt 0.710333 0.635433
vt 0.712496 0.635433
vt 0.711463 0.633589
vt 0.708151 0.634241
vt 0.712496 0.762433
vt 0.710333 0.762433
vt 0.710333 0.738967
vt 0.712496 0.738967
vt 0.766846 0.793644
vt 0.762801 0.793650
vt 0.762789 0.785191
vt 0.766834 0.785185
vt 0.703807 0.738967
vt 0.703807 0.730508
vt 0.705969 0.730508
vt 0.705969 0.738967
vt 0.759632 0.890574
vt 0.760758 0.888728
vt 0.762940 0.888725
vt 0.762949 0.892770
vt 0.654274 0.764485
vt 0.655405 0.762642
vt 0.657587 0.762645
vt 0.657584 0.766691
vt 0.760606 0.785194
vt 0.758444 0.785197
vt 0.762751 0.757680
vt 0.762754 0.761725
vt 0.760572 0.761728
vt 0.759441 0.759885
vt 0.766938 0.856669
vt 0.762893 0.856675
vt 0.661771 0.667701
vt 0.657726 0.667695
vt 0.657738 0.659236
vt 0.661784 0.659241
vt 0.708151 0.766480
vt 0.708151 0.763625
vt 0.711463 0.764277
vt 0.621280 0.329266
vt 0.621280 0.274701
vt 0.499475 0.429218
vt 0.554037 0.429219
vt 0.621280 0.136562
vt 0.621280 0.081997
vt 0.621280 0.337029
vt 0.621280 0.459642
vt 0.558414 0.265663
vt 0.558420 0.267837
vt 0.661452 0.137035
vt 0.661452 0.082470
vt 0.499622 0.259152
vt 0.554184 0.259153
vt 0.569766 0.432178
vt 0.561305 0.440858
vt 0.558271 0.442131
vt 0.625514 0.274701
vt 0.766951 0.865129
vt 0.762905 0.865135
vt 0.758561 0.865141
vt 0.760723 0.865138
vt 0.076581 0.885355
vt 0.492209 0.440858
vt 0.483754 0.432174
vt 0.625514 0.329266
vt 0.625514 0.337029
vt 0.712496 0.667483
vt 0.710334 0.667483
vt 0.758595 0.888731
vt 0.483750 0.290631
vt 0.492215 0.281956
vt 0.495244 0.280681
vt 0.621280 0.074234
vt 0.625514 0.074234
vt 0.625514 0.081997
vt 0.766800 0.761719
vt 0.657782 0.631600
vt 0.657773 0.635646
vt 0.654465 0.633796
vt 0.625514 0.459642
vt 0.561304 0.281950
vt 0.569764 0.290631
vt 0.570960 0.293588
vt 0.661667 0.739186
vt 0.657621 0.739180
vt 0.657633 0.730720
vt 0.661679 0.730726
vt 0.625514 0.136562
vt 0.705969 0.635433
vt 0.704840 0.633589
vt 0.076756 0.677774
vt 0.492355 0.270792
vt 0.483901 0.262108
vt 0.705969 0.659023
vt 0.705969 0.667483
vt 0.703807 0.667483
vt 0.703807 0.659023
vt 0.665685 0.329232
vt 0.703807 0.635433
vt 0.712496 0.730508
vt 0.710334 0.730508
vt 0.665685 0.274667
vt 0.569913 0.262113
vt 0.561452 0.270792
vt 0.558418 0.272066
vt 0.654470 0.631593
vt 0.665685 0.266904
vt 0.661452 0.266904
vt 0.759637 0.892778
vt 0.661818 0.635652
vt 0.661452 0.144798
vt 0.665685 0.144798
vt 0.561451 0.112391
vt 0.569911 0.121072
vt 0.571106 0.124029
vt 0.483897 0.121072
vt 0.492362 0.112397
vt 0.495391 0.111122
vt 0.653277 0.739173
vt 0.655439 0.739176
vt 0.661452 0.074707
vt 0.665685 0.074707
vt 0.665685 0.082470
vt 0.661632 0.762651
vt 0.665685 0.137035
vt 0.766985 0.888719
vt 0.705969 0.762433
vt 0.703807 0.762433
vt 0.677668 0.763830
vt 0.686348 0.763830
vt 0.686348 0.766034
vt 0.677668 0.766034
vt 0.677668 0.789499
vt 0.686348 0.789499
vt 0.686348 0.797959
vt 0.677668 0.797959
vt 0.677668 0.895236
vt 0.686348 0.895236
vt 0.686348 0.860983
vt 0.677668 0.860983
vt 0.686348 0.893033
vt 0.677668 0.893033
vt 0.677668 0.869443
vt 0.686348 0.869443
vt 0.704840 0.764277
vt 0.738636 0.636192
vt 0.729957 0.636192
vt 0.729957 0.670445
vt 0.738636 0.670445
vt 0.738636 0.733470
vt 0.729957 0.733470
vt 0.729957 0.638395
vt 0.738636 0.638395
vt 0.738636 0.661985
vt 0.729957 0.661985
vt 0.729957 0.741930
vt 0.738636 0.741930
vt 0.738636 0.765395
vt 0.729957 0.765395
vt 0.738636 0.767599
vt 0.729957 0.767599
vt 0.653242 0.762639
vt 0.758410 0.761732
vt 0.046935 0.534654
vt 0.046751 0.503205
vt 0.040628 0.534689
vt 0.040429 0.503245
vt 0.046982 0.543309
vt 0.040689 0.543330
vt 0.047095 0.704187
vt 0.040809 0.704191
vt 0.040797 0.686475
vt 0.040791 0.677834
vt 0.759435 0.751367
vt 0.762747 0.751365
vt 0.759440 0.757682
vt 0.738636 0.773914
vt 0.729957 0.773914
vt 0.708151 0.772795
vt 0.704839 0.772795
vt 0.704840 0.766480
vt 0.704840 0.779110
vt 0.711463 0.772795
vt 0.711463 0.766480
vt 0.677668 0.757515
vt 0.686348 0.757515
vt 0.657579 0.773006
vt 0.654267 0.773003
vt 0.654272 0.766688
vt 0.654263 0.779318
vt 0.046955 0.741734
vt 0.046916 0.724493
vt 0.040663 0.741746
vt 0.040620 0.724509
vt 0.046970 0.750379
vt 0.040682 0.750384
vt 0.046905 0.885374
vt 0.040620 0.885375
vt 0.046940 0.925254
vt 0.046912 0.894012
vt 0.040658 0.925260
vt 0.040628 0.894016
vt 0.657818 0.614925
vt 0.655636 0.614918
s 0
usemtl Door
f 80/1/1 83/2/1 147/3/1 146/4/1 103/5/1 106/6/1
f 94/7/1 89/8/1 161/9/1 160/10/1 193/11/1 196/12/1
f 212/13/2 214/14/2 205/15/2 206/16/2
f 86/17/1 81/18/1 119/19/1 118/20/1 131/21/1 134/22/1
f 36/23/1 41/24/1 50/25/1 43/26/1
f 40/27/1 37/28/1 46/29/1 47/30/1
f 95/31/3 40/32/3 80/1/3 100/33/3
f 17/34/1 64/35/1 179/36/1 182/37/1 18/38/1
f 250/39/4 226/40/4 222/41/4 257/42/4
f 52/43/1 57/44/1 66/45/1 59/46/1
f 12/47/5 18/38/5 2/48/5 33/49/5
f 48/50/1 19/51/1 30/52/1 49/53/1
f 19/51/1 48/50/1 137/54/1 140/55/1 20/56/1
f 56/57/1 53/58/1 62/59/1 63/60/1
f 9/61/3 16/62/3 25/63/3 70/64/3
f 165/65/3 56/66/3 88/67/3 170/68/3
f 64/35/1 17/34/1 28/69/1 65/70/1
f 31/71/1 58/72/1 151/73/1 154/74/1 32/75/1
f 123/76/3 50/77/3 86/17/3 128/78/3
f 25/63/1 42/79/1 109/80/1 112/81/1 26/82/1
f 229/83/6 279/84/6 280/85/6 232/86/6
f 10/87/3 15/88/3 16/62/3 9/61/3
f 88/67/1 91/89/1 203/90/1 202/91/1 173/92/1 176/93/1
f 22/94/1 55/95/1 58/72/1 31/71/1
f 39/96/1 16/62/1 15/88/1 97/97/1 96/98/1
f 16/62/1 39/96/1 42/79/1 25/63/1
f 183/99/1 184/100/1 92/101/1 204/102/1 203/90/1 91/89/1
f 24/103/5 4/104/5 27/105/5 67/106/5
f 253/107/4 248/108/4 218/109/4 221/110/4
f 67/106/5 27/105/5 28/69/5 68/111/5
f 57/112/3 152/113/3 155/114/3 89/8/3
f 185/115/3 66/116/3 94/7/3 190/117/3
f 41/118/3 110/119/3 113/120/3 81/18/3
f 35/121/1 3/122/1 26/82/1 112/81/1 111/123/1
f 98/124/1 97/97/1 15/88/1 1/125/1 38/126/1
f 48/127/5 49/128/5 85/129/5 84/130/5
f 109/131/3 42/132/3 82/133/3 114/134/3
f 133/135/1 132/136/1 145/137/1 148/138/1 84/130/1 85/129/1
f 73/139/2 45/140/2 46/29/2 74/141/2
f 18/38/1 182/37/1 181/142/1 61/143/1 2/48/1
f 137/144/3 48/127/3 84/130/3 142/145/3
f 141/146/1 142/145/1 84/130/1 148/138/1 147/3/1 83/2/1
f 7/147/1 44/148/1 126/149/1 125/150/1 29/151/1
f 63/60/1 62/59/1 61/143/1 181/142/1 180/152/1
f 53/58/1 56/57/1 165/153/1 168/154/1 54/155/1
f 168/154/1 167/156/1 21/157/1 6/158/1 54/155/1
f 113/120/1 114/134/1 82/133/1 120/159/1 119/19/1 81/18/1
f 151/160/3 58/161/3 90/162/3 156/163/3
f 56/66/2 63/164/2 91/89/2 88/67/2
f 77/165/2 61/143/2 62/59/2 78/166/2
f 50/77/7 41/118/7 81/18/7 86/17/7
f 179/167/3 64/168/3 92/101/3 184/100/3
f 55/95/1 22/94/1 21/157/1 167/156/1 166/169/1
f 4/104/1 60/170/1 188/171/1 187/172/1 27/105/1
f 158/173/2 191/174/2 193/175/2 160/176/2
f 54/155/2 75/177/2 76/178/2 53/58/2
f 38/126/2 71/179/2 72/180/2 37/28/2
f 17/34/5 11/181/5 68/111/5 28/69/5
f 26/82/3 69/182/3 70/64/3 25/63/3
f 18/38/5 12/47/5 11/181/5 17/34/5
f 38/126/2 1/125/2 34/183/2 71/179/2
f 54/155/2 6/158/2 13/184/2 75/177/2
f 53/58/2 76/178/2 78/166/2 62/59/2
f 2/48/2 61/143/2 77/165/2 33/185/2
f 15/88/3 10/87/3 34/186/3 1/125/3
f 5/187/2 45/140/2 73/139/2 14/188/2
f 3/122/3 23/189/3 69/182/3 26/82/3
f 206/16/2 205/15/2 241/190/2 243/191/2
f 37/28/2 72/180/2 74/141/2 46/29/2
f 79/192/1 99/193/1 100/33/1 80/1/1 106/6/1 105/194/1
f 85/129/1 127/195/1 128/78/1 86/17/1 134/22/1 133/135/1
f 155/114/1 156/163/1 90/162/1 162/196/1 161/9/1 89/8/1
f 93/197/1 189/198/1 190/117/1 94/7/1 196/12/1 195/199/1
f 51/200/1 8/201/1 32/75/1 154/74/1 153/202/1
f 66/116/7 57/112/7 89/8/7 94/7/7
f 58/161/3 55/203/3 87/204/3 90/162/3
f 49/53/1 30/52/1 29/151/1 125/150/1 124/205/1
f 37/28/1 40/27/1 95/206/1 98/124/1 38/126/1
f 47/30/1 46/29/1 45/140/1 139/207/1 138/208/1
f 43/26/1 50/25/1 123/209/1 126/149/1 44/148/1
f 20/56/1 140/55/1 139/207/1 45/140/1 5/187/1
f 195/199/1 194/210/1 201/211/1 204/102/1 92/101/1 93/197/1
f 157/212/5 172/213/5 178/214/5 163/215/5
f 65/70/1 28/69/1 27/105/1 187/172/1 186/216/1
f 64/168/5 65/217/5 93/197/5 92/101/5
f 144/218/7 101/219/7 103/220/7 146/221/7
f 59/46/1 66/45/1 185/222/1 188/171/1 60/170/1
f 40/32/2 47/223/2 83/2/2 80/1/2
f 42/132/3 39/224/3 79/192/3 82/133/3
f 220/225/6 219/226/6 267/227/6 265/228/6
f 206/16/2 268/229/2 267/230/2 219/231/2
f 217/232/6 224/233/6 260/234/6 269/235/6
f 31/236/5 32/237/5 282/238/5 281/239/5
f 230/240/4 261/241/4 258/242/4 233/243/4
f 6/244/2 274/245/2 275/246/2 237/247/2
f 7/248/7 246/249/7 247/250/7 216/251/7
f 283/252/6 231/253/6 232/86/6 280/85/6
f 8/254/7 245/255/7 238/256/7
f 22/257/5 31/236/5 281/239/5 278/258/5
f 19/259/3 20/260/3 252/261/3 251/262/3
f 207/263/7 211/264/7 217/265/7
f 115/266/5 102/267/5 107/268/5 122/269/5
f 105/194/1 104/270/1 117/271/1 120/159/1 82/133/1 79/192/1
f 143/272/3 130/273/3 135/274/3 149/275/3
f 116/276/2 121/277/2 136/278/2 129/279/2
f 87/204/1 169/280/1 170/68/1 88/67/1 176/93/1 175/281/1
f 199/282/3 192/283/3 198/284/3 208/285/3
f 158/173/2 164/286/2 197/287/2 191/174/2
f 175/281/1 174/288/1 159/289/1 162/196/1 90/162/1 87/204/1
f 95/206/1 96/98/1 97/97/1 98/124/1
f 95/290/8 100/33/8 99/193/8 96/291/8
f 39/224/5 96/292/5 99/193/5 79/192/5
f 103/5/1 104/270/1 105/194/1 106/6/1
f 102/267/9 104/293/9 103/220/9 101/219/9
f 21/294/5 22/257/5 278/258/5 277/295/5
f 234/296/6 276/297/6 279/84/6 229/83/6
f 101/219/9 108/298/9 107/268/9 102/267/9
f 101/219/7 144/218/7 150/299/7 108/298/7
f 109/80/1 110/300/1 111/123/1 112/81/1
f 109/301/10 114/134/10 113/120/10 110/302/10
f 41/24/1 36/23/1 35/121/1 111/123/1 110/300/1
f 117/271/1 118/20/1 119/19/1 120/159/1
f 117/303/11 115/266/11 116/276/11 118/304/11
f 220/225/6 265/228/6 262/305/6 227/306/6
f 234/296/6 237/307/6 275/308/6 276/297/6
f 121/277/11 116/276/11 115/266/11 122/269/11
f 102/267/5 115/266/5 117/303/5 104/293/5
f 123/209/1 124/205/1 125/150/1 126/149/1
f 123/309/12 128/78/12 127/195/12 124/310/12
f 49/128/3 124/311/3 127/195/3 85/129/3
f 131/21/1 132/136/1 133/135/1 134/22/1
f 130/273/13 132/312/13 131/313/13 129/314/13
f 32/237/5 8/315/5 273/316/5 282/238/5
f 5/317/2 213/318/2 218/319/2
f 129/314/13 136/320/13 135/274/13 130/273/13
f 116/276/2 129/279/2 131/321/2 118/304/2
f 137/54/1 138/208/1 139/207/1 140/55/1
f 137/322/14 142/145/14 141/146/14 138/323/14
f 47/223/3 138/324/3 141/146/3 83/2/3
f 145/137/1 146/4/1 147/3/1 148/138/1
f 29/325/3 30/326/3 256/327/3 255/328/3
f 145/329/15 143/272/15 144/218/15 146/221/15
f 206/16/2 243/191/2 236/330/2
f 150/299/15 144/218/15 143/272/15 149/275/15
f 130/273/3 143/272/3 145/329/3 132/312/3
f 151/73/1 152/331/1 153/202/1 154/74/1
f 151/332/10 156/163/10 155/114/10 152/333/10
f 57/44/1 52/43/1 51/200/1 153/202/1 152/331/1
f 159/289/1 160/10/1 161/9/1 162/196/1
f 264/334/4 235/335/4 228/336/4 263/337/4
f 159/338/11 157/212/11 158/173/11 160/176/11
f 264/334/4 266/339/4 236/340/4 235/335/4
f 164/286/11 158/173/11 157/212/11 163/215/11
f 227/306/6 262/305/6 259/341/6 223/342/6
f 172/213/5 157/212/5 159/338/5 174/343/5
f 165/153/1 166/169/1 167/156/1 168/154/1
f 165/344/8 170/68/8 169/280/8 166/345/8
f 55/203/5 166/346/5 169/280/5 87/204/5
f 173/92/1 174/288/1 175/281/1 176/93/1
f 5/317/2 14/347/2 215/348/2 213/318/2
f 173/349/9 171/350/9 172/213/9 174/343/9
f 242/351/2 240/352/2 13/353/2 6/244/2
f 171/350/9 177/354/9 178/214/9 172/213/9
f 20/260/3 5/355/3 249/356/3 252/261/3
f 200/357/7 171/350/7 173/349/7 202/358/7
f 179/36/1 180/152/1 181/142/1 182/37/1
f 179/359/14 184/100/14 183/99/14 180/360/14
f 63/164/3 180/361/3 183/99/3 91/89/3
f 185/222/1 186/216/1 187/172/1 188/171/1
f 185/362/12 190/117/12 189/198/12 186/363/12
f 65/217/3 186/364/3 189/198/3 93/197/3
f 193/11/1 194/210/1 195/199/1 196/12/1
f 225/365/4 254/366/4 257/42/4 222/41/4
f 192/283/13 194/367/13 193/368/13 191/369/13
f 253/107/4 221/110/4 226/40/4 250/39/4
f 191/369/13 197/370/13 198/284/13 192/283/13
f 7/371/3 29/325/3 255/328/3 246/249/3
f 171/350/7 200/357/7 209/372/7 177/354/7
f 201/211/1 202/91/1 203/90/1 204/102/1
f 30/326/3 19/259/3 251/262/3 256/327/3
f 200/357/15 202/358/15 201/373/15 199/282/15
f 6/374/5 21/294/5 277/295/5 274/375/5
f 209/372/15 200/357/15 199/282/15 208/285/15
f 270/376/4 261/241/4 230/240/4 239/377/4
f 192/283/3 199/282/3 201/373/3 194/367/3
f 210/378/7 216/379/7 217/380/7 211/381/7
f 225/382/1 222/383/1 223/384/1 224/385/1
f 214/386/2 212/387/2 213/388/2 215/389/2
f 227/390/1 223/384/1 222/383/1 226/391/1
f 219/392/1 220/393/1 221/394/1 218/395/1
f 224/385/1 217/380/1 216/379/1 225/382/1
f 220/393/1 227/390/1 226/391/1 221/394/1
f 212/387/2 219/396/2 218/397/2 213/388/2
f 207/263/7 271/398/7 270/376/7 239/399/7
f 240/400/2 242/401/2 243/402/2 241/403/2
f 229/404/1 232/405/1 233/406/1 228/407/1
f 237/408/1 234/409/1 235/410/1 236/411/1
f 231/412/1 238/413/1 239/414/1 230/415/1
f 234/409/1 229/404/1 228/407/1 235/410/1
f 242/401/2 237/416/2 236/417/2 243/402/2
f 244/418/7 239/414/7 238/413/7 245/419/7
f 230/415/1 233/406/1 232/405/1 231/412/1
f 260/234/6 224/233/6 223/342/6 259/341/6
f 251/262/16 252/261/16 253/107/16 250/39/16
f 252/261/16 249/356/16 248/108/16 253/107/16
f 255/328/16 256/327/16 257/42/16 254/366/16
f 256/327/16 251/262/16 250/39/16 257/42/16
f 246/249/16 255/328/16 254/366/16 247/250/16
f 247/250/4 254/366/4 225/365/4 216/420/4
f 266/421/2 267/230/2 268/229/2
f 269/235/7 270/376/7 271/398/7
f 263/337/1 258/242/1 259/341/1 262/305/1
f 266/339/1 264/334/1 265/228/1 267/227/1
f 261/241/1 270/376/1 269/235/1 260/234/1
f 264/334/1 263/337/1 262/305/1 265/228/1
f 260/234/1 259/341/1 258/242/1 261/241/1
f 263/337/4 228/336/4 233/243/4 258/242/4
f 277/295/17 278/258/17 279/84/17 276/297/17
f 274/375/17 277/295/17 276/297/17 275/308/17
f 281/239/17 282/238/17 283/252/17 280/85/17
f 278/258/17 281/239/17 280/85/17 279/84/17
f 282/238/17 273/316/17 272/422/17 283/252/17
f 238/423/6 231/253/6 283/252/6 272/422/6
f 341/424/18 367/425/18 364/426/18 401/427/18 402/428/18 344/429/18
f 355/430/18 445/431/18 442/432/18 413/433/18 414/434/18 350/435/18
f 456/436/2 452/437/2 205/15/2 214/14/2
f 347/438/18 391/439/18 388/440/18 377/441/18 378/442/18 342/443/18
f 309/444/18 316/445/18 323/446/18 314/447/18
f 313/448/18 320/449/18 319/450/18 310/451/18
f 356/452/3 361/453/3 341/424/3 313/454/3
f 294/455/18 295/456/18 431/457/18 428/458/18 337/459/18
f 490/460/19 497/461/19 464/462/19 468/463/19
f 325/464/18 332/465/18 339/466/18 330/467/18
f 12/47/5 33/49/5 285/468/5 295/469/5
f 321/470/18 322/471/18 305/472/18 296/473/18
f 296/473/18 297/474/18 395/475/18 392/476/18 321/470/18
f 329/477/18 336/478/18 335/479/18 326/480/18
f 9/61/3 70/64/3 300/481/3 293/482/3
f 416/483/3 421/484/3 349/485/3 329/486/3
f 337/459/18 338/487/18 303/488/18 294/455/18
f 306/489/18 307/490/18 407/491/18 404/492/18 331/493/18
f 380/494/3 385/495/3 347/438/3 323/496/3
f 300/497/18 301/498/18 371/499/18 368/500/18 315/501/18
f 471/502/20 474/503/20 520/504/20 519/505/20
f 10/87/3 9/61/3 293/482/3 292/506/3
f 349/485/18 427/507/18 424/508/18 449/509/18 450/510/18 352/511/18
f 299/512/18 306/489/18 331/493/18 328/513/18
f 312/514/18 357/515/18 358/516/18 292/517/18 293/518/18
f 293/518/18 300/497/18 315/501/18 312/514/18
f 432/519/18 352/511/18 450/510/18 451/520/18 353/521/18 433/522/18
f 24/103/5 67/106/5 302/523/5 287/524/5
f 493/525/19 463/526/19 460/527/19 488/528/19
f 67/106/5 68/111/5 303/529/5 302/523/5
f 330/530/3 350/435/3 408/531/3 405/532/3
f 434/533/3 439/534/3 355/430/3 339/535/3
f 314/536/3 342/443/3 372/537/3 369/538/3
f 308/539/18 370/540/18 371/499/18 301/498/18 286/541/18
f 359/542/18 311/543/18 284/544/18 292/517/18 358/516/18
f 321/545/5 345/546/5 346/547/5 322/548/5
f 368/549/3 373/550/3 343/551/3 315/552/3
f 390/553/18 346/547/18 345/546/18 403/554/18 400/555/18 389/556/18
f 73/139/2 74/141/2 319/450/2 318/557/2
f 295/456/18 285/558/18 334/559/18 430/560/18 431/457/18
f 392/561/3 397/562/3 345/546/3 321/545/3
f 396/563/18 344/429/18 402/428/18 403/554/18 345/546/18 397/562/18
f 290/564/18 304/565/18 382/566/18 383/567/18 317/568/18
f 336/478/18 429/569/18 430/560/18 334/559/18 335/479/18
f 326/480/18 327/570/18 419/571/18 416/572/18 329/477/18
f 419/571/18 327/570/18 289/573/18 298/574/18 418/575/18
f 372/537/18 342/443/18 378/442/18 379/576/18 343/551/18 373/550/18
f 404/577/3 409/578/3 351/579/3 331/580/3
f 329/486/2 349/485/2 352/511/2 336/581/2
f 77/165/2 78/166/2 335/479/2 334/559/2
f 323/496/7 347/438/7 342/443/7 314/536/7
f 428/582/3 433/522/3 353/521/3 337/583/3
f 328/513/18 417/584/18 418/575/18 298/574/18 299/512/18
f 287/585/18 302/586/18 436/587/18 437/588/18 333/589/18
f 411/590/2 413/591/2 442/592/2 440/593/2
f 327/570/2 326/480/2 76/178/2 75/177/2
f 311/543/2 310/451/2 72/180/2 71/179/2
f 294/594/5 303/529/5 68/111/5 11/181/5
f 301/595/3 300/481/3 70/64/3 69/182/3
f 295/469/5 294/594/5 11/181/5 12/47/5
f 311/543/2 71/179/2 34/183/2 284/544/2
f 327/570/2 75/177/2 13/184/2 289/573/2
f 326/480/2 335/479/2 78/166/2 76/178/2
f 285/558/2 33/185/2 77/165/2 334/559/2
f 292/506/3 284/596/3 34/186/3 10/87/3
f 288/597/2 14/188/2 73/139/2 318/557/2
f 286/598/3 301/595/3 69/182/3 23/189/3
f 452/437/2 483/599/2 241/190/2 205/15/2
f 310/451/2 319/450/2 74/141/2 72/180/2
f 340/600/18 366/601/18 367/425/18 341/424/18 361/453/18 360/602/18
f 346/547/18 390/553/18 391/439/18 347/438/18 385/495/18 384/603/18
f 408/531/18 350/435/18 414/434/18 415/604/18 351/579/18 409/578/18
f 354/605/18 444/606/18 445/431/18 355/430/18 439/534/18 438/607/18
f 324/608/18 406/609/18 407/491/18 307/490/18 291/610/18
f 339/535/7 355/430/7 350/435/7 330/530/7
f 331/580/3 351/579/3 348/611/3 328/612/3
f 322/471/18 381/613/18 382/566/18 304/565/18 305/472/18
f 310/451/18 311/543/18 359/542/18 356/614/18 313/448/18
f 320/449/18 393/615/18 394/616/18 318/557/18 319/450/18
f 316/445/18 317/568/18 383/567/18 380/617/18 323/446/18
f 297/474/18 288/597/18 318/557/18 394/616/18 395/475/18
f 444/606/18 354/605/18 353/521/18 451/520/18 448/618/18 443/619/18
f 410/620/5 163/215/5 178/214/5 423/621/5
f 338/487/18 435/622/18 436/587/18 302/586/18 303/488/18
f 337/583/5 353/521/5 354/605/5 338/623/5
f 399/624/7 401/625/7 364/626/7 362/627/7
f 332/465/18 333/589/18 437/588/18 434/628/18 339/466/18
f 313/454/2 341/424/2 344/429/2 320/629/2
f 315/552/3 343/551/3 340/600/3 312/630/3
f 462/631/20 505/632/20 507/633/20 461/634/20
f 461/635/2 507/633/2 508/636/2 452/437/2
f 459/637/20 509/638/20 500/639/20 466/640/20
f 306/641/5 521/642/5 522/643/5 307/644/5
f 472/645/19 475/646/19 498/647/19 501/648/19
f 479/649/2 515/650/2 514/651/2 289/652/2
f 458/653/7 487/654/7 486/655/7 290/656/7
f 523/657/20 520/504/20 474/503/20 473/658/20
f 291/659/7 513/660/7 512/661/7 480/662/7
f 299/663/5 518/664/5 521/642/5 306/641/5
f 296/665/3 491/666/3 492/667/3 297/668/3
f 453/669/7 511/670/7 509/638/7 459/671/7
f 374/672/5 122/269/5 107/268/5 363/673/5
f 366/601/18 340/600/18 343/551/18 379/576/18 376/674/18 365/675/18
f 398/676/3 149/275/3 135/274/3 387/677/3
f 375/678/2 386/679/2 136/278/2 121/277/2
f 348/611/18 426/680/18 427/507/18 349/485/18 421/484/18 420/681/18
f 446/682/3 208/285/3 198/284/3 441/683/3
f 411/590/2 440/593/2 197/287/2 164/286/2
f 426/680/18 348/611/18 351/579/18 415/604/18 412/684/18 425/685/18
f 356/614/18 359/542/18 358/516/18 357/515/18
f 356/686/8 357/687/8 360/602/8 361/453/8
f 312/630/5 340/600/5 360/602/5 357/688/5
f 364/426/18 367/425/18 366/601/18 365/675/18
f 363/673/9 362/627/9 364/626/9 365/689/9
f 298/690/5 517/691/5 518/664/5 299/663/5
f 476/692/20 471/502/20 519/505/20 516/693/20
f 362/627/9 363/673/9 107/268/9 108/298/9
f 362/627/7 108/298/7 150/299/7 399/624/7
f 368/500/18 371/499/18 370/540/18 369/694/18
f 368/695/10 369/696/10 372/537/10 373/550/10
f 314/447/18 369/694/18 370/540/18 308/539/18 309/444/18
f 376/674/18 379/576/18 378/442/18 377/441/18
f 376/697/11 377/698/11 375/678/11 374/672/11
f 462/631/20 469/699/20 502/700/20 505/632/20
f 476/692/20 516/693/20 515/650/20 479/701/20
f 121/277/11 122/269/11 374/672/11 375/678/11
f 363/673/5 365/689/5 376/697/5 374/672/5
f 380/617/18 383/567/18 382/566/18 381/613/18
f 380/702/12 381/703/12 384/603/12 385/495/12
f 322/548/3 346/547/3 384/603/3 381/704/3
f 388/440/18 391/439/18 390/553/18 389/556/18
f 387/677/13 386/705/13 388/706/13 389/707/13
f 307/644/5 522/643/5 513/660/5 291/708/5
f 288/709/2 489/710/2 488/528/2 460/711/2
f 386/705/13 387/677/13 135/274/13 136/320/13
f 375/678/2 377/698/2 388/712/2 386/679/2
f 392/476/18 395/475/18 394/616/18 393/615/18
f 392/713/14 393/714/14 396/563/14 397/562/14
f 320/629/3 344/429/3 396/563/3 393/715/3
f 400/555/18 403/554/18 402/428/18 401/427/18
f 304/716/3 495/717/3 496/718/3 305/719/3
f 400/720/15 401/625/15 399/624/15 398/676/15
f 452/437/2 508/636/2 506/721/2 478/722/2
f 150/299/15 149/275/15 398/676/15 399/624/15
f 387/677/3 389/707/3 400/720/3 398/676/3
f 404/492/18 407/491/18 406/609/18 405/723/18
f 404/724/10 405/725/10 408/531/10 409/578/10
f 330/467/18 405/723/18 406/609/18 324/608/18 325/464/18
f 412/684/18 415/604/18 414/434/18 413/433/18
f 504/726/19 503/727/19 470/728/19 477/729/19
f 412/730/11 413/591/11 411/590/11 410/620/11
f 504/726/19 477/729/19 478/731/19 506/721/19
f 164/286/11 163/215/11 410/620/11 411/590/11
f 469/699/20 465/732/20 499/733/20 502/700/20
f 423/621/5 425/734/5 412/730/5 410/620/5
f 416/572/18 419/571/18 418/575/18 417/584/18
f 416/735/8 417/736/8 420/681/8 421/484/8
f 328/612/5 348/611/5 420/681/5 417/737/5
f 424/508/18 427/507/18 426/680/18 425/685/18
f 288/709/2 457/738/2 215/348/2 14/347/2
f 424/739/9 425/734/9 423/621/9 422/740/9
f 482/741/2 289/652/2 13/353/2 240/352/2
f 422/740/9 423/621/9 178/214/9 177/354/9
f 297/668/3 492/667/3 489/710/3 288/742/3
f 447/743/7 449/744/7 424/739/7 422/740/7
f 428/458/18 431/457/18 430/560/18 429/569/18
f 428/745/14 429/746/14 432/519/14 433/522/14
f 336/581/3 352/511/3 432/519/3 429/747/3
f 434/628/18 437/588/18 436/587/18 435/622/18
f 434/748/12 435/749/12 438/607/12 439/534/12
f 338/623/3 354/605/3 438/607/3 435/750/3
f 442/432/18 445/431/18 444/606/18 443/619/18
f 467/751/19 464/462/19 497/461/19 494/752/19
f 441/683/13 440/753/13 442/754/13 443/755/13
f 493/525/19 490/460/19 468/463/19 463/526/19
f 440/753/13 441/683/13 198/284/13 197/370/13
f 290/756/3 486/655/3 495/717/3 304/716/3
f 422/740/7 177/354/7 209/372/7 447/743/7
f 448/618/18 451/520/18 450/510/18 449/509/18
f 305/719/3 496/718/3 491/666/3 296/665/3
f 447/743/15 446/682/15 448/757/15 449/744/15
f 289/758/5 514/651/5 517/691/5 298/690/5
f 209/372/15 208/285/15 446/682/15 447/743/15
f 510/759/19 481/760/19 472/645/19 501/648/19
f 441/683/3 443/755/3 448/757/3 446/682/3
f 454/761/7 455/762/7 459/763/7 458/764/7
f 467/765/18 466/766/18 465/767/18 464/768/18
f 214/386/2 215/389/2 457/769/2 456/770/2
f 469/771/18 468/772/18 464/768/18 465/767/18
f 461/773/18 460/774/18 463/775/18 462/776/18
f 466/766/18 467/765/18 458/764/18 459/763/18
f 462/776/18 463/775/18 468/772/18 469/771/18
f 456/770/2 457/769/2 460/774/2 461/773/2
f 481/777/7 510/759/7 511/670/7 453/669/7
f 240/400/2 241/403/2 483/778/2 482/779/2
f 471/780/18 470/781/18 475/782/18 474/783/18
f 479/784/18 478/785/18 477/786/18 476/787/18
f 473/788/18 472/789/18 481/790/18 480/791/18
f 476/787/18 477/786/18 470/781/18 471/780/18
f 482/779/2 483/778/2 478/785/2 479/784/2
f 484/792/7 485/793/7 480/791/7 481/790/7
f 472/789/18 473/788/18 474/783/18 475/782/18
f 500/639/20 499/733/20 465/732/20 466/640/20
f 491/666/21 490/460/21 493/525/21 492/667/21
f 492/667/21 493/525/21 488/528/21 489/710/21
f 495/717/21 494/752/21 497/461/21 496/718/21
f 496/718/21 497/461/21 490/460/21 491/666/21
f 486/655/21 487/654/21 494/752/21 495/717/21
f 487/654/19 458/794/19 467/751/19 494/752/19
f 506/721/2 508/636/2 507/633/2
f 509/638/7 511/670/7 510/759/7
f 503/727/18 502/700/18 499/733/18 498/647/18
f 506/721/18 507/633/18 505/632/18 504/726/18
f 501/648/18 500/639/18 509/638/18 510/759/18
f 504/726/18 505/632/18 502/700/18 503/727/18
f 500/639/18 501/648/18 498/647/18 499/733/18
f 503/727/19 498/647/19 475/646/19 470/728/19
f 517/691/22 516/693/22 519/505/22 518/664/22
f 514/651/22 515/650/22 516/693/22 517/691/22
f 521/642/22 520/504/22 523/657/22 522/643/22
f 518/664/22 519/505/22 520/504/22 521/642/22
f 522/643/22 523/657/22 512/661/22 513/660/22
f 480/795/20 512/661/20 523/657/20 473/658/20
f 524/796/7 24/797/7 287/585/7 333/589/7
f 524/796/7 60/798/7 4/799/7 24/797/7
f 525/800/7 524/796/7 333/589/7 332/465/7
f 525/800/7 59/801/7 60/798/7 524/796/7
f 526/802/7 525/800/7 332/465/7 325/464/7 324/608/7 291/610/7
f 526/802/7 8/803/7 51/804/7 52/805/7 59/801/7 525/800/7
f 527/806/7 526/807/7 291/659/7 485/808/7
f 527/806/7 245/255/7 8/254/7 526/807/7
f 528/809/7 527/810/7 485/793/7 484/792/7
f 528/809/7 244/418/7 245/419/7 527/810/7
f 529/811/7 528/812/7 484/813/7 453/669/7
f 529/811/7 207/263/7 244/814/7 528/812/7
f 530/815/7 529/811/7 453/669/7 455/816/7
f 530/815/7 211/264/7 207/263/7 529/811/7
f 531/817/7 530/818/7 455/762/7 454/761/7
f 531/817/7 210/378/7 211/381/7 530/818/7
f 532/819/7 531/820/7 454/821/7 290/656/7
f 532/819/7 7/248/7 210/822/7 531/820/7
f 533/823/7 532/824/7 290/564/7 317/568/7
f 533/823/7 44/825/7 7/826/7 532/824/7
f 534/827/7 533/823/7 317/568/7 316/445/7
f 534/827/7 43/828/7 44/825/7 533/823/7
f 536/829/7 534/827/7 316/445/7 309/444/7
f 36/830/7 43/828/7 534/827/7 536/829/7
f 23/831/7 535/832/7 308/539/7 286/541/7
f 3/833/7 35/834/7 535/832/7 23/831/7
f 535/832/7 536/829/7 309/444/7 308/539/7
f 35/834/7 36/830/7 536/829/7 535/832/7
f 210/822/7 7/248/7 216/251/7
f 454/821/7 458/653/7 290/656/7
f 271/398/7 207/263/7 217/265/7 269/235/7
f 455/816/7 453/669/7 459/671/7
f 484/813/7 481/777/7 453/669/7
f 244/814/7 207/263/7 239/399/7
f 273/316/7 8/254/7 238/256/7 272/422/7
f 485/808/7 291/659/7 480/662/7
f 457/738/2 288/709/2 460/711/2
f 249/835/2 5/317/2 218/319/2 248/836/2
f 456/436/2 461/635/2 452/437/2
f 212/13/2 206/16/2 219/231/2
f 483/599/2 452/437/2 478/722/2
f 268/229/2 206/16/2 236/330/2 266/421/2
f 482/741/2 479/649/2 289/652/2
f 242/351/2 6/244/2 237/247/2
o Left_windows
v -0.036408 -0.804822 1.833734
v 0.043592 -0.804822 1.833734
v -0.036408 -3.410779 1.833734
v 0.043592 -3.410779 1.833734
v -0.036408 -0.804822 0.616235
v 0.043592 -0.804822 0.616235
v -0.036408 -3.410779 0.616235
v 0.043592 -3.410779 0.616235
v -0.036408 -0.804822 0.920610
v 0.043592 -0.804822 0.920610
v -0.036408 -0.804822 1.224984
v 0.043592 -0.804822 1.224984
v -0.036408 -0.804822 1.529359
v 0.043592 -0.804822 1.529359
v -0.036408 -1.456311 1.833734
v 0.043592 -1.456311 1.833734
v -0.036408 -2.107800 1.833734
v 0.043592 -2.107800 1.833734
v -0.036408 -2.759290 1.833734
v 0.043592 -2.759290 1.833734
v -0.036408 -3.410779 1.529359
v 0.043592 -3.410779 1.529359
v -0.036408 -3.410779 1.224984
v 0.043592 -3.410779 1.224984
v -0.036408 -3.410779 0.920610
v 0.043592 -3.410779 0.920610
v -0.036408 -2.759290 0.616235
v 0.043592 -2.759290 0.616235
v -0.036408 -2.107800 0.616235
v 0.043592 -2.107800 0.616235
v -0.036408 -1.456311 0.616235
v 0.043592 -1.456311 0.616235
v -0.036408 -1.456311 1.529359
v 0.043592 -1.456311 1.529359
v -0.036408 -1.456311 1.224984
v 0.043592 -1.456311 1.224984
v -0.036408 -1.456311 0.920610
v 0.043592 -1.456311 0.920610
v -0.036408 -2.107800 1.529359
v 0.043592 -2.107800 1.529359
v -0.036408 -2.107800 1.224984
v 0.043592 -2.107800 1.224984
v -0.036408 -2.107800 0.920610
v 0.043592 -2.107800 0.920610
v -0.036408 -2.759290 1.529359
v 0.043592 -2.759290 1.529359
v -0.036408 -2.759290 1.224984
v 0.043592 -2.759290 1.224984
v -0.036408 -2.759290 0.920610
v 0.043592 -2.759290 0.920610
v -0.036408 -3.085034 0.768422
v 0.043592 -3.085034 0.768422
v -0.036408 -1.130566 0.768422
v 0.043592 -1.130566 0.768422
v -0.036408 -1.782056 0.768422
v 0.043592 -1.782055 0.768422
v -0.036408 -2.433545 0.768422
v 0.043592 -2.433545 0.768422
v -0.036408 -1.130566 1.681546
v 0.043592 -1.130566 1.681546
v -0.036408 -1.130566 1.377172
v 0.043592 -1.130566 1.377172
v -0.036408 -1.130566 1.072797
v 0.043592 -1.130566 1.072797
v -0.036408 -1.782056 1.681546
v 0.043592 -1.782056 1.681546
v -0.036408 -1.782056 1.377172
v 0.043592 -1.782056 1.377172
v -0.036408 -1.782056 1.072797
v 0.043592 -1.782056 1.072797
v -0.036408 -2.433545 1.681546
v 0.043592 -2.433545 1.681546
v -0.036408 -2.433545 1.377172
v 0.043592 -2.433545 1.377172
v -0.036408 -2.433545 1.072797
v 0.043592 -2.433545 1.072797
v -0.036408 -3.085034 1.681546
v 0.043592 -3.085034 1.681546
v -0.036408 -3.085034 1.377172
v 0.043592 -3.085034 1.377172
v -0.036408 -3.085034 1.072797
v 0.043592 -3.085034 1.072797
v 0.003592 -2.013300 1.529359
v 0.003592 -1.782056 1.421322
v 0.003592 -1.550811 1.529359
v 0.003592 -1.782056 1.637396
v 0.003592 -2.107800 0.876459
v 0.003592 -2.339045 0.768422
v 0.003592 -2.107800 0.660385
v 0.003592 -1.876555 0.768422
v 0.003592 -0.984938 1.793734
v 0.003592 -0.764822 1.873734
v 0.003592 -1.456311 1.873734
v 0.003592 -1.276194 1.793734
v 0.003592 -1.130566 1.725697
v 0.003592 -1.636427 1.793734
v 0.003592 -2.107800 1.873734
v 0.003592 -1.927684 1.793734
v 0.003592 -1.782056 1.725696
v 0.003592 -2.287917 1.793734
v 0.003592 -2.759290 1.873734
v 0.003592 -2.579173 1.793734
v 0.003592 -2.433545 1.725697
v 0.003592 -2.939406 1.793734
v 0.003592 -3.450779 1.873734
v 0.003592 -3.230662 1.793734
v 0.003592 -3.085034 1.725697
v 0.003592 -3.316279 1.529359
v 0.003592 -3.085034 1.421322
v 0.003592 -2.853789 1.529359
v 0.003592 -3.085034 1.637396
v 0.003592 -2.759290 0.660385
v 0.003592 -2.528044 0.768422
v 0.003592 -2.759290 0.876459
v 0.003592 -2.990534 0.768422
v 0.003592 -3.370779 0.857771
v 0.003592 -3.450779 0.920610
v 0.003592 -3.450779 0.576235
v 0.003592 -3.370779 0.679073
v 0.003592 -3.179534 0.768422
v 0.003592 -3.230662 0.656235
v 0.003592 -2.759290 0.576235
v 0.003592 -2.939406 0.656235
v 0.003592 -3.085034 0.724272
v 0.003592 -2.202300 0.920610
v 0.003592 -2.433545 1.028647
v 0.003592 -2.664789 0.920610
v 0.003592 -2.433545 0.812572
v 0.003592 -2.107800 1.180834
v 0.003592 -2.339045 1.072797
v 0.003592 -2.107800 0.964760
v 0.003592 -1.876555 1.072797
v 0.003592 -1.276194 0.656235
v 0.003592 -1.456311 0.576235
v 0.003592 -0.764822 0.576235
v 0.003592 -0.984938 0.656235
v 0.003592 -1.130566 0.724272
v 0.003592 -0.844822 0.679073
v 0.003592 -0.764822 0.920610
v 0.003592 -0.844822 0.857771
v 0.003592 -1.036066 0.768422
v 0.003592 -2.107800 1.789584
v 0.003592 -2.339045 1.681546
v 0.003592 -2.107800 1.573509
v 0.003592 -1.876555 1.681546
v 0.003592 -1.927684 0.656235
v 0.003592 -2.107800 0.576235
v 0.003592 -1.636428 0.656235
v 0.003592 -1.782056 0.724272
v 0.003592 -2.579173 0.656235
v 0.003592 -2.287917 0.656235
v 0.003592 -2.433545 0.724272
v 0.003592 -1.361811 1.224984
v 0.003592 -1.130566 1.116947
v 0.003592 -0.899322 1.224984
v 0.003592 -1.130566 1.333021
v 0.003592 -2.664790 1.529359
v 0.003592 -2.433545 1.421322
v 0.003592 -2.202300 1.529359
v 0.003592 -2.433545 1.637396
v 0.003592 -0.844822 1.592197
v 0.003592 -0.764822 1.529359
v 0.003592 -0.844822 1.770896
v 0.003592 -1.036066 1.681546
v 0.003592 -1.456311 1.180834
v 0.003592 -1.687556 1.072797
v 0.003592 -1.456311 0.964760
v 0.003592 -1.225066 1.072797
v 0.003592 -2.013300 1.224984
v 0.003592 -1.782056 1.116947
v 0.003592 -1.550811 1.224984
v 0.003592 -1.782056 1.333021
v 0.003592 -0.844822 1.287822
v 0.003592 -0.764822 1.224984
v 0.003592 -0.844822 1.466521
v 0.003592 -1.036066 1.377172
v 0.003592 -2.107800 1.485209
v 0.003592 -2.339045 1.377172
v 0.003592 -2.107800 1.269134
v 0.003592 -1.876555 1.377172
v 0.003592 -0.844822 0.983448
v 0.003592 -0.844822 1.162146
v 0.003592 -1.036066 1.072797
v 0.003592 -1.456311 0.876459
v 0.003592 -1.687556 0.768422
v 0.003592 -1.456311 0.660385
v 0.003592 -1.225066 0.768422
v 0.003592 -2.853789 0.920610
v 0.003592 -3.085034 1.028647
v 0.003592 -3.316279 0.920610
v 0.003592 -3.085034 0.812572
v 0.003592 -1.456311 1.789584
v 0.003592 -1.687556 1.681546
v 0.003592 -1.456311 1.573509
v 0.003592 -1.225066 1.681546
v 0.003592 -2.759290 1.180834
v 0.003592 -2.990534 1.072797
v 0.003592 -2.759290 0.964760
v 0.003592 -2.528044 1.072797
v 0.003592 -2.759290 1.789584
v 0.003592 -2.990534 1.681546
v 0.003592 -2.759290 1.573509
v 0.003592 -2.528044 1.681546
v 0.003592 -2.759290 1.485209
v 0.003592 -2.990534 1.377172
v 0.003592 -2.759290 1.269134
v 0.003592 -2.528045 1.377172
v 0.003592 -1.550811 0.920610
v 0.003592 -1.782056 1.028647
v 0.003592 -2.013300 0.920609
v 0.003592 -1.782056 0.812572
v 0.003592 -1.456311 1.485209
v 0.003592 -1.687556 1.377172
v 0.003592 -1.456311 1.269134
v 0.003592 -1.225066 1.377172
v 0.003592 -0.899322 0.920610
v 0.003592 -1.130566 1.028647
v 0.003592 -1.361811 0.920610
v 0.003592 -1.130566 0.812572
v 0.003592 -3.316279 1.224984
v 0.003592 -3.085034 1.116947
v 0.003592 -2.853789 1.224984
v 0.003592 -3.085034 1.333021
v 0.003592 -3.370779 1.770896
v 0.003592 -3.450779 1.529359
v 0.003592 -3.370779 1.592197
v 0.003592 -3.179534 1.681546
v 0.003592 -1.361811 1.529359
v 0.003592 -1.130566 1.421322
v 0.003592 -0.899321 1.529359
v 0.003592 -1.130566 1.637396
v 0.003592 -3.370779 1.466521
v 0.003592 -3.450779 1.224984
v 0.003592 -3.370779 1.287822
v 0.003592 -3.179534 1.377172
v 0.003592 -2.664789 1.224984
v 0.003592 -2.433545 1.116947
v 0.003592 -2.202300 1.224984
v 0.003592 -2.433545 1.333021
v 0.003592 -3.370779 1.162146
v 0.003592 -3.370779 0.983448
v 0.003592 -3.179534 1.072797
v -0.036408 0.804821 1.833734
v 0.043592 0.804821 1.833734
v -0.036408 3.410779 1.833734
v 0.043592 3.410779 1.833734
v -0.036408 0.804821 0.616235
v 0.043592 0.804821 0.616235
v -0.036408 3.410779 0.616235
v 0.043592 3.410779 0.616235
v -0.036408 0.804821 0.920610
v 0.043592 0.804821 0.920610
v -0.036408 0.804821 1.224984
v 0.043592 0.804821 1.224984
v -0.036408 0.804821 1.529359
v 0.043592 0.804821 1.529359
v -0.036408 1.456311 1.833734
v 0.043592 1.456311 1.833734
v -0.036408 2.107800 1.833734
v 0.043592 2.107800 1.833734
v -0.036408 2.759289 1.833734
v 0.043592 2.759289 1.833734
v -0.036408 3.410779 1.529359
v 0.043592 3.410779 1.529359
v -0.036408 3.410779 1.224984
v 0.043592 3.410779 1.224984
v -0.036408 3.410779 0.920610
v 0.043592 3.410779 0.920610
v -0.036408 2.759289 0.616235
v 0.043592 2.759289 0.616235
v -0.036408 2.107800 0.616235
v 0.043592 2.107800 0.616235
v -0.036408 1.456311 0.616235
v 0.043592 1.456311 0.616235
v -0.036408 1.456311 1.529359
v 0.043592 1.456311 1.529359
v -0.036408 1.456311 1.224984
v 0.043592 1.456311 1.224984
v -0.036408 1.456311 0.920610
v 0.043592 1.456311 0.920610
v -0.036408 2.107800 1.529359
v 0.043592 2.107800 1.529359
v -0.036408 2.107800 1.224984
v 0.043592 2.107800 1.224984
v -0.036408 2.107800 0.920610
v 0.043592 2.107800 0.920610
v -0.036408 2.759289 1.529359
v 0.043592 2.759289 1.529359
v -0.036408 2.759289 1.224984
v 0.043592 2.759289 1.224984
v -0.036408 2.759289 0.920610
v 0.043592 2.759289 0.920610
v -0.036408 3.085033 0.768422
v 0.043592 3.085033 0.768422
v -0.036408 1.130566 0.768422
v 0.043592 1.130566 0.768422
v -0.036408 1.782055 0.768422
v 0.043592 1.782055 0.768422
v -0.036408 2.433544 0.768422
v 0.043592 2.433544 0.768422
v -0.036408 1.130566 1.681546
v 0.043592 1.130566 1.681546
v -0.036408 1.130566 1.377172
v 0.043592 1.130566 1.377172
v -0.036408 1.130566 1.072797
v 0.043592 1.130566 1.072797
v -0.036408 1.782055 1.681546
v 0.043592 1.782055 1.681546
v -0.036408 1.782055 1.377172
v 0.043592 1.782055 1.377172
v -0.036408 1.782055 1.072797
v 0.043592 1.782055 1.072797
v -0.036408 2.433545 1.681546
v 0.043592 2.433545 1.681546
v -0.036408 2.433545 1.377172
v 0.043592 2.433545 1.377172
v -0.036408 2.433544 1.072797
v 0.043592 2.433544 1.072797
v -0.036408 3.085034 1.681546
v 0.043592 3.085034 1.681546
v -0.036408 3.085033 1.377172
v 0.043592 3.085033 1.377172
v -0.036408 3.085033 1.072797
v 0.043592 3.085033 1.072797
v 0.003592 2.013300 1.529359
v 0.003592 1.782055 1.421322
v 0.003592 1.550810 1.529359
v 0.003592 1.782055 1.637396
v 0.003592 2.107800 0.876459
v 0.003592 2.339045 0.768422
v 0.003592 2.107800 0.660385
v 0.003592 1.876555 0.768422
v 0.003592 0.984938 1.793734
v 0.003592 0.764822 1.873734
v 0.003592 1.456311 1.873734
v 0.003592 1.276194 1.793734
v 0.003592 1.130566 1.725697
v 0.003592 1.636427 1.793734
v 0.003592 2.107800 1.873734
v 0.003592 1.927683 1.793734
v 0.003592 1.782055 1.725696
v 0.003592 2.287916 1.793734
v 0.003592 2.759289 1.873734
v 0.003592 2.579173 1.793734
v 0.003592 2.433545 1.725697
v 0.003592 2.939406 1.793734
v 0.003592 3.450778 1.873734
v 0.003592 3.230662 1.793734
v 0.003592 3.085034 1.725697
v 0.003592 3.316278 1.529359
v 0.003592 3.085033 1.421322
v 0.003592 2.853789 1.529359
v 0.003592 3.085034 1.637396
v 0.003592 2.759289 0.660385
v 0.003592 2.528044 0.768422
v 0.003592 2.759289 0.876459
v 0.003592 2.990534 0.768422
v 0.003592 3.370779 0.857771
v 0.003592 3.450778 0.920610
v 0.003592 3.450778 0.576235
v 0.003592 3.370779 0.679073
v 0.003592 3.179533 0.768422
v 0.003592 3.230662 0.656235
v 0.003592 2.759289 0.576235
v 0.003592 2.939405 0.656235
v 0.003592 3.085033 0.724272
v 0.003592 2.202300 0.920610
v 0.003592 2.433544 1.028647
v 0.003592 2.664789 0.920610
v 0.003592 2.433544 0.812572
v 0.003592 2.107800 1.180834
v 0.003592 2.339045 1.072797
v 0.003592 2.107800 0.964760
v 0.003592 1.876555 1.072797
v 0.003592 1.276194 0.656235
v 0.003592 1.456311 0.576235
v 0.003592 0.764822 0.576235
v 0.003592 0.984938 0.656235
v 0.003592 1.130566 0.724272
v 0.003592 0.844822 0.679073
v 0.003592 0.764822 0.920610
v 0.003592 0.844822 0.857771
v 0.003592 1.036066 0.768422
v 0.003592 2.107800 1.789584
v 0.003592 2.339045 1.681546
v 0.003592 2.107800 1.573509
v 0.003592 1.876555 1.681546
v 0.003592 1.927683 0.656235
v 0.003592 2.107800 0.576235
v 0.003592 1.636427 0.656235
v 0.003592 1.782055 0.724272
v 0.003592 2.579173 0.656235
v 0.003592 2.287916 0.656235
v 0.003592 2.433544 0.724272
v 0.003592 1.361811 1.224984
v 0.003592 1.130566 1.116947
v 0.003592 0.899321 1.224984
v 0.003592 1.130566 1.333021
v 0.003592 2.664789 1.529359
v 0.003592 2.433545 1.421322
v 0.003592 2.202300 1.529359
v 0.003592 2.433545 1.637396
v 0.003592 0.844821 1.592197
v 0.003592 0.764822 1.529359
v 0.003592 0.844821 1.770896
v 0.003592 1.036066 1.681546
v 0.003592 1.456311 1.180834
v 0.003592 1.687555 1.072797
v 0.003592 1.456311 0.964760
v 0.003592 1.225066 1.072797
v 0.003592 2.013300 1.224984
v 0.003592 1.782055 1.116947
v 0.003592 1.550810 1.224984
v 0.003592 1.782055 1.333021
v 0.003592 0.844822 1.287822
v 0.003592 0.764822 1.224984
v 0.003592 0.844821 1.466521
v 0.003592 1.036066 1.377172
v 0.003592 2.107800 1.485209
v 0.003592 2.339045 1.377172
v 0.003592 2.107800 1.269134
v 0.003592 1.876555 1.377172
v 0.003592 0.844822 0.983448
v 0.003592 0.844821 1.162146
v 0.003592 1.036066 1.072797
v 0.003592 1.456311 0.876459
v 0.003592 1.687555 0.768422
v 0.003592 1.456311 0.660385
v 0.003592 1.225066 0.768422
v 0.003592 2.853789 0.920610
v 0.003592 3.085033 1.028647
v 0.003592 3.316278 0.920610
v 0.003592 3.085033 0.812572
v 0.003592 1.456311 1.789584
v 0.003592 1.687555 1.681546
v 0.003592 1.456311 1.573509
v 0.003592 1.225066 1.681546
v 0.003592 2.759289 1.180834
v 0.003592 2.990534 1.072797
v 0.003592 2.759289 0.964760
v 0.003592 2.528044 1.072797
v 0.003592 2.759289 1.789584
v 0.003592 2.990534 1.681546
v 0.003592 2.759289 1.573509
v 0.003592 2.528044 1.681546
v 0.003592 2.759289 1.485209
v 0.003592 2.990534 1.377172
v 0.003592 2.759289 1.269134
v 0.003592 2.528044 1.377172
v 0.003592 1.550810 0.920610
v 0.003592 1.782055 1.028647
v 0.003592 2.013300 0.920609
v 0.003592 1.782055 0.812572
v 0.003592 1.456311 1.485209
v 0.003592 1.687555 1.377172
v 0.003592 1.456311 1.269134
v 0.003592 1.225066 1.377172
v 0.003592 0.899321 0.920610
v 0.003592 1.130566 1.028647
v 0.003592 1.361811 0.920610
v 0.003592 1.130566 0.812572
v 0.003592 3.316278 1.224984
v 0.003592 3.085033 1.116947
v 0.003592 2.853789 1.224984
v 0.003592 3.085033 1.333021
v 0.003592 3.370779 1.770896
v 0.003592 3.450778 1.529359
v 0.003592 3.370779 1.592197
v 0.003592 3.179533 1.681546
v 0.003592 1.361811 1.529359
v 0.003592 1.130566 1.421322
v 0.003592 0.899321 1.529359
v 0.003592 1.130566 1.637396
v 0.003592 3.370779 1.466521
v 0.003592 3.450778 1.224984
v 0.003592 3.370779 1.287822
v 0.003592 3.179533 1.377172
v 0.003592 2.664789 1.224984
v 0.003592 2.433544 1.116947
v 0.003592 2.202300 1.224984
v 0.003592 2.433545 1.333021
v 0.003592 3.370779 1.162146
v 0.003592 3.370779 0.983448
v 0.003592 3.179533 1.072797
vn -0.7071 0.2993 0.6406
vn 0.7071 0.2993 0.6406
vn -0.7071 -0.2993 0.6406
vn 0.7071 -0.2993 0.6406
vn -0.7071 -0.2993 -0.6406
vn 0.7071 -0.2993 -0.6406
vn -0.7071 0.2993 -0.6406
vn 0.7071 0.2993 -0.6406
vn -0.7071 -0.0000 -0.7071
vn 0.7071 -0.0000 -0.7071
vn -0.7071 -0.0000 0.7071
vn 0.7071 -0.0000 0.7071
vn -0.7071 0.7071 -0.0000
vn 0.7071 0.7071 -0.0000
vn -0.7071 -0.7071 -0.0000
vn 0.7071 -0.7071 -0.0000
vt 0.813122 0.318368
vt 0.819132 0.306479
vt 0.822488 0.306482
vt 0.813038 0.324030
vt 0.721148 0.341692
vt 0.715138 0.329803
vt 0.715054 0.324142
vt 0.724504 0.341689
vt 0.813187 0.294585
vt 0.813133 0.288926
vt 0.715202 0.353586
vt 0.715148 0.359245
vt 0.807451 0.306468
vt 0.804134 0.306464
vt 0.709466 0.341702
vt 0.706149 0.341706
vt 0.853761 0.324043
vt 0.859445 0.335948
vt 0.859268 0.341605
vt 0.850363 0.324041
vt 0.761459 0.312218
vt 0.755776 0.324126
vt 0.752379 0.324127
vt 0.761282 0.306560
vt 0.865833 0.324047
vt 0.869334 0.324048
vt 0.767849 0.324123
vt 0.771350 0.324124
vt 0.859453 0.312141
vt 0.859280 0.306483
vt 0.761468 0.336028
vt 0.761295 0.341685
vt 0.797517 0.263681
vt 0.797085 0.279000
vt 0.794102 0.288876
vt 0.795040 0.253677
vt 0.699126 0.369182
vt 0.699519 0.384504
vt 0.697071 0.394505
vt 0.696116 0.359304
vt 0.791138 0.288848
vt 0.792224 0.251151
vt 0.694256 0.397033
vt 0.693152 0.359333
vt 0.801087 0.271424
vt 0.804545 0.271501
vt 0.703107 0.376752
vt 0.706564 0.376669
vt 0.796853 0.298808
vt 0.796815 0.314107
vt 0.794067 0.324026
vt 0.698854 0.334073
vt 0.698845 0.349374
vt 0.696084 0.324148
vt 0.791110 0.324026
vt 0.693126 0.324149
vt 0.800649 0.306461
vt 0.702664 0.341714
vt 0.796831 0.333952
vt 0.796813 0.349253
vt 0.794078 0.359181
vt 0.698827 0.298923
vt 0.698847 0.314223
vt 0.696090 0.288996
vt 0.791114 0.359208
vt 0.693126 0.288970
vt 0.800637 0.341595
vt 0.804122 0.341588
vt 0.702652 0.306579
vt 0.706137 0.306584
vt 0.797082 0.369061
vt 0.797468 0.384383
vt 0.795015 0.394383
vt 0.699497 0.263800
vt 0.699069 0.279119
vt 0.697019 0.253797
vt 0.792198 0.396910
vt 0.694202 0.251272
vt 0.801060 0.376632
vt 0.804517 0.376551
vt 0.703069 0.271542
vt 0.706526 0.271618
vt 0.813372 0.389165
vt 0.819273 0.376783
vt 0.822583 0.376720
vt 0.813290 0.395098
vt 0.721284 0.271384
vt 0.715376 0.259003
vt 0.715292 0.253070
vt 0.724595 0.271447
vt 0.813244 0.364803
vt 0.813110 0.359132
vt 0.715255 0.283367
vt 0.715123 0.289038
vt 0.807770 0.376675
vt 0.709780 0.271494
vt 0.865774 0.359175
vt 0.859423 0.347260
vt 0.869301 0.359204
vt 0.761437 0.300907
vt 0.767786 0.288997
vt 0.771314 0.288968
vt 0.853663 0.359138
vt 0.850269 0.359145
vt 0.755675 0.289031
vt 0.752281 0.289024
vt 0.859140 0.370960
vt 0.858856 0.376568
vt 0.761151 0.277211
vt 0.760867 0.271604
vt 0.854242 0.392504
vt 0.864075 0.392044
vt 0.868347 0.394390
vt 0.850077 0.395133
vt 0.766080 0.256129
vt 0.756246 0.255674
vt 0.752079 0.253047
vt 0.770353 0.253781
vt 0.871164 0.396915
vt 0.850154 0.398116
vt 0.752158 0.250061
vt 0.773169 0.251255
vt 0.858973 0.382245
vt 0.760982 0.265929
vt 0.865900 0.384394
vt 0.866293 0.369080
vt 0.768304 0.279092
vt 0.767908 0.263777
vt 0.872266 0.359233
vt 0.774278 0.288939
vt 0.862312 0.376648
vt 0.764323 0.271523
vt 0.850280 0.329703
vt 0.844270 0.341592
vt 0.840914 0.341589
vt 0.746284 0.306576
vt 0.752295 0.318465
vt 0.742928 0.306580
vt 0.850215 0.353486
vt 0.752228 0.294682
vt 0.855952 0.341602
vt 0.757966 0.306564
vt 0.835084 0.324037
vt 0.840950 0.335932
vt 0.831701 0.324036
vt 0.742964 0.312236
vt 0.737099 0.324133
vt 0.733716 0.324134
vt 0.846961 0.324040
vt 0.748976 0.324128
vt 0.840958 0.312145
vt 0.840925 0.306488
vt 0.742973 0.336025
vt 0.742941 0.341682
vt 0.866318 0.279012
vt 0.865927 0.263697
vt 0.868376 0.253702
vt 0.869325 0.288890
vt 0.767929 0.384459
vt 0.768361 0.369147
vt 0.771341 0.359273
vt 0.770403 0.394456
vt 0.871192 0.251177
vt 0.872288 0.288862
vt 0.774305 0.359300
vt 0.773221 0.396979
vt 0.862339 0.271442
vt 0.858884 0.271522
vt 0.764361 0.376722
vt 0.760905 0.376648
vt 0.864102 0.256048
vt 0.854267 0.255590
vt 0.850101 0.252962
vt 0.756296 0.392579
vt 0.766129 0.392113
vt 0.752131 0.395209
vt 0.850181 0.249976
vt 0.752212 0.398192
vt 0.859001 0.265846
vt 0.761024 0.382322
vt 0.797568 0.324027
vt 0.803949 0.335931
vt 0.705964 0.312242
vt 0.699585 0.324147
vt 0.809641 0.324029
vt 0.711657 0.324143
vt 0.803957 0.312122
vt 0.705973 0.336048
vt 0.866570 0.314121
vt 0.866589 0.298819
vt 0.768606 0.349347
vt 0.768586 0.334048
vt 0.872292 0.324049
vt 0.774307 0.324122
vt 0.862765 0.306477
vt 0.764781 0.341691
vt 0.866573 0.349274
vt 0.866564 0.333972
vt 0.768602 0.314203
vt 0.768563 0.298902
vt 0.862753 0.341614
vt 0.764767 0.306556
vt 0.831713 0.283220
vt 0.837509 0.271263
vt 0.840816 0.271350
vt 0.831712 0.288906
vt 0.739529 0.376910
vt 0.733730 0.364952
vt 0.733728 0.359266
vt 0.742836 0.376823
vt 0.831709 0.258834
vt 0.831706 0.252908
vt 0.733737 0.389345
vt 0.733738 0.395274
vt 0.825922 0.271258
vt 0.822616 0.271343
vt 0.727940 0.376914
vt 0.724633 0.376828
vt 0.813168 0.353474
vt 0.819121 0.341584
vt 0.822477 0.341583
vt 0.721135 0.306587
vt 0.715181 0.294697
vt 0.724491 0.306587
vt 0.813118 0.329691
vt 0.715134 0.318480
vt 0.807439 0.341587
vt 0.709453 0.306585
vt 0.809136 0.255633
vt 0.799295 0.255965
vt 0.813311 0.252949
vt 0.701325 0.392212
vt 0.711168 0.392532
vt 0.715345 0.395212
vt 0.813234 0.249965
vt 0.715268 0.398199
vt 0.804427 0.265826
vt 0.706450 0.382344
vt 0.835077 0.288910
vt 0.840948 0.300825
vt 0.742965 0.347345
vt 0.737094 0.359262
vt 0.846902 0.288932
vt 0.850291 0.288939
vt 0.748919 0.359238
vt 0.752308 0.359231
vt 0.840872 0.277014
vt 0.742891 0.371158
vt 0.831703 0.318376
vt 0.837574 0.306483
vt 0.739589 0.341687
vt 0.733718 0.329794
vt 0.831710 0.294573
vt 0.733726 0.353598
vt 0.825839 0.306480
vt 0.727855 0.341691
vt 0.827469 0.255464
vt 0.817563 0.255424
vt 0.719610 0.392681
vt 0.729515 0.392775
vt 0.831705 0.249948
vt 0.733740 0.398234
vt 0.822585 0.265596
vt 0.724604 0.382575
vt 0.816441 0.324031
vt 0.822444 0.335926
vt 0.724459 0.312244
vt 0.718457 0.324140
vt 0.828318 0.324035
vt 0.730334 0.324135
vt 0.822452 0.312139
vt 0.724468 0.336032
vt 0.845836 0.255495
vt 0.835930 0.255406
vt 0.737960 0.392773
vt 0.747865 0.392678
vt 0.840844 0.265603
vt 0.742868 0.382571
vt 0.853685 0.288948
vt 0.859438 0.300829
vt 0.761454 0.347339
vt 0.755702 0.359221
vt 0.865796 0.288917
vt 0.767813 0.359247
vt 0.859166 0.277129
vt 0.761186 0.371040
vt 0.850133 0.364816
vt 0.844095 0.376796
vt 0.840783 0.376729
vt 0.746108 0.271374
vt 0.752145 0.283354
vt 0.742797 0.271440
vt 0.849996 0.389193
vt 0.752001 0.258984
vt 0.855602 0.376692
vt 0.757613 0.271480
vt 0.797630 0.288903
vt 0.803979 0.300811
vt 0.705994 0.347360
vt 0.699644 0.359275
vt 0.809739 0.288934
vt 0.711755 0.359238
vt 0.804262 0.277110
vt 0.706280 0.371061
vt 0.835055 0.359164
vt 0.840843 0.371065
vt 0.831690 0.359165
vt 0.742856 0.277104
vt 0.737068 0.289004
vt 0.733702 0.289003
vt 0.846880 0.359150
vt 0.748892 0.289019
vt 0.840934 0.347252
vt 0.742947 0.300917
vt 0.797606 0.359154
vt 0.804235 0.370943
vt 0.706246 0.277227
vt 0.699618 0.289022
vt 0.809716 0.359123
vt 0.711729 0.289047
vt 0.803964 0.347243
vt 0.705978 0.300930
vt 0.816499 0.359139
vt 0.822528 0.371056
vt 0.724540 0.277111
vt 0.718512 0.289031
vt 0.828324 0.359161
vt 0.730337 0.289007
vt 0.822453 0.347246
vt 0.724467 0.300924
vt 0.850234 0.294597
vt 0.844281 0.306487
vt 0.746297 0.341682
vt 0.752250 0.353572
vt 0.850284 0.318380
vt 0.752299 0.329789
vt 0.855963 0.306484
vt 0.757979 0.341684
vt 0.816522 0.288922
vt 0.822468 0.300819
vt 0.724484 0.347352
vt 0.718538 0.359249
vt 0.828346 0.288907
vt 0.730363 0.359264
vt 0.822557 0.277007
vt 0.724574 0.371164
vt 0.850022 0.258899
vt 0.844126 0.271286
vt 0.746146 0.376886
vt 0.752049 0.389272
vt 0.850157 0.283268
vt 0.752175 0.364902
vt 0.855630 0.271396
vt 0.757651 0.376774
vt 0.831684 0.389236
vt 0.837477 0.376813
vt 0.831685 0.395162
vt 0.739490 0.271354
vt 0.733689 0.258924
vt 0.733686 0.252995
vt 0.831688 0.364851
vt 0.733700 0.283317
vt 0.825890 0.376806
vt 0.727901 0.271359
vt 0.799270 0.392092
vt 0.809113 0.392416
vt 0.711117 0.255754
vt 0.701275 0.256085
vt 0.813211 0.398085
vt 0.715212 0.250086
vt 0.804400 0.382227
vt 0.706408 0.265944
vt 0.813269 0.283255
vt 0.819304 0.271277
vt 0.721322 0.376893
vt 0.715285 0.364915
vt 0.813396 0.258885
vt 0.715425 0.389279
vt 0.807798 0.271378
vt 0.709818 0.376791
vt 0.817556 0.392568
vt 0.827461 0.392662
vt 0.729464 0.255497
vt 0.719559 0.255597
vt 0.831684 0.398122
vt 0.733683 0.250035
vt 0.822552 0.382465
vt 0.724560 0.265700
vt 0.831692 0.353498
vt 0.837563 0.341591
vt 0.739577 0.306577
vt 0.733705 0.294670
vt 0.831699 0.329696
vt 0.733714 0.318474
vt 0.825828 0.341588
vt 0.727842 0.306582
vt 0.835922 0.392609
vt 0.845826 0.392655
vt 0.747815 0.255581
vt 0.737910 0.255492
vt 0.840811 0.382477
vt 0.742825 0.265692
vt 0.812152 0.499702
vt 0.812073 0.494040
vt 0.821509 0.511595
vt 0.818154 0.511596
vt 0.721341 0.476944
vt 0.724697 0.476946
vt 0.715253 0.494496
vt 0.715335 0.488834
vt 0.812141 0.529144
vt 0.812199 0.523485
vt 0.715392 0.465051
vt 0.715337 0.459391
vt 0.803156 0.511600
vt 0.806472 0.511599
vt 0.709660 0.476937
vt 0.706343 0.476935
vt 0.852797 0.494060
vt 0.849400 0.494058
vt 0.858318 0.476501
vt 0.858491 0.482158
vt 0.761663 0.506402
vt 0.761488 0.512060
vt 0.752578 0.494499
vt 0.755975 0.494499
vt 0.868371 0.494064
vt 0.864870 0.494063
vt 0.768047 0.494499
vt 0.771548 0.494499
vt 0.858302 0.511626
vt 0.858479 0.505968
vt 0.761664 0.482596
vt 0.761489 0.476938
vt 0.796484 0.554388
vt 0.794023 0.564386
vt 0.793111 0.529184
vt 0.796109 0.539065
vt 0.699287 0.449465
vt 0.696305 0.459341
vt 0.697243 0.424140
vt 0.699719 0.434145
vt 0.790147 0.529210
vt 0.791205 0.566911
vt 0.694427 0.421615
vt 0.693341 0.459314
vt 0.803540 0.546561
vt 0.800082 0.546640
vt 0.703290 0.441888
vt 0.706747 0.441965
vt 0.795869 0.519252
vt 0.793101 0.494029
vt 0.795842 0.503951
vt 0.699050 0.484570
vt 0.696283 0.494495
vt 0.699037 0.469270
vt 0.790144 0.494027
vt 0.693326 0.494495
vt 0.799670 0.511601
vt 0.702858 0.476928
vt 0.795874 0.484105
vt 0.793141 0.458873
vt 0.795868 0.468804
vt 0.699034 0.519721
vt 0.696302 0.529650
vt 0.699049 0.504420
vt 0.790178 0.458844
vt 0.693337 0.529677
vt 0.803171 0.476474
vt 0.799686 0.476465
vt 0.702857 0.512063
vt 0.706342 0.512056
vt 0.796154 0.448995
vt 0.794108 0.423671
vt 0.796552 0.433674
vt 0.699693 0.554850
vt 0.697241 0.564851
vt 0.699306 0.539529
vt 0.791294 0.421142
vt 0.694424 0.567377
vt 0.803595 0.441511
vt 0.800138 0.441427
vt 0.703285 0.547100
vt 0.706742 0.547019
vt 0.812460 0.428905
vt 0.812383 0.422971
vt 0.821662 0.441358
vt 0.818351 0.441292
vt 0.721500 0.547249
vt 0.724811 0.547186
vt 0.715514 0.565566
vt 0.715596 0.559632
vt 0.812174 0.458938
vt 0.812312 0.453267
vt 0.715468 0.535269
vt 0.715334 0.529598
vt 0.806848 0.441390
vt 0.709996 0.547142
vt 0.864837 0.458937
vt 0.868365 0.458911
vt 0.858477 0.470846
vt 0.761644 0.517714
vt 0.771527 0.529655
vt 0.767999 0.529626
vt 0.849333 0.458954
vt 0.852726 0.458964
vt 0.755887 0.529593
vt 0.752493 0.529600
vt 0.857934 0.441539
vt 0.858213 0.447147
vt 0.761366 0.541413
vt 0.761083 0.547020
vt 0.853333 0.425599
vt 0.849170 0.422967
vt 0.867440 0.423725
vt 0.863165 0.426068
vt 0.766299 0.562494
vt 0.770572 0.564841
vt 0.752298 0.565578
vt 0.756465 0.562951
vt 0.870258 0.421203
vt 0.849250 0.419983
vt 0.752378 0.568565
vt 0.773388 0.567367
vt 0.858056 0.435862
vt 0.761199 0.552695
vt 0.864984 0.433718
vt 0.865364 0.449033
vt 0.768519 0.539531
vt 0.768125 0.554846
vt 0.871329 0.458885
vt 0.774490 0.529683
vt 0.861390 0.441461
vt 0.764538 0.547100
vt 0.849321 0.488396
vt 0.839964 0.476503
vt 0.843319 0.476503
vt 0.746489 0.512050
vt 0.743133 0.512048
vt 0.752496 0.500160
vt 0.849274 0.464613
vt 0.752438 0.523942
vt 0.855002 0.476502
vt 0.758171 0.512057
vt 0.834119 0.494051
vt 0.830736 0.494049
vt 0.839995 0.482160
vt 0.743168 0.506391
vt 0.733915 0.494497
vt 0.737298 0.494497
vt 0.845997 0.494056
vt 0.749175 0.494498
vt 0.839947 0.511604
vt 0.839984 0.505947
vt 0.743169 0.482604
vt 0.743134 0.476948
vt 0.865318 0.539096
vt 0.868331 0.529220
vt 0.867358 0.564409
vt 0.864917 0.554412
vt 0.768130 0.434153
vt 0.770577 0.424159
vt 0.771529 0.459344
vt 0.768522 0.449468
vt 0.870173 0.566935
vt 0.871294 0.529250
vt 0.774494 0.459316
vt 0.773393 0.421633
vt 0.857879 0.546582
vt 0.861334 0.546664
vt 0.764542 0.441899
vt 0.761087 0.441979
vt 0.863087 0.562059
vt 0.849083 0.565135
vt 0.853251 0.562511
vt 0.756469 0.426048
vt 0.752302 0.423421
vt 0.766304 0.426505
vt 0.849160 0.568122
vt 0.752380 0.420437
vt 0.857992 0.552257
vt 0.761203 0.436304
vt 0.796603 0.494031
vt 0.802993 0.482131
vt 0.706167 0.506399
vt 0.699784 0.494495
vt 0.808676 0.494039
vt 0.711856 0.494496
vt 0.802983 0.505941
vt 0.706169 0.482592
vt 0.865622 0.503984
vt 0.865581 0.519286
vt 0.768797 0.469273
vt 0.768782 0.484574
vt 0.871329 0.494065
vt 0.774506 0.494499
vt 0.861787 0.511630
vt 0.764974 0.476932
vt 0.865628 0.468838
vt 0.865608 0.484138
vt 0.768781 0.504424
vt 0.768795 0.519726
vt 0.861803 0.476495
vt 0.764973 0.512067
vt 0.830717 0.534864
vt 0.830719 0.529178
vt 0.839811 0.546741
vt 0.836504 0.546825
vt 0.739712 0.441724
vt 0.743019 0.441809
vt 0.733917 0.459367
vt 0.733917 0.453682
vt 0.830688 0.565175
vt 0.830695 0.559249
vt 0.733910 0.429296
vt 0.733907 0.423370
vt 0.821612 0.546734
vt 0.824917 0.546821
vt 0.728125 0.441721
vt 0.724819 0.441806
vt 0.812227 0.464596
vt 0.821526 0.476495
vt 0.818170 0.476491
vt 0.721340 0.512049
vt 0.724696 0.512047
vt 0.715390 0.523940
vt 0.812158 0.488379
vt 0.715335 0.500157
vt 0.806488 0.476479
vt 0.709658 0.512054
vt 0.808121 0.562434
vt 0.812294 0.565121
vt 0.798280 0.562100
vt 0.701498 0.426428
vt 0.715513 0.423412
vt 0.711339 0.426097
vt 0.812215 0.568105
vt 0.715435 0.420426
vt 0.803418 0.552237
vt 0.706629 0.436290
vt 0.834085 0.529177
vt 0.839965 0.517267
vt 0.743156 0.471285
vt 0.737282 0.459370
vt 0.849298 0.529160
vt 0.845909 0.529164
vt 0.749107 0.459390
vt 0.752496 0.459397
vt 0.839871 0.541077
vt 0.743076 0.447473
vt 0.830734 0.499709
vt 0.836595 0.511606
vt 0.739783 0.476944
vt 0.733915 0.488837
vt 0.830722 0.523512
vt 0.733916 0.465034
vt 0.824861 0.511600
vt 0.728049 0.476942
vt 0.826453 0.562617
vt 0.816548 0.562649
vt 0.719766 0.425887
vt 0.729671 0.425926
vt 0.830685 0.568135
vt 0.733909 0.420410
vt 0.821576 0.552480
vt 0.724787 0.436059
vt 0.815476 0.494042
vt 0.821489 0.482151
vt 0.724662 0.506390
vt 0.718656 0.494496
vt 0.827354 0.494048
vt 0.730533 0.494497
vt 0.821478 0.505939
vt 0.724663 0.482603
vt 0.844820 0.562599
vt 0.834914 0.562681
vt 0.738131 0.425867
vt 0.748037 0.425954
vt 0.839835 0.552487
vt 0.743047 0.436063
vt 0.852692 0.529154
vt 0.858455 0.517279
vt 0.761646 0.471284
vt 0.755890 0.459405
vt 0.864803 0.529191
vt 0.768001 0.459372
vt 0.858165 0.540975
vt 0.761370 0.447586
vt 0.849201 0.453283
vt 0.839861 0.441363
vt 0.843173 0.441299
vt 0.746324 0.547252
vt 0.743013 0.547188
vt 0.752358 0.535272
vt 0.849084 0.428906
vt 0.752220 0.559641
vt 0.854679 0.441411
vt 0.757829 0.547144
vt 0.796638 0.529159
vt 0.802997 0.517253
vt 0.706187 0.471280
vt 0.699833 0.459368
vt 0.808748 0.529134
vt 0.711943 0.459399
vt 0.803261 0.540952
vt 0.706465 0.447575
vt 0.834119 0.458924
vt 0.830753 0.458920
vt 0.839916 0.447028
vt 0.743071 0.541523
vt 0.733914 0.529628
vt 0.737279 0.529625
vt 0.845944 0.458947
vt 0.749104 0.529607
vt 0.839988 0.470840
vt 0.743155 0.517711
vt 0.796669 0.458903
vt 0.803308 0.447119
vt 0.706460 0.541411
vt 0.699830 0.529622
vt 0.808780 0.458944
vt 0.711940 0.529590
vt 0.803017 0.470820
vt 0.706185 0.517710
vt 0.815563 0.458934
vt 0.821601 0.447022
vt 0.724754 0.541522
vt 0.718723 0.529605
vt 0.827388 0.458921
vt 0.730548 0.529625
vt 0.821507 0.470832
vt 0.724674 0.517710
vt 0.849246 0.523502
vt 0.843303 0.511607
vt 0.746490 0.476946
vt 0.752440 0.465055
vt 0.849315 0.499720
vt 0.752496 0.488837
vt 0.854985 0.511621
vt 0.758173 0.476941
vt 0.815530 0.529151
vt 0.821485 0.517258
vt 0.724676 0.471282
vt 0.718726 0.459386
vt 0.827354 0.529174
vt 0.730551 0.459369
vt 0.821557 0.541070
vt 0.724761 0.447470
vt 0.849008 0.559199
vt 0.843121 0.546807
vt 0.746329 0.441745
vt 0.752224 0.429357
vt 0.849160 0.534830
vt 0.752362 0.453726
vt 0.854625 0.546705
vt 0.757833 0.441854
vt 0.830773 0.428849
vt 0.830778 0.422923
vt 0.836555 0.441277
vt 0.739706 0.547274
vt 0.733907 0.565635
vt 0.733909 0.559706
vt 0.830756 0.453234
vt 0.733913 0.535313
vt 0.824968 0.441274
vt 0.728117 0.547272
vt 0.798361 0.425966
vt 0.808205 0.425650
vt 0.711338 0.562884
vt 0.701496 0.562559
vt 0.812307 0.419984
vt 0.715436 0.568549
vt 0.803483 0.435836
vt 0.706625 0.552694
vt 0.812273 0.534815
vt 0.818300 0.546797
vt 0.721507 0.441740
vt 0.715472 0.453720
vt 0.812382 0.559185
vt 0.715598 0.429349
vt 0.806793 0.546687
vt 0.710001 0.441842
vt 0.816647 0.425505
vt 0.826553 0.425419
vt 0.729685 0.563134
vt 0.719780 0.563037
vt 0.830780 0.419963
vt 0.733904 0.568595
vt 0.821635 0.435613
vt 0.724778 0.552932
vt 0.830751 0.464587
vt 0.836612 0.476498
vt 0.739782 0.512052
vt 0.733914 0.523960
vt 0.830739 0.488389
vt 0.733915 0.500157
vt 0.824877 0.476492
vt 0.728047 0.512051
vt 0.835013 0.425480
vt 0.844917 0.425442
vt 0.748034 0.563046
vt 0.738130 0.563136
vt 0.839894 0.435615
vt 0.743042 0.552936
s 0
usemtl Windows
f 619/837/23 620/838/23 603/839/23 575/840/23
f 620/841/24 619/842/24 576/843/24 604/844/24
f 620/838/25 621/845/25 569/846/25 603/839/25
f 621/847/26 620/841/26 604/844/26 570/848/26
f 621/845/27 622/849/27 601/850/27 569/846/27
f 622/851/28 621/847/28 570/848/28 602/852/28
f 622/849/29 619/837/29 575/840/29 601/850/29
f 619/842/30 622/851/30 602/852/30 576/843/30
f 623/853/29 624/854/29 593/855/29 579/856/29
f 624/857/30 623/858/30 580/859/30 594/860/30
f 624/854/23 625/861/23 565/862/23 593/855/23
f 625/863/24 624/857/24 594/860/24 566/864/24
f 625/861/25 626/865/25 591/866/25 565/862/25
f 626/867/26 625/863/26 566/864/26 592/868/26
f 626/865/27 623/853/27 579/856/27 591/866/27
f 623/858/28 626/867/28 592/868/28 580/859/28
f 627/869/31 630/870/31 551/871/31 537/872/31
f 630/873/32 627/874/32 538/875/32 552/876/32
f 629/877/33 628/878/33 537/872/33 551/871/33
f 628/879/34 629/880/34 552/876/34 538/875/34
f 630/870/23 631/881/23 595/882/23 551/871/23
f 631/883/24 630/873/24 552/876/24 596/884/24
f 631/881/25 627/869/25 537/872/25 595/882/25
f 627/874/26 631/883/26 596/884/26 538/875/26
f 632/885/31 634/886/31 553/887/31 551/871/31
f 634/888/32 632/889/32 552/876/32 554/890/32
f 633/891/33 629/877/33 551/871/33 553/887/33
f 629/880/34 633/892/34 554/890/34 552/876/34
f 634/886/23 635/893/23 601/850/23 553/887/23
f 635/894/24 634/888/24 554/890/24 602/852/24
f 635/893/25 632/885/25 551/871/25 601/850/25
f 632/889/26 635/894/26 602/852/26 552/876/26
f 636/895/31 638/896/31 555/897/31 553/887/31
f 638/898/32 636/899/32 554/890/32 556/900/32
f 637/901/33 633/891/33 553/887/33 555/897/33
f 633/892/34 637/902/34 556/900/34 554/890/34
f 638/896/23 639/903/23 607/904/23 555/897/23
f 639/905/24 638/898/24 556/900/24 608/906/24
f 639/903/25 636/895/25 553/887/25 607/904/25
f 636/899/26 639/905/26 608/906/26 554/890/26
f 640/907/31 642/908/31 539/909/31 555/897/31
f 642/910/32 640/911/32 556/900/32 540/912/32
f 641/913/33 637/901/33 555/897/33 539/909/33
f 637/902/34 641/914/34 540/912/34 556/900/34
f 642/908/23 643/915/23 613/916/23 539/909/23
f 643/917/24 642/910/24 540/912/24 614/918/24
f 643/915/25 640/907/25 555/897/25 613/916/25
f 640/911/26 643/917/26 614/918/26 556/900/26
f 644/919/23 645/920/23 615/921/23 557/922/23
f 645/923/24 644/924/24 558/925/24 616/926/24
f 645/920/25 646/927/25 581/928/25 615/921/25
f 646/929/26 645/923/26 616/926/26 582/930/26
f 646/927/27 647/931/27 613/916/27 581/928/27
f 647/932/28 646/929/28 582/930/28 614/918/28
f 647/931/29 644/919/29 557/922/29 613/916/29
f 644/924/30 647/932/30 614/918/30 558/925/30
f 648/933/25 649/934/25 593/855/25 563/935/25
f 649/936/26 648/937/26 564/938/26 594/860/26
f 649/934/27 650/939/27 585/940/27 593/855/27
f 650/941/28 649/936/28 594/860/28 586/942/28
f 650/939/29 651/943/29 587/944/29 585/940/29
f 651/945/30 650/941/30 586/942/30 588/946/30
f 651/943/23 648/933/23 563/935/23 587/944/23
f 648/937/24 651/945/24 588/946/24 564/938/24
f 652/947/35 655/948/35 543/949/35 561/950/35
f 655/951/36 652/952/36 562/953/36 544/954/36
f 654/955/37 653/956/37 561/950/37 543/949/37
f 653/957/38 654/958/38 544/954/38 562/953/38
f 655/948/25 656/959/25 587/944/25 543/949/25
f 656/960/26 655/951/26 544/954/26 588/946/26
f 656/959/27 652/947/27 561/950/27 587/944/27
f 652/952/28 656/960/28 588/946/28 562/953/28
f 657/961/33 659/962/33 563/935/33 543/949/33
f 659/963/34 657/964/34 544/954/34 564/938/34
f 658/965/31 654/955/31 543/949/31 563/935/31
f 654/958/32 658/966/32 564/938/32 544/954/32
f 659/962/27 660/967/27 587/944/27 563/935/27
f 660/968/28 659/963/28 564/938/28 588/946/28
f 660/967/29 657/961/29 543/949/29 587/944/29
f 657/964/30 660/968/30 588/946/30 544/954/30
f 661/969/27 662/970/27 611/971/27 579/856/27
f 662/972/28 661/973/28 580/859/28 612/974/28
f 662/970/29 663/975/29 585/940/29 611/971/29
f 663/976/30 662/972/30 612/974/30 586/942/30
f 663/975/23 664/977/23 593/855/23 585/940/23
f 664/978/24 663/976/24 586/942/24 594/860/24
f 664/977/25 661/969/25 579/856/25 593/855/25
f 661/973/26 664/978/26 594/860/26 580/859/26
f 665/979/29 666/980/29 611/971/29 577/981/29
f 666/982/30 665/983/30 578/984/30 612/974/30
f 666/980/23 667/985/23 579/856/23 611/971/23
f 667/986/24 666/982/24 612/974/24 580/859/24
f 667/985/25 668/987/25 605/988/25 579/856/25
f 668/989/26 667/986/26 580/859/26 606/990/26
f 668/987/27 665/979/27 577/981/27 605/988/27
f 665/983/28 668/989/28 606/990/28 578/984/28
f 669/991/33 672/992/33 541/993/33 567/994/33
f 672/995/34 669/996/34 568/997/34 542/998/34
f 671/999/31 670/1000/31 567/994/31 541/993/31
f 670/1001/32 671/1002/32 542/998/32 568/997/32
f 672/992/27 673/1003/27 589/1004/27 541/993/27
f 673/1005/28 672/995/28 542/998/28 590/1006/28
f 673/1003/29 669/991/29 567/994/29 589/1004/29
f 669/996/30 673/1005/30 590/1006/30 568/997/30
f 674/1007/37 676/1008/37 545/1009/37 541/993/37
f 676/1010/38 674/1011/38 542/998/38 546/1012/38
f 675/1013/35 671/999/35 541/993/35 545/1009/35
f 671/1002/36 675/1014/36 546/1012/36 542/998/36
f 676/1008/29 677/1015/29 589/1004/29 545/1009/29
f 677/1016/30 676/1010/30 546/1012/30 590/1006/30
f 677/1015/23 674/1007/23 541/993/23 589/1004/23
f 674/1011/24 677/1016/24 590/1006/24 542/998/24
f 678/1017/29 679/1018/29 607/904/29 553/887/29
f 679/1019/30 678/1020/30 554/890/30 608/906/30
f 679/1018/23 680/1021/23 575/840/23 607/904/23
f 680/1022/24 679/1019/24 608/906/24 576/843/24
f 680/1021/25 681/1023/25 601/850/25 575/840/25
f 681/1024/26 680/1022/26 576/843/26 602/852/26
f 681/1023/27 678/1017/27 553/887/27 601/850/27
f 678/1020/28 681/1024/28 602/852/28 554/890/28
f 682/1025/33 684/1026/33 567/994/33 565/862/33
f 684/1027/34 682/1028/34 566/864/34 568/997/34
f 670/1000/31 683/1029/31 565/862/31 567/994/31
f 683/1030/32 670/1001/32 568/997/32 566/864/32
f 684/1026/27 685/1031/27 591/866/27 567/994/27
f 685/1032/28 684/1027/28 568/997/28 592/868/28
f 685/1031/29 682/1025/29 565/862/29 591/866/29
f 682/1028/30 685/1032/30 592/868/30 566/864/30
f 686/1033/33 687/1034/33 565/862/33 563/935/33
f 687/1035/34 686/1036/34 564/938/34 566/864/34
f 683/1029/31 658/965/31 563/935/31 565/862/31
f 658/966/32 683/1030/32 566/864/32 564/938/32
f 687/1034/27 688/1037/27 593/855/27 565/862/27
f 688/1038/28 687/1035/28 566/864/28 594/860/28
f 688/1037/29 686/1033/29 563/935/29 593/855/29
f 686/1036/30 688/1038/30 594/860/30 564/938/30
f 689/1039/23 690/1040/23 599/1041/23 571/1042/23
f 690/1043/24 689/1044/24 572/1045/24 600/1046/24
f 690/1040/25 691/1047/25 547/1048/25 599/1041/25
f 691/1049/26 690/1043/26 600/1046/26 548/1050/26
f 691/1047/27 692/1051/27 597/1052/27 547/1048/27
f 692/1053/28 691/1049/28 548/1050/28 598/1054/28
f 692/1051/29 689/1039/29 571/1042/29 597/1052/29
f 689/1044/30 692/1053/30 598/1054/30 572/1045/30
f 693/1055/23 694/1056/23 609/1057/23 581/928/23
f 694/1058/24 693/1059/24 582/930/24 610/1060/24
f 694/1056/25 695/1061/25 575/840/25 609/1057/25
f 695/1062/26 694/1058/26 610/1060/26 576/843/26
f 695/1061/27 696/1063/27 607/904/27 575/840/27
f 696/1064/28 695/1062/28 576/843/28 608/906/28
f 696/1063/29 693/1055/29 581/928/29 607/904/29
f 693/1059/30 696/1064/30 608/906/30 582/930/30
f 697/1065/37 699/1066/37 537/872/37 549/1067/37
f 699/1068/38 697/1069/38 550/1070/38 538/875/38
f 628/878/35 698/1071/35 549/1067/35 537/872/35
f 698/1072/36 628/879/36 538/875/36 550/1070/36
f 699/1066/29 700/1073/29 595/882/29 537/872/29
f 700/1074/30 699/1068/30 538/875/30 596/884/30
f 700/1073/23 697/1065/23 549/1067/23 595/882/23
f 697/1069/24 700/1074/24 596/884/24 550/1070/24
f 701/1075/29 702/1076/29 605/988/29 571/1042/29
f 702/1077/30 701/1078/30 572/1045/30 606/990/30
f 702/1076/23 703/1079/23 573/1080/23 605/988/23
f 703/1081/24 702/1077/24 606/990/24 574/1082/24
f 703/1079/25 704/1083/25 599/1041/25 573/1080/25
f 704/1084/26 703/1081/26 574/1082/26 600/1046/26
f 704/1083/27 701/1075/27 571/1042/27 599/1041/27
f 701/1078/28 704/1084/28 600/1046/28 572/1045/28
f 705/1085/23 706/1086/23 605/988/23 577/981/23
f 706/1087/24 705/1088/24 578/984/24 606/990/24
f 706/1086/25 707/1089/25 571/1042/25 605/988/25
f 707/1090/26 706/1087/26 606/990/26 572/1045/26
f 707/1089/27 708/1091/27 603/839/27 571/1042/27
f 708/1092/28 707/1090/28 572/1045/28 604/844/28
f 708/1091/29 705/1085/29 577/981/29 603/839/29
f 705/1088/30 708/1092/30 604/844/30 578/984/30
f 709/1093/37 711/1094/37 549/1067/37 547/1048/37
f 711/1095/38 709/1096/38 548/1050/38 550/1070/38
f 698/1071/35 710/1097/35 547/1048/35 549/1067/35
f 710/1098/36 698/1072/36 550/1070/36 548/1050/36
f 711/1094/29 712/1099/29 597/1052/29 549/1067/29
f 712/1100/30 711/1095/30 550/1070/30 598/1054/30
f 712/1099/23 709/1093/23 547/1048/23 597/1052/23
f 709/1096/24 712/1100/24 598/1054/24 548/1050/24
f 713/1101/29 714/1102/29 609/1057/29 575/840/29
f 714/1103/30 713/1104/30 576/843/30 610/1060/30
f 714/1102/23 715/1105/23 577/981/23 609/1057/23
f 715/1106/24 714/1103/24 610/1060/24 578/984/24
f 715/1105/25 716/1107/25 603/839/25 577/981/25
f 716/1108/26 715/1106/26 578/984/26 604/844/26
f 716/1107/27 713/1101/27 575/840/27 603/839/27
f 713/1104/28 716/1108/28 604/844/28 576/843/28
f 717/1109/37 718/1110/37 547/1048/37 545/1009/37
f 718/1111/38 717/1112/38 546/1012/38 548/1050/38
f 710/1097/35 675/1013/35 545/1009/35 547/1048/35
f 675/1014/36 710/1098/36 548/1050/36 546/1012/36
f 718/1110/29 719/1113/29 599/1041/29 547/1048/29
f 719/1114/30 718/1111/30 548/1050/30 600/1046/30
f 719/1113/23 717/1109/23 545/1009/23 599/1041/23
f 717/1112/24 719/1114/24 600/1046/24 546/1012/24
f 720/1115/29 721/1116/29 591/866/29 573/1080/29
f 721/1117/30 720/1118/30 574/1082/30 592/868/30
f 721/1116/23 722/1119/23 567/994/23 591/866/23
f 722/1120/24 721/1117/24 592/868/24 568/997/24
f 722/1119/25 723/1121/25 589/1004/25 567/994/25
f 723/1122/26 722/1120/26 568/997/26 590/1006/26
f 723/1121/27 720/1115/27 573/1080/27 589/1004/27
f 720/1118/28 723/1122/28 590/1006/28 574/1082/28
f 724/1123/27 725/1124/27 617/1125/27 585/940/27
f 725/1126/28 724/1127/28 586/942/28 618/1128/28
f 725/1124/29 726/1129/29 561/950/29 617/1125/29
f 726/1130/30 725/1126/30 618/1128/30 562/953/30
f 726/1129/23 727/1131/23 587/944/23 561/950/23
f 727/1132/24 726/1130/24 562/953/24 588/946/24
f 727/1131/25 724/1123/25 585/940/25 587/944/25
f 724/1127/26 727/1132/26 588/946/26 586/942/26
f 728/1133/29 729/1134/29 601/850/29 551/871/29
f 729/1135/30 728/1136/30 552/876/30 602/852/30
f 729/1134/23 730/1137/23 569/846/23 601/850/23
f 730/1138/24 729/1135/24 602/852/24 570/848/24
f 730/1137/25 731/1139/25 595/882/25 569/846/25
f 731/1140/26 730/1138/26 570/848/26 596/884/26
f 731/1139/27 728/1133/27 551/871/27 595/882/27
f 728/1136/28 731/1140/28 596/884/28 552/876/28
f 732/1141/29 733/1142/29 617/1125/29 583/1143/29
f 733/1144/30 732/1145/30 584/1146/30 618/1128/30
f 733/1142/23 734/1147/23 585/940/23 617/1125/23
f 734/1148/24 733/1144/24 618/1128/24 586/942/24
f 734/1147/25 735/1149/25 611/971/25 585/940/25
f 735/1150/26 734/1148/26 586/942/26 612/974/26
f 735/1149/27 732/1141/27 583/1143/27 611/971/27
f 732/1145/28 735/1150/28 612/974/28 584/1146/28
f 736/1151/29 737/1152/29 613/916/29 555/897/29
f 737/1153/30 736/1154/30 556/900/30 614/918/30
f 737/1152/23 738/1155/23 581/928/23 613/916/23
f 738/1156/24 737/1153/24 614/918/24 582/930/24
f 738/1155/25 739/1157/25 607/904/25 581/928/25
f 739/1158/26 738/1156/26 582/930/26 608/906/26
f 739/1157/27 736/1151/27 555/897/27 607/904/27
f 736/1154/28 739/1158/28 608/906/28 556/900/28
f 740/1159/29 741/1160/29 615/921/29 581/928/29
f 741/1161/30 740/1162/30 582/930/30 616/926/30
f 741/1160/23 742/1163/23 583/1143/23 615/921/23
f 742/1164/24 741/1161/24 616/926/24 584/1146/24
f 742/1163/25 743/1165/25 609/1057/25 583/1143/25
f 743/1166/26 742/1164/26 584/1146/26 610/1060/26
f 743/1165/27 740/1159/27 581/928/27 609/1057/27
f 740/1162/28 743/1166/28 610/1060/28 582/930/28
f 744/1167/27 745/1168/27 605/988/27 573/1080/27
f 745/1169/28 744/1170/28 574/1082/28 606/990/28
f 745/1168/29 746/1171/29 579/856/29 605/988/29
f 746/1172/30 745/1169/30 606/990/30 580/859/30
f 746/1171/23 747/1173/23 591/866/23 579/856/23
f 747/1174/24 746/1172/24 580/859/24 592/868/24
f 747/1173/25 744/1167/25 573/1080/25 591/866/25
f 744/1170/26 747/1174/26 592/868/26 574/1082/26
f 748/1175/29 749/1176/29 603/839/29 569/846/29
f 749/1177/30 748/1178/30 570/848/30 604/844/30
f 749/1176/23 750/1179/23 571/1042/23 603/839/23
f 750/1180/24 749/1177/24 604/844/24 572/1045/24
f 750/1179/25 751/1181/25 597/1052/25 571/1042/25
f 751/1182/26 750/1180/26 572/1045/26 598/1054/26
f 751/1181/27 748/1175/27 569/846/27 597/1052/27
f 748/1178/28 751/1182/28 598/1054/28 570/848/28
f 752/1183/27 753/1184/27 599/1041/27 545/1009/27
f 753/1185/28 752/1186/28 546/1012/28 600/1046/28
f 753/1184/29 754/1187/29 573/1080/29 599/1041/29
f 754/1188/30 753/1185/30 600/1046/30 574/1082/30
f 754/1187/23 755/1189/23 589/1004/23 573/1080/23
f 755/1190/24 754/1188/24 574/1082/24 590/1006/24
f 755/1189/25 752/1183/25 545/1009/25 589/1004/25
f 752/1186/26 755/1190/26 590/1006/26 546/1012/26
f 756/1191/23 757/1192/23 617/1125/23 559/1193/23
f 757/1194/24 756/1195/24 560/1196/24 618/1128/24
f 757/1192/25 758/1197/25 583/1143/25 617/1125/25
f 758/1198/26 757/1194/26 618/1128/26 584/1146/26
f 758/1197/27 759/1199/27 615/921/27 583/1143/27
f 759/1200/28 758/1198/28 584/1146/28 616/926/28
f 759/1199/29 756/1191/29 559/1193/29 615/921/29
f 756/1195/30 759/1200/30 616/926/30 560/1196/30
f 760/1201/35 762/1202/35 557/922/35 539/909/35
f 762/1203/36 760/1204/36 540/912/36 558/925/36
f 761/1205/37 641/913/37 539/909/37 557/922/37
f 641/914/38 761/1206/38 558/925/38 540/912/38
f 762/1202/25 763/1207/25 613/916/25 557/922/25
f 763/1208/26 762/1203/26 558/925/26 614/918/26
f 763/1207/27 760/1201/27 539/909/27 613/916/27
f 760/1204/28 763/1208/28 614/918/28 540/912/28
f 764/1209/23 765/1210/23 597/1052/23 569/846/23
f 765/1211/24 764/1212/24 570/848/24 598/1054/24
f 765/1210/25 766/1213/25 549/1067/25 597/1052/25
f 766/1214/26 765/1211/26 598/1054/26 550/1070/26
f 766/1213/27 767/1215/27 595/882/27 549/1067/27
f 767/1216/28 766/1214/28 550/1070/28 596/884/28
f 767/1215/29 764/1209/29 569/846/29 595/882/29
f 764/1212/30 767/1216/30 596/884/30 570/848/30
f 768/1217/35 770/1218/35 559/1193/35 557/922/35
f 770/1219/36 768/1220/36 558/925/36 560/1196/36
f 769/1221/37 761/1205/37 557/922/37 559/1193/37
f 761/1206/38 769/1222/38 560/1196/38 558/925/38
f 770/1218/25 771/1223/25 615/921/25 559/1193/25
f 771/1224/26 770/1219/26 560/1196/26 616/926/26
f 771/1223/27 768/1217/27 557/922/27 615/921/27
f 768/1220/28 771/1224/28 616/926/28 558/925/28
f 772/1225/23 773/1226/23 611/971/23 583/1143/23
f 773/1227/24 772/1228/24 584/1146/24 612/974/24
f 773/1226/25 774/1229/25 577/981/25 611/971/25
f 774/1230/26 773/1227/26 612/974/26 578/984/26
f 774/1229/27 775/1231/27 609/1057/27 577/981/27
f 775/1232/28 774/1230/28 578/984/28 610/1060/28
f 775/1231/29 772/1225/29 583/1143/29 609/1057/29
f 772/1228/30 775/1232/30 610/1060/30 584/1146/30
f 776/1233/35 777/1234/35 561/950/35 559/1193/35
f 777/1235/36 776/1236/36 560/1196/36 562/953/36
f 653/956/37 769/1221/37 559/1193/37 561/950/37
f 769/1222/38 653/957/38 562/953/38 560/1196/38
f 777/1234/25 778/1237/25 617/1125/25 561/950/25
f 778/1238/26 777/1235/26 562/953/26 618/1128/26
f 778/1237/27 776/1233/27 559/1193/27 617/1125/27
f 776/1236/28 778/1238/28 618/1128/28 560/1196/28
f 861/1239/25 817/1240/25 845/1241/25 862/1242/25
f 862/1243/26 846/1244/26 818/1245/26 861/1246/26
f 862/1242/23 845/1241/23 811/1247/23 863/1248/23
f 863/1249/24 812/1250/24 846/1244/24 862/1243/24
f 863/1248/29 811/1247/29 843/1251/29 864/1252/29
f 864/1253/30 844/1254/30 812/1250/30 863/1249/30
f 864/1252/27 843/1251/27 817/1240/27 861/1239/27
f 861/1246/28 818/1245/28 844/1254/28 864/1253/28
f 865/1255/27 821/1256/27 835/1257/27 866/1258/27
f 866/1259/28 836/1260/28 822/1261/28 865/1262/28
f 866/1258/25 835/1257/25 807/1263/25 867/1264/25
f 867/1265/26 808/1266/26 836/1260/26 866/1259/26
f 867/1264/23 807/1263/23 833/1267/23 868/1268/23
f 868/1269/24 834/1270/24 808/1266/24 867/1265/24
f 868/1268/29 833/1267/29 821/1256/29 865/1255/29
f 865/1262/30 822/1261/30 834/1270/30 868/1269/30
f 869/1271/31 779/1272/31 793/1273/31 872/1274/31
f 872/1275/32 794/1276/32 780/1277/32 869/1278/32
f 871/1279/33 793/1273/33 779/1272/33 870/1280/33
f 870/1281/34 780/1277/34 794/1276/34 871/1282/34
f 872/1274/25 793/1273/25 837/1283/25 873/1284/25
f 873/1285/26 838/1286/26 794/1276/26 872/1275/26
f 873/1284/23 837/1283/23 779/1272/23 869/1271/23
f 869/1278/24 780/1277/24 838/1286/24 873/1285/24
f 874/1287/31 793/1273/31 795/1288/31 876/1289/31
f 876/1290/32 796/1291/32 794/1276/32 874/1292/32
f 875/1293/33 795/1288/33 793/1273/33 871/1279/33
f 871/1282/34 794/1276/34 796/1291/34 875/1294/34
f 876/1289/25 795/1288/25 843/1251/25 877/1295/25
f 877/1296/26 844/1254/26 796/1291/26 876/1290/26
f 877/1295/23 843/1251/23 793/1273/23 874/1287/23
f 874/1292/24 794/1276/24 844/1254/24 877/1296/24
f 878/1297/31 795/1288/31 797/1298/31 880/1299/31
f 880/1300/32 798/1301/32 796/1291/32 878/1302/32
f 879/1303/33 797/1298/33 795/1288/33 875/1293/33
f 875/1294/34 796/1291/34 798/1301/34 879/1304/34
f 880/1299/25 797/1298/25 849/1305/25 881/1306/25
f 881/1307/26 850/1308/26 798/1301/26 880/1300/26
f 881/1306/23 849/1305/23 795/1288/23 878/1297/23
f 878/1302/24 796/1291/24 850/1308/24 881/1307/24
f 882/1309/31 797/1298/31 781/1310/31 884/1311/31
f 884/1312/32 782/1313/32 798/1301/32 882/1314/32
f 883/1315/33 781/1310/33 797/1298/33 879/1303/33
f 879/1304/34 798/1301/34 782/1313/34 883/1316/34
f 884/1311/25 781/1310/25 855/1317/25 885/1318/25
f 885/1319/26 856/1320/26 782/1313/26 884/1312/26
f 885/1318/23 855/1317/23 797/1298/23 882/1309/23
f 882/1314/24 798/1301/24 856/1320/24 885/1319/24
f 886/1321/25 799/1322/25 857/1323/25 887/1324/25
f 887/1325/26 858/1326/26 800/1327/26 886/1328/26
f 887/1324/23 857/1323/23 823/1329/23 888/1330/23
f 888/1331/24 824/1332/24 858/1326/24 887/1325/24
f 888/1330/29 823/1329/29 855/1317/29 889/1333/29
f 889/1334/30 856/1320/30 824/1332/30 888/1331/30
f 889/1333/27 855/1317/27 799/1322/27 886/1321/27
f 886/1328/28 800/1327/28 856/1320/28 889/1334/28
f 890/1335/23 805/1336/23 835/1257/23 891/1337/23
f 891/1338/24 836/1260/24 806/1339/24 890/1340/24
f 891/1337/29 835/1257/29 827/1341/29 892/1342/29
f 892/1343/30 828/1344/30 836/1260/30 891/1338/30
f 892/1342/27 827/1341/27 829/1345/27 893/1346/27
f 893/1347/28 830/1348/28 828/1344/28 892/1343/28
f 893/1346/25 829/1345/25 805/1336/25 890/1335/25
f 890/1340/26 806/1339/26 830/1348/26 893/1347/26
f 894/1349/37 803/1350/37 785/1351/37 897/1352/37
f 897/1353/38 786/1354/38 804/1355/38 894/1356/38
f 896/1357/35 785/1351/35 803/1350/35 895/1358/35
f 895/1359/36 804/1355/36 786/1354/36 896/1360/36
f 897/1352/23 785/1351/23 829/1345/23 898/1361/23
f 898/1362/24 830/1348/24 786/1354/24 897/1353/24
f 898/1361/29 829/1345/29 803/1350/29 894/1349/29
f 894/1356/30 804/1355/30 830/1348/30 898/1362/30
f 899/1363/33 785/1351/33 805/1336/33 901/1364/33
f 901/1365/34 806/1339/34 786/1354/34 899/1366/34
f 900/1367/31 805/1336/31 785/1351/31 896/1357/31
f 896/1360/32 786/1354/32 806/1339/32 900/1368/32
f 901/1364/29 805/1336/29 829/1345/29 902/1369/29
f 902/1370/30 830/1348/30 806/1339/30 901/1365/30
f 902/1369/27 829/1345/27 785/1351/27 899/1363/27
f 899/1366/28 786/1354/28 830/1348/28 902/1370/28
f 903/1371/29 821/1256/29 853/1372/29 904/1373/29
f 904/1374/30 854/1375/30 822/1261/30 903/1376/30
f 904/1373/27 853/1372/27 827/1341/27 905/1377/27
f 905/1378/28 828/1344/28 854/1375/28 904/1374/28
f 905/1377/25 827/1341/25 835/1257/25 906/1379/25
f 906/1380/26 836/1260/26 828/1344/26 905/1378/26
f 906/1379/23 835/1257/23 821/1256/23 903/1371/23
f 903/1376/24 822/1261/24 836/1260/24 906/1380/24
f 907/1381/27 819/1382/27 853/1372/27 908/1383/27
f 908/1384/28 854/1375/28 820/1385/28 907/1386/28
f 908/1383/25 853/1372/25 821/1256/25 909/1387/25
f 909/1388/26 822/1261/26 854/1375/26 908/1384/26
f 909/1387/23 821/1256/23 847/1389/23 910/1390/23
f 910/1391/24 848/1392/24 822/1261/24 909/1388/24
f 910/1390/29 847/1389/29 819/1382/29 907/1381/29
f 907/1386/30 820/1385/30 848/1392/30 910/1391/30
f 911/1393/33 809/1394/33 783/1395/33 914/1396/33
f 914/1397/34 784/1398/34 810/1399/34 911/1400/34
f 913/1401/31 783/1395/31 809/1394/31 912/1402/31
f 912/1403/32 810/1399/32 784/1398/32 913/1404/32
f 914/1396/29 783/1395/29 831/1405/29 915/1406/29
f 915/1407/30 832/1408/30 784/1398/30 914/1397/30
f 915/1406/27 831/1405/27 809/1394/27 911/1393/27
f 911/1400/28 810/1399/28 832/1408/28 915/1407/28
f 916/1409/35 783/1395/35 787/1410/35 918/1411/35
f 918/1412/36 788/1413/36 784/1398/36 916/1414/36
f 917/1415/37 787/1410/37 783/1395/37 913/1401/37
f 913/1404/38 784/1398/38 788/1413/38 917/1416/38
f 918/1411/27 787/1410/27 831/1405/27 919/1417/27
f 919/1418/28 832/1408/28 788/1413/28 918/1412/28
f 919/1417/25 831/1405/25 783/1395/25 916/1409/25
f 916/1414/26 784/1398/26 832/1408/26 919/1418/26
f 920/1419/27 795/1288/27 849/1305/27 921/1420/27
f 921/1421/28 850/1308/28 796/1291/28 920/1422/28
f 921/1420/25 849/1305/25 817/1240/25 922/1423/25
f 922/1424/26 818/1245/26 850/1308/26 921/1421/26
f 922/1423/23 817/1240/23 843/1251/23 923/1425/23
f 923/1426/24 844/1254/24 818/1245/24 922/1424/24
f 923/1425/29 843/1251/29 795/1288/29 920/1419/29
f 920/1422/30 796/1291/30 844/1254/30 923/1426/30
f 924/1427/33 807/1263/33 809/1394/33 926/1428/33
f 926/1429/34 810/1399/34 808/1266/34 924/1430/34
f 912/1402/31 809/1394/31 807/1263/31 925/1431/31
f 925/1432/32 808/1266/32 810/1399/32 912/1403/32
f 926/1428/29 809/1394/29 833/1267/29 927/1433/29
f 927/1434/30 834/1270/30 810/1399/30 926/1429/30
f 927/1433/27 833/1267/27 807/1263/27 924/1427/27
f 924/1430/28 808/1266/28 834/1270/28 927/1434/28
f 928/1435/33 805/1336/33 807/1263/33 929/1436/33
f 929/1437/34 808/1266/34 806/1339/34 928/1438/34
f 925/1431/31 807/1263/31 805/1336/31 900/1367/31
f 900/1368/32 806/1339/32 808/1266/32 925/1432/32
f 929/1436/29 807/1263/29 835/1257/29 930/1439/29
f 930/1440/30 836/1260/30 808/1266/30 929/1437/30
f 930/1439/27 835/1257/27 805/1336/27 928/1435/27
f 928/1438/28 806/1339/28 836/1260/28 930/1440/28
f 931/1441/25 813/1442/25 841/1443/25 932/1444/25
f 932/1445/26 842/1446/26 814/1447/26 931/1448/26
f 932/1444/23 841/1443/23 789/1449/23 933/1450/23
f 933/1451/24 790/1452/24 842/1446/24 932/1445/24
f 933/1450/29 789/1449/29 839/1453/29 934/1454/29
f 934/1455/30 840/1456/30 790/1452/30 933/1451/30
f 934/1454/27 839/1453/27 813/1442/27 931/1441/27
f 931/1448/28 814/1447/28 840/1456/28 934/1455/28
f 935/1457/25 823/1329/25 851/1458/25 936/1459/25
f 936/1460/26 852/1461/26 824/1332/26 935/1462/26
f 936/1459/23 851/1458/23 817/1240/23 937/1463/23
f 937/1464/24 818/1245/24 852/1461/24 936/1460/24
f 937/1463/29 817/1240/29 849/1305/29 938/1465/29
f 938/1466/30 850/1308/30 818/1245/30 937/1464/30
f 938/1465/27 849/1305/27 823/1329/27 935/1457/27
f 935/1462/28 824/1332/28 850/1308/28 938/1466/28
f 939/1467/35 791/1468/35 779/1272/35 941/1469/35
f 941/1470/36 780/1277/36 792/1471/36 939/1472/36
f 870/1280/37 779/1272/37 791/1468/37 940/1473/37
f 940/1474/38 792/1471/38 780/1277/38 870/1281/38
f 941/1469/27 779/1272/27 837/1283/27 942/1475/27
f 942/1476/28 838/1286/28 780/1277/28 941/1470/28
f 942/1475/25 837/1283/25 791/1468/25 939/1467/25
f 939/1472/26 792/1471/26 838/1286/26 942/1476/26
f 943/1477/27 813/1442/27 847/1389/27 944/1478/27
f 944/1479/28 848/1392/28 814/1447/28 943/1480/28
f 944/1478/25 847/1389/25 815/1481/25 945/1482/25
f 945/1483/26 816/1484/26 848/1392/26 944/1479/26
f 945/1482/23 815/1481/23 841/1443/23 946/1485/23
f 946/1486/24 842/1446/24 816/1484/24 945/1483/24
f 946/1485/29 841/1443/29 813/1442/29 943/1477/29
f 943/1480/30 814/1447/30 842/1446/30 946/1486/30
f 947/1487/25 819/1382/25 847/1389/25 948/1488/25
f 948/1489/26 848/1392/26 820/1385/26 947/1490/26
f 948/1488/23 847/1389/23 813/1442/23 949/1491/23
f 949/1492/24 814/1447/24 848/1392/24 948/1489/24
f 949/1491/29 813/1442/29 845/1241/29 950/1493/29
f 950/1494/30 846/1244/30 814/1447/30 949/1492/30
f 950/1493/27 845/1241/27 819/1382/27 947/1487/27
f 947/1490/28 820/1385/28 846/1244/28 950/1494/28
f 951/1495/35 789/1449/35 791/1468/35 953/1496/35
f 953/1497/36 792/1471/36 790/1452/36 951/1498/36
f 940/1473/37 791/1468/37 789/1449/37 952/1499/37
f 952/1500/38 790/1452/38 792/1471/38 940/1474/38
f 953/1496/27 791/1468/27 839/1453/27 954/1501/27
f 954/1502/28 840/1456/28 792/1471/28 953/1497/28
f 954/1501/25 839/1453/25 789/1449/25 951/1495/25
f 951/1498/26 790/1452/26 840/1456/26 954/1502/26
f 955/1503/27 817/1240/27 851/1458/27 956/1504/27
f 956/1505/28 852/1461/28 818/1245/28 955/1506/28
f 956/1504/25 851/1458/25 819/1382/25 957/1507/25
f 957/1508/26 820/1385/26 852/1461/26 956/1505/26
f 957/1507/23 819/1382/23 845/1241/23 958/1509/23
f 958/1510/24 846/1244/24 820/1385/24 957/1508/24
f 958/1509/29 845/1241/29 817/1240/29 955/1503/29
f 955/1506/30 818/1245/30 846/1244/30 958/1510/30
f 959/1511/35 787/1410/35 789/1449/35 960/1512/35
f 960/1513/36 790/1452/36 788/1413/36 959/1514/36
f 952/1499/37 789/1449/37 787/1410/37 917/1415/37
f 917/1416/38 788/1413/38 790/1452/38 952/1500/38
f 960/1512/27 789/1449/27 841/1443/27 961/1515/27
f 961/1516/28 842/1446/28 790/1452/28 960/1513/28
f 961/1515/25 841/1443/25 787/1410/25 959/1511/25
f 959/1514/26 788/1413/26 842/1446/26 961/1516/26
f 962/1517/27 815/1481/27 833/1267/27 963/1518/27
f 963/1519/28 834/1270/28 816/1484/28 962/1520/28
f 963/1518/25 833/1267/25 809/1394/25 964/1521/25
f 964/1522/26 810/1399/26 834/1270/26 963/1519/26
f 964/1521/23 809/1394/23 831/1405/23 965/1523/23
f 965/1524/24 832/1408/24 810/1399/24 964/1522/24
f 965/1523/29 831/1405/29 815/1481/29 962/1517/29
f 962/1520/30 816/1484/30 832/1408/30 965/1524/30
f 966/1525/29 827/1341/29 859/1526/29 967/1527/29
f 967/1528/30 860/1529/30 828/1344/30 966/1530/30
f 967/1527/27 859/1526/27 803/1350/27 968/1531/27
f 968/1532/28 804/1355/28 860/1529/28 967/1528/28
f 968/1531/25 803/1350/25 829/1345/25 969/1533/25
f 969/1534/26 830/1348/26 804/1355/26 968/1532/26
f 969/1533/23 829/1345/23 827/1341/23 966/1525/23
f 966/1530/24 828/1344/24 830/1348/24 969/1534/24
f 970/1535/27 793/1273/27 843/1251/27 971/1536/27
f 971/1537/28 844/1254/28 794/1276/28 970/1538/28
f 971/1536/25 843/1251/25 811/1247/25 972/1539/25
f 972/1540/26 812/1250/26 844/1254/26 971/1537/26
f 972/1539/23 811/1247/23 837/1283/23 973/1541/23
f 973/1542/24 838/1286/24 812/1250/24 972/1540/24
f 973/1541/29 837/1283/29 793/1273/29 970/1535/29
f 970/1538/30 794/1276/30 838/1286/30 973/1542/30
f 974/1543/27 825/1544/27 859/1526/27 975/1545/27
f 975/1546/28 860/1529/28 826/1547/28 974/1548/28
f 975/1545/25 859/1526/25 827/1341/25 976/1549/25
f 976/1550/26 828/1344/26 860/1529/26 975/1546/26
f 976/1549/23 827/1341/23 853/1372/23 977/1551/23
f 977/1552/24 854/1375/24 828/1344/24 976/1550/24
f 977/1551/29 853/1372/29 825/1544/29 974/1543/29
f 974/1548/30 826/1547/30 854/1375/30 977/1552/30
f 978/1553/27 797/1298/27 855/1317/27 979/1554/27
f 979/1555/28 856/1320/28 798/1301/28 978/1556/28
f 979/1554/25 855/1317/25 823/1329/25 980/1557/25
f 980/1558/26 824/1332/26 856/1320/26 979/1555/26
f 980/1557/23 823/1329/23 849/1305/23 981/1559/23
f 981/1560/24 850/1308/24 824/1332/24 980/1558/24
f 981/1559/29 849/1305/29 797/1298/29 978/1553/29
f 978/1556/30 798/1301/30 850/1308/30 981/1560/30
f 982/1561/27 823/1329/27 857/1323/27 983/1562/27
f 983/1563/28 858/1326/28 824/1332/28 982/1564/28
f 983/1562/25 857/1323/25 825/1544/25 984/1565/25
f 984/1566/26 826/1547/26 858/1326/26 983/1563/26
f 984/1565/23 825/1544/23 851/1458/23 985/1567/23
f 985/1568/24 852/1461/24 826/1547/24 984/1566/24
f 985/1567/29 851/1458/29 823/1329/29 982/1561/29
f 982/1564/30 824/1332/30 852/1461/30 985/1568/30
f 986/1569/29 815/1481/29 847/1389/29 987/1570/29
f 987/1571/30 848/1392/30 816/1484/30 986/1572/30
f 987/1570/27 847/1389/27 821/1256/27 988/1573/27
f 988/1574/28 822/1261/28 848/1392/28 987/1571/28
f 988/1573/25 821/1256/25 833/1267/25 989/1575/25
f 989/1576/26 834/1270/26 822/1261/26 988/1574/26
f 989/1575/23 833/1267/23 815/1481/23 986/1569/23
f 986/1572/24 816/1484/24 834/1270/24 989/1576/24
f 990/1577/27 811/1247/27 845/1241/27 991/1578/27
f 991/1579/28 846/1244/28 812/1250/28 990/1580/28
f 991/1578/25 845/1241/25 813/1442/25 992/1581/25
f 992/1582/26 814/1447/26 846/1244/26 991/1579/26
f 992/1581/23 813/1442/23 839/1453/23 993/1583/23
f 993/1584/24 840/1456/24 814/1447/24 992/1582/24
f 993/1583/29 839/1453/29 811/1247/29 990/1577/29
f 990/1580/30 812/1250/30 840/1456/30 993/1584/30
f 994/1585/29 787/1410/29 841/1443/29 995/1586/29
f 995/1587/30 842/1446/30 788/1413/30 994/1588/30
f 995/1586/27 841/1443/27 815/1481/27 996/1589/27
f 996/1590/28 816/1484/28 842/1446/28 995/1587/28
f 996/1589/25 815/1481/25 831/1405/25 997/1591/25
f 997/1592/26 832/1408/26 816/1484/26 996/1590/26
f 997/1591/23 831/1405/23 787/1410/23 994/1585/23
f 994/1588/24 788/1413/24 832/1408/24 997/1592/24
f 998/1593/25 801/1594/25 859/1526/25 999/1595/25
f 999/1596/26 860/1529/26 802/1597/26 998/1598/26
f 999/1595/23 859/1526/23 825/1544/23 1000/1599/23
f 1000/1600/24 826/1547/24 860/1529/24 999/1596/24
f 1000/1599/29 825/1544/29 857/1323/29 1001/1601/29
f 1001/1602/30 858/1326/30 826/1547/30 1000/1600/30
f 1001/1601/27 857/1323/27 801/1594/27 998/1593/27
f 998/1598/28 802/1597/28 858/1326/28 1001/1602/28
f 1002/1603/37 781/1310/37 799/1322/37 1004/1604/37
f 1004/1605/38 800/1327/38 782/1313/38 1002/1606/38
f 1003/1607/35 799/1322/35 781/1310/35 883/1315/35
f 883/1316/36 782/1313/36 800/1327/36 1003/1608/36
f 1004/1604/23 799/1322/23 855/1317/23 1005/1609/23
f 1005/1610/24 856/1320/24 800/1327/24 1004/1605/24
f 1005/1609/29 855/1317/29 781/1310/29 1002/1603/29
f 1002/1606/30 782/1313/30 856/1320/30 1005/1610/30
f 1006/1611/25 811/1247/25 839/1453/25 1007/1612/25
f 1007/1613/26 840/1456/26 812/1250/26 1006/1614/26
f 1007/1612/23 839/1453/23 791/1468/23 1008/1615/23
f 1008/1616/24 792/1471/24 840/1456/24 1007/1613/24
f 1008/1615/29 791/1468/29 837/1283/29 1009/1617/29
f 1009/1618/30 838/1286/30 792/1471/30 1008/1616/30
f 1009/1617/27 837/1283/27 811/1247/27 1006/1611/27
f 1006/1614/28 812/1250/28 838/1286/28 1009/1618/28
f 1010/1619/37 799/1322/37 801/1594/37 1012/1620/37
f 1012/1621/38 802/1597/38 800/1327/38 1010/1622/38
f 1011/1623/35 801/1594/35 799/1322/35 1003/1607/35
f 1003/1608/36 800/1327/36 802/1597/36 1011/1624/36
f 1012/1620/23 801/1594/23 857/1323/23 1013/1625/23
f 1013/1626/24 858/1326/24 802/1597/24 1012/1621/24
f 1013/1625/29 857/1323/29 799/1322/29 1010/1619/29
f 1010/1622/30 800/1327/30 858/1326/30 1013/1626/30
f 1014/1627/25 825/1544/25 853/1372/25 1015/1628/25
f 1015/1629/26 854/1375/26 826/1547/26 1014/1630/26
f 1015/1628/23 853/1372/23 819/1382/23 1016/1631/23
f 1016/1632/24 820/1385/24 854/1375/24 1015/1629/24
f 1016/1631/29 819/1382/29 851/1458/29 1017/1633/29
f 1017/1634/30 852/1461/30 820/1385/30 1016/1632/30
f 1017/1633/27 851/1458/27 825/1544/27 1014/1627/27
f 1014/1630/28 826/1547/28 852/1461/28 1017/1634/28
f 1018/1635/37 801/1594/37 803/1350/37 1019/1636/37
f 1019/1637/38 804/1355/38 802/1597/38 1018/1638/38
f 895/1358/35 803/1350/35 801/1594/35 1011/1623/35
f 1011/1624/36 802/1597/36 804/1355/36 895/1359/36
f 1019/1636/23 803/1350/23 859/1526/23 1020/1639/23
f 1020/1640/24 860/1529/24 804/1355/24 1019/1637/24
f 1020/1639/29 859/1526/29 801/1594/29 1018/1635/29
f 1018/1638/30 802/1597/30 860/1529/30 1020/1640/30
o Right_windows
v -0.036408 -0.804822 -1.833734
v 0.043592 -0.804822 -1.833734
v -0.036408 -3.410779 -1.833734
v 0.043592 -3.410779 -1.833734
v -0.036408 -0.804822 -0.616235
v 0.043592 -0.804822 -0.616235
v -0.036408 -3.410779 -0.616235
v 0.043592 -3.410779 -0.616235
v -0.036408 -0.804822 -0.920610
v 0.043592 -0.804822 -0.920610
v -0.036408 -0.804822 -1.224984
v 0.043592 -0.804822 -1.224984
v -0.036408 -0.804822 -1.529359
v 0.043592 -0.804822 -1.529359
v -0.036408 -1.456311 -1.833734
v 0.043592 -1.456311 -1.833734
v -0.036408 -2.107800 -1.833734
v 0.043592 -2.107800 -1.833734
v -0.036408 -2.759290 -1.833734
v 0.043592 -2.759290 -1.833734
v -0.036408 -3.410779 -1.529359
v 0.043592 -3.410779 -1.529359
v -0.036408 -3.410779 -1.224984
v 0.043592 -3.410779 -1.224984
v -0.036408 -3.410779 -0.920610
v 0.043592 -3.410779 -0.920610
v -0.036408 -2.759290 -0.616235
v 0.043592 -2.759290 -0.616235
v -0.036408 -2.107800 -0.616235
v 0.043592 -2.107800 -0.616235
v -0.036408 -1.456311 -0.616235
v 0.043592 -1.456311 -0.616235
v -0.036408 -1.456311 -1.529359
v 0.043592 -1.456311 -1.529359
v -0.036408 -1.456311 -1.224984
v 0.043592 -1.456311 -1.224984
v -0.036408 -1.456311 -0.920610
v 0.043592 -1.456311 -0.920610
v -0.036408 -2.107800 -1.529359
v 0.043592 -2.107800 -1.529359
v -0.036408 -2.107800 -1.224984
v 0.043592 -2.107800 -1.224984
v -0.036408 -2.107800 -0.920610
v 0.043592 -2.107800 -0.920610
v -0.036408 -2.759290 -1.529359
v 0.043592 -2.759290 -1.529359
v -0.036408 -2.759290 -1.224984
v 0.043592 -2.759290 -1.224984
v -0.036408 -2.759290 -0.920610
v 0.043592 -2.759290 -0.920610
v -0.036408 -3.085034 -0.768422
v 0.043592 -3.085034 -0.768422
v -0.036408 -1.130566 -0.768422
v 0.043592 -1.130566 -0.768422
v -0.036408 -1.782056 -0.768422
v 0.043592 -1.782055 -0.768422
v -0.036408 -2.433545 -0.768422
v 0.043592 -2.433545 -0.768422
v -0.036408 -1.130566 -1.681546
v 0.043592 -1.130566 -1.681546
v -0.036408 -1.130566 -1.377172
v 0.043592 -1.130566 -1.377172
v -0.036408 -1.130566 -1.072797
v 0.043592 -1.130566 -1.072797
v -0.036408 -1.782056 -1.681546
v 0.043592 -1.782056 -1.681546
v -0.036408 -1.782056 -1.377172
v 0.043592 -1.782056 -1.377172
v -0.036408 -1.782056 -1.072797
v 0.043592 -1.782056 -1.072797
v -0.036408 -2.433545 -1.681546
v 0.043592 -2.433545 -1.681546
v -0.036408 -2.433545 -1.377172
v 0.043592 -2.433545 -1.377172
v -0.036408 -2.433545 -1.072797
v 0.043592 -2.433545 -1.072797
v -0.036408 -3.085034 -1.681546
v 0.043592 -3.085034 -1.681546
v -0.036408 -3.085034 -1.377172
v 0.043592 -3.085034 -1.377172
v -0.036408 -3.085034 -1.072797
v 0.043592 -3.085034 -1.072797
v 0.003592 -2.013300 -1.529359
v 0.003592 -1.782056 -1.421322
v 0.003592 -1.550811 -1.529359
v 0.003592 -1.782056 -1.637396
v 0.003592 -2.107800 -0.876459
v 0.003592 -2.339045 -0.768422
v 0.003592 -2.107800 -0.660385
v 0.003592 -1.876555 -0.768422
v 0.003592 -0.984938 -1.793734
v 0.003592 -0.764822 -1.873734
v 0.003592 -1.456311 -1.873734
v 0.003592 -1.276194 -1.793734
v 0.003592 -1.130566 -1.725697
v 0.003592 -1.636427 -1.793734
v 0.003592 -2.107800 -1.873734
v 0.003592 -1.927684 -1.793734
v 0.003592 -1.782056 -1.725697
v 0.003592 -2.287917 -1.793734
v 0.003592 -2.759290 -1.873734
v 0.003592 -2.579173 -1.793734
v 0.003592 -2.433545 -1.725697
v 0.003592 -2.939406 -1.793734
v 0.003592 -3.450779 -1.873734
v 0.003592 -3.230662 -1.793734
v 0.003592 -3.085034 -1.725697
v 0.003592 -3.316279 -1.529359
v 0.003592 -3.085034 -1.421322
v 0.003592 -2.853789 -1.529359
v 0.003592 -3.085034 -1.637396
v 0.003592 -2.759290 -0.660385
v 0.003592 -2.528044 -0.768422
v 0.003592 -2.759290 -0.876459
v 0.003592 -2.990534 -0.768422
v 0.003592 -3.370779 -0.857771
v 0.003592 -3.450779 -0.920610
v 0.003592 -3.450779 -0.576235
v 0.003592 -3.370779 -0.679073
v 0.003592 -3.179534 -0.768422
v 0.003592 -3.230662 -0.656235
v 0.003592 -2.759290 -0.576235
v 0.003592 -2.939406 -0.656235
v 0.003592 -3.085034 -0.724272
v 0.003592 -2.202300 -0.920610
v 0.003592 -2.433545 -1.028647
v 0.003592 -2.664789 -0.920610
v 0.003592 -2.433545 -0.812572
v 0.003592 -2.107800 -1.180834
v 0.003592 -2.339045 -1.072797
v 0.003592 -2.107800 -0.964760
v 0.003592 -1.876555 -1.072797
v 0.003592 -1.276194 -0.656235
v 0.003592 -1.456311 -0.576235
v 0.003592 -0.764822 -0.576235
v 0.003592 -0.984938 -0.656235
v 0.003592 -1.130566 -0.724272
v 0.003592 -0.844822 -0.679073
v 0.003592 -0.764822 -0.920610
v 0.003592 -0.844822 -0.857771
v 0.003592 -1.036066 -0.768422
v 0.003592 -2.107800 -1.789584
v 0.003592 -2.339045 -1.681546
v 0.003592 -2.107800 -1.573509
v 0.003592 -1.876555 -1.681546
v 0.003592 -1.927684 -0.656235
v 0.003592 -2.107800 -0.576235
v 0.003592 -1.636428 -0.656235
v 0.003592 -1.782055 -0.724272
v 0.003592 -2.579173 -0.656235
v 0.003592 -2.287917 -0.656235
v 0.003592 -2.433545 -0.724272
v 0.003592 -1.361811 -1.224984
v 0.003592 -1.130566 -1.116947
v 0.003592 -0.899322 -1.224984
v 0.003592 -1.130566 -1.333021
v 0.003592 -2.664789 -1.529359
v 0.003592 -2.433545 -1.421322
v 0.003592 -2.202300 -1.529359
v 0.003592 -2.433545 -1.637396
v 0.003592 -0.844822 -1.592197
v 0.003592 -0.764822 -1.529359
v 0.003592 -0.844822 -1.770896
v 0.003592 -1.036066 -1.681546
v 0.003592 -1.456311 -1.180834
v 0.003592 -1.687556 -1.072797
v 0.003592 -1.456311 -0.964760
v 0.003592 -1.225066 -1.072797
v 0.003592 -2.013300 -1.224984
v 0.003592 -1.782056 -1.116947
v 0.003592 -1.550811 -1.224984
v 0.003592 -1.782056 -1.333021
v 0.003592 -0.844822 -1.287822
v 0.003592 -0.764822 -1.224984
v 0.003592 -0.844822 -1.466521
v 0.003592 -1.036066 -1.377172
v 0.003592 -2.107800 -1.485209
v 0.003592 -2.339045 -1.377172
v 0.003592 -2.107800 -1.269134
v 0.003592 -1.876555 -1.377172
v 0.003592 -0.844822 -0.983448
v 0.003592 -0.844822 -1.162146
v 0.003592 -1.036066 -1.072797
v 0.003592 -1.456311 -0.876459
v 0.003592 -1.687556 -0.768422
v 0.003592 -1.456311 -0.660385
v 0.003592 -1.225066 -0.768422
v 0.003592 -2.853789 -0.920610
v 0.003592 -3.085034 -1.028647
v 0.003592 -3.316279 -0.920610
v 0.003592 -3.085034 -0.812572
v 0.003592 -1.456311 -1.789584
v 0.003592 -1.687556 -1.681546
v 0.003592 -1.456311 -1.573509
v 0.003592 -1.225066 -1.681546
v 0.003592 -2.759290 -1.180834
v 0.003592 -2.990534 -1.072797
v 0.003592 -2.759290 -0.964760
v 0.003592 -2.528044 -1.072797
v 0.003592 -2.759290 -1.789584
v 0.003592 -2.990534 -1.681546
v 0.003592 -2.759290 -1.573509
v 0.003592 -2.528044 -1.681546
v 0.003592 -2.759290 -1.485209
v 0.003592 -2.990534 -1.377172
v 0.003592 -2.759290 -1.269134
v 0.003592 -2.528044 -1.377172
v 0.003592 -1.550811 -0.920610
v 0.003592 -1.782056 -1.028647
v 0.003592 -2.013300 -0.920610
v 0.003592 -1.782055 -0.812572
v 0.003592 -1.456311 -1.485209
v 0.003592 -1.687556 -1.377172
v 0.003592 -1.456311 -1.269134
v 0.003592 -1.225066 -1.377172
v 0.003592 -0.899322 -0.920610
v 0.003592 -1.130566 -1.028647
v 0.003592 -1.361811 -0.920610
v 0.003592 -1.130566 -0.812572
v 0.003592 -3.316279 -1.224984
v 0.003592 -3.085034 -1.116947
v 0.003592 -2.853789 -1.224984
v 0.003592 -3.085034 -1.333021
v 0.003592 -3.370779 -1.770896
v 0.003592 -3.450779 -1.529359
v 0.003592 -3.370779 -1.592197
v 0.003592 -3.179534 -1.681546
v 0.003592 -1.361811 -1.529359
v 0.003592 -1.130566 -1.421322
v 0.003592 -0.899322 -1.529359
v 0.003592 -1.130566 -1.637396
v 0.003592 -3.370779 -1.466521
v 0.003592 -3.450779 -1.224984
v 0.003592 -3.370779 -1.287822
v 0.003592 -3.179534 -1.377172
v 0.003592 -2.664789 -1.224984
v 0.003592 -2.433545 -1.116947
v 0.003592 -2.202300 -1.224984
v 0.003592 -2.433545 -1.333021
v 0.003592 -3.370779 -1.162146
v 0.003592 -3.370779 -0.983448
v 0.003592 -3.179534 -1.072797
v -0.036408 0.804822 -1.833734
v 0.043592 0.804822 -1.833734
v -0.036408 3.410778 -1.833734
v 0.043592 3.410778 -1.833734
v -0.036408 0.804822 -0.616235
v 0.043592 0.804822 -0.616235
v -0.036408 3.410778 -0.616235
v 0.043592 3.410778 -0.616235
v -0.036408 0.804822 -0.920610
v 0.043592 0.804822 -0.920610
v -0.036408 0.804822 -1.224984
v 0.043592 0.804822 -1.224984
v -0.036408 0.804822 -1.529359
v 0.043592 0.804822 -1.529359
v -0.036408 1.456311 -1.833734
v 0.043592 1.456311 -1.833734
v -0.036408 2.107800 -1.833734
v 0.043592 2.107800 -1.833734
v -0.036408 2.759289 -1.833734
v 0.043592 2.759289 -1.833734
v -0.036408 3.410778 -1.529359
v 0.043592 3.410778 -1.529359
v -0.036408 3.410778 -1.224984
v 0.043592 3.410778 -1.224984
v -0.036408 3.410778 -0.920610
v 0.043592 3.410778 -0.920610
v -0.036408 2.759289 -0.616235
v 0.043592 2.759289 -0.616235
v -0.036408 2.107800 -0.616235
v 0.043592 2.107800 -0.616235
v -0.036408 1.456311 -0.616235
v 0.043592 1.456311 -0.616235
v -0.036408 1.456311 -1.529359
v 0.043592 1.456311 -1.529359
v -0.036408 1.456311 -1.224984
v 0.043592 1.456311 -1.224984
v -0.036408 1.456311 -0.920610
v 0.043592 1.456311 -0.920610
v -0.036408 2.107800 -1.529359
v 0.043592 2.107800 -1.529359
v -0.036408 2.107800 -1.224984
v 0.043592 2.107800 -1.224984
v -0.036408 2.107800 -0.920610
v 0.043592 2.107800 -0.920610
v -0.036408 2.759289 -1.529359
v 0.043592 2.759289 -1.529359
v -0.036408 2.759289 -1.224984
v 0.043592 2.759289 -1.224984
v -0.036408 2.759289 -0.920610
v 0.043592 2.759289 -0.920610
v -0.036408 3.085033 -0.768422
v 0.043592 3.085033 -0.768422
v -0.036408 1.130566 -0.768422
v 0.043592 1.130566 -0.768422
v -0.036408 1.782055 -0.768422
v 0.043592 1.782055 -0.768422
v -0.036408 2.433544 -0.768422
v 0.043592 2.433544 -0.768422
v -0.036408 1.130566 -1.681546
v 0.043592 1.130566 -1.681546
v -0.036408 1.130566 -1.377172
v 0.043592 1.130566 -1.377172
v -0.036408 1.130566 -1.072797
v 0.043592 1.130566 -1.072797
v -0.036408 1.782055 -1.681546
v 0.043592 1.782055 -1.681546
v -0.036408 1.782055 -1.377172
v 0.043592 1.782055 -1.377172
v -0.036408 1.782055 -1.072797
v 0.043592 1.782055 -1.072797
v -0.036408 2.433544 -1.681546
v 0.043592 2.433544 -1.681546
v -0.036408 2.433544 -1.377172
v 0.043592 2.433544 -1.377172
v -0.036408 2.433544 -1.072797
v 0.043592 2.433544 -1.072797
v -0.036408 3.085033 -1.681546
v 0.043592 3.085033 -1.681546
v -0.036408 3.085033 -1.377172
v 0.043592 3.085033 -1.377172
v -0.036408 3.085033 -1.072797
v 0.043592 3.085033 -1.072797
v 0.003592 2.013300 -1.529359
v 0.003592 1.782055 -1.421322
v 0.003592 1.550811 -1.529359
v 0.003592 1.782055 -1.637396
v 0.003592 2.107800 -0.876459
v 0.003592 2.339045 -0.768422
v 0.003592 2.107800 -0.660385
v 0.003592 1.876555 -0.768422
v 0.003592 0.984938 -1.793734
v 0.003592 0.764822 -1.873734
v 0.003592 1.456311 -1.873734
v 0.003592 1.276194 -1.793734
v 0.003592 1.130566 -1.725697
v 0.003592 1.636427 -1.793734
v 0.003592 2.107800 -1.873734
v 0.003592 1.927683 -1.793734
v 0.003592 1.782055 -1.725697
v 0.003592 2.287916 -1.793734
v 0.003592 2.759289 -1.873734
v 0.003592 2.579173 -1.793734
v 0.003592 2.433544 -1.725697
v 0.003592 2.939405 -1.793734
v 0.003592 3.450778 -1.873734
v 0.003592 3.230661 -1.793734
v 0.003592 3.085033 -1.725697
v 0.003592 3.316278 -1.529359
v 0.003592 3.085033 -1.421322
v 0.003592 2.853789 -1.529359
v 0.003592 3.085033 -1.637396
v 0.003592 2.759289 -0.660385
v 0.003592 2.528044 -0.768422
v 0.003592 2.759289 -0.876459
v 0.003592 2.990534 -0.768422
v 0.003592 3.370778 -0.857771
v 0.003592 3.450778 -0.920610
v 0.003592 3.450778 -0.576235
v 0.003592 3.370778 -0.679073
v 0.003592 3.179533 -0.768422
v 0.003592 3.230661 -0.656235
v 0.003592 2.759289 -0.576235
v 0.003592 2.939405 -0.656235
v 0.003592 3.085033 -0.724272
v 0.003592 2.202300 -0.920610
v 0.003592 2.433544 -1.028647
v 0.003592 2.664789 -0.920610
v 0.003592 2.433544 -0.812572
v 0.003592 2.107800 -1.180834
v 0.003592 2.339045 -1.072797
v 0.003592 2.107800 -0.964760
v 0.003592 1.876555 -1.072797
v 0.003592 1.276194 -0.656235
v 0.003592 1.456311 -0.576235
v 0.003592 0.764822 -0.576235
v 0.003592 0.984938 -0.656235
v 0.003592 1.130566 -0.724272
v 0.003592 0.844822 -0.679073
v 0.003592 0.764822 -0.920610
v 0.003592 0.844822 -0.857771
v 0.003592 1.036066 -0.768422
v 0.003592 2.107800 -1.789584
v 0.003592 2.339045 -1.681546
v 0.003592 2.107800 -1.573509
v 0.003592 1.876555 -1.681546
v 0.003592 1.927683 -0.656235
v 0.003592 2.107800 -0.576235
v 0.003592 1.636427 -0.656235
v 0.003592 1.782055 -0.724272
v 0.003592 2.579173 -0.656235
v 0.003592 2.287916 -0.656235
v 0.003592 2.433544 -0.724272
v 0.003592 1.361811 -1.224984
v 0.003592 1.130566 -1.116947
v 0.003592 0.899321 -1.224984
v 0.003592 1.130566 -1.333021
v 0.003592 2.664789 -1.529359
v 0.003592 2.433544 -1.421322
v 0.003592 2.202300 -1.529359
v 0.003592 2.433544 -1.637396
v 0.003592 0.844822 -1.592197
v 0.003592 0.764822 -1.529359
v 0.003592 0.844822 -1.770896
v 0.003592 1.036066 -1.681546
v 0.003592 1.456311 -1.180834
v 0.003592 1.687555 -1.072797
v 0.003592 1.456311 -0.964760
v 0.003592 1.225066 -1.072797
v 0.003592 2.013300 -1.224984
v 0.003592 1.782055 -1.116947
v 0.003592 1.550811 -1.224984
v 0.003592 1.782055 -1.333021
v 0.003592 0.844822 -1.287822
v 0.003592 0.764822 -1.224984
v 0.003592 0.844822 -1.466521
v 0.003592 1.036066 -1.377172
v 0.003592 2.107800 -1.485209
v 0.003592 2.339045 -1.377172
v 0.003592 2.107800 -1.269134
v 0.003592 1.876555 -1.377172
v 0.003592 0.844822 -0.983448
v 0.003592 0.844822 -1.162146
v 0.003592 1.036066 -1.072797
v 0.003592 1.456311 -0.876459
v 0.003592 1.687555 -0.768422
v 0.003592 1.456311 -0.660385
v 0.003592 1.225066 -0.768422
v 0.003592 2.853789 -0.920610
v 0.003592 3.085033 -1.028647
v 0.003592 3.316278 -0.920610
v 0.003592 3.085033 -0.812572
v 0.003592 1.456311 -1.789584
v 0.003592 1.687555 -1.681546
v 0.003592 1.456311 -1.573509
v 0.003592 1.225066 -1.681546
v 0.003592 2.759289 -1.180834
v 0.003592 2.990534 -1.072797
v 0.003592 2.759289 -0.964760
v 0.003592 2.528044 -1.072797
v 0.003592 2.759289 -1.789584
v 0.003592 2.990534 -1.681546
v 0.003592 2.759289 -1.573509
v 0.003592 2.528044 -1.681546
v 0.003592 2.759289 -1.485209
v 0.003592 2.990534 -1.377172
v 0.003592 2.759289 -1.269134
v 0.003592 2.528044 -1.377172
v 0.003592 1.550810 -0.920610
v 0.003592 1.782055 -1.028647
v 0.003592 2.013300 -0.920610
v 0.003592 1.782055 -0.812572
v 0.003592 1.456311 -1.485209
v 0.003592 1.687555 -1.377172
v 0.003592 1.456311 -1.269134
v 0.003592 1.225066 -1.377172
v 0.003592 0.899321 -0.920610
v 0.003592 1.130566 -1.028647
v 0.003592 1.361811 -0.920610
v 0.003592 1.130566 -0.812572
v 0.003592 3.316278 -1.224984
v 0.003592 3.085033 -1.116947
v 0.003592 2.853789 -1.224984
v 0.003592 3.085033 -1.333021
v 0.003592 3.370778 -1.770896
v 0.003592 3.450778 -1.529359
v 0.003592 3.370778 -1.592197
v 0.003592 3.179533 -1.681546
v 0.003592 1.361811 -1.529359
v 0.003592 1.130566 -1.421322
v 0.003592 0.899321 -1.529359
v 0.003592 1.130566 -1.637396
v 0.003592 3.370778 -1.466521
v 0.003592 3.450778 -1.224984
v 0.003592 3.370778 -1.287822
v 0.003592 3.179533 -1.377172
v 0.003592 2.664789 -1.224984
v 0.003592 2.433544 -1.116947
v 0.003592 2.202300 -1.224984
v 0.003592 2.433544 -1.333021
v 0.003592 3.370778 -1.162146
v 0.003592 3.370778 -0.983448
v 0.003592 3.179533 -1.072797
vn -0.7071 0.2993 -0.6406
vn 0.7071 0.2993 -0.6406
vn -0.7071 -0.2993 -0.6406
vn 0.7071 -0.2993 -0.6406
vn -0.7071 -0.2993 0.6406
vn 0.7071 -0.2993 0.6406
vn -0.7071 0.2993 0.6406
vn 0.7071 0.2993 0.6406
vn -0.7071 -0.0000 0.7071
vn 0.7071 -0.0000 0.7071
vn -0.7071 -0.0000 -0.7071
vn 0.7071 -0.0000 -0.7071
vn -0.7071 0.7071 -0.0000
vn 0.7071 0.7071 -0.0000
vn -0.7071 -0.7071 -0.0000
vn 0.7071 -0.7071 -0.0000
vt 0.925263 0.251567
vt 0.925184 0.245905
vt 0.934620 0.263460
vt 0.931264 0.263460
vt 0.931021 0.399822
vt 0.934377 0.399823
vt 0.924937 0.417375
vt 0.925018 0.411714
vt 0.925251 0.281008
vt 0.925309 0.275350
vt 0.925068 0.387931
vt 0.925011 0.382272
vt 0.916266 0.263463
vt 0.919582 0.263462
vt 0.919339 0.399818
vt 0.916022 0.399817
vt 0.965907 0.245923
vt 0.962510 0.245922
vt 0.971427 0.228361
vt 0.971600 0.234020
vt 0.971349 0.429270
vt 0.971176 0.434928
vt 0.962262 0.417368
vt 0.965659 0.417367
vt 0.981482 0.245933
vt 0.977981 0.245930
vt 0.977731 0.417365
vt 0.981233 0.417364
vt 0.971413 0.263488
vt 0.971590 0.257831
vt 0.971344 0.405462
vt 0.971168 0.399805
vt 0.909618 0.306232
vt 0.907138 0.316228
vt 0.906219 0.281043
vt 0.909195 0.290919
vt 0.908960 0.372352
vt 0.905978 0.382226
vt 0.906919 0.347041
vt 0.909393 0.357039
vt 0.903255 0.281069
vt 0.904319 0.318749
vt 0.904102 0.344517
vt 0.903014 0.382200
vt 0.916648 0.298424
vt 0.913191 0.298497
vt 0.912961 0.364776
vt 0.916417 0.364851
vt 0.908978 0.271113
vt 0.906212 0.245893
vt 0.908952 0.255815
vt 0.908731 0.407454
vt 0.905967 0.417379
vt 0.908713 0.392154
vt 0.903255 0.245892
vt 0.903010 0.417379
vt 0.912781 0.263464
vt 0.912537 0.399811
vt 0.908984 0.235970
vt 0.906249 0.210740
vt 0.908976 0.220670
vt 0.908723 0.442602
vt 0.905992 0.452529
vt 0.908735 0.427303
vt 0.903285 0.210710
vt 0.903028 0.452557
vt 0.916281 0.228339
vt 0.912795 0.228330
vt 0.912544 0.434944
vt 0.916029 0.434937
vt 0.909261 0.200865
vt 0.907221 0.175554
vt 0.909663 0.185550
vt 0.909411 0.477714
vt 0.906938 0.487712
vt 0.908975 0.462402
vt 0.904406 0.173027
vt 0.904121 0.490236
vt 0.916700 0.193380
vt 0.913245 0.193298
vt 0.912978 0.469977
vt 0.916434 0.469902
vt 0.925571 0.180763
vt 0.925496 0.174827
vt 0.934769 0.193221
vt 0.931459 0.193155
vt 0.931196 0.470131
vt 0.934507 0.470065
vt 0.925207 0.488467
vt 0.925290 0.482528
vt 0.925282 0.210803
vt 0.925420 0.205132
vt 0.925160 0.458151
vt 0.925025 0.452479
vt 0.919955 0.193257
vt 0.919688 0.470027
vt 0.977945 0.210803
vt 0.981472 0.210777
vt 0.971586 0.222708
vt 0.971334 0.440582
vt 0.981219 0.452522
vt 0.977690 0.452494
vt 0.962441 0.210818
vt 0.965834 0.210827
vt 0.965579 0.452462
vt 0.962185 0.452471
vt 0.971043 0.193403
vt 0.971321 0.199011
vt 0.971059 0.464281
vt 0.970777 0.469889
vt 0.966443 0.177463
vt 0.962280 0.174830
vt 0.980550 0.175590
vt 0.976275 0.177932
vt 0.975994 0.485363
vt 0.980267 0.487709
vt 0.961993 0.488448
vt 0.966159 0.485820
vt 0.983369 0.173067
vt 0.962360 0.171847
vt 0.962072 0.491434
vt 0.983083 0.490235
vt 0.971165 0.187727
vt 0.970893 0.475564
vt 0.978094 0.185583
vt 0.978473 0.200898
vt 0.978211 0.462399
vt 0.977819 0.477714
vt 0.984436 0.210751
vt 0.984182 0.452550
vt 0.974499 0.193326
vt 0.974232 0.469969
vt 0.962431 0.240260
vt 0.953073 0.228367
vt 0.956429 0.228366
vt 0.956177 0.434922
vt 0.952821 0.434921
vt 0.962181 0.423030
vt 0.962383 0.216476
vt 0.962128 0.446812
vt 0.968111 0.228363
vt 0.967859 0.434926
vt 0.947230 0.245915
vt 0.943847 0.245913
vt 0.953105 0.234024
vt 0.952854 0.429264
vt 0.943599 0.417372
vt 0.946982 0.417371
vt 0.959108 0.245920
vt 0.958859 0.417369
vt 0.953058 0.263468
vt 0.953095 0.257812
vt 0.952850 0.405476
vt 0.952814 0.399819
vt 0.978430 0.290964
vt 0.981443 0.281089
vt 0.980468 0.316277
vt 0.978027 0.306280
vt 0.977802 0.357016
vt 0.980250 0.347021
vt 0.981203 0.382207
vt 0.978195 0.372331
vt 0.983283 0.318803
vt 0.984407 0.281119
vt 0.984167 0.382179
vt 0.983066 0.344496
vt 0.970990 0.298449
vt 0.974445 0.298531
vt 0.974214 0.364762
vt 0.970758 0.364843
vt 0.976196 0.313927
vt 0.962193 0.317002
vt 0.966361 0.314378
vt 0.966144 0.348907
vt 0.961978 0.346278
vt 0.975977 0.349367
vt 0.962271 0.319989
vt 0.962055 0.343295
vt 0.971102 0.304125
vt 0.970875 0.359166
vt 0.909714 0.245896
vt 0.916103 0.233996
vt 0.915854 0.429280
vt 0.909468 0.417378
vt 0.921787 0.245903
vt 0.921540 0.417376
vt 0.916094 0.257805
vt 0.915849 0.405474
vt 0.978710 0.255857
vt 0.978716 0.271158
vt 0.978473 0.392137
vt 0.978463 0.407439
vt 0.984439 0.245934
vt 0.984190 0.417363
vt 0.974898 0.263497
vt 0.974653 0.399797
vt 0.978714 0.220709
vt 0.978741 0.236010
vt 0.978467 0.427290
vt 0.978485 0.442593
vt 0.974913 0.228360
vt 0.974661 0.434934
vt 0.943827 0.286730
vt 0.943830 0.281044
vt 0.952921 0.298607
vt 0.949614 0.298692
vt 0.949380 0.364597
vt 0.952686 0.364681
vt 0.943591 0.382242
vt 0.943590 0.376557
vt 0.943799 0.317043
vt 0.943806 0.311117
vt 0.943585 0.352178
vt 0.943584 0.346255
vt 0.934721 0.298601
vt 0.938026 0.298688
vt 0.937794 0.364599
vt 0.934489 0.364684
vt 0.925335 0.216461
vt 0.934636 0.228359
vt 0.931280 0.228355
vt 0.931028 0.434927
vt 0.934384 0.434924
vt 0.925080 0.446820
vt 0.925268 0.240243
vt 0.925020 0.423037
vt 0.919597 0.228343
vt 0.919346 0.434934
vt 0.921245 0.314362
vt 0.925407 0.316996
vt 0.911413 0.313888
vt 0.911193 0.349383
vt 0.925190 0.346285
vt 0.921025 0.348916
vt 0.925326 0.319979
vt 0.925110 0.343298
vt 0.916524 0.304099
vt 0.916298 0.359176
vt 0.947195 0.281043
vt 0.953076 0.269132
vt 0.952834 0.394156
vt 0.946957 0.382244
vt 0.962410 0.281025
vt 0.959020 0.281030
vt 0.958782 0.382259
vt 0.962171 0.382265
vt 0.952982 0.292943
vt 0.952745 0.370345
vt 0.943844 0.251574
vt 0.949706 0.263470
vt 0.949463 0.399817
vt 0.943598 0.411712
vt 0.943833 0.275377
vt 0.943592 0.387909
vt 0.937972 0.263465
vt 0.937728 0.399819
vt 0.939565 0.314486
vt 0.929660 0.314522
vt 0.929441 0.348763
vt 0.939347 0.348808
vt 0.943797 0.320003
vt 0.943585 0.343294
vt 0.934686 0.304349
vt 0.934459 0.358938
vt 0.928586 0.245906
vt 0.934599 0.234016
vt 0.934348 0.429267
vt 0.928340 0.417375
vt 0.940464 0.245912
vt 0.940217 0.417373
vt 0.934588 0.257803
vt 0.934344 0.405480
vt 0.957930 0.314466
vt 0.948025 0.314548
vt 0.947822 0.348806
vt 0.957727 0.348757
vt 0.952946 0.304354
vt 0.952714 0.358934
vt 0.965804 0.281019
vt 0.971566 0.269143
vt 0.971324 0.394151
vt 0.965564 0.382272
vt 0.977915 0.281059
vt 0.977675 0.382236
vt 0.971276 0.292842
vt 0.971042 0.370450
vt 0.962309 0.205147
vt 0.952969 0.193226
vt 0.956281 0.193163
vt 0.956018 0.470123
vt 0.952708 0.470059
vt 0.962050 0.458142
vt 0.962194 0.180770
vt 0.961914 0.482511
vt 0.967788 0.193276
vt 0.967523 0.470014
vt 0.909747 0.281019
vt 0.916107 0.269116
vt 0.915864 0.394163
vt 0.909506 0.382253
vt 0.921857 0.280998
vt 0.921617 0.382281
vt 0.916369 0.292815
vt 0.916136 0.370460
vt 0.947227 0.210787
vt 0.943862 0.210783
vt 0.953024 0.198891
vt 0.952765 0.464395
vt 0.943604 0.452502
vt 0.946970 0.452499
vt 0.959052 0.210810
vt 0.958795 0.452478
vt 0.953097 0.222703
vt 0.952843 0.440584
vt 0.909777 0.210770
vt 0.916415 0.198987
vt 0.916152 0.464293
vt 0.909520 0.452502
vt 0.921888 0.210809
vt 0.921631 0.452471
vt 0.916126 0.222685
vt 0.915873 0.440591
vt 0.928671 0.210798
vt 0.934709 0.198885
vt 0.934449 0.464401
vt 0.928414 0.452484
vt 0.940496 0.210785
vt 0.940239 0.452500
vt 0.934616 0.222696
vt 0.934363 0.440588
vt 0.962357 0.275367
vt 0.956414 0.263472
vt 0.956170 0.399817
vt 0.962116 0.387923
vt 0.962426 0.251583
vt 0.962179 0.411707
vt 0.968096 0.263484
vt 0.967852 0.399808
vt 0.928640 0.281016
vt 0.934596 0.269123
vt 0.934354 0.394160
vt 0.928400 0.382266
vt 0.940464 0.281040
vt 0.940226 0.382246
vt 0.934666 0.292936
vt 0.934432 0.370348
vt 0.962118 0.311065
vt 0.956231 0.298674
vt 0.955998 0.364614
vt 0.961898 0.352217
vt 0.962272 0.286696
vt 0.962035 0.376593
vt 0.967735 0.298572
vt 0.967504 0.364718
vt 0.943883 0.180711
vt 0.943889 0.174785
vt 0.949664 0.193140
vt 0.949401 0.470146
vt 0.943599 0.488501
vt 0.943602 0.482575
vt 0.943864 0.205098
vt 0.943605 0.458188
vt 0.938076 0.193136
vt 0.937813 0.470150
vt 0.911493 0.177903
vt 0.921328 0.177451
vt 0.921043 0.485836
vt 0.911211 0.485370
vt 0.925418 0.171840
vt 0.925129 0.491450
vt 0.916588 0.187705
vt 0.916315 0.475577
vt 0.925382 0.286680
vt 0.931409 0.298665
vt 0.931177 0.364619
vt 0.925145 0.376600
vt 0.925494 0.311057
vt 0.925272 0.352224
vt 0.919902 0.298552
vt 0.919671 0.364726
vt 0.929759 0.177362
vt 0.939663 0.177280
vt 0.939363 0.485946
vt 0.929459 0.485990
vt 0.943891 0.171825
vt 0.943599 0.491461
vt 0.934744 0.187474
vt 0.934477 0.475813
vt 0.943859 0.216450
vt 0.949722 0.228362
vt 0.949470 0.434925
vt 0.943604 0.446835
vt 0.943849 0.240253
vt 0.943600 0.423032
vt 0.937987 0.228356
vt 0.937735 0.434927
vt 0.948123 0.177342
vt 0.958028 0.177305
vt 0.957728 0.485915
vt 0.947823 0.486003
vt 0.953003 0.187478
vt 0.952737 0.475806
vt 0.813403 0.144770
vt 0.819415 0.132882
vt 0.822771 0.132885
vt 0.813319 0.150432
vt 0.721050 0.168476
vt 0.715047 0.156582
vt 0.714968 0.150921
vt 0.724406 0.168475
vt 0.813472 0.120986
vt 0.813419 0.115328
vt 0.715096 0.180365
vt 0.715038 0.186024
vt 0.807734 0.132868
vt 0.804417 0.132864
vt 0.709367 0.168477
vt 0.706051 0.168478
vt 0.854042 0.150450
vt 0.859725 0.162357
vt 0.859548 0.168014
vt 0.850645 0.150449
vt 0.761382 0.139034
vt 0.755689 0.150935
vt 0.752292 0.150934
vt 0.761209 0.133377
vt 0.866115 0.150458
vt 0.869617 0.150460
vt 0.767761 0.150940
vt 0.771263 0.150941
vt 0.859736 0.138548
vt 0.859563 0.132889
vt 0.761373 0.162840
vt 0.761196 0.168498
vt 0.797789 0.090079
vt 0.797396 0.105395
vt 0.794388 0.115271
vt 0.795341 0.080085
vt 0.698986 0.195941
vt 0.699421 0.211254
vt 0.696948 0.221252
vt 0.696004 0.186067
vt 0.791424 0.115242
vt 0.792525 0.077559
vt 0.694131 0.223776
vt 0.693040 0.186094
vt 0.801377 0.097825
vt 0.804833 0.097906
vt 0.702987 0.203517
vt 0.706443 0.203442
vt 0.797137 0.125205
vt 0.797096 0.140506
vt 0.794347 0.150427
vt 0.698761 0.160840
vt 0.698740 0.176140
vt 0.695997 0.150914
vt 0.791389 0.150425
vt 0.693040 0.150913
vt 0.800932 0.132860
vt 0.702566 0.168484
vt 0.797110 0.160353
vt 0.797090 0.175654
vt 0.794354 0.185583
vt 0.698758 0.125689
vt 0.698767 0.140990
vt 0.696029 0.115759
vt 0.791391 0.185610
vt 0.693066 0.115731
vt 0.800915 0.167997
vt 0.804401 0.167991
vt 0.702578 0.133349
vt 0.706063 0.133357
vt 0.797359 0.195460
vt 0.797748 0.210776
vt 0.795299 0.220771
vt 0.699431 0.090569
vt 0.699038 0.105883
vt 0.696983 0.080573
vt 0.792482 0.223296
vt 0.694167 0.078048
vt 0.801337 0.203031
vt 0.804793 0.202952
vt 0.703018 0.098315
vt 0.706475 0.098395
vt 0.813653 0.215576
vt 0.819551 0.203189
vt 0.822861 0.203125
vt 0.813573 0.221512
vt 0.721236 0.098167
vt 0.715334 0.085770
vt 0.715253 0.079830
vt 0.724548 0.098234
vt 0.813521 0.191207
vt 0.813388 0.185535
vt 0.715198 0.110146
vt 0.715062 0.115818
vt 0.808047 0.203077
vt 0.709729 0.098271
vt 0.866052 0.185582
vt 0.859702 0.173668
vt 0.869580 0.185611
vt 0.761368 0.127722
vt 0.767727 0.115812
vt 0.771256 0.115784
vt 0.853941 0.185545
vt 0.850548 0.185552
vt 0.755616 0.115841
vt 0.752222 0.115832
vt 0.859418 0.197367
vt 0.859134 0.202974
vt 0.761098 0.104023
vt 0.760817 0.098416
vt 0.854521 0.218911
vt 0.864354 0.218450
vt 0.868626 0.220796
vt 0.850356 0.221539
vt 0.766037 0.082943
vt 0.756202 0.082484
vt 0.752036 0.079857
vt 0.770310 0.080597
vt 0.871443 0.223321
vt 0.850433 0.224523
vt 0.752116 0.076870
vt 0.773127 0.078072
vt 0.859252 0.208651
vt 0.760934 0.092741
vt 0.866179 0.210801
vt 0.866571 0.195487
vt 0.768250 0.105907
vt 0.767861 0.090592
vt 0.872544 0.185640
vt 0.774219 0.115757
vt 0.862591 0.203055
vt 0.764272 0.098337
vt 0.850561 0.156110
vt 0.844549 0.167998
vt 0.841193 0.167995
vt 0.746211 0.133380
vt 0.752212 0.145273
vt 0.742854 0.133381
vt 0.850494 0.179893
vt 0.752164 0.121491
vt 0.856231 0.168010
vt 0.757893 0.133378
vt 0.835365 0.150442
vt 0.841230 0.162338
vt 0.831982 0.150440
vt 0.742887 0.139037
vt 0.737013 0.150929
vt 0.733630 0.150928
vt 0.847242 0.150447
vt 0.748890 0.150933
vt 0.841240 0.138551
vt 0.841208 0.132894
vt 0.742879 0.162825
vt 0.742843 0.168482
vt 0.866630 0.105433
vt 0.866198 0.090120
vt 0.868673 0.080122
vt 0.869610 0.115308
vt 0.767807 0.211277
vt 0.768245 0.195965
vt 0.771230 0.186093
vt 0.770278 0.221276
vt 0.871490 0.077598
vt 0.872574 0.115282
vt 0.774195 0.186121
vt 0.773095 0.223800
vt 0.862631 0.097856
vt 0.859175 0.097930
vt 0.764242 0.203539
vt 0.760785 0.203463
vt 0.864399 0.082465
vt 0.854564 0.082000
vt 0.850399 0.079370
vt 0.756174 0.219397
vt 0.766006 0.218932
vt 0.752009 0.222027
vt 0.850480 0.076384
vt 0.752087 0.225010
vt 0.859294 0.092257
vt 0.760903 0.209138
vt 0.797848 0.150427
vt 0.804228 0.162333
vt 0.705886 0.139014
vt 0.699498 0.150916
vt 0.809922 0.150431
vt 0.711571 0.150920
vt 0.804239 0.138522
vt 0.705878 0.162821
vt 0.866877 0.140538
vt 0.866851 0.125239
vt 0.768502 0.176164
vt 0.768492 0.160864
vt 0.872574 0.150461
vt 0.774220 0.150942
vt 0.863049 0.132889
vt 0.764682 0.168505
vt 0.866852 0.175682
vt 0.866845 0.160383
vt 0.768499 0.141014
vt 0.768520 0.125713
vt 0.863033 0.168023
vt 0.764694 0.133371
vt 0.832001 0.109624
vt 0.837800 0.097668
vt 0.841107 0.097755
vt 0.831998 0.115310
vt 0.739406 0.203708
vt 0.733616 0.191745
vt 0.733618 0.186059
vt 0.742712 0.203624
vt 0.832005 0.085237
vt 0.832004 0.079311
vt 0.733615 0.216132
vt 0.733616 0.222059
vt 0.826212 0.097661
vt 0.822907 0.097744
vt 0.727818 0.203702
vt 0.724511 0.203615
vt 0.813446 0.179877
vt 0.819400 0.167987
vt 0.822756 0.167987
vt 0.721061 0.133371
vt 0.715116 0.121476
vt 0.724417 0.133374
vt 0.813398 0.156094
vt 0.715051 0.145259
vt 0.807717 0.167989
vt 0.709379 0.133361
vt 0.809447 0.081969
vt 0.799614 0.082430
vt 0.813612 0.079340
vt 0.701221 0.218908
vt 0.711056 0.219372
vt 0.715222 0.222001
vt 0.813534 0.076357
vt 0.715140 0.224988
vt 0.804715 0.092229
vt 0.706325 0.209116
vt 0.835364 0.115314
vt 0.841233 0.127231
vt 0.742862 0.174145
vt 0.736984 0.186058
vt 0.847188 0.115339
vt 0.850577 0.115346
vt 0.748809 0.186044
vt 0.752198 0.186039
vt 0.841162 0.103419
vt 0.742771 0.197959
vt 0.831985 0.144780
vt 0.837857 0.132888
vt 0.739491 0.168484
vt 0.733628 0.156588
vt 0.831995 0.120977
vt 0.733620 0.180392
vt 0.826123 0.132883
vt 0.727757 0.168480
vt 0.827767 0.081864
vt 0.817863 0.081819
vt 0.719487 0.219469
vt 0.729392 0.219560
vt 0.832005 0.076351
vt 0.733616 0.225019
vt 0.822878 0.091996
vt 0.724481 0.209362
vt 0.816721 0.150434
vt 0.822724 0.162330
vt 0.724381 0.139031
vt 0.718370 0.150922
vt 0.828599 0.150439
vt 0.730247 0.150927
vt 0.822734 0.138542
vt 0.724373 0.162818
vt 0.846133 0.081902
vt 0.836228 0.081810
vt 0.737853 0.219505
vt 0.747758 0.219549
vt 0.841138 0.092009
vt 0.742741 0.209372
vt 0.853971 0.115356
vt 0.859722 0.127237
vt 0.761352 0.174152
vt 0.755592 0.186032
vt 0.866082 0.115333
vt 0.767703 0.186065
vt 0.859455 0.103539
vt 0.761069 0.197854
vt 0.850411 0.191223
vt 0.844373 0.203202
vt 0.841061 0.203135
vt 0.746059 0.098179
vt 0.752089 0.110161
vt 0.742748 0.098243
vt 0.850275 0.215600
vt 0.751957 0.085793
vt 0.855880 0.203099
vt 0.757563 0.098291
vt 0.797916 0.115300
vt 0.804263 0.127211
vt 0.705892 0.174132
vt 0.699533 0.186041
vt 0.810025 0.115334
vt 0.711644 0.186015
vt 0.804549 0.103513
vt 0.706162 0.197834
vt 0.835334 0.185569
vt 0.841121 0.197471
vt 0.831968 0.185571
vt 0.742804 0.103907
vt 0.737007 0.115802
vt 0.733642 0.115798
vt 0.847158 0.185557
vt 0.748833 0.115825
vt 0.841213 0.173658
vt 0.742878 0.127718
vt 0.797883 0.185556
vt 0.804511 0.197344
vt 0.706191 0.104003
vt 0.699557 0.115788
vt 0.809994 0.185526
vt 0.711668 0.115824
vt 0.804242 0.173645
vt 0.705908 0.127703
vt 0.816777 0.185543
vt 0.822806 0.197461
vt 0.724488 0.103898
vt 0.718451 0.115813
vt 0.828602 0.185566
vt 0.730276 0.115799
vt 0.822732 0.173650
vt 0.724397 0.127711
vt 0.850519 0.121005
vt 0.844564 0.132893
vt 0.746198 0.168485
vt 0.752144 0.180380
vt 0.850566 0.144787
vt 0.752208 0.156596
vt 0.856247 0.132891
vt 0.757880 0.168495
vt 0.816808 0.115323
vt 0.822752 0.127222
vt 0.724382 0.174138
vt 0.718427 0.186032
vt 0.828633 0.115311
vt 0.730253 0.186055
vt 0.822846 0.103409
vt 0.724456 0.197951
vt 0.850318 0.085306
vt 0.844417 0.097692
vt 0.746024 0.203691
vt 0.751927 0.216088
vt 0.850445 0.109675
vt 0.752061 0.191710
vt 0.855921 0.097804
vt 0.757531 0.203588
vt 0.831964 0.215643
vt 0.837755 0.203219
vt 0.831965 0.221568
vt 0.739442 0.098156
vt 0.733645 0.085726
vt 0.733644 0.079800
vt 0.831966 0.191256
vt 0.733644 0.110112
vt 0.826168 0.203213
vt 0.727854 0.098150
vt 0.799572 0.218425
vt 0.809407 0.218884
vt 0.711088 0.082459
vt 0.701255 0.082920
vt 0.813493 0.224498
vt 0.715176 0.076847
vt 0.804675 0.208627
vt 0.706357 0.092719
vt 0.813556 0.109657
vt 0.819595 0.097678
vt 0.721201 0.203679
vt 0.715171 0.191695
vt 0.813693 0.085280
vt 0.715302 0.216065
vt 0.808087 0.097781
vt 0.709697 0.203568
vt 0.817838 0.218980
vt 0.827742 0.219070
vt 0.729407 0.082354
vt 0.719503 0.082308
vt 0.831965 0.224529
vt 0.733644 0.076840
vt 0.822831 0.208872
vt 0.724519 0.092486
vt 0.831970 0.179904
vt 0.837842 0.167997
vt 0.739503 0.133376
vt 0.733640 0.121465
vt 0.831980 0.156100
vt 0.733632 0.145268
vt 0.826107 0.167992
vt 0.727769 0.133371
vt 0.836202 0.219015
vt 0.846106 0.219061
vt 0.747772 0.082388
vt 0.737867 0.082298
vt 0.841090 0.208883
vt 0.742778 0.092497
s 0
usemtl Windows
f 1103/1641/39 1059/1642/39 1087/1643/39 1104/1644/39
f 1104/1645/40 1088/1646/40 1060/1647/40 1103/1648/40
f 1104/1644/41 1087/1643/41 1053/1649/41 1105/1650/41
f 1105/1651/42 1054/1652/42 1088/1646/42 1104/1645/42
f 1105/1650/43 1053/1649/43 1085/1653/43 1106/1654/43
f 1106/1655/44 1086/1656/44 1054/1652/44 1105/1651/44
f 1106/1654/45 1085/1653/45 1059/1642/45 1103/1641/45
f 1103/1648/46 1060/1647/46 1086/1656/46 1106/1655/46
f 1107/1657/45 1063/1658/45 1077/1659/45 1108/1660/45
f 1108/1661/46 1078/1662/46 1064/1663/46 1107/1664/46
f 1108/1660/39 1077/1659/39 1049/1665/39 1109/1666/39
f 1109/1667/40 1050/1668/40 1078/1662/40 1108/1661/40
f 1109/1666/41 1049/1665/41 1075/1669/41 1110/1670/41
f 1110/1671/42 1076/1672/42 1050/1668/42 1109/1667/42
f 1110/1670/43 1075/1669/43 1063/1658/43 1107/1657/43
f 1107/1664/44 1064/1663/44 1076/1672/44 1110/1671/44
f 1111/1673/47 1021/1674/47 1035/1675/47 1114/1676/47
f 1114/1677/48 1036/1678/48 1022/1679/48 1111/1680/48
f 1113/1681/49 1035/1675/49 1021/1674/49 1112/1682/49
f 1112/1683/50 1022/1679/50 1036/1678/50 1113/1684/50
f 1114/1676/39 1035/1675/39 1079/1685/39 1115/1686/39
f 1115/1687/40 1080/1688/40 1036/1678/40 1114/1677/40
f 1115/1686/41 1079/1685/41 1021/1674/41 1111/1673/41
f 1111/1680/42 1022/1679/42 1080/1688/42 1115/1687/42
f 1116/1689/47 1035/1675/47 1037/1690/47 1118/1691/47
f 1118/1692/48 1038/1693/48 1036/1678/48 1116/1694/48
f 1117/1695/49 1037/1690/49 1035/1675/49 1113/1681/49
f 1113/1684/50 1036/1678/50 1038/1693/50 1117/1696/50
f 1118/1691/39 1037/1690/39 1085/1653/39 1119/1697/39
f 1119/1698/40 1086/1656/40 1038/1693/40 1118/1692/40
f 1119/1697/41 1085/1653/41 1035/1675/41 1116/1689/41
f 1116/1694/42 1036/1678/42 1086/1656/42 1119/1698/42
f 1120/1699/47 1037/1690/47 1039/1700/47 1122/1701/47
f 1122/1702/48 1040/1703/48 1038/1693/48 1120/1704/48
f 1121/1705/49 1039/1700/49 1037/1690/49 1117/1695/49
f 1117/1696/50 1038/1693/50 1040/1703/50 1121/1706/50
f 1122/1701/39 1039/1700/39 1091/1707/39 1123/1708/39
f 1123/1709/40 1092/1710/40 1040/1703/40 1122/1702/40
f 1123/1708/41 1091/1707/41 1037/1690/41 1120/1699/41
f 1120/1704/42 1038/1693/42 1092/1710/42 1123/1709/42
f 1124/1711/47 1039/1700/47 1023/1712/47 1126/1713/47
f 1126/1714/48 1024/1715/48 1040/1703/48 1124/1716/48
f 1125/1717/49 1023/1712/49 1039/1700/49 1121/1705/49
f 1121/1706/50 1040/1703/50 1024/1715/50 1125/1718/50
f 1126/1713/39 1023/1712/39 1097/1719/39 1127/1720/39
f 1127/1721/40 1098/1722/40 1024/1715/40 1126/1714/40
f 1127/1720/41 1097/1719/41 1039/1700/41 1124/1711/41
f 1124/1716/42 1040/1703/42 1098/1722/42 1127/1721/42
f 1128/1723/39 1041/1724/39 1099/1725/39 1129/1726/39
f 1129/1727/40 1100/1728/40 1042/1729/40 1128/1730/40
f 1129/1726/41 1099/1725/41 1065/1731/41 1130/1732/41
f 1130/1733/42 1066/1734/42 1100/1728/42 1129/1727/42
f 1130/1732/43 1065/1731/43 1097/1719/43 1131/1735/43
f 1131/1736/44 1098/1722/44 1066/1734/44 1130/1733/44
f 1131/1735/45 1097/1719/45 1041/1724/45 1128/1723/45
f 1128/1730/46 1042/1729/46 1098/1722/46 1131/1736/46
f 1132/1737/41 1047/1738/41 1077/1659/41 1133/1739/41
f 1133/1740/42 1078/1662/42 1048/1741/42 1132/1742/42
f 1133/1739/43 1077/1659/43 1069/1743/43 1134/1744/43
f 1134/1745/44 1070/1746/44 1078/1662/44 1133/1740/44
f 1134/1744/45 1069/1743/45 1071/1747/45 1135/1748/45
f 1135/1749/46 1072/1750/46 1070/1746/46 1134/1745/46
f 1135/1748/39 1071/1747/39 1047/1738/39 1132/1737/39
f 1132/1742/40 1048/1741/40 1072/1750/40 1135/1749/40
f 1136/1751/51 1045/1752/51 1027/1753/51 1139/1754/51
f 1139/1755/52 1028/1756/52 1046/1757/52 1136/1758/52
f 1138/1759/53 1027/1753/53 1045/1752/53 1137/1760/53
f 1137/1761/54 1046/1757/54 1028/1756/54 1138/1762/54
f 1139/1754/41 1027/1753/41 1071/1747/41 1140/1763/41
f 1140/1764/42 1072/1750/42 1028/1756/42 1139/1755/42
f 1140/1763/43 1071/1747/43 1045/1752/43 1136/1751/43
f 1136/1758/44 1046/1757/44 1072/1750/44 1140/1764/44
f 1141/1765/49 1027/1753/49 1047/1738/49 1143/1766/49
f 1143/1767/50 1048/1741/50 1028/1756/50 1141/1768/50
f 1142/1769/47 1047/1738/47 1027/1753/47 1138/1759/47
f 1138/1762/48 1028/1756/48 1048/1741/48 1142/1770/48
f 1143/1766/43 1047/1738/43 1071/1747/43 1144/1771/43
f 1144/1772/44 1072/1750/44 1048/1741/44 1143/1767/44
f 1144/1771/45 1071/1747/45 1027/1753/45 1141/1765/45
f 1141/1768/46 1028/1756/46 1072/1750/46 1144/1772/46
f 1145/1773/43 1063/1658/43 1095/1774/43 1146/1775/43
f 1146/1776/44 1096/1777/44 1064/1663/44 1145/1778/44
f 1146/1775/45 1095/1774/45 1069/1743/45 1147/1779/45
f 1147/1780/46 1070/1746/46 1096/1777/46 1146/1776/46
f 1147/1779/39 1069/1743/39 1077/1659/39 1148/1781/39
f 1148/1782/40 1078/1662/40 1070/1746/40 1147/1780/40
f 1148/1781/41 1077/1659/41 1063/1658/41 1145/1773/41
f 1145/1778/42 1064/1663/42 1078/1662/42 1148/1782/42
f 1149/1783/45 1061/1784/45 1095/1774/45 1150/1785/45
f 1150/1786/46 1096/1777/46 1062/1787/46 1149/1788/46
f 1150/1785/39 1095/1774/39 1063/1658/39 1151/1789/39
f 1151/1790/40 1064/1663/40 1096/1777/40 1150/1786/40
f 1151/1789/41 1063/1658/41 1089/1791/41 1152/1792/41
f 1152/1793/42 1090/1794/42 1064/1663/42 1151/1790/42
f 1152/1792/43 1089/1791/43 1061/1784/43 1149/1783/43
f 1149/1788/44 1062/1787/44 1090/1794/44 1152/1793/44
f 1153/1795/49 1051/1796/49 1025/1797/49 1156/1798/49
f 1156/1799/50 1026/1800/50 1052/1801/50 1153/1802/50
f 1155/1803/47 1025/1797/47 1051/1796/47 1154/1804/47
f 1154/1805/48 1052/1801/48 1026/1800/48 1155/1806/48
f 1156/1798/43 1025/1797/43 1073/1807/43 1157/1808/43
f 1157/1809/44 1074/1810/44 1026/1800/44 1156/1799/44
f 1157/1808/45 1073/1807/45 1051/1796/45 1153/1795/45
f 1153/1802/46 1052/1801/46 1074/1810/46 1157/1809/46
f 1158/1811/53 1025/1797/53 1029/1812/53 1160/1813/53
f 1160/1814/54 1030/1815/54 1026/1800/54 1158/1816/54
f 1159/1817/51 1029/1812/51 1025/1797/51 1155/1803/51
f 1155/1806/52 1026/1800/52 1030/1815/52 1159/1818/52
f 1160/1813/45 1029/1812/45 1073/1807/45 1161/1819/45
f 1161/1820/46 1074/1810/46 1030/1815/46 1160/1814/46
f 1161/1819/39 1073/1807/39 1025/1797/39 1158/1811/39
f 1158/1816/40 1026/1800/40 1074/1810/40 1161/1820/40
f 1162/1821/45 1037/1690/45 1091/1707/45 1163/1822/45
f 1163/1823/46 1092/1710/46 1038/1693/46 1162/1824/46
f 1163/1822/39 1091/1707/39 1059/1642/39 1164/1825/39
f 1164/1826/40 1060/1647/40 1092/1710/40 1163/1823/40
f 1164/1825/41 1059/1642/41 1085/1653/41 1165/1827/41
f 1165/1828/42 1086/1656/42 1060/1647/42 1164/1826/42
f 1165/1827/43 1085/1653/43 1037/1690/43 1162/1821/43
f 1162/1824/44 1038/1693/44 1086/1656/44 1165/1828/44
f 1166/1829/49 1049/1665/49 1051/1796/49 1168/1830/49
f 1168/1831/50 1052/1801/50 1050/1668/50 1166/1832/50
f 1154/1804/47 1051/1796/47 1049/1665/47 1167/1833/47
f 1167/1834/48 1050/1668/48 1052/1801/48 1154/1805/48
f 1168/1830/43 1051/1796/43 1075/1669/43 1169/1835/43
f 1169/1836/44 1076/1672/44 1052/1801/44 1168/1831/44
f 1169/1835/45 1075/1669/45 1049/1665/45 1166/1829/45
f 1166/1832/46 1050/1668/46 1076/1672/46 1169/1836/46
f 1170/1837/49 1047/1738/49 1049/1665/49 1171/1838/49
f 1171/1839/50 1050/1668/50 1048/1741/50 1170/1840/50
f 1167/1833/47 1049/1665/47 1047/1738/47 1142/1769/47
f 1142/1770/48 1048/1741/48 1050/1668/48 1167/1834/48
f 1171/1838/43 1049/1665/43 1077/1659/43 1172/1841/43
f 1172/1842/44 1078/1662/44 1050/1668/44 1171/1839/44
f 1172/1841/45 1077/1659/45 1047/1738/45 1170/1837/45
f 1170/1840/46 1048/1741/46 1078/1662/46 1172/1842/46
f 1173/1843/39 1055/1844/39 1083/1845/39 1174/1846/39
f 1174/1847/40 1084/1848/40 1056/1849/40 1173/1850/40
f 1174/1846/41 1083/1845/41 1031/1851/41 1175/1852/41
f 1175/1853/42 1032/1854/42 1084/1848/42 1174/1847/42
f 1175/1852/43 1031/1851/43 1081/1855/43 1176/1856/43
f 1176/1857/44 1082/1858/44 1032/1854/44 1175/1853/44
f 1176/1856/45 1081/1855/45 1055/1844/45 1173/1843/45
f 1173/1850/46 1056/1849/46 1082/1858/46 1176/1857/46
f 1177/1859/39 1065/1731/39 1093/1860/39 1178/1861/39
f 1178/1862/40 1094/1863/40 1066/1734/40 1177/1864/40
f 1178/1861/41 1093/1860/41 1059/1642/41 1179/1865/41
f 1179/1866/42 1060/1647/42 1094/1863/42 1178/1862/42
f 1179/1865/43 1059/1642/43 1091/1707/43 1180/1867/43
f 1180/1868/44 1092/1710/44 1060/1647/44 1179/1866/44
f 1180/1867/45 1091/1707/45 1065/1731/45 1177/1859/45
f 1177/1864/46 1066/1734/46 1092/1710/46 1180/1868/46
f 1181/1869/53 1033/1870/53 1021/1674/53 1183/1871/53
f 1183/1872/54 1022/1679/54 1034/1873/54 1181/1874/54
f 1112/1682/51 1021/1674/51 1033/1870/51 1182/1875/51
f 1182/1876/52 1034/1873/52 1022/1679/52 1112/1683/52
f 1183/1871/45 1021/1674/45 1079/1685/45 1184/1877/45
f 1184/1878/46 1080/1688/46 1022/1679/46 1183/1872/46
f 1184/1877/39 1079/1685/39 1033/1870/39 1181/1869/39
f 1181/1874/40 1034/1873/40 1080/1688/40 1184/1878/40
f 1185/1879/45 1055/1844/45 1089/1791/45 1186/1880/45
f 1186/1881/46 1090/1794/46 1056/1849/46 1185/1882/46
f 1186/1880/39 1089/1791/39 1057/1883/39 1187/1884/39
f 1187/1885/40 1058/1886/40 1090/1794/40 1186/1881/40
f 1187/1884/41 1057/1883/41 1083/1845/41 1188/1887/41
f 1188/1888/42 1084/1848/42 1058/1886/42 1187/1885/42
f 1188/1887/43 1083/1845/43 1055/1844/43 1185/1879/43
f 1185/1882/44 1056/1849/44 1084/1848/44 1188/1888/44
f 1189/1889/39 1061/1784/39 1089/1791/39 1190/1890/39
f 1190/1891/40 1090/1794/40 1062/1787/40 1189/1892/40
f 1190/1890/41 1089/1791/41 1055/1844/41 1191/1893/41
f 1191/1894/42 1056/1849/42 1090/1794/42 1190/1891/42
f 1191/1893/43 1055/1844/43 1087/1643/43 1192/1895/43
f 1192/1896/44 1088/1646/44 1056/1849/44 1191/1894/44
f 1192/1895/45 1087/1643/45 1061/1784/45 1189/1889/45
f 1189/1892/46 1062/1787/46 1088/1646/46 1192/1896/46
f 1193/1897/53 1031/1851/53 1033/1870/53 1195/1898/53
f 1195/1899/54 1034/1873/54 1032/1854/54 1193/1900/54
f 1182/1875/51 1033/1870/51 1031/1851/51 1194/1901/51
f 1194/1902/52 1032/1854/52 1034/1873/52 1182/1876/52
f 1195/1898/45 1033/1870/45 1081/1855/45 1196/1903/45
f 1196/1904/46 1082/1858/46 1034/1873/46 1195/1899/46
f 1196/1903/39 1081/1855/39 1031/1851/39 1193/1897/39
f 1193/1900/40 1032/1854/40 1082/1858/40 1196/1904/40
f 1197/1905/45 1059/1642/45 1093/1860/45 1198/1906/45
f 1198/1907/46 1094/1863/46 1060/1647/46 1197/1908/46
f 1198/1906/39 1093/1860/39 1061/1784/39 1199/1909/39
f 1199/1910/40 1062/1787/40 1094/1863/40 1198/1907/40
f 1199/1909/41 1061/1784/41 1087/1643/41 1200/1911/41
f 1200/1912/42 1088/1646/42 1062/1787/42 1199/1910/42
f 1200/1911/43 1087/1643/43 1059/1642/43 1197/1905/43
f 1197/1908/44 1060/1647/44 1088/1646/44 1200/1912/44
f 1201/1913/53 1029/1812/53 1031/1851/53 1202/1914/53
f 1202/1915/54 1032/1854/54 1030/1815/54 1201/1916/54
f 1194/1901/51 1031/1851/51 1029/1812/51 1159/1817/51
f 1159/1818/52 1030/1815/52 1032/1854/52 1194/1902/52
f 1202/1914/45 1031/1851/45 1083/1845/45 1203/1917/45
f 1203/1918/46 1084/1848/46 1032/1854/46 1202/1915/46
f 1203/1917/39 1083/1845/39 1029/1812/39 1201/1913/39
f 1201/1916/40 1030/1815/40 1084/1848/40 1203/1918/40
f 1204/1919/45 1057/1883/45 1075/1669/45 1205/1920/45
f 1205/1921/46 1076/1672/46 1058/1886/46 1204/1922/46
f 1205/1920/39 1075/1669/39 1051/1796/39 1206/1923/39
f 1206/1924/40 1052/1801/40 1076/1672/40 1205/1921/40
f 1206/1923/41 1051/1796/41 1073/1807/41 1207/1925/41
f 1207/1926/42 1074/1810/42 1052/1801/42 1206/1924/42
f 1207/1925/43 1073/1807/43 1057/1883/43 1204/1919/43
f 1204/1922/44 1058/1886/44 1074/1810/44 1207/1926/44
f 1208/1927/43 1069/1743/43 1101/1928/43 1209/1929/43
f 1209/1930/44 1102/1931/44 1070/1746/44 1208/1932/44
f 1209/1929/45 1101/1928/45 1045/1752/45 1210/1933/45
f 1210/1934/46 1046/1757/46 1102/1931/46 1209/1930/46
f 1210/1933/39 1045/1752/39 1071/1747/39 1211/1935/39
f 1211/1936/40 1072/1750/40 1046/1757/40 1210/1934/40
f 1211/1935/41 1071/1747/41 1069/1743/41 1208/1927/41
f 1208/1932/42 1070/1746/42 1072/1750/42 1211/1936/42
f 1212/1937/45 1035/1675/45 1085/1653/45 1213/1938/45
f 1213/1939/46 1086/1656/46 1036/1678/46 1212/1940/46
f 1213/1938/39 1085/1653/39 1053/1649/39 1214/1941/39
f 1214/1942/40 1054/1652/40 1086/1656/40 1213/1939/40
f 1214/1941/41 1053/1649/41 1079/1685/41 1215/1943/41
f 1215/1944/42 1080/1688/42 1054/1652/42 1214/1942/42
f 1215/1943/43 1079/1685/43 1035/1675/43 1212/1937/43
f 1212/1940/44 1036/1678/44 1080/1688/44 1215/1944/44
f 1216/1945/45 1067/1946/45 1101/1928/45 1217/1947/45
f 1217/1948/46 1102/1931/46 1068/1949/46 1216/1950/46
f 1217/1947/39 1101/1928/39 1069/1743/39 1218/1951/39
f 1218/1952/40 1070/1746/40 1102/1931/40 1217/1948/40
f 1218/1951/41 1069/1743/41 1095/1774/41 1219/1953/41
f 1219/1954/42 1096/1777/42 1070/1746/42 1218/1952/42
f 1219/1953/43 1095/1774/43 1067/1946/43 1216/1945/43
f 1216/1950/44 1068/1949/44 1096/1777/44 1219/1954/44
f 1220/1955/45 1039/1700/45 1097/1719/45 1221/1956/45
f 1221/1957/46 1098/1722/46 1040/1703/46 1220/1958/46
f 1221/1956/39 1097/1719/39 1065/1731/39 1222/1959/39
f 1222/1960/40 1066/1734/40 1098/1722/40 1221/1957/40
f 1222/1959/41 1065/1731/41 1091/1707/41 1223/1961/41
f 1223/1962/42 1092/1710/42 1066/1734/42 1222/1960/42
f 1223/1961/43 1091/1707/43 1039/1700/43 1220/1955/43
f 1220/1958/44 1040/1703/44 1092/1710/44 1223/1962/44
f 1224/1963/45 1065/1731/45 1099/1725/45 1225/1964/45
f 1225/1965/46 1100/1728/46 1066/1734/46 1224/1966/46
f 1225/1964/39 1099/1725/39 1067/1946/39 1226/1967/39
f 1226/1968/40 1068/1949/40 1100/1728/40 1225/1965/40
f 1226/1967/41 1067/1946/41 1093/1860/41 1227/1969/41
f 1227/1970/42 1094/1863/42 1068/1949/42 1226/1968/42
f 1227/1969/43 1093/1860/43 1065/1731/43 1224/1963/43
f 1224/1966/44 1066/1734/44 1094/1863/44 1227/1970/44
f 1228/1971/43 1057/1883/43 1089/1791/43 1229/1972/43
f 1229/1973/44 1090/1794/44 1058/1886/44 1228/1974/44
f 1229/1972/45 1089/1791/45 1063/1658/45 1230/1975/45
f 1230/1976/46 1064/1663/46 1090/1794/46 1229/1973/46
f 1230/1975/39 1063/1658/39 1075/1669/39 1231/1977/39
f 1231/1978/40 1076/1672/40 1064/1663/40 1230/1976/40
f 1231/1977/41 1075/1669/41 1057/1883/41 1228/1971/41
f 1228/1974/42 1058/1886/42 1076/1672/42 1231/1978/42
f 1232/1979/45 1053/1649/45 1087/1643/45 1233/1980/45
f 1233/1981/46 1088/1646/46 1054/1652/46 1232/1982/46
f 1233/1980/39 1087/1643/39 1055/1844/39 1234/1983/39
f 1234/1984/40 1056/1849/40 1088/1646/40 1233/1981/40
f 1234/1983/41 1055/1844/41 1081/1855/41 1235/1985/41
f 1235/1986/42 1082/1858/42 1056/1849/42 1234/1984/42
f 1235/1985/43 1081/1855/43 1053/1649/43 1232/1979/43
f 1232/1982/44 1054/1652/44 1082/1858/44 1235/1986/44
f 1236/1987/43 1029/1812/43 1083/1845/43 1237/1988/43
f 1237/1989/44 1084/1848/44 1030/1815/44 1236/1990/44
f 1237/1988/45 1083/1845/45 1057/1883/45 1238/1991/45
f 1238/1992/46 1058/1886/46 1084/1848/46 1237/1989/46
f 1238/1991/39 1057/1883/39 1073/1807/39 1239/1993/39
f 1239/1994/40 1074/1810/40 1058/1886/40 1238/1992/40
f 1239/1993/41 1073/1807/41 1029/1812/41 1236/1987/41
f 1236/1990/42 1030/1815/42 1074/1810/42 1239/1994/42
f 1240/1995/39 1043/1996/39 1101/1928/39 1241/1997/39
f 1241/1998/40 1102/1931/40 1044/1999/40 1240/2000/40
f 1241/1997/41 1101/1928/41 1067/1946/41 1242/2001/41
f 1242/2002/42 1068/1949/42 1102/1931/42 1241/1998/42
f 1242/2001/43 1067/1946/43 1099/1725/43 1243/2003/43
f 1243/2004/44 1100/1728/44 1068/1949/44 1242/2002/44
f 1243/2003/45 1099/1725/45 1043/1996/45 1240/1995/45
f 1240/2000/46 1044/1999/46 1100/1728/46 1243/2004/46
f 1244/2005/51 1023/1712/51 1041/1724/51 1246/2006/51
f 1246/2007/52 1042/1729/52 1024/1715/52 1244/2008/52
f 1245/2009/53 1041/1724/53 1023/1712/53 1125/1717/53
f 1125/1718/54 1024/1715/54 1042/1729/54 1245/2010/54
f 1246/2006/41 1041/1724/41 1097/1719/41 1247/2011/41
f 1247/2012/42 1098/1722/42 1042/1729/42 1246/2007/42
f 1247/2011/43 1097/1719/43 1023/1712/43 1244/2005/43
f 1244/2008/44 1024/1715/44 1098/1722/44 1247/2012/44
f 1248/2013/39 1053/1649/39 1081/1855/39 1249/2014/39
f 1249/2015/40 1082/1858/40 1054/1652/40 1248/2016/40
f 1249/2014/41 1081/1855/41 1033/1870/41 1250/2017/41
f 1250/2018/42 1034/1873/42 1082/1858/42 1249/2015/42
f 1250/2017/43 1033/1870/43 1079/1685/43 1251/2019/43
f 1251/2020/44 1080/1688/44 1034/1873/44 1250/2018/44
f 1251/2019/45 1079/1685/45 1053/1649/45 1248/2013/45
f 1248/2016/46 1054/1652/46 1080/1688/46 1251/2020/46
f 1252/2021/51 1041/1724/51 1043/1996/51 1254/2022/51
f 1254/2023/52 1044/1999/52 1042/1729/52 1252/2024/52
f 1253/2025/53 1043/1996/53 1041/1724/53 1245/2009/53
f 1245/2010/54 1042/1729/54 1044/1999/54 1253/2026/54
f 1254/2022/41 1043/1996/41 1099/1725/41 1255/2027/41
f 1255/2028/42 1100/1728/42 1044/1999/42 1254/2023/42
f 1255/2027/43 1099/1725/43 1041/1724/43 1252/2021/43
f 1252/2024/44 1042/1729/44 1100/1728/44 1255/2028/44
f 1256/2029/39 1067/1946/39 1095/1774/39 1257/2030/39
f 1257/2031/40 1096/1777/40 1068/1949/40 1256/2032/40
f 1257/2030/41 1095/1774/41 1061/1784/41 1258/2033/41
f 1258/2034/42 1062/1787/42 1096/1777/42 1257/2031/42
f 1258/2033/43 1061/1784/43 1093/1860/43 1259/2035/43
f 1259/2036/44 1094/1863/44 1062/1787/44 1258/2034/44
f 1259/2035/45 1093/1860/45 1067/1946/45 1256/2029/45
f 1256/2032/46 1068/1949/46 1094/1863/46 1259/2036/46
f 1260/2037/51 1043/1996/51 1045/1752/51 1261/2038/51
f 1261/2039/52 1046/1757/52 1044/1999/52 1260/2040/52
f 1137/1760/53 1045/1752/53 1043/1996/53 1253/2025/53
f 1253/2026/54 1044/1999/54 1046/1757/54 1137/1761/54
f 1261/2038/41 1045/1752/41 1101/1928/41 1262/2041/41
f 1262/2042/42 1102/1931/42 1046/1757/42 1261/2039/42
f 1262/2041/43 1101/1928/43 1043/1996/43 1260/2037/43
f 1260/2040/44 1044/1999/44 1102/1931/44 1262/2042/44
f 1345/2043/41 1346/2044/41 1329/2045/41 1301/2046/41
f 1346/2047/42 1345/2048/42 1302/2049/42 1330/2050/42
f 1346/2044/39 1347/2051/39 1295/2052/39 1329/2045/39
f 1347/2053/40 1346/2047/40 1330/2050/40 1296/2054/40
f 1347/2051/45 1348/2055/45 1327/2056/45 1295/2052/45
f 1348/2057/46 1347/2053/46 1296/2054/46 1328/2058/46
f 1348/2055/43 1345/2043/43 1301/2046/43 1327/2056/43
f 1345/2048/44 1348/2057/44 1328/2058/44 1302/2049/44
f 1349/2059/43 1350/2060/43 1319/2061/43 1305/2062/43
f 1350/2063/44 1349/2064/44 1306/2065/44 1320/2066/44
f 1350/2060/41 1351/2067/41 1291/2068/41 1319/2061/41
f 1351/2069/42 1350/2063/42 1320/2066/42 1292/2070/42
f 1351/2067/39 1352/2071/39 1317/2072/39 1291/2068/39
f 1352/2073/40 1351/2069/40 1292/2070/40 1318/2074/40
f 1352/2071/45 1349/2059/45 1305/2062/45 1317/2072/45
f 1349/2064/46 1352/2073/46 1318/2074/46 1306/2065/46
f 1353/2075/47 1356/2076/47 1277/2077/47 1263/2078/47
f 1356/2079/48 1353/2080/48 1264/2081/48 1278/2082/48
f 1355/2083/49 1354/2084/49 1263/2078/49 1277/2077/49
f 1354/2085/50 1355/2086/50 1278/2082/50 1264/2081/50
f 1356/2076/41 1357/2087/41 1321/2088/41 1277/2077/41
f 1357/2089/42 1356/2079/42 1278/2082/42 1322/2090/42
f 1357/2087/39 1353/2075/39 1263/2078/39 1321/2088/39
f 1353/2080/40 1357/2089/40 1322/2090/40 1264/2081/40
f 1358/2091/47 1360/2092/47 1279/2093/47 1277/2077/47
f 1360/2094/48 1358/2095/48 1278/2082/48 1280/2096/48
f 1359/2097/49 1355/2083/49 1277/2077/49 1279/2093/49
f 1355/2086/50 1359/2098/50 1280/2096/50 1278/2082/50
f 1360/2092/41 1361/2099/41 1327/2056/41 1279/2093/41
f 1361/2100/42 1360/2094/42 1280/2096/42 1328/2058/42
f 1361/2099/39 1358/2091/39 1277/2077/39 1327/2056/39
f 1358/2095/40 1361/2100/40 1328/2058/40 1278/2082/40
f 1362/2101/47 1364/2102/47 1281/2103/47 1279/2093/47
f 1364/2104/48 1362/2105/48 1280/2096/48 1282/2106/48
f 1363/2107/49 1359/2097/49 1279/2093/49 1281/2103/49
f 1359/2098/50 1363/2108/50 1282/2106/50 1280/2096/50
f 1364/2102/41 1365/2109/41 1333/2110/41 1281/2103/41
f 1365/2111/42 1364/2104/42 1282/2106/42 1334/2112/42
f 1365/2109/39 1362/2101/39 1279/2093/39 1333/2110/39
f 1362/2105/40 1365/2111/40 1334/2112/40 1280/2096/40
f 1366/2113/47 1368/2114/47 1265/2115/47 1281/2103/47
f 1368/2116/48 1366/2117/48 1282/2106/48 1266/2118/48
f 1367/2119/49 1363/2107/49 1281/2103/49 1265/2115/49
f 1363/2108/50 1367/2120/50 1266/2118/50 1282/2106/50
f 1368/2114/41 1369/2121/41 1339/2122/41 1265/2115/41
f 1369/2123/42 1368/2116/42 1266/2118/42 1340/2124/42
f 1369/2121/39 1366/2113/39 1281/2103/39 1339/2122/39
f 1366/2117/40 1369/2123/40 1340/2124/40 1282/2106/40
f 1370/2125/41 1371/2126/41 1341/2127/41 1283/2128/41
f 1371/2129/42 1370/2130/42 1284/2131/42 1342/2132/42
f 1371/2126/39 1372/2133/39 1307/2134/39 1341/2127/39
f 1372/2135/40 1371/2129/40 1342/2132/40 1308/2136/40
f 1372/2133/45 1373/2137/45 1339/2122/45 1307/2134/45
f 1373/2138/46 1372/2135/46 1308/2136/46 1340/2124/46
f 1373/2137/43 1370/2125/43 1283/2128/43 1339/2122/43
f 1370/2130/44 1373/2138/44 1340/2124/44 1284/2131/44
f 1374/2139/39 1375/2140/39 1319/2061/39 1289/2141/39
f 1375/2142/40 1374/2143/40 1290/2144/40 1320/2066/40
f 1375/2140/45 1376/2145/45 1311/2146/45 1319/2061/45
f 1376/2147/46 1375/2142/46 1320/2066/46 1312/2148/46
f 1376/2145/43 1377/2149/43 1313/2150/43 1311/2146/43
f 1377/2151/44 1376/2147/44 1312/2148/44 1314/2152/44
f 1377/2149/41 1374/2139/41 1289/2141/41 1313/2150/41
f 1374/2143/42 1377/2151/42 1314/2152/42 1290/2144/42
f 1378/2153/53 1381/2154/53 1269/2155/53 1287/2156/53
f 1381/2157/54 1378/2158/54 1288/2159/54 1270/2160/54
f 1380/2161/51 1379/2162/51 1287/2156/51 1269/2155/51
f 1379/2163/52 1380/2164/52 1270/2160/52 1288/2159/52
f 1381/2154/39 1382/2165/39 1313/2150/39 1269/2155/39
f 1382/2166/40 1381/2157/40 1270/2160/40 1314/2152/40
f 1382/2165/45 1378/2153/45 1287/2156/45 1313/2150/45
f 1378/2158/46 1382/2166/46 1314/2152/46 1288/2159/46
f 1383/2167/49 1385/2168/49 1289/2141/49 1269/2155/49
f 1385/2169/50 1383/2170/50 1270/2160/50 1290/2144/50
f 1384/2171/47 1380/2161/47 1269/2155/47 1289/2141/47
f 1380/2164/48 1384/2172/48 1290/2144/48 1270/2160/48
f 1385/2168/45 1386/2173/45 1313/2150/45 1289/2141/45
f 1386/2174/46 1385/2169/46 1290/2144/46 1314/2152/46
f 1386/2173/43 1383/2167/43 1269/2155/43 1313/2150/43
f 1383/2170/44 1386/2174/44 1314/2152/44 1270/2160/44
f 1387/2175/45 1388/2176/45 1337/2177/45 1305/2062/45
f 1388/2178/46 1387/2179/46 1306/2065/46 1338/2180/46
f 1388/2176/43 1389/2181/43 1311/2146/43 1337/2177/43
f 1389/2182/44 1388/2178/44 1338/2180/44 1312/2148/44
f 1389/2181/41 1390/2183/41 1319/2061/41 1311/2146/41
f 1390/2184/42 1389/2182/42 1312/2148/42 1320/2066/42
f 1390/2183/39 1387/2175/39 1305/2062/39 1319/2061/39
f 1387/2179/40 1390/2184/40 1320/2066/40 1306/2065/40
f 1391/2185/43 1392/2186/43 1337/2177/43 1303/2187/43
f 1392/2188/44 1391/2189/44 1304/2190/44 1338/2180/44
f 1392/2186/41 1393/2191/41 1305/2062/41 1337/2177/41
f 1393/2192/42 1392/2188/42 1338/2180/42 1306/2065/42
f 1393/2191/39 1394/2193/39 1331/2194/39 1305/2062/39
f 1394/2195/40 1393/2192/40 1306/2065/40 1332/2196/40
f 1394/2193/45 1391/2185/45 1303/2187/45 1331/2194/45
f 1391/2189/46 1394/2195/46 1332/2196/46 1304/2190/46
f 1395/2197/49 1398/2198/49 1267/2199/49 1293/2200/49
f 1398/2201/50 1395/2202/50 1294/2203/50 1268/2204/50
f 1397/2205/47 1396/2206/47 1293/2200/47 1267/2199/47
f 1396/2207/48 1397/2208/48 1268/2204/48 1294/2203/48
f 1398/2198/45 1399/2209/45 1315/2210/45 1267/2199/45
f 1399/2211/46 1398/2201/46 1268/2204/46 1316/2212/46
f 1399/2209/43 1395/2197/43 1293/2200/43 1315/2210/43
f 1395/2202/44 1399/2211/44 1316/2212/44 1294/2203/44
f 1400/2213/51 1402/2214/51 1271/2215/51 1267/2199/51
f 1402/2216/52 1400/2217/52 1268/2204/52 1272/2218/52
f 1401/2219/53 1397/2205/53 1267/2199/53 1271/2215/53
f 1397/2208/54 1401/2220/54 1272/2218/54 1268/2204/54
f 1402/2214/43 1403/2221/43 1315/2210/43 1271/2215/43
f 1403/2222/44 1402/2216/44 1272/2218/44 1316/2212/44
f 1403/2221/41 1400/2213/41 1267/2199/41 1315/2210/41
f 1400/2217/42 1403/2222/42 1316/2212/42 1268/2204/42
f 1404/2223/43 1405/2224/43 1333/2110/43 1279/2093/43
f 1405/2225/44 1404/2226/44 1280/2096/44 1334/2112/44
f 1405/2224/41 1406/2227/41 1301/2046/41 1333/2110/41
f 1406/2228/42 1405/2225/42 1334/2112/42 1302/2049/42
f 1406/2227/39 1407/2229/39 1327/2056/39 1301/2046/39
f 1407/2230/40 1406/2228/40 1302/2049/40 1328/2058/40
f 1407/2229/45 1404/2223/45 1279/2093/45 1327/2056/45
f 1404/2226/46 1407/2230/46 1328/2058/46 1280/2096/46
f 1408/2231/49 1410/2232/49 1293/2200/49 1291/2068/49
f 1410/2233/50 1408/2234/50 1292/2070/50 1294/2203/50
f 1396/2206/47 1409/2235/47 1291/2068/47 1293/2200/47
f 1409/2236/48 1396/2207/48 1294/2203/48 1292/2070/48
f 1410/2232/45 1411/2237/45 1317/2072/45 1293/2200/45
f 1411/2238/46 1410/2233/46 1294/2203/46 1318/2074/46
f 1411/2237/43 1408/2231/43 1291/2068/43 1317/2072/43
f 1408/2234/44 1411/2238/44 1318/2074/44 1292/2070/44
f 1412/2239/49 1413/2240/49 1291/2068/49 1289/2141/49
f 1413/2241/50 1412/2242/50 1290/2144/50 1292/2070/50
f 1409/2235/47 1384/2171/47 1289/2141/47 1291/2068/47
f 1384/2172/48 1409/2236/48 1292/2070/48 1290/2144/48
f 1413/2240/45 1414/2243/45 1319/2061/45 1291/2068/45
f 1414/2244/46 1413/2241/46 1292/2070/46 1320/2066/46
f 1414/2243/43 1412/2239/43 1289/2141/43 1319/2061/43
f 1412/2242/44 1414/2244/44 1320/2066/44 1290/2144/44
f 1415/2245/41 1416/2246/41 1325/2247/41 1297/2248/41
f 1416/2249/42 1415/2250/42 1298/2251/42 1326/2252/42
f 1416/2246/39 1417/2253/39 1273/2254/39 1325/2247/39
f 1417/2255/40 1416/2249/40 1326/2252/40 1274/2256/40
f 1417/2253/45 1418/2257/45 1323/2258/45 1273/2254/45
f 1418/2259/46 1417/2255/46 1274/2256/46 1324/2260/46
f 1418/2257/43 1415/2245/43 1297/2248/43 1323/2258/43
f 1415/2250/44 1418/2259/44 1324/2260/44 1298/2251/44
f 1419/2261/41 1420/2262/41 1335/2263/41 1307/2134/41
f 1420/2264/42 1419/2265/42 1308/2136/42 1336/2266/42
f 1420/2262/39 1421/2267/39 1301/2046/39 1335/2263/39
f 1421/2268/40 1420/2264/40 1336/2266/40 1302/2049/40
f 1421/2267/45 1422/2269/45 1333/2110/45 1301/2046/45
f 1422/2270/46 1421/2268/46 1302/2049/46 1334/2112/46
f 1422/2269/43 1419/2261/43 1307/2134/43 1333/2110/43
f 1419/2265/44 1422/2270/44 1334/2112/44 1308/2136/44
f 1423/2271/51 1425/2272/51 1263/2078/51 1275/2273/51
f 1425/2274/52 1423/2275/52 1276/2276/52 1264/2081/52
f 1354/2084/53 1424/2277/53 1275/2273/53 1263/2078/53
f 1424/2278/54 1354/2085/54 1264/2081/54 1276/2276/54
f 1425/2272/43 1426/2279/43 1321/2088/43 1263/2078/43
f 1426/2280/44 1425/2274/44 1264/2081/44 1322/2090/44
f 1426/2279/41 1423/2271/41 1275/2273/41 1321/2088/41
f 1423/2275/42 1426/2280/42 1322/2090/42 1276/2276/42
f 1427/2281/43 1428/2282/43 1331/2194/43 1297/2248/43
f 1428/2283/44 1427/2284/44 1298/2251/44 1332/2196/44
f 1428/2282/41 1429/2285/41 1299/2286/41 1331/2194/41
f 1429/2287/42 1428/2283/42 1332/2196/42 1300/2288/42
f 1429/2285/39 1430/2289/39 1325/2247/39 1299/2286/39
f 1430/2290/40 1429/2287/40 1300/2288/40 1326/2252/40
f 1430/2289/45 1427/2281/45 1297/2248/45 1325/2247/45
f 1427/2284/46 1430/2290/46 1326/2252/46 1298/2251/46
f 1431/2291/41 1432/2292/41 1331/2194/41 1303/2187/41
f 1432/2293/42 1431/2294/42 1304/2190/42 1332/2196/42
f 1432/2292/39 1433/2295/39 1297/2248/39 1331/2194/39
f 1433/2296/40 1432/2293/40 1332/2196/40 1298/2251/40
f 1433/2295/45 1434/2297/45 1329/2045/45 1297/2248/45
f 1434/2298/46 1433/2296/46 1298/2251/46 1330/2050/46
f 1434/2297/43 1431/2291/43 1303/2187/43 1329/2045/43
f 1431/2294/44 1434/2298/44 1330/2050/44 1304/2190/44
f 1435/2299/51 1437/2300/51 1275/2273/51 1273/2254/51
f 1437/2301/52 1435/2302/52 1274/2256/52 1276/2276/52
f 1424/2277/53 1436/2303/53 1273/2254/53 1275/2273/53
f 1436/2304/54 1424/2278/54 1276/2276/54 1274/2256/54
f 1437/2300/43 1438/2305/43 1323/2258/43 1275/2273/43
f 1438/2306/44 1437/2301/44 1276/2276/44 1324/2260/44
f 1438/2305/41 1435/2299/41 1273/2254/41 1323/2258/41
f 1435/2302/42 1438/2306/42 1324/2260/42 1274/2256/42
f 1439/2307/43 1440/2308/43 1335/2263/43 1301/2046/43
f 1440/2309/44 1439/2310/44 1302/2049/44 1336/2266/44
f 1440/2308/41 1441/2311/41 1303/2187/41 1335/2263/41
f 1441/2312/42 1440/2309/42 1336/2266/42 1304/2190/42
f 1441/2311/39 1442/2313/39 1329/2045/39 1303/2187/39
f 1442/2314/40 1441/2312/40 1304/2190/40 1330/2050/40
f 1442/2313/45 1439/2307/45 1301/2046/45 1329/2045/45
f 1439/2310/46 1442/2314/46 1330/2050/46 1302/2049/46
f 1443/2315/51 1444/2316/51 1273/2254/51 1271/2215/51
f 1444/2317/52 1443/2318/52 1272/2218/52 1274/2256/52
f 1436/2303/53 1401/2219/53 1271/2215/53 1273/2254/53
f 1401/2220/54 1436/2304/54 1274/2256/54 1272/2218/54
f 1444/2316/43 1445/2319/43 1325/2247/43 1273/2254/43
f 1445/2320/44 1444/2317/44 1274/2256/44 1326/2252/44
f 1445/2319/41 1443/2315/41 1271/2215/41 1325/2247/41
f 1443/2318/42 1445/2320/42 1326/2252/42 1272/2218/42
f 1446/2321/43 1447/2322/43 1317/2072/43 1299/2286/43
f 1447/2323/44 1446/2324/44 1300/2288/44 1318/2074/44
f 1447/2322/41 1448/2325/41 1293/2200/41 1317/2072/41
f 1448/2326/42 1447/2323/42 1318/2074/42 1294/2203/42
f 1448/2325/39 1449/2327/39 1315/2210/39 1293/2200/39
f 1449/2328/40 1448/2326/40 1294/2203/40 1316/2212/40
f 1449/2327/45 1446/2321/45 1299/2286/45 1315/2210/45
f 1446/2324/46 1449/2328/46 1316/2212/46 1300/2288/46
f 1450/2329/45 1451/2330/45 1343/2331/45 1311/2146/45
f 1451/2332/46 1450/2333/46 1312/2148/46 1344/2334/46
f 1451/2330/43 1452/2335/43 1287/2156/43 1343/2331/43
f 1452/2336/44 1451/2332/44 1344/2334/44 1288/2159/44
f 1452/2335/41 1453/2337/41 1313/2150/41 1287/2156/41
f 1453/2338/42 1452/2336/42 1288/2159/42 1314/2152/42
f 1453/2337/39 1450/2329/39 1311/2146/39 1313/2150/39
f 1450/2333/40 1453/2338/40 1314/2152/40 1312/2148/40
f 1454/2339/43 1455/2340/43 1327/2056/43 1277/2077/43
f 1455/2341/44 1454/2342/44 1278/2082/44 1328/2058/44
f 1455/2340/41 1456/2343/41 1295/2052/41 1327/2056/41
f 1456/2344/42 1455/2341/42 1328/2058/42 1296/2054/42
f 1456/2343/39 1457/2345/39 1321/2088/39 1295/2052/39
f 1457/2346/40 1456/2344/40 1296/2054/40 1322/2090/40
f 1457/2345/45 1454/2339/45 1277/2077/45 1321/2088/45
f 1454/2342/46 1457/2346/46 1322/2090/46 1278/2082/46
f 1458/2347/43 1459/2348/43 1343/2331/43 1309/2349/43
f 1459/2350/44 1458/2351/44 1310/2352/44 1344/2334/44
f 1459/2348/41 1460/2353/41 1311/2146/41 1343/2331/41
f 1460/2354/42 1459/2350/42 1344/2334/42 1312/2148/42
f 1460/2353/39 1461/2355/39 1337/2177/39 1311/2146/39
f 1461/2356/40 1460/2354/40 1312/2148/40 1338/2180/40
f 1461/2355/45 1458/2347/45 1309/2349/45 1337/2177/45
f 1458/2351/46 1461/2356/46 1338/2180/46 1310/2352/46
f 1462/2357/43 1463/2358/43 1339/2122/43 1281/2103/43
f 1463/2359/44 1462/2360/44 1282/2106/44 1340/2124/44
f 1463/2358/41 1464/2361/41 1307/2134/41 1339/2122/41
f 1464/2362/42 1463/2359/42 1340/2124/42 1308/2136/42
f 1464/2361/39 1465/2363/39 1333/2110/39 1307/2134/39
f 1465/2364/40 1464/2362/40 1308/2136/40 1334/2112/40
f 1465/2363/45 1462/2357/45 1281/2103/45 1333/2110/45
f 1462/2360/46 1465/2364/46 1334/2112/46 1282/2106/46
f 1466/2365/43 1467/2366/43 1341/2127/43 1307/2134/43
f 1467/2367/44 1466/2368/44 1308/2136/44 1342/2132/44
f 1467/2366/41 1468/2369/41 1309/2349/41 1341/2127/41
f 1468/2370/42 1467/2367/42 1342/2132/42 1310/2352/42
f 1468/2369/39 1469/2371/39 1335/2263/39 1309/2349/39
f 1469/2372/40 1468/2370/40 1310/2352/40 1336/2266/40
f 1469/2371/45 1466/2365/45 1307/2134/45 1335/2263/45
f 1466/2368/46 1469/2372/46 1336/2266/46 1308/2136/46
f 1470/2373/45 1471/2374/45 1331/2194/45 1299/2286/45
f 1471/2375/46 1470/2376/46 1300/2288/46 1332/2196/46
f 1471/2374/43 1472/2377/43 1305/2062/43 1331/2194/43
f 1472/2378/44 1471/2375/44 1332/2196/44 1306/2065/44
f 1472/2377/41 1473/2379/41 1317/2072/41 1305/2062/41
f 1473/2380/42 1472/2378/42 1306/2065/42 1318/2074/42
f 1473/2379/39 1470/2373/39 1299/2286/39 1317/2072/39
f 1470/2376/40 1473/2380/40 1318/2074/40 1300/2288/40
f 1474/2381/43 1475/2382/43 1329/2045/43 1295/2052/43
f 1475/2383/44 1474/2384/44 1296/2054/44 1330/2050/44
f 1475/2382/41 1476/2385/41 1297/2248/41 1329/2045/41
f 1476/2386/42 1475/2383/42 1330/2050/42 1298/2251/42
f 1476/2385/39 1477/2387/39 1323/2258/39 1297/2248/39
f 1477/2388/40 1476/2386/40 1298/2251/40 1324/2260/40
f 1477/2387/45 1474/2381/45 1295/2052/45 1323/2258/45
f 1474/2384/46 1477/2388/46 1324/2260/46 1296/2054/46
f 1478/2389/45 1479/2390/45 1325/2247/45 1271/2215/45
f 1479/2391/46 1478/2392/46 1272/2218/46 1326/2252/46
f 1479/2390/43 1480/2393/43 1299/2286/43 1325/2247/43
f 1480/2394/44 1479/2391/44 1326/2252/44 1300/2288/44
f 1480/2393/41 1481/2395/41 1315/2210/41 1299/2286/41
f 1481/2396/42 1480/2394/42 1300/2288/42 1316/2212/42
f 1481/2395/39 1478/2389/39 1271/2215/39 1315/2210/39
f 1478/2392/40 1481/2396/40 1316/2212/40 1272/2218/40
f 1482/2397/41 1483/2398/41 1343/2331/41 1285/2399/41
f 1483/2400/42 1482/2401/42 1286/2402/42 1344/2334/42
f 1483/2398/39 1484/2403/39 1309/2349/39 1343/2331/39
f 1484/2404/40 1483/2400/40 1344/2334/40 1310/2352/40
f 1484/2403/45 1485/2405/45 1341/2127/45 1309/2349/45
f 1485/2406/46 1484/2404/46 1310/2352/46 1342/2132/46
f 1485/2405/43 1482/2397/43 1285/2399/43 1341/2127/43
f 1482/2401/44 1485/2406/44 1342/2132/44 1286/2402/44
f 1486/2407/53 1488/2408/53 1283/2128/53 1265/2115/53
f 1488/2409/54 1486/2410/54 1266/2118/54 1284/2131/54
f 1487/2411/51 1367/2119/51 1265/2115/51 1283/2128/51
f 1367/2120/52 1487/2412/52 1284/2131/52 1266/2118/52
f 1488/2408/39 1489/2413/39 1339/2122/39 1283/2128/39
f 1489/2414/40 1488/2409/40 1284/2131/40 1340/2124/40
f 1489/2413/45 1486/2407/45 1265/2115/45 1339/2122/45
f 1486/2410/46 1489/2414/46 1340/2124/46 1266/2118/46
f 1490/2415/41 1491/2416/41 1323/2258/41 1295/2052/41
f 1491/2417/42 1490/2418/42 1296/2054/42 1324/2260/42
f 1491/2416/39 1492/2419/39 1275/2273/39 1323/2258/39
f 1492/2420/40 1491/2417/40 1324/2260/40 1276/2276/40
f 1492/2419/45 1493/2421/45 1321/2088/45 1275/2273/45
f 1493/2422/46 1492/2420/46 1276/2276/46 1322/2090/46
f 1493/2421/43 1490/2415/43 1295/2052/43 1321/2088/43
f 1490/2418/44 1493/2422/44 1322/2090/44 1296/2054/44
f 1494/2423/53 1496/2424/53 1285/2399/53 1283/2128/53
f 1496/2425/54 1494/2426/54 1284/2131/54 1286/2402/54
f 1495/2427/51 1487/2411/51 1283/2128/51 1285/2399/51
f 1487/2412/52 1495/2428/52 1286/2402/52 1284/2131/52
f 1496/2424/39 1497/2429/39 1341/2127/39 1285/2399/39
f 1497/2430/40 1496/2425/40 1286/2402/40 1342/2132/40
f 1497/2429/45 1494/2423/45 1283/2128/45 1341/2127/45
f 1494/2426/46 1497/2430/46 1342/2132/46 1284/2131/46
f 1498/2431/41 1499/2432/41 1337/2177/41 1309/2349/41
f 1499/2433/42 1498/2434/42 1310/2352/42 1338/2180/42
f 1499/2432/39 1500/2435/39 1303/2187/39 1337/2177/39
f 1500/2436/40 1499/2433/40 1338/2180/40 1304/2190/40
f 1500/2435/45 1501/2437/45 1335/2263/45 1303/2187/45
f 1501/2438/46 1500/2436/46 1304/2190/46 1336/2266/46
f 1501/2437/43 1498/2431/43 1309/2349/43 1335/2263/43
f 1498/2434/44 1501/2438/44 1336/2266/44 1310/2352/44
f 1502/2439/53 1503/2440/53 1287/2156/53 1285/2399/53
f 1503/2441/54 1502/2442/54 1286/2402/54 1288/2159/54
f 1379/2162/51 1495/2427/51 1285/2399/51 1287/2156/51
f 1495/2428/52 1379/2163/52 1288/2159/52 1286/2402/52
f 1503/2440/39 1504/2443/39 1343/2331/39 1287/2156/39
f 1504/2444/40 1503/2441/40 1288/2159/40 1344/2334/40
f 1504/2443/45 1502/2439/45 1285/2399/45 1343/2331/45
f 1502/2442/46 1504/2444/46 1344/2334/46 1286/2402/46
o Right_Door
v 0.121806 4.185312 0.000000
v 0.121806 -4.185312 0.000000
v 0.121806 0.295167 0.000000
v 0.121806 -0.295167 0.000000
v 0.000000 4.185312 0.000000
v 0.000000 -4.185312 0.000000
v 0.121806 3.579539 0.000000
v 0.121806 3.412127 0.000000
v 0.121806 0.796066 0.000000
v 0.121806 0.628653 0.000000
v 0.121806 -0.638420 0.000000
v 0.121806 -0.805833 0.000000
v 0.121806 -3.412127 0.000000
v 0.121806 -3.579539 0.000000
v 0.164306 0.231290 0.000000
v 0.164306 0.063877 0.000000
v 0.164306 -0.231290 0.000000
v 0.164306 -0.063877 0.000000
v 0.199836 0.295167 0.000000
v 0.199867 0.253078 0.000000
v 0.199867 0.042089 0.000000
v 0.199867 -0.042089 0.000000
v 0.199867 -0.253078 0.000000
v 0.199836 -0.295167 0.000000
v -0.121806 4.185312 0.000000
v -0.121806 -4.185312 0.000000
v -0.121806 0.295167 0.000000
v -0.121806 -0.295167 0.000000
v -0.121806 3.579539 0.000000
v -0.121806 3.412127 0.000000
v -0.121806 0.796066 0.000000
v -0.121806 0.628653 0.000000
v -0.121806 -0.638420 0.000000
v -0.121806 -0.805833 0.000000
v -0.121806 -3.412127 0.000000
v -0.121806 -3.579539 0.000000
v -0.164306 0.231290 0.000000
v -0.164306 0.063877 0.000000
v -0.164306 -0.231290 0.000000
v -0.164306 -0.063877 0.000000
v -0.199836 0.295167 0.000000
v -0.199867 0.253078 0.000000
v -0.199867 0.042089 0.000000
v -0.199867 -0.042089 0.000000
v -0.199867 -0.253078 0.000000
v -0.199836 -0.295167 0.000000
v 0.121806 4.185312 -2.449554
v 0.121806 -4.185312 -2.449554
v 0.121806 0.295167 -2.449554
v 0.121806 -0.295167 -2.449554
v 0.000000 4.185312 -1.831384
v 0.000000 4.185312 -1.994556
v 0.000000 -4.185312 -1.831384
v 0.000000 -4.185312 -1.994556
v 0.000000 -0.295167 -2.449554
v 0.000000 0.295167 -2.449554
v 0.121806 4.185312 -1.994556
v 0.121806 4.185312 -1.831384
v 0.121806 -4.185312 -1.831384
v 0.121806 -4.185312 -1.994556
v 0.121806 0.295167 -1.831384
v 0.121806 0.295167 -1.994556
v 0.121806 -0.295167 -1.994556
v 0.121806 -0.295167 -1.831384
v 0.121806 4.185312 -0.615770
v 0.121806 4.185312 -0.452599
v 0.121806 -4.185312 -0.452599
v 0.121806 -4.185312 -0.615770
v 0.121806 0.295167 -0.452599
v 0.121806 0.295167 -0.615770
v 0.121806 -0.295167 -0.615770
v 0.121806 -0.295167 -0.452599
v 0.000000 -4.185312 -2.449554
v 0.000000 4.185312 -2.449554
v 0.121806 3.412127 -2.449554
v 0.121806 3.579539 -2.449554
v 0.121806 3.579539 -1.831384
v 0.121806 3.412127 -1.994556
v 0.121806 3.412127 -0.452599
v 0.121806 3.579539 -0.615770
v 0.121806 0.628653 -2.449554
v 0.121806 0.796066 -2.449554
v 0.121806 0.796066 -1.994556
v 0.121806 0.628653 -1.831384
v 0.121806 0.628653 -0.615770
v 0.121806 0.796066 -0.452599
v 0.121806 -0.805833 -2.449554
v 0.121806 -0.638420 -2.449554
v 0.121806 -0.638420 -1.831384
v 0.121806 -0.805833 -1.994556
v 0.121806 -0.805833 -0.452599
v 0.121806 -0.638420 -0.615770
v 0.121806 -3.579539 -2.449554
v 0.121806 -3.412127 -2.449554
v 0.121806 -3.412127 -1.994556
v 0.121806 -3.579539 -1.831384
v 0.121806 -3.579539 -0.615770
v 0.121806 -3.412127 -0.452599
v 0.000000 -4.185312 -0.452599
v 0.000000 -4.185312 -0.615770
v 0.000000 4.185312 -0.452599
v 0.000000 4.185312 -0.615770
v 0.000000 3.579539 -2.449554
v 0.000000 3.412127 -2.449554
v 0.000000 0.628653 -2.449554
v 0.000000 0.796066 -2.449554
v 0.000000 -0.638420 -2.449554
v 0.000000 -0.805833 -2.449554
v 0.000000 -3.579539 -2.449554
v 0.000000 -3.412127 -2.449554
v 0.203460 3.579539 -1.831384
v 0.203460 3.412127 -1.994556
v 0.203460 3.412127 -0.452599
v 0.203460 3.579539 -0.615770
v 0.203460 0.796066 -1.994556
v 0.203460 0.628653 -1.831384
v 0.203460 0.628653 -0.615770
v 0.203460 0.796066 -0.452599
v 0.203460 -0.638420 -1.831384
v 0.203460 -0.805833 -1.994556
v 0.203460 -0.805833 -0.452599
v 0.203460 -0.638420 -0.615770
v 0.203460 -3.412127 -1.994556
v 0.203460 -3.579539 -1.831384
v 0.203460 -3.579539 -0.615770
v 0.203460 -3.412127 -0.452599
v 0.121806 3.412127 -1.994556
v 0.121806 3.579539 -1.831384
v 0.121806 3.830658 -1.994556
v 0.121806 3.579539 -2.157727
v 0.203460 3.579539 -1.831384
v 0.203460 3.412127 -1.994556
v 0.121806 3.286567 -1.831384
v 0.121806 3.412127 -1.749799
v 0.203460 3.286567 -1.831384
v 0.203460 3.412127 -1.749799
v 0.203460 3.537686 -1.831384
v 0.203460 3.412127 -1.912970
v 0.000000 3.412127 -1.749799
v 0.000000 3.286567 -1.831384
v 0.121806 3.579539 -0.615770
v 0.121806 3.412127 -0.452599
v 0.121806 3.579539 -0.289427
v 0.121806 3.830658 -0.452599
v 0.203460 3.412127 -0.452599
v 0.203460 3.579539 -0.615770
v 0.121806 3.412127 -0.697356
v 0.121806 3.286568 -0.615770
v 0.203460 3.412127 -0.697356
v 0.203460 3.286568 -0.615770
v 0.203460 3.412127 -0.534185
v 0.203460 3.537686 -0.615770
v 0.000000 3.286568 -0.615770
v 0.000000 3.412127 -0.697356
v 0.121806 0.796066 -0.452599
v 0.121806 0.628653 -0.615770
v 0.121806 0.377535 -0.452599
v 0.121806 0.628653 -0.289427
v 0.203460 0.628653 -0.615770
v 0.203460 0.796066 -0.452599
v 0.121806 0.921625 -0.615770
v 0.121806 0.796066 -0.697356
v 0.203460 0.921625 -0.615770
v 0.203460 0.796066 -0.697356
v 0.203460 0.670506 -0.615770
v 0.203460 0.796066 -0.534185
v 0.000000 0.796066 -0.697356
v 0.000000 0.921625 -0.615770
v 0.121806 0.628653 -1.831384
v 0.121806 0.796066 -1.994556
v 0.121806 0.628653 -2.157727
v 0.121806 0.377534 -1.994556
v 0.203460 0.796066 -1.994556
v 0.203460 0.628653 -1.831384
v 0.121806 0.796066 -1.749799
v 0.121806 0.921625 -1.831384
v 0.203460 0.796066 -1.749799
v 0.203460 0.921625 -1.831384
v 0.203460 0.796066 -1.912970
v 0.203460 0.670506 -1.831384
v 0.000000 0.796066 -1.749799
v 0.000000 0.921625 -1.831384
v 0.121806 -0.638420 -0.615770
v 0.121806 -0.805833 -0.452599
v 0.121806 -0.638420 -0.289427
v 0.121806 -0.387302 -0.452599
v 0.203460 -0.805833 -0.452599
v 0.203460 -0.638420 -0.615770
v 0.121806 -0.805833 -0.697356
v 0.121806 -0.931392 -0.615770
v 0.203460 -0.805833 -0.697356
v 0.203460 -0.931392 -0.615770
v 0.203460 -0.805833 -0.534185
v 0.203460 -0.680273 -0.615770
v 0.000000 -0.805833 -0.697356
v 0.000000 -0.931392 -0.615770
v 0.121806 -0.805833 -1.994556
v 0.121806 -0.638420 -1.831384
v 0.121806 -0.387302 -1.994556
v 0.121806 -0.638420 -2.157727
v 0.203460 -0.638420 -1.831384
v 0.203460 -0.805833 -1.994556
v 0.121806 -0.931392 -1.831384
v 0.121806 -0.805833 -1.749799
v 0.203460 -0.931392 -1.831384
v 0.203460 -0.805833 -1.749799
v 0.203460 -0.680274 -1.831384
v 0.203460 -0.805833 -1.912970
v 0.000000 -0.931392 -1.831384
v 0.000000 -0.805833 -1.749799
v 0.121806 -3.579539 -1.831384
v 0.121806 -3.412127 -1.994556
v 0.121806 -3.579539 -2.157727
v 0.121806 -3.830658 -1.994556
v 0.203460 -3.412127 -1.994556
v 0.203460 -3.579539 -1.831384
v 0.121806 -3.412127 -0.452599
v 0.121806 -3.579539 -0.615770
v 0.121806 -3.830658 -0.452599
v 0.121806 -3.579539 -0.289427
v 0.203460 -3.579539 -0.615770
v 0.203460 -3.412127 -0.452599
v 0.121806 -3.286567 -0.615770
v 0.121806 -3.412127 -0.697356
v 0.203460 -3.286567 -0.615770
v 0.203460 -3.412127 -0.697356
v 0.203460 -3.537686 -0.615770
v 0.203460 -3.412127 -0.534185
v 0.000000 -3.286567 -0.615770
v 0.000000 -3.412127 -0.697356
v 0.121806 -3.412127 -1.749799
v 0.121806 -3.286568 -1.831384
v 0.203460 -3.412127 -1.749799
v 0.203460 -3.286568 -1.831384
v 0.203460 -3.412127 -1.912970
v 0.203460 -3.537686 -1.831384
v 0.000000 0.000000 -2.449554
v 0.121806 0.000000 -2.449554
v 0.000000 -3.412127 -1.749799
v 0.000000 -3.286568 -1.831384
v 0.121806 0.063877 -2.449554
v 0.121806 0.231290 -2.449554
v 0.000000 0.063877 -2.449554
v 0.000000 0.231290 -2.449554
v 0.164306 0.231290 -2.449554
v 0.164306 0.063877 -2.449554
v 0.164306 0.063877 -1.994556
v 0.164306 0.231290 -1.994556
v 0.164306 0.231290 -0.615770
v 0.164306 0.063877 -0.615770
v 0.164306 0.063877 -0.452599
v 0.164306 0.231290 -0.452599
v 0.164306 0.231290 -1.831384
v 0.164306 0.063877 -1.831384
v 0.164306 -0.063877 -1.831384
v 0.164306 -0.231290 -1.831384
v 0.164306 -0.063877 -0.452599
v 0.164306 -0.231290 -0.452599
v 0.164306 -0.231290 -0.615770
v 0.164306 -0.063877 -0.615770
v 0.164306 -0.231290 -1.994556
v 0.164306 -0.063877 -1.994556
v 0.164306 -0.063877 -2.449554
v 0.164306 -0.231290 -2.449554
v 0.000000 -0.231290 -2.449554
v 0.000000 -0.063877 -2.449554
v 0.121806 -0.231290 -2.449554
v 0.121806 -0.063877 -2.449554
v 0.199867 0.253078 -2.449554
v 0.199836 0.295167 -2.449554
v 0.199867 0.253078 -1.831384
v 0.199836 0.295167 -1.831384
v 0.199836 0.295167 -1.994556
v 0.199867 0.253078 -1.994556
v 0.199867 0.253078 -0.452599
v 0.199836 0.295167 -0.452599
v 0.199836 0.295167 -0.615770
v 0.199867 0.253078 -0.615770
v 0.199867 -0.042089 -0.615770
v 0.199867 0.042089 -0.615770
v 0.199867 0.042089 -0.452599
v 0.199867 -0.042089 -0.452599
v 0.199867 0.042089 -1.831384
v 0.199867 -0.042089 -1.831384
v 0.199867 -0.042089 -1.994556
v 0.199867 0.042089 -1.994556
v 0.199867 -0.042089 -2.449554
v 0.199867 0.042089 -2.449554
v 0.176870 0.000000 -2.449554
v 0.199836 -0.295167 -2.449554
v 0.199867 -0.253078 -2.449554
v 0.199867 -0.253078 -1.994556
v 0.199836 -0.295167 -1.994556
v 0.199836 -0.295167 -1.831384
v 0.199867 -0.253078 -1.831384
v 0.199867 -0.253078 -0.615770
v 0.199836 -0.295167 -0.615770
v 0.199836 -0.295167 -0.452599
v 0.199867 -0.253078 -0.452599
v -0.121806 4.185312 -2.449554
v -0.121806 -4.185312 -2.449554
v -0.121806 0.295167 -2.449554
v -0.121806 -0.295167 -2.449554
v -0.121806 4.185312 -1.994556
v -0.121806 4.185312 -1.831384
v -0.121806 -4.185312 -1.831384
v -0.121806 -4.185312 -1.994556
v -0.121806 0.295167 -1.831384
v -0.121806 0.295167 -1.994556
v -0.121806 -0.295167 -1.994556
v -0.121806 -0.295167 -1.831384
v -0.121806 4.185312 -0.615770
v -0.121806 4.185312 -0.452599
v -0.121806 -4.185312 -0.452599
v -0.121806 -4.185312 -0.615770
v -0.121806 0.295167 -0.452599
v -0.121806 0.295167 -0.615770
v -0.121806 -0.295167 -0.615770
v -0.121806 -0.295167 -0.452599
v -0.121806 3.412127 -2.449554
v -0.121806 3.579539 -2.449554
v -0.121806 3.579539 -1.831384
v -0.121806 3.412127 -1.994556
v -0.121806 3.412127 -0.452599
v -0.121806 3.579539 -0.615770
v -0.121806 0.628653 -2.449554
v -0.121806 0.796066 -2.449554
v -0.121806 0.796066 -1.994556
v -0.121806 0.628653 -1.831384
v -0.121806 0.628653 -0.615770
v -0.121806 0.796066 -0.452599
v -0.121806 -0.805833 -2.449554
v -0.121806 -0.638420 -2.449554
v -0.121806 -0.638420 -1.831384
v -0.121806 -0.805833 -1.994556
v -0.121806 -0.805833 -0.452599
v -0.121806 -0.638420 -0.615770
v -0.121806 -3.579539 -2.449554
v -0.121806 -3.412127 -2.449554
v -0.121806 -3.412127 -1.994556
v -0.121806 -3.579539 -1.831384
v -0.121806 -3.579539 -0.615770
v -0.121806 -3.412127 -0.452599
v -0.203460 3.579539 -1.831384
v -0.203460 3.412127 -1.994556
v -0.203460 3.412127 -0.452599
v -0.203460 3.579539 -0.615770
v -0.203460 0.796066 -1.994556
v -0.203460 0.628653 -1.831384
v -0.203460 0.628653 -0.615770
v -0.203460 0.796066 -0.452599
v -0.203460 -0.638420 -1.831384
v -0.203460 -0.805833 -1.994556
v -0.203460 -0.805833 -0.452599
v -0.203460 -0.638420 -0.615770
v -0.203460 -3.412127 -1.994556
v -0.203460 -3.579539 -1.831384
v -0.203460 -3.579539 -0.615770
v -0.203460 -3.412127 -0.452599
v -0.121806 3.412127 -1.994556
v -0.121806 3.579539 -1.831384
v -0.121806 3.830658 -1.994556
v -0.121806 3.579539 -2.157727
v -0.203460 3.579539 -1.831384
v -0.203460 3.412127 -1.994556
v -0.121806 3.286567 -1.831384
v -0.121806 3.412127 -1.749799
v -0.203460 3.286567 -1.831384
v -0.203460 3.412127 -1.749799
v -0.203460 3.537686 -1.831384
v -0.203460 3.412127 -1.912970
v -0.121806 3.579539 -0.615770
v -0.121806 3.412127 -0.452599
v -0.121806 3.579539 -0.289427
v -0.121806 3.830658 -0.452599
v -0.203460 3.412127 -0.452599
v -0.203460 3.579539 -0.615770
v -0.121806 3.412127 -0.697356
v -0.121806 3.286568 -0.615770
v -0.203460 3.412127 -0.697356
v -0.203460 3.286568 -0.615770
v -0.203460 3.412127 -0.534185
v -0.203460 3.537686 -0.615770
v -0.121806 0.796066 -0.452599
v -0.121806 0.628653 -0.615770
v -0.121806 0.377535 -0.452599
v -0.121806 0.628653 -0.289427
v -0.203460 0.628653 -0.615770
v -0.203460 0.796066 -0.452599
v -0.121806 0.921625 -0.615770
v -0.121806 0.796066 -0.697356
v -0.203460 0.921625 -0.615770
v -0.203460 0.796066 -0.697356
v -0.203460 0.670506 -0.615770
v -0.203460 0.796066 -0.534185
v -0.121806 0.628653 -1.831384
v -0.121806 0.796066 -1.994556
v -0.121806 0.628653 -2.157727
v -0.121806 0.377534 -1.994556
v -0.203460 0.796066 -1.994556
v -0.203460 0.628653 -1.831384
v -0.121806 0.796066 -1.749799
v -0.121806 0.921625 -1.831384
v -0.203460 0.796066 -1.749799
v -0.203460 0.921625 -1.831384
v -0.203460 0.796066 -1.912970
v -0.203460 0.670506 -1.831384
v -0.121806 -0.638420 -0.615770
v -0.121806 -0.805833 -0.452599
v -0.121806 -0.638420 -0.289427
v -0.121806 -0.387302 -0.452599
v -0.203460 -0.805833 -0.452599
v -0.203460 -0.638420 -0.615770
v -0.121806 -0.805833 -0.697356
v -0.121806 -0.931392 -0.615770
v -0.203460 -0.805833 -0.697356
v -0.203460 -0.931392 -0.615770
v -0.203460 -0.805833 -0.534185
v -0.203460 -0.680273 -0.615770
v -0.121806 -0.805833 -1.994556
v -0.121806 -0.638420 -1.831384
v -0.121806 -0.387302 -1.994556
v -0.121806 -0.638420 -2.157727
v -0.203460 -0.638420 -1.831384
v -0.203460 -0.805833 -1.994556
v -0.121806 -0.931392 -1.831384
v -0.121806 -0.805833 -1.749799
v -0.203460 -0.931392 -1.831384
v -0.203460 -0.805833 -1.749799
v -0.203460 -0.680274 -1.831384
v -0.203460 -0.805833 -1.912970
v -0.121806 -3.579539 -1.831384
v -0.121806 -3.412127 -1.994556
v -0.121806 -3.579539 -2.157727
v -0.121806 -3.830658 -1.994556
v -0.203460 -3.412127 -1.994556
v -0.203460 -3.579539 -1.831384
v -0.121806 -3.412127 -0.452599
v -0.121806 -3.579539 -0.615770
v -0.121806 -3.830658 -0.452599
v -0.121806 -3.579539 -0.289427
v -0.203460 -3.579539 -0.615770
v -0.203460 -3.412127 -0.452599
v -0.121806 -3.286567 -0.615770
v -0.121806 -3.412127 -0.697356
v -0.203460 -3.286567 -0.615770
v -0.203460 -3.412127 -0.697356
v -0.203460 -3.537686 -0.615770
v -0.203460 -3.412127 -0.534185
v -0.121806 -3.412127 -1.749799
v -0.121806 -3.286568 -1.831384
v -0.203460 -3.412127 -1.749799
v -0.203460 -3.286568 -1.831384
v -0.203460 -3.412127 -1.912970
v -0.203460 -3.537686 -1.831384
v -0.121806 0.000000 -2.449554
v -0.121806 0.063877 -2.449554
v -0.121806 0.231290 -2.449554
v -0.164306 0.231290 -2.449554
v -0.164306 0.063877 -2.449554
v -0.164306 0.063877 -1.994556
v -0.164306 0.231290 -1.994556
v -0.164306 0.231290 -0.615770
v -0.164306 0.063877 -0.615770
v -0.164306 0.063877 -0.452599
v -0.164306 0.231290 -0.452599
v -0.164306 0.231290 -1.831384
v -0.164306 0.063877 -1.831384
v -0.164306 -0.063877 -1.831384
v -0.164306 -0.231290 -1.831384
v -0.164306 -0.063877 -0.452599
v -0.164306 -0.231290 -0.452599
v -0.164306 -0.231290 -0.615770
v -0.164306 -0.063877 -0.615770
v -0.164306 -0.231290 -1.994556
v -0.164306 -0.063877 -1.994556
v -0.164306 -0.063877 -2.449554
v -0.164306 -0.231290 -2.449554
v -0.121806 -0.231290 -2.449554
v -0.121806 -0.063877 -2.449554
v -0.199867 0.253078 -2.449554
v -0.199836 0.295167 -2.449554
v -0.199867 0.253078 -1.831384
v -0.199836 0.295167 -1.831384
v -0.199836 0.295167 -1.994556
v -0.199867 0.253078 -1.994556
v -0.199867 0.253078 -0.452599
v -0.199836 0.295167 -0.452599
v -0.199836 0.295167 -0.615770
v -0.199867 0.253078 -0.615770
v -0.199867 -0.042089 -0.615770
v -0.199867 0.042089 -0.615770
v -0.199867 0.042089 -0.452599
v -0.199867 -0.042089 -0.452599
v -0.199867 0.042089 -1.831384
v -0.199867 -0.042089 -1.831384
v -0.199867 -0.042089 -1.994556
v -0.199867 0.042089 -1.994556
v -0.199867 -0.042089 -2.449554
v -0.199867 0.042089 -2.449554
v -0.176870 0.000000 -2.449554
v -0.199836 -0.295167 -2.449554
v -0.199867 -0.253078 -2.449554
v -0.199867 -0.253078 -1.994556
v -0.199836 -0.295167 -1.994556
v -0.199836 -0.295167 -1.831384
v -0.199867 -0.253078 -1.831384
v -0.199867 -0.253078 -0.615770
v -0.199836 -0.295167 -0.615770
v -0.199836 -0.295167 -0.452599
v -0.199867 -0.253078 -0.452599
v 0.000000 -0.805833 0.000000
v 0.000000 -0.063877 0.000000
v 0.000000 0.063877 0.000000
v 0.000000 0.628653 0.000000
v 0.000000 0.796066 0.000000
v -0.121806 -0.063877 0.000000
v -0.121806 0.063877 0.000000
v 0.121806 -0.063877 0.000000
v 0.121806 0.063877 0.000000
v 0.000000 0.295167 0.000000
v -0.121806 0.231290 0.000000
v 0.000000 0.231290 0.000000
v 0.121806 0.231290 0.000000
v -0.121806 -0.231290 0.000000
v 0.000000 -0.231290 0.000000
v 0.121806 -0.231290 0.000000
v 0.000000 -0.295167 0.000000
vn 1.0000 -0.0000 -0.0000
vn -0.0000 -0.0000 -1.0000
vn -0.0000 1.0000 -0.0000
vn 0.5224 -0.8527 -0.0000
vn -0.0000 -1.0000 -0.0000
vn 0.5224 0.8527 -0.0000
vn -0.0000 -0.0000 1.0000
vn -0.0000 0.6980 -0.7161
vn -0.0000 -0.5449 0.8385
vn -0.0000 0.6980 0.7161
vn -0.0000 -0.5449 -0.8385
vn -0.0000 -0.6980 0.7161
vn -0.0000 0.5449 -0.8385
vn -0.0000 -0.6980 -0.7161
vn -0.0000 0.5449 0.8385
vn 1.0000 0.0007 -0.0000
vn 1.0000 -0.0007 -0.0000
vn -1.0000 -0.0000 -0.0000
vn -0.5224 -0.8527 -0.0000
vn -0.5224 0.8527 -0.0000
vn -1.0000 0.0007 -0.0000
vn -1.0000 -0.0007 -0.0000
vt 0.137862 0.428655
vt 0.133632 0.428655
vt 0.129403 0.422145
vt 0.129405 0.299538
vt 0.133635 0.293028
vt 0.137864 0.293028
vt 0.057819 0.122848
vt 0.062048 0.122848
vt 0.066278 0.129358
vt 0.066276 0.251459
vt 0.062046 0.257969
vt 0.057816 0.257968
vt 0.874022 0.615786
vt 0.877334 0.615786
vt 0.877334 0.622102
vt 0.874022 0.622102
vt 0.057924 0.293028
vt 0.062153 0.293028
vt 0.066383 0.299537
vt 0.066381 0.422145
vt 0.062151 0.428655
vt 0.057921 0.428653
vt 0.343326 0.885395
vt 0.343590 0.750327
vt 0.366984 0.750374
vt 0.366670 0.885441
vt 0.446477 0.885639
vt 0.446783 0.750390
vt 0.470411 0.750488
vt 0.470068 0.885773
vt 0.142098 0.428659
vt 0.137870 0.428659
vt 0.142095 0.428655
vt 0.439621 0.502728
vt 0.447966 0.502679
vt 0.447466 0.521308
vt 0.438529 0.534530
vt 0.440140 0.534461
vt 0.824404 0.876766
vt 0.824404 0.813741
vt 0.826567 0.813741
vt 0.826566 0.876766
vt 0.344323 0.678095
vt 0.344185 0.543649
vt 0.367585 0.543607
vt 0.367653 0.678064
vt 0.448035 0.496395
vt 0.471671 0.496808
vt 0.471556 0.503146
vt 0.439576 0.741463
vt 0.375548 0.741717
vt 0.375507 0.724297
vt 0.439198 0.724112
vt 0.447318 0.723990
vt 0.447041 0.728344
vt 0.437980 0.741517
vt 0.447352 0.678032
vt 0.447354 0.543400
vt 0.470999 0.543454
vt 0.470870 0.678136
vt 0.437714 0.931913
vt 0.375029 0.931593
vt 0.375048 0.925310
vt 0.437763 0.925632
vt 0.141993 0.257974
vt 0.137765 0.257973
vt 0.137757 0.257969
vt 0.141990 0.257970
vt 0.376154 0.534916
vt 0.375957 0.503226
vt 0.376181 0.704332
vt 0.367767 0.704376
vt 0.367748 0.699624
vt 0.376130 0.686658
vt 0.376209 0.686614
vt 0.053688 0.293023
vt 0.057916 0.293024
vt 0.053690 0.293027
vt 0.366635 0.925298
vt 0.366666 0.907016
vt 0.375124 0.894084
vt 0.375217 0.894039
vt 0.939638 0.642703
vt 0.939684 0.705727
vt 0.937522 0.705729
vt 0.937476 0.642704
vt 0.446119 0.931983
vt 0.446170 0.925696
vt 0.133527 0.257969
vt 0.129298 0.251460
vt 0.129300 0.129359
vt 0.133530 0.122849
vt 0.137760 0.122849
vt 0.438871 0.704391
vt 0.438904 0.686706
vt 0.437958 0.894351
vt 0.437985 0.894294
vt 0.446321 0.907338
vt 0.137763 0.122843
vt 0.129300 0.116340
vt 0.129300 0.114170
vt 0.129303 0.114161
vt 0.343821 0.497159
vt 0.367386 0.496950
vt 0.367441 0.503310
vt 0.343880 0.503499
vt 0.824404 0.885225
vt 0.826566 0.885225
vt 0.826566 0.908815
vt 0.824404 0.908815
vt 0.375906 0.496863
vt 0.053583 0.257968
vt 0.057818 0.257971
vt 0.053585 0.257972
vt 0.053583 0.122844
vt 0.057811 0.122844
vt 0.053586 0.122848
vt 0.053687 0.428653
vt 0.057923 0.428657
vt 0.053690 0.428658
vt 0.343331 0.894033
vt 0.358264 0.894043
vt 0.343299 0.925274
vt 0.454879 0.894398
vt 0.470027 0.894499
vt 0.469693 0.925958
vt 0.129405 0.280116
vt 0.129405 0.284349
vt 0.066383 0.284348
vt 0.066383 0.280114
vt 0.066377 0.441569
vt 0.066377 0.437341
vt 0.066381 0.437333
vt 0.066381 0.441566
vt 0.066382 0.286518
vt 0.129405 0.286519
vt 0.125175 0.293028
vt 0.070613 0.293027
vt 0.476811 0.741857
vt 0.476741 0.750537
vt 0.470498 0.741815
vt 0.471072 0.534759
vt 0.455857 0.534667
vt 0.129409 0.280116
vt 0.129407 0.284341
vt 0.137867 0.293022
vt 0.343557 0.724400
vt 0.367002 0.724374
vt 0.367018 0.728659
vt 0.358547 0.741679
vt 0.343572 0.741676
vt 0.447181 0.543390
vt 0.470812 0.686813
vt 0.455748 0.686736
vt 0.447368 0.678065
vt 0.470654 0.704533
vt 0.447256 0.704391
vt 0.447272 0.699641
vt 0.066381 0.435163
vt 0.066272 0.270883
vt 0.066272 0.266655
vt 0.066277 0.266647
vt 0.066276 0.270881
vt 0.141993 0.122849
vt 0.477415 0.534790
vt 0.477356 0.543500
vt 0.129305 0.109937
vt 0.129300 0.109937
vt 0.438920 0.686670
vt 0.367562 0.521828
vt 0.359103 0.534927
vt 0.344098 0.535013
vt 0.342388 0.336990
vt 0.346622 0.336990
vt 0.346622 0.459096
vt 0.342388 0.459096
vt 0.477193 0.678185
vt 0.477117 0.686861
vt 0.476426 0.885810
vt 0.476369 0.894524
vt 0.439578 0.496386
vt 0.366622 0.931575
vt 0.475953 0.926027
vt 0.476895 0.704623
vt 0.477827 0.503298
vt 0.469619 0.932247
vt 0.470753 0.724529
vt 0.476999 0.724592
vt 0.343294 0.931551
vt 0.880646 0.615786
vt 0.880646 0.622102
vt 0.129402 0.437334
vt 0.129402 0.435164
vt 0.129409 0.437338
vt 0.066381 0.284349
vt 0.066277 0.264478
vt 0.066279 0.114168
vt 0.066278 0.116339
vt 0.066276 0.114170
vt 0.344348 0.686737
vt 0.359285 0.686692
vt 0.344405 0.704455
vt 0.129298 0.266648
vt 0.129298 0.270881
vt 0.375457 0.741743
vt 0.446484 0.885681
vt 0.446612 0.750389
vt 0.455317 0.741690
vt 0.366971 0.750363
vt 0.125070 0.122849
vt 0.070508 0.122848
vt 0.342388 0.329227
vt 0.336073 0.329227
vt 0.336073 0.274662
vt 0.342388 0.274661
vt 0.376056 0.534943
vt 0.066279 0.109935
vt 0.298600 0.144172
vt 0.302833 0.144172
vt 0.302833 0.266784
vt 0.298600 0.266784
vt 0.367572 0.543596
vt 0.142098 0.293029
vt 0.129402 0.441567
vt 0.872990 0.883598
vt 0.875152 0.883598
vt 0.875152 0.907188
vt 0.872990 0.907188
vt 0.874022 0.613583
vt 0.875152 0.611739
vt 0.877334 0.612932
vt 0.872990 0.780188
vt 0.875152 0.780188
vt 0.875152 0.803653
vt 0.872990 0.803653
vt 0.931294 0.705733
vt 0.935340 0.705730
vt 0.935346 0.714190
vt 0.931301 0.714193
vt 0.881679 0.803653
vt 0.881679 0.812113
vt 0.879516 0.812113
vt 0.879516 0.803653
vt 0.938554 0.904260
vt 0.937422 0.906102
vt 0.935240 0.906097
vt 0.935246 0.902052
vt 0.937528 0.714189
vt 0.939690 0.714187
vt 0.931248 0.642709
vt 0.935294 0.642706
vt 0.818177 0.876766
vt 0.822222 0.876766
vt 0.822222 0.885225
vt 0.818177 0.885225
vt 0.298600 0.329113
vt 0.292285 0.329113
vt 0.292285 0.274548
vt 0.298600 0.274548
vt 0.070611 0.428654
vt 0.125173 0.428655
vt 0.298600 0.136408
vt 0.292285 0.136408
vt 0.292285 0.081844
vt 0.298600 0.081844
vt 0.298600 0.336876
vt 0.298600 0.459489
vt 0.292285 0.459489
vt 0.292285 0.336876
vt 0.129298 0.264479
vt 0.129304 0.266653
vt 0.342388 0.137029
vt 0.336073 0.137029
vt 0.336073 0.082464
vt 0.342388 0.082464
vt 0.336073 0.459096
vt 0.336073 0.336990
vt 0.070506 0.257968
vt 0.125068 0.257969
vt 0.140901 0.431614
vt 0.132440 0.440294
vt 0.129406 0.441567
vt 0.302833 0.274548
vt 0.931242 0.634249
vt 0.935287 0.634246
vt 0.939632 0.634243
vt 0.937470 0.634244
vt 0.292285 0.266784
vt 0.292285 0.144172
vt 0.366734 0.885412
vt 0.063344 0.440294
vt 0.054890 0.431610
vt 0.302833 0.329113
vt 0.302833 0.336876
vt 0.872990 0.875138
vt 0.875152 0.875138
vt 0.937452 0.610655
vt 0.939615 0.610653
vt 0.054886 0.290067
vt 0.063351 0.281392
vt 0.066379 0.280117
vt 0.298600 0.074080
vt 0.302833 0.074080
vt 0.302833 0.081844
vt 0.935363 0.737655
vt 0.931318 0.737658
vt 0.821985 0.617419
vt 0.821976 0.613374
vt 0.824158 0.613367
vt 0.825292 0.615209
vt 0.292285 0.074080
vt 0.302833 0.459489
vt 0.132440 0.281386
vt 0.140900 0.290067
vt 0.142095 0.293024
vt 0.818177 0.805281
vt 0.822222 0.805281
vt 0.822222 0.813741
vt 0.818177 0.813741
vt 0.302833 0.136408
vt 0.879516 0.611739
vt 0.880646 0.613583
vt 0.367716 0.678029
vt 0.063239 0.269608
vt 0.054785 0.260924
vt 0.879516 0.883598
vt 0.879516 0.875138
vt 0.881679 0.875138
vt 0.881679 0.883598
vt 0.346622 0.329227
vt 0.881679 0.907188
vt 0.879516 0.907188
vt 0.872990 0.812113
vt 0.875152 0.812113
vt 0.346622 0.274662
vt 0.140797 0.260929
vt 0.132336 0.269608
vt 0.129302 0.270881
vt 0.825297 0.617412
vt 0.825311 0.623727
vt 0.821999 0.623734
vt 0.346622 0.266898
vt 0.342388 0.266898
vt 0.938558 0.902057
vt 0.935255 0.895737
vt 0.938567 0.895742
vt 0.336073 0.266898
vt 0.822222 0.908815
vt 0.818177 0.908815
vt 0.342388 0.144792
vt 0.346622 0.144792
vt 0.132335 0.111206
vt 0.140795 0.119888
vt 0.141990 0.122845
vt 0.054781 0.119888
vt 0.063246 0.111213
vt 0.066274 0.109937
vt 0.826567 0.805281
vt 0.824404 0.805281
vt 0.342388 0.074701
vt 0.346622 0.074701
vt 0.346622 0.082464
vt 0.336073 0.074701
vt 0.818177 0.781816
vt 0.822222 0.781816
vt 0.336073 0.144792
vt 0.346622 0.137029
vt 0.931225 0.610659
vt 0.935270 0.610656
vt 0.879516 0.780188
vt 0.881679 0.780188
vt 0.843957 0.803222
vt 0.852637 0.803222
vt 0.852637 0.811682
vt 0.843957 0.811682
vt 0.852637 0.627201
vt 0.843957 0.627201
vt 0.843957 0.620886
vt 0.852637 0.620886
vt 0.852637 0.874706
vt 0.843957 0.874706
vt 0.852637 0.906756
vt 0.843957 0.906756
vt 0.843957 0.883166
vt 0.852637 0.883166
vt 0.843957 0.779756
vt 0.852637 0.779756
vt 0.843957 0.618682
vt 0.852637 0.618682
vt 0.912067 0.626874
vt 0.903387 0.626874
vt 0.903387 0.620559
vt 0.912067 0.620559
vt 0.912067 0.874380
vt 0.903387 0.874380
vt 0.903387 0.811355
vt 0.912067 0.811355
vt 0.912067 0.906429
vt 0.903387 0.906429
vt 0.903387 0.882839
vt 0.912067 0.882839
vt 0.912067 0.802895
vt 0.903387 0.802895
vt 0.903387 0.779430
vt 0.912067 0.779430
vt 0.903387 0.618355
vt 0.912067 0.618355
vt 0.824404 0.781816
vt 0.826567 0.781816
vt 0.937545 0.737654
vt 0.939708 0.737652
vt 0.154698 0.428941
vt 0.154698 0.293314
vt 0.158928 0.293314
vt 0.163158 0.299824
vt 0.163158 0.422431
vt 0.158928 0.428941
vt 0.234831 0.122655
vt 0.234831 0.257775
vt 0.230601 0.257775
vt 0.226371 0.251266
vt 0.226371 0.129164
vt 0.230601 0.122655
vt 0.874022 0.628417
vt 0.877334 0.628417
vt 0.234640 0.293315
vt 0.234639 0.428941
vt 0.230410 0.428941
vt 0.226180 0.422431
vt 0.226180 0.299824
vt 0.230410 0.293314
vt 0.609662 0.885901
vt 0.586240 0.885864
vt 0.586360 0.750766
vt 0.609710 0.750762
vt 0.506437 0.885925
vt 0.482787 0.885853
vt 0.483068 0.750581
vt 0.506605 0.750701
vt 0.150465 0.428945
vt 0.150465 0.428941
vt 0.154694 0.428947
vt 0.515934 0.503714
vt 0.515786 0.534957
vt 0.515756 0.535010
vt 0.507419 0.521994
vt 0.507559 0.503667
vt 0.824251 0.666141
vt 0.826413 0.666138
vt 0.826505 0.729163
vt 0.824343 0.729166
vt 0.610284 0.678253
vt 0.586902 0.678236
vt 0.587029 0.543761
vt 0.610356 0.543780
vt 0.448100 0.490059
vt 0.471781 0.490468
vt 0.515072 0.742016
vt 0.515130 0.724816
vt 0.577863 0.724973
vt 0.577809 0.742202
vt 0.515059 0.742055
vt 0.506712 0.729049
vt 0.506732 0.724795
vt 0.507145 0.678320
vt 0.483521 0.678239
vt 0.483710 0.543539
vt 0.507282 0.543658
vt 0.437669 0.938190
vt 0.375006 0.937870
vt 0.150656 0.257779
vt 0.150656 0.257775
vt 0.154890 0.257775
vt 0.154885 0.257781
vt 0.578597 0.503927
vt 0.578479 0.535174
vt 0.578425 0.704816
vt 0.578353 0.686897
vt 0.578445 0.686872
vt 0.586897 0.699933
vt 0.586923 0.704722
vt 0.238873 0.293310
vt 0.238873 0.293315
vt 0.234644 0.293308
vt 0.577803 0.926177
vt 0.577656 0.894504
vt 0.577757 0.894491
vt 0.586212 0.907599
vt 0.586293 0.926055
vt 0.939638 0.853330
vt 0.937476 0.853328
vt 0.937522 0.790304
vt 0.939684 0.790305
vt 0.446060 0.938265
vt 0.154890 0.122655
vt 0.159120 0.122655
vt 0.163349 0.129164
vt 0.163349 0.251266
vt 0.159120 0.257775
vt 0.514773 0.705115
vt 0.514364 0.687249
vt 0.513640 0.894860
vt 0.514109 0.926588
vt 0.505799 0.926654
vt 0.506309 0.908013
vt 0.515253 0.894796
vt 0.154883 0.122651
vt 0.163343 0.113971
vt 0.163349 0.113975
vt 0.163349 0.116145
vt 0.343761 0.490818
vt 0.367325 0.490595
vt 0.824238 0.657682
vt 0.824204 0.634092
vt 0.826366 0.634089
vt 0.826400 0.657679
vt 0.375850 0.490493
vt 0.239064 0.257775
vt 0.239064 0.257779
vt 0.234838 0.257779
vt 0.239064 0.122651
vt 0.239064 0.122655
vt 0.234835 0.122649
vt 0.238873 0.428941
vt 0.238873 0.428945
vt 0.234646 0.428945
vt 0.609664 0.894551
vt 0.609724 0.925928
vt 0.594690 0.894557
vt 0.497927 0.894650
vt 0.482214 0.926125
vt 0.482717 0.894550
vt 0.163158 0.280402
vt 0.226180 0.280401
vt 0.226180 0.284635
vt 0.163158 0.284635
vt 0.226184 0.441854
vt 0.226180 0.441854
vt 0.226180 0.437621
vt 0.226182 0.437620
vt 0.226181 0.286804
vt 0.221950 0.293314
vt 0.167388 0.293314
vt 0.163158 0.286805
vt 0.483120 0.741893
vt 0.498883 0.534918
vt 0.483753 0.534820
vt 0.484077 0.503420
vt 0.163154 0.280402
vt 0.163151 0.284631
vt 0.154692 0.293310
vt 0.609662 0.724890
vt 0.609695 0.742116
vt 0.594747 0.742143
vt 0.586293 0.729191
vt 0.586281 0.724940
vt 0.507274 0.543620
vt 0.507318 0.678325
vt 0.498619 0.687035
vt 0.483430 0.686913
vt 0.506920 0.700385
vt 0.506639 0.705254
vt 0.483156 0.704749
vt 0.226181 0.435451
vt 0.226375 0.270688
vt 0.226371 0.270688
vt 0.226371 0.266455
vt 0.226374 0.266454
vt 0.150656 0.122655
vt 0.163345 0.109742
vt 0.163349 0.109742
vt 0.515962 0.687189
vt 0.610353 0.503898
vt 0.610354 0.535146
vt 0.595422 0.535151
vt 0.587005 0.522193
vt 0.587003 0.503911
vt 0.329758 0.336990
vt 0.329758 0.459096
vt 0.325525 0.459096
vt 0.325525 0.336990
vt 0.439562 0.490021
vt 0.366610 0.937850
vt 0.469547 0.938535
vt 0.483263 0.724618
vt 0.343288 0.937827
vt 0.880646 0.628417
vt 0.163158 0.437620
vt 0.163155 0.437629
vt 0.163158 0.435450
vt 0.226182 0.284635
vt 0.226372 0.264285
vt 0.226371 0.113975
vt 0.226374 0.113975
vt 0.226372 0.116145
vt 0.610301 0.686904
vt 0.610337 0.704658
vt 0.595343 0.686914
vt 0.163349 0.270688
vt 0.163349 0.266454
vt 0.577889 0.742156
vt 0.506607 0.885930
vt 0.498208 0.741972
vt 0.506591 0.750662
vt 0.586297 0.750801
vt 0.222142 0.122655
vt 0.167579 0.122655
vt 0.329758 0.329227
vt 0.329758 0.274661
vt 0.578570 0.535131
vt 0.226371 0.109742
vt 0.285969 0.144172
vt 0.285969 0.266784
vt 0.281736 0.266784
vt 0.281736 0.144172
vt 0.586966 0.543788
vt 0.150465 0.293314
vt 0.163158 0.441853
vt 0.872990 0.656054
vt 0.872990 0.632464
vt 0.875152 0.632464
vt 0.875152 0.656054
vt 0.877334 0.631272
vt 0.874022 0.630620
vt 0.872990 0.759463
vt 0.872990 0.735998
vt 0.875152 0.735998
vt 0.875152 0.759463
vt 0.931294 0.790299
vt 0.931301 0.781839
vt 0.935346 0.781842
vt 0.935340 0.790302
vt 0.881679 0.735998
vt 0.879516 0.735998
vt 0.879516 0.727538
vt 0.881679 0.727538
vt 0.935264 0.889422
vt 0.935270 0.885376
vt 0.937452 0.885378
vt 0.938579 0.887223
vt 0.937528 0.781844
vt 0.939690 0.781845
vt 0.931248 0.853324
vt 0.935294 0.853326
vt 0.818023 0.666151
vt 0.818011 0.657691
vt 0.822056 0.657685
vt 0.822068 0.666145
vt 0.285970 0.329113
vt 0.285969 0.274548
vt 0.167388 0.428941
vt 0.221950 0.428941
vt 0.285969 0.136408
vt 0.285969 0.081844
vt 0.285969 0.336876
vt 0.285970 0.459489
vt 0.163347 0.266463
vt 0.163349 0.264285
vt 0.329758 0.137029
vt 0.329758 0.082464
vt 0.167579 0.257775
vt 0.222142 0.257775
vt 0.151662 0.431903
vt 0.160123 0.440584
vt 0.163154 0.441853
vt 0.281736 0.274548
vt 0.931242 0.861783
vt 0.935287 0.861786
vt 0.939632 0.861790
vt 0.937470 0.861788
vt 0.586255 0.885869
vt 0.229213 0.440576
vt 0.237676 0.431901
vt 0.281736 0.329113
vt 0.281736 0.336876
vt 0.875152 0.664514
vt 0.872990 0.664514
vt 0.939615 0.885379
vt 0.237673 0.290353
vt 0.229212 0.281679
vt 0.226184 0.280401
vt 0.281736 0.081844
vt 0.281736 0.074080
vt 0.285969 0.074080
vt 0.931318 0.758374
vt 0.935363 0.758377
vt 0.822013 0.630050
vt 0.825325 0.630042
vt 0.825329 0.632246
vt 0.281736 0.459489
vt 0.160120 0.281676
vt 0.151660 0.290356
vt 0.150465 0.293310
vt 0.818127 0.737635
vt 0.818115 0.729175
vt 0.822161 0.729169
vt 0.822173 0.737629
vt 0.281736 0.136408
vt 0.880646 0.630620
vt 0.586914 0.678247
vt 0.229404 0.269411
vt 0.237868 0.260735
vt 0.879516 0.656054
vt 0.881679 0.656054
vt 0.881679 0.664514
vt 0.879516 0.664514
vt 0.325525 0.329227
vt 0.879516 0.632464
vt 0.881679 0.632464
vt 0.875152 0.727538
vt 0.872990 0.727538
vt 0.325525 0.274662
vt 0.151853 0.260737
vt 0.160315 0.269418
vt 0.163345 0.270688
vt 0.325525 0.266898
vt 0.329758 0.266898
vt 0.938576 0.889426
vt 0.817976 0.634101
vt 0.822021 0.634095
vt 0.329758 0.144792
vt 0.325525 0.144792
vt 0.160311 0.111017
vt 0.151851 0.119696
vt 0.150656 0.122651
vt 0.237865 0.119693
vt 0.229403 0.111020
vt 0.226375 0.109742
vt 0.826517 0.737623
vt 0.824355 0.737626
vt 0.325525 0.082464
vt 0.325525 0.074701
vt 0.329758 0.074701
vt 0.818162 0.761100
vt 0.822207 0.761095
vt 0.325525 0.137029
vt 0.931225 0.885373
vt 0.879516 0.759463
vt 0.881679 0.759463
vt 0.843957 0.739254
vt 0.843957 0.730794
vt 0.852637 0.730794
vt 0.852637 0.739254
vt 0.852637 0.633516
vt 0.843957 0.633516
vt 0.852637 0.667769
vt 0.843957 0.667769
vt 0.852637 0.635720
vt 0.852637 0.659309
vt 0.843957 0.659309
vt 0.843957 0.635720
vt 0.852637 0.762719
vt 0.843957 0.762719
vt 0.912067 0.633189
vt 0.903387 0.633189
vt 0.912067 0.667442
vt 0.912067 0.730467
vt 0.903387 0.730467
vt 0.903387 0.667442
vt 0.912067 0.635393
vt 0.912067 0.658983
vt 0.903387 0.658983
vt 0.903387 0.635393
vt 0.912067 0.738927
vt 0.912067 0.762392
vt 0.903387 0.762392
vt 0.903387 0.738927
vt 0.824389 0.761091
vt 0.826552 0.761088
vt 0.937545 0.758378
vt 0.939708 0.758380
vt 0.616577 0.678247
vt 0.616644 0.503896
vt 0.622866 0.678243
vt 0.622928 0.503898
vt 0.622916 0.535150
vt 0.622912 0.543787
vt 0.622928 0.704625
vt 0.616633 0.704640
vt 0.622886 0.686886
vt 0.874022 0.761307
vt 0.880646 0.761307
vt 0.874022 0.776141
vt 0.874022 0.769826
vt 0.880646 0.769826
vt 0.880646 0.776141
vt 0.822210 0.765140
vt 0.825520 0.762934
vt 0.843957 0.777553
vt 0.852637 0.777553
vt 0.615997 0.750754
vt 0.615987 0.742106
vt 0.622291 0.750750
vt 0.622280 0.742097
vt 0.615998 0.925888
vt 0.622292 0.925888
vt 0.622292 0.885935
vt 0.622292 0.894586
vt 0.935363 0.754331
vt 0.938675 0.756535
vt 0.874022 0.763511
vt 0.880646 0.763511
vt 0.843957 0.771238
vt 0.843957 0.764923
vt 0.852637 0.764923
vt 0.852637 0.771238
vt 0.874022 0.778344
vt 0.880646 0.778344
vt 0.938675 0.739498
vt 0.935363 0.741701
vt 0.825522 0.765137
vt 0.822219 0.777770
vt 0.825533 0.779971
vt 0.938675 0.754331
vt 0.938675 0.741701
vt 0.615956 0.724878
vt 0.622249 0.724866
vt 0.822215 0.771455
vt 0.825526 0.771453
vt 0.825531 0.777768
vt 0.903387 0.777226
vt 0.903387 0.770911
vt 0.912067 0.770911
vt 0.912067 0.777226
vt 0.903387 0.764596
vt 0.912067 0.764596
vt 0.938675 0.748016
vt 0.935363 0.748016
s 0
usemtl Door
f 1616/2445/55 1642/2446/55 1639/2447/55 1682/2448/55 1683/2449/55 1619/2450/55
f 1630/2451/55 1732/2452/55 1729/2453/55 1696/2454/55 1697/2455/55 1625/2456/55
f 1745/2457/56 1742/2458/56 1741/2459/56 1747/2460/56
f 1622/2461/55 1670/2462/55 1667/2463/55 1654/2464/55 1655/2465/55 1617/2466/55
f 1512/2467/55 1513/2468/55 1590/2469/55 1583/2470/55
f 1582/2471/55 1587/2472/55 1586/2473/55 1579/2474/55
f 1631/2475/57 1636/2476/57 1616/2445/57 1582/2477/57
f 1563/2478/55 1564/2479/55 1718/2480/55 1715/2481/55 1600/2482/55
f 1775/2483/58 1782/2484/58 1753/2485/58 1757/2486/58
f 1516/2487/55 1517/2488/55 1602/2489/55 1595/2490/55
f 1558/2491/59 1577/2492/59 1552/2493/59 1564/2479/59
f 1588/2494/55 1589/2495/55 1574/2496/55 1565/2497/55
f 1565/2497/55 1566/2498/55 1676/2499/55 1673/2500/55 1588/2494/55
f 1594/2501/55 1599/2502/55 1598/2503/55 1591/2504/55
f 1555/2505/57 1606/2506/57 1569/2507/57 1562/2508/57
f 1701/2509/57 1706/2510/57 1624/2511/57 1594/2512/57
f 1600/2482/55 1601/2513/55 1572/2514/55 1563/2478/55
f 1575/2515/55 1576/2516/55 1690/2517/55 1687/2518/55 1596/2519/55
f 1659/2520/57 1664/2521/57 1622/2461/57 1590/2522/57
f 1569/2507/55 1570/2523/55 1648/2524/55 1645/2525/55 1584/2526/55
f 1760/2527/60 1763/2528/60 1800/2529/60 1799/2530/60
f 1556/2531/57 1555/2505/57 1562/2508/57 1561/2532/57
f 1624/2511/55 1712/2533/55 1709/2534/55 1738/2535/55 1739/2536/55 1627/2537/55
f 1568/2538/55 1575/2515/55 1596/2519/55 1593/2539/55
f 1581/2540/55 1632/2541/55 1633/2542/55 1561/2532/55 1562/2508/55
f 1562/2508/55 1569/2507/55 1584/2526/55 1581/2540/55
f 1719/2543/55 1627/2537/55 1739/2536/55 1740/2544/55 1628/2545/55 1720/2546/55
f 1510/2547/59 1603/2548/59 1571/2549/59 1506/2550/59
f 1778/2551/58 1752/2552/58 1749/2553/58 1773/2554/58
f 1603/2548/59 1604/2555/59 1572/2514/59 1571/2549/59
f 1595/2556/57 1625/2456/57 1691/2557/57 1688/2558/57
f 1721/2559/57 1726/2560/57 1630/2451/57 1602/2561/57
f 1583/2562/57 1617/2466/57 1649/2563/57 1646/2564/57
f 1511/2565/55 1647/2566/55 1648/2524/55 1570/2523/55 1505/2567/55
f 1634/2568/55 1580/2569/55 1551/2570/55 1561/2532/55 1633/2542/55
f 1588/2571/59 1620/2572/59 1621/2573/59 1589/2574/59
f 1645/2575/57 1650/2576/57 1618/2577/57 1584/2578/57
f 1669/2579/55 1621/2573/55 1620/2572/55 1684/2580/55 1681/2581/55 1668/2582/55
f 1609/2583/56 1610/2584/56 1586/2473/56 1585/2585/56
f 1564/2479/55 1552/2493/55 1597/2586/55 1717/2587/55 1718/2480/55
f 1673/2588/57 1678/2589/57 1620/2572/57 1588/2571/57
f 1677/2590/55 1619/2450/55 1683/2449/55 1684/2580/55 1620/2572/55 1678/2589/55
f 1507/2591/55 1573/2592/55 1661/2593/55 1662/2594/55 1514/2595/55
f 1599/2502/55 1716/2596/55 1717/2587/55 1597/2586/55 1598/2503/55
f 1591/2504/55 1592/2597/55 1704/2598/55 1701/2599/55 1594/2501/55
f 1704/2598/55 1592/2597/55 1554/2600/55 1567/2601/55 1703/2602/55
f 1649/2563/55 1617/2466/55 1655/2465/55 1656/2603/55 1618/2577/55 1650/2576/55
f 1687/2604/57 1692/2605/57 1626/2606/57 1596/2607/57
f 1594/2512/56 1624/2511/56 1627/2537/56 1599/2608/56
f 1613/2609/56 1614/2610/56 1598/2503/56 1597/2586/56
f 1590/2522/61 1622/2461/61 1617/2466/61 1583/2562/61
f 1715/2611/57 1720/2546/57 1628/2545/57 1600/2612/57
f 1593/2539/55 1702/2613/55 1703/2602/55 1567/2601/55 1568/2538/55
f 1506/2550/55 1571/2549/55 1723/2614/55 1724/2615/55 1518/2616/55
f 1694/2617/56 1696/2618/56 1729/2619/56 1727/2620/56
f 1592/2597/56 1591/2504/56 1612/2621/56 1611/2622/56
f 1580/2569/56 1579/2474/56 1608/2623/56 1607/2624/56
f 1563/2478/59 1572/2514/59 1604/2555/59 1557/2625/59
f 1570/2523/57 1569/2507/57 1606/2506/57 1605/2626/57
f 1564/2479/59 1563/2478/59 1557/2625/59 1558/2491/59
f 1580/2569/56 1607/2624/56 1578/2627/56 1551/2570/56
f 1592/2597/56 1611/2622/56 1559/2628/56 1554/2600/56
f 1591/2504/56 1598/2503/56 1614/2610/56 1612/2621/56
f 1552/2493/56 1577/2629/56 1613/2609/56 1597/2586/56
f 1561/2532/57 1551/2570/57 1578/2630/57 1556/2531/57
f 1553/2631/56 1560/2632/56 1609/2583/56 1585/2585/56
f 1505/2567/57 1570/2523/57 1605/2626/57 1509/2633/57
f 1742/2458/56 1772/2634/56 1770/2635/56 1741/2459/56
f 1579/2474/56 1586/2473/56 1610/2584/56 1608/2623/56
f 1615/2636/55 1641/2637/55 1642/2446/55 1616/2445/55 1636/2476/55 1635/2638/55
f 1621/2573/55 1669/2579/55 1670/2462/55 1622/2461/55 1664/2521/55 1663/2639/55
f 1691/2557/55 1625/2456/55 1697/2455/55 1698/2640/55 1626/2606/55 1692/2605/55
f 1629/2641/55 1731/2642/55 1732/2452/55 1630/2451/55 1726/2560/55 1725/2643/55
f 1515/2644/55 1689/2645/55 1690/2517/55 1576/2516/55 1508/2646/55
f 1602/2561/61 1630/2451/61 1625/2456/61 1595/2556/61
f 1596/2607/57 1626/2606/57 1623/2647/57 1593/2648/57
f 1589/2495/55 1660/2649/55 1661/2593/55 1573/2592/55 1574/2496/55
f 1579/2474/55 1580/2569/55 1634/2568/55 1631/2650/55 1582/2471/55
f 1587/2472/55 1674/2651/55 1675/2652/55 1585/2585/55 1586/2473/55
f 1513/2468/55 1514/2595/55 1662/2594/55 1659/2653/55 1590/2469/55
f 1566/2498/55 1553/2631/55 1585/2585/55 1675/2652/55 1676/2499/55
f 1731/2642/55 1629/2641/55 1628/2545/55 1740/2544/55 1737/2654/55 1730/2655/55
f 1693/2656/59 1699/2657/59 1714/2658/59 1708/2659/59
f 1601/2513/55 1722/2660/55 1723/2614/55 1571/2549/55 1572/2514/55
f 1600/2612/59 1628/2545/59 1629/2641/59 1601/2661/59
f 1680/2662/61 1682/2663/61 1639/2664/61 1637/2665/61
f 1517/2488/55 1518/2616/55 1724/2615/55 1721/2666/55 1602/2489/55
f 1582/2477/56 1616/2445/56 1619/2450/56 1587/2667/56
f 1584/2578/57 1618/2577/57 1615/2636/57 1581/2668/57
f 1751/2669/60 1790/2670/60 1792/2671/60 1750/2672/60
f 1750/2673/56 1792/2674/56 1793/2675/56 1742/2458/56
f 1520/2676/60 1525/2677/60 1785/2678/60 1755/2679/60
f 1575/2680/59 1801/2681/59 1802/2682/59 1576/2683/59
f 1761/2684/58 1764/2685/58 1783/2686/58 1786/2687/58
f 1768/2688/56 1795/2689/56 1794/2690/56 1554/2691/56
f 1803/2692/60 1800/2529/60 1763/2528/60 1762/2693/60
f 1568/2694/59 1798/2695/59 1801/2681/59 1575/2680/59
f 1565/2696/57 1776/2697/57 1777/2698/57 1566/2699/57
f 1651/2700/59 1658/2701/59 1643/2702/59 1638/2703/59
f 1641/2637/55 1615/2636/55 1618/2577/55 1656/2603/55 1653/2704/55 1640/2705/55
f 1679/2706/57 1685/2707/57 1671/2708/57 1666/2709/57
f 1652/2710/56 1665/2711/56 1672/2712/56 1657/2713/56
f 1623/2647/55 1711/2714/55 1712/2533/55 1624/2511/55 1706/2510/55 1705/2715/55
f 1735/2716/57 1743/2717/57 1734/2718/57 1728/2719/57
f 1694/2617/56 1727/2620/56 1733/2720/56 1700/2721/56
f 1711/2714/55 1623/2647/55 1626/2606/55 1698/2640/55 1695/2722/55 1710/2723/55
f 1631/2650/55 1634/2568/55 1633/2542/55 1632/2541/55
f 1631/2724/62 1632/2725/62 1635/2638/62 1636/2476/62
f 1581/2668/59 1615/2636/59 1635/2638/59 1632/2726/59
f 1639/2447/55 1642/2446/55 1641/2637/55 1640/2705/55
f 1638/2703/63 1637/2665/63 1639/2664/63 1640/2727/63
f 1567/2728/59 1797/2729/59 1798/2695/59 1568/2694/59
f 1765/2730/60 1760/2527/60 1799/2530/60 1796/2731/60
f 1637/2665/63 1638/2703/63 1643/2702/63 1644/2732/63
f 1637/2665/61 1644/2732/61 1686/2733/61 1680/2662/61
f 1645/2525/55 1648/2524/55 1647/2566/55 1646/2734/55
f 1645/2735/64 1646/2736/64 1649/2563/64 1650/2576/64
f 1583/2470/55 1646/2734/55 1647/2566/55 1511/2565/55 1512/2467/55
f 1653/2704/55 1656/2603/55 1655/2465/55 1654/2464/55
f 1653/2737/65 1654/2738/65 1652/2710/65 1651/2700/65
f 1751/2669/60 1758/2739/60 1787/2740/60 1790/2670/60
f 1765/2730/60 1796/2731/60 1795/2741/60 1768/2742/60
f 1657/2713/65 1658/2701/65 1651/2700/65 1652/2710/65
f 1638/2703/59 1640/2727/59 1653/2737/59 1651/2700/59
f 1659/2653/55 1662/2594/55 1661/2593/55 1660/2649/55
f 1659/2743/66 1660/2744/66 1663/2639/66 1664/2521/66
f 1589/2574/57 1621/2573/57 1663/2639/57 1660/2745/57
f 1667/2463/55 1670/2462/55 1669/2579/55 1668/2582/55
f 1666/2709/67 1665/2746/67 1667/2747/67 1668/2748/67
f 1576/2683/59 1802/2682/59 1528/2749/59 1508/2750/59
f 1553/2751/56 1774/2752/56 1773/2753/56 1749/2754/56
f 1665/2746/67 1666/2709/67 1671/2708/67 1672/2755/67
f 1652/2710/56 1654/2738/56 1667/2756/56 1665/2711/56
f 1673/2500/55 1676/2499/55 1675/2652/55 1674/2651/55
f 1673/2757/68 1674/2758/68 1677/2590/68 1678/2589/68
f 1587/2667/57 1619/2450/57 1677/2590/57 1674/2759/57
f 1681/2581/55 1684/2580/55 1683/2449/55 1682/2448/55
f 1573/2760/57 1780/2761/57 1781/2762/57 1574/2763/57
f 1681/2764/69 1682/2663/69 1680/2662/69 1679/2706/69
f 1742/2458/56 1793/2675/56 1791/2765/56 1767/2766/56
f 1686/2733/69 1685/2707/69 1679/2706/69 1680/2662/69
f 1666/2709/57 1668/2748/57 1681/2764/57 1679/2706/57
f 1687/2518/55 1690/2517/55 1689/2645/55 1688/2767/55
f 1687/2768/64 1688/2769/64 1691/2557/64 1692/2605/64
f 1595/2490/55 1688/2767/55 1689/2645/55 1515/2644/55 1516/2487/55
f 1695/2722/55 1698/2640/55 1697/2455/55 1696/2454/55
f 1789/2770/58 1788/2771/58 1759/2772/58 1766/2773/58
f 1695/2774/65 1696/2618/65 1694/2617/65 1693/2656/65
f 1789/2770/58 1766/2773/58 1767/2775/58 1791/2776/58
f 1700/2721/65 1699/2657/65 1693/2656/65 1694/2617/65
f 1758/2739/60 1754/2777/60 1784/2778/60 1787/2740/60
f 1708/2659/59 1710/2779/59 1695/2774/59 1693/2656/59
f 1701/2599/55 1704/2598/55 1703/2602/55 1702/2613/55
f 1701/2780/62 1702/2781/62 1705/2715/62 1706/2510/62
f 1593/2648/59 1623/2647/59 1705/2715/59 1702/2782/59
f 1709/2534/55 1712/2533/55 1711/2714/55 1710/2723/55
f 1553/2751/56 1746/2783/56 1748/2784/56 1560/2785/56
f 1709/2786/63 1710/2779/63 1708/2659/63 1707/2787/63
f 1771/2788/56 1554/2691/56 1559/2789/56 1769/2790/56
f 1707/2787/63 1708/2659/63 1714/2658/63 1713/2791/63
f 1566/2699/57 1777/2698/57 1774/2792/57 1553/2793/57
f 1736/2794/61 1738/2795/61 1709/2786/61 1707/2787/61
f 1715/2481/55 1718/2480/55 1717/2587/55 1716/2596/55
f 1715/2796/68 1716/2797/68 1719/2543/68 1720/2546/68
f 1599/2608/57 1627/2537/57 1719/2543/57 1716/2798/57
f 1721/2666/55 1724/2615/55 1723/2614/55 1722/2660/55
f 1721/2799/66 1722/2800/66 1725/2643/66 1726/2560/66
f 1601/2661/57 1629/2641/57 1725/2643/57 1722/2801/57
f 1729/2453/55 1732/2452/55 1731/2642/55 1730/2655/55
f 1756/2802/58 1753/2485/58 1782/2484/58 1779/2803/58
f 1728/2719/67 1727/2804/67 1729/2805/67 1730/2806/67
f 1778/2551/58 1775/2483/58 1757/2486/58 1752/2552/58
f 1727/2804/67 1728/2719/67 1734/2718/67 1733/2807/67
f 1507/2808/57 1523/2809/57 1780/2761/57 1573/2760/57
f 1707/2787/61 1713/2791/61 1744/2810/61 1736/2794/61
f 1737/2654/55 1740/2544/55 1739/2536/55 1738/2535/55
f 1574/2763/57 1781/2762/57 1776/2697/57 1565/2696/57
f 1736/2794/69 1735/2716/69 1737/2811/69 1738/2795/69
f 1554/2812/59 1794/2813/59 1797/2729/59 1567/2728/59
f 1744/2810/69 1743/2717/69 1735/2716/69 1736/2794/69
f 1526/2814/58 1522/2815/58 1761/2684/58 1786/2687/58
f 1728/2719/57 1730/2806/57 1737/2811/57 1735/2716/57
f 1756/2816/55 1755/2817/55 1754/2818/55 1753/2819/55
f 1747/2820/56 1748/2821/56 1746/2822/56 1745/2823/56
f 1758/2824/55 1757/2825/55 1753/2819/55 1754/2818/55
f 1750/2826/55 1749/2827/55 1752/2828/55 1751/2829/55
f 1755/2817/55 1756/2816/55 1519/2830/55 1520/2831/55
f 1751/2829/55 1752/2828/55 1757/2825/55 1758/2824/55
f 1745/2823/56 1746/2822/56 1749/2832/56 1750/2833/56
f 1769/2834/56 1770/2835/56 1772/2836/56 1771/2837/56
f 1760/2838/55 1759/2839/55 1764/2840/55 1763/2841/55
f 1768/2842/55 1767/2843/55 1766/2844/55 1765/2845/55
f 1762/2846/55 1761/2847/55 1522/2848/55 1521/2849/55
f 1765/2845/55 1766/2844/55 1759/2839/55 1760/2838/55
f 1771/2837/56 1772/2836/56 1767/2850/56 1768/2851/56
f 1761/2847/55 1762/2846/55 1763/2841/55 1764/2840/55
f 1785/2678/60 1784/2778/60 1754/2777/60 1755/2679/60
f 1776/2697/70 1775/2483/70 1778/2551/70 1777/2698/70
f 1777/2698/70 1778/2551/70 1773/2554/70 1774/2792/70
f 1780/2761/70 1779/2803/70 1782/2484/70 1781/2762/70
f 1781/2762/70 1782/2484/70 1775/2483/70 1776/2697/70
f 1523/2809/70 1524/2852/70 1779/2803/70 1780/2761/70
f 1524/2852/58 1519/2853/58 1756/2802/58 1779/2803/58
f 1791/2765/56 1793/2675/56 1792/2674/56
f 1788/2771/55 1787/2740/55 1784/2778/55 1783/2686/55
f 1791/2776/55 1792/2671/55 1790/2670/55 1789/2770/55
f 1786/2687/55 1785/2678/55 1525/2677/55 1526/2814/55
f 1789/2770/55 1790/2670/55 1787/2740/55 1788/2771/55
f 1785/2678/55 1786/2687/55 1783/2686/55 1784/2778/55
f 1788/2771/58 1783/2686/58 1764/2685/58 1759/2772/58
f 1797/2729/71 1796/2731/71 1799/2530/71 1798/2695/71
f 1794/2813/71 1795/2741/71 1796/2731/71 1797/2729/71
f 1801/2681/71 1800/2529/71 1803/2692/71 1802/2682/71
f 1798/2695/71 1799/2530/71 1800/2529/71 1801/2681/71
f 1802/2682/71 1803/2692/71 1527/2854/71 1528/2749/71
f 1521/2855/60 1527/2854/60 1803/2692/60 1762/2693/60
f 1849/2856/72 1852/2857/72 1910/2858/72 1909/2859/72 1872/2860/72 1875/2861/72
f 1863/2862/72 1858/2863/72 1922/2864/72 1921/2865/72 1950/2866/72 1953/2867/72
f 1961/2868/56 1747/2460/56 1741/2459/56 1960/2869/56
f 1855/2870/72 1850/2871/72 1886/2872/72 1885/2873/72 1896/2874/72 1899/2875/72
f 1534/2876/72 1828/2877/72 1835/2878/72 1535/2879/72
f 1827/2880/72 1824/2881/72 1831/2882/72 1832/2883/72
f 1864/2884/57 1827/2885/57 1849/2856/57 1869/2886/57
f 1810/2887/72 1845/2888/72 1936/2889/72 1939/2890/72 1811/2891/72
f 1987/2892/73 1971/2893/73 1967/2894/73 1994/2895/73
f 1538/2896/72 1840/2897/72 1847/2898/72 1539/2899/72
f 1558/2491/59 1811/2900/59 1805/2901/59 1577/2492/59
f 1833/2902/72 1812/2903/72 1821/2904/72 1834/2905/72
f 1812/2903/72 1833/2902/72 1900/2906/72 1903/2907/72 1813/2908/72
f 1839/2909/72 1836/2910/72 1843/2911/72 1844/2912/72
f 1555/2505/57 1809/2913/57 1816/2914/57 1606/2506/57
f 1924/2915/57 1839/2916/57 1857/2917/57 1929/2918/57
f 1845/2888/72 1810/2887/72 1819/2919/72 1846/2920/72
f 1822/2921/72 1841/2922/72 1912/2923/72 1915/2924/72 1823/2925/72
f 1888/2926/57 1835/2927/57 1855/2870/57 1893/2928/57
f 1816/2929/72 1829/2930/72 1876/2931/72 1879/2932/72 1817/2933/72
f 1974/2934/74 2011/2935/74 2012/2936/74 1977/2937/74
f 1556/2531/57 1808/2938/57 1809/2913/57 1555/2505/57
f 1857/2917/72 1860/2939/72 1958/2940/72 1957/2941/72 1932/2942/72 1935/2943/72
f 1815/2944/72 1838/2945/72 1841/2922/72 1822/2921/72
f 1826/2946/72 1809/2947/72 1808/2948/72 1866/2949/72 1865/2950/72
f 1809/2947/72 1826/2946/72 1829/2930/72 1816/2929/72
f 1940/2951/72 1941/2952/72 1861/2953/72 1959/2954/72 1958/2940/72 1860/2939/72
f 1510/2547/59 1530/2955/59 1818/2956/59 1603/2548/59
f 1990/2957/73 1985/2958/73 1963/2959/73 1966/2960/73
f 1603/2548/59 1818/2956/59 1819/2961/59 1604/2555/59
f 1840/2962/57 1913/2963/57 1916/2964/57 1858/2863/57
f 1942/2965/57 1847/2966/57 1863/2862/57 1947/2967/57
f 1828/2968/57 1877/2969/57 1880/2970/57 1850/2871/57
f 1533/2971/72 1529/2972/72 1817/2933/72 1879/2932/72 1878/2973/72
f 1867/2974/72 1866/2949/72 1808/2948/72 1804/2975/72 1825/2976/72
f 1833/2977/59 1834/2978/59 1854/2979/59 1853/2980/59
f 1876/2981/57 1829/2982/57 1851/2983/57 1881/2984/57
f 1898/2985/72 1897/2986/72 1908/2987/72 1911/2988/72 1853/2980/72 1854/2979/72
f 1609/2583/56 1830/2989/56 1831/2882/56 1610/2584/56
f 1811/2891/72 1939/2890/72 1938/2990/72 1842/2991/72 1805/2992/72
f 1900/2993/57 1833/2977/57 1853/2980/57 1905/2994/57
f 1904/2995/72 1905/2994/72 1853/2980/72 1911/2988/72 1910/2858/72 1852/2857/72
f 1531/2996/72 1536/2997/72 1891/2998/72 1890/2999/72 1820/3000/72
f 1844/2912/72 1843/2911/72 1842/2991/72 1938/2990/72 1937/3001/72
f 1836/2910/72 1839/2909/72 1924/3002/72 1927/3003/72 1837/3004/72
f 1927/3003/72 1926/3005/72 1814/3006/72 1807/3007/72 1837/3004/72
f 1880/2970/72 1881/2984/72 1851/2983/72 1887/3008/72 1886/2872/72 1850/2871/72
f 1912/3009/57 1841/3010/57 1859/3011/57 1917/3012/57
f 1839/2916/56 1844/3013/56 1860/2939/56 1857/2917/56
f 1613/2609/56 1842/2991/56 1843/2911/56 1614/2610/56
f 1835/2927/61 1828/2968/61 1850/2871/61 1855/2870/61
f 1936/3014/57 1845/3015/57 1861/2953/57 1941/2952/57
f 1838/2945/72 1815/2944/72 1814/3006/72 1926/3005/72 1925/3016/72
f 1530/3017/72 1540/3018/72 1945/3019/72 1944/3020/72 1818/3021/72
f 1919/3022/56 1948/3023/56 1950/3024/56 1921/3025/56
f 1837/3004/56 1611/2622/56 1612/2621/56 1836/2910/56
f 1825/2976/56 1607/2624/56 1608/2623/56 1824/2881/56
f 1810/3026/59 1557/2625/59 1604/2555/59 1819/2961/59
f 1817/3027/57 1605/2626/57 1606/2506/57 1816/2914/57
f 1811/2900/59 1558/2491/59 1557/2625/59 1810/3026/59
f 1825/2976/56 1804/2975/56 1578/2627/56 1607/2624/56
f 1837/3004/56 1807/3007/56 1559/2628/56 1611/2622/56
f 1836/2910/56 1612/2621/56 1614/2610/56 1843/2911/56
f 1805/2992/56 1842/2991/56 1613/2609/56 1577/2629/56
f 1808/2938/57 1556/2531/57 1578/2630/57 1804/3028/57
f 1806/3029/56 1830/2989/56 1609/2583/56 1560/2632/56
f 1529/3030/57 1509/2633/57 1605/2626/57 1817/3027/57
f 1960/2869/56 1741/2459/56 1770/2635/56 1984/3031/56
f 1824/2881/56 1608/2623/56 1610/2584/56 1831/2882/56
f 1848/3032/72 1868/3033/72 1869/2886/72 1849/2856/72 1875/2861/72 1874/3034/72
f 1854/2979/72 1892/3035/72 1893/2928/72 1855/2870/72 1899/2875/72 1898/2985/72
f 1916/2964/72 1917/3012/72 1859/3011/72 1923/3036/72 1922/2864/72 1858/2863/72
f 1862/3037/72 1946/3038/72 1947/2967/72 1863/2862/72 1953/2867/72 1952/3039/72
f 1537/3040/72 1532/3041/72 1823/2925/72 1915/2924/72 1914/3042/72
f 1847/2966/61 1840/2962/61 1858/2863/61 1863/2862/61
f 1841/3010/57 1838/3043/57 1856/3044/57 1859/3011/57
f 1834/2905/72 1821/2904/72 1820/3000/72 1890/2999/72 1889/3045/72
f 1824/2881/72 1827/2880/72 1864/3046/72 1867/2974/72 1825/2976/72
f 1832/2883/72 1831/2882/72 1830/2989/72 1902/3047/72 1901/3048/72
f 1535/2879/72 1835/2878/72 1888/3049/72 1891/2998/72 1536/2997/72
f 1813/2908/72 1903/2907/72 1902/3047/72 1830/2989/72 1806/3029/72
f 1952/3039/72 1951/3050/72 1956/3051/72 1959/2954/72 1861/2953/72 1862/3037/72
f 1918/3052/59 1931/3053/59 1714/2658/59 1699/2657/59
f 1846/2920/72 1819/2919/72 1818/3021/72 1944/3020/72 1943/3054/72
f 1845/3015/59 1846/3055/59 1862/3037/59 1861/2953/59
f 1907/3056/61 1870/3057/61 1872/3058/61 1909/3059/61
f 1539/2899/72 1847/2898/72 1942/3060/72 1945/3019/72 1540/3018/72
f 1827/2885/56 1832/3061/56 1852/2857/56 1849/2856/56
f 1829/2982/57 1826/3062/57 1848/3032/57 1851/2983/57
f 1965/3063/74 1964/3064/74 2004/3065/74 2002/3066/74
f 1960/2869/56 2005/3067/56 2004/3065/56 1964/3068/56
f 1542/3069/74 1969/3070/74 1997/3071/74 1547/3072/74
f 1822/3073/59 1823/3074/59 2014/3075/59 2013/3076/59
f 1975/3077/73 1998/3078/73 1995/3079/73 1978/3080/73
f 1807/3081/56 2006/3082/56 2007/3083/56 1982/3084/56
f 2015/3085/74 1976/3086/74 1977/2937/74 2012/2936/74
f 1815/3087/59 1822/3073/59 2013/3076/59 2010/3088/59
f 1812/3089/57 1813/3090/57 1989/3091/57 1988/3092/57
f 1882/3093/59 1871/3094/59 1643/2702/59 1658/2701/59
f 1874/3034/72 1873/3095/72 1884/3096/72 1887/3008/72 1851/2983/72 1848/3032/72
f 1906/3097/57 1895/3098/57 1671/2708/57 1685/2707/57
f 1883/3099/56 1657/2713/56 1672/2712/56 1894/3100/56
f 1856/3044/72 1928/3101/72 1929/2918/72 1857/2917/72 1935/2943/72 1934/3102/72
f 1954/3103/57 1949/3104/57 1734/2718/57 1743/2717/57
f 1919/3022/56 1700/2721/56 1733/2720/56 1948/3023/56
f 1934/3102/72 1933/3105/72 1920/3106/72 1923/3036/72 1859/3011/72 1856/3044/72
f 1864/3046/72 1865/2950/72 1866/2949/72 1867/2974/72
f 1864/3107/62 1869/2886/62 1868/3033/62 1865/3108/62
f 1826/3062/59 1865/3109/59 1868/3033/59 1848/3032/59
f 1872/2860/72 1873/3095/72 1874/3034/72 1875/2861/72
f 1871/3094/63 1873/3110/63 1872/3058/63 1870/3057/63
f 1814/3111/59 1815/3087/59 2010/3088/59 2009/3112/59
f 1979/3113/74 2008/3114/74 2011/2935/74 1974/2934/74
f 1870/3057/63 1644/2732/63 1643/2702/63 1871/3094/63
f 1870/3057/61 1907/3056/61 1686/2733/61 1644/2732/61
f 1876/2931/72 1877/3115/72 1878/2973/72 1879/2932/72
f 1876/3116/64 1881/2984/64 1880/2970/64 1877/3117/64
f 1828/2877/72 1534/2876/72 1533/2971/72 1878/2973/72 1877/3115/72
f 1884/3096/72 1885/2873/72 1886/2872/72 1887/3008/72
f 1884/3118/65 1882/3093/65 1883/3099/65 1885/3119/65
f 1965/3063/74 2002/3066/74 1999/3120/74 1972/3121/74
f 1979/3113/74 1982/3122/74 2007/3083/74 2008/3114/74
f 1657/2713/65 1883/3099/65 1882/3093/65 1658/2701/65
f 1871/3094/59 1882/3093/59 1884/3118/59 1873/3110/59
f 1888/3049/72 1889/3045/72 1890/2999/72 1891/2998/72
f 1888/3123/66 1893/2928/66 1892/3035/66 1889/3124/66
f 1834/2978/57 1889/3125/57 1892/3035/57 1854/2979/57
f 1896/2874/72 1897/2986/72 1898/2985/72 1899/2875/72
f 1895/3098/67 1897/3126/67 1896/3127/67 1894/3128/67
f 1823/3074/59 1532/3129/59 1550/3130/59 2014/3075/59
f 1806/3131/56 1962/3132/56 1963/3133/56
f 1894/3128/67 1672/2755/67 1671/2708/67 1895/3098/67
f 1883/3099/56 1894/3100/56 1896/3134/56 1885/3119/56
f 1900/2906/72 1901/3048/72 1902/3047/72 1903/2907/72
f 1900/3135/68 1905/2994/68 1904/2995/68 1901/3136/68
f 1832/3061/57 1901/3137/57 1904/2995/57 1852/2857/57
f 1908/2987/72 1909/2859/72 1910/2858/72 1911/2988/72
f 1820/3138/57 1821/3139/57 1993/3140/57 1992/3141/57
f 1908/3142/69 1906/3097/69 1907/3056/69 1909/3059/69
f 1960/2869/56 1984/3031/56 1981/3143/56
f 1686/2733/69 1907/3056/69 1906/3097/69 1685/2707/69
f 1895/3098/57 1906/3097/57 1908/3142/57 1897/3126/57
f 1912/2923/72 1913/3144/72 1914/3042/72 1915/2924/72
f 1912/3145/64 1917/3012/64 1916/2964/64 1913/3146/64
f 1840/2897/72 1538/2896/72 1537/3040/72 1914/3042/72 1913/3144/72
f 1920/3106/72 1921/2865/72 1922/2864/72 1923/3036/72
f 2001/3147/73 1980/3148/73 1973/3149/73 2000/3150/73
f 1920/3151/65 1918/3052/65 1919/3022/65 1921/3025/65
f 2001/3147/73 2003/3152/73 1981/3153/73 1980/3148/73
f 1700/2721/65 1919/3022/65 1918/3052/65 1699/2657/65
f 1972/3121/74 1999/3120/74 1996/3154/74 1968/3155/74
f 1931/3053/59 1918/3052/59 1920/3151/59 1933/3156/59
f 1924/3002/72 1925/3016/72 1926/3005/72 1927/3003/72
f 1924/3157/62 1929/2918/62 1928/3101/62 1925/3158/62
f 1838/3043/59 1925/3159/59 1928/3101/59 1856/3044/59
f 1932/2942/72 1933/3105/72 1934/3102/72 1935/2943/72
f 1806/3131/56 1560/2785/56 1748/2784/56 1962/3132/56
f 1932/3160/63 1930/3161/63 1931/3053/63 1933/3156/63
f 1983/3162/56 1769/2790/56 1559/2789/56 1807/3081/56
f 1930/3161/63 1713/2791/63 1714/2658/63 1931/3053/63
f 1813/3090/57 1806/3163/57 1986/3164/57 1989/3091/57
f 1955/3165/61 1930/3161/61 1932/3160/61 1957/3166/61
f 1936/2889/72 1937/3001/72 1938/2990/72 1939/2890/72
f 1936/3167/68 1941/2952/68 1940/2951/68 1937/3168/68
f 1844/3013/57 1937/3169/57 1940/2951/57 1860/2939/57
f 1942/3060/72 1943/3054/72 1944/3020/72 1945/3019/72
f 1942/3170/66 1947/2967/66 1946/3038/66 1943/3171/66
f 1846/3055/57 1943/3172/57 1946/3038/57 1862/3037/57
f 1950/2866/72 1951/3050/72 1952/3039/72 1953/2867/72
f 1970/3173/73 1991/3174/73 1994/2895/73 1967/2894/73
f 1949/3104/67 1951/3175/67 1950/3176/67 1948/3177/67
f 1990/2957/73 1966/2960/73 1971/2893/73 1987/2892/73
f 1948/3177/67 1733/2807/67 1734/2718/67 1949/3104/67
f 1531/3178/57 1820/3138/57 1992/3141/57 1545/3179/57
f 1930/3161/61 1955/3165/61 1744/2810/61 1713/2791/61
f 1956/3051/72 1957/2941/72 1958/2940/72 1959/2954/72
f 1821/3139/57 1812/3089/57 1988/3092/57 1993/3140/57
f 1955/3165/69 1957/3166/69 1956/3180/69 1954/3103/69
f 1807/3181/59 1814/3111/59 2009/3112/59 2006/3082/59
f 1744/2810/69 1955/3165/69 1954/3103/69 1743/2717/69
f 1548/3182/73 1998/3078/73 1975/3077/73 1544/3183/73
f 1949/3104/57 1954/3103/57 1956/3180/57 1951/3175/57
f 1970/3184/72 1967/3185/72 1968/3186/72 1969/3187/72
f 1747/2820/56 1961/3188/56 1962/3189/56 1748/2821/56
f 1972/3190/72 1968/3186/72 1967/3185/72 1971/3191/72
f 1964/3192/72 1965/3193/72 1966/3194/72 1963/3195/72
f 1969/3187/72 1542/3196/72 1541/3197/72 1970/3184/72
f 1965/3193/72 1972/3190/72 1971/3191/72 1966/3194/72
f 1961/3188/56 1964/3192/56 1963/3195/56 1962/3189/56
f 1769/2834/56 1983/3198/56 1984/3199/56 1770/2835/56
f 1974/3200/72 1977/3201/72 1978/3202/72 1973/3203/72
f 1982/3204/72 1979/3205/72 1980/3206/72 1981/3207/72
f 1976/3208/72 1543/3209/72 1544/3210/72 1975/3211/72
f 1979/3205/72 1974/3200/72 1973/3203/72 1980/3206/72
f 1983/3198/56 1982/3204/56 1981/3207/56 1984/3199/56
f 1975/3211/72 1978/3202/72 1977/3201/72 1976/3208/72
f 1997/3071/74 1969/3070/74 1968/3155/74 1996/3154/74
f 1988/3092/75 1989/3091/75 1990/2957/75 1987/2892/75
f 1989/3091/75 1986/3164/75 1985/2958/75 1990/2957/75
f 1992/3141/75 1993/3140/75 1994/2895/75 1991/3174/75
f 1993/3140/75 1988/3092/75 1987/2892/75 1994/2895/75
f 1545/3179/75 1992/3141/75 1991/3174/75 1546/3212/75
f 1546/3212/73 1991/3174/73 1970/3173/73 1541/3213/73
f 2003/3152/56 2004/3065/56 2005/3067/56
f 2000/3150/72 1995/3079/72 1996/3154/72 1999/3120/72
f 2003/3152/72 2001/3147/72 2002/3066/72 2004/3065/72
f 1998/3078/72 1548/3182/72 1547/3072/72 1997/3071/72
f 2001/3147/72 2000/3150/72 1999/3120/72 2002/3066/72
f 1997/3071/72 1996/3154/72 1995/3079/72 1998/3078/72
f 2000/3150/73 1973/3149/73 1978/3080/73 1995/3079/73
f 2009/3112/76 2010/3088/76 2011/2935/76 2008/3114/76
f 2006/3082/76 2009/3112/76 2008/3114/76 2007/3083/76
f 2013/3076/76 2014/3075/76 2015/3085/76 2012/2936/76
f 2010/3088/76 2013/3076/76 2012/2936/76 2011/2935/76
f 2014/3075/76 1550/3130/76 1549/3214/76 2015/3085/76
f 1543/3215/74 1976/3086/74 2015/3085/74 1549/3214/74
f 2016/3216/61 1538/2896/61 1539/2899/61 1540/3018/61 1530/3017/61 1510/3217/61
f 1516/3218/61 2016/3216/61 1510/3217/61 1506/3219/61 1518/3220/61 1517/3221/61
f 1508/3222/61 2032/3223/61 2016/3216/61 1516/3218/61 1515/3224/61
f 1542/3225/61 1547/3072/61 1548/3182/61 1544/3226/61
f 2024/3227/61 2018/3228/61 2017/3229/61 2023/3230/61
f 1531/3231/61 1545/3179/61 1546/3212/61 1541/3232/61
f 2028/3233/61 2024/3234/61 1520/2831/61 1519/2830/61
f 2020/3235/61 1535/2879/61 1536/2997/61 2019/3236/61
f 1513/3237/61 2020/3235/61 2019/3236/61 1514/3238/61
f 1509/3239/61 1529/2972/61 1533/2971/61 1534/2876/61 1535/2879/61 2020/3235/61
f 1505/3240/61 1509/3239/61 2020/3235/61 1513/3237/61 1512/3241/61 1511/3242/61
f 1532/3243/61 1543/3244/61 1549/3214/61 1550/3130/61
f 1746/2783/56 1553/2751/56 1749/2754/56
f 1986/3164/56 1806/3131/56 1963/3133/56 1985/2958/56
f 1745/2457/56 1750/2673/56 1742/2458/56
f 1961/2868/56 1960/2869/56 1964/3068/56
f 1772/2634/56 1742/2458/56 1767/2766/56
f 2005/3067/56 1960/2869/56 1981/3143/56 2003/3152/56
f 1771/2788/56 1768/2688/56 1554/2691/56
f 1983/3162/56 1807/3081/56 1982/3084/56
f 2018/3228/61 2022/3245/61 2021/3246/61 2017/3229/61
f 2032/3223/61 1532/3041/61 1537/3040/61 1538/2896/61 2016/3216/61
f 2027/3247/61 2026/3248/61 2022/3249/61 2018/3250/61
f 1520/3251/61 2024/3227/61 2023/3230/61 1522/3252/61
f 1521/3253/61 1508/3254/61 1528/2749/61 1527/2854/61
f 2028/3233/61 2027/3247/61 2018/3250/61 2024/3234/61
f 2026/3255/61 1531/3231/61 1541/3232/61
f 1523/2809/61 1507/3256/61 1519/3257/61 1524/2852/61
f 2029/3258/61 1543/3244/61 1532/3243/61
f 1521/3253/61 2031/3259/61 1508/3254/61
f 2022/3245/61 1542/3225/61 1544/3226/61 2021/3246/61
f 1525/2677/61 1520/3251/61 1522/3252/61 1526/2814/61
f 2019/3236/61 1536/2997/61 1531/2996/61 2025/3260/61
f 1514/3238/61 2019/3236/61 2025/3260/61 1507/3261/61
f 1507/3256/61 2025/3262/61 2027/3263/61 2028/3264/61
f 2025/3262/61 1531/3231/61 2026/3255/61 2027/3263/61
f 2022/3249/61 2026/3248/61 1541/3197/61 1542/3196/61
f 1507/3256/61 2028/3264/61 1519/3257/61
f 2023/3265/61 2017/3266/61 2030/3267/61 2031/3268/61
f 2017/3266/61 2021/3269/61 2029/3270/61 2030/3267/61
f 2021/3269/61 1544/3210/61 1543/3209/61 2029/3270/61
f 1522/2848/61 2023/3265/61 2031/3268/61 1521/2849/61
f 2030/3271/61 2029/3258/61 1532/3243/61 2032/3272/61
f 2031/3259/61 2030/3271/61 2032/3272/61 1508/3254/61
l 1518 1540
l 1517 1539
l 1515 1537
l 1512 1534
l 1511 1533
