# Blender 4.5.1 LTS
# www.blender.org
mtllib FenceMiddle.mtl
o FenceMiddle
v -0.000979 2.297383 0.074825
v 0.057439 2.297383 0.046040
v 0.071701 2.297383 0.004068
v 0.068488 2.297383 -0.018141
v 0.058569 2.297383 -0.038270
v 0.042915 2.297383 -0.054349
v 0.023059 2.297383 -0.064804
v -0.057474 2.297383 -0.039826
v -0.042950 2.297383 0.060563
v 0.000272 -2.642005 0.270884
v 0.083006 -2.642005 0.257689
v 0.157612 -2.642005 0.219573
v 0.216789 -2.642005 0.160268
v 0.254743 -2.642005 0.085580
v 0.267760 -2.642005 0.002818
v 0.254564 -2.642005 -0.079916
v 0.216449 -2.642005 -0.154522
v 0.157144 -2.642005 -0.213699
v 0.082448 -2.642005 -0.251657
v -0.000012 -2.642005 -0.264670
v -0.083047 -2.642005 -0.251471
v -0.157646 -2.642005 -0.213359
v -0.216823 -2.642005 -0.154054
v -0.254777 -2.642005 -0.079365
v -0.267794 -2.642005 0.003396
v -0.254598 -2.642005 0.086130
v -0.216483 -2.642005 0.160736
v -0.157178 -2.642005 0.219913
v -0.082489 -2.642005 0.257867
v 0.000139 2.014457 0.147949
v 0.044890 2.014457 0.140811
v 0.085245 2.014457 0.120194
v 0.117254 2.014457 0.088116
v 0.137784 2.014457 0.047717
v 0.144825 2.014456 0.002950
v 0.137687 2.014457 -0.041800
v 0.117070 2.014457 -0.082155
v 0.084992 2.014457 -0.114164
v 0.044593 2.014457 -0.134694
v -0.000030 2.014457 -0.141735
v -0.044924 2.014456 -0.134597
v -0.085279 2.014456 -0.113980
v -0.117288 2.014456 -0.081902
v -0.137818 2.014457 -0.041503
v -0.144859 2.014457 0.003264
v -0.137721 2.014457 0.048014
v -0.117104 2.014457 0.088369
v -0.085026 2.014457 0.120378
v -0.044627 2.014457 0.140908
v 0.021231 2.297383 0.071612
v 0.041360 2.297383 0.061693
v 0.067894 2.297383 0.026183
v 0.000944 2.297383 -0.068611
v -0.021265 2.297383 -0.065398
v -0.041395 2.297383 -0.055479
v -0.067929 2.297383 -0.019969
v -0.071736 2.297383 0.002146
v -0.068523 2.297383 0.024355
v -0.058604 2.297383 0.044484
v -0.023094 2.297383 0.071018
v 0.000183 0.354794 0.188436
v 0.000258 0.441029 0.257403
v 0.000205 0.408899 0.208636
v 0.057443 0.354794 0.179303
v 0.078826 0.441029 0.244872
v 0.063706 0.408899 0.198508
v 0.109079 0.354794 0.152924
v 0.149677 0.441029 0.208675
v 0.120969 0.408899 0.169253
v 0.150035 0.354794 0.111879
v 0.205874 0.441029 0.152356
v 0.166390 0.408899 0.123734
v 0.176303 0.354794 0.060186
v 0.241918 0.441029 0.081427
v 0.195521 0.408899 0.066407
v 0.185312 0.354794 0.002907
v 0.254279 0.441029 0.002832
v 0.205512 0.408899 0.002885
v 0.176179 0.354794 -0.054353
v 0.241748 0.441029 -0.075736
v 0.195384 0.408899 -0.060616
v 0.149799 0.354794 -0.105988
v 0.205551 0.441029 -0.146587
v 0.166129 0.408899 -0.117880
v 0.108754 0.354794 -0.146944
v 0.149232 0.441029 -0.202785
v 0.120610 0.408899 -0.163300
v 0.057062 0.354794 -0.173213
v 0.078303 0.441029 -0.238828
v 0.063284 0.408899 -0.192431
v -0.000030 0.354794 -0.182222
v -0.000030 0.441029 -0.251189
v -0.000030 0.408899 -0.202422
v -0.057477 0.354794 -0.173089
v -0.078860 0.441029 -0.238658
v -0.063740 0.408899 -0.192294
v -0.109113 0.354794 -0.146709
v -0.149711 0.441029 -0.202462
v -0.121003 0.408899 -0.163039
v -0.150069 0.354794 -0.105664
v -0.205908 0.441029 -0.146142
v -0.166424 0.408899 -0.117520
v -0.176337 0.354794 -0.053972
v -0.241952 0.441029 -0.075214
v -0.195555 0.408899 -0.060194
v -0.185346 0.354794 0.003307
v -0.254313 0.441029 0.003382
v -0.205546 0.408899 0.003329
v -0.176213 0.354794 0.060567
v -0.241782 0.441029 0.081950
v -0.195418 0.408899 0.066830
v -0.149833 0.354794 0.112203
v -0.205585 0.441029 0.152801
v -0.166163 0.408899 0.124093
v -0.108788 0.354794 0.153159
v -0.149266 0.441029 0.208998
v -0.120644 0.408899 0.169514
v -0.078338 0.441029 0.245042
v -0.057096 0.354794 0.179427
v -0.063318 0.408899 0.198645
v 0.000259 0.696063 0.258469
v 0.000183 0.777230 0.188436
v 0.000205 0.724609 0.208948
v 0.079157 0.696063 0.245885
v 0.057443 0.777230 0.179303
v 0.063803 0.724609 0.198805
v 0.150304 0.696063 0.209537
v 0.109078 0.777230 0.152923
v 0.121153 0.724609 0.169505
v 0.206737 0.696063 0.152982
v 0.150035 0.777230 0.111878
v 0.166643 0.724609 0.123918
v 0.242932 0.696063 0.081756
v 0.176303 0.777230 0.060186
v 0.195818 0.724609 0.066504
v 0.255345 0.696063 0.002831
v 0.185312 0.777230 0.002907
v 0.205824 0.724609 0.002885
v 0.242761 0.696063 -0.076066
v 0.176179 0.777230 -0.054353
v 0.195681 0.724609 -0.060712
v 0.206413 0.696063 -0.147214
v 0.149799 0.777230 -0.105989
v 0.166381 0.724609 -0.118063
v 0.149858 0.696063 -0.203647
v 0.108754 0.777230 -0.146945
v 0.120793 0.724609 -0.163552
v 0.078632 0.696063 -0.239841
v 0.057062 0.777230 -0.173213
v 0.063380 0.724609 -0.192728
v -0.000030 0.696063 -0.252254
v -0.000030 0.777230 -0.182222
v -0.000030 0.724609 -0.202733
v -0.079190 0.696063 -0.239671
v -0.057477 0.777230 -0.173089
v -0.063837 0.724609 -0.192590
v -0.150338 0.696063 -0.203323
v -0.109112 0.777230 -0.146710
v -0.121187 0.724609 -0.163291
v -0.206771 0.696063 -0.146767
v -0.150069 0.777230 -0.105665
v -0.166676 0.724609 -0.117703
v -0.242966 0.696063 -0.075541
v -0.176337 0.777230 -0.053972
v -0.195852 0.724609 -0.060290
v -0.255379 0.696063 0.003383
v -0.185346 0.777230 0.003307
v -0.205858 0.724609 0.003330
v -0.242795 0.696063 0.082281
v -0.176213 0.777230 0.060567
v -0.195715 0.724609 0.066927
v -0.206447 0.696063 0.153428
v -0.149833 0.777230 0.112202
v -0.166415 0.724609 0.124278
v -0.149892 0.696063 0.209861
v -0.108788 0.777230 0.153158
v -0.120827 0.724609 0.169767
v -0.057096 0.777230 0.179427
v -0.078666 0.696063 0.246056
v -0.063414 0.724609 0.198942
v 0.000331 0.457331 0.325173
v 0.000383 0.519327 0.373029
v -0.000402 0.480432 0.359737
v 0.099838 0.457331 0.309303
v 0.114675 0.519327 0.354801
v 0.109822 0.480432 0.342401
v 0.189570 0.457331 0.263460
v 0.217741 0.519326 0.302145
v 0.209293 0.480432 0.291853
v 0.260745 0.457331 0.192131
v 0.299491 0.519327 0.220219
v 0.288276 0.480432 0.213040
v 0.306394 0.457331 0.102300
v 0.351924 0.519327 0.117039
v 0.339039 0.480432 0.113678
v 0.322049 0.457331 0.002759
v 0.369905 0.519326 0.002707
v 0.356613 0.480432 0.003492
v 0.306179 0.457331 -0.096748
v 0.351677 0.519327 -0.111585
v 0.339277 0.480432 -0.106731
v 0.260336 0.457331 -0.186480
v 0.299022 0.519327 -0.214651
v 0.288729 0.480432 -0.206203
v 0.189007 0.457331 -0.257655
v 0.217095 0.519326 -0.296401
v 0.209917 0.480432 -0.285187
v 0.099176 0.457331 -0.303304
v 0.113915 0.519326 -0.348834
v 0.110554 0.480432 -0.335950
v -0.000030 0.457331 -0.318959
v -0.000030 0.519327 -0.366815
v -0.000030 0.480432 -0.353523
v -0.099872 0.457331 -0.303089
v -0.114709 0.519327 -0.348586
v -0.109856 0.480432 -0.336188
v -0.189604 0.457331 -0.257246
v -0.217775 0.519327 -0.295931
v -0.209327 0.480432 -0.285639
v -0.260779 0.457331 -0.185917
v -0.299525 0.519326 -0.214004
v -0.288311 0.480432 -0.206827
v -0.306428 0.457331 -0.096086
v -0.351958 0.519327 -0.110825
v -0.339074 0.480432 -0.107464
v -0.322083 0.457331 0.003455
v -0.369939 0.519327 0.003507
v -0.356647 0.480432 0.002722
v -0.306213 0.457331 0.102962
v -0.351711 0.519327 0.117799
v -0.339312 0.480432 0.112945
v -0.260370 0.457331 0.192694
v -0.299056 0.519327 0.220865
v -0.288763 0.480432 0.212417
v -0.189041 0.457331 0.263869
v -0.217129 0.519327 0.302616
v -0.209951 0.480432 0.291400
v -0.113949 0.519327 0.355048
v -0.099210 0.457331 0.309518
v -0.110588 0.480432 0.342163
v 0.000379 0.628064 0.369230
v -0.000356 0.686415 0.317109
v 0.000361 0.665891 0.353240
v 0.113497 0.628064 0.351188
v 0.096693 0.686415 0.301846
v 0.108540 0.665891 0.335986
v 0.215505 0.628064 0.299074
v 0.184275 0.686415 0.257339
v 0.206092 0.665891 0.286148
v 0.296415 0.628064 0.217989
v 0.253817 0.686415 0.187947
v 0.283469 0.665891 0.208604
v 0.348309 0.628064 0.115869
v 0.298512 0.686415 0.100461
v 0.333096 0.665891 0.110944
v 0.366106 0.628064 0.002711
v 0.313985 0.686415 0.003446
v 0.350116 0.665891 0.002729
v 0.348065 0.628064 -0.110407
v 0.298722 0.686415 -0.093603
v 0.332862 0.665891 -0.105450
v 0.295950 0.628064 -0.212415
v 0.254216 0.686415 -0.181185
v 0.283024 0.665891 -0.203002
v 0.214865 0.628064 -0.293325
v 0.184823 0.686415 -0.250727
v 0.205480 0.665891 -0.280379
v 0.112745 0.628064 -0.345219
v 0.097338 0.686415 -0.295422
v 0.107820 0.665891 -0.330006
v -0.000030 0.628064 -0.363016
v -0.000030 0.686415 -0.310895
v -0.000030 0.665891 -0.347026
v -0.113531 0.628064 -0.344975
v -0.096727 0.686415 -0.295632
v -0.108574 0.665891 -0.329772
v -0.215539 0.628064 -0.292860
v -0.184309 0.686415 -0.251126
v -0.206126 0.665891 -0.279934
v -0.296449 0.628064 -0.211775
v -0.253851 0.686415 -0.181733
v -0.283503 0.665891 -0.202390
v -0.348343 0.628064 -0.109655
v -0.298546 0.686415 -0.094248
v -0.333130 0.665891 -0.104730
v -0.366140 0.628064 0.003503
v -0.314020 0.686415 0.002768
v -0.350150 0.665891 0.003485
v -0.348099 0.628064 0.116621
v -0.298756 0.686415 0.099817
v -0.332896 0.665891 0.111664
v -0.295984 0.628064 0.218629
v -0.254250 0.686415 0.187399
v -0.283058 0.665891 0.209216
v -0.214899 0.628064 0.299539
v -0.184857 0.686415 0.256941
v -0.205514 0.665891 0.286593
v -0.097372 0.686415 0.301636
v -0.112779 0.628064 0.351433
v -0.107854 0.665891 0.336220
v 0.000183 1.007555 0.188436
v 0.000207 1.033320 0.210711
v -0.000224 1.024274 0.194960
v 0.057443 1.007555 0.179303
v 0.064349 1.033320 0.200481
v 0.059072 1.024273 0.185634
v 0.109078 1.007555 0.152923
v 0.122191 1.033320 0.170930
v 0.112584 1.024274 0.158441
v 0.150035 1.007555 0.111878
v 0.168070 1.033320 0.124952
v 0.155074 1.024274 0.116043
v 0.176303 1.007555 0.060186
v 0.197495 1.033320 0.067047
v 0.182382 1.024274 0.062590
v 0.185312 1.007555 0.002907
v 0.207587 1.033320 0.002883
v 0.191836 1.024273 0.003314
v 0.176179 1.007555 -0.054353
v 0.197357 1.033320 -0.061259
v 0.182510 1.024274 -0.055982
v 0.149799 1.007555 -0.105989
v 0.167806 1.033320 -0.119101
v 0.155317 1.024273 -0.109494
v 0.108754 1.007555 -0.146945
v 0.121828 1.033320 -0.164980
v 0.112919 1.024274 -0.151984
v 0.057062 1.007555 -0.173213
v 0.063923 1.033320 -0.194405
v 0.059466 1.024273 -0.179292
v -0.000030 1.007555 -0.182222
v -0.000030 1.033320 -0.204497
v -0.000030 1.024273 -0.188746
v -0.057477 1.007555 -0.173089
v -0.064383 1.033320 -0.194266
v -0.059106 1.024274 -0.179420
v -0.109112 1.007555 -0.146709
v -0.122225 1.033320 -0.164716
v -0.112618 1.024273 -0.152227
v -0.150069 1.007555 -0.105665
v -0.168104 1.033320 -0.118738
v -0.155107 1.024273 -0.109829
v -0.176337 1.007555 -0.053972
v -0.197529 1.033320 -0.060833
v -0.182416 1.024273 -0.056376
v -0.185346 1.007555 0.003307
v -0.207621 1.033320 0.003331
v -0.191870 1.024273 0.002900
v -0.176213 1.007555 0.060567
v -0.197390 1.033320 0.067473
v -0.182544 1.024273 0.062196
v -0.149833 1.007555 0.112203
v -0.167840 1.033320 0.125315
v -0.155351 1.024274 0.115708
v -0.108788 1.007555 0.153159
v -0.121862 1.033320 0.171194
v -0.112953 1.024274 0.158197
v -0.063957 1.033320 0.200619
v -0.057096 1.007555 0.179427
v -0.059500 1.024274 0.185506
v 0.000682 1.104687 0.649751
v 0.000709 1.134026 0.675115
v -0.000735 1.114988 0.667686
v 0.200471 1.104687 0.617886
v 0.208335 1.134026 0.642001
v 0.204667 1.114988 0.635381
v 0.380636 1.104687 0.525842
v 0.395567 1.134026 0.546347
v 0.390032 1.114988 0.541185
v 0.523539 1.104687 0.382630
v 0.544076 1.134026 0.397516
v 0.537217 1.114988 0.394317
v 0.615193 1.104687 0.202267
v 0.639325 1.134026 0.210079
v 0.631813 1.114988 0.209156
v 0.646626 1.104687 0.002409
v 0.671991 1.134026 0.002381
v 0.664562 1.114988 0.003825
v 0.614762 1.104687 -0.197381
v 0.638876 1.134026 -0.205245
v 0.632257 1.114988 -0.201577
v 0.522718 1.104687 -0.377545
v 0.543222 1.134026 -0.392477
v 0.538061 1.114988 -0.386942
v 0.379505 1.104687 -0.520449
v 0.394392 1.134026 -0.540986
v 0.391193 1.114988 -0.534127
v 0.199142 1.104687 -0.612103
v 0.206955 1.134026 -0.636235
v 0.206032 1.114988 -0.628724
v -0.000030 1.104687 -0.643536
v -0.000030 1.134026 -0.668901
v -0.000030 1.114988 -0.661472
v -0.200505 1.104687 -0.611671
v -0.208369 1.134027 -0.635787
v -0.204701 1.114988 -0.629167
v -0.380670 1.104687 -0.519628
v -0.395601 1.134026 -0.540133
v -0.390066 1.114988 -0.534971
v -0.523573 1.104687 -0.376415
v -0.544110 1.134026 -0.391302
v -0.537251 1.114988 -0.388103
v -0.615227 1.104687 -0.196052
v -0.639359 1.134026 -0.203865
v -0.631848 1.114988 -0.202942
v -0.646661 1.104687 0.003806
v -0.672025 1.134026 0.003833
v -0.664596 1.114988 0.002389
v -0.614796 1.104687 0.203596
v -0.638911 1.134026 0.211459
v -0.632291 1.114988 0.207791
v -0.522752 1.104687 0.383760
v -0.543257 1.134026 0.398691
v -0.538095 1.114988 0.393156
v -0.379539 1.104687 0.526663
v -0.394426 1.134026 0.547200
v -0.391227 1.114988 0.540341
v -0.206988 1.134026 0.642450
v -0.199176 1.104687 0.618318
v -0.206066 1.114988 0.634937
v 0.000709 1.182484 0.675115
v 0.000686 1.221941 0.653896
v 0.000702 1.204485 0.668901
v 0.208335 1.182484 0.642001
v 0.201757 1.221941 0.621827
v 0.206409 1.204485 0.636092
v 0.395567 1.182484 0.546347
v 0.383076 1.221941 0.529193
v 0.391908 1.204485 0.541323
v 0.544076 1.182484 0.397516
v 0.526896 1.221941 0.385063
v 0.539044 1.204485 0.393869
v 0.639325 1.182484 0.210079
v 0.619138 1.221941 0.203543
v 0.633412 1.204485 0.208165
v 0.671991 1.182484 0.002381
v 0.650772 1.221941 0.002404
v 0.665776 1.204485 0.002388
v 0.638876 1.182484 -0.205245
v 0.618703 1.221941 -0.198667
v 0.632968 1.204485 -0.203319
v 0.543222 1.182484 -0.392477
v 0.526069 1.221941 -0.379986
v 0.538198 1.204485 -0.388818
v 0.394392 1.182484 -0.540986
v 0.381939 1.221941 -0.523806
v 0.390745 1.204485 -0.535954
v 0.206955 1.182484 -0.636235
v 0.200419 1.221941 -0.616048
v 0.205040 1.204485 -0.630322
v -0.000030 1.182484 -0.668901
v -0.000030 1.221941 -0.647682
v -0.000030 1.204485 -0.662686
v -0.208369 1.182484 -0.635787
v -0.201791 1.221941 -0.615613
v -0.206443 1.204485 -0.629878
v -0.395601 1.182484 -0.540133
v -0.383110 1.221941 -0.522979
v -0.391942 1.204485 -0.535108
v -0.544110 1.182484 -0.391302
v -0.526930 1.221941 -0.378849
v -0.539078 1.204485 -0.387655
v -0.639359 1.182484 -0.203865
v -0.619172 1.221941 -0.197329
v -0.633446 1.204485 -0.201950
v -0.672025 1.182484 0.003833
v -0.650806 1.221941 0.003810
v -0.665810 1.204485 0.003826
v -0.638911 1.182484 0.211459
v -0.618737 1.221941 0.204881
v -0.633002 1.204485 0.209533
v -0.543257 1.182484 0.398691
v -0.526103 1.221941 0.386200
v -0.538232 1.204485 0.395033
v -0.394426 1.182484 0.547200
v -0.381973 1.221941 0.530020
v -0.390779 1.204485 0.542168
v -0.200453 1.221941 0.622262
v -0.206988 1.182484 0.642449
v -0.205074 1.204485 0.636537
v 0.000525 1.322112 0.504631
v 0.000380 1.446182 0.370786
v 0.155478 1.322112 0.479917
v 0.113980 1.446182 0.352668
v 0.295210 1.322112 0.408530
v 0.216421 1.446182 0.300333
v 0.406043 1.322112 0.297457
v 0.297675 1.446182 0.218902
v 0.477128 1.322112 0.157571
v 0.349790 1.446182 0.116349
v 0.501507 1.322112 0.002565
v 0.367662 1.446182 0.002710
v 0.476793 1.322112 -0.152388
v 0.349544 1.446182 -0.110890
v 0.405406 1.322112 -0.292120
v 0.297208 1.446182 -0.213331
v 0.294333 1.322112 -0.402953
v 0.215778 1.446182 -0.294585
v 0.154447 1.322112 -0.474038
v 0.113224 1.446182 -0.346700
v -0.000030 1.322112 -0.498417
v -0.000030 1.446182 -0.364572
v -0.155512 1.322112 -0.473703
v -0.114014 1.446182 -0.346454
v -0.295244 1.322112 -0.402316
v -0.216455 1.446182 -0.294118
v -0.406077 1.322112 -0.291243
v -0.297709 1.446182 -0.212688
v -0.477162 1.322112 -0.151357
v -0.349824 1.446182 -0.110134
v -0.501541 1.322112 0.003649
v -0.367696 1.446182 0.003504
v -0.476827 1.322112 0.158602
v -0.349578 1.446182 0.117104
v -0.405440 1.322112 0.298334
v -0.297242 1.446182 0.219545
v -0.294367 1.322112 0.409167
v -0.215812 1.446182 0.300799
v -0.113258 1.446182 0.352914
v -0.154481 1.322112 0.480252
v 0.000329 1.507092 0.322936
v 0.000241 1.667883 0.242045
v 0.099144 1.507092 0.307176
v 0.074064 1.667883 0.230271
v 0.188253 1.507092 0.261651
v 0.140636 1.667884 0.196260
v 0.258933 1.507092 0.190818
v 0.193439 1.667883 0.143342
v 0.304265 1.507092 0.101611
v 0.227306 1.667883 0.076697
v 0.319812 1.507092 0.002762
v 0.238921 1.667884 0.002849
v 0.304052 1.507092 -0.096054
v 0.227146 1.667883 -0.070974
v 0.258527 1.507092 -0.185163
v 0.193136 1.667884 -0.137546
v 0.187694 1.507092 -0.255843
v 0.140218 1.667883 -0.190349
v 0.098487 1.507092 -0.301175
v 0.073573 1.667883 -0.224216
v -0.000030 1.507092 -0.316722
v -0.000030 1.667884 -0.235831
v -0.099178 1.507092 -0.300962
v -0.074098 1.667884 -0.224056
v -0.188287 1.507092 -0.255437
v -0.140670 1.667884 -0.190046
v -0.258967 1.507092 -0.184604
v -0.193473 1.667884 -0.137128
v -0.304299 1.507092 -0.095397
v -0.227340 1.667883 -0.070483
v -0.319846 1.507092 0.003453
v -0.238955 1.667884 0.003365
v -0.304086 1.507092 0.102268
v -0.227180 1.667883 0.077188
v -0.258561 1.507092 0.191378
v -0.193170 1.667884 0.143760
v -0.187728 1.507092 0.262057
v -0.140252 1.667884 0.196563
v -0.073607 1.667883 0.230430
v -0.098521 1.507092 0.307389
v 0.000161 2.056881 0.168265
v 0.000177 2.120160 0.182662
v 0.051189 2.056881 0.160126
v 0.055653 2.120160 0.173814
v 0.097205 2.056881 0.136617
v 0.105679 2.120160 0.148256
v 0.133703 2.056881 0.100040
v 0.145360 2.120160 0.108490
v 0.157112 2.056881 0.053974
v 0.170810 2.120160 0.058408
v 0.165141 2.056881 0.002929
v 0.179538 2.120160 0.002913
v 0.157002 2.056881 -0.048099
v 0.170690 2.120160 -0.052563
v 0.133493 2.056881 -0.094115
v 0.145132 2.120160 -0.102589
v 0.096916 2.056881 -0.130613
v 0.105366 2.120160 -0.142270
v 0.050850 2.056881 -0.154022
v 0.055284 2.120160 -0.167720
v -0.000030 2.056881 -0.162051
v -0.000030 2.120160 -0.176448
v -0.051223 2.056881 -0.153912
v -0.055687 2.120160 -0.167600
v -0.097239 2.056881 -0.130403
v -0.105713 2.120160 -0.142042
v -0.133737 2.056881 -0.093826
v -0.145394 2.120160 -0.102275
v -0.157146 2.056881 -0.047760
v -0.170843 2.120160 -0.052194
v -0.165175 2.056881 0.003286
v -0.179572 2.120160 0.003301
v -0.157036 2.056881 0.054313
v -0.170724 2.120160 0.058777
v -0.133527 2.056881 0.100329
v -0.145166 2.120160 0.108803
v -0.096950 2.056881 0.136827
v -0.105400 2.120160 0.148484
v -0.055318 2.120160 0.173934
v -0.050884 2.056881 0.160236
v 0.000177 2.149110 0.182662
v 0.000154 2.207921 0.161078
v 0.055653 2.149110 0.173814
v 0.048961 2.207921 0.153293
v 0.105679 2.149110 0.148256
v 0.092974 2.207921 0.130807
v 0.145360 2.149110 0.108490
v 0.127884 2.207921 0.095822
v 0.170810 2.149110 0.058408
v 0.150275 2.207921 0.051760
v 0.179538 2.149110 0.002913
v 0.157954 2.207921 0.002936
v 0.170690 2.149110 -0.052563
v 0.150169 2.207921 -0.045871
v 0.145132 2.149110 -0.102589
v 0.127684 2.207921 -0.089884
v 0.105366 2.149110 -0.142270
v 0.092698 2.207921 -0.124794
v 0.055284 2.149110 -0.167720
v 0.048636 2.207921 -0.147185
v -0.000030 2.149110 -0.176447
v -0.000030 2.207921 -0.154864
v -0.055687 2.149110 -0.167600
v -0.048995 2.207921 -0.147079
v -0.105713 2.149110 -0.142042
v -0.093008 2.207921 -0.124594
v -0.145394 2.149110 -0.102275
v -0.127918 2.207921 -0.089608
v -0.170843 2.149110 -0.052194
v -0.150309 2.207921 -0.045546
v -0.179572 2.149110 0.003301
v -0.157987 2.207921 0.003278
v -0.170724 2.149110 0.058777
v -0.150203 2.207921 0.052085
v -0.145166 2.149110 0.108804
v -0.127717 2.207921 0.096098
v -0.105400 2.149110 0.148484
v -0.092732 2.207921 0.131008
v -0.048670 2.207921 0.153399
v -0.055318 2.149110 0.173934
v 0.042849 2.246628 0.134554
v 0.000132 2.246628 0.141367
v -0.042600 2.246628 0.134646
v 0.081370 2.246628 0.114874
v 0.111925 2.246628 0.084253
v 0.131522 2.246628 0.045690
v 0.138242 2.246628 0.002958
v 0.131429 2.246628 -0.039760
v 0.111749 2.246628 -0.078281
v 0.081129 2.246628 -0.108835
v 0.042565 2.246628 -0.128432
v -0.000167 2.246628 -0.135153
v -0.042884 2.246628 -0.128340
v -0.081406 2.246628 -0.108660
v -0.111960 2.246628 -0.078039
v -0.131557 2.246628 -0.039475
v -0.138278 2.246628 0.003257
v -0.131464 2.246628 0.045974
v -0.111784 2.246628 0.084495
v -0.081164 2.246628 0.115050
v 0.000217 -2.379891 0.219304
v 0.000183 -2.328971 0.188436
v -0.000227 -2.358159 0.197477
v 0.067014 -2.379891 0.208651
v 0.057443 -2.328971 0.179303
v 0.059847 -2.358159 0.188029
v 0.127249 -2.379890 0.177877
v 0.109078 -2.328971 0.152923
v 0.114061 -2.358159 0.160479
v 0.175027 -2.379891 0.129996
v 0.150035 -2.328972 0.111878
v 0.157108 -2.358159 0.117525
v 0.205671 -2.379891 0.069694
v 0.176303 -2.328971 0.060186
v 0.184775 -2.358159 0.063370
v 0.216180 -2.379890 0.002873
v 0.185312 -2.328971 0.002907
v 0.194353 -2.358159 0.003317
v 0.205527 -2.379891 -0.063924
v 0.176179 -2.328972 -0.054353
v 0.184905 -2.358159 -0.056757
v 0.174753 -2.379891 -0.124159
v 0.149799 -2.328971 -0.105989
v 0.157355 -2.358159 -0.110971
v 0.126872 -2.379890 -0.171937
v 0.108754 -2.328971 -0.146945
v 0.114401 -2.358159 -0.154018
v 0.066570 -2.379890 -0.202581
v 0.057062 -2.328971 -0.173213
v 0.060246 -2.358159 -0.181685
v -0.000030 -2.379891 -0.213090
v -0.000030 -2.328971 -0.182222
v -0.000030 -2.358159 -0.191263
v -0.067048 -2.379891 -0.202437
v -0.057477 -2.328971 -0.173089
v -0.059881 -2.358159 -0.181815
v -0.127283 -2.379890 -0.171663
v -0.109112 -2.328971 -0.146709
v -0.114095 -2.358159 -0.154265
v -0.175061 -2.379891 -0.123782
v -0.150069 -2.328971 -0.105664
v -0.157142 -2.358159 -0.111310
v -0.205705 -2.379891 -0.063480
v -0.176337 -2.328971 -0.053972
v -0.184809 -2.358159 -0.057156
v -0.216214 -2.379890 0.003341
v -0.185346 -2.328971 0.003307
v -0.194387 -2.358159 0.002897
v -0.205561 -2.379891 0.070138
v -0.176213 -2.328971 0.060567
v -0.184939 -2.358159 0.062971
v -0.174787 -2.379890 0.130373
v -0.149833 -2.328971 0.112203
v -0.157389 -2.358159 0.117185
v -0.126906 -2.379890 0.178151
v -0.108788 -2.328971 0.153159
v -0.114434 -2.358159 0.160232
v -0.057096 -2.328971 0.179427
v -0.066604 -2.379891 0.208795
v -0.060280 -2.358159 0.187899
v 0.000298 -2.440597 0.294211
v 0.000276 -2.409225 0.274319
v -0.000325 -2.422617 0.288027
v 0.090238 -2.440597 0.279867
v 0.084071 -2.409225 0.260954
v 0.087735 -2.422616 0.274177
v 0.171344 -2.440597 0.238431
v 0.159634 -2.409225 0.222350
v 0.167206 -2.422616 0.233793
v 0.235676 -2.440597 0.173959
v 0.219570 -2.409225 0.162284
v 0.230307 -2.422616 0.170827
v 0.276937 -2.440597 0.092764
v 0.258011 -2.409225 0.086637
v 0.270862 -2.422616 0.091444
v 0.291087 -2.440597 0.002792
v 0.271194 -2.409225 0.002814
v 0.284903 -2.422616 0.003414
v 0.276742 -2.440597 -0.087148
v 0.257830 -2.409225 -0.080981
v 0.271053 -2.422616 -0.084646
v 0.235306 -2.440597 -0.168254
v 0.219226 -2.409225 -0.156544
v 0.230669 -2.422616 -0.164116
v 0.170835 -2.440597 -0.232586
v 0.159160 -2.409225 -0.216480
v 0.167703 -2.422616 -0.227217
v 0.089640 -2.440597 -0.273847
v 0.083513 -2.409225 -0.254921
v 0.088321 -2.422616 -0.267773
v -0.000030 -2.440596 -0.287997
v -0.000030 -2.409225 -0.268104
v -0.000030 -2.422616 -0.281813
v -0.090272 -2.440597 -0.273652
v -0.084105 -2.409225 -0.254740
v -0.087769 -2.422616 -0.267963
v -0.171378 -2.440597 -0.232216
v -0.159668 -2.409225 -0.216135
v -0.167240 -2.422616 -0.227579
v -0.235710 -2.440597 -0.167745
v -0.219604 -2.409225 -0.156070
v -0.230341 -2.422616 -0.164613
v -0.276971 -2.440597 -0.086550
v -0.258045 -2.409225 -0.080423
v -0.270897 -2.422616 -0.085231
v -0.291121 -2.440597 0.003421
v -0.271229 -2.409225 0.003400
v -0.284937 -2.422616 0.002799
v -0.276776 -2.440597 0.093362
v -0.257864 -2.409225 0.087195
v -0.271087 -2.422616 0.090859
v -0.235340 -2.440597 0.174468
v -0.219260 -2.409225 0.162758
v -0.230703 -2.422616 0.170330
v -0.170869 -2.440597 0.238800
v -0.159194 -2.409225 0.222694
v -0.167737 -2.422616 0.233431
v -0.083547 -2.409225 0.261135
v -0.089674 -2.440597 0.280061
v -0.088355 -2.422616 0.273986
v 0.109091 0.319879 0.152940
v -0.176214 0.317731 0.060566
v -0.185344 0.317291 0.003309
v -0.176334 0.316947 -0.053968
v -0.150064 0.316732 -0.105658
v -0.108804 0.318723 0.153138
v 0.150047 0.319815 0.111895
v -0.109108 0.316669 -0.146703
v -0.057473 0.316762 -0.173083
v -0.000030 0.317003 -0.182218
v 0.057063 0.317369 -0.173211
v 0.108753 0.317823 -0.146946
v 0.149795 0.318322 -0.105993
v 0.176173 0.318815 -0.054362
v 0.185303 0.319256 0.002896
v 0.176292 0.319600 0.060173
v -0.149854 0.318225 0.112176
v 0.057445 0.319785 0.179305
v 0.000192 0.319544 0.188447
v -0.057085 0.319178 0.179441
v -0.108788 -0.911408 0.153178
v -0.057094 -0.397883 0.179430
v -0.057088 -0.105448 0.179438
v 0.000185 -0.397866 0.188438
v 0.000190 -0.105381 0.188445
v 0.057443 -0.397855 0.179304
v 0.057444 -0.105337 0.179305
v 0.109081 -0.397851 0.152927
v 0.109089 -0.105320 0.152937
v 0.150037 -0.397854 0.111882
v 0.150045 -0.105332 0.111892
v 0.176301 -0.397863 0.060184
v 0.176294 -0.105371 0.060175
v 0.185310 -0.397879 0.002905
v 0.185305 -0.105434 0.002898
v 0.176178 -0.397899 -0.054355
v 0.176174 -0.105515 -0.054360
v 0.149799 -0.397922 -0.105989
v 0.149796 -0.105605 -0.105992
v 0.108754 -0.397945 -0.146945
v 0.108753 -0.105696 -0.146946
v 0.057062 -0.397965 -0.173213
v 0.057063 -0.105779 -0.173212
v -0.000030 -0.397982 -0.182221
v -0.000030 -0.105846 -0.182218
v -0.057476 -0.397993 -0.173088
v -0.057474 -0.105891 -0.173085
v -0.109112 -0.397998 -0.146708
v -0.109109 -0.105908 -0.146704
v -0.150068 -0.397995 -0.105663
v -0.150065 -0.105896 -0.105660
v -0.176336 -0.397985 -0.053971
v -0.176334 -0.105857 -0.053969
v -0.185345 -0.397969 0.003307
v -0.185345 -0.105794 0.003309
v -0.176213 -0.397949 0.060567
v -0.176214 -0.105713 0.060567
v -0.149837 -0.397926 0.112197
v -0.149850 -0.105623 0.112182
v -0.108795 -0.397904 0.153162
v -0.108800 -0.105535 0.153150
v -0.185345 -0.154574 0.003308
v -0.176335 -0.154622 -0.053970
v -0.150066 -0.154652 -0.105661
v -0.109110 -0.154661 -0.146705
v 0.108754 -0.154500 -0.146946
v 0.149797 -0.154431 -0.105991
v 0.176175 -0.154362 -0.054358
v 0.185306 -0.154300 0.002900
v 0.176296 -0.154253 0.060178
v 0.150043 -0.154223 0.111889
v 0.109086 -0.154214 0.152934
v 0.057444 -0.154227 0.179304
v 0.000189 -0.154260 0.188443
v -0.057090 -0.154311 0.179436
v -0.108798 -0.154378 0.153153
v -0.149846 -0.154444 0.112187
v -0.176214 -0.154513 0.060567
v -0.185212 -0.230641 0.003516
v -0.176447 -0.230787 -0.054185
v -0.150375 -0.231212 -0.106413
v -0.102093 -0.230523 -0.151083
v 0.102878 -0.230421 -0.150668
v 0.150138 -0.231128 -0.106853
v 0.176286 -0.230582 -0.054572
v 0.185165 -0.230401 0.003138
v 0.176222 -0.230494 0.060233
v 0.150032 -0.230506 0.111796
v 0.109069 -0.230464 0.152879
v 0.057425 -0.230467 0.179281
v 0.000186 -0.230501 0.188407
v -0.057074 -0.230537 0.179403
v -0.108781 -0.230592 0.153107
v -0.149832 -0.230675 0.112116
v -0.176135 -0.230700 0.060612
v -0.176112 -0.189042 0.060658
v -0.185277 -0.189446 0.003499
v -0.176532 -0.189154 -0.054358
v -0.150132 -0.187879 -0.106350
v -0.117020 -0.189149 -0.138832
v 0.117727 -0.189020 -0.138367
v 0.149864 -0.187328 -0.106790
v 0.176359 -0.188909 -0.054704
v 0.185237 -0.189293 0.003120
v 0.176202 -0.188809 0.060268
v 0.150013 -0.188666 0.111801
v 0.109075 -0.188775 0.152870
v 0.057432 -0.188811 0.179281
v 0.000187 -0.188817 0.188414
v -0.057080 -0.188880 0.179402
v -0.108787 -0.188922 0.153093
v -0.149815 -0.188893 0.112119
v -0.185279 -0.270596 0.003499
v -0.176531 -0.271114 -0.054360
v -0.150126 -0.272598 -0.106353
v -0.117020 -0.270854 -0.138835
v 0.117727 -0.270755 -0.138369
v 0.149854 -0.272803 -0.106793
v 0.176357 -0.270937 -0.054704
v 0.185242 -0.270315 0.003123
v 0.176203 -0.270769 0.060269
v 0.150011 -0.270903 0.111800
v 0.109073 -0.270768 0.152867
v 0.057431 -0.270743 0.179280
v 0.000186 -0.270792 0.188412
v -0.057081 -0.270810 0.179402
v -0.108786 -0.270879 0.153094
v -0.149813 -0.271027 0.112122
v -0.176112 -0.270946 0.060659
v -0.185345 -0.305043 0.003308
v -0.176336 -0.305071 -0.053971
v -0.150067 -0.305089 -0.105662
v -0.109111 -0.305094 -0.146707
v 0.108754 -0.305000 -0.146945
v 0.149798 -0.304959 -0.105990
v 0.176177 -0.304919 -0.054356
v 0.185309 -0.304883 0.002903
v 0.176299 -0.304855 0.060181
v 0.150039 -0.304837 0.111884
v 0.109083 -0.304832 0.152929
v 0.057444 -0.304840 0.179304
v 0.000186 -0.304859 0.188440
v -0.057092 -0.304889 0.179432
v -0.108796 -0.304928 0.153158
v -0.149841 -0.304967 0.112193
v -0.176214 -0.305007 0.060567
v -0.185345 -0.345085 0.003308
v -0.176336 -0.345109 -0.053971
v -0.150067 -0.345124 -0.105663
v -0.109111 -0.345128 -0.146707
v -0.057476 -0.345122 -0.173088
v -0.000030 -0.345105 -0.182220
v 0.057063 -0.345079 -0.173212
v 0.108754 -0.345048 -0.146945
v 0.149798 -0.345014 -0.105990
v 0.176177 -0.344979 -0.054356
v 0.185309 -0.344949 0.002903
v 0.176300 -0.344925 0.060182
v 0.150039 -0.344910 0.111883
v 0.109082 -0.344905 0.152928
v 0.057444 -0.344912 0.179304
v 0.000186 -0.344929 0.188439
v -0.057093 -0.344954 0.179431
v -0.108796 -0.344987 0.153160
v -0.149840 -0.345020 0.112195
v -0.176213 -0.345054 0.060567
v -0.000030 -0.139581 -0.181845
v -0.032504 -0.146430 -0.177069
v -0.061894 -0.165933 -0.170828
v -0.081532 -0.195122 -0.160795
v -0.088428 -0.229552 -0.157273
v -0.081532 -0.263982 -0.160796
v -0.061894 -0.293170 -0.170830
v -0.032504 -0.312673 -0.177070
v -0.000030 -0.319521 -0.181846
v 0.036832 -0.312673 -0.176394
v 0.066222 -0.293170 -0.168558
v 0.085859 -0.263982 -0.158579
v 0.092755 -0.229552 -0.155075
v 0.085859 -0.195122 -0.158579
v 0.066222 -0.165933 -0.168558
v 0.036832 -0.146430 -0.176393
v -0.000030 -0.123695 -0.181845
v -0.038625 -0.131753 -0.176092
v -0.073205 -0.154700 -0.165049
v -0.095932 -0.190462 -0.153718
v -0.095932 -0.268953 -0.153720
v -0.073205 -0.304403 -0.165051
v -0.038625 -0.327350 -0.176094
v -0.000030 -0.335408 -0.181846
v 0.042953 -0.327350 -0.175431
v 0.077532 -0.304403 -0.162811
v 0.099053 -0.268903 -0.152079
v 0.099053 -0.190440 -0.152078
v 0.077532 -0.154700 -0.162811
v 0.042953 -0.131753 -0.175431
v 0.118678 -0.230675 -0.138016
v -0.119013 -0.230816 -0.137753
v -0.176214 -0.130113 0.060567
v -0.185345 -0.130184 0.003309
v -0.176335 -0.130239 -0.053969
v -0.150066 -0.130274 -0.105660
v -0.109109 -0.130284 -0.146705
v 0.108754 -0.130098 -0.146946
v 0.149797 -0.130018 -0.105992
v 0.176175 -0.129938 -0.054359
v 0.185305 -0.129867 0.002899
v 0.176295 -0.129812 0.060177
v 0.150044 -0.129777 0.111890
v 0.109088 -0.129767 0.152935
v 0.057444 -0.129782 0.179305
v 0.000189 -0.129821 0.188444
v -0.057089 -0.129880 0.179437
v -0.108799 -0.129956 0.153152
v -0.149848 -0.130033 0.112184
v -0.102093 -1.979752 -0.151083
v 0.102878 -1.979650 -0.150668
v -0.000030 -1.888810 -0.181845
v -0.032504 -1.895658 -0.177069
v -0.061894 -1.915162 -0.170828
v -0.081532 -1.944350 -0.160795
v -0.088428 -1.978780 -0.157273
v -0.081532 -2.013210 -0.160796
v -0.061894 -2.042398 -0.170830
v -0.032504 -2.061901 -0.177070
v -0.000030 -2.068750 -0.181846
v 0.036832 -2.061901 -0.176394
v 0.066222 -2.042398 -0.168558
v 0.085859 -2.013210 -0.158579
v 0.092755 -1.978780 -0.155075
v 0.085859 -1.944350 -0.158579
v 0.066222 -1.915162 -0.168558
v 0.036832 -1.895658 -0.176393
v -0.000030 -1.872924 -0.181845
v -0.038625 -1.880981 -0.176092
v -0.073205 -1.903928 -0.165049
v -0.095932 -1.939690 -0.153718
v -0.095932 -2.018182 -0.153720
v -0.073205 -2.053632 -0.165051
v -0.038625 -2.076578 -0.176094
v -0.000030 -2.084636 -0.181846
v 0.042953 -2.076578 -0.175431
v 0.077532 -2.053632 -0.162811
v 0.099053 -2.018132 -0.152079
v 0.099053 -1.939669 -0.152078
v 0.077532 -1.903928 -0.162811
v 0.042953 -1.880981 -0.175431
v -0.057096 -1.939091 0.179428
v 0.000184 -1.939088 0.188436
v 0.057443 -1.939085 0.179303
v 0.109079 -1.939085 0.152924
v 0.150035 -1.939085 0.111879
v 0.176303 -1.939087 0.060186
v 0.185311 -1.939090 0.002907
v 0.176179 -1.939095 -0.054353
v 0.149799 -1.939099 -0.105989
v 0.108754 -1.939103 -0.146945
v -0.109112 -1.939114 -0.146709
v -0.150069 -1.939113 -0.105664
v -0.176337 -1.939111 -0.053972
v -0.185346 -1.939108 0.003307
v -0.176213 -1.939104 0.060567
v -0.149834 -1.939100 0.112202
v -0.057096 -1.979077 0.179428
v 0.000184 -1.979074 0.188436
v 0.057443 -1.979072 0.179303
v 0.109079 -1.979071 0.152924
v 0.150035 -1.979072 0.111879
v 0.176303 -1.979073 0.060186
v 0.185311 -1.979076 0.002907
v 0.176179 -1.979080 -0.054353
v 0.149799 -1.979084 -0.105989
v 0.108754 -1.979088 -0.146945
v -0.109112 -1.979097 -0.146709
v -0.150069 -1.979096 -0.105664
v -0.176337 -1.979095 -0.053972
v -0.185346 -1.979092 0.003307
v -0.176213 -1.979089 0.060567
v -0.149834 -1.979084 0.112202
v -0.057096 -2.018406 0.179427
v 0.000184 -2.018404 0.188436
v 0.057443 -2.018402 0.179303
v 0.109079 -2.018401 0.152924
v 0.150035 -2.018402 0.111879
v 0.176303 -2.018403 0.060186
v 0.185311 -2.018405 0.002907
v 0.176179 -2.018409 -0.054353
v 0.149799 -2.018412 -0.105989
v 0.108754 -2.018416 -0.146945
v -0.109112 -2.018424 -0.146709
v -0.150069 -2.018424 -0.105664
v -0.176337 -2.018422 -0.053972
v -0.185346 -2.018420 0.003307
v -0.176213 -2.018416 0.060567
v -0.149834 -2.018413 0.112202
v -0.057096 -2.053667 0.179427
v 0.000183 -2.053664 0.188436
v 0.057443 -2.053663 0.179303
v 0.109079 -2.053662 0.152924
v 0.150035 -2.053663 0.111879
v 0.176303 -2.053664 0.060186
v 0.185311 -2.053666 0.002907
v 0.176179 -2.053669 -0.054353
v 0.149799 -2.053672 -0.105989
v 0.108754 -2.053675 -0.146945
v -0.109112 -2.053683 -0.146709
v -0.150069 -2.053682 -0.105664
v -0.176337 -2.053681 -0.053972
v -0.185346 -2.053679 0.003307
v -0.176213 -2.053676 0.060567
v -0.149834 -2.053673 0.112202
v -0.057096 -2.090779 0.179427
v 0.000183 -2.090777 0.188436
v 0.057443 -2.090775 0.179303
v 0.109079 -2.090775 0.152924
v 0.150035 -2.090775 0.111879
v 0.176303 -2.090776 0.060186
v 0.185312 -2.090778 0.002907
v 0.176179 -2.090781 -0.054353
v 0.149799 -2.090784 -0.105989
v 0.108754 -2.090786 -0.146945
v 0.057062 -2.090789 -0.173213
v -0.000030 -2.090790 -0.182222
v -0.057477 -2.090792 -0.173089
v -0.109112 -2.090793 -0.146709
v -0.150069 -2.090792 -0.105664
v -0.176337 -2.090791 -0.053972
v -0.185346 -2.090789 0.003307
v -0.176213 -2.090787 0.060567
v -0.149834 -2.090784 0.112202
v -0.057096 -1.854511 0.179428
v 0.000184 -1.854507 0.188436
v 0.057443 -1.854504 0.179303
v 0.109079 -1.854503 0.152924
v 0.150035 -1.854504 0.111879
v 0.176302 -1.854506 0.060186
v 0.185311 -1.854510 0.002906
v 0.176179 -1.854515 -0.054353
v 0.149799 -1.854520 -0.105989
v 0.108754 -1.854526 -0.146945
v 0.057062 -1.854531 -0.173213
v -0.000030 -1.854534 -0.182222
v -0.057477 -1.854537 -0.173089
v -0.109112 -1.854538 -0.146709
v -0.150069 -1.854537 -0.105664
v -0.176337 -1.854535 -0.053972
v -0.185346 -1.854531 0.003307
v -0.176213 -1.854527 0.060567
v -0.149834 -1.854521 0.112201
v -0.057096 -1.902843 0.179428
v 0.000184 -1.902839 0.188436
v 0.057443 -1.902836 0.179303
v 0.109079 -1.902835 0.152924
v 0.150035 -1.902836 0.111879
v 0.176302 -1.902838 0.060186
v 0.185311 -1.902842 0.002906
v 0.176179 -1.902846 -0.054353
v 0.149799 -1.902851 -0.105989
v 0.108754 -1.902856 -0.146945
v -0.109112 -1.902867 -0.146709
v -0.150069 -1.902866 -0.105664
v -0.176337 -1.902864 -0.053972
v -0.185346 -1.902861 0.003307
v -0.176213 -1.902857 0.060567
v -0.149834 -1.902852 0.112201
v -0.108788 -1.902847 0.153165
v -0.108788 -1.854516 0.153165
v -0.108788 -1.939095 0.153164
v -0.108788 -1.979081 0.153163
v -0.108788 -2.018409 0.153163
v -0.108788 -2.053670 0.153163
v -0.108788 -2.090781 0.153162
v -0.057096 -1.878677 0.179428
v 0.000184 -1.878673 0.188436
v 0.057443 -1.878670 0.179303
v 0.109079 -1.878669 0.152924
v 0.150035 -1.878670 0.111879
v 0.176302 -1.878672 0.060186
v 0.185311 -1.878676 0.002906
v 0.176179 -1.878681 -0.054353
v 0.149799 -1.878685 -0.105989
v 0.108754 -1.878691 -0.146945
v -0.109112 -1.878703 -0.146709
v -0.150069 -1.878702 -0.105664
v -0.176337 -1.878700 -0.053972
v -0.185346 -1.878696 0.003307
v -0.176213 -1.878692 0.060567
v -0.149834 -1.878686 0.112201
v -0.108788 -1.878682 0.153165
v -0.057096 -2.072223 0.179427
v 0.000183 -2.072221 0.188436
v 0.057443 -2.072219 0.179303
v 0.109079 -2.072218 0.152924
v 0.150035 -2.072219 0.111879
v 0.176303 -2.072220 0.060186
v 0.185312 -2.072222 0.002907
v 0.176179 -2.072225 -0.054353
v 0.149799 -2.072228 -0.105989
v 0.108754 -2.072231 -0.146945
v -0.109112 -2.072237 -0.146709
v -0.150069 -2.072237 -0.105664
v -0.176337 -2.072236 -0.053972
v -0.185346 -2.072234 0.003307
v -0.176213 -2.072231 0.060567
v -0.149834 -2.072229 0.112202
v -0.108788 -2.072226 0.153162
v 0.092671 2.285336 0.003207
v 0.088165 2.285336 -0.025440
v 0.075028 2.285336 -0.051293
v 0.054544 2.285336 -0.071821
v 0.028530 2.285336 0.091290
v 0.054382 2.285336 0.078153
v 0.000082 2.285336 -0.089582
v -0.028565 2.285336 -0.085076
v -0.088139 2.285336 -0.025631
v -0.092706 2.285336 0.003007
v -0.088201 2.285336 0.031654
v -0.075063 2.285336 0.057507
v 0.088104 2.285336 0.031845
v 0.074910 2.285336 0.057669
v -0.054580 2.285336 0.078035
v -0.028755 2.285336 0.091228
v -0.000118 2.285336 0.095796
v -0.074946 2.285336 -0.051455
v -0.054418 2.285336 -0.071939
v 0.028720 2.285336 -0.085014
v -0.000016 2.297383 0.003107
v 0.007114 2.297383 -0.017878
v -0.007148 2.297383 0.024093
v -0.013872 2.297383 -0.025010
v -0.021003 2.297383 -0.004024
v -0.028134 2.297383 0.016962
v 0.028099 2.297383 -0.010748
v 0.020968 2.297383 0.010238
v 0.013837 2.297383 0.031224
v -0.034567 2.297383 0.035893
v -0.013581 2.297383 0.043024
v 0.007404 2.297383 0.050155
v -0.007439 2.297383 -0.043941
v 0.013547 2.297383 -0.036810
v 0.034532 2.297383 -0.029679
v 0.000306 -2.642005 0.302420
v -0.092202 -2.642005 0.287870
v 0.092783 -2.642005 0.287671
v 0.176176 -2.642005 0.245066
v 0.242322 -2.642005 0.178777
v 0.284746 -2.642005 0.095292
v 0.299296 -2.642005 0.002784
v 0.284546 -2.642005 -0.089693
v 0.241942 -2.642005 -0.173086
v 0.175653 -2.642005 -0.239232
v 0.092168 -2.642005 -0.281656
v -0.000030 -2.642005 -0.296206
v -0.092817 -2.642005 -0.281457
v -0.176210 -2.642005 -0.238852
v -0.242356 -2.642005 -0.172563
v -0.284780 -2.642005 -0.089078
v -0.299330 -2.642005 0.003430
v -0.284580 -2.642005 0.095907
v -0.241976 -2.642005 0.179300
v -0.175687 -2.642005 0.245446
v -0.000021 -2.642005 0.003108
v 0.025636 -2.642005 0.081778
v -0.025677 -2.642005 -0.075561
v 0.053174 -2.642005 -0.101276
v 0.078786 -2.642005 -0.022592
v 0.104398 -2.642005 0.056092
v -0.104342 -2.642005 -0.049908
v -0.078687 -2.642005 0.028763
v -0.053032 -2.642005 0.107432
v -0.029887 -2.642005 0.178402
v 0.048781 -2.642005 0.152747
v 0.127503 -2.642005 0.127074
v -0.127486 -2.642005 -0.120877
v -0.048823 -2.642005 -0.146530
v 0.030068 -2.642005 -0.172258
v 0.001940 -0.133045 -1.672937
v 0.034413 -0.139894 -1.677713
v 0.063803 -0.159397 -1.683954
v 0.083441 -0.188585 -1.693986
v 0.090337 -0.223015 -1.697509
v 0.083441 -0.257445 -1.693985
v 0.063803 -0.286634 -1.683952
v 0.034413 -0.306137 -1.677711
v 0.001940 -0.312985 -1.672935
v -0.034922 -0.306137 -1.678387
v -0.064312 -0.286634 -1.686223
v -0.083950 -0.257445 -1.696202
v -0.090846 -0.223015 -1.699706
v -0.083950 -0.188585 -1.696202
v -0.064312 -0.159397 -1.686223
v -0.034922 -0.139894 -1.678388
v 0.001940 -1.882274 -1.672937
v 0.034413 -1.889122 -1.677713
v 0.063803 -1.908625 -1.683954
v 0.083441 -1.937813 -1.693986
v 0.090337 -1.972243 -1.697509
v 0.083441 -2.006674 -1.693985
v 0.063803 -2.035862 -1.683952
v 0.034413 -2.055365 -1.677711
v 0.001940 -2.062213 -1.672935
v -0.034922 -2.055365 -1.678387
v -0.064312 -2.035862 -1.686223
v -0.083950 -2.006674 -1.696202
v -0.090846 -1.972243 -1.699706
v -0.083950 -1.937813 -1.696202
v -0.064312 -1.908625 -1.686223
v -0.034922 -1.889122 -1.678388
v 0.002428 -0.110161 -1.633051
v 0.001940 -0.133045 -1.679885
v 0.034413 -0.139894 -1.679885
v 0.043163 -0.118750 -1.633048
v 0.080030 -0.143213 -1.633047
v 0.063803 -0.159397 -1.679885
v 0.083441 -0.188585 -1.679885
v 0.104663 -0.179827 -1.633048
v 0.090337 -0.223015 -1.679885
v 0.113312 -0.223015 -1.633048
v 0.083441 -0.257445 -1.679885
v 0.104663 -0.266204 -1.633048
v 0.063803 -0.286634 -1.679885
v 0.080030 -0.302818 -1.633047
v 0.043163 -0.327281 -1.633048
v 0.034413 -0.306137 -1.679885
v 0.001940 -0.312985 -1.679885
v 0.002428 -0.335869 -1.633051
v -0.034922 -0.306137 -1.679885
v -0.043807 -0.327273 -1.633055
v -0.080664 -0.302805 -1.633062
v -0.064312 -0.286634 -1.679885
v -0.083950 -0.257445 -1.679885
v -0.105287 -0.266194 -1.633067
v -0.090846 -0.223015 -1.679885
v -0.113933 -0.223015 -1.633070
v -0.083950 -0.188585 -1.679885
v -0.105287 -0.179836 -1.633067
v -0.064312 -0.159397 -1.679885
v -0.080664 -0.143226 -1.633062
v -0.043807 -0.118758 -1.633055
v -0.034922 -0.139894 -1.679885
v 0.002428 -1.859390 -1.633051
v 0.001940 -1.882274 -1.679885
v 0.034413 -1.889122 -1.679885
v 0.043163 -1.867978 -1.633048
v 0.080030 -1.892441 -1.633047
v 0.063803 -1.908625 -1.679885
v 0.083441 -1.937813 -1.679885
v 0.104663 -1.929055 -1.633048
v 0.090337 -1.972243 -1.679885
v 0.113312 -1.972243 -1.633048
v 0.083441 -2.006674 -1.679885
v 0.104663 -2.015432 -1.633048
v 0.063803 -2.035862 -1.679885
v 0.080030 -2.052046 -1.633047
v 0.043163 -2.076510 -1.633048
v 0.034413 -2.055365 -1.679885
v 0.001940 -2.062213 -1.679885
v 0.002428 -2.085097 -1.633051
v -0.034922 -2.055365 -1.679885
v -0.043807 -2.076501 -1.633055
v -0.080664 -2.052033 -1.633062
v -0.064312 -2.035862 -1.679885
v -0.083950 -2.006674 -1.679885
v -0.105287 -2.015423 -1.633067
v -0.090846 -1.972243 -1.679885
v -0.113933 -1.972243 -1.633070
v -0.083950 -1.937813 -1.679885
v -0.105287 -1.929065 -1.633067
v -0.064312 -1.908625 -1.679885
v -0.080664 -1.892454 -1.633062
v -0.043807 -1.867986 -1.633055
v -0.034922 -1.889122 -1.679885
v 0.003435 -0.062963 -1.567083
v 0.002947 -0.085846 -1.613918
v 0.052456 -0.096291 -1.613920
v 0.061205 -0.075146 -1.567083
v 0.113488 -0.109841 -1.567083
v 0.097262 -0.126025 -1.613921
v 0.127201 -0.170525 -1.613920
v 0.148423 -0.161766 -1.567083
v 0.137715 -0.223015 -1.613920
v 0.160690 -0.223016 -1.567083
v 0.127201 -0.275506 -1.613920
v 0.148423 -0.284265 -1.567083
v 0.097262 -0.320006 -1.613921
v 0.113488 -0.336190 -1.567083
v 0.061205 -0.370885 -1.567083
v 0.052456 -0.349740 -1.613920
v 0.002947 -0.360184 -1.613918
v 0.003435 -0.383068 -1.567083
v -0.053255 -0.349749 -1.613913
v -0.062141 -0.370885 -1.567083
v -0.114424 -0.336190 -1.567083
v -0.098072 -0.320019 -1.613906
v -0.128022 -0.275516 -1.613900
v -0.149359 -0.284265 -1.567083
v -0.138539 -0.223015 -1.613899
v -0.161626 -0.223016 -1.567083
v -0.128022 -0.170515 -1.613900
v -0.149359 -0.161766 -1.567083
v -0.098072 -0.126012 -1.613906
v -0.114424 -0.109841 -1.567083
v -0.062141 -0.075146 -1.567083
v -0.053255 -0.096282 -1.613913
v 0.003435 -1.812191 -1.567083
v 0.002947 -1.835075 -1.613918
v 0.052456 -1.845519 -1.613920
v 0.061205 -1.824374 -1.567083
v 0.113488 -1.859069 -1.567083
v 0.097262 -1.875253 -1.613921
v 0.127201 -1.919752 -1.613920
v 0.148423 -1.910994 -1.567083
v 0.137715 -1.972243 -1.613920
v 0.160690 -1.972243 -1.567083
v 0.127201 -2.024735 -1.613920
v 0.148423 -2.033493 -1.567083
v 0.097262 -2.069234 -1.613921
v 0.113488 -2.085418 -1.567083
v 0.061205 -2.120113 -1.567083
v 0.052456 -2.098969 -1.613920
v 0.002947 -2.109412 -1.613918
v 0.003435 -2.132296 -1.567083
v -0.053255 -2.098977 -1.613913
v -0.062141 -2.120113 -1.567083
v -0.114424 -2.085418 -1.567083
v -0.098072 -2.069247 -1.613906
v -0.128022 -2.024744 -1.613900
v -0.149359 -2.033493 -1.567083
v -0.138539 -1.972243 -1.613899
v -0.161626 -1.972243 -1.567083
v -0.128022 -1.919743 -1.613900
v -0.149359 -1.910994 -1.567083
v -0.098072 -1.875240 -1.613906
v -0.114424 -1.859069 -1.567083
v -0.062141 -1.824374 -1.567083
v -0.053255 -1.845510 -1.613913
v 0.050234 -1.850887 -0.824901
v 0.002823 -1.840888 -0.824901
v -0.050995 -1.850887 -0.824901
v 0.093144 -1.879361 -0.824901
v 0.121815 -1.921976 -0.824901
v 0.131883 -1.972243 -0.824901
v 0.121815 -2.022511 -0.824901
v 0.093144 -2.065126 -0.824901
v 0.050234 -2.093600 -0.824901
v 0.002823 -2.103599 -0.824901
v -0.050995 -2.093600 -0.824901
v -0.093905 -2.065126 -0.824901
v -0.122576 -2.022511 -0.824901
v -0.132644 -1.972243 -0.824901
v -0.122576 -1.921976 -0.824901
v -0.093905 -1.879361 -0.824901
v 0.002823 -0.091660 -0.818059
v -0.050995 -0.101659 -0.818059
v 0.050234 -0.101659 -0.818059
v 0.093144 -0.130133 -0.818059
v 0.121815 -0.172748 -0.818059
v 0.131883 -0.223016 -0.818059
v 0.121815 -0.273283 -0.818059
v 0.093144 -0.315898 -0.818059
v 0.050234 -0.344372 -0.818059
v 0.002823 -0.354371 -0.818059
v -0.050995 -0.344372 -0.818059
v -0.093905 -0.315898 -0.818059
v -0.122576 -0.273283 -0.818059
v -0.132644 -0.223016 -0.818059
v -0.122576 -0.172748 -0.818059
v -0.093905 -0.130133 -0.818059
v 0.002411 -0.125712 -0.265478
v -0.038213 -0.133223 -0.265479
v 0.037071 -0.133067 -0.265478
v 0.069140 -0.154290 -0.265478
v 0.090382 -0.185851 -0.265478
v 0.097828 -0.223016 -0.265478
v 0.090382 -0.260180 -0.265478
v 0.069140 -0.291742 -0.265478
v 0.037071 -0.312965 -0.265478
v 0.002411 -0.320319 -0.265478
v -0.038213 -0.312808 -0.265478
v -0.069901 -0.291742 -0.265478
v -0.091143 -0.260180 -0.265478
v -0.098589 -0.223016 -0.265478
v -0.091143 -0.185851 -0.265478
v -0.069901 -0.154290 -0.265478
v 0.037071 -1.882294 -0.277369
v 0.002411 -1.874940 -0.277369
v -0.038213 -1.882451 -0.277369
v 0.069140 -1.903518 -0.277369
v 0.090382 -1.935079 -0.277369
v 0.097828 -1.972243 -0.277369
v 0.090382 -2.009408 -0.277369
v 0.069140 -2.040969 -0.277369
v 0.037071 -2.062193 -0.277369
v 0.002411 -2.069547 -0.277369
v -0.038213 -2.062036 -0.277369
v -0.069901 -2.040969 -0.277369
v -0.091143 -2.009408 -0.277369
v -0.098589 -1.972243 -0.277369
v -0.091143 -1.935079 -0.277369
v -0.069901 -1.903518 -0.277369
v 0.002488 -0.119337 -0.265478
v 0.002823 -0.091660 -0.292630
v 0.002725 -0.099766 -0.273431
v -0.050995 -0.101659 -0.292630
v -0.040594 -0.127342 -0.265479
v -0.047949 -0.109182 -0.273431
v 0.039549 -0.127154 -0.265478
v 0.050234 -0.101659 -0.292630
v 0.047105 -0.109126 -0.273431
v 0.073631 -0.149770 -0.265478
v 0.093144 -0.130133 -0.292630
v 0.087429 -0.135885 -0.273431
v 0.096258 -0.183402 -0.265478
v 0.121815 -0.172748 -0.292630
v 0.114329 -0.175868 -0.273431
v 0.104192 -0.223016 -0.265478
v 0.131883 -0.223016 -0.292630
v 0.123772 -0.223016 -0.273431
v 0.096258 -0.262630 -0.265478
v 0.121815 -0.273283 -0.292630
v 0.114329 -0.270163 -0.273431
v 0.073631 -0.296261 -0.265478
v 0.093144 -0.315898 -0.292630
v 0.087429 -0.310147 -0.273431
v 0.039550 -0.318877 -0.265478
v 0.050234 -0.344372 -0.292630
v 0.047105 -0.336905 -0.273431
v 0.002488 -0.326693 -0.265478
v 0.002823 -0.354371 -0.292630
v 0.002725 -0.346265 -0.273431
v -0.040594 -0.318689 -0.265478
v -0.050995 -0.344372 -0.292630
v -0.047949 -0.336850 -0.273431
v -0.074392 -0.296261 -0.265478
v -0.093905 -0.315898 -0.292630
v -0.088190 -0.310147 -0.273431
v -0.097019 -0.262630 -0.265478
v -0.122576 -0.273283 -0.292630
v -0.115090 -0.270163 -0.273431
v -0.104953 -0.223016 -0.265478
v -0.132644 -0.223016 -0.292630
v -0.124533 -0.223016 -0.273431
v -0.097019 -0.183402 -0.265478
v -0.122576 -0.172748 -0.292630
v -0.115090 -0.175868 -0.273431
v -0.074392 -0.149770 -0.265478
v -0.093905 -0.130133 -0.292630
v -0.088190 -0.135885 -0.273431
v 0.039549 -1.876382 -0.277369
v 0.050234 -1.850887 -0.304520
v 0.047105 -1.858354 -0.285321
v 0.002823 -1.840888 -0.304520
v 0.002488 -1.868566 -0.277369
v 0.002725 -1.848994 -0.285321
v -0.050995 -1.850887 -0.304520
v -0.040594 -1.876570 -0.277369
v -0.047949 -1.858409 -0.285321
v 0.073631 -1.898998 -0.277369
v 0.093144 -1.879361 -0.304520
v 0.087429 -1.885113 -0.285321
v 0.096258 -1.932629 -0.277369
v 0.121815 -1.921976 -0.304520
v 0.114329 -1.925096 -0.285321
v 0.104192 -1.972243 -0.277369
v 0.131883 -1.972243 -0.304520
v 0.123772 -1.972243 -0.285321
v 0.096258 -2.011858 -0.277369
v 0.121815 -2.022511 -0.304520
v 0.114329 -2.019391 -0.285321
v 0.073631 -2.045489 -0.277369
v 0.093144 -2.065126 -0.304520
v 0.087429 -2.059375 -0.285321
v 0.039550 -2.068105 -0.277369
v 0.050234 -2.093600 -0.304520
v 0.047105 -2.086133 -0.285321
v 0.002488 -2.075921 -0.277369
v 0.002823 -2.103599 -0.304520
v 0.002725 -2.095493 -0.285321
v -0.040594 -2.067917 -0.277369
v -0.050995 -2.093600 -0.304520
v -0.047949 -2.086078 -0.285321
v -0.074392 -2.045489 -0.277369
v -0.093905 -2.065126 -0.304520
v -0.088190 -2.059375 -0.285321
v -0.097019 -2.011858 -0.277369
v -0.122576 -2.022511 -0.304520
v -0.115090 -2.019391 -0.285321
v -0.104953 -1.972243 -0.277369
v -0.132644 -1.972243 -0.304520
v -0.124533 -1.972243 -0.285321
v -0.097019 -1.932629 -0.277369
v -0.122576 -1.921976 -0.304520
v -0.115090 -1.925096 -0.285321
v -0.074392 -1.898998 -0.277369
v -0.093905 -1.879361 -0.304520
v -0.088190 -1.885113 -0.285321
v 0.002411 -0.125712 0.010812
v -0.038213 -0.133223 0.010811
v 0.037071 -0.133067 0.010812
v 0.069140 -0.154290 0.010812
v 0.090382 -0.185851 0.010812
v 0.097828 -0.223016 0.010812
v 0.090382 -0.260180 0.010812
v 0.069140 -0.291742 0.010812
v 0.037071 -0.312965 0.010812
v 0.002411 -0.320319 0.010812
v -0.038213 -0.312808 0.010812
v -0.069901 -0.291742 0.010812
v -0.091143 -0.260180 0.010812
v -0.098589 -0.223016 0.010812
v -0.091143 -0.185851 0.010812
v -0.069901 -0.154290 0.010812
v 0.037071 -1.882294 -0.003602
v 0.002411 -1.874940 -0.003602
v -0.038213 -1.882451 -0.003602
v 0.069140 -1.903518 -0.003602
v 0.090382 -1.935079 -0.003602
v 0.097828 -1.972243 -0.003602
v 0.090382 -2.009408 -0.003602
v 0.069140 -2.040969 -0.003602
v 0.037071 -2.062193 -0.003602
v 0.002411 -2.069547 -0.003602
v -0.038213 -2.062036 -0.003602
v -0.069901 -2.040969 -0.003602
v -0.091143 -2.009408 -0.003602
v -0.098589 -1.972243 -0.003602
v -0.091143 -1.935079 -0.003602
v -0.069901 -1.903518 -0.003602
vn -0.0000 1.0000 -0.0000
vn -0.0000 -1.0000 -0.0000
vn 0.0004 -0.9236 0.3833
vn -0.1180 -0.9236 0.3647
vn -0.1694 -0.8351 0.5234
vn 0.0006 -0.8351 0.5502
vn 0.0010 -0.3498 0.9368
vn -0.2885 -0.3498 0.8913
vn -0.3030 -0.1808 0.9357
vn 0.0011 -0.1808 0.9835
vn 0.3049 -0.1808 0.9351
vn 0.2905 -0.3498 0.8907
vn 0.1706 -0.8351 0.5231
vn 0.1188 -0.9236 0.3644
vn 0.5789 -0.1807 0.7951
vn 0.5515 -0.3498 0.7573
vn 0.3239 -0.8351 0.4447
vn 0.2256 -0.9236 0.3098
vn 0.7964 -0.1807 0.5772
vn 0.7585 -0.3498 0.5498
vn 0.4454 -0.8351 0.3229
vn 0.3103 -0.9236 0.2250
vn 0.9357 -0.1810 0.3029
vn 0.8913 -0.3498 0.2885
vn 0.5234 -0.8351 0.1694
vn 0.3647 -0.9236 0.1180
vn 0.9835 -0.1810 -0.0010
vn 0.9368 -0.3498 -0.0010
vn 0.5502 -0.8351 -0.0006
vn 0.3833 -0.9236 -0.0004
vn 0.9350 -0.1809 -0.3049
vn 0.8907 -0.3498 -0.2905
vn 0.5231 -0.8351 -0.1706
vn 0.3644 -0.9236 -0.1188
vn 0.7950 -0.1809 -0.5789
vn 0.7573 -0.3498 -0.5515
vn 0.4447 -0.8351 -0.3239
vn 0.3098 -0.9236 -0.2256
vn 0.5772 -0.1809 -0.7963
vn 0.5498 -0.3498 -0.7585
vn 0.3229 -0.8351 -0.4454
vn 0.2250 -0.9236 -0.3103
vn 0.2343 0.0150 -0.9720
vn 0.2608 -0.0031 -0.9654
vn 0.4190 0.0279 -0.9076
vn 0.3823 0.0145 -0.9239
vn 0.3031 -0.1809 -0.9356
vn -0.0006 -0.1809 -0.9835
vn -0.0005 -0.3498 -0.9368
vn 0.2888 -0.3498 -0.8912
vn 0.1696 -0.8351 -0.5234
vn -0.0003 -0.8351 -0.5502
vn -0.0002 -0.9236 -0.3833
vn 0.1181 -0.9236 -0.3647
vn -0.3047 -0.1810 -0.9351
vn -0.2902 -0.3498 -0.8907
vn -0.1704 -0.8351 -0.5231
vn -0.1187 -0.9236 -0.3644
vn -0.3679 0.0266 -0.9295
vn -0.4091 0.0427 -0.9115
vn -0.2471 0.0030 -0.9690
vn -0.2201 0.0271 -0.9751
vn -0.5789 -0.1810 -0.7950
vn -0.5515 -0.3498 -0.7573
vn -0.7963 -0.1810 -0.5772
vn -0.7585 -0.3498 -0.5498
vn -0.3239 -0.8351 -0.4447
vn -0.4454 -0.8351 -0.3229
vn -0.3103 -0.9236 -0.2250
vn -0.2256 -0.9236 -0.3098
vn -0.9357 -0.1809 -0.3029
vn -0.8913 -0.3498 -0.2885
vn -0.5234 -0.8351 -0.1694
vn -0.3647 -0.9236 -0.1180
vn -0.9835 -0.1809 0.0011
vn -0.9368 -0.3498 0.0010
vn -0.5502 -0.8351 0.0006
vn -0.3833 -0.9236 0.0004
vn -0.9350 -0.1809 0.3049
vn -0.8907 -0.3498 0.2905
vn -0.5231 -0.8351 0.1706
vn -0.3644 -0.9236 0.1188
vn -0.7950 -0.1809 0.5790
vn -0.7573 -0.3498 0.5515
vn -0.4447 -0.8351 0.3239
vn -0.3098 -0.9236 0.2256
vn -0.5772 -0.1809 0.7963
vn -0.5498 -0.3498 0.7585
vn -0.3229 -0.8351 0.4454
vn -0.2250 -0.9236 0.3103
vn 0.0011 0.1882 0.9821
vn -0.3025 0.1882 0.9344
vn -0.2870 0.3632 0.8864
vn 0.0010 0.3632 0.9317
vn 0.0005 0.8664 0.4994
vn -0.1538 0.8664 0.4751
vn -0.0986 0.9473 0.3047
vn 0.0003 0.9473 0.3203
vn 0.0993 0.9473 0.3045
vn 0.1548 0.8664 0.4748
vn 0.2889 0.3632 0.8858
vn 0.3045 0.1882 0.9337
vn 0.1885 0.9473 0.2589
vn 0.2940 0.8664 0.4037
vn 0.5485 0.3632 0.7532
vn 0.5781 0.1882 0.7939
vn 0.2593 0.9473 0.1880
vn 0.4043 0.8664 0.2931
vn 0.7544 0.3632 0.5468
vn 0.7952 0.1882 0.5764
vn 0.3047 0.9473 0.0986
vn 0.4751 0.8664 0.1538
vn 0.8864 0.3632 0.2870
vn 0.9344 0.1882 0.3025
vn 0.3203 0.9473 -0.0003
vn 0.4994 0.8664 -0.0005
vn 0.9317 0.3632 -0.0010
vn 0.9821 0.1882 -0.0011
vn 0.3045 0.9473 -0.0993
vn 0.4748 0.8664 -0.1548
vn 0.8858 0.3632 -0.2889
vn 0.9337 0.1882 -0.3045
vn 0.2589 0.9473 -0.1885
vn 0.4037 0.8664 -0.2940
vn 0.7532 0.3632 -0.5485
vn 0.7939 0.1882 -0.5781
vn 0.1880 0.9473 -0.2593
vn 0.2931 0.8664 -0.4043
vn 0.5468 0.3632 -0.7544
vn 0.5764 0.1882 -0.7952
vn 0.0987 0.9473 -0.3047
vn -0.0001 0.9473 -0.3203
vn -0.0003 0.8664 -0.4994
vn 0.1539 0.8664 -0.4751
vn 0.2872 0.3632 -0.8864
vn -0.0005 0.3632 -0.9317
vn -0.0006 0.1882 -0.9821
vn 0.3027 0.1882 -0.9343
vn -0.0992 0.9474 -0.3044
vn -0.1547 0.8664 -0.4748
vn -0.2887 0.3632 -0.8859
vn -0.3043 0.1882 -0.9338
vn -0.1885 0.9473 -0.2589
vn -0.2940 0.8664 -0.4037
vn -0.2593 0.9473 -0.1880
vn -0.4043 0.8664 -0.2931
vn -0.5485 0.3632 -0.7532
vn -0.7544 0.3632 -0.5468
vn -0.7952 0.1882 -0.5764
vn -0.5781 0.1882 -0.7939
vn -0.3047 0.9473 -0.0986
vn -0.4751 0.8664 -0.1538
vn -0.8864 0.3632 -0.2870
vn -0.9344 0.1882 -0.3025
vn -0.3203 0.9473 0.0003
vn -0.4994 0.8664 0.0005
vn -0.9317 0.3632 0.0010
vn -0.9821 0.1882 0.0011
vn -0.3045 0.9473 0.0993
vn -0.4748 0.8664 0.1548
vn -0.8858 0.3632 0.2889
vn -0.9337 0.1882 0.3045
vn -0.2589 0.9473 0.1885
vn -0.4037 0.8664 0.2940
vn -0.7532 0.3632 0.5485
vn -0.7939 0.1882 0.5781
vn -0.1880 0.9473 0.2593
vn -0.2931 0.8664 0.4044
vn -0.5468 0.3632 0.7544
vn -0.5764 0.1882 0.7952
vn 1.0000 -0.0001 -0.0011
vn 0.9515 -0.0001 0.3078
vn 0.9507 -0.0000 -0.3100
vn 0.8084 -0.0000 -0.5887
vn 0.5869 -0.0000 -0.8097
vn -0.0006 -0.0001 -1.0000
vn 0.3082 -0.0000 -0.9513
vn -0.3098 -0.0001 -0.9508
vn -0.8096 -0.0001 -0.5869
vn -0.5887 -0.0001 -0.8084
vn -0.9514 -0.0001 -0.3080
vn -1.0000 -0.0000 0.0011
vn -0.9507 -0.0000 0.3100
vn 0.0015 -0.1441 0.9896
vn -0.3044 -0.1441 0.9416
vn -0.2941 -0.3234 0.8994
vn -0.0018 -0.3234 0.9463
vn -0.0010 -0.8314 0.5557
vn -0.1727 -0.8314 0.5282
vn -0.1278 -0.9096 0.3954
vn 0.0006 -0.9096 0.4155
vn 0.1290 -0.9096 0.3950
vn 0.1707 -0.8314 0.5288
vn 0.2907 -0.3234 0.9005
vn 0.3072 -0.1441 0.9407
vn 0.2448 -0.9096 0.3358
vn 0.3258 -0.8314 0.4502
vn 0.5548 -0.3234 0.7666
vn 0.5828 -0.1441 0.7997
vn 0.3365 -0.9096 0.2437
vn 0.4489 -0.8314 0.3275
vn 0.7645 -0.3234 0.5576
vn 0.8014 -0.1441 0.5805
vn 0.3954 -0.9096 0.1278
vn 0.5282 -0.8314 0.1727
vn 0.8994 -0.3234 0.2941
vn 0.9416 -0.1441 0.3044
vn 0.4155 -0.9096 -0.0006
vn 0.5557 -0.8314 0.0010
vn 0.9463 -0.3234 0.0018
vn 0.9896 -0.1441 -0.0015
vn 0.3950 -0.9096 -0.1290
vn 0.5288 -0.8314 -0.1707
vn 0.9005 -0.3234 -0.2907
vn 0.9407 -0.1441 -0.3072
vn 0.3358 -0.9096 -0.2448
vn 0.4502 -0.8314 -0.3258
vn 0.7666 -0.3234 -0.5548
vn 0.7997 -0.1441 -0.5828
vn 0.2437 -0.9096 -0.3365
vn 0.3275 -0.8314 -0.4489
vn 0.5576 -0.3234 -0.7645
vn 0.5805 -0.1441 -0.8014
vn 0.1279 -0.9095 -0.3955
vn -0.0000 -0.9096 -0.4155
vn 0.0001 -0.8314 -0.5557
vn 0.1728 -0.8312 -0.5285
vn 0.2940 -0.3241 -0.8992
vn -0.0001 -0.3234 -0.9463
vn -0.0003 -0.1441 -0.9896
vn 0.3045 -0.1445 -0.9415
vn -0.1290 -0.9097 -0.3948
vn -0.1707 -0.8316 -0.5285
vn -0.2908 -0.3227 -0.9007
vn -0.3071 -0.1438 -0.9408
vn -0.2448 -0.9096 -0.3358
vn -0.3258 -0.8314 -0.4502
vn -0.3365 -0.9096 -0.2437
vn -0.4489 -0.8314 -0.3275
vn -0.5548 -0.3234 -0.7666
vn -0.7645 -0.3234 -0.5576
vn -0.8014 -0.1441 -0.5805
vn -0.5828 -0.1441 -0.7997
vn -0.3954 -0.9096 -0.1278
vn -0.5281 -0.8314 -0.1727
vn -0.8994 -0.3234 -0.2941
vn -0.9416 -0.1441 -0.3044
vn -0.4155 -0.9096 0.0006
vn -0.5557 -0.8314 -0.0010
vn -0.9463 -0.3234 -0.0018
vn -0.9896 -0.1441 0.0015
vn -0.3950 -0.9096 0.1290
vn -0.5288 -0.8314 0.1707
vn -0.9005 -0.3234 0.2907
vn -0.9407 -0.1441 0.3072
vn -0.3358 -0.9096 0.2448
vn -0.4502 -0.8314 0.3258
vn -0.7666 -0.3234 0.5548
vn -0.7997 -0.1441 0.5828
vn -0.2437 -0.9096 0.3365
vn -0.3275 -0.8314 0.4489
vn -0.5576 -0.3234 0.7645
vn -0.5804 -0.1441 0.8014
vn -0.0005 0.9372 0.3488
vn -0.1083 0.9372 0.3315
vn -0.1518 0.8695 0.4700
vn 0.0009 0.8695 0.4939
vn 0.0010 0.3894 0.9211
vn -0.2837 0.3894 0.8763
vn -0.3010 0.2120 0.9298
vn 0.0011 0.2120 0.9773
vn 0.3030 0.2120 0.9291
vn 0.2856 0.3894 0.8757
vn 0.1535 0.8695 0.4695
vn 0.1073 0.9372 0.3319
vn 0.5753 0.2120 0.7900
vn 0.5422 0.3894 0.7446
vn 0.2911 0.8695 0.3991
vn 0.2046 0.9372 0.2825
vn 0.7912 0.2120 0.5736
vn 0.7458 0.3894 0.5406
vn 0.4001 0.8695 0.2896
vn 0.2818 0.9372 0.2054
vn 0.9298 0.2120 0.3010
vn 0.8763 0.3894 0.2837
vn 0.4700 0.8695 0.1518
vn 0.3315 0.9372 0.1083
vn 0.9773 0.2120 -0.0011
vn 0.9211 0.3894 -0.0010
vn 0.4939 0.8695 -0.0009
vn 0.3488 0.9372 0.0005
vn 0.9291 0.2120 -0.3030
vn 0.8757 0.3894 -0.2856
vn 0.4695 0.8695 -0.1535
vn 0.3319 0.9372 -0.1073
vn 0.7900 0.2120 -0.5753
vn 0.7446 0.3894 -0.5422
vn 0.3991 0.8695 -0.2911
vn 0.2825 0.9372 -0.2046
vn 0.5736 0.2120 -0.7912
vn 0.5406 0.3894 -0.7458
vn 0.2896 0.8695 -0.4001
vn 0.2054 0.9372 -0.2818
vn 0.3012 0.2120 -0.9297
vn -0.0005 0.2120 -0.9773
vn -0.0005 0.3894 -0.9211
vn 0.2839 0.3894 -0.8762
vn 0.1517 0.8697 -0.4697
vn -0.0001 0.8695 -0.4939
vn -0.0000 0.9372 -0.3488
vn 0.1083 0.9373 -0.3314
vn -0.3028 0.2120 -0.9292
vn -0.2853 0.3894 -0.8758
vn -0.1536 0.8693 -0.4698
vn -0.1073 0.9372 -0.3320
vn -0.5753 0.2120 -0.7900
vn -0.5422 0.3894 -0.7446
vn -0.7912 0.2120 -0.5736
vn -0.7458 0.3894 -0.5406
vn -0.2911 0.8695 -0.3991
vn -0.4001 0.8695 -0.2896
vn -0.2818 0.9372 -0.2054
vn -0.2046 0.9372 -0.2825
vn -0.9298 0.2120 -0.3010
vn -0.8763 0.3894 -0.2837
vn -0.4700 0.8695 -0.1518
vn -0.3315 0.9372 -0.1083
vn -0.9773 0.2120 0.0011
vn -0.9211 0.3894 0.0010
vn -0.4939 0.8695 0.0009
vn -0.3488 0.9372 -0.0005
vn -0.9291 0.2120 0.3030
vn -0.8757 0.3894 0.2856
vn -0.4695 0.8695 0.1535
vn -0.3319 0.9372 0.1073
vn -0.7900 0.2120 0.5753
vn -0.7446 0.3894 0.5422
vn -0.3991 0.8695 0.2911
vn -0.2825 0.9372 0.2046
vn -0.5736 0.2120 0.7912
vn -0.5406 0.3894 0.7458
vn -0.2896 0.8695 0.4001
vn -0.2054 0.9372 0.2818
vn 0.0007 -0.9479 0.3186
vn -0.0978 -0.9479 0.3032
vn -0.1550 -0.8672 0.4733
vn -0.0011 -0.8672 0.4980
vn -0.0022 -0.3635 0.9316
vn -0.2899 -0.3635 0.8853
vn -0.3020 -0.1884 0.9345
vn 0.0016 -0.1884 0.9821
vn 0.3050 -0.1884 0.9335
vn 0.2858 -0.3636 0.8866
vn 0.1528 -0.8672 0.4740
vn 0.0991 -0.9479 0.3028
vn 0.5786 -0.1884 0.7936
vn 0.5458 -0.3636 0.7549
vn 0.2918 -0.8672 0.4036
vn 0.1878 -0.9479 0.2573
vn 0.7955 -0.1884 0.5760
vn 0.7524 -0.3636 0.5493
vn 0.4023 -0.8672 0.2936
vn 0.2581 -0.9479 0.1867
vn 0.9345 -0.1884 0.3020
vn 0.8853 -0.3635 0.2899
vn 0.4733 -0.8672 0.1550
vn 0.3032 -0.9479 0.0978
vn 0.9821 -0.1884 -0.0016
vn 0.9316 -0.3635 0.0022
vn 0.4980 -0.8672 0.0011
vn 0.3186 -0.9479 -0.0007
vn 0.9335 -0.1884 -0.3050
vn 0.8866 -0.3635 -0.2858
vn 0.4740 -0.8672 -0.1528
vn 0.3028 -0.9479 -0.0991
vn 0.7936 -0.1884 -0.5786
vn 0.7549 -0.3636 -0.5458
vn 0.4036 -0.8671 -0.2918
vn 0.2573 -0.9479 -0.1878
vn 0.5760 -0.1884 -0.7955
vn 0.5493 -0.3636 -0.7524
vn 0.2936 -0.8671 -0.4023
vn 0.1867 -0.9479 -0.2581
vn 0.3021 -0.1880 -0.9346
vn -0.0003 -0.1884 -0.9821
vn 0.0001 -0.3635 -0.9316
vn 0.2900 -0.3628 -0.8856
vn 0.1549 -0.8674 -0.4729
vn -0.0001 -0.8671 -0.4981
vn -0.0001 -0.9479 -0.3186
vn 0.0978 -0.9480 -0.3030
vn -0.3049 -0.1888 -0.9335
vn -0.2858 -0.3643 -0.8863
vn -0.1529 -0.8669 -0.4744
vn -0.0991 -0.9478 -0.3030
vn -0.5785 -0.1884 -0.7936
vn -0.5458 -0.3636 -0.7549
vn -0.7955 -0.1884 -0.5760
vn -0.7524 -0.3635 -0.5493
vn -0.2918 -0.8671 -0.4036
vn -0.4023 -0.8671 -0.2937
vn -0.2581 -0.9479 -0.1867
vn -0.1878 -0.9479 -0.2573
vn -0.9345 -0.1884 -0.3020
vn -0.8853 -0.3635 -0.2899
vn -0.4733 -0.8671 -0.1550
vn -0.3032 -0.9479 -0.0978
vn -0.9821 -0.1884 0.0016
vn -0.9316 -0.3635 -0.0022
vn -0.4981 -0.8671 -0.0011
vn -0.3186 -0.9479 0.0007
vn -0.9335 -0.1884 0.3050
vn -0.8866 -0.3635 0.2858
vn -0.4740 -0.8671 0.1529
vn -0.3028 -0.9479 0.0991
vn -0.7936 -0.1884 0.5786
vn -0.7549 -0.3635 0.5458
vn -0.4036 -0.8672 0.2918
vn -0.2573 -0.9479 0.1878
vn -0.5760 -0.1884 0.7955
vn -0.5493 -0.3635 0.7524
vn -0.2936 -0.8672 0.4023
vn -0.1867 -0.9479 0.2581
vn 0.0039 -0.1817 0.9833
vn -0.3001 -0.1817 0.9364
vn -0.2939 -0.3635 0.8840
vn -0.0064 -0.3635 0.9316
vn -0.0037 -0.8671 0.4980
vn -0.1574 -0.8671 0.4725
vn -0.1065 -0.9366 0.3338
vn 0.0018 -0.9366 0.3504
vn 0.1100 -0.9366 0.3326
vn 0.1504 -0.8671 0.4748
vn 0.2818 -0.3635 0.8879
vn 0.3076 -0.1817 0.9340
vn 0.2074 -0.9366 0.2824
vn 0.2897 -0.8671 0.4051
vn 0.5424 -0.3635 0.7574
vn 0.5812 -0.1817 0.7932
vn 0.2845 -0.9366 0.2044
vn 0.4007 -0.8671 0.2957
vn 0.7499 -0.3635 0.5527
vn 0.7979 -0.1817 0.5748
vn 0.3338 -0.9366 0.1065
vn 0.4725 -0.8671 0.1574
vn 0.8840 -0.3635 0.2939
vn 0.9364 -0.1817 0.3001
vn 0.3504 -0.9366 -0.0018
vn 0.4980 -0.8672 0.0037
vn 0.9316 -0.3635 0.0064
vn 0.9833 -0.1817 -0.0039
vn 0.3326 -0.9366 -0.1100
vn 0.4748 -0.8672 -0.1504
vn 0.8879 -0.3635 -0.2818
vn 0.9340 -0.1817 -0.3076
vn 0.2824 -0.9366 -0.2074
vn 0.4051 -0.8672 -0.2897
vn 0.7574 -0.3635 -0.5424
vn 0.7932 -0.1817 -0.5812
vn 0.2044 -0.9366 -0.2845
vn 0.2957 -0.8672 -0.4007
vn 0.5527 -0.3635 -0.7499
vn 0.5748 -0.1817 -0.7979
vn 0.1066 -0.9364 -0.3345
vn 0.0002 -0.9366 -0.3504
vn 0.0003 -0.8672 -0.4980
vn 0.1576 -0.8665 -0.4736
vn 0.2938 -0.3658 -0.8831
vn -0.0003 -0.3635 -0.9316
vn -0.0004 -0.1817 -0.9834
vn 0.3002 -0.1830 -0.9361
vn -0.1099 -0.9369 -0.3320
vn -0.1502 -0.8679 -0.4736
vn -0.2820 -0.3610 -0.8889
vn -0.3075 -0.1805 -0.9343
vn -0.2074 -0.9366 -0.2824
vn -0.2897 -0.8672 -0.4051
vn -0.2845 -0.9366 -0.2044
vn -0.4007 -0.8672 -0.2957
vn -0.5424 -0.3635 -0.7574
vn -0.7499 -0.3635 -0.5527
vn -0.7979 -0.1817 -0.5748
vn -0.5812 -0.1817 -0.7932
vn -0.3338 -0.9366 -0.1065
vn -0.4725 -0.8672 -0.1574
vn -0.8840 -0.3635 -0.2939
vn -0.9364 -0.1817 -0.3001
vn -0.3504 -0.9366 0.0018
vn -0.4980 -0.8671 -0.0037
vn -0.9316 -0.3635 -0.0064
vn -0.9833 -0.1817 0.0039
vn -0.3326 -0.9366 0.1100
vn -0.4748 -0.8671 0.1504
vn -0.8879 -0.3635 0.2818
vn -0.9340 -0.1817 0.3076
vn -0.2824 -0.9366 0.2074
vn -0.4051 -0.8671 0.2897
vn -0.7574 -0.3635 0.5424
vn -0.7932 -0.1817 0.5812
vn -0.2044 -0.9366 0.2845
vn -0.2957 -0.8671 0.4007
vn -0.5527 -0.3635 0.7499
vn -0.5748 -0.1817 0.7979
vn 0.0007 0.7413 0.6712
vn -0.2067 0.7413 0.6386
vn -0.2728 0.4642 0.8427
vn 0.0010 0.4642 0.8857
vn -0.3052 0.1354 0.9426
vn 0.0011 0.1354 0.9908
vn 0.3072 0.1354 0.9420
vn 0.2746 0.4642 0.8421
vn 0.2081 0.7413 0.6381
vn 0.5832 0.1354 0.8009
vn 0.5214 0.4642 0.7160
vn 0.3951 0.7413 0.5426
vn 0.8022 0.1354 0.5815
vn 0.7171 0.4642 0.5198
vn 0.5434 0.7413 0.3939
vn 0.9426 0.1354 0.3052
vn 0.8427 0.4642 0.2728
vn 0.6386 0.7413 0.2067
vn 0.9908 0.1354 -0.0011
vn 0.8857 0.4642 -0.0010
vn 0.6712 0.7413 -0.0007
vn 0.9420 0.1354 -0.3072
vn 0.8421 0.4642 -0.2746
vn 0.6381 0.7413 -0.2081
vn 0.8009 0.1354 -0.5832
vn 0.7160 0.4642 -0.5214
vn 0.5426 0.7413 -0.3951
vn 0.5815 0.1354 -0.8022
vn 0.5198 0.4642 -0.7171
vn 0.3939 0.7413 -0.5434
vn 0.3054 0.1354 -0.9425
vn -0.0005 0.1354 -0.9908
vn -0.0005 0.4642 -0.8857
vn 0.2730 0.4642 -0.8426
vn -0.0004 0.7413 -0.6712
vn 0.2069 0.7413 -0.6385
vn -0.3069 0.1354 -0.9420
vn -0.2744 0.4642 -0.8421
vn -0.2079 0.7413 -0.6382
vn -0.5832 0.1354 -0.8009
vn -0.5214 0.4642 -0.7160
vn -0.8022 0.1354 -0.5815
vn -0.7171 0.4642 -0.5198
vn -0.5434 0.7413 -0.3939
vn -0.3951 0.7413 -0.5426
vn -0.9426 0.1354 -0.3052
vn -0.8427 0.4642 -0.2728
vn -0.6386 0.7413 -0.2067
vn -0.9908 0.1354 0.0011
vn -0.8857 0.4642 0.0010
vn -0.6712 0.7413 0.0007
vn -0.9420 0.1354 0.3072
vn -0.8421 0.4642 0.2746
vn -0.6381 0.7413 0.2081
vn -0.8009 0.1354 0.5832
vn -0.7160 0.4642 0.5214
vn -0.5426 0.7413 0.3951
vn -0.5815 0.1354 0.8022
vn -0.5198 0.4642 0.7171
vn -0.3939 0.7413 0.5434
vn 0.0008 0.6816 0.7317
vn -0.2254 0.6816 0.6962
vn -0.1896 0.7881 0.5857
vn 0.0007 0.7881 0.6156
vn 0.1909 0.7881 0.5853
vn 0.2269 0.6816 0.6957
vn 0.3624 0.7881 0.4976
vn 0.4307 0.6816 0.5915
vn 0.4984 0.7881 0.3613
vn 0.5924 0.6816 0.4295
vn 0.5857 0.7881 0.1896
vn 0.6962 0.6816 0.2254
vn 0.6156 0.7881 -0.0007
vn 0.7317 0.6816 -0.0008
vn 0.5853 0.7881 -0.1909
vn 0.6957 0.6816 -0.2269
vn 0.4976 0.7881 -0.3624
vn 0.5915 0.6816 -0.4307
vn 0.3613 0.7881 -0.4984
vn 0.4295 0.6816 -0.5924
vn 0.1898 0.7881 -0.5856
vn -0.0003 0.7881 -0.6156
vn -0.0004 0.6816 -0.7317
vn 0.2255 0.6816 -0.6961
vn -0.1907 0.7881 -0.5853
vn -0.2267 0.6816 -0.6957
vn -0.3624 0.7881 -0.4976
vn -0.4984 0.7881 -0.3613
vn -0.5924 0.6816 -0.4295
vn -0.4307 0.6816 -0.5915
vn -0.5857 0.7881 -0.1896
vn -0.6962 0.6816 -0.2254
vn -0.6156 0.7881 0.0007
vn -0.7317 0.6816 0.0008
vn -0.5853 0.7881 0.1909
vn -0.6957 0.6816 0.2269
vn -0.4976 0.7881 0.3624
vn -0.5915 0.6816 0.4307
vn -0.3613 0.7881 0.4984
vn -0.4295 0.6816 0.5924
vn 0.0010 0.3609 0.9326
vn -0.2872 0.3609 0.8873
vn -0.2591 0.5408 0.8003
vn 0.0009 0.5408 0.8411
vn 0.2608 0.5408 0.7997
vn 0.2891 0.3609 0.8866
vn 0.4951 0.5408 0.6800
vn 0.5490 0.3609 0.7539
vn 0.6810 0.5408 0.4937
vn 0.7551 0.3609 0.5474
vn 0.8003 0.5408 0.2591
vn 0.8873 0.3609 0.2872
vn 0.8411 0.5408 -0.0009
vn 0.9326 0.3609 -0.0010
vn 0.7997 0.5408 -0.2608
vn 0.8866 0.3609 -0.2892
vn 0.6800 0.5408 -0.4951
vn 0.7539 0.3609 -0.5490
vn 0.4937 0.5408 -0.6810
vn 0.5474 0.3609 -0.7551
vn 0.2593 0.5408 -0.8002
vn -0.0005 0.5408 -0.8411
vn -0.0005 0.3609 -0.9326
vn 0.2875 0.3609 -0.8872
vn -0.2606 0.5408 -0.7998
vn -0.2889 0.3609 -0.8867
vn -0.4951 0.5408 -0.6800
vn -0.6810 0.5408 -0.4937
vn -0.7551 0.3609 -0.5474
vn -0.5490 0.3609 -0.7539
vn -0.8003 0.5408 -0.2591
vn -0.8873 0.3609 -0.2872
vn -0.8411 0.5408 0.0009
vn -0.9326 0.3609 0.0010
vn -0.7997 0.5408 0.2608
vn -0.8866 0.3609 0.2892
vn -0.6800 0.5408 0.4951
vn -0.7539 0.3609 0.5490
vn -0.4937 0.5408 0.6810
vn -0.5474 0.3609 0.7551
vn 0.2992 0.2620 0.9175
vn 0.0010 0.2620 0.9651
vn -0.2972 0.2620 0.9181
vn 0.5681 0.2620 0.7801
vn 0.7814 0.2620 0.5664
vn 0.9181 0.2620 0.2972
vn 0.9651 0.2620 -0.0010
vn 0.9175 0.2620 -0.2992
vn 0.7801 0.2620 -0.5681
vn 0.5664 0.2620 -0.7814
vn -0.0006 0.2620 -0.9651
vn 0.2975 0.2620 -0.9181
vn -0.2990 0.2620 -0.9176
vn -0.7814 0.2620 -0.5664
vn -0.5681 0.2620 -0.7801
vn -0.9181 0.2620 -0.2972
vn -0.9651 0.2620 0.0010
vn -0.9175 0.2620 0.2992
vn -0.7801 0.2620 0.5681
vn -0.5664 0.2620 0.7814
vn 0.0011 -0.1104 0.9939
vn -0.3061 -0.1104 0.9456
vn -0.2912 -0.3255 0.8996
vn 0.0010 -0.3255 0.9455
vn 0.2932 -0.3255 0.8989
vn 0.3082 -0.1104 0.9449
vn 0.5566 -0.3255 0.7643
vn 0.5851 -0.1104 0.8034
vn 0.7655 -0.3255 0.5549
vn 0.8047 -0.1104 0.5833
vn 0.8996 -0.3255 0.2912
vn 0.9456 -0.1104 0.3061
vn 0.9455 -0.3255 -0.0010
vn 0.9939 -0.1104 -0.0011
vn 0.8989 -0.3255 -0.2932
vn 0.9449 -0.1104 -0.3082
vn 0.7643 -0.3255 -0.5566
vn 0.8034 -0.1104 -0.5851
vn 0.5549 -0.3255 -0.7655
vn 0.5833 -0.1104 -0.8047
vn 0.2914 -0.3255 -0.8995
vn -0.0005 -0.3255 -0.9455
vn -0.0006 -0.1104 -0.9939
vn 0.3063 -0.1104 -0.9455
vn -0.2929 -0.3255 -0.8990
vn -0.3079 -0.1104 -0.9450
vn -0.5566 -0.3255 -0.7643
vn -0.7656 -0.3255 -0.5549
vn -0.8047 -0.1104 -0.5833
vn -0.5851 -0.1104 -0.8034
vn -0.8996 -0.3255 -0.2912
vn -0.9456 -0.1104 -0.3061
vn -0.9455 -0.3255 0.0010
vn -0.9939 -0.1104 0.0011
vn -0.8989 -0.3255 0.2932
vn -0.9449 -0.1104 0.3082
vn -0.7643 -0.3255 0.5566
vn -0.8034 -0.1104 0.5851
vn -0.5549 -0.3255 0.7655
vn -0.5833 -0.1104 0.8047
vn 0.0010 0.3977 0.9175
vn -0.2826 0.3977 0.8729
vn -0.3034 0.1720 0.9372
vn 0.0011 0.1720 0.9851
vn 0.3054 0.1720 0.9365
vn 0.2845 0.3977 0.8723
vn 0.5799 0.1720 0.7963
vn 0.5401 0.3977 0.7417
vn 0.7976 0.1720 0.5782
vn 0.7429 0.3977 0.5385
vn 0.9372 0.1720 0.3034
vn 0.8729 0.3977 0.2826
vn 0.9851 0.1720 -0.0011
vn 0.9175 0.3977 -0.0010
vn 0.9365 0.1720 -0.3054
vn 0.8723 0.3977 -0.2845
vn 0.7963 0.1720 -0.5799
vn 0.7417 0.3977 -0.5401
vn 0.5782 0.1720 -0.7976
vn 0.5385 0.3977 -0.7429
vn 0.3036 0.1720 -0.9371
vn -0.0006 0.1720 -0.9851
vn -0.0005 0.3977 -0.9175
vn 0.2827 0.3978 -0.8728
vn -0.3052 0.1720 -0.9366
vn -0.2843 0.3977 -0.8724
vn -0.5799 0.1720 -0.7963
vn -0.7976 0.1720 -0.5782
vn -0.7429 0.3977 -0.5385
vn -0.5401 0.3977 -0.7417
vn -0.9372 0.1720 -0.3034
vn -0.8729 0.3977 -0.2826
vn -0.9851 0.1720 0.0011
vn -0.9175 0.3977 0.0010
vn -0.9365 0.1720 0.3054
vn -0.8723 0.3977 0.2845
vn -0.7963 0.1720 0.5799
vn -0.7417 0.3977 0.5401
vn -0.5782 0.1720 0.7976
vn -0.5385 0.3977 0.7429
vn 0.2796 -0.4319 0.8575
vn 0.0010 -0.4319 0.9019
vn -0.2778 -0.4319 0.8581
vn 0.5309 -0.4319 0.7291
vn 0.7302 -0.4319 0.5293
vn 0.8581 -0.4319 0.2778
vn 0.9019 -0.4319 -0.0010
vn 0.8575 -0.4319 -0.2796
vn 0.7291 -0.4319 -0.5309
vn 0.5293 -0.4319 -0.7302
vn -0.0005 -0.4319 -0.9019
vn 0.2780 -0.4319 -0.8580
vn -0.2794 -0.4319 -0.8575
vn -0.5309 -0.4319 -0.7291
vn -0.7302 -0.4319 -0.5293
vn -0.8581 -0.4319 -0.2778
vn -0.9019 -0.4319 0.0010
vn -0.8575 -0.4319 0.2796
vn -0.7291 -0.4319 0.5309
vn -0.5293 -0.4319 0.7302
vn 0.2454 0.6107 0.7529
vn 0.1790 0.8137 0.5530
vn -0.0006 0.8137 0.5812
vn 0.0007 0.6107 0.7919
vn -0.1802 0.8137 0.5526
vn -0.2440 0.6107 0.7533
vn 0.4660 0.6107 0.6402
vn 0.3411 0.8137 0.4706
vn 0.6410 0.6107 0.4649
vn 0.4698 0.8137 0.3422
vn 0.7533 0.6107 0.2440
vn 0.5526 0.8137 0.1802
vn 0.7919 0.6107 -0.0007
vn 0.5812 0.8137 0.0006
vn 0.7529 0.6107 -0.2454
vn 0.5530 0.8137 -0.1790
vn 0.6402 0.6107 -0.4660
vn 0.4706 0.8137 -0.3411
vn 0.4649 0.6107 -0.6410
vn 0.3422 0.8137 -0.4698
vn -0.0007 0.6107 -0.7919
vn 0.0006 0.8137 -0.5812
vn 0.1802 0.8137 -0.5526
vn 0.2441 0.6108 -0.7533
vn -0.2453 0.6107 -0.7529
vn -0.1790 0.8137 -0.5530
vn -0.6410 0.6107 -0.4649
vn -0.4698 0.8137 -0.3422
vn -0.3411 0.8137 -0.4706
vn -0.4660 0.6107 -0.6402
vn -0.7533 0.6107 -0.2440
vn -0.5526 0.8137 -0.1802
vn -0.7919 0.6107 0.0007
vn -0.5812 0.8137 -0.0006
vn -0.7529 0.6107 0.2454
vn -0.5530 0.8137 0.1790
vn -0.6402 0.6107 0.4660
vn -0.4706 0.8137 0.3411
vn -0.4649 0.6107 0.6410
vn -0.3422 0.8137 0.4698
vn 0.0012 0.1519 0.9884
vn -0.3043 0.1519 0.9404
vn -0.2634 0.5285 0.8070
vn -0.0012 0.5285 0.8489
vn -0.1800 0.8112 0.5564
vn 0.0008 0.8112 0.5848
vn 0.1815 0.8112 0.5559
vn 0.2612 0.5285 0.8077
vn 0.3066 0.1519 0.9397
vn 0.3444 0.8112 0.4727
vn 0.4981 0.5285 0.6875
vn 0.5819 0.1519 0.7989
vn 0.4736 0.8112 0.3431
vn 0.6861 0.5285 0.4999
vn 0.8003 0.1519 0.5800
vn 0.5564 0.8112 0.1800
vn 0.8070 0.5285 0.2634
vn 0.9404 0.1519 0.3043
vn 0.5848 0.8112 -0.0008
vn 0.8489 0.5285 0.0012
vn 0.9884 0.1519 -0.0012
vn 0.5559 0.8112 -0.1815
vn 0.8077 0.5285 -0.2612
vn 0.9397 0.1519 -0.3066
vn 0.4727 0.8112 -0.3444
vn 0.6875 0.5285 -0.4981
vn 0.7989 0.1519 -0.5819
vn 0.3431 0.8112 -0.4736
vn 0.4999 0.5285 -0.6861
vn 0.5800 0.1519 -0.8003
vn 0.5792 0.0054 -0.8152
vn 0.3264 0.0093 -0.9452
vn 0.2526 0.0020 -0.9676
vn 0.4209 0.0055 -0.9071
vn 0.5807 0.0075 -0.8141
vn 0.1800 0.8113 -0.5563
vn 0.2634 0.5285 -0.8070
vn -0.0002 0.8112 -0.5848
vn -0.0001 0.5285 -0.8489
vn -0.0003 0.1519 -0.9884
vn 0.3044 0.1516 -0.9404
vn -0.1814 0.8111 -0.5561
vn -0.2612 0.5285 -0.8077
vn -0.3064 0.1521 -0.9397
vn -0.5790 0.0053 -0.8153
vn -0.5790 0.0086 -0.8153
vn -0.4112 0.0005 -0.9116
vn -0.2385 -0.0043 -0.9711
vn -0.3305 0.0091 -0.9438
vn -0.3444 0.8112 -0.4727
vn -0.4981 0.5285 -0.6875
vn -0.4736 0.8112 -0.3431
vn -0.6861 0.5285 -0.4999
vn -0.8003 0.1519 -0.5800
vn -0.5819 0.1519 -0.7989
vn -0.5564 0.8112 -0.1800
vn -0.8070 0.5285 -0.2634
vn -0.5848 0.8112 0.0008
vn -0.8489 0.5285 -0.0012
vn -0.9884 0.1519 0.0012
vn -0.9404 0.1519 -0.3043
vn -0.5559 0.8112 0.1815
vn -0.8077 0.5285 0.2612
vn -0.9397 0.1519 0.3066
vn -0.4727 0.8112 0.3444
vn -0.6875 0.5285 0.4981
vn -0.7989 0.1519 0.5819
vn -0.3431 0.8112 0.4736
vn -0.4999 0.5285 0.6861
vn -0.5800 0.1519 0.8003
vn 0.0014 0.8003 0.5996
vn -0.1840 0.8003 0.5707
vn -0.2657 0.5246 0.8088
vn -0.0028 0.5246 0.8514
vn -0.3018 0.1824 0.9358
vn 0.0021 0.1824 0.9832
vn 0.3059 0.1824 0.9344
vn 0.2605 0.5246 0.8105
vn 0.1866 0.8003 0.5699
vn 0.5796 0.1824 0.7942
vn 0.4982 0.5246 0.6904
vn 0.3536 0.8003 0.4843
vn 0.7967 0.1824 0.5762
vn 0.6871 0.5246 0.5026
vn 0.4859 0.8003 0.3513
vn 0.9358 0.1824 0.3018
vn 0.8088 0.5246 0.2657
vn 0.5707 0.8003 0.1840
vn 0.9832 0.1824 -0.0021
vn 0.8514 0.5246 0.0028
vn 0.5996 0.8003 -0.0014
vn 0.9345 0.1823 -0.3059
vn 0.8105 0.5246 -0.2605
vn 0.5698 0.8003 -0.1866
vn 0.7942 0.1824 -0.5796
vn 0.6904 0.5246 -0.4982
vn 0.4843 0.8003 -0.3536
vn 0.5762 0.1824 -0.7967
vn 0.5026 0.5246 -0.6871
vn 0.3513 0.8003 -0.4859
vn 0.3019 0.1830 -0.9356
vn 0.2657 0.5248 -0.8087
vn -0.0004 0.1824 -0.9832
vn -0.0000 0.5246 -0.8514
vn -0.0000 0.8003 -0.5996
vn 0.1841 0.8000 -0.5710
vn -0.3057 0.1818 -0.9346
vn -0.2605 0.5244 -0.8106
vn -0.1865 0.8005 -0.5695
vn -0.5796 0.1824 -0.7942
vn -0.4982 0.5246 -0.6904
vn -0.7967 0.1824 -0.5762
vn -0.6871 0.5246 -0.5026
vn -0.4859 0.8003 -0.3513
vn -0.3536 0.8003 -0.4843
vn -0.9358 0.1824 -0.3018
vn -0.8088 0.5246 -0.2657
vn -0.9832 0.1824 0.0021
vn -0.8514 0.5246 -0.0028
vn -0.5996 0.8003 0.0014
vn -0.5707 0.8003 -0.1840
vn -0.9345 0.1824 0.3059
vn -0.8105 0.5246 0.2605
vn -0.5699 0.8003 0.1866
vn -0.7942 0.1824 0.5796
vn -0.6904 0.5246 0.4982
vn -0.4843 0.8003 0.3536
vn -0.5762 0.1824 0.7967
vn -0.5026 0.5246 0.6871
vn -0.3513 0.8003 0.4859
vn 0.3098 0.0407 0.9499
vn 0.0011 0.0407 0.9992
vn -0.3077 0.0407 0.9506
vn 0.5882 0.0407 0.8077
vn 0.8090 0.0407 0.5864
vn 0.9506 0.0407 0.3077
vn 0.9992 0.0407 -0.0011
vn 0.9499 0.0407 -0.3098
vn 0.8077 0.0407 -0.5882
vn 0.5864 0.0407 -0.8090
vn 0.3080 0.0407 -0.9505
vn -0.0006 0.0407 -0.9992
vn -0.3095 0.0407 -0.9500
vn -0.5882 0.0407 -0.8077
vn -0.8090 0.0407 -0.5864
vn -0.9506 0.0407 -0.3077
vn -0.9992 0.0407 0.0011
vn -0.9499 0.0407 0.3098
vn -0.8077 0.0407 0.5882
vn -0.5864 0.0407 0.8090
vn 0.3100 0.0001 0.9507
vn 0.5886 0.0002 0.8084
vn -0.8084 -0.0000 0.5886
vn 0.8098 0.0001 0.5867
vn -0.5870 -0.0000 0.8096
vn 0.0012 0.0001 1.0000
vn -0.3081 0.0001 0.9514
vn -0.3081 -0.0000 0.9514
vn 0.8098 -0.0000 0.5867
vn 0.5886 -0.0000 0.8085
vn 0.9515 -0.0000 0.3078
vn 0.3100 -0.0000 0.9507
vn -0.8096 -0.0000 -0.5869
vn -0.5800 -0.0257 -0.8142
vn -0.3244 -0.0365 -0.9452
vn -0.0005 -0.0034 -1.0000
vn 0.0012 -0.0000 1.0000
vn 0.5802 -0.0199 -0.8142
vn 1.0000 -0.0000 -0.0010
vn 0.3205 -0.0272 -0.9469
vn -0.9514 -0.0000 -0.3080
vn -0.8097 -0.0000 -0.5869
vn -0.0006 -0.0000 -1.0000
vn 0.3203 -0.0270 -0.9469
vn 1.0000 -0.0000 -0.0011
vn 0.9514 -0.0000 0.3079
vn 0.9514 -0.0000 0.3080
vn 0.0011 -0.0000 1.0000
vn -0.3079 -0.0000 0.9514
vn 0.5803 -0.0198 -0.8142
vn -0.3241 -0.0363 -0.9453
vn -0.3098 -0.0000 -0.9508
vn -0.5887 -0.0000 -0.8084
vn -0.5801 -0.0256 -0.8141
vn 0.5886 -0.0000 0.8084
vn 0.8097 -0.0000 0.5869
vn -0.5869 -0.0000 0.8097
vn -0.5869 -0.0000 0.8096
vn -0.0005 0.0054 -1.0000
vn 0.8097 -0.0000 0.5868
vn -0.3080 -0.0000 0.9514
vn -0.0002 -0.0030 -1.0000
vn -0.8084 -0.0008 0.5886
vn -0.5870 -0.0008 0.8096
vn -0.3081 -0.0006 0.9514
vn 0.0011 -0.0004 1.0000
vn 0.3101 -0.0005 0.9507
vn 0.5887 -0.0009 0.8084
vn 0.5886 -0.0001 0.8084
vn 0.8097 -0.0009 0.5868
vn 0.9514 -0.0008 0.3078
vn 1.0000 0.0001 -0.0005
vn 0.9511 0.0033 -0.3087
vn 0.8085 0.0059 -0.5884
vn 0.5800 0.0132 -0.8145
vn 0.5717 -0.0051 -0.8204
vn -0.5697 -0.0047 -0.8218
vn -0.5785 0.0183 -0.8155
vn -0.8094 0.0047 -0.5872
vn -0.9518 0.0033 -0.3068
vn -1.0000 0.0001 0.0016
vn -0.8085 -0.0008 0.5885
vn -0.9506 -0.0009 0.3104
vn -0.8085 -0.0000 0.5885
vn -0.5872 -0.0007 0.8094
vn -0.5872 -0.0000 0.8094
vn -0.3082 -0.0006 0.9513
vn -0.3082 -0.0000 0.9513
vn 0.0011 -0.0005 1.0000
vn 0.3102 -0.0005 0.9507
vn 0.3102 -0.0000 0.9507
vn 0.5889 -0.0008 0.8082
vn 0.5890 -0.0000 0.8082
vn 0.8098 -0.0008 0.5867
vn 0.9513 -0.0009 0.3083
vn 1.0000 -0.0006 0.0015
vn 1.0000 -0.0000 0.0018
vn 0.9517 0.0032 -0.3070
vn 0.9525 -0.0000 -0.3047
vn 0.8073 0.0084 -0.5901
vn 0.8083 -0.0002 -0.5887
vn -0.9522 0.0030 -0.3056
vn -0.8081 0.0075 -0.5891
vn -0.8090 -0.0002 -0.5878
vn -0.9529 -0.0000 -0.3032
vn -1.0000 -0.0006 0.0036
vn -1.0000 -0.0000 0.0040
vn -0.9507 -0.0008 0.3100
vn -0.6385 0.0071 -0.7696
vn 0.6432 0.0071 -0.7657
vn -0.9506 0.0010 0.3104
vn -0.8085 0.0008 0.5885
vn -0.5872 0.0007 0.8094
vn -0.3082 0.0006 0.9513
vn 0.0011 0.0004 1.0000
vn 0.3102 0.0005 0.9507
vn 0.5890 0.0007 0.8082
vn 0.8098 0.0008 0.5867
vn 0.9513 0.0010 0.3083
vn 1.0000 0.0007 0.0015
vn 0.9517 -0.0032 -0.3071
vn 0.8072 -0.0086 -0.5902
vn -0.8080 -0.0076 -0.5891
vn -0.9522 -0.0030 -0.3056
vn -1.0000 0.0006 0.0036
vn -0.9507 0.0008 0.3100
vn -0.8084 0.0009 0.5886
vn -0.5870 0.0008 0.8096
vn -0.3080 0.0006 0.9514
vn 0.3101 0.0005 0.9507
vn 0.5887 0.0008 0.8084
vn 0.8097 0.0009 0.5869
vn 0.9514 0.0008 0.3079
vn 1.0000 -0.0001 -0.0006
vn 0.9511 -0.0033 -0.3087
vn 0.8086 -0.0060 -0.5884
vn 0.6429 -0.0073 -0.7659
vn -0.6381 -0.0073 -0.7699
vn -0.8094 -0.0047 -0.5872
vn -0.9518 -0.0033 -0.3068
vn -1.0000 -0.0001 0.0017
vn -0.0002 0.0052 -1.0000
vn -0.0009 0.0019 -1.0000
vn -0.4386 -0.0009 -0.8987
vn -0.4979 -0.0005 -0.8673
vn -0.4273 -0.0000 -0.9041
vn -0.5228 -0.0001 -0.8525
vn -0.4385 0.0009 -0.8987
vn -0.4981 0.0002 -0.8671
vn -0.3679 -0.0266 -0.9295
vn -0.0008 -0.0019 -1.0000
vn -0.2201 -0.0271 -0.9751
vn 0.2343 -0.0151 -0.9720
vn 0.4364 0.0002 -0.8997
vn 0.5041 0.0003 -0.8636
vn 0.3823 -0.0145 -0.9239
vn 0.4235 0.0001 -0.9059
vn 0.5241 -0.0001 -0.8517
vn 0.4366 -0.0002 -0.8997
vn 0.5039 -0.0005 -0.8638
vn -0.6529 -0.0004 -0.7574
vn 0.6566 -0.0003 -0.7543
vn 0.2611 -0.0029 -0.9653
vn 0.4100 0.0305 -0.9116
vn -0.4015 0.0453 -0.9147
vn -0.2475 0.0031 -0.9689
vn -0.4568 0.0035 -0.8896
vn -0.4628 -0.0003 -0.8865
vn -0.4569 -0.0036 -0.8895
vn -0.4035 -0.0524 -0.9135
vn -0.0002 0.0073 -1.0000
vn -0.2344 0.0020 -0.9721
vn 0.2481 0.0092 -0.9687
vn 0.4568 -0.0033 -0.8896
vn 0.4116 -0.0358 -0.9107
vn 0.4615 -0.0003 -0.8872
vn 0.4567 0.0033 -0.8896
vn 0.5887 -0.0000 0.8084
vn -0.5975 0.0035 -0.8019
vn -0.6050 0.0002 -0.7962
vn 0.6056 0.0002 -0.7958
vn 0.5967 0.0030 -0.8024
vn 0.5970 -0.0031 -0.8022
vn -0.5977 -0.0036 -0.8017
vn -0.5800 -0.0269 -0.8141
vn 0.5799 -0.0193 -0.8145
vn 0.5716 0.0098 -0.8205
vn -0.5697 0.0104 -0.8218
vn 0.3303 0.0462 -0.9427
vn 0.5792 0.0300 -0.8146
vn -0.5788 0.0384 -0.8146
vn -0.3335 0.0613 -0.9408
vn -0.0005 0.0072 -1.0000
vn -0.5696 -0.0051 -0.8219
vn 0.5716 -0.0053 -0.8205
vn 0.5787 0.0164 -0.8154
vn -0.5786 0.0230 -0.8153
vn 0.4755 0.8670 -0.1488
vn 0.4982 0.8670 0.0054
vn 0.4062 0.8670 -0.2885
vn 0.2972 0.8670 -0.3999
vn 0.2885 0.8670 0.4062
vn 0.1488 0.8670 0.4755
vn -0.1488 0.8670 -0.4755
vn 0.0054 0.8670 -0.4982
vn -0.4982 0.8670 -0.0054
vn -0.4722 0.8670 -0.1591
vn -0.4755 0.8670 0.1488
vn -0.4062 0.8670 0.2885
vn 0.4722 0.8670 0.1591
vn 0.3999 0.8670 0.2972
vn -0.2972 0.8670 0.3999
vn -0.1591 0.8670 0.4722
vn -0.0054 0.8670 0.4982
vn -0.3999 0.8670 -0.2972
vn -0.2885 0.8670 -0.4062
vn 0.1591 0.8670 -0.4722
vn 0.0103 0.8984 -0.4391
vn 0.0091 0.7665 -0.6422
vn 0.2966 0.7074 -0.6416
vn 0.4254 0.8523 -0.3041
vn 0.6855 0.6901 -0.2320
vn 0.5400 0.5436 -0.6426
vn 0.7067 0.2946 -0.6433
vn 0.8977 0.3743 -0.2324
vn 0.7654 -0.0000 -0.6436
vn 0.9726 -0.0000 -0.2325
vn 0.7067 -0.2946 -0.6433
vn 0.8977 -0.3743 -0.2324
vn 0.5400 -0.5435 -0.6426
vn 0.6855 -0.6901 -0.2320
vn 0.4254 -0.8524 -0.3041
vn 0.2965 -0.7074 -0.6416
vn 0.0091 -0.7665 -0.6422
vn 0.0103 -0.8984 -0.4391
vn -0.2872 -0.7098 -0.6432
vn -0.4180 -0.8557 -0.3049
vn -0.6853 -0.6900 -0.2327
vn -0.5391 -0.5427 -0.6440
vn -0.7052 -0.2941 -0.6451
vn -0.8975 -0.3743 -0.2334
vn -0.7637 -0.0000 -0.6456
vn -0.9723 -0.0000 -0.2336
vn -0.7052 0.2941 -0.6451
vn -0.8975 0.3743 -0.2334
vn -0.5391 0.5427 -0.6440
vn -0.6853 0.6900 -0.2327
vn -0.4180 0.8557 -0.3049
vn -0.2872 0.7098 -0.6432
vn 0.2965 0.7074 -0.6416
vn 0.4254 0.8524 -0.3041
vn 0.4254 -0.8523 -0.3042
vn 0.0095 0.7884 -0.6151
vn 0.0121 0.9796 -0.2008
vn 0.3785 0.9035 -0.2009
vn 0.3047 0.7269 -0.6155
vn 0.5555 0.5591 -0.6155
vn 0.6906 0.6948 -0.2010
vn 0.9042 0.3768 -0.2012
vn 0.7271 0.3031 -0.6160
vn 0.9795 -0.0000 -0.2013
vn 0.7876 -0.0000 -0.6162
vn 0.9042 -0.3768 -0.2012
vn 0.7271 -0.3031 -0.6160
vn 0.6906 -0.6948 -0.2010
vn 0.5555 -0.5591 -0.6155
vn 0.3047 -0.7269 -0.6155
vn 0.3785 -0.9035 -0.2009
vn 0.0121 -0.9796 -0.2008
vn 0.0095 -0.7884 -0.6151
vn -0.3680 -0.9079 -0.2009
vn -0.2958 -0.7306 -0.6154
vn -0.5547 -0.5584 -0.6168
vn -0.6905 -0.6946 -0.2016
vn -0.9040 -0.3767 -0.2020
vn -0.7258 -0.3026 -0.6178
vn -0.9793 -0.0000 -0.2022
vn -0.7860 -0.0000 -0.6182
vn -0.9040 0.3767 -0.2020
vn -0.7258 0.3026 -0.6178
vn -0.6905 0.6946 -0.2016
vn -0.5547 0.5584 -0.6168
vn -0.2958 0.7306 -0.6154
vn -0.3680 0.9079 -0.2009
vn 0.3786 0.9035 -0.2008
vn 0.0121 0.9796 -0.2006
vn 0.9042 0.3768 -0.2011
vn 0.6906 0.6948 -0.2008
vn 0.9796 -0.0000 -0.2012
vn 0.9042 -0.3768 -0.2011
vn 0.6906 -0.6948 -0.2008
vn 0.0121 -0.9796 -0.2006
vn 0.3786 -0.9035 -0.2007
vn -0.3680 -0.9079 -0.2007
vn -0.9041 -0.3767 -0.2019
vn -0.6906 -0.6947 -0.2014
vn -0.9794 -0.0000 -0.2020
vn -0.9041 0.3767 -0.2019
vn -0.6906 0.6947 -0.2014
vn -0.3680 0.9079 -0.2007
vn -0.0122 -0.9999 -0.0000
vn 0.1827 -0.9832 -0.0000
vn -0.0121 -0.9999 -0.0000
vn -0.2064 -0.9785 -0.0000
vn 0.7243 0.6895 -0.0000
vn 0.5530 0.8332 -0.0000
vn 0.9325 0.3611 -0.0000
vn 1.0000 -0.0000 -0.0000
vn 0.9325 -0.3611 -0.0000
vn 0.7243 -0.6895 -0.0000
vn 0.5529 -0.8332 -0.0000
vn -0.0122 0.9999 -0.0000
vn -0.2063 0.9785 -0.0000
vn -0.0121 0.9999 -0.0000
vn 0.1826 0.9832 -0.0000
vn -0.7263 -0.6873 -0.0000
vn -0.5529 -0.8332 -0.0000
vn -0.9325 -0.3613 -0.0000
vn -1.0000 -0.0000 -0.0000
vn -0.9325 0.3613 -0.0000
vn -0.7263 0.6873 -0.0000
vn -0.5529 0.8332 -0.0000
vn 0.1826 -0.9832 -0.0000
vn -0.2063 -0.9785 -0.0000
vn 0.5529 0.8332 -0.0000
vn 0.5530 -0.8332 -0.0000
vn -0.7047 0.7092 0.0195
vn -0.3753 0.9267 0.0194
vn -0.9228 0.3847 0.0195
vn -0.9998 -0.0000 0.0196
vn -0.9228 -0.3847 0.0195
vn -0.7047 -0.7092 0.0195
vn -0.3753 -0.9267 0.0194
vn 0.0121 -0.9997 0.0194
vn 0.3865 -0.9221 0.0194
vn 0.7047 -0.7092 0.0194
vn 0.9228 -0.3847 0.0194
vn 0.9998 -0.0000 0.0194
vn 0.9228 0.3847 0.0194
vn 0.7047 0.7092 0.0194
vn 0.3865 0.9221 0.0194
vn 0.0121 0.9997 0.0194
vn -0.7047 0.7092 0.0193
vn -0.3753 0.9267 0.0192
vn -0.9228 0.3847 0.0194
vn -0.9998 -0.0000 0.0194
vn -0.9228 -0.3847 0.0194
vn -0.7047 -0.7092 0.0193
vn -0.3753 -0.9267 0.0192
vn 0.0121 -0.9997 0.0192
vn 0.3865 -0.9221 0.0192
vn 0.7047 -0.7092 0.0192
vn 0.9228 -0.3847 0.0193
vn 0.9998 -0.0000 0.0193
vn 0.9228 0.3847 0.0193
vn 0.7047 0.7092 0.0192
vn 0.3865 0.9221 0.0192
vn 0.0121 0.9997 0.0192
vn 0.0118 0.9810 0.1938
vn -0.3682 0.9093 0.1939
vn -0.3457 0.8537 0.3894
vn 0.0111 0.9212 0.3890
vn 0.0045 0.3764 0.9264
vn -0.1412 0.3486 0.9266
vn -0.0807 0.1993 0.9766
vn 0.0026 0.2146 0.9767
vn 0.3792 0.9048 0.1938
vn 0.3562 0.8498 0.3886
vn 0.1457 0.3476 0.9263
vn 0.0827 0.1974 0.9768
vn 0.6915 0.6959 0.1938
vn 0.6493 0.6535 0.3891
vn 0.2653 0.2670 0.9265
vn 0.1513 0.1522 0.9767
vn 0.9055 0.3775 0.1939
vn 0.8503 0.3544 0.3891
vn 0.3474 0.1448 0.9265
vn 0.1982 0.0826 0.9767
vn 0.9810 -0.0000 0.1939
vn 0.9212 -0.0000 0.3892
vn 0.3763 -0.0000 0.9265
vn 0.2147 -0.0000 0.9767
vn 0.9055 -0.3775 0.1939
vn 0.8503 -0.3544 0.3891
vn 0.3474 -0.1448 0.9265
vn 0.1982 -0.0826 0.9767
vn 0.6915 -0.6959 0.1938
vn 0.6493 -0.6535 0.3890
vn 0.2653 -0.2670 0.9265
vn 0.1513 -0.1522 0.9767
vn 0.3792 -0.9048 0.1938
vn 0.3562 -0.8498 0.3886
vn 0.1457 -0.3476 0.9263
vn 0.0827 -0.1974 0.9768
vn 0.0118 -0.9810 0.1938
vn 0.0111 -0.9212 0.3890
vn 0.0045 -0.3764 0.9264
vn 0.0026 -0.2146 0.9767
vn -0.3682 -0.9093 0.1939
vn -0.3457 -0.8537 0.3893
vn -0.1412 -0.3486 0.9266
vn -0.0807 -0.1993 0.9766
vn -0.6915 -0.6959 0.1938
vn -0.6493 -0.6535 0.3890
vn -0.2653 -0.2670 0.9265
vn -0.1513 -0.1522 0.9767
vn -0.9055 -0.3775 0.1939
vn -0.8503 -0.3544 0.3891
vn -0.3474 -0.1448 0.9265
vn -0.1982 -0.0826 0.9767
vn -0.9810 -0.0000 0.1939
vn -0.9212 -0.0000 0.3892
vn -0.3763 -0.0000 0.9265
vn -0.2147 -0.0000 0.9767
vn -0.9055 0.3775 0.1939
vn -0.8503 0.3544 0.3891
vn -0.3474 0.1448 0.9265
vn -0.1982 0.0826 0.9767
vn -0.6915 0.6959 0.1938
vn -0.6493 0.6535 0.3891
vn -0.2653 0.2670 0.9265
vn -0.1513 0.1522 0.9767
vn 0.1457 0.3475 0.9263
vn 0.0045 0.3764 0.9265
vn 0.0026 0.2145 0.9767
vn -0.3457 0.8537 0.3893
vn -0.0807 0.1992 0.9766
vn 0.3473 0.1448 0.9265
vn 0.1981 0.0826 0.9767
vn 0.3473 -0.1448 0.9265
vn 0.1981 -0.0826 0.9767
vn 0.1456 -0.3475 0.9263
vn 0.0045 -0.3764 0.9265
vn 0.0026 -0.2145 0.9767
vn -0.0807 -0.1992 0.9766
vn -0.3473 -0.1448 0.9265
vn -0.1981 -0.0826 0.9767
vn -0.3473 0.1448 0.9265
vn -0.1981 0.0826 0.9767
vn -0.0000 -0.0000 1.0000
vn -0.3754 0.9269 -0.0000
vn -0.7051 0.7091 -0.0000
vn -0.9230 0.3849 -0.0000
vn -0.9230 -0.3849 -0.0000
vn -0.7051 -0.7091 -0.0000
vn -0.3753 -0.9269 -0.0000
vn 0.0131 -0.9999 -0.0000
vn 0.3865 -0.9223 -0.0000
vn 0.7044 -0.7098 -0.0000
vn 0.9230 -0.3849 -0.0000
vn 0.9230 0.3849 -0.0000
vn 0.7043 0.7099 -0.0000
vn 0.3865 0.9223 -0.0000
vn 0.0131 0.9999 -0.0000
vn 0.7044 0.7098 -0.0000
vt 0.961290 0.494966
vt 0.966145 0.489969
vt 0.968081 0.495648
vt 0.968168 0.501648
vt 0.541495 0.839047
vt 0.566809 0.813733
vt 0.566809 0.836134
vt 0.559886 0.857439
vt 0.816563 0.063184
vt 0.823181 0.083402
vt 0.810306 0.085469
vt 0.804958 0.069128
vt 0.398475 0.000475
vt 0.414828 0.000311
vt 0.412377 0.014623
vt 0.397631 0.014771
vt 0.382127 0.014771
vt 0.381281 0.000475
vt 0.794821 0.055240
vt 0.804022 0.046000
vt 0.367383 0.014623
vt 0.364930 0.000311
vt 0.780890 0.045164
vt 0.786784 0.033533
vt 0.354841 0.014342
vt 0.351021 0.000000
vt 0.764526 0.039886
vt 0.766538 0.027003
vt 0.580359 0.014342
vt 0.567812 0.014623
vt 0.570262 0.000311
vt 0.584176 -0.000000
vt 0.747332 0.039924
vt 0.745264 0.027049
vt 0.553065 0.014771
vt 0.553908 0.000475
vt 0.730991 0.045272
vt 0.725046 0.033666
vt 0.537562 0.014771
vt 0.536714 0.000475
vt 0.717103 0.055408
vt 0.707863 0.046208
vt 0.522818 0.014623
vt 0.520364 0.000311
vt 0.707027 0.069340
vt 0.695396 0.063445
vt 0.510279 0.014342
vt 0.506458 -0.000000
vt 0.701749 0.085704
vt 0.688866 0.083692
vt 0.640370 0.148632
vt 0.641934 0.144693
vt 0.650387 0.150678
vt 0.647698 0.153742
vt 0.645646 0.014624
vt 0.631094 0.014772
vt 0.632110 0.000477
vt 0.648248 0.000313
vt 0.701786 0.102898
vt 0.707109 0.119189
vt 0.695497 0.125121
vt 0.688912 0.104965
vt 0.615547 0.014772
vt 0.614868 0.000477
vt 0.717271 0.133127
vt 0.708071 0.142367
vt 0.614151 0.153927
vt 0.610895 0.150892
vt 0.620534 0.144805
vt 0.622187 0.148728
vt 0.600671 0.014624
vt 0.598370 0.000313
vt 0.587872 0.014342
vt 0.731203 0.143203
vt 0.747567 0.148481
vt 0.745555 0.161364
vt 0.725308 0.154834
vt 0.502639 0.014342
vt 0.490096 0.014623
vt 0.492548 0.000311
vt 0.764760 0.148443
vt 0.766828 0.161318
vt 0.475351 0.014771
vt 0.476196 0.000475
vt 0.781101 0.143095
vt 0.787046 0.154701
vt 0.459847 0.014771
vt 0.459002 0.000475
vt 0.794989 0.132959
vt 0.804230 0.142159
vt 0.445102 0.014623
vt 0.442650 0.000311
vt 0.805066 0.119027
vt 0.816697 0.124921
vt 0.432559 0.014343
vt 0.428740 0.000000
vt 0.810343 0.102663
vt 0.823227 0.104675
vt 0.424921 0.014343
vt 0.959341 0.206240
vt 0.974087 0.206093
vt 0.976575 0.220307
vt 0.960198 0.220470
vt 0.705291 0.255847
vt 0.699969 0.272224
vt 0.686891 0.270153
vt 0.693493 0.249836
vt 0.706049 0.232553
vt 0.715412 0.241916
vt 0.942978 0.220469
vt 0.943837 0.206239
vt 0.723332 0.219997
vt 0.729343 0.231794
vt 0.926601 0.220304
vt 0.929093 0.206090
vt 0.743649 0.213395
vt 0.745721 0.226473
vt 0.912671 0.219991
vt 0.916551 0.205808
vt 0.765012 0.213395
vt 0.762940 0.226473
vt 0.990508 0.300642
vt 0.976573 0.300953
vt 0.974085 0.286739
vt 0.986632 0.286459
vt 0.785329 0.219997
vt 0.779317 0.231794
vt 0.960193 0.301116
vt 0.959338 0.286885
vt 0.802612 0.232553
vt 0.793249 0.241916
vt 0.942974 0.301115
vt 0.943834 0.286884
vt 0.815168 0.249836
vt 0.803370 0.255847
vt 0.926599 0.300950
vt 0.929091 0.286736
vt 0.821770 0.270153
vt 0.808692 0.272224
vt 0.912671 0.300637
vt 0.916552 0.286454
vt 0.657923 0.014342
vt 0.661863 0.000000
vt 0.821770 0.291516
vt 0.815200 0.311770
vt 0.803396 0.305771
vt 0.808691 0.289444
vt 0.976840 0.462246
vt 0.960678 0.462409
vt 0.959672 0.448178
vt 0.974225 0.448031
vt 0.802612 0.329115
vt 0.793249 0.319753
vt 0.943410 0.462408
vt 0.944126 0.448177
vt 0.785329 0.341672
vt 0.779317 0.329874
vt 0.765012 0.348273
vt 0.762940 0.335195
vt 0.926887 0.462242
vt 0.912671 0.461928
vt 0.916450 0.447745
vt 0.929249 0.448028
vt 0.743649 0.348273
vt 0.745720 0.335195
vt 0.990508 0.381287
vt 0.976577 0.381598
vt 0.974088 0.367384
vt 0.986631 0.367104
vt 0.723332 0.341672
vt 0.729343 0.329874
vt 0.960200 0.381761
vt 0.959343 0.367531
vt 0.706049 0.329115
vt 0.715412 0.319753
vt 0.942980 0.381760
vt 0.943839 0.367530
vt 0.693493 0.311833
vt 0.705290 0.305821
vt 0.926603 0.381595
vt 0.929094 0.367381
vt 0.686891 0.291516
vt 0.699969 0.289444
vt 0.912671 0.381282
vt 0.916551 0.367100
vt 0.990508 0.219996
vt 0.986631 0.205813
vt 0.553062 0.024269
vt 0.567808 0.024029
vt 0.537559 0.024386
vt 0.522817 0.024371
vt 0.510279 0.024223
vt 0.631085 0.024872
vt 0.645638 0.024626
vt 0.615539 0.024937
vt 0.587864 0.024514
vt 0.600663 0.024813
vt 0.490095 0.024738
vt 0.502637 0.024515
vt 0.475350 0.024794
vt 0.459847 0.024676
vt 0.860518 0.538092
vt 0.860812 0.567524
vt 0.850518 0.566095
vt 0.850232 0.537740
vt 0.841010 0.050892
vt 0.850230 0.079266
vt 0.841072 0.080528
vt 0.832691 0.054922
vt 0.816808 0.033159
vt 0.823474 0.026755
vt 0.850230 0.507905
vt 0.860518 0.507145
vt 0.794976 0.017370
vt 0.799338 0.009219
vt 0.850512 0.479512
vt 0.860812 0.477715
vt 0.769334 0.009099
vt 0.770963 0.000000
vt 0.851051 0.455340
vt 0.861373 0.452681
vt 0.742391 0.009157
vt 0.741129 0.000000
vt 0.851060 0.869960
vt 0.850518 0.845855
vt 0.860812 0.847284
vt 0.861373 0.872327
vt 0.716785 0.017539
vt 0.712755 0.009219
vt 0.850232 0.817497
vt 0.860518 0.817848
vt 0.695022 0.033422
vt 0.688618 0.026756
vt 0.850230 0.787663
vt 0.860518 0.786902
vt 0.679232 0.055254
vt 0.671082 0.050892
vt 0.850512 0.759272
vt 0.860812 0.757474
vt 0.670962 0.080896
vt 0.661863 0.079266
vt 0.851051 0.735105
vt 0.861373 0.732445
vt 0.990476 0.461933
vt 0.986502 0.447749
vt 0.657914 0.024222
vt 0.671020 0.107839
vt 0.679361 0.133365
vt 0.671131 0.137570
vt 0.661863 0.109101
vt 0.962815 0.026037
vt 0.963103 0.054218
vt 0.952816 0.053548
vt 0.952521 0.024504
vt 0.695285 0.155208
vt 0.688618 0.161611
vt 0.963104 0.083933
vt 0.952817 0.084583
vt 0.717117 0.170997
vt 0.712755 0.179148
vt 0.742759 0.179268
vt 0.741129 0.188367
vt 0.962820 0.112578
vt 0.962279 0.137244
vt 0.951957 0.139825
vt 0.952521 0.114277
vt 0.769702 0.179210
vt 0.770964 0.188367
vt 0.899829 0.594931
vt 0.900371 0.619029
vt 0.890076 0.617599
vt 0.889516 0.592563
vt 0.795308 0.170828
vt 0.799338 0.179148
vt 0.900657 0.647383
vt 0.890371 0.647030
vt 0.817071 0.154945
vt 0.823474 0.161611
vt 0.900659 0.677217
vt 0.890371 0.677977
vt 0.832860 0.133113
vt 0.841010 0.137475
vt 0.900376 0.705611
vt 0.890076 0.707408
vt 0.841131 0.107471
vt 0.850230 0.109101
vt 0.899838 0.729786
vt 0.889516 0.732445
vt 0.851060 0.590196
vt 0.861373 0.592563
vt 0.679440 0.242879
vt 0.671377 0.267879
vt 0.661863 0.266189
vt 0.670914 0.238332
vt 0.899849 0.537264
vt 0.900128 0.565123
vt 0.889901 0.567063
vt 0.889609 0.537933
vt 0.889609 0.507304
vt 0.899849 0.507973
vt 0.688131 0.214635
vt 0.694834 0.221594
vt 0.889901 0.478176
vt 0.900128 0.480117
vt 0.711828 0.197418
vt 0.716052 0.206108
vt 0.890456 0.453399
vt 0.900659 0.456423
vt 0.739685 0.188367
vt 0.741017 0.197937
vt 0.890456 0.871609
vt 0.889901 0.846822
vt 0.900128 0.844883
vt 0.900659 0.868586
vt 0.768976 0.188367
vt 0.767286 0.197880
vt 0.889610 0.817689
vt 0.899849 0.817022
vt 0.796833 0.197418
vt 0.792286 0.205944
vt 0.889610 0.787061
vt 0.899849 0.787731
vt 0.820530 0.214635
vt 0.813570 0.221338
vt 0.889901 0.757935
vt 0.900128 0.759878
vt 0.837747 0.238332
vt 0.829056 0.242556
vt 0.890456 0.733163
vt 0.900659 0.736188
vt 0.846798 0.266189
vt 0.837228 0.267521
vt 0.962270 0.002452
vt 0.951958 -0.000000
vt 0.923432 0.024965
vt 0.923724 0.053711
vt 0.913484 0.054496
vt 0.913204 0.027006
vt 0.846798 0.295480
vt 0.837791 0.323250
vt 0.829178 0.318873
vt 0.837284 0.293789
vt 0.923725 0.084427
vt 0.913485 0.083871
vt 0.820530 0.347034
vt 0.813827 0.340074
vt 0.923432 0.113816
vt 0.913204 0.111976
vt 0.922874 0.139101
vt 0.912671 0.136157
vt 0.796833 0.364251
vt 0.768976 0.373302
vt 0.767644 0.363732
vt 0.792609 0.355560
vt 0.860433 0.593281
vt 0.860987 0.618060
vt 0.850760 0.620001
vt 0.850230 0.596304
vt 0.739685 0.373302
vt 0.741376 0.363788
vt 0.861279 0.647189
vt 0.851039 0.647858
vt 0.711828 0.364251
vt 0.716375 0.355725
vt 0.861279 0.677818
vt 0.851039 0.677149
vt 0.688131 0.347034
vt 0.695091 0.340331
vt 0.860987 0.706947
vt 0.850760 0.705006
vt 0.670914 0.323337
vt 0.679605 0.319113
vt 0.860433 0.731727
vt 0.850230 0.728703
vt 0.661863 0.295480
vt 0.671433 0.294148
vt 0.890456 0.591845
vt 0.900659 0.588822
vt 0.922874 0.000713
vt 0.912671 0.003812
vt 0.230318 0.166708
vt 0.230356 0.184076
vt 0.226178 0.183535
vt 0.226177 0.167486
vt 0.959728 0.140268
vt 0.974982 0.140115
vt 0.974091 0.144537
vt 0.959345 0.144684
vt 0.943841 0.144683
vt 0.943678 0.140268
vt 0.221218 0.152221
vt 0.224916 0.150203
vt 0.929097 0.144534
vt 0.928404 0.140115
vt 0.211784 0.139237
vt 0.214677 0.136174
vt 0.916555 0.144252
vt 0.915400 0.139825
vt 0.198800 0.129803
vt 0.200605 0.125996
vt 0.986635 0.224903
vt 0.974089 0.225183
vt 0.974979 0.220761
vt 0.987947 0.220470
vt 0.183535 0.124844
vt 0.184076 0.120665
vt 0.959342 0.225329
vt 0.959723 0.220914
vt 0.167486 0.124844
vt 0.166708 0.120703
vt 0.943838 0.225328
vt 0.943674 0.220914
vt 0.152221 0.129803
vt 0.150203 0.126105
vt 0.929094 0.225180
vt 0.928401 0.220761
vt 0.139237 0.139237
vt 0.136174 0.136344
vt 0.916555 0.224898
vt 0.915400 0.220470
vt 0.129803 0.152222
vt 0.125996 0.150416
vt 0.974284 0.386475
vt 0.959731 0.386622
vt 0.960060 0.382207
vt 0.975222 0.382054
vt 0.124844 0.167486
vt 0.124853 0.183594
vt 0.120694 0.184257
vt 0.120665 0.166945
vt 0.944185 0.386621
vt 0.944075 0.382207
vt 0.129803 0.198800
vt 0.126105 0.200818
vt 0.929308 0.386472
vt 0.928666 0.382053
vt 0.916509 0.386189
vt 0.915397 0.381761
vt 0.139237 0.211784
vt 0.152221 0.221218
vt 0.150416 0.225025
vt 0.136344 0.214847
vt 0.986635 0.305548
vt 0.974092 0.305828
vt 0.974983 0.301406
vt 0.987947 0.301116
vt 0.167486 0.226177
vt 0.166945 0.230356
vt 0.959347 0.305975
vt 0.959729 0.301559
vt 0.183535 0.226177
vt 0.184313 0.230318
vt 0.943843 0.305974
vt 0.943680 0.301559
vt 0.198800 0.221218
vt 0.200818 0.224916
vt 0.929098 0.305825
vt 0.928405 0.301407
vt 0.211784 0.211784
vt 0.214847 0.214677
vt 0.916555 0.305544
vt 0.915400 0.301116
vt 0.221218 0.198800
vt 0.225025 0.200605
vt 0.986635 0.144257
vt 0.987947 0.139825
vt 0.986560 0.386194
vt 0.987909 0.381761
vt 0.760393 0.901046
vt 0.760928 0.954515
vt 0.755900 0.953955
vt 0.755367 0.901115
vt 0.351021 0.147712
vt 0.351021 0.203309
vt 0.346343 0.202189
vt 0.346226 0.148094
vt 0.329398 0.096682
vt 0.333841 0.094837
vt 0.755363 0.845519
vt 0.760393 0.844828
vt 0.297507 0.052986
vt 0.301162 0.049859
vt 0.755889 0.792609
vt 0.760928 0.791364
vt 0.253674 0.021284
vt 0.256184 0.017180
vt 0.756893 0.747564
vt 0.761946 0.745887
vt 0.202190 0.004679
vt 0.203309 0.000000
vt 0.815342 0.998867
vt 0.814332 0.953947
vt 0.819360 0.954506
vt 0.820378 1.000000
vt 0.148094 0.004796
vt 0.147712 0.000000
vt 0.813799 0.901102
vt 0.818825 0.901033
vt 0.096682 0.021623
vt 0.094837 0.017180
vt 0.813796 0.845506
vt 0.818825 0.844815
vt 0.052986 0.053514
vt 0.049859 0.049859
vt 0.814322 0.792600
vt 0.819360 0.791355
vt 0.021284 0.097347
vt 0.017180 0.094837
vt 0.815325 0.747564
vt 0.820379 0.745887
vt 0.004679 0.148832
vt 0.004767 0.202746
vt 0.000031 0.203502
vt 0.000000 0.147712
vt 0.726694 0.954839
vt 0.725901 0.902330
vt 0.730930 0.902679
vt 0.731724 0.955435
vt 0.021623 0.254339
vt 0.017180 0.256184
vt 0.725628 0.846953
vt 0.730654 0.846298
vt 0.053514 0.298035
vt 0.049859 0.301162
vt 0.097348 0.329737
vt 0.094837 0.333841
vt 0.725895 0.793571
vt 0.726680 0.747602
vt 0.731724 0.745939
vt 0.730928 0.792353
vt 0.148832 0.346342
vt 0.147712 0.351021
vt 0.812249 0.747021
vt 0.813259 0.791928
vt 0.808231 0.791368
vt 0.807213 0.745887
vt 0.202927 0.346226
vt 0.203309 0.351021
vt 0.813792 0.844765
vt 0.808766 0.844834
vt 0.254339 0.329398
vt 0.256184 0.333841
vt 0.813796 0.900362
vt 0.808766 0.901052
vt 0.298035 0.297507
vt 0.301162 0.301162
vt 0.813270 0.953274
vt 0.808231 0.954518
vt 0.329737 0.253674
vt 0.333841 0.256184
vt 0.812266 0.998324
vt 0.807213 1.000000
vt 0.756910 0.998867
vt 0.761946 1.000000
vt 0.784061 0.900159
vt 0.784579 0.951939
vt 0.779804 0.953760
vt 0.779274 0.900786
vt 0.773879 0.954515
vt 0.773343 0.901046
vt 0.773343 0.844828
vt 0.779274 0.845089
vt 0.784061 0.845717
vt 0.773879 0.791364
vt 0.779804 0.792119
vt 0.784579 0.793941
vt 0.774897 0.745887
vt 0.780813 0.747063
vt 0.252690 0.364270
vt 0.297750 0.397009
vt 0.294913 0.399846
vt 0.250868 0.367845
vt 0.833329 1.000000
vt 0.832311 0.954506
vt 0.838237 0.953752
vt 0.839245 0.998825
vt 0.330488 0.442069
vt 0.326914 0.443891
vt 0.831776 0.901032
vt 0.837706 0.900773
vt 0.842494 0.900147
vt 0.843012 0.951932
vt 0.831776 0.844815
vt 0.837706 0.845075
vt 0.842494 0.845704
vt 0.832311 0.791355
vt 0.838237 0.792110
vt 0.843012 0.793933
vt 0.833329 0.745887
vt 0.839245 0.747063
vt 0.330488 0.603711
vt 0.297750 0.648771
vt 0.294913 0.645934
vt 0.326914 0.601889
vt 0.727923 0.998783
vt 0.732965 0.999944
vt 0.744675 0.955383
vt 0.743880 0.902627
vt 0.749810 0.902295
vt 0.750597 0.954563
vt 0.754594 0.901530
vt 0.755363 0.952620
vt 0.743604 0.846246
vt 0.749536 0.846435
vt 0.754326 0.846929
vt 0.743879 0.792302
vt 0.749808 0.792990
vt 0.744675 0.745887
vt 0.750597 0.747005
vt 0.755363 0.749740
vt 0.754592 0.794688
vt 0.794262 0.745887
vt 0.795280 0.791368
vt 0.789355 0.792122
vt 0.788346 0.747062
vt 0.045987 0.648771
vt 0.013249 0.603710
vt 0.016824 0.601889
vt 0.048824 0.645934
vt 0.795816 0.844834
vt 0.789885 0.845094
vt 0.785098 0.845721
vt 0.784580 0.793944
vt 0.795816 0.901052
vt 0.789885 0.900792
vt 0.785098 0.900164
vt 0.795280 0.954518
vt 0.789355 0.953764
vt 0.784580 0.951942
vt 0.794262 1.000000
vt 0.788346 0.998825
vt 0.013249 0.442069
vt 0.045988 0.397009
vt 0.048824 0.399845
vt 0.016824 0.443890
vt 0.774897 1.000000
vt 0.780813 0.998825
vt 0.091048 0.364270
vt 0.092869 0.367845
vt 0.745916 0.999892
vt 0.751826 0.998660
vt 0.252689 0.681510
vt 0.250868 0.677935
vt 0.156489 0.425788
vt 0.127236 0.435293
vt 0.110989 0.403406
vt 0.150891 0.390441
vt 0.192847 0.390441
vt 0.187248 0.425788
vt 0.232749 0.403406
vt 0.216501 0.435293
vt 0.266692 0.428067
vt 0.241386 0.453373
vt 0.291353 0.462010
vt 0.259465 0.478257
vt 0.304318 0.501912
vt 0.268970 0.507511
vt 0.304318 0.543868
vt 0.268970 0.538269
vt 0.291353 0.583770
vt 0.259465 0.567523
vt 0.266692 0.617713
vt 0.241386 0.592407
vt 0.232749 0.642374
vt 0.192986 0.655316
vt 0.187349 0.619975
vt 0.216501 0.610486
vt 0.150891 0.655339
vt 0.156489 0.619991
vt 0.110989 0.642374
vt 0.077046 0.617713
vt 0.102352 0.592407
vt 0.127236 0.610486
vt 0.052385 0.583770
vt 0.084272 0.567522
vt 0.039420 0.543868
vt 0.074767 0.538269
vt 0.039420 0.501912
vt 0.074767 0.507510
vt 0.052385 0.462010
vt 0.084272 0.478257
vt 0.077046 0.428067
vt 0.102352 0.453373
vt 0.741375 0.529115
vt 0.760386 0.528925
vt 0.770203 0.572491
vt 0.744756 0.572746
vt 0.718000 0.572746
vt 0.721386 0.529115
vt 0.692555 0.572491
vt 0.702377 0.528924
vt 0.670911 0.572006
vt 0.686207 0.528562
vt 0.269024 0.944592
vt 0.247372 0.945076
vt 0.237560 0.901510
vt 0.253736 0.901148
vt 0.221923 0.945331
vt 0.218547 0.901700
vt 0.195167 0.945331
vt 0.198558 0.901700
vt 0.169724 0.945076
vt 0.179551 0.901509
vt 0.148084 0.944591
vt 0.163384 0.901148
vt 0.386570 0.945083
vt 0.361459 0.945338
vt 0.357480 0.901704
vt 0.376241 0.901514
vt 0.334627 0.945339
vt 0.337435 0.901705
vt 0.308954 0.945083
vt 0.286866 0.944596
vt 0.301754 0.901150
vt 0.318255 0.901513
vt 0.129987 0.944592
vt 0.108341 0.945076
vt 0.098522 0.901510
vt 0.114692 0.901148
vt 0.082895 0.945331
vt 0.079511 0.901700
vt 0.056139 0.945331
vt 0.059523 0.901700
vt 0.030693 0.945076
vt 0.040512 0.901510
vt 0.009047 0.944592
vt 0.024341 0.901148
vt 0.791851 0.572006
vt 0.776559 0.528562
vt 0.144648 0.351021
vt 0.715997 0.589414
vt 0.746756 0.589414
vt 0.776010 0.589121
vt 0.199090 0.351021
vt 0.686745 0.589121
vt 0.661863 0.588564
vt 0.253176 0.961706
vt 0.278068 0.961149
vt 0.223919 0.961999
vt 0.343737 0.495669
vt 0.193161 0.961999
vt 0.343737 0.550111
vt 0.163911 0.961706
vt 0.139034 0.961149
vt 0.407756 0.944596
vt 0.392068 0.901150
vt 0.363821 0.962008
vt 0.392689 0.961714
vt 0.199272 0.694730
vt 0.332974 0.962009
vt 0.144647 0.694759
vt 0.303460 0.961714
vt 0.278068 0.961154
vt 0.092869 0.677935
vt 0.114150 0.961706
vt 0.084897 0.961999
vt 0.000000 0.550111
vt 0.054138 0.961999
vt 0.000000 0.495668
vt 0.024885 0.961706
vt 0.000000 0.961149
vt 0.800897 0.588564
vt 0.725325 0.435725
vt 0.737442 0.435725
vt 0.748966 0.435609
vt 0.713801 0.435609
vt 0.704000 0.435390
vt 0.226145 0.808195
vt 0.235951 0.807975
vt 0.214620 0.808310
vt 0.202503 0.808310
vt 0.190981 0.808195
vt 0.181181 0.807975
vt 0.417045 0.961155
vt 0.352888 0.808311
vt 0.364263 0.808196
vt 0.340739 0.808312
vt 0.319109 0.807975
vt 0.329112 0.808196
vt 0.087099 0.808195
vt 0.096902 0.807975
vt 0.075575 0.808310
vt 0.063458 0.808310
vt 0.051934 0.808195
vt 0.042131 0.807975
vt 0.758770 0.435390
vt 0.738892 0.407757
vt 0.753179 0.407614
vt 0.751432 0.424420
vt 0.738291 0.424552
vt 0.724474 0.424552
vt 0.723872 0.407757
vt 0.711335 0.424420
vt 0.709586 0.407614
vt 0.700158 0.424170
vt 0.697435 0.407342
vt 0.239790 0.796755
vt 0.228609 0.797006
vt 0.230356 0.780199
vt 0.242511 0.779927
vt 0.215468 0.797137
vt 0.216068 0.780342
vt 0.201651 0.797137
vt 0.201047 0.780342
vt 0.188512 0.797006
vt 0.186763 0.780199
vt 0.177338 0.796755
vt 0.174615 0.779927
vt 0.366877 0.797007
vt 0.353908 0.797139
vt 0.354638 0.780345
vt 0.368737 0.780202
vt 0.340053 0.797139
vt 0.339575 0.780345
vt 0.326796 0.797007
vt 0.315390 0.796756
vt 0.312762 0.779928
vt 0.325163 0.780202
vt 0.100743 0.796755
vt 0.089565 0.797006
vt 0.091313 0.780199
vt 0.103465 0.779927
vt 0.076425 0.797137
vt 0.077027 0.780342
vt 0.062608 0.797137
vt 0.062006 0.780342
vt 0.049468 0.797006
vt 0.047721 0.780199
vt 0.038290 0.796755
vt 0.035568 0.779927
vt 0.762610 0.424170
vt 0.765332 0.407342
vt 0.737990 0.384127
vt 0.750559 0.384001
vt 0.753179 0.399877
vt 0.738892 0.400020
vt 0.723872 0.400020
vt 0.724775 0.384127
vt 0.709586 0.399877
vt 0.712207 0.384001
vt 0.697435 0.399605
vt 0.701517 0.383762
vt 0.242511 0.772190
vt 0.230356 0.772462
vt 0.227737 0.756586
vt 0.238432 0.756347
vt 0.216068 0.772605
vt 0.215167 0.756712
vt 0.201047 0.772605
vt 0.201952 0.756712
vt 0.186763 0.772462
vt 0.189385 0.756586
vt 0.174615 0.772190
vt 0.178697 0.756347
vt 0.373857 0.807975
vt 0.368744 0.772465
vt 0.354644 0.772608
vt 0.353586 0.756714
vt 0.365991 0.756588
vt 0.339582 0.772609
vt 0.340335 0.756714
vt 0.325169 0.772465
vt 0.312769 0.772191
vt 0.316745 0.756347
vt 0.327655 0.756588
vt 0.103465 0.772190
vt 0.091313 0.772462
vt 0.088693 0.756586
vt 0.099384 0.756347
vt 0.077027 0.772605
vt 0.076124 0.756712
vt 0.062006 0.772605
vt 0.062909 0.756712
vt 0.047721 0.772462
vt 0.050341 0.756586
vt 0.035568 0.772190
vt 0.039649 0.756347
vt 0.765332 0.399605
vt 0.761252 0.383762
vt 0.377817 0.796756
vt 0.380631 0.779928
vt 0.380638 0.772191
vt 0.376455 0.756347
vt 0.985698 0.493139
vt 0.973655 0.494993
vt 0.971243 0.487623
vt 0.982124 0.482139
vt 0.966671 0.481360
vt 0.975325 0.472782
vt 0.985698 0.504706
vt 0.973671 0.502747
vt 0.982124 0.515706
vt 0.971291 0.510126
vt 0.975325 0.525063
vt 0.966747 0.516409
vt 0.965968 0.531862
vt 0.960484 0.520980
vt 0.954968 0.535436
vt 0.953115 0.523392
vt 0.943402 0.535436
vt 0.945361 0.523409
vt 0.932401 0.531862
vt 0.937981 0.521029
vt 0.916246 0.515706
vt 0.927127 0.510222
vt 0.931698 0.516485
vt 0.923044 0.525063
vt 0.912671 0.504706
vt 0.924715 0.502852
vt 0.916246 0.482139
vt 0.927078 0.487719
vt 0.924698 0.495098
vt 0.912671 0.493139
vt 0.923044 0.472782
vt 0.931622 0.481436
vt 0.932401 0.465983
vt 0.937886 0.476865
vt 0.943402 0.462409
vt 0.945255 0.474452
vt 0.954968 0.462409
vt 0.953009 0.474436
vt 0.965968 0.465983
vt 0.960388 0.476816
vt 0.748167 0.373511
vt 0.757525 0.373302
vt 0.043376 0.745887
vt 0.052733 0.746097
vt 0.063733 0.746207
vt 0.075300 0.746207
vt 0.086300 0.746097
vt 0.095657 0.745887
vt 0.320373 0.745887
vt 0.329921 0.746098
vt 0.341019 0.746209
vt 0.352581 0.746209
vt 0.363474 0.746098
vt 0.182425 0.745887
vt 0.191780 0.746097
vt 0.202778 0.746207
vt 0.214345 0.746207
vt 0.225346 0.746097
vt 0.234706 0.745887
vt 0.705244 0.373302
vt 0.714601 0.373511
vt 0.725600 0.373622
vt 0.737167 0.373622
vt 0.397634 0.732027
vt 0.412379 0.731880
vt 0.413577 0.739745
vt 0.398122 0.739901
vt 0.696689 0.797538
vt 0.687132 0.784383
vt 0.691347 0.780345
vt 0.701946 0.795000
vt 0.398924 0.745887
vt 0.380838 0.745887
vt 0.381862 0.739902
vt 0.382130 0.732027
vt 0.707498 0.812213
vt 0.707459 0.830299
vt 0.701714 0.829263
vt 0.701714 0.813002
vt 0.366388 0.739748
vt 0.367385 0.731880
vt 0.701833 0.847488
vt 0.696689 0.844727
vt 0.353213 0.739455
vt 0.354843 0.731599
vt 0.691170 0.862097
vt 0.687132 0.857882
vt 0.582156 0.739450
vt 0.569018 0.739745
vt 0.567821 0.731880
vt 0.580368 0.731599
vt 0.676515 0.872696
vt 0.673977 0.867440
vt 0.553562 0.739901
vt 0.553074 0.732027
vt 0.554362 0.745887
vt 0.536276 0.745887
vt 0.537302 0.739902
vt 0.537570 0.732027
vt 0.659302 0.878248
vt 0.641216 0.878209
vt 0.642252 0.872464
vt 0.658513 0.872464
vt 0.521829 0.739748
vt 0.522827 0.731880
vt 0.624027 0.872583
vt 0.626788 0.867440
vt 0.508657 0.739455
vt 0.510288 0.731599
vt 0.657757 0.201379
vt 0.645480 0.201669
vt 0.641888 0.196968
vt 0.650351 0.190687
vt 0.657766 0.190676
vt 0.609418 0.861920
vt 0.613633 0.857882
vt 0.598845 0.847318
vt 0.604048 0.844674
vt 0.646259 0.739743
vt 0.630899 0.739900
vt 0.630457 0.732025
vt 0.645009 0.731877
vt 0.631978 0.745886
vt 0.613841 0.745886
vt 0.614705 0.739901
vt 0.614910 0.732026
vt 0.600505 0.201682
vt 0.600514 0.190983
vt 0.610859 0.190902
vt 0.620487 0.197080
vt 0.615381 0.201829
vt 0.593267 0.830052
vt 0.593306 0.811966
vt 0.599051 0.813002
vt 0.599051 0.829263
vt 0.598932 0.794777
vt 0.604075 0.797538
vt 0.599093 0.739746
vt 0.585649 0.739451
vt 0.587234 0.731595
vt 0.600033 0.731877
vt 0.609595 0.780168
vt 0.613633 0.784383
vt 0.624250 0.769569
vt 0.626788 0.774826
vt 0.491293 0.739745
vt 0.475840 0.739901
vt 0.475351 0.732027
vt 0.490096 0.731880
vt 0.476642 0.745887
vt 0.458556 0.745887
vt 0.459579 0.739902
vt 0.459847 0.732027
vt 0.641463 0.764017
vt 0.659549 0.764056
vt 0.658513 0.769801
vt 0.642252 0.769801
vt 0.444104 0.739748
vt 0.445101 0.731880
vt 0.676738 0.769682
vt 0.673977 0.774826
vt 0.430928 0.739455
vt 0.432558 0.731599
vt 0.426712 0.739450
vt 0.424923 0.731599
vt 0.715067 0.788350
vt 0.701771 0.769966
vt 0.704252 0.767263
vt 0.718262 0.786546
vt 0.908981 0.068668
vt 0.909210 0.091322
vt 0.904357 0.091926
vt 0.904125 0.068764
vt 0.904125 0.044412
vt 0.908980 0.044833
vt 0.912671 0.045244
vt 0.912671 0.067933
vt 0.904356 0.021252
vt 0.909205 0.022149
vt 0.725628 0.809215
vt 0.725628 0.833050
vt 0.721983 0.832631
vt 0.722032 0.809943
vt 0.904798 0.001552
vt 0.909635 0.002838
vt 0.718262 0.855719
vt 0.714925 0.854194
vt 0.904798 0.224811
vt 0.904357 0.205104
vt 0.909210 0.204500
vt 0.909643 0.223759
vt 0.704252 0.875002
vt 0.701549 0.872521
vt 0.904125 0.181940
vt 0.908981 0.181844
vt 0.684969 0.889012
vt 0.683165 0.885817
vt 0.904125 0.157587
vt 0.908979 0.158009
vt 0.912671 0.158422
vt 0.912671 0.181110
vt 0.904356 0.134430
vt 0.909205 0.135328
vt 0.662300 0.896378
vt 0.638465 0.896378
vt 0.638883 0.892733
vt 0.661572 0.892782
vt 0.904797 0.114734
vt 0.909635 0.116020
vt 0.615796 0.889012
vt 0.617321 0.885675
vt 0.659113 0.739446
vt 0.657286 0.731595
vt 0.858102 0.341093
vt 0.858544 0.360376
vt 0.853691 0.361020
vt 0.853256 0.342178
vt 0.858777 0.383232
vt 0.853921 0.383535
vt 0.596513 0.875002
vt 0.582464 0.855642
vt 0.585732 0.853982
vt 0.598994 0.872299
vt 0.858777 0.407654
vt 0.853921 0.407275
vt 0.850230 0.406965
vt 0.850230 0.384213
vt 0.858543 0.431021
vt 0.853695 0.430160
vt 0.858100 0.451125
vt 0.853262 0.449866
vt 0.575137 0.809215
vt 0.582503 0.786546
vt 0.585840 0.788071
vt 0.578782 0.809634
vt 0.504427 0.739450
vt 0.502638 0.731599
vt 0.858103 0.227916
vt 0.858544 0.247617
vt 0.853691 0.248221
vt 0.853258 0.228969
vt 0.858776 0.270778
vt 0.853919 0.270874
vt 0.596513 0.767263
vt 0.615796 0.753253
vt 0.617600 0.756448
vt 0.599216 0.769744
vt 0.858776 0.295130
vt 0.853921 0.294709
vt 0.850230 0.294299
vt 0.850230 0.271610
vt 0.858544 0.318291
vt 0.853696 0.317394
vt 0.638465 0.745887
vt 0.662300 0.745887
vt 0.661881 0.749532
vt 0.639193 0.749483
vt 0.858103 0.337993
vt 0.853265 0.336708
vt 0.684969 0.753253
vt 0.683444 0.756590
vt 0.904798 0.111630
vt 0.909643 0.110577
vt 0.850230 0.044068
vt 0.850230 0.069108
vt 0.850468 0.092923
vt 0.850468 0.020255
vt 0.850922 0.000000
vt 0.850468 0.206101
vt 0.850922 0.226364
vt 0.850230 0.182284
vt 0.850230 0.157244
vt 0.850468 0.133433
vt 0.850922 0.113182
vt 0.912433 0.359373
vt 0.911977 0.339546
vt 0.912671 0.382873
vt 0.912671 0.407984
vt 0.578733 0.832322
vt 0.575137 0.833050
vt 0.912431 0.432010
vt 0.911975 0.452681
vt 0.912432 0.246621
vt 0.911979 0.226364
vt 0.912671 0.270434
vt 0.912671 0.295474
vt 0.912432 0.319288
vt 0.911979 0.339546
vt 0.382127 0.024127
vt 0.367380 0.023955
vt 0.445110 0.024397
vt 0.580364 0.023691
vt 0.432565 0.023983
vt 0.397629 0.024192
vt 0.424924 0.023982
vt 0.412375 0.024142
vt 0.354838 0.023691
vt 0.445108 0.137673
vt 0.432561 0.137369
vt 0.424924 0.137369
vt 0.412375 0.137627
vt 0.354839 0.137315
vt 0.367381 0.137592
vt 0.567811 0.137606
vt 0.580364 0.137314
vt 0.382127 0.137744
vt 0.522819 0.137668
vt 0.537561 0.137792
vt 0.587763 0.137464
vt 0.600562 0.137749
vt 0.615438 0.137893
vt 0.630984 0.137881
vt 0.397630 0.137756
vt 0.510280 0.137412
vt 0.553064 0.137770
vt 0.459847 0.137845
vt 0.475350 0.137866
vt 0.645537 0.137715
vt 0.490095 0.137736
vt 0.502637 0.137465
vt 0.445102 0.605079
vt 0.445103 0.215793
vt 0.459847 0.215947
vt 0.459847 0.605228
vt 0.490096 0.605083
vt 0.490096 0.215809
vt 0.502638 0.215531
vt 0.502638 0.604803
vt 0.475351 0.605230
vt 0.475351 0.215952
vt 0.630569 0.605229
vt 0.630915 0.215956
vt 0.645468 0.215804
vt 0.645122 0.605080
vt 0.553073 0.605224
vt 0.553067 0.215928
vt 0.567814 0.215777
vt 0.567819 0.605075
vt 0.537569 0.605225
vt 0.537564 0.215934
vt 0.397633 0.605223
vt 0.397631 0.215925
vt 0.412377 0.215782
vt 0.412379 0.605077
vt 0.510286 0.604800
vt 0.510281 0.215518
vt 0.522820 0.215792
vt 0.522825 0.605079
vt 0.382129 0.605222
vt 0.382128 0.215922
vt 0.615023 0.605230
vt 0.615369 0.215959
vt 0.587347 0.604800
vt 0.587693 0.215529
vt 0.600492 0.215812
vt 0.600146 0.605082
vt 0.367385 0.605075
vt 0.367383 0.215773
vt 0.580362 0.215493
vt 0.580366 0.604794
vt 0.354843 0.604794
vt 0.354841 0.215493
vt 0.424923 0.604797
vt 0.424923 0.215507
vt 0.424923 0.352745
vt 0.432557 0.604797
vt 0.432553 0.352745
vt 0.432558 0.215507
vt 0.372633 0.745887
vt 0.459847 0.201811
vt 0.475351 0.201819
vt 0.490095 0.201678
vt 0.502638 0.201401
vt 0.587706 0.201399
vt 0.630928 0.201824
vt 0.657744 0.215516
vt 0.657398 0.604796
vt 0.510281 0.201380
vt 0.522820 0.201652
vt 0.537563 0.201790
vt 0.553067 0.201782
vt 0.567813 0.201628
vt 0.580363 0.201344
vt 0.354841 0.201344
vt 0.367382 0.201623
vt 0.382128 0.201773
vt 0.397631 0.201777
vt 0.412377 0.201636
vt 0.424923 0.201364
vt 0.432559 0.201364
vt 0.445104 0.201654
vt 0.630961 0.142648
vt 0.445107 0.144197
vt 0.445106 0.150721
vt 0.432560 0.150422
vt 0.432561 0.143896
vt 0.424924 0.143896
vt 0.424924 0.150422
vt 0.412376 0.150686
vt 0.412376 0.144156
vt 0.397630 0.150820
vt 0.397630 0.144288
vt 0.382127 0.150811
vt 0.382127 0.144277
vt 0.367381 0.150659
vt 0.367381 0.144126
vt 0.354840 0.150381
vt 0.354839 0.143848
vt 0.580364 0.143848
vt 0.580364 0.150381
vt 0.567812 0.150670
vt 0.567811 0.144138
vt 0.553065 0.150830
vt 0.553065 0.144300
vt 0.537562 0.150847
vt 0.537561 0.144319
vt 0.522819 0.150717
vt 0.522819 0.144193
vt 0.510280 0.150455
vt 0.510280 0.143933
vt 0.600556 0.144264
vt 0.600550 0.150779
vt 0.587751 0.150494
vt 0.587757 0.143979
vt 0.502637 0.143980
vt 0.502638 0.150496
vt 0.490095 0.150769
vt 0.490095 0.144252
vt 0.475350 0.150903
vt 0.475350 0.144385
vt 0.445123 0.159927
vt 0.459819 0.160114
vt 0.459832 0.171248
vt 0.445124 0.171094
vt 0.432576 0.159655
vt 0.432572 0.170791
vt 0.412372 0.159924
vt 0.424918 0.159654
vt 0.424917 0.170791
vt 0.412371 0.171057
vt 0.397630 0.160055
vt 0.397630 0.171195
vt 0.382130 0.160053
vt 0.382132 0.171186
vt 0.367382 0.159896
vt 0.367384 0.171037
vt 0.354844 0.159586
vt 0.354839 0.170768
vt 0.567831 0.159904
vt 0.580339 0.159586
vt 0.580339 0.170768
vt 0.567823 0.171045
vt 0.553120 0.160181
vt 0.553122 0.171167
vt 0.537478 0.160081
vt 0.537510 0.171218
vt 0.522611 0.159511
vt 0.522606 0.171219
vt 0.490206 0.159999
vt 0.502822 0.159375
vt 0.502849 0.170958
vt 0.490157 0.171125
vt 0.475297 0.160223
vt 0.475290 0.171232
vt 0.459847 0.150887
vt 0.598073 0.159942
vt 0.587760 0.159380
vt 0.512923 0.159743
vt 0.459818 0.182004
vt 0.445122 0.181878
vt 0.432576 0.181558
vt 0.424918 0.181558
vt 0.412372 0.181820
vt 0.397630 0.181963
vt 0.382130 0.181950
vt 0.367382 0.181809
vt 0.354844 0.181564
vt 0.580339 0.181564
vt 0.567832 0.181809
vt 0.553122 0.181835
vt 0.537478 0.182004
vt 0.522610 0.182355
vt 0.502823 0.182017
vt 0.490206 0.181903
vt 0.475297 0.181911
vt 0.459847 0.191108
vt 0.445104 0.190949
vt 0.432559 0.190658
vt 0.424923 0.190658
vt 0.412377 0.190929
vt 0.397631 0.191068
vt 0.382128 0.191063
vt 0.367382 0.190913
vt 0.354841 0.190634
vt 0.580363 0.190634
vt 0.567813 0.190919
vt 0.553066 0.191074
vt 0.537563 0.191084
vt 0.522820 0.190947
vt 0.512923 0.181587
vt 0.510281 0.190677
vt 0.587742 0.182022
vt 0.598054 0.181778
vt 0.587715 0.190700
vt 0.502638 0.190701
vt 0.490095 0.190977
vt 0.475351 0.191117
vt 0.630911 0.199230
vt 0.459847 0.144366
vt 0.630958 0.146894
vt 0.608486 0.161672
vt 0.604352 0.160387
vt 0.606491 0.170853
vt 0.602593 0.171080
vt 0.608470 0.180075
vt 0.604334 0.181364
vt 0.614121 0.187932
vt 0.630915 0.194984
vt 0.622148 0.193157
vt 0.640331 0.193061
vt 0.652339 0.179838
vt 0.655481 0.181083
vt 0.647668 0.187746
vt 0.653984 0.170599
vt 0.656425 0.170782
vt 0.652355 0.161435
vt 0.655500 0.160114
vt 0.657808 0.143932
vt 0.657813 0.137411
vt 0.657802 0.150454
vt 0.659725 0.159598
vt 0.659706 0.181442
vt 0.587689 0.170962
vt 0.597486 0.171072
vt 0.513056 0.170883
vt 0.509051 0.170703
vt 0.508518 0.159988
vt 0.508518 0.180958
vt 0.639955 0.616124
vt 0.641519 0.612186
vt 0.649971 0.618170
vt 0.647283 0.621234
vt 0.613735 0.621419
vt 0.610479 0.618385
vt 0.620118 0.612297
vt 0.621772 0.616220
vt 0.630546 0.610141
vt 0.630542 0.614386
vt 0.608071 0.629164
vt 0.603937 0.627879
vt 0.606076 0.638346
vt 0.602178 0.638573
vt 0.608054 0.647567
vt 0.603918 0.648857
vt 0.613705 0.655424
vt 0.610444 0.658394
vt 0.630500 0.662476
vt 0.630496 0.666722
vt 0.620072 0.664572
vt 0.621732 0.660649
vt 0.639915 0.660553
vt 0.641472 0.664460
vt 0.651923 0.647331
vt 0.655065 0.648576
vt 0.649936 0.658179
vt 0.647252 0.655239
vt 0.653569 0.638091
vt 0.656009 0.638275
vt 0.651939 0.628927
vt 0.655084 0.627606
vt 0.354843 0.638086
vt 0.354843 0.627399
vt 0.367385 0.627680
vt 0.367385 0.638366
vt 0.567820 0.638367
vt 0.567820 0.627680
vt 0.580367 0.627399
vt 0.580367 0.638086
vt 0.382129 0.627827
vt 0.382129 0.638514
vt 0.522826 0.638370
vt 0.522826 0.627683
vt 0.537569 0.627830
vt 0.537569 0.638516
vt 0.587317 0.638089
vt 0.587327 0.627403
vt 0.600126 0.627685
vt 0.600117 0.638371
vt 0.397633 0.627828
vt 0.397633 0.638515
vt 0.510287 0.638090
vt 0.510287 0.627404
vt 0.412379 0.627681
vt 0.412379 0.638368
vt 0.553073 0.627829
vt 0.553073 0.638515
vt 0.459847 0.638519
vt 0.459847 0.627832
vt 0.475351 0.627833
vt 0.475351 0.638519
vt 0.490096 0.627687
vt 0.490096 0.638373
vt 0.502638 0.627406
vt 0.502638 0.638092
vt 0.445102 0.638370
vt 0.445102 0.627684
vt 0.445102 0.648881
vt 0.459847 0.649029
vt 0.490096 0.648883
vt 0.502638 0.648603
vt 0.475351 0.649030
vt 0.553073 0.649026
vt 0.567820 0.648878
vt 0.537569 0.649027
vt 0.397633 0.649026
vt 0.412379 0.648879
vt 0.510287 0.648601
vt 0.522826 0.648880
vt 0.382129 0.649025
vt 0.587308 0.648599
vt 0.600107 0.648881
vt 0.367385 0.648877
vt 0.580367 0.648597
vt 0.354843 0.648597
vt 0.354843 0.658021
vt 0.367385 0.658301
vt 0.567820 0.658302
vt 0.580367 0.658021
vt 0.382129 0.658449
vt 0.522826 0.658304
vt 0.537569 0.658451
vt 0.587300 0.658022
vt 0.600099 0.658305
vt 0.397633 0.658450
vt 0.510287 0.658024
vt 0.412379 0.658302
vt 0.553073 0.658450
vt 0.459847 0.658453
vt 0.475351 0.658453
vt 0.490096 0.658306
vt 0.502638 0.658026
vt 0.445102 0.658304
vt 0.445102 0.663263
vt 0.459847 0.663412
vt 0.490096 0.663265
vt 0.502638 0.662985
vt 0.475351 0.663412
vt 0.553073 0.663409
vt 0.567820 0.663261
vt 0.537569 0.663410
vt 0.397633 0.663409
vt 0.412379 0.663262
vt 0.510287 0.662983
vt 0.522826 0.663263
vt 0.382130 0.663409
vt 0.587295 0.662981
vt 0.600094 0.663263
vt 0.367385 0.663261
vt 0.580367 0.662980
vt 0.354843 0.662980
vt 0.645066 0.668221
vt 0.657342 0.667938
vt 0.600090 0.668222
vt 0.614966 0.668371
vt 0.354843 0.667939
vt 0.367385 0.668220
vt 0.567820 0.668220
vt 0.580367 0.667939
vt 0.382130 0.668368
vt 0.522826 0.668222
vt 0.537569 0.668369
vt 0.587291 0.667940
vt 0.630513 0.668370
vt 0.397633 0.668368
vt 0.510287 0.667942
vt 0.412379 0.668221
vt 0.553073 0.668368
vt 0.459847 0.668371
vt 0.475351 0.668371
vt 0.490096 0.668224
vt 0.502638 0.667944
vt 0.445102 0.668222
vt 0.354843 0.611253
vt 0.367385 0.611533
vt 0.567820 0.611534
vt 0.580367 0.611253
vt 0.382129 0.611681
vt 0.522826 0.611537
vt 0.537569 0.611684
vt 0.587341 0.611258
vt 0.600140 0.611540
vt 0.397633 0.611682
vt 0.510286 0.611258
vt 0.412379 0.611535
vt 0.553073 0.611682
vt 0.459847 0.611687
vt 0.475351 0.611688
vt 0.490096 0.611541
vt 0.502638 0.611261
vt 0.445102 0.617996
vt 0.459847 0.618145
vt 0.490096 0.617999
vt 0.502638 0.617719
vt 0.475351 0.618146
vt 0.553073 0.618141
vt 0.567820 0.617992
vt 0.537569 0.618142
vt 0.397633 0.618140
vt 0.412379 0.617994
vt 0.510286 0.617716
vt 0.522826 0.617996
vt 0.382129 0.618140
vt 0.587336 0.617716
vt 0.600135 0.617998
vt 0.367385 0.617992
vt 0.580367 0.617711
vt 0.354843 0.617711
vt 0.445102 0.611538
vt 0.657346 0.662979
vt 0.657359 0.648597
vt 0.657351 0.658020
vt 0.657369 0.638086
vt 0.657378 0.627400
vt 0.657387 0.617713
vt 0.657392 0.611255
vt 0.432557 0.627402
vt 0.432557 0.617714
vt 0.424923 0.627402
vt 0.424923 0.617714
vt 0.432557 0.611256
vt 0.424923 0.611256
vt 0.432557 0.638088
vt 0.424923 0.638088
vt 0.432557 0.648599
vt 0.424923 0.648599
vt 0.432557 0.658023
vt 0.424923 0.658023
vt 0.432557 0.662982
vt 0.424923 0.662982
vt 0.432557 0.667941
vt 0.424923 0.667941
vt 0.952459 0.517819
vt 0.958138 0.515882
vt 0.946459 0.517906
vt 0.940727 0.516135
vt 0.930288 0.502197
vt 0.932225 0.507876
vt 0.940232 0.481963
vt 0.935429 0.485559
vt 0.945911 0.480026
vt 0.951910 0.479939
vt 0.962941 0.512286
vt 0.966397 0.507381
vt 0.957643 0.481710
vt 0.962548 0.485167
vt 0.931973 0.490464
vt 0.930201 0.496197
vt 0.935822 0.512678
vt 0.949306 0.507303
vt 0.953436 0.503052
vt 0.952789 0.486708
vt 0.957040 0.490837
vt 0.940805 0.499044
vt 0.944934 0.494793
vt 0.949185 0.498923
vt 0.945055 0.503173
vt 0.937079 0.502879
vt 0.941330 0.507008
vt 0.945581 0.511137
vt 0.949063 0.490542
vt 0.953314 0.494672
vt 0.957565 0.498801
vt 0.484890 0.754216
vt 0.463586 0.761138
vt 0.459757 0.753625
vt 0.483571 0.745887
vt 0.445463 0.774305
vt 0.439500 0.768343
vt 0.432295 0.792428
vt 0.424782 0.788600
vt 0.425373 0.813733
vt 0.417045 0.812414
vt 0.425373 0.836134
vt 0.417045 0.837453
vt 0.432295 0.857439
vt 0.424782 0.861267
vt 0.445462 0.875562
vt 0.439500 0.881525
vt 0.463585 0.888729
vt 0.459757 0.896242
vt 0.484890 0.895652
vt 0.483571 0.903980
vt 0.507294 0.895652
vt 0.528526 0.888765
vt 0.532350 0.896280
vt 0.508610 0.903980
vt 0.546721 0.875561
vt 0.552682 0.881525
vt 0.575137 0.837454
vt 0.567400 0.861268
vt 0.559887 0.792428
vt 0.567400 0.788600
vt 0.575137 0.812414
vt 0.546719 0.774305
vt 0.552682 0.768343
vt 0.528596 0.761138
vt 0.532425 0.753625
vt 0.507292 0.754216
vt 0.508611 0.745887
vt 0.464783 0.824952
vt 0.480419 0.840605
vt 0.510162 0.870380
vt 0.525851 0.854691
vt 0.496091 0.793644
vt 0.511736 0.809289
vt 0.481977 0.779530
vt 0.480446 0.809288
vt 0.466333 0.795175
vt 0.450677 0.810830
vt 0.527381 0.824934
vt 0.496092 0.824933
vt 0.511737 0.840578
vt 0.496056 0.856259
vt 0.179675 0.810269
vt 0.163159 0.808634
vt 0.162758 0.794546
vt 0.179355 0.799038
vt 0.366012 0.703164
vt 0.383633 0.698530
vt 0.384140 0.713408
vt 0.366417 0.715024
vt 0.384140 0.729495
vt 0.366417 0.727849
vt 0.383633 0.744343
vt 0.366012 0.739685
vt 0.064169 0.495355
vt 0.081966 0.489591
vt 0.081966 0.501232
vt 0.064169 0.504635
vt 0.063709 0.516626
vt 0.081390 0.516273
vt 0.080402 0.531446
vt 0.062923 0.528722
vt 0.078932 0.547227
vt 0.061752 0.541304
vt 0.075583 0.673122
vt 0.059041 0.677471
vt 0.059796 0.662605
vt 0.076183 0.661270
vt 0.060061 0.646524
vt 0.076394 0.648447
vt 0.059796 0.631674
vt 0.076183 0.636605
vt 0.059041 0.620312
vt 0.075583 0.627548
vt 0.179684 0.823963
vt 0.163172 0.825810
vt 0.077425 0.558425
vt 0.060552 0.550234
vt 0.365264 0.694073
vt 0.382694 0.687128
vt 0.179351 0.835787
vt 0.162758 0.840639
vt 0.039445 0.746023
vt 0.056043 0.750515
vt 0.056362 0.761746
vt 0.039847 0.760111
vt 0.083180 0.708479
vt 0.065456 0.710095
vt 0.065052 0.698235
vt 0.082672 0.693602
vt 0.083180 0.724566
vt 0.065456 0.722920
vt 0.082672 0.739414
vt 0.065052 0.734756
vt 0.384425 0.565791
vt 0.366627 0.569194
vt 0.366627 0.559914
vt 0.384425 0.554150
vt 0.382861 0.596005
vt 0.365381 0.593281
vt 0.366168 0.581185
vt 0.383848 0.580833
vt 0.381390 0.611787
vt 0.364211 0.605864
vt 0.059796 0.600719
vt 0.076183 0.599383
vt 0.075583 0.611235
vt 0.059042 0.615584
vt 0.060061 0.584637
vt 0.076394 0.586560
vt 0.059796 0.569787
vt 0.076183 0.574718
vt 0.059042 0.558425
vt 0.075583 0.565661
vt 0.056371 0.775439
vt 0.039860 0.777287
vt 0.379883 0.622985
vt 0.363011 0.614794
vt 0.064304 0.689144
vt 0.081734 0.682199
vt 0.056039 0.787264
vt 0.039445 0.792116
vt 0.623028 -0.000000
vt 0.621175 0.016493
vt 0.601189 0.016798
vt 0.605900 0.000261
vt 0.507985 0.964461
vt 0.503574 0.946783
vt 0.524680 0.946329
vt 0.526073 0.964071
vt 0.547493 0.946616
vt 0.545624 0.964317
vt 0.568539 0.947601
vt 0.563660 0.965161
vt 0.090920 0.000000
vt 0.097840 0.017381
vt 0.081367 0.018465
vt 0.076802 0.000929
vt 0.058515 0.001432
vt 0.060028 0.019051
vt 0.038465 0.019068
vt 0.040035 0.001447
vt 0.015992 0.018461
vt 0.020774 0.000929
vt 0.118632 0.489307
vt 0.114012 0.472840
vt 0.135111 0.473561
vt 0.136716 0.489924
vt 0.157926 0.473561
vt 0.156272 0.489923
vt 0.178983 0.472840
vt 0.174321 0.489306
vt 0.195076 0.471507
vt 0.188113 0.488165
vt 0.643903 0.000263
vt 0.645533 0.016798
vt -0.000000 0.017374
vt 0.007065 0.000000
vt 0.494112 0.965426
vt 0.487387 0.947910
vt 0.661925 0.001010
vt 0.666559 0.017666
vt 0.764981 0.016798
vt 0.769691 0.000261
vt 0.786819 0.000000
vt 0.784967 0.016493
vt 0.867644 0.950174
vt 0.869034 0.967916
vt 0.850946 0.968304
vt 0.846537 0.950625
vt 0.890457 0.950464
vt 0.888585 0.968164
vt 0.911503 0.951451
vt 0.906621 0.969011
vt 0.276443 0.018465
vt 0.271878 0.000929
vt 0.285996 -0.000000
vt 0.292916 0.017381
vt 0.233541 0.019068
vt 0.235111 0.001447
vt 0.253590 0.001432
vt 0.255104 0.019051
vt 0.211068 0.018461
vt 0.215850 0.000929
vt 0.330187 0.469233
vt 0.331792 0.485596
vt 0.313708 0.484979
vt 0.309088 0.468512
vt 0.353002 0.469233
vt 0.351348 0.485595
vt 0.374058 0.468512
vt 0.369396 0.484978
vt 0.390151 0.467179
vt 0.383189 0.483837
vt 0.807695 0.000263
vt 0.809325 0.016798
vt 0.195076 0.017374
vt 0.202141 -0.000000
vt 0.837074 0.969267
vt 0.830350 0.951750
vt 0.825717 0.001010
vt 0.830350 0.017666
vt 0.132646 0.836172
vt 0.127033 0.822042
vt 0.134540 0.817293
vt 0.141360 0.834468
vt 0.279545 0.496321
vt 0.277558 0.510012
vt 0.277012 0.510014
vt 0.277012 0.496326
vt 0.278115 0.485258
vt 0.277324 0.485260
vt 0.115080 0.809708
vt 0.120014 0.802297
vt 0.132647 0.852332
vt 0.141360 0.854109
vt 0.292916 0.485258
vt 0.291434 0.494597
vt 0.292225 0.494581
vt 0.291434 0.485288
vt 0.126479 0.867223
vt 0.133864 0.872207
vt 0.361284 0.715024
vt 0.364531 0.703164
vt 0.115083 0.878577
vt 0.120014 0.886007
vt 0.360002 0.727849
vt 0.100193 0.884667
vt 0.101916 0.893408
vt 0.360880 0.739685
vt 0.084076 0.884565
vt 0.082328 0.893284
vt 0.062690 0.504539
vt 0.059041 0.495023
vt 0.069186 0.878286
vt 0.064231 0.885653
vt 0.064500 0.516677
vt 0.058346 0.867624
vt 0.051054 0.872696
vt 0.472006 0.497049
vt 0.473918 0.484955
vt 0.474710 0.484965
vt 0.474538 0.497080
vt 0.051625 0.851818
vt 0.042879 0.853485
vt 0.474164 0.509885
vt 0.474710 0.509892
vt 0.051628 0.835660
vt 0.042876 0.833843
vt 0.077890 0.673160
vt 0.074139 0.682190
vt 0.074684 0.682199
vt 0.057796 0.820773
vt 0.050370 0.815741
vt 0.082122 0.661367
vt 0.069190 0.809422
vt 0.064223 0.801937
vt 0.083608 0.648565
vt 0.084077 0.803333
vt 0.082324 0.794536
vt 0.082122 0.636703
vt 0.100190 0.803433
vt 0.101916 0.794662
vt 0.077890 0.627586
vt 0.179138 0.823963
vt 0.181661 0.835784
vt 0.684933 0.733672
vt 0.679320 0.719541
vt 0.686826 0.714792
vt 0.693646 0.731968
vt 0.484682 0.496018
vt 0.482696 0.509710
vt 0.482150 0.509711
vt 0.482150 0.496023
vt 0.483253 0.484955
vt 0.482462 0.484957
vt 0.667366 0.707207
vt 0.672300 0.699796
vt 0.684934 0.749832
vt 0.693646 0.751608
vt 0.481429 0.484955
vt 0.479946 0.494294
vt 0.480738 0.494278
vt 0.479946 0.484986
vt 0.678766 0.764722
vt 0.686151 0.769706
vt 0.060324 0.710095
vt 0.063571 0.698235
vt 0.667370 0.776076
vt 0.672300 0.783506
vt 0.059041 0.722920
vt 0.652480 0.782166
vt 0.654203 0.790907
vt 0.059919 0.734756
vt 0.636363 0.782064
vt 0.634615 0.790783
vt 0.365148 0.569098
vt 0.361500 0.559582
vt 0.621473 0.775786
vt 0.616517 0.783153
vt 0.366958 0.581236
vt 0.610633 0.765123
vt 0.603340 0.770195
vt 0.474710 0.497049
vt 0.476622 0.484955
vt 0.477414 0.484965
vt 0.477242 0.497080
vt 0.603911 0.749317
vt 0.595166 0.750985
vt 0.476868 0.509885
vt 0.477414 0.509892
vt 0.603914 0.733160
vt 0.595162 0.731342
vt 0.077890 0.611273
vt 0.074139 0.620303
vt 0.074684 0.620312
vt 0.610083 0.718273
vt 0.602657 0.713240
vt 0.082122 0.599481
vt 0.621477 0.706922
vt 0.616510 0.699437
vt 0.083608 0.586679
vt 0.636363 0.700832
vt 0.634611 0.692035
vt 0.082122 0.574816
vt 0.652477 0.700932
vt 0.654202 0.692162
vt 0.077890 0.565699
vt 0.055826 0.775440
vt 0.058348 0.787261
vt 0.821001 0.288605
vt 0.803745 0.287893
vt 0.368203 0.197635
vt 0.381410 0.196541
vt 0.350921 0.198227
vt 0.332197 0.198227
vt 0.314881 0.197635
vt 0.292916 0.467179
vt 0.301609 0.196541
vt 0.235836 0.288828
vt 0.217393 0.288330
vt 0.253533 0.288814
vt 0.271046 0.288333
vt 0.284566 0.287443
vt 0.891820 0.681147
vt 0.909092 0.681958
vt 0.873097 0.680909
vt 0.855775 0.681280
vt 0.748413 0.017666
vt 0.767352 0.287893
vt 0.753755 0.288605
vt 0.783755 0.287642
vt 0.657179 0.291098
vt 0.639924 0.290386
vt 0.173127 0.199473
vt 0.186334 0.198379
vt 0.155845 0.200064
vt 0.137121 0.200064
vt 0.119805 0.199472
vt 0.097840 0.471507
vt 0.106533 0.198379
vt 0.040763 0.291321
vt 0.022320 0.290823
vt 0.058460 0.291307
vt 0.075973 0.290826
vt 0.089493 0.289937
vt 0.548855 0.674809
vt 0.566128 0.675618
vt 0.530133 0.674574
vt 0.512811 0.674946
vt 0.584622 0.017666
vt 0.603530 0.290386
vt 0.589933 0.291098
vt 0.619933 0.290135
vt 0.617614 0.481588
vt 0.637604 0.481838
vt 0.636908 0.489022
vt 0.618085 0.488786
vt 0.124005 0.912003
vt 0.131373 0.929326
vt 0.124362 0.930757
vt 0.118098 0.916029
vt 0.601211 0.481838
vt 0.602731 0.489021
vt 0.112194 0.900388
vt 0.108235 0.906329
vt 0.587614 0.482551
vt 0.589954 0.489691
vt 0.095908 0.893520
vt 0.094469 0.900524
vt 0.532544 0.483330
vt 0.515222 0.483703
vt 0.516958 0.476937
vt 0.533210 0.476587
vt 0.078307 0.893408
vt 0.079665 0.900430
vt 0.551266 0.483566
vt 0.550771 0.476809
vt 0.062052 0.900055
vt 0.066007 0.906016
vt 0.568539 0.484374
vt 0.566971 0.477567
vt 0.049611 0.912450
vt 0.055554 0.916430
vt 0.076187 0.482296
vt 0.089707 0.481406
vt 0.087283 0.488291
vt 0.074598 0.489126
vt 0.042876 0.928711
vt 0.049889 0.930108
vt 0.058674 0.482777
vt 0.058140 0.489578
vt 0.042876 0.946387
vt 0.049889 0.945047
vt 0.040977 0.482791
vt 0.041575 0.489591
vt 0.048990 0.961783
vt 0.054995 0.957904
vt 0.022534 0.482292
vt 0.024209 0.489122
vt 0.062088 0.975303
vt 0.066131 0.969398
vt 0.119803 0.008216
vt 0.106531 0.007122
vt 0.109006 0.000000
vt 0.121453 0.001026
vt 0.078341 0.982156
vt 0.079782 0.975155
vt 0.137119 0.008808
vt 0.137700 0.001581
vt 0.095942 0.982268
vt 0.094586 0.975249
vt 0.155843 0.008808
vt 0.155262 0.001581
vt 0.112197 0.975621
vt 0.108244 0.969663
vt 0.173124 0.008216
vt 0.171470 0.001026
vt 0.124638 0.963226
vt 0.118697 0.959249
vt 0.186332 0.007123
vt 0.183862 0.000000
vt 0.131373 0.946965
vt 0.124362 0.945571
vt 0.654860 0.482551
vt 0.653090 0.489691
vt 0.765055 0.477506
vt 0.781458 0.477255
vt 0.781929 0.484454
vt 0.766575 0.484688
vt 0.664481 0.896759
vt 0.676291 0.908375
vt 0.670384 0.912401
vt 0.660521 0.902701
vt 0.801448 0.477506
vt 0.800752 0.484690
vt 0.683660 0.925698
vt 0.676649 0.927128
vt 0.751458 0.478219
vt 0.753798 0.485358
vt 0.648194 0.889892
vt 0.646756 0.896896
vt 0.875508 0.491504
vt 0.858185 0.491874
vt 0.859922 0.485109
vt 0.876175 0.484761
vt 0.630594 0.889780
vt 0.631952 0.896802
vt 0.894230 0.491741
vt 0.893735 0.484984
vt 0.614339 0.896428
vt 0.618294 0.902388
vt 0.911503 0.492552
vt 0.909935 0.485744
vt 0.601898 0.908823
vt 0.607841 0.912802
vt 0.271258 0.477963
vt 0.284778 0.477073
vt 0.282354 0.483958
vt 0.269669 0.484793
vt 0.595162 0.925084
vt 0.602175 0.926480
vt 0.253745 0.478444
vt 0.253211 0.485245
vt 0.595162 0.942759
vt 0.602175 0.941419
vt 0.236048 0.478458
vt 0.236646 0.485258
vt 0.601277 0.958155
vt 0.607281 0.954276
vt 0.217605 0.477959
vt 0.219280 0.484789
vt 0.614375 0.971675
vt 0.618417 0.965770
vt 0.314878 0.008216
vt 0.301606 0.007122
vt 0.304082 0.000000
vt 0.316529 0.001026
vt 0.630628 0.978528
vt 0.632068 0.971527
vt 0.332195 0.008808
vt 0.332776 0.001581
vt 0.648228 0.978640
vt 0.646872 0.971621
vt 0.350919 0.008808
vt 0.350337 0.001581
vt 0.664483 0.971992
vt 0.660530 0.966035
vt 0.368200 0.008216
vt 0.366546 0.001026
vt 0.676924 0.959597
vt 0.670983 0.955621
vt 0.381408 0.007123
vt 0.378938 0.000000
vt 0.683660 0.943336
vt 0.676649 0.941943
vt 0.818704 0.478219
vt 0.816934 0.485358
vt 0.116173 0.917340
vt 0.106936 0.908277
vt 0.122091 0.931219
vt 0.122080 0.945117
vt 0.094001 0.902804
vt 0.080106 0.902713
vt 0.067293 0.907952
vt 0.057486 0.917724
vt 0.052171 0.930562
vt 0.052189 0.944607
vt 0.056950 0.956640
vt 0.067440 0.967486
vt 0.080250 0.972875
vt 0.094144 0.972966
vt 0.106958 0.967727
vt 0.116765 0.957955
vt 0.659222 0.904649
vt 0.646287 0.899176
vt 0.668460 0.913712
vt 0.674378 0.927591
vt 0.674366 0.941489
vt 0.632393 0.899085
vt 0.619579 0.904324
vt 0.609773 0.914096
vt 0.604458 0.926934
vt 0.604475 0.940979
vt 0.609237 0.953012
vt 0.619726 0.963858
vt 0.632537 0.969247
vt 0.646431 0.969338
vt 0.659245 0.964098
vt 0.669051 0.954327
vt 0.680895 0.489696
vt 0.693646 0.490069
vt 0.693646 0.590749
vt 0.680895 0.590376
vt 0.059041 0.690730
vt 0.049260 0.691540
vt 0.049260 0.590971
vt 0.059041 0.590160
vt 0.036484 0.691978
vt 0.036484 0.591408
vt 0.022640 0.691978
vt 0.022640 0.591408
vt 0.009815 0.691539
vt 0.009815 0.590969
vt 0.000000 0.690731
vt 0.000000 0.590162
vt 0.693646 0.490288
vt 0.707570 0.490679
vt 0.707570 0.591361
vt 0.693646 0.590970
vt 0.720511 0.490682
vt 0.720511 0.591363
vt 0.733596 0.490338
vt 0.733596 0.591020
vt 0.743612 0.489691
vt 0.743612 0.590373
vt 0.039445 0.893556
vt 0.026669 0.893120
vt 0.026669 0.792549
vt 0.039445 0.792985
vt 0.012825 0.893120
vt 0.012825 0.792549
vt 0.000000 0.893558
vt 0.000000 0.792987
vt 0.643663 0.490674
vt 0.653822 0.490020
vt 0.653822 0.590701
vt 0.643663 0.591354
vt 0.665807 0.489691
vt 0.665807 0.590371
vt 0.128609 0.594036
vt 0.141360 0.594409
vt 0.141360 0.694170
vt 0.128609 0.693796
vt 0.643663 0.688993
vt 0.633882 0.689803
vt 0.633882 0.590152
vt 0.643663 0.589342
vt 0.621106 0.690240
vt 0.621106 0.590589
vt 0.607262 0.690240
vt 0.607262 0.590589
vt 0.594437 0.689801
vt 0.594437 0.590150
vt 0.584622 0.688993
vt 0.584622 0.589342
vt 0.141360 0.594628
vt 0.155284 0.595019
vt 0.155284 0.694781
vt 0.141360 0.694390
vt 0.168225 0.595022
vt 0.168225 0.694784
vt 0.181309 0.594678
vt 0.181309 0.694440
vt 0.191326 0.594031
vt 0.191326 0.693792
vt 0.733092 0.891786
vt 0.720315 0.891349
vt 0.720315 0.791697
vt 0.733092 0.792134
vt 0.706472 0.891350
vt 0.706472 0.791698
vt 0.693646 0.891788
vt 0.693646 0.792136
vt 0.091377 0.595014
vt 0.101535 0.594360
vt 0.101535 0.694121
vt 0.091377 0.694775
vt 0.113520 0.594031
vt 0.113520 0.693792
s 1
f 1218/1/1 1/2/1 50/3/1 51/4/1
f 1254/5/2 24/6/2 23/7/2 22/8/2
f 62/9/3 118/10/4 120/11/5 63/12/6
f 63/13/7 120/14/8 119/15/9 61/16/10
f 61/16/10 64/17/11 66/18/12 63/13/7
f 63/12/6 66/19/13 65/20/14 62/9/3
f 64/17/11 67/21/15 69/22/16 66/18/12
f 66/19/13 69/23/17 68/24/18 65/20/14
f 67/21/15 70/25/19 72/26/20 69/22/16
f 69/23/17 72/27/21 71/28/22 68/24/18
f 70/29/19 73/30/23 75/31/24 72/32/20
f 72/27/21 75/33/25 74/34/26 71/28/22
f 73/30/23 76/35/27 78/36/28 75/31/24
f 75/33/25 78/37/29 77/38/30 74/34/26
f 76/35/27 79/39/31 81/40/32 78/36/28
f 78/37/29 81/41/33 80/42/34 77/38/30
f 79/39/31 82/43/35 84/44/36 81/40/32
f 81/41/33 84/45/37 83/46/38 80/42/34
f 82/43/35 85/47/39 87/48/40 84/44/36
f 84/45/37 87/49/41 86/50/42 83/46/38
f 962/51/43 976/52/44 975/53/45 961/54/46
f 88/55/47 91/56/48 93/57/49 90/58/50
f 90/59/51 93/60/52 92/61/53 89/62/54
f 91/56/48 94/63/55 96/64/56 93/57/49
f 93/60/52 96/65/57 95/66/58 92/61/53
f 949/67/59 965/68/60 964/69/61 948/70/62
f 94/63/55 97/71/63 99/72/64 96/64/56
f 97/71/63 100/73/65 102/32/66 99/72/64
f 99/74/67 102/75/68 101/76/69 98/77/70
f 100/78/65 103/79/71 105/80/72 102/48/66
f 102/75/68 105/81/73 104/82/74 101/76/69
f 103/79/71 106/83/75 108/84/76 105/80/72
f 105/81/73 108/85/77 107/86/78 104/82/74
f 106/83/75 109/87/79 111/88/80 108/84/76
f 108/85/77 111/89/81 110/90/82 107/86/78
f 109/87/79 112/91/83 114/92/84 111/88/80
f 111/89/81 114/93/85 113/94/86 110/90/82
f 112/91/83 115/95/87 117/96/88 114/92/84
f 114/93/85 117/97/89 116/98/90 113/94/86
f 115/99/87 119/15/9 120/14/8 117/96/88
f 117/97/89 120/11/5 118/10/4 116/98/90
f 122/100/91 178/101/92 180/102/93 123/103/94
f 123/104/95 180/105/96 179/106/97 121/107/98
f 121/107/98 124/108/99 126/109/100 123/104/95
f 123/103/94 126/110/101 125/111/102 122/100/91
f 124/108/99 127/112/103 129/113/104 126/109/100
f 126/110/101 129/114/105 128/115/106 125/111/102
f 127/112/103 130/116/107 132/117/108 129/113/104
f 129/114/105 132/118/109 131/119/110 128/115/106
f 130/116/107 133/120/111 135/121/112 132/117/108
f 132/122/109 135/123/113 134/124/114 131/125/110
f 133/120/111 136/126/115 138/127/116 135/121/112
f 135/123/113 138/128/117 137/129/118 134/124/114
f 136/126/115 139/130/119 141/131/120 138/127/116
f 138/128/117 141/132/121 140/133/122 137/129/118
f 139/130/119 142/134/123 144/135/124 141/131/120
f 141/132/121 144/136/125 143/137/126 140/133/122
f 142/134/123 145/138/127 147/139/128 144/135/124
f 144/136/125 147/140/129 146/141/130 143/137/126
f 85/142/39 88/55/47 90/58/50 87/143/40
f 87/49/41 90/59/51 89/62/54 86/50/42
f 148/144/131 151/145/132 153/146/133 150/147/134
f 150/148/135 153/149/136 152/150/137 149/151/138
f 151/145/132 154/152/139 156/153/140 153/146/133
f 153/149/136 156/154/141 155/155/142 152/150/137
f 96/65/57 99/74/67 98/77/70 95/66/58
f 154/152/139 157/156/143 159/157/144 156/153/140
f 157/156/143 160/158/145 162/159/146 159/157/144
f 159/160/147 162/161/148 161/162/149 158/163/150
f 160/158/145 163/164/151 165/165/152 162/159/146
f 162/166/148 165/167/153 164/168/154 161/169/149
f 163/164/151 166/170/155 168/171/156 165/165/152
f 165/167/153 168/172/157 167/173/158 164/168/154
f 166/170/155 169/174/159 171/175/160 168/171/156
f 168/172/157 171/176/161 170/177/162 167/173/158
f 169/174/159 172/178/163 174/179/164 171/175/160
f 171/176/161 174/180/165 173/181/166 170/177/162
f 172/178/163 175/182/167 177/183/168 174/179/164
f 174/180/165 177/184/169 176/185/170 173/181/166
f 175/182/167 179/106/97 180/105/96 177/183/168
f 177/186/169 180/102/93 178/101/92 176/187/170
f 795/188/171 76/35/27 73/30/23 796/189/172
f 794/190/173 79/39/31 76/35/27 795/188/171
f 793/191/174 82/43/35 79/39/31 794/190/173
f 792/192/175 85/47/39 82/43/35 793/191/174
f 145/138/127 148/144/131 150/147/134 147/139/128
f 790/193/176 91/56/48 88/55/47 791/194/177
f 789/195/178 94/63/55 91/56/48 790/193/176
f 156/154/141 159/160/147 158/163/150 155/155/142
f 785/196/179 100/73/65 97/71/63 788/197/180
f 784/198/181 103/79/71 100/78/65 785/199/179
f 783/200/182 106/83/75 103/79/71 784/198/181
f 782/201/183 109/87/79 106/83/75 783/200/182
f 182/202/184 238/203/185 240/204/186 183/205/187
f 183/206/188 240/207/189 239/208/190 181/209/191
f 181/209/191 184/210/192 186/211/193 183/206/188
f 183/205/187 186/212/194 185/213/195 182/202/184
f 184/210/192 187/214/196 189/215/197 186/211/193
f 186/212/194 189/216/198 188/217/199 185/213/195
f 187/214/196 190/218/200 192/219/201 189/215/197
f 189/216/198 192/220/202 191/221/203 188/217/199
f 190/218/200 193/222/204 195/223/205 192/219/201
f 192/224/202 195/225/206 194/226/207 191/227/203
f 193/222/204 196/228/208 198/229/209 195/223/205
f 195/225/206 198/230/210 197/231/211 194/226/207
f 196/228/208 199/232/212 201/233/213 198/229/209
f 198/230/210 201/234/214 200/235/215 197/231/211
f 199/232/212 202/236/216 204/237/217 201/233/213
f 201/234/214 204/238/218 203/239/219 200/235/215
f 202/236/216 205/240/220 207/241/221 204/237/217
f 204/238/218 207/242/222 206/243/223 203/239/219
f 147/244/129 150/148/135 149/151/138 146/245/130
f 791/194/177 88/55/47 85/142/39 792/246/175
f 208/247/224 211/248/225 213/249/226 210/250/227
f 210/251/228 213/252/229 212/253/230 209/254/231
f 211/248/225 214/255/232 216/256/233 213/249/226
f 213/252/229 216/257/234 215/258/235 212/253/230
f 788/197/180 97/71/63 94/63/55 789/195/178
f 214/255/232 217/259/236 219/260/237 216/256/233
f 217/259/236 220/261/238 222/262/239 219/260/237
f 219/263/240 222/264/241 221/265/242 218/266/243
f 220/261/238 223/267/244 225/268/245 222/262/239
f 222/269/241 225/270/246 224/271/247 221/272/242
f 223/267/244 226/273/248 228/274/249 225/268/245
f 225/270/246 228/275/250 227/276/251 224/271/247
f 226/273/248 229/277/252 231/278/253 228/274/249
f 228/275/250 231/279/254 230/280/255 227/276/251
f 229/277/252 232/281/256 234/282/257 231/278/253
f 231/279/254 234/283/258 233/284/259 230/280/255
f 232/281/256 235/285/260 237/286/261 234/282/257
f 234/283/258 237/287/262 236/288/263 233/284/259
f 235/285/260 239/208/190 240/207/189 237/286/261
f 237/289/262 240/204/186 238/203/185 236/290/263
f 242/291/264 298/292/265 300/293/266 243/294/267
f 243/295/268 300/296/269 299/297/270 241/298/271
f 241/298/271 244/299/272 246/300/273 243/295/268
f 243/294/267 246/301/274 245/302/275 242/291/264
f 244/299/272 247/303/276 249/304/277 246/300/273
f 246/301/274 249/305/278 248/306/279 245/302/275
f 247/303/276 250/307/280 252/308/281 249/304/277
f 249/305/278 252/309/282 251/310/283 248/306/279
f 250/311/280 253/312/284 255/313/285 252/314/281
f 252/309/282 255/315/286 254/316/287 251/310/283
f 253/312/284 256/317/288 258/318/289 255/313/285
f 255/315/286 258/319/290 257/320/291 254/316/287
f 256/317/288 259/321/292 261/322/293 258/318/289
f 258/319/290 261/323/294 260/324/295 257/320/291
f 259/321/292 262/325/296 264/326/297 261/322/293
f 261/323/294 264/327/298 263/328/299 260/324/295
f 262/325/296 265/329/300 267/330/301 264/326/297
f 264/327/298 267/331/302 266/332/303 263/328/299
f 205/240/220 208/247/224 210/250/227 207/241/221
f 207/333/222 210/251/228 209/254/231 206/334/223
f 268/335/304 271/336/305 273/337/306 270/338/307
f 270/339/308 273/340/309 272/341/310 269/342/311
f 271/336/305 274/343/312 276/344/313 273/337/306
f 273/340/309 276/345/314 275/346/315 272/341/310
f 216/257/234 219/263/240 218/266/243 215/258/235
f 274/343/312 277/347/316 279/348/317 276/344/313
f 277/347/316 280/349/318 282/350/319 279/348/317
f 279/351/320 282/352/321 281/353/322 278/354/323
f 280/355/318 283/356/324 285/357/325 282/358/319
f 282/352/321 285/359/326 284/360/327 281/353/322
f 283/356/324 286/361/328 288/362/329 285/357/325
f 285/359/326 288/363/330 287/364/331 284/360/327
f 286/361/328 289/365/332 291/366/333 288/362/329
f 288/363/330 291/367/334 290/368/335 287/364/331
f 289/365/332 292/369/336 294/370/337 291/366/333
f 291/367/334 294/371/338 293/372/339 290/368/335
f 292/369/336 295/373/340 297/374/341 294/370/337
f 294/371/338 297/375/342 296/376/343 293/372/339
f 295/377/340 299/297/270 300/296/269 297/378/341
f 297/375/342 300/293/266 298/292/265 296/376/343
f 62/9/3 181/209/191 239/208/190 118/10/4
f 185/213/195 244/299/272 241/298/271 182/202/184
f 182/202/184 241/298/271 299/297/270 238/203/185
f 65/20/14 184/210/192 181/209/191 62/9/3
f 188/217/199 247/303/276 244/299/272 185/213/195
f 68/24/18 187/214/196 184/210/192 65/20/14
f 191/221/203 250/307/280 247/303/276 188/217/199
f 71/28/22 190/218/200 187/214/196 68/24/18
f 194/226/207 253/312/284 250/311/280 191/227/203
f 74/34/26 193/222/204 190/218/200 71/28/22
f 197/231/211 256/317/288 253/312/284 194/226/207
f 77/38/30 196/228/208 193/222/204 74/34/26
f 200/235/215 259/321/292 256/317/288 197/231/211
f 80/42/34 199/232/212 196/228/208 77/38/30
f 203/239/219 262/325/296 259/321/292 200/235/215
f 83/46/38 202/236/216 199/232/212 80/42/34
f 206/243/223 265/329/300 262/325/296 203/239/219
f 86/50/42 205/240/220 202/236/216 83/46/38
f 265/379/300 268/335/304 270/338/307 267/380/301
f 267/331/302 270/339/308 269/342/311 266/332/303
f 212/253/230 271/336/305 268/335/304 209/254/231
f 92/61/53 211/248/225 208/247/224 89/62/54
f 215/258/235 274/343/312 271/336/305 212/253/230
f 95/66/58 214/255/232 211/248/225 92/61/53
f 276/345/314 279/351/320 278/354/323 275/346/315
f 218/266/243 277/347/316 274/343/312 215/258/235
f 221/265/242 280/349/318 277/347/316 218/266/243
f 101/76/69 220/261/238 217/259/236 98/77/70
f 224/271/247 283/356/324 280/355/318 221/272/242
f 104/82/74 223/267/244 220/261/238 101/76/69
f 227/276/251 286/361/328 283/356/324 224/271/247
f 107/86/78 226/273/248 223/267/244 104/82/74
f 230/280/255 289/365/332 286/361/328 227/276/251
f 110/90/82 229/277/252 226/273/248 107/86/78
f 233/284/259 292/369/336 289/365/332 230/280/255
f 113/94/86 232/281/256 229/277/252 110/90/82
f 236/288/263 295/373/340 292/369/336 233/284/259
f 116/98/90 235/285/260 232/281/256 113/94/86
f 238/203/185 299/297/270 295/377/340 236/290/263
f 118/10/4 239/208/190 235/285/260 116/98/90
f 245/302/275 124/108/99 121/107/98 242/291/264
f 242/291/264 121/107/98 179/106/97 298/292/265
f 248/306/279 127/112/103 124/108/99 245/302/275
f 251/310/283 130/116/107 127/112/103 248/306/279
f 254/316/287 133/120/111 130/116/107 251/310/283
f 257/320/291 136/126/115 133/120/111 254/316/287
f 260/324/295 139/130/119 136/126/115 257/320/291
f 263/328/299 142/134/123 139/130/119 260/324/295
f 266/332/303 145/138/127 142/134/123 263/328/299
f 209/254/231 268/335/304 265/379/300 206/334/223
f 272/341/310 151/145/132 148/144/131 269/342/311
f 275/346/315 154/152/139 151/145/132 272/341/310
f 98/77/70 217/259/236 214/255/232 95/66/58
f 281/353/322 160/158/145 157/156/143 278/354/323
f 284/360/327 163/164/151 160/158/145 281/353/322
f 287/364/331 166/170/155 163/164/151 284/360/327
f 290/368/335 169/174/159 166/170/155 287/364/331
f 293/372/339 172/178/163 169/174/159 290/368/335
f 296/376/343 175/182/167 172/178/163 293/372/339
f 298/292/265 179/106/97 175/182/167 296/376/343
f 302/381/344 358/382/345 360/383/346 303/384/347
f 303/385/348 360/386/349 359/387/350 301/388/351
f 301/388/351 304/389/352 306/390/353 303/385/348
f 303/384/347 306/391/354 305/392/355 302/381/344
f 304/389/352 307/393/356 309/394/357 306/390/353
f 306/391/354 309/395/358 308/396/359 305/392/355
f 307/393/356 310/397/360 312/398/361 309/394/357
f 309/395/358 312/399/362 311/400/363 308/396/359
f 310/401/360 313/402/364 315/403/365 312/404/361
f 312/399/362 315/405/366 314/406/367 311/400/363
f 313/402/364 316/407/368 318/408/369 315/403/365
f 315/405/366 318/409/370 317/410/371 314/406/367
f 316/407/368 319/411/372 321/412/373 318/408/369
f 318/409/370 321/413/374 320/414/375 317/410/371
f 319/411/372 322/415/376 324/416/377 321/412/373
f 321/413/374 324/417/378 323/418/379 320/414/375
f 322/415/376 325/419/380 327/420/381 324/416/377
f 324/417/378 327/421/382 326/422/383 323/418/379
f 89/62/54 208/247/224 205/240/220 86/50/42
f 269/342/311 148/144/131 145/138/127 266/332/303
f 328/423/384 331/424/385 333/425/386 330/426/387
f 330/427/388 333/428/389 332/429/390 329/430/391
f 331/424/385 334/431/392 336/432/393 333/425/386
f 333/428/389 336/433/394 335/434/395 332/429/390
f 278/354/323 157/156/143 154/152/139 275/346/315
f 334/431/392 337/435/396 339/436/397 336/432/393
f 337/435/396 340/437/398 342/438/399 339/436/397
f 339/439/400 342/440/401 341/441/402 338/442/403
f 340/443/398 343/444/404 345/445/405 342/446/399
f 342/440/401 345/447/406 344/448/407 341/441/402
f 343/444/404 346/449/408 348/450/409 345/445/405
f 345/447/406 348/451/410 347/452/411 344/448/407
f 346/449/408 349/453/412 351/454/413 348/450/409
f 348/451/410 351/455/414 350/456/415 347/452/411
f 349/453/412 352/457/416 354/458/417 351/454/413
f 351/455/414 354/459/418 353/460/419 350/456/415
f 352/457/416 355/461/420 357/462/421 354/458/417
f 354/459/418 357/463/422 356/464/423 353/460/419
f 355/465/420 359/387/350 360/386/349 357/466/421
f 357/463/422 360/383/346 358/382/345 356/464/423
f 122/100/91 301/388/351 359/387/350 178/101/92
f 125/111/102 304/389/352 301/388/351 122/100/91
f 128/115/106 307/393/356 304/389/352 125/111/102
f 131/119/110 310/397/360 307/393/356 128/115/106
f 134/124/114 313/402/364 310/401/360 131/125/110
f 137/129/118 316/407/368 313/402/364 134/124/114
f 140/133/122 319/411/372 316/407/368 137/129/118
f 143/137/126 322/415/376 319/411/372 140/133/122
f 146/141/130 325/419/380 322/415/376 143/137/126
f 325/467/380 328/423/384 330/426/387 327/468/381
f 152/150/137 331/424/385 328/423/384 149/151/138
f 155/155/142 334/431/392 331/424/385 152/150/137
f 336/433/394 339/439/400 338/442/403 335/434/395
f 161/162/149 340/437/398 337/435/396 158/163/150
f 164/168/154 343/444/404 340/443/398 161/169/149
f 167/173/158 346/449/408 343/444/404 164/168/154
f 170/177/162 349/453/412 346/449/408 167/173/158
f 173/181/166 352/457/416 349/453/412 170/177/162
f 176/185/170 355/461/420 352/457/416 173/181/166
f 178/101/92 359/387/350 355/465/420 176/187/170
f 362/469/424 418/470/425 420/471/426 363/472/427
f 363/473/428 420/474/429 419/475/430 361/476/431
f 361/476/431 364/477/432 366/478/433 363/473/428
f 363/472/427 366/479/434 365/480/435 362/469/424
f 364/477/432 367/481/436 369/482/437 366/478/433
f 366/479/434 369/483/438 368/484/439 365/480/435
f 367/481/436 370/485/440 372/486/441 369/482/437
f 369/483/438 372/487/442 371/488/443 368/484/439
f 370/485/440 373/489/444 375/490/445 372/486/441
f 372/491/442 375/492/446 374/493/447 371/494/443
f 373/489/444 376/495/448 378/496/449 375/490/445
f 375/492/446 378/497/450 377/498/451 374/493/447
f 376/495/448 379/499/452 381/500/453 378/496/449
f 378/497/450 381/501/454 380/502/455 377/498/451
f 379/499/452 382/503/456 384/504/457 381/500/453
f 381/501/454 384/505/458 383/506/459 380/502/455
f 382/503/456 385/507/460 387/508/461 384/504/457
f 384/505/458 387/509/462 386/510/463 383/506/459
f 327/421/382 330/427/388 329/430/391 326/422/383
f 149/151/138 328/423/384 325/467/380 146/245/130
f 388/511/464 391/512/465 393/513/466 390/514/467
f 390/515/468 393/516/469 392/517/470 389/518/471
f 391/512/465 394/519/472 396/520/473 393/513/466
f 393/516/469 396/521/474 395/522/475 392/517/470
f 158/163/150 337/435/396 334/431/392 155/155/142
f 394/519/472 397/523/476 399/524/477 396/520/473
f 397/523/476 400/525/478 402/526/479 399/524/477
f 399/527/480 402/528/481 401/529/482 398/530/483
f 400/525/478 403/531/484 405/532/485 402/526/479
f 402/533/481 405/534/486 404/535/487 401/536/482
f 403/531/484 406/537/488 408/538/489 405/532/485
f 405/534/486 408/539/490 407/540/491 404/535/487
f 406/537/488 409/541/492 411/542/493 408/538/489
f 408/539/490 411/543/494 410/544/495 407/540/491
f 409/541/492 412/545/496 414/546/497 411/542/493
f 411/543/494 414/547/498 413/548/499 410/544/495
f 412/545/496 415/549/500 417/550/501 414/546/497
f 414/547/498 417/551/502 416/552/503 413/548/499
f 415/549/500 419/475/430 420/474/429 417/550/501
f 417/553/502 420/471/426 418/470/425 416/554/503
f 422/555/504 478/556/505 480/557/506 423/558/507
f 423/558/507 480/557/506 479/559/508 421/560/509
f 421/560/509 424/561/510 426/562/511 423/558/507
f 423/558/507 426/562/511 425/563/512 422/555/504
f 424/561/510 427/564/513 429/565/514 426/562/511
f 426/562/511 429/565/514 428/566/515 425/563/512
f 427/564/513 430/567/516 432/568/517 429/565/514
f 429/569/514 432/570/517 431/571/518 428/572/515
f 430/573/516 433/574/519 435/575/520 432/576/517
f 432/570/517 435/577/520 434/578/521 431/571/518
f 433/574/519 436/579/522 438/580/523 435/575/520
f 435/575/520 438/580/523 437/581/524 434/582/521
f 436/579/522 439/583/525 441/584/526 438/580/523
f 438/580/523 441/584/526 440/585/527 437/581/524
f 439/583/525 442/586/528 444/587/529 441/584/526
f 441/584/526 444/587/529 443/588/530 440/585/527
f 442/586/528 445/589/531 447/590/532 444/587/529
f 444/591/529 447/592/532 446/593/533 443/594/530
f 385/507/460 388/511/464 390/514/467 387/508/461
f 387/595/462 390/515/468 389/518/471 386/596/463
f 448/597/534 451/598/535 453/599/536 450/600/537
f 450/600/537 453/599/536 452/601/538 449/602/539
f 451/598/535 454/603/540 456/604/541 453/599/536
f 453/599/536 456/604/541 455/605/542 452/601/538
f 396/521/474 399/527/480 398/530/483 395/522/475
f 454/603/540 457/606/543 459/607/544 456/604/541
f 457/606/543 460/608/545 462/609/546 459/607/544
f 459/607/544 462/609/546 461/610/547 458/611/548
f 460/612/545 463/613/549 465/614/550 462/615/546
f 462/616/546 465/617/550 464/618/551 461/619/547
f 463/613/549 466/620/552 468/621/553 465/614/550
f 465/614/550 468/621/553 467/622/554 464/623/551
f 466/620/552 469/624/555 471/625/556 468/621/553
f 468/621/553 471/625/556 470/626/557 467/622/554
f 469/624/555 472/627/558 474/628/559 471/625/556
f 471/625/556 474/628/559 473/629/560 470/626/557
f 472/627/558 475/630/561 477/631/562 474/628/559
f 474/632/559 477/633/562 476/634/563 473/635/560
f 475/636/561 479/559/508 480/557/506 477/637/562
f 477/633/562 480/638/506 478/639/505 476/634/563
f 302/381/344 361/476/431 419/475/430 358/382/345
f 365/480/435 424/561/510 421/560/509 362/469/424
f 362/469/424 421/560/509 479/559/508 418/470/425
f 305/392/355 364/477/432 361/476/431 302/381/344
f 368/484/439 427/564/513 424/561/510 365/480/435
f 308/396/359 367/481/436 364/477/432 305/392/355
f 371/488/443 430/567/516 427/564/513 368/484/439
f 311/400/363 370/485/440 367/481/436 308/396/359
f 374/493/447 433/574/519 430/573/516 371/494/443
f 314/406/367 373/489/444 370/485/440 311/400/363
f 377/498/451 436/579/522 433/574/519 374/493/447
f 317/410/371 376/495/448 373/489/444 314/406/367
f 380/502/455 439/583/525 436/579/522 377/498/451
f 320/414/375 379/499/452 376/495/448 317/410/371
f 383/506/459 442/586/528 439/583/525 380/502/455
f 323/418/379 382/503/456 379/499/452 320/414/375
f 386/510/463 445/589/531 442/586/528 383/506/459
f 326/422/383 385/507/460 382/503/456 323/418/379
f 445/640/531 448/597/534 450/600/537 447/641/532
f 447/592/532 450/642/537 449/643/539 446/593/533
f 392/517/470 451/598/535 448/597/534 389/518/471
f 332/429/390 391/512/465 388/511/464 329/430/391
f 395/522/475 454/603/540 451/598/535 392/517/470
f 335/434/395 394/519/472 391/512/465 332/429/390
f 456/604/541 459/607/544 458/611/548 455/605/542
f 398/530/483 457/606/543 454/603/540 395/522/475
f 401/529/482 460/608/545 457/606/543 398/530/483
f 341/441/402 400/525/478 397/523/476 338/442/403
f 404/535/487 463/613/549 460/612/545 401/536/482
f 344/448/407 403/531/484 400/525/478 341/441/402
f 407/540/491 466/620/552 463/613/549 404/535/487
f 347/452/411 406/537/488 403/531/484 344/448/407
f 410/544/495 469/624/555 466/620/552 407/540/491
f 350/456/415 409/541/492 406/537/488 347/452/411
f 413/548/499 472/627/558 469/624/555 410/544/495
f 353/460/419 412/545/496 409/541/492 350/456/415
f 416/552/503 475/630/561 472/627/558 413/548/499
f 356/464/423 415/549/500 412/545/496 353/460/419
f 418/470/425 479/559/508 475/636/561 416/554/503
f 358/382/345 419/475/430 415/549/500 356/464/423
f 482/644/564 519/645/565 520/646/566 481/647/567
f 481/647/567 483/648/568 484/649/569 482/644/564
f 483/648/568 485/650/570 486/651/571 484/649/569
f 485/650/570 487/652/572 488/653/573 486/651/571
f 487/652/572 489/654/574 490/655/575 488/653/573
f 489/654/574 491/656/576 492/657/577 490/655/575
f 491/656/576 493/658/578 494/659/579 492/657/577
f 493/658/578 495/660/580 496/661/581 494/659/579
f 495/660/580 497/662/582 498/663/583 496/661/581
f 389/518/471 448/597/534 445/640/531 386/596/463
f 499/664/584 501/665/585 502/666/586 500/667/587
f 501/665/585 503/668/588 504/669/589 502/666/586
f 338/442/403 397/523/476 394/519/472 335/434/395
f 505/670/590 507/671/591 508/672/592 506/673/593
f 507/671/591 509/674/594 510/675/595 508/672/592
f 509/674/594 511/676/596 512/677/597 510/675/595
f 511/676/596 513/678/598 514/679/599 512/677/597
f 513/678/598 515/680/600 516/681/601 514/679/599
f 515/680/600 517/682/602 518/683/603 516/681/601
f 517/682/602 520/646/566 519/645/565 518/683/603
f 522/684/604 559/685/605 560/686/606 521/687/607
f 521/687/607 523/688/608 524/689/609 522/684/604
f 523/688/608 525/690/610 526/691/611 524/689/609
f 525/690/610 527/692/612 528/693/613 526/691/611
f 527/694/612 529/695/614 530/696/615 528/697/613
f 529/695/614 531/698/616 532/699/617 530/696/615
f 531/698/616 533/700/618 534/701/619 532/699/617
f 533/700/618 535/702/620 536/703/621 534/701/619
f 535/702/620 537/704/622 538/705/623 536/703/621
f 329/430/391 388/511/464 385/507/460 326/422/383
f 539/706/624 541/707/625 542/708/626 540/709/627
f 541/707/625 543/710/628 544/711/629 542/708/626
f 503/668/588 505/670/590 506/673/593 504/669/589
f 545/712/630 547/713/631 548/714/632 546/715/633
f 547/716/631 549/717/634 550/718/635 548/719/632
f 549/717/634 551/720/636 552/721/637 550/718/635
f 551/720/636 553/722/638 554/723/639 552/721/637
f 553/722/638 555/724/640 556/725/641 554/723/639
f 555/724/640 557/726/642 558/727/643 556/725/641
f 557/728/642 560/686/606 559/685/605 558/729/643
f 422/730/504 481/647/567 520/646/566 478/639/505
f 484/731/569 523/688/608 521/687/607 482/732/564
f 482/732/564 521/687/607 560/686/606 519/733/565
f 425/734/512 483/648/568 481/647/567 422/730/504
f 486/735/571 525/690/610 523/688/608 484/731/569
f 428/572/515 485/650/570 483/648/568 425/734/512
f 488/736/573 527/692/612 525/690/610 486/735/571
f 431/571/518 487/652/572 485/650/570 428/572/515
f 490/737/575 529/695/614 527/694/612 488/738/573
f 434/578/521 489/654/574 487/652/572 431/571/518
f 492/739/577 531/698/616 529/695/614 490/737/575
f 437/740/524 491/656/576 489/654/574 434/578/521
f 494/741/579 533/700/618 531/698/616 492/739/577
f 440/742/527 493/658/578 491/656/576 437/740/524
f 496/743/581 535/702/620 533/700/618 494/741/579
f 443/594/530 495/660/580 493/658/578 440/742/527
f 498/744/583 537/704/622 535/702/620 496/743/581
f 446/593/533 497/662/582 495/660/580 443/594/530
f 497/662/582 499/664/584 500/667/587 498/663/583
f 537/745/622 539/706/624 540/709/627 538/746/623
f 502/747/586 541/707/625 539/706/624 500/748/587
f 452/749/538 501/665/585 499/664/584 449/643/539
f 504/750/589 543/710/628 541/707/625 502/747/586
f 455/751/542 503/668/588 501/665/585 452/749/538
f 543/710/628 545/712/630 546/715/633 544/711/629
f 506/752/593 545/712/630 543/710/628 504/750/589
f 508/753/592 547/713/631 545/712/630 506/752/593
f 461/619/547 507/671/591 505/670/590 458/754/548
f 510/755/595 549/717/634 547/716/631 508/744/592
f 464/618/551 509/674/594 507/671/591 461/619/547
f 512/756/597 551/720/636 549/717/634 510/755/595
f 467/757/554 511/676/596 509/674/594 464/618/551
f 514/758/599 553/722/638 551/720/636 512/756/597
f 470/759/557 513/678/598 511/676/596 467/757/554
f 516/760/601 555/724/640 553/722/638 514/758/599
f 473/635/560 515/680/600 513/678/598 470/759/557
f 518/761/603 557/726/642 555/724/640 516/760/601
f 476/634/563 517/682/602 515/680/600 473/635/560
f 519/733/565 560/686/606 557/728/642 518/762/603
f 478/639/505 520/646/566 517/682/602 476/634/563
f 524/689/609 31/763/644 30/764/645 522/684/604
f 522/684/604 30/764/645 49/765/646 559/685/605
f 526/691/611 32/766/647 31/763/644 524/689/609
f 528/693/613 33/767/648 32/766/647 526/691/611
f 530/696/615 34/768/649 33/769/648 528/697/613
f 532/699/617 35/770/650 34/768/649 530/696/615
f 534/701/619 36/771/651 35/770/650 532/699/617
f 536/703/621 37/772/652 36/771/651 534/701/619
f 538/705/623 38/773/653 37/772/652 536/703/621
f 500/748/587 539/706/624 537/745/622 498/774/583
f 542/708/626 40/775/654 39/776/655 540/709/627
f 544/711/629 41/777/656 40/775/654 542/708/626
f 458/754/548 505/670/590 503/668/588 455/751/542
f 548/714/632 43/778/657 42/779/658 546/715/633
f 550/718/635 44/780/659 43/781/657 548/719/632
f 552/721/637 45/782/660 44/780/659 550/718/635
f 554/723/639 46/783/661 45/782/660 552/721/637
f 556/725/641 47/784/662 46/783/661 554/723/639
f 558/727/643 48/785/663 47/784/662 556/725/641
f 559/685/605 49/765/646 48/786/663 558/729/643
f 562/787/664 599/788/665 600/789/666 561/790/667
f 561/790/667 563/791/668 564/792/669 562/787/664
f 563/791/668 565/793/670 566/794/671 564/792/669
f 565/793/670 567/795/672 568/796/673 566/794/671
f 567/797/672 569/798/674 570/799/675 568/800/673
f 569/798/674 571/801/676 572/802/677 570/799/675
f 571/801/676 573/803/678 574/804/679 572/802/677
f 573/803/678 575/805/680 576/806/681 574/804/679
f 575/805/680 577/807/682 578/808/683 576/806/681
f 449/643/539 499/664/584 497/662/582 446/593/533
f 579/809/684 581/810/685 582/811/686 580/812/687
f 581/810/685 583/813/688 584/814/689 582/811/686
f 546/715/633 42/779/658 41/777/656 544/711/629
f 585/815/690 587/816/691 588/817/692 586/818/693
f 587/819/691 589/820/694 590/821/695 588/822/692
f 589/820/694 591/823/696 592/824/697 590/821/695
f 591/823/696 593/825/698 594/826/699 592/824/697
f 593/825/698 595/827/700 596/828/701 594/826/699
f 595/827/700 597/829/702 598/830/703 596/828/701
f 597/831/702 600/789/666 599/788/665 598/832/703
f 602/833/704 639/834/705 640/835/706 601/836/707
f 601/836/707 603/837/708 604/838/709 602/833/704
f 603/837/708 605/839/710 606/840/711 604/838/709
f 605/839/710 607/841/712 608/842/713 606/840/711
f 607/843/712 609/844/714 610/845/715 608/846/713
f 609/844/714 611/847/716 612/848/717 610/845/715
f 611/847/716 613/849/718 614/850/719 612/848/717
f 613/849/718 615/851/720 616/852/721 614/850/719
f 615/851/720 617/853/722 618/854/723 616/852/721
f 540/709/627 39/776/655 38/855/653 538/746/623
f 619/856/724 621/857/725 622/858/726 620/859/727
f 621/857/725 623/860/728 624/861/729 622/858/726
f 583/813/688 585/815/690 586/818/693 584/814/689
f 625/862/730 627/863/731 628/864/732 626/865/733
f 627/866/731 629/867/734 630/868/735 628/869/732
f 629/867/734 631/870/736 632/871/737 630/868/735
f 631/870/736 633/872/738 634/873/739 632/871/737
f 633/872/738 635/874/740 636/875/741 634/873/739
f 635/874/740 637/876/742 638/877/743 636/875/741
f 637/878/742 640/835/706 639/834/705 638/879/743
f 31/763/744 563/791/668 561/790/667 30/764/745
f 30/764/745 561/790/667 600/789/666 49/765/746
f 564/792/669 603/837/708 601/836/707 562/787/664
f 562/787/664 601/836/707 640/835/706 599/788/665
f 32/766/747 565/793/670 563/791/668 31/763/744
f 566/794/671 605/839/710 603/837/708 564/792/669
f 33/767/748 567/795/672 565/793/670 32/766/747
f 568/796/673 607/841/712 605/839/710 566/794/671
f 34/768/749 569/798/674 567/797/672 33/769/748
f 570/799/675 609/844/714 607/843/712 568/800/673
f 35/770/750 571/801/676 569/798/674 34/768/749
f 572/802/677 611/847/716 609/844/714 570/799/675
f 36/771/751 573/803/678 571/801/676 35/770/750
f 574/804/679 613/849/718 611/847/716 572/802/677
f 37/772/752 575/805/680 573/803/678 36/771/751
f 576/806/681 615/851/720 613/849/718 574/804/679
f 38/773/753 577/807/682 575/805/680 37/772/752
f 578/808/683 617/853/722 615/851/720 576/806/681
f 577/880/682 579/809/684 580/812/687 578/881/683
f 617/882/722 619/856/724 620/859/727 618/883/723
f 40/775/754 581/810/685 579/809/684 39/776/755
f 582/811/686 621/857/725 619/856/724 580/812/687
f 41/777/756 583/813/688 581/810/685 40/775/754
f 584/814/689 623/860/728 621/857/725 582/811/686
f 623/860/728 625/862/730 626/865/733 624/861/729
f 42/779/757 585/815/690 583/813/688 41/777/756
f 43/778/758 587/816/691 585/815/690 42/779/757
f 588/817/692 627/863/731 625/862/730 586/818/693
f 44/780/759 589/820/694 587/819/691 43/781/758
f 590/821/695 629/867/734 627/866/731 588/822/692
f 45/782/760 591/823/696 589/820/694 44/780/759
f 592/824/697 631/870/736 629/867/734 590/821/695
f 46/783/761 593/825/698 591/823/696 45/782/760
f 594/826/699 633/872/738 631/870/736 592/824/697
f 47/784/762 595/827/700 593/825/698 46/783/761
f 596/828/701 635/874/740 633/872/738 594/826/699
f 48/785/763 597/829/702 595/827/700 47/784/762
f 598/830/703 637/876/742 635/874/740 596/828/701
f 49/765/746 600/789/666 597/831/702 48/786/763
f 599/788/665 640/835/706 637/878/742 598/832/703
f 641/884/764 1191/885/765 1203/886/766 642/887/767
f 642/887/767 1203/886/766 1202/888/768 643/889/769
f 644/890/770 1192/891/771 1191/885/765 641/884/764
f 645/892/772 1200/893/773 1192/891/771 644/890/770
f 646/894/774 1199/895/775 1200/893/773 645/892/772
f 647/896/776 1187/897/777 1199/895/775 646/894/774
f 648/898/778 1188/899/779 1187/897/777 647/896/776
f 649/900/780 1189/901/781 1188/899/779 648/898/778
f 650/902/782 1190/903/783 1189/901/781 649/900/780
f 39/776/755 579/809/684 577/880/682 38/855/753
f 652/904/784 1193/905/785 1206/906/786 651/907/787
f 653/908/788 1194/909/789 1193/905/785 652/904/784
f 586/818/693 625/862/730 623/860/728 584/814/689
f 655/910/790 1204/911/791 1205/912/792 654/913/793
f 656/914/794 1195/915/795 1204/911/791 655/910/790
f 657/916/796 1196/917/797 1195/915/795 656/914/794
f 658/918/798 1197/919/799 1196/917/797 657/916/796
f 659/920/800 1198/921/801 1197/919/799 658/918/798
f 660/922/802 1201/923/803 1198/921/801 659/920/800
f 643/889/769 1202/888/768 1201/923/803 660/922/802
f 639/834/705 643/924/769 660/925/802 638/879/743
f 638/877/743 660/926/802 659/927/800 636/875/741
f 636/875/741 659/927/800 658/928/798 634/873/739
f 634/873/739 658/928/798 657/929/796 632/871/737
f 632/871/737 657/929/796 656/930/794 630/868/735
f 630/868/735 656/930/794 655/931/790 628/869/732
f 628/864/732 655/932/790 654/933/793 626/865/733
f 654/913/793 1205/912/792 1194/909/789 653/908/788
f 624/861/729 653/934/788 652/935/784 622/858/726
f 622/858/726 652/935/784 651/936/787 620/859/727
f 580/812/687 619/856/724 617/882/722 578/881/683
f 618/854/723 650/937/782 649/938/780 616/852/721
f 616/852/721 649/938/780 648/939/778 614/850/719
f 614/850/719 648/939/778 647/940/776 612/848/717
f 612/848/717 647/940/776 646/941/774 610/845/715
f 610/845/715 646/941/774 645/942/772 608/846/713
f 608/842/713 645/943/772 644/944/770 606/840/711
f 606/840/711 644/944/770 641/945/764 604/838/709
f 602/833/704 642/946/767 643/924/769 639/834/705
f 604/838/709 641/945/764 642/946/767 602/833/704
f 662/947/804 718/948/805 720/949/806 663/950/807
f 663/951/807 720/952/806 719/953/808 661/954/809
f 661/955/809 664/956/810 666/957/811 663/950/807
f 663/950/807 666/957/811 665/958/812 662/947/804
f 664/959/810 667/960/813 669/961/814 666/962/811
f 666/957/811 669/963/814 668/964/815 665/958/812
f 667/960/813 670/965/816 672/966/817 669/961/814
f 669/963/814 672/967/817 671/968/818 668/964/815
f 670/965/816 673/969/819 675/970/820 672/966/817
f 672/971/817 675/972/820 674/973/821 671/974/818
f 673/969/819 676/975/822 678/976/823 675/970/820
f 675/972/820 678/977/823 677/978/824 674/973/821
f 676/979/822 679/980/825 681/981/826 678/977/823
f 678/977/823 681/981/826 680/982/827 677/978/824
f 679/983/825 682/984/828 684/985/829 681/986/826
f 681/981/826 684/987/829 683/988/830 680/982/827
f 682/984/828 685/989/831 687/990/832 684/985/829
f 684/987/829 687/991/832 686/992/833 683/988/830
f 934/993/834 933/994/835 971/995/836 972/996/837 914/997/838
f 685/989/831 688/998/839 690/999/840 687/990/832
f 688/998/839 691/1000/841 693/1001/842 690/999/840
f 690/1002/840 693/1003/842 692/1004/843 689/1005/844
f 691/1006/841 694/1007/845 696/1008/846 693/1003/842
f 693/1003/842 696/1008/846 695/1009/847 692/1004/843
f 930/1010/848 913/1011/849 968/1012/850 969/1013/851 931/1014/852
f 694/1015/845 697/1016/853 699/1017/854 696/1018/846
f 697/1016/853 700/1019/855 702/1020/856 699/1017/854
f 699/1021/854 702/1022/856 701/1023/857 698/1024/858
f 700/1019/855 703/1025/859 705/1026/860 702/1020/856
f 703/1025/859 706/1027/861 708/1028/862 705/1026/860
f 705/1029/860 708/1030/862 707/1031/863 704/1032/864
f 706/1033/861 709/1034/865 711/1035/866 708/1030/862
f 708/1030/862 711/1035/866 710/1036/867 707/1031/863
f 709/1037/865 712/1038/868 714/1039/869 711/1040/866
f 711/1035/866 714/1041/869 713/1042/870 710/1036/867
f 712/1038/868 715/1043/871 717/1044/872 714/1039/869
f 714/1041/869 717/1045/872 716/1046/873 713/1042/870
f 715/1043/871 719/953/808 720/952/806 717/1044/872
f 717/1047/872 720/949/806 718/948/805 716/1048/873
f 722/1049/874 778/1050/875 780/1051/876 723/1052/877
f 723/1053/877 780/1054/876 779/1055/878 721/1056/879
f 721/1056/879 724/1057/880 726/1058/881 723/1053/877
f 723/1053/877 726/1058/881 725/1059/882 722/1060/874
f 724/1057/880 727/1061/883 729/1062/884 726/1058/881
f 726/1063/881 729/1064/884 728/1065/885 725/1066/882
f 727/1061/883 730/1067/886 732/1068/887 729/1062/884
f 729/1064/884 732/1069/887 731/1070/888 728/1065/885
f 730/1071/886 733/1072/889 735/1073/890 732/1074/887
f 732/1069/887 735/1075/890 734/1076/891 731/1070/888
f 733/1072/889 736/1077/892 738/1078/893 735/1073/890
f 735/1075/890 738/1079/893 737/1080/894 734/1076/891
f 736/1077/892 739/1081/895 741/1082/896 738/1078/893
f 738/1078/893 741/1082/896 740/1083/897 737/1084/894
f 739/1081/895 742/1085/898 744/1086/899 741/1082/896
f 741/1087/896 744/1088/899 743/1089/900 740/1090/897
f 742/1085/898 745/1091/901 747/1092/902 744/1086/899
f 744/1088/899 747/1093/902 746/1094/903 743/1089/900
f 687/1095/832 690/1002/840 689/1005/844 686/1096/833
f 745/1097/901 748/1098/904 750/1099/905 747/1100/902
f 748/1098/904 751/1101/906 753/1102/907 750/1099/905
f 750/1103/905 753/1104/907 752/1105/908 749/1106/909
f 751/1101/906 754/1107/910 756/1108/911 753/1102/907
f 753/1102/907 756/1108/911 755/1109/912 752/1110/908
f 696/1008/846 699/1021/854 698/1024/858 695/1009/847
f 754/1107/910 757/1111/913 759/1112/914 756/1108/911
f 757/1111/913 760/1113/915 762/1114/916 759/1112/914
f 759/1115/914 762/1116/916 761/1117/917 758/1118/918
f 702/1119/856 705/1029/860 704/1032/864 701/1120/857
f 760/1121/915 763/1122/919 765/1123/920 762/1124/916
f 763/1122/919 766/1125/921 768/1126/922 765/1123/920
f 765/1127/920 768/1128/922 767/1129/923 764/1130/924
f 766/1125/921 769/1131/925 771/1132/926 768/1126/922
f 768/1126/922 771/1132/926 770/1133/927 767/1134/923
f 769/1131/925 772/1135/928 774/1136/929 771/1132/926
f 771/1137/926 774/1138/929 773/1139/930 770/1140/927
f 772/1135/928 775/1141/931 777/1142/932 774/1136/929
f 774/1138/929 777/1143/932 776/1144/933 773/1139/930
f 775/1145/931 779/1055/878 780/1054/876 777/1146/932
f 777/1143/932 780/1051/876 778/1050/875 776/1144/933
f 1224/1147/934 724/1057/880 721/1056/879 1222/1148/935
f 1222/1148/935 721/1056/879 779/1055/878 1223/1149/936
f 725/1066/882 664/959/810 661/954/809 722/1049/874
f 722/1049/874 661/954/809 719/953/808 778/1050/875
f 1225/1150/937 727/1061/883 724/1057/880 1224/1147/934
f 728/1065/885 667/960/813 664/959/810 725/1066/882
f 1226/1151/938 730/1067/886 727/1061/883 1225/1150/937
f 731/1070/888 670/965/816 667/960/813 728/1065/885
f 1227/1152/939 733/1072/889 730/1071/886 1226/1153/938
f 734/1076/891 673/969/819 670/965/816 731/1070/888
f 1228/1154/940 736/1077/892 733/1072/889 1227/1152/939
f 737/1080/894 676/975/822 673/969/819 734/1076/891
f 1229/1155/941 739/1081/895 736/1077/892 1228/1154/940
f 740/1090/897 679/983/825 676/975/822 737/1080/894
f 1230/1156/942 742/1085/898 739/1081/895 1229/1155/941
f 743/1089/900 682/984/828 679/983/825 740/1090/897
f 1231/1157/943 745/1091/901 742/1085/898 1230/1156/942
f 746/1094/903 685/989/831 682/984/828 743/1089/900
f 747/1093/902 750/1103/905 749/1106/909 746/1094/903
f 1232/1158/944 748/1098/904 745/1097/901 1231/1159/943
f 1233/1160/945 751/1101/906 748/1098/904 1232/1158/944
f 752/1105/908 691/1000/841 688/998/839 749/1106/909
f 1234/1161/946 754/1107/910 751/1101/906 1233/1160/945
f 755/1162/912 694/1015/845 691/1000/841 752/1105/908
f 756/1163/911 759/1115/914 758/1118/918 755/1162/912
f 1235/1164/947 757/1111/913 754/1107/910 1234/1161/946
f 1236/1165/948 760/1113/915 757/1111/913 1235/1164/947
f 761/1117/917 700/1019/855 697/1016/853 758/1118/918
f 762/1116/916 765/1127/920 764/1130/924 761/1117/917
f 1237/1166/949 763/1122/919 760/1121/915 1236/1167/948
f 1238/1168/950 766/1125/921 763/1122/919 1237/1166/949
f 767/1129/923 706/1027/861 703/1025/859 764/1130/924
f 1239/1169/951 769/1131/925 766/1125/921 1238/1168/950
f 770/1140/927 709/1037/865 706/1027/861 767/1129/923
f 1240/1170/952 772/1135/928 769/1131/925 1239/1169/951
f 773/1139/930 712/1038/868 709/1037/865 770/1140/927
f 1241/1171/953 775/1141/931 772/1135/928 1240/1170/952
f 776/1144/933 715/1043/871 712/1038/868 773/1139/930
f 1223/1149/936 779/1055/878 775/1145/931 1241/1157/953
f 778/1050/875 719/953/808 715/1043/871 776/1144/933
f 798/1172/954 781/1173/955 67/21/15 64/17/11
f 782/201/183 797/1174/956 112/91/83 109/87/79
f 787/1175/957 796/189/172 73/30/23 70/29/19
f 797/1174/956 786/1176/958 115/95/87 112/91/83
f 799/1177/959 798/1172/954 64/17/11 61/16/10
f 786/1178/958 800/1179/960 119/15/9 115/99/87
f 800/1179/960 799/1177/959 61/16/10 119/15/9
f 781/1173/955 787/1180/957 70/25/19 67/21/15
f 839/1181/956 841/1182/958 786/1176/958 797/1174/956
f 841/1183/958 803/1184/961 800/1179/960 786/1178/958
f 764/1130/924 703/1025/859 700/1019/855 761/1117/917
f 811/1185/962 787/1180/957 781/1173/955 809/1186/963
f 626/865/733 654/933/793 653/934/788 624/861/729
f 813/1187/964 796/189/172 787/1175/957 811/1188/962
f 809/1186/963 781/1173/955 798/1172/954 807/1189/965
f 651/907/787 1206/906/786 1190/903/783 650/902/782
f 819/1190/174 793/191/174 794/190/173 817/1191/173
f 831/1192/966 785/196/179 788/197/180 829/1193/967
f 827/1194/968 789/195/178 790/193/176 825/1195/969
f 807/1189/965 798/1172/954 799/1177/959 805/1196/970
f 821/1197/971 792/192/175 793/191/174 819/1190/174
f 805/1196/970 799/1177/959 800/1179/960 803/1184/961
f 817/1191/173 794/190/173 795/188/171 815/1198/972
f 837/1199/183 782/201/183 783/200/182 835/1200/182
f 815/1198/972 795/188/171 796/189/172 813/1187/964
f 825/1195/969 790/193/176 791/194/177 823/1201/973
f 835/1200/182 783/200/182 784/198/181 833/1202/974
f 833/1202/974 784/198/181 785/199/179 831/1203/966
f 839/1181/956 797/1174/956 782/201/183 837/1199/183
f 1129/1204/956 838/1205/956 836/1206/183 1128/1207/183
f 1126/1208/974 832/1209/974 830/1210/975 1125/1211/966
f 1127/1212/182 834/1213/182 832/1209/974 1126/1208/974
f 1122/1214/969 824/1215/976 822/1216/177 1121/1217/977
f 1117/1218/978 814/1219/978 812/1220/979 1116/1221/980
f 1128/1207/183 836/1206/183 834/1213/182 1127/1212/182
f 1118/1222/173 816/1223/173 814/1219/978 1117/1218/978
f 1112/1224/981 804/1225/981 802/1226/982 1111/1227/982
f 1120/1228/983 820/1229/175 818/1230/174 1119/1231/174
f 1113/1232/965 806/1233/965 804/1225/981 1112/1224/981
f 1123/1234/984 826/1235/985 824/1215/976 1122/1214/969
f 1125/1236/966 830/1237/975 828/1238/986 1124/1239/987
f 1119/1231/174 818/1230/174 816/1223/173 1118/1222/173
f 749/1106/909 688/998/839 685/989/831 746/1094/903
f 1114/1240/988 808/1241/988 806/1233/965 1113/1232/965
f 1116/1221/980 812/1220/979 810/1242/989 1115/1243/989
f 758/1118/918 697/1016/853 694/1015/845 755/1162/912
f 1115/1244/989 810/1245/989 808/1241/988 1114/1240/988
f 1147/1246/990 1111/1227/982 802/1226/982 840/1247/991 801/1248/990
f 1129/1204/956 1147/1249/990 801/1250/990 840/1251/991 838/1205/956
f 620/859/727 651/936/787 650/1252/782 618/883/723
f 946/1253/183 927/1254/182 834/1213/182 836/1206/183
f 927/1254/182 928/1255/974 832/1209/974 834/1213/182
f 928/1255/974 929/1256/966 830/1210/975 832/1209/974
f 929/1257/966 930/1010/848 828/1238/986 830/1237/975
f 1124/1239/987 828/1238/986 826/1235/985 1123/1234/984
f 931/1014/852 932/1258/992 824/1215/976 826/1235/985
f 932/1258/992 933/994/835 822/1216/177 824/1215/976
f 1121/1217/977 822/1216/177 820/1259/175 1120/1260/983
f 934/1261/834 935/1262/174 818/1230/174 820/1229/175
f 935/1262/174 936/1263/173 816/1223/173 818/1230/174
f 936/1263/173 937/1264/978 814/1219/978 816/1223/173
f 937/1264/978 938/1265/979 812/1220/979 814/1219/978
f 938/1265/979 939/1266/993 810/1242/989 812/1220/979
f 939/1267/993 940/1268/988 808/1241/988 810/1245/989
f 940/1268/988 941/1269/965 806/1233/965 808/1241/988
f 941/1269/965 942/1270/981 804/1225/981 806/1233/965
f 942/1270/981 943/1271/994 802/1226/982 804/1225/981
f 943/1271/994 944/1272/991 840/1247/991 802/1226/982
f 944/1273/991 945/1274/956 838/1205/956 840/1251/991
f 945/1274/956 946/1253/183 836/1206/183 838/1205/956
f 823/1201/973 976/52/44 963/1275/995 825/1195/969
f 995/1276/956 857/1277/996 856/1278/997 994/1279/958
f 994/1280/958 856/1281/997 855/1282/998 993/1283/994
f 993/1283/994 855/1282/998 854/1284/999 992/1285/970
f 992/1285/970 854/1284/999 853/1286/1000 991/1287/965
f 991/1287/965 853/1286/1000 852/1288/1001 990/1289/1002
f 990/1289/1002 852/1288/1001 851/1290/1003 989/1291/962
f 989/1292/962 851/1293/1003 850/1294/1004 988/1295/964
f 988/1295/964 850/1294/1004 849/1296/1005 987/1297/978
f 987/1297/978 849/1296/1005 848/1298/1006 986/1299/173
f 986/1299/173 848/1298/1006 847/1300/1007 985/1301/174
f 985/1301/174 847/1300/1007 846/1302/1008 984/1303/1009
f 983/1304/1010 845/1305/1011 844/1306/1012 982/1307/966
f 982/1308/966 844/1309/1012 843/1310/1013 981/1311/974
f 981/1311/974 843/1310/1013 842/1312/1014 980/1313/182
f 892/1314/1015 876/1315/1016 875/1316/183 874/1317/1017
f 891/1318/1018 892/1314/1015 874/1317/1017 873/1319/1019
f 890/1320/1020 891/1321/1018 873/1322/1019 872/1323/1021
f 889/1324/1022 890/1320/1020 872/1323/1021 871/1325/981
f 888/1326/1023 889/1324/1022 871/1325/981 870/1327/1024
f 887/1328/1025 888/1326/1023 870/1327/1024 869/1329/1026
f 886/1330/1027 887/1328/1025 869/1329/1026 868/1331/962
f 885/1332/1028 886/1333/1027 868/1334/962 867/1335/979
f 884/1336/1029 885/1332/1028 867/1335/979 866/1337/1030
f 883/1338/1031 884/1336/1029 866/1337/1030 865/1339/1032
f 882/1340/1033 883/1338/1031 865/1339/1032 864/1341/1034
f 878/1342/1035 879/1343/1036 861/1344/1037 860/1345/1038
f 877/1346/1039 878/1342/1035 860/1345/1038 859/1347/1040
f 876/1315/1016 877/1346/1039 859/1347/1040 875/1316/183
f 858/1348/1041 842/1312/1014 877/1346/1039 876/1315/1016
f 842/1312/1014 843/1310/1013 878/1342/1035 877/1346/1039
f 843/1310/1013 844/1309/1012 879/1343/1036 878/1342/1035
f 844/1306/1012 845/1305/1011 880/1349/1042 879/1350/1036
f 846/1302/1008 847/1300/1007 882/1340/1033 881/1351/1043
f 847/1300/1007 848/1298/1006 883/1338/1031 882/1340/1033
f 848/1298/1006 849/1296/1005 884/1336/1029 883/1338/1031
f 849/1296/1005 850/1294/1004 885/1332/1028 884/1336/1029
f 850/1294/1004 851/1293/1003 886/1333/1027 885/1332/1028
f 851/1290/1003 852/1288/1001 887/1328/1025 886/1330/1027
f 852/1288/1001 853/1286/1000 888/1326/1023 887/1328/1025
f 853/1286/1000 854/1284/999 889/1324/1022 888/1326/1023
f 854/1284/999 855/1282/998 890/1320/1020 889/1324/1022
f 855/1282/998 856/1281/997 891/1321/1018 890/1320/1020
f 856/1278/997 857/1277/996 892/1314/1015 891/1318/1018
f 857/1277/996 858/1348/1041 876/1315/1016 892/1314/1015
f 874/1317/1017 875/1316/183 909/1352/1044 908/1353/1045
f 873/1319/1019 874/1317/1017 908/1353/1045 907/1354/1046
f 872/1323/1021 873/1322/1019 907/1355/1046 906/1356/1047
f 871/1325/981 872/1323/1021 906/1356/1047 905/1357/1048
f 870/1327/1024 871/1325/981 905/1357/1048 904/1358/1049
f 869/1329/1026 870/1327/1024 904/1358/1049 903/1359/1050
f 868/1331/962 869/1329/1026 903/1359/1050 902/1360/1051
f 867/1335/979 868/1334/962 902/1361/1051 901/1362/1052
f 866/1337/1030 867/1335/979 901/1362/1052 900/1363/1053
f 865/1339/1032 866/1337/1030 900/1363/1053 899/1364/1054
f 864/1341/1034 865/1339/1032 899/1364/1054 898/1365/1055
f 860/1345/1038 861/1344/1037 895/1366/1056 894/1367/1057
f 859/1347/1040 860/1345/1038 894/1367/1057 893/1368/1058
f 875/1316/183 859/1347/1040 893/1368/1058 909/1352/1044
f 908/1353/1045 909/1352/1044 926/1369/1059 925/1370/1060
f 907/1354/1046 908/1353/1045 925/1370/1060 924/1371/1061
f 906/1356/1047 907/1355/1046 924/1372/1061 923/1373/1062
f 905/1357/1048 906/1356/1047 923/1373/1062 922/1374/1048
f 904/1358/1049 905/1357/1048 922/1374/1048 921/1375/1063
f 903/1359/1050 904/1358/1049 921/1375/1063 920/1376/1064
f 902/1360/1051 903/1359/1050 920/1376/1064 919/1377/1065
f 901/1362/1052 902/1361/1051 919/1378/1065 918/1379/1066
f 900/1363/1053 901/1362/1052 918/1379/1066 917/1380/1067
f 899/1364/1054 900/1363/1053 917/1380/1067 916/1381/1068
f 898/1365/1055 899/1364/1054 916/1381/1068 915/1382/1069
f 897/1383/1070 898/1365/1055 915/1382/1069 914/1384/838
f 895/1385/1056 896/1386/1071 913/1011/849 912/1387/1072
f 894/1367/1057 895/1366/1056 912/1388/1072 911/1389/1073
f 893/1368/1058 894/1367/1057 911/1389/1073 910/1390/1074
f 909/1352/1044 893/1368/1058 910/1390/1074 926/1369/1059
f 969/1013/851 970/1391/1075 932/1258/992 931/1014/852
f 925/1370/1060 945/1274/956 944/1273/991 924/1371/1061
f 924/1372/1061 944/1272/991 943/1271/994 923/1373/1062
f 923/1373/1062 943/1271/994 942/1270/981 922/1374/1048
f 922/1374/1048 942/1270/981 941/1269/965 921/1375/1063
f 921/1375/1063 941/1269/965 940/1268/988 920/1376/1064
f 920/1376/1064 940/1268/988 939/1267/993 919/1377/1065
f 919/1378/1065 939/1266/993 938/1265/979 918/1379/1066
f 918/1379/1066 938/1265/979 937/1264/978 917/1380/1067
f 917/1380/1067 937/1264/978 936/1263/173 916/1381/1068
f 916/1381/1068 936/1263/173 935/1262/174 915/1382/1069
f 915/1382/1069 935/1262/174 934/1261/834 914/1384/838
f 913/1011/849 930/1010/848 929/1257/966 912/1387/1072
f 912/1388/1072 929/1256/966 928/1255/974 911/1389/1073
f 911/1389/1073 928/1255/974 927/1254/182 910/1390/1074
f 980/1313/182 842/1312/1014 858/1348/1041 979/1392/183
f 910/1390/1074 927/1254/182 946/1253/183 926/1369/1059
f 948/70/62 964/69/61 963/1275/995 947/1393/1076
f 964/69/61 965/68/60 845/1305/1011 983/1304/1010
f 950/1394/1077 966/1395/1078 965/68/60 949/67/59
f 951/1396/1079 862/1397/1080 966/1395/1078 950/1394/1077
f 952/1398/1081 967/1399/1082 862/1397/1080 951/1396/1079
f 953/1400/1083 968/1012/850 967/1399/1082 952/1398/1081
f 930/1010/848 931/1014/852 826/1235/985 828/1238/986
f 955/1401/1084 970/1391/1075 969/1013/851 954/1402/1085
f 956/1403/1086 971/995/836 970/1391/1075 955/1401/1084
f 933/994/835 934/993/834 820/1259/175 822/1216/177
f 958/1404/1087 973/1405/1088 972/996/837 957/1406/1089
f 959/1407/1090 863/1408/1091 973/1405/1088 958/1404/1087
f 960/1409/1092 974/1410/1093 863/1408/1091 959/1407/1090
f 961/54/46 975/53/45 974/1410/1093 960/1409/1092
f 947/1393/1076 963/1275/995 976/52/44 962/51/43
f 913/1011/849 896/1386/1071 967/1399/1082 968/1012/850
f 880/1349/1042 845/1305/1011 965/68/60 966/1395/1078
f 984/1411/1009 976/52/44 823/1201/973 821/1412/971
f 823/1201/973 791/194/177 792/246/175 821/1412/971
f 963/1275/995 964/69/61 827/1194/968 825/1195/969
f 846/1413/1008 881/1414/1043 974/1410/1093 975/53/45
f 897/1415/1070 914/997/838 972/996/837 973/1405/1088
f 829/1193/967 788/197/180 789/195/178 827/1194/968
f 954/1402/1085 969/1013/851 968/1012/850 953/1400/1083
f 970/1391/1075 971/995/836 933/994/835 932/1258/992
f 861/1416/1037 879/1350/1036 880/1349/1042 978/1417/1094
f 978/1417/1094 862/1397/1080 967/1399/1082 896/1386/1071
f 864/1341/1034 898/1365/1055 897/1383/1070 977/1418/1095
f 863/1419/1091 974/1420/1093 881/1351/1043 977/1418/1095
f 882/1340/1033 864/1341/1034 977/1418/1095 881/1351/1043
f 973/1421/1088 863/1419/1091 977/1418/1095 897/1383/1070
f 880/1349/1042 966/1395/1078 862/1397/1080 978/1417/1094
f 895/1385/1056 861/1416/1037 978/1417/1094 896/1386/1071
f 926/1369/1059 946/1253/183 945/1274/956 925/1370/1060
f 979/1392/183 858/1348/1041 857/1277/996 995/1276/956
f 957/1406/1089 972/996/837 971/995/836 956/1403/1086
f 837/1199/183 979/1392/183 995/1276/956 839/1181/956
f 835/1200/182 980/1313/182 979/1392/183 837/1199/183
f 833/1202/974 981/1311/974 980/1313/182 835/1200/182
f 831/1203/966 982/1308/966 981/1311/974 833/1202/974
f 829/1193/967 983/1304/1010 982/1307/966 831/1192/966
f 819/1190/174 985/1301/174 984/1303/1009 821/1197/971
f 817/1191/173 986/1299/173 985/1301/174 819/1190/174
f 815/1198/972 987/1297/978 986/1299/173 817/1191/173
f 813/1187/964 988/1295/964 987/1297/978 815/1198/972
f 811/1188/962 989/1292/962 988/1295/964 813/1187/964
f 809/1186/963 990/1289/1002 989/1291/962 811/1185/962
f 807/1189/965 991/1287/965 990/1289/1002 809/1186/963
f 805/1196/970 992/1285/970 991/1287/965 807/1189/965
f 803/1184/961 993/1283/994 992/1285/970 805/1196/970
f 841/1183/958 994/1280/958 993/1283/994 803/1184/961
f 839/1181/956 995/1276/956 994/1279/958 841/1182/958
f 827/1194/968 964/69/61 983/1304/1010 829/1193/967
f 846/1413/1008 975/53/45 976/52/44 984/1411/1009
f 1013/1422/43 1027/1423/1096 1026/1424/1097 1012/1425/46
f 1000/1426/59 1016/1427/1098 1015/1428/1099 999/1429/62
f 999/1429/62 1015/1428/1099 1014/1430/995 998/1431/1076
f 1001/1432/1077 1017/1433/1100 1016/1427/1098 1000/1426/59
f 1002/1434/1079 996/1435/1101 1017/1433/1100 1001/1432/1077
f 1003/1436/1081 1018/1437/1102 996/1435/1101 1002/1434/1079
f 1004/1438/1083 1019/1439/1103 1018/1437/1102 1003/1436/1081
f 1006/1440/1084 1021/1441/1104 1020/1442/1105 1005/1443/1085
f 1007/1444/1086 1022/1445/1106 1021/1441/1104 1006/1440/1084
f 1009/1446/1087 1024/1447/1107 1023/1448/1108 1008/1449/1089
f 1010/1450/1090 997/1451/1109 1024/1447/1107 1009/1446/1087
f 1011/1452/1092 1025/1453/1110 997/1451/1109 1010/1450/1090
f 1012/1425/46 1026/1424/1097 1025/1453/1110 1011/1452/1092
f 998/1431/1076 1014/1430/995 1027/1423/1096 1013/1422/43
f 1005/1443/1085 1020/1442/1105 1019/1439/1103 1004/1438/1083
f 1008/1449/1089 1023/1448/1108 1022/1445/1106 1007/1444/1086
f 1048/1454/989 1032/1455/989 1031/1456/1111 1047/1457/1111
f 1049/1458/980 1033/1459/980 1032/1460/989 1048/1461/989
f 1047/1457/1111 1031/1456/1111 1030/1462/965 1046/1463/965
f 1052/1464/174 1036/1465/174 1035/1466/173 1051/1467/173
f 1055/1468/966 1039/1469/966 1038/1470/1112 1054/1471/1113
f 1046/1463/965 1030/1462/965 1029/1472/981 1045/1473/981
f 1053/1474/1114 1037/1475/1115 1036/1465/174 1052/1464/174
f 1045/1473/981 1029/1472/981 1028/1476/994 1044/1477/994
f 1051/1467/173 1035/1466/173 1034/1478/978 1050/1479/978
f 1058/1480/183 1042/1481/183 1041/1482/182 1057/1483/182
f 1050/1479/978 1034/1478/978 1033/1459/980 1049/1458/980
f 1057/1483/182 1041/1482/182 1040/1484/974 1056/1485/974
f 1056/1485/974 1040/1484/974 1039/1486/966 1055/1487/966
f 1059/1488/956 1043/1489/956 1042/1481/183 1058/1480/183
f 1075/1490/956 1059/1488/956 1058/1480/183 1074/1491/183
f 1072/1492/974 1056/1485/974 1055/1487/966 1071/1493/966
f 1073/1494/182 1057/1483/182 1056/1485/974 1072/1492/974
f 1066/1495/978 1050/1479/978 1049/1458/980 1065/1496/980
f 1074/1491/183 1058/1480/183 1057/1483/182 1073/1494/182
f 1067/1497/173 1051/1467/173 1050/1479/978 1066/1495/978
f 1061/1498/981 1045/1473/981 1044/1477/994 1060/1499/994
f 1069/1500/1116 1053/1474/1114 1052/1464/174 1068/1501/174
f 1062/1502/965 1046/1463/965 1045/1473/981 1061/1498/981
f 1071/1503/966 1055/1468/966 1054/1471/1113 1070/1504/1117
f 1068/1501/174 1052/1464/174 1051/1467/173 1067/1497/173
f 1063/1505/1111 1047/1457/1111 1046/1463/965 1062/1502/965
f 1065/1496/980 1049/1458/980 1048/1461/989 1064/1506/989
f 1064/1507/989 1048/1454/989 1047/1457/1111 1063/1505/1111
f 1080/1508/989 1064/1507/989 1063/1505/1111 1079/1509/1111
f 1081/1510/980 1065/1496/980 1064/1506/989 1080/1511/989
f 1079/1509/1111 1063/1505/1111 1062/1502/965 1078/1512/965
f 1084/1513/174 1068/1501/174 1067/1497/173 1083/1514/173
f 1087/1515/975 1071/1503/966 1070/1504/1117 1086/1516/1118
f 1078/1512/965 1062/1502/965 1061/1498/981 1077/1517/981
f 1085/1518/1119 1069/1500/1116 1068/1501/174 1084/1513/174
f 1077/1517/981 1061/1498/981 1060/1499/994 1076/1519/994
f 1083/1514/173 1067/1497/173 1066/1495/978 1082/1520/978
f 1090/1521/183 1074/1491/183 1073/1494/182 1089/1522/182
f 1082/1520/978 1066/1495/978 1065/1496/980 1081/1510/980
f 1089/1522/182 1073/1494/182 1072/1492/974 1088/1523/974
f 1088/1523/974 1072/1492/974 1071/1493/966 1087/1524/975
f 1091/1525/956 1075/1490/956 1074/1491/183 1090/1521/183
f 1185/1526/956 1091/1525/956 1090/1521/183 1184/1527/183
f 1182/1528/974 1088/1523/974 1087/1524/975 1181/1529/975
f 1183/1530/182 1089/1522/182 1088/1523/974 1182/1528/974
f 1176/1531/978 1082/1520/978 1081/1510/980 1175/1532/980
f 1184/1527/183 1090/1521/183 1089/1522/182 1183/1530/182
f 1177/1533/173 1083/1514/173 1082/1520/978 1176/1531/978
f 1171/1534/981 1077/1517/981 1076/1519/994 1170/1535/994
f 1179/1536/1120 1085/1518/1119 1084/1513/174 1178/1537/174
f 1172/1538/965 1078/1512/965 1077/1517/981 1171/1534/981
f 1181/1539/975 1087/1515/975 1086/1516/1118 1180/1540/1121
f 1178/1537/174 1084/1513/174 1083/1514/173 1177/1533/173
f 1173/1541/1111 1079/1509/1111 1078/1512/965 1172/1538/965
f 1175/1532/980 1081/1510/980 1080/1511/989 1174/1542/989
f 1174/1543/989 1080/1508/989 1079/1509/1111 1173/1541/1111
f 689/1005/844 1102/1544/1122 1101/1545/1123 686/1096/833
f 698/1024/858 1105/1546/1124 1104/1547/1125 695/1009/847
f 671/968/818 1096/1548/989 1095/1549/1111 668/964/815
f 674/973/821 1097/1550/980 1096/1551/989 671/974/818
f 668/964/815 1095/1549/1111 1094/1552/965 665/958/812
f 683/988/830 1100/1553/174 1099/1554/173 680/982/827
f 701/1023/857 1106/1555/966 1105/1546/1124 698/1024/858
f 695/1009/847 1104/1547/1125 1103/1556/1126 692/1004/843
f 665/958/812 1094/1552/965 1093/1557/981 662/947/804
f 686/992/833 1101/1558/1123 1100/1553/174 683/988/830
f 662/947/804 1093/1557/981 1092/1559/994 718/948/805
f 680/982/827 1099/1554/173 1098/1560/978 677/978/824
f 710/1036/867 1109/1561/183 1108/1562/182 707/1031/863
f 677/978/824 1098/1560/978 1097/1550/980 674/973/821
f 692/1004/843 1103/1556/1126 1102/1544/1122 689/1005/844
f 707/1031/863 1108/1562/182 1107/1563/974 704/1032/864
f 704/1032/864 1107/1563/974 1106/1564/966 701/1120/857
f 713/1042/870 1110/1565/956 1109/1561/183 710/1036/867
f 1157/1566/989 1115/1244/989 1114/1240/988 1156/1567/1111
f 1158/1568/980 1116/1221/980 1115/1243/989 1157/1569/989
f 1156/1567/1111 1114/1240/988 1113/1232/965 1155/1570/965
f 1161/1571/174 1119/1231/174 1118/1222/173 1160/1572/173
f 1164/1573/966 1125/1236/966 1124/1239/987 1163/1574/1127
f 1155/1570/965 1113/1232/965 1112/1224/981 1154/1575/981
f 1162/1576/1128 1120/1228/983 1119/1231/174 1161/1571/174
f 1154/1575/981 1112/1224/981 1111/1227/982 1153/1577/982
f 1160/1572/173 1118/1222/173 1117/1218/978 1159/1578/978
f 1167/1579/183 1128/1207/183 1127/1212/182 1166/1580/182
f 1159/1578/978 1117/1218/978 1116/1221/980 1158/1568/980
f 1166/1580/182 1127/1212/182 1126/1208/974 1165/1581/974
f 1165/1581/974 1126/1208/974 1125/1211/966 1164/1582/966
f 1043/1489/956 1145/1583/956 1144/1584/183 1042/1481/183
f 1040/1484/974 1142/1585/974 1141/1586/975 1039/1486/966
f 1041/1482/182 1143/1587/182 1142/1585/974 1040/1484/974
f 1034/1478/978 1136/1588/978 1135/1589/980 1033/1459/980
f 1042/1481/183 1144/1584/183 1143/1587/182 1041/1482/182
f 1035/1466/173 1137/1590/173 1136/1588/978 1034/1478/978
f 1029/1472/981 1131/1591/981 1130/1592/982 1028/1476/994
f 1037/1475/1115 1139/1593/1129 1138/1594/174 1036/1465/174
f 1030/1462/965 1132/1595/965 1131/1591/981 1029/1472/981
f 1039/1469/966 1141/1596/975 1140/1597/1130 1038/1470/1112
f 1036/1465/174 1138/1594/174 1137/1590/173 1035/1466/173
f 1031/1456/1111 1133/1598/1111 1132/1595/965 1030/1462/965
f 1033/1459/980 1135/1589/980 1134/1599/989 1032/1460/989
f 1032/1455/989 1134/1600/989 1133/1598/1111 1031/1456/1111
f 1168/1601/956 1129/1204/956 1128/1207/183 1167/1579/183
f 1014/1430/995 1015/1428/1099 1123/1234/984 1122/1214/969
f 1015/1428/1099 1016/1427/1098 1140/1597/1130 1163/1574/1127
f 1016/1427/1098 1017/1433/1100 1038/1470/1112 1140/1597/1130
f 1017/1433/1100 996/1435/1101 1054/1471/1113 1038/1470/1112
f 996/1435/1101 1018/1437/1102 1070/1504/1117 1054/1471/1113
f 1018/1437/1102 1019/1439/1103 1086/1516/1118 1070/1504/1117
f 1020/1442/1105 1104/1547/1125 1105/1546/1124 1180/1540/1121
f 1021/1441/1104 1103/1556/1126 1104/1547/1125 1020/1442/1105
f 1022/1445/1106 1102/1544/1122 1103/1556/1126 1021/1441/1104
f 1022/1445/1106 1179/1602/1120 1101/1545/1123 1102/1544/1122
f 1024/1447/1107 1069/1603/1116 1085/1604/1119 1023/1448/1108
f 997/1451/1109 1053/1605/1114 1069/1603/1116 1024/1447/1107
f 1025/1453/1110 1037/1606/1115 1053/1605/1114 997/1451/1109
f 1026/1424/1097 1139/1607/1129 1037/1606/1115 1025/1453/1110
f 1027/1423/1096 1121/1217/977 1120/1260/983 1162/1608/1128
f 1027/1423/1096 1014/1430/995 1122/1214/969 1121/1217/977
f 1043/1489/956 1148/1609/990 1146/1610/990 1145/1583/956
f 1148/1611/990 1028/1476/994 1130/1592/982 1146/1612/990
f 1168/1601/956 1169/1613/990 1147/1249/990 1129/1204/956
f 1169/1614/990 1153/1577/982 1111/1227/982 1147/1246/990
f 1059/1488/956 1149/1615/990 1148/1609/990 1043/1489/956
f 1149/1616/990 1044/1477/994 1028/1476/994 1148/1611/990
f 1075/1490/956 1150/1617/990 1149/1615/990 1059/1488/956
f 1150/1618/990 1060/1499/994 1044/1477/994 1149/1616/990
f 1091/1525/956 1151/1619/990 1150/1617/990 1075/1490/956
f 1151/1620/990 1076/1519/994 1060/1499/994 1150/1618/990
f 1185/1526/956 1186/1621/990 1151/1619/990 1091/1525/956
f 1186/1622/990 1170/1535/994 1076/1519/994 1151/1620/990
f 713/1042/870 716/1046/873 1152/1623/990 1110/1565/956
f 716/1048/873 718/948/805 1092/1559/994 1152/1624/990
f 1146/1612/990 1130/1592/982 1153/1577/982 1169/1614/990
f 1145/1583/956 1146/1610/990 1169/1613/990 1168/1601/956
f 1145/1583/956 1168/1601/956 1167/1579/183 1144/1584/183
f 1142/1585/974 1165/1581/974 1164/1582/966 1141/1586/975
f 1143/1587/182 1166/1580/182 1165/1581/974 1142/1585/974
f 1136/1588/978 1159/1578/978 1158/1568/980 1135/1589/980
f 1144/1584/183 1167/1579/183 1166/1580/182 1143/1587/182
f 1137/1590/173 1160/1572/173 1159/1578/978 1136/1588/978
f 1131/1591/981 1154/1575/981 1153/1577/982 1130/1592/982
f 1139/1593/1129 1162/1576/1128 1161/1571/174 1138/1594/174
f 1132/1595/965 1155/1570/965 1154/1575/981 1131/1591/981
f 1141/1596/975 1164/1573/966 1163/1574/1127 1140/1597/1130
f 1138/1594/174 1161/1571/174 1160/1572/173 1137/1590/173
f 1133/1598/1111 1156/1567/1111 1155/1570/965 1132/1595/965
f 1135/1589/980 1158/1568/980 1157/1569/989 1134/1599/989
f 1134/1600/989 1157/1566/989 1156/1567/1111 1133/1598/1111
f 1152/1624/990 1092/1559/994 1170/1535/994 1186/1622/990
f 1110/1565/956 1152/1623/990 1186/1621/990 1185/1526/956
f 1096/1548/989 1174/1543/989 1173/1541/1111 1095/1549/1111
f 1097/1550/980 1175/1532/980 1174/1542/989 1096/1551/989
f 1095/1549/1111 1173/1541/1111 1172/1538/965 1094/1552/965
f 1100/1553/174 1178/1537/174 1177/1533/173 1099/1554/173
f 1106/1555/966 1181/1539/975 1180/1540/1121 1105/1546/1124
f 1094/1552/965 1172/1538/965 1171/1534/981 1093/1557/981
f 1101/1558/1123 1179/1536/1120 1178/1537/174 1100/1553/174
f 1093/1557/981 1171/1534/981 1170/1535/994 1092/1559/994
f 1099/1554/173 1177/1533/173 1176/1531/978 1098/1560/978
f 1109/1561/183 1184/1527/183 1183/1530/182 1108/1562/182
f 1098/1560/978 1176/1531/978 1175/1532/980 1097/1550/980
f 1108/1562/182 1183/1530/182 1182/1528/974 1107/1563/974
f 1107/1563/974 1182/1528/974 1181/1529/975 1106/1564/966
f 1110/1565/956 1185/1526/956 1184/1527/183 1109/1561/183
f 1023/1448/1108 1085/1604/1119 1179/1602/1120 1022/1445/1106
f 1019/1439/1103 1020/1442/1105 1180/1540/1121 1086/1516/1118
f 1123/1234/984 1015/1428/1099 1163/1574/1127 1124/1239/987
f 1026/1424/1097 1027/1423/1096 1162/1608/1128 1139/1607/1129
f 4/1625/1131 3/1626/1132 1187/897/777 1188/899/779
f 5/1627/1133 4/1625/1131 1188/899/779 1189/901/781
f 6/1628/1134 5/1627/1133 1189/901/781 1190/903/783
f 51/4/1135 50/3/1136 1191/885/765 1192/891/771
f 54/1629/1137 53/1630/1138 1193/905/785 1194/909/789
f 57/1631/1139 56/1632/1140 1195/915/795 1196/917/797
f 58/1633/1141 57/1631/1139 1196/917/797 1197/919/799
f 59/1634/1142 58/1633/1141 1197/919/799 1198/921/801
f 3/1626/1132 52/1635/1143 1199/895/775 1187/897/777
f 52/1635/1143 2/1636/1144 1200/893/773 1199/895/775
f 9/1637/1145 59/1634/1142 1198/921/801 1201/923/803
f 2/1636/1144 51/4/1135 1192/891/771 1200/893/773
f 60/1638/1146 9/1637/1145 1201/923/803 1202/888/768
f 1/2/1147 60/1638/1146 1202/888/768 1203/886/766
f 50/3/1136 1/2/1147 1203/886/766 1191/885/765
f 56/1632/1140 8/1639/1148 1204/911/791 1195/915/795
f 8/1639/1148 55/1640/1149 1205/912/792 1204/911/791
f 53/1630/1138 7/1641/1150 1206/906/786 1193/905/785
f 55/1640/1149 54/1629/1137 1194/909/789 1205/912/792
f 7/1641/1150 6/1628/1134 1190/903/783 1206/906/786
f 1213/1642/1 1214/1643/1 52/1635/1 3/1626/1
f 1216/1644/1 9/1637/1 60/1638/1 1217/1645/1
f 1210/1646/1 1211/1647/1 1207/1648/1 1208/1649/1
f 1219/1650/1 1210/1646/1 1208/1649/1 1220/1651/1
f 1221/1652/1 1213/1642/1 3/1626/1 4/1625/1
f 1211/1647/1 1212/1653/1 1209/1654/1 1207/1648/1
f 1214/1643/1 1215/1655/1 2/1636/1 52/1635/1
f 56/1632/1 57/1631/1 1212/1653/1 1211/1647/1
f 8/1639/1 56/1632/1 1211/1647/1 1210/1646/1
f 55/1640/1 8/1639/1 1210/1646/1 1219/1650/1
f 58/1633/1 59/1634/1 9/1637/1 1216/1644/1
f 1207/1648/1 1209/1654/1 1215/1655/1 1214/1643/1
f 1208/1649/1 1207/1648/1 1214/1643/1 1213/1642/1
f 1220/1651/1 1208/1649/1 1213/1642/1 1221/1652/1
f 1217/1645/1 60/1638/1 1/2/1 1218/1/1
f 1209/1654/1 1217/1645/1 1218/1/1 1215/1655/1
f 1212/1653/1 1216/1644/1 1217/1645/1 1209/1654/1
f 57/1631/1 58/1633/1 1216/1644/1 1212/1653/1
f 1215/1655/1 1218/1/1 51/4/1 2/1636/1
f 7/1641/1 1220/1651/1 1221/1652/1 6/1628/1
f 53/1630/1 1219/1650/1 1220/1651/1 7/1641/1
f 54/1629/1 55/1640/1 1219/1650/1 53/1630/1
f 6/1628/1 1221/1652/1 4/1625/1 5/1627/1
f 29/1656/2 10/1657/2 1222/1658/2 1223/1659/2
f 10/1657/2 11/1660/2 1224/1661/2 1222/1658/2
f 11/1660/2 12/1662/2 1225/1663/2 1224/1661/2
f 12/1662/2 13/1664/2 1226/1665/2 1225/1663/2
f 13/1664/2 14/1666/2 1227/1667/2 1226/1665/2
f 14/1666/2 15/1668/2 1228/1669/2 1227/1667/2
f 15/1668/2 16/1670/2 1229/1671/2 1228/1669/2
f 16/1670/2 17/1672/2 1230/1673/2 1229/1671/2
f 17/1672/2 18/1674/2 1231/1675/2 1230/1673/2
f 19/1676/2 20/1677/2 1233/1678/2 1232/1679/2
f 20/1677/2 21/1680/2 1234/1681/2 1233/1678/2
f 22/8/2 23/7/2 1236/1682/2 1235/1683/2
f 24/6/2 25/1684/2 1238/1685/2 1237/1686/2
f 25/1684/2 26/1687/2 1239/1688/2 1238/1685/2
f 26/1687/2 27/1689/2 1240/1690/2 1239/1688/2
f 27/1689/2 28/1691/2 1241/1692/2 1240/1690/2
f 28/1691/2 29/1656/2 1223/1659/2 1241/1692/2
f 23/7/2 24/6/2 1237/1686/2 1236/1682/2
f 18/1674/2 19/1676/2 1232/1679/2 1231/1675/2
f 21/1680/2 22/8/2 1235/1683/2 1234/1681/2
f 1247/1693/2 1246/1694/2 16/1670/2 15/1668/2
f 1256/1695/2 1255/1696/2 21/1680/2 20/1677/2
f 1250/1697/2 27/1689/2 26/1687/2 1249/1698/2
f 1251/1699/2 1250/1697/2 1243/1700/2 1252/1701/2
f 1253/1702/2 1247/1693/2 15/1668/2 14/1666/2
f 1249/1698/2 26/1687/2 25/1684/2 1248/1703/2
f 1246/1694/2 1242/1704/2 1244/1705/2 1245/1706/2
f 1243/1700/2 1242/1704/2 1246/1694/2 1247/1693/2
f 16/1670/2 1246/1694/2 1245/1706/2 17/1672/2
f 18/1674/2 1256/1695/2 20/1677/2 19/1676/2
f 1252/1701/2 1243/1700/2 1247/1693/2 1253/1702/2
f 1243/1700/2 1250/1697/2 1249/1698/2 1242/1704/2
f 1242/1704/2 1249/1698/2 1248/1703/2 1244/1705/2
f 1255/1696/2 1254/5/2 22/8/2 21/1680/2
f 28/1691/2 27/1689/2 1250/1697/2 1251/1699/2
f 11/1660/2 1252/1701/2 1253/1702/2 12/1662/2
f 10/1657/2 1251/1699/2 1252/1701/2 11/1660/2
f 29/1656/2 28/1691/2 1251/1699/2 10/1657/2
f 12/1662/2 1253/1702/2 14/1666/2 13/1664/2
f 1245/1706/2 1244/1705/2 1255/1696/2 1256/1695/2
f 1244/1705/2 1248/1703/2 1254/5/2 1255/1696/2
f 1248/1703/2 25/1684/2 24/6/2 1254/5/2
f 17/1672/2 1245/1706/2 1256/1695/2 18/1674/2
f 1290/1707/1151 1289/1708/1152 1292/1709/1153 1291/1710/1154
f 1294/1711/1155 1293/1712/1156 1296/1713/1157 1295/1714/1158
f 1295/1714/1158 1296/1713/1157 1298/1715/1159 1297/1716/1160
f 1297/1716/1160 1298/1715/1159 1300/1717/1161 1299/1718/1162
f 1299/1719/1162 1300/1720/1161 1302/1721/1163 1301/1722/1164
f 1304/1723/1165 1303/1724/1166 1306/1725/1167 1305/1726/1168
f 1305/1726/1168 1306/1725/1167 1308/1727/1169 1307/1728/1170
f 1310/1729/1171 1309/1730/1172 1312/1731/1173 1311/1732/1174
f 1311/1732/1174 1312/1731/1173 1314/1733/1175 1313/1734/1176
f 1313/1734/1176 1314/1733/1175 1316/1735/1177 1315/1736/1178
f 1315/1736/1178 1316/1735/1177 1318/1737/1179 1317/1738/1180
f 1320/1739/1181 1319/1740/1182 1289/1708/1152 1290/1707/1151
f 1307/1728/1170 1308/1727/1169 1309/1741/1172 1310/1742/1171
f 1301/1722/1164 1302/1721/1163 1303/1724/1166 1304/1723/1165
f 1291/1743/1154 1292/1744/1153 1293/1712/1156 1294/1711/1155
f 1317/1745/1180 1318/1746/1179 1319/1740/1182 1320/1739/1181
f 1324/1747/1183 1323/1748/1184 1322/1749/1151 1321/1750/1152
f 1328/1751/1157 1327/1752/1158 1326/1753/1155 1325/1754/1156
f 1330/1755/1159 1329/1756/1160 1327/1752/1158 1328/1751/1157
f 1332/1757/1161 1331/1758/1162 1329/1756/1160 1330/1755/1159
f 1334/1759/1163 1333/1760/1164 1331/1761/1162 1332/1762/1161
f 1338/1763/1167 1337/1764/1168 1336/1765/1185 1335/1766/1166
f 1340/1767/1169 1339/1768/1170 1337/1764/1168 1338/1763/1167
f 1344/1769/1173 1343/1770/1174 1342/1771/1171 1341/1772/1172
f 1346/1773/1175 1345/1774/1176 1343/1770/1174 1344/1769/1173
f 1348/1775/1177 1347/1776/1178 1345/1774/1176 1346/1773/1175
f 1350/1777/1179 1349/1778/1180 1347/1776/1178 1348/1775/1177
f 1321/1750/1152 1322/1749/1151 1352/1779/1181 1351/1780/1182
f 1341/1781/1172 1342/1782/1171 1339/1768/1170 1340/1767/1169
f 1335/1766/1166 1336/1765/1185 1333/1760/1164 1334/1759/1163
f 1325/1754/1156 1326/1753/1155 1323/1783/1184 1324/1784/1183
f 1351/1780/1182 1352/1779/1181 1349/1785/1180 1350/1786/1179
f 1354/1787/1186 1353/1788/1187 1356/1789/1188 1355/1790/1189
f 1358/1791/1190 1357/1792/1191 1360/1793/1192 1359/1794/1193
f 1359/1794/1193 1360/1793/1192 1362/1795/1194 1361/1796/1195
f 1361/1796/1195 1362/1795/1194 1364/1797/1196 1363/1798/1197
f 1363/1799/1197 1364/1800/1196 1366/1801/1198 1365/1802/1199
f 1368/1803/1200 1367/1804/1201 1370/1805/1202 1369/1806/1203
f 1369/1806/1203 1370/1805/1202 1372/1807/1204 1371/1808/1205
f 1374/1809/1206 1373/1810/1207 1376/1811/1208 1375/1812/1209
f 1375/1812/1209 1376/1811/1208 1378/1813/1210 1377/1814/1211
f 1377/1814/1211 1378/1813/1210 1380/1815/1212 1379/1816/1213
f 1379/1816/1213 1380/1815/1212 1382/1817/1214 1381/1818/1215
f 1384/1819/1216 1383/1820/1217 1353/1788/1187 1354/1787/1186
f 1371/1808/1205 1372/1807/1204 1373/1821/1207 1374/1822/1206
f 1365/1802/1199 1366/1801/1198 1367/1804/1201 1368/1803/1200
f 1355/1823/1189 1356/1824/1188 1357/1792/1191 1358/1791/1190
f 1381/1825/1215 1382/1826/1214 1383/1820/1217 1384/1819/1216
f 1388/1827/1218 1387/1828/1189 1386/1829/1186 1385/1830/1219
f 1392/1831/1220 1391/1832/1193 1390/1833/1190 1389/1834/1221
f 1394/1835/1222 1393/1836/1195 1391/1832/1193 1392/1831/1220
f 1396/1837/1223 1395/1838/1197 1393/1836/1195 1394/1835/1222
f 1398/1839/1224 1397/1840/1199 1395/1841/1197 1396/1842/1223
f 1402/1843/1225 1401/1844/1203 1400/1845/1200 1399/1846/1226
f 1404/1847/1227 1403/1848/1205 1401/1844/1203 1402/1843/1225
f 1408/1849/1228 1407/1850/1209 1406/1851/1206 1405/1852/1229
f 1410/1853/1230 1409/1854/1211 1407/1850/1209 1408/1849/1228
f 1412/1855/1231 1411/1856/1213 1409/1854/1211 1410/1853/1230
f 1414/1857/1232 1413/1858/1215 1411/1856/1213 1412/1855/1231
f 1385/1830/1219 1386/1829/1186 1416/1859/1216 1415/1860/1233
f 1405/1861/1229 1406/1862/1206 1403/1848/1205 1404/1847/1227
f 1399/1846/1226 1400/1845/1200 1397/1840/1199 1398/1839/1224
f 1389/1834/1221 1390/1833/1190 1387/1863/1189 1388/1864/1218
f 1415/1860/1233 1416/1859/1216 1413/1865/1215 1414/1866/1232
f 1292/1867/1153 1289/1868/1152 1354/1869/1186 1355/1870/1189
f 1257/1871/1234 1272/1872/1235 1320/1873/1235 1290/1874/1236
f 1258/1875/1237 1257/1871/1234 1290/1874/1236 1291/1876/1237
f 1289/1868/1152 1319/1877/1182 1384/1878/1216 1354/1869/1186
f 1293/1879/1156 1292/1867/1153 1355/1870/1189 1358/1880/1190
f 1259/1881/1238 1258/1882/1239 1291/1883/1154 1294/1884/1155
f 1296/1885/1157 1293/1879/1156 1358/1880/1190 1359/1886/1193
f 1260/1887/1240 1259/1888/1238 1294/1711/1155 1295/1714/1158
f 1298/1889/1159 1296/1885/1157 1359/1886/1193 1361/1890/1195
f 1261/1891/1241 1260/1887/1240 1295/1714/1158 1297/1716/1160
f 1300/1892/1161 1298/1889/1159 1361/1890/1195 1363/1893/1197
f 1262/1894/1242 1261/1891/1241 1297/1716/1160 1299/1718/1162
f 1302/1895/1163 1300/1892/1161 1363/1893/1197 1365/1896/1199
f 1263/1897/1243 1262/1898/1242 1299/1719/1162 1301/1722/1164
f 1303/1899/1166 1302/1895/1163 1365/1896/1199 1368/1900/1200
f 1264/1901/1244 1263/1897/1243 1301/1722/1164 1304/1723/1165
f 1306/1902/1167 1303/1899/1166 1368/1900/1200 1369/1903/1203
f 1265/1904/1245 1264/1905/1246 1304/1906/1246 1305/1907/1247
f 1308/1908/1169 1306/1902/1167 1369/1903/1203 1371/1909/1205
f 1266/1910/1248 1265/1904/1245 1305/1907/1247 1307/1911/1248
f 1309/1912/1172 1308/1908/1169 1371/1909/1205 1374/1913/1206
f 1267/1914/1249 1266/1915/1250 1307/1916/1170 1310/1729/1171
f 1312/1917/1173 1309/1912/1172 1374/1913/1206 1375/1918/1209
f 1268/1919/1251 1267/1914/1249 1310/1729/1171 1311/1732/1174
f 1314/1920/1175 1312/1917/1173 1375/1918/1209 1377/1921/1211
f 1269/1922/1252 1268/1919/1251 1311/1732/1174 1313/1734/1176
f 1316/1923/1177 1314/1920/1175 1377/1921/1211 1379/1924/1213
f 1270/1925/1253 1269/1922/1252 1313/1734/1176 1315/1736/1178
f 1318/1926/1179 1316/1923/1177 1379/1924/1213 1381/1927/1215
f 1271/1928/1254 1270/1925/1253 1315/1736/1178 1317/1738/1180
f 1319/1877/1182 1318/1926/1179 1381/1927/1215 1384/1878/1216
f 1272/1929/1255 1271/1930/1254 1317/1745/1180 1320/1739/1181
f 1324/1931/1183 1321/1932/1152 1386/1933/1186 1387/1934/1189
f 1273/1935/1234 1288/1936/1256 1352/1937/1256 1322/1938/1236
f 1274/1939/1257 1273/1935/1234 1322/1938/1236 1323/1940/1257
f 1321/1932/1152 1351/1941/1182 1416/1942/1216 1386/1933/1186
f 1325/1943/1156 1324/1931/1183 1387/1934/1189 1390/1944/1190
f 1275/1945/1238 1274/1946/1258 1323/1947/1184 1326/1948/1155
f 1328/1949/1157 1325/1943/1156 1390/1944/1190 1391/1950/1193
f 1276/1951/1240 1275/1952/1238 1326/1753/1155 1327/1752/1158
f 1330/1953/1159 1328/1949/1157 1391/1950/1193 1393/1954/1195
f 1277/1955/1241 1276/1951/1240 1327/1752/1158 1329/1756/1160
f 1332/1956/1161 1330/1953/1159 1393/1954/1195 1395/1957/1197
f 1278/1958/1242 1277/1955/1241 1329/1756/1160 1331/1758/1162
f 1334/1959/1163 1332/1956/1161 1395/1957/1197 1397/1960/1199
f 1279/1961/1243 1278/1962/1242 1331/1761/1162 1333/1760/1164
f 1335/1963/1166 1334/1959/1163 1397/1960/1199 1400/1964/1200
f 1280/1965/1259 1279/1961/1243 1333/1760/1164 1336/1765/1185
f 1338/1966/1167 1335/1963/1166 1400/1964/1200 1401/1967/1203
f 1281/1968/1245 1280/1969/1246 1336/1970/1246 1337/1971/1247
f 1340/1972/1169 1338/1966/1167 1401/1967/1203 1403/1973/1205
f 1282/1974/1248 1281/1968/1245 1337/1971/1247 1339/1975/1248
f 1341/1976/1172 1340/1972/1169 1403/1973/1205 1406/1977/1206
f 1283/1978/1249 1282/1979/1250 1339/1980/1170 1342/1771/1171
f 1344/1981/1173 1341/1976/1172 1406/1977/1206 1407/1982/1209
f 1284/1983/1251 1283/1978/1249 1342/1771/1171 1343/1770/1174
f 1346/1984/1175 1344/1981/1173 1407/1982/1209 1409/1985/1211
f 1285/1986/1252 1284/1983/1251 1343/1770/1174 1345/1774/1176
f 1348/1987/1177 1346/1984/1175 1409/1985/1211 1411/1988/1213
f 1286/1989/1253 1285/1986/1252 1345/1774/1176 1347/1776/1178
f 1350/1990/1179 1348/1987/1177 1411/1988/1213 1413/1991/1215
f 1287/1992/1254 1286/1989/1253 1347/1776/1178 1349/1778/1180
f 1351/1941/1182 1350/1990/1179 1413/1991/1215 1416/1942/1216
f 1288/1993/1255 1287/1994/1254 1349/1785/1180 1352/1779/1181
f 1415/1860/1233 1414/1866/1232 1432/1995/1260 1419/1996/1261
f 1414/1857/1232 1412/1855/1231 1431/1997/1262 1432/1998/1260
f 1412/1855/1231 1410/1853/1230 1430/1999/1263 1431/1997/1262
f 1410/1853/1230 1408/1849/1228 1429/2000/1264 1430/1999/1263
f 1408/1849/1228 1405/1852/1229 1428/2001/1265 1429/2000/1264
f 1405/1852/1229 1404/2002/1227 1427/2003/1266 1428/2001/1265
f 1404/1847/1227 1402/1843/1225 1426/2004/1267 1427/2005/1266
f 1402/1843/1225 1399/1846/1226 1425/2006/1268 1426/2004/1267
f 1399/1846/1226 1398/1839/1224 1424/2007/1269 1425/2006/1268
f 1398/1839/1224 1396/1842/1223 1423/2008/1270 1424/2007/1269
f 1396/1837/1223 1394/1835/1222 1422/2009/1271 1423/2010/1270
f 1394/1835/1222 1392/1831/1220 1421/2011/1272 1422/2009/1271
f 1392/1831/1220 1389/1834/1221 1420/2012/1273 1421/2011/1272
f 1389/2013/1221 1388/1827/1218 1417/2014/1274 1420/2015/1273
f 1385/1830/1219 1415/1860/1233 1419/1996/1261 1418/2016/1275
f 1388/1827/1218 1385/1830/1219 1418/2016/1275 1417/2014/1274
f 1383/1820/1217 1382/1826/1214 1448/2017/1276 1434/2018/1277
f 1382/1817/1214 1380/1815/1212 1447/2019/1278 1448/2020/1276
f 1380/1815/1212 1378/1813/1210 1446/2021/1279 1447/2019/1278
f 1378/1813/1210 1376/1811/1208 1445/2022/1280 1446/2021/1279
f 1376/1811/1208 1373/1810/1207 1444/2023/1281 1445/2022/1280
f 1373/1810/1207 1372/2024/1204 1443/2025/1282 1444/2023/1281
f 1372/1807/1204 1370/1805/1202 1442/2026/1283 1443/2027/1282
f 1370/1805/1202 1367/1804/1201 1441/2028/1284 1442/2026/1283
f 1367/1804/1201 1366/1801/1198 1440/2029/1285 1441/2028/1284
f 1366/1801/1198 1364/1800/1196 1439/2030/1286 1440/2029/1285
f 1364/1797/1196 1362/1795/1194 1438/2031/1287 1439/2032/1286
f 1362/1795/1194 1360/1793/1192 1437/2033/1288 1438/2031/1287
f 1360/1793/1192 1357/1792/1191 1436/2034/1289 1437/2033/1288
f 1357/2035/1191 1356/1789/1188 1435/2036/1290 1436/2037/1289
f 1356/1789/1188 1353/1788/1187 1433/2038/1291 1435/2036/1290
f 1353/1788/1187 1383/1820/1217 1434/2018/1277 1433/2038/1291
f 1482/2039/1292 1484/2040/1293 1486/2041/1294 1483/2042/1295
f 1483/2043/1296 1486/2044/1297 1485/2045/1298 1481/2046/1299
f 1488/2047/1300 1482/2039/1292 1483/2042/1295 1489/2048/1301
f 1489/2049/1302 1483/2043/1296 1481/2046/1299 1487/2050/1303
f 1491/2051/1304 1488/2047/1300 1489/2048/1301 1492/2052/1305
f 1492/2053/1306 1489/2049/1302 1487/2050/1303 1490/2054/1307
f 1494/2055/1308 1491/2056/1304 1492/2057/1305 1495/2058/1309
f 1495/2059/1310 1492/2053/1306 1490/2054/1307 1493/2060/1311
f 1497/2061/1312 1494/2055/1308 1495/2058/1309 1498/2062/1313
f 1498/2063/1314 1495/2059/1310 1493/2060/1311 1496/2064/1315
f 1500/2065/1316 1497/2061/1312 1498/2062/1313 1501/2066/1317
f 1501/2067/1318 1498/2063/1314 1496/2064/1315 1499/2068/1319
f 1503/2069/1320 1500/2070/1316 1501/2071/1317 1504/2072/1321
f 1504/2073/1322 1501/2067/1318 1499/2068/1319 1502/2074/1323
f 1506/2075/1324 1503/2069/1320 1504/2072/1321 1507/2076/1325
f 1507/2077/1326 1504/2073/1322 1502/2074/1323 1505/2078/1327
f 1509/2079/1328 1506/2075/1324 1507/2076/1325 1510/2080/1329
f 1510/2081/1330 1507/2077/1326 1505/2078/1327 1508/2082/1331
f 1512/2083/1332 1509/2079/1328 1510/2080/1329 1513/2084/1333
f 1513/2085/1334 1510/2081/1330 1508/2082/1331 1511/2086/1335
f 1515/2087/1336 1512/2088/1332 1513/2089/1333 1516/2090/1337
f 1516/2091/1338 1513/2085/1334 1511/2086/1335 1514/2092/1339
f 1518/2093/1340 1515/2087/1336 1516/2090/1337 1519/2094/1341
f 1519/2095/1342 1516/2091/1338 1514/2092/1339 1517/2096/1343
f 1521/2097/1344 1518/2093/1340 1519/2094/1341 1522/2098/1345
f 1522/2099/1346 1519/2095/1342 1517/2096/1343 1520/2100/1347
f 1524/2101/1348 1521/2097/1344 1522/2098/1345 1525/2102/1349
f 1525/2103/1350 1522/2099/1346 1520/2100/1347 1523/2104/1351
f 1527/2105/1352 1524/2101/1348 1525/2102/1349 1528/2106/1353
f 1528/2107/1354 1525/2103/1350 1523/2104/1351 1526/2108/1355
f 1484/2040/1293 1527/2109/1352 1528/2110/1353 1486/2041/1294
f 1486/2044/1297 1528/2107/1354 1526/2108/1355 1485/2045/1298
f 1530/2111/1300 1532/2112/1292 1534/2113/1295 1531/2114/1301
f 1531/2115/1356 1534/2116/1357 1533/2117/1358 1529/2118/1303
f 1532/2112/1292 1535/2119/1293 1537/2120/1359 1534/2113/1295
f 1534/2116/1357 1537/2121/1297 1536/2122/1360 1533/2117/1358
f 1539/2123/1304 1530/2111/1300 1531/2114/1301 1540/2124/1305
f 1540/2125/1306 1531/2115/1356 1529/2118/1303 1538/2126/1307
f 1542/2127/1308 1539/2128/1304 1540/2129/1305 1543/2130/1309
f 1543/2131/1361 1540/2125/1306 1538/2126/1307 1541/2132/1362
f 1545/2133/1312 1542/2127/1308 1543/2130/1309 1546/2134/1313
f 1546/2135/1314 1543/2131/1361 1541/2132/1362 1544/2136/1315
f 1548/2137/1316 1545/2133/1312 1546/2134/1313 1549/2138/1317
f 1549/2139/1363 1546/2135/1314 1544/2136/1315 1547/2140/1364
f 1551/2141/1320 1548/2142/1316 1549/2143/1317 1552/2144/1321
f 1552/2145/1322 1549/2139/1363 1547/2140/1364 1550/2146/1323
f 1554/2147/1324 1551/2141/1320 1552/2144/1321 1555/2148/1325
f 1555/2149/1365 1552/2145/1322 1550/2146/1323 1553/2150/1327
f 1557/2151/1328 1554/2147/1324 1555/2148/1325 1558/2152/1329
f 1558/2153/1366 1555/2149/1365 1553/2150/1327 1556/2154/1367
f 1560/2155/1332 1557/2151/1328 1558/2152/1329 1561/2156/1333
f 1561/2157/1334 1558/2153/1366 1556/2154/1367 1559/2158/1368
f 1563/2159/1336 1560/2160/1332 1561/2161/1333 1564/2162/1337
f 1564/2163/1338 1561/2157/1334 1559/2158/1368 1562/2164/1339
f 1566/2165/1340 1563/2159/1336 1564/2162/1337 1567/2166/1341
f 1567/2167/1369 1564/2163/1338 1562/2164/1339 1565/2168/1370
f 1569/2169/1344 1566/2165/1340 1567/2166/1341 1570/2170/1345
f 1570/2171/1346 1567/2167/1369 1565/2168/1370 1568/2172/1347
f 1572/2173/1348 1569/2169/1344 1570/2170/1345 1573/2174/1349
f 1573/2175/1371 1570/2171/1346 1568/2172/1347 1571/2176/1372
f 1575/2177/1352 1572/2173/1348 1573/2174/1349 1576/2178/1353
f 1576/2179/1354 1573/2175/1371 1571/2176/1372 1574/2180/1355
f 1535/2119/1293 1575/2181/1352 1576/2182/1353 1537/2120/1359
f 1537/2121/1297 1576/2179/1354 1574/2180/1355 1536/2122/1360
f 1435/2036/1290 1433/2038/1291 1482/2039/1292 1488/2047/1300
f 1481/2046/1299 1449/2183/1373 1451/2184/1373 1487/2050/1303
f 1433/2038/1291 1434/2018/1277 1484/2040/1293 1482/2039/1292
f 1485/2045/1298 1450/2185/1373 1449/2183/1373 1481/2046/1299
f 1434/2018/1277 1448/2017/1276 1527/2109/1352 1484/2040/1293
f 1526/2108/1355 1464/2186/1373 1450/2185/1373 1485/2045/1298
f 1436/2037/1289 1435/2036/1290 1488/2047/1300 1491/2051/1304
f 1487/2050/1303 1451/2184/1373 1452/2187/1373 1490/2054/1307
f 1437/2033/1288 1436/2034/1289 1491/2056/1304 1494/2055/1308
f 1490/2054/1307 1452/2187/1373 1453/2188/1373 1493/2060/1311
f 1438/2031/1287 1437/2033/1288 1494/2055/1308 1497/2061/1312
f 1493/2060/1311 1453/2188/1373 1454/2189/1373 1496/2064/1315
f 1439/2032/1286 1438/2031/1287 1497/2061/1312 1500/2065/1316
f 1496/2064/1315 1454/2189/1373 1455/2190/1373 1499/2068/1319
f 1440/2029/1285 1439/2030/1286 1500/2070/1316 1503/2069/1320
f 1499/2068/1319 1455/2190/1373 1456/2191/1373 1502/2074/1323
f 1441/2028/1284 1440/2029/1285 1503/2069/1320 1506/2075/1324
f 1502/2074/1323 1456/2191/1373 1457/2192/1373 1505/2078/1327
f 1442/2026/1283 1441/2028/1284 1506/2075/1324 1509/2079/1328
f 1505/2078/1327 1457/2192/1373 1458/2193/1373 1508/2082/1331
f 1443/2027/1282 1442/2026/1283 1509/2079/1328 1512/2083/1332
f 1508/2082/1331 1458/2193/1373 1459/2194/1373 1511/2086/1335
f 1444/2023/1281 1443/2025/1282 1512/2088/1332 1515/2087/1336
f 1511/2086/1335 1459/2194/1373 1460/2195/1373 1514/2092/1339
f 1445/2022/1280 1444/2023/1281 1515/2087/1336 1518/2093/1340
f 1514/2092/1339 1460/2195/1373 1461/2196/1373 1517/2096/1343
f 1446/2021/1279 1445/2022/1280 1518/2093/1340 1521/2097/1344
f 1517/2096/1343 1461/2196/1373 1462/2197/1373 1520/2100/1347
f 1447/2019/1278 1446/2021/1279 1521/2097/1344 1524/2101/1348
f 1520/2100/1347 1462/2197/1373 1463/2198/1373 1523/2104/1351
f 1448/2020/1276 1447/2019/1278 1524/2101/1348 1527/2105/1352
f 1523/2104/1351 1463/2198/1373 1464/2186/1373 1526/2108/1355
f 1420/2015/1273 1417/2014/1274 1530/2111/1300 1539/2123/1304
f 1529/2118/1303 1465/2199/1373 1468/2200/1373 1538/2126/1307
f 1417/2014/1274 1418/2016/1275 1532/2112/1292 1530/2111/1300
f 1533/2117/1358 1466/2201/1373 1465/2199/1373 1529/2118/1303
f 1418/2016/1275 1419/1996/1261 1535/2119/1293 1532/2112/1292
f 1536/2122/1360 1467/2202/1373 1466/2201/1373 1533/2117/1358
f 1419/1996/1261 1432/1995/1260 1575/2181/1352 1535/2119/1293
f 1574/2180/1355 1480/2203/1373 1467/2202/1373 1536/2122/1360
f 1421/2011/1272 1420/2012/1273 1539/2128/1304 1542/2127/1308
f 1538/2126/1307 1468/2200/1373 1469/2204/1373 1541/2132/1362
f 1422/2009/1271 1421/2011/1272 1542/2127/1308 1545/2133/1312
f 1541/2132/1362 1469/2204/1373 1470/2205/1373 1544/2136/1315
f 1423/2010/1270 1422/2009/1271 1545/2133/1312 1548/2137/1316
f 1544/2136/1315 1470/2205/1373 1471/2206/1373 1547/2140/1364
f 1424/2007/1269 1423/2008/1270 1548/2142/1316 1551/2141/1320
f 1547/2140/1364 1471/2206/1373 1472/2207/1373 1550/2146/1323
f 1425/2006/1268 1424/2007/1269 1551/2141/1320 1554/2147/1324
f 1550/2146/1323 1472/2207/1373 1473/2208/1373 1553/2150/1327
f 1426/2004/1267 1425/2006/1268 1554/2147/1324 1557/2151/1328
f 1553/2150/1327 1473/2208/1373 1474/2209/1373 1556/2154/1367
f 1427/2005/1266 1426/2004/1267 1557/2151/1328 1560/2155/1332
f 1556/2154/1367 1474/2209/1373 1475/2210/1373 1559/2158/1368
f 1428/2001/1265 1427/2003/1266 1560/2160/1332 1563/2159/1336
f 1559/2158/1368 1475/2210/1373 1476/2211/1373 1562/2164/1339
f 1429/2000/1264 1428/2001/1265 1563/2159/1336 1566/2165/1340
f 1562/2164/1339 1476/2211/1373 1477/2212/1373 1565/2168/1370
f 1430/1999/1263 1429/2000/1264 1566/2165/1340 1569/2169/1344
f 1565/2168/1370 1477/2212/1373 1478/2213/1373 1568/2172/1347
f 1431/1997/1262 1430/1999/1263 1569/2169/1344 1572/2173/1348
f 1568/2172/1347 1478/2213/1373 1479/2214/1373 1571/2176/1372
f 1432/1998/1260 1431/1997/1262 1572/2173/1348 1575/2177/1352
f 1571/2176/1372 1479/2214/1373 1480/2203/1373 1574/2180/1355
f 1450/2215/1374 1464/2216/1375 1592/2217/1375 1578/2218/1374
f 1464/2219/1375 1463/2220/1376 1591/2221/1376 1592/2222/1375
f 1463/2220/1376 1462/2223/1252 1590/2224/1252 1591/2221/1376
f 1462/2223/1252 1461/2225/1377 1589/2226/1377 1590/2224/1252
f 1461/2225/1377 1460/2227/1378 1588/2228/1378 1589/2226/1377
f 1460/2227/1378 1459/2229/1379 1587/2230/1379 1588/2228/1378
f 1459/2231/1379 1458/2232/1380 1586/2233/1380 1587/2234/1379
f 1458/2232/1380 1457/2235/1381 1585/2236/1381 1586/2233/1380
f 1457/2235/1381 1456/2237/1382 1584/2238/1382 1585/2236/1381
f 1456/2237/1382 1455/2239/1383 1583/2240/1383 1584/2238/1382
f 1455/2241/1383 1454/2242/1241 1582/2243/1241 1583/2244/1383
f 1454/2242/1241 1453/2245/1384 1581/2246/1384 1582/2243/1241
f 1453/2245/1384 1452/2247/1385 1580/2248/1385 1581/2246/1384
f 1452/2249/1385 1451/2250/1386 1579/2251/1386 1580/2252/1385
f 1451/2250/1386 1449/2253/1387 1577/2254/1387 1579/2251/1386
f 1449/2253/1387 1450/2215/1374 1578/2218/1374 1577/2254/1387
f 1467/2255/1374 1480/2256/1375 1608/2257/1375 1595/2258/1374
f 1480/2259/1375 1479/2260/1376 1607/2261/1376 1608/2262/1375
f 1479/2260/1376 1478/2263/1252 1606/2264/1252 1607/2261/1376
f 1478/2263/1252 1477/2265/1377 1605/2266/1377 1606/2264/1252
f 1477/2265/1377 1476/2267/1378 1604/2268/1378 1605/2266/1377
f 1476/2267/1378 1475/2269/1379 1603/2270/1379 1604/2268/1378
f 1475/2271/1379 1474/2272/1380 1602/2273/1380 1603/2274/1379
f 1474/2272/1380 1473/2275/1381 1601/2276/1381 1602/2273/1380
f 1473/2275/1381 1472/2277/1382 1600/2278/1382 1601/2276/1381
f 1472/2277/1382 1471/2279/1383 1599/2280/1383 1600/2278/1382
f 1471/2281/1383 1470/2282/1241 1598/2283/1241 1599/2284/1383
f 1470/2282/1241 1469/2285/1384 1597/2286/1384 1598/2283/1241
f 1469/2285/1384 1468/2287/1388 1596/2288/1388 1597/2286/1384
f 1468/2289/1388 1465/2290/1386 1593/2291/1386 1596/2292/1388
f 1466/2293/1387 1467/2255/1374 1595/2258/1374 1594/2294/1387
f 1465/2290/1386 1466/2293/1387 1594/2294/1387 1593/2291/1386
