# Blender 4.2.4 LTS
# www.blender.org
mtllib GarbageBag.mtl
o GarbageBag
v 0.115185 0.034746 -0.667593
v 0.081706 0.722311 -0.753217
v 0.090839 0.077065 -1.295397
v 0.132844 0.742523 -1.219676
v 0.135803 0.031953 -0.665246
v 0.087054 0.722943 -0.752918
v 0.109036 0.080178 -1.295938
v 0.141272 0.742718 -1.220858
v 0.083664 0.072496 -1.291987
v 0.076129 0.065599 -1.284184
v 0.067691 0.056999 -1.271900
v 0.053819 0.043305 -1.257008
v 0.039460 0.024807 -1.237375
v 0.025007 0.007878 -1.204750
v 0.024828 0.004704 -1.175087
v 0.041108 0.010203 -1.142981
v 0.060745 0.014422 -1.113302
v 0.076628 0.018903 -1.084827
v 0.083485 0.023114 -1.058930
v 0.084585 0.025859 -1.036025
v 0.081213 0.026403 -0.998321
v 0.068549 0.021949 -0.964895
v 0.064426 0.018688 -0.941630
v 0.051055 0.015251 -0.916049
v 0.052156 0.014074 -0.886873
v 0.055143 0.013289 -0.857302
v 0.053465 0.011898 -0.828907
v 0.051567 0.010724 -0.801321
v 0.055031 0.010633 -0.773167
v 0.062373 0.012001 -0.745042
v 0.076936 0.017619 -0.717354
v 0.093303 0.025252 -0.693010
v 0.105277 0.031203 -0.676118
v 0.078951 0.724299 -0.756846
v 0.075877 0.728179 -0.764078
v 0.072726 0.734106 -0.774667
v 0.069376 0.742105 -0.788405
v 0.065748 0.752007 -0.805154
v 0.061779 0.763771 -0.824707
v 0.057480 0.777487 -0.846829
v 0.053297 0.793434 -0.871249
v 0.050048 0.810915 -0.897940
v 0.049097 0.825235 -0.927191
v 0.053779 0.827713 -0.958522
v 0.062662 0.830221 -0.985285
v 0.056645 0.825526 -1.015894
v 0.071242 0.822964 -1.051268
v 0.071358 0.819572 -1.068622
v 0.075446 0.817964 -1.090833
v 0.084575 0.813123 -1.111759
v 0.095950 0.806729 -1.131738
v 0.106441 0.799443 -1.150533
v 0.113337 0.790991 -1.167633
v 0.116967 0.782616 -1.182697
v 0.119532 0.772807 -1.195151
v 0.122564 0.761897 -1.204830
v 0.125825 0.752547 -1.212050
v 0.129220 0.746039 -1.216997
v 0.146864 0.026194 -0.671553
v 0.158207 0.018411 -0.685838
v 0.163836 0.009050 -0.707280
v 0.157880 0.002430 -0.734036
v 0.150765 0.000516 -0.762365
v 0.150752 0.000637 -0.790041
v 0.154328 0.001939 -0.817776
v 0.156403 0.004612 -0.846916
v 0.156265 0.008292 -0.877040
v 0.161198 0.012237 -0.905948
v 0.174347 0.016475 -0.932552
v 0.162798 0.019850 -0.959849
v 0.171723 0.028407 -0.992937
v 0.177855 0.031363 -1.030510
v 0.177631 0.027991 -1.053949
v 0.172798 0.021708 -1.080425
v 0.160123 0.016279 -1.108256
v 0.144469 0.014936 -1.136848
v 0.133293 0.009087 -1.171371
v 0.130176 0.011987 -1.206320
v 0.142739 0.034458 -1.240329
v 0.145749 0.056493 -1.258403
v 0.139044 0.069193 -1.271834
v 0.129293 0.075742 -1.283619
v 0.119661 0.079171 -1.292266
v 0.146718 0.746438 -1.219413
v 0.153630 0.753163 -1.215771
v 0.160324 0.761997 -1.209495
v 0.165392 0.771688 -1.200248
v 0.167846 0.780967 -1.187932
v 0.167998 0.790240 -1.173034
v 0.166008 0.800581 -1.156243
v 0.160029 0.808899 -1.137664
v 0.151482 0.816522 -1.118016
v 0.144010 0.822865 -1.097736
v 0.136495 0.826425 -1.076304
v 0.127738 0.830521 -1.059430
v 0.136423 0.838554 -1.028407
v 0.118091 0.836189 -0.992213
v 0.114878 0.832873 -0.965103
v 0.111110 0.827492 -0.932599
v 0.105922 0.812583 -0.902162
v 0.102398 0.796123 -0.874216
v 0.101042 0.781170 -0.848664
v 0.100691 0.768358 -0.825464
v 0.099878 0.756397 -0.805187
v 0.098415 0.745897 -0.787944
v 0.096195 0.737131 -0.773954
v 0.093285 0.730345 -0.763346
v 0.089967 0.725665 -0.756260
v 0.105678 0.043909 -0.663767
v 0.100396 0.061769 -0.658511
v 0.102085 0.085780 -0.656682
v 0.099078 0.113309 -0.655018
v 0.084326 0.143658 -0.653300
v 0.069189 0.174839 -0.652203
v 0.084525 0.202957 -0.651391
v 0.099574 0.232757 -0.653756
v 0.106090 0.265114 -0.656621
v 0.104857 0.298849 -0.659403
v 0.103823 0.331387 -0.661986
v 0.092471 0.364760 -0.666789
v 0.089549 0.396439 -0.671435
v 0.089905 0.427243 -0.675684
v 0.077032 0.459757 -0.679838
v 0.062082 0.492923 -0.685196
v 0.058241 0.525448 -0.691129
v 0.066874 0.557762 -0.698457
v 0.073105 0.591064 -0.706650
v 0.075254 0.624031 -0.714966
v 0.073383 0.654697 -0.722652
v 0.071848 0.680658 -0.729942
v 0.073339 0.699076 -0.737886
v 0.076053 0.711236 -0.745138
v 0.079022 0.718712 -0.750444
v 0.128780 0.737271 -1.220865
v 0.123994 0.726745 -1.223626
v 0.117382 0.711755 -1.227934
v 0.107556 0.692271 -1.233412
v 0.091405 0.668165 -1.239154
v 0.066497 0.638332 -1.243997
v 0.044161 0.595267 -1.251311
v 0.036106 0.536702 -1.268520
v 0.058558 0.497261 -1.286191
v 0.066109 0.472219 -1.294343
v 0.066008 0.449345 -1.297529
v 0.056997 0.424420 -1.298583
v 0.034668 0.396586 -1.297218
v 0.008034 0.365426 -1.294485
v -0.004575 0.331508 -1.293555
v -0.007156 0.296457 -1.294685
v -0.016950 0.260736 -1.295760
v -0.025503 0.225533 -1.296679
v -0.006517 0.193368 -1.298892
v 0.010807 0.164058 -1.299941
v 0.028222 0.140382 -1.298728
v 0.040547 0.120108 -1.297214
v 0.053619 0.103099 -1.296722
v 0.066336 0.089611 -1.296598
v 0.079151 0.080654 -1.296048
v 0.146248 0.737797 -1.223379
v 0.152414 0.727448 -1.227787
v 0.158341 0.711768 -1.233887
v 0.164270 0.690504 -1.241572
v 0.171910 0.663036 -1.250754
v 0.184403 0.628651 -1.261684
v 0.204473 0.586289 -1.276275
v 0.217142 0.538541 -1.293114
v 0.227118 0.501033 -1.307084
v 0.199354 0.471733 -1.310903
v 0.179321 0.447561 -1.311164
v 0.166912 0.423908 -1.310823
v 0.143015 0.397543 -1.308281
v 0.116557 0.367041 -1.304702
v 0.104285 0.333415 -1.303233
v 0.100923 0.298745 -1.303759
v 0.096055 0.263932 -1.304558
v 0.093069 0.230084 -1.305273
v 0.103199 0.198905 -1.306696
v 0.114515 0.170900 -1.307693
v 0.119992 0.147742 -1.305170
v 0.118063 0.127822 -1.301713
v 0.119600 0.110993 -1.300058
v 0.119449 0.097215 -1.298767
v 0.115185 0.086556 -1.297077
v 0.090362 0.719858 -0.749877
v 0.094925 0.712641 -0.744345
v 0.100592 0.700629 -0.736704
v 0.108847 0.681957 -0.728333
v 0.123025 0.654716 -0.721027
v 0.139218 0.622636 -0.713008
v 0.144928 0.588355 -0.704879
v 0.141027 0.554626 -0.698227
v 0.132689 0.522084 -0.693558
v 0.132942 0.488958 -0.689521
v 0.142237 0.454967 -0.685349
v 0.151850 0.421084 -0.681396
v 0.157120 0.387718 -0.677233
v 0.165400 0.353663 -0.672705
v 0.178477 0.318647 -0.667974
v 0.188153 0.283908 -0.663555
v 0.200234 0.248389 -0.657520
v 0.213842 0.212768 -0.649400
v 0.217550 0.180417 -0.642953
v 0.195358 0.155513 -0.645185
v 0.188288 0.128841 -0.647314
v 0.185929 0.101389 -0.648670
v 0.177779 0.075538 -0.650388
v 0.164524 0.053252 -0.653144
v 0.147596 0.038361 -0.659577
v 0.164537 0.741559 -1.223675
v 0.182795 0.730880 -1.229736
v 0.201791 0.713775 -1.237473
v 0.221983 0.689963 -1.246686
v 0.244129 0.659685 -1.257056
v 0.269732 0.624340 -1.268957
v 0.294666 0.585962 -1.282187
v 0.308563 0.547102 -1.294744
v 0.316513 0.511660 -1.305564
v 0.303209 0.480296 -1.310739
v 0.291948 0.452535 -1.313110
v 0.287025 0.425947 -1.314519
v 0.283540 0.398362 -1.315379
v 0.277901 0.368516 -1.315112
v 0.268364 0.336106 -1.313763
v 0.260941 0.302954 -1.312849
v 0.245706 0.269540 -1.311098
v 0.227562 0.237125 -1.308494
v 0.218810 0.207224 -1.306584
v 0.216306 0.180538 -1.305013
v 0.211115 0.157366 -1.301960
v 0.198287 0.136617 -1.298399
v 0.183212 0.118385 -1.295201
v 0.166051 0.102754 -1.292960
v 0.145343 0.089605 -1.291880
v 0.182985 0.747950 -1.221390
v 0.212538 0.735898 -1.228597
v 0.242211 0.717419 -1.237460
v 0.268610 0.691663 -1.246526
v 0.289160 0.660078 -1.254565
v 0.312024 0.625812 -1.264295
v 0.332799 0.590338 -1.274704
v 0.345838 0.554789 -1.284045
v 0.352631 0.520408 -1.291637
v 0.355028 0.488397 -1.297989
v 0.358135 0.458503 -1.303394
v 0.358482 0.429305 -1.306281
v 0.358880 0.399662 -1.307751
v 0.354588 0.368977 -1.307401
v 0.347114 0.337081 -1.306252
v 0.339833 0.304769 -1.305074
v 0.328623 0.272611 -1.303348
v 0.313879 0.241782 -1.300503
v 0.299968 0.212971 -1.297260
v 0.290243 0.186999 -1.294313
v 0.281388 0.164188 -1.291380
v 0.268749 0.143473 -1.289163
v 0.243141 0.123723 -1.285758
v 0.210707 0.105823 -1.283159
v 0.173369 0.089746 -1.282545
v 0.199361 0.755235 -1.215798
v 0.237838 0.741931 -1.223701
v 0.273716 0.722274 -1.232721
v 0.297803 0.693976 -1.239494
v 0.317408 0.662112 -1.245940
v 0.337396 0.628855 -1.253503
v 0.355231 0.594745 -1.261348
v 0.368065 0.560363 -1.268376
v 0.375500 0.526479 -1.274108
v 0.382087 0.493939 -1.279658
v 0.390901 0.462754 -1.285408
v 0.398701 0.432178 -1.290093
v 0.398931 0.401250 -1.291930
v 0.394986 0.369831 -1.291949
v 0.391319 0.337960 -1.291343
v 0.387861 0.305976 -1.290076
v 0.379055 0.274570 -1.288027
v 0.369215 0.244621 -1.285019
v 0.358546 0.216603 -1.281643
v 0.350108 0.191117 -1.278592
v 0.338864 0.168590 -1.275259
v 0.322721 0.148182 -1.272442
v 0.294876 0.127614 -1.270414
v 0.253792 0.107139 -1.269310
v 0.202924 0.087425 -1.270056
v 0.209948 0.761766 -1.206278
v 0.253686 0.746807 -1.214044
v 0.291976 0.725356 -1.222328
v 0.316780 0.696428 -1.228090
v 0.337066 0.664875 -1.233517
v 0.355913 0.632137 -1.239412
v 0.372701 0.598620 -1.245449
v 0.386069 0.564727 -1.250969
v 0.394445 0.530939 -1.255395
v 0.402595 0.497952 -1.259889
v 0.413570 0.465903 -1.265099
v 0.425391 0.434425 -1.270415
v 0.428975 0.402839 -1.273164
v 0.427643 0.371014 -1.273681
v 0.427776 0.338927 -1.273282
v 0.428135 0.306983 -1.271775
v 0.419856 0.275845 -1.269330
v 0.410698 0.246244 -1.266008
v 0.403225 0.218672 -1.262193
v 0.396447 0.193667 -1.258439
v 0.388830 0.171696 -1.254551
v 0.370372 0.152153 -1.250567
v 0.339610 0.132249 -1.248392
v 0.294463 0.108303 -1.250008
v 0.233671 0.082264 -1.254207
v 0.215731 0.768721 -1.193571
v 0.262174 0.751839 -1.200745
v 0.301683 0.728699 -1.208213
v 0.329212 0.699642 -1.213683
v 0.350955 0.668211 -1.218353
v 0.370055 0.635554 -1.223111
v 0.386809 0.602155 -1.227921
v 0.400939 0.568351 -1.232350
v 0.410244 0.534396 -1.235694
v 0.419378 0.500985 -1.239158
v 0.431210 0.468327 -1.243446
v 0.444199 0.436262 -1.248217
v 0.451580 0.404383 -1.251540
v 0.453091 0.372289 -1.252488
v 0.454709 0.339825 -1.252246
v 0.455828 0.307750 -1.250530
v 0.451895 0.276645 -1.247710
v 0.443582 0.246920 -1.243794
v 0.436161 0.219251 -1.239192
v 0.430793 0.194456 -1.234491
v 0.424832 0.172716 -1.230165
v 0.406158 0.152661 -1.226332
v 0.374906 0.131791 -1.224042
v 0.331962 0.105424 -1.226584
v 0.260485 0.071465 -1.233297
v 0.218421 0.776731 -1.178399
v 0.266394 0.757768 -1.184844
v 0.307005 0.733216 -1.191565
v 0.336698 0.703688 -1.196769
v 0.360148 0.671946 -1.200967
v 0.379944 0.638985 -1.204886
v 0.396594 0.605287 -1.208660
v 0.411009 0.571236 -1.212109
v 0.421873 0.537019 -1.214700
v 0.432241 0.503209 -1.217273
v 0.444976 0.470061 -1.220503
v 0.458849 0.437542 -1.224196
v 0.468036 0.405390 -1.227062
v 0.471875 0.373120 -1.228001
v 0.475094 0.340407 -1.227574
v 0.477177 0.308237 -1.225882
v 0.476215 0.277220 -1.223042
v 0.469096 0.247111 -1.218386
v 0.459926 0.218818 -1.212734
v 0.451570 0.193404 -1.207121
v 0.441895 0.170239 -1.202506
v 0.421573 0.146304 -1.199558
v 0.391781 0.120830 -1.197244
v 0.354156 0.093181 -1.197685
v 0.281191 0.055982 -1.203678
v 0.219146 0.786336 -1.161403
v 0.268085 0.764968 -1.167062
v 0.308925 0.738422 -1.172883
v 0.340378 0.708058 -1.177839
v 0.365105 0.675702 -1.181741
v 0.385304 0.642212 -1.184973
v 0.401634 0.607926 -1.187794
v 0.416242 0.573429 -1.190400
v 0.428873 0.538902 -1.192435
v 0.441065 0.504701 -1.194315
v 0.455037 0.471082 -1.196501
v 0.469247 0.438099 -1.198802
v 0.477868 0.405553 -1.200235
v 0.483525 0.373060 -1.200721
v 0.488289 0.340284 -1.200107
v 0.490856 0.308301 -1.198086
v 0.490900 0.277540 -1.194980
v 0.486478 0.247409 -1.190419
v 0.476387 0.218477 -1.184026
v 0.464450 0.191895 -1.177785
v 0.450213 0.167029 -1.172618
v 0.429888 0.140644 -1.169091
v 0.401623 0.112232 -1.167959
v 0.355677 0.082588 -1.168175
v 0.270109 0.040688 -1.171417
v 0.217873 0.797316 -1.143062
v 0.268556 0.773634 -1.148121
v 0.309042 0.744257 -1.152988
v 0.341192 0.712444 -1.157481
v 0.365986 0.679100 -1.160994
v 0.386851 0.645040 -1.163894
v 0.402823 0.610081 -1.165928
v 0.417207 0.574996 -1.167675
v 0.431157 0.540093 -1.169223
v 0.444953 0.505482 -1.170522
v 0.459147 0.471326 -1.171786
v 0.471779 0.437682 -1.172925
v 0.480978 0.404521 -1.173146
v 0.488620 0.371841 -1.172893
v 0.495102 0.339118 -1.172004
v 0.498306 0.307685 -1.169358
v 0.499270 0.277368 -1.166128
v 0.495788 0.247332 -1.161134
v 0.486155 0.217807 -1.153847
v 0.472680 0.189963 -1.147214
v 0.455746 0.164211 -1.141798
v 0.435944 0.138856 -1.137226
v 0.409389 0.109516 -1.134844
v 0.349064 0.075667 -1.136176
v 0.259596 0.038253 -1.137699
v 0.215361 0.810544 -1.124101
v 0.269865 0.783800 -1.128729
v 0.309368 0.750488 -1.132581
v 0.340006 0.716467 -1.136267
v 0.364357 0.681961 -1.139437
v 0.385041 0.647192 -1.142027
v 0.400585 0.611621 -1.143375
v 0.414065 0.575888 -1.144168
v 0.427802 0.540471 -1.145052
v 0.441615 0.505413 -1.145817
v 0.454741 0.470649 -1.146324
v 0.467049 0.436048 -1.146562
v 0.478445 0.402063 -1.146035
v 0.487892 0.369744 -1.145051
v 0.495564 0.337108 -1.143150
v 0.499734 0.305792 -1.139815
v 0.501284 0.275495 -1.136146
v 0.496458 0.244809 -1.129382
v 0.487276 0.214800 -1.122022
v 0.475298 0.186371 -1.115940
v 0.460579 0.160128 -1.110840
v 0.443550 0.135718 -1.106107
v 0.418084 0.108764 -1.103045
v 0.352773 0.071637 -1.104698
v 0.264351 0.036517 -1.106919
v 0.212372 0.819450 -1.104752
v 0.273447 0.791448 -1.109249
v 0.310928 0.755557 -1.111965
v 0.338295 0.719599 -1.114870
v 0.361590 0.684074 -1.117661
v 0.381159 0.648576 -1.119743
v 0.396366 0.612575 -1.120438
v 0.408806 0.576216 -1.120191
v 0.421358 0.540154 -1.120389
v 0.434217 0.504398 -1.120420
v 0.446755 0.468571 -1.119956
v 0.459187 0.432307 -1.119349
v 0.471782 0.397737 -1.118409
v 0.482327 0.366347 -1.116728
v 0.490433 0.333474 -1.112963
v 0.494622 0.301791 -1.108271
v 0.495402 0.271006 -1.103132
v 0.491958 0.240171 -1.096610
v 0.485071 0.209906 -1.090133
v 0.475772 0.181170 -1.084976
v 0.464249 0.154298 -1.080448
v 0.450818 0.129824 -1.075620
v 0.427170 0.103315 -1.071906
v 0.361584 0.067340 -1.073820
v 0.272423 0.036621 -1.077100
v 0.210493 0.822945 -1.084556
v 0.276951 0.794626 -1.089119
v 0.311591 0.758280 -1.090699
v 0.335538 0.721324 -1.093437
v 0.356901 0.684955 -1.095895
v 0.375693 0.648909 -1.097108
v 0.390686 0.612618 -1.096653
v 0.402129 0.575843 -1.095412
v 0.413860 0.539379 -1.095813
v 0.425860 0.502980 -1.095356
v 0.437574 0.465869 -1.093318
v 0.449336 0.427879 -1.091006
v 0.461159 0.393559 -1.088488
v 0.471640 0.361553 -1.085337
v 0.480069 0.329077 -1.080880
v 0.485379 0.297529 -1.075741
v 0.487842 0.266454 -1.070160
v 0.487044 0.235285 -1.064284
v 0.482562 0.204476 -1.058875
v 0.475380 0.175245 -1.054689
v 0.465532 0.148181 -1.050443
v 0.451678 0.124179 -1.045264
v 0.425707 0.099188 -1.041373
v 0.359586 0.068725 -1.044415
v 0.273283 0.042377 -1.048782
v 0.203158 0.824225 -1.064009
v 0.268033 0.795778 -1.067661
v 0.306540 0.759592 -1.069223
v 0.331428 0.721975 -1.072932
v 0.350997 0.684803 -1.075118
v 0.368146 0.647873 -1.074789
v 0.382123 0.610856 -1.072114
v 0.393780 0.574527 -1.070878
v 0.405977 0.538420 -1.072794
v 0.417759 0.501875 -1.072591
v 0.428763 0.464480 -1.069385
v 0.439688 0.426283 -1.064824
v 0.451129 0.390968 -1.060787
v 0.461491 0.357833 -1.056545
v 0.470089 0.325415 -1.051699
v 0.476493 0.293822 -1.046397
v 0.480807 0.262659 -1.040779
v 0.482601 0.231409 -1.035200
v 0.480263 0.200304 -1.030589
v 0.474528 0.171325 -1.026570
v 0.465818 0.146098 -1.021424
v 0.451419 0.121256 -1.016711
v 0.422747 0.096447 -1.014106
v 0.356839 0.069882 -1.018818
v 0.270780 0.046665 -1.024779
v 0.194212 0.824473 -1.034210
v 0.257406 0.795752 -1.038364
v 0.296446 0.759596 -1.039329
v 0.323644 0.721600 -1.040494
v 0.340849 0.683883 -1.040134
v 0.355791 0.646339 -1.039456
v 0.369987 0.609128 -1.039200
v 0.381893 0.573561 -1.039017
v 0.393181 0.537692 -1.038498
v 0.404534 0.500945 -1.037356
v 0.416048 0.463468 -1.035603
v 0.428006 0.425081 -1.032752
v 0.440120 0.387733 -1.028315
v 0.450821 0.353301 -1.023185
v 0.459938 0.320652 -1.017812
v 0.467423 0.289170 -1.012251
v 0.473223 0.258481 -1.006586
v 0.476887 0.228276 -1.001117
v 0.477163 0.198971 -0.996153
v 0.474134 0.172524 -0.990752
v 0.467159 0.148417 -0.984768
v 0.449156 0.119728 -0.981903
v 0.410732 0.092672 -0.980445
v 0.345723 0.067509 -0.982325
v 0.261649 0.045334 -0.987275
v 0.185219 0.825549 -1.001242
v 0.246961 0.796050 -1.004957
v 0.285722 0.759478 -1.006435
v 0.311983 0.721443 -1.006513
v 0.328706 0.683438 -1.003237
v 0.342406 0.646086 -1.001204
v 0.356132 0.609217 -1.002645
v 0.369354 0.573168 -1.006014
v 0.380515 0.537423 -1.005552
v 0.391156 0.500777 -1.003467
v 0.403041 0.462833 -1.002954
v 0.416396 0.422476 -1.000898
v 0.429841 0.382891 -0.995873
v 0.441441 0.347258 -0.990071
v 0.451120 0.314547 -0.984348
v 0.459157 0.283361 -0.978746
v 0.465969 0.253252 -0.973048
v 0.471017 0.223983 -0.967455
v 0.472394 0.195159 -0.962546
v 0.469058 0.168381 -0.956781
v 0.458455 0.141480 -0.950254
v 0.434602 0.113559 -0.945311
v 0.393857 0.086924 -0.942599
v 0.338418 0.061700 -0.943572
v 0.261697 0.037896 -0.949713
v 0.181454 0.827664 -0.971557
v 0.240703 0.797873 -0.975050
v 0.277006 0.760166 -0.977053
v 0.301824 0.721568 -0.978171
v 0.320520 0.683196 -0.977505
v 0.334054 0.646011 -0.975843
v 0.346708 0.609336 -0.976252
v 0.359039 0.573062 -0.978079
v 0.370145 0.537077 -0.977808
v 0.381155 0.500355 -0.977532
v 0.393091 0.461663 -0.977751
v 0.406867 0.418433 -0.974241
v 0.421531 0.376388 -0.968188
v 0.434204 0.340190 -0.962042
v 0.444280 0.308019 -0.956270
v 0.452826 0.277350 -0.950702
v 0.459983 0.247445 -0.945233
v 0.464121 0.218371 -0.940017
v 0.463495 0.190231 -0.935111
v 0.458375 0.163054 -0.930000
v 0.447106 0.135860 -0.924853
v 0.425451 0.108710 -0.920531
v 0.391240 0.082475 -0.917841
v 0.345272 0.057351 -0.918050
v 0.277171 0.033720 -0.922907
v 0.175170 0.820380 -0.937959
v 0.234121 0.796507 -0.941706
v 0.267941 0.760894 -0.944231
v 0.291633 0.721847 -0.946459
v 0.311675 0.682898 -0.947889
v 0.324792 0.645932 -0.946646
v 0.336348 0.609610 -0.945887
v 0.347639 0.573438 -0.945916
v 0.358431 0.537125 -0.945580
v 0.369459 0.499678 -0.945905
v 0.381817 0.458684 -0.946451
v 0.396932 0.410524 -0.942900
v 0.413076 0.365427 -0.937214
v 0.426895 0.330257 -0.931332
v 0.437583 0.299752 -0.925638
v 0.446643 0.270163 -0.920123
v 0.453870 0.240889 -0.914828
v 0.456866 0.212350 -0.909921
v 0.455381 0.184518 -0.905241
v 0.449482 0.157157 -0.900733
v 0.438490 0.129991 -0.896553
v 0.420404 0.103175 -0.892934
v 0.393186 0.077117 -0.890036
v 0.353351 0.051955 -0.889326
v 0.278173 0.028526 -0.894471
v 0.162801 0.804799 -0.906163
v 0.215514 0.786142 -0.909273
v 0.254228 0.758178 -0.911516
v 0.280992 0.721882 -0.914015
v 0.301501 0.682967 -0.915962
v 0.314750 0.645935 -0.915212
v 0.325844 0.609945 -0.913855
v 0.336304 0.574197 -0.912589
v 0.346272 0.538120 -0.911270
v 0.356518 0.500073 -0.910526
v 0.368819 0.455365 -0.909628
v 0.386594 0.399179 -0.907411
v 0.404511 0.352205 -0.905024
v 0.419753 0.319142 -0.900631
v 0.431364 0.290694 -0.895234
v 0.441037 0.262646 -0.889663
v 0.448557 0.234451 -0.884324
v 0.451843 0.206293 -0.879609
v 0.450744 0.178596 -0.875152
v 0.444405 0.151307 -0.870991
v 0.432887 0.124289 -0.867078
v 0.415652 0.097692 -0.863373
v 0.391388 0.071547 -0.860172
v 0.352609 0.046105 -0.859206
v 0.277742 0.022773 -0.864302
v 0.152070 0.789042 -0.877073
v 0.198315 0.772691 -0.879446
v 0.237658 0.749334 -0.881019
v 0.269217 0.719715 -0.882182
v 0.291303 0.683070 -0.883405
v 0.304928 0.645917 -0.882872
v 0.315777 0.610197 -0.881099
v 0.325335 0.575221 -0.878251
v 0.333849 0.540111 -0.873958
v 0.342871 0.501712 -0.869899
v 0.354451 0.454312 -0.866130
v 0.375082 0.390369 -0.867268
v 0.394591 0.344741 -0.870535
v 0.411555 0.311045 -0.869336
v 0.425169 0.281633 -0.865354
v 0.436050 0.254412 -0.859822
v 0.443716 0.227436 -0.854294
v 0.447937 0.200016 -0.849384
v 0.447152 0.172841 -0.844935
v 0.439522 0.146044 -0.840969
v 0.426615 0.119459 -0.837107
v 0.410406 0.092887 -0.833131
v 0.389071 0.066277 -0.829524
v 0.350677 0.040413 -0.828532
v 0.281955 0.016869 -0.832689
v 0.145131 0.776643 -0.850015
v 0.186556 0.761619 -0.851564
v 0.223356 0.740012 -0.852321
v 0.255629 0.713976 -0.852026
v 0.281192 0.682568 -0.851251
v 0.295979 0.646248 -0.850282
v 0.306774 0.610337 -0.848239
v 0.315684 0.575847 -0.843856
v 0.322797 0.540962 -0.834966
v 0.332422 0.499780 -0.827422
v 0.345817 0.451238 -0.823356
v 0.364342 0.396087 -0.826074
v 0.382961 0.349855 -0.830467
v 0.401362 0.309609 -0.834186
v 0.418373 0.273910 -0.835246
v 0.431107 0.245546 -0.830697
v 0.438353 0.219777 -0.824844
v 0.441589 0.193915 -0.819475
v 0.437679 0.168037 -0.815124
v 0.428446 0.141997 -0.811309
v 0.415804 0.115683 -0.807549
v 0.400451 0.089001 -0.803687
v 0.380337 0.062023 -0.800143
v 0.346928 0.035586 -0.798533
v 0.283118 0.012146 -0.802095
v 0.140447 0.766798 -0.825098
v 0.178197 0.753426 -0.825523
v 0.212342 0.733283 -0.825132
v 0.243581 0.709253 -0.823269
v 0.270738 0.681082 -0.820468
v 0.287784 0.646247 -0.818383
v 0.299183 0.610105 -0.816223
v 0.308397 0.574568 -0.812665
v 0.315759 0.536388 -0.804316
v 0.325267 0.494331 -0.797114
v 0.338162 0.448519 -0.793043
v 0.354044 0.400611 -0.793117
v 0.371442 0.354840 -0.795153
v 0.390303 0.310814 -0.799335
v 0.409264 0.269637 -0.804444
v 0.423468 0.239042 -0.801248
v 0.432101 0.213065 -0.795326
v 0.434542 0.188487 -0.789605
v 0.427390 0.163941 -0.785468
v 0.415997 0.138676 -0.782002
v 0.402772 0.112666 -0.778584
v 0.387593 0.086021 -0.775101
v 0.368577 0.058938 -0.771864
v 0.338839 0.032339 -0.770180
v 0.275239 0.009831 -0.774403
v 0.134968 0.755752 -0.803613
v 0.169424 0.745010 -0.802436
v 0.202081 0.728023 -0.800112
v 0.232338 0.706046 -0.796328
v 0.259837 0.679222 -0.791579
v 0.279351 0.645314 -0.787517
v 0.291347 0.608517 -0.783859
v 0.299796 0.570997 -0.780315
v 0.306758 0.531588 -0.775130
v 0.315198 0.490339 -0.770003
v 0.326652 0.447218 -0.765962
v 0.340873 0.402794 -0.763971
v 0.357458 0.358272 -0.763833
v 0.376722 0.313227 -0.766619
v 0.397768 0.268193 -0.773249
v 0.414864 0.233931 -0.771510
v 0.424437 0.207438 -0.765930
v 0.425165 0.184404 -0.760048
v 0.415673 0.161023 -0.756136
v 0.402699 0.136297 -0.753107
v 0.388859 0.110503 -0.750158
v 0.373837 0.083945 -0.747146
v 0.355806 0.056957 -0.744341
v 0.327091 0.030782 -0.743230
v 0.263619 0.009523 -0.748300
v 0.128517 0.745468 -0.785409
v 0.159119 0.737016 -0.782540
v 0.189575 0.722806 -0.778059
v 0.219602 0.703649 -0.771757
v 0.247308 0.677422 -0.765446
v 0.268025 0.643722 -0.759917
v 0.280509 0.606102 -0.754581
v 0.288826 0.567422 -0.750573
v 0.294960 0.528057 -0.746826
v 0.300895 0.488036 -0.743587
v 0.309794 0.447009 -0.740368
v 0.321962 0.404976 -0.737943
v 0.336878 0.362374 -0.737367
v 0.354529 0.319524 -0.738775
v 0.376172 0.275438 -0.741738
v 0.397795 0.235436 -0.741141
v 0.406666 0.207414 -0.736741
v 0.405363 0.184247 -0.731591
v 0.397286 0.160407 -0.727816
v 0.385583 0.135379 -0.725030
v 0.372531 0.109444 -0.722494
v 0.358649 0.082824 -0.719890
v 0.341667 0.056044 -0.717572
v 0.313718 0.030628 -0.717110
v 0.256466 0.010511 -0.721946
v 0.120690 0.736373 -0.770810
v 0.146492 0.729361 -0.766437
v 0.173839 0.717701 -0.759711
v 0.202795 0.700687 -0.751072
v 0.230268 0.672591 -0.744890
v 0.252724 0.639103 -0.738711
v 0.265399 0.601580 -0.732192
v 0.273656 0.563170 -0.726361
v 0.277692 0.524916 -0.722372
v 0.279310 0.486602 -0.720969
v 0.284315 0.447612 -0.719567
v 0.293375 0.407914 -0.718130
v 0.305726 0.367760 -0.717257
v 0.321362 0.327399 -0.716684
v 0.340769 0.286646 -0.715784
v 0.361680 0.247528 -0.713162
v 0.375942 0.214880 -0.708611
v 0.379345 0.187812 -0.703721
v 0.374983 0.161828 -0.700053
v 0.365090 0.135849 -0.697671
v 0.353107 0.109527 -0.695727
v 0.340184 0.082843 -0.693797
v 0.322937 0.056589 -0.692417
v 0.295497 0.032417 -0.692700
v 0.243049 0.015115 -0.697876
v 0.111501 0.728857 -0.759973
v 0.131171 0.722162 -0.754703
v 0.152700 0.710719 -0.747024
v 0.177500 0.693086 -0.737766
v 0.207075 0.665013 -0.730703
v 0.234009 0.631953 -0.723504
v 0.245582 0.594991 -0.716122
v 0.247955 0.558025 -0.710271
v 0.243668 0.522217 -0.708259
v 0.242119 0.486058 -0.707073
v 0.246386 0.449086 -0.705177
v 0.254059 0.411608 -0.703208
v 0.263991 0.373794 -0.701404
v 0.277536 0.335653 -0.699068
v 0.295380 0.297358 -0.695482
v 0.315402 0.259927 -0.690342
v 0.331960 0.225265 -0.684703
v 0.343826 0.193818 -0.678459
v 0.346847 0.164755 -0.673796
v 0.339161 0.137643 -0.671668
v 0.326954 0.111149 -0.670792
v 0.312816 0.084767 -0.670401
v 0.294868 0.059208 -0.670472
v 0.268029 0.036602 -0.671936
v 0.218127 0.022979 -0.678664
v 0.101256 0.723332 -0.752963
v 0.113663 0.716393 -0.747375
v 0.127679 0.704584 -0.739463
v 0.145216 0.685978 -0.730456
v 0.171772 0.657870 -0.722806
v 0.203014 0.624496 -0.714344
v 0.212143 0.588734 -0.706596
v 0.204099 0.554665 -0.702059
v 0.194549 0.521220 -0.699802
v 0.192329 0.486911 -0.697502
v 0.197242 0.451713 -0.694591
v 0.205022 0.416149 -0.691545
v 0.213527 0.380436 -0.688411
v 0.224778 0.344332 -0.684822
v 0.239528 0.307895 -0.680406
v 0.255807 0.271696 -0.674853
v 0.273503 0.236018 -0.667756
v 0.291258 0.201422 -0.659356
v 0.299091 0.169952 -0.653247
v 0.290321 0.142811 -0.651808
v 0.278780 0.116512 -0.652077
v 0.266442 0.090195 -0.653017
v 0.249102 0.065264 -0.654929
v 0.222377 0.044493 -0.658776
v 0.185207 0.031514 -0.665587
v 0.068648 0.719758 -0.754541
v 0.058588 0.711467 -0.749773
v 0.048593 0.698568 -0.743193
v 0.038526 0.680452 -0.735415
v 0.028877 0.656296 -0.727340
v 0.019379 0.626944 -0.719212
v 0.007720 0.595050 -0.710591
v -0.003916 0.562702 -0.702723
v -0.012476 0.531210 -0.696480
v -0.013178 0.500124 -0.691785
v -0.008922 0.469043 -0.687344
v 0.001042 0.437744 -0.683945
v 0.001558 0.407755 -0.680601
v -0.001111 0.378092 -0.676916
v -0.003418 0.348229 -0.673249
v -0.007340 0.317959 -0.671174
v -0.008168 0.286264 -0.670493
v -0.014735 0.255168 -0.670448
v -0.018137 0.222981 -0.669805
v -0.010076 0.187963 -0.669550
v 0.005936 0.154696 -0.669048
v 0.027724 0.122453 -0.669225
v 0.043550 0.092910 -0.671769
v 0.056914 0.066793 -0.674414
v 0.074816 0.045287 -0.676614
v 0.059094 0.722728 -0.762090
v 0.042844 0.713219 -0.757951
v 0.026499 0.699710 -0.751840
v 0.009488 0.682013 -0.744072
v -0.008143 0.659202 -0.735467
v -0.026171 0.630755 -0.726874
v -0.045754 0.599851 -0.717835
v -0.058093 0.568217 -0.711441
v -0.061673 0.537042 -0.707923
v -0.063524 0.506407 -0.704833
v -0.066764 0.476288 -0.701290
v -0.069534 0.446541 -0.697852
v -0.074382 0.417445 -0.694620
v -0.080961 0.388888 -0.691485
v -0.088871 0.360647 -0.688488
v -0.092601 0.331383 -0.686594
v -0.087499 0.300144 -0.687492
v -0.080125 0.267329 -0.689286
v -0.069832 0.232095 -0.689695
v -0.053711 0.194380 -0.689986
v -0.037802 0.159972 -0.689675
v -0.021006 0.127502 -0.689194
v -0.001395 0.096543 -0.691826
v 0.024408 0.068566 -0.695102
v 0.052863 0.044051 -0.695980
v 0.050260 0.727402 -0.772987
v 0.028377 0.717027 -0.769122
v 0.006603 0.703067 -0.763237
v -0.015697 0.685362 -0.755583
v -0.038966 0.663245 -0.746700
v -0.062966 0.635557 -0.737585
v -0.086507 0.605166 -0.728594
v -0.096952 0.573632 -0.724116
v -0.099408 0.542331 -0.722082
v -0.102013 0.511572 -0.719813
v -0.107123 0.481405 -0.716807
v -0.114147 0.451836 -0.713428
v -0.121548 0.422770 -0.710131
v -0.127650 0.394078 -0.707268
v -0.131842 0.365620 -0.705047
v -0.131971 0.336478 -0.704482
v -0.124763 0.305391 -0.706981
v -0.113812 0.272417 -0.709913
v -0.099447 0.235655 -0.711449
v -0.083461 0.197967 -0.712247
v -0.067901 0.162745 -0.713519
v -0.053213 0.129258 -0.714810
v -0.034567 0.096802 -0.717260
v -0.003803 0.067351 -0.719828
v 0.030790 0.040444 -0.720474
v 0.041723 0.734295 -0.786775
v 0.015060 0.722974 -0.783070
v -0.010369 0.707669 -0.777760
v -0.036074 0.689176 -0.770560
v -0.062738 0.667220 -0.761726
v -0.089485 0.640737 -0.752317
v -0.111456 0.610403 -0.744604
v -0.122057 0.578570 -0.741164
v -0.128185 0.547017 -0.738931
v -0.133345 0.515982 -0.736532
v -0.139459 0.485447 -0.733551
v -0.146466 0.455408 -0.730215
v -0.152402 0.425793 -0.727262
v -0.155966 0.396694 -0.725160
v -0.157801 0.368505 -0.723707
v -0.155276 0.340034 -0.724855
v -0.145355 0.307372 -0.730128
v -0.132678 0.273623 -0.733646
v -0.118159 0.236441 -0.736460
v -0.103911 0.200048 -0.738627
v -0.089486 0.164652 -0.741418
v -0.074542 0.129618 -0.744382
v -0.056604 0.095754 -0.746849
v -0.026233 0.064719 -0.747883
v 0.012199 0.036585 -0.747830
v 0.033444 0.743183 -0.803376
v 0.003250 0.730278 -0.800021
v -0.025336 0.713816 -0.795056
v -0.053632 0.694641 -0.788175
v -0.081759 0.672290 -0.779721
v -0.108601 0.645971 -0.770669
v -0.128375 0.615072 -0.764097
v -0.139544 0.582801 -0.761325
v -0.148011 0.551019 -0.758968
v -0.155794 0.519689 -0.756018
v -0.163559 0.488719 -0.752516
v -0.170768 0.458145 -0.748984
v -0.174037 0.427887 -0.747040
v -0.172369 0.398051 -0.747381
v -0.170855 0.369554 -0.747653
v -0.167573 0.340645 -0.749406
v -0.156042 0.303684 -0.757291
v -0.143475 0.268774 -0.761501
v -0.130864 0.233708 -0.764627
v -0.117999 0.198716 -0.768027
v -0.104260 0.163852 -0.771718
v -0.089032 0.128873 -0.775131
v -0.070514 0.094469 -0.777211
v -0.041082 0.062244 -0.777231
v 0.000585 0.034226 -0.776195
v 0.025205 0.753911 -0.822659
v -0.008037 0.739262 -0.819569
v -0.039391 0.721656 -0.814807
v -0.069607 0.701712 -0.808215
v -0.097452 0.678032 -0.800569
v -0.122583 0.650611 -0.792364
v -0.140051 0.618548 -0.786934
v -0.152218 0.586086 -0.784508
v -0.162340 0.554443 -0.781824
v -0.171304 0.522833 -0.778364
v -0.179541 0.491282 -0.774401
v -0.186393 0.460165 -0.770589
v -0.188221 0.429373 -0.769083
v -0.182760 0.397942 -0.772043
v -0.177848 0.366840 -0.775066
v -0.173110 0.335104 -0.778263
v -0.163806 0.299232 -0.784450
v -0.152532 0.263861 -0.789871
v -0.141132 0.229326 -0.794082
v -0.128770 0.194663 -0.797496
v -0.114676 0.160317 -0.800954
v -0.097152 0.126219 -0.803814
v -0.076599 0.092531 -0.805718
v -0.049028 0.060267 -0.806188
v -0.007007 0.032460 -0.804778
v 0.016787 0.766417 -0.844434
v -0.019503 0.749846 -0.841456
v -0.052996 0.730586 -0.837030
v -0.084138 0.709314 -0.831058
v -0.110483 0.683693 -0.824745
v -0.132233 0.654045 -0.818607
v -0.147937 0.620428 -0.815302
v -0.161302 0.587248 -0.812710
v -0.172146 0.557484 -0.808109
v -0.180756 0.525816 -0.803761
v -0.187604 0.493091 -0.799430
v -0.192498 0.461055 -0.795087
v -0.193743 0.430648 -0.793407
v -0.188095 0.397378 -0.798502
v -0.182279 0.363748 -0.803592
v -0.177140 0.329908 -0.807835
v -0.170197 0.294923 -0.812842
v -0.160936 0.259906 -0.818781
v -0.150539 0.225500 -0.823886
v -0.138412 0.190574 -0.826891
v -0.123678 0.156245 -0.829688
v -0.104301 0.122956 -0.832160
v -0.082495 0.090152 -0.834127
v -0.055505 0.058493 -0.835058
v -0.011354 0.031628 -0.833315
v 0.008076 0.780551 -0.868455
v -0.031733 0.761617 -0.865461
v -0.066456 0.739705 -0.861747
v -0.096681 0.715924 -0.857203
v -0.121635 0.688703 -0.852399
v -0.140049 0.656820 -0.848691
v -0.155399 0.621419 -0.846726
v -0.170567 0.585635 -0.844751
v -0.178190 0.561735 -0.836753
v -0.184272 0.529696 -0.831934
v -0.189036 0.494507 -0.827736
v -0.192116 0.460225 -0.823416
v -0.192638 0.430567 -0.822997
v -0.189243 0.396273 -0.828100
v -0.184719 0.361021 -0.833293
v -0.180424 0.325889 -0.837644
v -0.175335 0.290596 -0.842247
v -0.168033 0.255510 -0.848395
v -0.158842 0.221287 -0.853418
v -0.146998 0.186268 -0.856026
v -0.131907 0.152143 -0.858444
v -0.111617 0.119570 -0.860708
v -0.089304 0.087577 -0.862790
v -0.061988 0.056800 -0.864036
v -0.014927 0.031230 -0.862288
v -0.000514 0.795270 -0.894550
v -0.045333 0.773852 -0.891163
v -0.081772 0.749148 -0.888119
v -0.109592 0.722554 -0.885511
v -0.131371 0.692890 -0.882356
v -0.147299 0.659300 -0.879863
v -0.161777 0.624433 -0.877666
v -0.174860 0.592429 -0.873656
v -0.179812 0.570124 -0.864838
v -0.184592 0.535242 -0.861179
v -0.187593 0.497095 -0.859130
v -0.189663 0.461205 -0.856629
v -0.190056 0.429080 -0.856591
v -0.188735 0.394342 -0.859891
v -0.185847 0.358328 -0.864011
v -0.182885 0.322004 -0.867931
v -0.179398 0.285543 -0.872071
v -0.173596 0.249644 -0.877302
v -0.165541 0.214893 -0.881392
v -0.154713 0.180798 -0.884411
v -0.139621 0.147742 -0.887049
v -0.118694 0.116018 -0.889147
v -0.096243 0.084782 -0.891504
v -0.069487 0.054758 -0.893474
v -0.022200 0.030031 -0.892131
v -0.007295 0.807367 -0.922741
v -0.057946 0.784201 -0.918666
v -0.097925 0.757987 -0.916054
v -0.122846 0.729344 -0.915819
v -0.139716 0.696202 -0.913531
v -0.154191 0.661514 -0.911228
v -0.167559 0.628161 -0.908249
v -0.176666 0.600325 -0.902381
v -0.181236 0.571469 -0.896642
v -0.183943 0.539482 -0.890849
v -0.186057 0.501321 -0.889655
v -0.187024 0.468306 -0.886808
v -0.186965 0.431399 -0.888288
v -0.187097 0.393615 -0.891575
v -0.186133 0.356032 -0.895036
v -0.184833 0.318468 -0.898435
v -0.182819 0.281008 -0.902055
v -0.178617 0.244435 -0.906268
v -0.172144 0.209121 -0.909808
v -0.162332 0.175557 -0.913015
v -0.146139 0.143486 -0.915113
v -0.124787 0.112409 -0.916893
v -0.101655 0.081860 -0.919617
v -0.072470 0.053215 -0.922137
v -0.023494 0.030345 -0.921021
v -0.009226 0.811977 -0.952908
v -0.064071 0.789559 -0.948694
v -0.105027 0.762568 -0.946797
v -0.131281 0.732968 -0.947806
v -0.147008 0.698956 -0.945544
v -0.160851 0.664062 -0.942510
v -0.172837 0.632082 -0.938513
v -0.178199 0.605647 -0.932079
v -0.180623 0.576294 -0.925118
v -0.182282 0.540721 -0.922215
v -0.183626 0.506477 -0.919527
v -0.183498 0.474892 -0.917004
v -0.182552 0.433978 -0.919879
v -0.184073 0.393062 -0.923301
v -0.185573 0.353721 -0.926181
v -0.186164 0.315123 -0.928970
v -0.185594 0.277442 -0.932319
v -0.183463 0.241370 -0.936527
v -0.178888 0.205119 -0.939567
v -0.169853 0.170864 -0.941897
v -0.151991 0.139340 -0.942056
v -0.130098 0.108816 -0.943062
v -0.104904 0.079271 -0.945556
v -0.069327 0.052969 -0.947275
v -0.014885 0.032433 -0.946133
v -0.006050 0.812068 -0.980789
v -0.067670 0.791310 -0.976331
v -0.108653 0.762361 -0.973009
v -0.138157 0.729966 -0.971813
v -0.154014 0.700482 -0.974307
v -0.166236 0.668184 -0.970821
v -0.174154 0.642137 -0.962744
v -0.177431 0.614698 -0.955148
v -0.179175 0.578910 -0.952555
v -0.180732 0.538830 -0.952435
v -0.180466 0.502387 -0.950944
v -0.178580 0.469100 -0.950833
v -0.177030 0.432286 -0.951339
v -0.180313 0.391393 -0.952970
v -0.183611 0.350914 -0.954848
v -0.185739 0.311507 -0.956693
v -0.187108 0.274095 -0.959577
v -0.187333 0.239935 -0.964720
v -0.183825 0.201589 -0.966680
v -0.175162 0.166111 -0.967611
v -0.156484 0.135238 -0.965950
v -0.134291 0.105463 -0.966156
v -0.105098 0.077674 -0.967356
v -0.063189 0.053811 -0.967822
v -0.005680 0.035035 -0.966887
v -0.000759 0.808460 -1.011802
v -0.065457 0.790280 -1.007687
v -0.111434 0.763559 -1.005074
v -0.143681 0.730018 -1.003732
v -0.162111 0.697649 -1.001800
v -0.171932 0.674838 -1.001873
v -0.174423 0.654885 -0.992631
v -0.175769 0.619234 -0.987920
v -0.177239 0.580634 -0.986644
v -0.178176 0.544096 -0.985238
v -0.177415 0.501197 -0.988666
v -0.175979 0.468461 -0.987546
v -0.173960 0.431105 -0.986899
v -0.176603 0.387867 -0.987832
v -0.180123 0.346211 -0.988616
v -0.183184 0.305293 -0.988431
v -0.186238 0.264326 -0.987241
v -0.188076 0.226444 -0.988662
v -0.185492 0.189442 -0.992175
v -0.175702 0.158492 -0.997754
v -0.161185 0.128598 -1.001478
v -0.141868 0.099159 -1.003563
v -0.107373 0.073709 -1.004226
v -0.058509 0.052608 -1.003861
v 0.003725 0.036192 -1.001990
v 0.003125 0.807875 -1.040294
v -0.060721 0.791117 -1.035793
v -0.110316 0.767491 -1.032519
v -0.142625 0.736180 -1.029903
v -0.162284 0.704684 -1.026794
v -0.171171 0.681688 -1.022058
v -0.173691 0.656669 -1.023048
v -0.174600 0.620155 -1.024315
v -0.175425 0.579692 -1.023285
v -0.175401 0.545831 -1.021163
v -0.175713 0.507252 -1.022317
v -0.174265 0.470174 -1.022141
v -0.171747 0.425076 -1.022908
v -0.173282 0.381928 -1.023387
v -0.176340 0.342259 -1.023543
v -0.178712 0.302656 -1.023533
v -0.181810 0.263004 -1.022941
v -0.186238 0.223870 -1.021717
v -0.186695 0.188496 -1.025609
v -0.179172 0.155301 -1.034410
v -0.168089 0.123437 -1.040254
v -0.151765 0.093147 -1.042704
v -0.118035 0.067500 -1.044146
v -0.066770 0.047210 -1.043759
v 0.002442 0.033197 -1.040979
v 0.004047 0.809463 -1.062415
v -0.054616 0.792492 -1.057304
v -0.104118 0.770434 -1.052949
v -0.138688 0.741156 -1.048581
v -0.159251 0.710480 -1.044021
v -0.167368 0.684525 -1.042518
v -0.171326 0.652579 -1.045688
v -0.173630 0.618195 -1.051164
v -0.174607 0.581343 -1.054159
v -0.174814 0.545894 -1.056262
v -0.174756 0.507564 -1.053912
v -0.172990 0.470049 -1.052885
v -0.170623 0.424389 -1.052940
v -0.172067 0.381248 -1.053131
v -0.174782 0.341561 -1.053215
v -0.177389 0.302330 -1.053260
v -0.180490 0.262043 -1.052254
v -0.184785 0.219716 -1.048862
v -0.185992 0.185283 -1.052441
v -0.181315 0.152375 -1.060000
v -0.171881 0.120494 -1.064962
v -0.156572 0.090182 -1.067182
v -0.125621 0.063956 -1.068348
v -0.073454 0.043923 -1.067588
v -0.001438 0.030402 -1.064267
v 0.009755 0.809350 -1.084897
v -0.043828 0.791096 -1.079528
v -0.092315 0.769960 -1.074647
v -0.130299 0.743932 -1.069285
v -0.152385 0.713236 -1.063491
v -0.162149 0.680124 -1.064673
v -0.166914 0.647475 -1.071687
v -0.170865 0.612604 -1.076880
v -0.173544 0.577677 -1.082011
v -0.174594 0.542146 -1.086262
v -0.174575 0.505223 -1.087936
v -0.172882 0.467563 -1.088704
v -0.170385 0.423563 -1.086146
v -0.171429 0.380800 -1.085635
v -0.174136 0.341053 -1.085731
v -0.177026 0.301905 -1.085779
v -0.180004 0.262479 -1.085578
v -0.183302 0.222295 -1.084444
v -0.186128 0.183789 -1.084758
v -0.185476 0.148570 -1.090040
v -0.176788 0.117133 -1.093347
v -0.161743 0.087415 -1.094834
v -0.134893 0.060468 -1.095276
v -0.085032 0.039571 -1.094202
v -0.010967 0.026420 -1.090407
v 0.021562 0.804338 -1.106103
v -0.028785 0.785863 -1.101008
v -0.074291 0.764678 -1.096581
v -0.113197 0.740560 -1.092552
v -0.140099 0.711572 -1.089490
v -0.153169 0.676503 -1.090789
v -0.160986 0.640528 -1.095664
v -0.166335 0.606593 -1.102205
v -0.170260 0.571966 -1.107447
v -0.173273 0.536144 -1.111392
v -0.174163 0.499789 -1.114676
v -0.173817 0.462142 -1.116959
v -0.172688 0.421235 -1.117443
v -0.172741 0.379362 -1.118225
v -0.175661 0.339631 -1.118914
v -0.179276 0.300439 -1.118917
v -0.182977 0.261118 -1.118754
v -0.186800 0.221553 -1.118925
v -0.190790 0.181967 -1.120036
v -0.192435 0.144716 -1.123134
v -0.183159 0.114047 -1.123538
v -0.167859 0.085315 -1.123354
v -0.145014 0.057642 -1.123211
v -0.102594 0.034084 -1.122527
v -0.028725 0.021000 -1.118945
v 0.036093 0.796730 -1.126289
v -0.012945 0.779153 -1.121670
v -0.056152 0.758305 -1.118030
v -0.094270 0.735167 -1.115436
v -0.123687 0.708116 -1.114039
v -0.142375 0.675318 -1.114914
v -0.152921 0.635357 -1.120267
v -0.159953 0.599684 -1.125663
v -0.164681 0.565988 -1.131013
v -0.168621 0.530981 -1.135697
v -0.171259 0.494844 -1.139688
v -0.172809 0.457656 -1.142944
v -0.173742 0.419049 -1.145774
v -0.175084 0.379236 -1.148467
v -0.178110 0.339685 -1.151233
v -0.181688 0.299985 -1.151375
v -0.185637 0.259584 -1.150568
v -0.190069 0.218303 -1.151199
v -0.193890 0.178541 -1.152541
v -0.193780 0.144239 -1.152434
v -0.186845 0.113557 -1.151560
v -0.173190 0.084725 -1.150949
v -0.150889 0.057469 -1.150585
v -0.113674 0.032385 -1.150331
v -0.048764 0.015092 -1.148880
v 0.051076 0.787815 -1.145206
v 0.002467 0.771734 -1.141126
v -0.040080 0.752241 -1.138323
v -0.077708 0.730127 -1.136775
v -0.108049 0.704512 -1.136183
v -0.131088 0.672864 -1.136512
v -0.145665 0.628319 -1.140316
v -0.152095 0.593998 -1.147372
v -0.156913 0.561260 -1.153993
v -0.161524 0.526612 -1.159484
v -0.164712 0.490761 -1.163831
v -0.167153 0.454103 -1.167398
v -0.169812 0.416509 -1.170642
v -0.173012 0.378043 -1.173756
v -0.176788 0.339144 -1.176777
v -0.180804 0.299660 -1.178240
v -0.185030 0.259211 -1.178184
v -0.189796 0.218103 -1.178947
v -0.193488 0.179576 -1.180106
v -0.192717 0.145426 -1.179331
v -0.187594 0.114029 -1.178235
v -0.176307 0.085039 -1.177709
v -0.153610 0.059476 -1.177412
v -0.120191 0.034787 -1.178414
v -0.064367 0.011551 -1.180558
v 0.063178 0.779084 -1.162536
v 0.017251 0.763627 -1.158992
v -0.024967 0.746019 -1.157136
v -0.062314 0.724847 -1.156782
v -0.094373 0.700010 -1.157873
v -0.118945 0.669058 -1.160151
v -0.133021 0.628844 -1.164016
v -0.140461 0.592649 -1.170247
v -0.146253 0.557839 -1.176678
v -0.151140 0.522594 -1.182360
v -0.154050 0.486955 -1.186814
v -0.157326 0.450812 -1.190604
v -0.161513 0.413958 -1.193974
v -0.166159 0.376420 -1.197132
v -0.171143 0.338311 -1.200098
v -0.175781 0.299566 -1.202313
v -0.180647 0.260070 -1.203308
v -0.186037 0.220290 -1.204815
v -0.190434 0.181744 -1.206421
v -0.189404 0.146238 -1.205283
v -0.182405 0.115037 -1.203576
v -0.169554 0.087272 -1.202732
v -0.146580 0.064128 -1.202180
v -0.114356 0.042768 -1.203384
v -0.056855 0.020622 -1.207358
v 0.072348 0.770854 -1.177936
v 0.030643 0.755855 -1.175007
v -0.009749 0.739594 -1.174086
v -0.046963 0.719850 -1.174952
v -0.080337 0.696192 -1.177625
v -0.104700 0.665551 -1.181520
v -0.118358 0.627944 -1.185975
v -0.126639 0.590407 -1.191726
v -0.132391 0.553935 -1.197947
v -0.135675 0.518153 -1.203484
v -0.138669 0.482819 -1.208451
v -0.143172 0.447314 -1.212643
v -0.148855 0.411290 -1.216185
v -0.154790 0.374707 -1.219508
v -0.160979 0.337454 -1.222512
v -0.166275 0.299509 -1.225000
v -0.172200 0.260853 -1.226733
v -0.178669 0.221534 -1.228724
v -0.183764 0.181882 -1.230023
v -0.180112 0.147295 -1.228290
v -0.168968 0.117981 -1.226134
v -0.150526 0.092583 -1.224923
v -0.124835 0.070662 -1.224880
v -0.090808 0.051121 -1.226853
v -0.037443 0.033943 -1.231929
v 0.080800 0.762178 -1.191034
v 0.044161 0.748145 -1.188895
v 0.007063 0.732830 -1.188867
v -0.029765 0.714877 -1.190826
v -0.063542 0.692339 -1.194668
v -0.087284 0.661498 -1.199495
v -0.101306 0.624110 -1.204434
v -0.110265 0.585807 -1.210608
v -0.115203 0.548408 -1.217296
v -0.116025 0.512577 -1.223229
v -0.118130 0.477860 -1.228721
v -0.123501 0.443283 -1.233308
v -0.130769 0.408296 -1.237002
v -0.138165 0.372738 -1.240326
v -0.145341 0.336391 -1.243216
v -0.151343 0.299200 -1.245856
v -0.158909 0.261123 -1.248241
v -0.167097 0.221169 -1.250272
v -0.173425 0.178451 -1.250113
v -0.167082 0.147266 -1.248673
v -0.151108 0.121050 -1.246387
v -0.127721 0.097867 -1.244946
v -0.099879 0.077249 -1.245211
v -0.067033 0.058999 -1.247493
v -0.019623 0.045635 -1.251795
v 0.090243 0.753305 -1.201729
v 0.059285 0.740724 -1.200569
v 0.026937 0.726022 -1.201398
v -0.007364 0.708800 -1.204111
v -0.040590 0.686730 -1.208558
v -0.065157 0.656165 -1.214102
v -0.079889 0.618158 -1.219707
v -0.089889 0.578635 -1.226669
v -0.093537 0.540446 -1.234540
v -0.091065 0.505185 -1.241463
v -0.091199 0.471677 -1.247380
v -0.096546 0.438525 -1.252176
v -0.105873 0.404843 -1.255794
v -0.115294 0.370380 -1.258670
v -0.123266 0.334967 -1.261173
v -0.130152 0.298464 -1.263870
v -0.139827 0.260874 -1.266761
v -0.148921 0.222249 -1.269212
v -0.154576 0.182699 -1.268929
v -0.148492 0.150445 -1.267374
v -0.127071 0.125018 -1.264271
v -0.100441 0.103158 -1.262519
v -0.073886 0.083244 -1.263028
v -0.045268 0.065712 -1.265538
v -0.000362 0.055379 -1.268764
v 0.101175 0.745597 -1.210166
v 0.077139 0.734246 -1.210131
v 0.051290 0.719739 -1.211857
v 0.022086 0.702134 -1.215125
v -0.010042 0.680185 -1.219670
v -0.038174 0.650321 -1.225212
v -0.054608 0.610814 -1.231605
v -0.065014 0.568290 -1.240282
v -0.065395 0.529029 -1.250306
v -0.059735 0.495383 -1.258700
v -0.057592 0.464212 -1.264900
v -0.062296 0.433152 -1.269243
v -0.073064 0.401082 -1.271983
v -0.085161 0.367795 -1.273737
v -0.093971 0.333232 -1.275444
v -0.101170 0.297418 -1.277918
v -0.112831 0.260501 -1.280798
v -0.123677 0.223150 -1.282995
v -0.129383 0.186293 -1.283715
v -0.119073 0.154097 -1.281697
v -0.092447 0.129595 -1.278594
v -0.067697 0.108007 -1.277332
v -0.045197 0.088377 -1.278266
v -0.020991 0.071751 -1.280770
v 0.020400 0.063781 -1.282573
v 0.113813 0.740100 -1.216503
v 0.098594 0.729360 -1.217761
v 0.081217 0.714746 -1.220592
v 0.059732 0.696321 -1.224607
v 0.031262 0.673853 -1.229114
v -0.001944 0.644880 -1.233599
v -0.023550 0.603029 -1.240277
v -0.034777 0.553091 -1.252543
v -0.026056 0.512810 -1.266538
v -0.016145 0.483053 -1.275928
v -0.011673 0.455918 -1.281480
v -0.016187 0.427805 -1.284472
v -0.029472 0.397828 -1.285489
v -0.046796 0.365735 -1.285333
v -0.057067 0.331705 -1.285670
v -0.062370 0.296454 -1.287403
v -0.074242 0.260225 -1.289305
v -0.086755 0.223896 -1.290669
v -0.082509 0.189463 -1.291656
v -0.066438 0.158991 -1.291147
v -0.043016 0.134528 -1.289666
v -0.025308 0.112722 -1.289184
v -0.006132 0.094323 -1.289847
v 0.016307 0.080131 -1.290984
v 0.047017 0.072788 -1.291383
v 0.085059 0.853335 -0.991488
v 0.083724 0.840561 -1.019401
v 0.088465 0.850973 -1.047777
v 0.105599 0.855103 -1.051604
v 0.103852 0.847067 -1.024706
v 0.099664 0.855833 -0.993753
v 0.090156 0.885077 -0.978195
v 0.089368 0.889668 -0.982646
v 0.093857 0.887242 -0.986580
v 0.093536 0.886016 -0.979437
v 0.093549 0.900589 -1.061755
v 0.094599 0.897906 -1.067818
v 0.098039 0.898081 -1.068221
v 0.097650 0.901604 -1.062983
v 0.092726 0.875044 -1.055914
v 0.099894 0.879011 -1.058841
v 0.099137 0.881328 -1.047185
v 0.091284 0.876521 -1.044222
v 0.088790 0.871047 -0.985345
v 0.087735 0.869826 -0.997160
v 0.096708 0.872574 -0.999466
v 0.096046 0.874316 -0.986173
v 0.083582 0.026699 -1.016021
v 0.057821 0.825412 -1.030536
v 0.176588 0.031171 -1.010141
v 0.137738 0.837749 -1.043234
v 0.003851 0.035038 -1.020457
v -0.061531 0.050236 -1.022796
v -0.111611 0.070884 -1.023152
v -0.146543 0.096167 -1.022044
v -0.164384 0.125972 -1.019566
v -0.177152 0.156792 -1.014472
v -0.186187 0.188768 -1.007328
v -0.187258 0.225125 -1.003720
v -0.184069 0.263353 -1.003477
v -0.180941 0.303720 -1.004480
v -0.178228 0.344086 -1.004675
v -0.174904 0.384780 -1.004244
v -0.172867 0.428091 -1.003547
v -0.175192 0.469365 -1.003519
v -0.176554 0.504201 -1.004072
v -0.176727 0.545174 -1.000964
v -0.176329 0.579909 -1.003316
v -0.175168 0.619930 -1.004940
v -0.174262 0.656741 -1.007051
v -0.172172 0.678095 -1.011230
v -0.162782 0.700390 -1.013764
v -0.143708 0.732647 -1.016453
v -0.111521 0.765252 -1.018224
v -0.063453 0.790441 -1.020991
v 0.002323 0.807610 -1.025354
v 0.267545 0.047296 -1.004774
v 0.353826 0.069154 -0.999216
v 0.419809 0.094512 -0.995955
v 0.451103 0.120486 -0.997967
v 0.466550 0.147377 -1.001692
v 0.474311 0.171692 -1.007409
v 0.478639 0.199379 -1.012115
v 0.479551 0.229639 -1.016829
v 0.476641 0.260420 -1.022319
v 0.471462 0.291385 -1.027959
v 0.464443 0.322948 -1.033403
v 0.455601 0.355482 -1.038535
v 0.445113 0.389327 -1.043284
v 0.433383 0.425694 -1.047572
v 0.421984 0.463860 -1.051259
v 0.410791 0.501256 -1.053768
v 0.399235 0.537907 -1.054420
v 0.387497 0.573869 -1.053828
v 0.375761 0.609683 -1.054707
v 0.361662 0.646911 -1.056340
v 0.345716 0.684316 -1.056906
v 0.327430 0.721865 -1.055902
v 0.301294 0.759728 -1.053507
v 0.261953 0.795867 -1.052300
v 0.198224 0.824441 -1.048513
v 0.079991 0.848365 -1.035762
v 0.111663 0.856923 -1.043993
v 0.093293 0.903945 -1.067713
v 0.098594 0.903591 -1.068140
v 0.087990 0.876230 -1.048451
v 0.102586 0.881666 -1.054819
v 0.075530 0.024649 -0.982099
v 0.054631 0.827512 -1.000923
v 0.163155 0.022958 -0.977612
v 0.133702 0.838590 -1.012470
v 0.000936 0.036409 -0.984641
v -0.058916 0.053898 -0.985960
v -0.105307 0.075986 -0.986147
v -0.137933 0.102274 -0.985641
v -0.158855 0.131767 -0.984534
v -0.175532 0.162100 -0.983504
v -0.184994 0.195282 -0.980605
v -0.188168 0.233248 -0.978042
v -0.187021 0.268986 -0.974511
v -0.184602 0.308185 -0.973725
v -0.181824 0.348479 -0.972996
v -0.178227 0.389741 -0.971745
v -0.175005 0.431704 -0.970679
v -0.176810 0.467739 -0.971168
v -0.178687 0.500794 -0.971530
v -0.179452 0.541066 -0.970329
v -0.178143 0.580011 -0.970746
v -0.176518 0.617967 -0.971987
v -0.174334 0.649525 -0.978558
v -0.169578 0.671644 -0.988236
v -0.158710 0.698933 -0.989731
v -0.141621 0.729247 -0.988713
v -0.110381 0.762660 -0.990263
v -0.067128 0.790900 -0.993432
v -0.003191 0.810275 -0.997744
v 0.256565 0.041369 -0.970043
v 0.338946 0.064973 -0.964589
v 0.401700 0.090217 -0.963361
v 0.444734 0.117213 -0.965464
v 0.465606 0.145867 -0.968948
v 0.473084 0.171161 -0.974957
v 0.475589 0.197523 -0.980517
v 0.474377 0.226564 -0.985452
v 0.469859 0.256250 -0.991023
v 0.463534 0.286633 -0.996731
v 0.455779 0.318000 -1.002327
v 0.446389 0.350724 -1.007893
v 0.435327 0.385724 -1.013353
v 0.422656 0.424041 -1.018004
v 0.410077 0.463145 -1.020355
v 0.398332 0.500841 -1.021553
v 0.387288 0.537595 -1.023234
v 0.376125 0.573361 -1.023924
v 0.363599 0.609106 -1.022600
v 0.349551 0.646145 -1.021789
v 0.335352 0.683627 -1.023003
v 0.318752 0.721480 -1.024901
v 0.291569 0.759465 -1.024398
v 0.252443 0.795667 -1.023240
v 0.189662 0.824587 -1.019227
v 0.077666 0.850241 -0.999200
v 0.108402 0.855417 -1.005233
v 0.088007 0.892188 -0.975961
v 0.094167 0.889009 -0.981703
v 0.099367 0.874133 -0.993023
v 0.084874 0.870382 -0.988730
v 0.110618 0.033351 -0.670766
v 0.080484 0.720998 -0.752167
v 0.131094 0.743904 -1.218645
v 0.085559 0.078165 -1.295717
v 0.100026 0.078463 -1.295846
v 0.136955 0.742713 -1.220277
v 0.112067 0.082626 -1.296473
v 0.114032 0.079845 -1.294785
v 0.088344 0.724039 -0.754111
v 0.140745 0.034083 -0.662814
v 0.125423 0.033165 -0.666258
v 0.084353 0.722680 -0.753035
v 0.087478 0.075149 -1.294217
v 0.079845 0.069238 -1.288671
v 0.072419 0.061707 -1.278508
v 0.061145 0.050879 -1.264664
v 0.046791 0.034452 -1.248642
v 0.031456 0.015245 -1.221702
v 0.022555 0.004539 -1.189674
v 0.031666 0.007151 -1.159180
v 0.051064 0.012503 -1.127809
v 0.069587 0.016585 -1.098890
v 0.081107 0.021131 -1.071494
v 0.084473 0.024725 -1.047105
v 0.082681 0.026705 -1.006931
v 0.071577 0.023376 -0.974047
v 0.067274 0.020409 -0.953827
v 0.057454 0.016807 -0.929173
v 0.050006 0.014438 -0.901780
v 0.054202 0.013746 -0.871974
v 0.054735 0.012640 -0.842946
v 0.052071 0.011207 -0.815118
v 0.052721 0.010562 -0.787297
v 0.057993 0.010935 -0.759091
v 0.068906 0.014313 -0.731024
v 0.085438 0.021457 -0.704473
v 0.099736 0.028515 -0.683524
v 0.080448 0.723077 -0.754552
v 0.077422 0.725990 -0.760028
v 0.074318 0.730881 -0.768967
v 0.071082 0.737857 -0.781150
v 0.067600 0.746824 -0.796415
v 0.063811 0.757656 -0.814594
v 0.059652 0.770363 -0.835465
v 0.055332 0.785189 -0.858761
v 0.051481 0.802113 -0.884294
v 0.049182 0.819202 -0.912235
v 0.050218 0.827657 -0.942742
v 0.060767 0.827310 -0.973858
v 0.055354 0.826186 -1.008359
v 0.061369 0.825826 -1.038284
v 0.070367 0.821340 -1.058082
v 0.072500 0.819113 -1.079909
v 0.079580 0.815880 -1.101428
v 0.090162 0.810033 -1.121870
v 0.101518 0.803240 -1.141317
v 0.110381 0.795266 -1.159315
v 0.115435 0.786861 -1.175455
v 0.118251 0.777941 -1.189273
v 0.120985 0.767330 -1.200321
v 0.124186 0.756909 -1.208731
v 0.127482 0.748914 -1.214802
v 0.140827 0.029441 -0.667379
v 0.152831 0.022565 -0.677733
v 0.162314 0.013701 -0.695741
v 0.161881 0.005162 -0.720216
v 0.153718 0.001023 -0.748204
v 0.149926 0.000428 -0.776285
v 0.152464 0.001128 -0.803798
v 0.155717 0.003110 -0.832154
v 0.156395 0.006385 -0.861958
v 0.157064 0.010223 -0.891851
v 0.169397 0.014381 -0.919162
v 0.169919 0.018320 -0.946801
v 0.167413 0.025671 -0.985163
v 0.177469 0.031624 -1.019926
v 0.178032 0.030141 -1.041836
v 0.176099 0.025065 -1.066871
v 0.167301 0.018442 -1.094352
v 0.152107 0.015748 -1.122028
v 0.138236 0.012160 -1.153682
v 0.129803 0.008212 -1.188695
v 0.135927 0.021757 -1.224546
v 0.145997 0.046491 -1.250961
v 0.143141 0.063912 -1.265237
v 0.134224 0.072982 -1.278016
v 0.124608 0.077808 -1.288460
v 0.143596 0.744179 -1.220384
v 0.150121 0.749464 -1.217895
v 0.157092 0.757389 -1.212986
v 0.163144 0.766829 -1.205258
v 0.166949 0.776404 -1.194456
v 0.168158 0.785468 -1.180753
v 0.167395 0.795478 -1.164869
v 0.163513 0.804963 -1.147141
v 0.155845 0.812772 -1.127930
v 0.147456 0.819967 -1.107968
v 0.140936 0.825014 -1.087230
v 0.130209 0.827826 -1.065404
v 0.137181 0.838184 -1.036115
v 0.127576 0.838706 -1.003642
v 0.114160 0.833391 -0.980794
v 0.113581 0.831327 -0.948766
v 0.108416 0.820821 -0.917051
v 0.103881 0.804227 -0.887885
v 0.101496 0.788382 -0.861153
v 0.100850 0.774579 -0.836736
v 0.100371 0.762260 -0.814947
v 0.099232 0.750934 -0.796175
v 0.097400 0.741284 -0.780532
v 0.094814 0.733475 -0.768221
v 0.091645 0.727752 -0.759347
v 0.137796 0.746917 -1.217967
v 0.139375 0.753622 -1.213671
v 0.140932 0.762973 -1.206965
v 0.142042 0.773728 -1.197610
v 0.142199 0.783558 -1.185302
v 0.140697 0.792471 -1.170357
v 0.136460 0.801858 -1.153431
v 0.128247 0.809152 -1.134712
v 0.118083 0.815395 -1.114836
v 0.109720 0.820696 -1.094165
v 0.103745 0.823543 -1.072688
v 0.099473 0.828596 -1.057641
v 0.113084 0.843993 -1.051968
v 0.089707 0.835925 -0.985979
v 0.084118 0.831357 -0.961713
v 0.079597 0.827952 -0.929800
v 0.077544 0.813310 -0.899988
v 0.077543 0.796083 -0.872720
v 0.079036 0.780271 -0.847830
v 0.081018 0.766665 -0.825281
v 0.082622 0.754698 -0.805423
v 0.083726 0.744455 -0.788467
v 0.084333 0.736037 -0.774639
v 0.084502 0.729654 -0.764071
v 0.084403 0.725390 -0.756916
v 0.102526 0.075146 -1.292240
v 0.103724 0.069904 -1.284142
v 0.103864 0.062023 -1.272265
v 0.098608 0.047893 -1.258452
v 0.087429 0.026106 -1.239824
v 0.071029 0.005549 -1.205287
v 0.074993 0.004476 -1.172540
v 0.090752 0.010871 -1.139245
v 0.109182 0.013600 -1.110394
v 0.123792 0.018904 -1.082424
v 0.129754 0.024161 -1.056415
v 0.130476 0.027075 -1.033292
v 0.125697 0.025503 -0.995759
v 0.113635 0.018645 -0.963062
v 0.117333 0.015370 -0.937521
v 0.102501 0.011535 -0.911556
v 0.100137 0.009106 -0.882615
v 0.100701 0.006919 -0.852977
v 0.097950 0.004937 -0.824423
v 0.095100 0.003596 -0.796823
v 0.097620 0.003298 -0.768760
v 0.105785 0.004917 -0.740349
v 0.117566 0.011324 -0.712809
v 0.124365 0.020231 -0.689670
v 0.125708 0.027420 -0.674181
v 0.133613 0.084033 -1.292020
v 0.152391 0.082436 -1.282978
v 0.172421 0.077895 -1.270967
v 0.192178 0.068611 -1.256701
v 0.204031 0.051260 -1.237591
v 0.207911 0.031473 -1.205831
v 0.203015 0.021806 -1.171498
v 0.202879 0.024093 -1.136913
v 0.212991 0.024014 -1.107371
v 0.223023 0.027311 -1.078704
v 0.226007 0.033829 -1.051324
v 0.224838 0.037934 -1.027666
v 0.217121 0.035548 -0.990091
v 0.213596 0.027052 -0.954898
v 0.229188 0.023290 -0.927397
v 0.222404 0.018539 -0.899837
v 0.219136 0.013440 -0.870332
v 0.221763 0.008393 -0.839303
v 0.221754 0.004630 -0.809304
v 0.215940 0.002954 -0.781623
v 0.209886 0.002899 -0.754845
v 0.210544 0.004525 -0.727445
v 0.206495 0.010450 -0.702156
v 0.189365 0.019474 -0.682250
v 0.166382 0.027729 -0.668729
v 0.088194 0.037206 -0.676874
v 0.070139 0.033513 -0.695088
v 0.049691 0.027873 -0.719721
v 0.033128 0.023183 -0.747231
v 0.024321 0.021433 -0.775331
v 0.018856 0.020614 -0.803649
v 0.017820 0.020876 -0.831645
v 0.017004 0.021408 -0.860289
v 0.011471 0.021040 -0.890011
v 0.009654 0.021709 -0.919115
v 0.020737 0.024592 -0.944423
v 0.028989 0.027656 -0.966067
v 0.040452 0.030209 -1.000399
v 0.041928 0.028259 -1.038673
v 0.039662 0.025551 -1.061677
v 0.031591 0.021710 -1.087637
v 0.014728 0.017040 -1.116264
v -0.005996 0.011367 -1.146437
v -0.022672 0.006470 -1.178407
v -0.017838 0.013020 -1.206230
v -0.002045 0.027878 -1.234667
v 0.013905 0.042723 -1.254550
v 0.031806 0.054666 -1.270560
v 0.047525 0.063496 -1.283527
v 0.064888 0.071725 -1.291656
v 0.110533 0.038140 -0.666112
v 0.102049 0.051880 -0.660923
v 0.100963 0.073201 -0.657292
v 0.101825 0.099172 -0.655933
v 0.093170 0.128173 -0.654086
v 0.074188 0.159496 -0.652748
v 0.074382 0.189057 -0.651545
v 0.093198 0.217492 -0.652288
v 0.104019 0.248645 -0.655205
v 0.105681 0.282032 -0.658075
v 0.105155 0.315136 -0.660533
v 0.098474 0.348084 -0.664214
v 0.089595 0.380861 -0.669196
v 0.090668 0.411749 -0.673606
v 0.084849 0.443295 -0.677674
v 0.068833 0.476367 -0.682400
v 0.058291 0.509277 -0.688049
v 0.061922 0.541530 -0.694625
v 0.070624 0.574329 -0.702493
v 0.074707 0.607712 -0.710847
v 0.074610 0.639776 -0.718906
v 0.072304 0.668492 -0.726257
v 0.072289 0.690791 -0.733882
v 0.074636 0.705821 -0.741694
v 0.077530 0.715491 -0.748084
v 0.130948 0.740631 -1.220085
v 0.126523 0.732604 -1.222044
v 0.120995 0.719797 -1.225603
v 0.112996 0.702587 -1.230566
v 0.100642 0.680793 -1.236352
v 0.079432 0.654256 -1.241647
v 0.054563 0.619303 -1.246712
v 0.036398 0.565734 -1.258976
v 0.046244 0.514118 -1.278172
v 0.064570 0.483872 -1.291338
v 0.066659 0.460904 -1.296265
v 0.063074 0.437218 -1.298326
v 0.047282 0.410901 -1.298197
v 0.020590 0.381417 -1.295817
v -0.000323 0.348706 -1.293698
v -0.005916 0.314079 -1.293993
v -0.010852 0.278652 -1.295302
v -0.023739 0.242874 -1.296107
v -0.017952 0.209102 -1.297730
v 0.002721 0.178159 -1.299704
v 0.019742 0.151602 -1.299525
v 0.034773 0.129880 -1.297885
v 0.046931 0.111181 -1.296854
v 0.060051 0.095863 -1.296683
v 0.072699 0.084501 -1.296366
v 0.143412 0.740965 -1.221852
v 0.149309 0.733288 -1.225362
v 0.155429 0.720281 -1.230634
v 0.161208 0.701868 -1.237533
v 0.167787 0.677589 -1.245996
v 0.177006 0.646755 -1.255865
v 0.194683 0.608588 -1.268533
v 0.210914 0.562039 -1.284618
v 0.225246 0.518351 -1.301085
v 0.215827 0.485586 -1.310008
v 0.187109 0.459271 -1.311127
v 0.173680 0.435916 -1.311162
v 0.156386 0.411197 -1.309836
v 0.128801 0.382792 -1.306402
v 0.108582 0.350480 -1.303639
v 0.102283 0.316136 -1.303359
v 0.098835 0.281309 -1.304186
v 0.093357 0.246763 -1.304873
v 0.096981 0.214140 -1.305894
v 0.109311 0.184373 -1.307493
v 0.118335 0.158786 -1.306807
v 0.119212 0.137420 -1.303312
v 0.118488 0.119016 -1.300700
v 0.120046 0.103728 -1.299468
v 0.117748 0.091467 -1.297898
v 0.088466 0.721894 -0.751735
v 0.092522 0.716795 -0.747408
v 0.097584 0.707314 -0.740735
v 0.104154 0.692327 -0.732445
v 0.115179 0.669232 -0.724638
v 0.131735 0.639089 -0.717128
v 0.143548 0.605591 -0.708852
v 0.143998 0.571316 -0.701297
v 0.136568 0.538309 -0.695711
v 0.131396 0.505654 -0.691540
v 0.136945 0.472018 -0.687430
v 0.147532 0.437954 -0.683362
v 0.154684 0.404397 -0.679358
v 0.160474 0.370840 -0.675021
v 0.171953 0.336178 -0.670301
v 0.183516 0.301292 -0.665824
v 0.193746 0.266253 -0.660825
v 0.207151 0.230475 -0.653640
v 0.218832 0.195715 -0.645324
v 0.207221 0.167561 -0.643416
v 0.189658 0.142542 -0.646498
v 0.187566 0.115019 -0.647977
v 0.182596 0.088176 -0.649493
v 0.171809 0.063701 -0.651402
v 0.155980 0.044757 -0.656086
v 0.155619 0.744675 -1.221316
v 0.173587 0.736989 -1.226487
v 0.192176 0.723155 -1.233403
v 0.211711 0.702711 -1.241922
v 0.232698 0.675567 -1.251713
v 0.256512 0.642522 -1.262786
v 0.283186 0.605405 -1.275539
v 0.302475 0.566324 -1.288572
v 0.314477 0.528857 -1.300664
v 0.311443 0.495470 -1.308771
v 0.296516 0.466093 -1.312104
v 0.289012 0.439251 -1.313887
v 0.285327 0.412371 -1.315043
v 0.281288 0.383784 -1.315425
v 0.273089 0.352523 -1.314455
v 0.264928 0.319577 -1.313300
v 0.254399 0.286224 -1.312132
v 0.236074 0.253101 -1.309802
v 0.221917 0.221807 -1.307416
v 0.217327 0.193435 -1.305896
v 0.214567 0.168579 -1.303650
v 0.205378 0.146704 -1.300175
v 0.190890 0.127172 -1.296709
v 0.175019 0.110255 -1.293955
v 0.156121 0.095860 -1.292218
v 0.168243 0.751344 -1.218367
v 0.197720 0.742757 -1.224781
v 0.227486 0.727514 -1.232876
v 0.256187 0.705425 -1.242118
v 0.279087 0.676395 -1.250508
v 0.300333 0.643158 -1.259207
v 0.323162 0.608158 -1.269541
v 0.340259 0.572500 -1.279577
v 0.349963 0.537362 -1.288047
v 0.353964 0.504088 -1.294908
v 0.356698 0.473266 -1.300928
v 0.358477 0.443901 -1.305100
v 0.358908 0.414584 -1.307206
v 0.357398 0.384479 -1.307768
v 0.350919 0.353137 -1.306852
v 0.343657 0.320945 -1.305680
v 0.334830 0.288600 -1.304335
v 0.321460 0.256981 -1.302042
v 0.306497 0.227075 -1.298863
v 0.294721 0.199586 -1.295782
v 0.285885 0.175240 -1.292768
v 0.276269 0.153673 -1.290315
v 0.257356 0.133435 -1.287539
v 0.227500 0.114526 -1.284244
v 0.192721 0.097558 -1.282588
v 0.179897 0.759428 -1.212450
v 0.218625 0.749337 -1.219518
v 0.256807 0.733110 -1.228314
v 0.287012 0.708962 -1.236349
v 0.307669 0.678265 -1.242611
v 0.327433 0.645620 -1.249607
v 0.346790 0.611873 -1.257464
v 0.362392 0.577546 -1.265024
v 0.372228 0.543298 -1.271348
v 0.378610 0.510021 -1.276849
v 0.386267 0.478211 -1.282553
v 0.395439 0.447460 -1.288028
v 0.399709 0.416779 -1.291347
v 0.397149 0.385602 -1.292068
v 0.392956 0.353938 -1.291712
v 0.390003 0.321946 -1.290799
v 0.383929 0.290142 -1.289167
v 0.374228 0.259380 -1.286624
v 0.363733 0.230336 -1.283310
v 0.354298 0.203504 -1.280118
v 0.344966 0.179493 -1.276928
v 0.331792 0.158280 -1.273750
v 0.310546 0.137949 -1.271337
v 0.275696 0.117306 -1.269682
v 0.229795 0.097193 -1.269452
v 0.187931 0.767493 -1.203089
v 0.231986 0.754930 -1.209948
v 0.274241 0.737065 -1.218368
v 0.305667 0.711553 -1.225446
v 0.327108 0.680812 -1.230743
v 0.346694 0.648632 -1.236419
v 0.364617 0.615449 -1.242446
v 0.379998 0.581696 -1.248336
v 0.390653 0.547773 -1.253264
v 0.398282 0.514324 -1.257573
v 0.407665 0.481822 -1.262393
v 0.420012 0.450139 -1.267922
v 0.428246 0.418662 -1.272154
v 0.428459 0.386962 -1.273598
v 0.427342 0.354987 -1.273594
v 0.428641 0.322899 -1.272664
v 0.424776 0.291265 -1.270665
v 0.415039 0.260819 -1.267765
v 0.406833 0.232174 -1.264119
v 0.399696 0.205810 -1.260308
v 0.393378 0.182307 -1.256536
v 0.381161 0.161736 -1.252487
v 0.356692 0.142555 -1.249083
v 0.318681 0.120698 -1.248759
v 0.267049 0.095541 -1.251877
v 0.192170 0.775682 -1.190616
v 0.239296 0.760876 -1.196983
v 0.283311 0.741132 -1.204627
v 0.316665 0.714688 -1.211169
v 0.340494 0.684103 -1.216034
v 0.360806 0.652006 -1.220713
v 0.378689 0.618921 -1.225523
v 0.394410 0.585295 -1.230250
v 0.405987 0.551350 -1.234104
v 0.414568 0.517597 -1.237346
v 0.424924 0.484566 -1.241188
v 0.437985 0.452243 -1.245878
v 0.448809 0.420325 -1.250169
v 0.452681 0.388388 -1.252238
v 0.453757 0.356065 -1.252519
v 0.455639 0.323694 -1.251559
v 0.454602 0.292053 -1.249253
v 0.447944 0.261574 -1.245873
v 0.439616 0.232775 -1.241542
v 0.433188 0.206455 -1.236818
v 0.428676 0.183267 -1.232270
v 0.417318 0.162583 -1.228178
v 0.391862 0.142640 -1.224763
v 0.355393 0.119427 -1.224690
v 0.302142 0.089663 -1.229481
v 0.193713 0.784585 -1.175646
v 0.242874 0.767827 -1.181487
v 0.288010 0.746227 -1.188306
v 0.323000 0.718897 -1.194361
v 0.348956 0.687997 -1.198935
v 0.370475 0.655589 -1.202945
v 0.388570 0.622199 -1.206790
v 0.404188 0.588298 -1.210473
v 0.416767 0.554115 -1.213478
v 0.426885 0.520038 -1.215932
v 0.438269 0.486550 -1.218795
v 0.452131 0.453735 -1.222356
v 0.464240 0.421446 -1.225831
v 0.470311 0.389310 -1.227750
v 0.473505 0.356773 -1.227945
v 0.476358 0.324191 -1.226866
v 0.477352 0.292605 -1.224655
v 0.473261 0.262019 -1.220916
v 0.464513 0.232656 -1.215615
v 0.455596 0.205730 -1.209867
v 0.447527 0.181728 -1.204614
v 0.433194 0.158471 -1.200894
v 0.407588 0.133727 -1.198291
v 0.374357 0.107560 -1.196774
v 0.327400 0.076604 -1.200440
v 0.193350 0.794950 -1.158836
v 0.244271 0.776283 -1.164155
v 0.289719 0.752293 -1.170023
v 0.325693 0.723591 -1.175501
v 0.353402 0.692055 -1.179900
v 0.375742 0.659079 -1.183424
v 0.393805 0.625130 -1.186412
v 0.409150 0.590689 -1.189148
v 0.422759 0.556150 -1.191477
v 0.434859 0.521741 -1.193358
v 0.447790 0.487810 -1.195360
v 0.462543 0.454519 -1.197702
v 0.474221 0.421789 -1.199647
v 0.480848 0.389342 -1.200597
v 0.486084 0.356654 -1.200580
v 0.489871 0.324136 -1.199254
v 0.491277 0.292807 -1.196671
v 0.489417 0.262390 -1.192943
v 0.481923 0.232711 -1.187346
v 0.470547 0.204870 -1.180798
v 0.457879 0.179434 -1.175048
v 0.440879 0.154191 -1.170560
v 0.417158 0.126377 -1.168345
v 0.381822 0.098521 -1.167678
v 0.320290 0.062314 -1.169892
v 0.189869 0.804920 -1.140435
v 0.244309 0.786584 -1.145617
v 0.290013 0.759372 -1.150577
v 0.326117 0.728584 -1.155330
v 0.354261 0.695899 -1.159340
v 0.376964 0.662171 -1.162537
v 0.395292 0.627636 -1.164992
v 0.410078 0.592522 -1.166819
v 0.424232 0.557516 -1.168481
v 0.438014 0.522741 -1.169893
v 0.452076 0.488339 -1.171145
v 0.465836 0.454445 -1.172430
v 0.476730 0.421027 -1.173140
v 0.484889 0.388176 -1.173053
v 0.492166 0.355411 -1.172627
v 0.497056 0.323213 -1.170831
v 0.499141 0.292448 -1.167845
v 0.498272 0.262329 -1.163957
v 0.491621 0.232435 -1.157607
v 0.479823 0.203623 -1.150354
v 0.464678 0.176854 -1.144395
v 0.445954 0.151793 -1.139362
v 0.425375 0.124728 -1.135608
v 0.383482 0.093351 -1.135155
v 0.308192 0.056408 -1.137321
v 0.184144 0.815723 -1.121182
v 0.244320 0.799143 -1.126585
v 0.291208 0.767319 -1.130691
v 0.325566 0.733536 -1.134463
v 0.352757 0.699252 -1.137914
v 0.375250 0.664648 -1.140853
v 0.393338 0.629485 -1.142836
v 0.407377 0.593732 -1.143783
v 0.420878 0.558132 -1.144602
v 0.434752 0.522899 -1.145466
v 0.448286 0.488003 -1.146094
v 0.460981 0.453330 -1.146514
v 0.472941 0.418864 -1.146380
v 0.483380 0.385830 -1.145604
v 0.492084 0.353403 -1.144290
v 0.497992 0.321239 -1.141544
v 0.501076 0.290634 -1.138208
v 0.499636 0.260166 -1.133078
v 0.492265 0.229650 -1.125601
v 0.481613 0.200343 -1.118812
v 0.468314 0.172963 -1.113319
v 0.452129 0.147806 -1.108420
v 0.434210 0.123260 -1.104097
v 0.389897 0.091009 -1.103449
v 0.310905 0.052887 -1.105998
v 0.178333 0.823572 -1.101413
v 0.245157 0.807850 -1.107342
v 0.294634 0.773665 -1.110680
v 0.325217 0.737512 -1.113379
v 0.350392 0.701801 -1.116318
v 0.371895 0.666361 -1.118840
v 0.389265 0.630648 -1.120271
v 0.402729 0.594396 -1.120327
v 0.415005 0.558134 -1.120245
v 0.427796 0.522252 -1.120469
v 0.440536 0.486544 -1.120226
v 0.452925 0.450414 -1.119677
v 0.465601 0.414590 -1.118924
v 0.477345 0.381966 -1.117766
v 0.486787 0.350011 -1.115068
v 0.492995 0.317418 -1.110658
v 0.495482 0.286374 -1.105832
v 0.494193 0.255581 -1.099995
v 0.488866 0.224895 -1.093250
v 0.480698 0.195329 -1.087404
v 0.470291 0.167438 -1.082706
v 0.457684 0.141853 -1.078087
v 0.442658 0.117559 -1.073251
v 0.399128 0.085887 -1.072332
v 0.318904 0.050329 -1.075476
v 0.172676 0.827272 -1.080639
v 0.246840 0.811164 -1.087395
v 0.297377 0.776677 -1.089974
v 0.323961 0.739767 -1.091937
v 0.346506 0.703064 -1.094794
v 0.366687 0.666927 -1.096690
v 0.383732 0.630831 -1.097090
v 0.396604 0.594241 -1.095926
v 0.407887 0.557567 -1.095509
v 0.419882 0.521204 -1.095810
v 0.431743 0.484614 -1.094453
v 0.443420 0.446691 -1.092167
v 0.455323 0.410215 -1.089790
v 0.466615 0.377509 -1.087049
v 0.476189 0.345317 -1.083247
v 0.483109 0.313172 -1.078368
v 0.486972 0.281987 -1.073004
v 0.487901 0.250878 -1.067226
v 0.485214 0.219754 -1.061444
v 0.479263 0.189634 -1.056684
v 0.470888 0.161342 -1.052657
v 0.459085 0.135929 -1.047959
v 0.442386 0.112280 -1.042672
v 0.396993 0.084245 -1.042291
v 0.317979 0.054311 -1.046560
v 0.160379 0.828941 -1.059703
v 0.239432 0.812337 -1.066504
v 0.289814 0.777949 -1.068295
v 0.320031 0.740830 -1.070977
v 0.341595 0.703309 -1.074341
v 0.359897 0.666353 -1.075304
v 0.375549 0.629324 -1.073557
v 0.388030 0.592610 -1.071063
v 0.399820 0.556496 -1.071740
v 0.411977 0.520220 -1.073122
v 0.423329 0.483349 -1.071285
v 0.434162 0.445245 -1.067121
v 0.445427 0.408223 -1.062753
v 0.456509 0.374251 -1.058737
v 0.466043 0.341540 -1.054192
v 0.473565 0.309525 -1.049096
v 0.478905 0.278226 -1.043618
v 0.482135 0.247059 -1.037924
v 0.481945 0.215752 -1.032747
v 0.477736 0.185357 -1.028650
v 0.470689 0.158441 -1.024064
v 0.459466 0.133665 -1.018989
v 0.440664 0.109014 -1.014706
v 0.393936 0.083171 -1.015820
v 0.315177 0.057486 -1.021858
v 0.153180 0.830372 -1.030459
v 0.229557 0.812268 -1.036891
v 0.279034 0.777983 -1.038962
v 0.311361 0.740683 -1.039964
v 0.333061 0.702676 -1.040484
v 0.348343 0.665120 -1.039752
v 0.363114 0.627575 -1.039287
v 0.376156 0.591229 -1.039127
v 0.387538 0.555743 -1.038824
v 0.398845 0.519410 -1.038003
v 0.410255 0.482330 -1.036574
v 0.421959 0.444306 -1.034367
v 0.434144 0.406110 -1.030689
v 0.445681 0.370192 -1.025793
v 0.455576 0.336812 -1.020523
v 0.463888 0.304787 -1.015052
v 0.470542 0.273751 -1.009419
v 0.475406 0.243320 -1.003793
v 0.477474 0.213410 -0.998605
v 0.476010 0.185248 -0.993605
v 0.471470 0.160732 -0.987563
v 0.460117 0.134367 -0.983022
v 0.433077 0.105866 -0.980928
v 0.381363 0.079809 -0.980903
v 0.305129 0.056050 -0.984570
v 0.151016 0.831180 -0.996198
v 0.219166 0.812860 -1.003521
v 0.268573 0.778028 -1.005842
v 0.300152 0.740546 -1.006832
v 0.321178 0.702372 -1.005078
v 0.335635 0.664693 -1.001841
v 0.349246 0.627571 -1.001471
v 0.362936 0.591095 -1.004498
v 0.375145 0.555345 -1.006277
v 0.385766 0.519226 -1.004409
v 0.396893 0.482077 -1.003139
v 0.409591 0.442831 -1.002303
v 0.423249 0.402318 -0.998640
v 0.435906 0.364586 -0.992979
v 0.446505 0.330645 -0.987190
v 0.455313 0.298807 -0.981545
v 0.462715 0.268174 -0.975916
v 0.468831 0.238575 -0.970174
v 0.472237 0.209391 -0.964994
v 0.471404 0.181596 -0.959831
v 0.465002 0.155084 -0.953463
v 0.448560 0.127508 -0.947527
v 0.416162 0.100034 -0.943603
v 0.368223 0.074142 -0.942531
v 0.303273 0.049623 -0.945893
v 0.147666 0.830504 -0.968065
v 0.213396 0.815157 -0.973639
v 0.261290 0.779240 -0.976149
v 0.290270 0.740903 -0.977778
v 0.311921 0.702271 -0.978076
v 0.327670 0.664482 -0.976596
v 0.340367 0.627634 -0.975717
v 0.352995 0.591138 -0.977259
v 0.364700 0.555097 -0.978155
v 0.375592 0.518839 -0.977517
v 0.386935 0.481505 -0.977858
v 0.399752 0.440379 -0.976496
v 0.414273 0.396844 -0.971349
v 0.428213 0.357583 -0.965064
v 0.439506 0.323790 -0.959118
v 0.448699 0.292574 -0.953471
v 0.456651 0.262302 -0.947950
v 0.462573 0.232800 -0.942579
v 0.464397 0.204166 -0.937557
v 0.461531 0.176580 -0.932591
v 0.453757 0.149486 -0.927381
v 0.437814 0.122223 -0.922540
v 0.409788 0.095455 -0.918917
v 0.370067 0.069766 -0.917476
v 0.315242 0.045285 -0.919794
v 0.143002 0.825471 -0.935406
v 0.206855 0.810514 -0.940045
v 0.253671 0.779571 -0.943055
v 0.280237 0.741511 -0.945356
v 0.302380 0.702191 -0.947452
v 0.318847 0.664220 -0.947444
v 0.330572 0.627749 -0.946104
v 0.342057 0.591512 -0.945900
v 0.353064 0.555351 -0.945759
v 0.363863 0.518613 -0.945587
v 0.375352 0.480022 -0.946458
v 0.389067 0.435046 -0.945165
v 0.405100 0.386907 -0.940158
v 0.420397 0.346805 -0.934255
v 0.432544 0.314750 -0.928460
v 0.442265 0.284922 -0.922859
v 0.450641 0.255461 -0.917434
v 0.455952 0.226520 -0.912332
v 0.456668 0.198358 -0.907561
v 0.453004 0.170800 -0.902960
v 0.444719 0.143550 -0.898584
v 0.430515 0.116511 -0.894671
v 0.407877 0.090044 -0.891353
v 0.376029 0.064400 -0.889192
v 0.321625 0.039904 -0.890971
v 0.134466 0.809878 -0.904249
v 0.190366 0.796781 -0.907852
v 0.236745 0.773296 -0.910429
v 0.268636 0.740787 -0.912722
v 0.292094 0.702366 -0.915241
v 0.308776 0.664206 -0.915837
v 0.320376 0.627883 -0.914517
v 0.331155 0.592064 -0.913231
v 0.341308 0.556276 -0.911894
v 0.351315 0.519496 -0.910833
v 0.362093 0.479240 -0.910213
v 0.377264 0.427591 -0.908594
v 0.395790 0.373746 -0.906344
v 0.412573 0.334466 -0.903066
v 0.425923 0.304746 -0.897984
v 0.436390 0.276685 -0.892447
v 0.445210 0.248563 -0.886929
v 0.450755 0.220337 -0.881907
v 0.451893 0.192381 -0.877353
v 0.448234 0.164914 -0.873034
v 0.439315 0.137757 -0.869008
v 0.425016 0.110935 -0.865198
v 0.404644 0.084558 -0.861641
v 0.374833 0.058696 -0.859214
v 0.321687 0.033967 -0.860672
v 0.127405 0.793782 -0.875681
v 0.175885 0.781905 -0.878347
v 0.218921 0.761765 -0.880329
v 0.254512 0.735452 -0.881582
v 0.281496 0.701913 -0.882901
v 0.298820 0.664312 -0.883365
v 0.310515 0.627917 -0.882098
v 0.320729 0.592635 -0.879868
v 0.329615 0.557873 -0.876165
v 0.338296 0.521441 -0.871947
v 0.347743 0.480295 -0.867681
v 0.364150 0.422260 -0.866063
v 0.385247 0.364932 -0.869140
v 0.403425 0.327123 -0.870495
v 0.418755 0.295961 -0.867585
v 0.430966 0.267876 -0.862689
v 0.440295 0.240974 -0.856992
v 0.446319 0.213745 -0.851770
v 0.448330 0.186375 -0.847099
v 0.444146 0.159405 -0.842911
v 0.433595 0.132735 -0.839044
v 0.418815 0.106190 -0.835141
v 0.401153 0.079539 -0.831136
v 0.372229 0.053233 -0.828650
v 0.323252 0.027980 -0.829403
v 0.123217 0.780139 -0.849340
v 0.166348 0.770274 -0.850809
v 0.205538 0.751417 -0.852084
v 0.240092 0.727576 -0.852277
v 0.269645 0.699019 -0.851658
v 0.289606 0.664695 -0.850838
v 0.301598 0.628089 -0.849428
v 0.311529 0.592936 -0.846587
v 0.319204 0.558850 -0.839656
v 0.327190 0.521256 -0.830862
v 0.338478 0.476646 -0.824664
v 0.354728 0.423469 -0.824098
v 0.373740 0.371741 -0.828292
v 0.392203 0.329257 -0.832480
v 0.410216 0.290942 -0.835328
v 0.425433 0.259017 -0.833472
v 0.435274 0.232598 -0.827749
v 0.440664 0.206871 -0.822051
v 0.440503 0.180978 -0.817188
v 0.433573 0.155047 -0.813187
v 0.422490 0.128879 -0.809437
v 0.408452 0.102397 -0.805632
v 0.391535 0.075502 -0.801771
v 0.365515 0.048698 -0.799056
v 0.322736 0.022974 -0.798922
v 0.120632 0.768787 -0.825273
v 0.159724 0.761409 -0.825270
v 0.195703 0.743924 -0.825506
v 0.228265 0.721688 -0.824384
v 0.258129 0.695930 -0.821859
v 0.280402 0.664248 -0.819360
v 0.293862 0.628070 -0.817334
v 0.304073 0.592438 -0.814940
v 0.312084 0.555941 -0.808796
v 0.320100 0.515851 -0.800361
v 0.331289 0.471858 -0.794586
v 0.345829 0.424535 -0.792678
v 0.362578 0.377396 -0.793946
v 0.380692 0.332716 -0.796861
v 0.400082 0.289275 -0.802457
v 0.417097 0.253218 -0.803725
v 0.428435 0.225790 -0.798338
v 0.434399 0.200692 -0.792328
v 0.431925 0.176274 -0.787366
v 0.421970 0.151410 -0.783708
v 0.409596 0.125757 -0.780300
v 0.395480 0.099417 -0.776846
v 0.378855 0.072502 -0.773396
v 0.355789 0.045459 -0.770692
v 0.314666 0.020069 -0.770900
v 0.117400 0.757089 -0.804448
v 0.152357 0.751501 -0.803033
v 0.186045 0.737149 -0.801472
v 0.217453 0.717598 -0.798397
v 0.246754 0.693436 -0.793958
v 0.270709 0.662971 -0.789459
v 0.286032 0.627041 -0.785631
v 0.295871 0.589907 -0.782209
v 0.303285 0.551547 -0.777863
v 0.310650 0.511193 -0.772476
v 0.320542 0.468998 -0.767776
v 0.333453 0.425087 -0.764706
v 0.348862 0.380513 -0.763685
v 0.366724 0.335983 -0.764562
v 0.387340 0.289989 -0.770270
v 0.407116 0.249670 -0.773398
v 0.420659 0.220021 -0.768890
v 0.426106 0.195754 -0.762846
v 0.421339 0.172874 -0.757869
v 0.409339 0.148818 -0.754585
v 0.395880 0.123512 -0.751639
v 0.381562 0.097304 -0.748655
v 0.365437 0.070468 -0.745670
v 0.343904 0.043580 -0.743365
v 0.301956 0.019146 -0.744569
v 0.113365 0.746480 -0.786809
v 0.143802 0.742189 -0.784056
v 0.174378 0.730495 -0.780569
v 0.204694 0.713960 -0.775036
v 0.234031 0.691526 -0.768508
v 0.258748 0.661328 -0.762640
v 0.275072 0.625171 -0.757146
v 0.285015 0.586841 -0.752463
v 0.292078 0.547820 -0.748665
v 0.297732 0.508149 -0.745172
v 0.304903 0.467658 -0.741956
v 0.315503 0.426102 -0.738973
v 0.329107 0.383690 -0.737417
v 0.345274 0.341085 -0.737770
v 0.364860 0.297478 -0.740373
v 0.387886 0.254244 -0.742025
v 0.403903 0.220176 -0.739244
v 0.407022 0.195707 -0.734077
v 0.401977 0.172500 -0.729522
v 0.391714 0.148021 -0.726353
v 0.379149 0.122512 -0.723762
v 0.365760 0.096198 -0.721196
v 0.350860 0.069393 -0.718632
v 0.329991 0.042984 -0.716929
v 0.290297 0.019519 -0.718591
v 0.108298 0.737402 -0.772596
v 0.133420 0.733610 -0.768812
v 0.159923 0.723997 -0.763448
v 0.188277 0.710336 -0.755305
v 0.216886 0.687768 -0.747748
v 0.242556 0.656365 -0.741895
v 0.260018 0.620676 -0.735432
v 0.269965 0.582364 -0.729127
v 0.276208 0.544024 -0.724032
v 0.278418 0.505808 -0.721497
v 0.281248 0.467205 -0.720327
v 0.288395 0.427840 -0.718801
v 0.299159 0.387869 -0.717628
v 0.313093 0.347626 -0.716958
v 0.330615 0.307029 -0.716362
v 0.351504 0.266549 -0.714742
v 0.370076 0.230308 -0.711051
v 0.378869 0.200947 -0.706089
v 0.377983 0.174813 -0.701700
v 0.370524 0.148857 -0.698749
v 0.359188 0.122748 -0.696692
v 0.346934 0.096190 -0.694734
v 0.332291 0.069610 -0.693014
v 0.311451 0.043980 -0.692128
v 0.272805 0.022608 -0.694646
v 0.102252 0.730172 -0.761933
v 0.121131 0.726156 -0.757590
v 0.141652 0.717015 -0.751198
v 0.164515 0.703061 -0.742302
v 0.191895 0.680080 -0.734042
v 0.221898 0.648989 -0.727193
v 0.241513 0.613753 -0.719765
v 0.247750 0.576344 -0.712793
v 0.246115 0.540061 -0.708913
v 0.242168 0.504240 -0.707727
v 0.243642 0.467658 -0.706190
v 0.249930 0.430394 -0.704164
v 0.258680 0.392741 -0.702320
v 0.270233 0.354763 -0.700349
v 0.285956 0.316487 -0.697480
v 0.305502 0.278410 -0.693033
v 0.324221 0.242181 -0.687604
v 0.338682 0.209189 -0.681547
v 0.346718 0.179010 -0.675814
v 0.344020 0.151031 -0.672476
v 0.333324 0.124381 -0.671146
v 0.320225 0.097910 -0.670536
v 0.304371 0.071842 -0.670406
v 0.283755 0.047120 -0.670689
v 0.245303 0.028601 -0.674894
v 0.095539 0.725028 -0.754918
v 0.107284 0.720452 -0.750458
v 0.120426 0.711156 -0.743687
v 0.135682 0.696394 -0.734882
v 0.157099 0.672913 -0.726575
v 0.188600 0.641652 -0.718670
v 0.210681 0.606620 -0.710181
v 0.209237 0.571469 -0.703917
v 0.198763 0.537990 -0.700803
v 0.192383 0.504198 -0.698733
v 0.194145 0.469391 -0.696096
v 0.201000 0.433952 -0.693069
v 0.209098 0.398323 -0.690008
v 0.218692 0.362442 -0.686698
v 0.231833 0.326121 -0.682737
v 0.247527 0.289742 -0.677793
v 0.264434 0.253780 -0.671534
v 0.282851 0.218483 -0.663541
v 0.297211 0.185136 -0.655763
v 0.296034 0.156028 -0.652086
v 0.284468 0.129687 -0.651853
v 0.272952 0.103295 -0.652454
v 0.258667 0.077425 -0.653820
v 0.237217 0.054075 -0.656467
v 0.204426 0.037037 -0.662039
v 0.073727 0.722444 -0.756038
v 0.063606 0.716140 -0.752423
v 0.053597 0.705628 -0.746675
v 0.043548 0.690225 -0.739397
v 0.033610 0.669125 -0.731374
v 0.024291 0.642115 -0.723327
v 0.013744 0.611168 -0.714906
v 0.001761 0.578820 -0.706491
v -0.008990 0.546858 -0.699368
v -0.013611 0.515641 -0.694040
v -0.011925 0.484629 -0.689490
v -0.003652 0.453314 -0.685551
v 0.002429 0.422611 -0.682312
v 0.000158 0.392943 -0.678806
v -0.002072 0.363174 -0.674974
v -0.005611 0.333249 -0.671995
v -0.007570 0.302165 -0.670691
v -0.010963 0.270658 -0.670498
v -0.017609 0.239440 -0.670145
v -0.015388 0.205539 -0.669653
v -0.003052 0.171099 -0.669327
v 0.016892 0.138385 -0.668888
v 0.036441 0.107270 -0.670318
v 0.050114 0.079389 -0.673129
v 0.064754 0.055287 -0.675671
v 0.067405 0.725915 -0.763389
v 0.050935 0.718489 -0.760272
v 0.034725 0.706962 -0.755130
v 0.018099 0.691426 -0.748126
v 0.000679 0.671341 -0.739788
v -0.016904 0.645513 -0.731235
v -0.036246 0.615467 -0.722241
v -0.053177 0.584038 -0.714202
v -0.060587 0.552551 -0.709469
v -0.062463 0.521658 -0.706427
v -0.065110 0.491297 -0.703090
v -0.068077 0.461351 -0.699539
v -0.071678 0.431914 -0.696217
v -0.077436 0.403099 -0.693047
v -0.084989 0.374796 -0.689941
v -0.091749 0.346232 -0.687262
v -0.090807 0.315989 -0.686744
v -0.083936 0.283948 -0.688480
v -0.075675 0.250137 -0.689606
v -0.062144 0.213163 -0.689847
v -0.045676 0.176739 -0.689958
v -0.029606 0.143593 -0.689210
v -0.011860 0.111741 -0.690177
v 0.010968 0.082139 -0.693612
v 0.038134 0.055837 -0.695941
v 0.061387 0.731226 -0.774107
v 0.039275 0.722663 -0.771319
v 0.017511 0.710502 -0.766418
v -0.004430 0.694696 -0.759615
v -0.027260 0.674981 -0.751209
v -0.050728 0.649955 -0.742215
v -0.075654 0.620571 -0.732774
v -0.093379 0.589449 -0.725805
v -0.098570 0.557914 -0.723005
v -0.100441 0.526881 -0.721043
v -0.104260 0.496412 -0.718385
v -0.110478 0.466550 -0.715135
v -0.117922 0.437250 -0.711743
v -0.124805 0.408379 -0.708636
v -0.130053 0.379855 -0.706044
v -0.132715 0.351240 -0.704418
v -0.129104 0.321151 -0.705462
v -0.119684 0.289285 -0.708560
v -0.106988 0.254422 -0.710855
v -0.091512 0.216651 -0.711835
v -0.075540 0.180031 -0.712857
v -0.060579 0.145885 -0.714094
v -0.045100 0.112780 -0.715901
v -0.020350 0.081676 -0.718671
v 0.013386 0.053666 -0.720451
v 0.055407 0.738675 -0.787850
v 0.028238 0.729103 -0.785149
v 0.002267 0.715781 -0.780626
v -0.023115 0.698803 -0.774398
v -0.049292 0.678709 -0.766298
v -0.076283 0.654549 -0.756991
v -0.101658 0.625918 -0.748008
v -0.117887 0.594531 -0.742486
v -0.125352 0.562723 -0.740035
v -0.130751 0.531437 -0.737786
v -0.136234 0.500651 -0.735115
v -0.142955 0.470370 -0.731886
v -0.149697 0.440549 -0.728642
v -0.154429 0.411155 -0.726131
v -0.157179 0.382471 -0.724288
v -0.157397 0.354638 -0.723723
v -0.150993 0.324035 -0.727346
v -0.139253 0.290781 -0.732138
v -0.125519 0.255261 -0.735115
v -0.110985 0.218034 -0.737550
v -0.096764 0.182292 -0.739942
v -0.082066 0.147070 -0.742918
v -0.066619 0.112432 -0.745749
v -0.042971 0.079818 -0.747540
v -0.007446 0.050429 -0.747972
v 0.049338 0.748149 -0.804466
v 0.018090 0.737214 -0.801891
v -0.011154 0.722427 -0.797764
v -0.039497 0.704577 -0.791843
v -0.067707 0.683900 -0.784118
v -0.095670 0.659721 -0.775099
v -0.119650 0.630932 -0.766891
v -0.134698 0.598936 -0.762421
v -0.143900 0.566833 -0.760216
v -0.151942 0.535309 -0.757569
v -0.159657 0.504156 -0.754324
v -0.167417 0.473386 -0.750666
v -0.173095 0.442982 -0.747708
v -0.173510 0.412874 -0.747060
v -0.171487 0.383554 -0.747594
v -0.170011 0.355841 -0.747843
v -0.162498 0.322621 -0.753165
v -0.149678 0.285913 -0.759898
v -0.137203 0.251340 -0.763024
v -0.124489 0.216165 -0.766288
v -0.111288 0.181297 -0.769857
v -0.096839 0.146352 -0.773519
v -0.080633 0.111528 -0.776412
v -0.057491 0.077905 -0.777436
v -0.021299 0.047788 -0.776783
v 0.043104 0.759512 -0.823812
v 0.008226 0.747075 -0.821275
v -0.023850 0.730737 -0.817432
v -0.054732 0.712070 -0.811685
v -0.083780 0.690331 -0.804531
v -0.110692 0.664904 -0.796341
v -0.132261 0.634935 -0.789181
v -0.146545 0.602202 -0.785550
v -0.157448 0.570210 -0.783285
v -0.166935 0.538651 -0.780173
v -0.175507 0.507026 -0.776423
v -0.183308 0.475650 -0.772387
v -0.188260 0.444807 -0.769310
v -0.185951 0.413697 -0.770237
v -0.180033 0.382311 -0.773685
v -0.175831 0.351367 -0.776383
v -0.168968 0.317459 -0.781169
v -0.158226 0.281353 -0.787361
v -0.146881 0.246576 -0.792106
v -0.135104 0.211992 -0.795823
v -0.122068 0.177446 -0.799242
v -0.106315 0.143235 -0.802491
v -0.087349 0.109304 -0.804904
v -0.064288 0.076028 -0.806189
v -0.029700 0.045713 -0.805642
v 0.036630 0.772799 -0.845687
v -0.001846 0.758634 -0.843066
v -0.036495 0.740430 -0.839466
v -0.069029 0.720356 -0.834155
v -0.097897 0.697053 -0.827942
v -0.122072 0.669406 -0.821464
v -0.140634 0.637535 -0.816633
v -0.154856 0.603431 -0.814173
v -0.167051 0.572250 -0.810550
v -0.176689 0.541951 -0.805866
v -0.184401 0.509475 -0.801630
v -0.190323 0.476824 -0.797186
v -0.193912 0.445957 -0.793505
v -0.191432 0.414300 -0.795454
v -0.184992 0.380517 -0.801254
v -0.179785 0.346942 -0.805707
v -0.173985 0.312518 -0.810190
v -0.165772 0.277333 -0.815779
v -0.155894 0.242709 -0.821577
v -0.144718 0.208063 -0.825545
v -0.131544 0.173275 -0.828285
v -0.114469 0.139502 -0.830987
v -0.093631 0.106512 -0.833208
v -0.070443 0.073979 -0.834849
v -0.035807 0.044250 -0.834490
v 0.030061 0.788060 -0.869843
v -0.012510 0.771601 -0.867020
v -0.049680 0.750912 -0.863712
v -0.082142 0.728109 -0.859564
v -0.109946 0.702876 -0.854747
v -0.131548 0.673257 -0.850357
v -0.147714 0.639641 -0.847450
v -0.163534 0.602407 -0.846310
v -0.175083 0.573331 -0.840987
v -0.181270 0.546848 -0.833900
v -0.186869 0.512163 -0.829949
v -0.190805 0.476833 -0.825378
v -0.192837 0.445396 -0.822467
v -0.191300 0.413960 -0.825170
v -0.186976 0.378587 -0.830847
v -0.182572 0.343469 -0.835527
v -0.178096 0.308261 -0.839781
v -0.171946 0.272945 -0.845246
v -0.163713 0.238410 -0.851214
v -0.153258 0.203817 -0.854893
v -0.140036 0.169001 -0.857217
v -0.122258 0.135718 -0.859606
v -0.100601 0.103531 -0.861773
v -0.077222 0.071821 -0.863666
v -0.041296 0.043116 -0.863560
v 0.024055 0.804446 -0.896181
v -0.023780 0.784994 -0.892860
v -0.064708 0.761812 -0.889559
v -0.096576 0.736112 -0.886845
v -0.121247 0.708227 -0.883939
v -0.139841 0.676437 -0.881016
v -0.154489 0.641945 -0.878774
v -0.169075 0.607180 -0.876286
v -0.177931 0.581492 -0.869220
v -0.182179 0.554150 -0.862361
v -0.186320 0.516024 -0.860232
v -0.188759 0.478640 -0.857785
v -0.190088 0.445069 -0.856160
v -0.189620 0.412082 -0.857963
v -0.187393 0.376382 -0.861955
v -0.184348 0.340200 -0.866000
v -0.181336 0.303757 -0.869874
v -0.176804 0.267466 -0.874675
v -0.169861 0.232153 -0.879539
v -0.160533 0.197758 -0.882974
v -0.147888 0.164099 -0.885792
v -0.129657 0.131762 -0.888122
v -0.107511 0.100359 -0.890272
v -0.084381 0.069414 -0.892727
v -0.049050 0.041418 -0.893294
v 0.020191 0.817781 -0.924882
v -0.033535 0.796118 -0.920639
v -0.079724 0.771409 -0.917015
v -0.111966 0.744127 -0.915940
v -0.131838 0.713212 -0.914884
v -0.147064 0.678910 -0.912315
v -0.161190 0.644268 -0.910046
v -0.172755 0.613896 -0.905484
v -0.179364 0.586169 -0.899562
v -0.182693 0.556292 -0.893347
v -0.185093 0.520353 -0.890095
v -0.186715 0.484578 -0.888156
v -0.187017 0.450375 -0.887004
v -0.187081 0.412441 -0.889882
v -0.186731 0.374818 -0.893307
v -0.185504 0.337255 -0.896741
v -0.184019 0.299679 -0.900165
v -0.181015 0.262584 -0.904171
v -0.175675 0.226584 -0.908108
v -0.167869 0.192123 -0.911497
v -0.155062 0.159363 -0.914191
v -0.135852 0.127867 -0.915943
v -0.113442 0.097047 -0.918134
v -0.088729 0.067059 -0.921145
v -0.050786 0.040901 -0.922069
v 0.022135 0.821032 -0.955567
v -0.038215 0.801428 -0.950603
v -0.086408 0.776458 -0.947291
v -0.119872 0.748225 -0.947359
v -0.139875 0.716374 -0.947037
v -0.153944 0.681389 -0.944039
v -0.167460 0.647379 -0.940753
v -0.176219 0.618585 -0.935592
v -0.179574 0.591795 -0.928285
v -0.181488 0.558914 -0.923303
v -0.183056 0.522979 -0.921038
v -0.183791 0.491262 -0.917821
v -0.182867 0.455245 -0.917968
v -0.183095 0.413200 -0.921698
v -0.184933 0.373273 -0.924778
v -0.185994 0.334346 -0.927557
v -0.186041 0.296082 -0.930508
v -0.184776 0.259338 -0.934457
v -0.181529 0.223183 -0.938162
v -0.175302 0.187624 -0.940940
v -0.161826 0.154861 -0.942106
v -0.141322 0.124011 -0.942326
v -0.118239 0.093812 -0.944234
v -0.089019 0.065530 -0.946680
v -0.044721 0.041913 -0.947086
v 0.032829 0.820116 -0.983711
v -0.039904 0.802668 -0.978376
v -0.090010 0.777731 -0.974546
v -0.125012 0.745968 -0.971864
v -0.147231 0.715312 -0.973189
v -0.160417 0.684142 -0.973456
v -0.170859 0.654548 -0.967053
v -0.176198 0.629237 -0.958515
v -0.178333 0.597791 -0.953248
v -0.180071 0.558845 -0.952534
v -0.180851 0.519970 -0.951722
v -0.179687 0.485775 -0.950717
v -0.177377 0.451343 -0.950993
v -0.178280 0.412062 -0.952046
v -0.182138 0.370989 -0.953919
v -0.184795 0.331089 -0.955756
v -0.186492 0.292303 -0.957807
v -0.187540 0.257163 -0.962239
v -0.186062 0.221018 -0.966012
v -0.180573 0.183169 -0.967387
v -0.166710 0.150337 -0.966861
v -0.145833 0.120240 -0.965763
v -0.120970 0.091188 -0.966764
v -0.085990 0.065156 -0.967751
v -0.036392 0.043768 -0.967501
v 0.033173 0.816442 -1.014107
v -0.035876 0.800241 -1.009537
v -0.090358 0.778028 -1.006155
v -0.129309 0.747243 -1.004473
v -0.154311 0.713024 -1.002457
v -0.168024 0.685002 -1.002471
v -0.173733 0.665979 -0.997761
v -0.175051 0.638644 -0.989396
v -0.176510 0.599471 -0.987301
v -0.177880 0.562966 -0.985503
v -0.177935 0.522319 -0.986919
v -0.176857 0.484112 -0.988568
v -0.174662 0.450898 -0.986935
v -0.174821 0.409681 -0.987285
v -0.178434 0.366756 -0.988301
v -0.181672 0.325822 -0.988718
v -0.184741 0.284556 -0.987721
v -0.187477 0.245191 -0.987614
v -0.187587 0.207484 -0.990116
v -0.181422 0.173397 -0.994948
v -0.168813 0.143618 -0.999903
v -0.152797 0.113587 -1.002699
v -0.126661 0.085860 -1.004043
v -0.084590 0.062618 -1.004192
v -0.029160 0.043746 -1.003137
v 0.041038 0.814536 -1.043120
v -0.029724 0.799973 -1.038500
v -0.087473 0.780317 -1.034044
v -0.128433 0.752514 -1.031150
v -0.153875 0.719655 -1.028643
v -0.167864 0.692494 -1.024104
v -0.172888 0.670292 -1.022009
v -0.174171 0.639720 -1.023927
v -0.175090 0.599372 -1.024118
v -0.175429 0.562666 -1.021976
v -0.175609 0.526767 -1.021595
v -0.175302 0.489111 -1.022328
v -0.172765 0.448249 -1.022418
v -0.172045 0.402884 -1.023226
v -0.174839 0.361905 -1.023486
v -0.177571 0.322498 -1.023561
v -0.180038 0.282850 -1.023408
v -0.184102 0.243140 -1.022078
v -0.187369 0.205748 -1.022814
v -0.183725 0.171710 -1.029898
v -0.173890 0.139240 -1.037896
v -0.161399 0.107905 -1.041717
v -0.137243 0.079670 -1.043561
v -0.094660 0.056605 -1.044236
v -0.034098 0.039494 -1.042683
v 0.037548 0.815154 -1.065330
v -0.026547 0.801744 -1.059746
v -0.080137 0.781833 -1.055086
v -0.123315 0.756538 -1.050836
v -0.150705 0.725303 -1.046152
v -0.164374 0.697575 -1.042717
v -0.169579 0.669253 -1.043561
v -0.172664 0.635673 -1.048529
v -0.174260 0.599764 -1.052855
v -0.174744 0.563752 -1.055597
v -0.174898 0.526754 -1.055354
v -0.174127 0.489349 -1.053117
v -0.171545 0.447773 -1.052867
v -0.170937 0.402172 -1.053041
v -0.173415 0.361198 -1.053185
v -0.176095 0.321953 -1.053238
v -0.178764 0.282589 -1.053151
v -0.182697 0.240422 -1.050268
v -0.186037 0.201732 -1.049699
v -0.184364 0.168822 -1.056217
v -0.177097 0.136274 -1.062931
v -0.165505 0.105016 -1.066277
v -0.143551 0.076399 -1.067918
v -0.102261 0.053086 -1.068267
v -0.039496 0.036483 -1.066262
v 0.041486 0.814628 -1.087768
v -0.018191 0.801068 -1.082146
v -0.068791 0.780873 -1.077055
v -0.113122 0.757635 -1.072159
v -0.143264 0.729067 -1.065991
v -0.158346 0.696715 -1.063022
v -0.164787 0.663906 -1.068012
v -0.168968 0.630235 -1.074512
v -0.172417 0.595106 -1.079404
v -0.174231 0.560104 -1.084429
v -0.174739 0.523700 -1.087271
v -0.173976 0.486938 -1.088646
v -0.171419 0.446019 -1.087533
v -0.170490 0.401725 -1.085610
v -0.172714 0.360701 -1.085700
v -0.175581 0.321479 -1.085755
v -0.178482 0.282296 -1.085772
v -0.181632 0.242358 -1.085079
v -0.184889 0.202707 -1.084041
v -0.186608 0.165686 -1.087163
v -0.182050 0.132510 -1.092073
v -0.170185 0.102073 -1.094230
v -0.150535 0.073406 -1.095191
v -0.113232 0.049053 -1.095016
v -0.050410 0.032221 -1.092653
v 0.051803 0.809789 -1.108854
v -0.004817 0.795950 -1.103478
v -0.052017 0.775465 -1.098719
v -0.094914 0.753108 -1.094545
v -0.128465 0.726842 -1.090669
v -0.147882 0.694549 -1.089571
v -0.157427 0.658312 -1.092878
v -0.163912 0.623440 -1.098934
v -0.168404 0.589462 -1.105042
v -0.171966 0.554155 -1.109530
v -0.173951 0.518032 -1.113107
v -0.174119 0.481288 -1.116037
v -0.173263 0.442040 -1.117303
v -0.172396 0.400155 -1.117771
v -0.173948 0.359279 -1.118641
v -0.177461 0.320045 -1.118983
v -0.181113 0.280803 -1.118814
v -0.184873 0.241369 -1.118795
v -0.188765 0.201702 -1.119202
v -0.192563 0.162673 -1.121647
v -0.188998 0.128768 -1.123634
v -0.176109 0.099606 -1.123424
v -0.157926 0.071268 -1.123277
v -0.127419 0.044840 -1.123100
v -0.068846 0.026373 -1.121108
v 0.064829 0.802659 -1.128917
v 0.010444 0.788666 -1.123866
v -0.035081 0.768974 -1.119723
v -0.076047 0.747118 -1.116595
v -0.110273 0.722194 -1.114575
v -0.134303 0.692745 -1.113962
v -0.148340 0.655511 -1.117277
v -0.156764 0.616877 -1.123038
v -0.162499 0.582888 -1.128362
v -0.166759 0.548670 -1.133453
v -0.170110 0.513032 -1.137783
v -0.172143 0.476402 -1.141391
v -0.173309 0.438548 -1.144405
v -0.174249 0.399191 -1.147071
v -0.176436 0.359424 -1.150023
v -0.179869 0.319893 -1.151614
v -0.183599 0.279910 -1.150899
v -0.187818 0.238977 -1.150682
v -0.192232 0.197922 -1.151943
v -0.194565 0.160739 -1.152674
v -0.191175 0.128599 -1.152009
v -0.180918 0.098936 -1.151209
v -0.163337 0.070930 -1.150743
v -0.135024 0.044395 -1.150466
v -0.084927 0.022299 -1.150006
v 0.077878 0.794458 -1.147748
v 0.025949 0.780214 -1.143000
v -0.019443 0.762346 -1.139566
v -0.059644 0.741571 -1.137400
v -0.093821 0.717706 -1.136406
v -0.120520 0.690330 -1.136084
v -0.139539 0.650735 -1.137893
v -0.149508 0.609944 -1.143672
v -0.154489 0.577916 -1.150837
v -0.159333 0.544128 -1.156880
v -0.163288 0.508801 -1.161786
v -0.165954 0.472536 -1.165679
v -0.168425 0.435430 -1.169049
v -0.171335 0.397354 -1.172190
v -0.174846 0.358645 -1.175360
v -0.178782 0.319496 -1.177763
v -0.182858 0.279587 -1.178254
v -0.187384 0.238567 -1.178407
v -0.192019 0.198328 -1.179662
v -0.193698 0.162028 -1.179911
v -0.190698 0.129460 -1.178724
v -0.183127 0.099142 -1.177922
v -0.166302 0.071903 -1.177518
v -0.138654 0.047329 -1.177557
v -0.096344 0.021861 -1.180035
v 0.087539 0.786046 -1.164961
v 0.039784 0.771545 -1.160540
v -0.004396 0.755196 -1.157867
v -0.044273 0.735894 -1.156773
v -0.079082 0.712922 -1.157164
v -0.107863 0.685769 -1.158865
v -0.127172 0.649284 -1.161796
v -0.137203 0.610145 -1.166947
v -0.143426 0.575293 -1.173526
v -0.148917 0.540269 -1.179656
v -0.152724 0.504826 -1.184715
v -0.155556 0.468962 -1.188769
v -0.159338 0.432477 -1.192329
v -0.163780 0.395266 -1.195570
v -0.168660 0.357437 -1.198660
v -0.173488 0.319030 -1.201365
v -0.178148 0.279904 -1.202868
v -0.183300 0.240135 -1.203937
v -0.188647 0.200753 -1.205827
v -0.190726 0.163486 -1.206129
v -0.186541 0.130165 -1.204352
v -0.177061 0.100646 -1.203076
v -0.159097 0.075184 -1.202415
v -0.132533 0.053619 -1.202257
v -0.089265 0.031152 -1.205815
v 0.093882 0.777838 -1.180169
v 0.051365 0.763422 -1.176206
v 0.010158 0.748039 -1.174314
v -0.028753 0.730175 -1.174292
v -0.064407 0.708670 -1.176083
v -0.093912 0.681908 -1.179486
v -0.112589 0.647182 -1.183632
v -0.122895 0.608985 -1.188705
v -0.129832 0.572074 -1.194870
v -0.134241 0.535966 -1.200805
v -0.137057 0.500466 -1.206046
v -0.140715 0.465119 -1.210648
v -0.145942 0.429371 -1.214464
v -0.151777 0.393075 -1.217873
v -0.157947 0.356166 -1.221057
v -0.163661 0.318575 -1.223855
v -0.169135 0.280249 -1.225898
v -0.175367 0.241343 -1.227689
v -0.181898 0.201416 -1.229664
v -0.183073 0.163831 -1.229429
v -0.175406 0.132080 -1.227129
v -0.160694 0.104824 -1.225394
v -0.138484 0.081241 -1.224731
v -0.109506 0.060680 -1.225488
v -0.066961 0.041984 -1.229157
v 0.099399 0.768512 -1.192906
v 0.062509 0.755288 -1.189691
v 0.025650 0.740721 -1.188628
v -0.011460 0.724263 -1.189597
v -0.047500 0.704446 -1.192549
v -0.076825 0.677989 -1.197048
v -0.095209 0.643253 -1.201885
v -0.106261 0.604889 -1.207367
v -0.113324 0.566941 -1.213992
v -0.115830 0.530302 -1.220347
v -0.116688 0.495141 -1.226047
v -0.120453 0.460600 -1.231146
v -0.127036 0.425853 -1.235229
v -0.134466 0.390603 -1.238710
v -0.141891 0.354667 -1.241815
v -0.148316 0.317910 -1.244571
v -0.154950 0.280249 -1.247053
v -0.162917 0.241720 -1.249432
v -0.171247 0.199171 -1.250441
v -0.171845 0.161554 -1.249527
v -0.160108 0.133827 -1.247542
v -0.140164 0.109086 -1.245484
v -0.114240 0.087282 -1.244839
v -0.084494 0.067754 -1.246095
v -0.046077 0.051354 -1.249396
v 0.105876 0.758440 -1.203063
v 0.074836 0.747313 -1.200895
v 0.043363 0.733630 -1.200741
v 0.009959 0.717821 -1.202526
v -0.024593 0.698629 -1.206136
v -0.054233 0.672583 -1.211289
v -0.073405 0.637730 -1.216831
v -0.085467 0.598348 -1.222990
v -0.092676 0.559236 -1.230620
v -0.092549 0.522483 -1.238150
v -0.090497 0.488310 -1.244546
v -0.093233 0.455125 -1.249932
v -0.100956 0.421774 -1.254109
v -0.110713 0.387719 -1.257304
v -0.119527 0.352801 -1.259928
v -0.126542 0.316863 -1.262491
v -0.134771 0.279767 -1.265287
v -0.144586 0.241819 -1.268224
v -0.152626 0.202079 -1.269341
v -0.153504 0.165504 -1.268338
v -0.139175 0.137102 -1.265863
v -0.113915 0.113778 -1.263119
v -0.087060 0.093005 -1.262484
v -0.060578 0.073949 -1.264119
v -0.025798 0.059263 -1.267076
v 0.113210 0.749776 -1.210879
v 0.089258 0.740361 -1.209919
v 0.064553 0.727364 -1.210786
v 0.037172 0.711358 -1.213316
v 0.006103 0.691894 -1.217250
v -0.025316 0.666491 -1.222354
v -0.047523 0.631465 -1.228210
v -0.060721 0.589473 -1.235645
v -0.066454 0.547987 -1.245323
v -0.062684 0.511646 -1.254791
v -0.057883 0.479676 -1.262053
v -0.059059 0.448759 -1.267290
v -0.067160 0.417267 -1.270784
v -0.079304 0.384595 -1.272930
v -0.090053 0.350672 -1.274531
v -0.097268 0.315483 -1.276581
v -0.106653 0.279056 -1.279377
v -0.118580 0.241862 -1.282023
v -0.127808 0.204457 -1.283643
v -0.126723 0.169280 -1.283012
v -0.106628 0.141136 -1.280071
v -0.079522 0.118578 -1.277671
v -0.056231 0.097963 -1.277525
v -0.034301 0.079341 -1.279492
v -0.002764 0.066516 -1.281724
v 0.121311 0.743737 -1.216518
v 0.106344 0.735260 -1.216923
v 0.090289 0.722521 -1.218999
v 0.071151 0.706014 -1.222487
v 0.046567 0.685642 -1.226861
v 0.014098 0.660622 -1.231293
v -0.014143 0.625646 -1.236377
v -0.031258 0.577902 -1.245798
v -0.032017 0.531303 -1.259805
v -0.020529 0.497111 -1.271865
v -0.012999 0.469486 -1.279076
v -0.012734 0.442064 -1.283255
v -0.021866 0.413072 -1.285193
v -0.038379 0.382049 -1.285461
v -0.053046 0.348916 -1.285342
v -0.059524 0.314213 -1.286416
v -0.067371 0.278433 -1.288408
v -0.081732 0.241955 -1.290031
v -0.086679 0.206334 -1.291276
v -0.075772 0.173518 -1.291607
v -0.054676 0.146203 -1.290394
v -0.033681 0.123311 -1.289257
v -0.016102 0.103061 -1.289395
v 0.004361 0.086531 -1.290459
v 0.030624 0.075560 -1.291230
v 0.032938 0.068278 -1.287598
v -0.004224 0.075629 -1.286557
v -0.027932 0.091028 -1.284642
v -0.048811 0.110152 -1.283711
v -0.070027 0.131983 -1.284472
v -0.095809 0.156440 -1.286801
v -0.109243 0.187807 -1.288247
v -0.106888 0.223495 -1.287422
v -0.094911 0.260332 -1.285615
v -0.082997 0.296882 -1.283141
v -0.076468 0.332379 -1.281007
v -0.067086 0.366621 -1.279943
v -0.052945 0.399299 -1.279033
v -0.041547 0.430359 -1.277056
v -0.037311 0.460039 -1.273291
v -0.040686 0.489426 -1.267246
v -0.047928 0.521554 -1.258229
v -0.050694 0.561462 -1.246483
v -0.040089 0.606867 -1.236337
v -0.022087 0.647563 -1.229601
v 0.008839 0.676948 -1.224485
v 0.039748 0.699059 -1.220003
v 0.065483 0.717047 -1.216418
v 0.087371 0.731572 -1.214177
v 0.107249 0.742543 -1.213591
v 0.009572 0.059592 -1.276204
v -0.034139 0.068608 -1.273646
v -0.060154 0.085869 -1.271008
v -0.084739 0.105689 -1.270264
v -0.111303 0.127266 -1.271891
v -0.135996 0.152209 -1.275223
v -0.143589 0.184773 -1.277146
v -0.137432 0.222770 -1.276898
v -0.127614 0.260687 -1.274463
v -0.116792 0.297963 -1.271468
v -0.109557 0.334119 -1.268819
v -0.101192 0.369083 -1.266643
v -0.090574 0.402968 -1.264237
v -0.080412 0.435901 -1.260944
v -0.075302 0.468109 -1.256265
v -0.076276 0.500629 -1.250150
v -0.080403 0.535263 -1.242503
v -0.078040 0.573936 -1.233728
v -0.067769 0.614617 -1.226073
v -0.052329 0.653228 -1.220083
v -0.026373 0.683491 -1.214411
v 0.006423 0.705448 -1.209861
v 0.038483 0.722765 -1.206867
v 0.067811 0.737323 -1.205603
v 0.095514 0.749224 -1.206218
v -0.010193 0.050745 -1.260578
v -0.056058 0.062537 -1.256805
v -0.087067 0.080355 -1.254428
v -0.114756 0.100514 -1.254069
v -0.140143 0.122910 -1.255706
v -0.158646 0.148565 -1.258366
v -0.164777 0.179942 -1.259744
v -0.158834 0.221577 -1.260202
v -0.150167 0.261041 -1.257957
v -0.141600 0.298884 -1.255286
v -0.135162 0.335727 -1.252600
v -0.127575 0.371607 -1.249865
v -0.119233 0.406627 -1.246693
v -0.110937 0.440993 -1.242970
v -0.105481 0.474929 -1.238229
v -0.104282 0.509144 -1.232520
v -0.105047 0.544784 -1.226169
v -0.100622 0.582566 -1.218983
v -0.091123 0.621356 -1.212479
v -0.076825 0.658967 -1.207232
v -0.052949 0.689743 -1.202001
v -0.019368 0.711982 -1.197785
v 0.016524 0.729401 -1.195408
v 0.051447 0.744360 -1.195005
v 0.085348 0.757689 -1.196676
v -0.028389 0.040062 -1.242403
v -0.078473 0.055145 -1.237552
v -0.112407 0.074007 -1.235359
v -0.139478 0.095277 -1.235203
v -0.160567 0.119485 -1.236519
v -0.174094 0.147123 -1.238697
v -0.179450 0.179788 -1.240342
v -0.173577 0.221334 -1.239776
v -0.166215 0.261060 -1.237780
v -0.159538 0.299401 -1.235714
v -0.153908 0.336960 -1.233142
v -0.147195 0.373766 -1.230166
v -0.140582 0.409845 -1.226803
v -0.134160 0.445382 -1.223177
v -0.129127 0.480473 -1.218779
v -0.126409 0.515551 -1.213533
v -0.124260 0.551425 -1.207881
v -0.118871 0.588408 -1.201514
v -0.110296 0.626325 -1.195612
v -0.096500 0.663667 -1.190921
v -0.072509 0.694407 -1.186520
v -0.038805 0.717442 -1.183202
v -0.001636 0.736246 -1.181759
v 0.037281 0.751996 -1.182227
v 0.076531 0.766591 -1.184786
v -0.047472 0.027296 -1.220031
v -0.103798 0.047036 -1.215348
v -0.136917 0.067282 -1.213797
v -0.161043 0.089725 -1.214151
v -0.176490 0.116371 -1.215200
v -0.185400 0.146888 -1.217197
v -0.187467 0.182419 -1.218698
v -0.182802 0.221177 -1.217061
v -0.176973 0.260518 -1.215231
v -0.171643 0.299554 -1.213839
v -0.166679 0.337895 -1.211460
v -0.161073 0.375583 -1.208468
v -0.155781 0.412654 -1.205231
v -0.150840 0.449112 -1.201776
v -0.146965 0.484961 -1.197799
v -0.143996 0.520473 -1.193127
v -0.139720 0.556036 -1.187536
v -0.133786 0.591828 -1.181287
v -0.125841 0.628876 -1.175464
v -0.112144 0.667282 -1.171282
v -0.087537 0.697998 -1.168063
v -0.054714 0.722297 -1.166129
v -0.017457 0.742842 -1.165867
v 0.024059 0.759700 -1.167249
v 0.068005 0.774966 -1.170503
v -0.063331 0.014776 -1.194466
v -0.119587 0.038365 -1.191227
v -0.151928 0.061479 -1.190076
v -0.174583 0.085770 -1.190535
v -0.186008 0.114341 -1.191177
v -0.191640 0.145817 -1.192538
v -0.192366 0.180713 -1.193421
v -0.188354 0.219110 -1.192056
v -0.183319 0.259563 -1.190967
v -0.178820 0.299584 -1.190466
v -0.174496 0.338727 -1.188523
v -0.170141 0.377237 -1.185561
v -0.166173 0.415229 -1.182438
v -0.162742 0.452456 -1.179140
v -0.159937 0.488862 -1.175481
v -0.156894 0.524602 -1.171100
v -0.151977 0.559488 -1.165437
v -0.146691 0.593044 -1.158760
v -0.139927 0.627990 -1.151850
v -0.125199 0.671003 -1.148257
v -0.101085 0.702288 -1.147141
v -0.069946 0.727500 -1.146966
v -0.032470 0.749158 -1.147938
v 0.010007 0.767698 -1.150275
v 0.057570 0.783368 -1.154090
v -0.058494 0.012228 -1.164963
v -0.117736 0.032914 -1.164560
v -0.152884 0.058182 -1.164157
v -0.175441 0.084752 -1.164461
v -0.187703 0.113769 -1.165009
v -0.193374 0.144818 -1.166006
v -0.194051 0.178576 -1.166705
v -0.190395 0.217740 -1.165518
v -0.185801 0.259218 -1.164852
v -0.181754 0.299823 -1.165432
v -0.178027 0.339521 -1.164683
v -0.174715 0.378790 -1.161590
v -0.172409 0.417817 -1.158535
v -0.170565 0.455816 -1.155370
v -0.168471 0.492733 -1.151901
v -0.165372 0.528726 -1.147669
v -0.161110 0.563415 -1.142516
v -0.156372 0.596370 -1.136504
v -0.149581 0.631419 -1.130370
v -0.136788 0.674343 -1.125653
v -0.115590 0.706391 -1.125241
v -0.085720 0.732630 -1.126283
v -0.047906 0.755257 -1.128343
v -0.005185 0.775547 -1.131575
v 0.043750 0.792344 -1.135927
v -0.038640 0.018114 -1.133605
v -0.108948 0.032707 -1.136411
v -0.148419 0.057232 -1.136961
v -0.170635 0.084865 -1.137273
v -0.185388 0.113528 -1.137835
v -0.193773 0.144068 -1.138315
v -0.192793 0.180034 -1.136927
v -0.188781 0.219826 -1.135505
v -0.184599 0.260252 -1.135044
v -0.180713 0.300106 -1.135602
v -0.177080 0.339563 -1.135648
v -0.174137 0.379252 -1.133889
v -0.173684 0.420131 -1.132047
v -0.173780 0.459706 -1.130059
v -0.173121 0.497162 -1.127220
v -0.171335 0.533415 -1.123586
v -0.167733 0.568917 -1.119405
v -0.163310 0.603215 -1.114259
v -0.156930 0.638076 -1.108307
v -0.147869 0.675844 -1.103350
v -0.132103 0.709900 -1.102200
v -0.103550 0.737873 -1.104176
v -0.064979 0.761469 -1.107418
v -0.020832 0.782601 -1.111463
v 0.028631 0.800752 -1.116333
v -0.019139 0.023827 -1.104485
v -0.093897 0.036651 -1.108338
v -0.140222 0.058828 -1.109249
v -0.164791 0.086209 -1.109136
v -0.180054 0.115376 -1.108506
v -0.189175 0.146407 -1.106663
v -0.188184 0.183171 -1.102353
v -0.184616 0.222594 -1.101989
v -0.181201 0.262005 -1.102241
v -0.177895 0.301170 -1.102251
v -0.174610 0.340284 -1.102209
v -0.171788 0.380029 -1.102016
v -0.171367 0.422484 -1.102125
v -0.173367 0.464984 -1.103627
v -0.174542 0.502687 -1.101987
v -0.174249 0.539194 -1.099084
v -0.172220 0.574902 -1.094935
v -0.168838 0.609638 -1.089613
v -0.164251 0.643923 -1.083703
v -0.158078 0.677891 -1.077493
v -0.146936 0.712827 -1.076063
v -0.122548 0.742848 -1.080734
v -0.083751 0.767717 -1.085610
v -0.036633 0.788828 -1.090353
v 0.015086 0.807366 -1.095633
v -0.005193 0.028595 -1.076982
v -0.078280 0.041984 -1.080573
v -0.129989 0.062201 -1.081563
v -0.159028 0.088760 -1.080741
v -0.174084 0.118866 -1.078753
v -0.182908 0.150579 -1.074463
v -0.185595 0.184311 -1.068067
v -0.183653 0.220614 -1.066232
v -0.179933 0.262273 -1.068797
v -0.176959 0.302243 -1.069474
v -0.174257 0.341421 -1.069426
v -0.171597 0.381160 -1.069343
v -0.170229 0.424158 -1.069609
v -0.172735 0.469222 -1.071192
v -0.174583 0.506800 -1.071540
v -0.174717 0.544502 -1.072329
v -0.174233 0.580118 -1.068694
v -0.172485 0.615657 -1.064262
v -0.169309 0.650234 -1.058759
v -0.165077 0.682875 -1.053313
v -0.156411 0.712439 -1.053126
v -0.135429 0.743189 -1.058672
v -0.099041 0.770837 -1.063795
v -0.049843 0.792302 -1.068539
v 0.006076 0.809912 -1.073852
v 0.000960 0.031929 -1.052263
v -0.069803 0.045621 -1.055304
v -0.121679 0.065728 -1.055840
v -0.154204 0.091650 -1.054453
v -0.169940 0.122023 -1.052095
v -0.180168 0.153998 -1.046543
v -0.186468 0.186976 -1.038032
v -0.185650 0.221409 -1.033918
v -0.181087 0.262419 -1.036548
v -0.177958 0.302418 -1.037396
v -0.175500 0.341783 -1.037365
v -0.172629 0.381379 -1.037264
v -0.171170 0.424539 -1.036854
v -0.173587 0.470303 -1.036059
v -0.175186 0.507755 -1.036787
v -0.175016 0.546161 -1.037927
v -0.174992 0.580768 -1.038121
v -0.174261 0.619625 -1.037280
v -0.172789 0.654945 -1.033552
v -0.169518 0.683748 -1.031535
v -0.161171 0.707632 -1.035064
v -0.141051 0.738619 -1.038749
v -0.107905 0.769090 -1.042187
v -0.057404 0.791549 -1.046293
v 0.003373 0.808602 -1.050785
v 0.003350 0.034217 -1.030407
v -0.063976 0.048768 -1.032959
v -0.114620 0.069241 -1.033301
v -0.149158 0.094660 -1.031976
v -0.166218 0.124734 -1.029477
v -0.178148 0.156169 -1.023859
v -0.186546 0.188970 -1.015711
v -0.186755 0.224988 -1.012032
v -0.182844 0.263290 -1.012327
v -0.179744 0.303120 -1.013006
v -0.177263 0.343074 -1.013097
v -0.174057 0.383152 -1.012822
v -0.172313 0.426357 -1.012250
v -0.174786 0.469822 -1.011799
v -0.176164 0.505953 -1.011968
v -0.176002 0.545477 -1.009463
v -0.175875 0.579483 -1.012137
v -0.174886 0.620166 -1.013846
v -0.174107 0.657100 -1.014491
v -0.171938 0.679772 -1.015691
v -0.162715 0.702332 -1.019869
v -0.143392 0.734249 -1.022689
v -0.111313 0.766241 -1.024787
v -0.062329 0.790659 -1.027741
v 0.002446 0.807671 -1.032062
v 0.002774 0.036463 -0.993246
v -0.058227 0.053414 -0.994847
v -0.106077 0.074920 -0.995162
v -0.139827 0.100702 -0.994649
v -0.159928 0.130132 -0.992985
v -0.175451 0.160141 -0.990415
v -0.185213 0.191884 -0.986054
v -0.188190 0.229331 -0.982936
v -0.186759 0.266310 -0.980547
v -0.183970 0.306615 -0.980952
v -0.180992 0.347332 -0.980765
v -0.177422 0.388918 -0.979758
v -0.174487 0.431631 -0.978749
v -0.176390 0.468083 -0.979395
v -0.178012 0.500752 -0.980260
v -0.178830 0.542764 -0.977707
v -0.177692 0.580449 -0.978622
v -0.176129 0.618654 -0.979852
v -0.174402 0.652533 -0.985562
v -0.170953 0.673235 -0.995456
v -0.160667 0.697914 -0.995775
v -0.142842 0.729458 -0.996438
v -0.110998 0.763035 -0.997824
v -0.066324 0.790516 -1.000649
v -0.001953 0.809259 -1.004834
v -0.010022 0.033789 -0.957007
v -0.066310 0.053364 -0.958025
v -0.105235 0.078398 -0.956962
v -0.132318 0.107109 -0.955075
v -0.154500 0.137240 -0.954606
v -0.173061 0.168441 -0.955741
v -0.181784 0.203550 -0.954333
v -0.185698 0.240948 -0.951911
v -0.186559 0.275897 -0.947103
v -0.186135 0.313317 -0.943845
v -0.184677 0.352327 -0.941490
v -0.182105 0.392312 -0.939106
v -0.179597 0.433378 -0.936524
v -0.180900 0.472626 -0.934642
v -0.181982 0.505008 -0.935902
v -0.181459 0.539669 -0.938359
v -0.179887 0.578014 -0.939505
v -0.178012 0.610248 -0.944623
v -0.173890 0.636813 -0.951729
v -0.163793 0.666053 -0.957705
v -0.150688 0.700036 -0.961183
v -0.134991 0.731766 -0.961004
v -0.107062 0.762726 -0.960981
v -0.066246 0.790789 -0.963526
v -0.007932 0.812380 -0.967870
v -0.019910 0.031226 -0.934137
v -0.071542 0.052906 -0.935282
v -0.103653 0.080460 -0.933015
v -0.127561 0.110595 -0.930265
v -0.149159 0.141418 -0.928802
v -0.166175 0.173199 -0.927497
v -0.175578 0.206913 -0.924547
v -0.181067 0.242522 -0.921170
v -0.184317 0.279111 -0.917161
v -0.185665 0.316815 -0.913714
v -0.186021 0.354933 -0.910590
v -0.185767 0.393443 -0.907372
v -0.185010 0.433113 -0.903807
v -0.185504 0.472821 -0.901265
v -0.185004 0.504632 -0.904275
v -0.183180 0.540631 -0.906251
v -0.181182 0.573578 -0.911129
v -0.177610 0.602755 -0.917571
v -0.170521 0.629573 -0.923714
v -0.157594 0.662620 -0.926897
v -0.143399 0.697645 -0.929482
v -0.127504 0.731977 -0.932203
v -0.102438 0.760988 -0.931410
v -0.061613 0.787477 -0.933492
v -0.009017 0.810528 -0.937668
v -0.024162 0.029925 -0.906891
v -0.071774 0.053862 -0.908071
v -0.099178 0.083322 -0.905709
v -0.121855 0.114218 -0.903150
v -0.143003 0.145586 -0.901172
v -0.158505 0.178088 -0.898644
v -0.168792 0.211799 -0.895441
v -0.176133 0.246852 -0.891694
v -0.181175 0.283156 -0.887035
v -0.183902 0.320185 -0.883169
v -0.186074 0.357136 -0.879509
v -0.188073 0.393831 -0.875784
v -0.188609 0.429799 -0.872717
v -0.188364 0.464073 -0.872191
v -0.186848 0.498822 -0.874654
v -0.184384 0.537646 -0.875898
v -0.180603 0.571121 -0.880715
v -0.175823 0.596795 -0.887767
v -0.164653 0.626415 -0.892908
v -0.150769 0.660434 -0.895539
v -0.135721 0.694636 -0.897816
v -0.116576 0.726041 -0.900273
v -0.090476 0.753856 -0.901715
v -0.052225 0.779511 -0.904604
v -0.004318 0.802039 -0.908366
v -0.018538 0.030612 -0.877166
v -0.065904 0.055789 -0.878730
v -0.092866 0.086206 -0.877167
v -0.115243 0.117809 -0.874973
v -0.135877 0.149957 -0.872789
v -0.150916 0.183613 -0.870264
v -0.162313 0.218232 -0.867511
v -0.170952 0.252657 -0.862929
v -0.177474 0.288102 -0.857132
v -0.181743 0.323929 -0.852740
v -0.185412 0.359648 -0.848571
v -0.189121 0.395277 -0.843886
v -0.191387 0.429637 -0.839710
v -0.190967 0.460121 -0.839905
v -0.188432 0.495649 -0.843275
v -0.184641 0.532420 -0.846507
v -0.179270 0.566271 -0.850501
v -0.173330 0.588147 -0.859572
v -0.158737 0.622663 -0.862315
v -0.143726 0.658094 -0.864235
v -0.126673 0.690909 -0.867174
v -0.102947 0.719176 -0.871155
v -0.073724 0.744386 -0.874793
v -0.038388 0.767777 -0.878121
v 0.003697 0.787963 -0.881248
v -0.012782 0.031500 -0.847693
v -0.058598 0.057675 -0.849501
v -0.085824 0.088889 -0.848437
v -0.107955 0.121281 -0.846423
v -0.127859 0.154223 -0.844066
v -0.142843 0.188542 -0.841542
v -0.154891 0.223619 -0.838803
v -0.164686 0.257879 -0.833598
v -0.172915 0.292824 -0.827464
v -0.178889 0.327838 -0.822684
v -0.183709 0.362372 -0.818286
v -0.189028 0.396954 -0.812907
v -0.193675 0.430897 -0.807471
v -0.192820 0.460724 -0.808554
v -0.188943 0.493739 -0.813123
v -0.183123 0.527535 -0.817597
v -0.175747 0.559008 -0.822449
v -0.166204 0.586001 -0.828751
v -0.151715 0.620830 -0.830900
v -0.136253 0.655481 -0.833345
v -0.116255 0.686295 -0.838192
v -0.090547 0.712711 -0.843770
v -0.059649 0.735124 -0.849115
v -0.025467 0.755610 -0.853219
v 0.012460 0.773319 -0.856177
v -0.009545 0.031916 -0.819036
v -0.052311 0.059357 -0.820620
v -0.079366 0.091375 -0.819873
v -0.100681 0.124607 -0.817952
v -0.119281 0.158276 -0.815327
v -0.133701 0.192574 -0.812194
v -0.145928 0.227334 -0.808958
v -0.156854 0.261839 -0.804205
v -0.167172 0.297064 -0.798458
v -0.175198 0.332274 -0.793053
v -0.180333 0.365224 -0.789214
v -0.186053 0.397689 -0.784958
v -0.192043 0.430076 -0.780776
v -0.190521 0.460832 -0.782474
v -0.184530 0.492287 -0.786525
v -0.176811 0.524298 -0.790670
v -0.167727 0.556023 -0.794514
v -0.156864 0.587204 -0.797897
v -0.144223 0.619699 -0.800488
v -0.127807 0.652458 -0.804899
v -0.104251 0.680915 -0.812209
v -0.077119 0.705572 -0.819233
v -0.046251 0.726054 -0.825596
v -0.013717 0.744378 -0.830230
v 0.021030 0.759942 -0.833250
v -0.003618 0.033267 -0.790488
v -0.045576 0.061211 -0.791760
v -0.074085 0.093582 -0.791624
v -0.093577 0.127725 -0.789677
v -0.109804 0.162291 -0.786492
v -0.123624 0.196844 -0.782804
v -0.136162 0.231545 -0.779279
v -0.148057 0.266133 -0.775694
v -0.160079 0.301400 -0.770861
v -0.170786 0.338296 -0.763518
v -0.174769 0.368497 -0.761119
v -0.178169 0.398124 -0.759512
v -0.182133 0.428667 -0.757836
v -0.179767 0.459250 -0.759419
v -0.172554 0.490090 -0.763071
v -0.164314 0.521315 -0.766826
v -0.155766 0.552785 -0.770016
v -0.146474 0.584571 -0.772423
v -0.134829 0.616991 -0.774927
v -0.116197 0.648422 -0.781025
v -0.089979 0.675129 -0.789762
v -0.061781 0.698021 -0.797880
v -0.032434 0.717547 -0.804630
v -0.002403 0.734551 -0.809492
v 0.029334 0.748322 -0.812693
v 0.005661 0.035261 -0.761952
v -0.034671 0.063416 -0.762536
v -0.064632 0.095161 -0.762175
v -0.082647 0.129456 -0.759877
v -0.097587 0.164661 -0.756523
v -0.111552 0.199844 -0.753160
v -0.125000 0.235453 -0.750256
v -0.138640 0.271646 -0.747268
v -0.151517 0.306007 -0.743476
v -0.162672 0.341066 -0.736511
v -0.165621 0.369453 -0.735041
v -0.165273 0.397553 -0.735796
v -0.164184 0.426934 -0.736815
v -0.159620 0.456865 -0.739285
v -0.152549 0.487172 -0.742701
v -0.145601 0.517918 -0.745912
v -0.139006 0.549102 -0.748578
v -0.131473 0.580790 -0.750914
v -0.120609 0.612847 -0.754005
v -0.099772 0.643378 -0.761090
v -0.072717 0.669609 -0.770383
v -0.045097 0.691669 -0.779070
v -0.018024 0.710524 -0.786088
v 0.009012 0.726449 -0.791188
v 0.037560 0.738505 -0.794729
v 0.020700 0.038382 -0.733932
v -0.015876 0.066094 -0.733552
v -0.046750 0.096333 -0.731722
v -0.064907 0.129548 -0.729244
v -0.079690 0.163900 -0.726989
v -0.094690 0.199306 -0.724905
v -0.109852 0.236445 -0.723512
v -0.124617 0.273709 -0.721255
v -0.136438 0.306936 -0.717994
v -0.144850 0.338341 -0.714281
v -0.146342 0.367169 -0.713889
v -0.143504 0.395559 -0.715772
v -0.138365 0.424445 -0.718424
v -0.131367 0.453754 -0.721639
v -0.124259 0.483533 -0.724969
v -0.118722 0.513867 -0.727882
v -0.114990 0.544756 -0.730119
v -0.110879 0.576176 -0.732153
v -0.100569 0.607825 -0.736009
v -0.077403 0.638124 -0.744444
v -0.051633 0.665183 -0.753774
v -0.026398 0.687160 -0.762675
v -0.002221 0.705215 -0.770117
v 0.021539 0.719788 -0.775730
v 0.045961 0.730573 -0.779530
v 0.041811 0.042452 -0.707716
v 0.009737 0.068259 -0.706967
v -0.019474 0.096984 -0.703882
v -0.038776 0.128666 -0.701366
v -0.053900 0.161483 -0.701136
v -0.069847 0.196360 -0.700732
v -0.086296 0.234269 -0.700225
v -0.099502 0.270395 -0.699290
v -0.109762 0.303421 -0.696830
v -0.116284 0.334544 -0.695208
v -0.114200 0.363756 -0.696585
v -0.107774 0.392048 -0.699204
v -0.101018 0.420572 -0.702200
v -0.094210 0.449529 -0.705488
v -0.088125 0.479020 -0.708929
v -0.083579 0.509091 -0.712158
v -0.081573 0.539757 -0.714720
v -0.079363 0.570965 -0.717250
v -0.068023 0.602480 -0.722642
v -0.045757 0.633063 -0.731795
v -0.024386 0.661180 -0.740646
v -0.003668 0.683571 -0.749421
v 0.016226 0.701171 -0.757173
v 0.035476 0.714838 -0.763189
v 0.054613 0.724819 -0.767149
v 0.063437 0.044967 -0.685563
v 0.040002 0.068071 -0.684291
v 0.019626 0.095183 -0.681198
v 0.000778 0.125481 -0.678503
v -0.019048 0.157896 -0.678956
v -0.034539 0.191751 -0.679609
v -0.048679 0.228686 -0.679657
v -0.053371 0.262580 -0.679790
v -0.053960 0.294498 -0.678870
v -0.055986 0.325830 -0.678736
v -0.051561 0.355415 -0.680800
v -0.044791 0.384124 -0.684083
v -0.039722 0.413078 -0.687419
v -0.038052 0.442608 -0.690609
v -0.041711 0.473064 -0.693955
v -0.041194 0.503473 -0.697881
v -0.039406 0.534192 -0.701691
v -0.033169 0.565439 -0.706560
v -0.020556 0.597364 -0.713804
v -0.004598 0.628729 -0.722639
v 0.009508 0.657570 -0.731004
v 0.023528 0.680965 -0.739393
v 0.037265 0.698864 -0.747158
v 0.050525 0.712123 -0.753454
v 0.063776 0.721029 -0.757884
v 0.088578 0.045071 -0.669266
v 0.076128 0.064755 -0.665518
v 0.070605 0.089785 -0.663403
v 0.060711 0.118349 -0.661303
v 0.040531 0.149900 -0.660221
v 0.022833 0.182471 -0.660056
v 0.026235 0.214155 -0.660063
v 0.038483 0.244609 -0.661241
v 0.048223 0.275824 -0.662346
v 0.049508 0.308409 -0.663918
v 0.051609 0.339727 -0.666086
v 0.046584 0.371379 -0.670372
v 0.046533 0.401968 -0.674580
v 0.046474 0.432243 -0.678380
v 0.033611 0.464196 -0.682154
v 0.022846 0.496355 -0.687220
v 0.020874 0.528170 -0.692824
v 0.030003 0.560095 -0.700051
v 0.039224 0.592935 -0.708274
v 0.046160 0.625353 -0.716717
v 0.050268 0.655336 -0.724574
v 0.054617 0.680408 -0.732221
v 0.060594 0.698691 -0.740054
v 0.067097 0.711175 -0.746983
v 0.073701 0.718975 -0.752057
v 0.202331 0.027370 -0.671344
v 0.247206 0.040237 -0.664405
v 0.275065 0.061679 -0.661566
v 0.293474 0.086808 -0.660440
v 0.307454 0.113076 -0.660049
v 0.319230 0.139551 -0.660463
v 0.325894 0.167036 -0.662629
v 0.319961 0.197390 -0.667985
v 0.304538 0.230571 -0.675348
v 0.287034 0.265811 -0.681845
v 0.268461 0.302618 -0.687453
v 0.252053 0.339935 -0.691625
v 0.239636 0.377038 -0.694634
v 0.230444 0.413793 -0.697093
v 0.222883 0.450278 -0.699601
v 0.218503 0.486316 -0.702008
v 0.220727 0.521485 -0.703652
v 0.228552 0.555984 -0.705408
v 0.232418 0.591397 -0.710387
v 0.221993 0.627830 -0.717982
v 0.191302 0.661108 -0.725937
v 0.162048 0.689207 -0.733424
v 0.140547 0.707418 -0.742624
v 0.122633 0.719055 -0.750488
v 0.106478 0.725842 -0.755979
v 0.231911 0.018773 -0.687553
v 0.283643 0.034077 -0.681572
v 0.310458 0.057574 -0.680897
v 0.327977 0.083511 -0.681656
v 0.341460 0.110069 -0.682885
v 0.353577 0.136511 -0.684304
v 0.362488 0.163067 -0.686485
v 0.363278 0.190591 -0.690533
v 0.355693 0.219959 -0.695903
v 0.339912 0.253943 -0.700888
v 0.319370 0.292094 -0.704935
v 0.300717 0.331483 -0.707384
v 0.286101 0.370709 -0.708907
v 0.275077 0.409657 -0.710166
v 0.266959 0.448213 -0.711681
v 0.262660 0.486180 -0.713091
v 0.262898 0.523428 -0.714159
v 0.262655 0.560564 -0.717222
v 0.256183 0.598490 -0.723413
v 0.243855 0.635794 -0.730421
v 0.219756 0.668989 -0.737012
v 0.191217 0.697251 -0.743524
v 0.163910 0.714329 -0.752662
v 0.139152 0.725647 -0.760015
v 0.116252 0.732383 -0.764919
v 0.251116 0.012311 -0.709437
v 0.305371 0.031275 -0.704624
v 0.333138 0.056104 -0.704712
v 0.350131 0.082652 -0.706617
v 0.363296 0.109337 -0.708974
v 0.375672 0.135466 -0.711274
v 0.386464 0.160916 -0.713878
v 0.393119 0.185641 -0.717520
v 0.392930 0.210440 -0.722379
v 0.381627 0.240741 -0.726677
v 0.359953 0.280937 -0.727966
v 0.339328 0.323390 -0.727075
v 0.322693 0.364943 -0.726614
v 0.308996 0.406347 -0.727276
v 0.298423 0.447215 -0.729185
v 0.291621 0.487228 -0.731386
v 0.287778 0.526469 -0.733609
v 0.282076 0.565454 -0.737599
v 0.273499 0.604139 -0.742508
v 0.260824 0.641810 -0.748485
v 0.239417 0.675457 -0.754374
v 0.212033 0.702588 -0.760666
v 0.182271 0.720398 -0.768281
v 0.153136 0.733161 -0.773968
v 0.124787 0.740761 -0.777641
v 0.259947 0.009722 -0.735057
v 0.320754 0.030498 -0.730032
v 0.349061 0.056349 -0.730826
v 0.366477 0.083262 -0.733419
v 0.381045 0.109831 -0.736225
v 0.394653 0.135646 -0.738964
v 0.407243 0.160416 -0.741867
v 0.416404 0.183789 -0.745722
v 0.417137 0.206466 -0.751297
v 0.408355 0.233346 -0.756256
v 0.388667 0.270846 -0.757167
v 0.366944 0.315968 -0.751971
v 0.348292 0.360163 -0.749838
v 0.332399 0.403815 -0.750338
v 0.319044 0.446999 -0.752785
v 0.308612 0.489042 -0.756600
v 0.301167 0.529717 -0.760775
v 0.294647 0.569200 -0.764889
v 0.286421 0.607478 -0.768525
v 0.274172 0.644748 -0.773073
v 0.253970 0.678498 -0.777993
v 0.226271 0.704752 -0.783709
v 0.196168 0.725378 -0.788693
v 0.164509 0.740939 -0.792062
v 0.131880 0.750444 -0.794091
v 0.269124 0.009520 -0.761328
v 0.333229 0.031377 -0.756583
v 0.362292 0.057818 -0.758021
v 0.380829 0.084867 -0.761046
v 0.396008 0.111460 -0.764291
v 0.409661 0.137330 -0.767475
v 0.422118 0.162254 -0.770706
v 0.430767 0.186108 -0.774719
v 0.428949 0.209887 -0.780605
v 0.419492 0.236126 -0.786473
v 0.404209 0.268155 -0.788983
v 0.384202 0.311672 -0.782550
v 0.365003 0.356585 -0.779036
v 0.347987 0.401798 -0.778279
v 0.332996 0.447706 -0.779451
v 0.320768 0.492048 -0.783549
v 0.311673 0.533806 -0.789751
v 0.304382 0.572919 -0.796524
v 0.295476 0.609442 -0.799959
v 0.283757 0.645845 -0.802733
v 0.265371 0.680110 -0.805771
v 0.238008 0.707518 -0.809536
v 0.207341 0.730597 -0.812293
v 0.173976 0.749254 -0.813585
v 0.137856 0.761366 -0.813920
v 0.280221 0.010675 -0.787908
v 0.343458 0.033742 -0.784142
v 0.374624 0.060337 -0.785895
v 0.394204 0.087399 -0.789306
v 0.409406 0.114083 -0.793000
v 0.422204 0.140251 -0.796617
v 0.432464 0.165897 -0.800286
v 0.438056 0.191111 -0.804540
v 0.435240 0.216331 -0.810092
v 0.427494 0.242068 -0.816011
v 0.414032 0.271465 -0.819892
v 0.395931 0.310104 -0.816566
v 0.377266 0.352721 -0.812082
v 0.359328 0.398916 -0.808677
v 0.342265 0.449702 -0.807015
v 0.328817 0.497169 -0.811042
v 0.319097 0.539119 -0.818854
v 0.311947 0.575533 -0.828136
v 0.302862 0.610348 -0.832226
v 0.291815 0.646356 -0.834234
v 0.276013 0.681935 -0.835644
v 0.249367 0.711364 -0.837461
v 0.217549 0.736343 -0.838510
v 0.182206 0.757375 -0.838243
v 0.142722 0.771688 -0.837199
v 0.283466 0.014261 -0.817098
v 0.349241 0.037840 -0.813369
v 0.385449 0.064002 -0.814651
v 0.406011 0.090828 -0.818282
v 0.421711 0.117458 -0.822250
v 0.434571 0.143892 -0.826084
v 0.442954 0.170326 -0.829985
v 0.445026 0.196905 -0.834405
v 0.441164 0.223571 -0.839541
v 0.433801 0.249835 -0.845241
v 0.421990 0.277412 -0.850383
v 0.406645 0.309663 -0.852055
v 0.388848 0.346406 -0.850589
v 0.369554 0.392191 -0.846094
v 0.349521 0.452980 -0.843647
v 0.337079 0.501350 -0.847814
v 0.327864 0.541062 -0.853908
v 0.320207 0.575671 -0.860753
v 0.311095 0.610277 -0.864584
v 0.300339 0.646061 -0.866542
v 0.286269 0.682932 -0.867215
v 0.262446 0.717031 -0.866905
v 0.230058 0.744427 -0.866486
v 0.191830 0.766712 -0.865303
v 0.148174 0.782374 -0.863317
v 0.279624 0.019772 -0.848545
v 0.351623 0.043198 -0.843870
v 0.390622 0.068826 -0.844798
v 0.413369 0.095181 -0.848227
v 0.430162 0.121737 -0.852092
v 0.442472 0.148545 -0.855972
v 0.449375 0.175638 -0.860020
v 0.450024 0.203166 -0.864462
v 0.446133 0.231063 -0.869222
v 0.438442 0.258679 -0.874633
v 0.428272 0.286115 -0.880261
v 0.415883 0.314367 -0.885337
v 0.399798 0.346998 -0.888466
v 0.380879 0.393355 -0.887873
v 0.361294 0.454822 -0.888504
v 0.349558 0.501020 -0.890957
v 0.340058 0.539033 -0.893122
v 0.330744 0.574698 -0.895567
v 0.320719 0.610086 -0.897543
v 0.309754 0.645900 -0.899113
v 0.296365 0.683054 -0.899687
v 0.275350 0.721264 -0.897929
v 0.245952 0.754253 -0.895978
v 0.206191 0.779365 -0.894047
v 0.156943 0.796609 -0.891316
v 0.277331 0.025704 -0.879644
v 0.353747 0.049048 -0.874380
v 0.392573 0.074328 -0.875304
v 0.418033 0.100383 -0.878337
v 0.435493 0.127077 -0.881926
v 0.446573 0.154205 -0.885920
v 0.452631 0.181575 -0.890230
v 0.454053 0.209350 -0.894776
v 0.451116 0.237686 -0.899556
v 0.443775 0.266451 -0.904851
v 0.434447 0.295275 -0.910375
v 0.423366 0.324640 -0.915944
v 0.408883 0.358729 -0.921241
v 0.391907 0.405166 -0.925740
v 0.375662 0.456795 -0.928867
v 0.363168 0.499635 -0.928745
v 0.352402 0.537483 -0.928705
v 0.341946 0.573775 -0.929366
v 0.331078 0.609781 -0.930000
v 0.319816 0.645937 -0.931111
v 0.306692 0.682892 -0.932109
v 0.286409 0.721981 -0.930257
v 0.261718 0.760269 -0.927709
v 0.225752 0.792241 -0.925234
v 0.169348 0.813111 -0.921718
v 0.279201 0.031221 -0.908802
v 0.350019 0.054753 -0.903960
v 0.392276 0.079866 -0.904254
v 0.422641 0.105982 -0.907016
v 0.442291 0.132925 -0.910889
v 0.453396 0.160104 -0.915425
v 0.459043 0.187402 -0.920195
v 0.460311 0.215331 -0.925010
v 0.456843 0.244154 -0.930055
v 0.449648 0.273813 -0.935413
v 0.440840 0.304022 -0.940949
v 0.430485 0.335502 -0.946706
v 0.417250 0.371417 -0.952845
v 0.401872 0.414977 -0.959000
v 0.387580 0.460385 -0.962741
v 0.375458 0.499985 -0.962230
v 0.364352 0.537011 -0.961972
v 0.353354 0.573190 -0.962212
v 0.341582 0.609455 -0.961384
v 0.329536 0.645962 -0.961623
v 0.316227 0.683024 -0.963061
v 0.296692 0.721693 -0.962449
v 0.272745 0.760690 -0.960719
v 0.238381 0.798110 -0.958394
v 0.179024 0.825426 -0.954742
v 0.269911 0.035953 -0.936859
v 0.341098 0.059673 -0.931333
v 0.391703 0.084844 -0.930672
v 0.429517 0.111267 -0.933398
v 0.452851 0.138768 -0.938226
v 0.464115 0.165945 -0.944206
v 0.468359 0.192942 -0.949717
v 0.467896 0.221433 -0.954641
v 0.463154 0.250620 -0.960070
v 0.456133 0.280647 -0.965669
v 0.447859 0.311633 -0.971260
v 0.438004 0.344186 -0.977022
v 0.425908 0.380206 -0.983023
v 0.411902 0.420883 -0.988581
v 0.398359 0.462436 -0.991325
v 0.386474 0.500626 -0.991466
v 0.375695 0.537246 -0.992746
v 0.364543 0.573076 -0.993097
v 0.351625 0.609265 -0.990177
v 0.338364 0.646053 -0.989106
v 0.324739 0.683333 -0.991053
v 0.307135 0.721483 -0.993324
v 0.281518 0.759729 -0.992854
v 0.243654 0.796939 -0.991143
v 0.183354 0.827107 -0.987602
v 0.257242 0.039598 -0.960605
v 0.337732 0.063445 -0.954611
v 0.397425 0.088698 -0.953498
v 0.440086 0.115522 -0.955990
v 0.462804 0.143840 -0.960326
v 0.471836 0.170029 -0.966706
v 0.474571 0.196580 -0.972422
v 0.473029 0.225567 -0.977332
v 0.468116 0.255012 -0.982956
v 0.461542 0.285242 -0.988681
v 0.453669 0.316541 -0.994283
v 0.444141 0.349287 -0.999937
v 0.432863 0.384577 -1.005558
v 0.419849 0.423423 -1.010313
v 0.406849 0.463024 -1.012339
v 0.395013 0.500829 -1.013212
v 0.384231 0.537535 -1.015302
v 0.373073 0.573267 -1.015895
v 0.360075 0.609162 -1.013300
v 0.346122 0.646111 -1.012016
v 0.332221 0.683532 -1.013718
v 0.315762 0.721448 -1.016642
v 0.288963 0.759418 -1.016475
v 0.249858 0.795687 -1.015171
v 0.187350 0.824757 -1.011296
v 0.264873 0.046630 -0.995836
v 0.350150 0.068434 -0.990682
v 0.415750 0.093633 -0.988232
v 0.450330 0.120259 -0.989895
v 0.466956 0.148217 -0.993085
v 0.474280 0.172308 -0.998987
v 0.477908 0.199272 -1.004102
v 0.478205 0.228990 -1.008969
v 0.474927 0.259478 -1.014436
v 0.469429 0.290308 -1.020087
v 0.462158 0.321833 -1.025597
v 0.453178 0.354428 -1.030855
v 0.442597 0.388569 -1.035799
v 0.430685 0.425426 -1.040138
v 0.418984 0.463652 -1.043302
v 0.407617 0.501070 -1.045383
v 0.396166 0.537777 -1.046303
v 0.384703 0.573697 -1.046415
v 0.372925 0.609339 -1.047004
v 0.358727 0.646575 -1.047876
v 0.343301 0.684080 -1.048456
v 0.325596 0.721723 -1.048145
v 0.298864 0.759663 -1.046474
v 0.259719 0.795807 -1.045443
v 0.196268 0.824449 -1.041425
v 0.272153 0.044990 -1.036203
v 0.357943 0.069581 -1.030928
v 0.423990 0.097704 -1.026832
v 0.451481 0.122358 -1.030123
v 0.465677 0.146568 -1.035176
v 0.474931 0.172799 -1.039807
v 0.481347 0.202046 -1.043782
v 0.484692 0.233114 -1.048704
v 0.484073 0.264393 -1.054393
v 0.480564 0.295542 -1.059999
v 0.474641 0.327090 -1.065220
v 0.466119 0.359482 -1.069875
v 0.455732 0.392077 -1.073661
v 0.444218 0.426774 -1.077067
v 0.432980 0.465008 -1.080725
v 0.421707 0.502366 -1.083536
v 0.409860 0.538878 -1.083863
v 0.397915 0.575202 -1.082566
v 0.386450 0.611827 -1.083905
v 0.371989 0.648481 -1.085646
v 0.353970 0.684965 -1.085256
v 0.333569 0.721766 -1.082869
v 0.309516 0.759093 -1.079545
v 0.273273 0.795364 -1.078035
v 0.207115 0.823753 -1.073923
v 0.273686 0.039156 -1.062554
v 0.361568 0.067546 -1.058816
v 0.427430 0.100949 -1.056511
v 0.451833 0.126763 -1.060491
v 0.465144 0.150981 -1.065532
v 0.475675 0.178166 -1.069794
v 0.483808 0.207171 -1.074419
v 0.489454 0.237678 -1.080358
v 0.491632 0.268659 -1.086517
v 0.490264 0.299623 -1.092009
v 0.485632 0.331270 -1.097034
v 0.477354 0.363980 -1.101274
v 0.466753 0.395496 -1.103646
v 0.454433 0.429905 -1.105256
v 0.442233 0.467155 -1.106538
v 0.430063 0.503689 -1.107740
v 0.417704 0.539815 -1.108050
v 0.405726 0.576163 -1.107985
v 0.393886 0.612812 -1.108807
v 0.378706 0.648922 -1.108495
v 0.359489 0.684673 -1.106744
v 0.337103 0.720626 -1.104147
v 0.311800 0.757167 -1.101510
v 0.276282 0.793470 -1.099460
v 0.211817 0.821678 -1.094842
v 0.268899 0.035905 -1.091957
v 0.357849 0.069110 -1.089172
v 0.423418 0.106348 -1.087444
v 0.447735 0.132968 -1.090809
v 0.462666 0.157413 -1.095540
v 0.475660 0.183942 -1.100369
v 0.486309 0.212507 -1.106014
v 0.494505 0.242638 -1.113006
v 0.498986 0.273437 -1.119871
v 0.497908 0.303961 -1.124274
v 0.493734 0.335477 -1.128301
v 0.485792 0.368261 -1.131168
v 0.475656 0.400040 -1.132436
v 0.463396 0.434432 -1.133103
v 0.450972 0.469778 -1.133248
v 0.438184 0.505002 -1.133161
v 0.424796 0.540384 -1.132747
v 0.411601 0.576117 -1.132234
v 0.398619 0.612165 -1.131940
v 0.383286 0.647987 -1.130921
v 0.363152 0.683145 -1.128564
v 0.339216 0.718188 -1.125576
v 0.310012 0.753282 -1.122301
v 0.271226 0.788166 -1.118982
v 0.213672 0.815769 -1.114483
v 0.260551 0.037574 -1.121985
v 0.349395 0.073620 -1.120309
v 0.413390 0.109476 -1.118725
v 0.439488 0.137674 -1.121552
v 0.458232 0.162392 -1.126290
v 0.474518 0.188397 -1.131604
v 0.487547 0.216616 -1.138058
v 0.497074 0.246414 -1.145523
v 0.501284 0.276761 -1.151462
v 0.499837 0.306987 -1.154780
v 0.496071 0.338272 -1.157699
v 0.488888 0.370911 -1.158947
v 0.480292 0.403527 -1.159591
v 0.470052 0.437082 -1.159822
v 0.457768 0.471138 -1.159162
v 0.444072 0.505568 -1.158282
v 0.430073 0.540382 -1.157237
v 0.416042 0.575521 -1.155997
v 0.402061 0.610930 -1.154719
v 0.386295 0.646208 -1.153035
v 0.365360 0.680605 -1.150270
v 0.340740 0.714530 -1.146933
v 0.309081 0.747401 -1.142820
v 0.269021 0.778738 -1.138453
v 0.216776 0.804012 -1.133631
v 0.263057 0.038425 -1.154444
v 0.352009 0.078652 -1.152353
v 0.405606 0.110248 -1.151573
v 0.432948 0.139542 -1.153156
v 0.453146 0.165660 -1.157268
v 0.469232 0.191064 -1.162629
v 0.482301 0.218323 -1.169147
v 0.492210 0.247555 -1.176013
v 0.495760 0.277569 -1.180585
v 0.495292 0.308098 -1.183774
v 0.492487 0.339808 -1.186106
v 0.486856 0.372577 -1.186814
v 0.480222 0.405192 -1.186678
v 0.471580 0.438014 -1.185907
v 0.458107 0.471302 -1.184226
v 0.443825 0.505186 -1.182525
v 0.430697 0.539592 -1.180949
v 0.417268 0.574294 -1.179148
v 0.402686 0.609072 -1.176961
v 0.386530 0.643695 -1.174553
v 0.365983 0.677461 -1.171519
v 0.341104 0.710269 -1.167805
v 0.309077 0.741255 -1.163036
v 0.268342 0.769058 -1.157687
v 0.218711 0.791504 -1.152354
v 0.278314 0.047244 -1.187770
v 0.357063 0.087359 -1.183085
v 0.397082 0.115755 -1.183080
v 0.426129 0.142971 -1.184695
v 0.446625 0.168579 -1.187754
v 0.458659 0.192661 -1.192635
v 0.468957 0.218611 -1.198584
v 0.478795 0.247235 -1.204611
v 0.484606 0.277415 -1.209284
v 0.484949 0.308336 -1.212240
v 0.482563 0.340467 -1.214037
v 0.478573 0.373229 -1.214567
v 0.473811 0.405602 -1.213808
v 0.464812 0.437929 -1.211612
v 0.450550 0.470665 -1.208610
v 0.437167 0.504043 -1.205910
v 0.425936 0.538046 -1.203703
v 0.414184 0.572412 -1.201408
v 0.399656 0.606667 -1.198391
v 0.383152 0.640635 -1.195109
v 0.363160 0.673849 -1.191569
v 0.338949 0.705855 -1.187519
v 0.308314 0.735747 -1.182431
v 0.267485 0.761207 -1.176145
v 0.219032 0.781382 -1.170101
v 0.273686 0.064243 -1.219249
v 0.345635 0.099886 -1.212500
v 0.385144 0.126948 -1.210927
v 0.415751 0.149985 -1.213376
v 0.435236 0.171787 -1.216695
v 0.442624 0.194080 -1.221150
v 0.449061 0.219086 -1.226333
v 0.457306 0.247034 -1.231475
v 0.465170 0.276959 -1.235823
v 0.467274 0.308035 -1.238659
v 0.465713 0.340176 -1.240360
v 0.463340 0.372790 -1.240666
v 0.460579 0.404975 -1.239657
v 0.451943 0.436981 -1.236410
v 0.438529 0.469281 -1.232124
v 0.426308 0.502192 -1.228361
v 0.416629 0.535806 -1.225368
v 0.406612 0.569885 -1.222435
v 0.392299 0.603779 -1.218511
v 0.375564 0.637282 -1.214230
v 0.356096 0.670049 -1.209911
v 0.333495 0.701590 -1.205511
v 0.304805 0.730837 -1.200175
v 0.264685 0.754663 -1.193073
v 0.217367 0.772542 -1.186250
v 0.247232 0.077564 -1.244742
v 0.314255 0.107949 -1.238962
v 0.359222 0.133299 -1.236454
v 0.390628 0.153210 -1.238695
v 0.409152 0.172610 -1.242792
v 0.415250 0.194312 -1.246927
v 0.421003 0.219135 -1.251150
v 0.428075 0.246677 -1.255311
v 0.436876 0.276284 -1.258876
v 0.443219 0.307396 -1.261539
v 0.442277 0.339396 -1.263179
v 0.441242 0.371669 -1.263478
v 0.441124 0.403644 -1.262719
v 0.435509 0.435400 -1.259590
v 0.422948 0.467201 -1.254447
v 0.411464 0.499576 -1.249661
v 0.402796 0.532778 -1.245688
v 0.394010 0.566628 -1.241840
v 0.380223 0.600430 -1.236890
v 0.363492 0.633833 -1.231511
v 0.344646 0.666479 -1.226240
v 0.323705 0.697918 -1.221226
v 0.297557 0.726883 -1.215632
v 0.258628 0.749232 -1.207772
v 0.213323 0.765139 -1.200273
v 0.218595 0.085396 -1.262574
v 0.274315 0.107824 -1.260226
v 0.318034 0.130028 -1.259961
v 0.347299 0.150324 -1.261928
v 0.365032 0.170309 -1.265412
v 0.374900 0.192591 -1.269028
v 0.382472 0.217831 -1.272348
v 0.391236 0.245570 -1.275888
v 0.400521 0.275290 -1.279047
v 0.409376 0.306513 -1.281307
v 0.410625 0.338446 -1.282682
v 0.412162 0.370397 -1.283154
v 0.414889 0.402042 -1.282863
v 0.413286 0.433360 -1.280586
v 0.402909 0.464428 -1.275396
v 0.392799 0.496088 -1.269872
v 0.385337 0.528859 -1.264862
v 0.377382 0.562650 -1.259805
v 0.364378 0.596733 -1.253618
v 0.347294 0.630477 -1.246781
v 0.328073 0.663414 -1.240119
v 0.308225 0.695148 -1.234212
v 0.284327 0.723975 -1.228140
v 0.246927 0.744477 -1.219427
v 0.205392 0.758549 -1.211500
v 0.187828 0.088860 -1.276699
v 0.232554 0.106556 -1.276888
v 0.270044 0.125634 -1.278991
v 0.297183 0.145973 -1.281678
v 0.311119 0.166587 -1.283955
v 0.321627 0.189260 -1.287025
v 0.331218 0.214984 -1.290045
v 0.343914 0.243364 -1.293377
v 0.355474 0.273660 -1.296219
v 0.364723 0.305374 -1.298007
v 0.370349 0.337482 -1.299203
v 0.376130 0.369332 -1.300081
v 0.380857 0.400448 -1.300385
v 0.380946 0.430841 -1.298841
v 0.376938 0.460829 -1.295034
v 0.370102 0.491428 -1.289189
v 0.364808 0.523716 -1.283101
v 0.357945 0.557798 -1.276604
v 0.345020 0.592625 -1.268510
v 0.325854 0.627280 -1.259424
v 0.304688 0.660987 -1.250837
v 0.285051 0.692815 -1.243754
v 0.259485 0.719918 -1.235781
v 0.226133 0.738948 -1.226704
v 0.191711 0.751629 -1.219067
v 0.159314 0.090015 -1.287619
v 0.188467 0.104595 -1.288441
v 0.213939 0.121358 -1.291020
v 0.235526 0.140388 -1.294594
v 0.248710 0.161211 -1.297420
v 0.256198 0.184229 -1.300405
v 0.263638 0.210493 -1.302915
v 0.276784 0.239803 -1.305790
v 0.295350 0.271390 -1.308835
v 0.309986 0.304125 -1.310802
v 0.317994 0.336746 -1.311975
v 0.326536 0.368791 -1.313255
v 0.329454 0.398938 -1.313249
v 0.328882 0.427589 -1.311742
v 0.331006 0.455675 -1.309553
v 0.334222 0.484695 -1.305435
v 0.337681 0.516404 -1.299370
v 0.330136 0.551199 -1.290203
v 0.317049 0.587956 -1.279446
v 0.294576 0.624627 -1.267739
v 0.269707 0.659503 -1.256806
v 0.247354 0.690603 -1.247428
v 0.222743 0.715361 -1.237980
v 0.197934 0.733200 -1.229586
v 0.173820 0.744511 -1.222892
v 0.130977 0.088460 -1.295187
v 0.143411 0.100263 -1.296700
v 0.151774 0.114819 -1.298499
v 0.158536 0.132236 -1.300955
v 0.167344 0.152578 -1.304770
v 0.167988 0.175745 -1.307705
v 0.163434 0.203041 -1.307889
v 0.163376 0.233620 -1.308111
v 0.173710 0.266779 -1.309049
v 0.183658 0.300918 -1.309546
v 0.189126 0.334870 -1.309764
v 0.200073 0.367909 -1.311208
v 0.216027 0.397967 -1.313143
v 0.230061 0.424664 -1.314106
v 0.239303 0.449494 -1.313774
v 0.258121 0.475496 -1.312986
v 0.283588 0.506303 -1.309020
v 0.276061 0.542707 -1.296790
v 0.260708 0.585044 -1.281969
v 0.233614 0.625584 -1.267118
v 0.210855 0.660963 -1.254937
v 0.193747 0.690012 -1.244652
v 0.180057 0.712573 -1.236056
v 0.167495 0.728909 -1.229096
v 0.155340 0.739296 -1.223825
v 0.126226 0.041490 -0.660413
v 0.131368 0.057752 -0.654325
v 0.138700 0.080924 -0.652262
v 0.141549 0.107546 -0.650715
v 0.135234 0.136372 -0.649035
v 0.130863 0.165158 -0.647102
v 0.153068 0.190827 -0.645109
v 0.160066 0.221778 -0.649667
v 0.156686 0.255982 -0.655325
v 0.150262 0.290766 -0.659771
v 0.144991 0.324484 -0.663213
v 0.131670 0.358881 -0.668105
v 0.125862 0.391757 -0.672844
v 0.123917 0.423708 -0.677212
v 0.112518 0.456859 -0.681410
v 0.099086 0.490536 -0.686353
v 0.096361 0.523412 -0.691571
v 0.104527 0.555871 -0.697837
v 0.108428 0.589499 -0.705509
v 0.106160 0.623087 -0.713743
v 0.097776 0.654430 -0.721489
v 0.090123 0.681088 -0.728677
v 0.086799 0.699642 -0.736795
v 0.085401 0.711681 -0.744267
v 0.084655 0.718995 -0.749715
v 0.167182 0.035098 -0.661474
v 0.194955 0.048830 -0.654836
v 0.215784 0.070081 -0.651213
v 0.229258 0.095302 -0.649218
v 0.237886 0.121949 -0.648044
v 0.249320 0.148008 -0.646693
v 0.265075 0.173853 -0.646121
v 0.256890 0.206238 -0.652887
v 0.238881 0.241854 -0.661791
v 0.222905 0.277658 -0.668756
v 0.209553 0.313200 -0.673903
v 0.196073 0.348868 -0.678473
v 0.186077 0.383981 -0.682588
v 0.178660 0.418600 -0.686315
v 0.170257 0.453293 -0.689861
v 0.163897 0.487785 -0.693341
v 0.165365 0.521390 -0.696403
v 0.174628 0.554208 -0.699667
v 0.181392 0.587873 -0.704985
v 0.173605 0.622897 -0.712930
v 0.148380 0.655777 -0.721315
v 0.127357 0.683558 -0.728845
v 0.114297 0.702288 -0.737544
v 0.104390 0.714228 -0.745355
v 0.095896 0.721320 -0.750943
v 0.097359 0.083907 -1.297206
v 0.093328 0.093692 -1.298446
v 0.086647 0.107177 -1.299164
v 0.078496 0.123881 -1.300204
v 0.072547 0.143734 -1.302762
v 0.060592 0.167056 -1.304587
v 0.045082 0.195756 -1.303230
v 0.027573 0.227357 -1.300990
v 0.031331 0.261898 -1.299870
v 0.037327 0.297240 -1.298732
v 0.039685 0.332224 -1.297808
v 0.052566 0.366103 -1.299113
v 0.081977 0.396949 -1.302821
v 0.107878 0.423805 -1.305300
v 0.119698 0.447607 -1.305253
v 0.130806 0.470485 -1.303882
v 0.142304 0.497083 -1.298139
v 0.124765 0.535634 -1.281802
v 0.122262 0.590289 -1.264009
v 0.123923 0.633402 -1.252919
v 0.130556 0.665499 -1.245112
v 0.135158 0.691186 -1.237698
v 0.137360 0.711426 -1.231129
v 0.137876 0.726684 -1.225938
v 0.137300 0.737107 -1.222371
v 0.062345 0.076938 -1.294129
v 0.040200 0.084952 -1.294184
v 0.021778 0.098576 -1.293718
v 0.005105 0.116208 -1.293590
v -0.010402 0.137329 -1.294342
v -0.031323 0.161473 -1.295416
v -0.048766 0.191307 -1.295037
v -0.061813 0.224478 -1.293437
v -0.050173 0.260271 -1.292436
v -0.038562 0.296254 -1.291085
v -0.034787 0.331366 -1.289698
v -0.023249 0.365305 -1.290056
v -0.001338 0.396880 -1.291490
v 0.016019 0.425779 -1.291609
v 0.022260 0.452239 -1.289529
v 0.017745 0.476846 -1.284900
v 0.004821 0.503518 -1.275601
v -0.012809 0.543602 -1.259112
v -0.001046 0.599396 -1.244114
v 0.025509 0.642035 -1.237857
v 0.058377 0.670940 -1.233869
v 0.082335 0.694010 -1.229048
v 0.098583 0.712914 -1.224421
v 0.110847 0.727689 -1.220903
v 0.120958 0.738304 -1.218917
v 0.078373 0.848641 -1.006870
v 0.082555 0.849207 -1.042291
v 0.107333 0.855653 -1.036232
v 0.105306 0.856516 -0.998686
v 0.097118 0.853071 -1.051404
v 0.094031 0.845635 -1.022969
v 0.091987 0.854560 -0.991089
v 0.119620 0.847173 -1.026558
v 0.081391 0.845124 -0.992046
v 0.070821 0.836445 -1.017388
v 0.103905 0.847311 -0.994887
v 0.083176 0.839193 -1.046578
v 0.088433 0.891454 -0.979254
v 0.093855 0.887844 -0.979871
v 0.091961 0.889608 -0.984434
v 0.091874 0.887903 -0.976874
v 0.089840 0.879200 -0.981546
v 0.087310 0.857488 -1.007608
v 0.099176 0.860812 -1.010016
v 0.097352 0.864930 -0.990584
v 0.093810 0.901911 -1.068772
v 0.098349 0.904173 -1.066328
v 0.096507 0.901110 -1.070359
v 0.095731 0.903731 -1.064090
v 0.093967 0.887956 -1.062244
v 0.101809 0.866814 -1.054085
v 0.100254 0.865331 -1.036798
v 0.088707 0.860975 -1.032648
v 0.091301 0.862655 -1.050696
v 0.098567 0.889519 -1.063592
v 0.098381 0.893669 -1.056517
v 0.092472 0.890281 -1.053805
v 0.090034 0.874737 -1.052476
v 0.095052 0.878765 -1.044921
v 0.101423 0.881577 -1.050830
v 0.096419 0.876989 -1.058324
v 0.086972 0.861955 -0.988640
v 0.088356 0.881961 -0.988009
v 0.094753 0.880913 -0.991612
v 0.094606 0.881275 -0.982305
v 0.092401 0.872562 -0.984995
v 0.098765 0.875425 -0.989102
v 0.092721 0.871610 -0.999720
v 0.085306 0.870180 -0.992462
v 0.084228 0.026466 -1.025688
v 0.057960 0.824835 -1.023174
v 0.174785 0.030195 -1.001194
v 0.135617 0.836567 -1.049779
v 0.004019 0.035702 -1.011021
v -0.059656 0.051533 -1.013137
v -0.109200 0.072370 -1.013509
v -0.144102 0.097657 -1.012634
v -0.162684 0.127231 -1.010285
v -0.176298 0.157451 -1.005779
v -0.185820 0.188618 -0.999395
v -0.187735 0.225270 -0.995774
v -0.185283 0.263494 -0.995030
v -0.182140 0.304383 -0.996329
v -0.179194 0.345135 -0.996604
v -0.175761 0.386438 -0.996008
v -0.173418 0.429824 -0.995183
v -0.175581 0.468896 -0.995570
v -0.176946 0.502455 -0.996532
v -0.177468 0.544818 -0.993024
v -0.176785 0.580398 -0.994907
v -0.175454 0.619636 -0.996328
v -0.174366 0.656141 -0.999808
v -0.172250 0.676461 -1.006953
v -0.162703 0.698642 -1.007791
v -0.143885 0.731158 -1.010308
v -0.111568 0.764331 -1.011805
v -0.064486 0.790287 -1.014428
v 0.000360 0.808022 -1.018567
v 0.269381 0.047370 -1.014358
v 0.355808 0.069685 -1.008395
v 0.421791 0.095413 -1.004147
v 0.451386 0.120720 -1.006395
v 0.466128 0.146508 -1.010650
v 0.474348 0.171135 -1.016143
v 0.479388 0.199550 -1.020442
v 0.480945 0.230339 -1.025021
v 0.478449 0.261400 -1.030542
v 0.473619 0.292489 -1.036172
v 0.466870 0.324083 -1.041547
v 0.458163 0.356557 -1.046548
v 0.447756 0.390091 -1.051086
v 0.436211 0.425964 -1.055351
v 0.425159 0.464122 -1.059735
v 0.414139 0.501514 -1.062738
v 0.402459 0.538105 -1.063091
v 0.390389 0.574104 -1.061589
v 0.378657 0.610150 -1.062670
v 0.364730 0.647338 -1.065137
v 0.348250 0.684569 -1.065715
v 0.329362 0.721980 -1.064031
v 0.303786 0.759756 -1.060771
v 0.264378 0.795901 -1.059336
v 0.200294 0.824410 -1.055749
v 0.081283 0.847456 -1.028783
v 0.110274 0.856825 -1.049011
v 0.093197 0.903497 -1.065234
v 0.098476 0.901571 -1.069034
v 0.088935 0.875980 -1.045551
v 0.102153 0.880939 -1.057716
v 0.105832 0.868915 -1.048190
v 0.086326 0.859396 -1.039692
v 0.091142 0.889753 -1.058020
v 0.100355 0.893029 -1.061467
v 0.096313 0.911094 -1.073095
v 0.070841 0.836770 -1.032957
v 0.233974 0.812408 -1.051061
v 0.283860 0.778085 -1.052880
v 0.315627 0.740873 -1.054669
v 0.337171 0.703024 -1.056646
v 0.353853 0.665632 -1.056801
v 0.369028 0.628170 -1.055561
v 0.381780 0.591668 -1.054057
v 0.393331 0.555974 -1.054093
v 0.405068 0.519661 -1.054343
v 0.416405 0.482692 -1.052710
v 0.427616 0.444730 -1.049518
v 0.439299 0.407178 -1.045489
v 0.450561 0.372160 -1.040963
v 0.460238 0.339088 -1.036013
v 0.468184 0.307061 -1.030714
v 0.474281 0.275859 -1.025152
v 0.478487 0.245013 -1.019507
v 0.479587 0.214353 -1.014382
v 0.476830 0.185015 -1.009897
v 0.471090 0.159543 -1.004479
v 0.460007 0.134119 -0.999614
v 0.438902 0.107362 -0.996506
v 0.390806 0.081618 -0.997000
v 0.311905 0.057679 -1.001950
v 0.222563 0.038169 -1.007431
v -0.033480 0.799907 -1.022887
v -0.089466 0.778929 -1.019424
v -0.129491 0.749551 -1.017370
v -0.154635 0.715683 -1.015139
v -0.168589 0.688119 -1.012629
v -0.173748 0.668659 -1.009141
v -0.174660 0.639941 -1.005703
v -0.175786 0.599260 -1.004339
v -0.176624 0.562797 -1.001681
v -0.176720 0.524682 -1.002369
v -0.176120 0.486588 -1.004175
v -0.173768 0.449626 -1.003321
v -0.173410 0.406216 -1.003898
v -0.176614 0.364194 -1.004513
v -0.179616 0.323972 -1.004698
v -0.182404 0.283376 -1.003982
v -0.185859 0.244010 -1.003302
v -0.187617 0.206520 -1.004977
v -0.182478 0.172370 -1.010796
v -0.171025 0.141372 -1.017424
v -0.156929 0.110706 -1.021040
v -0.131271 0.082913 -1.022750
v -0.088421 0.059940 -1.023193
v -0.030667 0.041949 -1.021890
v 0.041755 0.029626 -1.018498
v 0.035019 0.815697 -1.027981
v 0.156128 0.829830 -1.044517
v 0.129399 0.027218 -1.013110
v 0.122848 0.846833 -1.042708
v 0.078848 0.025693 -0.990086
v 0.055543 0.829256 -0.993321
v 0.160760 0.021173 -0.969731
v 0.136131 0.838619 -1.020507
v -0.001947 0.035932 -0.975977
v -0.060623 0.054021 -0.977036
v -0.105034 0.076895 -0.976980
v -0.136124 0.103857 -0.976255
v -0.157829 0.133439 -0.975748
v -0.175731 0.164049 -0.976440
v -0.184726 0.198723 -0.974881
v -0.188030 0.237149 -0.972811
v -0.187195 0.271718 -0.968200
v -0.185199 0.309809 -0.966208
v -0.182667 0.349647 -0.964911
v -0.179090 0.390537 -0.963395
v -0.175645 0.431775 -0.962219
v -0.177348 0.467655 -0.962446
v -0.179425 0.501086 -0.962368
v -0.180074 0.539467 -0.962578
v -0.178611 0.579513 -0.962583
v -0.176926 0.617030 -0.964009
v -0.174255 0.646263 -0.971337
v -0.168079 0.670020 -0.980545
v -0.156592 0.699986 -0.983268
v -0.140225 0.729222 -0.980753
v -0.109680 0.762360 -0.982396
v -0.067791 0.791257 -0.985860
v -0.004483 0.811288 -0.990291
v 0.258476 0.043423 -0.978790
v 0.341768 0.066341 -0.973733
v 0.406068 0.091538 -0.972258
v 0.447558 0.118671 -0.973927
v 0.466891 0.147529 -0.976879
v 0.473764 0.172067 -0.982811
v 0.476390 0.198346 -0.988308
v 0.475618 0.227453 -0.993281
v 0.471536 0.257393 -0.998788
v 0.465465 0.287932 -1.004473
v 0.457826 0.319359 -1.010059
v 0.448572 0.352049 -1.015534
v 0.437705 0.386768 -1.020834
v 0.425335 0.424599 -1.025383
v 0.413102 0.463293 -1.028004
v 0.401463 0.500873 -1.029481
v 0.390230 0.537639 -1.030843
v 0.379033 0.573454 -1.031532
v 0.366887 0.609071 -1.031135
v 0.352754 0.646208 -1.030845
v 0.338215 0.683737 -1.031715
v 0.321364 0.721525 -1.032756
v 0.294023 0.759530 -1.031940
v 0.254964 0.795707 -1.030913
v 0.191988 0.824522 -1.026783
v 0.080176 0.851928 -0.994282
v 0.108599 0.853409 -1.013383
v 0.089285 0.887598 -0.977443
v 0.094338 0.889609 -0.984027
v 0.098716 0.873001 -0.996820
v 0.086140 0.870529 -0.986435
v 0.082408 0.860184 -0.994839
v 0.102908 0.864763 -0.999471
v 0.096605 0.882103 -0.987076
v 0.091547 0.895609 -0.976229
v 0.116795 0.846982 -1.009390
v 0.087011 0.880831 -0.983077
v 0.224556 0.812175 -1.021749
v 0.274127 0.777881 -1.023967
v 0.306522 0.740564 -1.024856
v 0.327930 0.702491 -1.024122
v 0.342445 0.664858 -1.022151
v 0.356678 0.627498 -1.021985
v 0.370082 0.591123 -1.023392
v 0.381803 0.555571 -1.023832
v 0.392759 0.519334 -1.022378
v 0.404095 0.482161 -1.020953
v 0.416281 0.443686 -1.019449
v 0.429098 0.404573 -1.015895
v 0.441088 0.367828 -1.010654
v 0.451288 0.334156 -1.005113
v 0.459849 0.302177 -0.999539
v 0.466872 0.271330 -0.993890
v 0.472436 0.241361 -0.988167
v 0.475450 0.211834 -0.982964
v 0.474782 0.183977 -0.977884
v 0.470355 0.158777 -0.971787
v 0.457574 0.131712 -0.966943
v 0.425926 0.103403 -0.964168
v 0.372788 0.077390 -0.963451
v 0.299941 0.053029 -0.966824
v 0.210151 0.030375 -0.973940
v -0.038272 0.801552 -0.995399
v -0.090629 0.777848 -0.991716
v -0.127653 0.745980 -0.989168
v -0.151495 0.713692 -0.989065
v -0.164815 0.684559 -0.989914
v -0.172567 0.660829 -0.983845
v -0.175565 0.635098 -0.974454
v -0.177336 0.599276 -0.971029
v -0.178965 0.560808 -0.970398
v -0.179290 0.520434 -0.970909
v -0.177892 0.483775 -0.971550
v -0.175504 0.450597 -0.970773
v -0.176177 0.411051 -0.971076
v -0.180161 0.368879 -0.972411
v -0.183277 0.328302 -0.973458
v -0.185862 0.288164 -0.973861
v -0.187938 0.251125 -0.976158
v -0.187253 0.214189 -0.979390
v -0.181208 0.178026 -0.982144
v -0.167804 0.146810 -0.984168
v -0.149301 0.116798 -0.985075
v -0.123363 0.088626 -0.985991
v -0.083785 0.064403 -0.986161
v -0.030762 0.044514 -0.985455
v 0.036418 0.029755 -0.983528
v 0.036220 0.817870 -1.000432
v 0.155120 0.831184 -1.015805
v 0.117959 0.021616 -0.980259
v 0.070059 0.840496 -1.000911
v 0.125823 0.741782 -1.218543
v 0.137013 0.740409 -1.221203
v 0.092090 0.723196 -0.752850
v 0.084450 0.721182 -0.751545
v 0.125597 0.030351 -0.669504
v 0.084349 0.723943 -0.754662
v 0.137227 0.744656 -1.219300
v 0.138548 0.749899 -1.216107
v 0.140186 0.758016 -1.210631
v 0.141571 0.768330 -1.202644
v 0.142280 0.778828 -1.191821
v 0.141707 0.787986 -1.178113
v 0.139032 0.797260 -1.162129
v 0.132798 0.805759 -1.144262
v 0.123157 0.812340 -1.124881
v 0.113545 0.818272 -1.104613
v 0.106578 0.822409 -1.083411
v 0.100891 0.826094 -1.062627
v 0.074159 0.843066 -0.995423
v 0.118700 0.847165 -1.048182
v 0.087296 0.831579 -0.976654
v 0.081500 0.830809 -0.945653
v 0.078294 0.821659 -0.914561
v 0.077313 0.804614 -0.886048
v 0.078160 0.787920 -0.859987
v 0.080033 0.773221 -0.836244
v 0.081885 0.760484 -0.815000
v 0.083236 0.749353 -0.796568
v 0.084090 0.740007 -0.781152
v 0.084464 0.732579 -0.768940
v 0.084468 0.727269 -0.760050
v 0.101346 0.076863 -1.294533
v 0.103227 0.072808 -1.288751
v 0.104205 0.066479 -1.278568
v 0.101909 0.055944 -1.265484
v 0.094161 0.037753 -1.250803
v 0.078165 0.014239 -1.223543
v 0.070445 0.002846 -1.188594
v 0.082142 0.007822 -1.155717
v 0.100031 0.012383 -1.124382
v 0.117394 0.015924 -1.096338
v 0.127757 0.021749 -1.069075
v 0.130479 0.025976 -1.044486
v 0.128050 0.026652 -1.004124
v 0.114360 0.020023 -0.972490
v 0.116652 0.017135 -0.950885
v 0.110622 0.013376 -0.924623
v 0.099603 0.010183 -0.897429
v 0.100804 0.008018 -0.867715
v 0.099645 0.005875 -0.838535
v 0.096142 0.004156 -0.810597
v 0.095599 0.003310 -0.782872
v 0.101002 0.003656 -0.754560
v 0.111768 0.007551 -0.726282
v 0.121810 0.015777 -0.700446
v 0.125482 0.024105 -0.680880
v 0.149504 0.742405 -1.221880
v 0.161912 0.747718 -1.220169
v 0.174376 0.755324 -1.215822
v 0.184428 0.763475 -1.208192
v 0.190469 0.771552 -1.197207
v 0.193190 0.779949 -1.183395
v 0.193846 0.789726 -1.167458
v 0.191990 0.799885 -1.149793
v 0.187181 0.810398 -1.130878
v 0.181035 0.820186 -1.111376
v 0.176120 0.825853 -1.091216
v 0.166627 0.828175 -1.069761
v 0.154686 0.830086 -1.037544
v 0.155111 0.831327 -1.006812
v 0.148124 0.831106 -0.983668
v 0.146183 0.830234 -0.951921
v 0.138833 0.818243 -0.919485
v 0.130584 0.801596 -0.889664
v 0.124989 0.786597 -0.862251
v 0.121886 0.774371 -0.836958
v 0.119135 0.762940 -0.814447
v 0.115491 0.751589 -0.795222
v 0.110966 0.741737 -0.779261
v 0.105383 0.733533 -0.766817
v 0.098944 0.727345 -0.757955
v 0.076987 0.721445 -0.753663
v 0.070532 0.723947 -0.759281
v 0.064371 0.728322 -0.768348
v 0.058404 0.734683 -0.780614
v 0.052388 0.743171 -0.795806
v 0.046249 0.753596 -0.813809
v 0.039895 0.765906 -0.834450
v 0.033332 0.780203 -0.857492
v 0.026910 0.796248 -0.882730
v 0.021714 0.812081 -0.910227
v 0.019966 0.820466 -0.940092
v 0.027288 0.820736 -0.970695
v 0.035337 0.816909 -1.007329
v 0.040809 0.814575 -1.034797
v 0.039006 0.814722 -1.053712
v 0.038433 0.815321 -1.076752
v 0.046109 0.812675 -1.098450
v 0.058136 0.806401 -1.119018
v 0.071589 0.798643 -1.138510
v 0.083210 0.790219 -1.156579
v 0.090985 0.781993 -1.172847
v 0.096593 0.773345 -1.186863
v 0.102501 0.763441 -1.198295
v 0.109454 0.753826 -1.207251
v 0.117141 0.746406 -1.213966
v 0.055875 0.067716 -1.288191
v 0.012575 0.070866 -1.287136
v -0.017130 0.082585 -1.285624
v -0.038485 0.100236 -1.283980
v -0.058846 0.120812 -1.283853
v -0.083259 0.143587 -1.285567
v -0.104655 0.171301 -1.287782
v -0.109760 0.205351 -1.288052
v -0.101522 0.241884 -1.286610
v -0.088356 0.278703 -1.284415
v -0.079461 0.314779 -1.281958
v -0.072512 0.349676 -1.280373
v -0.060201 0.383165 -1.279552
v -0.046521 0.415027 -1.278232
v -0.038427 0.445328 -1.275427
v -0.038195 0.474647 -1.270590
v -0.044220 0.504785 -1.263166
v -0.050688 0.540469 -1.252457
v -0.046661 0.584048 -1.241001
v -0.032420 0.628425 -1.232626
v -0.007649 0.663535 -1.226938
v 0.024885 0.688640 -1.222162
v 0.053222 0.708499 -1.218068
v 0.076795 0.724734 -1.215106
v 0.097430 0.737547 -1.213665
v 0.039795 0.059293 -1.277564
v -0.015150 0.062782 -1.274928
v -0.048291 0.076600 -1.272231
v -0.072173 0.095597 -1.270335
v -0.097764 0.116224 -1.270775
v -0.124910 0.139014 -1.273538
v -0.142123 0.167520 -1.276451
v -0.141497 0.203483 -1.277317
v -0.132774 0.241844 -1.275867
v -0.121962 0.279422 -1.272956
v -0.112920 0.316198 -1.270075
v -0.105711 0.351743 -1.267707
v -0.096059 0.386152 -1.265513
v -0.085126 0.419550 -1.262740
v -0.077087 0.452047 -1.258786
v -0.075062 0.484239 -1.253390
v -0.078554 0.517513 -1.246528
v -0.080342 0.554155 -1.238125
v -0.073608 0.594219 -1.229665
v -0.061018 0.634617 -1.222966
v -0.040654 0.669544 -1.217185
v -0.010305 0.695284 -1.211951
v 0.022784 0.714519 -1.208159
v 0.053451 0.730355 -1.206008
v 0.081747 0.743650 -1.205669
v 0.022871 0.049136 -1.262827
v -0.036020 0.055486 -1.258533
v -0.072501 0.071009 -1.255402
v -0.101077 0.090201 -1.253983
v -0.127960 0.111366 -1.254659
v -0.150635 0.135294 -1.257084
v -0.163460 0.163008 -1.259187
v -0.162740 0.200194 -1.260221
v -0.154563 0.241782 -1.259315
v -0.145681 0.280057 -1.256603
v -0.138294 0.317437 -1.253947
v -0.131554 0.353781 -1.251262
v -0.123465 0.389212 -1.248340
v -0.114923 0.423883 -1.244928
v -0.107714 0.457982 -1.240739
v -0.104362 0.491935 -1.235464
v -0.104903 0.526710 -1.229453
v -0.103608 0.563456 -1.222606
v -0.096387 0.601910 -1.215559
v -0.084845 0.640651 -1.209786
v -0.066280 0.675455 -1.204587
v -0.036944 0.701738 -1.199694
v -0.001393 0.721098 -1.196352
v 0.034150 0.737111 -1.194955
v 0.068456 0.751233 -1.195575
v 0.005828 0.035580 -1.245589
v -0.056124 0.046859 -1.239658
v -0.096761 0.064263 -1.236149
v -0.126597 0.084323 -1.235067
v -0.150901 0.106969 -1.235706
v -0.168243 0.132883 -1.237566
v -0.178143 0.162381 -1.239719
v -0.177391 0.200066 -1.240334
v -0.169787 0.241602 -1.238845
v -0.162738 0.280307 -1.236768
v -0.156737 0.318282 -1.234496
v -0.150648 0.355457 -1.231702
v -0.143855 0.391885 -1.228518
v -0.137298 0.427676 -1.225049
v -0.131378 0.462967 -1.221098
v -0.127513 0.497962 -1.216224
v -0.125538 0.533354 -1.210785
v -0.122009 0.569786 -1.204737
v -0.115015 0.607255 -1.198418
v -0.104381 0.645435 -1.193176
v -0.085920 0.680081 -1.188666
v -0.056475 0.706675 -1.184659
v -0.020474 0.727272 -1.182238
v 0.017699 0.744389 -1.181747
v 0.056873 0.759369 -1.183233
v -0.010336 0.019985 -1.220910
v -0.078850 0.036726 -1.217785
v -0.122345 0.057133 -1.214101
v -0.149888 0.078034 -1.213875
v -0.169775 0.102549 -1.214569
v -0.181709 0.131066 -1.216108
v -0.187386 0.164075 -1.218245
v -0.185648 0.201582 -1.218142
v -0.179842 0.240858 -1.216046
v -0.174229 0.280104 -1.214579
v -0.169197 0.318814 -1.212777
v -0.163910 0.356817 -1.210007
v -0.158375 0.394195 -1.206871
v -0.153233 0.430962 -1.203548
v -0.148731 0.467102 -1.199865
v -0.145505 0.502732 -1.195566
v -0.142082 0.538238 -1.190445
v -0.136941 0.573881 -1.184444
v -0.130212 0.610018 -1.178217
v -0.120122 0.648486 -1.173198
v -0.101170 0.683719 -1.169554
v -0.071847 0.710714 -1.166901
v -0.036613 0.733037 -1.165790
v 0.002872 0.751622 -1.166342
v 0.045769 0.767441 -1.168628
v -0.022743 0.008213 -1.192469
v -0.095426 0.025654 -1.193425
v -0.137614 0.050201 -1.190168
v -0.164463 0.073160 -1.190273
v -0.181453 0.099588 -1.190796
v -0.189369 0.129719 -1.191792
v -0.192676 0.162803 -1.193211
v -0.190740 0.199528 -1.192900
v -0.185802 0.239250 -1.191374
v -0.181010 0.279694 -1.190781
v -0.176664 0.319251 -1.189695
v -0.172299 0.358047 -1.187100
v -0.168095 0.396310 -1.184008
v -0.164379 0.433949 -1.180822
v -0.161280 0.470750 -1.177369
v -0.158586 0.506819 -1.173427
v -0.154607 0.542175 -1.168417
v -0.149318 0.576475 -1.162231
v -0.143892 0.609525 -1.155094
v -0.133787 0.649710 -1.149608
v -0.114170 0.688156 -1.147517
v -0.086335 0.715312 -1.146944
v -0.051913 0.738755 -1.147288
v -0.011845 0.758807 -1.148930
v 0.033165 0.775835 -1.151986
v -0.016164 0.008106 -1.162686
v -0.092056 0.021105 -1.165232
v -0.137428 0.045424 -1.164183
v -0.165508 0.071222 -1.164274
v -0.182653 0.098959 -1.164691
v -0.191198 0.129064 -1.165459
v -0.194335 0.161138 -1.166540
v -0.192570 0.197582 -1.166242
v -0.188065 0.238450 -1.164993
v -0.183711 0.279674 -1.165120
v -0.179862 0.319753 -1.165371
v -0.176272 0.359180 -1.163284
v -0.173452 0.398380 -1.160024
v -0.171474 0.436965 -1.156985
v -0.169599 0.474394 -1.153700
v -0.167082 0.510856 -1.149897
v -0.163332 0.546281 -1.145214
v -0.158831 0.580062 -1.139579
v -0.153470 0.612871 -1.133404
v -0.144139 0.653065 -1.127586
v -0.127279 0.691775 -1.125037
v -0.101745 0.719949 -1.125670
v -0.067596 0.744316 -1.127167
v -0.027143 0.765708 -1.129816
v 0.018282 0.784537 -1.133613
v 0.004588 0.014405 -1.131026
v -0.077270 0.024076 -1.135384
v -0.131994 0.044117 -1.136833
v -0.160843 0.070902 -1.137091
v -0.178709 0.099082 -1.137506
v -0.190664 0.128312 -1.138229
v -0.194152 0.161369 -1.137784
v -0.190876 0.199672 -1.136126
v -0.186666 0.240079 -1.135127
v -0.182615 0.280252 -1.135263
v -0.178877 0.319866 -1.135824
v -0.175376 0.359272 -1.134903
v -0.173671 0.399668 -1.132937
v -0.173784 0.440191 -1.131124
v -0.173562 0.478654 -1.128758
v -0.172437 0.515384 -1.125477
v -0.169691 0.551297 -1.121585
v -0.165674 0.586180 -1.116968
v -0.160396 0.620298 -1.111315
v -0.152882 0.656934 -1.105496
v -0.141300 0.693625 -1.102273
v -0.119399 0.724575 -1.102928
v -0.085212 0.750090 -1.105694
v -0.043391 0.772239 -1.109337
v 0.002707 0.792484 -1.113805
v 0.024032 0.019466 -1.101732
v -0.059309 0.029282 -1.106774
v -0.120605 0.046706 -1.109059
v -0.154356 0.072152 -1.109256
v -0.173128 0.100674 -1.108876
v -0.185735 0.130367 -1.107947
v -0.189587 0.164159 -1.104382
v -0.186407 0.202780 -1.101758
v -0.182884 0.242345 -1.102181
v -0.179542 0.281603 -1.102255
v -0.176251 0.320728 -1.102238
v -0.173026 0.359918 -1.102146
v -0.171193 0.400956 -1.101872
v -0.172266 0.444142 -1.103001
v -0.174144 0.484285 -1.103164
v -0.174598 0.520981 -1.100637
v -0.173436 0.557184 -1.097188
v -0.170681 0.592348 -1.092365
v -0.166697 0.626868 -1.086777
v -0.161453 0.660769 -1.080363
v -0.153661 0.695578 -1.075917
v -0.136667 0.728578 -1.077996
v -0.104665 0.755875 -1.083278
v -0.060728 0.778503 -1.087934
v -0.011963 0.798957 -1.092926
v 0.036658 0.023749 -1.074276
v -0.043909 0.034598 -1.079117
v -0.107118 0.051189 -1.081356
v -0.146919 0.074847 -1.081313
v -0.167674 0.103543 -1.079932
v -0.179193 0.134506 -1.077009
v -0.184983 0.167224 -1.071130
v -0.185037 0.201840 -1.066371
v -0.181811 0.241181 -1.067406
v -0.178346 0.282556 -1.069408
v -0.175610 0.321833 -1.069450
v -0.172905 0.361076 -1.069397
v -0.170500 0.402086 -1.069308
v -0.171220 0.447200 -1.070436
v -0.173914 0.488576 -1.071364
v -0.174781 0.525643 -1.072205
v -0.174570 0.562514 -1.070926
v -0.173556 0.597892 -1.066507
v -0.171026 0.633114 -1.061679
v -0.167413 0.666962 -1.055713
v -0.161795 0.697739 -1.052350
v -0.147778 0.727788 -1.055577
v -0.119148 0.757751 -1.061399
v -0.075511 0.782123 -1.066128
v -0.023017 0.801916 -1.071114
v 0.041268 0.027074 -1.049807
v -0.036404 0.038080 -1.054111
v -0.098226 0.054869 -1.055870
v -0.140359 0.078019 -1.055288
v -0.163471 0.106473 -1.053498
v -0.175403 0.137866 -1.049847
v -0.184063 0.170452 -1.042261
v -0.186874 0.203554 -1.035014
v -0.183437 0.241488 -1.034927
v -0.179301 0.282674 -1.037297
v -0.176758 0.322122 -1.037384
v -0.174072 0.361388 -1.037328
v -0.171464 0.402285 -1.037141
v -0.172129 0.447997 -1.036373
v -0.174672 0.489539 -1.036244
v -0.175180 0.527101 -1.037429
v -0.175012 0.563451 -1.038118
v -0.174729 0.599941 -1.037997
v -0.173654 0.638056 -1.035609
v -0.171490 0.670291 -1.031916
v -0.166449 0.695432 -1.032893
v -0.152675 0.722393 -1.037022
v -0.126417 0.754572 -1.040450
v -0.084831 0.781423 -1.044002
v -0.029047 0.800987 -1.048226
v 0.042008 0.029077 -1.028270
v -0.032193 0.040787 -1.031974
v -0.091335 0.058320 -1.033385
v -0.134155 0.081318 -1.032781
v -0.159182 0.109311 -1.030968
v -0.172419 0.140371 -1.027171
v -0.183156 0.172255 -1.019651
v -0.187571 0.206601 -1.013176
v -0.184924 0.243903 -1.011929
v -0.181118 0.283095 -1.012733
v -0.178548 0.323153 -1.013116
v -0.175700 0.362907 -1.012994
v -0.172704 0.404304 -1.012581
v -0.173303 0.448829 -1.011874
v -0.175770 0.488032 -1.012164
v -0.176139 0.525873 -1.010514
v -0.175988 0.562499 -1.010385
v -0.175437 0.599156 -1.013272
v -0.174464 0.640188 -1.014224
v -0.173539 0.669636 -1.014779
v -0.168462 0.690086 -1.017647
v -0.154428 0.717488 -1.021516
v -0.129289 0.750884 -1.023703
v -0.088825 0.779508 -1.026118
v -0.032252 0.799913 -1.029689
v 0.038921 0.030166 -0.991871
v -0.029491 0.044293 -0.994232
v -0.083787 0.063637 -0.995124
v -0.124867 0.087266 -0.995034
v -0.150989 0.115156 -0.993923
v -0.168163 0.145140 -0.991919
v -0.181204 0.175391 -0.988263
v -0.187447 0.210299 -0.984366
v -0.187816 0.247713 -0.981490
v -0.185416 0.286132 -0.980566
v -0.182517 0.327003 -0.981021
v -0.179306 0.367858 -0.980326
v -0.175504 0.410563 -0.979142
v -0.175088 0.450895 -0.978833
v -0.177346 0.483743 -0.980191
v -0.178599 0.521331 -0.978967
v -0.178439 0.562105 -0.977850
v -0.176913 0.599412 -0.979093
v -0.175296 0.637082 -0.981797
v -0.173258 0.663636 -0.991041
v -0.166667 0.684530 -0.996418
v -0.153136 0.713046 -0.995827
v -0.128619 0.746514 -0.997046
v -0.090552 0.777870 -0.999045
v -0.037074 0.800805 -1.002542
v 0.025341 0.026196 -0.955774
v -0.040464 0.042860 -0.957770
v -0.087683 0.065281 -0.957712
v -0.119790 0.092445 -0.955983
v -0.143724 0.122096 -0.954541
v -0.164704 0.152527 -0.955274
v -0.178463 0.185459 -0.955286
v -0.184149 0.222384 -0.953358
v -0.186405 0.258478 -0.949587
v -0.186461 0.294241 -0.945231
v -0.185543 0.332710 -0.942641
v -0.183536 0.372174 -0.940323
v -0.180528 0.412768 -0.937829
v -0.179942 0.453729 -0.935313
v -0.181643 0.489241 -0.934897
v -0.181904 0.521636 -0.937274
v -0.180735 0.558991 -0.938777
v -0.179027 0.595147 -0.941547
v -0.176536 0.623737 -0.948168
v -0.169507 0.650718 -0.954947
v -0.157363 0.682918 -0.959894
v -0.143784 0.716188 -0.961372
v -0.122684 0.747359 -0.960742
v -0.088500 0.777394 -0.961958
v -0.039445 0.802438 -0.965496
v 0.014500 0.022975 -0.932258
v -0.048449 0.041232 -0.935167
v -0.089402 0.066137 -0.934426
v -0.116063 0.095375 -0.931531
v -0.138675 0.125937 -0.929390
v -0.158535 0.157123 -0.928289
v -0.171662 0.189786 -0.926166
v -0.178637 0.224547 -0.922919
v -0.182955 0.260689 -0.919178
v -0.185177 0.297860 -0.915352
v -0.185920 0.335841 -0.912145
v -0.186000 0.374121 -0.909006
v -0.185306 0.412996 -0.905661
v -0.185200 0.453715 -0.901972
v -0.185469 0.488965 -0.902489
v -0.184160 0.522317 -0.905258
v -0.182256 0.557696 -0.908293
v -0.179684 0.588674 -0.914268
v -0.174747 0.615842 -0.920894
v -0.164552 0.645423 -0.925604
v -0.150504 0.680070 -0.928078
v -0.136038 0.715253 -0.931163
v -0.116693 0.747030 -0.931899
v -0.083902 0.774540 -0.931996
v -0.036413 0.799460 -0.935441
v 0.009091 0.021105 -0.904876
v -0.051005 0.040954 -0.907984
v -0.087034 0.068188 -0.907139
v -0.110599 0.098717 -0.904332
v -0.132886 0.129803 -0.902157
v -0.151534 0.161681 -0.900010
v -0.164147 0.194786 -0.897102
v -0.172752 0.229155 -0.893688
v -0.178966 0.264870 -0.889370
v -0.182732 0.301636 -0.885003
v -0.184978 0.338690 -0.881354
v -0.187192 0.375526 -0.877631
v -0.188492 0.411984 -0.874071
v -0.188607 0.447122 -0.871988
v -0.187742 0.480990 -0.873393
v -0.185782 0.518172 -0.875194
v -0.182543 0.555567 -0.877780
v -0.178719 0.584217 -0.884251
v -0.170936 0.610829 -0.890701
v -0.157824 0.643139 -0.894414
v -0.143548 0.677736 -0.896622
v -0.126796 0.710801 -0.899140
v -0.104777 0.740292 -0.900982
v -0.072864 0.767006 -0.902950
v -0.029144 0.791126 -0.906464
v 0.014589 0.021259 -0.875063
v -0.045315 0.042249 -0.878398
v -0.080935 0.070643 -0.878191
v -0.104134 0.101967 -0.876060
v -0.126066 0.133749 -0.873911
v -0.144045 0.166590 -0.871542
v -0.156979 0.200910 -0.869010
v -0.166927 0.235400 -0.865487
v -0.174499 0.270260 -0.859985
v -0.179807 0.306015 -0.854783
v -0.183564 0.341809 -0.850703
v -0.187329 0.377458 -0.846300
v -0.190542 0.412965 -0.841468
v -0.191512 0.444780 -0.839226
v -0.189875 0.477337 -0.841417
v -0.186766 0.513971 -0.845028
v -0.181925 0.550779 -0.847898
v -0.176996 0.577125 -0.855134
v -0.166736 0.604059 -0.861628
v -0.151127 0.640765 -0.863122
v -0.135840 0.674941 -0.865561
v -0.115622 0.705583 -0.869118
v -0.089011 0.732032 -0.873041
v -0.056896 0.756367 -0.876480
v -0.018133 0.778362 -0.879716
v 0.017854 0.021224 -0.845827
v -0.038307 0.043730 -0.848950
v -0.073732 0.072923 -0.849228
v -0.097074 0.105044 -0.847476
v -0.118396 0.137627 -0.845286
v -0.135891 0.171202 -0.842783
v -0.149162 0.206125 -0.840356
v -0.160013 0.240772 -0.836492
v -0.169039 0.275262 -0.830458
v -0.176156 0.310381 -0.824918
v -0.181322 0.345150 -0.820529
v -0.186267 0.379597 -0.815798
v -0.191800 0.414368 -0.809730
v -0.193872 0.445889 -0.807224
v -0.191135 0.476822 -0.810701
v -0.186258 0.510711 -0.815429
v -0.179593 0.543966 -0.819780
v -0.171513 0.572204 -0.825819
v -0.159318 0.602664 -0.830206
v -0.144230 0.638589 -0.831828
v -0.126975 0.671409 -0.835553
v -0.104112 0.700071 -0.840964
v -0.075619 0.724276 -0.846541
v -0.042943 0.745590 -0.851343
v -0.007081 0.764979 -0.854791
v 0.017903 0.020622 -0.817647
v -0.032974 0.044898 -0.820061
v -0.067257 0.075021 -0.820494
v -0.090348 0.107939 -0.819005
v -0.110438 0.141376 -0.816727
v -0.126925 0.175337 -0.813770
v -0.140010 0.209961 -0.810676
v -0.151485 0.244568 -0.806778
v -0.162160 0.279344 -0.801385
v -0.171589 0.314854 -0.795591
v -0.177944 0.348970 -0.791025
v -0.182940 0.381417 -0.787255
v -0.189561 0.414032 -0.782428
v -0.192199 0.445537 -0.780982
v -0.187837 0.476424 -0.784423
v -0.180833 0.508277 -0.788628
v -0.172469 0.540252 -0.792627
v -0.162511 0.571571 -0.796321
v -0.150816 0.603242 -0.799166
v -0.136794 0.636369 -0.802300
v -0.116734 0.667247 -0.808383
v -0.091105 0.693749 -0.815818
v -0.062045 0.716222 -0.822554
v -0.030154 0.735451 -0.828156
v 0.003240 0.752654 -0.831883
v 0.021143 0.020930 -0.789510
v -0.025954 0.046684 -0.791225
v -0.061428 0.076979 -0.791918
v -0.084507 0.110555 -0.790852
v -0.101992 0.144996 -0.788195
v -0.116957 0.179560 -0.784657
v -0.130005 0.214185 -0.781022
v -0.142143 0.248869 -0.777515
v -0.154016 0.283443 -0.773672
v -0.166052 0.320247 -0.766992
v -0.173368 0.354022 -0.761800
v -0.176227 0.383133 -0.760433
v -0.180535 0.413351 -0.758449
v -0.181820 0.443954 -0.758213
v -0.176486 0.474622 -0.761133
v -0.168464 0.505662 -0.764998
v -0.160099 0.537025 -0.768509
v -0.151253 0.568607 -0.771324
v -0.141226 0.600732 -0.773427
v -0.126586 0.633106 -0.777480
v -0.103688 0.662367 -0.785288
v -0.075995 0.687010 -0.793982
v -0.047221 0.708145 -0.801460
v -0.017538 0.726377 -0.807298
v 0.013160 0.741922 -0.811270
v 0.028030 0.022050 -0.761242
v -0.015236 0.049016 -0.762317
v -0.051320 0.078844 -0.762553
v -0.074603 0.112103 -0.761242
v -0.090227 0.147025 -0.758259
v -0.104684 0.182257 -0.754789
v -0.118267 0.217512 -0.751690
v -0.131864 0.253710 -0.748746
v -0.145126 0.288788 -0.745787
v -0.157794 0.323956 -0.739841
v -0.165027 0.355861 -0.735100
v -0.165542 0.383285 -0.735381
v -0.164984 0.412138 -0.736202
v -0.162367 0.441851 -0.737861
v -0.156213 0.471968 -0.740955
v -0.148989 0.502489 -0.744372
v -0.142338 0.533454 -0.747303
v -0.135405 0.564871 -0.749775
v -0.126946 0.596848 -0.752127
v -0.111394 0.628506 -0.757067
v -0.086598 0.657075 -0.765664
v -0.058836 0.681097 -0.774899
v -0.031498 0.701450 -0.782819
v -0.004608 0.718916 -0.788852
v 0.023078 0.732956 -0.793166
v 0.040471 0.025202 -0.733311
v 0.002218 0.052047 -0.733942
v -0.032702 0.080811 -0.732781
v -0.056986 0.112679 -0.730491
v -0.072313 0.146631 -0.728097
v -0.087158 0.181417 -0.725872
v -0.102244 0.217669 -0.724210
v -0.117462 0.255394 -0.722520
v -0.130897 0.290730 -0.719777
v -0.141321 0.322892 -0.715940
v -0.146393 0.352987 -0.713650
v -0.145280 0.381316 -0.714672
v -0.141199 0.409941 -0.717026
v -0.135012 0.439048 -0.719981
v -0.127703 0.468578 -0.723325
v -0.121238 0.498629 -0.726504
v -0.116712 0.529245 -0.729075
v -0.113228 0.560398 -0.731087
v -0.107161 0.592053 -0.733593
v -0.090090 0.623251 -0.739829
v -0.064462 0.652216 -0.749136
v -0.038910 0.676768 -0.758339
v -0.014190 0.696617 -0.766620
v 0.009629 0.712963 -0.773147
v 0.033659 0.725632 -0.777880
v 0.059997 0.030796 -0.706803
v 0.025547 0.055021 -0.707723
v -0.005739 0.082216 -0.705561
v -0.030205 0.112576 -0.702360
v -0.046432 0.144941 -0.701103
v -0.061678 0.178506 -0.700999
v -0.078263 0.215199 -0.700472
v -0.093356 0.252741 -0.699917
v -0.104933 0.287217 -0.698162
v -0.113866 0.319213 -0.695710
v -0.116195 0.349351 -0.695593
v -0.111189 0.377930 -0.697829
v -0.104388 0.406256 -0.700664
v -0.097587 0.434991 -0.703812
v -0.091032 0.464204 -0.707207
v -0.085576 0.493980 -0.710604
v -0.082289 0.524353 -0.713529
v -0.081018 0.555291 -0.715829
v -0.075282 0.586755 -0.719417
v -0.057506 0.617946 -0.727006
v -0.034782 0.647667 -0.736300
v -0.013990 0.673095 -0.745070
v 0.006394 0.692893 -0.753486
v 0.025901 0.708469 -0.760424
v 0.045013 0.720307 -0.765429
v 0.079216 0.035646 -0.685063
v 0.050879 0.055901 -0.685247
v 0.029577 0.081195 -0.682873
v 0.010274 0.109981 -0.679552
v -0.009391 0.141538 -0.678464
v -0.027100 0.174443 -0.679386
v -0.042261 0.210197 -0.679637
v -0.052160 0.246086 -0.679797
v -0.053555 0.278630 -0.679396
v -0.055280 0.310308 -0.678569
v -0.054536 0.340827 -0.679522
v -0.048115 0.369791 -0.682378
v -0.041978 0.398547 -0.685773
v -0.038148 0.427729 -0.689025
v -0.039842 0.457781 -0.692216
v -0.041917 0.488272 -0.695897
v -0.040525 0.518776 -0.699763
v -0.037068 0.549724 -0.703885
v -0.027577 0.581372 -0.709881
v -0.012587 0.613213 -0.718179
v 0.002647 0.643671 -0.726872
v 0.016487 0.670007 -0.735208
v 0.030467 0.690542 -0.743416
v 0.043930 0.706048 -0.750520
v 0.057123 0.717106 -0.755924
v 0.098348 0.038197 -0.670566
v 0.081173 0.054047 -0.667348
v 0.073119 0.076757 -0.664322
v 0.066870 0.103653 -0.662333
v 0.051516 0.133850 -0.660594
v 0.029816 0.166196 -0.660103
v 0.022263 0.198495 -0.659962
v 0.032080 0.229436 -0.660575
v 0.044361 0.259997 -0.661788
v 0.049223 0.292142 -0.663085
v 0.050984 0.324147 -0.664799
v 0.049401 0.355562 -0.668070
v 0.045723 0.386832 -0.672550
v 0.047681 0.416977 -0.676528
v 0.040975 0.448064 -0.680165
v 0.027337 0.480319 -0.684572
v 0.020409 0.512295 -0.689897
v 0.024675 0.544044 -0.696242
v 0.034922 0.576448 -0.704089
v 0.043044 0.609316 -0.712530
v 0.048416 0.640795 -0.720717
v 0.052254 0.668650 -0.728375
v 0.057456 0.690373 -0.736165
v 0.063824 0.705580 -0.743700
v 0.070402 0.715594 -0.749801
v 0.178206 0.023829 -0.674645
v 0.226152 0.032734 -0.667631
v 0.263090 0.050134 -0.662525
v 0.284991 0.074012 -0.660911
v 0.300831 0.099882 -0.660158
v 0.313640 0.126279 -0.660121
v 0.323744 0.153037 -0.661215
v 0.324541 0.181818 -0.664914
v 0.312896 0.213679 -0.671622
v 0.295926 0.247961 -0.678738
v 0.277721 0.284079 -0.684786
v 0.259810 0.321271 -0.689721
v 0.245348 0.358531 -0.693239
v 0.234765 0.395453 -0.695887
v 0.226437 0.432072 -0.698331
v 0.220067 0.468380 -0.700864
v 0.218676 0.504024 -0.702933
v 0.224444 0.538734 -0.704302
v 0.231589 0.573477 -0.707455
v 0.229829 0.609742 -0.713994
v 0.208012 0.644967 -0.722047
v 0.175658 0.676163 -0.729562
v 0.150555 0.699446 -0.737943
v 0.131323 0.713870 -0.746856
v 0.114363 0.723065 -0.753507
v 0.199264 0.014828 -0.691437
v 0.260665 0.025217 -0.684032
v 0.299389 0.045159 -0.680747
v 0.319802 0.070429 -0.681231
v 0.335038 0.096765 -0.682229
v 0.347680 0.123314 -0.683560
v 0.358779 0.149718 -0.685218
v 0.363980 0.176686 -0.688267
v 0.360537 0.204863 -0.693167
v 0.348715 0.236316 -0.698489
v 0.329800 0.272677 -0.703081
v 0.309573 0.311763 -0.706336
v 0.292908 0.351134 -0.708215
v 0.280201 0.390222 -0.709527
v 0.270633 0.428995 -0.710895
v 0.264214 0.467287 -0.712453
v 0.262411 0.504875 -0.713551
v 0.263322 0.541937 -0.715296
v 0.260122 0.579440 -0.720045
v 0.251194 0.617485 -0.726921
v 0.233013 0.652880 -0.733821
v 0.205561 0.684211 -0.740031
v 0.177262 0.706980 -0.747981
v 0.151244 0.720489 -0.756707
v 0.127500 0.729698 -0.762693
v 0.209949 0.006923 -0.714295
v 0.282590 0.020693 -0.706246
v 0.321472 0.043274 -0.704261
v 0.342393 0.069299 -0.705556
v 0.356937 0.096032 -0.707785
v 0.369562 0.122487 -0.710124
v 0.381419 0.148275 -0.712493
v 0.390453 0.173383 -0.715530
v 0.394147 0.197782 -0.719866
v 0.388860 0.224428 -0.724784
v 0.371398 0.259973 -0.727720
v 0.349124 0.302234 -0.727617
v 0.330578 0.344242 -0.726715
v 0.315493 0.385666 -0.726783
v 0.303278 0.426878 -0.728119
v 0.294516 0.467334 -0.730316
v 0.289629 0.506910 -0.732369
v 0.285302 0.545988 -0.735414
v 0.278133 0.584838 -0.739932
v 0.268018 0.623277 -0.745427
v 0.251159 0.659274 -0.751461
v 0.226232 0.690110 -0.757346
v 0.197221 0.712441 -0.764491
v 0.167580 0.727290 -0.771456
v 0.138861 0.737802 -0.775940
v 0.209832 0.003331 -0.741121
v 0.296301 0.019092 -0.731471
v 0.337328 0.043104 -0.730004
v 0.358408 0.069799 -0.732038
v 0.373935 0.096624 -0.734829
v 0.387941 0.122850 -0.737597
v 0.401148 0.148185 -0.740362
v 0.412601 0.172291 -0.743586
v 0.417909 0.195006 -0.748394
v 0.414146 0.218890 -0.754034
v 0.399430 0.250724 -0.757547
v 0.377582 0.293067 -0.754776
v 0.357204 0.338285 -0.750379
v 0.340036 0.382003 -0.749847
v 0.325387 0.425512 -0.751336
v 0.313428 0.468190 -0.754591
v 0.304608 0.509539 -0.758669
v 0.297968 0.549614 -0.762896
v 0.290865 0.588456 -0.766674
v 0.281060 0.626318 -0.770707
v 0.265176 0.662384 -0.775454
v 0.240728 0.692509 -0.780822
v 0.211394 0.715689 -0.786372
v 0.180515 0.733788 -0.790601
v 0.148259 0.746723 -0.793119
v 0.212263 0.002775 -0.768276
v 0.308365 0.019432 -0.757647
v 0.350070 0.044359 -0.756919
v 0.372220 0.071368 -0.759459
v 0.388676 0.098242 -0.762670
v 0.402978 0.124498 -0.765891
v 0.416079 0.149928 -0.769062
v 0.427417 0.174291 -0.772507
v 0.431121 0.197849 -0.777514
v 0.424984 0.222592 -0.783639
v 0.412586 0.250852 -0.788741
v 0.394459 0.289002 -0.786227
v 0.374321 0.334229 -0.780199
v 0.356243 0.379063 -0.778446
v 0.340203 0.424791 -0.778546
v 0.326493 0.470175 -0.781165
v 0.315854 0.513250 -0.786424
v 0.308031 0.553733 -0.793373
v 0.300209 0.591340 -0.798563
v 0.290152 0.627653 -0.801325
v 0.275696 0.663627 -0.804164
v 0.252490 0.694581 -0.807656
v 0.222944 0.719536 -0.811099
v 0.191031 0.740526 -0.813126
v 0.156204 0.756543 -0.813727
v 0.219404 0.003541 -0.795216
v 0.319653 0.021234 -0.784602
v 0.360946 0.046906 -0.784729
v 0.385352 0.073877 -0.787490
v 0.402134 0.100807 -0.791159
v 0.416092 0.127231 -0.794816
v 0.427710 0.153141 -0.798425
v 0.436173 0.178532 -0.802274
v 0.437521 0.203703 -0.807192
v 0.431961 0.229047 -0.813063
v 0.421504 0.255826 -0.818655
v 0.405304 0.289858 -0.818869
v 0.386518 0.331100 -0.814198
v 0.368237 0.375161 -0.810272
v 0.350517 0.424185 -0.807341
v 0.335037 0.474109 -0.808367
v 0.323497 0.518889 -0.814544
v 0.315502 0.557819 -0.823800
v 0.307706 0.592900 -0.830760
v 0.297614 0.628172 -0.833339
v 0.285027 0.664616 -0.834930
v 0.263811 0.697412 -0.836550
v 0.233868 0.724306 -0.838141
v 0.200379 0.747434 -0.838538
v 0.162926 0.765779 -0.837701
v 0.222449 0.006276 -0.824044
v 0.323704 0.025271 -0.813927
v 0.369412 0.050819 -0.813691
v 0.397067 0.077386 -0.816289
v 0.414138 0.104184 -0.820289
v 0.428584 0.130685 -0.824177
v 0.439454 0.157100 -0.827998
v 0.444826 0.183588 -0.832110
v 0.443653 0.210272 -0.836886
v 0.437954 0.236712 -0.842342
v 0.428432 0.263211 -0.848091
v 0.414693 0.292932 -0.851662
v 0.397951 0.327432 -0.851749
v 0.379486 0.367242 -0.848503
v 0.359031 0.422398 -0.844165
v 0.342472 0.479001 -0.845141
v 0.332232 0.521955 -0.850719
v 0.324024 0.558694 -0.857483
v 0.315897 0.592828 -0.863048
v 0.305907 0.627985 -0.865725
v 0.294159 0.664529 -0.867037
v 0.275648 0.700668 -0.867113
v 0.247106 0.731505 -0.866733
v 0.211643 0.756210 -0.866018
v 0.170581 0.775604 -0.864367
v 0.220297 0.010844 -0.854847
v 0.322292 0.030927 -0.845072
v 0.373748 0.055890 -0.843900
v 0.403296 0.081953 -0.846345
v 0.422267 0.108438 -0.850161
v 0.436927 0.135107 -0.854025
v 0.446691 0.162048 -0.857955
v 0.450392 0.189339 -0.862200
v 0.448587 0.217110 -0.866780
v 0.442688 0.244919 -0.871857
v 0.433601 0.272383 -0.877467
v 0.422465 0.300013 -0.882915
v 0.408265 0.329662 -0.887353
v 0.390702 0.367699 -0.888370
v 0.370521 0.424208 -0.887870
v 0.354630 0.479981 -0.889662
v 0.344773 0.520463 -0.892058
v 0.335430 0.557009 -0.894339
v 0.325848 0.592366 -0.896626
v 0.315361 0.627898 -0.898379
v 0.303708 0.664221 -0.899653
v 0.286907 0.702381 -0.898993
v 0.261807 0.738690 -0.896910
v 0.227427 0.767776 -0.895069
v 0.182432 0.789091 -0.892792
v 0.219470 0.016016 -0.885412
v 0.321872 0.036978 -0.875988
v 0.376093 0.061554 -0.874349
v 0.406344 0.087274 -0.876706
v 0.427678 0.113659 -0.880082
v 0.441724 0.140605 -0.883876
v 0.450198 0.167855 -0.888041
v 0.453891 0.195398 -0.892480
v 0.453165 0.223449 -0.897115
v 0.447859 0.252040 -0.902150
v 0.439275 0.280863 -0.907599
v 0.429241 0.309761 -0.913166
v 0.416557 0.340496 -0.918667
v 0.400541 0.380495 -0.923589
v 0.383428 0.431404 -0.927652
v 0.369014 0.479322 -0.929047
v 0.357690 0.518872 -0.928598
v 0.347192 0.555724 -0.929007
v 0.336575 0.591775 -0.929670
v 0.325480 0.627826 -0.930467
v 0.313904 0.664192 -0.931840
v 0.297298 0.702258 -0.931465
v 0.274757 0.741561 -0.928957
v 0.246094 0.777359 -0.926527
v 0.199313 0.804355 -0.923642
v 0.227620 0.020994 -0.913579
v 0.319550 0.042698 -0.905601
v 0.373396 0.067170 -0.903637
v 0.408695 0.092805 -0.905443
v 0.433750 0.119385 -0.908848
v 0.448693 0.146509 -0.913101
v 0.456787 0.173710 -0.917801
v 0.460247 0.201263 -0.922589
v 0.459148 0.229627 -0.927493
v 0.453567 0.258901 -0.932703
v 0.445389 0.288843 -0.938161
v 0.435945 0.319462 -0.943790
v 0.424250 0.352596 -0.949721
v 0.409631 0.392422 -0.956029
v 0.394457 0.438084 -0.961397
v 0.381304 0.480833 -0.962769
v 0.369839 0.518646 -0.961939
v 0.358911 0.555143 -0.962176
v 0.347554 0.591287 -0.961837
v 0.335551 0.627682 -0.961263
v 0.323403 0.664334 -0.962417
v 0.307187 0.702210 -0.963015
v 0.285274 0.741219 -0.961656
v 0.258172 0.779905 -0.959650
v 0.210987 0.814098 -0.956842
v 0.222467 0.025328 -0.941726
v 0.309039 0.047598 -0.933380
v 0.368232 0.072100 -0.930491
v 0.412264 0.097889 -0.931701
v 0.442965 0.124967 -0.935600
v 0.459662 0.152442 -0.941178
v 0.466899 0.179339 -0.947071
v 0.468698 0.207027 -0.952175
v 0.465951 0.235952 -0.957292
v 0.459829 0.265517 -0.962872
v 0.452155 0.296006 -0.968456
v 0.443174 0.327616 -0.974110
v 0.432258 0.361617 -0.979999
v 0.419009 0.400108 -0.986003
v 0.404956 0.441909 -0.990396
v 0.392217 0.481901 -0.991455
v 0.381022 0.519057 -0.991974
v 0.370295 0.555192 -0.993313
v 0.358245 0.591088 -0.991779
v 0.344967 0.627601 -0.989215
v 0.331769 0.664601 -0.989818
v 0.316726 0.702325 -0.992408
v 0.295452 0.740670 -0.993377
v 0.264895 0.778515 -0.992119
v 0.216151 0.814264 -0.989754
v 0.209585 0.028540 -0.965339
v 0.300220 0.051388 -0.956953
v 0.369861 0.075891 -0.953499
v 0.421081 0.101850 -0.954437
v 0.453727 0.129752 -0.957897
v 0.468479 0.157149 -0.963410
v 0.473781 0.183038 -0.969732
v 0.474295 0.210878 -0.974864
v 0.470882 0.240253 -0.980066
v 0.464983 0.269998 -0.985839
v 0.457791 0.300745 -0.991486
v 0.449117 0.332685 -0.997101
v 0.438744 0.366500 -1.002771
v 0.426482 0.403672 -1.008187
v 0.413249 0.443351 -1.011645
v 0.400764 0.482135 -1.012704
v 0.389557 0.519306 -1.014197
v 0.378823 0.555472 -1.016012
v 0.366786 0.591109 -1.014759
v 0.353128 0.627533 -1.012303
v 0.339183 0.664773 -1.012516
v 0.324857 0.702427 -1.015366
v 0.303727 0.740526 -1.016870
v 0.271580 0.777861 -1.015976
v 0.221952 0.812231 -1.013700
v 0.220322 0.037262 -0.998478
v 0.308782 0.057066 -0.993127
v 0.386560 0.080762 -0.988933
v 0.436343 0.106690 -0.988735
v 0.460187 0.134500 -0.991211
v 0.471361 0.160420 -0.995889
v 0.476451 0.185271 -1.001692
v 0.478522 0.213941 -1.006481
v 0.476936 0.244192 -1.011642
v 0.472405 0.274835 -1.017266
v 0.466012 0.305956 -1.022869
v 0.457872 0.337986 -1.028260
v 0.448094 0.371213 -1.033375
v 0.436711 0.406688 -1.038087
v 0.424769 0.444533 -1.041868
v 0.413290 0.482484 -1.044479
v 0.401909 0.519506 -1.045990
v 0.390413 0.555844 -1.046372
v 0.379008 0.591405 -1.046634
v 0.366099 0.627806 -1.047444
v 0.351095 0.665343 -1.048227
v 0.335166 0.702836 -1.048495
v 0.313520 0.740775 -1.047313
v 0.281455 0.778035 -1.046019
v 0.231820 0.812333 -1.044068
v 0.225653 0.036378 -1.039012
v 0.316491 0.056301 -1.033581
v 0.395160 0.083791 -1.028250
v 0.441378 0.110399 -1.027771
v 0.459258 0.134311 -1.032676
v 0.470784 0.159334 -1.037590
v 0.478456 0.187084 -1.041780
v 0.483488 0.217469 -1.046095
v 0.484832 0.248775 -1.051511
v 0.482623 0.279963 -1.057235
v 0.477924 0.311214 -1.062665
v 0.470668 0.343236 -1.067644
v 0.461124 0.375692 -1.071864
v 0.450017 0.408965 -1.075351
v 0.438553 0.445709 -1.078900
v 0.427394 0.483881 -1.082353
v 0.415856 0.520674 -1.084056
v 0.403800 0.557024 -1.083105
v 0.392318 0.593482 -1.082937
v 0.379710 0.630175 -1.084941
v 0.363337 0.666724 -1.085738
v 0.344074 0.703284 -1.084298
v 0.322230 0.740438 -1.081079
v 0.294284 0.777475 -1.078738
v 0.243740 0.811913 -1.076610
v 0.225342 0.030535 -1.064664
v 0.319340 0.051830 -1.060651
v 0.399096 0.084664 -1.057092
v 0.443337 0.114675 -1.057929
v 0.458777 0.138624 -1.063116
v 0.470753 0.164235 -1.067710
v 0.480020 0.192475 -1.071968
v 0.487004 0.222288 -1.077267
v 0.491004 0.253164 -1.083490
v 0.491359 0.284124 -1.089344
v 0.488398 0.315270 -1.094571
v 0.481875 0.347694 -1.099344
v 0.472313 0.379686 -1.102646
v 0.460690 0.412203 -1.104504
v 0.448289 0.448422 -1.105908
v 0.436174 0.485555 -1.107197
v 0.423884 0.521749 -1.108019
v 0.411618 0.557937 -1.107941
v 0.399998 0.594504 -1.108386
v 0.386826 0.630945 -1.108859
v 0.369552 0.666808 -1.107764
v 0.348649 0.702590 -1.105515
v 0.324869 0.738830 -1.102736
v 0.296945 0.775513 -1.100581
v 0.246703 0.809990 -1.097604
v 0.218666 0.025005 -1.093039
v 0.315447 0.051015 -1.090650
v 0.395284 0.088453 -1.087831
v 0.439138 0.120723 -1.088641
v 0.455295 0.145003 -1.093170
v 0.469469 0.170395 -1.097910
v 0.481271 0.197996 -1.103033
v 0.490752 0.227419 -1.109379
v 0.497392 0.258042 -1.116664
v 0.498995 0.288686 -1.122272
v 0.496230 0.319497 -1.126328
v 0.490152 0.351921 -1.129948
v 0.480995 0.384065 -1.131940
v 0.469675 0.416923 -1.132828
v 0.457175 0.452104 -1.133224
v 0.444662 0.487396 -1.133235
v 0.431524 0.522656 -1.132992
v 0.418129 0.558201 -1.132466
v 0.405200 0.594127 -1.132101
v 0.391463 0.630149 -1.131587
v 0.373768 0.665622 -1.129875
v 0.351705 0.700664 -1.127121
v 0.325382 0.735716 -1.123944
v 0.292596 0.770866 -1.120692
v 0.244409 0.804229 -1.116982
v 0.207144 0.024246 -1.121675
v 0.307842 0.054698 -1.121471
v 0.385773 0.092298 -1.119132
v 0.429579 0.124415 -1.119665
v 0.448887 0.150099 -1.123829
v 0.466806 0.175112 -1.128854
v 0.481425 0.202256 -1.134651
v 0.492844 0.231377 -1.141798
v 0.499957 0.261592 -1.148837
v 0.501030 0.291836 -1.153292
v 0.498291 0.322429 -1.156346
v 0.492813 0.354527 -1.158503
v 0.484731 0.387178 -1.159295
v 0.475424 0.420190 -1.159802
v 0.464146 0.454069 -1.159570
v 0.451019 0.488303 -1.158732
v 0.437083 0.522931 -1.157788
v 0.423044 0.557913 -1.156629
v 0.409091 0.593202 -1.155369
v 0.394684 0.628648 -1.153986
v 0.376374 0.663493 -1.151760
v 0.353680 0.697651 -1.148684
v 0.325866 0.731115 -1.144946
v 0.290391 0.763359 -1.140662
v 0.244303 0.792918 -1.136137
v 0.201637 0.022459 -1.153852
v 0.312988 0.058499 -1.153681
v 0.382707 0.095440 -1.151626
v 0.421328 0.125074 -1.152050
v 0.443468 0.152952 -1.154968
v 0.461678 0.178238 -1.159820
v 0.476065 0.204409 -1.165742
v 0.487890 0.232765 -1.172728
v 0.494717 0.262510 -1.178582
v 0.495854 0.292731 -1.182277
v 0.494228 0.323780 -1.185104
v 0.489923 0.356146 -1.186634
v 0.483631 0.388903 -1.186814
v 0.476412 0.421552 -1.186404
v 0.465275 0.454590 -1.185133
v 0.450846 0.488169 -1.183348
v 0.437179 0.522336 -1.181741
v 0.424108 0.556923 -1.180097
v 0.410104 0.591679 -1.178087
v 0.394998 0.626451 -1.175808
v 0.376805 0.660691 -1.173118
v 0.354227 0.694023 -1.169775
v 0.326109 0.726060 -1.165538
v 0.289895 0.755682 -1.160393
v 0.244366 0.781081 -1.154988
v 0.205865 0.024815 -1.188747
v 0.326881 0.068818 -1.185350
v 0.379182 0.102393 -1.182534
v 0.412614 0.129339 -1.183796
v 0.437553 0.156080 -1.185989
v 0.453310 0.180599 -1.190002
v 0.463783 0.205285 -1.195529
v 0.474129 0.232643 -1.201682
v 0.482394 0.262209 -1.207170
v 0.485310 0.292757 -1.210941
v 0.484005 0.324258 -1.213281
v 0.480664 0.356849 -1.214462
v 0.476450 0.389463 -1.214363
v 0.470061 0.421737 -1.212870
v 0.457986 0.454227 -1.210136
v 0.443532 0.487270 -1.207188
v 0.431413 0.520976 -1.204770
v 0.420329 0.555217 -1.202623
v 0.407220 0.589565 -1.199970
v 0.391718 0.623711 -1.196770
v 0.373649 0.657366 -1.193383
v 0.351656 0.690032 -1.189636
v 0.324724 0.721203 -1.185143
v 0.289162 0.749144 -1.179363
v 0.243798 0.771870 -1.173012
v 0.207180 0.040881 -1.222792
v 0.317890 0.083878 -1.215476
v 0.366942 0.114065 -1.211016
v 0.401513 0.138787 -1.211889
v 0.427188 0.160929 -1.214949
v 0.439792 0.182722 -1.218779
v 0.445592 0.206185 -1.223701
v 0.453001 0.232743 -1.228952
v 0.461682 0.261816 -1.233811
v 0.466931 0.292363 -1.237410
v 0.466748 0.323992 -1.239666
v 0.464478 0.356493 -1.240670
v 0.462346 0.388940 -1.240394
v 0.457110 0.420968 -1.238279
v 0.445447 0.453070 -1.234281
v 0.432068 0.485650 -1.230136
v 0.421257 0.518915 -1.226794
v 0.411991 0.552830 -1.223981
v 0.399924 0.586874 -1.220577
v 0.384207 0.620595 -1.216382
v 0.366191 0.653788 -1.212068
v 0.345273 0.685999 -1.207754
v 0.320337 0.716692 -1.203054
v 0.286093 0.743550 -1.196749
v 0.241434 0.764189 -1.189506
v 0.199149 0.060822 -1.248451
v 0.284908 0.093417 -1.241491
v 0.338647 0.121334 -1.237163
v 0.376482 0.143680 -1.237107
v 0.401670 0.162728 -1.240681
v 0.413014 0.183094 -1.244867
v 0.417883 0.206342 -1.249024
v 0.424334 0.232609 -1.253270
v 0.432397 0.261258 -1.257195
v 0.440839 0.291690 -1.260323
v 0.443312 0.323322 -1.262518
v 0.441479 0.355543 -1.263463
v 0.441431 0.387699 -1.263303
v 0.439322 0.419537 -1.261489
v 0.429628 0.451262 -1.257118
v 0.416804 0.483293 -1.251939
v 0.406878 0.516072 -1.247595
v 0.398801 0.549664 -1.243845
v 0.387695 0.583564 -1.239487
v 0.372124 0.617200 -1.234208
v 0.354320 0.650281 -1.228844
v 0.334484 0.682367 -1.223714
v 0.311886 0.712978 -1.218658
v 0.279510 0.738984 -1.211871
v 0.236236 0.757798 -1.203828
v 0.182866 0.074129 -1.264096
v 0.248551 0.096639 -1.261201
v 0.297692 0.119066 -1.259803
v 0.334419 0.140386 -1.260692
v 0.357382 0.160170 -1.263569
v 0.370622 0.181082 -1.267261
v 0.378655 0.204861 -1.270686
v 0.386735 0.231424 -1.274110
v 0.395740 0.260208 -1.277561
v 0.405585 0.290759 -1.280292
v 0.410607 0.322440 -1.282110
v 0.411075 0.354448 -1.283009
v 0.413639 0.386260 -1.283152
v 0.415129 0.417749 -1.282091
v 0.408729 0.448880 -1.278219
v 0.397475 0.480139 -1.272573
v 0.388859 0.512326 -1.267317
v 0.381767 0.545666 -1.262422
v 0.371539 0.579700 -1.256849
v 0.356218 0.613678 -1.250226
v 0.337828 0.647075 -1.243381
v 0.318227 0.679445 -1.237066
v 0.297575 0.710318 -1.231422
v 0.266934 0.735247 -1.223953
v 0.226248 0.752207 -1.215236
v 0.162161 0.080577 -1.277281
v 0.211173 0.097541 -1.276536
v 0.252280 0.115906 -1.277760
v 0.285304 0.135735 -1.280370
v 0.305241 0.156168 -1.282786
v 0.316558 0.177566 -1.285429
v 0.326221 0.201747 -1.288529
v 0.337366 0.228893 -1.291700
v 0.349960 0.258299 -1.294918
v 0.360530 0.289401 -1.297225
v 0.367772 0.321427 -1.298653
v 0.373163 0.353476 -1.299675
v 0.378897 0.384989 -1.300383
v 0.381496 0.415726 -1.299886
v 0.379435 0.445833 -1.297237
v 0.373552 0.475975 -1.292253
v 0.367317 0.507326 -1.286136
v 0.361908 0.540588 -1.279994
v 0.352355 0.575182 -1.272754
v 0.336028 0.610026 -1.264009
v 0.315124 0.644291 -1.254948
v 0.295043 0.677262 -1.247231
v 0.273371 0.707243 -1.239977
v 0.243367 0.730364 -1.231214
v 0.208907 0.746096 -1.222663
v 0.143050 0.083597 -1.287959
v 0.174388 0.097028 -1.287780
v 0.201588 0.112692 -1.289531
v 0.225532 0.130619 -1.292821
v 0.243145 0.150577 -1.296056
v 0.252836 0.172370 -1.298923
v 0.259519 0.196943 -1.301685
v 0.269306 0.224810 -1.304280
v 0.285914 0.255373 -1.307377
v 0.303625 0.287707 -1.309974
v 0.314271 0.320472 -1.311401
v 0.322467 0.352930 -1.312667
v 0.328814 0.384108 -1.313473
v 0.329107 0.413398 -1.312606
v 0.329668 0.441624 -1.310804
v 0.332361 0.469946 -1.307735
v 0.336740 0.500154 -1.302736
v 0.335043 0.533457 -1.295105
v 0.324473 0.569457 -1.284976
v 0.306758 0.606416 -1.273623
v 0.281902 0.642394 -1.262067
v 0.258501 0.675701 -1.252034
v 0.235310 0.703853 -1.242683
v 0.210243 0.725120 -1.233583
v 0.185811 0.739671 -1.226026
v 0.123487 0.083711 -1.294928
v 0.137639 0.094002 -1.295831
v 0.148076 0.107198 -1.297580
v 0.154905 0.123155 -1.299563
v 0.163290 0.142072 -1.302781
v 0.168810 0.163716 -1.306547
v 0.165795 0.188902 -1.308003
v 0.162188 0.217963 -1.307882
v 0.167743 0.249964 -1.308561
v 0.179348 0.283820 -1.309388
v 0.186361 0.317944 -1.309582
v 0.193684 0.351631 -1.310334
v 0.207810 0.383383 -1.312214
v 0.223762 0.411675 -1.313804
v 0.234565 0.437157 -1.314033
v 0.246665 0.462080 -1.313485
v 0.273074 0.490237 -1.311855
v 0.282873 0.523669 -1.303685
v 0.269278 0.563560 -1.289477
v 0.247878 0.605861 -1.274354
v 0.221253 0.644009 -1.260697
v 0.201766 0.676306 -1.249594
v 0.186624 0.702089 -1.240143
v 0.173719 0.721505 -1.232373
v 0.161349 0.734819 -1.226238
v 0.125445 0.036539 -0.663454
v 0.128253 0.048588 -0.657074
v 0.135141 0.068704 -0.652926
v 0.141100 0.093918 -0.651549
v 0.139499 0.121741 -0.649857
v 0.130351 0.151145 -0.648226
v 0.140953 0.177874 -0.645614
v 0.159050 0.205582 -0.646765
v 0.159051 0.238677 -0.652614
v 0.153325 0.273468 -0.657741
v 0.148259 0.307633 -0.661433
v 0.138538 0.341700 -0.665535
v 0.127507 0.375555 -0.670543
v 0.125454 0.407687 -0.675074
v 0.119315 0.440124 -0.679263
v 0.105155 0.473733 -0.683813
v 0.095960 0.507097 -0.688900
v 0.100046 0.539571 -0.694524
v 0.107347 0.572560 -0.701533
v 0.108125 0.606438 -0.709627
v 0.102382 0.639159 -0.717726
v 0.093482 0.668611 -0.725037
v 0.088021 0.691354 -0.732673
v 0.085983 0.706336 -0.740723
v 0.084968 0.715865 -0.747288
v 0.154115 0.031133 -0.664667
v 0.181295 0.040974 -0.657971
v 0.206452 0.058702 -0.652667
v 0.223329 0.082388 -0.650089
v 0.233833 0.108573 -0.648575
v 0.242515 0.135180 -0.647475
v 0.258615 0.160479 -0.645811
v 0.263756 0.189277 -0.648740
v 0.248037 0.223907 -0.657438
v 0.230438 0.259798 -0.665566
v 0.216150 0.295426 -0.671469
v 0.202648 0.331052 -0.676235
v 0.190557 0.366513 -0.680588
v 0.182330 0.401311 -0.684489
v 0.174531 0.435936 -0.688094
v 0.166430 0.470610 -0.691633
v 0.163447 0.504723 -0.694918
v 0.169523 0.537813 -0.697899
v 0.179103 0.570826 -0.701978
v 0.179996 0.605403 -0.708731
v 0.161909 0.639775 -0.717228
v 0.136671 0.670615 -0.725044
v 0.120139 0.694001 -0.733118
v 0.109127 0.708938 -0.741686
v 0.099985 0.718340 -0.748445
v 0.098765 0.080659 -1.296611
v 0.095607 0.088285 -1.297853
v 0.090365 0.100014 -1.298856
v 0.082346 0.115129 -1.299527
v 0.075771 0.133437 -1.301370
v 0.067221 0.154793 -1.303989
v 0.053567 0.180867 -1.304230
v 0.034841 0.211210 -1.302031
v 0.027445 0.244362 -1.300336
v 0.035030 0.279576 -1.299342
v 0.038235 0.314805 -1.298124
v 0.043925 0.349414 -1.298087
v 0.066197 0.382005 -1.300871
v 0.096541 0.410847 -1.304379
v 0.115004 0.435992 -1.305508
v 0.124321 0.458926 -1.304767
v 0.139183 0.482927 -1.302116
v 0.134696 0.514026 -1.290961
v 0.121491 0.562628 -1.272357
v 0.122821 0.613802 -1.257701
v 0.126922 0.650418 -1.248873
v 0.133295 0.679049 -1.241362
v 0.136486 0.701957 -1.234264
v 0.137806 0.719656 -1.228343
v 0.137651 0.732523 -1.223943
v 0.074541 0.075208 -1.294106
v 0.050811 0.080193 -1.294201
v 0.030667 0.091167 -1.293981
v 0.013138 0.106926 -1.293559
v -0.002207 0.126419 -1.293858
v -0.020733 0.148825 -1.294955
v -0.040278 0.175777 -1.295455
v -0.057437 0.207535 -1.294250
v -0.058076 0.242179 -1.292891
v -0.043135 0.278346 -1.291838
v -0.036572 0.313926 -1.290272
v -0.030633 0.348554 -1.289638
v -0.012738 0.381430 -1.290792
v 0.008551 0.411652 -1.291803
v 0.020619 0.439300 -1.290854
v 0.021075 0.464667 -1.287600
v 0.012699 0.489317 -1.281132
v -0.005814 0.521095 -1.267892
v -0.010319 0.571304 -1.250725
v 0.011050 0.623002 -1.240162
v 0.042147 0.657619 -1.235917
v 0.071696 0.682999 -1.231529
v 0.091128 0.703982 -1.226638
v 0.105084 0.720808 -1.222489
v 0.116058 0.733561 -1.219708
v 0.096428 0.889573 -1.064226
v 0.088068 0.879546 -0.982117
v 0.119390 0.846431 -1.017639
v 0.070304 0.836295 -1.025573
v 0.091886 0.846772 -0.991507
v 0.098214 0.841245 -1.051860
v 0.091374 0.893407 -0.974629
v 0.092179 0.881998 -0.990620
v 0.096268 0.881839 -0.989781
v 0.092363 0.880984 -0.980742
v 0.096107 0.910664 -1.070923
v 0.099892 0.891284 -1.062969
v 0.095352 0.892195 -1.054753
v 0.091165 0.890098 -1.055465
v 0.086288 0.859829 -1.034830
v 0.094441 0.865002 -1.033530
v 0.105068 0.868328 -1.052275
v 0.096676 0.864815 -1.053618
v 0.092027 0.863332 -0.988290
v 0.102486 0.863359 -1.004991
v 0.093437 0.859681 -1.010749
v 0.083833 0.861078 -0.991020
v 0.103586 0.867927 -1.041771
v 0.087342 0.859826 -1.045489
v 0.092184 0.888657 -1.060416
v 0.100211 0.895083 -1.059565
v 0.096503 0.910276 -1.074712
v 0.074544 0.837645 -1.039975
v 0.236258 0.812456 -1.058214
v 0.286407 0.778105 -1.059934
v 0.317796 0.740935 -1.062332
v 0.339289 0.703202 -1.065176
v 0.356745 0.665974 -1.065723
v 0.372051 0.628654 -1.063969
v 0.384618 0.592024 -1.061758
v 0.396381 0.556161 -1.062271
v 0.408395 0.519889 -1.063286
v 0.419701 0.482968 -1.061508
v 0.430616 0.444953 -1.057597
v 0.442011 0.407666 -1.053205
v 0.453161 0.373122 -1.048876
v 0.462747 0.340213 -1.044101
v 0.470492 0.308191 -1.038899
v 0.476268 0.276916 -1.033379
v 0.480109 0.245879 -1.027709
v 0.480683 0.214822 -1.022606
v 0.477220 0.184831 -1.018408
v 0.470815 0.158678 -1.013402
v 0.459735 0.133714 -1.008367
v 0.440116 0.108065 -1.004670
v 0.392927 0.082430 -1.005644
v 0.313869 0.057882 -1.011408
v 0.223924 0.038457 -1.017147
v -0.034678 0.799983 -1.016286
v -0.089970 0.778410 -1.012899
v -0.129538 0.748299 -1.011147
v -0.154707 0.714042 -1.008865
v -0.168554 0.686310 -1.007775
v -0.173848 0.667551 -1.003689
v -0.174844 0.639503 -0.997422
v -0.176138 0.599403 -0.995748
v -0.177268 0.563099 -0.993491
v -0.177314 0.523455 -0.994697
v -0.176460 0.485150 -0.996504
v -0.174220 0.450409 -0.995107
v -0.174121 0.408145 -0.995553
v -0.177533 0.365516 -0.996376
v -0.180686 0.324838 -0.996640
v -0.183686 0.283738 -0.995626
v -0.186776 0.244155 -0.995062
v -0.187631 0.206463 -0.997157
v -0.181867 0.172537 -1.002526
v -0.169791 0.142398 -1.008371
v -0.154782 0.112116 -1.011676
v -0.128777 0.084419 -1.013227
v -0.086147 0.061381 -1.013505
v -0.029606 0.042949 -1.012316
v 0.041303 0.030009 -1.009241
v 0.039118 0.815190 -1.021237
v 0.157642 0.829519 -1.051617
v 0.130135 0.027418 -1.022829
v 0.121697 0.846930 -1.035392
v 0.083270 0.859046 -1.000411
v 0.101233 0.865756 -0.994539
v 0.095971 0.881697 -0.984573
v 0.091803 0.896784 -0.978865
v 0.111434 0.848356 -1.001424
v 0.087123 0.881171 -0.985570
v 0.227111 0.812217 -1.029411
v 0.276590 0.777932 -1.031567
v 0.309035 0.740616 -1.032466
v 0.330655 0.702566 -1.032399
v 0.345480 0.664965 -1.031140
v 0.359990 0.627491 -1.030885
v 0.373183 0.591148 -1.031417
v 0.384670 0.555657 -1.031325
v 0.395812 0.519359 -1.030188
v 0.407216 0.482222 -1.028797
v 0.419144 0.444010 -1.026922
v 0.431612 0.405385 -1.023293
v 0.443358 0.369047 -1.018221
v 0.453397 0.335519 -1.012810
v 0.461844 0.303513 -1.007281
v 0.468700 0.272570 -1.001635
v 0.473910 0.242366 -0.995972
v 0.476455 0.212682 -0.990773
v 0.475456 0.184760 -0.985705
v 0.471230 0.160087 -0.979644
v 0.459505 0.133357 -0.975108
v 0.429773 0.104759 -0.972873
v 0.376661 0.078691 -0.972507
v 0.301868 0.054640 -0.975915
v 0.213255 0.032970 -0.982016
v -0.039374 0.802274 -0.987896
v -0.090595 0.777834 -0.984046
v -0.126564 0.745603 -0.981040
v -0.149673 0.714456 -0.981991
v -0.162814 0.684592 -0.982923
v -0.171809 0.657881 -0.976290
v -0.175849 0.632825 -0.966986
v -0.177780 0.598979 -0.962776
v -0.179494 0.559535 -0.962601
v -0.180007 0.519714 -0.962454
v -0.178533 0.484098 -0.962432
v -0.176048 0.450430 -0.962261
v -0.176942 0.411495 -0.962657
v -0.181047 0.369898 -0.964172
v -0.184027 0.329639 -0.965591
v -0.186248 0.290262 -0.966882
v -0.187952 0.254551 -0.970519
v -0.186956 0.218093 -0.974085
v -0.181260 0.180678 -0.975835
v -0.167548 0.148485 -0.976191
v -0.147640 0.118483 -0.975831
v -0.122103 0.089929 -0.976672
v -0.084583 0.064896 -0.977131
v -0.033087 0.044341 -0.976631
v 0.032858 0.028886 -0.975136
v 0.035107 0.819062 -0.993051
v 0.156340 0.830913 -1.023344
v 0.122121 0.023631 -0.987865
v 0.068685 0.836940 -1.008518
v 0.120411 0.837257 -1.055699
v 0.128022 0.842864 -1.027482
v 0.074819 0.837583 -0.989930
v 0.063733 0.830985 -1.016641
v 0.107995 0.841549 -0.994460
v 0.077209 0.831079 -1.048923
v 0.064331 0.831091 -1.031746
v 0.130293 0.842291 -1.042971
v 0.125364 0.842550 -1.011023
v 0.061161 0.832913 -1.000794
v 0.065937 0.835434 -0.994729
v 0.128098 0.841304 -1.049031
v 0.127761 0.842525 -1.019073
v 0.064132 0.830565 -1.024374
v 0.090263 0.840093 -0.988005
v 0.098844 0.834921 -1.054751
v 0.067957 0.831735 -1.039129
v 0.129439 0.842557 -1.035753
v 0.119717 0.842608 -1.002734
v 0.062020 0.831563 -1.008438
vn -0.2112 0.4186 -0.8833
vn -0.2038 0.4606 -0.8639
vn -0.1946 0.4088 -0.8916
vn -0.1951 0.3677 -0.9092
vn -0.1731 0.5111 -0.8419
vn -0.1717 0.4658 -0.8681
vn -0.1607 0.4098 -0.8979
vn -0.1740 0.3584 -0.9172
vn -0.1728 0.3284 -0.9286
vn -0.1421 0.3429 -0.9286
vn -0.1446 0.3187 -0.9368
vn -0.1372 0.4145 -0.8997
vn -0.1156 0.4172 -0.9014
vn -0.1118 0.3724 -0.9213
vn -0.1168 0.3426 -0.9322
vn 0.0153 0.7255 0.6881
vn -0.0230 0.7848 0.6193
vn -0.0294 0.7368 0.6755
vn -0.0068 0.6759 0.7369
vn -0.0737 0.8285 0.5551
vn -0.0719 0.7919 0.6065
vn -0.0838 0.7414 0.6658
vn -0.0586 0.6852 0.7260
vn -0.0450 0.6342 0.7718
vn -0.1121 0.6644 0.7389
vn -0.0995 0.6218 0.7769
vn -0.1241 0.7415 0.6594
vn -0.1628 0.7399 0.6527
vn -0.1688 0.6890 0.7048
vn -0.1585 0.6469 0.7459
vn -0.2518 -0.8157 0.5208
vn -0.1553 -0.8627 0.4812
vn -0.1658 -0.8028 0.5727
vn -0.2399 -0.7554 0.6098
vn -0.0611 -0.8526 0.5190
vn -0.0819 -0.7841 0.6152
vn -0.1239 -0.6971 0.7062
vn -0.1706 -0.6915 0.7020
vn -0.2125 -0.6848 0.6970
vn -0.1313 0.8401 0.5263
vn -0.1308 0.8102 0.5714
vn -0.1792 0.8188 0.5453
vn -0.1808 0.7863 0.5907
vn -0.1318 0.4946 -0.8591
vn -0.1015 0.4711 -0.8762
vn -0.1281 0.5339 -0.8358
vn -0.0968 0.5113 -0.8540
vn -0.1253 0.5533 -0.8235
vn -0.0938 0.5413 -0.8356
vn -0.1707 0.5366 -0.8264
vn -0.1684 0.5532 -0.8159
vn -0.1199 0.5718 -0.8116
vn -0.0851 0.5740 -0.8145
vn -0.1101 0.5940 -0.7969
vn -0.0687 0.6109 -0.7887
vn -0.1665 0.5703 -0.8044
vn -0.1651 0.5946 -0.7869
vn -0.0961 0.6227 -0.7766
vn -0.0437 0.6524 -0.7566
vn -0.0783 0.6652 -0.7426
vn -0.0110 0.6994 -0.7146
vn -0.1645 0.6352 -0.7546
vn -0.1636 0.6955 -0.6996
vn -0.0589 0.7237 -0.6876
vn 0.0240 0.7499 -0.6611
vn -0.0418 0.7838 -0.6196
vn 0.0537 0.7966 -0.6021
vn -0.1609 0.7598 -0.6300
vn -0.1569 0.8120 -0.5621
vn -0.0311 0.8311 -0.5552
vn 0.0733 0.8322 -0.5497
vn -0.0301 0.8564 -0.5154
vn 0.0801 0.8498 -0.5210
vn -0.1542 0.8419 -0.5171
vn -0.1548 0.8489 -0.5054
vn -0.0388 0.8603 -0.5083
vn 0.0761 0.8503 -0.5207
vn -0.0500 0.8662 -0.4973
vn 0.0707 0.8573 -0.5100
vn -0.1563 0.8524 -0.4989
vn -0.1534 0.8680 -0.4722
vn -0.0572 0.8903 -0.4517
vn 0.0664 0.8858 -0.4593
vn -0.0618 0.9150 -0.3986
vn 0.0526 0.9124 -0.4058
vn -0.1440 0.8882 -0.4364
vn -0.1312 0.9053 -0.4040
vn -0.0670 0.9274 -0.3681
vn 0.0245 0.9210 -0.3889
vn -0.0736 0.9337 -0.3505
vn -0.0100 0.9226 -0.3856
vn -0.1196 0.9204 -0.3722
vn -0.1115 0.9359 -0.3342
vn -0.0804 0.9412 -0.3281
vn -0.0392 0.9301 -0.3653
vn -0.0865 0.9540 -0.2871
vn -0.0577 0.9456 -0.3203
vn -0.1072 0.9552 -0.2759
vn -0.1074 0.9763 -0.1881
vn -0.0928 0.9710 -0.2205
vn -0.0656 0.9658 -0.2510
vn -0.1015 0.9833 -0.1512
vn -0.0665 0.9818 -0.1779
vn -0.1150 0.9886 -0.0969
vn -0.1453 0.9838 -0.1046
vn -0.1164 0.9784 -0.1710
vn -0.0639 0.9866 -0.1504
vn -0.1424 0.9373 -0.3182
vn -0.0536 0.9673 -0.2479
vn -0.2038 0.9660 -0.1590
vn -0.3746 0.8295 -0.4142
vn -0.1713 0.9083 -0.3817
vn 0.0515 0.8402 -0.5399
vn -0.6120 0.7858 -0.0890
vn -0.5434 0.7974 0.2624
vn -0.7585 0.5999 0.2545
vn -0.7150 0.6991 -0.0058
vn -0.3084 0.6338 0.7094
vn -0.3090 0.3121 0.8984
vn -0.4926 0.5078 0.7067
vn -0.5095 -0.0342 0.8598
vn -0.4994 0.1082 0.8596
vn -0.8810 0.3496 0.3189
vn -0.8439 0.5354 0.0345
vn 0.5035 0.8520 -0.1439
vn 0.3961 0.7516 -0.5274
vn 0.6207 0.7075 -0.3378
vn 0.5595 0.8245 -0.0840
vn 0.0991 0.5366 -0.8380
vn 0.1349 0.3739 -0.9176
vn 0.3214 0.4873 -0.8120
vn 0.2162 0.0194 -0.9762
vn 0.4456 0.1590 -0.8810
vn 0.8288 0.4788 -0.2896
vn 0.7841 0.5372 -0.3107
vn 0.2061 0.8990 0.3864
vn -0.0430 0.9463 0.3205
vn -0.0901 0.9843 0.1516
vn 0.0380 0.9876 0.1524
vn -0.3030 0.9316 0.2009
vn -0.1916 0.9810 0.0287
vn -0.1704 0.9842 -0.0488
vn -0.0845 0.9964 0.0052
vn 0.0138 0.9989 0.0440
vn -0.0495 0.9932 0.1055
vn 0.0302 0.9880 0.1514
vn -0.1609 0.9844 0.0715
vn -0.1422 0.9536 0.2655
vn -0.0150 0.9588 0.2836
vn 0.0612 0.9449 0.3216
vn 0.0070 0.8976 0.4409
vn 0.0833 0.8883 0.4517
vn -0.1196 0.8917 0.4365
vn -0.1064 0.8477 0.5197
vn 0.0103 0.8585 0.5128
vn 0.0879 0.8575 0.5069
vn 0.0010 0.8461 0.5331
vn 0.0818 0.8518 0.5175
vn -0.1037 0.8303 0.5476
vn -0.1065 0.8250 0.5551
vn -0.0139 0.8431 0.5376
vn 0.0682 0.8545 0.5150
vn -0.0310 0.8450 0.5339
vn 0.0472 0.8619 0.5048
vn -0.1120 0.8260 0.5524
vn -0.1193 0.8299 0.5450
vn -0.0501 0.8502 0.5240
vn 0.0187 0.8724 0.4885
vn -0.0704 0.8541 0.5153
vn -0.0139 0.8778 0.4787
vn -0.1279 0.8338 0.5371
vn -0.1364 0.8354 0.5325
vn -0.0882 0.8528 0.5147
vn -0.0426 0.8719 0.4878
vn -0.1004 0.8494 0.5181
vn -0.0616 0.8617 0.5037
vn -0.1433 0.8356 0.5304
vn -0.1491 0.8356 0.5286
vn -0.1080 0.8478 0.5192
vn -0.0725 0.8566 0.5109
vn -0.1137 0.8473 0.5188
vn -0.0801 0.8550 0.5124
vn -0.1542 0.8356 0.5273
vn -0.1585 0.8352 0.5266
vn -0.1183 0.8463 0.5194
vn -0.0862 0.8527 0.5152
vn -0.1219 0.8455 0.5199
vn -0.0904 0.8501 0.5188
vn -0.1616 0.8356 0.5250
vn -0.1631 0.8378 0.5210
vn -0.1244 0.8461 0.5182
vn -0.0920 0.8487 0.5208
vn -0.1260 0.8481 0.5146
vn -0.0910 0.8486 0.5212
vn -0.1633 0.8403 0.5169
vn -0.1647 0.8399 0.5171
vn -0.1275 0.8505 0.5104
vn -0.0871 0.8488 0.5215
vn -0.1295 0.8499 0.5107
vn -0.0807 0.8449 0.5288
vn -0.1704 0.8341 0.5246
vn 0.0204 -0.4609 -0.8872
vn 0.0546 -0.4583 -0.8871
vn 0.1105 -0.6836 -0.7214
vn 0.0322 -0.6076 -0.7936
vn 0.0976 -0.4561 -0.8846
vn 0.1773 -0.6092 -0.7730
vn 0.2198 -0.7271 -0.6504
vn 0.1447 -0.7781 -0.6112
vn 0.0556 -0.7101 -0.7019
vn 0.1587 -0.8119 -0.5618
vn 0.0747 -0.7744 -0.6282
vn 0.2263 -0.7772 -0.5871
vn 0.2177 -0.7892 -0.5743
vn 0.1619 -0.8277 -0.5373
vn 0.0849 -0.8231 -0.5615
vn 0.1544 -0.8217 -0.5487
vn 0.0835 -0.8394 -0.5370
vn 0.2028 -0.7761 -0.5971
vn 0.1857 -0.7416 -0.6446
vn 0.1361 -0.7858 -0.6033
vn 0.0677 -0.8121 -0.5795
vn 0.1098 -0.7233 -0.6818
vn 0.0392 -0.7559 -0.6535
vn 0.1692 -0.6860 -0.7077
vn 0.1574 -0.6302 -0.7603
vn 0.0815 -0.6590 -0.7477
vn 0.0042 -0.7033 -0.7109
vn 0.0628 -0.6732 -0.7368
vn -0.0277 -0.7150 -0.6986
vn 0.1603 -0.6489 -0.7438
vn 0.1696 -0.7487 -0.6409
vn 0.0504 -0.7702 -0.6358
vn -0.0530 -0.7889 -0.6123
vn 0.0340 -0.8671 -0.4969
vn -0.0691 -0.8659 -0.4954
vn 0.1674 -0.8479 -0.5030
vn 0.1572 -0.9311 -0.3292
vn 0.0209 -0.9515 -0.3070
vn -0.0686 -0.9386 -0.3381
vn 0.0240 -0.9977 -0.0628
vn -0.0518 -0.9912 -0.1215
vn 0.1460 -0.9831 -0.1107
vn 0.1306 -0.9897 0.0586
vn 0.0320 -0.9929 0.1146
vn -0.0317 -0.9958 0.0856
vn 0.0338 -0.9853 0.1672
vn -0.0216 -0.9826 0.1845
vn 0.1169 -0.9859 0.1195
vn 0.1111 -0.9918 0.0632
vn 0.0325 -0.9912 0.1282
vn -0.0228 -0.9822 0.1866
vn 0.0256 -0.9965 0.0797
vn -0.0323 -0.9864 0.1613
vn 0.1061 -0.9944 -0.0041
vn 0.0979 -0.9945 0.0362
vn 0.0162 -0.9941 0.1074
vn -0.0437 -0.9851 0.1666
vn 0.0139 -0.9852 0.1709
vn -0.0469 -0.9811 0.1876
vn 0.0875 -0.9875 0.1310
vn 0.0799 -0.9783 0.1913
vn 0.0209 -0.9801 0.1976
vn -0.0406 -0.9810 0.1896
vn 0.0314 -0.9810 0.1916
vn -0.0318 -0.9839 0.1758
vn 0.0804 -0.9746 0.2092
vn 0.0882 -0.9776 0.1912
vn 0.0414 -0.9851 0.1672
vn -0.0249 -0.9879 0.1533
vn 0.0491 -0.9908 0.1262
vn -0.0208 -0.9924 0.1214
vn 0.0989 -0.9846 0.1443
vn 0.1089 -0.9911 0.0768
vn 0.0532 -0.9961 0.0703
vn -0.0201 -0.9966 0.0799
vn -0.0298 -0.9995 0.0061
vn 0.0495 -0.9983 -0.0316
vn 0.0426 -0.9954 -0.0858
vn -0.0390 -0.9988 -0.0304
vn 0.1205 -0.9916 -0.0465
vn 0.1222 -0.9866 -0.1084
vn 0.1218 -0.9733 -0.1945
vn 0.0314 -0.9856 -0.1663
vn -0.0523 -0.9948 -0.0869
vn -0.0882 -0.9795 -0.1809
vn -0.0064 -0.9759 -0.2182
vn -0.0212 -0.9838 -0.1778
vn -0.0997 -0.9778 -0.1842
vn 0.1028 -0.9688 -0.2257
vn 0.0891 -0.9806 -0.1748
vn 0.0893 -0.9828 -0.1619
vn -0.0211 -0.9899 -0.1402
vn -0.1012 -0.9814 -0.1629
vn -0.0101 -0.9910 -0.1337
vn -0.0917 -0.9841 -0.1518
vn 0.0947 -0.9806 -0.1718
vn 0.0946 -0.9840 -0.1506
vn -0.0033 -0.9893 -0.1457
vn -0.0836 -0.9813 -0.1732
vn -0.0100 -0.9883 -0.1525
vn -0.0898 -0.9802 -0.1766
vn 0.0786 -0.9888 -0.1268
vn 0.0641 -0.9902 -0.1241
vn -0.0245 -0.9918 -0.1251
vn -0.1080 -0.9873 -0.1164
vn -0.0387 -0.9957 -0.0836
vn -0.1227 -0.9916 -0.0415
vn 0.0545 -0.9911 -0.1217
vn 0.0449 -0.9914 -0.1231
vn -0.0523 -0.9962 -0.0694
vn -0.1360 -0.9907 -0.0094
vn -0.0672 -0.9952 -0.0711
vn -0.1524 -0.9882 -0.0124
vn 0.0334 -0.9920 -0.1214
vn 0.0220 -0.9935 -0.1117
vn -0.0798 -0.9939 -0.0754
vn -0.1682 -0.9852 -0.0327
vn -0.0890 -0.9931 -0.0768
vn -0.1815 -0.9819 -0.0535
vn 0.0118 -0.9954 -0.0951
vn 0.0037 -0.9973 -0.0737
vn -0.0952 -0.9929 -0.0714
vn -0.1941 -0.9792 -0.0594
vn -0.1005 -0.9934 -0.0557
vn -0.2094 -0.9769 -0.0432
vn -0.0023 -0.9988 -0.0497
vn -0.0063 -0.9997 -0.0255
vn -0.1065 -0.9939 -0.0282
vn -0.2277 -0.9737 -0.0049
vn -0.1120 -0.9937 0.0034
vn -0.2438 -0.9691 0.0373
vn -0.0091 -1.0000 -0.0021
vn -0.0110 -0.9997 0.0234
vn -0.1157 -0.9927 0.0356
vn -0.2566 -0.9639 0.0714
vn -0.1189 -0.9889 0.0894
vn -0.2676 -0.9551 0.1269
vn -0.0141 -0.9975 0.0693
vn -0.0222 -0.9884 0.1501
vn -0.1237 -0.9761 0.1789
vn -0.2736 -0.9351 0.2252
vn -0.1285 -0.9532 0.2738
vn -0.2720 -0.9045 0.3284
vn -0.0331 -0.9691 0.2445
vn -0.0433 -0.9433 0.3290
vn -0.1327 -0.9289 0.3459
vn -0.2675 -0.8762 0.4010
vn -0.1369 -0.9099 0.3915
vn -0.2632 -0.8580 0.4410
vn -0.0517 -0.9188 0.3913
vn -0.0547 -0.9029 0.4264
vn -0.1407 -0.9004 0.4118
vn -0.2596 -0.8523 0.4540
vn -0.1463 -0.8909 0.4300
vn -0.2567 -0.8454 0.4684
vn -0.0549 -0.8869 0.4587
vn -0.0928 0.4239 -0.9009
vn -0.0947 0.3852 -0.9179
vn -0.0833 0.4699 -0.8788
vn -0.0766 0.4299 -0.8996
vn -0.0737 0.5126 -0.8554
vn -0.0564 0.4764 -0.8774
vn -0.0576 0.5604 -0.8262
vn -0.0311 0.5305 -0.8471
vn -0.0329 0.6155 -0.7875
vn 0.0024 0.5988 -0.8009
vn 0.0034 0.6776 -0.7354
vn 0.0485 0.6824 -0.7293
vn 0.0478 0.7359 -0.6754
vn 0.0990 0.7575 -0.6453
vn 0.0907 0.7794 -0.6199
vn 0.1404 0.8029 -0.5793
vn 0.1256 0.8110 -0.5714
vn 0.1722 0.8278 -0.5339
vn 0.1509 0.8337 -0.5313
vn 0.1978 0.8431 -0.5001
vn 0.1657 0.8436 -0.5108
vn 0.2174 0.8488 -0.4821
vn 0.1726 0.8411 -0.5126
vn 0.2324 0.8452 -0.4812
vn 0.1791 0.8436 -0.5063
vn 0.2471 0.8419 -0.4797
vn 0.1836 0.8629 -0.4708
vn 0.2592 0.8458 -0.4663
vn 0.1698 0.8805 -0.4425
vn 0.2561 0.8459 -0.4679
vn 0.1314 0.8814 -0.4537
vn 0.2336 0.8330 -0.5016
vn 0.0842 0.8820 -0.4637
vn 0.2090 0.8296 -0.5178
vn 0.0476 0.9018 -0.4295
vn 0.1981 0.8597 -0.4708
vn 0.0275 0.9338 -0.3567
vn 0.1944 0.9050 -0.3784
vn 0.0230 0.9645 -0.2629
vn 0.1948 0.9428 -0.2704
vn 0.0308 0.9855 -0.1670
vn 0.2043 0.9663 -0.1566
vn 0.0391 0.9947 -0.0950
vn 0.2132 0.9758 -0.0489
vn 0.0448 0.9958 -0.0801
vn 0.2137 0.9767 0.0217
vn 0.0796 0.9854 -0.1509
vn 0.2132 0.9760 0.0435
vn 0.2266 0.9725 0.0545
vn 0.2502 0.9678 -0.0265
vn 0.2798 0.9599 0.0160
vn 0.2331 0.9708 0.0575
vn 0.4338 0.8958 -0.0970
vn 0.4569 0.8893 0.0185
vn 0.4336 0.9011 -0.0098
vn 0.3040 0.9522 -0.0317
vn 0.2405 0.9695 0.0469
vn 0.2650 0.9625 0.0573
vn 0.2630 0.9636 0.0471
vn 0.2251 0.9712 0.0786
vn 0.2671 0.9632 0.0310
vn 0.3762 0.9175 0.1291
vn 0.3389 0.8941 0.2928
vn 0.1704 0.9795 0.1070
vn 0.2571 0.9664 -0.0060
vn 0.1071 0.9930 0.0501
vn 0.2405 0.9706 -0.0126
vn 0.0896 0.9947 0.0501
vn 0.2359 0.9697 0.0638
vn 0.1075 0.9772 0.1830
vn 0.2417 0.9472 0.2106
vn 0.1296 0.9232 0.3619
vn 0.2381 0.8924 0.3834
vn 0.1438 0.8700 0.4716
vn 0.2273 0.8402 0.4923
vn 0.1504 0.8444 0.5142
vn 0.2248 0.8165 0.5318
vn 0.1523 0.8433 0.5154
vn 0.2278 0.8190 0.5266
vn 0.1473 0.8534 0.4999
vn 0.2301 0.8354 0.4992
vn 0.1314 0.8703 0.4747
vn 0.2267 0.8593 0.4585
vn 0.1039 0.8892 0.4455
vn 0.2151 0.8837 0.4157
vn 0.0691 0.8985 0.4335
vn 0.1952 0.8958 0.3993
vn 0.0356 0.8891 0.4563
vn 0.1691 0.8859 0.4320
vn 0.0106 0.8718 0.4898
vn 0.1416 0.8661 0.4794
vn -0.0059 0.8629 0.5053
vn 0.1173 0.8567 0.5023
vn -0.0187 0.8601 0.5097
vn 0.0952 0.8542 0.5111
vn -0.0299 0.8555 0.5169
vn 0.0736 0.8475 0.5257
vn -0.0380 0.8490 0.5270
vn 0.0545 0.8363 0.5456
vn -0.0418 0.8429 0.5365
vn 0.0403 0.8235 0.5658
vn -0.0408 0.8370 0.5457
vn 0.0315 0.8093 0.5865
vn -0.0354 0.8296 0.5573
vn 0.0276 0.7916 0.6104
vn -0.0276 0.8151 0.5787
vn 0.0246 0.7655 0.6429
vn -0.2019 0.7381 0.6438
vn -0.2016 0.6918 0.6933
vn -0.2076 0.7782 0.5927
vn -0.2244 0.7325 0.6428
vn -0.2047 0.8034 0.5591
vn -0.2372 0.7627 0.6017
vn -0.2043 0.8187 0.5367
vn -0.2458 0.7849 0.5687
vn -0.2059 0.8248 0.5266
vn -0.2474 0.7980 0.5495
vn -0.2057 0.8234 0.5288
vn -0.2413 0.8017 0.5469
vn -0.2030 0.8206 0.5342
vn -0.2337 0.8025 0.5490
vn -0.1998 0.8198 0.5366
vn -0.2307 0.8047 0.5469
vn -0.1969 0.8200 0.5374
vn -0.2328 0.8061 0.5441
vn -0.1944 0.8198 0.5386
vn -0.2371 0.8048 0.5442
vn -0.1923 0.8191 0.5404
vn -0.2415 0.8022 0.5460
vn -0.1905 0.8176 0.5433
vn -0.2457 0.7992 0.5485
vn -0.1892 0.8149 0.5479
vn -0.2499 0.7956 0.5519
vn -0.1891 0.8108 0.5539
vn -0.2546 0.7913 0.5559
vn -0.1912 0.8070 0.5588
vn -0.2605 0.7877 0.5583
vn -0.1966 0.8055 0.5590
vn -0.2683 0.7868 0.5558
vn -0.2066 0.8104 0.5483
vn -0.2787 0.7921 0.5430
vn -0.2222 0.8271 0.5163
vn -0.2928 0.8082 0.5110
vn -0.2443 0.8668 0.4347
vn -0.3122 0.8427 0.4387
vn -0.2658 0.9233 0.2775
vn -0.3307 0.8920 0.3080
vn -0.2673 0.9588 0.0959
vn -0.3304 0.9307 0.1572
vn -0.2462 0.9687 -0.0323
vn -0.3058 0.9511 0.0424
vn -0.2299 0.9705 -0.0724
vn -0.2713 0.9620 -0.0310
vn -0.2606 0.9639 -0.0543
vn -0.2443 0.9658 -0.0865
vn -0.2245 0.9615 -0.1588
vn -0.3361 0.9283 -0.1588
vn -0.3186 0.9426 -0.0998
vn -0.2250 0.9657 -0.1293
vn -0.5193 0.8429 -0.1411
vn -0.5177 0.8442 -0.1389
vn -0.5228 0.8329 -0.1815
vn -0.2833 0.9456 -0.1600
vn -0.2252 0.9663 -0.1244
vn -0.2145 0.9755 -0.0498
vn -0.2856 0.9564 -0.0605
vn -0.3385 0.9157 -0.2168
vn -0.2102 0.9760 -0.0565
vn -0.5499 0.8294 -0.0980
vn -0.5344 0.7681 -0.3528
vn -0.2619 0.9610 -0.0887
vn -0.1988 0.9797 0.0264
vn -0.1867 0.9824 0.0066
vn -0.1980 0.9786 0.0557
vn -0.1574 0.9875 -0.0021
vn -0.2074 0.9781 0.0151
vn -0.1461 0.9874 -0.0607
vn -0.2245 0.9712 -0.0798
vn -0.1484 0.9722 -0.1809
vn -0.2405 0.9452 -0.2207
vn -0.1544 0.9422 -0.2973
vn -0.2493 0.9018 -0.3529
vn -0.1628 0.9126 -0.3751
vn -0.2534 0.8634 -0.4362
vn -0.1736 0.8874 -0.4271
vn -0.2554 0.8346 -0.4880
vn -0.1876 0.8625 -0.4701
vn -0.2563 0.8087 -0.5294
vn -0.2043 0.8397 -0.5032
vn -0.2583 0.7880 -0.5589
vn -0.2210 0.8227 -0.5238
vn -0.2643 0.7766 -0.5719
vn -0.2347 0.8131 -0.5326
vn -0.2740 0.7723 -0.5731
vn -0.2461 0.8096 -0.5329
vn -0.2859 0.7697 -0.5709
vn -0.2563 0.7994 -0.5434
vn -0.2971 0.7597 -0.5785
vn -0.2632 0.7690 -0.5826
vn -0.3034 0.7336 -0.6081
vn -0.2634 0.7204 -0.6415
vn -0.3019 0.6939 -0.6537
vn -0.2557 0.6632 -0.7034
vn -0.2920 0.6480 -0.7035
vn -0.2424 0.6099 -0.7545
vn -0.2760 0.6031 -0.7484
vn -0.2288 0.5719 -0.7878
vn -0.2587 0.5655 -0.7831
vn -0.2185 0.5461 -0.8087
vn -0.2438 0.5336 -0.8098
vn -0.2120 0.5246 -0.8245
vn -0.2324 0.5024 -0.8328
vn -0.2081 0.4992 -0.8411
vn -0.2228 0.4656 -0.8565
vn 0.0052 -0.7816 -0.6238
vn -0.0019 -0.6921 -0.7218
vn -0.0696 -0.7169 -0.6937
vn -0.0614 -0.5936 -0.8024
vn -0.0586 -0.4576 -0.8872
vn -0.0143 -0.5846 -0.8112
vn -0.1555 -0.6223 -0.7672
vn -0.1175 -0.4817 -0.8684
vn -0.2527 -0.4828 -0.8385
vn -0.1802 -0.3490 -0.9196
vn -0.1216 -0.2315 -0.9652
vn -0.0899 -0.3426 -0.9352
vn -0.3188 -0.3498 -0.8809
vn -0.2301 -0.2410 -0.9429
vn -0.3310 -0.3076 -0.8921
vn -0.2506 -0.2150 -0.9439
vn -0.1626 -0.1341 -0.9775
vn -0.1483 -0.1530 -0.9770
vn -0.3157 -0.3232 -0.8921
vn -0.2515 -0.2308 -0.9399
vn -0.2917 -0.3338 -0.8964
vn -0.2399 -0.2369 -0.9415
vn -0.1682 -0.1485 -0.9745
vn -0.1684 -0.1433 -0.9752
vn -0.2620 -0.3469 -0.9006
vn -0.2162 -0.2467 -0.9447
vn -0.2348 -0.3686 -0.8995
vn -0.1871 -0.2715 -0.9441
vn -0.1457 -0.1882 -0.9713
vn -0.1598 -0.1607 -0.9740
vn -0.2292 -0.3553 -0.9062
vn -0.1665 -0.2671 -0.9492
vn -0.2545 -0.2714 -0.9282
vn -0.1613 -0.2032 -0.9658
vn -0.1222 -0.1436 -0.9821
vn -0.1318 -0.1914 -0.9726
vn -0.2932 -0.1461 -0.9448
vn -0.1658 -0.1142 -0.9795
vn -0.3226 -0.0266 -0.9461
vn -0.1769 -0.0318 -0.9837
vn -0.1150 -0.0267 -0.9930
vn -0.1159 -0.0794 -0.9901
vn -0.3325 0.0634 -0.9410
vn -0.1926 0.0359 -0.9806
vn -0.3307 0.1167 -0.9365
vn -0.2067 0.0835 -0.9748
vn -0.1364 0.0562 -0.9891
vn -0.1232 0.0172 -0.9922
vn -0.3263 0.1477 -0.9336
vn -0.2133 0.1151 -0.9702
vn -0.3214 0.1673 -0.9320
vn -0.2160 0.1334 -0.9672
vn -0.1521 0.1027 -0.9830
vn -0.1452 0.0866 -0.9856
vn -0.3183 0.1696 -0.9327
vn -0.2223 0.1358 -0.9655
vn -0.3209 0.1506 -0.9351
vn -0.2339 0.1211 -0.9647
vn -0.1747 0.0922 -0.9803
vn -0.1619 0.1038 -0.9813
vn -0.3294 0.1283 -0.9354
vn -0.2489 0.1024 -0.9631
vn -0.3395 0.1224 -0.9326
vn -0.2637 0.0958 -0.9598
vn -0.2040 0.0694 -0.9765
vn -0.1895 0.0768 -0.9789
vn -0.3472 0.1331 -0.9283
vn -0.2753 0.1050 -0.9556
vn -0.3500 0.1534 -0.9241
vn -0.2814 0.1263 -0.9512
vn -0.2229 0.0952 -0.9702
vn -0.2155 0.0757 -0.9736
vn -0.3480 0.1740 -0.9212
vn -0.2826 0.1481 -0.9477
vn -0.3459 0.1876 -0.9193
vn -0.2834 0.1608 -0.9454
vn -0.2284 0.1295 -0.9649
vn -0.2263 0.1165 -0.9671
vn -0.3475 0.1931 -0.9176
vn -0.2871 0.1656 -0.9435
vn -0.3535 0.1903 -0.9159
vn -0.2937 0.1657 -0.9414
vn -0.2344 0.1391 -0.9621
vn -0.2311 0.1357 -0.9634
vn -0.3628 0.1807 -0.9142
vn -0.3023 0.1620 -0.9394
vn -0.3739 0.1671 -0.9123
vn -0.3122 0.1564 -0.9371
vn -0.2452 0.1433 -0.9588
vn -0.2390 0.1411 -0.9607
vn -0.3842 0.1541 -0.9103
vn -0.3212 0.1547 -0.9343
vn -0.3887 0.1492 -0.9092
vn -0.3240 0.1643 -0.9317
vn -0.2524 0.1788 -0.9510
vn -0.2514 0.1534 -0.9556
vn -0.3812 0.1633 -0.9100
vn -0.3156 0.1881 -0.9301
vn -0.3600 0.1990 -0.9115
vn -0.2955 0.2227 -0.9290
vn -0.2272 0.2547 -0.9399
vn -0.2442 0.2161 -0.9453
vn -0.3339 0.2358 -0.9127
vn -0.2698 0.2531 -0.9290
vn -0.3108 0.2564 -0.9152
vn -0.2450 0.2667 -0.9321
vn -0.1855 0.2840 -0.9407
vn -0.2066 0.2797 -0.9376
vn -0.2917 0.2595 -0.9207
vn -0.2234 0.2622 -0.9388
vn -0.2771 0.2514 -0.9274
vn -0.2081 0.2457 -0.9468
vn -0.1521 0.2428 -0.9581
vn -0.1657 0.2697 -0.9486
vn -0.2615 0.2587 -0.9299
vn -0.1961 0.2434 -0.9499
vn -0.2362 0.3033 -0.9231
vn -0.1805 0.2797 -0.9430
vn -0.1403 0.2533 -0.9572
vn -0.1452 0.2280 -0.9628
vn -0.2059 0.3622 -0.9091
vn -0.1635 0.3329 -0.9287
vn -0.1839 0.4079 -0.8943
vn -0.1540 0.3733 -0.9148
vn -0.1357 0.3398 -0.9307
vn -0.1357 0.3016 -0.9437
vn -0.1750 0.4393 -0.8811
vn -0.1543 0.3990 -0.9039
vn -0.1776 0.4592 -0.8704
vn -0.1616 0.4152 -0.8953
vn -0.1494 0.3769 -0.9141
vn -0.1409 0.3630 -0.9211
vn -0.1874 0.4709 -0.8621
vn -0.1729 0.4248 -0.8886
vn -0.2004 0.4779 -0.8553
vn -0.1854 0.4308 -0.8832
vn -0.1701 0.3894 -0.9052
vn -0.1595 0.3848 -0.9091
vn -0.2139 0.4819 -0.8497
vn -0.1980 0.4344 -0.8787
vn -0.2259 0.4849 -0.8449
vn -0.2104 0.4376 -0.8742
vn -0.1930 0.3913 -0.8998
vn -0.1811 0.3911 -0.9024
vn -0.2339 0.4905 -0.8395
vn -0.2205 0.4459 -0.8675
vn -0.2046 0.3971 -0.8947
vn -0.0122 -0.8162 -0.5776
vn 0.0031 -0.8260 -0.5637
vn -0.1078 -0.7991 -0.5915
vn -0.0849 -0.7892 -0.6082
vn -0.2252 -0.7446 -0.6284
vn -0.1946 -0.7172 -0.6691
vn -0.3362 -0.6404 -0.6906
vn -0.3110 -0.5890 -0.7459
vn -0.3921 -0.5298 -0.7520
vn -0.3766 -0.4552 -0.8069
vn -0.3903 -0.4747 -0.7889
vn -0.3759 -0.3984 -0.8366
vn -0.3688 -0.4689 -0.8026
vn -0.3489 -0.4028 -0.8462
vn -0.3540 -0.4768 -0.8046
vn -0.3229 -0.4145 -0.8509
vn -0.3532 -0.4882 -0.7981
vn -0.3026 -0.4298 -0.8507
vn -0.3760 -0.4940 -0.7839
vn -0.2965 -0.4474 -0.8437
vn -0.4370 -0.4566 -0.7749
vn -0.3254 -0.4248 -0.8448
vn -0.5272 -0.3347 -0.7811
vn -0.3957 -0.3185 -0.8614
vn -0.5992 -0.1599 -0.7845
vn -0.4685 -0.1586 -0.8691
vn -0.6313 -0.0096 -0.7755
vn -0.5062 -0.0156 -0.8623
vn -0.6322 0.0887 -0.7697
vn -0.5048 0.0830 -0.8592
vn -0.6155 0.1498 -0.7738
vn -0.4843 0.1406 -0.8635
vn -0.5956 0.1892 -0.7807
vn -0.4663 0.1750 -0.8671
vn -0.5754 0.2081 -0.7909
vn -0.4524 0.1953 -0.8702
vn -0.5539 0.2037 -0.8073
vn -0.4382 0.1948 -0.8775
vn -0.5366 0.1806 -0.8243
vn -0.4283 0.1722 -0.8871
vn -0.5275 0.1603 -0.8343
vn -0.4266 0.1487 -0.8922
vn -0.5236 0.1609 -0.8367
vn -0.4289 0.1450 -0.8916
vn -0.5200 0.1752 -0.8360
vn -0.4306 0.1572 -0.8887
vn -0.5139 0.1914 -0.8362
vn -0.4288 0.1756 -0.8862
vn -0.5037 0.2061 -0.8389
vn -0.4228 0.1940 -0.8852
vn -0.4905 0.2175 -0.8439
vn -0.4155 0.2076 -0.8856
vn -0.4781 0.2213 -0.8500
vn -0.4109 0.2128 -0.8865
vn -0.4707 0.2142 -0.8559
vn -0.4112 0.2072 -0.8877
vn -0.4703 0.1989 -0.8598
vn -0.4163 0.1932 -0.8884
vn -0.4760 0.1784 -0.8611
vn -0.4250 0.1744 -0.8882
vn -0.4867 0.1542 -0.8599
vn -0.4353 0.1538 -0.8870
vn -0.4993 0.1321 -0.8563
vn -0.4432 0.1379 -0.8857
vn -0.5057 0.1342 -0.8522
vn -0.4413 0.1446 -0.8857
vn -0.4976 0.1728 -0.8500
vn -0.4251 0.1822 -0.8866
vn -0.4796 0.2203 -0.8494
vn -0.4025 0.2255 -0.8872
vn -0.4608 0.2503 -0.8515
vn -0.3825 0.2518 -0.8890
vn -0.4435 0.2626 -0.8569
vn -0.3653 0.2604 -0.8937
vn -0.4283 0.2660 -0.8636
vn -0.3511 0.2586 -0.8999
vn -0.4085 0.2862 -0.8668
vn -0.3328 0.2727 -0.9027
vn -0.3733 0.3426 -0.8621
vn -0.3009 0.3234 -0.8971
vn -0.3259 0.4164 -0.8488
vn -0.2603 0.3888 -0.8838
vn -0.2798 0.4842 -0.8290
vn -0.2257 0.4439 -0.8672
vn -0.2463 0.5350 -0.8081
vn -0.2052 0.4841 -0.8506
vn -0.2304 0.5630 -0.7937
vn -0.1996 0.5084 -0.8376
vn -0.2277 0.5744 -0.7862
vn -0.2047 0.5213 -0.8285
vn -0.2330 0.5779 -0.7822
vn -0.2156 0.5277 -0.8216
vn -0.2431 0.5773 -0.7795
vn -0.2286 0.5302 -0.8165
vn -0.2542 0.5747 -0.7779
vn -0.2403 0.5307 -0.8128
vn -0.2617 0.5702 -0.7787
vn -0.2472 0.5310 -0.8105
vn -0.0780 -0.7441 -0.6635
vn -0.0411 -0.7780 -0.6270
vn -0.1717 -0.7574 -0.6300
vn -0.1382 -0.7779 -0.6130
vn -0.2685 -0.7267 -0.6323
vn -0.2491 -0.7366 -0.6288
vn -0.3440 -0.6637 -0.6643
vn -0.3420 -0.6561 -0.6727
vn -0.3858 -0.6010 -0.7000
vn -0.3884 -0.5740 -0.7209
vn -0.4033 -0.5635 -0.7210
vn -0.3947 -0.5288 -0.7514
vn -0.4159 -0.5485 -0.7254
vn -0.3892 -0.5177 -0.7619
vn -0.4399 -0.5404 -0.7172
vn -0.3932 -0.5192 -0.7588
vn -0.4844 -0.5275 -0.6979
vn -0.4159 -0.5207 -0.7456
vn -0.5535 -0.4969 -0.6684
vn -0.4655 -0.5090 -0.7240
vn -0.6391 -0.4375 -0.6325
vn -0.5436 -0.4583 -0.7032
vn -0.7215 -0.3379 -0.6044
vn -0.6290 -0.3419 -0.6982
vn -0.7812 -0.1866 -0.5958
vn -0.6875 -0.1734 -0.7052
vn -0.8033 -0.0128 -0.5954
vn -0.7111 -0.0114 -0.7030
vn -0.8017 0.1119 -0.5872
vn -0.7177 0.0961 -0.6897
vn -0.7971 0.1684 -0.5799
vn -0.7146 0.1574 -0.6816
vn -0.7861 0.1906 -0.5880
vn -0.7010 0.1930 -0.6865
vn -0.7669 0.1962 -0.6110
vn -0.6797 0.2067 -0.7038
vn -0.7450 0.1883 -0.6399
vn -0.6561 0.1997 -0.7277
vn -0.7268 0.1722 -0.6649
vn -0.6370 0.1792 -0.7497
vn -0.7147 0.1637 -0.6801
vn -0.6252 0.1645 -0.7629
vn -0.7049 0.1742 -0.6875
vn -0.6174 0.1705 -0.7680
vn -0.6945 0.1913 -0.6936
vn -0.6097 0.1867 -0.7703
vn -0.6828 0.2010 -0.7024
vn -0.6003 0.1999 -0.7744
vn -0.6683 0.2056 -0.7149
vn -0.5870 0.2097 -0.7820
vn -0.6503 0.2094 -0.7303
vn -0.5695 0.2172 -0.7927
vn -0.6310 0.2103 -0.7467
vn -0.5513 0.2192 -0.8050
vn -0.6146 0.2057 -0.7616
vn -0.5375 0.2128 -0.8159
vn -0.6044 0.1953 -0.7724
vn -0.5316 0.1994 -0.8232
vn -0.6023 0.1792 -0.7779
vn -0.5340 0.1802 -0.8260
vn -0.6092 0.1587 -0.7770
vn -0.5443 0.1563 -0.8242
vn -0.6240 0.1393 -0.7689
vn -0.5602 0.1332 -0.8175
vn -0.6396 0.1403 -0.7558
vn -0.5737 0.1333 -0.8082
vn -0.6450 0.1743 -0.7440
vn -0.5736 0.1705 -0.8012
vn -0.6387 0.2174 -0.7381
vn -0.5608 0.2178 -0.7988
vn -0.6267 0.2465 -0.7392
vn -0.5437 0.2487 -0.8015
vn -0.6117 0.2635 -0.7459
vn -0.5261 0.2639 -0.8084
vn -0.5948 0.2787 -0.7540
vn -0.5094 0.2730 -0.8161
vn -0.5716 0.3144 -0.7579
vn -0.4882 0.3001 -0.8195
vn -0.5341 0.3890 -0.7506
vn -0.4521 0.3640 -0.8143
vn -0.4809 0.4871 -0.7290
vn -0.4011 0.4488 -0.7986
vn -0.4171 0.5813 -0.6986
vn -0.3451 0.5309 -0.7740
vn -0.3567 0.6455 -0.6753
vn -0.2978 0.5910 -0.7497
vn -0.3161 0.6687 -0.6730
vn -0.2698 0.6189 -0.7377
vn -0.2918 0.6679 -0.6847
vn -0.2569 0.6253 -0.7369
vn -0.2769 0.6632 -0.6954
vn -0.2534 0.6242 -0.7390
vn -0.2729 0.6596 -0.7003
vn -0.2579 0.6210 -0.7402
vn -0.2792 0.6557 -0.7015
vn -0.2673 0.6165 -0.7405
vn -0.2894 0.6505 -0.7022
vn -0.2765 0.6099 -0.7427
vn -0.1339 -0.7914 -0.5965
vn -0.1124 -0.7492 -0.6527
vn -0.2147 -0.7631 -0.6095
vn -0.1996 -0.7524 -0.6278
vn -0.2934 -0.7146 -0.6350
vn -0.2826 -0.7197 -0.6342
vn -0.3558 -0.6665 -0.6551
vn -0.3468 -0.6669 -0.6595
vn -0.4015 -0.6248 -0.6697
vn -0.3895 -0.6159 -0.6848
vn -0.4371 -0.5902 -0.6787
vn -0.4179 -0.5813 -0.6982
vn -0.4751 -0.5586 -0.6799
vn -0.4455 -0.5600 -0.6986
vn -0.5328 -0.5175 -0.6696
vn -0.4873 -0.5385 -0.6874
vn -0.6125 -0.4676 -0.6373
vn -0.5502 -0.5088 -0.6622
vn -0.7012 -0.4095 -0.5836
vn -0.6318 -0.4617 -0.6225
vn -0.7854 -0.3355 -0.5202
vn -0.7201 -0.3935 -0.5715
vn -0.8586 -0.2412 -0.4524
vn -0.8019 -0.3011 -0.5161
vn -0.9124 -0.1161 -0.3924
vn -0.8639 -0.1634 -0.4765
vn -0.9317 0.0278 -0.3623
vn -0.8859 0.0041 -0.4639
vn -0.9239 0.1307 -0.3596
vn -0.8762 0.1266 -0.4650
vn -0.9128 0.1675 -0.3725
vn -0.8646 0.1735 -0.4716
vn -0.9032 0.1689 -0.3945
vn -0.8532 0.1823 -0.4888
vn -0.8917 0.1631 -0.4222
vn -0.8373 0.1806 -0.5160
vn -0.8785 0.1558 -0.4517
vn -0.8192 0.1728 -0.5468
vn -0.8663 0.1497 -0.4766
vn -0.8036 0.1618 -0.5727
vn -0.8565 0.1518 -0.4933
vn -0.7924 0.1591 -0.5889
vn -0.8464 0.1658 -0.5062
vn -0.7821 0.1725 -0.5988
vn -0.8341 0.1800 -0.5214
vn -0.7701 0.1889 -0.6093
vn -0.8213 0.1836 -0.5402
vn -0.7573 0.1952 -0.6232
vn -0.8079 0.1819 -0.5606
vn -0.7431 0.1958 -0.6399
vn -0.7930 0.1820 -0.5814
vn -0.7266 0.1972 -0.6582
vn -0.7771 0.1818 -0.6025
vn -0.7091 0.1975 -0.6768
vn -0.7616 0.1778 -0.6231
vn -0.6929 0.1939 -0.6945
vn -0.7477 0.1702 -0.6419
vn -0.6801 0.1856 -0.7093
vn -0.7366 0.1606 -0.6570
vn -0.6729 0.1730 -0.7192
vn -0.7307 0.1536 -0.6651
vn -0.6737 0.1584 -0.7219
vn -0.7339 0.1547 -0.6614
vn -0.6834 0.1471 -0.7151
vn -0.7456 0.1686 -0.6447
vn -0.6977 0.1526 -0.7000
vn -0.7567 0.1958 -0.6237
vn -0.7066 0.1831 -0.6835
vn -0.7608 0.2243 -0.6090
vn -0.7065 0.2198 -0.6727
vn -0.7592 0.2440 -0.6034
vn -0.7007 0.2448 -0.6701
vn -0.7533 0.2594 -0.6043
vn -0.6906 0.2618 -0.6742
vn -0.7414 0.2811 -0.6094
vn -0.6755 0.2816 -0.6815
vn -0.7163 0.3323 -0.6136
vn -0.6507 0.3261 -0.6857
vn -0.6681 0.4309 -0.6067
vn -0.6090 0.4134 -0.6770
vn -0.5991 0.5482 -0.5836
vn -0.5502 0.5233 -0.6507
vn -0.5232 0.6429 -0.5595
vn -0.4800 0.6219 -0.6187
vn -0.4532 0.6973 -0.5553
vn -0.4117 0.6837 -0.6025
vn -0.4018 0.7128 -0.5749
vn -0.3628 0.7016 -0.6134
vn -0.3634 0.7121 -0.6007
vn -0.3292 0.6972 -0.6368
vn -0.3284 0.7148 -0.6174
vn -0.3027 0.6934 -0.6539
vn -0.3039 0.7186 -0.6255
vn -0.2883 0.6925 -0.6613
vn -0.2972 0.7188 -0.6285
vn -0.2890 0.6905 -0.6631
vn -0.3020 0.7207 -0.6240
vn -0.2982 0.6887 -0.6609
vn -0.1234 -0.8993 -0.4195
vn -0.1364 -0.8423 -0.5214
vn -0.2186 -0.8293 -0.5144
vn -0.2178 -0.7861 -0.5784
vn -0.3403 -0.7578 -0.5568
vn -0.3091 -0.7210 -0.6201
vn -0.4314 -0.7230 -0.5396
vn -0.3806 -0.6784 -0.6284
vn -0.4933 -0.7018 -0.5140
vn -0.4323 -0.6478 -0.6272
vn -0.5463 -0.6711 -0.5012
vn -0.4750 -0.6153 -0.6291
vn -0.6141 -0.6166 -0.4926
vn -0.5251 -0.5726 -0.6296
vn -0.7131 -0.5144 -0.4763
vn -0.6026 -0.5037 -0.6190
vn -0.8096 -0.3931 -0.4359
vn -0.6964 -0.4234 -0.5794
vn -0.8769 -0.3031 -0.3731
vn -0.7821 -0.3533 -0.5134
vn -0.9236 -0.2283 -0.3079
vn -0.8524 -0.2788 -0.4423
vn -0.9570 -0.1398 -0.2541
vn -0.9080 -0.1844 -0.3763
vn -0.9756 -0.0422 -0.2155
vn -0.9451 -0.0727 -0.3186
vn -0.9797 0.0518 -0.1939
vn -0.9584 0.0433 -0.2820
vn -0.9744 0.1178 -0.1912
vn -0.9536 0.1261 -0.2732
vn -0.9687 0.1413 -0.2043
vn -0.9458 0.1552 -0.2852
vn -0.9645 0.1395 -0.2244
vn -0.9393 0.1539 -0.3067
vn -0.9602 0.1315 -0.2465
vn -0.9319 0.1464 -0.3318
vn -0.9548 0.1251 -0.2695
vn -0.9232 0.1396 -0.3581
vn -0.9488 0.1246 -0.2902
vn -0.9143 0.1371 -0.3811
vn -0.9426 0.1305 -0.3075
vn -0.9062 0.1420 -0.3982
vn -0.9351 0.1404 -0.3253
vn -0.8971 0.1547 -0.4140
vn -0.9259 0.1481 -0.3476
vn -0.8858 0.1658 -0.4335
vn -0.9160 0.1486 -0.3728
vn -0.8739 0.1675 -0.4562
vn -0.9057 0.1455 -0.3983
vn -0.8619 0.1649 -0.4795
vn -0.8942 0.1436 -0.4240
vn -0.8486 0.1641 -0.5030
vn -0.8816 0.1414 -0.4504
vn -0.8341 0.1629 -0.5270
vn -0.8689 0.1368 -0.4757
vn -0.8197 0.1583 -0.5504
vn -0.8577 0.1308 -0.4973
vn -0.8063 0.1510 -0.5719
vn -0.8492 0.1269 -0.5126
vn -0.7947 0.1436 -0.5898
vn -0.8435 0.1354 -0.5197
vn -0.7862 0.1447 -0.6008
vn -0.8396 0.1628 -0.5182
vn -0.7842 0.1607 -0.5994
vn -0.8380 0.1946 -0.5099
vn -0.7906 0.1851 -0.5837
vn -0.8385 0.2158 -0.5004
vn -0.7994 0.2090 -0.5633
vn -0.8382 0.2293 -0.4948
vn -0.8036 0.2287 -0.5494
vn -0.8364 0.2418 -0.4919
vn -0.8033 0.2434 -0.5436
vn -0.8341 0.2558 -0.4887
vn -0.8001 0.2574 -0.5418
vn -0.8287 0.2764 -0.4867
vn -0.7919 0.2789 -0.5433
vn -0.8077 0.3290 -0.4893
vn -0.7682 0.3329 -0.5468
vn -0.7506 0.4360 -0.4964
vn -0.7141 0.4386 -0.5456
vn -0.6612 0.5575 -0.5019
vn -0.6336 0.5594 -0.5344
vn -0.5769 0.6386 -0.5093
vn -0.5529 0.6468 -0.5253
vn -0.5105 0.6797 -0.5267
vn -0.4845 0.6932 -0.5336
vn -0.4564 0.7019 -0.5468
vn -0.4323 0.7102 -0.5557
vn -0.4121 0.7183 -0.5606
vn -0.3910 0.7176 -0.5764
vn -0.3714 0.7317 -0.5716
vn -0.3513 0.7274 -0.5894
vn -0.3352 0.7376 -0.5861
vn -0.3193 0.7342 -0.5992
vn -0.3102 0.7394 -0.5976
vn -0.3038 0.7357 -0.6054
vn -0.2971 0.7475 -0.5942
vn -0.3010 0.7409 -0.6003
vn -0.0896 -0.9960 0.0075
vn -0.1065 -0.9641 -0.2431
vn -0.2217 -0.9731 -0.0621
vn -0.2280 -0.9083 -0.3507
vn -0.3890 -0.9149 -0.1076
vn -0.3829 -0.8392 -0.3862
vn -0.5101 -0.8499 -0.1322
vn -0.4907 -0.7925 -0.3621
vn -0.5900 -0.7961 -0.1347
vn -0.5585 -0.7614 -0.3291
vn -0.6625 -0.7404 -0.1134
vn -0.6202 -0.7227 -0.3050
vn -0.7478 -0.6590 -0.0805
vn -0.7015 -0.6540 -0.2830
vn -0.8491 -0.5252 -0.0569
vn -0.8095 -0.5257 -0.2613
vn -0.9271 -0.3708 -0.0552
vn -0.8971 -0.3738 -0.2355
vn -0.9650 -0.2541 -0.0655
vn -0.9429 -0.2647 -0.2019
vn -0.9826 -0.1717 -0.0710
vn -0.9682 -0.1880 -0.1650
vn -0.9928 -0.0979 -0.0690
vn -0.9848 -0.1099 -0.1349
vn -0.9977 -0.0239 -0.0642
vn -0.9926 -0.0275 -0.1185
vn -0.9970 0.0474 -0.0606
vn -0.9922 0.0513 -0.1140
vn -0.9932 0.0980 -0.0622
vn -0.9871 0.1072 -0.1189
vn -0.9906 0.1174 -0.0702
vn -0.9830 0.1279 -0.1320
vn -0.9898 0.1172 -0.0814
vn -0.9807 0.1268 -0.1491
vn -0.9895 0.1106 -0.0929
vn -0.9787 0.1193 -0.1671
vn -0.9890 0.1042 -0.1050
vn -0.9761 0.1129 -0.1855
vn -0.9876 0.1031 -0.1182
vn -0.9726 0.1129 -0.2034
vn -0.9854 0.1057 -0.1332
vn -0.9683 0.1180 -0.2202
vn -0.9826 0.1088 -0.1504
vn -0.9630 0.1246 -0.2389
vn -0.9793 0.1091 -0.1704
vn -0.9566 0.1287 -0.2615
vn -0.9752 0.1045 -0.1952
vn -0.9493 0.1275 -0.2874
vn -0.9692 0.0981 -0.2260
vn -0.9409 0.1237 -0.3153
vn -0.9609 0.0940 -0.2603
vn -0.9311 0.1206 -0.3443
vn -0.9516 0.0922 -0.2933
vn -0.9202 0.1178 -0.3733
vn -0.9427 0.0920 -0.3209
vn -0.9095 0.1144 -0.3996
vn -0.9354 0.0953 -0.3405
vn -0.9007 0.1122 -0.4197
vn -0.9305 0.1050 -0.3510
vn -0.8953 0.1146 -0.4304
vn -0.9264 0.1239 -0.3556
vn -0.8924 0.1292 -0.4324
vn -0.9197 0.1520 -0.3619
vn -0.8875 0.1599 -0.4322
vn -0.9096 0.1796 -0.3747
vn -0.8796 0.1920 -0.4352
vn -0.8990 0.1980 -0.3907
vn -0.8722 0.2115 -0.4411
vn -0.8895 0.2119 -0.4047
vn -0.8662 0.2237 -0.4469
vn -0.8809 0.2285 -0.4144
vn -0.8610 0.2371 -0.4500
vn -0.8726 0.2472 -0.4212
vn -0.8567 0.2530 -0.4495
vn -0.8622 0.2678 -0.4299
vn -0.8508 0.2731 -0.4490
vn -0.8398 0.3101 -0.4457
vn -0.8312 0.3208 -0.4541
vn -0.7855 0.4033 -0.4694
vn -0.7746 0.4237 -0.4696
vn -0.6996 0.5160 -0.4943
vn -0.6830 0.5432 -0.4884
vn -0.6164 0.5938 -0.5172
vn -0.5979 0.6205 -0.5074
vn -0.5508 0.6413 -0.5343
vn -0.5327 0.6613 -0.5280
vn -0.4918 0.6825 -0.5406
vn -0.4759 0.6921 -0.5426
vn -0.4425 0.7142 -0.5423
vn -0.4287 0.7169 -0.5497
vn -0.4066 0.7297 -0.5497
vn -0.3900 0.7313 -0.5596
vn -0.3738 0.7354 -0.5652
vn -0.3538 0.7358 -0.5775
vn -0.3366 0.7398 -0.5825
vn -0.3204 0.7383 -0.5935
vn -0.2990 0.7500 -0.5900
vn -0.2948 0.7481 -0.5945
vn -0.0702 -0.9703 0.2316
vn -0.0742 -0.9800 0.1849
vn -0.1474 -0.9567 0.2511
vn -0.1812 -0.9678 0.1747
vn -0.2653 -0.9397 0.2157
vn -0.3329 -0.9344 0.1267
vn -0.4129 -0.8998 0.1411
vn -0.4731 -0.8795 0.0519
vn -0.5630 -0.8213 0.0921
vn -0.5858 -0.8104 0.0089
vn -0.6818 -0.7255 0.0942
vn -0.6783 -0.7345 0.0206
vn -0.7688 -0.6277 0.1222
vn -0.7629 -0.6439 0.0572
vn -0.8404 -0.5235 0.1404
vn -0.8489 -0.5225 0.0800
vn -0.8989 -0.4202 0.1240
vn -0.9186 -0.3897 0.0652
vn -0.9431 -0.3238 0.0753
vn -0.9603 -0.2782 0.0230
vn -0.9750 -0.2211 0.0214
vn -0.9824 -0.1858 -0.0178
vn -0.9945 -0.1049 -0.0037
vn -0.9944 -0.0993 -0.0362
vn -1.0000 -0.0027 0.0079
vn -0.9994 -0.0188 -0.0307
vn -0.9976 0.0623 0.0316
vn -0.9986 0.0494 -0.0167
vn -0.9946 0.0942 0.0443
vn -0.9956 0.0937 -0.0096
vn -0.9934 0.1054 0.0444
vn -0.9938 0.1104 -0.0118
vn -0.9936 0.1060 0.0401
vn -0.9937 0.1108 -0.0178
vn -0.9941 0.1027 0.0362
vn -0.9941 0.1055 -0.0239
vn -0.9946 0.0982 0.0336
vn -0.9946 0.0996 -0.0297
vn -0.9950 0.0943 0.0320
vn -0.9947 0.0965 -0.0366
vn -0.9954 0.0911 0.0304
vn -0.9944 0.0957 -0.0458
vn -0.9958 0.0872 0.0290
vn -0.9938 0.0952 -0.0568
vn -0.9968 0.0764 0.0255
vn -0.9934 0.0906 -0.0700
vn -0.9984 0.0555 0.0126
vn -0.9927 0.0793 -0.0908
vn -0.9993 0.0356 -0.0149
vn -0.9901 0.0676 -0.1231
vn -0.9982 0.0277 -0.0527
vn -0.9848 0.0624 -0.1623
vn -0.9952 0.0303 -0.0927
vn -0.9777 0.0631 -0.2002
vn -0.9907 0.0393 -0.1304
vn -0.9704 0.0678 -0.2318
vn -0.9850 0.0532 -0.1644
vn -0.9637 0.0771 -0.2557
vn -0.9780 0.0709 -0.1964
vn -0.9574 0.0923 -0.2738
vn -0.9691 0.0933 -0.2283
vn -0.9504 0.1133 -0.2896
vn -0.9585 0.1199 -0.2586
vn -0.9415 0.1388 -0.3070
vn -0.9476 0.1446 -0.2847
vn -0.9310 0.1628 -0.3268
vn -0.9377 0.1626 -0.3071
vn -0.9203 0.1805 -0.3471
vn -0.9272 0.1813 -0.3279
vn -0.9098 0.1970 -0.3653
vn -0.9147 0.2072 -0.3470
vn -0.8990 0.2178 -0.3801
vn -0.9024 0.2325 -0.3627
vn -0.8877 0.2399 -0.3931
vn -0.8907 0.2515 -0.3786
vn -0.8742 0.2606 -0.4096
vn -0.8698 0.2835 -0.4038
vn -0.8492 0.2988 -0.4354
vn -0.8252 0.3468 -0.4458
vn -0.7980 0.3784 -0.4691
vn -0.7505 0.4328 -0.4995
vn -0.7189 0.4785 -0.5042
vn -0.6597 0.5198 -0.5429
vn -0.6347 0.5598 -0.5327
vn -0.5767 0.5929 -0.5621
vn -0.5639 0.6190 -0.5467
vn -0.5094 0.6507 -0.5632
vn -0.5026 0.6697 -0.5468
vn -0.4578 0.6917 -0.5586
vn -0.4525 0.7064 -0.5442
vn -0.4231 0.7169 -0.5541
vn -0.4182 0.7253 -0.5468
vn -0.3985 0.7332 -0.5511
vn -0.3900 0.7351 -0.5546
vn -0.3715 0.7449 -0.5542
vn -0.3556 0.7424 -0.5678
vn -0.3252 0.7654 -0.5554
vn -0.3106 0.7552 -0.5772
vn -0.0846 -0.9717 0.2207
vn -0.0752 -0.9713 0.2255
vn -0.1241 -0.9567 0.2633
vn -0.1289 -0.9573 0.2588
vn -0.1879 -0.9404 0.2835
vn -0.2156 -0.9450 0.2461
vn -0.3104 -0.9066 0.2857
vn -0.3574 -0.9113 0.2046
vn -0.4798 -0.8351 0.2690
vn -0.5298 -0.8310 0.1697
vn -0.6373 -0.7333 0.2370
vn -0.6718 -0.7240 0.1563
vn -0.7523 -0.6243 0.2104
vn -0.7683 -0.6196 0.1608
vn -0.8247 -0.5294 0.1990
vn -0.8338 -0.5260 0.1675
vn -0.8686 -0.4560 0.1940
vn -0.8813 -0.4456 0.1572
vn -0.9029 -0.3878 0.1856
vn -0.9219 -0.3673 0.1235
vn -0.9442 -0.2824 0.1697
vn -0.9624 -0.2595 0.0808
vn -0.9814 -0.1201 0.1501
vn -0.9922 -0.1106 0.0573
vn -0.9907 0.0219 0.1341
vn -0.9978 0.0182 0.0640
vn -0.9888 0.0819 0.1249
vn -0.9936 0.0785 0.0813
vn -0.9884 0.0941 0.1196
vn -0.9913 0.0960 0.0902
vn -0.9889 0.0954 0.1141
vn -0.9909 0.1007 0.0890
vn -0.9898 0.0945 0.1067
vn -0.9914 0.1010 0.0838
vn -0.9908 0.0934 0.0978
vn -0.9920 0.0994 0.0784
vn -0.9917 0.0923 0.0890
vn -0.9925 0.0969 0.0745
vn -0.9925 0.0909 0.0815
vn -0.9929 0.0940 0.0727
vn -0.9931 0.0895 0.0759
vn -0.9932 0.0910 0.0730
vn -0.9937 0.0862 0.0722
vn -0.9934 0.0862 0.0753
vn -0.9949 0.0712 0.0710
vn -0.9945 0.0710 0.0773
vn -0.9965 0.0391 0.0735
vn -0.9965 0.0411 0.0734
vn -0.9970 0.0045 0.0772
vn -0.9982 0.0119 0.0591
vn -0.9971 -0.0177 0.0734
vn -0.9994 -0.0016 0.0340
vn -0.9982 -0.0261 0.0538
vn -1.0000 -0.0014 0.0002
vn -0.9996 -0.0209 0.0196
vn -0.9992 0.0080 -0.0395
vn -0.9998 -0.0062 -0.0204
vn -0.9964 0.0234 -0.0813
vn -0.9982 0.0117 -0.0585
vn -0.9915 0.0414 -0.1231
vn -0.9948 0.0352 -0.0951
vn -0.9842 0.0648 -0.1648
vn -0.9887 0.0675 -0.1337
vn -0.9743 0.0955 -0.2039
vn -0.9799 0.0995 -0.1727
vn -0.9637 0.1245 -0.2363
vn -0.9708 0.1228 -0.2061
vn -0.9542 0.1443 -0.2621
vn -0.9616 0.1446 -0.2333
vn -0.9441 0.1645 -0.2858
vn -0.9498 0.1724 -0.2610
vn -0.9309 0.1935 -0.3098
vn -0.9353 0.2004 -0.2918
vn -0.9172 0.2214 -0.3311
vn -0.9202 0.2230 -0.3217
vn -0.9062 0.2399 -0.3483
vn -0.9053 0.2440 -0.3477
vn -0.8909 0.2632 -0.3701
vn -0.8847 0.2719 -0.3787
vn -0.8580 0.3073 -0.4116
vn -0.8418 0.3324 -0.4252
vn -0.7948 0.3807 -0.4727
vn -0.7610 0.4346 -0.4816
vn -0.7017 0.4769 -0.5293
vn -0.6531 0.5367 -0.5342
vn -0.6029 0.5654 -0.5629
vn -0.5514 0.6116 -0.5673
vn -0.5218 0.6299 -0.5753
vn -0.4745 0.6670 -0.5744
vn -0.4625 0.6760 -0.5737
vn -0.4241 0.7112 -0.5606
vn -0.4234 0.7097 -0.5630
vn -0.3971 0.7443 -0.5370
vn -0.3999 0.7341 -0.5488
vn -0.3831 0.7667 -0.5152
vn -0.3806 0.7512 -0.5392
vn -0.3426 0.8032 -0.4874
vn -0.3368 0.7807 -0.5264
vn -0.0959 -0.9748 0.2016
vn -0.0927 -0.9718 0.2167
vn -0.1366 -0.9625 0.2346
vn -0.1291 -0.9570 0.2597
vn -0.1814 -0.9442 0.2748
vn -0.1792 -0.9364 0.3017
vn -0.2604 -0.9144 0.3101
vn -0.2762 -0.9017 0.3325
vn -0.3817 -0.8671 0.3200
vn -0.4223 -0.8436 0.3316
vn -0.5348 -0.7912 0.2967
vn -0.5838 -0.7567 0.2943
vn -0.6880 -0.6788 0.2565
vn -0.7219 -0.6455 0.2495
vn -0.8010 -0.5554 0.2236
vn -0.8128 -0.5384 0.2226
vn -0.8665 -0.4507 0.2145
vn -0.8635 -0.4547 0.2183
vn -0.9017 -0.3700 0.2237
vn -0.8950 -0.3835 0.2277
vn -0.9315 -0.2841 0.2271
vn -0.9297 -0.2860 0.2321
vn -0.9662 -0.1639 0.1989
vn -0.9674 -0.1377 0.2124
vn -0.9893 -0.0438 0.1390
vn -0.9853 -0.0019 0.1710
vn -0.9963 0.0347 0.0788
vn -0.9891 0.0659 0.1317
vn -0.9964 0.0717 0.0449
vn -0.9903 0.0861 0.1093
vn -0.9958 0.0842 0.0346
vn -0.9910 0.0895 0.0992
vn -0.9958 0.0852 0.0346
vn -0.9918 0.0879 0.0925
vn -0.9960 0.0816 0.0357
vn -0.9927 0.0859 0.0847
vn -0.9965 0.0773 0.0327
vn -0.9936 0.0843 0.0749
vn -0.9968 0.0752 0.0255
vn -0.9945 0.0834 0.0638
vn -0.9970 0.0749 0.0168
vn -0.9951 0.0831 0.0528
vn -0.9972 0.0741 0.0084
vn -0.9958 0.0813 0.0427
vn -0.9977 0.0683 0.0035
vn -0.9968 0.0704 0.0371
vn -0.9986 0.0529 0.0074
vn -0.9981 0.0451 0.0422
vn -0.9995 0.0232 0.0201
vn -0.9983 0.0116 0.0575
vn -0.9993 -0.0193 0.0325
vn -0.9974 -0.0213 0.0691
vn -0.9980 -0.0526 0.0356
vn -0.9971 -0.0428 0.0635
vn -0.9979 -0.0580 0.0273
vn -0.9982 -0.0436 0.0406
vn -0.9990 -0.0421 0.0138
vn -0.9995 -0.0289 0.0116
vn -0.9998 -0.0193 0.0018
vn -0.9999 -0.0092 -0.0136
vn -1.0000 0.0017 -0.0090
vn -0.9992 0.0134 -0.0367
vn -0.9995 0.0196 -0.0265
vn -0.9969 0.0404 -0.0670
vn -0.9977 0.0396 -0.0550
vn -0.9919 0.0691 -0.1067
vn -0.9938 0.0651 -0.0905
vn -0.9846 0.0959 -0.1463
vn -0.9874 0.0923 -0.1284
vn -0.9764 0.1210 -0.1787
vn -0.9790 0.1176 -0.1668
vn -0.9668 0.1457 -0.2097
vn -0.9686 0.1421 -0.2040
vn -0.9538 0.1712 -0.2467
vn -0.9560 0.1684 -0.2404
vn -0.9375 0.1981 -0.2862
vn -0.9414 0.1950 -0.2751
vn -0.9210 0.2231 -0.3194
vn -0.9248 0.2242 -0.3074
vn -0.9052 0.2470 -0.3459
vn -0.9006 0.2788 -0.3334
vn -0.8777 0.2981 -0.3753
vn -0.8579 0.3785 -0.3474
vn -0.8173 0.3964 -0.4182
vn -0.7825 0.5054 -0.3635
vn -0.7189 0.5094 -0.4729
vn -0.6737 0.6261 -0.3925
vn -0.6043 0.6057 -0.5177
vn -0.5568 0.7184 -0.4171
vn -0.5044 0.6786 -0.5340
vn -0.4602 0.7823 -0.4199
vn -0.4340 0.7339 -0.5224
vn -0.4006 0.8254 -0.3977
vn -0.3960 0.7740 -0.4942
vn -0.3754 0.8557 -0.3561
vn -0.3814 0.8013 -0.4610
vn -0.3337 0.8963 -0.2920
vn -0.3427 0.8424 -0.4158
vn -0.0945 -0.9834 0.1547
vn -0.0957 -0.9791 0.1792
vn -0.1446 -0.9751 0.1684
vn -0.1418 -0.9696 0.1992
vn -0.1905 -0.9630 0.1906
vn -0.1862 -0.9558 0.2275
vn -0.2589 -0.9405 0.2202
vn -0.2568 -0.9315 0.2577
vn -0.3556 -0.9008 0.2493
vn -0.3619 -0.8900 0.2774
vn -0.4801 -0.8372 0.2619
vn -0.5012 -0.8205 0.2749
vn -0.6281 -0.7378 0.2471
vn -0.6566 -0.7120 0.2489
vn -0.7719 -0.5978 0.2165
vn -0.7880 -0.5766 0.2159
vn -0.8698 -0.4538 0.1937
vn -0.8706 -0.4498 0.1992
vn -0.9149 -0.3604 0.1819
vn -0.9114 -0.3607 0.1981
vn -0.9392 -0.3029 0.1618
vn -0.9386 -0.2885 0.1890
vn -0.9648 -0.2359 0.1162
vn -0.9689 -0.1971 0.1493
vn -0.9879 -0.1476 0.0479
vn -0.9923 -0.0943 0.0798
vn -0.9988 -0.0471 -0.0165
vn -0.9999 -0.0052 0.0116
vn -0.9979 0.0378 -0.0531
vn -0.9982 0.0543 -0.0258
vn -0.9946 0.0839 -0.0606
vn -0.9961 0.0819 -0.0330
vn -0.9940 0.0967 -0.0510
vn -0.9958 0.0885 -0.0253
vn -0.9952 0.0896 -0.0384
vn -0.9964 0.0834 -0.0154
vn -0.9966 0.0755 -0.0319
vn -0.9971 0.0748 -0.0110
vn -0.9972 0.0672 -0.0323
vn -0.9975 0.0701 -0.0126
vn -0.9972 0.0659 -0.0359
vn -0.9974 0.0694 -0.0167
vn -0.9969 0.0683 -0.0381
vn -0.9974 0.0696 -0.0203
vn -0.9970 0.0689 -0.0365
vn -0.9975 0.0675 -0.0216
vn -0.9976 0.0610 -0.0331
vn -0.9981 0.0580 -0.0194
vn -0.9990 0.0338 -0.0305
vn -0.9994 0.0308 -0.0140
vn -0.9995 -0.0136 -0.0283
vn -0.9998 -0.0161 -0.0072
vn -0.9983 -0.0533 -0.0255
vn -0.9985 -0.0551 -0.0013
vn -0.9978 -0.0623 -0.0228
vn -0.9980 -0.0631 0.0009
vn -0.9987 -0.0464 -0.0203
vn -0.9989 -0.0471 -0.0008
vn -0.9997 -0.0204 -0.0164
vn -0.9997 -0.0222 -0.0033
vn -0.9999 -0.0010 -0.0120
vn -1.0000 -0.0022 -0.0055
vn -0.9999 0.0047 -0.0106
vn -0.9999 0.0084 -0.0110
vn -0.9999 0.0076 -0.0155
vn -0.9995 0.0189 -0.0242
vn -0.9995 0.0179 -0.0275
vn -0.9982 0.0370 -0.0480
vn -0.9982 0.0347 -0.0479
vn -0.9947 0.0607 -0.0832
vn -0.9953 0.0574 -0.0784
vn -0.9884 0.0876 -0.1244
vn -0.9899 0.0837 -0.1147
vn -0.9802 0.1146 -0.1617
vn -0.9823 0.1098 -0.1519
vn -0.9713 0.1384 -0.1932
vn -0.9729 0.1404 -0.1836
vn -0.9603 0.1643 -0.2256
vn -0.9611 0.1919 -0.1988
vn -0.9446 0.2025 -0.2583
vn -0.9394 0.2925 -0.1787
vn -0.9216 0.2762 -0.2728
vn -0.8986 0.4198 -0.1272
vn -0.8857 0.3926 -0.2479
vn -0.8384 0.5390 -0.0809
vn -0.8242 0.5240 -0.2148
vn -0.7578 0.6479 -0.0774
vn -0.7292 0.6491 -0.2167
vn -0.6511 0.7512 -0.1087
vn -0.6114 0.7514 -0.2483
vn -0.5189 0.8438 -0.1367
vn -0.4912 0.8313 -0.2601
vn -0.4099 0.9038 -0.1225
vn -0.4100 0.8772 -0.2497
vn -0.3519 0.9320 -0.0869
vn -0.3639 0.9056 -0.2179
vn -0.2860 0.9576 -0.0348
vn -0.3115 0.9384 -0.1496
vn -0.0958 -0.9907 0.0966
vn -0.0940 -0.9874 0.1276
vn -0.1527 -0.9807 0.1217
vn -0.1475 -0.9786 0.1435
vn -0.2041 -0.9661 0.1579
vn -0.1958 -0.9660 0.1689
vn -0.2738 -0.9403 0.2022
vn -0.2649 -0.9425 0.2038
vn -0.3610 -0.9002 0.2436
vn -0.3567 -0.9028 0.2403
vn -0.4591 -0.8469 0.2682
vn -0.4671 -0.8447 0.2611
vn -0.5823 -0.7671 0.2693
vn -0.6031 -0.7560 0.2546
vn -0.7331 -0.6317 0.2519
vn -0.7532 -0.6166 0.2291
vn -0.8510 -0.4751 0.2238
vn -0.8632 -0.4624 0.2025
vn -0.9029 -0.3841 0.1930
vn -0.9117 -0.3687 0.1812
vn -0.9238 -0.3490 0.1575
vn -0.9335 -0.3242 0.1531
vn -0.9441 -0.3103 0.1117
vn -0.9555 -0.2751 0.1068
vn -0.9706 -0.2334 0.0596
vn -0.9796 -0.1955 0.0466
vn -0.9940 -0.1090 0.0104
vn -0.9966 -0.0822 -0.0096
vn -0.9994 0.0129 -0.0310
vn -0.9986 0.0251 -0.0472
vn -0.9943 0.0867 -0.0626
vn -0.9915 0.1065 -0.0747
vn -0.9927 0.1050 -0.0596
vn -0.9923 0.0970 -0.0776
vn -0.9942 0.0956 -0.0502
vn -0.9941 0.0763 -0.0777
vn -0.9960 0.0766 -0.0454
vn -0.9950 0.0626 -0.0779
vn -0.9968 0.0644 -0.0466
vn -0.9951 0.0607 -0.0781
vn -0.9968 0.0626 -0.0507
vn -0.9946 0.0694 -0.0771
vn -0.9963 0.0684 -0.0526
vn -0.9944 0.0765 -0.0729
vn -0.9961 0.0725 -0.0494
vn -0.9955 0.0687 -0.0654
vn -0.9970 0.0643 -0.0436
vn -0.9977 0.0381 -0.0561
vn -0.9986 0.0353 -0.0393
vn -0.9988 -0.0127 -0.0482
vn -0.9992 -0.0131 -0.0381
vn -0.9974 -0.0547 -0.0467
vn -0.9978 -0.0530 -0.0394
vn -0.9969 -0.0614 -0.0491
vn -0.9973 -0.0611 -0.0406
vn -0.9981 -0.0394 -0.0472
vn -0.9984 -0.0428 -0.0377
vn -0.9991 -0.0095 -0.0413
vn -0.9994 -0.0148 -0.0303
vn -0.9993 0.0073 -0.0377
vn -0.9997 0.0035 -0.0224
vn -0.9993 0.0040 -0.0373
vn -0.9998 0.0041 -0.0189
vn -0.9993 -0.0013 -0.0365
vn -0.9998 0.0015 -0.0211
vn -0.9994 0.0079 -0.0334
vn -0.9996 0.0094 -0.0252
vn -0.9994 0.0202 -0.0295
vn -0.9993 0.0220 -0.0302
vn -0.9992 0.0248 -0.0306
vn -0.9985 0.0347 -0.0435
vn -0.9985 0.0310 -0.0452
vn -0.9959 0.0527 -0.0729
vn -0.9957 0.0529 -0.0754
vn -0.9902 0.0801 -0.1141
vn -0.9891 0.1093 -0.0991
vn -0.9814 0.1232 -0.1470
vn -0.9727 0.2210 -0.0712
vn -0.9700 0.1994 -0.1393
vn -0.9360 0.3519 -0.0004
vn -0.9438 0.3198 -0.0831
vn -0.8887 0.4551 0.0557
vn -0.8970 0.4416 -0.0207
vn -0.8452 0.5302 0.0675
vn -0.8419 0.5395 0.0100
vn -0.7876 0.6137 0.0553
vn -0.7756 0.6312 0.0009
vn -0.6953 0.7175 0.0415
vn -0.6785 0.7343 -0.0224
vn -0.5656 0.8243 0.0263
vn -0.5460 0.8367 -0.0428
vn -0.4329 0.9015 0.0012
vn -0.4173 0.9069 -0.0576
vn -0.3314 0.9433 -0.0206
vn -0.3344 0.9421 -0.0248
vn -0.2574 0.9663 0.0032
vn -0.2693 0.9626 0.0293
vn -0.1078 -0.9932 0.0440
vn -0.1006 -0.9927 0.0669
vn -0.0232 -0.9990 0.0384
vn -0.1717 -0.9815 0.0843
vn -0.1611 -0.9816 0.1022
vn -0.2296 -0.9638 0.1354
vn -0.2157 -0.9649 0.1496
vn -0.2968 -0.9361 0.1889
vn -0.2846 -0.9371 0.2019
vn -0.3736 -0.8985 0.2307
vn -0.3665 -0.8975 0.2453
vn -0.4570 -0.8513 0.2577
vn -0.4553 -0.8481 0.2711
vn -0.5631 -0.7791 0.2756
vn -0.5679 -0.7739 0.2802
vn -0.7027 -0.6540 0.2801
vn -0.7146 -0.6439 0.2733
vn -0.8212 -0.5090 0.2580
vn -0.8354 -0.4913 0.2465
vn -0.8774 -0.4280 0.2167
vn -0.8904 -0.4047 0.2083
vn -0.9006 -0.4001 0.1697
vn -0.9121 -0.3748 0.1661
vn -0.9227 -0.3657 0.1222
vn -0.9326 -0.3404 0.1200
vn -0.9546 -0.2873 0.0784
vn -0.9619 -0.2633 0.0734
vn -0.9868 -0.1575 0.0388
vn -0.9906 -0.1337 0.0298
vn -0.9995 -0.0308 -0.0064
vn -0.9999 -0.0064 -0.0149
vn -0.9971 0.0482 -0.0592
vn -0.9957 0.0701 -0.0600
vn -0.9910 0.0826 -0.1058
vn -0.9906 0.0982 -0.0951
vn -0.9872 0.0842 -0.1355
vn -0.9890 0.0925 -0.1150
vn -0.9864 0.0728 -0.1472
vn -0.9897 0.0747 -0.1223
vn -0.9873 0.0652 -0.1448
vn -0.9907 0.0629 -0.1205
vn -0.9886 0.0658 -0.1354
vn -0.9915 0.0620 -0.1143
vn -0.9891 0.0744 -0.1269
vn -0.9915 0.0715 -0.1085
vn -0.9892 0.0820 -0.1216
vn -0.9914 0.0797 -0.1035
vn -0.9906 0.0772 -0.1130
vn -0.9928 0.0731 -0.0952
vn -0.9945 0.0486 -0.0930
vn -0.9959 0.0427 -0.0792
vn -0.9977 -0.0072 -0.0667
vn -0.9981 -0.0107 -0.0599
vn -0.9970 -0.0566 -0.0520
vn -0.9972 -0.0561 -0.0503
vn -0.9966 -0.0641 -0.0517
vn -0.9967 -0.0626 -0.0512
vn -0.9978 -0.0402 -0.0528
vn -0.9980 -0.0384 -0.0508
vn -0.9982 -0.0138 -0.0578
vn -0.9987 -0.0091 -0.0511
vn -0.9974 0.0011 -0.0723
vn -0.9983 0.0065 -0.0583
vn -0.9966 0.0039 -0.0818
vn -0.9979 0.0039 -0.0643
vn -0.9973 0.0070 -0.0735
vn -0.9983 0.0005 -0.0590
vn -0.9983 0.0183 -0.0559
vn -0.9988 0.0112 -0.0470
vn -0.9988 0.0272 -0.0416
vn -0.9991 0.0229 -0.0365
vn -0.9992 0.0268 -0.0313
vn -0.9993 0.0238 -0.0301
vn -0.9995 0.0237 -0.0228
vn -0.9993 0.0227 -0.0293
vn -0.9993 0.0323 -0.0176
vn -0.9986 0.0361 -0.0380
vn -0.9942 0.1079 0.0009
vn -0.9938 0.1034 -0.0399
vn -0.9637 0.2592 0.0637
vn -0.9698 0.2438 0.0087
vn -0.9126 0.3888 0.1266
vn -0.9226 0.3780 0.0766
vn -0.8805 0.4541 0.1359
vn -0.8814 0.4596 0.1093
vn -0.8513 0.5102 0.1225
vn -0.8479 0.5197 0.1050
vn -0.7949 0.5947 0.1206
vn -0.7927 0.6016 0.0987
vn -0.7054 0.6982 0.1220
vn -0.7023 0.7056 0.0947
vn -0.5892 0.8024 0.0950
vn -0.5782 0.8126 0.0727
vn -0.4656 0.8843 0.0351
vn -0.4492 0.8930 0.0279
vn -0.3547 0.9348 -0.0207
vn -0.3419 0.9396 -0.0176
vn -0.2613 0.9640 -0.0492
vn -0.2575 0.9658 -0.0304
vn -0.1498 -0.9797 -0.1330
vn -0.1377 -0.9879 -0.0707
vn -0.0705 -0.9868 -0.1456
vn -0.2122 -0.9730 -0.0913
vn -0.2023 -0.9791 -0.0225
vn -0.1926 -0.9809 0.0287
vn -0.1260 -0.9919 -0.0176
vn -0.2798 -0.9585 -0.0545
vn -0.2686 -0.9631 0.0169
vn -0.3525 -0.9357 -0.0124
vn -0.3369 -0.9397 0.0596
vn -0.3228 -0.9391 0.1179
vn -0.2567 -0.9638 0.0724
vn -0.4325 -0.9005 0.0463
vn -0.4105 -0.9054 0.1084
vn -0.5216 -0.8445 0.1214
vn -0.4950 -0.8532 0.1646
vn -0.4763 -0.8560 0.2010
vn -0.3944 -0.9049 0.1601
vn -0.6168 -0.7623 0.1961
vn -0.5935 -0.7737 0.2217
vn -0.7123 -0.6587 0.2422
vn -0.7034 -0.6626 0.2572
vn -0.6985 -0.6634 0.2682
vn -0.5770 -0.7799 0.2425
vn -0.7885 -0.5663 0.2398
vn -0.7942 -0.5540 0.2497
vn -0.8314 -0.5188 0.1990
vn -0.8427 -0.4965 0.2081
vn -0.8536 -0.4744 0.2152
vn -0.8011 -0.5407 0.2566
vn -0.8646 -0.4806 0.1466
vn -0.8713 -0.4642 0.1591
vn -0.9097 -0.3992 0.1146
vn -0.9050 -0.4054 0.1291
vn -0.9063 -0.4023 0.1294
vn -0.8793 -0.4461 0.1668
vn -0.9516 -0.2830 0.1197
vn -0.9430 -0.3077 0.1267
vn -0.9766 -0.1717 0.1293
vn -0.9744 -0.1893 0.1210
vn -0.9773 -0.1936 0.0862
vn -0.9422 -0.3169 0.1090
vn -0.9913 -0.0870 0.0984
vn -0.9933 -0.0860 0.0768
vn -0.9994 -0.0191 0.0304
vn -0.9999 -0.0108 0.0047
vn -0.9996 0.0033 -0.0285
vn -0.9964 -0.0765 0.0372
vn -0.9989 0.0341 -0.0307
vn -0.9976 0.0411 -0.0556
vn -0.9963 0.0587 -0.0620
vn -0.9944 0.0639 -0.0837
vn -0.9915 0.0688 -0.1102
vn -0.9953 0.0508 -0.0822
vn -0.9949 0.0624 -0.0796
vn -0.9930 0.0673 -0.0969
vn -0.9933 0.0645 -0.0955
vn -0.9918 0.0685 -0.1076
vn -0.9896 0.0697 -0.1261
vn -0.9901 0.0699 -0.1220
vn -0.9917 0.0700 -0.1077
vn -0.9907 0.0725 -0.1149
vn -0.9903 0.0787 -0.1148
vn -0.9898 0.0795 -0.1184
vn -0.9892 0.0791 -0.1234
vn -0.9894 0.0726 -0.1254
vn -0.9893 0.0894 -0.1156
vn -0.9892 0.0877 -0.1172
vn -0.9895 0.0965 -0.1077
vn -0.9900 0.0912 -0.1077
vn -0.9900 0.0860 -0.1115
vn -0.9890 0.0858 -0.1205
vn -0.9928 0.0779 -0.0905
vn -0.9936 0.0699 -0.0883
vn -0.9973 0.0156 -0.0721
vn -0.9977 0.0085 -0.0670
vn -0.9977 0.0021 -0.0677
vn -0.9938 0.0621 -0.0918
vn -0.9968 -0.0516 -0.0614
vn -0.9970 -0.0544 -0.0557
vn -0.9955 -0.0726 -0.0601
vn -0.9960 -0.0705 -0.0556
vn -0.9962 -0.0681 -0.0541
vn -0.9969 -0.0561 -0.0544
vn -0.9961 -0.0572 -0.0665
vn -0.9967 -0.0519 -0.0628
vn -0.9963 -0.0369 -0.0771
vn -0.9968 -0.0314 -0.0742
vn -0.9973 -0.0257 -0.0687
vn -0.9971 -0.0470 -0.0593
vn -0.9964 -0.0164 -0.0835
vn -0.9964 -0.0142 -0.0831
vn -0.9969 0.0096 -0.0776
vn -0.9968 0.0075 -0.0801
vn -0.9966 0.0057 -0.0825
vn -0.9967 -0.0108 -0.0803
vn -0.9974 0.0328 -0.0647
vn -0.9973 0.0287 -0.0676
vn -0.9976 0.0412 -0.0558
vn -0.9977 0.0384 -0.0566
vn -0.9978 0.0337 -0.0574
vn -0.9972 0.0232 -0.0716
vn -0.9978 0.0411 -0.0511
vn -0.9980 0.0390 -0.0499
vn -0.9981 0.0465 -0.0414
vn -0.9984 0.0405 -0.0406
vn -0.9987 0.0355 -0.0370
vn -0.9983 0.0361 -0.0468
vn -0.9972 0.0739 -0.0058
vn -0.9985 0.0531 -0.0133
vn -0.9836 0.1595 0.0844
vn -0.9915 0.1153 0.0606
vn -0.9971 0.0707 0.0263
vn -0.9991 0.0379 -0.0185
vn -0.9420 0.2779 0.1882
vn -0.9595 0.2336 0.1576
vn -0.9030 0.3535 0.2443
vn -0.9149 0.3360 0.2240
vn -0.9375 0.3044 0.1685
vn -0.9782 0.1805 0.1028
vn -0.8954 0.3706 0.2470
vn -0.8968 0.3760 0.2334
vn -0.8896 0.4008 0.2191
vn -0.8872 0.4132 0.2055
vn -0.8863 0.4276 0.1777
vn -0.9025 0.3826 0.1977
vn -0.8623 0.4752 0.1749
vn -0.8600 0.4830 0.1646
vn -0.7999 0.5827 0.1436
vn -0.7995 0.5839 0.1409
vn -0.7999 0.5851 0.1336
vn -0.8588 0.4907 0.1470
vn -0.7242 0.6785 0.1228
vn -0.7196 0.6830 0.1248
vn -0.6481 0.7576 0.0773
vn -0.6332 0.7699 0.0800
vn -0.6184 0.7811 0.0862
vn -0.7157 0.6872 0.1249
vn -0.5491 0.8358 -0.0004
vn -0.5274 0.8496 0.0007
vn -0.4208 0.9036 -0.0801
vn -0.4022 0.9122 -0.0785
vn -0.3847 0.9213 -0.0570
vn -0.5059 0.8625 0.0136
vn -0.3004 0.9442 -0.1355
vn -0.2891 0.9484 -0.1299
vn -0.2791 0.9551 -0.0992
vn -0.1617 -0.9660 -0.2019
vn -0.1625 -0.9680 -0.1911
vn -0.2485 -0.9460 -0.2081
vn -0.2363 -0.9477 -0.2145
vn -0.2301 -0.9529 -0.1978
vn -0.1652 -0.9680 -0.1888
vn -0.3503 -0.9188 -0.1821
vn -0.3221 -0.9242 -0.2052
vn -0.4747 -0.8722 -0.1178
vn -0.4293 -0.8899 -0.1545
vn -0.3951 -0.9079 -0.1402
vn -0.3040 -0.9347 -0.1843
vn -0.5987 -0.8008 -0.0149
vn -0.5458 -0.8357 -0.0601
vn -0.6880 -0.7192 0.0969
vn -0.6452 -0.7620 0.0558
vn -0.5988 -0.7992 0.0515
vn -0.4989 -0.8648 -0.0574
vn -0.7392 -0.6490 0.1800
vn -0.7135 -0.6832 0.1556
vn -0.7661 -0.6022 0.2245
vn -0.7547 -0.6196 0.2159
vn -0.7395 -0.6373 0.2169
vn -0.6801 -0.7169 0.1533
vn -0.7843 -0.5705 0.2436
vn -0.7810 -0.5769 0.2393
vn -0.8047 -0.5355 0.2564
vn -0.8021 -0.5438 0.2466
vn -0.8067 -0.5464 0.2252
vn -0.7803 -0.5797 0.2346
vn -0.8379 -0.4744 0.2700
vn -0.8371 -0.4856 0.2517
vn -0.8875 -0.3721 0.2716
vn -0.8946 -0.3727 0.2464
vn -0.9053 -0.3783 0.1931
vn -0.8440 -0.4939 0.2093
vn -0.9318 -0.2616 0.2518
vn -0.9430 -0.2459 0.2244
vn -0.9577 -0.1854 0.2199
vn -0.9672 -0.1623 0.1953
vn -0.9742 -0.1508 0.1680
vn -0.9534 -0.2421 0.1803
vn -0.9725 -0.1393 0.1865
vn -0.9794 -0.1146 0.1665
vn -0.9827 -0.1042 0.1532
vn -0.9878 -0.0755 0.1360
vn -0.9927 -0.0495 0.1100
vn -0.9845 -0.0973 0.1460
vn -0.9905 -0.0716 0.1176
vn -0.9944 -0.0381 0.0987
vn -0.9959 -0.0420 0.0802
vn -0.9984 -0.0097 0.0561
vn -0.9995 0.0225 0.0219
vn -0.9978 -0.0045 0.0658
vn -0.9988 -0.0182 0.0456
vn -0.9998 0.0089 0.0156
vn -0.9999 0.0004 0.0150
vn -0.9995 0.0241 -0.0185
vn -0.9978 0.0441 -0.0491
vn -0.9993 0.0346 -0.0173
vn -0.9998 0.0157 -0.0150
vn -0.9981 0.0387 -0.0475
vn -0.9985 0.0292 -0.0470
vn -0.9958 0.0530 -0.0744
vn -0.9933 0.0684 -0.0937
vn -0.9957 0.0553 -0.0737
vn -0.9958 0.0426 -0.0815
vn -0.9925 0.0677 -0.1017
vn -0.9918 0.0544 -0.1158
vn -0.9883 0.0793 -0.1304
vn -0.9871 0.0951 -0.1286
vn -0.9903 0.0832 -0.1116
vn -0.9884 0.0496 -0.1438
vn -0.9854 0.0686 -0.1561
vn -0.9874 0.0190 -0.1571
vn -0.9856 0.0230 -0.1673
vn -0.9891 0.0244 -0.1453
vn -0.9865 0.0812 -0.1423
vn -0.9884 -0.0142 -0.1513
vn -0.9873 -0.0264 -0.1569
vn -0.9906 -0.0254 -0.1342
vn -0.9897 -0.0449 -0.1360
vn -0.9914 -0.0624 -0.1150
vn -0.9904 -0.0386 -0.1330
vn -0.9934 -0.0130 -0.1140
vn -0.9925 -0.0357 -0.1166
vn -0.9957 0.0112 -0.0925
vn -0.9952 -0.0136 -0.0964
vn -0.9954 -0.0330 -0.0904
vn -0.9934 -0.0532 -0.1018
vn -0.9969 0.0307 -0.0718
vn -0.9972 0.0100 -0.0743
vn -0.9976 0.0393 -0.0568
vn -0.9980 0.0287 -0.0571
vn -0.9979 0.0187 -0.0616
vn -0.9971 -0.0081 -0.0759
vn -0.9979 0.0449 -0.0468
vn -0.9980 0.0400 -0.0498
vn -0.9978 0.0591 -0.0307
vn -0.9979 0.0461 -0.0456
vn -0.9977 0.0434 -0.0519
vn -0.9978 0.0381 -0.0535
vn -0.9960 0.0894 0.0011
vn -0.9978 0.0592 -0.0308
vn -0.9885 0.1420 0.0514
vn -0.9953 0.0964 0.0073
vn -0.9973 0.0693 -0.0253
vn -0.9978 0.0467 -0.0477
vn -0.9678 0.2221 0.1187
vn -0.9818 0.1740 0.0755
vn -0.9332 0.3098 0.1821
vn -0.9476 0.2781 0.1573
vn -0.9612 0.2436 0.1290
vn -0.9898 0.1372 0.0374
vn -0.9062 0.3642 0.2146
vn -0.9117 0.3534 0.2096
vn -0.8986 0.3778 0.2232
vn -0.8998 0.3735 0.2257
vn -0.9004 0.3678 0.2325
vn -0.9193 0.3362 0.2045
vn -0.8982 0.3758 0.2280
vn -0.8991 0.3708 0.2325
vn -0.8945 0.3809 0.2342
vn -0.8954 0.3776 0.2360
vn -0.8949 0.3804 0.2335
vn -0.8990 0.3672 0.2386
vn -0.8750 0.4253 0.2315
vn -0.8737 0.4346 0.2186
vn -0.8242 0.5292 0.2017
vn -0.8198 0.5492 0.1624
vn -0.8117 0.5653 0.1469
vn -0.8697 0.4496 0.2035
vn -0.7412 0.6509 0.1640
vn -0.7413 0.6629 0.1048
vn -0.6427 0.7512 0.1507
vn -0.6566 0.7488 0.0910
vn -0.6649 0.7435 0.0708
vn -0.7379 0.6686 0.0922
vn -0.5427 0.8250 0.1578
vn -0.5601 0.8218 0.1044
vn -0.4477 0.8807 0.1544
vn -0.4495 0.8879 0.0983
vn -0.4478 0.8935 0.0342
vn -0.5710 0.8187 0.0614
vn -0.3677 0.9227 0.1159
vn -0.3475 0.9364 0.0491
vn -0.3283 0.9444 -0.0199
vn -0.1977 -0.9747 -0.1047
vn -0.1755 -0.9673 -0.1829
vn -0.3022 -0.9494 -0.0849
vn -0.2732 -0.9474 -0.1670
vn -0.4271 -0.9032 -0.0425
vn -0.3883 -0.9131 -0.1244
vn -0.5705 -0.8209 0.0268
vn -0.5252 -0.8495 -0.0507
vn -0.6893 -0.7160 0.1100
vn -0.6491 -0.7590 0.0501
vn -0.7477 -0.6391 0.1805
vn -0.7223 -0.6760 0.1460
vn -0.7669 -0.6022 0.2217
vn -0.7557 -0.6214 0.2069
vn -0.7770 -0.5822 0.2395
vn -0.7728 -0.5898 0.2343
vn -0.7917 -0.5579 0.2491
vn -0.7881 -0.5640 0.2468
vn -0.8174 -0.5127 0.2627
vn -0.8106 -0.5247 0.2600
vn -0.8495 -0.4466 0.2808
vn -0.8429 -0.4614 0.2767
vn -0.8832 -0.3679 0.2909
vn -0.8840 -0.3715 0.2838
vn -0.9136 -0.2929 0.2820
vn -0.9214 -0.2789 0.2705
vn -0.9371 -0.2368 0.2566
vn -0.9469 -0.2121 0.2419
vn -0.9548 -0.1967 0.2231
vn -0.9638 -0.1682 0.2071
vn -0.9687 -0.1635 0.1867
vn -0.9761 -0.1342 0.1708
vn -0.9800 -0.1300 0.1506
vn -0.9856 -0.1021 0.1346
vn -0.9887 -0.0934 0.1172
vn -0.9925 -0.0695 0.1009
vn -0.9941 -0.0626 0.0882
vn -0.9966 -0.0418 0.0717
vn -0.9971 -0.0452 0.0615
vn -0.9987 -0.0230 0.0448
vn -0.9988 -0.0370 0.0326
vn -0.9998 -0.0106 0.0152
vn -0.9995 -0.0316 -0.0007
vn -0.9998 -0.0006 -0.0194
vn -0.9991 -0.0213 -0.0368
vn -0.9983 0.0113 -0.0574
vn -0.9975 -0.0026 -0.0708
vn -0.9953 0.0260 -0.0932
vn -0.9953 0.0113 -0.0965
vn -0.9923 0.0301 -0.1198
vn -0.9939 0.0092 -0.1099
vn -0.9911 0.0145 -0.1324
vn -0.9940 0.0027 -0.1092
vn -0.9915 -0.0047 -0.1300
vn -0.9955 0.0072 -0.0946
vn -0.9933 -0.0083 -0.1155
vn -0.9970 0.0228 -0.0737
vn -0.9954 0.0067 -0.0955
vn -0.9976 0.0410 -0.0564
vn -0.9966 0.0297 -0.0765
vn -0.9975 0.0546 -0.0444
vn -0.9971 0.0455 -0.0616
vn -0.9973 0.0678 -0.0279
vn -0.9975 0.0509 -0.0491
vn -0.9963 0.0863 -0.0035
vn -0.9977 0.0597 -0.0322
vn -0.9932 0.1136 0.0239
vn -0.9965 0.0835 -0.0061
vn -0.9840 0.1677 0.0594
vn -0.9911 0.1292 0.0335
vn -0.9600 0.2555 0.1142
vn -0.9757 0.2005 0.0885
vn -0.9277 0.3327 0.1693
vn -0.9483 0.2804 0.1487
vn -0.9062 0.3700 0.2046
vn -0.9189 0.3425 0.1958
vn -0.8992 0.3789 0.2189
vn -0.9021 0.3726 0.2176
vn -0.8972 0.3813 0.2230
vn -0.8979 0.3798 0.2226
vn -0.8911 0.3901 0.2317
vn -0.8962 0.3812 0.2268
vn -0.8727 0.4138 0.2592
vn -0.8888 0.3908 0.2393
vn -0.8352 0.4567 0.3064
vn -0.8657 0.4295 0.2570
vn -0.7751 0.5220 0.3560
vn -0.8152 0.5146 0.2659
vn -0.6899 0.6102 0.3896
vn -0.7313 0.6296 0.2624
vn -0.5874 0.7046 0.3981
vn -0.6253 0.7373 0.2556
vn -0.4927 0.7802 0.3854
vn -0.5233 0.8148 0.2495
vn -0.4200 0.8316 0.3635
vn -0.4399 0.8658 0.2385
vn -0.3684 0.8660 0.3381
vn -0.3772 0.9020 0.2102
vn -0.2191 -0.9748 0.0425
vn -0.2105 -0.9775 -0.0126
vn -0.3305 -0.9399 0.0854
vn -0.3210 -0.9470 0.0103
vn -0.4683 -0.8742 0.1284
vn -0.4551 -0.8891 0.0485
vn -0.6127 -0.7714 0.1719
vn -0.6006 -0.7927 0.1048
vn -0.7224 -0.6598 0.2070
vn -0.7137 -0.6813 0.1626
vn -0.7693 -0.5963 0.2294
vn -0.7632 -0.6125 0.2060
vn -0.7782 -0.5786 0.2440
vn -0.7744 -0.5888 0.2317
vn -0.7820 -0.5683 0.2560
vn -0.7799 -0.5759 0.2452
vn -0.7963 -0.5420 0.2687
vn -0.7945 -0.5510 0.2555
vn -0.8265 -0.4865 0.2832
vn -0.8233 -0.4996 0.2695
vn -0.8591 -0.4173 0.2965
vn -0.8557 -0.4309 0.2866
vn -0.8836 -0.3578 0.3021
vn -0.8836 -0.3625 0.2963
vn -0.9031 -0.3121 0.2949
vn -0.9079 -0.3036 0.2891
vn -0.9209 -0.2760 0.2751
vn -0.9286 -0.2581 0.2665
vn -0.9374 -0.2455 0.2470
vn -0.9461 -0.2225 0.2354
vn -0.9524 -0.2162 0.2148
vn -0.9608 -0.1908 0.2009
vn -0.9665 -0.1825 0.1804
vn -0.9737 -0.1565 0.1655
vn -0.9792 -0.1420 0.1451
vn -0.9844 -0.1171 0.1310
vn -0.9879 -0.1076 0.1117
vn -0.9915 -0.0841 0.0995
vn -0.9925 -0.0907 0.0819
vn -0.9952 -0.0675 0.0710
vn -0.9947 -0.0865 0.0547
vn -0.9971 -0.0623 0.0428
vn -0.9959 -0.0862 0.0280
vn -0.9981 -0.0603 0.0130
vn -0.9968 -0.0794 -0.0000
vn -0.9985 -0.0516 -0.0186
vn -0.9978 -0.0592 -0.0302
vn -0.9983 -0.0307 -0.0499
vn -0.9977 -0.0336 -0.0591
vn -0.9970 -0.0094 -0.0765
vn -0.9968 -0.0109 -0.0792
vn -0.9957 0.0011 -0.0928
vn -0.9964 0.0112 -0.0844
vn -0.9955 0.0082 -0.0944
vn -0.9965 0.0342 -0.0758
vn -0.9964 0.0219 -0.0814
vn -0.9968 0.0526 -0.0605
vn -0.9974 0.0385 -0.0614
vn -0.9971 0.0637 -0.0427
vn -0.9977 0.0509 -0.0445
vn -0.9966 0.0795 -0.0197
vn -0.9975 0.0642 -0.0291
vn -0.9939 0.1095 0.0112
vn -0.9961 0.0882 -0.0054
vn -0.9888 0.1427 0.0445
vn -0.9929 0.1165 0.0239
vn -0.9798 0.1832 0.0799
vn -0.9881 0.1452 0.0501
vn -0.9553 0.2660 0.1292
vn -0.9739 0.2101 0.0861
vn -0.9208 0.3468 0.1787
vn -0.9422 0.3032 0.1428
vn -0.8969 0.3875 0.2132
vn -0.9096 0.3683 0.1922
vn -0.8941 0.3898 0.2206
vn -0.8976 0.3855 0.2139
vn -0.8950 0.3864 0.2231
vn -0.8971 0.3830 0.2205
vn -0.8884 0.3952 0.2338
vn -0.8946 0.3854 0.2262
vn -0.8637 0.4317 0.2601
vn -0.8806 0.4067 0.2431
vn -0.8094 0.5001 0.3078
vn -0.8447 0.4529 0.2851
vn -0.7316 0.5696 0.3745
vn -0.7850 0.5083 0.3541
vn -0.6505 0.6140 0.4470
vn -0.7096 0.5581 0.4301
vn -0.5725 0.6449 0.5063
vn -0.6236 0.6116 0.4869
vn -0.4995 0.6786 0.5386
vn -0.5341 0.6750 0.5091
vn -0.4367 0.7167 0.5436
vn -0.4567 0.7359 0.4998
vn -0.3827 0.7556 0.5316
vn -0.3960 0.7855 0.4756
vn -0.3364 0.7875 0.5164
vn -0.3498 0.8203 0.4524
vn -0.2511 -0.9676 0.0251
vn -0.2329 -0.9711 0.0525
vn -0.3553 -0.9302 0.0918
vn -0.3399 -0.9333 0.1158
vn -0.4820 -0.8625 0.1539
vn -0.4729 -0.8648 0.1690
vn -0.6183 -0.7596 0.2018
vn -0.6139 -0.7614 0.2083
vn -0.7257 -0.6481 0.2309
vn -0.7229 -0.6507 0.2322
vn -0.7739 -0.5839 0.2451
vn -0.7709 -0.5882 0.2444
vn -0.7853 -0.5637 0.2558
vn -0.7810 -0.5707 0.2539
vn -0.7906 -0.5498 0.2695
vn -0.7851 -0.5593 0.2661
vn -0.8045 -0.5208 0.2857
vn -0.7991 -0.5315 0.2811
vn -0.8324 -0.4659 0.2999
vn -0.8288 -0.4751 0.2956
vn -0.8621 -0.4029 0.3074
vn -0.8605 -0.4081 0.3049
vn -0.8826 -0.3556 0.3076
vn -0.8830 -0.3556 0.3063
vn -0.8964 -0.3249 0.3016
vn -0.8993 -0.3190 0.2991
vn -0.9078 -0.3037 0.2891
vn -0.9140 -0.2910 0.2827
vn -0.9197 -0.2851 0.2698
vn -0.9286 -0.2662 0.2586
vn -0.9331 -0.2638 0.2445
vn -0.9432 -0.2404 0.2293
vn -0.9482 -0.2347 0.2139
vn -0.9581 -0.2084 0.1964
vn -0.9641 -0.1960 0.1790
vn -0.9725 -0.1683 0.1610
vn -0.9766 -0.1599 0.1436
vn -0.9830 -0.1331 0.1263
vn -0.9839 -0.1386 0.1129
vn -0.9888 -0.1147 0.0959
vn -0.9874 -0.1310 0.0884
vn -0.9915 -0.1095 0.0698
vn -0.9890 -0.1321 0.0666
vn -0.9929 -0.1099 0.0457
vn -0.9903 -0.1329 0.0413
vn -0.9942 -0.1059 0.0195
vn -0.9924 -0.1231 0.0070
vn -0.9959 -0.0893 -0.0118
vn -0.9949 -0.0951 -0.0325
vn -0.9971 -0.0618 -0.0451
vn -0.9972 -0.0426 -0.0619
vn -0.9972 -0.0260 -0.0700
vn -0.9974 0.0184 -0.0692
vn -0.9969 0.0134 -0.0780
vn -0.9964 0.0610 -0.0582
vn -0.9964 0.0453 -0.0717
vn -0.9955 0.0871 -0.0368
vn -0.9961 0.0665 -0.0577
vn -0.9938 0.1113 -0.0067
vn -0.9959 0.0828 -0.0359
vn -0.9898 0.1385 0.0331
vn -0.9946 0.1038 -0.0039
vn -0.9824 0.1691 0.0793
vn -0.9903 0.1345 0.0352
vn -0.9694 0.2082 0.1299
vn -0.9822 0.1709 0.0777
vn -0.9445 0.2739 0.1814
vn -0.9642 0.2313 0.1294
vn -0.9102 0.3520 0.2183
vn -0.9321 0.3156 0.1776
vn -0.8896 0.3938 0.2313
vn -0.8990 0.3818 0.2145
vn -0.8917 0.3909 0.2281
vn -0.8915 0.3932 0.2252
vn -0.8943 0.3872 0.2244
vn -0.8937 0.3890 0.2234
vn -0.8876 0.3994 0.2293
vn -0.8921 0.3913 0.2260
vn -0.8614 0.4397 0.2543
vn -0.8775 0.4130 0.2436
vn -0.8089 0.5051 0.3009
vn -0.8401 0.4646 0.2801
vn -0.7316 0.5841 0.3515
vn -0.7714 0.5449 0.3285
vn -0.6461 0.6554 0.3913
vn -0.6855 0.6209 0.3803
vn -0.5695 0.7025 0.4269
vn -0.6066 0.6664 0.4336
vn -0.5044 0.7260 0.4674
vn -0.5383 0.6896 0.4844
vn -0.4519 0.7334 0.5078
vn -0.4779 0.7053 0.5236
vn -0.4084 0.7378 0.5374
vn -0.4248 0.7229 0.5449
vn -0.3672 0.7491 0.5514
vn -0.3757 0.7466 0.5490
vn -0.3226 0.7671 0.5544
vn -0.3289 0.7718 0.5442
vn -0.2955 -0.9552 -0.0145
vn -0.2714 -0.9624 -0.0079
vn -0.4053 -0.9125 0.0556
vn -0.3777 -0.9242 0.0564
vn -0.5216 -0.8440 0.1248
vn -0.5003 -0.8569 0.1239
vn -0.6435 -0.7444 0.1786
vn -0.6306 -0.7547 0.1812
vn -0.7406 -0.6377 0.2117
vn -0.7331 -0.6440 0.2186
vn -0.7869 -0.5728 0.2296
vn -0.7799 -0.5790 0.2379
vn -0.8007 -0.5460 0.2465
vn -0.7920 -0.5559 0.2523
vn -0.8070 -0.5262 0.2683
vn -0.7979 -0.5394 0.2691
vn -0.8178 -0.4961 0.2917
vn -0.8110 -0.5097 0.2873
vn -0.8386 -0.4476 0.3105
vn -0.8362 -0.4575 0.3025
vn -0.8610 -0.3953 0.3200
vn -0.8627 -0.3992 0.3104
vn -0.8771 -0.3575 0.3208
vn -0.8811 -0.3564 0.3109
vn -0.8875 -0.3353 0.3161
vn -0.8929 -0.3302 0.3061
vn -0.8948 -0.3232 0.3082
vn -0.9017 -0.3144 0.2966
vn -0.9013 -0.3151 0.2973
vn -0.9107 -0.3018 0.2819
vn -0.9098 -0.3054 0.2811
vn -0.9220 -0.2859 0.2612
vn -0.9230 -0.2870 0.2564
vn -0.9366 -0.2612 0.2335
vn -0.9409 -0.2553 0.2227
vn -0.9537 -0.2251 0.1993
vn -0.9585 -0.2174 0.1846
vn -0.9685 -0.1880 0.1631
vn -0.9711 -0.1834 0.1528
vn -0.9779 -0.1618 0.1321
vn -0.9773 -0.1633 0.1352
vn -0.9826 -0.1498 0.1102
vn -0.9778 -0.1650 0.1288
vn -0.9840 -0.1519 0.0935
vn -0.9757 -0.1821 0.1221
vn -0.9844 -0.1602 0.0729
vn -0.9746 -0.1977 0.1054
vn -0.9860 -0.1616 0.0406
vn -0.9813 -0.1737 0.0827
vn -0.9909 -0.1345 0.0011
vn -0.9945 -0.0771 0.0703
vn -0.9978 -0.0606 -0.0263
vn -0.9962 0.0455 0.0740
vn -0.9991 0.0293 -0.0291
vn -0.9877 0.1250 0.0936
vn -0.9961 0.0880 -0.0110
vn -0.9776 0.1665 0.1287
vn -0.9925 0.1209 0.0204
vn -0.9653 0.1974 0.1708
vn -0.9868 0.1507 0.0593
vn -0.9512 0.2246 0.2116
vn -0.9781 0.1812 0.1030
vn -0.9361 0.2503 0.2473
vn -0.9660 0.2115 0.1490
vn -0.9193 0.2816 0.2749
vn -0.9484 0.2501 0.1949
vn -0.9014 0.3246 0.2865
vn -0.9225 0.3088 0.2313
vn -0.8901 0.3624 0.2763
vn -0.8974 0.3676 0.2440
vn -0.8906 0.3756 0.2563
vn -0.8900 0.3890 0.2380
vn -0.8938 0.3780 0.2414
vn -0.8935 0.3856 0.2303
vn -0.8891 0.3899 0.2396
vn -0.8937 0.3867 0.2275
vn -0.8637 0.4326 0.2584
vn -0.8795 0.4123 0.2375
vn -0.8023 0.5152 0.3015
vn -0.8375 0.4745 0.2711
vn -0.7151 0.5985 0.3612
vn -0.7679 0.5512 0.3263
vn -0.6328 0.6511 0.4191
vn -0.6867 0.6191 0.3809
vn -0.5607 0.6898 0.4580
vn -0.6072 0.6766 0.4166
vn -0.4888 0.7293 0.4787
vn -0.5320 0.7228 0.4411
vn -0.4274 0.7564 0.4951
vn -0.4668 0.7490 0.4701
vn -0.3913 0.7625 0.5153
vn -0.4213 0.7539 0.5041
vn -0.3695 0.7602 0.5344
vn -0.3887 0.7520 0.5324
vn -0.3451 0.7625 0.5473
vn -0.3565 0.7561 0.5489
vn -0.3085 0.7733 0.5540
vn -0.3159 0.7690 0.5557
vn -0.3557 -0.9329 0.0554
vn -0.3249 -0.9457 0.0094
vn -0.4589 -0.8794 0.1268
vn -0.4340 -0.8969 0.0849
vn -0.5467 -0.8189 0.1746
vn -0.5382 -0.8298 0.1478
vn -0.6488 -0.7356 0.1948
vn -0.6502 -0.7364 0.1867
vn -0.7437 -0.6386 0.1979
vn -0.7447 -0.6350 0.2056
vn -0.8013 -0.5631 0.2019
vn -0.7944 -0.5673 0.2169
vn -0.8269 -0.5156 0.2246
vn -0.8124 -0.5331 0.2362
vn -0.8348 -0.4835 0.2632
vn -0.8193 -0.5082 0.2657
vn -0.8376 -0.4547 0.3027
vn -0.8266 -0.4780 0.2971
vn -0.8450 -0.4197 0.3315
vn -0.8412 -0.4351 0.3212
vn -0.8557 -0.3853 0.3454
vn -0.8582 -0.3907 0.3330
vn -0.8655 -0.3606 0.3475
vn -0.8714 -0.3591 0.3342
vn -0.8735 -0.3450 0.3434
vn -0.8807 -0.3403 0.3293
vn -0.8796 -0.3357 0.3372
vn -0.8872 -0.3301 0.3224
vn -0.8836 -0.3317 0.3305
vn -0.8920 -0.3249 0.3144
vn -0.8866 -0.3319 0.3221
vn -0.8975 -0.3210 0.3024
vn -0.8928 -0.3296 0.3070
vn -0.9079 -0.3105 0.2817
vn -0.9071 -0.3162 0.2779
vn -0.9252 -0.2861 0.2492
vn -0.9299 -0.2822 0.2359
vn -0.9458 -0.2488 0.2087
vn -0.9550 -0.2211 0.1976
vn -0.9635 -0.2032 0.1741
vn -0.9691 -0.1611 0.1868
vn -0.9726 -0.1680 0.1608
vn -0.9670 -0.1447 0.2099
vn -0.9718 -0.1646 0.1688
vn -0.9535 -0.1684 0.2498
vn -0.9648 -0.1879 0.1841
vn -0.9348 -0.2003 0.2933
vn -0.9568 -0.2153 0.1955
vn -0.9225 -0.1828 0.3401
vn -0.9591 -0.1951 0.2053
vn -0.9196 -0.0719 0.3861
vn -0.9718 -0.0841 0.2205
vn -0.9071 0.0761 0.4140
vn -0.9702 0.0615 0.2343
vn -0.8859 0.1828 0.4263
vn -0.9549 0.1604 0.2498
vn -0.8656 0.2400 0.4394
vn -0.9373 0.2113 0.2772
vn -0.8501 0.2650 0.4551
vn -0.9196 0.2399 0.3112
vn -0.8410 0.2738 0.4667
vn -0.9040 0.2583 0.3406
vn -0.8371 0.2794 0.4702
vn -0.8917 0.2741 0.3603
vn -0.8379 0.2867 0.4644
vn -0.8826 0.2931 0.3677
vn -0.8432 0.2978 0.4476
vn -0.8774 0.3183 0.3589
vn -0.8528 0.3101 0.4203
vn -0.8789 0.3410 0.3337
vn -0.8629 0.3230 0.3887
vn -0.8853 0.3531 0.3027
vn -0.8622 0.3507 0.3654
vn -0.8869 0.3669 0.2806
vn -0.8376 0.4061 0.3653
vn -0.8738 0.3976 0.2799
vn -0.7788 0.4892 0.3925
vn -0.8330 0.4605 0.3067
vn -0.6838 0.5888 0.4310
vn -0.7518 0.5564 0.3539
vn -0.5828 0.6652 0.4667
vn -0.6518 0.6392 0.4082
vn -0.5122 0.6968 0.5022
vn -0.5718 0.6784 0.4612
vn -0.4613 0.7096 0.5326
vn -0.5086 0.7002 0.5010
vn -0.4128 0.7284 0.5468
vn -0.4456 0.7287 0.5201
vn -0.3759 0.7479 0.5472
vn -0.3948 0.7530 0.5264
vn -0.3585 0.7582 0.5446
vn -0.3693 0.7618 0.5323
vn -0.3475 0.7636 0.5442
vn -0.3552 0.7631 0.5399
vn -0.3281 0.7710 0.5459
vn -0.3354 0.7672 0.5467
vn -0.2943 0.7826 0.5485
vn -0.3013 0.7781 0.5512
vn -0.4066 -0.9027 0.1406
vn -0.3824 -0.9182 0.1033
vn -0.4955 -0.8420 0.2133
vn -0.4779 -0.8617 0.1707
vn -0.5461 -0.7968 0.2588
vn -0.5477 -0.8101 0.2091
vn -0.6207 -0.7325 0.2797
vn -0.6385 -0.7372 0.2209
vn -0.7105 -0.6439 0.2838
vn -0.7336 -0.6438 0.2175
vn -0.7856 -0.5481 0.2869
vn -0.8013 -0.5570 0.2182
vn -0.8295 -0.4682 0.3047
vn -0.8363 -0.4923 0.2413
vn -0.8424 -0.4245 0.3318
vn -0.8460 -0.4531 0.2810
vn -0.8421 -0.4054 0.3557
vn -0.8453 -0.4281 0.3195
vn -0.8426 -0.3897 0.3717
vn -0.8470 -0.4031 0.3464
vn -0.8460 -0.3743 0.3797
vn -0.8525 -0.3794 0.3595
vn -0.8507 -0.3609 0.3822
vn -0.8592 -0.3614 0.3623
vn -0.8554 -0.3510 0.3809
vn -0.8655 -0.3488 0.3595
vn -0.8598 -0.3458 0.3757
vn -0.8710 -0.3408 0.3538
vn -0.8643 -0.3445 0.3664
vn -0.8752 -0.3375 0.3467
vn -0.8681 -0.3466 0.3554
vn -0.8775 -0.3393 0.3388
vn -0.8697 -0.3537 0.3443
vn -0.8802 -0.3435 0.3275
vn -0.8721 -0.3607 0.3308
vn -0.8887 -0.3426 0.3046
vn -0.8874 -0.3365 0.3152
vn -0.9106 -0.3140 0.2688
vn -0.9199 -0.2444 0.3066
vn -0.9429 -0.2356 0.2356
vn -0.9418 -0.1231 0.3130
vn -0.9627 -0.1435 0.2293
vn -0.9379 -0.0569 0.3421
vn -0.9596 -0.1054 0.2608
vn -0.9149 -0.0526 0.4002
vn -0.9403 -0.1210 0.3181
vn -0.8746 -0.0661 0.4803
vn -0.9099 -0.1485 0.3874
vn -0.8216 -0.0491 0.5679
vn -0.8767 -0.1318 0.4627
vn -0.7664 0.0266 0.6418
vn -0.8471 -0.0341 0.5303
vn -0.7186 0.1231 0.6844
vn -0.8164 0.0951 0.5697
vn -0.6871 0.1967 0.6994
vn -0.7896 0.1924 0.5827
vn -0.6734 0.2386 0.6997
vn -0.7720 0.2471 0.5856
vn -0.6753 0.2511 0.6935
vn -0.7653 0.2671 0.5856
vn -0.6875 0.2476 0.6827
vn -0.7675 0.2691 0.5818
vn -0.7051 0.2417 0.6666
vn -0.7748 0.2678 0.5727
vn -0.7250 0.2387 0.6460
vn -0.7852 0.2679 0.5583
vn -0.7438 0.2408 0.6235
vn -0.7973 0.2713 0.5392
vn -0.7592 0.2471 0.6021
vn -0.8102 0.2776 0.5162
vn -0.7685 0.2617 0.5839
vn -0.8208 0.2905 0.4918
vn -0.7581 0.3125 0.5724
vn -0.8162 0.3308 0.4737
vn -0.7091 0.4113 0.5727
vn -0.7790 0.4106 0.4740
vn -0.6258 0.5196 0.5817
vn -0.7047 0.5095 0.4937
vn -0.5356 0.6079 0.5861
vn -0.6071 0.6054 0.5148
vn -0.4647 0.6685 0.5807
vn -0.5181 0.6737 0.5270
vn -0.4230 0.6991 0.5765
vn -0.4618 0.7032 0.5406
vn -0.3972 0.7136 0.5771
vn -0.4243 0.7148 0.5559
vn -0.3764 0.7260 0.5755
vn -0.3909 0.7284 0.5627
vn -0.3624 0.7383 0.5689
vn -0.3668 0.7433 0.5594
vn -0.3547 0.7487 0.5600
vn -0.3551 0.7539 0.5527
vn -0.3429 0.7608 0.5510
vn -0.3443 0.7630 0.5471
vn -0.3165 0.7766 0.5448
vn -0.3223 0.7742 0.5447
vn -0.2784 0.7915 0.5441
vn -0.2868 0.7872 0.5460
vn -0.4400 -0.8473 0.2973
vn -0.4288 -0.8814 0.1979
vn -0.5211 -0.7726 0.3627
vn -0.5131 -0.8136 0.2733
vn -0.5390 -0.7400 0.4023
vn -0.5448 -0.7733 0.3244
vn -0.5730 -0.7007 0.4250
vn -0.5985 -0.7189 0.3535
vn -0.6372 -0.6360 0.4353
vn -0.6764 -0.6396 0.3652
vn -0.7154 -0.5399 0.4435
vn -0.7544 -0.5410 0.3717
vn -0.7731 -0.4428 0.4541
vn -0.8058 -0.4511 0.3835
vn -0.7949 -0.3925 0.4627
vn -0.8237 -0.4052 0.3967
vn -0.7979 -0.3791 0.4686
vn -0.8259 -0.3910 0.4062
vn -0.7986 -0.3726 0.4728
vn -0.8276 -0.3812 0.4121
vn -0.8014 -0.3642 0.4744
vn -0.8311 -0.3701 0.4151
vn -0.8062 -0.3529 0.4748
vn -0.8354 -0.3586 0.4165
vn -0.8099 -0.3453 0.4742
vn -0.8390 -0.3506 0.4161
vn -0.8109 -0.3462 0.4718
vn -0.8418 -0.3492 0.4117
vn -0.8113 -0.3495 0.4687
vn -0.8455 -0.3510 0.4025
vn -0.8119 -0.3492 0.4679
vn -0.8497 -0.3530 0.3916
vn -0.8087 -0.3492 0.4733
vn -0.8508 -0.3586 0.3841
vn -0.7982 -0.3485 0.4914
vn -0.8476 -0.3655 0.3847
vn -0.7860 -0.3171 0.5308
vn -0.8512 -0.3410 0.3990
vn -0.7771 -0.2197 0.5898
vn -0.8696 -0.2443 0.4291
vn -0.7628 -0.0843 0.6411
vn -0.8820 -0.1077 0.4588
vn -0.7402 0.0207 0.6721
vn -0.8739 -0.0137 0.4859
vn -0.7105 0.0761 0.6996
vn -0.8473 0.0202 0.5308
vn -0.6702 0.1013 0.7352
vn -0.8012 0.0276 0.5978
vn -0.6206 0.1214 0.7747
vn -0.7394 0.0457 0.6718
vn -0.5701 0.1527 0.8073
vn -0.6744 0.0963 0.7320
vn -0.5303 0.1848 0.8274
vn -0.6220 0.1566 0.7672
vn -0.5073 0.2049 0.8371
vn -0.5911 0.2010 0.7812
vn -0.4997 0.2111 0.8401
vn -0.5807 0.2242 0.7826
vn -0.5040 0.2035 0.8394
vn -0.5864 0.2266 0.7777
vn -0.5163 0.1875 0.8356
vn -0.6025 0.2170 0.7681
vn -0.5349 0.1697 0.8277
vn -0.6248 0.2059 0.7531
vn -0.5591 0.1575 0.8140
vn -0.6508 0.1998 0.7325
vn -0.5872 0.1578 0.7939
vn -0.6760 0.2032 0.7083
vn -0.6148 0.1716 0.7698
vn -0.6965 0.2139 0.6849
vn -0.6307 0.2043 0.7486
vn -0.7074 0.2351 0.6666
vn -0.6142 0.2826 0.7368
vn -0.6926 0.2975 0.6571
vn -0.5497 0.4072 0.7294
vn -0.6342 0.4104 0.6553
vn -0.4644 0.5155 0.7201
vn -0.5474 0.5215 0.6546
vn -0.4049 0.5786 0.7080
vn -0.4703 0.5992 0.6479
vn -0.3792 0.6222 0.6849
vn -0.4202 0.6521 0.6311
vn -0.3707 0.6605 0.6529
vn -0.3941 0.6855 0.6122
vn -0.3646 0.6906 0.6246
vn -0.3787 0.7060 0.5985
vn -0.3585 0.7101 0.6060
vn -0.3670 0.7204 0.5885
vn -0.3529 0.7226 0.5944
vn -0.3592 0.7317 0.5792
vn -0.3448 0.7328 0.5867
vn -0.3530 0.7419 0.5701
vn -0.3269 0.7464 0.5797
vn -0.3387 0.7557 0.5606
vn -0.2954 0.7672 0.5694
vn -0.3081 0.7751 0.5516
vn -0.2600 0.7885 0.5575
vn -0.2688 0.7930 0.5467
vn -0.4220 -0.7732 0.4733
vn -0.4350 -0.8060 0.4014
vn -0.5021 -0.6937 0.5164
vn -0.5149 -0.7280 0.4526
vn -0.5133 -0.6717 0.5342
vn -0.5264 -0.7041 0.4765
vn -0.5185 -0.6549 0.5497
vn -0.5446 -0.6804 0.4904
vn -0.5470 -0.6130 0.5701
vn -0.5932 -0.6304 0.5008
vn -0.6036 -0.5262 0.5991
vn -0.6664 -0.5384 0.5158
vn -0.6578 -0.4233 0.6230
vn -0.7266 -0.4359 0.5311
vn -0.6856 -0.3559 0.6351
vn -0.7517 -0.3777 0.5407
vn -0.6912 -0.3282 0.6438
vn -0.7547 -0.3598 0.5485
vn -0.6861 -0.3234 0.6517
vn -0.7520 -0.3554 0.5551
vn -0.6812 -0.3234 0.6568
vn -0.7519 -0.3508 0.5582
vn -0.6822 -0.3154 0.6596
vn -0.7561 -0.3402 0.5591
vn -0.6856 -0.3042 0.6614
vn -0.7603 -0.3311 0.5589
vn -0.6835 -0.2952 0.6676
vn -0.7598 -0.3298 0.5603
vn -0.6722 -0.2884 0.6819
vn -0.7549 -0.3304 0.5666
vn -0.6560 -0.2835 0.6995
vn -0.7478 -0.3266 0.5781
vn -0.6399 -0.2763 0.7171
vn -0.7378 -0.3199 0.5944
vn -0.6226 -0.2578 0.7389
vn -0.7213 -0.3082 0.6203
vn -0.5998 -0.2046 0.7735
vn -0.6978 -0.2652 0.6654
vn -0.5649 -0.0998 0.8191
vn -0.6665 -0.1649 0.7270
vn -0.5167 0.0169 0.8560
vn -0.6254 -0.0396 0.7793
vn -0.4700 0.0948 0.8776
vn -0.5852 0.0547 0.8090
vn -0.4343 0.1357 0.8905
vn -0.5529 0.1095 0.8260
vn -0.4090 0.1572 0.8989
vn -0.5242 0.1395 0.8401
vn -0.3916 0.1711 0.9041
vn -0.4956 0.1600 0.8537
vn -0.3803 0.1844 0.9063
vn -0.4686 0.1811 0.8647
vn -0.3746 0.1942 0.9066
vn -0.4480 0.1982 0.8718
vn -0.3741 0.1963 0.9064
vn -0.4362 0.2050 0.8762
vn -0.3769 0.1905 0.9065
vn -0.4324 0.2012 0.8789
vn -0.3811 0.1771 0.9074
vn -0.4348 0.1877 0.8808
vn -0.3857 0.1566 0.9092
vn -0.4416 0.1672 0.8815
vn -0.3912 0.1306 0.9110
vn -0.4528 0.1435 0.8800
vn -0.3986 0.1050 0.9111
vn -0.4694 0.1232 0.8744
vn -0.4079 0.0889 0.9087
vn -0.4924 0.1144 0.8628
vn -0.4138 0.1003 0.9048
vn -0.5171 0.1269 0.8464
vn -0.4038 0.1534 0.9019
vn -0.5284 0.1716 0.8315
vn -0.3683 0.2487 0.8958
vn -0.5058 0.2644 0.8211
vn -0.3133 0.3671 0.8758
vn -0.4415 0.3940 0.8061
vn -0.2695 0.4539 0.8493
vn -0.3696 0.4949 0.7864
vn -0.2619 0.4875 0.8329
vn -0.3347 0.5418 0.7710
vn -0.2776 0.5098 0.8143
vn -0.3335 0.5743 0.7476
vn -0.2923 0.5553 0.7786
vn -0.3403 0.6176 0.7091
vn -0.2988 0.6083 0.7353
vn -0.3414 0.6600 0.6692
vn -0.3031 0.6463 0.7004
vn -0.3395 0.6879 0.6415
vn -0.3054 0.6720 0.6746
vn -0.3359 0.7050 0.6246
vn -0.3023 0.6944 0.6529
vn -0.3269 0.7187 0.6137
vn -0.2938 0.7174 0.6317
vn -0.3092 0.7342 0.6044
vn -0.2815 0.7438 0.6062
vn -0.2838 0.7558 0.5901
vn -0.2655 0.7735 0.5756
vn -0.2578 0.7806 0.5694
vn -0.3960 -0.7594 0.5162
vn -0.4081 -0.7575 0.5095
vn -0.4854 -0.6657 0.5668
vn -0.4910 -0.6741 0.5519
vn -0.5082 -0.6046 0.6134
vn -0.5064 -0.6409 0.5770
vn -0.4937 -0.5616 0.6639
vn -0.5012 -0.6181 0.6056
vn -0.4736 -0.5146 0.7148
vn -0.5062 -0.5763 0.6416
vn -0.4688 -0.4456 0.7626
vn -0.5346 -0.4967 0.6837
vn -0.4795 -0.3684 0.7965
vn -0.5715 -0.4019 0.7155
vn -0.4996 -0.3055 0.8106
vn -0.5988 -0.3301 0.7297
vn -0.5226 -0.2648 0.8104
vn -0.6118 -0.2917 0.7352
vn -0.5362 -0.2455 0.8076
vn -0.6113 -0.2821 0.7394
vn -0.5340 -0.2395 0.8109
vn -0.6041 -0.2837 0.7447
vn -0.5233 -0.2363 0.8188
vn -0.5992 -0.2799 0.7501
vn -0.5110 -0.2194 0.8311
vn -0.5976 -0.2668 0.7561
vn -0.4907 -0.1783 0.8529
vn -0.5901 -0.2440 0.7695
vn -0.4550 -0.1378 0.8798
vn -0.5688 -0.2231 0.7916
vn -0.4109 -0.1247 0.9031
vn -0.5391 -0.2165 0.8139
vn -0.3691 -0.1267 0.9207
vn -0.5108 -0.2138 0.8327
vn -0.3341 -0.1174 0.9352
vn -0.4866 -0.1961 0.8513
vn -0.3063 -0.0766 0.9488
vn -0.4635 -0.1419 0.8747
vn -0.2803 0.0037 0.9599
vn -0.4334 -0.0410 0.9003
vn -0.2545 0.0879 0.9631
vn -0.3934 0.0646 0.9171
vn -0.2353 0.1382 0.9621
vn -0.3555 0.1286 0.9258
vn -0.2233 0.1579 0.9619
vn -0.3267 0.1561 0.9321
vn -0.2173 0.1594 0.9630
vn -0.3080 0.1648 0.9370
vn -0.2165 0.1539 0.9641
vn -0.2988 0.1670 0.9396
vn -0.2197 0.1493 0.9641
vn -0.2968 0.1708 0.9395
vn -0.2279 0.1436 0.9630
vn -0.3008 0.1738 0.9377
vn -0.2438 0.1342 0.9605
vn -0.3103 0.1728 0.9348
vn -0.2664 0.1295 0.9551
vn -0.3233 0.1687 0.9311
vn -0.2868 0.1364 0.9482
vn -0.3349 0.1627 0.9281
vn -0.2977 0.1409 0.9442
vn -0.3418 0.1501 0.9277
vn -0.3004 0.1299 0.9449
vn -0.3447 0.1279 0.9300
vn -0.2951 0.1156 0.9485
vn -0.3442 0.1039 0.9331
vn -0.2772 0.1150 0.9539
vn -0.3379 0.0902 0.9368
vn -0.2453 0.1389 0.9595
vn -0.3212 0.1058 0.9411
vn -0.2053 0.1902 0.9600
vn -0.2897 0.1620 0.9433
vn -0.1687 0.2544 0.9523
vn -0.2471 0.2461 0.9372
vn -0.1471 0.3174 0.9368
vn -0.2086 0.3387 0.9175
vn -0.1463 0.3621 0.9206
vn -0.1921 0.4052 0.8938
vn -0.1633 0.3775 0.9115
vn -0.2024 0.4286 0.8805
vn -0.1857 0.3906 0.9016
vn -0.2244 0.4445 0.8672
vn -0.2046 0.4320 0.8784
vn -0.2416 0.4889 0.8382
vn -0.2221 0.4902 0.8428
vn -0.2533 0.5471 0.7978
vn -0.2415 0.5425 0.8046
vn -0.2651 0.5938 0.7597
vn -0.2603 0.5861 0.7673
vn -0.2760 0.6293 0.7265
vn -0.2760 0.6252 0.7300
vn -0.2835 0.6614 0.6944
vn -0.2872 0.6631 0.6913
vn -0.2876 0.6934 0.6607
vn -0.2896 0.7022 0.6504
vn -0.2869 0.7269 0.6239
vn -0.2769 0.7435 0.6087
vn -0.2757 0.7628 0.5849
vn -0.3490 -0.7250 0.5938
vn -0.3796 -0.7576 0.5309
vn -0.4288 -0.6039 0.6719
vn -0.4725 -0.6481 0.5972
vn -0.4645 -0.4747 0.7476
vn -0.5042 -0.5495 0.6662
vn -0.4481 -0.3644 0.8164
vn -0.4843 -0.4757 0.7343
vn -0.3986 -0.2930 0.8690
vn -0.4428 -0.4201 0.7921
vn -0.3467 -0.2586 0.9016
vn -0.4079 -0.3668 0.8361
vn -0.3119 -0.2412 0.9190
vn -0.3913 -0.3162 0.8642
vn -0.2989 -0.2255 0.9272
vn -0.3954 -0.2742 0.8766
vn -0.3065 -0.2090 0.9286
vn -0.4169 -0.2418 0.8762
vn -0.3262 -0.1875 0.9265
vn -0.4411 -0.2151 0.8713
vn -0.3419 -0.1537 0.9271
vn -0.4497 -0.1931 0.8720
vn -0.3366 -0.1112 0.9351
vn -0.4390 -0.1775 0.8808
vn -0.3072 -0.0630 0.9496
vn -0.4147 -0.1502 0.8975
vn -0.2652 -0.0066 0.9642
vn -0.3794 -0.0961 0.9202
vn -0.2248 0.0368 0.9737
vn -0.3349 -0.0445 0.9412
vn -0.1952 0.0449 0.9797
vn -0.2906 -0.0285 0.9564
vn -0.1743 0.0318 0.9842
vn -0.2527 -0.0356 0.9669
vn -0.1583 0.0193 0.9872
vn -0.2224 -0.0392 0.9742
vn -0.1455 0.0220 0.9891
vn -0.1993 -0.0196 0.9797
vn -0.1343 0.0481 0.9898
vn -0.1802 0.0318 0.9831
vn -0.1268 0.0836 0.9884
vn -0.1660 0.0901 0.9820
vn -0.1244 0.1122 0.9859
vn -0.1594 0.1281 0.9789
vn -0.1257 0.1301 0.9835
vn -0.1581 0.1455 0.9766
vn -0.1284 0.1364 0.9823
vn -0.1596 0.1473 0.9761
vn -0.1299 0.1352 0.9823
vn -0.1622 0.1412 0.9766
vn -0.1297 0.1296 0.9830
vn -0.1654 0.1330 0.9772
vn -0.1297 0.1135 0.9850
vn -0.1714 0.1190 0.9780
vn -0.1333 0.0854 0.9874
vn -0.1844 0.0971 0.9780
vn -0.1412 0.0706 0.9875
vn -0.2046 0.0872 0.9750
vn -0.1486 0.0907 0.9847
vn -0.2237 0.1054 0.9689
vn -0.1518 0.1217 0.9809
vn -0.2334 0.1283 0.9639
vn -0.1519 0.1361 0.9790
vn -0.2355 0.1320 0.9629
vn -0.1462 0.1496 0.9779
vn -0.2291 0.1325 0.9643
vn -0.1292 0.1800 0.9751
vn -0.2079 0.1500 0.9666
vn -0.1045 0.2142 0.9712
vn -0.1738 0.1816 0.9679
vn -0.0836 0.2393 0.9674
vn -0.1391 0.2205 0.9654
vn -0.0724 0.2584 0.9633
vn -0.1153 0.2603 0.9586
vn -0.0711 0.2761 0.9585
vn -0.1066 0.2972 0.9488
vn -0.0786 0.2883 0.9543
vn -0.1128 0.3231 0.9396
vn -0.0926 0.2918 0.9520
vn -0.1298 0.3321 0.9343
vn -0.1105 0.2992 0.9478
vn -0.1506 0.3432 0.9271
vn -0.1325 0.3260 0.9360
vn -0.1716 0.3793 0.9092
vn -0.1610 0.3714 0.9144
vn -0.1954 0.4332 0.8799
vn -0.1928 0.4284 0.8828
vn -0.2221 0.4886 0.8438
vn -0.2200 0.4881 0.8446
vn -0.2468 0.5397 0.8049
vn -0.2385 0.5412 0.8063
vn -0.2662 0.5849 0.7662
vn -0.2474 0.5893 0.7691
vn -0.2778 0.6275 0.7273
vn -0.2464 0.6377 0.7298
vn -0.2779 0.6716 0.6868
vn -0.2374 0.6859 0.6879
vn -0.2638 0.7172 0.6450
vn -0.2380 -0.5893 0.7720
vn -0.3006 -0.6604 0.6881
vn -0.2473 -0.4739 0.8451
vn -0.3472 -0.5383 0.7679
vn -0.2446 -0.3416 0.9075
vn -0.3700 -0.3984 0.8393
vn -0.2258 -0.1880 0.9559
vn -0.3574 -0.2571 0.8979
vn -0.1947 -0.0783 0.9777
vn -0.3138 -0.1612 0.9357
vn -0.1705 -0.0587 0.9836
vn -0.2672 -0.1393 0.9535
vn -0.1549 -0.0825 0.9845
vn -0.2342 -0.1527 0.9601
vn -0.1437 -0.1050 0.9840
vn -0.2165 -0.1637 0.9625
vn -0.1369 -0.1169 0.9837
vn -0.2132 -0.1659 0.9628
vn -0.1349 -0.1169 0.9839
vn -0.2208 -0.1576 0.9625
vn -0.1388 -0.0997 0.9853
vn -0.2324 -0.1255 0.9645
vn -0.1396 -0.0463 0.9891
vn -0.2320 -0.0637 0.9706
vn -0.1214 0.0210 0.9924
vn -0.2052 0.0065 0.9787
vn -0.1012 0.0810 0.9916
vn -0.1704 0.0620 0.9834
vn -0.0837 0.1212 0.9891
vn -0.1444 0.0907 0.9854
vn -0.0699 0.1241 0.9898
vn -0.1286 0.0890 0.9877
vn -0.0569 0.1086 0.9925
vn -0.1182 0.0720 0.9904
vn -0.0434 0.0956 0.9945
vn -0.1093 0.0576 0.9923
vn -0.0327 0.0857 0.9958
vn -0.1019 0.0522 0.9934
vn -0.0245 0.0782 0.9966
vn -0.0956 0.0593 0.9937
vn -0.0134 0.0851 0.9963
vn -0.0899 0.0772 0.9930
vn -0.0020 0.1156 0.9933
vn -0.0859 0.1019 0.9911
vn -0.0000 0.1434 0.9897
vn -0.0859 0.1233 0.9886
vn -0.0029 0.1482 0.9889
vn -0.0877 0.1331 0.9872
vn -0.0031 0.1438 0.9896
vn -0.0874 0.1359 0.9869
vn -0.0001 0.1399 0.9902
vn -0.0844 0.1350 0.9872
vn 0.0053 0.1346 0.9909
vn -0.0800 0.1241 0.9890
vn 0.0091 0.1280 0.9917
vn -0.0775 0.1017 0.9918
vn 0.0083 0.1273 0.9918
vn -0.0775 0.0887 0.9930
vn 0.0069 0.1404 0.9901
vn -0.0765 0.1047 0.9916
vn 0.0043 0.1565 0.9877
vn -0.0750 0.1318 0.9884
vn -0.0001 0.1634 0.9866
vn -0.0741 0.1479 0.9862
vn -0.0039 0.1720 0.9851
vn -0.0704 0.1652 0.9837
vn -0.0065 0.1930 0.9812
vn -0.0612 0.1966 0.9786
vn -0.0095 0.2160 0.9764
vn -0.0498 0.2270 0.9726
vn -0.0149 0.2309 0.9729
vn -0.0427 0.2431 0.9691
vn -0.0209 0.2395 0.9707
vn -0.0409 0.2514 0.9670
vn -0.0265 0.2449 0.9692
vn -0.0436 0.2585 0.9650
vn -0.0323 0.2470 0.9685
vn -0.0501 0.2628 0.9636
vn -0.0388 0.2449 0.9688
vn -0.0602 0.2622 0.9631
vn -0.0471 0.2425 0.9690
vn -0.0738 0.2640 0.9617
vn -0.0596 0.2469 0.9672
vn -0.0932 0.2787 0.9558
vn -0.0779 0.2714 0.9593
vn -0.1203 0.3129 0.9421
vn -0.0988 0.3301 0.9388
vn -0.1505 0.3709 0.9164
vn -0.1154 0.4080 0.9057
vn -0.1748 0.4404 0.8806
vn -0.1252 0.4770 0.8700
vn -0.1894 0.5023 0.8437
vn -0.1310 0.5316 0.8368
vn -0.1957 0.5550 0.8085
vn -0.1365 0.5764 0.8057
vn -0.1972 0.6039 0.7723
vn -0.1453 0.6134 0.7763
vn -0.1981 0.6492 0.7343
vn 0.0118 -0.8719 0.4895
vn 0.0116 -0.8374 0.5465
vn 0.0651 -0.8276 0.5575
vn 0.0499 -0.7696 0.6366
vn 0.0420 -0.7000 0.7129
vn 0.0091 -0.7865 0.6176
vn 0.1322 -0.7654 0.6298
vn 0.0861 -0.6838 0.7246
vn 0.2402 -0.6433 0.7270
vn 0.1483 -0.5495 0.8222
vn 0.0883 -0.4555 0.8858
vn 0.0603 -0.5976 0.7995
vn 0.3528 -0.4773 0.8048
vn 0.2219 -0.3969 0.8907
vn 0.4194 -0.3674 0.8302
vn 0.2761 -0.3035 0.9119
vn 0.1435 -0.2265 0.9634
vn 0.1201 -0.3140 0.9418
vn 0.4564 -0.3240 0.8287
vn 0.3098 -0.2600 0.9145
vn 0.4866 -0.2887 0.8246
vn 0.3314 -0.2238 0.9166
vn 0.1656 -0.1395 0.9763
vn 0.1578 -0.1769 0.9715
vn 0.5123 -0.2578 0.8192
vn 0.3458 -0.1928 0.9183
vn 0.5315 -0.2400 0.8124
vn 0.3561 -0.1720 0.9185
vn 0.1722 -0.0982 0.9802
vn 0.1693 -0.1126 0.9791
vn 0.5455 -0.2217 0.8083
vn 0.3665 -0.1531 0.9177
vn 0.5561 -0.1820 0.8109
vn 0.3807 -0.1196 0.9169
vn 0.1991 -0.0929 0.9756
vn 0.1795 -0.0949 0.9792
vn 0.5627 -0.0984 0.8208
vn 0.3991 -0.0422 0.9159
vn 0.5554 0.0357 0.8308
vn 0.4077 0.0903 0.9086
vn 0.2744 0.0967 0.9567
vn 0.2380 -0.0395 0.9705
vn 0.5249 0.1757 0.8328
vn 0.3945 0.2250 0.8909
vn 0.4830 0.2766 0.8308
vn 0.3690 0.3132 0.8751
vn 0.2683 0.3227 0.9077
vn 0.2807 0.2411 0.9290
vn 0.4446 0.3294 0.8330
vn 0.3433 0.3485 0.8722
vn 0.4165 0.3396 0.8433
vn 0.3217 0.3398 0.8837
vn 0.2456 0.3278 0.9123
vn 0.2551 0.3446 0.9034
vn 0.3989 0.3326 0.8545
vn 0.3059 0.3159 0.8981
vn 0.3871 0.3279 0.8617
vn 0.2977 0.2997 0.9064
vn 0.2415 0.2717 0.9316
vn 0.2404 0.2971 0.9241
vn 0.3758 0.3153 0.8714
vn 0.2959 0.2844 0.9119
vn 0.3629 0.2838 0.8876
vn 0.2956 0.2599 0.9193
vn 0.2559 0.2356 0.9376
vn 0.2484 0.2523 0.9352
vn 0.3485 0.2429 0.9053
vn 0.2924 0.2294 0.9284
vn 0.3340 0.2040 0.9202
vn 0.2852 0.1978 0.9378
vn 0.2531 0.1949 0.9476
vn 0.2578 0.2177 0.9414
vn 0.3209 0.1706 0.9316
vn 0.2755 0.1685 0.9464
vn 0.3095 0.1439 0.9399
vn 0.2645 0.1443 0.9535
vn 0.2352 0.1507 0.9602
vn 0.2449 0.1708 0.9544
vn 0.2997 0.1256 0.9457
vn 0.2528 0.1279 0.9590
vn 0.2903 0.1158 0.9499
vn 0.2407 0.1196 0.9632
vn 0.2134 0.1311 0.9681
vn 0.2247 0.1372 0.9647
vn 0.2801 0.1088 0.9538
vn 0.2282 0.1144 0.9669
vn 0.2687 0.0982 0.9582
vn 0.2154 0.1062 0.9707
vn 0.1874 0.1207 0.9748
vn 0.2010 0.1275 0.9713
vn 0.2565 0.0798 0.9632
vn 0.2026 0.0906 0.9751
vn 0.2455 0.0522 0.9680
vn 0.1900 0.0657 0.9796
vn 0.1586 0.0847 0.9837
vn 0.1731 0.1070 0.9791
vn 0.2404 0.0254 0.9703
vn 0.1790 0.0376 0.9831
vn 0.2492 0.0123 0.9684
vn 0.1718 0.0161 0.9850
vn 0.1299 0.0397 0.9907
vn 0.1442 0.0593 0.9878
vn 0.2793 0.0302 0.9597
vn 0.1733 0.0190 0.9847
vn 0.3258 0.0903 0.9411
vn 0.1887 0.0594 0.9802
vn 0.1071 0.0686 0.9919
vn 0.1166 0.0396 0.9924
vn 0.3742 0.1658 0.9124
vn 0.2181 0.1225 0.9682
vn 0.4103 0.2299 0.8825
vn 0.2471 0.1900 0.9502
vn 0.1050 0.1760 0.9788
vn 0.1045 0.1181 0.9875
vn 0.4076 0.2977 0.8633
vn 0.2484 0.2622 0.9325
vn 0.3543 0.3725 0.8577
vn 0.2103 0.3303 0.9201
vn 0.0837 0.2812 0.9560
vn 0.0985 0.2340 0.9672
vn 0.2842 0.4158 0.8639
vn 0.1640 0.3629 0.9173
vn 0.2351 0.4175 0.8777
vn 0.1383 0.3609 0.9223
vn 0.0659 0.3033 0.9506
vn 0.0703 0.3031 0.9504
vn 0.1999 0.4302 0.8803
vn 0.1240 0.3726 0.9197
vn 0.1614 0.5020 0.8497
vn 0.1069 0.4410 0.8911
vn 0.0594 0.3857 0.9207
vn 0.0649 0.3187 0.9456
vn 0.1280 0.5993 0.7902
vn 0.0908 0.5372 0.8386
vn 0.1166 0.6628 0.7397
vn 0.0860 0.6064 0.7905
vn 0.0502 0.5526 0.8319
vn 0.0521 0.4800 0.8757
vn 0.1159 0.6938 0.7108
vn 0.0860 0.6464 0.7581
vn 0.1066 0.7182 0.6877
vn 0.0800 0.6779 0.7308
vn 0.0477 0.6338 0.7720
vn 0.0504 0.5986 0.7995
vn 0.0794 0.7494 0.6573
vn 0.0622 0.7151 0.6962
vn 0.0384 0.6721 0.7394
vn 0.0382 -0.9391 0.3416
vn 0.0207 -0.9040 0.4271
vn 0.1307 -0.9187 0.3727
vn 0.0949 -0.8778 0.4696
vn 0.2529 -0.8726 0.4178
vn 0.1950 -0.8323 0.5189
vn 0.4090 -0.7702 0.4894
vn 0.3389 -0.7231 0.6020
vn 0.5469 -0.6147 0.5684
vn 0.4711 -0.5553 0.6853
vn 0.6229 -0.4831 0.6153
vn 0.5382 -0.4285 0.7258
vn 0.6642 -0.4042 0.6289
vn 0.5725 -0.3683 0.7326
vn 0.6966 -0.3472 0.6279
vn 0.6052 -0.3234 0.7274
vn 0.7183 -0.3100 0.6229
vn 0.6344 -0.2901 0.7165
vn 0.7285 -0.2976 0.6170
vn 0.6548 -0.2774 0.7030
vn 0.7333 -0.2933 0.6134
vn 0.6686 -0.2688 0.6934
vn 0.7377 -0.2739 0.6171
vn 0.6789 -0.2402 0.6939
vn 0.7413 -0.2229 0.6331
vn 0.6852 -0.1700 0.7082
vn 0.7370 -0.1311 0.6631
vn 0.6776 -0.0497 0.7337
vn 0.7156 -0.0147 0.6984
vn 0.6446 0.0873 0.7595
vn 0.6800 0.1042 0.7258
vn 0.5955 0.2023 0.7774
vn 0.6416 0.2138 0.7367
vn 0.5492 0.2830 0.7863
vn 0.6089 0.3022 0.7335
vn 0.5175 0.3292 0.7898
vn 0.5861 0.3533 0.7291
vn 0.5003 0.3491 0.7923
vn 0.5707 0.3662 0.7350
vn 0.4879 0.3527 0.7985
vn 0.5546 0.3492 0.7553
vn 0.4710 0.3375 0.8150
vn 0.5330 0.3087 0.7878
vn 0.4481 0.2997 0.8423
vn 0.5072 0.2607 0.8214
vn 0.4230 0.2528 0.8701
vn 0.4826 0.2215 0.8473
vn 0.4006 0.2114 0.8915
vn 0.4645 0.1931 0.8643
vn 0.3836 0.1783 0.9061
vn 0.4549 0.1732 0.8735
vn 0.3727 0.1530 0.9152
vn 0.4540 0.1605 0.8764
vn 0.3671 0.1357 0.9202
vn 0.4606 0.1528 0.8744
vn 0.3645 0.1254 0.9227
vn 0.4728 0.1443 0.8692
vn 0.3623 0.1162 0.9248
vn 0.4895 0.1291 0.8624
vn 0.3591 0.1022 0.9277
vn 0.5106 0.1047 0.8534
vn 0.3555 0.0797 0.9313
vn 0.5383 0.0739 0.8395
vn 0.3550 0.0498 0.9336
vn 0.5743 0.0600 0.8164
vn 0.3649 0.0297 0.9306
vn 0.6163 0.0848 0.7829
vn 0.3957 0.0374 0.9176
vn 0.6569 0.1363 0.7416
vn 0.4495 0.0777 0.8899
vn 0.6813 0.1941 0.7058
vn 0.5044 0.1468 0.8509
vn 0.6818 0.2441 0.6896
vn 0.5377 0.2167 0.8148
vn 0.6678 0.2828 0.6885
vn 0.5496 0.2663 0.7919
vn 0.6405 0.3349 0.6911
vn 0.5337 0.3216 0.7821
vn 0.5879 0.4121 0.6962
vn 0.4790 0.3971 0.7829
vn 0.5212 0.4804 0.7054
vn 0.4075 0.4529 0.7930
vn 0.4692 0.5243 0.7106
vn 0.3515 0.4707 0.8092
vn 0.4253 0.5813 0.6937
vn 0.3038 0.4983 0.8120
vn 0.3578 0.6746 0.6457
vn 0.2435 0.5801 0.7773
vn 0.2767 0.7570 0.5919
vn 0.1847 0.6745 0.7148
vn 0.2251 0.7873 0.5740
vn 0.1574 0.7249 0.6706
vn 0.1993 0.7864 0.5846
vn 0.1497 0.7415 0.6540
vn 0.1700 0.7865 0.5938
vn 0.1341 0.7545 0.6425
vn 0.1199 0.7990 0.5892
vn 0.0969 0.7765 0.6226
vn 0.0681 -0.9884 0.1358
vn 0.0551 -0.9697 0.2380
vn 0.1756 -0.9713 0.1604
vn 0.1596 -0.9506 0.2662
vn 0.3183 -0.9203 0.2275
vn 0.2949 -0.8990 0.3237
vn 0.4825 -0.8176 0.3143
vn 0.4539 -0.7964 0.3998
vn 0.6275 -0.6740 0.3897
vn 0.5941 -0.6511 0.4723
vn 0.7204 -0.5408 0.4343
vn 0.6815 -0.5195 0.5155
vn 0.7673 -0.4500 0.4568
vn 0.7296 -0.4304 0.5314
vn 0.7875 -0.3944 0.4736
vn 0.7570 -0.3704 0.5384
vn 0.7915 -0.3647 0.4904
vn 0.7675 -0.3348 0.5466
vn 0.7880 -0.3509 0.5059
vn 0.7668 -0.3210 0.5559
vn 0.7831 -0.3426 0.5191
vn 0.7630 -0.3146 0.5647
vn 0.7794 -0.3291 0.5332
vn 0.7609 -0.2986 0.5760
vn 0.7769 -0.3010 0.5529
vn 0.7604 -0.2612 0.5946
vn 0.7748 -0.2488 0.5811
vn 0.7580 -0.1940 0.6227
vn 0.7732 -0.1628 0.6129
vn 0.7494 -0.0988 0.6548
vn 0.7734 -0.0368 0.6329
vn 0.7343 0.0183 0.6786
vn 0.7716 0.1085 0.6268
vn 0.7145 0.1458 0.6842
vn 0.7631 0.2370 0.6012
vn 0.6900 0.2619 0.6748
vn 0.7486 0.3342 0.5727
vn 0.6651 0.3421 0.6638
vn 0.7338 0.3939 0.5535
vn 0.6476 0.3764 0.6626
vn 0.7269 0.4026 0.5564
vn 0.6364 0.3686 0.6776
vn 0.7224 0.3600 0.5904
vn 0.6234 0.3273 0.7101
vn 0.7076 0.3031 0.6383
vn 0.6030 0.2768 0.7482
vn 0.6881 0.2705 0.6733
vn 0.5808 0.2408 0.7776
vn 0.6773 0.2588 0.6887
vn 0.5654 0.2196 0.7951
vn 0.6773 0.2526 0.6910
vn 0.5597 0.2069 0.8025
vn 0.6836 0.2482 0.6863
vn 0.5631 0.2001 0.8018
vn 0.6944 0.2454 0.6764
vn 0.5755 0.1968 0.7938
vn 0.7111 0.2404 0.6607
vn 0.5970 0.1915 0.7790
vn 0.7356 0.2292 0.6374
vn 0.6279 0.1785 0.7576
vn 0.7693 0.2095 0.6036
vn 0.6679 0.1557 0.7277
vn 0.8099 0.1828 0.5574
vn 0.7157 0.1262 0.6869
vn 0.8482 0.1629 0.5039
vn 0.7633 0.1113 0.6364
vn 0.8729 0.1642 0.4594
vn 0.7976 0.1309 0.5888
vn 0.8808 0.1811 0.4375
vn 0.8120 0.1701 0.5584
vn 0.8762 0.2046 0.4364
vn 0.8081 0.2088 0.5507
vn 0.8635 0.2353 0.4461
vn 0.7911 0.2448 0.5605
vn 0.8450 0.2769 0.4575
vn 0.7678 0.2833 0.5747
vn 0.8175 0.3378 0.4664
vn 0.7368 0.3399 0.5844
vn 0.7729 0.4213 0.4745
vn 0.6869 0.4203 0.5929
vn 0.7107 0.5154 0.4788
vn 0.6230 0.5020 0.5999
vn 0.6408 0.6109 0.4649
vn 0.5674 0.5750 0.5894
vn 0.5726 0.6982 0.4297
vn 0.5198 0.6550 0.5484
vn 0.5044 0.7652 0.4000
vn 0.4534 0.7419 0.4940
vn 0.4319 0.8057 0.4053
vn 0.3694 0.8040 0.4659
vn 0.3657 0.8194 0.4414
vn 0.3030 0.8208 0.4842
vn 0.3108 0.8196 0.4813
vn 0.2583 0.8136 0.5209
vn 0.2563 0.8207 0.5107
vn 0.2133 0.8090 0.5477
vn 0.1816 0.8305 0.5267
vn 0.1490 0.8172 0.5568
vn 0.0752 -0.9967 0.0292
vn 0.0749 -0.9953 0.0610
vn 0.1745 -0.9825 0.0649
vn 0.1784 -0.9801 0.0867
vn 0.3229 -0.9371 0.1325
vn 0.3236 -0.9332 0.1562
vn 0.5033 -0.8378 0.2117
vn 0.4960 -0.8326 0.2467
vn 0.6583 -0.6978 0.2824
vn 0.6480 -0.6888 0.3249
vn 0.7497 -0.5705 0.3352
vn 0.7417 -0.5562 0.3749
vn 0.7903 -0.4881 0.3704
vn 0.7843 -0.4692 0.4057
vn 0.8076 -0.4394 0.3934
vn 0.8005 -0.4186 0.4290
vn 0.8150 -0.4127 0.4067
vn 0.8042 -0.3921 0.4467
vn 0.8192 -0.3980 0.4130
vn 0.8037 -0.3784 0.4593
vn 0.8223 -0.3903 0.4141
vn 0.8021 -0.3704 0.4684
vn 0.8255 -0.3855 0.4123
vn 0.8007 -0.3615 0.4777
vn 0.8305 -0.3766 0.4105
vn 0.7999 -0.3436 0.4920
vn 0.8409 -0.3504 0.4125
vn 0.8011 -0.3048 0.5151
vn 0.8663 -0.2676 0.4217
vn 0.8095 -0.2208 0.5440
vn 0.8990 -0.0900 0.4287
vn 0.8251 -0.0695 0.5606
vn 0.9019 0.1233 0.4140
vn 0.8322 0.1091 0.5436
vn 0.8798 0.2783 0.3853
vn 0.8276 0.2507 0.5022
vn 0.8551 0.3721 0.3611
vn 0.8163 0.3498 0.4597
vn 0.8340 0.4272 0.3491
vn 0.8017 0.4147 0.4306
vn 0.8292 0.4337 0.3526
vn 0.7961 0.4282 0.4276
vn 0.8407 0.3911 0.3746
vn 0.8000 0.3844 0.4607
vn 0.8474 0.3425 0.4058
vn 0.7949 0.3270 0.5111
vn 0.8426 0.3269 0.4279
vn 0.7811 0.3017 0.5467
vn 0.8370 0.3298 0.4366
vn 0.7733 0.2997 0.5588
vn 0.8368 0.3247 0.4409
vn 0.7750 0.2964 0.5581
vn 0.8394 0.3122 0.4450
vn 0.7807 0.2888 0.5542
vn 0.8418 0.2998 0.4488
vn 0.7868 0.2814 0.5493
vn 0.8443 0.2891 0.4512
vn 0.7943 0.2735 0.5425
vn 0.8487 0.2793 0.4491
vn 0.8060 0.2628 0.5304
vn 0.8580 0.2669 0.4389
vn 0.8245 0.2467 0.5093
vn 0.8731 0.2489 0.4192
vn 0.8496 0.2240 0.4775
vn 0.8913 0.2289 0.3913
vn 0.8758 0.2022 0.4383
vn 0.9080 0.2131 0.3607
vn 0.8957 0.1905 0.4017
vn 0.9198 0.2070 0.3334
vn 0.9065 0.1913 0.3765
vn 0.9254 0.2160 0.3115
vn 0.9090 0.2050 0.3629
vn 0.9252 0.2384 0.2951
vn 0.9049 0.2317 0.3572
vn 0.9191 0.2713 0.2858
vn 0.8939 0.2714 0.3569
vn 0.9022 0.3223 0.2867
vn 0.8719 0.3307 0.3610
vn 0.8671 0.3984 0.2992
vn 0.8324 0.4137 0.3687
vn 0.8071 0.4979 0.3175
vn 0.7713 0.5140 0.3753
vn 0.7201 0.6114 0.3280
vn 0.6899 0.6216 0.3710
vn 0.6297 0.7034 0.3298
vn 0.6055 0.7104 0.3588
vn 0.5658 0.7514 0.3396
vn 0.5375 0.7625 0.3602
vn 0.5158 0.7761 0.3627
vn 0.4771 0.7901 0.3848
vn 0.4582 0.7972 0.3930
vn 0.4147 0.8069 0.4207
vn 0.3957 0.8131 0.4270
vn 0.3545 0.8172 0.4544
vn 0.3319 0.8225 0.4618
vn 0.2950 0.8245 0.4829
vn 0.2454 0.8368 0.4895
vn 0.2141 0.8368 0.5039
vn 0.0774 -0.9970 -0.0075
vn 0.0749 -0.9971 0.0157
vn 0.1830 -0.9827 0.0287
vn 0.1752 -0.9827 0.0594
vn 0.3502 -0.9332 0.0809
vn 0.3319 -0.9354 0.1217
vn 0.5295 -0.8374 0.1357
vn 0.5156 -0.8367 0.1846
vn 0.6621 -0.7224 0.1994
vn 0.6635 -0.7064 0.2465
vn 0.7451 -0.6101 0.2695
vn 0.7502 -0.5871 0.3041
vn 0.7924 -0.5192 0.3202
vn 0.7921 -0.5041 0.3441
vn 0.8178 -0.4611 0.3445
vn 0.8131 -0.4531 0.3654
vn 0.8318 -0.4282 0.3532
vn 0.8247 -0.4240 0.3743
vn 0.8425 -0.4058 0.3542
vn 0.8329 -0.4065 0.3755
vn 0.8532 -0.3887 0.3477
vn 0.8404 -0.3962 0.3698
vn 0.8658 -0.3739 0.3324
vn 0.8488 -0.3898 0.3571
vn 0.8825 -0.3558 0.3077
vn 0.8604 -0.3813 0.3380
vn 0.9060 -0.3217 0.2749
vn 0.8793 -0.3574 0.3149
vn 0.9415 -0.2310 0.2455
vn 0.9150 -0.2729 0.2973
vn 0.9707 -0.0498 0.2351
vn 0.9525 -0.0847 0.2924
vn 0.9585 0.1495 0.2429
vn 0.9468 0.1363 0.2914
vn 0.9234 0.2799 0.2625
vn 0.9114 0.2878 0.2942
vn 0.8878 0.3581 0.2890
vn 0.8760 0.3743 0.3043
vn 0.8559 0.4129 0.3114
vn 0.8482 0.4246 0.3167
vn 0.8455 0.4279 0.3194
vn 0.8420 0.4302 0.3256
vn 0.8609 0.4006 0.3137
vn 0.8575 0.3934 0.3315
vn 0.8785 0.3702 0.3018
vn 0.8720 0.3557 0.3364
vn 0.8863 0.3600 0.2914
vn 0.8746 0.3458 0.3397
vn 0.8892 0.3558 0.2877
vn 0.8726 0.3464 0.3443
vn 0.8923 0.3449 0.2912
vn 0.8724 0.3380 0.3531
vn 0.8961 0.3287 0.2983
vn 0.8740 0.3226 0.3635
vn 0.8991 0.3118 0.3072
vn 0.8754 0.3075 0.3731
vn 0.9005 0.2981 0.3165
vn 0.8761 0.2953 0.3811
vn 0.9011 0.2895 0.3228
vn 0.8775 0.2864 0.3846
vn 0.9034 0.2820 0.3229
vn 0.8822 0.2772 0.3807
vn 0.9095 0.2712 0.3152
vn 0.8918 0.2635 0.3678
vn 0.9186 0.2572 0.3002
vn 0.9049 0.2467 0.3467
vn 0.9286 0.2428 0.2807
vn 0.9184 0.2311 0.3212
vn 0.9360 0.2360 0.2611
vn 0.9287 0.2236 0.2959
vn 0.9381 0.2454 0.2444
vn 0.9335 0.2319 0.2736
vn 0.9364 0.2637 0.2316
vn 0.9337 0.2516 0.2548
vn 0.9333 0.2810 0.2238
vn 0.9301 0.2761 0.2425
vn 0.9251 0.3054 0.2257
vn 0.9179 0.3138 0.2427
vn 0.9041 0.3509 0.2438
vn 0.8891 0.3764 0.2606
vn 0.8566 0.4359 0.2760
vn 0.8332 0.4703 0.2907
vn 0.7689 0.5616 0.3056
vn 0.7438 0.5901 0.3140
vn 0.6677 0.6701 0.3243
vn 0.6483 0.6894 0.3231
vn 0.5994 0.7243 0.3408
vn 0.5856 0.7394 0.3321
vn 0.5563 0.7508 0.3562
vn 0.5426 0.7646 0.3477
vn 0.5129 0.7745 0.3701
vn 0.4930 0.7873 0.3704
vn 0.4616 0.7987 0.3861
vn 0.4343 0.8062 0.4017
vn 0.3984 0.8242 0.4024
vn 0.3689 0.8207 0.4363
vn 0.3056 0.8562 0.4164
vn 0.2771 0.8415 0.4637
vn 0.0929 -0.9920 -0.0850
vn 0.0835 -0.9956 -0.0432
vn 0.2043 -0.9746 -0.0913
vn 0.1941 -0.9806 -0.0267
vn 0.3693 -0.9270 -0.0664
vn 0.3657 -0.9306 0.0120
vn 0.5196 -0.8544 -0.0077
vn 0.5331 -0.8434 0.0669
vn 0.6238 -0.7776 0.0787
vn 0.6491 -0.7474 0.1417
vn 0.7178 -0.6736 0.1761
vn 0.7338 -0.6400 0.2278
vn 0.7925 -0.5569 0.2487
vn 0.7920 -0.5364 0.2915
vn 0.8299 -0.4816 0.2817
vn 0.8229 -0.4691 0.3206
vn 0.8450 -0.4449 0.2968
vn 0.8381 -0.4328 0.3320
vn 0.8563 -0.4124 0.3108
vn 0.8497 -0.4046 0.3380
vn 0.8691 -0.3754 0.3222
vn 0.8620 -0.3779 0.3379
vn 0.8852 -0.3320 0.3258
vn 0.8770 -0.3502 0.3291
vn 0.9067 -0.2777 0.3174
vn 0.8966 -0.3162 0.3099
vn 0.9335 -0.2047 0.2945
vn 0.9225 -0.2653 0.2803
vn 0.9595 -0.0986 0.2638
vn 0.9537 -0.1672 0.2502
vn 0.9691 0.0423 0.2430
vn 0.9717 -0.0037 0.2363
vn 0.9551 0.1719 0.2413
vn 0.9568 0.1612 0.2421
vn 0.9333 0.2549 0.2527
vn 0.9280 0.2659 0.2609
vn 0.9082 0.3194 0.2705
vn 0.8971 0.3363 0.2864
vn 0.8754 0.3866 0.2904
vn 0.8634 0.3992 0.3085
vn 0.8520 0.4268 0.3033
vn 0.8465 0.4284 0.3161
vn 0.8544 0.4236 0.3011
vn 0.8574 0.4127 0.3075
vn 0.8685 0.4060 0.2846
vn 0.8755 0.3872 0.2892
vn 0.8803 0.3969 0.2598
vn 0.8867 0.3757 0.2695
vn 0.8910 0.3894 0.2332
vn 0.8944 0.3682 0.2541
vn 0.9027 0.3746 0.2115
vn 0.9020 0.3555 0.2451
vn 0.9147 0.3514 0.1996
vn 0.9096 0.3374 0.2424
vn 0.9248 0.3247 0.1985
vn 0.9159 0.3174 0.2459
vn 0.9310 0.3024 0.2043
vn 0.9194 0.3008 0.2533
vn 0.9338 0.2864 0.2143
vn 0.9207 0.2901 0.2611
vn 0.9344 0.2745 0.2270
vn 0.9217 0.2818 0.2664
vn 0.9338 0.2664 0.2390
vn 0.9244 0.2724 0.2669
vn 0.9337 0.2604 0.2456
vn 0.9292 0.2613 0.2614
vn 0.9355 0.2538 0.2459
vn 0.9352 0.2495 0.2512
vn 0.9369 0.2516 0.2426
vn 0.9395 0.2444 0.2399
vn 0.9358 0.2591 0.2389
vn 0.9393 0.2537 0.2309
vn 0.9330 0.2713 0.2366
vn 0.9362 0.2695 0.2257
vn 0.9299 0.2822 0.2359
vn 0.9328 0.2826 0.2239
vn 0.9263 0.2930 0.2369
vn 0.9273 0.2978 0.2269
vn 0.9183 0.3126 0.2430
vn 0.9136 0.3280 0.2403
vn 0.8914 0.3716 0.2595
vn 0.8764 0.4012 0.2664
vn 0.8252 0.4828 0.2931
vn 0.7964 0.5259 0.2987
vn 0.7282 0.5918 0.3457
vn 0.6933 0.6392 0.3327
vn 0.6364 0.6599 0.3993
vn 0.6144 0.6992 0.3657
vn 0.5660 0.7030 0.4306
vn 0.5620 0.7308 0.3873
vn 0.5128 0.7379 0.4389
vn 0.5177 0.7589 0.3950
vn 0.4631 0.7726 0.4342
vn 0.4699 0.7895 0.3947
vn 0.4039 0.8114 0.4225
vn 0.4097 0.8245 0.3903
vn 0.3235 0.8522 0.4112
vn 0.3215 0.8639 0.3877
vn 0.1149 -0.9817 -0.1516
vn 0.1037 -0.9869 -0.1236
vn 0.2129 -0.9600 -0.1819
vn 0.2101 -0.9665 -0.1471
vn 0.3421 -0.9237 -0.1723
vn 0.3588 -0.9239 -0.1328
vn 0.4640 -0.8776 -0.1209
vn 0.4927 -0.8671 -0.0737
vn 0.5666 -0.8219 -0.0579
vn 0.5929 -0.8052 0.0111
vn 0.6832 -0.7302 0.0062
vn 0.7011 -0.7056 0.1029
vn 0.7839 -0.6168 0.0710
vn 0.7931 -0.5832 0.1760
vn 0.8331 -0.5393 0.1231
vn 0.8363 -0.5039 0.2159
vn 0.8528 -0.4978 0.1576
vn 0.8511 -0.4676 0.2385
vn 0.8720 -0.4557 0.1787
vn 0.8636 -0.4324 0.2592
vn 0.8960 -0.4019 0.1888
vn 0.8796 -0.3868 0.2769
vn 0.9234 -0.3332 0.1905
vn 0.8998 -0.3285 0.2871
vn 0.9517 -0.2431 0.1876
vn 0.9243 -0.2525 0.2862
vn 0.9745 -0.1290 0.1834
vn 0.9499 -0.1546 0.2715
vn 0.9835 -0.0090 0.1806
vn 0.9682 -0.0391 0.2472
vn 0.9781 0.0952 0.1852
vn 0.9701 0.0805 0.2289
vn 0.9633 0.1789 0.2002
vn 0.9569 0.1808 0.2274
vn 0.9441 0.2471 0.2181
vn 0.9388 0.2508 0.2359
vn 0.9219 0.3083 0.2345
vn 0.9170 0.3119 0.2485
vn 0.8958 0.3643 0.2548
vn 0.8872 0.3758 0.2675
vn 0.8715 0.4032 0.2792
vn 0.8614 0.4185 0.2877
vn 0.8570 0.4202 0.2982
vn 0.8543 0.4268 0.2967
vn 0.8506 0.4289 0.3041
vn 0.8595 0.4217 0.2890
vn 0.8486 0.4385 0.2959
vn 0.8671 0.4207 0.2667
vn 0.8558 0.4355 0.2793
vn 0.8780 0.4157 0.2373
vn 0.8737 0.4077 0.2653
vn 0.8932 0.3964 0.2123
vn 0.8943 0.3656 0.2581
vn 0.9098 0.3643 0.1991
vn 0.9106 0.3249 0.2554
vn 0.9236 0.3288 0.1970
vn 0.9212 0.2944 0.2542
vn 0.9324 0.3000 0.2014
vn 0.9282 0.2706 0.2553
vn 0.9372 0.2781 0.2104
vn 0.9321 0.2514 0.2607
vn 0.9387 0.2615 0.2247
vn 0.9317 0.2456 0.2676
vn 0.9366 0.2549 0.2403
vn 0.9292 0.2497 0.2724
vn 0.9336 0.2551 0.2516
vn 0.9274 0.2541 0.2746
vn 0.9322 0.2550 0.2570
vn 0.9261 0.2588 0.2745
vn 0.9315 0.2565 0.2579
vn 0.9247 0.2657 0.2725
vn 0.9301 0.2631 0.2563
vn 0.9230 0.2744 0.2699
vn 0.9279 0.2727 0.2542
vn 0.9209 0.2835 0.2674
vn 0.9255 0.2825 0.2523
vn 0.9189 0.2920 0.2654
vn 0.9231 0.2917 0.2507
vn 0.9156 0.3033 0.2640
vn 0.9185 0.3055 0.2509
vn 0.9034 0.3364 0.2660
vn 0.9005 0.3498 0.2584
vn 0.8712 0.4026 0.2809
vn 0.8521 0.4375 0.2874
vn 0.8132 0.4856 0.3208
vn 0.7711 0.5347 0.3456
vn 0.7278 0.5680 0.3844
vn 0.6737 0.6133 0.4123
vn 0.6260 0.6347 0.4531
vn 0.5823 0.6709 0.4591
vn 0.5317 0.6807 0.5039
vn 0.5120 0.7116 0.4811
vn 0.4532 0.7202 0.5252
vn 0.4536 0.7479 0.4848
vn 0.3823 0.7619 0.5228
vn 0.3917 0.7876 0.4756
vn 0.3100 0.8024 0.5099
vn 0.3176 0.8280 0.4621
vn 0.1333 -0.9774 -0.1642
vn 0.1249 -0.9782 -0.1658
vn 0.2143 -0.9584 -0.1885
vn 0.2137 -0.9572 -0.1950
vn 0.3134 -0.9322 -0.1812
vn 0.3257 -0.9270 -0.1862
vn 0.4297 -0.8908 -0.1474
vn 0.4425 -0.8851 -0.1443
vn 0.5479 -0.8286 -0.1152
vn 0.5519 -0.8273 -0.1044
vn 0.6519 -0.7533 -0.0864
vn 0.6640 -0.7446 -0.0684
vn 0.7333 -0.6786 -0.0417
vn 0.7590 -0.6509 -0.0151
vn 0.7943 -0.6074 0.0127
vn 0.8151 -0.5777 0.0443
vn 0.8420 -0.5368 0.0528
vn 0.8478 -0.5232 0.0859
vn 0.8839 -0.4623 0.0714
vn 0.8785 -0.4663 0.1040
vn 0.9200 -0.3846 0.0750
vn 0.9101 -0.4011 0.1043
vn 0.9498 -0.3044 0.0726
vn 0.9406 -0.3258 0.0961
vn 0.9734 -0.2167 0.0740
vn 0.9681 -0.2336 0.0907
vn 0.9892 -0.1177 0.0875
vn 0.9878 -0.1219 0.0974
vn 0.9933 -0.0195 0.1136
vn 0.9931 -0.0093 0.1173
vn 0.9871 0.0661 0.1455
vn 0.9857 0.0844 0.1459
vn 0.9734 0.1453 0.1770
vn 0.9704 0.1634 0.1777
vn 0.9527 0.2243 0.2048
vn 0.9493 0.2371 0.2063
vn 0.9293 0.2910 0.2276
vn 0.9257 0.3014 0.2287
vn 0.9091 0.3345 0.2483
vn 0.9027 0.3500 0.2503
vn 0.8917 0.3623 0.2712
vn 0.8817 0.3832 0.2753
vn 0.8742 0.3847 0.2964
vn 0.8637 0.4050 0.3000
vn 0.8543 0.4079 0.3222
vn 0.8476 0.4239 0.3191
vn 0.8336 0.4299 0.3468
vn 0.8341 0.4418 0.3303
vn 0.8268 0.4281 0.3650
vn 0.8340 0.4390 0.3343
vn 0.8412 0.3932 0.3713
vn 0.8518 0.4034 0.3341
vn 0.8623 0.3501 0.3659
vn 0.8739 0.3560 0.3310
vn 0.8793 0.3182 0.3545
vn 0.8909 0.3179 0.3242
vn 0.8918 0.2949 0.3432
vn 0.9030 0.2917 0.3155
vn 0.9016 0.2739 0.3349
vn 0.9122 0.2695 0.3086
vn 0.9093 0.2559 0.3281
vn 0.9190 0.2505 0.3044
vn 0.9137 0.2495 0.3208
vn 0.9219 0.2444 0.3007
vn 0.9154 0.2529 0.3133
vn 0.9219 0.2490 0.2967
vn 0.9160 0.2584 0.3068
vn 0.9214 0.2549 0.2933
vn 0.9162 0.2643 0.3013
vn 0.9208 0.2610 0.2898
vn 0.9158 0.2710 0.2964
vn 0.9199 0.2681 0.2861
vn 0.9150 0.2782 0.2923
vn 0.9186 0.2762 0.2826
vn 0.9137 0.2855 0.2892
vn 0.9169 0.2845 0.2799
vn 0.9122 0.2922 0.2874
vn 0.9150 0.2922 0.2783
vn 0.9095 0.3009 0.2867
vn 0.9120 0.3021 0.2776
vn 0.9008 0.3277 0.2848
vn 0.9025 0.3300 0.2768
vn 0.8815 0.3806 0.2793
vn 0.8801 0.3854 0.2774
vn 0.8545 0.4385 0.2784
vn 0.8418 0.4542 0.2916
vn 0.8190 0.4872 0.3031
vn 0.7816 0.5237 0.3389
vn 0.7581 0.5412 0.3639
vn 0.6920 0.5887 0.4177
vn 0.6575 0.6082 0.4446
vn 0.5820 0.6458 0.4943
vn 0.5305 0.6747 0.5131
vn 0.4748 0.6960 0.5387
vn 0.4087 0.7313 0.5461
vn 0.3842 0.7417 0.5498
vn 0.3095 0.7778 0.5470
vn 0.3052 0.7833 0.5415
vn 0.1495 -0.9800 -0.1315
vn 0.1405 -0.9786 -0.1504
vn 0.2275 -0.9599 -0.1638
vn 0.2177 -0.9605 -0.1734
vn 0.3146 -0.9281 -0.1991
vn 0.3093 -0.9341 -0.1785
vn 0.4184 -0.8827 -0.2141
vn 0.4237 -0.8912 -0.1619
vn 0.5264 -0.8270 -0.1973
vn 0.5441 -0.8282 -0.1343
vn 0.6124 -0.7760 -0.1512
vn 0.6399 -0.7620 -0.0993
vn 0.6824 -0.7259 -0.0856
vn 0.7115 -0.7008 -0.0516
vn 0.7570 -0.6534 -0.0118
vn 0.7775 -0.6289 0.0029
vn 0.8285 -0.5570 0.0574
vn 0.8377 -0.5440 0.0481
vn 0.8845 -0.4531 0.1110
vn 0.8872 -0.4548 0.0778
vn 0.9241 -0.3530 0.1463
vn 0.9254 -0.3668 0.0956
vn 0.9506 -0.2619 0.1668
vn 0.9534 -0.2822 0.1069
vn 0.9675 -0.1777 0.1799
vn 0.9732 -0.1976 0.1175
vn 0.9767 -0.0960 0.1917
vn 0.9851 -0.1095 0.1327
vn 0.9789 -0.0156 0.2039
vn 0.9879 -0.0230 0.1531
vn 0.9748 0.0638 0.2138
vn 0.9830 0.0575 0.1746
vn 0.9650 0.1423 0.2202
vn 0.9714 0.1366 0.1943
vn 0.9495 0.2165 0.2271
vn 0.9529 0.2162 0.2128
vn 0.9318 0.2743 0.2378
vn 0.9316 0.2810 0.2307
vn 0.9175 0.3080 0.2516
vn 0.9142 0.3200 0.2485
vn 0.9059 0.3281 0.2678
vn 0.9000 0.3436 0.2681
vn 0.8934 0.3458 0.2868
vn 0.8850 0.3640 0.2904
vn 0.8775 0.3661 0.3097
vn 0.8662 0.3868 0.3163
vn 0.8585 0.3868 0.3367
vn 0.8446 0.4092 0.3452
vn 0.8460 0.3927 0.3607
vn 0.8337 0.4109 0.3689
vn 0.8481 0.3778 0.3716
vn 0.8423 0.3848 0.3775
vn 0.8598 0.3537 0.3684
vn 0.8597 0.3511 0.3710
vn 0.8739 0.3280 0.3587
vn 0.8758 0.3232 0.3586
vn 0.8861 0.3036 0.3502
vn 0.8881 0.2999 0.3483
vn 0.8952 0.2823 0.3448
vn 0.8975 0.2788 0.3418
vn 0.9017 0.2668 0.3404
vn 0.9045 0.2620 0.3364
vn 0.9052 0.2615 0.3350
vn 0.9087 0.2560 0.3299
vn 0.9068 0.2639 0.3288
vn 0.9106 0.2585 0.3226
vn 0.9078 0.2682 0.3225
vn 0.9116 0.2632 0.3158
vn 0.9085 0.2729 0.3164
vn 0.9122 0.2685 0.3096
vn 0.9089 0.2779 0.3110
vn 0.9122 0.2743 0.3043
vn 0.9088 0.2836 0.3060
vn 0.9118 0.2807 0.2997
vn 0.9085 0.2900 0.3009
vn 0.9110 0.2872 0.2959
vn 0.9084 0.2960 0.2955
vn 0.9102 0.2930 0.2928
vn 0.9078 0.3036 0.2894
vn 0.9084 0.3008 0.2904
vn 0.9010 0.3296 0.2821
vn 0.9003 0.3275 0.2869
vn 0.8827 0.3813 0.2746
vn 0.8814 0.3805 0.2800
vn 0.8608 0.4321 0.2690
vn 0.8587 0.4331 0.2741
vn 0.8452 0.4641 0.2652
vn 0.8383 0.4681 0.2796
vn 0.8273 0.4956 0.2644
vn 0.8049 0.5073 0.3078
vn 0.7879 0.5508 0.2754
vn 0.7352 0.5703 0.3664
vn 0.6958 0.6522 0.3007
vn 0.6155 0.6555 0.4376
vn 0.5415 0.7714 0.3342
vn 0.4654 0.7401 0.4854
vn 0.3776 0.8492 0.3691
vn 0.3324 0.7995 0.5003
vn 0.1879 -0.9634 -0.1912
vn 0.1675 -0.9764 -0.1362
vn 0.2629 -0.9346 -0.2397
vn 0.2465 -0.9517 -0.1832
vn 0.3312 -0.9032 -0.2729
vn 0.3257 -0.9155 -0.2363
vn 0.3992 -0.8743 -0.2760
vn 0.4099 -0.8726 -0.2655
vn 0.4669 -0.8510 -0.2404
vn 0.4954 -0.8317 -0.2508
vn 0.5334 -0.8289 -0.1687
vn 0.5711 -0.7981 -0.1919
vn 0.6063 -0.7917 -0.0747
vn 0.6435 -0.7579 -0.1069
vn 0.6963 -0.7170 0.0325
vn 0.7277 -0.6858 -0.0099
vn 0.7877 -0.5998 0.1404
vn 0.8105 -0.5794 0.0864
vn 0.8590 -0.4585 0.2280
vn 0.8741 -0.4572 0.1643
vn 0.9046 -0.3196 0.2820
vn 0.9163 -0.3389 0.2136
vn 0.9303 -0.2061 0.3034
vn 0.9419 -0.2377 0.2372
vn 0.9454 -0.1177 0.3039
vn 0.9572 -0.1522 0.2461
vn 0.9548 -0.0422 0.2943
vn 0.9656 -0.0744 0.2492
vn 0.9591 0.0310 0.2812
vn 0.9682 0.0024 0.2502
vn 0.9571 0.1093 0.2685
vn 0.9651 0.0825 0.2486
vn 0.9492 0.1812 0.2574
vn 0.9566 0.1594 0.2441
vn 0.9391 0.2342 0.2515
vn 0.9441 0.2242 0.2418
vn 0.9291 0.2688 0.2542
vn 0.9305 0.2710 0.2465
vn 0.9201 0.2898 0.2636
vn 0.9192 0.2983 0.2571
vn 0.9117 0.3044 0.2760
vn 0.9096 0.3153 0.2707
vn 0.9025 0.3189 0.2894
vn 0.8991 0.3308 0.2867
vn 0.8919 0.3350 0.3038
vn 0.8862 0.3484 0.3054
vn 0.8797 0.3514 0.3204
vn 0.8707 0.3669 0.3275
vn 0.8689 0.3619 0.3377
vn 0.8585 0.3762 0.3486
vn 0.8633 0.3623 0.3515
vn 0.8556 0.3706 0.3615
vn 0.8644 0.3521 0.3589
vn 0.8614 0.3544 0.3638
vn 0.8716 0.3322 0.3605
vn 0.8724 0.3313 0.3594
vn 0.8808 0.3089 0.3590
vn 0.8837 0.3067 0.3536
vn 0.8890 0.2884 0.3557
vn 0.8927 0.2854 0.3488
vn 0.8954 0.2743 0.3508
vn 0.8990 0.2706 0.3444
vn 0.8989 0.2701 0.3450
vn 0.9022 0.2660 0.3394
vn 0.9004 0.2724 0.3393
vn 0.9035 0.2685 0.3340
vn 0.9010 0.2763 0.3345
vn 0.9043 0.2726 0.3284
vn 0.9013 0.2804 0.3301
vn 0.9049 0.2770 0.3230
vn 0.9017 0.2846 0.3256
vn 0.9054 0.2815 0.3178
vn 0.9018 0.2906 0.3198
vn 0.9056 0.2870 0.3123
vn 0.9018 0.2989 0.3122
vn 0.9055 0.2941 0.3059
vn 0.9021 0.3078 0.3025
vn 0.9058 0.3012 0.2979
vn 0.9025 0.3175 0.2910
vn 0.9061 0.3098 0.2880
vn 0.8981 0.3385 0.2806
vn 0.9007 0.3341 0.2776
vn 0.8836 0.3774 0.2772
vn 0.8840 0.3809 0.2708
vn 0.8617 0.4233 0.2798
vn 0.8620 0.4298 0.2687
vn 0.8398 0.4685 0.2745
vn 0.8447 0.4663 0.2628
vn 0.8182 0.5191 0.2471
vn 0.8293 0.5033 0.2427
vn 0.7872 0.5854 0.1941
vn 0.8017 0.5607 0.2070
vn 0.7198 0.6824 0.1274
vn 0.7281 0.6643 0.1690
vn 0.6002 0.7958 0.0807
vn 0.5888 0.7918 0.1622
vn 0.4442 0.8931 0.0710
vn 0.4215 0.8850 0.1979
vn 0.1947 -0.9545 -0.2260
vn 0.1939 -0.9515 -0.2389
vn 0.2601 -0.9281 -0.2664
vn 0.2646 -0.9217 -0.2837
vn 0.3067 -0.9173 -0.2539
vn 0.3224 -0.9022 -0.2864
vn 0.3578 -0.9122 -0.1996
vn 0.3809 -0.8899 -0.2508
vn 0.4154 -0.9014 -0.1217
vn 0.4411 -0.8779 -0.1866
vn 0.4770 -0.8783 -0.0325
vn 0.5031 -0.8580 -0.1036
vn 0.5530 -0.8308 0.0635
vn 0.5762 -0.8173 -0.0074
vn 0.6558 -0.7376 0.1606
vn 0.6707 -0.7352 0.0984
vn 0.7657 -0.5968 0.2397
vn 0.7697 -0.6064 0.1997
vn 0.8541 -0.4345 0.2860
vn 0.8486 -0.4505 0.2774
vn 0.9121 -0.2788 0.3006
vn 0.8990 -0.2969 0.3219
vn 0.9439 -0.1555 0.2915
vn 0.9265 -0.1739 0.3338
vn 0.9596 -0.0634 0.2743
vn 0.9422 -0.0817 0.3250
vn 0.9658 0.0132 0.2591
vn 0.9518 -0.0064 0.3066
vn 0.9653 0.0823 0.2477
vn 0.9562 0.0635 0.2857
vn 0.9585 0.1501 0.2425
vn 0.9535 0.1361 0.2688
vn 0.9476 0.2064 0.2438
vn 0.9453 0.1995 0.2582
vn 0.9379 0.2403 0.2501
vn 0.9366 0.2408 0.2547
vn 0.9302 0.2592 0.2600
vn 0.9288 0.2652 0.2590
vn 0.9228 0.2733 0.2716
vn 0.9212 0.2813 0.2689
vn 0.9151 0.2872 0.2830
vn 0.9133 0.2950 0.2808
vn 0.9067 0.3032 0.2933
vn 0.9047 0.3098 0.2923
vn 0.8981 0.3190 0.3028
vn 0.8955 0.3255 0.3035
vn 0.8898 0.3319 0.3131
vn 0.8858 0.3400 0.3158
vn 0.8822 0.3409 0.3247
vn 0.8768 0.3501 0.3298
vn 0.8760 0.3451 0.3368
vn 0.8702 0.3533 0.3434
vn 0.8733 0.3412 0.3478
vn 0.8685 0.3471 0.3539
vn 0.8751 0.3271 0.3566
vn 0.8723 0.3304 0.3605
vn 0.8793 0.3090 0.3624
vn 0.8788 0.3096 0.3632
vn 0.8842 0.2932 0.3637
vn 0.8855 0.2911 0.3621
vn 0.8890 0.2827 0.3601
vn 0.8915 0.2785 0.3572
vn 0.8928 0.2790 0.3537
vn 0.8955 0.2745 0.3504
vn 0.8950 0.2794 0.3477
vn 0.8974 0.2760 0.3442
vn 0.8961 0.2812 0.3435
vn 0.8982 0.2790 0.3398
vn 0.8963 0.2841 0.3405
vn 0.8983 0.2826 0.3364
vn 0.8959 0.2889 0.3375
vn 0.8983 0.2872 0.3326
vn 0.8951 0.2969 0.3326
vn 0.8981 0.2940 0.3270
vn 0.8941 0.3082 0.3249
vn 0.8978 0.3038 0.3188
vn 0.8936 0.3199 0.3148
vn 0.8978 0.3143 0.3085
vn 0.8936 0.3301 0.3042
vn 0.8980 0.3245 0.2972
vn 0.8912 0.3428 0.2971
vn 0.8945 0.3414 0.2886
vn 0.8820 0.3645 0.2987
vn 0.8825 0.3712 0.2889
vn 0.8617 0.4054 0.3053
vn 0.8610 0.4142 0.2950
vn 0.8301 0.4699 0.3001
vn 0.8339 0.4694 0.2904
vn 0.7930 0.5446 0.2730
vn 0.8040 0.5337 0.2623
vn 0.7496 0.6208 0.2295
vn 0.7659 0.6071 0.2120
vn 0.6833 0.7087 0.1757
vn 0.7001 0.6987 0.1470
vn 0.5818 0.8056 0.1116
vn 0.5941 0.8005 0.0790
vn 0.4375 0.8986 0.0334
vn 0.4460 0.8949 0.0148
vn 0.2001 -0.9579 -0.2058
vn 0.1957 -0.9611 -0.1947
vn 0.2517 -0.9513 -0.1779
vn 0.2559 -0.9431 -0.2123
vn 0.2809 -0.9500 -0.1365
vn 0.2926 -0.9367 -0.1921
vn 0.3210 -0.9440 -0.0765
vn 0.3372 -0.9315 -0.1362
vn 0.3765 -0.9264 -0.0052
vn 0.3931 -0.9176 -0.0588
vn 0.4445 -0.8936 0.0630
vn 0.4562 -0.8894 0.0270
vn 0.5405 -0.8333 0.1158
vn 0.5395 -0.8345 0.1123
vn 0.6774 -0.7207 0.1475
vn 0.6572 -0.7298 0.1881
vn 0.8136 -0.5612 0.1521
vn 0.7820 -0.5781 0.2329
vn 0.9065 -0.3994 0.1366
vn 0.8780 -0.4149 0.2389
vn 0.9589 -0.2589 0.1163
vn 0.9386 -0.2662 0.2195
vn 0.9830 -0.1532 0.1013
vn 0.9697 -0.1518 0.1913
vn 0.9921 -0.0765 0.0997
vn 0.9826 -0.0668 0.1732
vn 0.9933 -0.0051 0.1153
vn 0.9850 0.0089 0.1724
vn 0.9877 0.0640 0.1423
vn 0.9799 0.0789 0.1830
vn 0.9761 0.1297 0.1743
vn 0.9689 0.1451 0.2003
vn 0.9608 0.1845 0.2069
vn 0.9547 0.1992 0.2210
vn 0.9465 0.2202 0.2357
vn 0.9422 0.2323 0.2414
vn 0.9352 0.2428 0.2578
vn 0.9326 0.2514 0.2589
vn 0.9260 0.2606 0.2731
vn 0.9244 0.2665 0.2728
vn 0.9179 0.2774 0.2838
vn 0.9167 0.2816 0.2836
vn 0.9097 0.2945 0.2927
vn 0.9084 0.2984 0.2929
vn 0.9016 0.3100 0.3018
vn 0.9001 0.3141 0.3020
vn 0.8942 0.3220 0.3110
vn 0.8925 0.3263 0.3115
vn 0.8880 0.3305 0.3197
vn 0.8858 0.3347 0.3213
vn 0.8832 0.3350 0.3282
vn 0.8805 0.3392 0.3312
vn 0.8810 0.3323 0.3368
vn 0.8779 0.3362 0.3410
vn 0.8819 0.3205 0.3457
vn 0.8789 0.3237 0.3503
vn 0.8842 0.3057 0.3532
vn 0.8817 0.3075 0.3578
vn 0.8863 0.2946 0.3573
vn 0.8848 0.2943 0.3612
vn 0.8886 0.2880 0.3570
vn 0.8882 0.2860 0.3596
vn 0.8908 0.2850 0.3540
vn 0.8912 0.2825 0.3548
vn 0.8925 0.2840 0.3503
vn 0.8933 0.2821 0.3498
vn 0.8937 0.2841 0.3473
vn 0.8946 0.2828 0.3460
vn 0.8940 0.2856 0.3452
vn 0.8949 0.2851 0.3434
vn 0.8931 0.2900 0.3440
vn 0.8942 0.2898 0.3412
vn 0.8908 0.2992 0.3419
vn 0.8927 0.2985 0.3375
vn 0.8880 0.3140 0.3360
vn 0.8909 0.3115 0.3307
vn 0.8863 0.3290 0.3260
vn 0.8897 0.3246 0.3209
vn 0.8866 0.3392 0.3145
vn 0.8897 0.3347 0.3105
vn 0.8871 0.3464 0.3051
vn 0.8886 0.3440 0.3033
vn 0.8841 0.3577 0.3007
vn 0.8825 0.3595 0.3034
vn 0.8685 0.3961 0.2982
vn 0.8640 0.3988 0.3072
vn 0.8330 0.4720 0.2888
vn 0.8297 0.4705 0.3005
vn 0.7860 0.5563 0.2699
vn 0.7869 0.5516 0.2766
vn 0.7360 0.6305 0.2465
vn 0.7398 0.6275 0.2427
vn 0.6684 0.7106 0.2197
vn 0.6728 0.7111 0.2041
vn 0.5688 0.8012 0.1861
vn 0.5724 0.8045 0.1582
vn 0.4265 0.8945 0.1339
vn 0.4301 0.8978 0.0947
vn 0.1769 -0.9839 -0.0256
vn 0.1853 -0.9792 -0.0822
vn 0.2141 -0.9768 0.0059
vn 0.2216 -0.9745 -0.0366
vn 0.2324 -0.9679 -0.0952
vn 0.1942 -0.9683 -0.1570
vn 0.2470 -0.9688 0.0222
vn 0.2494 -0.9684 0.0056
vn 0.2936 -0.9555 0.0301
vn 0.2923 -0.9551 0.0492
vn 0.2980 -0.9542 0.0272
vn 0.2579 -0.9656 -0.0345
vn 0.3652 -0.9297 0.0488
vn 0.3589 -0.9279 0.1015
vn 0.4855 -0.8708 0.0770
vn 0.4649 -0.8732 0.1464
vn 0.4497 -0.8827 0.1366
vn 0.3595 -0.9287 0.0905
vn 0.6486 -0.7570 0.0787
vn 0.6161 -0.7749 0.1409
vn 0.7859 -0.6167 0.0440
vn 0.7638 -0.6408 0.0772
vn 0.7344 -0.6749 0.0720
vn 0.5817 -0.8027 0.1317
vn 0.8675 -0.4973 0.0095
vn 0.8621 -0.5064 0.0168
vn 0.9177 -0.3973 -0.0017
vn 0.9201 -0.3916 -0.0037
vn 0.9211 -0.3892 -0.0046
vn 0.8522 -0.5230 0.0139
vn 0.9532 -0.3024 0.0029
vn 0.9578 -0.2876 0.0022
vn 0.9759 -0.2173 0.0204
vn 0.9801 -0.1970 0.0222
vn 0.9838 -0.1767 0.0303
vn 0.9621 -0.2726 0.0068
vn 0.9878 -0.1472 0.0504
vn 0.9907 -0.1250 0.0530
vn 0.9928 -0.0805 0.0889
vn 0.9942 -0.0578 0.0911
vn 0.9948 -0.0367 0.0945
vn 0.9928 -0.1039 0.0598
vn 0.9913 -0.0101 0.1311
vn 0.9911 0.0110 0.1324
vn 0.9833 0.0632 0.1709
vn 0.9819 0.0804 0.1715
vn 0.9806 0.0970 0.1703
vn 0.9907 0.0307 0.1326
vn 0.9707 0.1275 0.2036
vn 0.9688 0.1407 0.2039
vn 0.9579 0.1722 0.2298
vn 0.9557 0.1835 0.2300
vn 0.9530 0.1952 0.2317
vn 0.9668 0.1543 0.2038
vn 0.9458 0.2039 0.2528
vn 0.9436 0.2143 0.2526
vn 0.9336 0.2309 0.2739
vn 0.9317 0.2400 0.2726
vn 0.9296 0.2481 0.2727
vn 0.9407 0.2243 0.2544
vn 0.9217 0.2550 0.2922
vn 0.9204 0.2624 0.2898
vn 0.9107 0.2764 0.3070
vn 0.9101 0.2820 0.3037
vn 0.9101 0.2869 0.2991
vn 0.9194 0.2687 0.2872
vn 0.9011 0.2949 0.3178
vn 0.9011 0.2988 0.3144
vn 0.8934 0.3100 0.3250
vn 0.8936 0.3125 0.3221
vn 0.8943 0.3153 0.3174
vn 0.9016 0.3025 0.3091
vn 0.8879 0.3213 0.3291
vn 0.8882 0.3227 0.3271
vn 0.8851 0.3274 0.3309
vn 0.8852 0.3280 0.3299
vn 0.8850 0.3294 0.3290
vn 0.8887 0.3246 0.3239
vn 0.8856 0.3249 0.3319
vn 0.8853 0.3255 0.3322
vn 0.8889 0.3126 0.3348
vn 0.8881 0.3139 0.3358
vn 0.8863 0.3155 0.3391
vn 0.8842 0.3268 0.3337
vn 0.8918 0.2992 0.3394
vn 0.8907 0.3008 0.3408
vn 0.8927 0.2925 0.3429
vn 0.8917 0.2934 0.3446
vn 0.8900 0.2941 0.3483
vn 0.8887 0.3024 0.3446
vn 0.8929 0.2905 0.3439
vn 0.8922 0.2903 0.3461
vn 0.8936 0.2893 0.3432
vn 0.8928 0.2886 0.3458
vn 0.8920 0.2878 0.3487
vn 0.8910 0.2900 0.3494
vn 0.8944 0.2882 0.3420
vn 0.8936 0.2874 0.3448
vn 0.8950 0.2869 0.3415
vn 0.8942 0.2864 0.3441
vn 0.8937 0.2859 0.3459
vn 0.8929 0.2866 0.3473
vn 0.8950 0.2864 0.3419
vn 0.8943 0.2864 0.3439
vn 0.8940 0.2889 0.3426
vn 0.8933 0.2891 0.3441
vn 0.8928 0.2893 0.3452
vn 0.8938 0.2862 0.3451
vn 0.8905 0.3000 0.3422
vn 0.8901 0.2998 0.3433
vn 0.8839 0.3222 0.3391
vn 0.8843 0.3207 0.3393
vn 0.8848 0.3186 0.3401
vn 0.8897 0.2995 0.3446
vn 0.8774 0.3466 0.3317
vn 0.8794 0.3428 0.3303
vn 0.8751 0.3652 0.3175
vn 0.8788 0.3580 0.3156
vn 0.8816 0.3510 0.3157
vn 0.8813 0.3383 0.3301
vn 0.8773 0.3790 0.2945
vn 0.8821 0.3680 0.2942
vn 0.8812 0.3926 0.2633
vn 0.8861 0.3793 0.2664
vn 0.8876 0.3679 0.2773
vn 0.8848 0.3583 0.2979
vn 0.8768 0.4208 0.2327
vn 0.8795 0.4118 0.2387
vn 0.8529 0.4726 0.2217
vn 0.8498 0.4753 0.2278
vn 0.8448 0.4757 0.2450
vn 0.8783 0.4034 0.2568
vn 0.8073 0.5405 0.2369
vn 0.7999 0.5502 0.2399
vn 0.7434 0.6201 0.2507
vn 0.7391 0.6256 0.2497
vn 0.7367 0.6299 0.2460
vn 0.7934 0.5567 0.2463
vn 0.6638 0.7099 0.2354
vn 0.6650 0.7098 0.2322
vn 0.5641 0.8023 0.1951
vn 0.5666 0.8011 0.1928
vn 0.5680 0.8003 0.1921
vn 0.6664 0.7100 0.2275
vn 0.4174 0.8986 0.1354
vn 0.4205 0.8971 0.1360
vn 0.4228 0.8956 0.1380
vn 0.1357 -0.9678 0.2121
vn 0.1443 -0.9748 0.1699
vn 0.2039 -0.9560 0.2110
vn 0.2021 -0.9633 0.1766
vn 0.2043 -0.9721 0.1150
vn 0.1559 -0.9826 0.1013
vn 0.2804 -0.9437 0.1752
vn 0.2663 -0.9534 0.1421
vn 0.3490 -0.9308 0.1089
vn 0.3269 -0.9419 0.0770
vn 0.3108 -0.9499 0.0347
vn 0.2560 -0.9626 0.0888
vn 0.4229 -0.9056 0.0332
vn 0.3972 -0.9176 0.0128
vn 0.5424 -0.8398 -0.0228
vn 0.5158 -0.8563 -0.0261
vn 0.5003 -0.8651 -0.0357
vn 0.3808 -0.9246 -0.0137
vn 0.7036 -0.7088 -0.0504
vn 0.6802 -0.7320 -0.0403
vn 0.8113 -0.5807 -0.0681
vn 0.7997 -0.5985 -0.0465
vn 0.7952 -0.6055 -0.0320
vn 0.6669 -0.7443 -0.0359
vn 0.8578 -0.5077 -0.0805
vn 0.8591 -0.5096 -0.0474
vn 0.8985 -0.4323 -0.0763
vn 0.9046 -0.4244 -0.0393
vn 0.9095 -0.4153 -0.0183
vn 0.8632 -0.5041 -0.0267
vn 0.9341 -0.3525 -0.0567
vn 0.9406 -0.3384 -0.0262
vn 0.9565 -0.2904 -0.0274
vn 0.9630 -0.2693 -0.0063
vn 0.9673 -0.2535 0.0082
vn 0.9445 -0.3283 -0.0085
vn 0.9709 -0.2394 0.0081
vn 0.9768 -0.2130 0.0222
vn 0.9812 -0.1871 0.0482
vn 0.9860 -0.1561 0.0585
vn 0.9891 -0.1289 0.0708
vn 0.9810 -0.1909 0.0351
vn 0.9875 -0.1275 0.0927
vn 0.9906 -0.0916 0.1014
vn 0.9882 -0.0588 0.1412
vn 0.9886 -0.0179 0.1497
vn 0.9872 0.0173 0.1585
vn 0.9918 -0.0598 0.1128
vn 0.9816 0.0108 0.1908
vn 0.9785 0.0535 0.1989
vn 0.9690 0.0721 0.2361
vn 0.9638 0.1103 0.2429
vn 0.9603 0.1402 0.2413
vn 0.9752 0.0884 0.2029
vn 0.9538 0.1236 0.2739
vn 0.9481 0.1544 0.2780
vn 0.9379 0.1671 0.3040
vn 0.9329 0.1913 0.3051
vn 0.9319 0.2091 0.2963
vn 0.9458 0.1775 0.2721
vn 0.9220 0.2070 0.3272
vn 0.9184 0.2247 0.3255
vn 0.9064 0.2458 0.3435
vn 0.9049 0.2566 0.3395
vn 0.9066 0.2646 0.3286
vn 0.9188 0.2379 0.3152
vn 0.8928 0.2791 0.3535
vn 0.8936 0.2843 0.3473
vn 0.8827 0.3040 0.3583
vn 0.8853 0.3057 0.3504
vn 0.8890 0.3066 0.3402
vn 0.8965 0.2880 0.3366
vn 0.8760 0.3216 0.3595
vn 0.8799 0.3211 0.3502
vn 0.8729 0.3309 0.3584
vn 0.8776 0.3295 0.3481
vn 0.8815 0.3280 0.3396
vn 0.8839 0.3203 0.3409
vn 0.8749 0.3278 0.3565
vn 0.8797 0.3263 0.3460
vn 0.8817 0.3120 0.3539
vn 0.8855 0.3106 0.3455
vn 0.8878 0.3106 0.3395
vn 0.8830 0.3252 0.3384
vn 0.8883 0.2976 0.3498
vn 0.8905 0.2957 0.3458
vn 0.8912 0.2961 0.3437
vn 0.8921 0.2926 0.3444
vn 0.8927 0.2916 0.3437
vn 0.8917 0.2961 0.3424
vn 0.8927 0.3009 0.3355
vn 0.8928 0.2956 0.3398
vn 0.8956 0.3032 0.3257
vn 0.8950 0.2968 0.3331
vn 0.8946 0.2928 0.3377
vn 0.8931 0.2926 0.3418
vn 0.8998 0.3017 0.3152
vn 0.8980 0.2951 0.3264
vn 0.9046 0.2974 0.3053
vn 0.9009 0.2912 0.3218
vn 0.8981 0.2885 0.3319
vn 0.8965 0.2913 0.3337
vn 0.9092 0.2913 0.2974
vn 0.9028 0.2863 0.3209
vn 0.9126 0.2868 0.2915
vn 0.9025 0.2838 0.3241
vn 0.8967 0.2858 0.3379
vn 0.8985 0.2856 0.3333
vn 0.9113 0.2959 0.2863
vn 0.8974 0.2939 0.3290
vn 0.9022 0.3274 0.2807
vn 0.8867 0.3230 0.3308
vn 0.8810 0.3224 0.3462
vn 0.8910 0.2967 0.3437
vn 0.8881 0.3694 0.2737
vn 0.8745 0.3603 0.3248
vn 0.8744 0.4083 0.2622
vn 0.8656 0.3942 0.3087
vn 0.8653 0.3820 0.3245
vn 0.8711 0.3538 0.3407
vn 0.8642 0.4410 0.2424
vn 0.8614 0.4223 0.2824
vn 0.8584 0.4677 0.2107
vn 0.8613 0.4446 0.2459
vn 0.8671 0.4240 0.2613
vn 0.8645 0.4052 0.2975
vn 0.8549 0.4915 0.1662
vn 0.8614 0.4659 0.2021
vn 0.8492 0.5156 0.1138
vn 0.8557 0.4917 0.1614
vn 0.8571 0.4770 0.1946
vn 0.8673 0.4454 0.2223
vn 0.8364 0.5441 0.0663
vn 0.8365 0.5288 0.1436
vn 0.8061 0.5906 0.0372
vn 0.7918 0.5883 0.1640
vn 0.7674 0.6007 0.2242
vn 0.8273 0.5270 0.1946
vn 0.7261 0.6872 0.0214
vn 0.7017 0.6857 0.1936
vn 0.5807 0.8141 0.0030
vn 0.5676 0.8045 0.1748
vn 0.5577 0.7994 0.2235
vn 0.6738 0.6953 0.2502
vn 0.4048 0.9142 -0.0207
vn 0.4064 0.9078 0.1036
vn 0.4078 0.9018 0.1429
vn 0.1479 -0.9786 0.1427
vn 0.1350 -0.9689 0.2075
vn 0.2371 -0.9694 0.0640
vn 0.2146 -0.9598 0.1809
vn 0.3306 -0.9436 -0.0194
vn 0.3028 -0.9439 0.1320
vn 0.4082 -0.9078 -0.0960
vn 0.3797 -0.9230 0.0628
vn 0.4804 -0.8623 -0.1603
vn 0.4569 -0.8894 -0.0152
vn 0.5849 -0.7852 -0.2034
vn 0.5737 -0.8156 -0.0754
vn 0.7217 -0.6565 -0.2194
vn 0.7261 -0.6794 -0.1055
vn 0.8046 -0.5523 -0.2179
vn 0.8199 -0.5590 -0.1236
vn 0.8357 -0.5106 -0.2023
vn 0.8545 -0.5019 -0.1343
vn 0.8683 -0.4664 -0.1690
vn 0.8883 -0.4423 -0.1240
vn 0.9033 -0.4116 -0.1212
vn 0.9220 -0.3759 -0.0925
vn 0.9302 -0.3605 -0.0688
vn 0.9458 -0.3209 -0.0505
vn 0.9501 -0.3116 -0.0174
vn 0.9621 -0.2725 -0.0057
vn 0.9649 -0.2608 0.0322
vn 0.9742 -0.2221 0.0397
vn 0.9754 -0.2048 0.0813
vn 0.9824 -0.1654 0.0865
vn 0.9813 -0.1416 0.1304
vn 0.9857 -0.1005 0.1352
vn 0.9817 -0.0715 0.1765
vn 0.9825 -0.0322 0.1834
vn 0.9772 0.0025 0.2124
vn 0.9735 0.0332 0.2262
vn 0.9699 0.0693 0.2336
vn 0.9612 0.0913 0.2604
vn 0.9619 0.1205 0.2454
vn 0.9476 0.1403 0.2870
vn 0.9520 0.1663 0.2568
vn 0.9328 0.1860 0.3087
vn 0.9383 0.2156 0.2703
vn 0.9166 0.2316 0.3260
vn 0.9231 0.2598 0.2835
vn 0.9011 0.2709 0.3385
vn 0.9093 0.2920 0.2965
vn 0.8886 0.3000 0.3469
vn 0.8970 0.3147 0.3106
vn 0.8793 0.3203 0.3525
vn 0.8875 0.3279 0.3237
vn 0.8740 0.3310 0.3558
vn 0.8838 0.3290 0.3326
vn 0.8744 0.3290 0.3567
vn 0.8865 0.3193 0.3348
vn 0.8805 0.3153 0.3539
vn 0.8914 0.3101 0.3306
vn 0.8876 0.3029 0.3471
vn 0.8939 0.3108 0.3229
vn 0.8912 0.3026 0.3379
vn 0.8951 0.3169 0.3136
vn 0.8931 0.3084 0.3276
vn 0.8972 0.3222 0.3020
vn 0.8961 0.3119 0.3158
vn 0.9015 0.3242 0.2866
vn 0.9010 0.3117 0.3019
vn 0.9080 0.3224 0.2675
vn 0.9073 0.3081 0.2862
vn 0.9157 0.3176 0.2461
vn 0.9143 0.3023 0.2696
vn 0.9232 0.3130 0.2230
vn 0.9209 0.2974 0.2521
vn 0.9266 0.3182 0.2002
vn 0.9231 0.3050 0.2343
vn 0.9218 0.3421 0.1825
vn 0.9163 0.3347 0.2201
vn 0.9083 0.3813 0.1718
vn 0.9017 0.3768 0.2119
vn 0.8895 0.4283 0.1595
vn 0.8844 0.4196 0.2043
vn 0.8700 0.4735 0.1373
vn 0.8687 0.4579 0.1889
vn 0.8534 0.5104 0.1062
vn 0.8567 0.4901 0.1610
vn 0.8373 0.5428 0.0660
vn 0.8469 0.5185 0.1184
vn 0.8178 0.5754 0.0076
vn 0.8361 0.5454 0.0591
vn 0.7904 0.6076 -0.0781
vn 0.8195 0.5728 -0.0167
vn 0.7441 0.6413 -0.1874
vn 0.7854 0.6102 -0.1035
vn 0.6547 0.6992 -0.2872
vn 0.7010 0.6905 -0.1785
vn 0.5256 0.7865 -0.3243
vn 0.5571 0.8046 -0.2056
vn 0.3780 0.8763 -0.2987
vn 0.3909 0.9026 -0.1804
vn 0.1871 -0.9812 -0.0464
vn 0.1696 -0.9845 0.0449
vn 0.2789 -0.9519 -0.1272
vn 0.2613 -0.9631 -0.0650
vn 0.3636 -0.9115 -0.1924
vn 0.3495 -0.9226 -0.1633
vn 0.4267 -0.8742 -0.2319
vn 0.4187 -0.8778 -0.2327
vn 0.4856 -0.8381 -0.2486
vn 0.4818 -0.8324 -0.2737
vn 0.5793 -0.7697 -0.2683
vn 0.5746 -0.7623 -0.2978
vn 0.6934 -0.6597 -0.2898
vn 0.6961 -0.6501 -0.3048
vn 0.7542 -0.5914 -0.2853
vn 0.7715 -0.5676 -0.2875
vn 0.7728 -0.5819 -0.2533
vn 0.8023 -0.5422 -0.2498
vn 0.8064 -0.5547 -0.2049
vn 0.8384 -0.5080 -0.1978
vn 0.8506 -0.5039 -0.1501
vn 0.8784 -0.4571 -0.1395
vn 0.8882 -0.4491 -0.0970
vn 0.9106 -0.4050 -0.0825
vn 0.9175 -0.3948 -0.0491
vn 0.9349 -0.3538 -0.0295
vn 0.9403 -0.3403 -0.0075
vn 0.9533 -0.3015 0.0197
vn 0.9589 -0.2824 0.0264
vn 0.9672 -0.2453 0.0659
vn 0.9751 -0.2162 0.0501
vn 0.9773 -0.1822 0.1085
vn 0.9890 -0.1340 0.0620
vn 0.9837 -0.1070 0.1445
vn 0.9973 -0.0330 0.0661
vn 0.9856 -0.0182 0.1679
vn 0.9961 0.0556 0.0690
vn 0.9826 0.0616 0.1755
vn 0.9920 0.1033 0.0731
vn 0.9783 0.1119 0.1744
vn 0.9872 0.1372 0.0810
vn 0.9725 0.1517 0.1769
vn 0.9781 0.1855 0.0946
vn 0.9617 0.2006 0.1865
vn 0.9662 0.2323 0.1118
vn 0.9482 0.2468 0.2000
vn 0.9560 0.2614 0.1335
vn 0.9353 0.2790 0.2175
vn 0.9459 0.2807 0.1626
vn 0.9225 0.3015 0.2410
vn 0.9340 0.2978 0.1975
vn 0.9100 0.3175 0.2668
vn 0.9222 0.3102 0.2309
vn 0.9011 0.3240 0.2881
vn 0.9140 0.3166 0.2537
vn 0.8984 0.3206 0.3000
vn 0.9101 0.3222 0.2604
vn 0.8992 0.3165 0.3020
vn 0.9089 0.3313 0.2531
vn 0.8999 0.3195 0.2967
vn 0.9093 0.3414 0.2381
vn 0.9004 0.3269 0.2872
vn 0.9104 0.3492 0.2219
vn 0.9015 0.3342 0.2749
vn 0.9120 0.3533 0.2084
vn 0.9044 0.3387 0.2596
vn 0.9147 0.3534 0.1961
vn 0.9095 0.3384 0.2413
vn 0.9188 0.3504 0.1816
vn 0.9162 0.3345 0.2205
vn 0.9239 0.3460 0.1632
vn 0.9231 0.3297 0.1981
vn 0.9271 0.3468 0.1420
vn 0.9267 0.3321 0.1759
vn 0.9247 0.3605 0.1221
vn 0.9233 0.3502 0.1579
vn 0.9127 0.3951 0.1042
vn 0.9110 0.3867 0.1434
vn 0.8885 0.4515 0.0819
vn 0.8900 0.4390 0.1233
vn 0.8608 0.5062 0.0530
vn 0.8666 0.4903 0.0925
vn 0.8398 0.5424 0.0232
vn 0.8472 0.5281 0.0578
vn 0.8169 0.5767 -0.0092
vn 0.8268 0.5621 0.0208
vn 0.7797 0.6233 -0.0590
vn 0.7981 0.6016 -0.0329
vn 0.7299 0.6698 -0.1364
vn 0.7589 0.6408 -0.1158
vn 0.6696 0.7045 -0.2354
vn 0.7043 0.6744 -0.2217
vn 0.5887 0.7347 -0.3371
vn 0.6199 0.7156 -0.3220
vn 0.4846 0.7685 -0.4178
vn 0.5074 0.7741 -0.3786
vn 0.3574 0.8102 -0.4646
vn 0.3713 0.8436 -0.3879
vn 0.1980 -0.9801 0.0169
vn 0.1942 -0.9788 -0.0655
vn 0.2954 -0.9553 -0.0110
vn 0.2876 -0.9522 -0.1032
vn 0.3901 -0.9197 -0.0453
vn 0.3753 -0.9171 -0.1341
vn 0.4464 -0.8903 -0.0901
vn 0.4345 -0.8871 -0.1558
vn 0.4943 -0.8601 -0.1259
vn 0.4897 -0.8563 -0.1643
vn 0.6009 -0.7833 -0.1592
vn 0.5931 -0.7827 -0.1885
vn 0.7208 -0.6662 -0.1913
vn 0.7108 -0.6655 -0.2276
vn 0.7647 -0.6136 -0.1970
vn 0.7580 -0.6061 -0.2410
vn 0.7597 -0.6217 -0.1905
vn 0.7589 -0.6107 -0.2260
vn 0.7741 -0.6041 -0.1893
vn 0.7824 -0.5905 -0.1978
vn 0.8079 -0.5585 -0.1882
vn 0.8248 -0.5414 -0.1630
vn 0.8419 -0.5071 -0.1846
vn 0.8645 -0.4862 -0.1273
vn 0.8713 -0.4570 -0.1789
vn 0.8973 -0.4311 -0.0950
vn 0.8974 -0.4066 -0.1713
vn 0.9242 -0.3758 -0.0680
vn 0.9251 -0.3420 -0.1651
vn 0.9483 -0.3135 -0.0494
vn 0.9536 -0.2506 -0.1669
vn 0.9705 -0.2367 -0.0450
vn 0.9732 -0.1471 -0.1768
vn 0.9879 -0.1446 -0.0553
vn 0.9817 -0.0548 -0.1822
vn 0.9969 -0.0440 -0.0655
vn 0.9849 0.0131 -0.1725
vn 0.9974 0.0385 -0.0603
vn 0.9867 0.0536 -0.1537
vn 0.9957 0.0822 -0.0436
vn 0.9867 0.0903 -0.1353
vn 0.9930 0.1157 -0.0249
vn 0.9831 0.1424 -0.1150
vn 0.9861 0.1661 -0.0047
vn 0.9778 0.1900 -0.0886
vn 0.9767 0.2140 0.0184
vn 0.9750 0.2148 -0.0577
vn 0.9697 0.2403 0.0448
vn 0.9735 0.2275 -0.0240
vn 0.9638 0.2554 0.0765
vn 0.9700 0.2427 0.0120
vn 0.9557 0.2711 0.1147
vn 0.9619 0.2698 0.0438
vn 0.9448 0.2896 0.1532
vn 0.9483 0.3122 0.0570
vn 0.9335 0.3111 0.1785
vn 0.9346 0.3530 0.0442
vn 0.9254 0.3328 0.1815
vn 0.9264 0.3761 0.0174
vn 0.9216 0.3508 0.1663
vn 0.9242 0.3819 -0.0046
vn 0.9208 0.3623 0.1448
vn 0.9265 0.3761 -0.0117
vn 0.9218 0.3658 0.1283
vn 0.9298 0.3679 -0.0042
vn 0.9230 0.3650 0.1218
vn 0.9307 0.3656 0.0108
vn 0.9235 0.3640 0.1211
vn 0.9296 0.3678 0.0233
vn 0.9244 0.3627 0.1181
vn 0.9279 0.3720 0.0252
vn 0.9263 0.3611 0.1076
vn 0.9258 0.3779 0.0137
vn 0.9276 0.3627 0.0891
vn 0.9215 0.3882 -0.0061
vn 0.9251 0.3736 0.0677
vn 0.9087 0.4165 -0.0268
vn 0.9128 0.4056 0.0475
vn 0.8820 0.4694 -0.0426
vn 0.8863 0.4623 0.0278
vn 0.8505 0.5234 -0.0520
vn 0.8555 0.5177 0.0083
vn 0.8256 0.5608 -0.0625
vn 0.8330 0.5532 -0.0115
vn 0.7958 0.5995 -0.0848
vn 0.8072 0.5890 -0.0388
vn 0.7469 0.6538 -0.1210
vn 0.7629 0.6410 -0.0838
vn 0.6842 0.7094 -0.1691
vn 0.7046 0.6934 -0.1508
vn 0.6156 0.7524 -0.2345
vn 0.6396 0.7311 -0.2377
vn 0.5339 0.7824 -0.3206
vn 0.5589 0.7575 -0.3373
vn 0.4360 0.7991 -0.4139
vn 0.4575 0.7762 -0.4339
vn 0.3333 0.8082 -0.4855
vn 0.3402 0.7941 -0.5037
vn 0.2269 -0.9734 -0.0311
vn 0.2071 -0.9761 0.0656
vn 0.3317 -0.9393 -0.0874
vn 0.3100 -0.9504 0.0255
vn 0.4433 -0.8900 -0.1071
vn 0.4146 -0.9099 -0.0144
vn 0.5038 -0.8490 -0.1592
vn 0.4717 -0.8780 -0.0814
vn 0.5297 -0.8153 -0.2338
vn 0.5097 -0.8471 -0.1503
vn 0.5933 -0.7565 -0.2752
vn 0.6021 -0.7749 -0.1924
vn 0.6771 -0.6845 -0.2703
vn 0.7101 -0.6739 -0.2042
vn 0.7288 -0.6427 -0.2361
vn 0.7574 -0.6253 -0.1879
vn 0.7567 -0.6171 -0.2159
vn 0.7638 -0.6200 -0.1793
vn 0.7868 -0.5729 -0.2296
vn 0.7798 -0.5945 -0.1960
vn 0.8122 -0.5184 -0.2677
vn 0.8051 -0.5493 -0.2240
vn 0.8221 -0.4760 -0.3123
vn 0.8265 -0.5036 -0.2516
vn 0.8233 -0.4475 -0.3491
vn 0.8433 -0.4633 -0.2723
vn 0.8259 -0.4212 -0.3747
vn 0.8601 -0.4239 -0.2838
vn 0.8400 -0.3758 -0.3914
vn 0.8849 -0.3652 -0.2891
vn 0.8697 -0.2940 -0.3965
vn 0.9178 -0.2698 -0.2913
vn 0.9026 -0.1938 -0.3845
vn 0.9440 -0.1614 -0.2878
vn 0.9260 -0.1034 -0.3632
vn 0.9579 -0.0736 -0.2774
vn 0.9370 -0.0334 -0.3477
vn 0.9646 -0.0120 -0.2635
vn 0.9398 0.0149 -0.3415
vn 0.9675 0.0298 -0.2512
vn 0.9397 0.0545 -0.3377
vn 0.9680 0.0693 -0.2410
vn 0.9399 0.0968 -0.3275
vn 0.9669 0.1184 -0.2259
vn 0.9425 0.1321 -0.3068
vn 0.9663 0.1616 -0.2006
vn 0.9485 0.1521 -0.2780
vn 0.9682 0.1847 -0.1685
vn 0.9537 0.1704 -0.2478
vn 0.9708 0.1985 -0.1350
vn 0.9521 0.2040 -0.2279
vn 0.9700 0.2187 -0.1059
vn 0.9382 0.2614 -0.2267
vn 0.9617 0.2593 -0.0893
vn 0.9103 0.3373 -0.2401
vn 0.9419 0.3227 -0.0934
vn 0.8820 0.3935 -0.2592
vn 0.9187 0.3770 -0.1181
vn 0.8728 0.4027 -0.2756
vn 0.9065 0.3955 -0.1477
vn 0.8804 0.3828 -0.2800
vn 0.9070 0.3885 -0.1629
vn 0.8946 0.3567 -0.2691
vn 0.9148 0.3716 -0.1580
vn 0.9086 0.3376 -0.2458
vn 0.9237 0.3573 -0.1380
vn 0.9176 0.3344 -0.2148
vn 0.9285 0.3546 -0.1103
vn 0.9197 0.3469 -0.1838
vn 0.9284 0.3619 -0.0845
vn 0.9142 0.3707 -0.1638
vn 0.9243 0.3751 -0.0705
vn 0.9045 0.3947 -0.1615
vn 0.9184 0.3889 -0.0736
vn 0.8944 0.4119 -0.1741
vn 0.9114 0.4015 -0.0898
vn 0.8797 0.4347 -0.1928
vn 0.8979 0.4264 -0.1097
vn 0.8557 0.4740 -0.2076
vn 0.8726 0.4726 -0.1234
vn 0.8271 0.5199 -0.2135
vn 0.8425 0.5234 -0.1273
vn 0.7982 0.5625 -0.2155
vn 0.8150 0.5643 -0.1315
vn 0.7641 0.6066 -0.2196
vn 0.7814 0.6065 -0.1466
vn 0.7190 0.6582 -0.2231
vn 0.7321 0.6600 -0.1688
vn 0.6596 0.7162 -0.2280
vn 0.6697 0.7167 -0.1943
vn 0.5822 0.7731 -0.2516
vn 0.5975 0.7664 -0.2360
vn 0.4911 0.8162 -0.3044
vn 0.5126 0.8031 -0.3036
vn 0.3979 0.8383 -0.3727
vn 0.4184 0.8233 -0.3836
vn 0.3191 0.8432 -0.4327
vn 0.3304 0.8311 -0.4474
vn 0.2631 -0.8775 -0.4009
vn 0.2497 -0.9429 -0.2204
vn 0.3473 -0.8113 -0.4702
vn 0.3490 -0.8935 -0.2824
vn 0.4439 -0.7490 -0.4918
vn 0.4608 -0.8389 -0.2897
vn 0.4997 -0.7124 -0.4927
vn 0.5208 -0.7933 -0.3153
vn 0.5105 -0.7015 -0.4972
vn 0.5346 -0.7632 -0.3628
vn 0.5230 -0.6987 -0.4882
vn 0.5675 -0.7277 -0.3852
vn 0.5604 -0.6959 -0.4491
vn 0.6254 -0.6908 -0.3628
vn 0.6191 -0.6784 -0.3957
vn 0.6807 -0.6612 -0.3155
vn 0.6916 -0.6249 -0.3621
vn 0.7319 -0.6199 -0.2828
vn 0.7659 -0.5254 -0.3706
vn 0.7841 -0.5499 -0.2877
vn 0.8068 -0.4207 -0.4147
vn 0.8174 -0.4740 -0.3275
vn 0.8017 -0.3724 -0.4676
vn 0.8191 -0.4303 -0.3794
vn 0.7771 -0.3675 -0.5109
vn 0.8057 -0.4139 -0.4236
vn 0.7551 -0.3651 -0.5445
vn 0.7944 -0.4001 -0.4569
vn 0.7424 -0.3523 -0.5698
vn 0.7944 -0.3713 -0.4808
vn 0.7452 -0.3226 -0.5836
vn 0.8127 -0.3151 -0.4902
vn 0.7665 -0.2654 -0.5848
vn 0.8452 -0.2346 -0.4803
vn 0.7971 -0.1746 -0.5781
vn 0.8763 -0.1400 -0.4610
vn 0.8195 -0.0804 -0.5675
vn 0.8928 -0.0543 -0.4471
vn 0.8308 -0.0166 -0.5563
vn 0.8973 0.0026 -0.4414
vn 0.8369 0.0237 -0.5468
vn 0.8983 0.0412 -0.4374
vn 0.8418 0.0555 -0.5369
vn 0.9002 0.0766 -0.4288
vn 0.8492 0.0768 -0.5225
vn 0.9051 0.1040 -0.4123
vn 0.8606 0.0876 -0.5017
vn 0.9138 0.1195 -0.3881
vn 0.8713 0.1166 -0.4766
vn 0.9213 0.1438 -0.3613
vn 0.8702 0.1872 -0.4557
vn 0.9176 0.1968 -0.3453
vn 0.8519 0.2765 -0.4447
vn 0.8975 0.2714 -0.3476
vn 0.8258 0.3528 -0.4400
vn 0.8663 0.3487 -0.3577
vn 0.8086 0.3941 -0.4370
vn 0.8421 0.3976 -0.3643
vn 0.8105 0.3908 -0.4364
vn 0.8404 0.3990 -0.3669
vn 0.8245 0.3605 -0.4362
vn 0.8537 0.3719 -0.3646
vn 0.8415 0.3245 -0.4320
vn 0.8712 0.3396 -0.3546
vn 0.8573 0.2966 -0.4208
vn 0.8875 0.3160 -0.3354
vn 0.8694 0.2883 -0.4013
vn 0.8990 0.3111 -0.3082
vn 0.8738 0.3067 -0.3773
vn 0.9027 0.3275 -0.2789
vn 0.8652 0.3502 -0.3590
vn 0.8958 0.3618 -0.2581
vn 0.8473 0.3948 -0.3552
vn 0.8823 0.3965 -0.2539
vn 0.8300 0.4219 -0.3648
vn 0.8687 0.4190 -0.2643
vn 0.8120 0.4431 -0.3799
vn 0.8523 0.4409 -0.2814
vn 0.7893 0.4718 -0.3929
vn 0.8286 0.4745 -0.2971
vn 0.7651 0.5056 -0.3987
vn 0.8012 0.5144 -0.3056
vn 0.7428 0.5408 -0.3947
vn 0.7738 0.5546 -0.3059
vn 0.7198 0.5807 -0.3804
vn 0.7439 0.5977 -0.2989
vn 0.6891 0.6300 -0.3580
vn 0.7060 0.6480 -0.2856
vn 0.6360 0.6947 -0.3359
vn 0.6499 0.7088 -0.2743
vn 0.5492 0.7680 -0.3295
vn 0.5668 0.7737 -0.2831
vn 0.4463 0.8242 -0.3486
vn 0.4686 0.8230 -0.3212
vn 0.3527 0.8513 -0.3883
vn 0.3749 0.8466 -0.3777
vn 0.2814 0.8546 -0.4363
vn 0.3006 0.8489 -0.4346
vn 0.2609 -0.7175 -0.6458
vn 0.2669 -0.8006 -0.5365
vn 0.3178 -0.6752 -0.6656
vn 0.3311 -0.7315 -0.5960
vn 0.3667 -0.6314 -0.6832
vn 0.3988 -0.6686 -0.6276
vn 0.4091 -0.6170 -0.6722
vn 0.4518 -0.6433 -0.6181
vn 0.4294 -0.6384 -0.6388
vn 0.4681 -0.6552 -0.5930
vn 0.4295 -0.6766 -0.5982
vn 0.4707 -0.6805 -0.5615
vn 0.4360 -0.7007 -0.5647
vn 0.4915 -0.7000 -0.5180
vn 0.4763 -0.6807 -0.5566
vn 0.5480 -0.6867 -0.4776
vn 0.5477 -0.6022 -0.5809
vn 0.6314 -0.6206 -0.4649
vn 0.6244 -0.4620 -0.6298
vn 0.7172 -0.4946 -0.4910
vn 0.6623 -0.3254 -0.6749
vn 0.7594 -0.3661 -0.5378
vn 0.6605 -0.2760 -0.6983
vn 0.7513 -0.3148 -0.5800
vn 0.6473 -0.2827 -0.7079
vn 0.7257 -0.3184 -0.6099
vn 0.6340 -0.2891 -0.7173
vn 0.7021 -0.3240 -0.6341
vn 0.6205 -0.2903 -0.7285
vn 0.6840 -0.3224 -0.6544
vn 0.6093 -0.2882 -0.7387
vn 0.6750 -0.3112 -0.6690
vn 0.6086 -0.2692 -0.7464
vn 0.6818 -0.2747 -0.6780
vn 0.6255 -0.2203 -0.7485
vn 0.7047 -0.2005 -0.6806
vn 0.6561 -0.1501 -0.7396
vn 0.7322 -0.1132 -0.6717
vn 0.6842 -0.0743 -0.7255
vn 0.7535 -0.0443 -0.6560
vn 0.6964 -0.0121 -0.7176
vn 0.7651 0.0036 -0.6439
vn 0.6990 0.0212 -0.7148
vn 0.7712 0.0355 -0.6356
vn 0.7052 0.0304 -0.7084
vn 0.7793 0.0515 -0.6245
vn 0.7191 0.0298 -0.6943
vn 0.7926 0.0574 -0.6071
vn 0.7381 0.0539 -0.6725
vn 0.8075 0.0866 -0.5835
vn 0.7557 0.1306 -0.6418
vn 0.8148 0.1657 -0.5556
vn 0.7629 0.2352 -0.6022
vn 0.8075 0.2653 -0.5269
vn 0.7557 0.3293 -0.5661
vn 0.7911 0.3465 -0.5042
vn 0.7432 0.3824 -0.5490
vn 0.7779 0.3886 -0.4938
vn 0.7418 0.3806 -0.5522
vn 0.7789 0.3842 -0.4956
vn 0.7512 0.3465 -0.5618
vn 0.7906 0.3520 -0.5011
vn 0.7635 0.3061 -0.5686
vn 0.8050 0.3135 -0.5037
vn 0.7746 0.2720 -0.5710
vn 0.8185 0.2818 -0.5006
vn 0.7821 0.2553 -0.5685
vn 0.8291 0.2689 -0.4902
vn 0.7817 0.2713 -0.5616
vn 0.8324 0.2869 -0.4742
vn 0.7671 0.3244 -0.5535
vn 0.8211 0.3372 -0.4605
vn 0.7438 0.3816 -0.5488
vn 0.7995 0.3899 -0.4570
vn 0.7235 0.4148 -0.5517
vn 0.7794 0.4204 -0.4645
vn 0.7057 0.4342 -0.5598
vn 0.7609 0.4403 -0.4765
vn 0.6871 0.4540 -0.5673
vn 0.7405 0.4644 -0.4857
vn 0.6701 0.4756 -0.5700
vn 0.7209 0.4921 -0.4879
vn 0.6567 0.4988 -0.5657
vn 0.7045 0.5217 -0.4812
vn 0.6453 0.5285 -0.5516
vn 0.6881 0.5573 -0.4647
vn 0.6308 0.5730 -0.5233
vn 0.6648 0.6052 -0.4380
vn 0.5925 0.6464 -0.4808
vn 0.6169 0.6741 -0.4062
vn 0.5081 0.7403 -0.4402
vn 0.5297 0.7566 -0.3834
vn 0.4000 0.8121 -0.4249
vn 0.4243 0.8203 -0.3835
vn 0.3063 0.8453 -0.4377
vn 0.3310 0.8514 -0.4068
vn 0.2396 0.8519 -0.4657
vn 0.2620 0.8571 -0.4434
vn 0.2239 -0.6253 -0.7476
vn 0.2422 -0.6435 -0.7261
vn 0.2782 -0.6330 -0.7224
vn 0.3004 -0.6390 -0.7082
vn 0.3235 -0.6411 -0.6960
vn 0.3453 -0.6264 -0.6988
vn 0.3588 -0.6544 -0.6656
vn 0.3806 -0.6259 -0.6807
vn 0.3832 -0.6729 -0.6327
vn 0.4024 -0.6477 -0.6470
vn 0.3954 -0.6825 -0.6147
vn 0.4071 -0.6799 -0.6099
vn 0.3973 -0.6696 -0.6276
vn 0.4071 -0.6937 -0.5942
vn 0.4007 -0.6217 -0.6730
vn 0.4258 -0.6618 -0.6170
vn 0.4144 -0.5357 -0.7357
vn 0.4680 -0.5753 -0.6708
vn 0.4382 -0.4165 -0.7966
vn 0.5191 -0.4367 -0.7347
vn 0.4596 -0.3086 -0.8328
vn 0.5497 -0.3082 -0.7764
vn 0.4714 -0.2615 -0.8423
vn 0.5575 -0.2623 -0.7876
vn 0.4754 -0.2533 -0.8425
vn 0.5579 -0.2652 -0.7864
vn 0.4759 -0.2514 -0.8428
vn 0.5557 -0.2665 -0.7875
vn 0.4771 -0.2493 -0.8427
vn 0.5508 -0.2647 -0.7915
vn 0.4781 -0.2466 -0.8430
vn 0.5446 -0.2646 -0.7959
vn 0.4776 -0.2418 -0.8447
vn 0.5427 -0.2576 -0.7994
vn 0.4799 -0.2297 -0.8467
vn 0.5535 -0.2332 -0.7996
vn 0.4916 -0.1912 -0.8496
vn 0.5794 -0.1811 -0.7947
vn 0.5086 -0.1134 -0.8535
vn 0.6063 -0.0992 -0.7890
vn 0.5188 -0.0374 -0.8541
vn 0.6167 -0.0235 -0.7869
vn 0.5279 -0.0076 -0.8493
vn 0.6185 0.0100 -0.7857
vn 0.5429 -0.0109 -0.8397
vn 0.6261 0.0112 -0.7797
vn 0.5620 -0.0204 -0.8269
vn 0.6418 0.0041 -0.7669
vn 0.5844 -0.0102 -0.8114
vn 0.6637 0.0203 -0.7477
vn 0.6113 0.0423 -0.7903
vn 0.6891 0.0865 -0.7195
vn 0.6376 0.1396 -0.7576
vn 0.7090 0.1907 -0.6789
vn 0.6476 0.2625 -0.7154
vn 0.7105 0.3014 -0.6359
vn 0.6429 0.3513 -0.6806
vn 0.6991 0.3723 -0.6105
vn 0.6473 0.3652 -0.6690
vn 0.6975 0.3764 -0.6097
vn 0.6618 0.3338 -0.6712
vn 0.7075 0.3417 -0.6187
vn 0.6763 0.2945 -0.6752
vn 0.7197 0.3006 -0.6259
vn 0.6871 0.2616 -0.6778
vn 0.7296 0.2661 -0.6300
vn 0.6909 0.2452 -0.6801
vn 0.7343 0.2480 -0.6319
vn 0.6839 0.2590 -0.6821
vn 0.7296 0.2622 -0.6317
vn 0.6645 0.3075 -0.6811
vn 0.7120 0.3139 -0.6281
vn 0.6402 0.3630 -0.6770
vn 0.6885 0.3715 -0.6228
vn 0.6178 0.4004 -0.6767
vn 0.6687 0.4070 -0.6222
vn 0.5945 0.4222 -0.6843
vn 0.6501 0.4272 -0.6283
vn 0.5691 0.4358 -0.6973
vn 0.6303 0.4436 -0.6372
vn 0.5454 0.4440 -0.7109
vn 0.6119 0.4588 -0.6443
vn 0.5275 0.4499 -0.7206
vn 0.5977 0.4744 -0.6463
vn 0.5182 0.4592 -0.7215
vn 0.5888 0.4953 -0.6388
vn 0.5147 0.4841 -0.7076
vn 0.5826 0.5322 -0.6143
vn 0.4924 0.5564 -0.6693
vn 0.5554 0.6078 -0.5675
vn 0.4175 0.6735 -0.6100
vn 0.4757 0.7149 -0.5125
vn 0.3129 0.7650 -0.5629
vn 0.3659 0.7964 -0.4816
vn 0.2320 0.8017 -0.5509
vn 0.2745 0.8307 -0.4843
vn 0.1807 0.8105 -0.5572
vn 0.2129 0.8374 -0.5034
vn 0.2205 -0.6972 -0.6821
vn 0.2174 -0.6601 -0.7191
vn 0.2467 -0.6677 -0.7024
vn 0.2590 -0.6528 -0.7119
vn 0.2700 -0.6568 -0.7041
vn 0.2973 -0.6591 -0.6908
vn 0.2917 -0.6594 -0.6929
vn 0.3305 -0.6749 -0.6598
vn 0.3132 -0.6562 -0.6865
vn 0.3573 -0.6851 -0.6348
vn 0.3356 -0.6249 -0.7049
vn 0.3776 -0.6683 -0.6409
vn 0.3529 -0.5609 -0.7488
vn 0.3864 -0.6227 -0.6804
vn 0.3563 -0.4749 -0.8047
vn 0.3840 -0.5550 -0.7379
vn 0.3447 -0.3944 -0.8518
vn 0.3781 -0.4746 -0.7948
vn 0.3304 -0.3364 -0.8819
vn 0.3787 -0.3872 -0.8406
vn 0.3247 -0.2905 -0.9001
vn 0.3876 -0.3088 -0.8686
vn 0.3263 -0.2465 -0.9126
vn 0.3969 -0.2584 -0.8807
vn 0.3285 -0.2214 -0.9182
vn 0.4001 -0.2374 -0.8852
vn 0.3317 -0.2277 -0.9155
vn 0.4007 -0.2383 -0.8847
vn 0.3388 -0.2388 -0.9101
vn 0.4055 -0.2426 -0.8813
vn 0.3480 -0.2301 -0.9088
vn 0.4123 -0.2360 -0.8799
vn 0.3545 -0.2101 -0.9112
vn 0.4150 -0.2242 -0.8818
vn 0.3554 -0.1895 -0.9153
vn 0.4132 -0.2111 -0.8858
vn 0.3535 -0.1605 -0.9216
vn 0.4131 -0.1798 -0.8928
vn 0.3549 -0.1155 -0.9277
vn 0.4191 -0.1171 -0.9004
vn 0.3641 -0.0752 -0.9283
vn 0.4297 -0.0563 -0.9012
vn 0.3813 -0.0612 -0.9224
vn 0.4461 -0.0336 -0.8943
vn 0.4034 -0.0640 -0.9128
vn 0.4673 -0.0371 -0.8833
vn 0.4257 -0.0665 -0.9024
vn 0.4891 -0.0440 -0.8711
vn 0.4449 -0.0534 -0.8940
vn 0.5103 -0.0351 -0.8593
vn 0.4590 -0.0120 -0.8884
vn 0.5326 0.0072 -0.8464
vn 0.4704 0.0615 -0.8803
vn 0.5555 0.0930 -0.8263
vn 0.4860 0.1615 -0.8589
vn 0.5712 0.2146 -0.7922
vn 0.5115 0.2508 -0.8219
vn 0.5803 0.3126 -0.7520
vn 0.5441 0.2956 -0.7852
vn 0.5974 0.3403 -0.7261
vn 0.5707 0.2993 -0.7647
vn 0.6183 0.3206 -0.7176
vn 0.5894 0.2765 -0.7590
vn 0.6351 0.2868 -0.7172
vn 0.6035 0.2501 -0.7572
vn 0.6469 0.2568 -0.7180
vn 0.6091 0.2412 -0.7556
vn 0.6512 0.2436 -0.7187
vn 0.6009 0.2599 -0.7559
vn 0.6437 0.2589 -0.7201
vn 0.5772 0.3061 -0.7570
vn 0.6231 0.3052 -0.7202
vn 0.5429 0.3589 -0.7592
vn 0.5954 0.3587 -0.7189
vn 0.5030 0.3988 -0.7668
vn 0.5659 0.3976 -0.7223
vn 0.4589 0.4213 -0.7823
vn 0.5333 0.4206 -0.7340
vn 0.4149 0.4265 -0.8037
vn 0.4988 0.4308 -0.7521
vn 0.3781 0.4168 -0.8266
vn 0.4677 0.4308 -0.7718
vn 0.3553 0.3979 -0.8459
vn 0.4463 0.4251 -0.7875
vn 0.3412 0.3851 -0.8575
vn 0.4352 0.4221 -0.7953
vn 0.3152 0.3927 -0.8640
vn 0.4247 0.4349 -0.7940
vn 0.2625 0.4365 -0.8606
vn 0.3927 0.4958 -0.7746
vn 0.1907 0.5216 -0.8316
vn 0.3193 0.6083 -0.7266
vn 0.1295 0.5998 -0.7896
vn 0.2315 0.7015 -0.6740
vn 0.0986 0.6424 -0.7600
vn 0.1725 0.7423 -0.6475
vn 0.0796 0.6670 -0.7408
vn 0.1369 0.7571 -0.6388
vn 0.2453 -0.7162 -0.6534
vn 0.2305 -0.7170 -0.6578
vn 0.2487 -0.6422 -0.7251
vn 0.2437 -0.6651 -0.7059
vn 0.2415 -0.5872 -0.7726
vn 0.2504 -0.6310 -0.7342
vn 0.2318 -0.5483 -0.8035
vn 0.2556 -0.6118 -0.7486
vn 0.2227 -0.5178 -0.8260
vn 0.2624 -0.5937 -0.7607
vn 0.2178 -0.4846 -0.8472
vn 0.2748 -0.5600 -0.7816
vn 0.2200 -0.4302 -0.8755
vn 0.2913 -0.4967 -0.8176
vn 0.2264 -0.3412 -0.9123
vn 0.3022 -0.4009 -0.8648
vn 0.2285 -0.2540 -0.9398
vn 0.2968 -0.3121 -0.9025
vn 0.2253 -0.2195 -0.9492
vn 0.2817 -0.2706 -0.9206
vn 0.2194 -0.2110 -0.9526
vn 0.2699 -0.2523 -0.9293
vn 0.2112 -0.1920 -0.9584
vn 0.2643 -0.2245 -0.9380
vn 0.2031 -0.1776 -0.9629
vn 0.2631 -0.2058 -0.9426
vn 0.1966 -0.1839 -0.9631
vn 0.2651 -0.2144 -0.9401
vn 0.1929 -0.1961 -0.9614
vn 0.2697 -0.2273 -0.9357
vn 0.1940 -0.1976 -0.9609
vn 0.2771 -0.2209 -0.9351
vn 0.2016 -0.1857 -0.9617
vn 0.2860 -0.1999 -0.9371
vn 0.2133 -0.1622 -0.9634
vn 0.2936 -0.1740 -0.9399
vn 0.2244 -0.1325 -0.9655
vn 0.2979 -0.1445 -0.9436
vn 0.2320 -0.1037 -0.9672
vn 0.3015 -0.1119 -0.9469
vn 0.2367 -0.0862 -0.9678
vn 0.3087 -0.0878 -0.9471
vn 0.2429 -0.0870 -0.9661
vn 0.3220 -0.0824 -0.9431
vn 0.2530 -0.0903 -0.9632
vn 0.3399 -0.0854 -0.9366
vn 0.2610 -0.0768 -0.9623
vn 0.3573 -0.0816 -0.9304
vn 0.2609 -0.0432 -0.9644
vn 0.3686 -0.0589 -0.9277
vn 0.2533 0.0060 -0.9674
vn 0.3710 -0.0111 -0.9286
vn 0.2447 0.0511 -0.9682
vn 0.3691 0.0498 -0.9281
vn 0.2471 0.0773 -0.9659
vn 0.3786 0.1113 -0.9189
vn 0.2666 0.1056 -0.9580
vn 0.4091 0.1724 -0.8961
vn 0.2970 0.1540 -0.9424
vn 0.4477 0.2287 -0.8644
vn 0.3331 0.1934 -0.9228
vn 0.4799 0.2596 -0.8381
vn 0.3817 0.1974 -0.9030
vn 0.5098 0.2523 -0.8225
vn 0.4307 0.1989 -0.8803
vn 0.5369 0.2345 -0.8104
vn 0.4450 0.2321 -0.8650
vn 0.5464 0.2373 -0.8032
vn 0.4155 0.2771 -0.8663
vn 0.5315 0.2641 -0.8048
vn 0.3684 0.3146 -0.8748
vn 0.4985 0.3091 -0.8099
vn 0.3259 0.3489 -0.8787
vn 0.4574 0.3581 -0.8140
vn 0.2869 0.3814 -0.8788
vn 0.4120 0.3969 -0.8202
vn 0.2468 0.4004 -0.8825
vn 0.3634 0.4177 -0.8327
vn 0.2097 0.3983 -0.8930
vn 0.3174 0.4181 -0.8512
vn 0.1779 0.3764 -0.9092
vn 0.2800 0.3995 -0.8729
vn 0.1488 0.3408 -0.9283
vn 0.2546 0.3683 -0.8942
vn 0.1172 0.3184 -0.9407
vn 0.2323 0.3487 -0.9080
vn 0.0788 0.3304 -0.9405
vn 0.1933 0.3586 -0.9133
vn 0.0389 0.3609 -0.9318
vn 0.1347 0.3917 -0.9102
vn 0.0107 0.3965 -0.9180
vn 0.0790 0.4440 -0.8926
vn -0.0016 0.4335 -0.9012
vn 0.0462 0.4988 -0.8655
vn -0.0049 0.4647 -0.8855
vn 0.0353 0.5374 -0.8426
vn -0.0120 0.4950 -0.8688
vn 0.0262 0.5684 -0.8223
vn 0.2538 -0.6061 -0.7538
vn 0.2585 -0.6847 -0.6815
vn 0.2475 -0.5022 -0.8285
vn 0.2551 -0.5918 -0.7646
vn 0.2248 -0.4342 -0.8723
vn 0.2373 -0.5236 -0.8183
vn 0.1990 -0.3736 -0.9060
vn 0.2169 -0.4707 -0.8552
vn 0.1710 -0.3226 -0.9310
vn 0.1956 -0.4293 -0.8817
vn 0.1434 -0.2891 -0.9465
vn 0.1760 -0.3956 -0.9014
vn 0.1212 -0.2690 -0.9555
vn 0.1620 -0.3553 -0.9206
vn 0.1092 -0.2511 -0.9618
vn 0.1570 -0.2946 -0.9426
vn 0.1077 -0.2266 -0.9680
vn 0.1600 -0.2330 -0.9592
vn 0.1101 -0.1947 -0.9747
vn 0.1656 -0.2001 -0.9657
vn 0.1061 -0.1514 -0.9828
vn 0.1647 -0.1783 -0.9701
vn 0.0926 -0.0993 -0.9907
vn 0.1546 -0.1481 -0.9768
vn 0.0741 -0.0631 -0.9953
vn 0.1396 -0.1267 -0.9821
vn 0.0559 -0.0583 -0.9967
vn 0.1245 -0.1279 -0.9840
vn 0.0404 -0.0698 -0.9967
vn 0.1122 -0.1398 -0.9838
vn 0.0277 -0.0809 -0.9963
vn 0.1047 -0.1491 -0.9833
vn 0.0185 -0.0826 -0.9964
vn 0.1038 -0.1473 -0.9836
vn 0.0115 -0.0701 -0.9975
vn 0.1079 -0.1297 -0.9857
vn 0.0063 -0.0504 -0.9987
vn 0.1137 -0.1029 -0.9882
vn 0.0020 -0.0328 -0.9995
vn 0.1175 -0.0765 -0.9901
vn -0.0033 -0.0249 -0.9997
vn 0.1164 -0.0613 -0.9913
vn -0.0073 -0.0314 -0.9995
vn 0.1149 -0.0648 -0.9913
vn -0.0071 -0.0394 -0.9992
vn 0.1189 -0.0694 -0.9905
vn -0.0040 -0.0335 -0.9994
vn 0.1230 -0.0534 -0.9910
vn 0.0005 -0.0160 -0.9999
vn 0.1214 -0.0199 -0.9924
vn 0.0076 0.0042 -1.0000
vn 0.1175 0.0181 -0.9929
vn 0.0172 0.0222 -0.9996
vn 0.1164 0.0462 -0.9921
vn 0.0273 0.0346 -0.9990
vn 0.1206 0.0572 -0.9911
vn 0.0365 0.0444 -0.9983
vn 0.1313 0.0678 -0.9890
vn 0.0480 0.0541 -0.9974
vn 0.1499 0.0936 -0.9843
vn 0.0671 0.0623 -0.9958
vn 0.1813 0.1175 -0.9764
vn 0.0977 0.0700 -0.9927
vn 0.2313 0.1232 -0.9651
vn 0.1343 0.1146 -0.9843
vn 0.2866 0.1488 -0.9464
vn 0.1461 0.2176 -0.9651
vn 0.3028 0.2236 -0.9264
vn 0.1130 0.3064 -0.9452
vn 0.2650 0.2949 -0.9181
vn 0.0776 0.3269 -0.9419
vn 0.2154 0.3223 -0.9218
vn 0.0556 0.3242 -0.9443
vn 0.1804 0.3351 -0.9247
vn 0.0367 0.3314 -0.9428
vn 0.1522 0.3556 -0.9222
vn 0.0179 0.3354 -0.9419
vn 0.1239 0.3692 -0.9211
vn 0.0028 0.3257 -0.9455
vn 0.0987 0.3643 -0.9260
vn -0.0091 0.3104 -0.9506
vn 0.0765 0.3447 -0.9356
vn -0.0218 0.2983 -0.9542
vn 0.0519 0.3177 -0.9468
vn -0.0368 0.2950 -0.9548
vn 0.0236 0.3017 -0.9531
vn -0.0503 0.3031 -0.9516
vn -0.0029 0.3116 -0.9502
vn -0.0588 0.3181 -0.9462
vn -0.0215 0.3364 -0.9415
vn -0.0629 0.3350 -0.9401
vn -0.0306 0.3629 -0.9313
vn -0.0650 0.3533 -0.9333
vn -0.0336 0.3894 -0.9205
vn -0.0675 0.3737 -0.9251
vn -0.0358 0.4147 -0.9093
vn -0.0714 0.3981 -0.9146
vn -0.0428 0.4421 -0.8960
vn 0.1044 -0.2994 -0.9484
vn 0.2023 -0.4649 -0.8619
vn 0.0909 -0.2207 -0.9711
vn 0.1934 -0.3623 -0.9118
vn 0.0769 -0.1936 -0.9781
vn 0.1734 -0.3125 -0.9339
vn 0.0581 -0.1493 -0.9871
vn 0.1493 -0.2555 -0.9552
vn 0.0384 -0.1074 -0.9935
vn 0.1222 -0.2023 -0.9717
vn 0.0222 -0.0914 -0.9956
vn 0.0960 -0.1737 -0.9801
vn 0.0103 -0.1051 -0.9944
vn 0.0750 -0.1733 -0.9820
vn 0.0041 -0.1418 -0.9899
vn 0.0632 -0.1943 -0.9789
vn 0.0013 -0.1697 -0.9855
vn 0.0592 -0.2048 -0.9770
vn -0.0035 -0.1611 -0.9869
vn 0.0562 -0.1820 -0.9817
vn -0.0133 -0.1145 -0.9933
vn 0.0476 -0.1285 -0.9906
vn -0.0251 -0.0439 -0.9987
vn 0.0328 -0.0599 -0.9977
vn -0.0350 0.0115 -0.9993
vn 0.0161 -0.0102 -0.9998
vn -0.0421 0.0270 -0.9987
vn 0.0013 0.0002 -1.0000
vn -0.0486 0.0226 -0.9986
vn -0.0115 -0.0093 -0.9999
vn -0.0548 0.0196 -0.9983
vn -0.0230 -0.0181 -0.9996
vn -0.0601 0.0209 -0.9980
vn -0.0329 -0.0196 -0.9993
vn -0.0655 0.0249 -0.9975
vn -0.0420 -0.0122 -0.9990
vn -0.0705 0.0285 -0.9971
vn -0.0497 -0.0020 -0.9988
vn -0.0747 0.0280 -0.9968
vn -0.0556 0.0044 -0.9984
vn -0.0779 0.0207 -0.9967
vn -0.0603 0.0029 -0.9982
vn -0.0803 0.0058 -0.9968
vn -0.0635 -0.0083 -0.9979
vn -0.0818 -0.0130 -0.9966
vn -0.0647 -0.0221 -0.9977
vn -0.0821 -0.0304 -0.9962
vn -0.0631 -0.0309 -0.9975
vn -0.0810 -0.0391 -0.9959
vn -0.0580 -0.0319 -0.9978
vn -0.0786 -0.0328 -0.9964
vn -0.0498 -0.0238 -0.9985
vn -0.0756 -0.0153 -0.9970
vn -0.0398 -0.0085 -0.9992
vn -0.0725 0.0082 -0.9973
vn -0.0303 0.0108 -0.9995
vn -0.0719 0.0321 -0.9969
vn -0.0239 0.0278 -0.9993
vn -0.0731 0.0519 -0.9960
vn -0.0187 0.0382 -0.9991
vn -0.0738 0.0807 -0.9940
vn -0.0119 0.0507 -0.9986
vn -0.0740 0.1301 -0.9887
vn -0.0025 0.0769 -0.9970
vn -0.0746 0.1957 -0.9778
vn 0.0090 0.1334 -0.9910
vn -0.0795 0.2737 -0.9585
vn 0.0119 0.2321 -0.9726
vn -0.0940 0.3229 -0.9417
vn -0.0123 0.3130 -0.9497
vn -0.1035 0.3209 -0.9415
vn -0.0329 0.3241 -0.9455
vn -0.1066 0.3042 -0.9466
vn -0.0426 0.3137 -0.9486
vn -0.1074 0.2892 -0.9512
vn -0.0506 0.3099 -0.9494
vn -0.1072 0.2747 -0.9555
vn -0.0586 0.3041 -0.9508
vn -0.1053 0.2648 -0.9585
vn -0.0639 0.2922 -0.9542
vn -0.1026 0.2656 -0.9586
vn -0.0669 0.2830 -0.9568
vn -0.1016 0.2756 -0.9559
vn -0.0701 0.2835 -0.9564
vn -0.1030 0.2896 -0.9516
vn -0.0749 0.2908 -0.9538
vn -0.1066 0.3013 -0.9475
vn -0.0810 0.2998 -0.9505
vn -0.1114 0.3100 -0.9442
vn -0.0867 0.3091 -0.9471
vn -0.1166 0.3161 -0.9415
vn -0.0916 0.3187 -0.9434
vn -0.1211 0.3203 -0.9396
vn -0.0955 0.3292 -0.9394
vn -0.1232 0.3239 -0.9380
vn -0.0976 0.3424 -0.9345
vn -0.1217 0.3296 -0.9362
vn -0.0974 0.3598 -0.9279
vn -0.0794 -0.6014 0.7950
vn -0.1632 -0.5565 0.8147
vn -0.0541 -0.4931 0.8683
vn -0.1484 -0.4443 0.8835
vn -0.0370 -0.3793 0.9245
vn -0.1290 -0.3230 0.9376
vn -0.0230 -0.2389 0.9708
vn -0.1079 -0.1785 0.9780
vn -0.0178 -0.1237 0.9922
vn -0.0925 -0.0708 0.9932
vn -0.0210 -0.0755 0.9969
vn -0.0874 -0.0427 0.9953
vn -0.0238 -0.0638 0.9977
vn -0.0851 -0.0542 0.9949
vn -0.0227 -0.0570 0.9981
vn -0.0804 -0.0670 0.9945
vn -0.0196 -0.0523 0.9984
vn -0.0742 -0.0741 0.9945
vn -0.0170 -0.0546 0.9984
vn -0.0693 -0.0771 0.9946
vn -0.0177 -0.0703 0.9974
vn -0.0700 -0.0781 0.9945
vn -0.0182 -0.0924 0.9956
vn -0.0718 -0.0621 0.9955
vn -0.0031 -0.0662 0.9978
vn -0.0640 -0.0211 0.9977
vn 0.0337 0.0593 0.9977
vn -0.0450 0.0670 0.9967
vn 0.0605 0.1972 0.9785
vn -0.0221 0.1540 0.9878
vn 0.0768 0.2481 0.9657
vn -0.0029 0.1782 0.9840
vn 0.0950 0.2475 0.9642
vn 0.0175 0.1691 0.9854
vn 0.1151 0.2299 0.9664
vn 0.0392 0.1553 0.9871
vn 0.1344 0.2056 0.9694
vn 0.0580 0.1392 0.9886
vn 0.1529 0.1803 0.9717
vn 0.0740 0.1208 0.9899
vn 0.1726 0.1696 0.9703
vn 0.0927 0.1198 0.9885
vn 0.1890 0.1848 0.9644
vn 0.1096 0.1505 0.9825
vn 0.1929 0.2016 0.9603
vn 0.1131 0.1795 0.9772
vn 0.1865 0.1933 0.9633
vn 0.1081 0.1771 0.9782
vn 0.1800 0.1712 0.9687
vn 0.1048 0.1589 0.9817
vn 0.1776 0.1539 0.9720
vn 0.1056 0.1457 0.9837
vn 0.1772 0.1469 0.9731
vn 0.1094 0.1415 0.9839
vn 0.1747 0.1510 0.9730
vn 0.1113 0.1467 0.9829
vn 0.1664 0.1591 0.9731
vn 0.1065 0.1569 0.9819
vn 0.1518 0.1633 0.9748
vn 0.0968 0.1678 0.9810
vn 0.1328 0.1579 0.9785
vn 0.0836 0.1719 0.9816
vn 0.1123 0.1414 0.9836
vn 0.0686 0.1647 0.9840
vn 0.0924 0.1245 0.9879
vn 0.0537 0.1580 0.9860
vn 0.0725 0.1189 0.9903
vn 0.0386 0.1639 0.9857
vn 0.0522 0.1300 0.9901
vn 0.0230 0.1803 0.9833
vn 0.0316 0.1569 0.9871
vn 0.0076 0.2010 0.9796
vn 0.0131 0.1879 0.9821
vn -0.0053 0.2193 0.9756
vn -0.0001 0.2128 0.9771
vn -0.0143 0.2310 0.9728
vn -0.0073 0.2292 0.9734
vn -0.0202 0.2368 0.9713
vn -0.0100 0.2376 0.9713
vn -0.0241 0.2374 0.9711
vn -0.0102 0.2393 0.9709
vn -0.0275 0.2348 0.9716
vn -0.0100 0.2383 0.9711
vn -0.0325 0.2343 0.9716
vn -0.0116 0.2566 0.9664
vn -0.0408 0.2539 0.9664
vn -0.0161 0.3194 0.9475
vn -0.0512 0.3142 0.9480
vn -0.0207 0.4073 0.9130
vn -0.0599 0.3978 0.9155
vn -0.0232 0.4806 0.8766
vn -0.0653 0.4700 0.8803
vn -0.0256 0.5319 0.8464
vn -0.0703 0.5235 0.8491
vn -0.0297 0.5686 0.8221
vn -0.0771 0.5631 0.8228
vn -0.0363 0.5986 0.8002
vn -0.0871 0.5932 0.8003
vn -0.0168 -0.7018 0.7121
vn 0.0139 -0.6020 0.7984
vn 0.0272 -0.4916 0.8704
vn 0.0401 -0.3479 0.9367
vn 0.0477 -0.2168 0.9751
vn 0.0480 -0.1427 0.9886
vn 0.0472 -0.1050 0.9934
vn 0.0478 -0.0789 0.9957
vn 0.0483 -0.0620 0.9969
vn 0.0490 -0.0581 0.9971
vn 0.0515 -0.0725 0.9960
vn 0.0625 -0.0998 0.9930
vn 0.0984 -0.0681 0.9928
vn 0.1488 0.0752 0.9860
vn 0.1683 0.2308 0.9583
vn 0.1706 0.3028 0.9377
vn 0.1739 0.3121 0.9340
vn 0.1805 0.2925 0.9391
vn 0.1894 0.2620 0.9463
vn 0.2011 0.2337 0.9513
vn 0.2155 0.2156 0.9524
vn 0.2278 0.2117 0.9504
vn 0.2311 0.2095 0.9501
vn 0.2257 0.1948 0.9545
vn 0.2180 0.1737 0.9604
vn 0.2112 0.1560 0.9649
vn 0.2050 0.1458 0.9678
vn 0.1974 0.1437 0.9697
vn 0.1863 0.1442 0.9718
vn 0.1716 0.1410 0.9750
vn 0.1544 0.1300 0.9794
vn 0.1364 0.1100 0.9845
vn 0.1188 0.0884 0.9890
vn 0.1010 0.0749 0.9921
vn 0.0821 0.0797 0.9934
vn 0.0620 0.1076 0.9923
vn 0.0433 0.1484 0.9880
vn 0.0291 0.1905 0.9812
vn 0.0205 0.2253 0.9741
vn 0.0166 0.2490 0.9684
vn 0.0161 0.2595 0.9656
vn 0.0184 0.2599 0.9655
vn 0.0200 0.2776 0.9605
vn 0.0174 0.3430 0.9392
vn 0.0132 0.4345 0.9006
vn 0.0119 0.5082 0.8611
vn 0.0118 0.5576 0.8301
vn 0.0101 0.5936 0.8047
vn 0.0050 0.6283 0.7780
vn -0.0249 -0.3260 -0.9450
vn 0.0128 -0.2432 -0.9699
vn -0.0443 -0.2224 -0.9739
vn -0.0019 -0.1710 -0.9853
vn -0.0543 -0.1584 -0.9859
vn -0.0124 -0.1397 -0.9901
vn -0.0633 -0.1083 -0.9921
vn -0.0251 -0.1036 -0.9943
vn -0.0703 -0.0777 -0.9945
vn -0.0357 -0.0758 -0.9965
vn -0.0741 -0.0731 -0.9946
vn -0.0419 -0.0701 -0.9967
vn -0.0764 -0.0860 -0.9934
vn -0.0453 -0.0867 -0.9952
vn -0.0797 -0.1059 -0.9912
vn -0.0479 -0.1174 -0.9919
vn -0.0843 -0.1256 -0.9885
vn -0.0513 -0.1427 -0.9884
vn -0.0891 -0.1375 -0.9865
vn -0.0569 -0.1450 -0.9878
vn -0.0931 -0.1222 -0.9881
vn -0.0647 -0.1138 -0.9914
vn -0.0948 -0.0719 -0.9929
vn -0.0714 -0.0522 -0.9961
vn -0.0925 -0.0213 -0.9955
vn -0.0738 0.0019 -0.9973
vn -0.0883 0.0036 -0.9961
vn -0.0734 0.0218 -0.9971
vn -0.0861 0.0170 -0.9961
vn -0.0739 0.0252 -0.9969
vn -0.0872 0.0340 -0.9956
vn -0.0756 0.0316 -0.9966
vn -0.0898 0.0497 -0.9947
vn -0.0773 0.0393 -0.9962
vn -0.0933 0.0572 -0.9940
vn -0.0796 0.0438 -0.9959
vn -0.0976 0.0576 -0.9936
vn -0.0824 0.0448 -0.9956
vn -0.1022 0.0519 -0.9934
vn -0.0852 0.0412 -0.9955
vn -0.1072 0.0411 -0.9934
vn -0.0879 0.0317 -0.9956
vn -0.1123 0.0281 -0.9933
vn -0.0903 0.0161 -0.9958
vn -0.1176 0.0185 -0.9929
vn -0.0929 -0.0014 -0.9957
vn -0.1237 0.0173 -0.9922
vn -0.0963 -0.0152 -0.9952
vn -0.1302 0.0249 -0.9912
vn -0.1001 -0.0187 -0.9948
vn -0.1364 0.0412 -0.9898
vn -0.1040 -0.0069 -0.9946
vn -0.1415 0.0614 -0.9880
vn -0.1076 0.0148 -0.9941
vn -0.1457 0.0789 -0.9862
vn -0.1107 0.0379 -0.9931
vn -0.1498 0.0932 -0.9843
vn -0.1144 0.0600 -0.9916
vn -0.1537 0.1080 -0.9822
vn -0.1184 0.0811 -0.9896
vn -0.1557 0.1377 -0.9782
vn -0.1209 0.1166 -0.9858
vn -0.1533 0.1928 -0.9692
vn -0.1207 0.1772 -0.9767
vn -0.1470 0.2601 -0.9543
vn -0.1194 0.2482 -0.9613
vn -0.1416 0.3140 -0.9388
vn -0.1220 0.3091 -0.9432
vn -0.1379 0.3336 -0.9326
vn -0.1273 0.3340 -0.9339
vn -0.1360 0.3205 -0.9374
vn -0.1308 0.3227 -0.9374
vn -0.1348 0.2942 -0.9462
vn -0.1323 0.3000 -0.9447
vn -0.1333 0.2611 -0.9561
vn -0.1324 0.2742 -0.9525
vn -0.1313 0.2328 -0.9636
vn -0.1302 0.2509 -0.9592
vn -0.1278 0.2366 -0.9632
vn -0.1254 0.2467 -0.9609
vn -0.1250 0.2650 -0.9561
vn -0.1210 0.2605 -0.9579
vn -0.1261 0.2921 -0.9481
vn -0.1200 0.2790 -0.9528
vn -0.1301 0.3122 -0.9411
vn -0.1220 0.2968 -0.9471
vn -0.1355 0.3258 -0.9357
vn -0.1258 0.3103 -0.9423
vn -0.1414 0.3339 -0.9320
vn -0.1306 0.3190 -0.9387
vn -0.1475 0.3373 -0.9298
vn -0.1358 0.3234 -0.9365
vn -0.1540 0.3358 -0.9293
vn -0.1406 0.3235 -0.9357
vn -0.1606 0.3295 -0.9304
vn -0.1442 0.3197 -0.9365
vn -0.1671 0.3235 -0.9314
vn -0.1455 0.3156 -0.9377
vn -0.0257 -0.4602 -0.8874
vn -0.0563 -0.3284 -0.9429
vn -0.0719 -0.2293 -0.9707
vn -0.0854 -0.1483 -0.9852
vn -0.0965 -0.0975 -0.9905
vn -0.1029 -0.0864 -0.9909
vn -0.1071 -0.0952 -0.9897
vn -0.1112 -0.1064 -0.9881
vn -0.1136 -0.1230 -0.9859
vn -0.1131 -0.1453 -0.9829
vn -0.1105 -0.1439 -0.9834
vn -0.1066 -0.1007 -0.9892
vn -0.1009 -0.0485 -0.9937
vn -0.0961 -0.0138 -0.9953
vn -0.0965 0.0122 -0.9953
vn -0.1023 0.0402 -0.9939
vn -0.1084 0.0645 -0.9920
vn -0.1148 0.0764 -0.9904
vn -0.1230 0.0769 -0.9894
vn -0.1321 0.0683 -0.9889
vn -0.1424 0.0556 -0.9882
vn -0.1528 0.0461 -0.9872
vn -0.1616 0.0460 -0.9858
vn -0.1689 0.0580 -0.9839
vn -0.1745 0.0749 -0.9818
vn -0.1789 0.0902 -0.9797
vn -0.1820 0.1028 -0.9779
vn -0.1845 0.1121 -0.9764
vn -0.1875 0.1195 -0.9750
vn -0.1915 0.1278 -0.9731
vn -0.1947 0.1481 -0.9696
vn -0.1931 0.1897 -0.9627
vn -0.1847 0.2437 -0.9521
vn -0.1721 0.2906 -0.9412
vn -0.1592 0.3115 -0.9368
vn -0.1467 0.3061 -0.9406
vn -0.1361 0.2825 -0.9495
vn -0.1291 0.2481 -0.9601
vn -0.1266 0.2226 -0.9666
vn -0.1257 0.2362 -0.9635
vn -0.1252 0.2772 -0.9526
vn -0.1279 0.3119 -0.9415
vn -0.1337 0.3338 -0.9331
vn -0.1410 0.3471 -0.9272
vn -0.1489 0.3546 -0.9231
vn -0.1570 0.3581 -0.9204
vn -0.1658 0.3575 -0.9191
vn -0.1757 0.3534 -0.9188
vn -0.1864 0.3527 -0.9170
vn 0.3655 -0.3204 -0.8739
vn -0.1458 -0.3824 -0.9124
vn 0.2182 -0.4311 -0.8755
vn 0.4480 -0.3544 -0.8208
vn -0.5748 -0.2886 -0.7657
vn -0.5755 -0.3405 -0.7436
vn -0.3721 -0.4216 -0.8269
vn -0.5685 -0.3686 -0.7355
vn -0.5245 -0.3556 -0.7736
vn 0.5414 -0.3441 -0.7671
vn 0.5325 -0.3701 -0.7612
vn -0.8919 -0.0322 0.4512
vn -0.8597 -0.0735 0.5056
vn -0.5824 -0.3068 0.7528
vn -0.7448 -0.2383 0.6232
vn -0.4055 -0.2965 0.8647
vn -0.1574 -0.3592 0.9199
vn -0.1428 -0.4344 0.8893
vn -0.1603 -0.4571 0.8749
vn -0.4349 -0.3381 0.8346
vn -0.4160 -0.0916 0.9047
vn 0.4642 0.8608 0.2087
vn 0.4459 0.8908 0.0874
vn 0.4068 0.9126 -0.0419
vn 0.5891 0.7910 0.1654
vn 0.4606 0.8862 0.0499
vn 0.3490 0.9319 0.0988
vn 0.2403 0.8866 -0.3951
vn 0.3008 0.8225 -0.4827
vn 0.6718 0.7386 -0.0552
vn 0.8011 0.5878 0.1130
vn -0.6711 0.7321 -0.1170
vn -0.6579 0.7529 -0.0168
vn -0.6253 0.7697 0.1286
vn -0.7185 0.6875 -0.1051
vn -0.6334 0.7626 -0.1313
vn -0.5817 0.8069 -0.1021
vn -0.4998 0.7522 0.4294
vn -0.7043 0.6280 0.3310
vn -0.8421 0.5334 -0.0794
vn 0.0352 0.5065 0.8615
vn 0.1152 0.1765 0.9775
vn 0.3367 0.5432 0.7692
vn 0.4395 0.2751 0.8551
vn 0.5101 -0.0328 0.8595
vn 0.1695 -0.1634 0.9719
vn -0.0270 -0.1428 0.9894
vn -0.1968 0.4187 -0.8865
vn -0.2065 0.2394 -0.9487
vn -0.4463 0.5095 -0.7357
vn -0.4956 0.3480 -0.7957
vn -0.5543 0.0532 -0.8306
vn -0.1971 -0.0745 -0.9776
vn 0.9622 0.1998 0.1850
vn 0.9556 0.1900 0.2252
vn 0.9358 0.0985 0.3385
vn 0.9155 0.0245 0.4017
vn -0.3544 -0.0415 0.9342
vn -0.3256 -0.0960 0.9406
vn -0.1124 -0.3931 0.9126
vn 0.7951 -0.1573 0.5857
vn 0.7709 -0.1967 0.6058
vn -0.0700 0.6654 -0.7432
vn -0.3031 0.6264 -0.7182
vn -0.2898 0.6053 -0.7414
vn -0.0703 0.6520 -0.7549
vn -0.6589 0.4978 -0.5640
vn -0.6903 0.4671 -0.5524
vn -0.6963 0.4715 -0.5411
vn -0.2259 0.6217 -0.7500
vn 0.2027 0.6334 -0.7468
vn 0.9403 0.3396 -0.0223
vn 0.8423 0.4870 -0.2311
vn 0.8988 0.4049 -0.1679
vn 0.9573 0.2839 0.0549
vn 0.4934 0.6425 -0.5863
vn 0.4870 0.6475 -0.5862
vn 0.4905 0.6261 -0.6062
vn 0.4737 0.6084 -0.6367
vn 0.1721 0.6388 -0.7498
vn 0.9609 0.2712 0.0553
vn 0.2721 -0.3812 0.8835
vn 0.3429 -0.4233 0.8386
vn 0.6384 -0.2525 0.7272
vn 0.7169 -0.2289 0.6586
vn 0.9780 0.1973 -0.0673
vn 0.9708 0.2299 -0.0688
vn 0.9277 0.3620 0.0911
vn 0.9677 0.2507 0.0275
vn -0.9519 0.1855 -0.2440
vn -0.9680 0.1851 -0.1696
vn -0.9790 0.2037 -0.0053
vn -0.9198 0.3921 0.0142
vn -0.3538 0.6770 0.6453
vn -0.3987 0.6614 0.6353
vn -0.4586 0.5870 0.6671
vn 0.0307 0.6979 0.7155
vn 0.4632 0.6223 0.6310
vn 0.4380 0.6335 0.6378
vn 0.4226 0.6023 0.6773
vn 0.9794 0.2020 0.0017
vn 0.9705 0.1023 -0.2184
vn 0.8757 -0.1148 -0.4690
vn 0.9897 0.1179 -0.0813
vn 0.5960 -0.2371 -0.7671
vn 0.8534 -0.1396 -0.5022
vn -0.4350 0.5696 0.6974
vn 0.0125 0.5989 0.8007
vn 0.0009 0.6112 0.7915
vn -0.4224 0.5637 0.7098
vn 0.4374 0.5449 0.7154
vn 0.4465 0.5629 0.6956
vn -0.9883 0.1205 -0.0934
vn -0.9662 0.2251 0.1259
vn -0.9640 0.2452 0.1026
vn -0.9836 0.0557 -0.1713
vn -0.6114 0.5115 0.6038
vn -0.6914 0.4801 0.5398
vn -0.8037 0.4692 0.3658
vn -0.9552 0.2896 -0.0617
vn -0.3909 0.5579 0.7321
vn -0.0575 0.5184 0.8532
vn 0.0455 0.5224 0.8515
vn 0.0077 0.5777 0.8162
vn 0.3183 0.5236 0.7903
vn 0.4469 0.5326 0.7188
vn 0.9486 0.2323 -0.2147
vn 0.9370 0.2689 -0.2231
vn 0.5291 -0.1196 -0.8401
vn 0.5289 -0.1191 -0.8403
vn -0.1760 -0.2710 -0.9463
vn 0.0373 -0.2842 -0.9580
vn -0.5790 -0.1665 -0.7982
vn 0.2241 -0.3118 0.9233
vn -0.2318 -0.2810 0.9313
vn 0.5764 -0.2128 0.7890
vn 0.8008 0.5719 -0.1778
vn 0.8232 0.5266 -0.2124
vn 0.3957 0.7116 -0.5806
vn 0.4451 0.6784 -0.5845
vn -0.1573 0.6714 -0.7242
vn -0.3446 0.6242 -0.7011
vn -0.3254 0.6287 -0.7063
vn -0.1120 0.6697 -0.7341
vn -0.5350 0.6289 -0.5641
vn -0.5820 0.5493 -0.5996
vn -0.9197 0.0804 0.3842
vn -0.9148 0.2012 0.3503
vn -0.4938 -0.1701 0.8528
vn 0.5812 0.6586 0.4780
vn 0.7301 0.4612 0.5042
vn 0.6762 0.6455 0.3550
vn 0.8338 0.4128 0.3666
vn 0.8171 0.3920 0.4226
vn -0.8021 0.3374 -0.4927
vn -0.8759 0.0773 -0.4763
vn -0.8565 -0.1238 -0.5010
vn -0.8491 -0.1761 -0.4980
vn -0.8066 -0.1830 -0.5621
vn 0.6366 0.5170 0.5722
vn 0.9801 0.1921 0.0502
vn 0.5792 -0.3249 -0.7476
vn -0.5499 -0.3405 -0.7627
vn -0.9340 0.0921 -0.3451
vn 0.9760 0.1576 -0.1502
vn -0.6285 0.6493 -0.4282
vn -0.6885 0.5512 -0.4713
vn 0.4125 0.9002 0.1399
vn 0.5599 0.8019 0.2085
vn 0.2185 0.9747 0.0477
vn 0.6643 0.7065 0.2442
vn 0.7513 0.6130 0.2444
vn 0.8165 0.5319 0.2247
vn 0.8554 0.4715 0.2144
vn 0.8724 0.4311 0.2306
vn 0.8744 0.4072 0.2639
vn 0.8710 0.3912 0.2971
vn 0.8703 0.3728 0.3219
vn 0.8743 0.3498 0.3365
vn 0.8823 0.3228 0.3425
vn 0.8903 0.2993 0.3431
vn 0.8948 0.2881 0.3411
vn 0.8963 0.2861 0.3387
vn 0.8963 0.2874 0.3377
vn 0.8954 0.2893 0.3385
vn 0.8942 0.2905 0.3406
vn 0.8932 0.2910 0.3427
vn 0.8929 0.2918 0.3429
vn 0.8921 0.2975 0.3402
vn 0.8888 0.3115 0.3362
vn 0.8849 0.3247 0.3340
vn 0.8839 0.3273 0.3339
vn 0.8867 0.3204 0.3334
vn 0.8921 0.3079 0.3307
vn 0.8998 0.2912 0.3250
vn 0.9096 0.2708 0.3152
vn 0.9211 0.2472 0.3009
vn 0.9335 0.2212 0.2823
vn 0.9462 0.1927 0.2600
vn 0.9590 0.1594 0.2341
vn 0.9727 0.1119 0.2034
vn 0.9851 0.0435 0.1664
vn 0.9917 -0.0331 0.1245
vn 0.9911 -0.1041 0.0826
vn 0.9845 -0.1695 0.0455
vn 0.9714 -0.2366 0.0170
vn 0.9485 -0.3167 0.0002
vn 0.9140 -0.4057 -0.0069
vn 0.8673 -0.4978 -0.0086
vn 0.7941 -0.6077 -0.0041
vn 0.6619 -0.7496 -0.0014
vn 0.4945 -0.8691 -0.0091
vn 0.3717 -0.9283 -0.0096
vn 0.3000 -0.9539 0.0127
vn 0.2496 -0.9674 0.0426
vn 0.2088 -0.9766 0.0513
vn 0.1675 -0.9854 0.0296
vn 0.1165 -0.9932 0.0077
vn -0.2697 0.9602 -0.0724
vn -0.3687 0.9289 -0.0337
vn -0.2190 0.9703 -0.1023
vn -0.4850 0.8741 0.0284
vn -0.6034 0.7919 0.0941
vn -0.7106 0.6923 0.1256
vn -0.7981 0.5891 0.1265
vn -0.8560 0.5003 0.1307
vn -0.8842 0.4424 0.1501
vn -0.9085 0.3878 0.1556
vn -0.9555 0.2755 0.1055
vn -0.9904 0.1323 0.0409
vn -0.9992 0.0409 -0.0036
vn -0.9994 0.0287 -0.0211
vn -0.9990 0.0310 -0.0331
vn -0.9985 0.0320 -0.0438
vn -0.9980 0.0267 -0.0577
vn -0.9971 0.0155 -0.0750
vn -0.9964 0.0044 -0.0846
vn -0.9970 -0.0056 -0.0769
vn -0.9979 -0.0199 -0.0624
vn -0.9975 -0.0431 -0.0553
vn -0.9964 -0.0659 -0.0526
vn -0.9970 -0.0567 -0.0529
vn -0.9977 -0.0029 -0.0680
vn -0.9940 0.0551 -0.0948
vn -0.9900 0.0814 -0.1150
vn -0.9888 0.0839 -0.1236
vn -0.9887 0.0772 -0.1283
vn -0.9883 0.0700 -0.1353
vn -0.9874 0.0681 -0.1427
vn -0.9871 0.0713 -0.1435
vn -0.9884 0.0757 -0.1314
vn -0.9927 0.0655 -0.1015
vn -0.9983 0.0246 -0.0523
vn -0.9985 -0.0555 0.0046
vn -0.9825 -0.1791 0.0511
vn -0.9479 -0.3067 0.0858
vn -0.9137 -0.3874 0.1231
vn -0.8896 -0.4244 0.1690
vn -0.8652 -0.4515 0.2179
vn -0.8100 -0.5258 0.2596
vn -0.6981 -0.6608 0.2758
vn -0.5668 -0.7817 0.2601
vn -0.4641 -0.8549 0.2317
vn -0.3826 -0.9018 0.2007
vn -0.3096 -0.9372 0.1608
vn -0.2436 -0.9635 0.1108
vn -0.1824 -0.9812 0.0623
vn -0.1162 -0.9930 0.0196
vn -0.3501 0.9331 -0.0819
vn -0.5467 0.8361 -0.0459
vn 0.1703 0.9746 -0.1455
vn 0.3157 0.8679 -0.3835
vn 0.0535 -0.9985 0.0135
vn 0.4916 0.8700 0.0379
vn 0.4651 0.8624 0.1998
vn 0.2619 0.8659 0.4263
vn -0.6771 0.6224 -0.3925
vn -0.7929 0.4845 -0.3694
vn -0.9073 0.3775 -0.1854
vn -0.9606 0.2548 -0.1114
vn -0.8915 0.3471 -0.2911
vn 0.6514 0.1252 0.7484
vn 0.7066 -0.1040 0.7000
vn 0.8692 0.3637 0.3351
vn 0.9180 0.2663 0.2939
vn 0.9487 0.2104 0.2358
vn 0.9564 0.2444 0.1598
vn 0.7602 -0.1637 0.6288
vn 0.9160 0.0370 0.3994
vn 0.1296 0.6401 -0.7573
vn -0.8609 0.4216 -0.2848
vn -0.6047 0.5251 -0.5989
vn -0.7838 0.6195 -0.0440
vn -0.8752 0.4792 -0.0659
vn 0.9587 0.2313 0.1652
vn 0.4589 0.7690 0.4450
vn 0.5443 0.4032 0.7356
vn 0.7139 0.6094 0.3450
vn -0.9260 0.2883 -0.2438
vn -0.9772 0.1903 -0.0941
vn 0.4246 0.8945 0.1399
vn 0.5684 0.8002 0.1913
vn 0.2525 0.9667 0.0419
vn 0.6674 0.7104 0.2233
vn 0.7357 0.6316 0.2446
vn 0.7886 0.5585 0.2572
vn 0.8386 0.4742 0.2682
vn 0.8738 0.3977 0.2798
vn 0.8863 0.3604 0.2909
vn 0.8861 0.3510 0.3026
vn 0.8840 0.3446 0.3159
vn 0.8834 0.3335 0.3291
vn 0.8858 0.3164 0.3394
vn 0.8898 0.2994 0.3445
vn 0.8926 0.2897 0.3453
vn 0.8937 0.2860 0.3456
vn 0.8935 0.2851 0.3470
vn 0.8925 0.2855 0.3492
vn 0.8912 0.2867 0.3516
vn 0.8896 0.2893 0.3534
vn 0.8881 0.2945 0.3529
vn 0.8864 0.3039 0.3492
vn 0.8841 0.3177 0.3427
vn 0.8827 0.3292 0.3353
vn 0.8845 0.3318 0.3280
vn 0.8889 0.3272 0.3207
vn 0.8949 0.3184 0.3128
vn 0.9022 0.3062 0.3039
vn 0.9103 0.2909 0.2945
vn 0.9188 0.2735 0.2847
vn 0.9277 0.2548 0.2729
vn 0.9379 0.2338 0.2564
vn 0.9500 0.2075 0.2335
vn 0.9643 0.1689 0.2039
vn 0.9790 0.1133 0.1694
vn 0.9899 0.0481 0.1336
vn 0.9948 -0.0193 0.0999
vn 0.9935 -0.0872 0.0725
vn 0.9856 -0.1605 0.0528
vn 0.9645 -0.2611 0.0393
vn 0.9197 -0.3911 0.0357
vn 0.8381 -0.5430 0.0517
vn 0.7051 -0.7041 0.0840
vn 0.5556 -0.8245 0.1070
vn 0.4431 -0.8916 0.0935
vn 0.3659 -0.9296 0.0440
vn 0.3083 -0.9511 -0.0216
vn 0.2694 -0.9591 -0.0870
vn 0.2438 -0.9582 -0.1494
vn 0.2003 -0.9568 -0.2109
vn 0.1155 -0.9614 -0.2497
vn -0.3134 0.9449 -0.0943
vn -0.4384 0.8979 -0.0384
vn -0.2302 0.9632 -0.1387
vn -0.5666 0.8237 0.0219
vn -0.6610 0.7468 0.0739
vn -0.7310 0.6734 0.1100
vn -0.8039 0.5771 0.1439
vn -0.8658 0.4643 0.1867
vn -0.8929 0.3895 0.2260
vn -0.8971 0.3673 0.2454
vn -0.9003 0.3618 0.2420
vn -0.9294 0.3107 0.1991
vn -0.9735 0.2031 0.1050
vn -0.9947 0.1023 0.0096
vn -0.9978 0.0549 -0.0380
vn -0.9978 0.0431 -0.0510
vn -0.9976 0.0428 -0.0545
vn -0.9976 0.0359 -0.0600
vn -0.9974 0.0124 -0.0710
vn -0.9966 -0.0162 -0.0802
vn -0.9958 -0.0396 -0.0820
vn -0.9950 -0.0597 -0.0798
vn -0.9941 -0.0716 -0.0813
vn -0.9949 -0.0468 -0.0897
vn -0.9946 0.0217 -0.1012
vn -0.9903 0.0834 -0.1109
vn -0.9882 0.0996 -0.1160
vn -0.9894 0.0892 -0.1145
vn -0.9913 0.0760 -0.1072
vn -0.9933 0.0651 -0.0951
vn -0.9954 0.0572 -0.0774
vn -0.9972 0.0527 -0.0539
vn -0.9986 0.0465 -0.0253
vn -0.9997 0.0214 0.0122
vn -0.9975 -0.0291 0.0647
vn -0.9890 -0.0881 0.1185
vn -0.9779 -0.1548 0.1404
vn -0.9576 -0.2561 0.1319
vn -0.9120 -0.3887 0.1309
vn -0.8553 -0.4928 0.1602
vn -0.8183 -0.5378 0.2027
vn -0.7835 -0.5760 0.2333
vn -0.7246 -0.6507 0.2271
vn -0.6462 -0.7438 0.1706
vn -0.5565 -0.8271 0.0793
vn -0.4615 -0.8870 -0.0146
vn -0.3710 -0.9247 -0.0850
vn -0.2912 -0.9481 -0.1279
vn -0.2222 -0.9624 -0.1565
vn -0.1602 -0.9710 -0.1775
vn -0.3119 0.9423 -0.1213
vn -0.4566 0.8897 0.0063
vn 0.2517 0.9676 -0.0183
vn 0.4010 0.9156 0.0295
vn 0.0134 -0.9742 -0.2252
vn -0.6191 0.7605 -0.1958
vn -0.6216 0.7356 -0.2692
vn -0.1867 0.4163 -0.8899
vn 0.0020 0.5963 0.8028
vn -0.1400 0.6069 0.7823
vt 0.623691 0.838860
vt 0.622412 0.844355
vt 0.619211 0.846187
vt 0.619461 0.842176
vt 0.620297 0.849716
vt 0.618099 0.849992
vt 0.616486 0.850495
vt 0.616251 0.848702
vt 0.615376 0.846226
vt 0.613430 0.852168
vt 0.611454 0.851109
vt 0.614794 0.852990
vt 0.521075 0.366686
vt 0.520764 0.368290
vt 0.517660 0.367395
vt 0.516400 0.365787
vt 0.521347 0.364402
vt 0.514841 0.363178
vt 0.202251 0.570670
vt 0.203143 0.575528
vt 0.200462 0.577760
vt 0.199193 0.574314
vt 0.203309 0.580178
vt 0.200944 0.581000
vt 0.199477 0.581749
vt 0.198537 0.580341
vt 0.196847 0.578348
vt 0.197343 0.583482
vt 0.195232 0.582816
vt 0.198945 0.583930
vt 0.956067 0.728810
vt 0.955339 0.730016
vt 0.953712 0.729083
vt 0.953467 0.727731
vt 0.957049 0.727216
vt 0.953397 0.725651
vt 0.898186 0.368020
vt 0.906085 0.356451
vt 0.909175 0.358689
vt 0.903258 0.367165
vt 0.019969 0.176556
vt 0.032029 0.184654
vt 0.027044 0.185774
vt 0.018056 0.180005
vt 0.023132 0.186050
vt 0.016570 0.182650
vt 0.911402 0.360550
vt 0.906871 0.366029
vt 0.202694 0.584753
vt 0.200557 0.584307
vt 0.953714 0.732842
vt 0.950603 0.730539
vt 0.952421 0.729552
vt 0.954638 0.731234
vt 0.520258 0.369663
vt 0.515792 0.367966
vt 0.615895 0.853893
vt 0.617169 0.855117
vt 0.519467 0.371295
vt 0.513256 0.368991
vt 0.518393 0.373474
vt 0.510420 0.370524
vt 0.622955 0.849806
vt 0.618903 0.856732
vt 0.626104 0.850218
vt 0.621172 0.858675
vt 0.517088 0.376234
vt 0.507404 0.372552
vt 0.515601 0.379552
vt 0.504307 0.375039
vt 0.629755 0.850893
vt 0.624000 0.860861
vt 0.633878 0.851788
vt 0.627380 0.863221
vt 0.513957 0.383386
vt 0.501235 0.377967
vt 0.512182 0.387682
vt 0.498283 0.381328
vt 0.638412 0.852859
vt 0.631286 0.865676
vt 0.643230 0.854057
vt 0.635650 0.868107
vt 0.510334 0.392345
vt 0.495529 0.385110
vt 0.508415 0.397298
vt 0.493033 0.389327
vt 0.648255 0.855331
vt 0.640426 0.870408
vt 0.653549 0.856565
vt 0.645635 0.872513
vt 0.506485 0.402582
vt 0.490698 0.393963
vt 0.504564 0.408251
vt 0.488455 0.399032
vt 0.659205 0.857612
vt 0.651306 0.874359
vt 0.665331 0.858303
vt 0.657491 0.875892
vt 0.502681 0.414393
vt 0.486209 0.404547
vt 0.500892 0.421073
vt 0.483922 0.410508
vt 0.671983 0.858460
vt 0.664210 0.877019
vt 0.679088 0.857948
vt 0.671386 0.877491
vt 0.499385 0.428280
vt 0.481815 0.416891
vt 0.498315 0.436018
vt 0.480096 0.423739
vt 0.686546 0.856714
vt 0.678928 0.877110
vt 0.694241 0.854976
vt 0.686756 0.876021
vt 0.497559 0.444264
vt 0.478686 0.431104
vt 0.496918 0.452918
vt 0.477424 0.438948
vt 0.702066 0.853007
vt 0.694767 0.874477
vt 0.709930 0.851070
vt 0.702814 0.872853
vt 0.496087 0.461750
vt 0.476025 0.447062
vt 0.494796 0.470525
vt 0.474220 0.455219
vt 0.717783 0.849402
vt 0.710782 0.871502
vt 0.725648 0.848162
vt 0.718662 0.870551
vt 0.492995 0.479178
vt 0.471872 0.463348
vt 0.490761 0.487785
vt 0.469084 0.471633
vt 0.733621 0.847580
vt 0.726525 0.870009
vt 0.741829 0.848159
vt 0.734249 0.869652
vt 0.488587 0.496289
vt 0.466915 0.481103
vt 0.487035 0.504389
vt 0.466045 0.492061
vt 0.749870 0.848870
vt 0.741636 0.869430
vt 0.755091 0.850509
vt 0.745583 0.869603
vt 0.486265 0.508724
vt 0.464855 0.498135
vt 0.798891 0.840254
vt 0.805289 0.842650
vt 0.807797 0.851525
vt 0.801682 0.849233
vt 0.812760 0.847360
vt 0.813851 0.855247
vt 0.815138 0.861412
vt 0.810741 0.859692
vt 0.805871 0.858408
vt 0.451727 0.512247
vt 0.457629 0.509270
vt 0.464486 0.517983
vt 0.457082 0.519138
vt 0.467819 0.506847
vt 0.471675 0.515639
vt 0.477745 0.525611
vt 0.472757 0.527713
vt 0.467781 0.530333
vt 0.409810 0.547379
vt 0.406172 0.572120
vt 0.398580 0.574972
vt 0.399598 0.552833
vt 0.822714 0.852951
vt 0.810942 0.835924
vt 0.818288 0.830165
vt 0.827083 0.847223
vt 0.826255 0.820778
vt 0.834563 0.839969
vt 0.387333 0.579428
vt 0.386049 0.554877
vt 0.375051 0.583886
vt 0.373017 0.558642
vt 0.834958 0.813743
vt 0.843366 0.833021
vt 0.843824 0.808010
vt 0.852403 0.826420
vt 0.362547 0.587797
vt 0.360388 0.563079
vt 0.349716 0.591021
vt 0.347785 0.567328
vt 0.852736 0.802518
vt 0.861575 0.819813
vt 0.861732 0.797002
vt 0.870800 0.813113
vt 0.336631 0.593492
vt 0.335160 0.571053
vt 0.323724 0.595191
vt 0.322774 0.574076
vt 0.870592 0.791552
vt 0.879784 0.806465
vt 0.879143 0.786141
vt 0.888416 0.799929
vt 0.311191 0.596158
vt 0.310739 0.576325
vt 0.299138 0.596469
vt 0.299124 0.577796
vt 0.887327 0.780786
vt 0.896659 0.793536
vt 0.895101 0.775536
vt 0.904367 0.787240
vt 0.287640 0.596251
vt 0.288002 0.578616
vt 0.276748 0.595641
vt 0.277434 0.578947
vt 0.902392 0.770376
vt 0.911550 0.781148
vt 0.909178 0.765331
vt 0.918175 0.775229
vt 0.266485 0.594769
vt 0.267444 0.578989
vt 0.256866 0.593754
vt 0.258035 0.578923
vt 0.915444 0.760426
vt 0.924206 0.769470
vt 0.921198 0.755713
vt 0.929647 0.763917
vt 0.247913 0.592639
vt 0.249229 0.578792
vt 0.239652 0.591459
vt 0.241060 0.578616
vt 0.926456 0.751241
vt 0.934516 0.758629
vt 0.931231 0.747061
vt 0.938819 0.753653
vt 0.232103 0.590258
vt 0.233550 0.578453
vt 0.225285 0.589085
vt 0.226717 0.578369
vt 0.935535 0.743217
vt 0.942567 0.749036
vt 0.939384 0.739754
vt 0.945778 0.744823
vt 0.219213 0.587976
vt 0.220576 0.578404
vt 0.213902 0.586967
vt 0.215143 0.578587
vt 0.942797 0.736715
vt 0.948471 0.741055
vt 0.945794 0.734142
vt 0.950673 0.737776
vt 0.209366 0.586081
vt 0.210437 0.578942
vt 0.205623 0.585341
vt 0.206481 0.579478
vt 0.948394 0.732073
vt 0.952410 0.735024
vt 0.505323 0.476605
vt 0.499320 0.474313
vt 0.499146 0.472670
vt 0.507957 0.476495
vt 0.394362 0.045798
vt 0.391872 0.051163
vt 0.389714 0.053533
vt 0.392794 0.045865
vt 0.386719 0.055947
vt 0.390796 0.045652
vt 0.499336 0.470547
vt 0.511202 0.475843
vt 0.500285 0.467765
vt 0.514786 0.474548
vt 0.383185 0.057672
vt 0.388165 0.044820
vt 0.379087 0.058996
vt 0.384834 0.043587
vt 0.501818 0.464309
vt 0.518653 0.472610
vt 0.503793 0.460245
vt 0.522876 0.470102
vt 0.374442 0.060263
vt 0.380826 0.042137
vt 0.369357 0.061265
vt 0.376370 0.039976
vt 0.506739 0.455909
vt 0.528050 0.467429
vt 0.511171 0.451623
vt 0.534588 0.464954
vt 0.363914 0.061637
vt 0.371625 0.036587
vt 0.358149 0.060873
vt 0.366397 0.032152
vt 0.516936 0.447324
vt 0.541875 0.462457
vt 0.524069 0.442745
vt 0.549438 0.459526
vt 0.351867 0.058439
vt 0.360271 0.026665
vt 0.344237 0.053689
vt 0.352103 0.019225
vt 0.533938 0.437524
vt 0.558179 0.455831
vt 0.547474 0.431561
vt 0.568766 0.451425
vt 0.334270 0.046649
vt 0.340625 0.009800
vt 0.322977 0.040709
vt 0.327782 0.002460
vt 0.560732 0.425531
vt 0.579000 0.447041
vt 0.569940 0.418722
vt 0.586792 0.442604
vt 0.311964 0.038949
vt 0.316109 0.000553
vt 0.301021 0.040256
vt 0.304558 0.002542
vt 0.577336 0.410183
vt 0.592916 0.436694
vt 0.584964 0.400210
vt 0.598783 0.428376
vt 0.289752 0.042960
vt 0.292331 0.006680
vt 0.279156 0.046856
vt 0.280560 0.012241
vt 0.592481 0.389882
vt 0.604653 0.418742
vt 0.599161 0.379978
vt 0.610348 0.409190
vt 0.270105 0.051806
vt 0.270308 0.018582
vt 0.261978 0.057161
vt 0.260977 0.025099
vt 0.605673 0.370587
vt 0.616188 0.400021
vt 0.612854 0.361912
vt 0.622587 0.391417
vt 0.253982 0.062298
vt 0.251799 0.031310
vt 0.246026 0.066723
vt 0.242849 0.036654
vt 0.620653 0.354583
vt 0.629523 0.384042
vt 0.628730 0.349112
vt 0.636785 0.378475
vt 0.238247 0.070083
vt 0.234328 0.040675
vt 0.230776 0.072569
vt 0.226257 0.043613
vt 0.636776 0.345214
vt 0.644114 0.374472
vt 0.644560 0.342424
vt 0.651303 0.371586
vt 0.223741 0.074474
vt 0.218658 0.045847
vt 0.217159 0.076064
vt 0.211542 0.047660
vt 0.651951 0.340364
vt 0.658203 0.369489
vt 0.670882 0.366709
vt 0.665381 0.337556
vt 0.671505 0.336931
vt 0.676721 0.365814
vt 0.198734 0.050608
vt 0.205255 0.078647
vt 0.199806 0.079201
vt 0.192926 0.051531
vt 0.194467 0.078993
vt 0.187286 0.051797
vt 0.677403 0.337087
vt 0.682350 0.365400
vt 0.693368 0.366539
vt 0.688960 0.339599
vt 0.694648 0.340761
vt 0.698970 0.367855
vt 0.175929 0.050476
vt 0.183738 0.077200
vt 0.178686 0.077521
vt 0.170285 0.050087
vt 0.173476 0.080809
vt 0.164260 0.051838
vt 0.701021 0.339939
vt 0.705115 0.368535
vt 0.708835 0.336487
vt 0.712233 0.368003
vt 0.167730 0.087653
vt 0.157407 0.056609
vt 0.160915 0.093419
vt 0.149383 0.060492
vt 0.717771 0.334476
vt 0.720241 0.368453
vt 0.727220 0.337455
vt 0.728736 0.371526
vt 0.152445 0.094227
vt 0.139748 0.060306
vt 0.143156 0.093535
vt 0.129525 0.059631
vt 0.736833 0.341535
vt 0.737427 0.374374
vt 0.746649 0.342388
vt 0.746370 0.374212
vt 0.134447 0.095446
vt 0.120298 0.062503
vt 0.126396 0.099510
vt 0.111800 0.067669
vt 0.756818 0.341334
vt 0.755612 0.372299
vt 0.767111 0.340486
vt 0.764958 0.370691
vt 0.118629 0.104347
vt 0.103417 0.073182
vt 0.111019 0.109325
vt 0.095019 0.078463
vt 0.777329 0.340449
vt 0.774252 0.369996
vt 0.787311 0.341332
vt 0.783361 0.370352
vt 0.103500 0.114087
vt 0.086599 0.083368
vt 0.096086 0.118602
vt 0.078249 0.088053
vt 0.796987 0.342905
vt 0.792221 0.371451
vt 0.806434 0.344715
vt 0.800851 0.372894
vt 0.088826 0.122973
vt 0.070194 0.092872
vt 0.081872 0.127602
vt 0.062523 0.098190
vt 0.815835 0.346426
vt 0.809447 0.374006
vt 0.825454 0.347490
vt 0.818237 0.374435
vt 0.075401 0.132849
vt 0.055507 0.104583
vt 0.069664 0.139060
vt 0.049214 0.112025
vt 0.835355 0.347974
vt 0.827172 0.374496
vt 0.845540 0.348029
vt 0.836144 0.374494
vt 0.064940 0.146456
vt 0.043693 0.120378
vt 0.061026 0.154503
vt 0.039071 0.129586
vt 0.856068 0.347714
vt 0.845331 0.374091
vt 0.866944 0.347236
vt 0.855027 0.372984
vt 0.057473 0.162506
vt 0.035343 0.139476
vt 0.053565 0.169588
vt 0.032054 0.149233
vt 0.877602 0.347369
vt 0.865094 0.371498
vt 0.887243 0.348728
vt 0.875084 0.370058
vt 0.048676 0.175175
vt 0.028715 0.158064
vt 0.043098 0.179427
vt 0.025408 0.165654
vt 0.895337 0.351040
vt 0.884260 0.369008
vt 0.901575 0.353781
vt 0.891943 0.368478
vt 0.037443 0.182558
vt 0.022474 0.171831
vt 0.511948 0.365617
vt 0.508404 0.362552
vt 0.507474 0.366040
vt 0.502039 0.362454
vt 0.502864 0.366966
vt 0.495737 0.362818
vt 0.498218 0.368327
vt 0.489612 0.363579
vt 0.493677 0.370078
vt 0.483827 0.364699
vt 0.489469 0.372232
vt 0.478697 0.366215
vt 0.485767 0.374838
vt 0.474426 0.368223
vt 0.482523 0.377932
vt 0.470826 0.370775
vt 0.479644 0.381527
vt 0.467679 0.373863
vt 0.477035 0.385613
vt 0.464831 0.377448
vt 0.474547 0.390136
vt 0.462161 0.381481
vt 0.472076 0.395089
vt 0.459554 0.385928
vt 0.469555 0.400444
vt 0.456935 0.390752
vt 0.467105 0.406168
vt 0.454322 0.395916
vt 0.464843 0.412270
vt 0.451736 0.401402
vt 0.462711 0.418794
vt 0.449112 0.407228
vt 0.460593 0.425721
vt 0.446364 0.413368
vt 0.458396 0.432842
vt 0.443555 0.419555
vt 0.456037 0.439939
vt 0.440721 0.425533
vt 0.453243 0.446866
vt 0.437515 0.431113
vt 0.449896 0.453674
vt 0.433704 0.436249
vt 0.446789 0.461313
vt 0.429843 0.441738
vt 0.444668 0.470675
vt 0.426454 0.448283
vt 0.442830 0.480170
vt 0.423355 0.454840
vt 0.417309 0.464558
vt 0.435930 0.491525
vt 0.432078 0.496306
vt 0.414151 0.468832
vt 0.446727 0.505642
vt 0.441576 0.510540
vt 0.435809 0.515693
vt 0.427952 0.501056
vt 0.410806 0.473192
vt 0.403501 0.482224
vt 0.416320 0.506940
vt 0.409540 0.510864
vt 0.399365 0.486822
vt 0.423607 0.526266
vt 0.418187 0.535444
vt 0.402840 0.518017
vt 0.393679 0.492014
vt 0.393801 0.524289
vt 0.385315 0.498076
vt 0.381626 0.528816
vt 0.375116 0.504239
vt 0.369638 0.533571
vt 0.364201 0.510032
vt 0.357422 0.538912
vt 0.352973 0.515932
vt 0.345225 0.544333
vt 0.341639 0.522400
vt 0.333077 0.549388
vt 0.330209 0.528803
vt 0.321177 0.553688
vt 0.318895 0.534327
vt 0.309611 0.557134
vt 0.307834 0.538855
vt 0.298431 0.559715
vt 0.297104 0.542454
vt 0.287696 0.561541
vt 0.286753 0.545229
vt 0.277452 0.562772
vt 0.276827 0.547326
vt 0.267734 0.563668
vt 0.267378 0.549033
vt 0.258539 0.564490
vt 0.258401 0.550648
vt 0.249874 0.565278
vt 0.249887 0.552233
vt 0.241788 0.566032
vt 0.241893 0.553800
vt 0.234308 0.566831
vt 0.234452 0.555443
vt 0.227453 0.567761
vt 0.227575 0.557274
vt 0.221235 0.568868
vt 0.221273 0.559345
vt 0.215671 0.570182
vt 0.215564 0.561694
vt 0.210781 0.571727
vt 0.210469 0.564354
vt 0.206593 0.573515
vt 0.206019 0.567349
vt 0.950832 0.727425
vt 0.949674 0.724775
vt 0.948005 0.727773
vt 0.945833 0.724528
vt 0.944880 0.728676
vt 0.941805 0.724844
vt 0.941447 0.730105
vt 0.937577 0.725686
vt 0.937709 0.732033
vt 0.933138 0.727026
vt 0.933639 0.734417
vt 0.928452 0.728813
vt 0.929212 0.737207
vt 0.923487 0.730994
vt 0.924409 0.740357
vt 0.918237 0.733531
vt 0.919215 0.743826
vt 0.912692 0.736389
vt 0.913616 0.747569
vt 0.906827 0.739519
vt 0.907600 0.751538
vt 0.900619 0.742866
vt 0.901152 0.755685
vt 0.894051 0.746380
vt 0.894265 0.759962
vt 0.887110 0.750008
vt 0.886945 0.764327
vt 0.879796 0.753698
vt 0.879206 0.768742
vt 0.872115 0.757395
vt 0.871092 0.773175
vt 0.864105 0.761048
vt 0.862657 0.777599
vt 0.855817 0.764615
vt 0.854030 0.782050
vt 0.847348 0.768081
vt 0.845296 0.786496
vt 0.838797 0.771443
vt 0.836582 0.790840
vt 0.830317 0.774773
vt 0.827889 0.795291
vt 0.821892 0.778164
vt 0.819312 0.800681
vt 0.813494 0.781807
vt 0.811133 0.807569
vt 0.805320 0.785772
vt 0.803827 0.814216
vt 0.798139 0.789320
vt 0.788295 0.793696
vt 0.792892 0.819620
vt 0.787899 0.820098
vt 0.784032 0.795384
vt 0.796789 0.834141
vt 0.790895 0.835848
vt 0.785058 0.837929
vt 0.782807 0.819644
vt 0.779825 0.796919
vt 0.771630 0.800149
vt 0.772876 0.822468
vt 0.768150 0.826731
vt 0.767443 0.800810
vt 0.773237 0.840770
vt 0.766943 0.844142
vt 0.762222 0.827331
vt 0.762227 0.801803
vt 0.754595 0.825991
vt 0.755623 0.802507
vt 0.746449 0.824808
vt 0.748354 0.803258
vt 0.738602 0.824902
vt 0.741271 0.804509
vt 0.731026 0.826106
vt 0.734369 0.806390
vt 0.723498 0.827992
vt 0.727391 0.808863
vt 0.715906 0.830276
vt 0.720221 0.811678
vt 0.708253 0.832742
vt 0.712899 0.814589
vt 0.700569 0.835260
vt 0.705460 0.817514
vt 0.692914 0.837680
vt 0.697952 0.820370
vt 0.685432 0.839709
vt 0.690536 0.822909
vt 0.678291 0.841086
vt 0.683404 0.824904
vt 0.671587 0.841827
vt 0.676642 0.826359
vt 0.665360 0.842036
vt 0.670284 0.827358
vt 0.659549 0.841894
vt 0.664279 0.828059
vt 0.654048 0.841588
vt 0.658548 0.828631
vt 0.648771 0.841284
vt 0.653031 0.829222
vt 0.643650 0.841122
vt 0.647676 0.829968
vt 0.638733 0.841165
vt 0.642483 0.830959
vt 0.634111 0.841464
vt 0.637472 0.832279
vt 0.629836 0.842063
vt 0.632667 0.833991
vt 0.625941 0.843006
vt 0.628081 0.836160
vt 0.534382 0.480715
vt 0.528277 0.481323
vt 0.547771 0.488215
vt 0.539998 0.487817
vt 0.531365 0.486683
vt 0.521973 0.481271
vt 0.557989 0.494777
vt 0.549426 0.493794
vt 0.565278 0.500395
vt 0.556499 0.499193
vt 0.545597 0.497121
vt 0.539276 0.491986
vt 0.570215 0.505383
vt 0.561460 0.504194
vt 0.574059 0.510271
vt 0.565369 0.509133
vt 0.554347 0.507172
vt 0.550403 0.502135
vt 0.577873 0.515257
vt 0.569122 0.514158
vt 0.581759 0.520329
vt 0.572722 0.519266
vt 0.561228 0.517502
vt 0.557984 0.512296
vt 0.585687 0.525449
vt 0.576147 0.524454
vt 0.589935 0.530629
vt 0.580025 0.529778
vt 0.567384 0.528343
vt 0.564070 0.522817
vt 0.594523 0.535820
vt 0.584707 0.535206
vt 0.598364 0.540886
vt 0.589044 0.540623
vt 0.576261 0.539916
vt 0.571796 0.534076
vt 0.600592 0.545949
vt 0.591970 0.546103
vt 0.601394 0.551255
vt 0.593491 0.551747
vt 0.582265 0.552018
vt 0.579724 0.545897
vt 0.601070 0.557027
vt 0.593823 0.557679
vt 0.600140 0.563319
vt 0.593102 0.564071
vt 0.584353 0.564813
vt 0.584008 0.558271
vt 0.599070 0.570002
vt 0.591615 0.570932
vt 0.597937 0.577051
vt 0.589795 0.578241
vt 0.580112 0.579540
vt 0.582687 0.571906
vt 0.596803 0.584446
vt 0.588178 0.585868
vt 0.596106 0.591986
vt 0.587275 0.593598
vt 0.577016 0.595450
vt 0.578010 0.587470
vt 0.596217 0.599428
vt 0.587381 0.601207
vt 0.596722 0.606792
vt 0.587901 0.608738
vt 0.577977 0.611014
vt 0.577299 0.603270
vt 0.597084 0.614211
vt 0.588116 0.616361
vt 0.597154 0.621752
vt 0.587784 0.624168
vt 0.577169 0.627120
vt 0.578051 0.618922
vt 0.596946 0.629443
vt 0.586912 0.632193
vt 0.596729 0.637207
vt 0.586013 0.640272
vt 0.573399 0.644235
vt 0.575341 0.635645
vt 0.596836 0.644901
vt 0.585669 0.648152
vt 0.597586 0.652341
vt 0.586177 0.655647
vt 0.572239 0.660226
vt 0.572258 0.652501
vt 0.599244 0.659351
vt 0.587727 0.662606
vt 0.601871 0.665880
vt 0.590382 0.668972
vt 0.576021 0.673515
vt 0.573481 0.667257
vt 0.605466 0.671932
vt 0.594143 0.674739
vt 0.609961 0.677600
vt 0.598859 0.680068
vt 0.584793 0.683846
vt 0.579879 0.678967
vt 0.615201 0.683073
vt 0.604351 0.685224
vt 0.620755 0.688860
vt 0.610435 0.690724
vt 0.597527 0.693330
vt 0.590592 0.688482
vt 0.626189 0.695487
vt 0.616837 0.697115
vt 0.631131 0.703117
vt 0.622785 0.704854
vt 0.613213 0.706536
vt 0.605569 0.698963
vt 0.635353 0.711738
vt 0.627684 0.714168
vt 0.639106 0.720850
vt 0.631813 0.724230
vt 0.623728 0.728476
vt 0.619180 0.716876
vt 0.642519 0.729928
vt 0.635439 0.734082
vt 0.644939 0.739149
vt 0.637683 0.744056
vt 0.628761 0.750768
vt 0.627140 0.739656
vt 0.645772 0.748931
vt 0.637856 0.754759
vt 0.645377 0.759214
vt 0.636790 0.765870
vt 0.626562 0.774363
vt 0.628155 0.762519
vt 0.644266 0.769663
vt 0.635510 0.776679
vt 0.642821 0.780001
vt 0.634334 0.786929
vt 0.624796 0.795285
vt 0.625390 0.785340
vt 0.641354 0.789972
vt 0.633372 0.796515
vt 0.639896 0.799514
vt 0.632541 0.805456
vt 0.624636 0.812467
vt 0.624610 0.804292
vt 0.638398 0.808638
vt 0.631716 0.813823
vt 0.636773 0.817381
vt 0.630784 0.821677
vt 0.624636 0.826757
vt 0.624686 0.819929
vt 0.634914 0.825803
vt 0.629630 0.829091
vt 0.624365 0.833035
vt 0.546764 0.478017
vt 0.540387 0.479500
vt 0.561495 0.487154
vt 0.554774 0.487900
vt 0.571787 0.494569
vt 0.565201 0.494936
vt 0.578971 0.500711
vt 0.572471 0.500817
vt 0.584306 0.506100
vt 0.577580 0.505953
vt 0.588724 0.511202
vt 0.581675 0.510906
vt 0.592911 0.516252
vt 0.585684 0.515911
vt 0.596993 0.521263
vt 0.589752 0.520957
vt 0.600931 0.526212
vt 0.593840 0.526002
vt 0.604586 0.531075
vt 0.597948 0.531034
vt 0.607749 0.535809
vt 0.601903 0.536003
vt 0.610061 0.540314
vt 0.604941 0.540776
vt 0.611348 0.544772
vt 0.606555 0.545517
vt 0.611785 0.549728
vt 0.607025 0.550620
vt 0.611620 0.555521
vt 0.606679 0.556343
vt 0.611223 0.561895
vt 0.605993 0.562608
vt 0.610932 0.568457
vt 0.605357 0.569180
vt 0.610714 0.575219
vt 0.604744 0.576054
vt 0.610504 0.582254
vt 0.604097 0.583257
vt 0.610537 0.589423
vt 0.603751 0.590611
vt 0.611042 0.596544
vt 0.604027 0.597889
vt 0.611788 0.603636
vt 0.604627 0.605107
vt 0.612483 0.610789
vt 0.605151 0.612375
vt 0.613128 0.618020
vt 0.605534 0.619732
vt 0.613793 0.625316
vt 0.605817 0.627193
vt 0.614519 0.632671
vt 0.606118 0.634728
vt 0.615381 0.640055
vt 0.606612 0.642267
vt 0.616622 0.647335
vt 0.607601 0.649642
vt 0.618481 0.654360
vt 0.609344 0.656684
vt 0.621035 0.661072
vt 0.611938 0.663325
vt 0.624298 0.667466
vt 0.615367 0.669581
vt 0.628236 0.673576
vt 0.619599 0.675501
vt 0.632715 0.679515
vt 0.624495 0.681223
vt 0.637276 0.685647
vt 0.629550 0.687201
vt 0.641530 0.692356
vt 0.634305 0.693901
vt 0.645411 0.699646
vt 0.638600 0.701369
vt 0.648933 0.707393
vt 0.642384 0.709494
vt 0.652207 0.715414
vt 0.645844 0.717974
vt 0.655251 0.723535
vt 0.649049 0.726505
vt 0.657704 0.731777
vt 0.651518 0.735163
vt 0.659193 0.740348
vt 0.652782 0.744237
vt 0.659605 0.749457
vt 0.652888 0.753843
vt 0.658919 0.759216
vt 0.652002 0.763920
vt 0.657441 0.769452
vt 0.650484 0.774233
vt 0.655538 0.779841
vt 0.648714 0.784462
vt 0.653367 0.790232
vt 0.646811 0.794484
vt 0.651016 0.800531
vt 0.644808 0.804248
vt 0.648466 0.810730
vt 0.642652 0.813768
vt 0.645660 0.820853
vt 0.640252 0.823087
vt 0.561022 0.475045
vt 0.553807 0.476588
vt 0.574995 0.485234
vt 0.568281 0.486277
vt 0.584791 0.493357
vt 0.578290 0.494019
vt 0.591895 0.500051
vt 0.585396 0.500411
vt 0.597415 0.505877
vt 0.590875 0.506034
vt 0.601984 0.511210
vt 0.595469 0.511277
vt 0.606015 0.516276
vt 0.599667 0.516355
vt 0.609601 0.521140
vt 0.603571 0.521304
vt 0.612738 0.525831
vt 0.607152 0.526130
vt 0.615343 0.530350
vt 0.610268 0.530810
vt 0.617370 0.534701
vt 0.612782 0.535318
vt 0.618912 0.538882
vt 0.614640 0.539595
vt 0.620062 0.542989
vt 0.615858 0.543783
vt 0.620732 0.547670
vt 0.616423 0.548554
vt 0.620928 0.553660
vt 0.616413 0.554486
vt 0.620955 0.560435
vt 0.616198 0.561130
vt 0.621154 0.567118
vt 0.616151 0.567782
vt 0.621505 0.573725
vt 0.616242 0.574463
vt 0.621929 0.580491
vt 0.616386 0.581350
vt 0.622538 0.587370
vt 0.616741 0.588357
vt 0.623436 0.594257
vt 0.617459 0.595346
vt 0.624482 0.601172
vt 0.618360 0.602336
vt 0.625521 0.608176
vt 0.619227 0.609404
vt 0.626615 0.615243
vt 0.620105 0.616541
vt 0.627854 0.622328
vt 0.621087 0.623715
vt 0.629225 0.629420
vt 0.622172 0.630922
vt 0.630712 0.636528
vt 0.623378 0.638155
vt 0.632416 0.643595
vt 0.624870 0.645323
vt 0.634474 0.650530
vt 0.626828 0.652314
vt 0.636959 0.657283
vt 0.629339 0.659065
vt 0.639920 0.663813
vt 0.632441 0.665549
vt 0.643296 0.670161
vt 0.636083 0.671802
vt 0.646960 0.676416
vt 0.640133 0.677924
vt 0.650676 0.682767
vt 0.644238 0.684185
vt 0.654262 0.689407
vt 0.648114 0.690869
vt 0.657710 0.696339
vt 0.651739 0.697973
vt 0.661018 0.703502
vt 0.655129 0.705398
vt 0.664135 0.710885
vt 0.658306 0.713058
vt 0.666953 0.718476
vt 0.661220 0.720873
vt 0.669242 0.726240
vt 0.663600 0.728828
vt 0.670770 0.734288
vt 0.665159 0.737071
vt 0.671377 0.742869
vt 0.665722 0.745847
vt 0.670961 0.752226
vt 0.665185 0.755368
vt 0.669736 0.762276
vt 0.663807 0.765516
vt 0.667965 0.772751
vt 0.661914 0.775985
vt 0.665737 0.783549
vt 0.659645 0.786632
vt 0.663093 0.794629
vt 0.657088 0.797366
vt 0.660081 0.805948
vt 0.654261 0.808162
vt 0.656741 0.817472
vt 0.651149 0.819016
vt 0.575587 0.470671
vt 0.568054 0.473103
vt 0.588472 0.482577
vt 0.581558 0.483946
vt 0.598194 0.492044
vt 0.591333 0.492633
vt 0.605425 0.499567
vt 0.598533 0.499724
vt 0.610624 0.505638
vt 0.603979 0.505716
vt 0.614551 0.510885
vt 0.608321 0.511059
vt 0.617838 0.515764
vt 0.612028 0.516060
vt 0.620594 0.520380
vt 0.615213 0.520816
vt 0.622828 0.524798
vt 0.617898 0.525379
vt 0.624596 0.529117
vt 0.620063 0.529789
vt 0.625951 0.533432
vt 0.621714 0.534098
vt 0.626986 0.537867
vt 0.622971 0.538375
vt 0.627786 0.542541
vt 0.623936 0.542728
vt 0.628493 0.547591
vt 0.624628 0.547556
vt 0.629227 0.553237
vt 0.625099 0.553385
vt 0.629993 0.559359
vt 0.625504 0.559914
vt 0.630787 0.565683
vt 0.626007 0.566435
vt 0.631589 0.572143
vt 0.626601 0.572958
vt 0.632411 0.578770
vt 0.627249 0.579636
vt 0.633359 0.585507
vt 0.628052 0.586426
vt 0.634518 0.592303
vt 0.629095 0.593245
vt 0.635828 0.599137
vt 0.630274 0.600113
vt 0.637194 0.606057
vt 0.631479 0.607071
vt 0.638654 0.613033
vt 0.632763 0.614092
vt 0.640263 0.620006
vt 0.634212 0.621106
vt 0.642001 0.626972
vt 0.635795 0.628121
vt 0.643843 0.633931
vt 0.637486 0.635141
vt 0.645848 0.640839
vt 0.639360 0.642120
vt 0.648086 0.647637
vt 0.641510 0.648990
vt 0.650593 0.654292
vt 0.643999 0.655706
vt 0.653378 0.660791
vt 0.646855 0.662239
vt 0.656372 0.667181
vt 0.650014 0.668630
vt 0.659495 0.673534
vt 0.653372 0.674960
vt 0.662675 0.679923
vt 0.656782 0.681351
vt 0.665866 0.686420
vt 0.660142 0.687933
vt 0.669047 0.693048
vt 0.663439 0.694717
vt 0.672181 0.699827
vt 0.666655 0.701679
vt 0.675184 0.706865
vt 0.669710 0.708863
vt 0.677914 0.714243
vt 0.672469 0.716303
vt 0.680090 0.721859
vt 0.674688 0.723947
vt 0.681468 0.729779
vt 0.676141 0.731895
vt 0.682041 0.738240
vt 0.676738 0.740389
vt 0.681838 0.747400
vt 0.676435 0.749639
vt 0.680983 0.757208
vt 0.675396 0.759576
vt 0.679612 0.767528
vt 0.673821 0.769987
vt 0.677683 0.778415
vt 0.671728 0.780851
vt 0.675112 0.789963
vt 0.669087 0.792197
vt 0.671970 0.802128
vt 0.665971 0.803975
vt 0.668364 0.814821
vt 0.662464 0.816115
vt 0.592601 0.465213
vt 0.584150 0.467902
vt 0.603434 0.479991
vt 0.596030 0.481318
vt 0.612163 0.490910
vt 0.605417 0.491663
vt 0.618739 0.499006
vt 0.612459 0.499551
vt 0.623051 0.505094
vt 0.617224 0.505603
vt 0.626017 0.510109
vt 0.620613 0.510674
vt 0.628502 0.514762
vt 0.623450 0.515393
vt 0.630532 0.519095
vt 0.625794 0.519840
vt 0.632065 0.523203
vt 0.627604 0.524085
vt 0.633285 0.527340
vt 0.629020 0.528300
vt 0.634313 0.531614
vt 0.630154 0.532599
vt 0.635190 0.536111
vt 0.631059 0.537098
vt 0.636001 0.540932
vt 0.631810 0.541918
vt 0.636895 0.546097
vt 0.632584 0.547081
vt 0.637995 0.551629
vt 0.633519 0.552628
vt 0.639194 0.557555
vt 0.634547 0.558582
vt 0.640346 0.563815
vt 0.635550 0.564816
vt 0.641428 0.570319
vt 0.636512 0.571267
vt 0.642471 0.576975
vt 0.637463 0.577887
vt 0.643605 0.583719
vt 0.638520 0.584613
vt 0.644953 0.590504
vt 0.639786 0.591391
vt 0.646481 0.597329
vt 0.641213 0.598214
vt 0.648128 0.604209
vt 0.642727 0.605109
vt 0.649880 0.611129
vt 0.644341 0.612052
vt 0.651738 0.618060
vt 0.646083 0.618999
vt 0.653701 0.624975
vt 0.647942 0.625934
vt 0.655771 0.631844
vt 0.649907 0.632844
vt 0.657974 0.638631
vt 0.652021 0.639687
vt 0.660335 0.645299
vt 0.654331 0.646416
vt 0.662861 0.651832
vt 0.656855 0.653005
vt 0.665541 0.658228
vt 0.659588 0.659449
vt 0.668326 0.664533
vt 0.662462 0.665802
vt 0.671177 0.670814
vt 0.665416 0.672138
vt 0.674108 0.677064
vt 0.668435 0.678485
vt 0.677122 0.683249
vt 0.671513 0.684857
vt 0.680204 0.689377
vt 0.674621 0.691283
vt 0.683317 0.695565
vt 0.677716 0.697833
vt 0.686351 0.702323
vt 0.680704 0.704743
vt 0.689136 0.710017
vt 0.683436 0.712181
vt 0.691304 0.718081
vt 0.685590 0.719905
vt 0.692546 0.726109
vt 0.686903 0.727853
vt 0.693026 0.734423
vt 0.687446 0.736275
vt 0.692965 0.743288
vt 0.687329 0.745318
vt 0.692403 0.752780
vt 0.686635 0.754980
vt 0.691331 0.762943
vt 0.685434 0.765217
vt 0.689691 0.773866
vt 0.683655 0.776124
vt 0.687410 0.785641
vt 0.681202 0.787820
vt 0.684477 0.798303
vt 0.678119 0.800285
vt 0.680899 0.811859
vt 0.674487 0.813454
vt 0.605401 0.458395
vt 0.599691 0.462533
vt 0.615123 0.474835
vt 0.609866 0.478155
vt 0.622435 0.486184
vt 0.617761 0.489157
vt 0.627898 0.494559
vt 0.623681 0.497288
vt 0.631788 0.501255
vt 0.627701 0.503599
vt 0.634659 0.506936
vt 0.630544 0.508847
vt 0.636959 0.512019
vt 0.632878 0.513649
vt 0.638806 0.516585
vt 0.634761 0.518031
vt 0.640322 0.520789
vt 0.636234 0.522126
vt 0.641639 0.524968
vt 0.637447 0.526241
vt 0.642809 0.529278
vt 0.638506 0.530518
vt 0.643873 0.533767
vt 0.639461 0.535011
vt 0.644894 0.538486
vt 0.640382 0.539786
vt 0.646015 0.543542
vt 0.641401 0.544894
vt 0.647357 0.549065
vt 0.642626 0.550400
vt 0.648813 0.555093
vt 0.643949 0.556346
vt 0.650209 0.561545
vt 0.645220 0.562690
vt 0.651481 0.568264
vt 0.646396 0.569300
vt 0.652621 0.575068
vt 0.647496 0.576029
vt 0.653795 0.581906
vt 0.648670 0.582817
vt 0.655177 0.588756
vt 0.650064 0.589630
vt 0.656809 0.595617
vt 0.651668 0.596468
vt 0.658677 0.602491
vt 0.653433 0.603341
vt 0.660695 0.609390
vt 0.655316 0.610246
vt 0.662775 0.616315
vt 0.657286 0.617168
vt 0.664923 0.623215
vt 0.659346 0.624070
vt 0.667158 0.630034
vt 0.661505 0.630909
vt 0.669482 0.636744
vt 0.663776 0.637651
vt 0.671892 0.643332
vt 0.666169 0.644272
vt 0.674392 0.649799
vt 0.668684 0.650764
vt 0.676987 0.656154
vt 0.671314 0.657134
vt 0.679665 0.662398
vt 0.674034 0.663403
vt 0.682423 0.668528
vt 0.676833 0.669602
vt 0.685268 0.674501
vt 0.679720 0.675705
vt 0.688206 0.680258
vt 0.682703 0.681649
vt 0.691241 0.685757
vt 0.685788 0.687389
vt 0.694364 0.691189
vt 0.688956 0.693078
vt 0.697529 0.697652
vt 0.692090 0.699647
vt 0.700605 0.705931
vt 0.694999 0.707772
vt 0.703016 0.714716
vt 0.697238 0.716379
vt 0.704237 0.722753
vt 0.698410 0.724500
vt 0.704609 0.730607
vt 0.698793 0.732604
vt 0.704616 0.738989
vt 0.698752 0.741219
vt 0.704243 0.748130
vt 0.698290 0.750521
vt 0.703368 0.758160
vt 0.697317 0.760613
vt 0.702012 0.769073
vt 0.695815 0.771538
vt 0.700196 0.780832
vt 0.693760 0.783318
vt 0.697790 0.793591
vt 0.691067 0.796064
vt 0.694611 0.807566
vt 0.687632 0.809902
vt 0.615454 0.442663
vt 0.610469 0.451414
vt 0.624372 0.461729
vt 0.619764 0.469098
vt 0.631318 0.476262
vt 0.626824 0.481706
vt 0.636498 0.487216
vt 0.632109 0.491077
vt 0.640239 0.495413
vt 0.635928 0.498443
vt 0.643057 0.501921
vt 0.638776 0.504551
vt 0.645320 0.507512
vt 0.641047 0.509905
vt 0.647217 0.512535
vt 0.642910 0.514700
vt 0.648874 0.517231
vt 0.644505 0.519136
vt 0.650351 0.521767
vt 0.645922 0.523466
vt 0.651689 0.526258
vt 0.647192 0.527847
vt 0.652963 0.530809
vt 0.648351 0.532347
vt 0.654287 0.535587
vt 0.649461 0.537044
vt 0.655783 0.540817
vt 0.650696 0.542119
vt 0.657507 0.546633
vt 0.652213 0.547771
vt 0.659304 0.552922
vt 0.653840 0.553938
vt 0.660988 0.559494
vt 0.655390 0.560484
vt 0.662473 0.566229
vt 0.656769 0.567246
vt 0.663741 0.573042
vt 0.657961 0.574098
vt 0.664923 0.579902
vt 0.659109 0.580967
vt 0.666194 0.586774
vt 0.660417 0.587848
vt 0.667746 0.593660
vt 0.662016 0.594733
vt 0.669692 0.600536
vt 0.663966 0.601611
vt 0.671853 0.607465
vt 0.666112 0.608516
vt 0.674025 0.614496
vt 0.668284 0.615467
vt 0.676224 0.621521
vt 0.670493 0.622394
vt 0.678497 0.628415
vt 0.672782 0.629215
vt 0.680838 0.635151
vt 0.675142 0.635911
vt 0.683230 0.641734
vt 0.677557 0.642483
vt 0.685689 0.648177
vt 0.680042 0.648937
vt 0.688228 0.654498
vt 0.682611 0.655278
vt 0.690826 0.660713
vt 0.685254 0.661506
vt 0.693465 0.666830
vt 0.687960 0.667609
vt 0.696162 0.672795
vt 0.690739 0.673536
vt 0.698924 0.678582
vt 0.693590 0.679254
vt 0.701689 0.684349
vt 0.696473 0.684840
vt 0.704436 0.690326
vt 0.699369 0.690531
vt 0.707371 0.696797
vt 0.702415 0.697047
vt 0.710579 0.703892
vt 0.705628 0.704859
vt 0.713423 0.711171
vt 0.708315 0.713010
vt 0.715235 0.718318
vt 0.709790 0.720651
vt 0.716150 0.725686
vt 0.710357 0.728273
vt 0.716463 0.733748
vt 0.710491 0.736500
vt 0.716274 0.742691
vt 0.710218 0.745543
vt 0.715626 0.752601
vt 0.709460 0.755517
vt 0.714576 0.763477
vt 0.708262 0.766411
vt 0.713159 0.775284
vt 0.706662 0.778173
vt 0.711312 0.788069
vt 0.704548 0.790928
vt 0.708887 0.801974
vt 0.701735 0.804885
vt 0.625728 0.425257
vt 0.620473 0.433818
vt 0.633924 0.446730
vt 0.629052 0.454195
vt 0.640576 0.464753
vt 0.635884 0.470669
vt 0.645588 0.478814
vt 0.640984 0.483275
vt 0.649290 0.488868
vt 0.644683 0.492335
vt 0.652185 0.496358
vt 0.647517 0.499236
vt 0.654539 0.502501
vt 0.649808 0.505050
vt 0.656564 0.507947
vt 0.651752 0.510271
vt 0.658381 0.513075
vt 0.653467 0.515193
vt 0.660012 0.518016
vt 0.654992 0.519938
vt 0.661544 0.522823
vt 0.656382 0.524574
vt 0.663307 0.527620
vt 0.657867 0.529232
vt 0.665619 0.532787
vt 0.659632 0.534221
vt 0.668096 0.538515
vt 0.661604 0.539722
vt 0.670235 0.544636
vt 0.663576 0.545695
vt 0.672070 0.550980
vt 0.665450 0.552005
vt 0.673767 0.557434
vt 0.667176 0.558510
vt 0.675371 0.563971
vt 0.668733 0.565140
vt 0.676895 0.570585
vt 0.670127 0.571847
vt 0.678381 0.577269
vt 0.671450 0.578624
vt 0.679878 0.584011
vt 0.672813 0.585442
vt 0.681439 0.590796
vt 0.674353 0.592278
vt 0.683114 0.597638
vt 0.676171 0.599136
vt 0.684908 0.604650
vt 0.678163 0.606111
vt 0.686803 0.611939
vt 0.680208 0.613282
vt 0.688716 0.619378
vt 0.682296 0.620504
vt 0.690585 0.626762
vt 0.684435 0.627588
vt 0.692541 0.633881
vt 0.686649 0.634458
vt 0.694709 0.640586
vt 0.688961 0.641088
vt 0.697041 0.646997
vt 0.691366 0.647521
vt 0.699464 0.653273
vt 0.693856 0.653814
vt 0.701948 0.659475
vt 0.696396 0.660018
vt 0.704483 0.665636
vt 0.698963 0.666174
vt 0.707096 0.671713
vt 0.701586 0.672226
vt 0.709826 0.677635
vt 0.704301 0.678114
vt 0.712706 0.683379
vt 0.707104 0.683904
vt 0.715732 0.688993
vt 0.709990 0.689732
vt 0.718771 0.694724
vt 0.712967 0.695842
vt 0.721676 0.700789
vt 0.715987 0.702387
vt 0.724346 0.707117
vt 0.718722 0.709144
vt 0.726621 0.713615
vt 0.720807 0.715934
vt 0.728181 0.720390
vt 0.722110 0.722997
vt 0.728747 0.727828
vt 0.722594 0.730793
vt 0.728598 0.736255
vt 0.722447 0.739552
vt 0.728077 0.745857
vt 0.721871 0.749356
vt 0.727264 0.756684
vt 0.720942 0.760222
vt 0.726148 0.768693
vt 0.719677 0.772117
vt 0.724734 0.781756
vt 0.718057 0.785005
vt 0.722943 0.795832
vt 0.715971 0.798943
vt 0.637663 0.410047
vt 0.631457 0.417134
vt 0.644802 0.432648
vt 0.639157 0.439343
vt 0.650815 0.451945
vt 0.645523 0.458250
vt 0.655608 0.467769
vt 0.650442 0.473385
vt 0.659352 0.480140
vt 0.654180 0.484642
vt 0.662339 0.489669
vt 0.657132 0.493103
vt 0.664845 0.497064
vt 0.659563 0.499807
vt 0.667120 0.503217
vt 0.661710 0.505569
vt 0.669314 0.508768
vt 0.663701 0.510909
vt 0.671469 0.514038
vt 0.665591 0.516014
vt 0.673686 0.519159
vt 0.667420 0.520993
vt 0.676208 0.524201
vt 0.669560 0.525923
vt 0.679174 0.529357
vt 0.672283 0.531122
vt 0.682022 0.534946
vt 0.675023 0.536871
vt 0.684187 0.541087
vt 0.677166 0.543116
vt 0.685879 0.547629
vt 0.678881 0.549608
vt 0.687434 0.554396
vt 0.680519 0.556145
vt 0.688976 0.561207
vt 0.682149 0.562708
vt 0.690575 0.567931
vt 0.683752 0.569314
vt 0.692212 0.574615
vt 0.685339 0.575971
vt 0.693849 0.581330
vt 0.686923 0.582683
vt 0.695485 0.588086
vt 0.688519 0.589445
vt 0.697138 0.594902
vt 0.690149 0.596272
vt 0.698860 0.601895
vt 0.691866 0.603285
vt 0.700658 0.609194
vt 0.693683 0.610603
vt 0.702325 0.616884
vt 0.695415 0.618202
vt 0.703719 0.624918
vt 0.696934 0.625950
vt 0.705167 0.632650
vt 0.698540 0.633406
vt 0.706983 0.639481
vt 0.700523 0.640191
vt 0.709006 0.645837
vt 0.702763 0.646559
vt 0.711051 0.652251
vt 0.705091 0.652852
vt 0.713258 0.658602
vt 0.707514 0.659078
vt 0.715786 0.664672
vt 0.710073 0.665181
vt 0.718534 0.670525
vt 0.712763 0.671147
vt 0.721350 0.676302
vt 0.715563 0.676982
vt 0.724136 0.682114
vt 0.718425 0.682743
vt 0.726870 0.687983
vt 0.721317 0.688473
vt 0.729761 0.693637
vt 0.724292 0.694112
vt 0.732918 0.698877
vt 0.727347 0.699651
vt 0.735891 0.704082
vt 0.730232 0.705353
vt 0.738184 0.709677
vt 0.732638 0.711461
vt 0.739533 0.715761
vt 0.734194 0.717969
vt 0.739891 0.722465
vt 0.734687 0.725025
vt 0.739715 0.730067
vt 0.734497 0.732994
vt 0.739448 0.738995
vt 0.734049 0.742271
vt 0.739068 0.749485
vt 0.733393 0.752988
vt 0.738437 0.761582
vt 0.732462 0.765093
vt 0.737548 0.775085
vt 0.731270 0.778383
vt 0.736333 0.789765
vt 0.729755 0.792704
vt 0.650896 0.400430
vt 0.644216 0.404538
vt 0.656939 0.423115
vt 0.650792 0.427273
vt 0.662194 0.442691
vt 0.656426 0.446768
vt 0.666562 0.459155
vt 0.661027 0.463011
vt 0.670121 0.472583
vt 0.664706 0.476088
vt 0.673100 0.483356
vt 0.667705 0.486386
vt 0.675736 0.491929
vt 0.670289 0.494416
vt 0.678176 0.498904
vt 0.672670 0.500980
vt 0.680525 0.504902
vt 0.674968 0.506763
vt 0.682966 0.510468
vt 0.677311 0.512185
vt 0.685633 0.515859
vt 0.679805 0.517443
vt 0.688631 0.521135
vt 0.682600 0.522598
vt 0.691966 0.526321
vt 0.685742 0.527739
vt 0.695239 0.531438
vt 0.688771 0.533047
vt 0.698011 0.536664
vt 0.691211 0.538708
vt 0.700084 0.542671
vt 0.693076 0.545002
vt 0.701439 0.549894
vt 0.694497 0.552079
vt 0.702581 0.557500
vt 0.695811 0.559376
vt 0.704032 0.564621
vt 0.697326 0.566339
vt 0.705711 0.571395
vt 0.698984 0.573069
vt 0.707420 0.578138
vt 0.700661 0.579794
vt 0.709120 0.584903
vt 0.702333 0.586550
vt 0.710823 0.591700
vt 0.704015 0.593357
vt 0.712579 0.598653
vt 0.705755 0.600331
vt 0.714438 0.605913
vt 0.707577 0.607611
vt 0.716440 0.613618
vt 0.709383 0.615326
vt 0.718575 0.621751
vt 0.711088 0.623470
vt 0.720611 0.629538
vt 0.712775 0.631283
vt 0.722309 0.636311
vt 0.714496 0.638100
vt 0.723682 0.642765
vt 0.716133 0.644511
vt 0.724884 0.649626
vt 0.717641 0.651184
vt 0.726329 0.656402
vt 0.719398 0.657791
vt 0.728329 0.662537
vt 0.721738 0.663911
vt 0.730639 0.668473
vt 0.724401 0.669774
vt 0.732982 0.674693
vt 0.727068 0.675685
vt 0.735492 0.680843
vt 0.729762 0.681572
vt 0.738296 0.686527
vt 0.732559 0.687299
vt 0.741109 0.691967
vt 0.735455 0.692845
vt 0.743582 0.697380
vt 0.738354 0.698202
vt 0.745457 0.702428
vt 0.740888 0.703340
vt 0.746588 0.706931
vt 0.742699 0.708345
vt 0.747195 0.711783
vt 0.743711 0.713754
vt 0.747643 0.717974
vt 0.744048 0.720146
vt 0.748087 0.725416
vt 0.744096 0.727614
vt 0.748579 0.733920
vt 0.744177 0.736288
vt 0.749041 0.743795
vt 0.744206 0.746457
vt 0.749340 0.755827
vt 0.744016 0.758410
vt 0.749431 0.769361
vt 0.743550 0.772067
vt 0.749166 0.785041
vt 0.742733 0.787219
vt 0.663911 0.395061
vt 0.657507 0.397358
vt 0.669023 0.417308
vt 0.663059 0.419868
vt 0.673559 0.436681
vt 0.667948 0.439408
vt 0.677423 0.453152
vt 0.672067 0.455942
vt 0.680666 0.466768
vt 0.675473 0.469516
vt 0.683495 0.478055
vt 0.678393 0.480589
vt 0.686079 0.487478
vt 0.681030 0.489623
vt 0.688486 0.495194
vt 0.683479 0.496986
vt 0.690846 0.501580
vt 0.685845 0.503182
vt 0.693376 0.507399
vt 0.688345 0.508877
vt 0.696216 0.513029
vt 0.691134 0.514392
vt 0.699473 0.518528
vt 0.694314 0.519786
vt 0.703121 0.523911
vt 0.697871 0.525068
vt 0.706633 0.529261
vt 0.701341 0.530248
vt 0.709496 0.534828
vt 0.704236 0.535525
vt 0.711688 0.540916
vt 0.706400 0.541499
vt 0.713335 0.547613
vt 0.707859 0.548514
vt 0.714789 0.554577
vt 0.709096 0.555897
vt 0.716382 0.561466
vt 0.710599 0.562933
vt 0.718099 0.568296
vt 0.712308 0.569726
vt 0.719847 0.575138
vt 0.714042 0.576506
vt 0.721593 0.581966
vt 0.715766 0.583293
vt 0.723332 0.588772
vt 0.717485 0.590081
vt 0.725119 0.595712
vt 0.719250 0.597011
vt 0.727027 0.602958
vt 0.721132 0.604250
vt 0.729138 0.610599
vt 0.723228 0.611930
vt 0.731456 0.618575
vt 0.725556 0.620022
vt 0.733607 0.626163
vt 0.727749 0.627755
vt 0.735298 0.632766
vt 0.729464 0.634480
vt 0.736999 0.639065
vt 0.730941 0.640883
vt 0.739134 0.645759
vt 0.732490 0.647687
vt 0.741113 0.652324
vt 0.734087 0.654370
vt 0.742371 0.658252
vt 0.735659 0.660393
vt 0.743445 0.664295
vt 0.737321 0.666391
vt 0.744968 0.671187
vt 0.739219 0.673000
vt 0.746859 0.678362
vt 0.741414 0.679686
vt 0.748863 0.685005
vt 0.743878 0.685792
vt 0.750802 0.690649
vt 0.746334 0.691287
vt 0.752471 0.695108
vt 0.748440 0.696276
vt 0.753461 0.698963
vt 0.749832 0.700783
vt 0.753589 0.702987
vt 0.750325 0.704979
vt 0.753636 0.707873
vt 0.750538 0.709743
vt 0.754318 0.714098
vt 0.751109 0.715909
vt 0.755428 0.721469
vt 0.751943 0.723309
vt 0.756626 0.729784
vt 0.752826 0.731681
vt 0.757871 0.739400
vt 0.753704 0.741372
vt 0.759167 0.751010
vt 0.754541 0.753046
vt 0.760392 0.764945
vt 0.755094 0.767317
vt 0.761142 0.782074
vt 0.755633 0.783133
vt 0.675828 0.391935
vt 0.670017 0.393311
vt 0.664723 0.367906
vt 0.680235 0.413569
vt 0.674748 0.415247
vt 0.684130 0.432287
vt 0.678948 0.434318
vt 0.687506 0.448357
vt 0.682559 0.450614
vt 0.690433 0.462000
vt 0.685641 0.464245
vt 0.693019 0.473652
vt 0.688356 0.475726
vt 0.695361 0.483633
vt 0.690834 0.485470
vt 0.697583 0.491896
vt 0.693160 0.493493
vt 0.699873 0.498669
vt 0.695496 0.500075
vt 0.702355 0.504754
vt 0.698022 0.506021
vt 0.705038 0.510601
vt 0.700818 0.511759
vt 0.707980 0.516237
vt 0.703968 0.517339
vt 0.711164 0.521671
vt 0.707445 0.522776
vt 0.714268 0.527139
vt 0.710792 0.528225
vt 0.716988 0.532997
vt 0.713581 0.533986
vt 0.719301 0.539249
vt 0.715821 0.540171
vt 0.721248 0.545727
vt 0.717631 0.546701
vt 0.722954 0.552448
vt 0.719237 0.553460
vt 0.724562 0.559432
vt 0.720859 0.560346
vt 0.726182 0.566521
vt 0.722543 0.567283
vt 0.727895 0.573550
vt 0.724281 0.574211
vt 0.729680 0.580516
vt 0.726047 0.581102
vt 0.731506 0.587481
vt 0.727824 0.587974
vt 0.733413 0.594605
vt 0.729662 0.594987
vt 0.735438 0.602004
vt 0.731620 0.602293
vt 0.737538 0.609525
vt 0.733729 0.609879
vt 0.739606 0.616943
vt 0.735942 0.617613
vt 0.741366 0.623807
vt 0.737928 0.624889
vt 0.742704 0.629849
vt 0.739478 0.631249
vt 0.744396 0.635938
vt 0.741237 0.637440
vt 0.747034 0.642838
vt 0.743715 0.644183
vt 0.749556 0.649774
vt 0.746003 0.650857
vt 0.750920 0.655958
vt 0.747229 0.656857
vt 0.751848 0.662069
vt 0.748104 0.662936
vt 0.753238 0.668879
vt 0.749486 0.669865
vt 0.754913 0.676080
vt 0.751219 0.677167
vt 0.756429 0.683040
vt 0.752918 0.684068
vt 0.757371 0.688916
vt 0.754346 0.689842
vt 0.757550 0.693164
vt 0.755345 0.694089
vt 0.757513 0.696598
vt 0.755852 0.697616
vt 0.757882 0.700373
vt 0.755992 0.701508
vt 0.758645 0.705206
vt 0.756277 0.706414
vt 0.759615 0.711479
vt 0.757095 0.712676
vt 0.760839 0.718963
vt 0.758311 0.720083
vt 0.762402 0.727464
vt 0.759719 0.728456
vt 0.764188 0.737201
vt 0.761256 0.738103
vt 0.766022 0.748638
vt 0.762867 0.749633
vt 0.767856 0.762276
vt 0.764455 0.763461
vt 0.769721 0.778769
vt 0.765968 0.780036
vt 0.697320 0.390189
vt 0.692034 0.389826
vt 0.687873 0.365640
vt 0.700795 0.410658
vt 0.695711 0.410674
vt 0.690651 0.411228
vt 0.686756 0.390088
vt 0.703809 0.428259
vt 0.698916 0.428543
vt 0.706453 0.443484
vt 0.701733 0.443987
vt 0.697042 0.444990
vt 0.694057 0.429336
vt 0.708795 0.456764
vt 0.704227 0.457484
vt 0.710854 0.468288
vt 0.706406 0.469232
vt 0.701993 0.470427
vt 0.699680 0.458605
vt 0.712686 0.478232
vt 0.708334 0.479337
vt 0.714475 0.486777
vt 0.710211 0.487895
vt 0.706037 0.489101
vt 0.704049 0.480586
vt 0.716345 0.494234
vt 0.712217 0.495184
vt 0.718189 0.501144
vt 0.714302 0.501834
vt 0.710430 0.502639
vt 0.708163 0.496217
vt 0.719896 0.507822
vt 0.716366 0.508215
vt 0.721698 0.514143
vt 0.718547 0.514246
vt 0.715247 0.514582
vt 0.712762 0.508776
vt 0.723807 0.520101
vt 0.720961 0.519908
vt 0.726103 0.526150
vt 0.723478 0.525642
vt 0.720671 0.525547
vt 0.717939 0.520035
vt 0.728425 0.532628
vt 0.725961 0.531879
vt 0.730816 0.539070
vt 0.728393 0.538284
vt 0.725722 0.537952
vt 0.723284 0.531589
vt 0.733300 0.545033
vt 0.730744 0.544465
vt 0.735655 0.551043
vt 0.732870 0.550803
vt 0.729873 0.550886
vt 0.727938 0.544301
vt 0.737684 0.557637
vt 0.734677 0.557689
vt 0.739546 0.564585
vt 0.736360 0.564849
vt 0.733090 0.565233
vt 0.731522 0.557957
vt 0.741446 0.571550
vt 0.738143 0.571940
vt 0.743414 0.578516
vt 0.740039 0.578979
vt 0.736632 0.579462
vt 0.734795 0.572391
vt 0.745435 0.585550
vt 0.742013 0.586070
vt 0.747519 0.592742
vt 0.744078 0.593336
vt 0.740591 0.593861
vt 0.738558 0.586570
vt 0.749640 0.600081
vt 0.746217 0.600792
vt 0.751627 0.607166
vt 0.748248 0.608025
vt 0.744790 0.608738
vt 0.742723 0.601379
vt 0.753317 0.613667
vt 0.749980 0.614665
vt 0.754768 0.619621
vt 0.751360 0.620664
vt 0.747983 0.621708
vt 0.746591 0.615566
vt 0.756127 0.625198
vt 0.752505 0.626162
vt 0.757748 0.631067
vt 0.754080 0.632044
vt 0.750591 0.633151
vt 0.749026 0.627235
vt 0.759870 0.637772
vt 0.756568 0.639004
vt 0.762065 0.644830
vt 0.759124 0.646266
vt 0.756080 0.647592
vt 0.753316 0.640255
vt 0.763895 0.651669
vt 0.760884 0.652976
vt 0.765552 0.658369
vt 0.762279 0.659425
vt 0.758923 0.660408
vt 0.757746 0.654154
vt 0.767237 0.665093
vt 0.763854 0.666059
vt 0.768570 0.671703
vt 0.765318 0.672827
vt 0.761978 0.673932
vt 0.760408 0.667014
vt 0.769095 0.677952
vt 0.766176 0.679448
vt 0.768648 0.683449
vt 0.765952 0.685225
vt 0.763190 0.686769
vt 0.763121 0.680816
vt 0.767436 0.688006
vt 0.764609 0.689652
vt 0.766671 0.692412
vt 0.763679 0.693533
vt 0.761085 0.694610
vt 0.761992 0.691100
vt 0.767289 0.697426
vt 0.764424 0.697841
vt 0.768838 0.702942
vt 0.766076 0.702938
vt 0.763439 0.703245
vt 0.761850 0.698431
vt 0.770680 0.708790
vt 0.767644 0.708997
vt 0.772674 0.715582
vt 0.769256 0.716202
vt 0.766102 0.716940
vt 0.764763 0.709456
vt 0.774786 0.724060
vt 0.771246 0.724819
vt 0.776949 0.733931
vt 0.773454 0.734713
vt 0.770125 0.735498
vt 0.767955 0.725617
vt 0.779165 0.744815
vt 0.775672 0.745766
vt 0.781633 0.757442
vt 0.778038 0.758686
vt 0.774519 0.759899
vt 0.772290 0.746707
vt 0.784611 0.773176
vt 0.780777 0.774680
vt 0.776994 0.776111
vt 0.722304 0.394731
vt 0.715126 0.393251
vt 0.724153 0.415058
vt 0.717595 0.413513
vt 0.711572 0.412228
vt 0.708610 0.392309
vt 0.725874 0.431535
vt 0.719762 0.430367
vt 0.727556 0.445027
vt 0.721732 0.444472
vt 0.716343 0.443860
vt 0.714110 0.429273
vt 0.729298 0.456153
vt 0.723604 0.456296
vt 0.731146 0.465697
vt 0.725449 0.466417
vt 0.720239 0.466985
vt 0.718364 0.456297
vt 0.733064 0.474283
vt 0.727309 0.475340
vt 0.734916 0.482329
vt 0.729117 0.483505
vt 0.723788 0.484623
vt 0.722039 0.476301
vt 0.736543 0.490110
vt 0.730736 0.491257
vt 0.737928 0.497650
vt 0.732053 0.498757
vt 0.726776 0.499719
vt 0.725426 0.492327
vt 0.739156 0.504906
vt 0.733072 0.506039
vt 0.740559 0.511722
vt 0.734240 0.512885
vt 0.728884 0.513716
vt 0.727770 0.506931
vt 0.742439 0.518105
vt 0.735978 0.519313
vt 0.744628 0.524377
vt 0.738084 0.525735
vt 0.732609 0.526623
vt 0.730561 0.520122
vt 0.746889 0.530725
vt 0.740266 0.532313
vt 0.749249 0.537024
vt 0.742608 0.538689
vt 0.737062 0.539839
vt 0.734735 0.533383
vt 0.751759 0.543156
vt 0.745215 0.544571
vt 0.754296 0.549297
vt 0.747865 0.550387
vt 0.742418 0.551141
vt 0.739723 0.545547
vt 0.756725 0.555638
vt 0.750318 0.556589
vt 0.759055 0.562128
vt 0.752608 0.563091
vt 0.747025 0.563855
vt 0.744828 0.557289
vt 0.761334 0.568676
vt 0.754829 0.569713
vt 0.763597 0.575265
vt 0.757028 0.576412
vt 0.751277 0.577367
vt 0.749157 0.570568
vt 0.765875 0.581898
vt 0.759238 0.583184
vt 0.768197 0.588592
vt 0.761479 0.590047
vt 0.755559 0.591252
vt 0.753408 0.584251
vt 0.770598 0.595376
vt 0.763764 0.597005
vt 0.773175 0.602321
vt 0.766106 0.603965
vt 0.759767 0.605240
vt 0.757711 0.598342
vt 0.775899 0.609386
vt 0.768468 0.610803
vt 0.778132 0.615987
vt 0.770528 0.617201
vt 0.763401 0.617807
vt 0.761652 0.611729
vt 0.779334 0.621670
vt 0.772000 0.622926
vt 0.780056 0.627069
vt 0.773078 0.628450
vt 0.766530 0.629270
vt 0.765041 0.623529
vt 0.780983 0.632903
vt 0.774079 0.634322
vt 0.782181 0.639141
vt 0.775335 0.640658
vt 0.769363 0.641996
vt 0.767876 0.635411
vt 0.783475 0.645543
vt 0.776999 0.647381
vt 0.784394 0.651774
vt 0.778510 0.654061
vt 0.773104 0.655890
vt 0.771214 0.648928
vt 0.784560 0.657543
vt 0.779286 0.660260
vt 0.784293 0.662846
vt 0.779416 0.665893
vt 0.775381 0.668653
vt 0.774596 0.662536
vt 0.784064 0.667851
vt 0.779182 0.671046
vt 0.784223 0.673123
vt 0.778947 0.676155
vt 0.774715 0.679191
vt 0.775304 0.674132
vt 0.785002 0.679190
vt 0.779073 0.681721
vt 0.786197 0.685870
vt 0.779615 0.687910
vt 0.774009 0.689783
vt 0.774143 0.684227
vt 0.787521 0.692822
vt 0.780524 0.694661
vt 0.788813 0.699912
vt 0.781782 0.701470
vt 0.775883 0.702538
vt 0.774572 0.696138
vt 0.790054 0.707041
vt 0.783423 0.707941
vt 0.791729 0.714161
vt 0.785493 0.714604
vt 0.780359 0.714647
vt 0.777939 0.708361
vt 0.794252 0.721466
vt 0.787967 0.722271
vt 0.797325 0.729685
vt 0.790664 0.731151
vt 0.784989 0.732205
vt 0.782710 0.722695
vt 0.800616 0.739566
vt 0.793492 0.741325
vt 0.804265 0.751380
vt 0.796677 0.753254
vt 0.790162 0.754801
vt 0.787380 0.742688
vt 0.808521 0.765360
vt 0.800563 0.767813
vt 0.793667 0.769864
vt 0.737999 0.398956
vt 0.729999 0.397184
vt 0.738711 0.417708
vt 0.731236 0.416715
vt 0.739575 0.432821
vt 0.732503 0.432472
vt 0.740711 0.445018
vt 0.733898 0.445262
vt 0.742262 0.454881
vt 0.735540 0.455682
vt 0.744097 0.463548
vt 0.737401 0.464713
vt 0.745932 0.471803
vt 0.739312 0.473081
vt 0.747638 0.479847
vt 0.741123 0.481098
vt 0.749180 0.487720
vt 0.742722 0.488922
vt 0.750662 0.495288
vt 0.744172 0.496472
vt 0.752221 0.502444
vt 0.745597 0.503670
vt 0.753966 0.509194
vt 0.747206 0.510443
vt 0.755965 0.515613
vt 0.749179 0.516814
vt 0.758127 0.521904
vt 0.751386 0.523046
vt 0.760347 0.528218
vt 0.753653 0.529322
vt 0.762661 0.534558
vt 0.755997 0.535623
vt 0.765104 0.540897
vt 0.758450 0.541906
vt 0.767575 0.547257
vt 0.760925 0.548224
vt 0.769967 0.553664
vt 0.763329 0.554636
vt 0.772292 0.560086
vt 0.765666 0.561105
vt 0.774594 0.566476
vt 0.767968 0.567579
vt 0.776896 0.572831
vt 0.770263 0.574053
vt 0.779211 0.579151
vt 0.772574 0.580532
vt 0.781532 0.585438
vt 0.774915 0.587027
vt 0.783843 0.591706
vt 0.777309 0.593570
vt 0.786143 0.598000
vt 0.779833 0.600261
vt 0.788354 0.604304
vt 0.782447 0.607085
vt 0.790060 0.610355
vt 0.784497 0.613506
vt 0.791002 0.616017
vt 0.785493 0.619136
vt 0.791946 0.621869
vt 0.786219 0.624678
vt 0.793567 0.628395
vt 0.787483 0.630838
vt 0.795100 0.635015
vt 0.788824 0.637234
vt 0.795711 0.641080
vt 0.789629 0.643345
vt 0.795845 0.646717
vt 0.789996 0.649172
vt 0.796108 0.652198
vt 0.790165 0.654808
vt 0.796401 0.657572
vt 0.790181 0.660176
vt 0.796614 0.662948
vt 0.790135 0.665299
vt 0.797167 0.668723
vt 0.790473 0.670759
vt 0.798400 0.675187
vt 0.791549 0.677075
vt 0.800036 0.682095
vt 0.793068 0.683952
vt 0.801714 0.689135
vt 0.794631 0.690977
vt 0.803317 0.696276
vt 0.796057 0.698141
vt 0.804849 0.703518
vt 0.797332 0.705461
vt 0.806651 0.710724
vt 0.798942 0.712691
vt 0.809040 0.717920
vt 0.801405 0.719817
vt 0.812050 0.725866
vt 0.804522 0.727724
vt 0.815651 0.735492
vt 0.808041 0.737438
vt 0.819873 0.746939
vt 0.812034 0.749124
vt 0.824756 0.760058
vt 0.816623 0.762672
vt 0.754892 0.396657
vt 0.746300 0.398514
vt 0.754611 0.415839
vt 0.746519 0.417341
vt 0.754770 0.430915
vt 0.747027 0.432283
vt 0.755438 0.442803
vt 0.747929 0.444171
vt 0.756663 0.452403
vt 0.749343 0.453782
vt 0.758218 0.460937
vt 0.751069 0.462287
vt 0.759774 0.469213
vt 0.752774 0.470515
vt 0.761246 0.477372
vt 0.754361 0.478609
vt 0.762646 0.485373
vt 0.755832 0.486545
vt 0.764100 0.493017
vt 0.757313 0.494143
vt 0.765737 0.500216
vt 0.758943 0.501294
vt 0.767524 0.507104
vt 0.760747 0.508078
vt 0.769398 0.513804
vt 0.762710 0.514608
vt 0.771379 0.520351
vt 0.764791 0.521011
vt 0.773506 0.526762
vt 0.766955 0.527380
vt 0.775827 0.533094
vt 0.769256 0.533734
vt 0.778345 0.539400
vt 0.771726 0.540074
vt 0.780881 0.545691
vt 0.774225 0.546414
vt 0.783262 0.551972
vt 0.776614 0.552771
vt 0.785539 0.558221
vt 0.778920 0.559117
vt 0.787804 0.564404
vt 0.781209 0.565409
vt 0.790089 0.570514
vt 0.783506 0.571640
vt 0.792405 0.576545
vt 0.785817 0.577807
vt 0.794730 0.582485
vt 0.788118 0.583899
vt 0.796994 0.588305
vt 0.790358 0.589908
vt 0.798988 0.593884
vt 0.792438 0.595804
vt 0.800533 0.599192
vt 0.794249 0.601574
vt 0.801760 0.604634
vt 0.795678 0.607304
vt 0.802864 0.610595
vt 0.796725 0.613138
vt 0.804032 0.616936
vt 0.797867 0.619300
vt 0.805390 0.623430
vt 0.799485 0.625911
vt 0.806884 0.630044
vt 0.801087 0.632612
vt 0.808307 0.636643
vt 0.802091 0.638974
vt 0.808945 0.642448
vt 0.802454 0.644699
vt 0.808341 0.646944
vt 0.802338 0.649693
vt 0.807772 0.651461
vt 0.802241 0.654626
vt 0.808577 0.657386
vt 0.802707 0.660252
vt 0.810304 0.664225
vt 0.803776 0.666537
vt 0.812179 0.671181
vt 0.805294 0.673235
vt 0.814049 0.678153
vt 0.807040 0.680173
vt 0.815915 0.685205
vt 0.808813 0.687220
vt 0.817806 0.692356
vt 0.810575 0.694357
vt 0.819854 0.699707
vt 0.812375 0.701605
vt 0.822197 0.707271
vt 0.814433 0.708937
vt 0.824938 0.715115
vt 0.816929 0.716430
vt 0.828142 0.723552
vt 0.819967 0.724619
vt 0.831893 0.732958
vt 0.823632 0.734149
vt 0.836292 0.743479
vt 0.827973 0.745163
vt 0.841444 0.755191
vt 0.833036 0.757622
vt 0.772369 0.393157
vt 0.763630 0.394609
vt 0.771269 0.411746
vt 0.762905 0.413691
vt 0.770752 0.426930
vt 0.762717 0.428914
vt 0.770858 0.439240
vt 0.763112 0.441035
vt 0.771631 0.449245
vt 0.764116 0.450829
vt 0.772813 0.458096
vt 0.765482 0.459508
vt 0.774078 0.466592
vt 0.766888 0.467889
vt 0.775352 0.474889
vt 0.768257 0.476119
vt 0.776639 0.482978
vt 0.769598 0.484168
vt 0.778011 0.490749
vt 0.771013 0.491880
vt 0.779535 0.498156
vt 0.772601 0.499184
vt 0.781143 0.505345
vt 0.774304 0.506233
vt 0.782780 0.512413
vt 0.776052 0.513141
vt 0.784585 0.519236
vt 0.777934 0.519843
vt 0.786701 0.525707
vt 0.780053 0.526279
vt 0.789092 0.531983
vt 0.782422 0.532566
vt 0.791653 0.538235
vt 0.784989 0.538827
vt 0.794176 0.544449
vt 0.787543 0.545064
vt 0.796490 0.550585
vt 0.789901 0.551259
vt 0.798673 0.556641
vt 0.792134 0.557401
vt 0.800849 0.562610
vt 0.794362 0.563474
vt 0.803079 0.568498
vt 0.796632 0.569472
vt 0.805406 0.574317
vt 0.798967 0.575394
vt 0.807880 0.580080
vt 0.801376 0.581241
vt 0.810448 0.585735
vt 0.803794 0.586967
vt 0.812650 0.591002
vt 0.805882 0.592351
vt 0.814082 0.595783
vt 0.807353 0.597314
vt 0.814979 0.600711
vt 0.808410 0.602456
vt 0.815692 0.606356
vt 0.809348 0.608322
vt 0.816410 0.612445
vt 0.810304 0.614622
vt 0.817243 0.618574
vt 0.811356 0.620951
vt 0.818213 0.624702
vt 0.812581 0.627342
vt 0.819213 0.630767
vt 0.813893 0.633758
vt 0.819681 0.636243
vt 0.814466 0.639400
vt 0.819332 0.640879
vt 0.813767 0.643772
vt 0.819417 0.645901
vt 0.813321 0.648384
vt 0.821092 0.652428
vt 0.814608 0.654685
vt 0.823601 0.659734
vt 0.816883 0.661926
vt 0.825918 0.666857
vt 0.819056 0.669052
vt 0.827984 0.673817
vt 0.821042 0.676035
vt 0.829989 0.680880
vt 0.822992 0.683087
vt 0.832077 0.688128
vt 0.824999 0.690276
vt 0.834433 0.695645
vt 0.827227 0.697714
vt 0.837163 0.703495
vt 0.829795 0.705465
vt 0.840326 0.711701
vt 0.832765 0.713549
vt 0.843947 0.720343
vt 0.836175 0.722131
vt 0.848049 0.729515
vt 0.840081 0.731419
vt 0.852703 0.739299
vt 0.844586 0.741536
vt 0.858017 0.749781
vt 0.849813 0.752588
vt 0.789378 0.393048
vt 0.780965 0.392762
vt 0.787665 0.410182
vt 0.779525 0.410697
vt 0.786610 0.424522
vt 0.778713 0.425539
vt 0.786251 0.436538
vt 0.778567 0.437764
vt 0.786643 0.446611
vt 0.779141 0.447837
vt 0.787507 0.455644
vt 0.780162 0.456798
vt 0.788527 0.464275
vt 0.781301 0.465377
vt 0.789629 0.472647
vt 0.782485 0.473725
vt 0.790811 0.480764
vt 0.783716 0.481842
vt 0.792119 0.488573
vt 0.785050 0.489645
vt 0.793589 0.496023
vt 0.786533 0.497096
vt 0.795144 0.503248
vt 0.788095 0.504334
vt 0.796720 0.510343
vt 0.789682 0.511447
vt 0.798443 0.517235
vt 0.791445 0.518324
vt 0.800440 0.523856
vt 0.793527 0.524863
vt 0.802643 0.530323
vt 0.795862 0.531211
vt 0.804942 0.536749
vt 0.798323 0.537524
vt 0.807235 0.543096
vt 0.800745 0.543776
vt 0.809437 0.549299
vt 0.802999 0.549915
vt 0.811528 0.555304
vt 0.805133 0.555927
vt 0.813526 0.561084
vt 0.807235 0.561804
vt 0.815519 0.566709
vt 0.809378 0.567574
vt 0.817604 0.572257
vt 0.811629 0.573271
vt 0.819852 0.577758
vt 0.814060 0.578915
vt 0.822212 0.583163
vt 0.816624 0.584452
vt 0.824170 0.588254
vt 0.818783 0.589626
vt 0.825332 0.593053
vt 0.820083 0.594393
vt 0.826035 0.597959
vt 0.820832 0.599279
vt 0.826710 0.603226
vt 0.821455 0.604711
vt 0.827464 0.608771
vt 0.822119 0.610513
vt 0.828323 0.614452
vt 0.822903 0.616405
vt 0.829278 0.620204
vt 0.823795 0.622314
vt 0.830297 0.625976
vt 0.824711 0.628173
vt 0.831300 0.631668
vt 0.825376 0.633719
vt 0.832267 0.637259
vt 0.825688 0.638862
vt 0.833476 0.643016
vt 0.826383 0.644323
vt 0.835187 0.649179
vt 0.828137 0.650740
vt 0.837218 0.655664
vt 0.830469 0.657689
vt 0.839307 0.662337
vt 0.832725 0.664595
vt 0.841353 0.669211
vt 0.834812 0.671512
vt 0.843399 0.676394
vt 0.836832 0.678622
vt 0.845639 0.683871
vt 0.838974 0.685970
vt 0.848216 0.691522
vt 0.841430 0.693554
vt 0.851210 0.699403
vt 0.844291 0.701434
vt 0.854716 0.707632
vt 0.847629 0.709684
vt 0.858719 0.716199
vt 0.851455 0.718324
vt 0.863159 0.725040
vt 0.855742 0.727352
vt 0.868076 0.734180
vt 0.860542 0.736817
vt 0.873567 0.743692
vt 0.865950 0.746793
vt 0.805912 0.393665
vt 0.797649 0.393478
vt 0.803876 0.409061
vt 0.795758 0.409685
vt 0.802460 0.422576
vt 0.794519 0.423545
vt 0.801664 0.434431
vt 0.793955 0.435424
vt 0.801596 0.444661
vt 0.794141 0.445541
vt 0.802062 0.453860
vt 0.794824 0.454652
vt 0.802850 0.462497
vt 0.795725 0.463309
vt 0.803863 0.470779
vt 0.796762 0.471656
vt 0.805039 0.478806
vt 0.797919 0.479756
vt 0.806377 0.486538
vt 0.799223 0.487537
vt 0.807870 0.493950
vt 0.800700 0.494965
vt 0.809429 0.501150
vt 0.802260 0.502167
vt 0.810973 0.508235
vt 0.803824 0.509246
vt 0.812546 0.515177
vt 0.805482 0.516156
vt 0.814211 0.521947
vt 0.807333 0.522852
vt 0.815968 0.528617
vt 0.809342 0.529431
vt 0.817826 0.535262
vt 0.811453 0.535986
vt 0.819868 0.541898
vt 0.813628 0.542471
vt 0.822108 0.548448
vt 0.815814 0.548800
vt 0.824223 0.554567
vt 0.817882 0.554832
vt 0.825929 0.560046
vt 0.819743 0.560487
vt 0.827424 0.565189
vt 0.821518 0.565915
vt 0.828951 0.570301
vt 0.823349 0.571274
vt 0.830539 0.575451
vt 0.825288 0.576614
vt 0.832113 0.580597
vt 0.827273 0.581896
vt 0.833471 0.585560
vt 0.828939 0.586911
vt 0.834549 0.590326
vt 0.830031 0.591698
vt 0.835543 0.595194
vt 0.830853 0.596590
vt 0.836578 0.600298
vt 0.831686 0.601750
vt 0.837678 0.605626
vt 0.832596 0.607146
vt 0.838827 0.611114
vt 0.833589 0.612700
vt 0.840025 0.616706
vt 0.834662 0.618354
vt 0.841281 0.622363
vt 0.835814 0.624062
vt 0.842618 0.628060
vt 0.837047 0.629791
vt 0.844068 0.633791
vt 0.838378 0.635536
vt 0.845679 0.639584
vt 0.839888 0.641369
vt 0.847475 0.645485
vt 0.841642 0.647359
vt 0.849357 0.651619
vt 0.843549 0.653591
vt 0.851239 0.658138
vt 0.845494 0.660149
vt 0.853233 0.665044
vt 0.847474 0.667023
vt 0.855570 0.672411
vt 0.849609 0.674289
vt 0.858285 0.680094
vt 0.852055 0.681901
vt 0.861305 0.687875
vt 0.854825 0.689621
vt 0.864669 0.695757
vt 0.857992 0.697507
vt 0.868456 0.703812
vt 0.861653 0.705667
vt 0.872653 0.712026
vt 0.865781 0.714083
vt 0.877230 0.720352
vt 0.870318 0.722684
vt 0.882246 0.728809
vt 0.875308 0.731487
vt 0.887803 0.737454
vt 0.880852 0.740557
vt 0.822834 0.392918
vt 0.814321 0.393400
vt 0.820404 0.407325
vt 0.812087 0.408271
vt 0.818558 0.420465
vt 0.810448 0.421612
vt 0.817219 0.432403
vt 0.809374 0.433532
vt 0.816555 0.442929
vt 0.808999 0.443924
vt 0.816571 0.452280
vt 0.809225 0.453214
vt 0.817216 0.460755
vt 0.809919 0.461781
vt 0.818304 0.468775
vt 0.810959 0.469937
vt 0.819624 0.476622
vt 0.812211 0.477852
vt 0.821055 0.484301
vt 0.813613 0.485533
vt 0.822521 0.491792
vt 0.815117 0.492960
vt 0.823972 0.499126
vt 0.816652 0.500202
vt 0.825370 0.506350
vt 0.818156 0.507326
vt 0.826714 0.513494
vt 0.819634 0.514329
vt 0.828001 0.520574
vt 0.821103 0.521201
vt 0.829209 0.527474
vt 0.822565 0.527948
vt 0.830408 0.534151
vt 0.824083 0.534612
vt 0.832019 0.540907
vt 0.825941 0.541365
vt 0.834280 0.547842
vt 0.828282 0.548207
vt 0.836453 0.554087
vt 0.830507 0.554463
vt 0.837872 0.559084
vt 0.832062 0.559705
vt 0.838884 0.563548
vt 0.833256 0.564476
vt 0.839936 0.568124
vt 0.834490 0.569291
vt 0.841060 0.572885
vt 0.835787 0.574226
vt 0.842167 0.577747
vt 0.837046 0.579231
vt 0.843244 0.582605
vt 0.838186 0.584123
vt 0.844381 0.587451
vt 0.839272 0.588918
vt 0.845639 0.592399
vt 0.840402 0.593806
vt 0.846991 0.597522
vt 0.841613 0.598899
vt 0.848377 0.602822
vt 0.842881 0.604197
vt 0.849734 0.608254
vt 0.844161 0.609646
vt 0.851059 0.613784
vt 0.845450 0.615198
vt 0.852363 0.619383
vt 0.846763 0.620819
vt 0.853689 0.625039
vt 0.848129 0.626491
vt 0.855072 0.630744
vt 0.849579 0.632201
vt 0.856538 0.636500
vt 0.851154 0.637965
vt 0.858122 0.642327
vt 0.852877 0.643813
vt 0.859889 0.648371
vt 0.854705 0.649885
vt 0.861949 0.654892
vt 0.856635 0.656389
vt 0.864405 0.661926
vt 0.858816 0.663363
vt 0.867312 0.669390
vt 0.861425 0.670773
vt 0.870577 0.677131
vt 0.864426 0.678497
vt 0.874053 0.684922
vt 0.867693 0.686298
vt 0.877738 0.692708
vt 0.871238 0.694146
vt 0.881672 0.700491
vt 0.875119 0.702073
vt 0.885877 0.708259
vt 0.879342 0.710068
vt 0.890389 0.716001
vt 0.883911 0.718104
vt 0.895307 0.723758
vt 0.888905 0.726211
vt 0.900755 0.731586
vt 0.894432 0.734444
vt 0.840069 0.391488
vt 0.831364 0.392398
vt 0.837492 0.404629
vt 0.828838 0.406186
vt 0.835522 0.416887
vt 0.826896 0.418931
vt 0.833934 0.428463
vt 0.825395 0.430727
vt 0.832937 0.439052
vt 0.824535 0.441295
vt 0.832700 0.448482
vt 0.824413 0.450673
vt 0.833285 0.456846
vt 0.825041 0.459072
vt 0.834355 0.464740
vt 0.826155 0.467018
vt 0.835527 0.472580
vt 0.827448 0.474864
vt 0.836698 0.480387
vt 0.828799 0.482615
vt 0.837832 0.488116
vt 0.830138 0.490221
vt 0.838873 0.495784
vt 0.831417 0.497699
vt 0.839789 0.503437
vt 0.832606 0.505094
vt 0.840668 0.511163
vt 0.833746 0.512504
vt 0.841588 0.518944
vt 0.834871 0.519944
vt 0.842488 0.526404
vt 0.835922 0.527132
vt 0.843350 0.533210
vt 0.836915 0.533881
vt 0.844393 0.539596
vt 0.838226 0.540482
vt 0.845754 0.545756
vt 0.840079 0.547092
vt 0.847118 0.551303
vt 0.841892 0.553032
vt 0.848280 0.556062
vt 0.843181 0.557842
vt 0.849384 0.560489
vt 0.844190 0.562199
vt 0.850560 0.564990
vt 0.845237 0.566680
vt 0.851827 0.569646
vt 0.846352 0.571350
vt 0.853175 0.574438
vt 0.847493 0.576145
vt 0.854613 0.579333
vt 0.848675 0.581004
vt 0.856161 0.584329
vt 0.849984 0.585925
vt 0.857769 0.589441
vt 0.851390 0.590958
vt 0.859374 0.594682
vt 0.852862 0.596134
vt 0.860897 0.600049
vt 0.854324 0.601455
vt 0.862267 0.605525
vt 0.855700 0.606893
vt 0.863473 0.611086
vt 0.856987 0.612421
vt 0.864538 0.616709
vt 0.858206 0.618017
vt 0.865541 0.622381
vt 0.859416 0.623668
vt 0.866571 0.628095
vt 0.860674 0.629371
vt 0.867677 0.633853
vt 0.861999 0.635127
vt 0.868958 0.639682
vt 0.863441 0.640950
vt 0.870690 0.645767
vt 0.865173 0.646996
vt 0.873172 0.652477
vt 0.867410 0.653577
vt 0.876271 0.659797
vt 0.870168 0.660719
vt 0.879702 0.667444
vt 0.873357 0.668259
vt 0.883312 0.675217
vt 0.876836 0.676019
vt 0.887004 0.682938
vt 0.880463 0.683784
vt 0.890774 0.690545
vt 0.884227 0.691489
vt 0.894649 0.698015
vt 0.888161 0.699118
vt 0.898677 0.705335
vt 0.892301 0.706659
vt 0.902927 0.712505
vt 0.896704 0.714109
vt 0.907529 0.719569
vt 0.901491 0.721515
vt 0.912619 0.726584
vt 0.906800 0.728942
vt 0.858797 0.387650
vt 0.849223 0.389863
vt 0.855816 0.399801
vt 0.846511 0.402469
vt 0.853683 0.411146
vt 0.844481 0.414269
vt 0.851950 0.422198
vt 0.842809 0.425622
vt 0.850683 0.432820
vt 0.841665 0.436273
vt 0.850126 0.442467
vt 0.841273 0.445820
vt 0.850438 0.450931
vt 0.841744 0.454204
vt 0.851205 0.458774
vt 0.842693 0.462045
vt 0.851952 0.466445
vt 0.843676 0.469795
vt 0.852610 0.474157
vt 0.844610 0.477564
vt 0.853195 0.482043
vt 0.845488 0.485382
vt 0.853685 0.490149
vt 0.846258 0.493272
vt 0.854069 0.498453
vt 0.846893 0.501247
vt 0.854420 0.506741
vt 0.847484 0.509277
vt 0.854820 0.514747
vt 0.848125 0.517244
vt 0.855341 0.522212
vt 0.848823 0.524766
vt 0.856031 0.528974
vt 0.849591 0.531541
vt 0.856836 0.535200
vt 0.850487 0.537771
vt 0.857704 0.541052
vt 0.851531 0.543660
vt 0.858709 0.546442
vt 0.852632 0.549042
vt 0.859992 0.551383
vt 0.853784 0.553874
vt 0.861535 0.556126
vt 0.855044 0.558467
vt 0.863253 0.560855
vt 0.856416 0.563079
vt 0.865064 0.565647
vt 0.857919 0.567796
vt 0.866953 0.570544
vt 0.859524 0.572622
vt 0.868912 0.575559
vt 0.861240 0.577562
vt 0.870929 0.580699
vt 0.863053 0.582620
vt 0.872918 0.585973
vt 0.864885 0.587804
vt 0.874783 0.591387
vt 0.866644 0.593119
vt 0.876444 0.596929
vt 0.868247 0.598558
vt 0.877831 0.602585
vt 0.869627 0.604105
vt 0.878896 0.608330
vt 0.870757 0.609737
vt 0.879621 0.614139
vt 0.871643 0.615431
vt 0.880056 0.619983
vt 0.872361 0.621164
vt 0.880324 0.625840
vt 0.873018 0.626919
vt 0.880743 0.631724
vt 0.873774 0.632703
vt 0.881698 0.637737
vt 0.874851 0.638570
vt 0.883601 0.644134
vt 0.876623 0.644747
vt 0.886756 0.651318
vt 0.879445 0.651663
vt 0.890523 0.659133
vt 0.882935 0.659236
vt 0.894115 0.667049
vt 0.886531 0.667022
vt 0.897547 0.674829
vt 0.890138 0.674798
vt 0.901003 0.682407
vt 0.893783 0.682451
vt 0.904498 0.689777
vt 0.897474 0.689945
vt 0.908017 0.696908
vt 0.901221 0.697250
vt 0.911619 0.703791
vt 0.905083 0.704355
vt 0.915388 0.710424
vt 0.909139 0.711263
vt 0.919399 0.716808
vt 0.913497 0.717994
vt 0.923730 0.722941
vt 0.918264 0.724578
vt 0.877746 0.382608
vt 0.868515 0.385095
vt 0.874189 0.393639
vt 0.865180 0.396779
vt 0.872044 0.403715
vt 0.862949 0.407600
vt 0.870659 0.413486
vt 0.861266 0.418161
vt 0.869696 0.423188
vt 0.860018 0.428499
vt 0.869218 0.432487
vt 0.859392 0.438102
vt 0.869304 0.441146
vt 0.859547 0.446695
vt 0.869556 0.449400
vt 0.860074 0.454672
vt 0.869590 0.457503
vt 0.860525 0.462413
vt 0.869546 0.465538
vt 0.860872 0.470172
vt 0.869622 0.473573
vt 0.861164 0.478127
vt 0.869751 0.481894
vt 0.861406 0.486396
vt 0.869853 0.490627
vt 0.861602 0.494974
vt 0.870104 0.499145
vt 0.861829 0.503443
vt 0.870718 0.506880
vt 0.862173 0.511394
vt 0.871639 0.513977
vt 0.862672 0.518771
vt 0.872688 0.520680
vt 0.863314 0.525604
vt 0.873670 0.527106
vt 0.864011 0.531986
vt 0.874519 0.533278
vt 0.864727 0.537972
vt 0.875670 0.539011
vt 0.865706 0.543464
vt 0.877581 0.544264
vt 0.867227 0.548502
vt 0.880107 0.549255
vt 0.869246 0.553330
vt 0.882918 0.554192
vt 0.871507 0.558117
vt 0.885698 0.559221
vt 0.873829 0.562973
vt 0.888181 0.564442
vt 0.876060 0.567973
vt 0.890373 0.569845
vt 0.878201 0.573120
vt 0.892316 0.575409
vt 0.880277 0.578405
vt 0.893886 0.581138
vt 0.882237 0.583834
vt 0.895032 0.587023
vt 0.884016 0.589406
vt 0.895989 0.593010
vt 0.885583 0.595108
vt 0.896970 0.599064
vt 0.886904 0.600922
vt 0.897825 0.605192
vt 0.887884 0.606829
vt 0.898332 0.611390
vt 0.888494 0.612804
vt 0.898592 0.617642
vt 0.888760 0.618818
vt 0.898824 0.623953
vt 0.888829 0.624853
vt 0.899483 0.630410
vt 0.889195 0.630954
vt 0.900972 0.637209
vt 0.890297 0.637290
vt 0.903342 0.644482
vt 0.892443 0.644080
vt 0.906457 0.652284
vt 0.895726 0.651567
vt 0.909698 0.660399
vt 0.899419 0.659547
vt 0.912483 0.668457
vt 0.902744 0.667541
vt 0.914991 0.676265
vt 0.905810 0.675329
vt 0.917536 0.683749
vt 0.908905 0.682848
vt 0.920130 0.690898
vt 0.912042 0.690097
vt 0.922726 0.697678
vt 0.915184 0.697052
vt 0.925358 0.704076
vt 0.918380 0.703695
vt 0.928087 0.710082
vt 0.921705 0.710023
vt 0.930981 0.715686
vt 0.925223 0.716026
vt 0.934116 0.720886
vt 0.929006 0.721694
vt 0.893068 0.378031
vt 0.885876 0.380435
vt 0.890301 0.386689
vt 0.882474 0.390469
vt 0.889361 0.394443
vt 0.880767 0.399465
vt 0.889601 0.401820
vt 0.880047 0.408103
vt 0.890402 0.409189
vt 0.879757 0.416776
vt 0.891436 0.416770
vt 0.879784 0.425405
vt 0.892344 0.424759
vt 0.880053 0.433917
vt 0.892533 0.433425
vt 0.880085 0.442518
vt 0.891676 0.442800
vt 0.879542 0.451322
vt 0.890593 0.452120
vt 0.878962 0.459942
vt 0.890169 0.460766
vt 0.878900 0.468121
vt 0.890513 0.468992
vt 0.879130 0.476367
vt 0.891581 0.477037
vt 0.879362 0.485024
vt 0.893571 0.484471
vt 0.879957 0.493325
vt 0.896721 0.490897
vt 0.881379 0.500587
vt 0.900719 0.496655
vt 0.883497 0.507086
vt 0.905033 0.502226
vt 0.885923 0.513241
vt 0.908823 0.508115
vt 0.888115 0.519380
vt 0.911450 0.514601
vt 0.889732 0.525653
vt 0.913730 0.521157
vt 0.891388 0.531731
vt 0.916529 0.527348
vt 0.893752 0.537372
vt 0.919352 0.533460
vt 0.896604 0.542779
vt 0.921602 0.539772
vt 0.899526 0.548181
vt 0.923514 0.546197
vt 0.902279 0.553690
vt 0.925449 0.552624
vt 0.904695 0.559373
vt 0.927322 0.559084
vt 0.906749 0.565226
vt 0.928823 0.565664
vt 0.908344 0.571245
vt 0.929022 0.572570
vt 0.909138 0.577492
vt 0.927361 0.579856
vt 0.908890 0.583972
vt 0.925233 0.587157
vt 0.908450 0.590486
vt 0.924073 0.594238
vt 0.908639 0.596923
vt 0.923627 0.601209
vt 0.909126 0.603363
vt 0.923432 0.608171
vt 0.909454 0.609857
vt 0.923853 0.615204
vt 0.909837 0.616426
vt 0.925287 0.622438
vt 0.910647 0.623125
vt 0.927336 0.630014
vt 0.911971 0.630084
vt 0.929476 0.637984
vt 0.913879 0.637439
vt 0.931535 0.646280
vt 0.916254 0.645214
vt 0.933411 0.654786
vt 0.918895 0.653347
vt 0.934883 0.663305
vt 0.921383 0.661632
vt 0.935806 0.671607
vt 0.923378 0.669788
vt 0.936449 0.679546
vt 0.925108 0.677645
vt 0.937135 0.687043
vt 0.926886 0.685125
vt 0.937941 0.694035
vt 0.928731 0.692191
vt 0.938868 0.700472
vt 0.930602 0.698803
vt 0.939910 0.706359
vt 0.932519 0.704949
vt 0.941073 0.711699
vt 0.934527 0.710626
vt 0.942412 0.716500
vt 0.936697 0.715829
vt 0.943985 0.720772
vt 0.939100 0.720565
vt 0.906435 0.369728
vt 0.899776 0.374686
vt 0.906841 0.374393
vt 0.898242 0.381578
vt 0.908459 0.379306
vt 0.898321 0.388085
vt 0.911294 0.384083
vt 0.899652 0.394243
vt 0.915299 0.388702
vt 0.901913 0.400197
vt 0.919764 0.393739
vt 0.904532 0.406450
vt 0.923666 0.399723
vt 0.906733 0.413469
vt 0.926388 0.406932
vt 0.907867 0.421581
vt 0.927514 0.415482
vt 0.907569 0.430839
vt 0.927105 0.425093
vt 0.906366 0.440627
vt 0.925948 0.435004
vt 0.905158 0.450192
vt 0.927115 0.443083
vt 0.905480 0.458572
vt 0.933073 0.447916
vt 0.908595 0.465246
vt 0.941486 0.451520
vt 0.913663 0.470816
vt 0.949235 0.456047
vt 0.919474 0.475986
vt 0.955858 0.461678
vt 0.925499 0.481159
vt 0.961451 0.468192
vt 0.931255 0.486672
vt 0.965722 0.475621
vt 0.935970 0.492914
vt 0.968573 0.483884
vt 0.939145 0.500036
vt 0.971016 0.492236
vt 0.941793 0.507340
vt 0.973863 0.500156
vt 0.944859 0.514271
vt 0.975616 0.508441
vt 0.947301 0.521371
vt 0.974934 0.517725
vt 0.948067 0.529116
vt 0.973670 0.527099
vt 0.948321 0.536976
vt 0.973965 0.535690
vt 0.949447 0.544432
vt 0.975697 0.543665
vt 0.951322 0.551595
vt 0.977948 0.551440
vt 0.953238 0.558735
vt 0.978924 0.559594
vt 0.953696 0.566261
vt 0.977136 0.568459
vt 0.951583 0.574365
vt 0.973467 0.577670
vt 0.948235 0.582624
vt 0.969333 0.586836
vt 0.945288 0.590693
vt 0.965821 0.595748
vt 0.943121 0.598558
vt 0.963824 0.604363
vt 0.941883 0.606275
vt 0.963816 0.612860
vt 0.942034 0.613986
vt 0.965823 0.621499
vt 0.943828 0.621904
vt 0.968368 0.630485
vt 0.946268 0.630182
vt 0.969913 0.639805
vt 0.948245 0.638815
vt 0.970396 0.649282
vt 0.949621 0.647677
vt 0.970073 0.658747
vt 0.950474 0.656620
vt 0.968821 0.667966
vt 0.950693 0.665450
vt 0.966611 0.676737
vt 0.950225 0.673962
vt 0.963905 0.684986
vt 0.949362 0.682013
vt 0.961181 0.692618
vt 0.948512 0.689546
vt 0.958807 0.699495
vt 0.947908 0.696472
vt 0.957053 0.705581
vt 0.947633 0.702728
vt 0.955771 0.710936
vt 0.947623 0.708345
vt 0.954791 0.715599
vt 0.947802 0.713343
vt 0.954063 0.719593
vt 0.948184 0.717739
vt 0.953595 0.722940
vt 0.948802 0.721547
vt 0.057315 0.190386
vt 0.049636 0.191541
vt 0.069020 0.199679
vt 0.060058 0.199689
vt 0.050255 0.198922
vt 0.041757 0.191896
vt 0.078937 0.207954
vt 0.069425 0.207402
vt 0.086487 0.214724
vt 0.077022 0.214119
vt 0.065269 0.212614
vt 0.058287 0.205985
vt 0.091455 0.220021
vt 0.082351 0.219758
vt 0.095004 0.224774
vt 0.086240 0.224885
vt 0.074699 0.224238
vt 0.070631 0.218624
vt 0.098139 0.229396
vt 0.089496 0.229805
vt 0.101031 0.233930
vt 0.092370 0.234601
vt 0.080528 0.234841
vt 0.077900 0.229610
vt 0.103703 0.238382
vt 0.094987 0.239301
vt 0.106263 0.242757
vt 0.097488 0.243906
vt 0.085037 0.245017
vt 0.082825 0.239974
vt 0.108794 0.247046
vt 0.099971 0.248399
vt 0.111246 0.251251
vt 0.102384 0.252800
vt 0.089980 0.254723
vt 0.087383 0.249941
vt 0.113512 0.255404
vt 0.104584 0.257181
vt 0.115345 0.259639
vt 0.106192 0.261768
vt 0.094606 0.264292
vt 0.092700 0.259391
vt 0.116518 0.264278
vt 0.106860 0.266939
vt 0.117081 0.269498
vt 0.106682 0.272940
vt 0.093892 0.276958
vt 0.094900 0.270062
vt 0.117140 0.275427
vt 0.105835 0.279860
vt 0.116818 0.282096
vt 0.104630 0.287564
vt 0.089998 0.293631
vt 0.092091 0.284899
vt 0.116239 0.289508
vt 0.103388 0.295848
vt 0.115395 0.297757
vt 0.102135 0.304743
vt 0.086501 0.312433
vt 0.088092 0.302834
vt 0.114297 0.306909
vt 0.100853 0.314307
vt 0.113223 0.316714
vt 0.099749 0.324381
vt 0.084343 0.332767
vt 0.085244 0.322419
vt 0.112524 0.326821
vt 0.099087 0.334730
vt 0.112398 0.337044
vt 0.099056 0.345180
vt 0.083991 0.354183
vt 0.083854 0.343416
vt 0.112972 0.347242
vt 0.099787 0.355574
vt 0.114279 0.357338
vt 0.101293 0.365830
vt 0.086748 0.375335
vt 0.084957 0.364854
vt 0.116297 0.367280
vt 0.103522 0.375902
vt 0.118936 0.377063
vt 0.106339 0.385813
vt 0.092309 0.395715
vt 0.089267 0.385596
vt 0.122106 0.386683
vt 0.109629 0.395588
vt 0.125826 0.396043
vt 0.113441 0.405120
vt 0.099590 0.415638
vt 0.095717 0.405771
vt 0.130154 0.404997
vt 0.117880 0.414233
vt 0.135207 0.413310
vt 0.123123 0.422639
vt 0.109514 0.433774
vt 0.104107 0.425092
vt 0.141055 0.420766
vt 0.129299 0.430050
vt 0.147573 0.427342
vt 0.136377 0.436334
vt 0.123498 0.447586
vt 0.115947 0.441350
vt 0.154500 0.433195
vt 0.144160 0.441539
vt 0.161296 0.438927
vt 0.152100 0.446212
vt 0.140853 0.456460
vt 0.131958 0.452476
vt 0.167676 0.445155
vt 0.159734 0.451019
vt 0.173789 0.451943
vt 0.166821 0.456531
vt 0.157775 0.464747
vt 0.149657 0.460201
vt 0.179598 0.459291
vt 0.173135 0.463332
vt 0.184498 0.467788
vt 0.178052 0.472208
vt 0.169912 0.480484
vt 0.164684 0.471242
vt 0.188174 0.478069
vt 0.181334 0.483853
vt 0.191233 0.489650
vt 0.184040 0.496988
vt 0.176116 0.507069
vt 0.173242 0.493062
vt 0.194339 0.501444
vt 0.187206 0.509618
vt 0.197521 0.512591
vt 0.190746 0.520879
vt 0.184014 0.530659
vt 0.179798 0.519857
vt 0.200609 0.522618
vt 0.194294 0.530509
vt 0.203494 0.531814
vt 0.197632 0.538955
vt 0.192133 0.546990
vt 0.188215 0.539514
vt 0.206010 0.540493
vt 0.200558 0.546724
vt 0.208050 0.548771
vt 0.202967 0.553994
vt 0.198429 0.559794
vt 0.195567 0.553678
vt 0.209550 0.556718
vt 0.204802 0.560859
vt 0.200670 0.565444
vt 0.070966 0.185461
vt 0.064585 0.188441
vt 0.084003 0.197404
vt 0.077018 0.198917
vt 0.093524 0.206440
vt 0.086780 0.207550
vt 0.100281 0.213323
vt 0.093921 0.214362
vt 0.105048 0.218663
vt 0.098729 0.219590
vt 0.108716 0.223286
vt 0.102284 0.224195
vt 0.111898 0.227673
vt 0.105419 0.228655
vt 0.114777 0.231932
vt 0.108293 0.233019
vt 0.117439 0.236106
vt 0.110941 0.237303
vt 0.120001 0.240227
vt 0.113481 0.241529
vt 0.122548 0.244303
vt 0.116005 0.245696
vt 0.125063 0.248319
vt 0.118479 0.249795
vt 0.127496 0.252264
vt 0.120828 0.253831
vt 0.129770 0.256141
vt 0.122903 0.257854
vt 0.131813 0.259992
vt 0.124579 0.262018
vt 0.133601 0.263901
vt 0.125843 0.266525
vt 0.135069 0.268053
vt 0.126713 0.271490
vt 0.136080 0.272834
vt 0.127138 0.277184
vt 0.136497 0.278705
vt 0.127062 0.283862
vt 0.136363 0.285854
vt 0.126546 0.291604
vt 0.135789 0.294286
vt 0.125716 0.300373
vt 0.135049 0.303616
vt 0.124835 0.309876
vt 0.134492 0.313349
vt 0.124227 0.319735
vt 0.134340 0.323264
vt 0.124096 0.329760
vt 0.134741 0.333226
vt 0.124577 0.339811
vt 0.135744 0.343198
vt 0.125718 0.349821
vt 0.137369 0.353161
vt 0.127526 0.359740
vt 0.139633 0.363035
vt 0.129968 0.369525
vt 0.142539 0.372722
vt 0.133006 0.379125
vt 0.146078 0.382118
vt 0.136643 0.388443
vt 0.150221 0.391118
vt 0.140895 0.397351
vt 0.154912 0.399618
vt 0.145793 0.405686
vt 0.160031 0.407571
vt 0.151298 0.413328
vt 0.165336 0.415112
vt 0.157174 0.420381
vt 0.170678 0.422473
vt 0.163159 0.427070
vt 0.176003 0.429843
vt 0.169000 0.433785
vt 0.181272 0.437367
vt 0.174633 0.440895
vt 0.186538 0.445028
vt 0.180205 0.448344
vt 0.191762 0.452795
vt 0.185672 0.456009
vt 0.196563 0.460957
vt 0.190541 0.464279
vt 0.200643 0.469957
vt 0.194472 0.473716
vt 0.204248 0.479735
vt 0.197861 0.484176
vt 0.207595 0.489924
vt 0.201107 0.495069
vt 0.210646 0.500102
vt 0.204187 0.505727
vt 0.213434 0.510151
vt 0.207026 0.515828
vt 0.215955 0.520215
vt 0.209627 0.525563
vt 0.218057 0.530185
vt 0.211861 0.534987
vt 0.219669 0.540020
vt 0.213630 0.544125
vt 0.220747 0.549745
vt 0.214876 0.553025
vt 0.080596 0.175902
vt 0.076139 0.181159
vt 0.095465 0.192095
vt 0.090055 0.195095
vt 0.105331 0.202936
vt 0.099641 0.204882
vt 0.111903 0.210410
vt 0.106217 0.211975
vt 0.116639 0.216045
vt 0.110956 0.217451
vt 0.120387 0.220776
vt 0.114674 0.222125
vt 0.123657 0.225144
vt 0.117892 0.226485
vt 0.126666 0.229348
vt 0.120818 0.230693
vt 0.129535 0.233470
vt 0.123571 0.234817
vt 0.132319 0.237525
vt 0.126235 0.238886
vt 0.135049 0.241514
vt 0.128867 0.242903
vt 0.137727 0.245415
vt 0.131461 0.246851
vt 0.140341 0.249199
vt 0.133991 0.250705
vt 0.142861 0.252827
vt 0.136409 0.254441
vt 0.145246 0.256268
vt 0.138667 0.258054
vt 0.147436 0.259525
vt 0.140730 0.261575
vt 0.149380 0.262706
vt 0.142545 0.265123
vt 0.151033 0.266126
vt 0.143979 0.269096
vt 0.152320 0.270241
vt 0.144920 0.273965
vt 0.153069 0.275773
vt 0.145259 0.280275
vt 0.153119 0.283378
vt 0.144937 0.288385
vt 0.152630 0.292537
vt 0.144248 0.297747
vt 0.151942 0.302369
vt 0.143628 0.307553
vt 0.151512 0.312430
vt 0.143370 0.317499
vt 0.151707 0.322436
vt 0.143669 0.327444
vt 0.152557 0.332432
vt 0.144567 0.337410
vt 0.154026 0.342523
vt 0.146073 0.347439
vt 0.156150 0.352616
vt 0.148224 0.357434
vt 0.158955 0.362571
vt 0.151044 0.367262
vt 0.162396 0.372280
vt 0.154500 0.376817
vt 0.166394 0.381644
vt 0.158522 0.386006
vt 0.170806 0.390597
vt 0.163008 0.394752
vt 0.175550 0.399081
vt 0.167831 0.403026
vt 0.180447 0.407199
vt 0.172824 0.410936
vt 0.185399 0.415084
vt 0.177904 0.418658
vt 0.190295 0.422853
vt 0.182986 0.426325
vt 0.195071 0.430592
vt 0.187996 0.434017
vt 0.199836 0.438323
vt 0.193006 0.441743
vt 0.204659 0.446098
vt 0.198031 0.449530
vt 0.209306 0.454124
vt 0.202773 0.457614
vt 0.213517 0.462677
vt 0.206951 0.466333
vt 0.217328 0.471742
vt 0.210680 0.475666
vt 0.220807 0.481273
vt 0.214063 0.485426
vt 0.224016 0.491173
vt 0.217149 0.495386
vt 0.226939 0.501296
vt 0.220007 0.505450
vt 0.229475 0.511664
vt 0.222541 0.515687
vt 0.231532 0.522284
vt 0.224604 0.526014
vt 0.233065 0.533144
vt 0.226149 0.536394
vt 0.234038 0.544223
vt 0.227140 0.546829
vt 0.089851 0.165036
vt 0.084968 0.170281
vt 0.105901 0.185382
vt 0.100541 0.188606
vt 0.116276 0.198490
vt 0.110765 0.200681
vt 0.122959 0.206888
vt 0.117435 0.208671
vt 0.127758 0.212894
vt 0.122207 0.214501
vt 0.131619 0.217796
vt 0.126003 0.219309
vt 0.135063 0.222287
vt 0.129357 0.223727
vt 0.138263 0.226575
vt 0.132467 0.227965
vt 0.141305 0.230741
vt 0.135437 0.232105
vt 0.144228 0.234808
vt 0.138309 0.236164
vt 0.147057 0.238782
vt 0.141107 0.240141
vt 0.149804 0.242657
vt 0.143841 0.244020
vt 0.152473 0.246413
vt 0.146510 0.247773
vt 0.155046 0.250006
vt 0.149094 0.251353
vt 0.157478 0.253373
vt 0.151551 0.254706
vt 0.159663 0.256450
vt 0.153779 0.257804
vt 0.161585 0.259435
vt 0.155719 0.260803
vt 0.163334 0.262775
vt 0.157407 0.264066
vt 0.164928 0.266781
vt 0.158840 0.267969
vt 0.166339 0.271674
vt 0.159929 0.273093
vt 0.167463 0.277716
vt 0.160525 0.279906
vt 0.167868 0.285185
vt 0.160467 0.288296
vt 0.167306 0.294323
vt 0.159773 0.297880
vt 0.166626 0.304398
vt 0.159146 0.308044
vt 0.166776 0.314482
vt 0.159278 0.318153
vt 0.167751 0.324501
vt 0.160176 0.328199
vt 0.169326 0.334586
vt 0.161700 0.338317
vt 0.171479 0.344726
vt 0.163851 0.348450
vt 0.174238 0.354849
vt 0.166652 0.358490
vt 0.177630 0.364793
vt 0.170084 0.368313
vt 0.181635 0.374392
vt 0.174083 0.377801
vt 0.186143 0.383532
vt 0.178532 0.386867
vt 0.190999 0.392160
vt 0.183294 0.395462
vt 0.196069 0.400320
vt 0.188217 0.403654
vt 0.201214 0.408110
vt 0.193176 0.411557
vt 0.206165 0.415693
vt 0.198019 0.419294
vt 0.210731 0.423228
vt 0.202656 0.426975
vt 0.215093 0.430808
vt 0.207216 0.434651
vt 0.219454 0.438518
vt 0.211813 0.442396
vt 0.223755 0.446506
vt 0.216298 0.450395
vt 0.227880 0.454958
vt 0.220480 0.458879
vt 0.231767 0.463885
vt 0.224348 0.467842
vt 0.235389 0.473341
vt 0.227925 0.477293
vt 0.238733 0.483308
vt 0.231224 0.487194
vt 0.241739 0.493624
vt 0.234190 0.497387
vt 0.244355 0.504335
vt 0.236752 0.507905
vt 0.246521 0.515560
vt 0.238841 0.518828
vt 0.248186 0.527330
vt 0.240411 0.530161
vt 0.249314 0.539596
vt 0.241430 0.541853
vt 0.102062 0.157544
vt 0.095666 0.160907
vt 0.118093 0.181030
vt 0.111864 0.183002
vt 0.127936 0.195055
vt 0.122064 0.196708
vt 0.134184 0.203457
vt 0.128558 0.205186
vt 0.138982 0.209672
vt 0.133348 0.211290
vt 0.143030 0.214850
vt 0.137291 0.216304
vt 0.146624 0.219502
vt 0.140813 0.220871
vt 0.149924 0.223865
vt 0.144073 0.225201
vt 0.153031 0.228068
vt 0.147156 0.229386
vt 0.155984 0.232152
vt 0.150100 0.233460
vt 0.158803 0.236137
vt 0.152929 0.237437
vt 0.161497 0.240028
vt 0.155654 0.241316
vt 0.164067 0.243825
vt 0.158276 0.245087
vt 0.166507 0.247513
vt 0.160777 0.248723
vt 0.168800 0.251070
vt 0.163123 0.252180
vt 0.170929 0.254469
vt 0.165255 0.255391
vt 0.172955 0.257880
vt 0.167219 0.258549
vt 0.174938 0.261572
vt 0.169095 0.262062
vt 0.176874 0.265641
vt 0.170882 0.266138
vt 0.178745 0.270189
vt 0.172562 0.270863
vt 0.180456 0.275409
vt 0.174036 0.276385
vt 0.181605 0.281828
vt 0.174840 0.283224
vt 0.181879 0.289816
vt 0.174634 0.291812
vt 0.181847 0.298854
vt 0.174191 0.301464
vt 0.182213 0.308216
vt 0.174433 0.311265
vt 0.183100 0.317795
vt 0.175399 0.321110
vt 0.184482 0.327653
vt 0.176919 0.331099
vt 0.186387 0.337863
vt 0.178988 0.341252
vt 0.188883 0.348407
vt 0.181651 0.351517
vt 0.192132 0.358883
vt 0.184990 0.361649
vt 0.196204 0.368852
vt 0.189005 0.371405
vt 0.200949 0.378138
vt 0.193613 0.380606
vt 0.206151 0.386703
vt 0.198629 0.389218
vt 0.211722 0.394522
vt 0.203956 0.397254
vt 0.217505 0.401668
vt 0.209442 0.404802
vt 0.222892 0.408550
vt 0.214620 0.412111
vt 0.227406 0.415599
vt 0.219127 0.419442
vt 0.231437 0.422921
vt 0.223269 0.426911
vt 0.235480 0.430534
vt 0.227418 0.434590
vt 0.239555 0.438480
vt 0.231569 0.442573
vt 0.243583 0.446843
vt 0.235624 0.450983
vt 0.247453 0.455640
vt 0.239493 0.459846
vt 0.251122 0.465122
vt 0.243133 0.469315
vt 0.254568 0.475343
vt 0.246519 0.479401
vt 0.257719 0.486076
vt 0.249584 0.489913
vt 0.260530 0.497318
vt 0.252281 0.500873
vt 0.262959 0.509158
vt 0.254562 0.512392
vt 0.264949 0.521713
vt 0.256374 0.524546
vt 0.266438 0.535055
vt 0.257666 0.537346
vt 0.115051 0.150589
vt 0.108577 0.154252
vt 0.130158 0.175869
vt 0.124224 0.178794
vt 0.139352 0.190628
vt 0.133703 0.193111
vt 0.145425 0.199369
vt 0.139797 0.201547
vt 0.150411 0.206257
vt 0.144664 0.208001
vt 0.154708 0.212032
vt 0.148839 0.213431
vt 0.158418 0.216905
vt 0.152501 0.218189
vt 0.161763 0.221314
vt 0.155830 0.222582
vt 0.164915 0.225555
vt 0.158957 0.226802
vt 0.167905 0.229688
vt 0.161922 0.230903
vt 0.170737 0.233726
vt 0.164737 0.234907
vt 0.173411 0.237673
vt 0.167410 0.238820
vt 0.175933 0.241533
vt 0.169948 0.242649
vt 0.178314 0.245308
vt 0.172354 0.246386
vt 0.180568 0.249008
vt 0.174628 0.250024
vt 0.182722 0.252685
vt 0.176774 0.253573
vt 0.184832 0.256453
vt 0.178849 0.257181
vt 0.186944 0.260360
vt 0.180908 0.260986
vt 0.189065 0.264381
vt 0.182953 0.265006
vt 0.191178 0.268666
vt 0.184963 0.269384
vt 0.193217 0.273475
vt 0.186854 0.274377
vt 0.194958 0.279133
vt 0.188308 0.280414
vt 0.196219 0.285892
vt 0.189076 0.287821
vt 0.197158 0.293510
vt 0.189495 0.296211
vt 0.198017 0.301707
vt 0.190027 0.305079
vt 0.198940 0.310433
vt 0.190854 0.314332
vt 0.200074 0.319788
vt 0.192082 0.324020
vt 0.201664 0.330232
vt 0.193787 0.334344
vt 0.204025 0.341978
vt 0.196095 0.345369
vt 0.207393 0.353757
vt 0.199271 0.356401
vt 0.211753 0.364176
vt 0.203440 0.366660
vt 0.216751 0.373290
vt 0.208355 0.375999
vt 0.222026 0.381491
vt 0.213698 0.384468
vt 0.227483 0.388721
vt 0.219359 0.391991
vt 0.233018 0.394979
vt 0.225182 0.398608
vt 0.238250 0.400975
vt 0.230615 0.404944
vt 0.242879 0.407443
vt 0.235220 0.411644
vt 0.247132 0.414409
vt 0.239344 0.418775
vt 0.251314 0.421747
vt 0.243430 0.426249
vt 0.255503 0.429489
vt 0.247544 0.434120
vt 0.259690 0.437691
vt 0.251628 0.442418
vt 0.263763 0.446416
vt 0.255570 0.451173
vt 0.267650 0.455945
vt 0.259318 0.460679
vt 0.271323 0.466331
vt 0.262851 0.471012
vt 0.274740 0.477393
vt 0.266117 0.481942
vt 0.277877 0.489160
vt 0.269076 0.493466
vt 0.280713 0.501727
vt 0.271687 0.505672
vt 0.283190 0.515225
vt 0.273894 0.518693
vt 0.285229 0.529762
vt 0.275626 0.532622
vt 0.127874 0.141380
vt 0.121449 0.146261
vt 0.141641 0.167439
vt 0.135904 0.172008
vt 0.150603 0.183756
vt 0.144944 0.187423
vt 0.156889 0.194177
vt 0.151110 0.196884
vt 0.162061 0.202335
vt 0.156226 0.204411
vt 0.166444 0.208867
vt 0.160606 0.210593
vt 0.170196 0.214019
vt 0.164338 0.215577
vt 0.173592 0.218526
vt 0.167693 0.219996
vt 0.176807 0.222895
vt 0.170874 0.224273
vt 0.179858 0.227177
vt 0.173903 0.228466
vt 0.182730 0.231348
vt 0.176768 0.232562
vt 0.185415 0.235394
vt 0.179458 0.236554
vt 0.187916 0.239320
vt 0.181973 0.240441
vt 0.190264 0.243153
vt 0.184325 0.244239
vt 0.192513 0.246981
vt 0.186553 0.247998
vt 0.194720 0.250909
vt 0.188712 0.251803
vt 0.196917 0.254987
vt 0.190855 0.255737
vt 0.199123 0.259191
vt 0.193009 0.259793
vt 0.201357 0.263491
vt 0.195186 0.263933
vt 0.203616 0.267927
vt 0.197375 0.268262
vt 0.205884 0.272569
vt 0.199540 0.272954
vt 0.208107 0.277505
vt 0.201550 0.278216
vt 0.210234 0.282822
vt 0.203296 0.284193
vt 0.212269 0.288624
vt 0.204830 0.290863
vt 0.214199 0.295049
vt 0.206231 0.298138
vt 0.215909 0.302248
vt 0.207485 0.306068
vt 0.217422 0.310584
vt 0.208666 0.314877
vt 0.219538 0.320948
vt 0.210353 0.325367
vt 0.223086 0.333713
vt 0.213210 0.337929
vt 0.227663 0.346355
vt 0.217184 0.350464
vt 0.232414 0.356230
vt 0.221814 0.360734
vt 0.236992 0.364127
vt 0.226697 0.369217
vt 0.241371 0.371438
vt 0.231591 0.376930
vt 0.245681 0.378381
vt 0.236508 0.383953
vt 0.250036 0.384938
vt 0.241464 0.390259
vt 0.254366 0.391400
vt 0.246257 0.396384
vt 0.258598 0.398076
vt 0.250720 0.402895
vt 0.262783 0.405011
vt 0.254978 0.409798
vt 0.267001 0.412175
vt 0.259197 0.417033
vt 0.271288 0.419630
vt 0.263441 0.424632
vt 0.275650 0.427502
vt 0.267719 0.432688
vt 0.280005 0.436079
vt 0.271938 0.441369
vt 0.284278 0.445633
vt 0.276020 0.450920
vt 0.288411 0.455959
vt 0.279907 0.461286
vt 0.292321 0.466931
vt 0.283528 0.472366
vt 0.295991 0.478785
vt 0.286882 0.484280
vt 0.299438 0.491732
vt 0.289988 0.497125
vt 0.302619 0.505987
vt 0.292787 0.511047
vt 0.305459 0.521731
vt 0.295191 0.526186
vt 0.141260 0.131427
vt 0.134430 0.136247
vt 0.153697 0.158046
vt 0.147526 0.162592
vt 0.162476 0.176395
vt 0.156427 0.179959
vt 0.168834 0.188722
vt 0.162788 0.191388
vt 0.173836 0.197501
vt 0.167905 0.199940
vt 0.178073 0.204245
vt 0.172225 0.206639
vt 0.181890 0.209954
vt 0.176012 0.212060
vt 0.185408 0.215067
vt 0.179474 0.216831
vt 0.188667 0.219831
vt 0.182720 0.221379
vt 0.191695 0.224339
vt 0.185764 0.225772
vt 0.194523 0.228650
vt 0.188610 0.230015
vt 0.197190 0.232819
vt 0.191274 0.234122
vt 0.199731 0.236890
vt 0.193781 0.238118
vt 0.202180 0.240908
vt 0.196171 0.242040
vt 0.204569 0.244929
vt 0.198493 0.245966
vt 0.206916 0.249021
vt 0.200777 0.249991
vt 0.209237 0.253223
vt 0.203040 0.254155
vt 0.211562 0.257548
vt 0.205308 0.258444
vt 0.213921 0.262014
vt 0.207606 0.262849
vt 0.216315 0.266605
vt 0.209935 0.267374
vt 0.218739 0.271282
vt 0.212286 0.272017
vt 0.221186 0.276041
vt 0.214642 0.276799
vt 0.223651 0.280921
vt 0.216982 0.281775
vt 0.226134 0.286090
vt 0.219296 0.287108
vt 0.228657 0.291801
vt 0.221572 0.293020
vt 0.231346 0.298479
vt 0.223771 0.299849
vt 0.234398 0.306526
vt 0.226008 0.308002
vt 0.238077 0.315958
vt 0.228901 0.317997
vt 0.242511 0.326426
vt 0.233008 0.329867
vt 0.247113 0.336697
vt 0.237765 0.341512
vt 0.251223 0.345536
vt 0.242277 0.350900
vt 0.254923 0.353300
vt 0.246414 0.358658
vt 0.258525 0.360592
vt 0.250344 0.365901
vt 0.262170 0.367613
vt 0.254231 0.372879
vt 0.265933 0.374470
vt 0.258197 0.379638
vt 0.269802 0.381285
vt 0.262228 0.386342
vt 0.273756 0.388170
vt 0.266290 0.393156
vt 0.277825 0.395149
vt 0.270412 0.400117
vt 0.282050 0.402230
vt 0.274633 0.407234
vt 0.286448 0.409438
vt 0.278974 0.414561
vt 0.291002 0.416887
vt 0.283427 0.422226
vt 0.295585 0.425040
vt 0.287898 0.430617
vt 0.300112 0.434334
vt 0.292310 0.440085
vt 0.304657 0.444490
vt 0.296665 0.450360
vt 0.309270 0.455096
vt 0.300939 0.461158
vt 0.313842 0.466254
vt 0.305054 0.472718
vt 0.318241 0.478505
vt 0.308935 0.485492
vt 0.322472 0.492721
vt 0.312578 0.499910
vt 0.326548 0.509634
vt 0.315955 0.516264
vt 0.156110 0.125265
vt 0.148467 0.127565
vt 0.166894 0.151396
vt 0.160202 0.154313
vt 0.174871 0.170215
vt 0.168718 0.173285
vt 0.180855 0.183356
vt 0.174963 0.186252
vt 0.185633 0.192661
vt 0.179839 0.195234
vt 0.189818 0.199846
vt 0.184011 0.202071
vt 0.193732 0.206201
vt 0.187851 0.208037
vt 0.197373 0.211937
vt 0.191408 0.213439
vt 0.200697 0.217095
vt 0.194673 0.218387
vt 0.203757 0.221828
vt 0.197693 0.223001
vt 0.206624 0.226271
vt 0.200528 0.227382
vt 0.209342 0.230521
vt 0.203217 0.231607
vt 0.211947 0.234651
vt 0.205796 0.235729
vt 0.214468 0.238720
vt 0.208292 0.239799
vt 0.216929 0.242788
vt 0.210727 0.243867
vt 0.219349 0.246902
vt 0.213120 0.247986
vt 0.221751 0.251109
vt 0.215489 0.252197
vt 0.224164 0.255461
vt 0.217863 0.256537
vt 0.226617 0.259992
vt 0.220272 0.261044
vt 0.229123 0.264664
vt 0.222725 0.265689
vt 0.231686 0.269413
vt 0.225218 0.270409
vt 0.234315 0.274237
vt 0.227756 0.275198
vt 0.237024 0.279177
vt 0.230345 0.280093
vt 0.239855 0.284388
vt 0.233003 0.285256
vt 0.242878 0.290076
vt 0.235786 0.290926
vt 0.246262 0.296537
vt 0.238879 0.297499
vt 0.250162 0.303970
vt 0.242489 0.305290
vt 0.254486 0.312118
vt 0.246632 0.314075
vt 0.259002 0.320582
vt 0.251171 0.323407
vt 0.263239 0.328874
vt 0.255581 0.332535
vt 0.266794 0.336606
vt 0.259351 0.340809
vt 0.270000 0.343885
vt 0.262734 0.348395
vt 0.273314 0.350899
vt 0.266139 0.355603
vt 0.276810 0.357742
vt 0.269669 0.362577
vt 0.280456 0.364493
vt 0.273339 0.369426
vt 0.284193 0.371267
vt 0.277120 0.376257
vt 0.287981 0.378162
vt 0.280992 0.383161
vt 0.291907 0.385151
vt 0.285003 0.390143
vt 0.296077 0.392173
vt 0.289215 0.397186
vt 0.300541 0.399188
vt 0.293659 0.404281
vt 0.305292 0.406268
vt 0.298319 0.411522
vt 0.310143 0.413932
vt 0.303029 0.419424
vt 0.314965 0.422703
vt 0.307683 0.428490
vt 0.319869 0.432319
vt 0.312396 0.438431
vt 0.324950 0.442350
vt 0.317261 0.448777
vt 0.330182 0.452781
vt 0.322202 0.459515
vt 0.335518 0.463914
vt 0.327128 0.471039
vt 0.341076 0.477209
vt 0.332044 0.484683
vt 0.347134 0.494758
vt 0.337017 0.502016
vt 0.171118 0.122041
vt 0.163984 0.124402
vt 0.179497 0.145069
vt 0.173496 0.148814
vt 0.186023 0.162235
vt 0.180668 0.166598
vt 0.191391 0.175272
vt 0.186278 0.179525
vt 0.196171 0.185817
vt 0.191026 0.189304
vt 0.200636 0.194741
vt 0.195322 0.197262
vt 0.204909 0.202594
vt 0.199395 0.204292
vt 0.208935 0.209411
vt 0.203206 0.210534
vt 0.212618 0.215214
vt 0.206686 0.216003
vt 0.215954 0.220212
vt 0.209862 0.220881
vt 0.218977 0.224646
vt 0.212792 0.225354
vt 0.221755 0.228753
vt 0.215536 0.229573
vt 0.224360 0.232696
vt 0.218149 0.233647
vt 0.226853 0.236606
vt 0.220670 0.237662
vt 0.229285 0.240581
vt 0.223132 0.241690
vt 0.231695 0.244657
vt 0.225558 0.245782
vt 0.234123 0.248862
vt 0.227976 0.249992
vt 0.236600 0.253217
vt 0.230419 0.254358
vt 0.239142 0.257714
vt 0.232915 0.258889
vt 0.241754 0.262327
vt 0.235474 0.263549
vt 0.244441 0.267033
vt 0.238102 0.268293
vt 0.247217 0.271844
vt 0.240812 0.273126
vt 0.250107 0.276802
vt 0.243623 0.278091
vt 0.253162 0.282023
vt 0.246588 0.283329
vt 0.256450 0.287643
vt 0.249781 0.289012
vt 0.260056 0.293782
vt 0.253330 0.295333
vt 0.264033 0.300497
vt 0.257333 0.302399
vt 0.268244 0.307606
vt 0.261663 0.309979
vt 0.272469 0.314875
vt 0.266081 0.317760
vt 0.276407 0.322044
vt 0.270180 0.325405
vt 0.279830 0.328967
vt 0.273640 0.332677
vt 0.283061 0.335658
vt 0.276805 0.339645
vt 0.286482 0.342186
vt 0.280116 0.346429
vt 0.290106 0.348599
vt 0.283632 0.353082
vt 0.293839 0.354974
vt 0.287301 0.359666
vt 0.297520 0.361515
vt 0.291012 0.366331
vt 0.301052 0.368396
vt 0.294693 0.373212
vt 0.304666 0.375479
vt 0.298490 0.380234
vt 0.308637 0.382561
vt 0.302578 0.387272
vt 0.313052 0.389561
vt 0.307029 0.394264
vt 0.317915 0.396501
vt 0.311845 0.401258
vt 0.323089 0.403714
vt 0.316847 0.408706
vt 0.328440 0.411581
vt 0.321898 0.417081
vt 0.333920 0.420190
vt 0.327052 0.426253
vt 0.339512 0.429565
vt 0.332371 0.435967
vt 0.345312 0.439815
vt 0.337877 0.446282
vt 0.351500 0.451266
vt 0.343596 0.457530
vt 0.358527 0.465131
vt 0.349859 0.471068
vt 0.366755 0.482898
vt 0.357073 0.488755
vt 0.181870 0.108615
vt 0.176885 0.115724
vt 0.189244 0.133015
vt 0.184613 0.139153
vt 0.195584 0.152611
vt 0.190942 0.157233
vt 0.201152 0.168283
vt 0.196348 0.171384
vt 0.206217 0.181071
vt 0.201248 0.183013
vt 0.211001 0.191795
vt 0.205880 0.192887
vt 0.215614 0.200953
vt 0.210348 0.201467
vt 0.219921 0.208560
vt 0.214570 0.208764
vt 0.223742 0.214669
vt 0.218415 0.214802
vt 0.227127 0.219590
vt 0.221872 0.219822
vt 0.230186 0.223670
vt 0.224983 0.224120
vt 0.232972 0.227324
vt 0.227802 0.228023
vt 0.235521 0.230867
vt 0.230390 0.231764
vt 0.237922 0.234528
vt 0.232831 0.235538
vt 0.240272 0.238447
vt 0.235209 0.239479
vt 0.242656 0.242536
vt 0.237594 0.243559
vt 0.245139 0.246686
vt 0.240043 0.247739
vt 0.247710 0.250922
vt 0.242567 0.252038
vt 0.250347 0.255277
vt 0.245159 0.256464
vt 0.253046 0.259749
vt 0.247820 0.261006
vt 0.255815 0.264333
vt 0.250555 0.265652
vt 0.258674 0.269045
vt 0.253381 0.270418
vt 0.261647 0.273912
vt 0.256325 0.275338
vt 0.264768 0.278986
vt 0.259430 0.280495
vt 0.268073 0.284330
vt 0.262746 0.285985
vt 0.271602 0.290035
vt 0.266332 0.291901
vt 0.275363 0.296162
vt 0.270208 0.298293
vt 0.279190 0.302620
vt 0.274218 0.305032
vt 0.282899 0.309274
vt 0.278164 0.311944
vt 0.286436 0.315943
vt 0.281874 0.318825
vt 0.289829 0.322447
vt 0.285267 0.325506
vt 0.293326 0.328732
vt 0.288632 0.331965
vt 0.297150 0.334787
vt 0.292271 0.338225
vt 0.301136 0.340726
vt 0.296099 0.344367
vt 0.305039 0.346723
vt 0.299928 0.350528
vt 0.308668 0.353033
vt 0.303565 0.356956
vt 0.311960 0.359846
vt 0.306920 0.363846
vt 0.315293 0.366954
vt 0.310329 0.370997
vt 0.319087 0.374061
vt 0.314171 0.378125
vt 0.323437 0.381046
vt 0.318541 0.385129
vt 0.328345 0.387859
vt 0.323439 0.392003
vt 0.333784 0.394582
vt 0.328789 0.398941
vt 0.339675 0.401414
vt 0.334484 0.406224
vt 0.345733 0.408899
vt 0.340329 0.414196
vt 0.351774 0.417622
vt 0.346197 0.423204
vt 0.358053 0.427586
vt 0.352276 0.433323
vt 0.364937 0.438836
vt 0.358872 0.444757
vt 0.372907 0.452413
vt 0.366477 0.458601
vt 0.382497 0.469793
vt 0.375503 0.476264
vt 0.191267 0.103159
vt 0.186565 0.104500
vt 0.198251 0.126995
vt 0.193734 0.128969
vt 0.204547 0.147661
vt 0.200092 0.149422
vt 0.210270 0.165115
vt 0.205783 0.166204
vt 0.215530 0.179544
vt 0.210995 0.179966
vt 0.220434 0.191410
vt 0.215892 0.191386
vt 0.224992 0.201078
vt 0.220557 0.200937
vt 0.228929 0.208680
vt 0.224764 0.208643
vt 0.232085 0.214528
vt 0.228301 0.214651
vt 0.234794 0.219097
vt 0.231360 0.219385
vt 0.237362 0.222710
vt 0.234172 0.223214
vt 0.239860 0.225949
vt 0.236809 0.226640
vt 0.242283 0.229303
vt 0.239289 0.230061
vt 0.244665 0.232904
vt 0.241675 0.233671
vt 0.247055 0.236781
vt 0.244038 0.237568
vt 0.249504 0.240832
vt 0.246451 0.241644
vt 0.252047 0.244947
vt 0.248967 0.245773
vt 0.254671 0.249138
vt 0.251572 0.249975
vt 0.257354 0.253424
vt 0.254237 0.254287
vt 0.260093 0.257813
vt 0.256960 0.258711
vt 0.262895 0.262309
vt 0.259750 0.263246
vt 0.265775 0.266930
vt 0.262623 0.267910
vt 0.268754 0.271696
vt 0.265606 0.272725
vt 0.271854 0.276630
vt 0.268721 0.277725
vt 0.275100 0.281769
vt 0.271999 0.282955
vt 0.278529 0.287202
vt 0.275475 0.288506
vt 0.282154 0.292995
vt 0.279156 0.294443
vt 0.285855 0.299058
vt 0.282892 0.300687
vt 0.289497 0.305282
vt 0.286525 0.307111
vt 0.293068 0.311534
vt 0.290040 0.313570
vt 0.296599 0.317709
vt 0.293490 0.319907
vt 0.300213 0.323780
vt 0.297064 0.326071
vt 0.304013 0.329745
vt 0.300916 0.332051
vt 0.307916 0.335644
vt 0.304901 0.337934
vt 0.311799 0.341547
vt 0.308811 0.343858
vt 0.315583 0.347578
vt 0.312507 0.350026
vt 0.319256 0.353859
vt 0.315951 0.356602
vt 0.323012 0.360408
vt 0.319449 0.363470
vt 0.327077 0.367179
vt 0.323343 0.370438
vt 0.331528 0.374020
vt 0.327724 0.377364
vt 0.336388 0.380776
vt 0.332609 0.384143
vt 0.341641 0.387451
vt 0.337987 0.390801
vt 0.347231 0.394181
vt 0.343792 0.397495
vt 0.353014 0.401536
vt 0.349777 0.404822
vt 0.358988 0.410144
vt 0.355824 0.413442
vt 0.365414 0.419909
vt 0.362205 0.423298
vt 0.372577 0.430731
vt 0.369261 0.434337
vt 0.380911 0.443665
vt 0.377451 0.447594
vt 0.391051 0.460305
vt 0.387379 0.464615
vt 0.211332 0.103844
vt 0.206258 0.104146
vt 0.216991 0.126607
vt 0.212266 0.126729
vt 0.207590 0.126562
vt 0.201262 0.103903
vt 0.222270 0.147473
vt 0.217859 0.147424
vt 0.227169 0.165957
vt 0.223065 0.165706
vt 0.218883 0.165156
vt 0.213448 0.147134
vt 0.231640 0.181397
vt 0.227855 0.180952
vt 0.235545 0.193016
vt 0.232086 0.192695
vt 0.228402 0.192079
vt 0.223894 0.180176
vt 0.238738 0.200718
vt 0.235585 0.200972
vt 0.241441 0.206237
vt 0.238485 0.207113
vt 0.235484 0.207846
vt 0.232277 0.201026
vt 0.243935 0.211011
vt 0.241039 0.212276
vt 0.246366 0.215150
vt 0.243475 0.216589
vt 0.240617 0.217802
vt 0.238156 0.213360
vt 0.248812 0.218588
vt 0.245930 0.220014
vt 0.251248 0.221839
vt 0.248385 0.223145
vt 0.245537 0.224301
vt 0.243076 0.221233
vt 0.253637 0.225413
vt 0.250796 0.226575
vt 0.256039 0.229280
vt 0.253208 0.230316
vt 0.250368 0.231281
vt 0.247957 0.227634
vt 0.258516 0.233292
vt 0.255674 0.234245
vt 0.261082 0.237375
vt 0.258214 0.238288
vt 0.255329 0.239175
vt 0.252816 0.235155
vt 0.263730 0.241488
vt 0.260833 0.242394
vt 0.266436 0.245636
vt 0.263514 0.246557
vt 0.260577 0.247452
vt 0.257919 0.243278
vt 0.269177 0.249821
vt 0.266240 0.250770
vt 0.271952 0.254061
vt 0.269011 0.255051
vt 0.266052 0.256013
vt 0.263289 0.251693
vt 0.274767 0.258383
vt 0.271829 0.259422
vt 0.277633 0.262809
vt 0.274705 0.263903
vt 0.271752 0.264963
vt 0.268869 0.260431
vt 0.280561 0.267359
vt 0.277653 0.268511
vt 0.283562 0.272036
vt 0.280684 0.273252
vt 0.277774 0.274432
vt 0.274715 0.269626
vt 0.286649 0.276851
vt 0.283817 0.278143
vt 0.289862 0.281865
vt 0.287091 0.283257
vt 0.284280 0.284618
vt 0.280949 0.279402
vt 0.293245 0.287129
vt 0.290539 0.288650
vt 0.296819 0.292596
vt 0.294132 0.294264
vt 0.291419 0.295898
vt 0.287792 0.290141
vt 0.300577 0.298190
vt 0.297819 0.300010
vt 0.304425 0.303833
vt 0.301551 0.305800
vt 0.298739 0.307712
vt 0.295077 0.301785
vt 0.308261 0.309450
vt 0.305284 0.311559
vt 0.312048 0.315085
vt 0.309013 0.317317
vt 0.306078 0.319474
vt 0.302395 0.313604
vt 0.315768 0.320821
vt 0.312742 0.323125
vt 0.319410 0.326668
vt 0.316466 0.328984
vt 0.313605 0.331228
vt 0.309820 0.325349
vt 0.323003 0.332603
vt 0.320193 0.334874
vt 0.326712 0.338499
vt 0.323997 0.340732
vt 0.321259 0.342974
vt 0.317415 0.337104
vt 0.330708 0.344256
vt 0.327964 0.346533
vt 0.335039 0.350049
vt 0.332171 0.352461
vt 0.329255 0.354955
vt 0.325172 0.348869
vt 0.339705 0.356084
vt 0.336677 0.358700
vt 0.344584 0.362368
vt 0.341428 0.365176
vt 0.338262 0.367999
vt 0.333620 0.361373
vt 0.349538 0.368864
vt 0.346339 0.371771
vt 0.354555 0.375564
vt 0.351391 0.378470
vt 0.348238 0.381358
vt 0.343142 0.374667
vt 0.359654 0.382520
vt 0.356581 0.385352
vt 0.364888 0.390006
vt 0.361948 0.392788
vt 0.359021 0.395573
vt 0.353530 0.388172
vt 0.370408 0.398313
vt 0.367650 0.401180
vt 0.376553 0.407437
vt 0.373966 0.410469
vt 0.371270 0.413540
vt 0.364850 0.404066
vt 0.383751 0.417499
vt 0.381226 0.420665
vt 0.392467 0.429399
vt 0.389866 0.432757
vt 0.387099 0.436232
vt 0.378548 0.423912
vt 0.403349 0.444462
vt 0.400553 0.448209
vt 0.397592 0.452075
vt 0.234990 0.099160
vt 0.228389 0.100653
vt 0.239042 0.122994
vt 0.232801 0.124195
vt 0.227093 0.125173
vt 0.222294 0.101898
vt 0.242965 0.143977
vt 0.236995 0.145042
vt 0.246686 0.162369
vt 0.240914 0.163389
vt 0.235751 0.164512
vt 0.231603 0.146073
vt 0.250137 0.178112
vt 0.244463 0.179052
vt 0.253233 0.189767
vt 0.247623 0.190733
vt 0.242717 0.191767
vt 0.239453 0.180113
vt 0.255959 0.196687
vt 0.250410 0.197869
vt 0.258485 0.201098
vt 0.252990 0.202530
vt 0.248158 0.203993
vt 0.245560 0.199077
vt 0.260918 0.204979
vt 0.255465 0.206565
vt 0.263279 0.208772
vt 0.257868 0.210368
vt 0.253065 0.212077
vt 0.250640 0.208225
vt 0.265604 0.212607
vt 0.260231 0.214063
vt 0.267929 0.216518
vt 0.262572 0.217820
vt 0.257850 0.219167
vt 0.255471 0.215616
vt 0.270290 0.220474
vt 0.264913 0.221750
vt 0.272768 0.224450
vt 0.267339 0.225794
vt 0.262590 0.227073
vt 0.260195 0.223013
vt 0.275422 0.228418
vt 0.269919 0.229862
vt 0.278188 0.232345
vt 0.272618 0.233903
vt 0.267744 0.235307
vt 0.265110 0.231194
vt 0.280984 0.236221
vt 0.275374 0.237900
vt 0.283769 0.240063
vt 0.278146 0.241877
vt 0.273210 0.243468
vt 0.270458 0.239390
vt 0.286522 0.243895
vt 0.280910 0.245853
vt 0.289260 0.247747
vt 0.283673 0.249856
vt 0.278748 0.251677
vt 0.275973 0.247556
vt 0.292006 0.251657
vt 0.286447 0.253918
vt 0.294787 0.255696
vt 0.289253 0.258091
vt 0.284378 0.260152
vt 0.281545 0.255864
vt 0.297618 0.259916
vt 0.292104 0.262415
vt 0.300431 0.264249
vt 0.294973 0.266854
vt 0.290185 0.269103
vt 0.287259 0.264569
vt 0.303170 0.268632
vt 0.297842 0.271374
vt 0.305928 0.273148
vt 0.300764 0.276025
vt 0.296211 0.278538
vt 0.293154 0.273744
vt 0.308837 0.277899
vt 0.303832 0.280868
vt 0.312002 0.282936
vt 0.307178 0.285946
vt 0.302929 0.288704
vt 0.299426 0.283528
vt 0.315485 0.288256
vt 0.310894 0.291256
vt 0.319175 0.293668
vt 0.314819 0.296644
vt 0.310863 0.299391
vt 0.306804 0.294023
vt 0.322920 0.298992
vt 0.318742 0.301972
vt 0.326650 0.304303
vt 0.322578 0.307321
vt 0.318751 0.310147
vt 0.314872 0.304739
vt 0.330333 0.309712
vt 0.326287 0.312813
vt 0.333981 0.315242
vt 0.329862 0.318485
vt 0.325973 0.321519
vt 0.322460 0.315726
vt 0.337654 0.320863
vt 0.333358 0.324313
vt 0.341537 0.326443
vt 0.337061 0.330098
vt 0.332884 0.333460
vt 0.329337 0.327509
vt 0.345773 0.331875
vt 0.341227 0.335657
vt 0.350204 0.337317
vt 0.345742 0.341139
vt 0.341464 0.344709
vt 0.336938 0.339150
vt 0.354658 0.342993
vt 0.350436 0.346780
vt 0.359139 0.348988
vt 0.355196 0.352718
vt 0.351333 0.356286
vt 0.346334 0.350368
vt 0.363690 0.355338
vt 0.359953 0.359041
vt 0.368369 0.362036
vt 0.364748 0.365739
vt 0.361189 0.369274
vt 0.356277 0.362591
vt 0.373226 0.369063
vt 0.369637 0.372788
vt 0.378300 0.376433
vt 0.374651 0.380246
vt 0.371140 0.383854
vt 0.366132 0.376321
vt 0.383641 0.384138
vt 0.379866 0.388157
vt 0.389393 0.392060
vt 0.385579 0.396420
vt 0.382094 0.400724
vt 0.376323 0.391996
vt 0.395825 0.400304
vt 0.392223 0.405151
vt 0.403941 0.410400
vt 0.400572 0.415737
vt 0.397663 0.421469
vt 0.389012 0.410212
vt 0.415341 0.424380
vt 0.411867 0.429997
vt 0.408858 0.435881
vt 0.249389 0.094459
vt 0.242072 0.097163
vt 0.252717 0.119344
vt 0.245793 0.121466
vt 0.255915 0.141117
vt 0.249380 0.142810
vt 0.259027 0.160046
vt 0.252840 0.161480
vt 0.262020 0.175988
vt 0.256091 0.177318
vt 0.264777 0.187623
vt 0.259028 0.188899
vt 0.267204 0.194342
vt 0.261618 0.195637
vt 0.269529 0.198540
vt 0.264040 0.199872
vt 0.271821 0.202376
vt 0.266396 0.203671
vt 0.274108 0.206239
vt 0.268712 0.207469
vt 0.276422 0.210153
vt 0.271025 0.211355
vt 0.278793 0.214083
vt 0.273368 0.215298
vt 0.281254 0.217979
vt 0.275777 0.219228
vt 0.283853 0.221821
vt 0.278318 0.223128
vt 0.286617 0.225598
vt 0.281035 0.226992
vt 0.289479 0.229291
vt 0.283855 0.230799
vt 0.292349 0.232898
vt 0.286686 0.234539
vt 0.295125 0.236447
vt 0.289474 0.238234
vt 0.297750 0.239990
vt 0.292195 0.241913
vt 0.300323 0.243561
vt 0.294885 0.245610
vt 0.302948 0.247191
vt 0.297594 0.249366
vt 0.305654 0.250979
vt 0.300357 0.253272
vt 0.308428 0.255000
vt 0.303182 0.257389
vt 0.311127 0.259133
vt 0.305949 0.261615
vt 0.313631 0.263274
vt 0.308550 0.265861
vt 0.316130 0.267617
vt 0.311142 0.270280
vt 0.318861 0.272351
vt 0.313930 0.275029
vt 0.321828 0.277361
vt 0.316970 0.280076
vt 0.324969 0.282480
vt 0.320256 0.285332
vt 0.328242 0.287622
vt 0.323716 0.290652
vt 0.331604 0.292780
vt 0.327260 0.295906
vt 0.335045 0.297981
vt 0.330844 0.301173
vt 0.338559 0.303267
vt 0.334452 0.306516
vt 0.342160 0.308629
vt 0.338103 0.311944
vt 0.345870 0.314040
vt 0.341838 0.317427
vt 0.349742 0.319450
vt 0.345763 0.322888
vt 0.353807 0.324830
vt 0.349946 0.328272
vt 0.357989 0.330269
vt 0.354255 0.333711
vt 0.362214 0.335889
vt 0.358563 0.339377
vt 0.366493 0.341775
vt 0.362902 0.345343
vt 0.370875 0.348003
vt 0.367339 0.351648
vt 0.375443 0.354580
vt 0.371946 0.358296
vt 0.380284 0.361495
vt 0.376791 0.365281
vt 0.385472 0.368774
vt 0.381928 0.372605
vt 0.391084 0.376454
vt 0.387408 0.380263
vt 0.397230 0.384574
vt 0.393318 0.388211
vt 0.404123 0.393313
vt 0.399850 0.396600
vt 0.412629 0.403553
vt 0.408094 0.406689
vt 0.423864 0.416362
vt 0.419528 0.420159
vt 0.264139 0.087044
vt 0.256739 0.090948
vt 0.266716 0.113481
vt 0.259646 0.116500
vt 0.269201 0.135795
vt 0.262464 0.138539
vt 0.271595 0.154781
vt 0.265231 0.157552
vt 0.273972 0.170871
vt 0.267962 0.173637
vt 0.276254 0.182839
vt 0.270506 0.185475
vt 0.278401 0.190019
vt 0.272793 0.192397
vt 0.280534 0.194708
vt 0.275020 0.196777
vt 0.282701 0.199027
vt 0.277254 0.200808
vt 0.284922 0.203286
vt 0.279516 0.204842
vt 0.287202 0.207416
vt 0.281824 0.208841
vt 0.289572 0.211429
vt 0.284207 0.212795
vt 0.292066 0.215342
vt 0.286700 0.216690
vt 0.294701 0.219135
vt 0.289333 0.220504
vt 0.297473 0.222790
vt 0.292121 0.224216
vt 0.300316 0.226306
vt 0.295009 0.227813
vt 0.303127 0.229700
vt 0.297906 0.231300
vt 0.305727 0.233016
vt 0.300636 0.234716
vt 0.308028 0.236360
vt 0.303093 0.238150
vt 0.310261 0.239781
vt 0.305470 0.241639
vt 0.312635 0.243258
vt 0.307958 0.245184
vt 0.315102 0.246881
vt 0.310545 0.248880
vt 0.317582 0.250753
vt 0.313176 0.252820
vt 0.320060 0.254777
vt 0.315763 0.256891
vt 0.322540 0.258833
vt 0.318241 0.260979
vt 0.325106 0.263016
vt 0.320759 0.265247
vt 0.327843 0.267438
vt 0.323492 0.269858
vt 0.330712 0.272051
vt 0.326413 0.274708
vt 0.333658 0.276784
vt 0.329449 0.279628
vt 0.336696 0.281623
vt 0.332583 0.284612
vt 0.339854 0.286563
vt 0.335821 0.289651
vt 0.343127 0.291617
vt 0.339157 0.294773
vt 0.346504 0.296788
vt 0.342590 0.300002
vt 0.349984 0.302055
vt 0.346126 0.305318
vt 0.353575 0.307382
vt 0.349778 0.310685
vt 0.357290 0.312737
vt 0.353573 0.316066
vt 0.361139 0.318099
vt 0.357525 0.321440
vt 0.365102 0.323504
vt 0.361592 0.326865
vt 0.369161 0.329018
vt 0.365737 0.332430
vt 0.373318 0.334758
vt 0.369958 0.338241
vt 0.377630 0.340855
vt 0.374301 0.344406
vt 0.382169 0.347275
vt 0.378851 0.350914
vt 0.386987 0.353955
vt 0.383686 0.357726
vt 0.392196 0.361010
vt 0.388898 0.364913
vt 0.397966 0.368602
vt 0.394611 0.372577
vt 0.404447 0.376783
vt 0.400957 0.380781
vt 0.411799 0.385640
vt 0.408135 0.389676
vt 0.420481 0.395577
vt 0.416782 0.399856
vt 0.431037 0.407017
vt 0.427674 0.411986
vt 0.279987 0.080642
vt 0.271723 0.083341
vt 0.281699 0.110082
vt 0.273996 0.111044
vt 0.283300 0.133436
vt 0.276117 0.133841
vt 0.284773 0.152057
vt 0.278068 0.152744
vt 0.286247 0.166879
vt 0.280003 0.168508
vt 0.287831 0.177861
vt 0.281960 0.180243
vt 0.289594 0.185163
vt 0.283952 0.187558
vt 0.291527 0.190561
vt 0.286031 0.192599
vt 0.293532 0.195415
vt 0.288136 0.197194
vt 0.295597 0.199985
vt 0.290293 0.201647
vt 0.297724 0.204282
vt 0.292516 0.205903
vt 0.299949 0.208351
vt 0.294839 0.209980
vt 0.302307 0.212236
vt 0.297293 0.213900
vt 0.304801 0.215957
vt 0.299888 0.217660
vt 0.307393 0.219516
vt 0.302597 0.221253
vt 0.309925 0.222908
vt 0.305300 0.224689
vt 0.312283 0.226181
vt 0.307878 0.228010
vt 0.314520 0.229418
vt 0.310274 0.231273
vt 0.316710 0.232673
vt 0.312493 0.234556
vt 0.318935 0.235983
vt 0.314699 0.237908
vt 0.321248 0.239371
vt 0.317028 0.241324
vt 0.323610 0.242905
vt 0.319427 0.244888
vt 0.325981 0.246661
vt 0.321826 0.248698
vt 0.328375 0.250568
vt 0.324244 0.252670
vt 0.330809 0.254512
vt 0.326711 0.256678
vt 0.333312 0.258502
vt 0.329271 0.260762
vt 0.335909 0.262579
vt 0.331960 0.264996
vt 0.338595 0.266819
vt 0.334752 0.269386
vt 0.341384 0.271279
vt 0.337611 0.273958
vt 0.344320 0.275956
vt 0.340580 0.278694
vt 0.347425 0.280799
vt 0.343695 0.283576
vt 0.350664 0.285762
vt 0.346940 0.288586
vt 0.353991 0.290799
vt 0.350289 0.293697
vt 0.357394 0.295910
vt 0.353732 0.298895
vt 0.360876 0.301100
vt 0.357268 0.304166
vt 0.364448 0.306359
vt 0.360909 0.309485
vt 0.368121 0.311677
vt 0.364665 0.314831
vt 0.371900 0.317048
vt 0.368531 0.320220
vt 0.375789 0.322486
vt 0.372503 0.325692
vt 0.379816 0.328083
vt 0.376595 0.331359
vt 0.384053 0.333962
vt 0.380873 0.337358
vt 0.388539 0.340108
vt 0.385392 0.343654
vt 0.393292 0.346479
vt 0.390181 0.350179
vt 0.398436 0.353216
vt 0.395363 0.357078
vt 0.404187 0.360511
vt 0.401145 0.364548
vt 0.410723 0.368398
vt 0.407689 0.372621
vt 0.418204 0.376887
vt 0.415139 0.381327
vt 0.426929 0.386128
vt 0.423843 0.390924
vt 0.437222 0.396287
vt 0.434213 0.401691
vt 0.298945 0.080398
vt 0.289289 0.079626
vt 0.298196 0.114612
vt 0.289975 0.111317
vt 0.298040 0.138150
vt 0.290767 0.135112
vt 0.298321 0.154213
vt 0.291654 0.152854
vt 0.299090 0.165597
vt 0.292751 0.166088
vt 0.300082 0.174052
vt 0.293978 0.175785
vt 0.301245 0.180993
vt 0.295413 0.182923
vt 0.302612 0.186985
vt 0.297064 0.188672
vt 0.304207 0.192211
vt 0.298886 0.193754
vt 0.305953 0.196747
vt 0.300816 0.198347
vt 0.307795 0.200711
vt 0.302810 0.202533
vt 0.309748 0.204368
vt 0.304898 0.206450
vt 0.311828 0.207955
vt 0.307114 0.210221
vt 0.314013 0.211548
vt 0.309454 0.213894
vt 0.316262 0.215152
vt 0.311876 0.217474
vt 0.318499 0.218658
vt 0.314250 0.220901
vt 0.320689 0.222018
vt 0.316498 0.224185
vt 0.322865 0.225301
vt 0.318684 0.227426
vt 0.325058 0.228570
vt 0.320876 0.230678
vt 0.327295 0.231892
vt 0.323111 0.233986
vt 0.329586 0.235321
vt 0.325409 0.237388
vt 0.331921 0.238876
vt 0.327749 0.240926
vt 0.334283 0.242562
vt 0.330113 0.244640
vt 0.336637 0.246343
vt 0.332490 0.248477
vt 0.338959 0.250167
vt 0.334873 0.252354
vt 0.341281 0.254036
vt 0.337289 0.256271
vt 0.343664 0.257986
vt 0.339773 0.260259
vt 0.346197 0.262098
vt 0.342367 0.264398
vt 0.348987 0.266485
vt 0.345134 0.268812
vt 0.351995 0.271108
vt 0.348096 0.273467
vt 0.355100 0.275852
vt 0.351209 0.278267
vt 0.358254 0.280671
vt 0.354422 0.283162
vt 0.361444 0.285549
vt 0.357694 0.288112
vt 0.364684 0.290477
vt 0.361029 0.293126
vt 0.368003 0.295479
vt 0.364441 0.298218
vt 0.371415 0.300574
vt 0.367940 0.303396
vt 0.374934 0.305786
vt 0.371535 0.308665
vt 0.378568 0.311099
vt 0.375236 0.314010
vt 0.382321 0.316485
vt 0.379052 0.319419
vt 0.386231 0.321977
vt 0.383017 0.324956
vt 0.390363 0.327639
vt 0.387204 0.330712
vt 0.394752 0.333508
vt 0.391645 0.336707
vt 0.399428 0.339613
vt 0.396361 0.342940
vt 0.404480 0.346026
vt 0.401465 0.349519
vt 0.410058 0.352851
vt 0.407146 0.356592
vt 0.416396 0.360196
vt 0.413605 0.364223
vt 0.423799 0.368177
vt 0.421063 0.372465
vt 0.432528 0.376818
vt 0.429794 0.381390
vt 0.442753 0.386095
vt 0.440043 0.391067
vt 0.317685 0.085048
vt 0.308291 0.082561
vt 0.313741 0.121666
vt 0.305959 0.119054
vt 0.311628 0.142657
vt 0.304833 0.141377
vt 0.310838 0.154727
vt 0.304547 0.155042
vt 0.310946 0.163771
vt 0.305020 0.164859
vt 0.311592 0.171407
vt 0.305888 0.172627
vt 0.312474 0.178217
vt 0.306935 0.179457
vt 0.313493 0.184214
vt 0.308125 0.185517
vt 0.314618 0.189316
vt 0.309489 0.190765
vt 0.315929 0.193491
vt 0.311004 0.195166
vt 0.317500 0.196842
vt 0.312690 0.198848
vt 0.319312 0.199879
vt 0.314543 0.202198
vt 0.321260 0.203019
vt 0.316530 0.205566
vt 0.323281 0.206352
vt 0.318606 0.209037
vt 0.325329 0.209866
vt 0.320730 0.212619
vt 0.327368 0.213486
vt 0.322859 0.216197
vt 0.329385 0.217117
vt 0.324977 0.219684
vt 0.331426 0.220633
vt 0.327110 0.223052
vt 0.333566 0.223995
vt 0.329286 0.226350
vt 0.335812 0.227357
vt 0.331524 0.229686
vt 0.338133 0.230815
vt 0.333824 0.233130
vt 0.340492 0.234384
vt 0.336167 0.236692
vt 0.342846 0.238063
vt 0.338529 0.240365
vt 0.345133 0.241822
vt 0.340856 0.244119
vt 0.347317 0.245621
vt 0.343111 0.247913
vt 0.349490 0.249457
vt 0.345352 0.251756
vt 0.351787 0.253404
vt 0.347675 0.255704
vt 0.354306 0.257536
vt 0.350189 0.259827
vt 0.357101 0.261887
vt 0.352992 0.264196
vt 0.360074 0.266419
vt 0.355999 0.268773
vt 0.363090 0.271059
vt 0.359066 0.273460
vt 0.366103 0.275776
vt 0.362148 0.278221
vt 0.369101 0.280551
vt 0.365242 0.283035
vt 0.372122 0.285387
vt 0.368375 0.287904
vt 0.375207 0.290285
vt 0.371584 0.292840
vt 0.378409 0.295270
vt 0.374896 0.297868
vt 0.381784 0.300394
vt 0.378340 0.303029
vt 0.385324 0.305657
vt 0.381920 0.308311
vt 0.388992 0.311018
vt 0.385622 0.313678
vt 0.392823 0.316482
vt 0.389485 0.319148
vt 0.396876 0.322073
vt 0.393573 0.324760
vt 0.401173 0.327805
vt 0.397915 0.330545
vt 0.405723 0.333683
vt 0.402537 0.336527
vt 0.410588 0.339757
vt 0.407508 0.342762
vt 0.415899 0.346114
vt 0.412959 0.349339
vt 0.421966 0.352918
vt 0.419163 0.356402
vt 0.429225 0.360382
vt 0.426500 0.364124
vt 0.437918 0.368465
vt 0.435221 0.372488
vt 0.448100 0.377024
vt 0.445430 0.381401
vt 0.336716 0.087885
vt 0.327479 0.086875
vt 0.330744 0.116272
vt 0.322194 0.120124
vt 0.327033 0.135671
vt 0.319153 0.140360
vt 0.324975 0.149056
vt 0.317759 0.152789
vt 0.323813 0.159324
vt 0.317290 0.162231
vt 0.323287 0.167637
vt 0.317406 0.170106
vt 0.323272 0.174606
vt 0.317881 0.176957
vt 0.323677 0.180390
vt 0.318614 0.182822
vt 0.324419 0.185053
vt 0.319539 0.187661
vt 0.325533 0.188671
vt 0.320718 0.191497
vt 0.327109 0.191491
vt 0.322260 0.194515
vt 0.329019 0.194101
vt 0.324103 0.197272
vt 0.331019 0.196958
vt 0.326071 0.200210
vt 0.333037 0.200114
vt 0.328082 0.203413
vt 0.335037 0.203529
vt 0.330091 0.206857
vt 0.336964 0.207183
vt 0.332057 0.210495
vt 0.338789 0.211023
vt 0.333964 0.214242
vt 0.340609 0.214879
vt 0.335898 0.217918
vt 0.342553 0.218617
vt 0.337971 0.221427
vt 0.344683 0.222240
vt 0.340203 0.224874
vt 0.347026 0.225797
vt 0.342541 0.228369
vt 0.349442 0.229407
vt 0.344916 0.231958
vt 0.351770 0.233150
vt 0.347250 0.235664
vt 0.353940 0.237004
vt 0.349481 0.239461
vt 0.355965 0.240913
vt 0.351584 0.243304
vt 0.357983 0.244828
vt 0.353684 0.247162
vt 0.360162 0.248772
vt 0.355945 0.251100
vt 0.362622 0.252847
vt 0.358452 0.255211
vt 0.365401 0.257126
vt 0.361236 0.259532
vt 0.368368 0.261585
vt 0.364191 0.264027
vt 0.371336 0.266161
vt 0.367173 0.268631
vt 0.374249 0.270831
vt 0.370130 0.273321
vt 0.377093 0.275586
vt 0.373043 0.278076
vt 0.379901 0.280423
vt 0.375955 0.282905
vt 0.382731 0.285331
vt 0.378909 0.287794
vt 0.385706 0.290316
vt 0.381996 0.292763
vt 0.388973 0.295444
vt 0.385310 0.297874
vt 0.392480 0.300724
vt 0.388831 0.303138
vt 0.396136 0.306125
vt 0.392486 0.308509
vt 0.399947 0.311633
vt 0.396300 0.313983
vt 0.403945 0.317246
vt 0.400324 0.319575
vt 0.408127 0.322951
vt 0.404560 0.325274
vt 0.412499 0.328737
vt 0.409019 0.331077
vt 0.417121 0.334631
vt 0.413768 0.337036
vt 0.422125 0.340686
vt 0.418936 0.343220
vt 0.427895 0.347064
vt 0.424864 0.349799
vt 0.434965 0.354028
vt 0.432030 0.357008
vt 0.443544 0.361534
vt 0.440665 0.364799
vt 0.453581 0.369382
vt 0.450793 0.373007
vt 0.351039 0.086647
vt 0.344378 0.087943
vt 0.345335 0.107850
vt 0.338390 0.112264
vt 0.341383 0.123928
vt 0.334417 0.130098
vt 0.338686 0.136647
vt 0.331916 0.143452
vt 0.336755 0.147523
vt 0.330254 0.154210
vt 0.335520 0.156678
vt 0.329264 0.163013
vt 0.334975 0.164042
vt 0.328902 0.170188
vt 0.334997 0.169985
vt 0.329061 0.176029
vt 0.335495 0.174883
vt 0.329653 0.180763
vt 0.336496 0.178849
vt 0.330713 0.184468
vt 0.338043 0.182074
vt 0.332315 0.187361
vt 0.339914 0.185099
vt 0.334256 0.190062
vt 0.341822 0.188356
vt 0.336232 0.193046
vt 0.343740 0.191851
vt 0.338206 0.196320
vt 0.345688 0.195518
vt 0.340194 0.199800
vt 0.347593 0.199379
vt 0.342119 0.203508
vt 0.349372 0.203461
vt 0.343905 0.207451
vt 0.350994 0.207741
vt 0.345601 0.211521
vt 0.352510 0.212120
vt 0.347315 0.215580
vt 0.354268 0.216280
vt 0.349254 0.219456
vt 0.356566 0.220061
vt 0.351592 0.223094
vt 0.359117 0.223752
vt 0.354094 0.226718
vt 0.361456 0.227615
vt 0.356449 0.230494
vt 0.363528 0.231639
vt 0.358583 0.234414
vt 0.365369 0.235757
vt 0.360523 0.238413
vt 0.367140 0.239875
vt 0.362427 0.242411
vt 0.369037 0.243943
vt 0.364484 0.246396
vt 0.371287 0.247982
vt 0.366859 0.250439
vt 0.374043 0.252143
vt 0.369636 0.254664
vt 0.377069 0.256503
vt 0.372638 0.259083
vt 0.380035 0.261013
vt 0.375610 0.263630
vt 0.382863 0.265656
vt 0.378486 0.268286
vt 0.385568 0.270433
vt 0.381264 0.273048
vt 0.388199 0.275332
vt 0.383983 0.277910
vt 0.390839 0.280339
vt 0.386708 0.282859
vt 0.393652 0.285446
vt 0.389594 0.287893
vt 0.396806 0.290683
vt 0.392805 0.293060
vt 0.400274 0.296078
vt 0.396293 0.298382
vt 0.403965 0.301618
vt 0.399958 0.303837
vt 0.407847 0.307289
vt 0.403786 0.309407
vt 0.411895 0.313073
vt 0.407784 0.315082
vt 0.416068 0.318942
vt 0.411937 0.320842
vt 0.420334 0.324864
vt 0.416240 0.326667
vt 0.424699 0.330821
vt 0.420727 0.332559
vt 0.429284 0.336791
vt 0.425526 0.338534
vt 0.434679 0.342868
vt 0.431107 0.344733
vt 0.441638 0.349406
vt 0.438101 0.351471
vt 0.450207 0.356398
vt 0.446662 0.358712
vt 0.460016 0.363566
vt 0.456609 0.366221
vt 0.363484 0.080139
vt 0.357375 0.083838
vt 0.358707 0.096399
vt 0.352096 0.102425
vt 0.355057 0.110062
vt 0.348251 0.117194
vt 0.352321 0.121828
vt 0.345479 0.129427
vt 0.350306 0.132261
vt 0.343447 0.140185
vt 0.348995 0.141270
vt 0.342131 0.149369
vt 0.348386 0.148737
vt 0.341519 0.156791
vt 0.348413 0.154820
vt 0.341504 0.162791
vt 0.349004 0.159771
vt 0.341993 0.167767
vt 0.350026 0.164086
vt 0.342951 0.171987
vt 0.351340 0.168198
vt 0.344349 0.175706
vt 0.352933 0.172168
vt 0.346059 0.179217
vt 0.354792 0.176045
vt 0.347928 0.182771
vt 0.356689 0.180104
vt 0.349837 0.186507
vt 0.358406 0.184545
vt 0.351692 0.190497
vt 0.360054 0.189173
vt 0.353502 0.194669
vt 0.361772 0.193788
vt 0.355280 0.198956
vt 0.363466 0.198458
vt 0.356933 0.203404
vt 0.365055 0.203228
vt 0.358432 0.207995
vt 0.366776 0.207872
vt 0.360129 0.212403
vt 0.368854 0.212231
vt 0.362350 0.216429
vt 0.371036 0.216503
vt 0.364765 0.220351
vt 0.373009 0.220874
vt 0.366973 0.224414
vt 0.374752 0.225325
vt 0.368905 0.228617
vt 0.376334 0.229787
vt 0.370623 0.232893
vt 0.377877 0.234188
vt 0.372263 0.237155
vt 0.379530 0.238473
vt 0.374001 0.241341
vt 0.381498 0.242623
vt 0.376090 0.245424
vt 0.383961 0.246719
vt 0.378763 0.249527
vt 0.386712 0.250944
vt 0.381739 0.253810
vt 0.389477 0.255371
vt 0.384650 0.258278
vt 0.392130 0.260002
vt 0.387400 0.262907
vt 0.394616 0.264840
vt 0.390011 0.267709
vt 0.397022 0.269861
vt 0.392543 0.272661
vt 0.399483 0.275041
vt 0.395100 0.277743
vt 0.402167 0.280360
vt 0.397852 0.282945
vt 0.405245 0.285834
vt 0.400952 0.288281
vt 0.408750 0.291487
vt 0.404417 0.293784
vt 0.412657 0.297331
vt 0.408175 0.299450
vt 0.416891 0.303354
vt 0.412176 0.305269
vt 0.421328 0.309522
vt 0.416357 0.311215
vt 0.425772 0.315776
vt 0.420625 0.317250
vt 0.430058 0.322039
vt 0.424895 0.323322
vt 0.434308 0.328281
vt 0.429171 0.329404
vt 0.438800 0.334487
vt 0.433602 0.335458
vt 0.444190 0.340644
vt 0.438883 0.341509
vt 0.451233 0.346955
vt 0.445864 0.347892
vt 0.459661 0.353471
vt 0.454425 0.354644
vt 0.468825 0.359938
vt 0.463996 0.361467
vt 0.374608 0.072419
vt 0.369250 0.076273
vt 0.371059 0.084294
vt 0.365039 0.090349
vt 0.368307 0.095013
vt 0.361746 0.102686
vt 0.366224 0.104802
vt 0.359224 0.113653
vt 0.364705 0.113815
vt 0.357353 0.123533
vt 0.363691 0.122146
vt 0.356110 0.132327
vt 0.363173 0.129756
vt 0.355501 0.139959
vt 0.363312 0.136164
vt 0.355566 0.146222
vt 0.364274 0.141126
vt 0.356345 0.151096
vt 0.365836 0.145325
vt 0.357624 0.155291
vt 0.367665 0.149445
vt 0.359118 0.159455
vt 0.369643 0.153694
vt 0.360802 0.163656
vt 0.371681 0.158188
vt 0.362676 0.167896
vt 0.373580 0.163110
vt 0.364507 0.172421
vt 0.375166 0.168565
vt 0.366085 0.177404
vt 0.376500 0.174365
vt 0.367548 0.182593
vt 0.377714 0.180278
vt 0.369081 0.187730
vt 0.378952 0.186127
vt 0.370670 0.192819
vt 0.380347 0.191785
vt 0.372280 0.197886
vt 0.381954 0.197192
vt 0.374010 0.202825
vt 0.383761 0.202347
vt 0.375934 0.207567
vt 0.385533 0.207429
vt 0.377864 0.212247
vt 0.387055 0.212566
vt 0.379594 0.216982
vt 0.388451 0.217614
vt 0.381141 0.221722
vt 0.389924 0.222415
vt 0.382601 0.226383
vt 0.391621 0.226930
vt 0.384130 0.230882
vt 0.393606 0.231211
vt 0.385872 0.235194
vt 0.395599 0.235454
vt 0.387814 0.239402
vt 0.397331 0.239797
vt 0.389902 0.243588
vt 0.399054 0.244200
vt 0.392188 0.247836
vt 0.401038 0.248681
vt 0.394669 0.252236
vt 0.403043 0.253395
vt 0.397160 0.256878
vt 0.404822 0.258419
vt 0.399454 0.261775
vt 0.406679 0.263682
vt 0.401678 0.266892
vt 0.408956 0.269145
vt 0.404025 0.272197
vt 0.411676 0.274831
vt 0.406651 0.277668
vt 0.414838 0.280750
vt 0.409746 0.283325
vt 0.418617 0.286901
vt 0.413363 0.289184
vt 0.423200 0.293293
vt 0.417550 0.295266
vt 0.428389 0.299918
vt 0.422180 0.301558
vt 0.433817 0.306719
vt 0.427032 0.308011
vt 0.438997 0.313589
vt 0.431747 0.314540
vt 0.443600 0.320397
vt 0.436067 0.321037
vt 0.448242 0.327075
vt 0.440405 0.327460
vt 0.453687 0.333680
vt 0.445328 0.333846
vt 0.459915 0.340205
vt 0.451175 0.340199
vt 0.466728 0.346531
vt 0.458234 0.346526
vt 0.473993 0.352590
vt 0.466242 0.352817
vt 0.481588 0.358308
vt 0.474753 0.358919
vt 0.383971 0.064333
vt 0.379517 0.068543
vt 0.382169 0.071591
vt 0.376766 0.078099
vt 0.381055 0.078453
vt 0.374742 0.086953
vt 0.380519 0.084963
vt 0.373325 0.095229
vt 0.380505 0.091073
vt 0.372422 0.102972
vt 0.380937 0.096897
vt 0.371951 0.110309
vt 0.381725 0.102575
vt 0.371868 0.117278
vt 0.382763 0.108215
vt 0.372281 0.123559
vt 0.384017 0.113809
vt 0.373324 0.128921
vt 0.385769 0.118954
vt 0.374956 0.133591
vt 0.388295 0.123353
vt 0.377069 0.137879
vt 0.391468 0.127348
vt 0.379499 0.142099
vt 0.395026 0.131400
vt 0.382047 0.146552
vt 0.398574 0.135932
vt 0.384448 0.151506
vt 0.401665 0.141300
vt 0.386435 0.157151
vt 0.403919 0.147735
vt 0.387870 0.163491
vt 0.405153 0.155226
vt 0.388746 0.170385
vt 0.405903 0.163081
vt 0.389430 0.177365
vt 0.406830 0.170616
vt 0.390336 0.184007
vt 0.408324 0.177496
vt 0.391672 0.190131
vt 0.410518 0.183657
vt 0.393483 0.195730
vt 0.412713 0.189671
vt 0.395306 0.201195
vt 0.414228 0.195974
vt 0.396713 0.206797
vt 0.415448 0.202147
vt 0.398041 0.212208
vt 0.416900 0.207763
vt 0.399727 0.217121
vt 0.418514 0.212926
vt 0.401759 0.221635
vt 0.420084 0.217835
vt 0.403962 0.225940
vt 0.421505 0.222614
vt 0.405986 0.230256
vt 0.422669 0.227384
vt 0.407530 0.234739
vt 0.423348 0.232328
vt 0.408766 0.239366
vt 0.423300 0.237622
vt 0.409898 0.244134
vt 0.422361 0.243404
vt 0.410772 0.249177
vt 0.420796 0.249623
vt 0.411360 0.254558
vt 0.420399 0.255761
vt 0.412456 0.260093
vt 0.422677 0.261753
vt 0.414765 0.265750
vt 0.426498 0.268087
vt 0.417908 0.271713
vt 0.430354 0.275043
vt 0.421262 0.278038
vt 0.434849 0.282367
vt 0.425235 0.284634
vt 0.440884 0.289853
vt 0.430337 0.291452
vt 0.447806 0.297519
vt 0.436242 0.298502
vt 0.454597 0.305320
vt 0.442368 0.305730
vt 0.460920 0.313127
vt 0.448237 0.313024
vt 0.466681 0.320794
vt 0.453546 0.320242
vt 0.472006 0.328194
vt 0.458719 0.327290
vt 0.477083 0.335225
vt 0.464307 0.334147
vt 0.482019 0.341806
vt 0.470246 0.340757
vt 0.486896 0.347863
vt 0.476332 0.346990
vt 0.491806 0.353345
vt 0.482567 0.352778
vt 0.496836 0.358217
vt 0.489004 0.358074
vt 0.391906 0.053481
vt 0.388024 0.059434
vt 0.392492 0.056269
vt 0.387328 0.064514
vt 0.393672 0.059079
vt 0.387278 0.069377
vt 0.395476 0.061729
vt 0.387813 0.073975
vt 0.397949 0.064084
vt 0.388937 0.078208
vt 0.401073 0.066202
vt 0.390606 0.082176
vt 0.404720 0.068286
vt 0.392696 0.086088
vt 0.408387 0.071005
vt 0.394849 0.090435
vt 0.411728 0.074781
vt 0.396841 0.095477
vt 0.415428 0.078669
vt 0.399231 0.100393
vt 0.420261 0.081738
vt 0.402631 0.104428
vt 0.426251 0.084301
vt 0.407023 0.107825
vt 0.433263 0.086850
vt 0.412187 0.111114
vt 0.441030 0.089560
vt 0.417662 0.114765
vt 0.449064 0.092666
vt 0.422873 0.119210
vt 0.456252 0.097141
vt 0.427244 0.124900
vt 0.461682 0.103702
vt 0.430354 0.132019
vt 0.465987 0.111434
vt 0.432747 0.139821
vt 0.470125 0.119312
vt 0.435126 0.147555
vt 0.474411 0.127012
vt 0.437856 0.154877
vt 0.478843 0.134510
vt 0.441036 0.161711
vt 0.482742 0.142259
vt 0.443969 0.168571
vt 0.485248 0.150718
vt 0.445894 0.175900
vt 0.485570 0.160089
vt 0.446714 0.183514
vt 0.483341 0.170240
vt 0.446582 0.191097
vt 0.479708 0.180264
vt 0.445891 0.198364
vt 0.476103 0.189317
vt 0.445093 0.205096
vt 0.473568 0.197049
vt 0.444659 0.211173
vt 0.472604 0.203491
vt 0.444802 0.216654
vt 0.472011 0.209472
vt 0.444708 0.222095
vt 0.470289 0.215855
vt 0.443395 0.228059
vt 0.466460 0.223291
vt 0.440303 0.234913
vt 0.460758 0.231885
vt 0.435784 0.242554
vt 0.457668 0.240191
vt 0.433190 0.249828
vt 0.460999 0.247477
vt 0.435351 0.256436
vt 0.467627 0.255616
vt 0.440117 0.263389
vt 0.473481 0.265972
vt 0.444900 0.271425
vt 0.479144 0.277139
vt 0.450385 0.280000
vt 0.486154 0.287614
vt 0.457771 0.288569
vt 0.493139 0.297491
vt 0.465820 0.297176
vt 0.498194 0.306943
vt 0.472817 0.305766
vt 0.501606 0.315846
vt 0.478654 0.314158
vt 0.504191 0.324140
vt 0.483659 0.322202
vt 0.506203 0.331790
vt 0.487964 0.329788
vt 0.507770 0.338759
vt 0.491688 0.336823
vt 0.509102 0.345036
vt 0.495061 0.343260
vt 0.510409 0.350633
vt 0.498324 0.349080
vt 0.511786 0.355542
vt 0.501598 0.354255
vt 0.513276 0.359741
vt 0.504957 0.358755
vt 0.025209 0.189350
vt 0.015223 0.185344
vt 0.027885 0.194153
vt 0.014029 0.189057
vt 0.913599 0.362379
vt 0.916630 0.364472
vt 0.031093 0.200036
vt 0.013246 0.194284
vt 0.034184 0.206423
vt 0.012992 0.200665
vt 0.920950 0.366940
vt 0.926212 0.369902
vt 0.036486 0.212975
vt 0.013142 0.207874
vt 0.038109 0.219666
vt 0.013286 0.215581
vt 0.932084 0.373486
vt 0.938061 0.377883
vt 0.039268 0.226402
vt 0.012947 0.223400
vt 0.039825 0.233136
vt 0.011624 0.231221
vt 0.943569 0.383122
vt 0.948092 0.389482
vt 0.039618 0.239851
vt 0.009069 0.239149
vt 0.039155 0.246605
vt 0.005314 0.247254
vt 0.951236 0.397070
vt 0.953061 0.405628
vt 0.039327 0.253383
vt 0.001399 0.255521
vt 0.042319 0.259956
vt 0.001272 0.263606
vt 0.954358 0.414381
vt 0.958280 0.420952
vt 0.049028 0.265948
vt 0.007735 0.271146
vt 0.055009 0.271906
vt 0.015553 0.278478
vt 0.967052 0.424180
vt 0.976977 0.427131
vt 0.056389 0.279182
vt 0.019563 0.286742
vt 0.054663 0.288083
vt 0.020844 0.296298
vt 0.983782 0.432911
vt 0.987976 0.440916
vt 0.052264 0.297890
vt 0.021227 0.306726
vt 0.049983 0.308296
vt 0.021208 0.317828
vt 0.991065 0.449812
vt 0.993320 0.459276
vt 0.048228 0.319052
vt 0.021048 0.329441
vt 0.047339 0.329915
vt 0.021618 0.341051
vt 0.994862 0.469077
vt 0.996361 0.478688
vt 0.047404 0.340714
vt 0.023388 0.352241
vt 0.047639 0.351810
vt 0.024823 0.363845
vt 0.998235 0.487836
vt 0.999192 0.497287
vt 0.047453 0.363658
vt 0.024788 0.376819
vt 0.047759 0.375759
vt 0.025120 0.390058
vt 0.998123 0.507616
vt 0.996580 0.517974
vt 0.049530 0.387287
vt 0.027678 0.401970
vt 0.052658 0.398082
vt 0.032206 0.412493
vt 0.996378 0.527543
vt 0.997463 0.536479
vt 0.056687 0.408330
vt 0.037819 0.422174
vt 0.060815 0.418616
vt 0.043053 0.432215
vt 0.999111 0.545155
vt 0.999890 0.554097
vt 0.064458 0.429516
vt 0.046869 0.443740
vt 0.067982 0.440849
vt 0.049939 0.456382
vt 0.998562 0.563652
vt 0.995613 0.573587
vt 0.071950 0.452110
vt 0.053225 0.469257
vt 0.076976 0.462540
vt 0.057622 0.481243
vt 0.992029 0.583575
vt 0.988957 0.593330
vt 0.083540 0.471396
vt 0.063844 0.491301
vt 0.091727 0.478415
vt 0.072072 0.499148
vt 0.987450 0.602739
vt 0.987927 0.611958
vt 0.101310 0.483667
vt 0.082289 0.504903
vt 0.111307 0.488313
vt 0.093198 0.510012
vt 0.990190 0.621305
vt 0.992699 0.630970
vt 0.120867 0.493602
vt 0.103619 0.515976
vt 0.129844 0.499839
vt 0.113534 0.522797
vt 0.993806 0.640936
vt 0.993466 0.651010
vt 0.138202 0.507152
vt 0.123209 0.530042
vt 0.145679 0.515883
vt 0.132390 0.537944
vt 0.991952 0.660990
vt 0.989184 0.670695
vt 0.152159 0.526205
vt 0.140992 0.546564
vt 0.158351 0.536975
vt 0.149320 0.555152
vt 0.984978 0.679847
vt 0.980021 0.688348
vt 0.164792 0.546711
vt 0.157522 0.562784
vt 0.171201 0.554757
vt 0.165307 0.568901
vt 0.975118 0.696156
vt 0.970774 0.703091
vt 0.177175 0.560943
vt 0.172369 0.573288
vt 0.182552 0.565752
vt 0.178622 0.576398
vt 0.967307 0.709072
vt 0.964518 0.714212
vt 0.187236 0.569718
vt 0.184032 0.578730
vt 0.191192 0.573070
vt 0.188602 0.580503
vt 0.962114 0.718540
vt 0.960076 0.722125
vt 0.194400 0.575930
vt 0.192334 0.581842
vt 0.958384 0.725007
vt 0.033762 0.191318
vt 0.039704 0.197242
vt 0.045750 0.203705
vt 0.051254 0.210190
vt 0.055521 0.216438
vt 0.058731 0.222538
vt 0.061198 0.228517
vt 0.063074 0.234402
vt 0.064518 0.240223
vt 0.065943 0.245996
vt 0.067887 0.251671
vt 0.071111 0.257104
vt 0.075705 0.262176
vt 0.079160 0.267365
vt 0.079443 0.273812
vt 0.077535 0.281753
vt 0.074876 0.290748
vt 0.072192 0.300427
vt 0.069990 0.310455
vt 0.068445 0.320696
vt 0.067565 0.331100
vt 0.067082 0.341794
vt 0.066794 0.352908
vt 0.067084 0.364181
vt 0.068370 0.375239
vt 0.070629 0.385958
vt 0.073662 0.396353
vt 0.077086 0.406653
vt 0.080614 0.417088
vt 0.084430 0.427516
vt 0.088841 0.437624
vt 0.094218 0.446921
vt 0.100854 0.454914
vt 0.108776 0.461382
vt 0.117786 0.466316
vt 0.127236 0.470405
vt 0.136496 0.474534
vt 0.145093 0.479581
vt 0.152652 0.486378
vt 0.158757 0.495615
vt 0.163281 0.507614
vt 0.167448 0.520608
vt 0.172283 0.532288
vt 0.177474 0.541964
vt 0.182488 0.549658
vt 0.187085 0.555925
vt 0.191107 0.561348
vt 0.194489 0.566155
vt 0.197194 0.570463
vt 0.508142 0.478851
vt 0.499414 0.476015
vt 0.511281 0.482033
vt 0.499364 0.478247
vt 0.395961 0.045863
vt 0.398034 0.046192
vt 0.514120 0.485771
vt 0.499274 0.481172
vt 0.516657 0.489982
vt 0.499320 0.484773
vt 0.400725 0.046742
vt 0.404051 0.047397
vt 0.518966 0.494601
vt 0.499667 0.489013
vt 0.521238 0.499601
vt 0.500400 0.493856
vt 0.408010 0.048079
vt 0.412613 0.048733
vt 0.523587 0.504926
vt 0.501442 0.499208
vt 0.525716 0.510466
vt 0.502154 0.504816
vt 0.417776 0.049454
vt 0.423064 0.050775
vt 0.527482 0.516199
vt 0.502123 0.510575
vt 0.529723 0.522312
vt 0.502415 0.516810
vt 0.428178 0.053036
vt 0.433759 0.055419
vt 0.533126 0.528894
vt 0.504087 0.523752
vt 0.536869 0.535870
vt 0.506649 0.531372
vt 0.440508 0.057191
vt 0.448274 0.058910
vt 0.540274 0.543267
vt 0.509574 0.539700
vt 0.544554 0.551003
vt 0.513636 0.548607
vt 0.456816 0.061185
vt 0.466442 0.063435
vt 0.550317 0.558726
vt 0.519111 0.557700
vt 0.554273 0.566317
vt 0.523092 0.566668
vt 0.477084 0.065357
vt 0.486497 0.069017
vt 0.553575 0.574302
vt 0.523190 0.575812
vt 0.550449 0.582893
vt 0.521187 0.585646
vt 0.492652 0.076116
vt 0.496875 0.085221
vt 0.547992 0.591842
vt 0.519816 0.595785
vt 0.547237 0.600811
vt 0.519854 0.605885
vt 0.501049 0.094351
vt 0.505732 0.102961
vt 0.548235 0.609526
vt 0.521228 0.615721
vt 0.549480 0.618150
vt 0.522646 0.625495
vt 0.510911 0.111058
vt 0.515588 0.119379
vt 0.549334 0.627117
vt 0.522688 0.635653
vt 0.547071 0.636707
vt 0.520345 0.646572
vt 0.518527 0.128677
vt 0.518744 0.139284
vt 0.542569 0.647083
vt 0.515240 0.658474
vt 0.537344 0.657797
vt 0.509051 0.670672
vt 0.515823 0.151063
vt 0.511283 0.162797
vt 0.533109 0.668043
vt 0.503681 0.682157
vt 0.530648 0.677290
vt 0.500252 0.692305
vt 0.506950 0.173359
vt 0.503954 0.182328
vt 0.530320 0.685216
vt 0.499319 0.700789
vt 0.531770 0.691883
vt 0.499812 0.708195
vt 0.502886 0.189687
vt 0.502877 0.196119
vt 0.534459 0.697558
vt 0.500370 0.715410
vt 0.537897 0.702719
vt 0.500058 0.723387
vt 0.502747 0.202366
vt 0.501612 0.209102
vt 0.542179 0.707736
vt 0.499146 0.732554
vt 0.549695 0.712161
vt 0.502142 0.740905
vt 0.499639 0.216616
vt 0.500843 0.224027
vt 0.561824 0.716062
vt 0.512646 0.746977
vt 0.574616 0.722866
vt 0.526265 0.754411
vt 0.508645 0.231367
vt 0.518829 0.241465
vt 0.584394 0.735399
vt 0.538271 0.766646
vt 0.591166 0.750427
vt 0.548947 0.780169
vt 0.525490 0.256061
vt 0.528950 0.271964
vt 0.595132 0.764143
vt 0.558341 0.791240
vt 0.596886 0.776642
vt 0.566097 0.800562
vt 0.531206 0.285724
vt 0.532120 0.297430
vt 0.597378 0.788653
vt 0.572130 0.809584
vt 0.597854 0.799770
vt 0.577332 0.818048
vt 0.531135 0.307860
vt 0.529250 0.317268
vt 0.599357 0.809322
vt 0.582576 0.825347
vt 0.601669 0.817393
vt 0.587801 0.831514
vt 0.527602 0.325870
vt 0.526243 0.333710
vt 0.604298 0.824305
vt 0.592767 0.836743
vt 0.606985 0.830231
vt 0.597392 0.841111
vt 0.524998 0.340761
vt 0.523881 0.347027
vt 0.609547 0.835302
vt 0.601635 0.844666
vt 0.611875 0.839605
vt 0.605446 0.847467
vt 0.522945 0.352528
vt 0.522217 0.357272
vt 0.613870 0.843219
vt 0.608761 0.849583
vt 0.521702 0.361251
vt 0.515435 0.480508
vt 0.521895 0.484787
vt 0.527518 0.489335
vt 0.532259 0.494070
vt 0.536153 0.498965
vt 0.539547 0.504037
vt 0.542735 0.509284
vt 0.545571 0.514665
vt 0.548034 0.520196
vt 0.550993 0.526014
vt 0.555104 0.532146
vt 0.559408 0.538499
vt 0.563014 0.545103
vt 0.566602 0.551904
vt 0.570553 0.558702
vt 0.572759 0.565557
vt 0.571391 0.572953
vt 0.568210 0.580969
vt 0.565668 0.589307
vt 0.564650 0.597663
vt 0.565263 0.605801
vt 0.566232 0.613854
vt 0.566162 0.622175
vt 0.564557 0.630939
vt 0.561416 0.640208
vt 0.557915 0.649643
vt 0.555366 0.658698
vt 0.554257 0.667034
vt 0.554793 0.674415
vt 0.556963 0.680722
vt 0.560653 0.685978
vt 0.565543 0.690447
vt 0.571557 0.694481
vt 0.579648 0.698351
vt 0.590154 0.702648
vt 0.600367 0.709701
vt 0.607971 0.721355
vt 0.613022 0.735112
vt 0.615801 0.748175
vt 0.616443 0.760703
vt 0.615364 0.773303
vt 0.613934 0.785389
vt 0.613490 0.796078
vt 0.613958 0.805364
vt 0.614919 0.813515
vt 0.616094 0.820701
vt 0.617265 0.827071
vt 0.618304 0.832717
vt 0.619094 0.837723
vt 0.490794 0.538409
vt 0.491615 0.535706
vt 0.498450 0.541312
vt 0.497266 0.542435
vt 0.758285 0.890290
vt 0.760887 0.888830
vt 0.759231 0.896823
vt 0.757357 0.897970
vt 0.757731 0.902964
vt 0.756127 0.905043
vt 0.505290 0.546028
vt 0.502670 0.545604
vt 0.816102 0.871926
vt 0.817868 0.871951
vt 0.821288 0.876763
vt 0.820441 0.877542
vt 0.819754 0.871863
vt 0.822395 0.876260
vt 0.824310 0.879380
vt 0.824407 0.880705
vt 0.824523 0.882661
vt 0.426658 0.534792
vt 0.432864 0.528625
vt 0.436402 0.537489
vt 0.429595 0.544270
vt 0.440182 0.523744
vt 0.444717 0.532237
vt 0.451212 0.546950
vt 0.438311 0.551282
vt 0.431405 0.556727
vt 0.773195 0.847546
vt 0.779393 0.846211
vt 0.779530 0.853018
vt 0.773056 0.854533
vt 0.785911 0.844804
vt 0.786841 0.852032
vt 0.787061 0.863113
vt 0.778322 0.865915
vt 0.772151 0.866463
vt 0.821262 0.855226
vt 0.820281 0.858898
vt 0.409376 0.571945
vt 0.414581 0.556801
vt 0.418174 0.561708
vt 0.414366 0.571437
vt 0.422368 0.568426
vt 0.418294 0.573444
vt 0.819700 0.862482
vt 0.484836 0.513066
vt 0.484055 0.517161
vt 0.749345 0.871302
vt 0.757798 0.857316
vt 0.760166 0.864419
vt 0.752752 0.873167
vt 0.761656 0.873301
vt 0.756652 0.877479
vt 0.484466 0.523541
vt 0.431771 0.590521
vt 0.431328 0.596469
vt 0.429560 0.596269
vt 0.430296 0.590912
vt 0.825359 0.885017
vt 0.826360 0.883466
vt 0.825883 0.880435
vt 0.428412 0.592713
vt 0.429260 0.590376
vt 0.437040 0.573790
vt 0.440099 0.574574
vt 0.436872 0.583752
vt 0.435387 0.582124
vt 0.807653 0.876189
vt 0.809946 0.873116
vt 0.817171 0.878669
vt 0.814636 0.880199
vt 0.820883 0.882433
vt 0.819255 0.883460
vt 0.435020 0.590019
vt 0.434384 0.587564
vt 0.432235 0.577151
vt 0.434491 0.574776
vt 0.433724 0.583101
vt 0.432109 0.584422
vt 0.433309 0.589695
vt 0.822147 0.871803
vt 0.824316 0.876531
vt 0.425089 0.582291
vt 0.427911 0.581532
vt 0.428887 0.586752
vt 0.427221 0.587831
vt 0.504071 0.548675
vt 0.509671 0.551013
vt 0.508162 0.551678
vt 0.503125 0.549668
vt 0.757035 0.910791
vt 0.759172 0.905820
vt 0.760567 0.905155
vt 0.758328 0.910146
vt 0.762341 0.903224
vt 0.762190 0.905858
vt 0.501556 0.551631
vt 0.500224 0.550037
vt 0.488149 0.542073
vt 0.489899 0.540497
vt 0.497053 0.543971
vt 0.496563 0.545489
vt 0.504072 0.547292
vt 0.770369 0.887823
vt 0.771752 0.890267
vt 0.766700 0.898574
vt 0.765765 0.896567
vt 0.480371 0.549407
vt 0.483078 0.546517
vt 0.493581 0.548629
vt 0.491710 0.550645
vt 0.766633 0.887675
vt 0.768658 0.887160
vt 0.764386 0.896508
vt 0.762721 0.896813
vt 0.774116 0.875612
vt 0.770321 0.876129
vt 0.776332 0.876808
vt 0.787577 0.871785
vt 0.777962 0.881309
vt 0.454754 0.555146
vt 0.469296 0.544813
vt 0.468079 0.549978
vt 0.481280 0.535096
vt 0.478178 0.537335
vt 0.483823 0.532802
vt 0.486553 0.529819
vt 0.761917 0.881110
vt 0.758369 0.883298
vt 0.820283 0.867042
vt 0.816993 0.866953
vt 0.425647 0.574943
vt 0.421909 0.577418
vt 0.435876 0.564204
vt 0.432006 0.567816
vt 0.441123 0.561942
vt 0.445474 0.564192
vt 0.800480 0.868481
vt 0.798493 0.873045
vt 0.814145 0.866410
vt 0.810936 0.865854
vt 0.462209 0.538215
vt 0.473388 0.541302
vt 0.485504 0.544098
vt 0.766676 0.869071
vt 0.765891 0.877710
vt 0.763560 0.887833
vt 0.760917 0.896787
vt 0.758122 0.905102
vt 0.496015 0.547314
vt 0.510450 0.549953
vt 0.755890 0.910741
vt 0.767066 0.850997
vt 0.766930 0.858048
vt 0.406064 0.440593
vt 0.395009 0.425906
vt 0.420343 0.460128
vt 0.386255 0.414228
vt 0.379159 0.404320
vt 0.373223 0.395331
vt 0.367911 0.387078
vt 0.362815 0.379545
vt 0.357799 0.372531
vt 0.352818 0.365843
vt 0.347826 0.359465
vt 0.342818 0.353404
vt 0.337988 0.347591
vt 0.333536 0.341923
vt 0.329530 0.336182
vt 0.325951 0.330220
vt 0.322524 0.324219
vt 0.318973 0.318379
vt 0.315261 0.312719
vt 0.311411 0.307208
vt 0.307454 0.301749
vt 0.303454 0.296277
vt 0.299595 0.290846
vt 0.296030 0.285531
vt 0.292716 0.280399
vt 0.289569 0.275486
vt 0.286531 0.270751
vt 0.283563 0.266140
vt 0.280656 0.261650
vt 0.277804 0.257283
vt 0.274995 0.253015
vt 0.272218 0.248821
vt 0.269464 0.244671
vt 0.266734 0.240542
vt 0.264056 0.236427
vt 0.261463 0.232309
vt 0.258974 0.228217
vt 0.256584 0.224228
vt 0.254219 0.220508
vt 0.251809 0.217123
vt 0.249376 0.213661
vt 0.246946 0.209690
vt 0.244466 0.205224
vt 0.241841 0.200074
vt 0.238866 0.192642
vt 0.235327 0.181033
vt 0.231276 0.165487
vt 0.226770 0.146968
vt 0.221877 0.126035
vt 0.216642 0.103029
vt 0.211013 0.077516
vt 0.773327 0.777474
vt 0.771148 0.761101
vt 0.775733 0.798348
vt 0.769101 0.747674
vt 0.767074 0.736339
vt 0.765061 0.726515
vt 0.763351 0.717892
vt 0.762120 0.710345
vt 0.760988 0.704075
vt 0.759733 0.699316
vt 0.759117 0.695624
vt 0.759683 0.692227
vt 0.760311 0.687947
vt 0.759839 0.681984
vt 0.758488 0.675012
vt 0.756854 0.667950
vt 0.755428 0.661273
vt 0.754397 0.655120
vt 0.752869 0.648738
vt 0.750149 0.641537
vt 0.747403 0.634478
vt 0.745793 0.628488
vt 0.744659 0.622756
vt 0.743123 0.616304
vt 0.741203 0.609206
vt 0.739115 0.601755
vt 0.737025 0.594269
vt 0.735049 0.587036
vt 0.733172 0.579979
vt 0.731368 0.572941
vt 0.729678 0.565818
vt 0.728116 0.558587
vt 0.726519 0.551505
vt 0.724716 0.544812
vt 0.722635 0.538375
vt 0.720245 0.532063
vt 0.717569 0.526132
vt 0.714658 0.520680
vt 0.711726 0.515276
vt 0.709001 0.509585
vt 0.706469 0.503617
vt 0.704072 0.497379
vt 0.701852 0.490431
vt 0.699746 0.482009
vt 0.697548 0.471890
vt 0.695098 0.460112
vt 0.692318 0.446463
vt 0.689148 0.430609
vt 0.685516 0.412210
vt 0.681384 0.390842
vt 0.778155 0.824397
vt 0.779252 0.839728
vt 0.439555 0.486519
vt 0.452811 0.502390
vt 0.658886 0.338746
vt 0.204911 0.049252
vt 0.446390 0.517552
vt 0.451424 0.524894
vt 0.799118 0.859596
vt 0.806371 0.866191
vt 0.813497 0.872154
vt 0.426904 0.562812
vt 0.429191 0.571758
vt 0.430484 0.579897
vt 0.430486 0.585563
vt 0.433262 0.595734
vt 0.823002 0.882788
vt 0.823721 0.885946
vt 0.420978 0.543543
vt 0.423974 0.553196
vt 0.818821 0.877857
vt 0.394415 0.456137
vt 0.384099 0.439895
vt 0.407234 0.477707
vt 0.375648 0.427285
vt 0.368407 0.416694
vt 0.361960 0.407056
vt 0.356051 0.398485
vt 0.350433 0.391103
vt 0.345016 0.384330
vt 0.339858 0.377644
vt 0.334999 0.370923
vt 0.330458 0.364180
vt 0.326235 0.357590
vt 0.322287 0.351305
vt 0.318461 0.345255
vt 0.314623 0.339327
vt 0.310769 0.333441
vt 0.306931 0.327543
vt 0.303171 0.321611
vt 0.299524 0.315637
vt 0.295928 0.309608
vt 0.292311 0.303532
vt 0.288660 0.297489
vt 0.284994 0.291584
vt 0.281424 0.285927
vt 0.278042 0.280604
vt 0.274829 0.275551
vt 0.271748 0.270681
vt 0.268775 0.265965
vt 0.265891 0.261387
vt 0.263080 0.256929
vt 0.260328 0.252573
vt 0.257630 0.248309
vt 0.254991 0.244126
vt 0.252424 0.240019
vt 0.249942 0.235993
vt 0.247521 0.232131
vt 0.245126 0.228523
vt 0.242713 0.225207
vt 0.240256 0.222098
vt 0.237783 0.218614
vt 0.235256 0.214116
vt 0.232394 0.208401
vt 0.228822 0.201085
vt 0.224560 0.191636
vt 0.219805 0.179646
vt 0.214627 0.164850
vt 0.209008 0.147053
vt 0.202897 0.126433
vt 0.196216 0.103300
vt 0.189052 0.078063
vt 0.788600 0.771595
vt 0.785388 0.756149
vt 0.792693 0.791828
vt 0.782819 0.743811
vt 0.780597 0.733106
vt 0.778468 0.723302
vt 0.776239 0.714997
vt 0.773895 0.708606
vt 0.771816 0.702933
vt 0.770396 0.696973
vt 0.769895 0.691231
vt 0.770434 0.686270
vt 0.771424 0.681548
vt 0.772046 0.676333
vt 0.771852 0.670475
vt 0.770688 0.664046
vt 0.768940 0.657258
vt 0.767051 0.650329
vt 0.765170 0.643385
vt 0.763353 0.636555
vt 0.761618 0.630124
vt 0.759975 0.624277
vt 0.758403 0.618612
vt 0.756852 0.612663
vt 0.755165 0.606263
vt 0.753206 0.599316
vt 0.751098 0.592102
vt 0.748995 0.584996
vt 0.746924 0.578029
vt 0.744882 0.571143
vt 0.742861 0.564312
vt 0.740816 0.557584
vt 0.738563 0.551277
vt 0.735989 0.545577
vt 0.733383 0.539814
vt 0.731035 0.533345
vt 0.728851 0.526648
vt 0.726734 0.520298
vt 0.724911 0.514064
vt 0.723527 0.507466
vt 0.722242 0.500483
vt 0.720683 0.493306
vt 0.718950 0.485703
vt 0.717208 0.477236
vt 0.715419 0.467574
vt 0.713468 0.456401
vt 0.711286 0.443476
vt 0.708833 0.428526
vt 0.706024 0.411225
vt 0.702757 0.391181
vt 0.797883 0.817611
vt 0.803029 0.833324
vt 0.421306 0.502521
vt 0.429419 0.520272
vt 0.683232 0.338121
vt 0.181609 0.051304
vt 0.792569 0.842172
vt 0.794309 0.848754
s 1
usemtl Garbagebag
f 1434/1/1 3138/2/2 4797/3/3 4512/4/4
f 3138/2/2 58/5/5 1603/6/6 4797/3/3
f 4797/3/3 1603/6/6 4/7/7 1838/8/8
f 4512/4/4 4797/3/3 1838/8/8 134/9/9
f 134/9/9 1838/8/8 4798/10/10 4487/11/11
f 1838/8/8 4/7/7 1606/12/12 4798/10/10
f 4798/13/10 1606/14/12 8/15/13 1863/16/14
f 4487/17/11 4798/13/10 1863/16/14 159/18/15
f 809/19/16 2513/20/17 4799/21/18 4462/22/19
f 2513/20/17 108/23/20 1609/24/21 4799/21/18
f 4799/21/18 1609/24/21 6/25/22 1888/26/23
f 4462/22/19 4799/21/18 1888/26/23 184/27/24
f 184/27/24 1888/26/23 4800/28/25 4437/29/26
f 1888/26/23 6/25/22 1612/30/27 4800/28/25
f 4800/31/25 1612/32/27 2/33/28 1602/34/29
f 4437/35/26 4800/31/25 1602/34/29 133/36/30
f 33/37/31 1762/38/32 4801/39/33 1601/40/34
f 1762/41/32 59/42/35 1663/43/36 4801/44/33
f 4801/44/33 1663/43/36 5/45/37 1611/46/38
f 1601/40/34 4801/39/33 1611/47/38 1/48/39
f 108/23/20 1737/49/40 4802/50/41 1609/24/21
f 1737/51/40 34/52/42 1638/53/43 4802/54/41
f 4802/54/41 1638/53/43 2/33/28 1612/32/27
f 1609/24/21 4802/50/41 1612/30/27 6/25/22
f 8/15/13 1606/14/12 4803/55/44 1688/56/45
f 1606/12/12 4/7/7 1603/6/6 4803/57/44
f 4803/57/44 1603/6/6 58/5/5 1713/58/46
f 1688/56/45 4803/55/44 1713/59/46 84/60/47
f 84/60/47 1713/59/46 4804/61/48 1689/62/49
f 1713/58/46 58/5/5 1662/63/50 4804/64/48
f 4804/64/48 1662/63/50 57/65/51 1714/66/52
f 1689/62/49 4804/61/48 1714/67/52 85/68/53
f 85/68/53 1714/67/52 4805/69/54 1690/70/55
f 1714/66/52 57/65/51 1661/71/56 4805/72/54
f 4805/72/54 1661/71/56 56/73/57 1715/74/58
f 1690/70/55 4805/69/54 1715/75/58 86/76/59
f 86/76/59 1715/75/58 4806/77/60 1691/78/61
f 1715/74/58 56/73/57 1660/79/62 4806/80/60
f 4806/80/60 1660/79/62 55/81/63 1716/82/64
f 1691/78/61 4806/77/60 1716/83/64 87/84/65
f 87/84/65 1716/83/64 4807/85/66 1692/86/67
f 1716/82/64 55/81/63 1659/87/68 4807/88/66
f 4807/88/66 1659/87/68 54/89/69 1717/90/70
f 1692/86/67 4807/85/66 1717/91/70 88/92/71
f 88/92/71 1717/91/70 4808/93/72 1693/94/73
f 1717/90/70 54/89/69 1658/95/74 4808/96/72
f 4808/96/72 1658/95/74 53/97/75 1718/98/76
f 1693/94/73 4808/93/72 1718/99/76 89/100/77
f 89/100/77 1718/99/76 4809/101/78 1694/102/79
f 1718/98/76 53/97/75 1657/103/80 4809/104/78
f 4809/104/78 1657/103/80 52/105/81 1719/106/82
f 1694/102/79 4809/101/78 1719/107/82 90/108/83
f 90/108/83 1719/107/82 4810/109/84 1695/110/85
f 1719/106/82 52/105/81 1656/111/86 4810/112/84
f 4810/112/84 1656/111/86 51/113/87 1720/114/88
f 1695/110/85 4810/109/84 1720/115/88 91/116/89
f 91/116/89 1720/115/88 4811/117/90 1696/118/91
f 1720/114/88 51/113/87 1655/119/92 4811/120/90
f 4811/120/90 1655/119/92 50/121/93 1721/122/94
f 1696/118/91 4811/117/90 1721/123/94 92/124/95
f 92/124/95 1721/123/94 4812/125/96 1697/126/97
f 1721/122/94 50/121/93 1654/127/98 4812/128/96
f 4812/128/96 1654/127/98 49/129/99 1722/130/100
f 1697/126/97 4812/125/96 1722/131/100 93/132/101
f 93/132/101 1722/131/100 4813/133/102 1698/134/103
f 1722/130/100 49/129/99 1653/135/104 4813/136/102
f 4813/136/102 1653/135/104 48/137/105 1723/138/106
f 1698/134/103 4813/133/102 1723/139/106 94/140/107
f 94/140/107 1723/139/106 4814/141/108 1699/142/109
f 1723/138/106 48/137/105 1652/143/110 4814/144/108
f 4814/144/108 1652/143/110 47/145/111 1724/146/112
f 1699/142/109 4814/141/108 1724/147/112 95/148/113
f 6404/149/114 6405/150/115 4815/151/116 4796/152/117
f 6405/150/115 6397/153/118 4521/154/119 4815/151/120
f 4815/151/120 4521/154/119 1459/155/121 4731/156/122
f 4796/152/117 4815/151/116 4731/156/123 1595/157/124
f 6402/158/125 6406/159/126 4816/160/127 4676/161/128
f 6406/159/126 6395/162/129 1725/163/130 4816/160/131
f 4816/160/131 1725/163/130 1462/164/132 4612/165/133
f 4676/161/128 4816/160/127 4612/165/134 1536/166/135
f 97/167/136 1726/168/137 4817/169/138 1702/170/139
f 1726/171/137 45/172/140 1649/173/141 4817/174/138
f 4817/174/138 1649/173/141 44/175/142 1727/176/143
f 1702/170/139 4817/169/138 1727/177/143 98/178/144
f 98/178/144 1727/177/143 4818/179/145 1703/180/146
f 1727/176/143 44/175/142 1648/181/147 4818/182/145
f 4818/182/145 1648/181/147 43/183/148 1728/184/149
f 1703/180/146 4818/179/145 1728/185/149 99/186/150
f 99/186/150 1728/185/149 4819/187/151 1704/188/152
f 1728/184/149 43/183/148 1647/189/153 4819/190/151
f 4819/190/151 1647/189/153 42/191/154 1729/192/155
f 1704/188/152 4819/187/151 1729/193/155 100/194/156
f 100/194/156 1729/193/155 4820/195/157 1705/196/158
f 1729/192/155 42/191/154 1646/197/159 4820/198/157
f 4820/198/157 1646/197/159 41/199/160 1730/200/161
f 1705/196/158 4820/195/157 1730/201/161 101/202/162
f 101/202/162 1730/201/161 4821/203/163 1706/204/164
f 1730/200/161 41/199/160 1645/205/165 4821/206/163
f 4821/206/163 1645/205/165 40/207/166 1731/208/167
f 1706/204/164 4821/203/163 1731/209/167 102/210/168
f 102/210/168 1731/209/167 4822/211/169 1707/212/170
f 1731/208/167 40/207/166 1644/213/171 4822/214/169
f 4822/214/169 1644/213/171 39/215/172 1732/216/173
f 1707/212/170 4822/211/169 1732/217/173 103/218/174
f 103/218/174 1732/217/173 4823/219/175 1708/220/176
f 1732/216/173 39/215/172 1643/221/177 4823/222/175
f 4823/222/175 1643/221/177 38/223/178 1733/224/179
f 1708/220/176 4823/219/175 1733/225/179 104/226/180
f 104/226/180 1733/225/179 4824/227/181 1709/228/182
f 1733/224/179 38/223/178 1642/229/183 4824/230/181
f 4824/230/181 1642/229/183 37/231/184 1734/232/185
f 1709/228/182 4824/227/181 1734/233/185 105/234/186
f 105/234/186 1734/233/185 4825/235/187 1710/236/188
f 1734/232/185 37/231/184 1641/237/189 4825/238/187
f 4825/238/187 1641/237/189 36/239/190 1735/240/191
f 1710/236/188 4825/235/187 1735/241/191 106/242/192
f 106/242/192 1735/241/191 4826/243/193 1711/244/194
f 1735/240/191 36/239/190 1640/245/195 4826/246/193
f 4826/246/193 1640/245/195 35/247/196 1736/248/197
f 1711/244/194 4826/243/193 1736/249/197 107/250/198
f 107/250/198 1736/249/197 4827/251/199 1712/252/200
f 1736/248/197 35/247/196 1639/253/201 4827/254/199
f 4827/254/199 1639/253/201 34/52/42 1737/51/40
f 1712/252/200 4827/251/199 1737/49/40 108/23/20
f 3/255/202 1605/256/203 4828/257/204 1613/258/205
f 1605/259/203 7/260/206 1608/261/207 4828/262/204
f 4828/262/204 1608/261/207 83/263/208 1738/264/209
f 1613/258/205 4828/257/204 1738/265/209 9/266/210
f 9/266/210 1738/265/209 4829/267/211 1614/268/212
f 1738/264/209 83/263/208 1687/269/213 4829/270/211
f 4829/270/211 1687/269/213 82/271/214 1739/272/215
f 1614/268/212 4829/267/211 1739/273/215 10/274/216
f 10/274/216 1739/273/215 4830/275/217 1615/276/218
f 1739/272/215 82/271/214 1686/277/219 4830/278/217
f 4830/278/217 1686/277/219 81/279/220 1740/280/221
f 1615/276/218 4830/275/217 1740/281/221 11/282/222
f 11/282/222 1740/281/221 4831/283/223 1616/284/224
f 1740/280/221 81/279/220 1685/285/225 4831/286/223
f 4831/286/223 1685/285/225 80/287/226 1741/288/227
f 1616/284/224 4831/283/223 1741/289/227 12/290/228
f 12/290/228 1741/289/227 4832/291/229 1617/292/230
f 1741/288/227 80/287/226 1684/293/231 4832/294/229
f 4832/294/229 1684/293/231 79/295/232 1742/296/233
f 1617/292/230 4832/291/229 1742/297/233 13/298/234
f 13/298/234 1742/297/233 4833/299/235 1618/300/236
f 1742/296/233 79/295/232 1683/301/237 4833/302/235
f 4833/302/235 1683/301/237 78/303/238 1743/304/239
f 1618/300/236 4833/299/235 1743/305/239 14/306/240
f 14/306/240 1743/305/239 4834/307/241 1619/308/242
f 1743/304/239 78/303/238 1682/309/243 4834/310/241
f 4834/310/241 1682/309/243 77/311/244 1744/312/245
f 1619/308/242 4834/307/241 1744/313/245 15/314/246
f 15/314/246 1744/313/245 4835/315/247 1620/316/248
f 1744/312/245 77/311/244 1681/317/249 4835/318/247
f 4835/318/247 1681/317/249 76/319/250 1745/320/251
f 1620/316/248 4835/315/247 1745/321/251 16/322/252
f 16/322/252 1745/321/251 4836/323/253 1621/324/254
f 1745/320/251 76/319/250 1680/325/255 4836/326/253
f 4836/326/253 1680/325/255 75/327/256 1746/328/257
f 1621/324/254 4836/323/253 1746/329/257 17/330/258
f 17/330/258 1746/329/257 4837/331/259 1622/332/260
f 1746/328/257 75/327/256 1679/333/261 4837/334/259
f 4837/334/259 1679/333/261 74/335/262 1747/336/263
f 1622/332/260 4837/331/259 1747/337/263 18/338/264
f 18/338/264 1747/337/263 4838/339/265 1623/340/266
f 1747/336/263 74/335/262 1678/341/267 4838/342/265
f 4838/342/265 1678/341/267 73/343/268 1748/344/269
f 1623/340/266 4838/339/265 1748/345/269 19/346/270
f 19/346/270 1748/345/269 4839/347/271 1624/348/272
f 1748/344/269 73/343/268 1677/349/273 4839/350/271
f 4839/350/271 1677/349/273 72/351/274 1749/352/275
f 1624/348/272 4839/347/271 1749/353/275 20/354/276
f 1481/355/277 4675/356/278 4840/357/279 1625/358/280
f 4675/359/278 1483/360/281 4559/361/282 4840/362/279
f 4840/362/279 4559/361/282 71/363/283 1750/364/284
f 1625/358/280 4840/357/279 1750/365/284 21/366/285
f 1541/367/286 4795/368/287 4841/369/288 1626/370/289
f 4795/371/287 1543/372/290 4679/373/291 4841/374/288
f 4841/374/288 4679/373/291 70/375/292 1751/376/293
f 1626/370/289 4841/369/288 1751/377/293 22/378/294
f 22/378/294 1751/377/293 4842/379/295 1627/380/296
f 1751/376/293 70/375/292 1674/381/297 4842/382/295
f 4842/382/295 1674/381/297 69/383/298 1752/384/299
f 1627/380/296 4842/379/295 1752/385/299 23/386/300
f 23/386/300 1752/385/299 4843/387/301 1628/388/302
f 1752/384/299 69/383/298 1673/389/303 4843/390/301
f 4843/390/301 1673/389/303 68/391/304 1753/392/305
f 1628/388/302 4843/387/301 1753/393/305 24/394/306
f 24/394/306 1753/393/305 4844/395/307 1629/396/308
f 1753/392/305 68/391/304 1672/397/309 4844/398/307
f 4844/398/307 1672/397/309 67/399/310 1754/400/311
f 1629/396/308 4844/395/307 1754/401/311 25/402/312
f 25/402/312 1754/401/311 4845/403/313 1630/404/314
f 1754/400/311 67/399/310 1671/405/315 4845/406/313
f 4845/406/313 1671/405/315 66/407/316 1755/408/317
f 1630/404/314 4845/403/313 1755/409/317 26/410/318
f 26/410/318 1755/409/317 4846/411/319 1631/412/320
f 1755/408/317 66/407/316 1670/413/321 4846/414/319
f 4846/414/319 1670/413/321 65/415/322 1756/416/323
f 1631/412/320 4846/411/319 1756/417/323 27/418/324
f 27/418/324 1756/417/323 4847/419/325 1632/420/326
f 1756/416/323 65/415/322 1669/421/327 4847/422/325
f 4847/422/325 1669/421/327 64/423/328 1757/424/329
f 1632/420/326 4847/419/325 1757/425/329 28/426/330
f 28/426/330 1757/425/329 4848/427/331 1633/428/332
f 1757/424/329 64/423/328 1668/429/333 4848/430/331
f 4848/430/331 1668/429/333 63/431/334 1758/432/335
f 1633/428/332 4848/427/331 1758/433/335 29/434/336
f 29/434/336 1758/433/335 4849/435/337 1634/436/338
f 1758/432/335 63/431/334 1667/437/339 4849/438/337
f 4849/438/337 1667/437/339 62/439/340 1759/440/341
f 1634/436/338 4849/435/337 1759/441/341 30/442/342
f 30/442/342 1759/441/341 4850/443/343 1635/444/344
f 1759/440/341 62/439/340 1666/445/345 4850/446/343
f 4850/446/343 1666/445/345 61/447/346 1760/448/347
f 1635/444/344 4850/443/343 1760/449/347 31/450/348
f 31/450/348 1760/449/347 4851/451/349 1636/452/350
f 1760/448/347 61/447/346 1665/453/351 4851/454/349
f 4851/454/349 1665/453/351 60/455/352 1761/456/353
f 1636/452/350 4851/451/349 1761/457/353 32/458/354
f 32/458/354 1761/457/353 4852/459/355 1637/460/356
f 1761/456/353 60/455/352 1664/461/357 4852/462/355
f 4852/462/355 1664/461/357 59/42/35 1762/41/32
f 1637/460/356 4852/459/355 1762/38/32 33/37/31
f 159/18/15 1863/16/14 4853/463/358 4412/464/359
f 1863/16/14 8/15/13 1688/56/45 4853/463/358
f 4853/463/358 1688/56/45 84/60/47 1913/465/360
f 4412/464/359 4853/463/358 1913/465/360 209/466/361
f 209/466/361 1913/465/360 4854/467/362 4387/468/363
f 1913/465/360 84/60/47 1689/62/49 4854/467/362
f 4854/467/362 1689/62/49 85/68/53 1938/469/364
f 4387/468/363 4854/467/362 1938/469/364 234/470/365
f 234/470/365 1938/469/364 4855/471/366 4362/472/367
f 1938/469/364 85/68/53 1690/70/55 4855/471/366
f 4855/471/366 1690/70/55 86/76/59 1963/473/368
f 4362/472/367 4855/471/366 1963/473/368 259/474/369
f 259/474/369 1963/473/368 4856/475/370 4337/476/371
f 1963/473/368 86/76/59 1691/78/61 4856/475/370
f 4856/475/370 1691/78/61 87/84/65 1988/477/372
f 4337/476/371 4856/475/370 1988/477/372 284/478/373
f 284/478/373 1988/477/372 4857/479/374 4312/480/375
f 1988/477/372 87/84/65 1692/86/67 4857/479/374
f 4857/479/374 1692/86/67 88/92/71 2013/481/376
f 4312/480/375 4857/479/374 2013/481/376 309/482/377
f 309/482/377 2013/481/376 4858/483/378 4287/484/379
f 2013/481/376 88/92/71 1693/94/73 4858/483/378
f 4858/483/378 1693/94/73 89/100/77 2038/485/380
f 4287/484/379 4858/483/378 2038/485/380 334/486/381
f 334/486/381 2038/485/380 4859/487/382 4262/488/383
f 2038/485/380 89/100/77 1694/102/79 4859/487/382
f 4859/487/382 1694/102/79 90/108/83 2063/489/384
f 4262/488/383 4859/487/382 2063/489/384 359/490/385
f 359/490/385 2063/489/384 4860/491/386 4237/492/387
f 2063/489/384 90/108/83 1695/110/85 4860/491/386
f 4860/491/386 1695/110/85 91/116/89 2088/493/388
f 4237/492/387 4860/491/386 2088/493/388 384/494/389
f 384/494/389 2088/493/388 4861/495/390 4212/496/391
f 2088/493/388 91/116/89 1696/118/91 4861/495/390
f 4861/495/390 1696/118/91 92/124/95 2113/497/392
f 4212/496/391 4861/495/390 2113/497/392 409/498/393
f 409/498/393 2113/497/392 4862/499/394 4187/500/395
f 2113/497/392 92/124/95 1697/126/97 4862/499/394
f 4862/499/394 1697/126/97 93/132/101 2138/501/396
f 4187/500/395 4862/499/394 2138/501/396 434/502/397
f 434/502/397 2138/501/396 4863/503/398 4162/504/399
f 2138/501/396 93/132/101 1698/134/103 4863/503/398
f 4863/503/398 1698/134/103 94/140/107 2163/505/400
f 4162/504/399 4863/503/398 2163/505/400 459/506/401
f 459/506/401 2163/505/400 4864/507/402 4137/508/403
f 2163/505/400 94/140/107 1699/142/109 4864/507/402
f 4864/507/402 1699/142/109 95/148/113 2188/509/404
f 4137/508/403 4864/507/402 2188/509/404 484/510/405
f 1534/511/406 4674/512/407 4865/513/408 4112/514/409
f 4674/512/407 1484/515/410 1700/516/411 4865/513/408
f 4865/513/408 1700/516/411 96/517/412 2213/518/413
f 4112/514/409 4865/513/408 2213/518/413 509/519/414
f 1594/520/415 4794/521/416 4866/522/417 4087/523/418
f 4794/521/416 1544/524/419 1701/525/420 4866/522/417
f 4866/522/417 1701/525/420 97/167/136 2238/526/421
f 4087/523/418 4866/522/417 2238/526/421 534/527/422
f 534/527/422 2238/526/421 4867/528/423 4062/529/424
f 2238/526/421 97/167/136 1702/170/139 4867/528/423
f 4867/528/423 1702/170/139 98/178/144 2263/530/425
f 4062/529/424 4867/528/423 2263/530/425 559/531/426
f 559/531/426 2263/530/425 4868/532/427 4037/533/428
f 2263/530/425 98/178/144 1703/180/146 4868/532/427
f 4868/532/427 1703/180/146 99/186/150 2288/534/429
f 4037/533/428 4868/532/427 2288/534/429 584/535/430
f 584/535/430 2288/534/429 4869/536/431 4012/537/432
f 2288/534/429 99/186/150 1704/188/152 4869/536/431
f 4869/536/431 1704/188/152 100/194/156 2313/538/433
f 4012/537/432 4869/536/431 2313/538/433 609/539/434
f 609/539/434 2313/538/433 4870/540/435 3987/541/436
f 2313/538/433 100/194/156 1705/196/158 4870/540/435
f 4870/540/435 1705/196/158 101/202/162 2338/542/437
f 3987/541/436 4870/540/435 2338/542/437 634/543/438
f 634/543/438 2338/542/437 4871/544/439 3962/545/440
f 2338/542/437 101/202/162 1706/204/164 4871/544/439
f 4871/544/439 1706/204/164 102/210/168 2363/546/441
f 3962/545/440 4871/544/439 2363/546/441 659/547/442
f 659/547/442 2363/546/441 4872/548/443 3937/549/444
f 2363/546/441 102/210/168 1707/212/170 4872/548/443
f 4872/548/443 1707/212/170 103/218/174 2388/550/445
f 3937/549/444 4872/548/443 2388/550/445 684/551/446
f 684/551/446 2388/550/445 4873/552/447 3912/553/448
f 2388/550/445 103/218/174 1708/220/176 4873/552/447
f 4873/552/447 1708/220/176 104/226/180 2413/554/449
f 3912/553/448 4873/552/447 2413/554/449 709/555/450
f 709/555/450 2413/554/449 4874/556/451 3887/557/452
f 2413/554/449 104/226/180 1709/228/182 4874/556/451
f 4874/556/451 1709/228/182 105/234/186 2438/558/453
f 3887/557/452 4874/556/451 2438/558/453 734/559/454
f 734/559/454 2438/558/453 4875/560/455 3862/561/456
f 2438/558/453 105/234/186 1710/236/188 4875/560/455
f 4875/560/455 1710/236/188 106/242/192 2463/562/457
f 3862/561/456 4875/560/455 2463/562/457 759/563/458
f 759/563/458 2463/562/457 4876/564/459 3837/565/460
f 2463/562/457 106/242/192 1711/244/194 4876/564/459
f 4876/564/459 1711/244/194 107/250/198 2488/566/461
f 3837/565/460 4876/564/459 2488/566/461 784/567/462
f 784/567/462 2488/566/461 4877/568/463 3812/569/464
f 2488/566/461 107/250/198 1712/252/200 4877/568/463
f 4877/568/463 1712/252/200 108/23/20 2513/20/17
f 3812/569/464 4877/568/463 2513/20/17 809/19/16
f 133/36/30 1602/34/29 4878/570/465 3787/571/466
f 1602/34/29 2/33/28 1638/53/43 4878/570/465
f 4878/570/465 1638/53/43 34/52/42 2538/572/467
f 3787/571/466 4878/570/465 2538/572/467 834/573/468
f 834/573/468 2538/572/467 4879/574/469 3762/575/470
f 2538/572/467 34/52/42 1639/253/201 4879/574/469
f 4879/574/469 1639/253/201 35/247/196 2563/576/471
f 3762/575/470 4879/574/469 2563/576/471 859/577/472
f 859/577/472 2563/576/471 4880/578/473 3737/579/474
f 2563/576/471 35/247/196 1640/245/195 4880/578/473
f 4880/578/473 1640/245/195 36/239/190 2588/580/475
f 3737/579/474 4880/578/473 2588/580/475 884/581/476
f 884/581/476 2588/580/475 4881/582/477 3712/583/478
f 2588/580/475 36/239/190 1641/237/189 4881/582/477
f 4881/582/477 1641/237/189 37/231/184 2613/584/479
f 3712/583/478 4881/582/477 2613/584/479 909/585/480
f 909/585/480 2613/584/479 4882/586/481 3687/587/482
f 2613/584/479 37/231/184 1642/229/183 4882/586/481
f 4882/586/481 1642/229/183 38/223/178 2638/588/483
f 3687/587/482 4882/586/481 2638/588/483 934/589/484
f 934/589/484 2638/588/483 4883/590/485 3662/591/486
f 2638/588/483 38/223/178 1643/221/177 4883/590/485
f 4883/590/485 1643/221/177 39/215/172 2663/592/487
f 3662/591/486 4883/590/485 2663/592/487 959/593/488
f 959/593/488 2663/592/487 4884/594/489 3637/595/490
f 2663/592/487 39/215/172 1644/213/171 4884/594/489
f 4884/594/489 1644/213/171 40/207/166 2688/596/491
f 3637/595/490 4884/594/489 2688/596/491 984/597/492
f 984/597/492 2688/596/491 4885/598/493 3612/599/494
f 2688/596/491 40/207/166 1645/205/165 4885/598/493
f 4885/598/493 1645/205/165 41/199/160 2713/600/495
f 3612/599/494 4885/598/493 2713/600/495 1009/601/496
f 1009/601/496 2713/600/495 4886/602/497 3587/603/498
f 2713/600/495 41/199/160 1646/197/159 4886/602/497
f 4886/602/497 1646/197/159 42/191/154 2738/604/499
f 3587/603/498 4886/602/497 2738/604/499 1034/605/500
f 1034/605/500 2738/604/499 4887/606/501 3562/607/502
f 2738/604/499 42/191/154 1647/189/153 4887/606/501
f 4887/606/501 1647/189/153 43/183/148 2763/608/503
f 3562/607/502 4887/606/501 2763/608/503 1059/609/504
f 1059/609/504 2763/608/503 4888/610/505 3537/611/506
f 2763/608/503 43/183/148 1648/181/147 4888/610/505
f 4888/610/505 1648/181/147 44/175/142 2788/612/507
f 3537/611/506 4888/610/505 2788/612/507 1084/613/508
f 1084/613/508 2788/612/507 4889/614/509 3512/615/510
f 2788/612/507 44/175/142 1649/173/141 4889/614/509
f 4889/614/509 1649/173/141 45/172/140 2813/616/511
f 3512/615/510 4889/614/509 2813/616/511 1109/617/512
f 1569/618/513 4793/619/514 4890/620/515 3487/621/516
f 4793/619/514 1542/622/517 1650/623/518 4890/620/515
f 4890/620/515 1650/623/518 46/624/519 2838/625/520
f 3487/621/516 4890/620/515 2838/625/520 1134/626/521
f 1509/627/522 4673/628/523 4891/629/524 3462/630/525
f 4673/628/523 1482/631/526 1651/632/527 4891/629/524
f 4891/629/524 1651/632/527 47/145/111 2863/633/528
f 3462/630/525 4891/629/524 2863/633/528 1159/634/529
f 1159/634/529 2863/633/528 4892/635/530 3437/636/531
f 2863/633/528 47/145/111 1652/143/110 4892/635/530
f 4892/635/530 1652/143/110 48/137/105 2888/637/532
f 3437/636/531 4892/635/530 2888/637/532 1184/638/533
f 1184/638/533 2888/637/532 4893/639/534 3412/640/535
f 2888/637/532 48/137/105 1653/135/104 4893/639/534
f 4893/639/534 1653/135/104 49/129/99 2913/641/536
f 3412/640/535 4893/639/534 2913/641/536 1209/642/537
f 1209/642/537 2913/641/536 4894/643/538 3387/644/539
f 2913/641/536 49/129/99 1654/127/98 4894/643/538
f 4894/643/538 1654/127/98 50/121/93 2938/645/540
f 3387/644/539 4894/643/538 2938/645/540 1234/646/541
f 1234/646/541 2938/645/540 4895/647/542 3362/648/543
f 2938/645/540 50/121/93 1655/119/92 4895/647/542
f 4895/647/542 1655/119/92 51/113/87 2963/649/544
f 3362/648/543 4895/647/542 2963/649/544 1259/650/545
f 1259/650/545 2963/649/544 4896/651/546 3337/652/547
f 2963/649/544 51/113/87 1656/111/86 4896/651/546
f 4896/651/546 1656/111/86 52/105/81 2988/653/548
f 3337/652/547 4896/651/546 2988/653/548 1284/654/549
f 1284/654/549 2988/653/548 4897/655/550 3312/656/551
f 2988/653/548 52/105/81 1657/103/80 4897/655/550
f 4897/655/550 1657/103/80 53/97/75 3013/657/552
f 3312/656/551 4897/655/550 3013/657/552 1309/658/553
f 1309/658/553 3013/657/552 4898/659/554 3287/660/555
f 3013/657/552 53/97/75 1658/95/74 4898/659/554
f 4898/659/554 1658/95/74 54/89/69 3038/661/556
f 3287/660/555 4898/659/554 3038/661/556 1334/662/557
f 1334/662/557 3038/661/556 4899/663/558 3262/664/559
f 3038/661/556 54/89/69 1659/87/68 4899/663/558
f 4899/663/558 1659/87/68 55/81/63 3063/665/560
f 3262/664/559 4899/663/558 3063/665/560 1359/666/561
f 1359/666/561 3063/665/560 4900/667/562 3237/668/563
f 3063/665/560 55/81/63 1660/79/62 4900/667/562
f 4900/667/562 1660/79/62 56/73/57 3088/669/564
f 3237/668/563 4900/667/562 3088/669/564 1384/670/565
f 1384/670/565 3088/669/564 4901/671/566 3212/672/567
f 3088/669/564 56/73/57 1661/71/56 4901/671/566
f 4901/671/566 1661/71/56 57/65/51 3113/673/568
f 3212/672/567 4901/671/566 3113/673/568 1409/674/569
f 1409/674/569 3113/673/568 4902/675/570 3187/676/571
f 3113/673/568 57/65/51 1662/63/50 4902/675/570
f 4902/675/570 1662/63/50 58/5/5 3138/2/2
f 3187/676/571 4902/675/570 3138/2/2 1434/1/1
f 10/274/216 1811/677/572 4903/678/573 1614/268/212
f 1811/677/572 1433/679/574 3163/680/575 4903/678/573
f 4903/678/573 3163/680/575 1458/681/576 1812/682/577
f 1614/268/212 4903/678/573 1812/682/577 9/266/210
f 1433/679/574 3137/683/578 4904/684/579 3163/680/575
f 3137/683/578 1432/685/580 3164/686/581 4904/684/579
f 4904/684/579 3164/686/581 1457/687/582 3162/688/583
f 3163/680/575 4904/684/579 3162/688/583 1458/681/576
f 1432/685/580 3136/689/584 4905/690/585 3164/686/581
f 3136/689/584 1431/691/586 3165/692/587 4905/690/585
f 4905/690/585 3165/692/587 1456/693/588 3161/694/589
f 3164/686/581 4905/690/585 3161/694/589 1457/687/582
f 1431/691/586 3135/695/590 4906/696/591 3165/692/587
f 3135/695/590 1430/697/592 3166/698/593 4906/696/591
f 4906/696/591 3166/698/593 1455/699/594 3160/700/595
f 3165/692/587 4906/696/591 3160/700/595 1456/693/588
f 1430/697/592 3134/701/596 4907/702/597 3166/698/593
f 3134/701/596 1429/703/598 3167/704/599 4907/702/597
f 4907/702/597 3167/704/599 1454/705/600 3159/706/601
f 3166/698/593 4907/702/597 3159/706/601 1455/699/594
f 1429/703/598 3133/707/602 4908/708/603 3167/704/599
f 3133/707/602 1428/709/604 3168/710/605 4908/708/603
f 4908/708/603 3168/710/605 1453/711/606 3158/712/607
f 3167/704/599 4908/708/603 3158/712/607 1454/705/600
f 1428/709/604 3132/713/608 4909/714/609 3168/710/605
f 3132/713/608 1427/715/610 3169/716/611 4909/714/609
f 4909/714/609 3169/716/611 1452/717/612 3157/718/613
f 3168/710/605 4909/714/609 3157/718/613 1453/711/606
f 1427/715/610 3131/719/614 4910/720/615 3169/716/611
f 3131/719/614 1426/721/616 3170/722/617 4910/720/615
f 4910/720/615 3170/722/617 1451/723/618 3156/724/619
f 3169/716/611 4910/720/615 3156/724/619 1452/717/612
f 1426/721/616 3130/725/620 4911/726/621 3170/722/617
f 3130/725/620 1425/727/622 3171/728/623 4911/726/621
f 4911/726/621 3171/728/623 1450/729/624 3155/730/625
f 3170/722/617 4911/726/621 3155/730/625 1451/723/618
f 1425/727/622 3129/731/626 4912/732/627 3171/728/623
f 3129/731/626 1424/733/628 3172/734/629 4912/732/627
f 4912/732/627 3172/734/629 1449/735/630 3154/736/631
f 3171/728/623 4912/732/627 3154/736/631 1450/729/624
f 1424/733/628 3128/737/632 4913/738/633 3172/734/629
f 3128/737/632 1423/739/634 3173/740/635 4913/738/633
f 4913/738/633 3173/740/635 1448/741/636 3153/742/637
f 3172/734/629 4913/738/633 3153/742/637 1449/735/630
f 1423/739/634 3127/743/638 4914/744/639 3173/740/635
f 3127/743/638 1422/745/640 3174/746/641 4914/744/639
f 4914/744/639 3174/746/641 1447/747/642 3152/748/643
f 3173/740/635 4914/744/639 3152/748/643 1448/741/636
f 1422/745/640 3126/749/644 4915/750/645 3174/746/641
f 3126/749/644 1421/751/646 3175/752/647 4915/750/645
f 4915/750/645 3175/752/647 1446/753/648 3151/754/649
f 3174/746/641 4915/750/645 3151/754/649 1447/747/642
f 1421/751/646 3125/755/650 4916/756/651 3175/752/647
f 3125/755/650 1420/757/652 3176/758/653 4916/756/651
f 4916/756/651 3176/758/653 1445/759/654 3150/760/655
f 3175/752/647 4916/756/651 3150/760/655 1446/753/648
f 1420/757/652 3124/761/656 4917/762/657 3176/758/653
f 3124/761/656 1419/763/658 3177/764/659 4917/762/657
f 4917/762/657 3177/764/659 1444/765/660 3149/766/661
f 3176/758/653 4917/762/657 3149/766/661 1445/759/654
f 1419/763/658 3123/767/662 4918/768/663 3177/764/659
f 3123/767/662 1418/769/664 3178/770/665 4918/768/663
f 4918/768/663 3178/770/665 1443/771/666 3148/772/667
f 3177/764/659 4918/768/663 3148/772/667 1444/765/660
f 1418/769/664 3122/773/668 4919/774/669 3178/770/665
f 3122/773/668 1417/775/670 3179/776/671 4919/774/669
f 4919/774/669 3179/776/671 1442/777/672 3147/778/673
f 3178/770/665 4919/774/669 3147/778/673 1443/771/666
f 1417/775/670 3121/779/674 4920/780/675 3179/776/671
f 3121/779/674 1416/781/676 3180/782/677 4920/780/675
f 4920/780/675 3180/782/677 1441/783/678 3146/784/679
f 3179/776/671 4920/780/675 3146/784/679 1442/777/672
f 1416/781/676 3120/785/680 4921/786/681 3180/782/677
f 3120/785/680 1415/787/682 3181/788/683 4921/786/681
f 4921/786/681 3181/788/683 1440/789/684 3145/790/685
f 3180/782/677 4921/786/681 3145/790/685 1441/783/678
f 1415/787/682 3119/791/686 4922/792/687 3181/788/683
f 3119/791/686 1414/793/688 3182/794/689 4922/792/687
f 4922/792/687 3182/794/689 1439/795/690 3144/796/691
f 3181/788/683 4922/792/687 3144/796/691 1440/789/684
f 1414/793/688 3118/797/692 4923/798/693 3182/794/689
f 3118/797/692 1413/799/694 3183/800/695 4923/798/693
f 4923/798/693 3183/800/695 1438/801/696 3143/802/697
f 3182/794/689 4923/798/693 3143/802/697 1439/795/690
f 1413/799/694 3117/803/698 4924/804/699 3183/800/695
f 3117/803/698 1412/805/700 3184/806/701 4924/804/699
f 4924/804/699 3184/806/701 1437/807/702 3142/808/703
f 3183/800/695 4924/804/699 3142/808/703 1438/801/696
f 1412/805/700 3116/809/704 4925/810/705 3184/806/701
f 3116/809/704 1411/811/706 3185/812/707 4925/810/705
f 4925/810/705 3185/812/707 1436/813/708 3141/814/709
f 3184/806/701 4925/810/705 3141/814/709 1437/807/702
f 1411/811/706 3115/815/710 4926/816/711 3185/812/707
f 3115/815/710 1410/817/712 3186/818/713 4926/816/711
f 4926/816/711 3186/818/713 1435/819/714 3140/820/715
f 3185/812/707 4926/816/711 3140/820/715 1436/813/708
f 1410/817/712 3114/821/716 4927/822/717 3186/818/713
f 3114/821/716 1409/674/569 3187/676/571 4927/822/717
f 4927/822/717 3187/676/571 1434/1/1 3139/823/718
f 3186/818/713 4927/822/717 3139/823/718 1435/819/714
f 11/282/222 1810/824/719 4928/825/720 1615/276/218
f 1810/824/719 1408/826/721 3188/827/722 4928/825/720
f 4928/825/720 3188/827/722 1433/679/574 1811/677/572
f 1615/276/218 4928/825/720 1811/677/572 10/274/216
f 1408/826/721 3112/828/723 4929/829/724 3188/827/722
f 3112/828/723 1407/830/725 3189/831/726 4929/829/724
f 4929/829/724 3189/831/726 1432/685/580 3137/683/578
f 3188/827/722 4929/829/724 3137/683/578 1433/679/574
f 1407/830/725 3111/832/727 4930/833/728 3189/831/726
f 3111/832/727 1406/834/729 3190/835/730 4930/833/728
f 4930/833/728 3190/835/730 1431/691/586 3136/689/584
f 3189/831/726 4930/833/728 3136/689/584 1432/685/580
f 1406/834/729 3110/836/731 4931/837/732 3190/835/730
f 3110/836/731 1405/838/733 3191/839/734 4931/837/732
f 4931/837/732 3191/839/734 1430/697/592 3135/695/590
f 3190/835/730 4931/837/732 3135/695/590 1431/691/586
f 1405/838/733 3109/840/735 4932/841/736 3191/839/734
f 3109/840/735 1404/842/737 3192/843/738 4932/841/736
f 4932/841/736 3192/843/738 1429/703/598 3134/701/596
f 3191/839/734 4932/841/736 3134/701/596 1430/697/592
f 1404/842/737 3108/844/739 4933/845/740 3192/843/738
f 3108/844/739 1403/846/741 3193/847/742 4933/845/740
f 4933/845/740 3193/847/742 1428/709/604 3133/707/602
f 3192/843/738 4933/845/740 3133/707/602 1429/703/598
f 1403/846/741 3107/848/743 4934/849/744 3193/847/742
f 3107/848/743 1402/850/745 3194/851/746 4934/849/744
f 4934/849/744 3194/851/746 1427/715/610 3132/713/608
f 3193/847/742 4934/849/744 3132/713/608 1428/709/604
f 1402/850/745 3106/852/747 4935/853/748 3194/851/746
f 3106/852/747 1401/854/749 3195/855/750 4935/853/748
f 4935/853/748 3195/855/750 1426/721/616 3131/719/614
f 3194/851/746 4935/853/748 3131/719/614 1427/715/610
f 1401/854/749 3105/856/751 4936/857/752 3195/855/750
f 3105/856/751 1400/858/753 3196/859/754 4936/857/752
f 4936/857/752 3196/859/754 1425/727/622 3130/725/620
f 3195/855/750 4936/857/752 3130/725/620 1426/721/616
f 1400/858/753 3104/860/755 4937/861/756 3196/859/754
f 3104/860/755 1399/862/757 3197/863/758 4937/861/756
f 4937/861/756 3197/863/758 1424/733/628 3129/731/626
f 3196/859/754 4937/861/756 3129/731/626 1425/727/622
f 1399/862/757 3103/864/759 4938/865/760 3197/863/758
f 3103/864/759 1398/866/761 3198/867/762 4938/865/760
f 4938/865/760 3198/867/762 1423/739/634 3128/737/632
f 3197/863/758 4938/865/760 3128/737/632 1424/733/628
f 1398/866/761 3102/868/763 4939/869/764 3198/867/762
f 3102/868/763 1397/870/765 3199/871/766 4939/869/764
f 4939/869/764 3199/871/766 1422/745/640 3127/743/638
f 3198/867/762 4939/869/764 3127/743/638 1423/739/634
f 1397/870/765 3101/872/767 4940/873/768 3199/871/766
f 3101/872/767 1396/874/769 3200/875/770 4940/873/768
f 4940/873/768 3200/875/770 1421/751/646 3126/749/644
f 3199/871/766 4940/873/768 3126/749/644 1422/745/640
f 1396/874/769 3100/876/771 4941/877/772 3200/875/770
f 3100/876/771 1395/878/773 3201/879/774 4941/877/772
f 4941/877/772 3201/879/774 1420/757/652 3125/755/650
f 3200/875/770 4941/877/772 3125/755/650 1421/751/646
f 1395/878/773 3099/880/775 4942/881/776 3201/879/774
f 3099/880/775 1394/882/777 3202/883/778 4942/881/776
f 4942/881/776 3202/883/778 1419/763/658 3124/761/656
f 3201/879/774 4942/881/776 3124/761/656 1420/757/652
f 1394/882/777 3098/884/779 4943/885/780 3202/883/778
f 3098/884/779 1393/886/781 3203/887/782 4943/885/780
f 4943/885/780 3203/887/782 1418/769/664 3123/767/662
f 3202/883/778 4943/885/780 3123/767/662 1419/763/658
f 1393/886/781 3097/888/783 4944/889/784 3203/887/782
f 3097/888/783 1392/890/785 3204/891/786 4944/889/784
f 4944/889/784 3204/891/786 1417/775/670 3122/773/668
f 3203/887/782 4944/889/784 3122/773/668 1418/769/664
f 1392/890/785 3096/892/787 4945/893/788 3204/891/786
f 3096/892/787 1391/894/789 3205/895/790 4945/893/788
f 4945/893/788 3205/895/790 1416/781/676 3121/779/674
f 3204/891/786 4945/893/788 3121/779/674 1417/775/670
f 1391/894/789 3095/896/791 4946/897/792 3205/895/790
f 3095/896/791 1390/898/793 3206/899/794 4946/897/792
f 4946/897/792 3206/899/794 1415/787/682 3120/785/680
f 3205/895/790 4946/897/792 3120/785/680 1416/781/676
f 1390/898/793 3094/900/795 4947/901/796 3206/899/794
f 3094/900/795 1389/902/797 3207/903/798 4947/901/796
f 4947/901/796 3207/903/798 1414/793/688 3119/791/686
f 3206/899/794 4947/901/796 3119/791/686 1415/787/682
f 1389/902/797 3093/904/799 4948/905/800 3207/903/798
f 3093/904/799 1388/906/801 3208/907/802 4948/905/800
f 4948/905/800 3208/907/802 1413/799/694 3118/797/692
f 3207/903/798 4948/905/800 3118/797/692 1414/793/688
f 1388/906/801 3092/908/803 4949/909/804 3208/907/802
f 3092/908/803 1387/910/805 3209/911/806 4949/909/804
f 4949/909/804 3209/911/806 1412/805/700 3117/803/698
f 3208/907/802 4949/909/804 3117/803/698 1413/799/694
f 1387/910/805 3091/912/807 4950/913/808 3209/911/806
f 3091/912/807 1386/914/809 3210/915/810 4950/913/808
f 4950/913/808 3210/915/810 1411/811/706 3116/809/704
f 3209/911/806 4950/913/808 3116/809/704 1412/805/700
f 1386/914/809 3090/916/811 4951/917/812 3210/915/810
f 3090/916/811 1385/918/813 3211/919/814 4951/917/812
f 4951/917/812 3211/919/814 1410/817/712 3115/815/710
f 3210/915/810 4951/917/812 3115/815/710 1411/811/706
f 1385/918/813 3089/920/815 4952/921/816 3211/919/814
f 3089/920/815 1384/670/565 3212/672/567 4952/921/816
f 4952/921/816 3212/672/567 1409/674/569 3114/821/716
f 3211/919/814 4952/921/816 3114/821/716 1410/817/712
f 12/290/228 1809/922/817 4953/923/818 1616/284/224
f 1809/922/817 1383/924/819 3213/925/820 4953/923/818
f 4953/923/818 3213/925/820 1408/826/721 1810/824/719
f 1616/284/224 4953/923/818 1810/824/719 11/282/222
f 1383/924/819 3087/926/821 4954/927/822 3213/925/820
f 3087/926/821 1382/928/823 3214/929/824 4954/927/822
f 4954/927/822 3214/929/824 1407/830/725 3112/828/723
f 3213/925/820 4954/927/822 3112/828/723 1408/826/721
f 1382/928/823 3086/930/825 4955/931/826 3214/929/824
f 3086/930/825 1381/932/827 3215/933/828 4955/931/826
f 4955/931/826 3215/933/828 1406/834/729 3111/832/727
f 3214/929/824 4955/931/826 3111/832/727 1407/830/725
f 1381/932/827 3085/934/829 4956/935/830 3215/933/828
f 3085/934/829 1380/936/831 3216/937/832 4956/935/830
f 4956/935/830 3216/937/832 1405/838/733 3110/836/731
f 3215/933/828 4956/935/830 3110/836/731 1406/834/729
f 1380/936/831 3084/938/833 4957/939/834 3216/937/832
f 3084/938/833 1379/940/835 3217/941/836 4957/939/834
f 4957/939/834 3217/941/836 1404/842/737 3109/840/735
f 3216/937/832 4957/939/834 3109/840/735 1405/838/733
f 1379/940/835 3083/942/837 4958/943/838 3217/941/836
f 3083/942/837 1378/944/839 3218/945/840 4958/943/838
f 4958/943/838 3218/945/840 1403/846/741 3108/844/739
f 3217/941/836 4958/943/838 3108/844/739 1404/842/737
f 1378/944/839 3082/946/841 4959/947/842 3218/945/840
f 3082/946/841 1377/948/843 3219/949/844 4959/947/842
f 4959/947/842 3219/949/844 1402/850/745 3107/848/743
f 3218/945/840 4959/947/842 3107/848/743 1403/846/741
f 1377/948/843 3081/950/845 4960/951/846 3219/949/844
f 3081/950/845 1376/952/847 3220/953/848 4960/951/846
f 4960/951/846 3220/953/848 1401/854/749 3106/852/747
f 3219/949/844 4960/951/846 3106/852/747 1402/850/745
f 1376/952/847 3080/954/849 4961/955/850 3220/953/848
f 3080/954/849 1375/956/851 3221/957/852 4961/955/850
f 4961/955/850 3221/957/852 1400/858/753 3105/856/751
f 3220/953/848 4961/955/850 3105/856/751 1401/854/749
f 1375/956/851 3079/958/853 4962/959/854 3221/957/852
f 3079/958/853 1374/960/855 3222/961/856 4962/959/854
f 4962/959/854 3222/961/856 1399/862/757 3104/860/755
f 3221/957/852 4962/959/854 3104/860/755 1400/858/753
f 1374/960/855 3078/962/857 4963/963/858 3222/961/856
f 3078/962/857 1373/964/859 3223/965/860 4963/963/858
f 4963/963/858 3223/965/860 1398/866/761 3103/864/759
f 3222/961/856 4963/963/858 3103/864/759 1399/862/757
f 1373/964/859 3077/966/861 4964/967/862 3223/965/860
f 3077/966/861 1372/968/863 3224/969/864 4964/967/862
f 4964/967/862 3224/969/864 1397/870/765 3102/868/763
f 3223/965/860 4964/967/862 3102/868/763 1398/866/761
f 1372/968/863 3076/970/865 4965/971/866 3224/969/864
f 3076/970/865 1371/972/867 3225/973/868 4965/971/866
f 4965/971/866 3225/973/868 1396/874/769 3101/872/767
f 3224/969/864 4965/971/866 3101/872/767 1397/870/765
f 1371/972/867 3075/974/869 4966/975/870 3225/973/868
f 3075/974/869 1370/976/871 3226/977/872 4966/975/870
f 4966/975/870 3226/977/872 1395/878/773 3100/876/771
f 3225/973/868 4966/975/870 3100/876/771 1396/874/769
f 1370/976/871 3074/978/873 4967/979/874 3226/977/872
f 3074/978/873 1369/980/875 3227/981/876 4967/979/874
f 4967/979/874 3227/981/876 1394/882/777 3099/880/775
f 3226/977/872 4967/979/874 3099/880/775 1395/878/773
f 1369/980/875 3073/982/877 4968/983/878 3227/981/876
f 3073/982/877 1368/984/879 3228/985/880 4968/983/878
f 4968/983/878 3228/985/880 1393/886/781 3098/884/779
f 3227/981/876 4968/983/878 3098/884/779 1394/882/777
f 1368/984/879 3072/986/881 4969/987/882 3228/985/880
f 3072/986/881 1367/988/883 3229/989/884 4969/987/882
f 4969/987/882 3229/989/884 1392/890/785 3097/888/783
f 3228/985/880 4969/987/882 3097/888/783 1393/886/781
f 1367/988/883 3071/990/885 4970/991/886 3229/989/884
f 3071/990/885 1366/992/887 3230/993/888 4970/991/886
f 4970/991/886 3230/993/888 1391/894/789 3096/892/787
f 3229/989/884 4970/991/886 3096/892/787 1392/890/785
f 1366/992/887 3070/994/889 4971/995/890 3230/993/888
f 3070/994/889 1365/996/891 3231/997/892 4971/995/890
f 4971/995/890 3231/997/892 1390/898/793 3095/896/791
f 3230/993/888 4971/995/890 3095/896/791 1391/894/789
f 1365/996/891 3069/998/893 4972/999/894 3231/997/892
f 3069/998/893 1364/1000/895 3232/1001/896 4972/999/894
f 4972/999/894 3232/1001/896 1389/902/797 3094/900/795
f 3231/997/892 4972/999/894 3094/900/795 1390/898/793
f 1364/1000/895 3068/1002/897 4973/1003/898 3232/1001/896
f 3068/1002/897 1363/1004/899 3233/1005/900 4973/1003/898
f 4973/1003/898 3233/1005/900 1388/906/801 3093/904/799
f 3232/1001/896 4973/1003/898 3093/904/799 1389/902/797
f 1363/1004/899 3067/1006/901 4974/1007/902 3233/1005/900
f 3067/1006/901 1362/1008/903 3234/1009/904 4974/1007/902
f 4974/1007/902 3234/1009/904 1387/910/805 3092/908/803
f 3233/1005/900 4974/1007/902 3092/908/803 1388/906/801
f 1362/1008/903 3066/1010/905 4975/1011/906 3234/1009/904
f 3066/1010/905 1361/1012/907 3235/1013/908 4975/1011/906
f 4975/1011/906 3235/1013/908 1386/914/809 3091/912/807
f 3234/1009/904 4975/1011/906 3091/912/807 1387/910/805
f 1361/1012/907 3065/1014/909 4976/1015/910 3235/1013/908
f 3065/1014/909 1360/1016/911 3236/1017/912 4976/1015/910
f 4976/1015/910 3236/1017/912 1385/918/813 3090/916/811
f 3235/1013/908 4976/1015/910 3090/916/811 1386/914/809
f 1360/1016/911 3064/1018/913 4977/1019/914 3236/1017/912
f 3064/1018/913 1359/666/561 3237/668/563 4977/1019/914
f 4977/1019/914 3237/668/563 1384/670/565 3089/920/815
f 3236/1017/912 4977/1019/914 3089/920/815 1385/918/813
f 13/298/234 1808/1020/915 4978/1021/916 1617/292/230
f 1808/1020/915 1358/1022/917 3238/1023/918 4978/1021/916
f 4978/1021/916 3238/1023/918 1383/924/819 1809/922/817
f 1617/292/230 4978/1021/916 1809/922/817 12/290/228
f 1358/1022/917 3062/1024/919 4979/1025/920 3238/1023/918
f 3062/1024/919 1357/1026/921 3239/1027/922 4979/1025/920
f 4979/1025/920 3239/1027/922 1382/928/823 3087/926/821
f 3238/1023/918 4979/1025/920 3087/926/821 1383/924/819
f 1357/1026/921 3061/1028/923 4980/1029/924 3239/1027/922
f 3061/1028/923 1356/1030/925 3240/1031/926 4980/1029/924
f 4980/1029/924 3240/1031/926 1381/932/827 3086/930/825
f 3239/1027/922 4980/1029/924 3086/930/825 1382/928/823
f 1356/1030/925 3060/1032/927 4981/1033/928 3240/1031/926
f 3060/1032/927 1355/1034/929 3241/1035/930 4981/1033/928
f 4981/1033/928 3241/1035/930 1380/936/831 3085/934/829
f 3240/1031/926 4981/1033/928 3085/934/829 1381/932/827
f 1355/1034/929 3059/1036/931 4982/1037/932 3241/1035/930
f 3059/1036/931 1354/1038/933 3242/1039/934 4982/1037/932
f 4982/1037/932 3242/1039/934 1379/940/835 3084/938/833
f 3241/1035/930 4982/1037/932 3084/938/833 1380/936/831
f 1354/1038/933 3058/1040/935 4983/1041/936 3242/1039/934
f 3058/1040/935 1353/1042/937 3243/1043/938 4983/1041/936
f 4983/1041/936 3243/1043/938 1378/944/839 3083/942/837
f 3242/1039/934 4983/1041/936 3083/942/837 1379/940/835
f 1353/1042/937 3057/1044/939 4984/1045/940 3243/1043/938
f 3057/1044/939 1352/1046/941 3244/1047/942 4984/1045/940
f 4984/1045/940 3244/1047/942 1377/948/843 3082/946/841
f 3243/1043/938 4984/1045/940 3082/946/841 1378/944/839
f 1352/1046/941 3056/1048/943 4985/1049/944 3244/1047/942
f 3056/1048/943 1351/1050/945 3245/1051/946 4985/1049/944
f 4985/1049/944 3245/1051/946 1376/952/847 3081/950/845
f 3244/1047/942 4985/1049/944 3081/950/845 1377/948/843
f 1351/1050/945 3055/1052/947 4986/1053/948 3245/1051/946
f 3055/1052/947 1350/1054/949 3246/1055/950 4986/1053/948
f 4986/1053/948 3246/1055/950 1375/956/851 3080/954/849
f 3245/1051/946 4986/1053/948 3080/954/849 1376/952/847
f 1350/1054/949 3054/1056/951 4987/1057/952 3246/1055/950
f 3054/1056/951 1349/1058/953 3247/1059/954 4987/1057/952
f 4987/1057/952 3247/1059/954 1374/960/855 3079/958/853
f 3246/1055/950 4987/1057/952 3079/958/853 1375/956/851
f 1349/1058/953 3053/1060/955 4988/1061/956 3247/1059/954
f 3053/1060/955 1348/1062/957 3248/1063/958 4988/1061/956
f 4988/1061/956 3248/1063/958 1373/964/859 3078/962/857
f 3247/1059/954 4988/1061/956 3078/962/857 1374/960/855
f 1348/1062/957 3052/1064/959 4989/1065/960 3248/1063/958
f 3052/1064/959 1347/1066/961 3249/1067/962 4989/1065/960
f 4989/1065/960 3249/1067/962 1372/968/863 3077/966/861
f 3248/1063/958 4989/1065/960 3077/966/861 1373/964/859
f 1347/1066/961 3051/1068/963 4990/1069/964 3249/1067/962
f 3051/1068/963 1346/1070/965 3250/1071/966 4990/1069/964
f 4990/1069/964 3250/1071/966 1371/972/867 3076/970/865
f 3249/1067/962 4990/1069/964 3076/970/865 1372/968/863
f 1346/1070/965 3050/1072/967 4991/1073/968 3250/1071/966
f 3050/1072/967 1345/1074/969 3251/1075/970 4991/1073/968
f 4991/1073/968 3251/1075/970 1370/976/871 3075/974/869
f 3250/1071/966 4991/1073/968 3075/974/869 1371/972/867
f 1345/1074/969 3049/1076/971 4992/1077/972 3251/1075/970
f 3049/1076/971 1344/1078/973 3252/1079/974 4992/1077/972
f 4992/1077/972 3252/1079/974 1369/980/875 3074/978/873
f 3251/1075/970 4992/1077/972 3074/978/873 1370/976/871
f 1344/1078/973 3048/1080/975 4993/1081/976 3252/1079/974
f 3048/1080/975 1343/1082/977 3253/1083/978 4993/1081/976
f 4993/1081/976 3253/1083/978 1368/984/879 3073/982/877
f 3252/1079/974 4993/1081/976 3073/982/877 1369/980/875
f 1343/1082/977 3047/1084/979 4994/1085/980 3253/1083/978
f 3047/1084/979 1342/1086/981 3254/1087/982 4994/1085/980
f 4994/1085/980 3254/1087/982 1367/988/883 3072/986/881
f 3253/1083/978 4994/1085/980 3072/986/881 1368/984/879
f 1342/1086/981 3046/1088/983 4995/1089/984 3254/1087/982
f 3046/1088/983 1341/1090/985 3255/1091/986 4995/1089/984
f 4995/1089/984 3255/1091/986 1366/992/887 3071/990/885
f 3254/1087/982 4995/1089/984 3071/990/885 1367/988/883
f 1341/1090/985 3045/1092/987 4996/1093/988 3255/1091/986
f 3045/1092/987 1340/1094/989 3256/1095/990 4996/1093/988
f 4996/1093/988 3256/1095/990 1365/996/891 3070/994/889
f 3255/1091/986 4996/1093/988 3070/994/889 1366/992/887
f 1340/1094/989 3044/1096/991 4997/1097/992 3256/1095/990
f 3044/1096/991 1339/1098/993 3257/1099/994 4997/1097/992
f 4997/1097/992 3257/1099/994 1364/1000/895 3069/998/893
f 3256/1095/990 4997/1097/992 3069/998/893 1365/996/891
f 1339/1098/993 3043/1100/995 4998/1101/996 3257/1099/994
f 3043/1100/995 1338/1102/997 3258/1103/998 4998/1101/996
f 4998/1101/996 3258/1103/998 1363/1004/899 3068/1002/897
f 3257/1099/994 4998/1101/996 3068/1002/897 1364/1000/895
f 1338/1102/997 3042/1104/999 4999/1105/1000 3258/1103/998
f 3042/1104/999 1337/1106/1001 3259/1107/1002 4999/1105/1000
f 4999/1105/1000 3259/1107/1002 1362/1008/903 3067/1006/901
f 3258/1103/998 4999/1105/1000 3067/1006/901 1363/1004/899
f 1337/1106/1001 3041/1108/1003 5000/1109/1004 3259/1107/1002
f 3041/1108/1003 1336/1110/1005 3260/1111/1006 5000/1109/1004
f 5000/1109/1004 3260/1111/1006 1361/1012/907 3066/1010/905
f 3259/1107/1002 5000/1109/1004 3066/1010/905 1362/1008/903
f 1336/1110/1005 3040/1112/1007 5001/1113/1008 3260/1111/1006
f 3040/1112/1007 1335/1114/1009 3261/1115/1010 5001/1113/1008
f 5001/1113/1008 3261/1115/1010 1360/1016/911 3065/1014/909
f 3260/1111/1006 5001/1113/1008 3065/1014/909 1361/1012/907
f 1335/1114/1009 3039/1116/1011 5002/1117/1012 3261/1115/1010
f 3039/1116/1011 1334/662/557 3262/664/559 5002/1117/1012
f 5002/1117/1012 3262/664/559 1359/666/561 3064/1018/913
f 3261/1115/1010 5002/1117/1012 3064/1018/913 1360/1016/911
f 14/306/240 1807/1118/1013 5003/1119/1014 1618/300/236
f 1807/1118/1013 1333/1120/1015 3263/1121/1016 5003/1119/1014
f 5003/1119/1014 3263/1121/1016 1358/1022/917 1808/1020/915
f 1618/300/236 5003/1119/1014 1808/1020/915 13/298/234
f 1333/1120/1015 3037/1122/1017 5004/1123/1018 3263/1121/1016
f 3037/1122/1017 1332/1124/1019 3264/1125/1020 5004/1123/1018
f 5004/1123/1018 3264/1125/1020 1357/1026/921 3062/1024/919
f 3263/1121/1016 5004/1123/1018 3062/1024/919 1358/1022/917
f 1332/1124/1019 3036/1126/1021 5005/1127/1022 3264/1125/1020
f 3036/1126/1021 1331/1128/1023 3265/1129/1024 5005/1127/1022
f 5005/1127/1022 3265/1129/1024 1356/1030/925 3061/1028/923
f 3264/1125/1020 5005/1127/1022 3061/1028/923 1357/1026/921
f 1331/1128/1023 3035/1130/1025 5006/1131/1026 3265/1129/1024
f 3035/1130/1025 1330/1132/1027 3266/1133/1028 5006/1131/1026
f 5006/1131/1026 3266/1133/1028 1355/1034/929 3060/1032/927
f 3265/1129/1024 5006/1131/1026 3060/1032/927 1356/1030/925
f 1330/1132/1027 3034/1134/1029 5007/1135/1030 3266/1133/1028
f 3034/1134/1029 1329/1136/1031 3267/1137/1032 5007/1135/1030
f 5007/1135/1030 3267/1137/1032 1354/1038/933 3059/1036/931
f 3266/1133/1028 5007/1135/1030 3059/1036/931 1355/1034/929
f 1329/1136/1031 3033/1138/1033 5008/1139/1034 3267/1137/1032
f 3033/1138/1033 1328/1140/1035 3268/1141/1036 5008/1139/1034
f 5008/1139/1034 3268/1141/1036 1353/1042/937 3058/1040/935
f 3267/1137/1032 5008/1139/1034 3058/1040/935 1354/1038/933
f 1328/1140/1035 3032/1142/1037 5009/1143/1038 3268/1141/1036
f 3032/1142/1037 1327/1144/1039 3269/1145/1040 5009/1143/1038
f 5009/1143/1038 3269/1145/1040 1352/1046/941 3057/1044/939
f 3268/1141/1036 5009/1143/1038 3057/1044/939 1353/1042/937
f 1327/1144/1039 3031/1146/1041 5010/1147/1042 3269/1145/1040
f 3031/1146/1041 1326/1148/1043 3270/1149/1044 5010/1147/1042
f 5010/1147/1042 3270/1149/1044 1351/1050/945 3056/1048/943
f 3269/1145/1040 5010/1147/1042 3056/1048/943 1352/1046/941
f 1326/1148/1043 3030/1150/1045 5011/1151/1046 3270/1149/1044
f 3030/1150/1045 1325/1152/1047 3271/1153/1048 5011/1151/1046
f 5011/1151/1046 3271/1153/1048 1350/1054/949 3055/1052/947
f 3270/1149/1044 5011/1151/1046 3055/1052/947 1351/1050/945
f 1325/1152/1047 3029/1154/1049 5012/1155/1050 3271/1153/1048
f 3029/1154/1049 1324/1156/1051 3272/1157/1052 5012/1155/1050
f 5012/1155/1050 3272/1157/1052 1349/1058/953 3054/1056/951
f 3271/1153/1048 5012/1155/1050 3054/1056/951 1350/1054/949
f 1324/1156/1051 3028/1158/1053 5013/1159/1054 3272/1157/1052
f 3028/1158/1053 1323/1160/1055 3273/1161/1056 5013/1159/1054
f 5013/1159/1054 3273/1161/1056 1348/1062/957 3053/1060/955
f 3272/1157/1052 5013/1159/1054 3053/1060/955 1349/1058/953
f 1323/1160/1055 3027/1162/1057 5014/1163/1058 3273/1161/1056
f 3027/1162/1057 1322/1164/1059 3274/1165/1060 5014/1163/1058
f 5014/1163/1058 3274/1165/1060 1347/1066/961 3052/1064/959
f 3273/1161/1056 5014/1163/1058 3052/1064/959 1348/1062/957
f 1322/1164/1059 3026/1166/1061 5015/1167/1062 3274/1165/1060
f 3026/1166/1061 1321/1168/1063 3275/1169/1064 5015/1167/1062
f 5015/1167/1062 3275/1169/1064 1346/1070/965 3051/1068/963
f 3274/1165/1060 5015/1167/1062 3051/1068/963 1347/1066/961
f 1321/1168/1063 3025/1170/1065 5016/1171/1066 3275/1169/1064
f 3025/1170/1065 1320/1172/1067 3276/1173/1068 5016/1171/1066
f 5016/1171/1066 3276/1173/1068 1345/1074/969 3050/1072/967
f 3275/1169/1064 5016/1171/1066 3050/1072/967 1346/1070/965
f 1320/1172/1067 3024/1174/1069 5017/1175/1070 3276/1173/1068
f 3024/1174/1069 1319/1176/1071 3277/1177/1072 5017/1175/1070
f 5017/1175/1070 3277/1177/1072 1344/1078/973 3049/1076/971
f 3276/1173/1068 5017/1175/1070 3049/1076/971 1345/1074/969
f 1319/1176/1071 3023/1178/1073 5018/1179/1074 3277/1177/1072
f 3023/1178/1073 1318/1180/1075 3278/1181/1076 5018/1179/1074
f 5018/1179/1074 3278/1181/1076 1343/1082/977 3048/1080/975
f 3277/1177/1072 5018/1179/1074 3048/1080/975 1344/1078/973
f 1318/1180/1075 3022/1182/1077 5019/1183/1078 3278/1181/1076
f 3022/1182/1077 1317/1184/1079 3279/1185/1080 5019/1183/1078
f 5019/1183/1078 3279/1185/1080 1342/1086/981 3047/1084/979
f 3278/1181/1076 5019/1183/1078 3047/1084/979 1343/1082/977
f 1317/1184/1079 3021/1186/1081 5020/1187/1082 3279/1185/1080
f 3021/1186/1081 1316/1188/1083 3280/1189/1084 5020/1187/1082
f 5020/1187/1082 3280/1189/1084 1341/1090/985 3046/1088/983
f 3279/1185/1080 5020/1187/1082 3046/1088/983 1342/1086/981
f 1316/1188/1083 3020/1190/1085 5021/1191/1086 3280/1189/1084
f 3020/1190/1085 1315/1192/1087 3281/1193/1088 5021/1191/1086
f 5021/1191/1086 3281/1193/1088 1340/1094/989 3045/1092/987
f 3280/1189/1084 5021/1191/1086 3045/1092/987 1341/1090/985
f 1315/1192/1087 3019/1194/1089 5022/1195/1090 3281/1193/1088
f 3019/1194/1089 1314/1196/1091 3282/1197/1092 5022/1195/1090
f 5022/1195/1090 3282/1197/1092 1339/1098/993 3044/1096/991
f 3281/1193/1088 5022/1195/1090 3044/1096/991 1340/1094/989
f 1314/1196/1091 3018/1198/1093 5023/1199/1094 3282/1197/1092
f 3018/1198/1093 1313/1200/1095 3283/1201/1096 5023/1199/1094
f 5023/1199/1094 3283/1201/1096 1338/1102/997 3043/1100/995
f 3282/1197/1092 5023/1199/1094 3043/1100/995 1339/1098/993
f 1313/1200/1095 3017/1202/1097 5024/1203/1098 3283/1201/1096
f 3017/1202/1097 1312/1204/1099 3284/1205/1100 5024/1203/1098
f 5024/1203/1098 3284/1205/1100 1337/1106/1001 3042/1104/999
f 3283/1201/1096 5024/1203/1098 3042/1104/999 1338/1102/997
f 1312/1204/1099 3016/1206/1101 5025/1207/1102 3284/1205/1100
f 3016/1206/1101 1311/1208/1103 3285/1209/1104 5025/1207/1102
f 5025/1207/1102 3285/1209/1104 1336/1110/1005 3041/1108/1003
f 3284/1205/1100 5025/1207/1102 3041/1108/1003 1337/1106/1001
f 1311/1208/1103 3015/1210/1105 5026/1211/1106 3285/1209/1104
f 3015/1210/1105 1310/1212/1107 3286/1213/1108 5026/1211/1106
f 5026/1211/1106 3286/1213/1108 1335/1114/1009 3040/1112/1007
f 3285/1209/1104 5026/1211/1106 3040/1112/1007 1336/1110/1005
f 1310/1212/1107 3014/1214/1109 5027/1215/1110 3286/1213/1108
f 3014/1214/1109 1309/658/553 3287/660/555 5027/1215/1110
f 5027/1215/1110 3287/660/555 1334/662/557 3039/1116/1011
f 3286/1213/1108 5027/1215/1110 3039/1116/1011 1335/1114/1009
f 15/314/246 1806/1216/1111 5028/1217/1112 1619/308/242
f 1806/1216/1111 1308/1218/1113 3288/1219/1114 5028/1217/1112
f 5028/1217/1112 3288/1219/1114 1333/1120/1015 1807/1118/1013
f 1619/308/242 5028/1217/1112 1807/1118/1013 14/306/240
f 1308/1218/1113 3012/1220/1115 5029/1221/1116 3288/1219/1114
f 3012/1220/1115 1307/1222/1117 3289/1223/1118 5029/1221/1116
f 5029/1221/1116 3289/1223/1118 1332/1124/1019 3037/1122/1017
f 3288/1219/1114 5029/1221/1116 3037/1122/1017 1333/1120/1015
f 1307/1222/1117 3011/1224/1119 5030/1225/1120 3289/1223/1118
f 3011/1224/1119 1306/1226/1121 3290/1227/1122 5030/1225/1120
f 5030/1225/1120 3290/1227/1122 1331/1128/1023 3036/1126/1021
f 3289/1223/1118 5030/1225/1120 3036/1126/1021 1332/1124/1019
f 1306/1226/1121 3010/1228/1123 5031/1229/1124 3290/1227/1122
f 3010/1228/1123 1305/1230/1125 3291/1231/1126 5031/1229/1124
f 5031/1229/1124 3291/1231/1126 1330/1132/1027 3035/1130/1025
f 3290/1227/1122 5031/1229/1124 3035/1130/1025 1331/1128/1023
f 1305/1230/1125 3009/1232/1127 5032/1233/1128 3291/1231/1126
f 3009/1232/1127 1304/1234/1129 3292/1235/1130 5032/1233/1128
f 5032/1233/1128 3292/1235/1130 1329/1136/1031 3034/1134/1029
f 3291/1231/1126 5032/1233/1128 3034/1134/1029 1330/1132/1027
f 1304/1234/1129 3008/1236/1131 5033/1237/1132 3292/1235/1130
f 3008/1236/1131 1303/1238/1133 3293/1239/1134 5033/1237/1132
f 5033/1237/1132 3293/1239/1134 1328/1140/1035 3033/1138/1033
f 3292/1235/1130 5033/1237/1132 3033/1138/1033 1329/1136/1031
f 1303/1238/1133 3007/1240/1135 5034/1241/1136 3293/1239/1134
f 3007/1240/1135 1302/1242/1137 3294/1243/1138 5034/1241/1136
f 5034/1241/1136 3294/1243/1138 1327/1144/1039 3032/1142/1037
f 3293/1239/1134 5034/1241/1136 3032/1142/1037 1328/1140/1035
f 1302/1242/1137 3006/1244/1139 5035/1245/1140 3294/1243/1138
f 3006/1244/1139 1301/1246/1141 3295/1247/1142 5035/1245/1140
f 5035/1245/1140 3295/1247/1142 1326/1148/1043 3031/1146/1041
f 3294/1243/1138 5035/1245/1140 3031/1146/1041 1327/1144/1039
f 1301/1246/1141 3005/1248/1143 5036/1249/1144 3295/1247/1142
f 3005/1248/1143 1300/1250/1145 3296/1251/1146 5036/1249/1144
f 5036/1249/1144 3296/1251/1146 1325/1152/1047 3030/1150/1045
f 3295/1247/1142 5036/1249/1144 3030/1150/1045 1326/1148/1043
f 1300/1250/1145 3004/1252/1147 5037/1253/1148 3296/1251/1146
f 3004/1252/1147 1299/1254/1149 3297/1255/1150 5037/1253/1148
f 5037/1253/1148 3297/1255/1150 1324/1156/1051 3029/1154/1049
f 3296/1251/1146 5037/1253/1148 3029/1154/1049 1325/1152/1047
f 1299/1254/1149 3003/1256/1151 5038/1257/1152 3297/1255/1150
f 3003/1256/1151 1298/1258/1153 3298/1259/1154 5038/1257/1152
f 5038/1257/1152 3298/1259/1154 1323/1160/1055 3028/1158/1053
f 3297/1255/1150 5038/1257/1152 3028/1158/1053 1324/1156/1051
f 1298/1258/1153 3002/1260/1155 5039/1261/1156 3298/1259/1154
f 3002/1260/1155 1297/1262/1157 3299/1263/1158 5039/1261/1156
f 5039/1261/1156 3299/1263/1158 1322/1164/1059 3027/1162/1057
f 3298/1259/1154 5039/1261/1156 3027/1162/1057 1323/1160/1055
f 1297/1262/1157 3001/1264/1159 5040/1265/1160 3299/1263/1158
f 3001/1264/1159 1296/1266/1161 3300/1267/1162 5040/1265/1160
f 5040/1265/1160 3300/1267/1162 1321/1168/1063 3026/1166/1061
f 3299/1263/1158 5040/1265/1160 3026/1166/1061 1322/1164/1059
f 1296/1266/1161 3000/1268/1163 5041/1269/1164 3300/1267/1162
f 3000/1268/1163 1295/1270/1165 3301/1271/1166 5041/1269/1164
f 5041/1269/1164 3301/1271/1166 1320/1172/1067 3025/1170/1065
f 3300/1267/1162 5041/1269/1164 3025/1170/1065 1321/1168/1063
f 1295/1270/1165 2999/1272/1167 5042/1273/1168 3301/1271/1166
f 2999/1272/1167 1294/1274/1169 3302/1275/1170 5042/1273/1168
f 5042/1273/1168 3302/1275/1170 1319/1176/1071 3024/1174/1069
f 3301/1271/1166 5042/1273/1168 3024/1174/1069 1320/1172/1067
f 1294/1274/1169 2998/1276/1171 5043/1277/1172 3302/1275/1170
f 2998/1276/1171 1293/1278/1173 3303/1279/1174 5043/1277/1172
f 5043/1277/1172 3303/1279/1174 1318/1180/1075 3023/1178/1073
f 3302/1275/1170 5043/1277/1172 3023/1178/1073 1319/1176/1071
f 1293/1278/1173 2997/1280/1175 5044/1281/1176 3303/1279/1174
f 2997/1280/1175 1292/1282/1177 3304/1283/1178 5044/1281/1176
f 5044/1281/1176 3304/1283/1178 1317/1184/1079 3022/1182/1077
f 3303/1279/1174 5044/1281/1176 3022/1182/1077 1318/1180/1075
f 1292/1282/1177 2996/1284/1179 5045/1285/1180 3304/1283/1178
f 2996/1284/1179 1291/1286/1181 3305/1287/1182 5045/1285/1180
f 5045/1285/1180 3305/1287/1182 1316/1188/1083 3021/1186/1081
f 3304/1283/1178 5045/1285/1180 3021/1186/1081 1317/1184/1079
f 1291/1286/1181 2995/1288/1183 5046/1289/1184 3305/1287/1182
f 2995/1288/1183 1290/1290/1185 3306/1291/1186 5046/1289/1184
f 5046/1289/1184 3306/1291/1186 1315/1192/1087 3020/1190/1085
f 3305/1287/1182 5046/1289/1184 3020/1190/1085 1316/1188/1083
f 1290/1290/1185 2994/1292/1187 5047/1293/1188 3306/1291/1186
f 2994/1292/1187 1289/1294/1189 3307/1295/1190 5047/1293/1188
f 5047/1293/1188 3307/1295/1190 1314/1196/1091 3019/1194/1089
f 3306/1291/1186 5047/1293/1188 3019/1194/1089 1315/1192/1087
f 1289/1294/1189 2993/1296/1191 5048/1297/1192 3307/1295/1190
f 2993/1296/1191 1288/1298/1193 3308/1299/1194 5048/1297/1192
f 5048/1297/1192 3308/1299/1194 1313/1200/1095 3018/1198/1093
f 3307/1295/1190 5048/1297/1192 3018/1198/1093 1314/1196/1091
f 1288/1298/1193 2992/1300/1195 5049/1301/1196 3308/1299/1194
f 2992/1300/1195 1287/1302/1197 3309/1303/1198 5049/1301/1196
f 5049/1301/1196 3309/1303/1198 1312/1204/1099 3017/1202/1097
f 3308/1299/1194 5049/1301/1196 3017/1202/1097 1313/1200/1095
f 1287/1302/1197 2991/1304/1199 5050/1305/1200 3309/1303/1198
f 2991/1304/1199 1286/1306/1201 3310/1307/1202 5050/1305/1200
f 5050/1305/1200 3310/1307/1202 1311/1208/1103 3016/1206/1101
f 3309/1303/1198 5050/1305/1200 3016/1206/1101 1312/1204/1099
f 1286/1306/1201 2990/1308/1203 5051/1309/1204 3310/1307/1202
f 2990/1308/1203 1285/1310/1205 3311/1311/1206 5051/1309/1204
f 5051/1309/1204 3311/1311/1206 1310/1212/1107 3015/1210/1105
f 3310/1307/1202 5051/1309/1204 3015/1210/1105 1311/1208/1103
f 1285/1310/1205 2989/1312/1207 5052/1313/1208 3311/1311/1206
f 2989/1312/1207 1284/654/549 3312/656/551 5052/1313/1208
f 5052/1313/1208 3312/656/551 1309/658/553 3014/1214/1109
f 3311/1311/1206 5052/1313/1208 3014/1214/1109 1310/1212/1107
f 16/322/252 1805/1314/1209 5053/1315/1210 1620/316/248
f 1805/1314/1209 1283/1316/1211 3313/1317/1212 5053/1315/1210
f 5053/1315/1210 3313/1317/1212 1308/1218/1113 1806/1216/1111
f 1620/316/248 5053/1315/1210 1806/1216/1111 15/314/246
f 1283/1316/1211 2987/1318/1213 5054/1319/1214 3313/1317/1212
f 2987/1318/1213 1282/1320/1215 3314/1321/1216 5054/1319/1214
f 5054/1319/1214 3314/1321/1216 1307/1222/1117 3012/1220/1115
f 3313/1317/1212 5054/1319/1214 3012/1220/1115 1308/1218/1113
f 1282/1320/1215 2986/1322/1217 5055/1323/1218 3314/1321/1216
f 2986/1322/1217 1281/1324/1219 3315/1325/1220 5055/1323/1218
f 5055/1323/1218 3315/1325/1220 1306/1226/1121 3011/1224/1119
f 3314/1321/1216 5055/1323/1218 3011/1224/1119 1307/1222/1117
f 1281/1324/1219 2985/1326/1221 5056/1327/1222 3315/1325/1220
f 2985/1326/1221 1280/1328/1223 3316/1329/1224 5056/1327/1222
f 5056/1327/1222 3316/1329/1224 1305/1230/1125 3010/1228/1123
f 3315/1325/1220 5056/1327/1222 3010/1228/1123 1306/1226/1121
f 1280/1328/1223 2984/1330/1225 5057/1331/1226 3316/1329/1224
f 2984/1330/1225 1279/1332/1227 3317/1333/1228 5057/1331/1226
f 5057/1331/1226 3317/1333/1228 1304/1234/1129 3009/1232/1127
f 3316/1329/1224 5057/1331/1226 3009/1232/1127 1305/1230/1125
f 1279/1332/1227 2983/1334/1229 5058/1335/1230 3317/1333/1228
f 2983/1334/1229 1278/1336/1231 3318/1337/1232 5058/1335/1230
f 5058/1335/1230 3318/1337/1232 1303/1238/1133 3008/1236/1131
f 3317/1333/1228 5058/1335/1230 3008/1236/1131 1304/1234/1129
f 1278/1336/1231 2982/1338/1233 5059/1339/1234 3318/1337/1232
f 2982/1338/1233 1277/1340/1235 3319/1341/1236 5059/1339/1234
f 5059/1339/1234 3319/1341/1236 1302/1242/1137 3007/1240/1135
f 3318/1337/1232 5059/1339/1234 3007/1240/1135 1303/1238/1133
f 1277/1340/1235 2981/1342/1237 5060/1343/1238 3319/1341/1236
f 2981/1342/1237 1276/1344/1239 3320/1345/1240 5060/1343/1238
f 5060/1343/1238 3320/1345/1240 1301/1246/1141 3006/1244/1139
f 3319/1341/1236 5060/1343/1238 3006/1244/1139 1302/1242/1137
f 1276/1344/1239 2980/1346/1241 5061/1347/1242 3320/1345/1240
f 2980/1346/1241 1275/1348/1243 3321/1349/1244 5061/1347/1242
f 5061/1347/1242 3321/1349/1244 1300/1250/1145 3005/1248/1143
f 3320/1345/1240 5061/1347/1242 3005/1248/1143 1301/1246/1141
f 1275/1348/1243 2979/1350/1245 5062/1351/1246 3321/1349/1244
f 2979/1350/1245 1274/1352/1247 3322/1353/1248 5062/1351/1246
f 5062/1351/1246 3322/1353/1248 1299/1254/1149 3004/1252/1147
f 3321/1349/1244 5062/1351/1246 3004/1252/1147 1300/1250/1145
f 1274/1352/1247 2978/1354/1249 5063/1355/1250 3322/1353/1248
f 2978/1354/1249 1273/1356/1251 3323/1357/1252 5063/1355/1250
f 5063/1355/1250 3323/1357/1252 1298/1258/1153 3003/1256/1151
f 3322/1353/1248 5063/1355/1250 3003/1256/1151 1299/1254/1149
f 1273/1356/1251 2977/1358/1253 5064/1359/1254 3323/1357/1252
f 2977/1358/1253 1272/1360/1255 3324/1361/1256 5064/1359/1254
f 5064/1359/1254 3324/1361/1256 1297/1262/1157 3002/1260/1155
f 3323/1357/1252 5064/1359/1254 3002/1260/1155 1298/1258/1153
f 1272/1360/1255 2976/1362/1257 5065/1363/1258 3324/1361/1256
f 2976/1362/1257 1271/1364/1259 3325/1365/1260 5065/1363/1258
f 5065/1363/1258 3325/1365/1260 1296/1266/1161 3001/1264/1159
f 3324/1361/1256 5065/1363/1258 3001/1264/1159 1297/1262/1157
f 1271/1364/1259 2975/1366/1261 5066/1367/1262 3325/1365/1260
f 2975/1366/1261 1270/1368/1263 3326/1369/1264 5066/1367/1262
f 5066/1367/1262 3326/1369/1264 1295/1270/1165 3000/1268/1163
f 3325/1365/1260 5066/1367/1262 3000/1268/1163 1296/1266/1161
f 1270/1368/1263 2974/1370/1265 5067/1371/1266 3326/1369/1264
f 2974/1370/1265 1269/1372/1267 3327/1373/1268 5067/1371/1266
f 5067/1371/1266 3327/1373/1268 1294/1274/1169 2999/1272/1167
f 3326/1369/1264 5067/1371/1266 2999/1272/1167 1295/1270/1165
f 1269/1372/1267 2973/1374/1269 5068/1375/1270 3327/1373/1268
f 2973/1374/1269 1268/1376/1271 3328/1377/1272 5068/1375/1270
f 5068/1375/1270 3328/1377/1272 1293/1278/1173 2998/1276/1171
f 3327/1373/1268 5068/1375/1270 2998/1276/1171 1294/1274/1169
f 1268/1376/1271 2972/1378/1273 5069/1379/1274 3328/1377/1272
f 2972/1378/1273 1267/1380/1275 3329/1381/1276 5069/1379/1274
f 5069/1379/1274 3329/1381/1276 1292/1282/1177 2997/1280/1175
f 3328/1377/1272 5069/1379/1274 2997/1280/1175 1293/1278/1173
f 1267/1380/1275 2971/1382/1277 5070/1383/1278 3329/1381/1276
f 2971/1382/1277 1266/1384/1279 3330/1385/1280 5070/1383/1278
f 5070/1383/1278 3330/1385/1280 1291/1286/1181 2996/1284/1179
f 3329/1381/1276 5070/1383/1278 2996/1284/1179 1292/1282/1177
f 1266/1384/1279 2970/1386/1281 5071/1387/1282 3330/1385/1280
f 2970/1386/1281 1265/1388/1283 3331/1389/1284 5071/1387/1282
f 5071/1387/1282 3331/1389/1284 1290/1290/1185 2995/1288/1183
f 3330/1385/1280 5071/1387/1282 2995/1288/1183 1291/1286/1181
f 1265/1388/1283 2969/1390/1285 5072/1391/1286 3331/1389/1284
f 2969/1390/1285 1264/1392/1287 3332/1393/1288 5072/1391/1286
f 5072/1391/1286 3332/1393/1288 1289/1294/1189 2994/1292/1187
f 3331/1389/1284 5072/1391/1286 2994/1292/1187 1290/1290/1185
f 1264/1392/1287 2968/1394/1289 5073/1395/1290 3332/1393/1288
f 2968/1394/1289 1263/1396/1291 3333/1397/1292 5073/1395/1290
f 5073/1395/1290 3333/1397/1292 1288/1298/1193 2993/1296/1191
f 3332/1393/1288 5073/1395/1290 2993/1296/1191 1289/1294/1189
f 1263/1396/1291 2967/1398/1293 5074/1399/1294 3333/1397/1292
f 2967/1398/1293 1262/1400/1295 3334/1401/1296 5074/1399/1294
f 5074/1399/1294 3334/1401/1296 1287/1302/1197 2992/1300/1195
f 3333/1397/1292 5074/1399/1294 2992/1300/1195 1288/1298/1193
f 1262/1400/1295 2966/1402/1297 5075/1403/1298 3334/1401/1296
f 2966/1402/1297 1261/1404/1299 3335/1405/1300 5075/1403/1298
f 5075/1403/1298 3335/1405/1300 1286/1306/1201 2991/1304/1199
f 3334/1401/1296 5075/1403/1298 2991/1304/1199 1287/1302/1197
f 1261/1404/1299 2965/1406/1301 5076/1407/1302 3335/1405/1300
f 2965/1406/1301 1260/1408/1303 3336/1409/1304 5076/1407/1302
f 5076/1407/1302 3336/1409/1304 1285/1310/1205 2990/1308/1203
f 3335/1405/1300 5076/1407/1302 2990/1308/1203 1286/1306/1201
f 1260/1408/1303 2964/1410/1305 5077/1411/1306 3336/1409/1304
f 2964/1410/1305 1259/650/545 3337/652/547 5077/1411/1306
f 5077/1411/1306 3337/652/547 1284/654/549 2989/1312/1207
f 3336/1409/1304 5077/1411/1306 2989/1312/1207 1285/1310/1205
f 17/330/258 1804/1412/1307 5078/1413/1308 1621/324/254
f 1804/1412/1307 1258/1414/1309 3338/1415/1310 5078/1413/1308
f 5078/1413/1308 3338/1415/1310 1283/1316/1211 1805/1314/1209
f 1621/324/254 5078/1413/1308 1805/1314/1209 16/322/252
f 1258/1414/1309 2962/1416/1311 5079/1417/1312 3338/1415/1310
f 2962/1416/1311 1257/1418/1313 3339/1419/1314 5079/1417/1312
f 5079/1417/1312 3339/1419/1314 1282/1320/1215 2987/1318/1213
f 3338/1415/1310 5079/1417/1312 2987/1318/1213 1283/1316/1211
f 1257/1418/1313 2961/1420/1315 5080/1421/1316 3339/1419/1314
f 2961/1420/1315 1256/1422/1317 3340/1423/1318 5080/1421/1316
f 5080/1421/1316 3340/1423/1318 1281/1324/1219 2986/1322/1217
f 3339/1419/1314 5080/1421/1316 2986/1322/1217 1282/1320/1215
f 1256/1422/1317 2960/1424/1319 5081/1425/1320 3340/1423/1318
f 2960/1424/1319 1255/1426/1321 3341/1427/1322 5081/1425/1320
f 5081/1425/1320 3341/1427/1322 1280/1328/1223 2985/1326/1221
f 3340/1423/1318 5081/1425/1320 2985/1326/1221 1281/1324/1219
f 1255/1426/1321 2959/1428/1323 5082/1429/1324 3341/1427/1322
f 2959/1428/1323 1254/1430/1325 3342/1431/1326 5082/1429/1324
f 5082/1429/1324 3342/1431/1326 1279/1332/1227 2984/1330/1225
f 3341/1427/1322 5082/1429/1324 2984/1330/1225 1280/1328/1223
f 1254/1430/1325 2958/1432/1327 5083/1433/1328 3342/1431/1326
f 2958/1432/1327 1253/1434/1329 3343/1435/1330 5083/1433/1328
f 5083/1433/1328 3343/1435/1330 1278/1336/1231 2983/1334/1229
f 3342/1431/1326 5083/1433/1328 2983/1334/1229 1279/1332/1227
f 1253/1434/1329 2957/1436/1331 5084/1437/1332 3343/1435/1330
f 2957/1436/1331 1252/1438/1333 3344/1439/1334 5084/1437/1332
f 5084/1437/1332 3344/1439/1334 1277/1340/1235 2982/1338/1233
f 3343/1435/1330 5084/1437/1332 2982/1338/1233 1278/1336/1231
f 1252/1438/1333 2956/1440/1335 5085/1441/1336 3344/1439/1334
f 2956/1440/1335 1251/1442/1337 3345/1443/1338 5085/1441/1336
f 5085/1441/1336 3345/1443/1338 1276/1344/1239 2981/1342/1237
f 3344/1439/1334 5085/1441/1336 2981/1342/1237 1277/1340/1235
f 1251/1442/1337 2955/1444/1339 5086/1445/1340 3345/1443/1338
f 2955/1444/1339 1250/1446/1341 3346/1447/1342 5086/1445/1340
f 5086/1445/1340 3346/1447/1342 1275/1348/1243 2980/1346/1241
f 3345/1443/1338 5086/1445/1340 2980/1346/1241 1276/1344/1239
f 1250/1446/1341 2954/1448/1343 5087/1449/1344 3346/1447/1342
f 2954/1448/1343 1249/1450/1345 3347/1451/1346 5087/1449/1344
f 5087/1449/1344 3347/1451/1346 1274/1352/1247 2979/1350/1245
f 3346/1447/1342 5087/1449/1344 2979/1350/1245 1275/1348/1243
f 1249/1450/1345 2953/1452/1347 5088/1453/1348 3347/1451/1346
f 2953/1452/1347 1248/1454/1349 3348/1455/1350 5088/1453/1348
f 5088/1453/1348 3348/1455/1350 1273/1356/1251 2978/1354/1249
f 3347/1451/1346 5088/1453/1348 2978/1354/1249 1274/1352/1247
f 1248/1454/1349 2952/1456/1351 5089/1457/1352 3348/1455/1350
f 2952/1456/1351 1247/1458/1353 3349/1459/1354 5089/1457/1352
f 5089/1457/1352 3349/1459/1354 1272/1360/1255 2977/1358/1253
f 3348/1455/1350 5089/1457/1352 2977/1358/1253 1273/1356/1251
f 1247/1458/1353 2951/1460/1355 5090/1461/1356 3349/1459/1354
f 2951/1460/1355 1246/1462/1357 3350/1463/1358 5090/1461/1356
f 5090/1461/1356 3350/1463/1358 1271/1364/1259 2976/1362/1257
f 3349/1459/1354 5090/1461/1356 2976/1362/1257 1272/1360/1255
f 1246/1462/1357 2950/1464/1359 5091/1465/1360 3350/1463/1358
f 2950/1464/1359 1245/1466/1361 3351/1467/1362 5091/1465/1360
f 5091/1465/1360 3351/1467/1362 1270/1368/1263 2975/1366/1261
f 3350/1463/1358 5091/1465/1360 2975/1366/1261 1271/1364/1259
f 1245/1466/1361 2949/1468/1363 5092/1469/1364 3351/1467/1362
f 2949/1468/1363 1244/1470/1365 3352/1471/1366 5092/1469/1364
f 5092/1469/1364 3352/1471/1366 1269/1372/1267 2974/1370/1265
f 3351/1467/1362 5092/1469/1364 2974/1370/1265 1270/1368/1263
f 1244/1470/1365 2948/1472/1367 5093/1473/1368 3352/1471/1366
f 2948/1472/1367 1243/1474/1369 3353/1475/1370 5093/1473/1368
f 5093/1473/1368 3353/1475/1370 1268/1376/1271 2973/1374/1269
f 3352/1471/1366 5093/1473/1368 2973/1374/1269 1269/1372/1267
f 1243/1474/1369 2947/1476/1371 5094/1477/1372 3353/1475/1370
f 2947/1476/1371 1242/1478/1373 3354/1479/1374 5094/1477/1372
f 5094/1477/1372 3354/1479/1374 1267/1380/1275 2972/1378/1273
f 3353/1475/1370 5094/1477/1372 2972/1378/1273 1268/1376/1271
f 1242/1478/1373 2946/1480/1375 5095/1481/1376 3354/1479/1374
f 2946/1480/1375 1241/1482/1377 3355/1483/1378 5095/1481/1376
f 5095/1481/1376 3355/1483/1378 1266/1384/1279 2971/1382/1277
f 3354/1479/1374 5095/1481/1376 2971/1382/1277 1267/1380/1275
f 1241/1482/1377 2945/1484/1379 5096/1485/1380 3355/1483/1378
f 2945/1484/1379 1240/1486/1381 3356/1487/1382 5096/1485/1380
f 5096/1485/1380 3356/1487/1382 1265/1388/1283 2970/1386/1281
f 3355/1483/1378 5096/1485/1380 2970/1386/1281 1266/1384/1279
f 1240/1486/1381 2944/1488/1383 5097/1489/1384 3356/1487/1382
f 2944/1488/1383 1239/1490/1385 3357/1491/1386 5097/1489/1384
f 5097/1489/1384 3357/1491/1386 1264/1392/1287 2969/1390/1285
f 3356/1487/1382 5097/1489/1384 2969/1390/1285 1265/1388/1283
f 1239/1490/1385 2943/1492/1387 5098/1493/1388 3357/1491/1386
f 2943/1492/1387 1238/1494/1389 3358/1495/1390 5098/1493/1388
f 5098/1493/1388 3358/1495/1390 1263/1396/1291 2968/1394/1289
f 3357/1491/1386 5098/1493/1388 2968/1394/1289 1264/1392/1287
f 1238/1494/1389 2942/1496/1391 5099/1497/1392 3358/1495/1390
f 2942/1496/1391 1237/1498/1393 3359/1499/1394 5099/1497/1392
f 5099/1497/1392 3359/1499/1394 1262/1400/1295 2967/1398/1293
f 3358/1495/1390 5099/1497/1392 2967/1398/1293 1263/1396/1291
f 1237/1498/1393 2941/1500/1395 5100/1501/1396 3359/1499/1394
f 2941/1500/1395 1236/1502/1397 3360/1503/1398 5100/1501/1396
f 5100/1501/1396 3360/1503/1398 1261/1404/1299 2966/1402/1297
f 3359/1499/1394 5100/1501/1396 2966/1402/1297 1262/1400/1295
f 1236/1502/1397 2940/1504/1399 5101/1505/1400 3360/1503/1398
f 2940/1504/1399 1235/1506/1401 3361/1507/1402 5101/1505/1400
f 5101/1505/1400 3361/1507/1402 1260/1408/1303 2965/1406/1301
f 3360/1503/1398 5101/1505/1400 2965/1406/1301 1261/1404/1299
f 1235/1506/1401 2939/1508/1403 5102/1509/1404 3361/1507/1402
f 2939/1508/1403 1234/646/541 3362/648/543 5102/1509/1404
f 5102/1509/1404 3362/648/543 1259/650/545 2964/1410/1305
f 3361/1507/1402 5102/1509/1404 2964/1410/1305 1260/1408/1303
f 18/338/264 1803/1510/1405 5103/1511/1406 1622/332/260
f 1803/1510/1405 1233/1512/1407 3363/1513/1408 5103/1511/1406
f 5103/1511/1406 3363/1513/1408 1258/1414/1309 1804/1412/1307
f 1622/332/260 5103/1511/1406 1804/1412/1307 17/330/258
f 1233/1512/1407 2937/1514/1409 5104/1515/1410 3363/1513/1408
f 2937/1514/1409 1232/1516/1411 3364/1517/1412 5104/1515/1410
f 5104/1515/1410 3364/1517/1412 1257/1418/1313 2962/1416/1311
f 3363/1513/1408 5104/1515/1410 2962/1416/1311 1258/1414/1309
f 1232/1516/1411 2936/1518/1413 5105/1519/1414 3364/1517/1412
f 2936/1518/1413 1231/1520/1415 3365/1521/1416 5105/1519/1414
f 5105/1519/1414 3365/1521/1416 1256/1422/1317 2961/1420/1315
f 3364/1517/1412 5105/1519/1414 2961/1420/1315 1257/1418/1313
f 1231/1520/1415 2935/1522/1417 5106/1523/1418 3365/1521/1416
f 2935/1522/1417 1230/1524/1419 3366/1525/1420 5106/1523/1418
f 5106/1523/1418 3366/1525/1420 1255/1426/1321 2960/1424/1319
f 3365/1521/1416 5106/1523/1418 2960/1424/1319 1256/1422/1317
f 1230/1524/1419 2934/1526/1421 5107/1527/1422 3366/1525/1420
f 2934/1526/1421 1229/1528/1423 3367/1529/1424 5107/1527/1422
f 5107/1527/1422 3367/1529/1424 1254/1430/1325 2959/1428/1323
f 3366/1525/1420 5107/1527/1422 2959/1428/1323 1255/1426/1321
f 1229/1528/1423 2933/1530/1425 5108/1531/1426 3367/1529/1424
f 2933/1530/1425 1228/1532/1427 3368/1533/1428 5108/1531/1426
f 5108/1531/1426 3368/1533/1428 1253/1434/1329 2958/1432/1327
f 3367/1529/1424 5108/1531/1426 2958/1432/1327 1254/1430/1325
f 1228/1532/1427 2932/1534/1429 5109/1535/1430 3368/1533/1428
f 2932/1534/1429 1227/1536/1431 3369/1537/1432 5109/1535/1430
f 5109/1535/1430 3369/1537/1432 1252/1438/1333 2957/1436/1331
f 3368/1533/1428 5109/1535/1430 2957/1436/1331 1253/1434/1329
f 1227/1536/1431 2931/1538/1433 5110/1539/1434 3369/1537/1432
f 2931/1538/1433 1226/1540/1435 3370/1541/1436 5110/1539/1434
f 5110/1539/1434 3370/1541/1436 1251/1442/1337 2956/1440/1335
f 3369/1537/1432 5110/1539/1434 2956/1440/1335 1252/1438/1333
f 1226/1540/1435 2930/1542/1437 5111/1543/1438 3370/1541/1436
f 2930/1542/1437 1225/1544/1439 3371/1545/1440 5111/1543/1438
f 5111/1543/1438 3371/1545/1440 1250/1446/1341 2955/1444/1339
f 3370/1541/1436 5111/1543/1438 2955/1444/1339 1251/1442/1337
f 1225/1544/1439 2929/1546/1441 5112/1547/1442 3371/1545/1440
f 2929/1546/1441 1224/1548/1443 3372/1549/1444 5112/1547/1442
f 5112/1547/1442 3372/1549/1444 1249/1450/1345 2954/1448/1343
f 3371/1545/1440 5112/1547/1442 2954/1448/1343 1250/1446/1341
f 1224/1548/1443 2928/1550/1445 5113/1551/1446 3372/1549/1444
f 2928/1550/1445 1223/1552/1447 3373/1553/1448 5113/1551/1446
f 5113/1551/1446 3373/1553/1448 1248/1454/1349 2953/1452/1347
f 3372/1549/1444 5113/1551/1446 2953/1452/1347 1249/1450/1345
f 1223/1552/1447 2927/1554/1449 5114/1555/1450 3373/1553/1448
f 2927/1554/1449 1222/1556/1451 3374/1557/1452 5114/1555/1450
f 5114/1555/1450 3374/1557/1452 1247/1458/1353 2952/1456/1351
f 3373/1553/1448 5114/1555/1450 2952/1456/1351 1248/1454/1349
f 1222/1556/1451 2926/1558/1453 5115/1559/1454 3374/1557/1452
f 2926/1558/1453 1221/1560/1455 3375/1561/1456 5115/1559/1454
f 5115/1559/1454 3375/1561/1456 1246/1462/1357 2951/1460/1355
f 3374/1557/1452 5115/1559/1454 2951/1460/1355 1247/1458/1353
f 1221/1560/1455 2925/1562/1457 5116/1563/1458 3375/1561/1456
f 2925/1562/1457 1220/1564/1459 3376/1565/1460 5116/1563/1458
f 5116/1563/1458 3376/1565/1460 1245/1466/1361 2950/1464/1359
f 3375/1561/1456 5116/1563/1458 2950/1464/1359 1246/1462/1357
f 1220/1564/1459 2924/1566/1461 5117/1567/1462 3376/1565/1460
f 2924/1566/1461 1219/1568/1463 3377/1569/1464 5117/1567/1462
f 5117/1567/1462 3377/1569/1464 1244/1470/1365 2949/1468/1363
f 3376/1565/1460 5117/1567/1462 2949/1468/1363 1245/1466/1361
f 1219/1568/1463 2923/1570/1465 5118/1571/1466 3377/1569/1464
f 2923/1570/1465 1218/1572/1467 3378/1573/1468 5118/1571/1466
f 5118/1571/1466 3378/1573/1468 1243/1474/1369 2948/1472/1367
f 3377/1569/1464 5118/1571/1466 2948/1472/1367 1244/1470/1365
f 1218/1572/1467 2922/1574/1469 5119/1575/1470 3378/1573/1468
f 2922/1574/1469 1217/1576/1471 3379/1577/1472 5119/1575/1470
f 5119/1575/1470 3379/1577/1472 1242/1478/1373 2947/1476/1371
f 3378/1573/1468 5119/1575/1470 2947/1476/1371 1243/1474/1369
f 1217/1576/1471 2921/1578/1473 5120/1579/1474 3379/1577/1472
f 2921/1578/1473 1216/1580/1475 3380/1581/1476 5120/1579/1474
f 5120/1579/1474 3380/1581/1476 1241/1482/1377 2946/1480/1375
f 3379/1577/1472 5120/1579/1474 2946/1480/1375 1242/1478/1373
f 1216/1580/1475 2920/1582/1477 5121/1583/1478 3380/1581/1476
f 2920/1582/1477 1215/1584/1479 3381/1585/1480 5121/1583/1478
f 5121/1583/1478 3381/1585/1480 1240/1486/1381 2945/1484/1379
f 3380/1581/1476 5121/1583/1478 2945/1484/1379 1241/1482/1377
f 1215/1584/1479 2919/1586/1481 5122/1587/1482 3381/1585/1480
f 2919/1586/1481 1214/1588/1483 3382/1589/1484 5122/1587/1482
f 5122/1587/1482 3382/1589/1484 1239/1490/1385 2944/1488/1383
f 3381/1585/1480 5122/1587/1482 2944/1488/1383 1240/1486/1381
f 1214/1588/1483 2918/1590/1485 5123/1591/1486 3382/1589/1484
f 2918/1590/1485 1213/1592/1487 3383/1593/1488 5123/1591/1486
f 5123/1591/1486 3383/1593/1488 1238/1494/1389 2943/1492/1387
f 3382/1589/1484 5123/1591/1486 2943/1492/1387 1239/1490/1385
f 1213/1592/1487 2917/1594/1489 5124/1595/1490 3383/1593/1488
f 2917/1594/1489 1212/1596/1491 3384/1597/1492 5124/1595/1490
f 5124/1595/1490 3384/1597/1492 1237/1498/1393 2942/1496/1391
f 3383/1593/1488 5124/1595/1490 2942/1496/1391 1238/1494/1389
f 1212/1596/1491 2916/1598/1493 5125/1599/1494 3384/1597/1492
f 2916/1598/1493 1211/1600/1495 3385/1601/1496 5125/1599/1494
f 5125/1599/1494 3385/1601/1496 1236/1502/1397 2941/1500/1395
f 3384/1597/1492 5125/1599/1494 2941/1500/1395 1237/1498/1393
f 1211/1600/1495 2915/1602/1497 5126/1603/1498 3385/1601/1496
f 2915/1602/1497 1210/1604/1499 3386/1605/1500 5126/1603/1498
f 5126/1603/1498 3386/1605/1500 1235/1506/1401 2940/1504/1399
f 3385/1601/1496 5126/1603/1498 2940/1504/1399 1236/1502/1397
f 1210/1604/1499 2914/1606/1501 5127/1607/1502 3386/1605/1500
f 2914/1606/1501 1209/642/537 3387/644/539 5127/1607/1502
f 5127/1607/1502 3387/644/539 1234/646/541 2939/1508/1403
f 3386/1605/1500 5127/1607/1502 2939/1508/1403 1235/1506/1401
f 19/346/270 1802/1608/1503 5128/1609/1504 1623/340/266
f 1802/1608/1503 1208/1610/1505 3388/1611/1506 5128/1609/1504
f 5128/1609/1504 3388/1611/1506 1233/1512/1407 1803/1510/1405
f 1623/340/266 5128/1609/1504 1803/1510/1405 18/338/264
f 1208/1610/1505 2912/1612/1507 5129/1613/1508 3388/1611/1506
f 2912/1612/1507 1207/1614/1509 3389/1615/1510 5129/1613/1508
f 5129/1613/1508 3389/1615/1510 1232/1516/1411 2937/1514/1409
f 3388/1611/1506 5129/1613/1508 2937/1514/1409 1233/1512/1407
f 1207/1614/1509 2911/1616/1511 5130/1617/1512 3389/1615/1510
f 2911/1616/1511 1206/1618/1513 3390/1619/1514 5130/1617/1512
f 5130/1617/1512 3390/1619/1514 1231/1520/1415 2936/1518/1413
f 3389/1615/1510 5130/1617/1512 2936/1518/1413 1232/1516/1411
f 1206/1618/1513 2910/1620/1515 5131/1621/1516 3390/1619/1514
f 2910/1620/1515 1205/1622/1517 3391/1623/1518 5131/1621/1516
f 5131/1621/1516 3391/1623/1518 1230/1524/1419 2935/1522/1417
f 3390/1619/1514 5131/1621/1516 2935/1522/1417 1231/1520/1415
f 1205/1622/1517 2909/1624/1519 5132/1625/1520 3391/1623/1518
f 2909/1624/1519 1204/1626/1521 3392/1627/1522 5132/1625/1520
f 5132/1625/1520 3392/1627/1522 1229/1528/1423 2934/1526/1421
f 3391/1623/1518 5132/1625/1520 2934/1526/1421 1230/1524/1419
f 1204/1626/1521 2908/1628/1523 5133/1629/1524 3392/1627/1522
f 2908/1628/1523 1203/1630/1525 3393/1631/1526 5133/1629/1524
f 5133/1629/1524 3393/1631/1526 1228/1532/1427 2933/1530/1425
f 3392/1627/1522 5133/1629/1524 2933/1530/1425 1229/1528/1423
f 1203/1630/1525 2907/1632/1527 5134/1633/1528 3393/1631/1526
f 2907/1632/1527 1202/1634/1529 3394/1635/1530 5134/1633/1528
f 5134/1633/1528 3394/1635/1530 1227/1536/1431 2932/1534/1429
f 3393/1631/1526 5134/1633/1528 2932/1534/1429 1228/1532/1427
f 1202/1634/1529 2906/1636/1531 5135/1637/1532 3394/1635/1530
f 2906/1636/1531 1201/1638/1533 3395/1639/1534 5135/1637/1532
f 5135/1637/1532 3395/1639/1534 1226/1540/1435 2931/1538/1433
f 3394/1635/1530 5135/1637/1532 2931/1538/1433 1227/1536/1431
f 1201/1638/1533 2905/1640/1535 5136/1641/1536 3395/1639/1534
f 2905/1640/1535 1200/1642/1537 3396/1643/1538 5136/1641/1536
f 5136/1641/1536 3396/1643/1538 1225/1544/1439 2930/1542/1437
f 3395/1639/1534 5136/1641/1536 2930/1542/1437 1226/1540/1435
f 1200/1642/1537 2904/1644/1539 5137/1645/1540 3396/1643/1538
f 2904/1644/1539 1199/1646/1541 3397/1647/1542 5137/1645/1540
f 5137/1645/1540 3397/1647/1542 1224/1548/1443 2929/1546/1441
f 3396/1643/1538 5137/1645/1540 2929/1546/1441 1225/1544/1439
f 1199/1646/1541 2903/1648/1543 5138/1649/1544 3397/1647/1542
f 2903/1648/1543 1198/1650/1545 3398/1651/1546 5138/1649/1544
f 5138/1649/1544 3398/1651/1546 1223/1552/1447 2928/1550/1445
f 3397/1647/1542 5138/1649/1544 2928/1550/1445 1224/1548/1443
f 1198/1650/1545 2902/1652/1547 5139/1653/1548 3398/1651/1546
f 2902/1652/1547 1197/1654/1549 3399/1655/1550 5139/1653/1548
f 5139/1653/1548 3399/1655/1550 1222/1556/1451 2927/1554/1449
f 3398/1651/1546 5139/1653/1548 2927/1554/1449 1223/1552/1447
f 1197/1654/1549 2901/1656/1551 5140/1657/1552 3399/1655/1550
f 2901/1656/1551 1196/1658/1553 3400/1659/1554 5140/1657/1552
f 5140/1657/1552 3400/1659/1554 1221/1560/1455 2926/1558/1453
f 3399/1655/1550 5140/1657/1552 2926/1558/1453 1222/1556/1451
f 1196/1658/1553 2900/1660/1555 5141/1661/1556 3400/1659/1554
f 2900/1660/1555 1195/1662/1557 3401/1663/1558 5141/1661/1556
f 5141/1661/1556 3401/1663/1558 1220/1564/1459 2925/1562/1457
f 3400/1659/1554 5141/1661/1556 2925/1562/1457 1221/1560/1455
f 1195/1662/1557 2899/1664/1559 5142/1665/1560 3401/1663/1558
f 2899/1664/1559 1194/1666/1561 3402/1667/1562 5142/1665/1560
f 5142/1665/1560 3402/1667/1562 1219/1568/1463 2924/1566/1461
f 3401/1663/1558 5142/1665/1560 2924/1566/1461 1220/1564/1459
f 1194/1666/1561 2898/1668/1563 5143/1669/1564 3402/1667/1562
f 2898/1668/1563 1193/1670/1565 3403/1671/1566 5143/1669/1564
f 5143/1669/1564 3403/1671/1566 1218/1572/1467 2923/1570/1465
f 3402/1667/1562 5143/1669/1564 2923/1570/1465 1219/1568/1463
f 1193/1670/1565 2897/1672/1567 5144/1673/1568 3403/1671/1566
f 2897/1672/1567 1192/1674/1569 3404/1675/1570 5144/1673/1568
f 5144/1673/1568 3404/1675/1570 1217/1576/1471 2922/1574/1469
f 3403/1671/1566 5144/1673/1568 2922/1574/1469 1218/1572/1467
f 1192/1674/1569 2896/1676/1571 5145/1677/1572 3404/1675/1570
f 2896/1676/1571 1191/1678/1573 3405/1679/1574 5145/1677/1572
f 5145/1677/1572 3405/1679/1574 1216/1580/1475 2921/1578/1473
f 3404/1675/1570 5145/1677/1572 2921/1578/1473 1217/1576/1471
f 1191/1678/1573 2895/1680/1575 5146/1681/1576 3405/1679/1574
f 2895/1680/1575 1190/1682/1577 3406/1683/1578 5146/1681/1576
f 5146/1681/1576 3406/1683/1578 1215/1584/1479 2920/1582/1477
f 3405/1679/1574 5146/1681/1576 2920/1582/1477 1216/1580/1475
f 1190/1682/1577 2894/1684/1579 5147/1685/1580 3406/1683/1578
f 2894/1684/1579 1189/1686/1581 3407/1687/1582 5147/1685/1580
f 5147/1685/1580 3407/1687/1582 1214/1588/1483 2919/1586/1481
f 3406/1683/1578 5147/1685/1580 2919/1586/1481 1215/1584/1479
f 1189/1686/1581 2893/1688/1583 5148/1689/1584 3407/1687/1582
f 2893/1688/1583 1188/1690/1585 3408/1691/1586 5148/1689/1584
f 5148/1689/1584 3408/1691/1586 1213/1592/1487 2918/1590/1485
f 3407/1687/1582 5148/1689/1584 2918/1590/1485 1214/1588/1483
f 1188/1690/1585 2892/1692/1587 5149/1693/1588 3408/1691/1586
f 2892/1692/1587 1187/1694/1589 3409/1695/1590 5149/1693/1588
f 5149/1693/1588 3409/1695/1590 1212/1596/1491 2917/1594/1489
f 3408/1691/1586 5149/1693/1588 2917/1594/1489 1213/1592/1487
f 1187/1694/1589 2891/1696/1591 5150/1697/1592 3409/1695/1590
f 2891/1696/1591 1186/1698/1593 3410/1699/1594 5150/1697/1592
f 5150/1697/1592 3410/1699/1594 1211/1600/1495 2916/1598/1493
f 3409/1695/1590 5150/1697/1592 2916/1598/1493 1212/1596/1491
f 1186/1698/1593 2890/1700/1595 5151/1701/1596 3410/1699/1594
f 2890/1700/1595 1185/1702/1597 3411/1703/1598 5151/1701/1596
f 5151/1701/1596 3411/1703/1598 1210/1604/1499 2915/1602/1497
f 3410/1699/1594 5151/1701/1596 2915/1602/1497 1211/1600/1495
f 1185/1702/1597 2889/1704/1599 5152/1705/1600 3411/1703/1598
f 2889/1704/1599 1184/638/533 3412/640/535 5152/1705/1600
f 5152/1705/1600 3412/640/535 1209/642/537 2914/1606/1501
f 3411/1703/1598 5152/1705/1600 2914/1606/1501 1210/1604/1499
f 20/354/276 1801/1706/1601 5153/1707/1602 1624/348/272
f 1801/1706/1601 1183/1708/1603 3413/1709/1604 5153/1707/1602
f 5153/1707/1602 3413/1709/1604 1208/1610/1505 1802/1608/1503
f 1624/348/272 5153/1707/1602 1802/1608/1503 19/346/270
f 1183/1708/1603 2887/1710/1605 5154/1711/1606 3413/1709/1604
f 2887/1710/1605 1182/1712/1607 3414/1713/1608 5154/1711/1606
f 5154/1711/1606 3414/1713/1608 1207/1614/1509 2912/1612/1507
f 3413/1709/1604 5154/1711/1606 2912/1612/1507 1208/1610/1505
f 1182/1712/1607 2886/1714/1609 5155/1715/1610 3414/1713/1608
f 2886/1714/1609 1181/1716/1611 3415/1717/1612 5155/1715/1610
f 5155/1715/1610 3415/1717/1612 1206/1618/1513 2911/1616/1511
f 3414/1713/1608 5155/1715/1610 2911/1616/1511 1207/1614/1509
f 1181/1716/1611 2885/1718/1613 5156/1719/1614 3415/1717/1612
f 2885/1718/1613 1180/1720/1615 3416/1721/1616 5156/1719/1614
f 5156/1719/1614 3416/1721/1616 1205/1622/1517 2910/1620/1515
f 3415/1717/1612 5156/1719/1614 2910/1620/1515 1206/1618/1513
f 1180/1720/1615 2884/1722/1617 5157/1723/1618 3416/1721/1616
f 2884/1722/1617 1179/1724/1619 3417/1725/1620 5157/1723/1618
f 5157/1723/1618 3417/1725/1620 1204/1626/1521 2909/1624/1519
f 3416/1721/1616 5157/1723/1618 2909/1624/1519 1205/1622/1517
f 1179/1724/1619 2883/1726/1621 5158/1727/1622 3417/1725/1620
f 2883/1726/1621 1178/1728/1623 3418/1729/1624 5158/1727/1622
f 5158/1727/1622 3418/1729/1624 1203/1630/1525 2908/1628/1523
f 3417/1725/1620 5158/1727/1622 2908/1628/1523 1204/1626/1521
f 1178/1728/1623 2882/1730/1625 5159/1731/1626 3418/1729/1624
f 2882/1730/1625 1177/1732/1627 3419/1733/1628 5159/1731/1626
f 5159/1731/1626 3419/1733/1628 1202/1634/1529 2907/1632/1527
f 3418/1729/1624 5159/1731/1626 2907/1632/1527 1203/1630/1525
f 1177/1732/1627 2881/1734/1629 5160/1735/1630 3419/1733/1628
f 2881/1734/1629 1176/1736/1533 3420/1737/1631 5160/1735/1630
f 5160/1735/1630 3420/1737/1631 1201/1638/1533 2906/1636/1531
f 3419/1733/1628 5160/1735/1630 2906/1636/1531 1202/1634/1529
f 1176/1736/1533 2880/1738/1632 5161/1739/1633 3420/1737/1631
f 2880/1738/1632 1175/1740/1634 3421/1741/1635 5161/1739/1633
f 5161/1739/1633 3421/1741/1635 1200/1642/1537 2905/1640/1535
f 3420/1737/1631 5161/1739/1633 2905/1640/1535 1201/1638/1533
f 1175/1740/1634 2879/1742/1636 5162/1743/1637 3421/1741/1635
f 2879/1742/1636 1174/1744/1638 3422/1745/1639 5162/1743/1637
f 5162/1743/1637 3422/1745/1639 1199/1646/1541 2904/1644/1539
f 3421/1741/1635 5162/1743/1637 2904/1644/1539 1200/1642/1537
f 1174/1744/1638 2878/1746/1640 5163/1747/1641 3422/1745/1639
f 2878/1746/1640 1173/1748/1642 3423/1749/1643 5163/1747/1641
f 5163/1747/1641 3423/1749/1643 1198/1650/1545 2903/1648/1543
f 3422/1745/1639 5163/1747/1641 2903/1648/1543 1199/1646/1541
f 1173/1748/1642 2877/1750/1644 5164/1751/1645 3423/1749/1643
f 2877/1750/1644 1172/1752/1646 3424/1753/1647 5164/1751/1645
f 5164/1751/1645 3424/1753/1647 1197/1654/1549 2902/1652/1547
f 3423/1749/1643 5164/1751/1645 2902/1652/1547 1198/1650/1545
f 1172/1752/1646 2876/1754/1648 5165/1755/1649 3424/1753/1647
f 2876/1754/1648 1171/1756/1650 3425/1757/1651 5165/1755/1649
f 5165/1755/1649 3425/1757/1651 1196/1658/1553 2901/1656/1551
f 3424/1753/1647 5165/1755/1649 2901/1656/1551 1197/1654/1549
f 1171/1756/1650 2875/1758/1652 5166/1759/1653 3425/1757/1651
f 2875/1758/1652 1170/1760/1654 3426/1761/1655 5166/1759/1653
f 5166/1759/1653 3426/1761/1655 1195/1662/1557 2900/1660/1555
f 3425/1757/1651 5166/1759/1653 2900/1660/1555 1196/1658/1553
f 1170/1760/1654 2874/1762/1656 5167/1763/1657 3426/1761/1655
f 2874/1762/1656 1169/1764/1658 3427/1765/1659 5167/1763/1657
f 5167/1763/1657 3427/1765/1659 1194/1666/1561 2899/1664/1559
f 3426/1761/1655 5167/1763/1657 2899/1664/1559 1195/1662/1557
f 1169/1764/1658 2873/1766/1660 5168/1767/1661 3427/1765/1659
f 2873/1766/1660 1168/1768/1662 3428/1769/1663 5168/1767/1661
f 5168/1767/1661 3428/1769/1663 1193/1670/1565 2898/1668/1563
f 3427/1765/1659 5168/1767/1661 2898/1668/1563 1194/1666/1561
f 1168/1768/1662 2872/1770/1664 5169/1771/1665 3428/1769/1663
f 2872/1770/1664 1167/1772/1666 3429/1773/1667 5169/1771/1665
f 5169/1771/1665 3429/1773/1667 1192/1674/1569 2897/1672/1567
f 3428/1769/1663 5169/1771/1665 2897/1672/1567 1193/1670/1565
f 1167/1772/1666 2871/1774/1668 5170/1775/1669 3429/1773/1667
f 2871/1774/1668 1166/1776/1670 3430/1777/1671 5170/1775/1669
f 5170/1775/1669 3430/1777/1671 1191/1678/1573 2896/1676/1571
f 3429/1773/1667 5170/1775/1669 2896/1676/1571 1192/1674/1569
f 1166/1776/1670 2870/1778/1672 5171/1779/1673 3430/1777/1671
f 2870/1778/1672 1165/1780/1674 3431/1781/1675 5171/1779/1673
f 5171/1779/1673 3431/1781/1675 1190/1682/1577 2895/1680/1575
f 3430/1777/1671 5171/1779/1673 2895/1680/1575 1191/1678/1573
f 1165/1780/1674 2869/1782/1676 5172/1783/1677 3431/1781/1675
f 2869/1782/1676 1164/1784/1678 3432/1785/1679 5172/1783/1677
f 5172/1783/1677 3432/1785/1679 1189/1686/1581 2894/1684/1579
f 3431/1781/1675 5172/1783/1677 2894/1684/1579 1190/1682/1577
f 1164/1784/1678 2868/1786/1680 5173/1787/1681 3432/1785/1679
f 2868/1786/1680 1163/1788/1682 3433/1789/1683 5173/1787/1681
f 5173/1787/1681 3433/1789/1683 1188/1690/1585 2893/1688/1583
f 3432/1785/1679 5173/1787/1681 2893/1688/1583 1189/1686/1581
f 1163/1788/1682 2867/1790/1684 5174/1791/1685 3433/1789/1683
f 2867/1790/1684 1162/1792/1686 3434/1793/1687 5174/1791/1685
f 5174/1791/1685 3434/1793/1687 1187/1694/1589 2892/1692/1587
f 3433/1789/1683 5174/1791/1685 2892/1692/1587 1188/1690/1585
f 1162/1792/1686 2866/1794/1688 5175/1795/1689 3434/1793/1687
f 2866/1794/1688 1161/1796/1690 3435/1797/1691 5175/1795/1689
f 5175/1795/1689 3435/1797/1691 1186/1698/1593 2891/1696/1591
f 3434/1793/1687 5175/1795/1689 2891/1696/1591 1187/1694/1589
f 1161/1796/1690 2865/1798/1692 5176/1799/1693 3435/1797/1691
f 2865/1798/1692 1160/1800/1694 3436/1801/1695 5176/1799/1693
f 5176/1799/1693 3436/1801/1695 1185/1702/1597 2890/1700/1595
f 3435/1797/1691 5176/1799/1693 2890/1700/1595 1186/1698/1593
f 1160/1800/1694 2864/1802/1696 5177/1803/1697 3436/1801/1695
f 2864/1802/1696 1159/634/529 3437/636/531 5177/1803/1697
f 5177/1803/1697 3437/636/531 1184/638/533 2889/1704/1599
f 3436/1801/1695 5177/1803/1697 2889/1704/1599 1185/1702/1597
f 1481/355/277 4672/1804/1698 5178/1805/1699 4557/1806/1700
f 4672/1804/1698 1485/1807/1701 3438/1808/1702 5178/1805/1699
f 5178/1805/1699 3438/1808/1702 1183/1708/1603 1801/1706/1601
f 4557/1806/1700 5178/1805/1699 1801/1706/1601 20/354/276
f 1485/1807/1701 4671/1809/1703 5179/1810/1704 3438/1808/1702
f 4671/1809/1703 1486/1811/1705 3439/1812/1706 5179/1810/1704
f 5179/1810/1704 3439/1812/1706 1182/1712/1607 2887/1710/1605
f 3438/1808/1702 5179/1810/1704 2887/1710/1605 1183/1708/1603
f 1486/1811/1705 4670/1813/1707 5180/1814/1708 3439/1812/1706
f 4670/1813/1707 1487/1815/1709 3440/1816/1710 5180/1814/1708
f 5180/1814/1708 3440/1816/1710 1181/1716/1611 2886/1714/1609
f 3439/1812/1706 5180/1814/1708 2886/1714/1609 1182/1712/1607
f 1487/1815/1709 4669/1817/1711 5181/1818/1712 3440/1816/1710
f 4669/1817/1711 1488/1819/1713 3441/1820/1714 5181/1818/1712
f 5181/1818/1712 3441/1820/1714 1180/1720/1615 2885/1718/1613
f 3440/1816/1710 5181/1818/1712 2885/1718/1613 1181/1716/1611
f 1488/1819/1713 4668/1821/1715 5182/1822/1716 3441/1820/1714
f 4668/1821/1715 1489/1823/1717 3442/1824/1718 5182/1822/1716
f 5182/1822/1716 3442/1824/1718 1179/1724/1619 2884/1722/1617
f 3441/1820/1714 5182/1822/1716 2884/1722/1617 1180/1720/1615
f 1489/1823/1717 4667/1825/1719 5183/1826/1720 3442/1824/1718
f 4667/1825/1719 1490/1827/1721 3443/1828/1722 5183/1826/1720
f 5183/1826/1720 3443/1828/1722 1178/1728/1623 2883/1726/1621
f 3442/1824/1718 5183/1826/1720 2883/1726/1621 1179/1724/1619
f 1490/1827/1721 4666/1829/1723 5184/1830/1724 3443/1828/1722
f 4666/1829/1723 1491/1831/1725 3444/1832/1726 5184/1830/1724
f 5184/1830/1724 3444/1832/1726 1177/1732/1627 2882/1730/1625
f 3443/1828/1722 5184/1830/1724 2882/1730/1625 1178/1728/1623
f 1491/1831/1725 4665/1833/1727 5185/1834/1728 3444/1832/1726
f 4665/1833/1727 1492/1835/1729 3445/1836/1730 5185/1834/1728
f 5185/1834/1728 3445/1836/1730 1176/1736/1533 2881/1734/1629
f 3444/1832/1726 5185/1834/1728 2881/1734/1629 1177/1732/1627
f 1492/1835/1729 4664/1837/1731 5186/1838/1732 3445/1836/1730
f 4664/1837/1731 1493/1839/1733 3446/1840/1734 5186/1838/1732
f 5186/1838/1732 3446/1840/1734 1175/1740/1634 2880/1738/1632
f 3445/1836/1730 5186/1838/1732 2880/1738/1632 1176/1736/1533
f 1493/1839/1733 4663/1841/1735 5187/1842/1736 3446/1840/1734
f 4663/1841/1735 1494/1843/1737 3447/1844/1738 5187/1842/1736
f 5187/1842/1736 3447/1844/1738 1174/1744/1638 2879/1742/1636
f 3446/1840/1734 5187/1842/1736 2879/1742/1636 1175/1740/1634
f 1494/1843/1737 4662/1845/1739 5188/1846/1740 3447/1844/1738
f 4662/1845/1739 1495/1847/1741 3448/1848/1742 5188/1846/1740
f 5188/1846/1740 3448/1848/1742 1173/1748/1642 2878/1746/1640
f 3447/1844/1738 5188/1846/1740 2878/1746/1640 1174/1744/1638
f 1495/1847/1741 4661/1849/1743 5189/1850/1744 3448/1848/1742
f 4661/1849/1743 1496/1851/1745 3449/1852/1746 5189/1850/1744
f 5189/1850/1744 3449/1852/1746 1172/1752/1646 2877/1750/1644
f 3448/1848/1742 5189/1850/1744 2877/1750/1644 1173/1748/1642
f 1496/1851/1745 4660/1853/1747 5190/1854/1748 3449/1852/1746
f 4660/1853/1747 1497/1855/1749 3450/1856/1750 5190/1854/1748
f 5190/1854/1748 3450/1856/1750 1171/1756/1650 2876/1754/1648
f 3449/1852/1746 5190/1854/1748 2876/1754/1648 1172/1752/1646
f 1497/1855/1749 4659/1857/1751 5191/1858/1752 3450/1856/1750
f 4659/1857/1751 1498/1859/1753 3451/1860/1754 5191/1858/1752
f 5191/1858/1752 3451/1860/1754 1170/1760/1654 2875/1758/1652
f 3450/1856/1750 5191/1858/1752 2875/1758/1652 1171/1756/1650
f 1498/1859/1753 4658/1861/1755 5192/1862/1756 3451/1860/1754
f 4658/1861/1755 1499/1863/1757 3452/1864/1758 5192/1862/1756
f 5192/1862/1756 3452/1864/1758 1169/1764/1658 2874/1762/1656
f 3451/1860/1754 5192/1862/1756 2874/1762/1656 1170/1760/1654
f 1499/1863/1757 4657/1865/1759 5193/1866/1760 3452/1864/1758
f 4657/1865/1759 1500/1867/1761 3453/1868/1762 5193/1866/1760
f 5193/1866/1760 3453/1868/1762 1168/1768/1662 2873/1766/1660
f 3452/1864/1758 5193/1866/1760 2873/1766/1660 1169/1764/1658
f 1500/1867/1761 4656/1869/1763 5194/1870/1764 3453/1868/1762
f 4656/1869/1763 1501/1871/1765 3454/1872/1766 5194/1870/1764
f 5194/1870/1764 3454/1872/1766 1167/1772/1666 2872/1770/1664
f 3453/1868/1762 5194/1870/1764 2872/1770/1664 1168/1768/1662
f 1501/1871/1765 4655/1873/1767 5195/1874/1768 3454/1872/1766
f 4655/1873/1767 1502/1875/1769 3455/1876/1770 5195/1874/1768
f 5195/1874/1768 3455/1876/1770 1166/1776/1670 2871/1774/1668
f 3454/1872/1766 5195/1874/1768 2871/1774/1668 1167/1772/1666
f 1502/1875/1769 4654/1877/1771 5196/1878/1772 3455/1876/1770
f 4654/1877/1771 1503/1879/1773 3456/1880/1774 5196/1878/1772
f 5196/1878/1772 3456/1880/1774 1165/1780/1674 2870/1778/1672
f 3455/1876/1770 5196/1878/1772 2870/1778/1672 1166/1776/1670
f 1503/1879/1773 4653/1881/1775 5197/1882/1776 3456/1880/1774
f 4653/1881/1775 1504/1883/1777 3457/1884/1778 5197/1882/1776
f 5197/1882/1776 3457/1884/1778 1164/1784/1678 2869/1782/1676
f 3456/1880/1774 5197/1882/1776 2869/1782/1676 1165/1780/1674
f 1504/1883/1777 4652/1885/1779 5198/1886/1780 3457/1884/1778
f 4652/1885/1779 1505/1887/1781 3458/1888/1782 5198/1886/1780
f 5198/1886/1780 3458/1888/1782 1163/1788/1682 2868/1786/1680
f 3457/1884/1778 5198/1886/1780 2868/1786/1680 1164/1784/1678
f 1505/1887/1781 4651/1889/1783 5199/1890/1784 3458/1888/1782
f 4651/1889/1783 1506/1891/1785 3459/1892/1786 5199/1890/1784
f 5199/1890/1784 3459/1892/1786 1162/1792/1686 2867/1790/1684
f 3458/1888/1782 5199/1890/1784 2867/1790/1684 1163/1788/1682
f 1506/1891/1785 4650/1893/1787 5200/1894/1788 3459/1892/1786
f 4650/1893/1787 1507/1895/1789 3460/1896/1790 5200/1894/1788
f 5200/1894/1788 3460/1896/1790 1161/1796/1690 2866/1794/1688
f 3459/1892/1786 5200/1894/1788 2866/1794/1688 1162/1792/1686
f 1507/1895/1789 4649/1897/1791 5201/1898/1792 3460/1896/1790
f 4649/1897/1791 1508/1899/1793 3461/1900/1794 5201/1898/1792
f 5201/1898/1792 3461/1900/1794 1160/1800/1694 2865/1798/1692
f 3460/1896/1790 5201/1898/1792 2865/1798/1692 1161/1796/1690
f 1508/1899/1793 4648/1901/1795 5202/1902/1796 3461/1900/1794
f 4648/1901/1795 1509/627/522 3462/630/525 5202/1902/1796
f 5202/1902/1796 3462/630/525 1159/634/529 2864/1802/1696
f 3461/1900/1794 5202/1902/1796 2864/1802/1696 1160/1800/1694
f 1541/367/286 4792/1903/1797 5203/1904/1798 4677/1905/1799
f 4792/1903/1797 1545/1906/1800 3463/1907/1801 5203/1904/1798
f 5203/1904/1798 3463/1907/1801 1158/1908/1802 1800/1909/1803
f 4677/1905/1799 5203/1904/1798 1800/1909/1803 21/366/285
f 1545/1906/1800 4791/1910/1804 5204/1911/1805 3463/1907/1801
f 4791/1910/1804 1546/1912/1806 3464/1913/1807 5204/1911/1805
f 5204/1911/1805 3464/1913/1807 1157/1914/1808 2862/1915/1809
f 3463/1907/1801 5204/1911/1805 2862/1915/1809 1158/1908/1802
f 1546/1912/1806 4790/1916/1810 5205/1917/1811 3464/1913/1807
f 4790/1916/1810 1547/1918/1812 3465/1919/1813 5205/1917/1811
f 5205/1917/1811 3465/1919/1813 1156/1920/1814 2861/1921/1815
f 3464/1913/1807 5205/1917/1811 2861/1921/1815 1157/1914/1808
f 1547/1918/1812 4789/1922/1816 5206/1923/1817 3465/1919/1813
f 4789/1922/1816 1548/1924/1818 3466/1925/1819 5206/1923/1817
f 5206/1923/1817 3466/1925/1819 1155/1926/1820 2860/1927/1821
f 3465/1919/1813 5206/1923/1817 2860/1927/1821 1156/1920/1814
f 1548/1924/1818 4788/1928/1822 5207/1929/1823 3466/1925/1819
f 4788/1928/1822 1549/1930/1824 3467/1931/1825 5207/1929/1823
f 5207/1929/1823 3467/1931/1825 1154/1932/1826 2859/1933/1827
f 3466/1925/1819 5207/1929/1823 2859/1933/1827 1155/1926/1820
f 1549/1930/1824 4787/1934/1828 5208/1935/1829 3467/1931/1825
f 4787/1934/1828 1550/1936/1830 3468/1937/1831 5208/1935/1829
f 5208/1935/1829 3468/1937/1831 1153/1938/1832 2858/1939/1833
f 3467/1931/1825 5208/1935/1829 2858/1939/1833 1154/1932/1826
f 1550/1936/1830 4786/1940/1834 5209/1941/1835 3468/1937/1831
f 4786/1940/1834 1551/1942/1836 3469/1943/1837 5209/1941/1835
f 5209/1941/1835 3469/1943/1837 1152/1944/1838 2857/1945/1839
f 3468/1937/1831 5209/1941/1835 2857/1945/1839 1153/1938/1832
f 1551/1942/1836 4785/1946/1840 5210/1947/1841 3469/1943/1837
f 4785/1946/1840 1552/1948/1842 3470/1949/1843 5210/1947/1841
f 5210/1947/1841 3470/1949/1843 1151/1950/1844 2856/1951/1845
f 3469/1943/1837 5210/1947/1841 2856/1951/1845 1152/1944/1838
f 1552/1948/1842 4784/1952/1846 5211/1953/1847 3470/1949/1843
f 4784/1952/1846 1553/1954/1848 3471/1955/1849 5211/1953/1847
f 5211/1953/1847 3471/1955/1849 1150/1956/1850 2855/1957/1851
f 3470/1949/1843 5211/1953/1847 2855/1957/1851 1151/1950/1844
f 1553/1954/1848 4783/1958/1852 5212/1959/1853 3471/1955/1849
f 4783/1958/1852 1554/1960/1854 3472/1961/1855 5212/1959/1853
f 5212/1959/1853 3472/1961/1855 1149/1962/1856 2854/1963/1857
f 3471/1955/1849 5212/1959/1853 2854/1963/1857 1150/1956/1850
f 1554/1960/1854 4782/1964/1858 5213/1965/1859 3472/1961/1855
f 4782/1964/1858 1555/1966/1860 3473/1967/1861 5213/1965/1859
f 5213/1965/1859 3473/1967/1861 1148/1968/1862 2853/1969/1863
f 3472/1961/1855 5213/1965/1859 2853/1969/1863 1149/1962/1856
f 1555/1966/1860 4781/1970/1864 5214/1971/1865 3473/1967/1861
f 4781/1970/1864 1556/1972/1866 3474/1973/1867 5214/1971/1865
f 5214/1971/1865 3474/1973/1867 1147/1974/1868 2852/1975/1869
f 3473/1967/1861 5214/1971/1865 2852/1975/1869 1148/1968/1862
f 1556/1972/1866 4780/1976/1870 5215/1977/1871 3474/1973/1867
f 4780/1976/1870 1557/1978/1872 3475/1979/1873 5215/1977/1871
f 5215/1977/1871 3475/1979/1873 1146/1980/1874 2851/1981/1875
f 3474/1973/1867 5215/1977/1871 2851/1981/1875 1147/1974/1868
f 1557/1978/1872 4779/1982/1876 5216/1983/1877 3475/1979/1873
f 4779/1982/1876 1558/1984/1878 3476/1985/1879 5216/1983/1877
f 5216/1983/1877 3476/1985/1879 1145/1986/1880 2850/1987/1881
f 3475/1979/1873 5216/1983/1877 2850/1987/1881 1146/1980/1874
f 1558/1984/1878 4778/1988/1882 5217/1989/1883 3476/1985/1879
f 4778/1988/1882 1559/1990/1884 3477/1991/1885 5217/1989/1883
f 5217/1989/1883 3477/1991/1885 1144/1992/1886 2849/1993/1887
f 3476/1985/1879 5217/1989/1883 2849/1993/1887 1145/1986/1880
f 1559/1990/1884 4777/1994/1888 5218/1995/1889 3477/1991/1885
f 4777/1994/1888 1560/1996/1890 3478/1997/1891 5218/1995/1889
f 5218/1995/1889 3478/1997/1891 1143/1998/1892 2848/1999/1893
f 3477/1991/1885 5218/1995/1889 2848/1999/1893 1144/1992/1886
f 1560/1996/1890 4776/2000/1894 5219/2001/1895 3478/1997/1891
f 4776/2000/1894 1561/2002/1896 3479/2003/1897 5219/2001/1895
f 5219/2001/1895 3479/2003/1897 1142/2004/1898 2847/2005/1899
f 3478/1997/1891 5219/2001/1895 2847/2005/1899 1143/1998/1892
f 1561/2002/1896 4775/2006/1900 5220/2007/1901 3479/2003/1897
f 4775/2006/1900 1562/2008/1902 3480/2009/1903 5220/2007/1901
f 5220/2007/1901 3480/2009/1903 1141/2010/1904 2846/2011/1905
f 3479/2003/1897 5220/2007/1901 2846/2011/1905 1142/2004/1898
f 1562/2008/1902 4774/2012/1906 5221/2013/1907 3480/2009/1903
f 4774/2012/1906 1563/2014/1908 3481/2015/1909 5221/2013/1907
f 5221/2013/1907 3481/2015/1909 1140/2016/1910 2845/2017/1911
f 3480/2009/1903 5221/2013/1907 2845/2017/1911 1141/2010/1904
f 1563/2014/1908 4773/2018/1912 5222/2019/1913 3481/2015/1909
f 4773/2018/1912 1564/2020/1914 3482/2021/1915 5222/2019/1913
f 5222/2019/1913 3482/2021/1915 1139/2022/1916 2844/2023/1917
f 3481/2015/1909 5222/2019/1913 2844/2023/1917 1140/2016/1910
f 1564/2020/1914 4772/2024/1918 5223/2025/1919 3482/2021/1915
f 4772/2024/1918 1565/2026/1920 3483/2027/1921 5223/2025/1919
f 5223/2025/1919 3483/2027/1921 1138/2028/1922 2843/2029/1923
f 3482/2021/1915 5223/2025/1919 2843/2029/1923 1139/2022/1916
f 1565/2026/1920 4771/2030/1924 5224/2031/1925 3483/2027/1921
f 4771/2030/1924 1566/2032/1926 3484/2033/1927 5224/2031/1925
f 5224/2031/1925 3484/2033/1927 1137/2034/1928 2842/2035/1929
f 3483/2027/1921 5224/2031/1925 2842/2035/1929 1138/2028/1922
f 1566/2032/1926 4770/2036/1930 5225/2037/1931 3484/2033/1927
f 4770/2036/1930 1567/2038/1932 3485/2039/1933 5225/2037/1931
f 5225/2037/1931 3485/2039/1933 1136/2040/1934 2841/2041/1935
f 3484/2033/1927 5225/2037/1931 2841/2041/1935 1137/2034/1928
f 1567/2038/1932 4769/2042/1936 5226/2043/1937 3485/2039/1933
f 4769/2042/1936 1568/2044/1938 3486/2045/1939 5226/2043/1937
f 5226/2043/1937 3486/2045/1939 1135/2046/1940 2840/2047/1941
f 3485/2039/1933 5226/2043/1937 2840/2047/1941 1136/2040/1934
f 1568/2044/1938 4768/2048/1942 5227/2049/1943 3486/2045/1939
f 4768/2048/1942 1569/618/513 3487/621/516 5227/2049/1943
f 5227/2049/1943 3487/621/516 1134/626/521 2839/2050/1944
f 3486/2045/1939 5227/2049/1943 2839/2050/1944 1135/2046/1940
f 23/386/300 1798/2051/1945 5228/2052/1946 1627/380/296
f 1798/2051/1945 1108/2053/1947 3488/2054/1948 5228/2052/1946
f 5228/2052/1946 3488/2054/1948 1133/2055/1949 1799/2056/1950
f 1627/380/296 5228/2052/1946 1799/2056/1950 22/378/294
f 1108/2053/1947 2812/2057/1951 5229/2058/1952 3488/2054/1948
f 2812/2057/1951 1107/2059/1953 3489/2060/1954 5229/2058/1952
f 5229/2058/1952 3489/2060/1954 1132/2061/1955 2837/2062/1956
f 3488/2054/1948 5229/2058/1952 2837/2062/1956 1133/2055/1949
f 1107/2059/1953 2811/2063/1957 5230/2064/1958 3489/2060/1954
f 2811/2063/1957 1106/2065/1959 3490/2066/1960 5230/2064/1958
f 5230/2064/1958 3490/2066/1960 1131/2067/1961 2836/2068/1962
f 3489/2060/1954 5230/2064/1958 2836/2068/1962 1132/2061/1955
f 1106/2065/1959 2810/2069/1963 5231/2070/1964 3490/2066/1960
f 2810/2069/1963 1105/2071/1965 3491/2072/1966 5231/2070/1964
f 5231/2070/1964 3491/2072/1966 1130/2073/1967 2835/2074/1968
f 3490/2066/1960 5231/2070/1964 2835/2074/1968 1131/2067/1961
f 1105/2071/1965 2809/2075/1969 5232/2076/1970 3491/2072/1966
f 2809/2075/1969 1104/2077/1971 3492/2078/1972 5232/2076/1970
f 5232/2076/1970 3492/2078/1972 1129/2079/1973 2834/2080/1974
f 3491/2072/1966 5232/2076/1970 2834/2080/1974 1130/2073/1967
f 1104/2077/1971 2808/2081/1975 5233/2082/1976 3492/2078/1972
f 2808/2081/1975 1103/2083/1977 3493/2084/1978 5233/2082/1976
f 5233/2082/1976 3493/2084/1978 1128/2085/1979 2833/2086/1980
f 3492/2078/1972 5233/2082/1976 2833/2086/1980 1129/2079/1973
f 1103/2083/1977 2807/2087/1981 5234/2088/1982 3493/2084/1978
f 2807/2087/1981 1102/2089/1983 3494/2090/1984 5234/2088/1982
f 5234/2088/1982 3494/2090/1984 1127/2091/1985 2832/2092/1986
f 3493/2084/1978 5234/2088/1982 2832/2092/1986 1128/2085/1979
f 1102/2089/1983 2806/2093/1987 5235/2094/1988 3494/2090/1984
f 2806/2093/1987 1101/2095/1989 3495/2096/1990 5235/2094/1988
f 5235/2094/1988 3495/2096/1990 1126/2097/1991 2831/2098/1992
f 3494/2090/1984 5235/2094/1988 2831/2098/1992 1127/2091/1985
f 1101/2095/1989 2805/2099/1993 5236/2100/1994 3495/2096/1990
f 2805/2099/1993 1100/2101/1995 3496/2102/1996 5236/2100/1994
f 5236/2100/1994 3496/2102/1996 1125/2103/1997 2830/2104/1998
f 3495/2096/1990 5236/2100/1994 2830/2104/1998 1126/2097/1991
f 1100/2101/1995 2804/2105/1999 5237/2106/2000 3496/2102/1996
f 2804/2105/1999 1099/2107/2001 3497/2108/2002 5237/2106/2000
f 5237/2106/2000 3497/2108/2002 1124/2109/2003 2829/2110/2004
f 3496/2102/1996 5237/2106/2000 2829/2110/2004 1125/2103/1997
f 1099/2107/2001 2803/2111/2005 5238/2112/2006 3497/2108/2002
f 2803/2111/2005 1098/2113/2007 3498/2114/2008 5238/2112/2006
f 5238/2112/2006 3498/2114/2008 1123/2115/2009 2828/2116/2010
f 3497/2108/2002 5238/2112/2006 2828/2116/2010 1124/2109/2003
f 1098/2113/2007 2802/2117/2011 5239/2118/2012 3498/2114/2008
f 2802/2117/2011 1097/2119/2013 3499/2120/2014 5239/2118/2012
f 5239/2118/2012 3499/2120/2014 1122/2121/2015 2827/2122/2016
f 3498/2114/2008 5239/2118/2012 2827/2122/2016 1123/2115/2009
f 1097/2119/2013 2801/2123/2017 5240/2124/2018 3499/2120/2014
f 2801/2123/2017 1096/2125/2019 3500/2126/2020 5240/2124/2018
f 5240/2124/2018 3500/2126/2020 1121/2127/2021 2826/2128/2022
f 3499/2120/2014 5240/2124/2018 2826/2128/2022 1122/2121/2015
f 1096/2125/2019 2800/2129/2023 5241/2130/2024 3500/2126/2020
f 2800/2129/2023 1095/2131/2025 3501/2132/2026 5241/2130/2024
f 5241/2130/2024 3501/2132/2026 1120/2133/2027 2825/2134/2028
f 3500/2126/2020 5241/2130/2024 2825/2134/2028 1121/2127/2021
f 1095/2131/2025 2799/2135/2029 5242/2136/2030 3501/2132/2026
f 2799/2135/2029 1094/2137/2031 3502/2138/2032 5242/2136/2030
f 5242/2136/2030 3502/2138/2032 1119/2139/2033 2824/2140/2034
f 3501/2132/2026 5242/2136/2030 2824/2140/2034 1120/2133/2027
f 1094/2137/2031 2798/2141/2035 5243/2142/2036 3502/2138/2032
f 2798/2141/2035 1093/2143/2037 3503/2144/2038 5243/2142/2036
f 5243/2142/2036 3503/2144/2038 1118/2145/2039 2823/2146/2040
f 3502/2138/2032 5243/2142/2036 2823/2146/2040 1119/2139/2033
f 1093/2143/2037 2797/2147/2041 5244/2148/2042 3503/2144/2038
f 2797/2147/2041 1092/2149/2043 3504/2150/2044 5244/2148/2042
f 5244/2148/2042 3504/2150/2044 1117/2151/2045 2822/2152/2046
f 3503/2144/2038 5244/2148/2042 2822/2152/2046 1118/2145/2039
f 1092/2149/2043 2796/2153/2047 5245/2154/2048 3504/2150/2044
f 2796/2153/2047 1091/2155/2049 3505/2156/2050 5245/2154/2048
f 5245/2154/2048 3505/2156/2050 1116/2157/2051 2821/2158/2052
f 3504/2150/2044 5245/2154/2048 2821/2158/2052 1117/2151/2045
f 1091/2155/2049 2795/2159/2053 5246/2160/2054 3505/2156/2050
f 2795/2159/2053 1090/2161/2055 3506/2162/2056 5246/2160/2054
f 5246/2160/2054 3506/2162/2056 1115/2163/2057 2820/2164/2058
f 3505/2156/2050 5246/2160/2054 2820/2164/2058 1116/2157/2051
f 1090/2161/2055 2794/2165/2059 5247/2166/2060 3506/2162/2056
f 2794/2165/2059 1089/2167/2061 3507/2168/2062 5247/2166/2060
f 5247/2166/2060 3507/2168/2062 1114/2169/2063 2819/2170/2064
f 3506/2162/2056 5247/2166/2060 2819/2170/2064 1115/2163/2057
f 1089/2167/2061 2793/2171/2065 5248/2172/2066 3507/2168/2062
f 2793/2171/2065 1088/2173/2067 3508/2174/2068 5248/2172/2066
f 5248/2172/2066 3508/2174/2068 1113/2175/2069 2818/2176/2070
f 3507/2168/2062 5248/2172/2066 2818/2176/2070 1114/2169/2063
f 1088/2173/2067 2792/2177/2071 5249/2178/2072 3508/2174/2068
f 2792/2177/2071 1087/2179/2073 3509/2180/2074 5249/2178/2072
f 5249/2178/2072 3509/2180/2074 1112/2181/2075 2817/2182/2076
f 3508/2174/2068 5249/2178/2072 2817/2182/2076 1113/2175/2069
f 1087/2179/2073 2791/2183/2077 5250/2184/2078 3509/2180/2074
f 2791/2183/2077 1086/2185/2079 3510/2186/2080 5250/2184/2078
f 5250/2184/2078 3510/2186/2080 1111/2187/2081 2816/2188/2082
f 3509/2180/2074 5250/2184/2078 2816/2188/2082 1112/2181/2075
f 1086/2185/2079 2790/2189/2083 5251/2190/2084 3510/2186/2080
f 2790/2189/2083 1085/2191/2085 3511/2192/2086 5251/2190/2084
f 5251/2190/2084 3511/2192/2086 1110/2193/2087 2815/2194/2088
f 3510/2186/2080 5251/2190/2084 2815/2194/2088 1111/2187/2081
f 1085/2191/2085 2789/2195/2089 5252/2196/2090 3511/2192/2086
f 2789/2195/2089 1084/613/508 3512/615/510 5252/2196/2090
f 5252/2196/2090 3512/615/510 1109/617/512 2814/2197/2091
f 3511/2192/2086 5252/2196/2090 2814/2197/2091 1110/2193/2087
f 24/394/306 1797/2198/2092 5253/2199/2093 1628/388/302
f 1797/2198/2092 1083/2200/2094 3513/2201/2095 5253/2199/2093
f 5253/2199/2093 3513/2201/2095 1108/2053/1947 1798/2051/1945
f 1628/388/302 5253/2199/2093 1798/2051/1945 23/386/300
f 1083/2200/2094 2787/2202/2096 5254/2203/2097 3513/2201/2095
f 2787/2202/2096 1082/2204/2098 3514/2205/2099 5254/2203/2097
f 5254/2203/2097 3514/2205/2099 1107/2059/1953 2812/2057/1951
f 3513/2201/2095 5254/2203/2097 2812/2057/1951 1108/2053/1947
f 1082/2204/2098 2786/2206/2100 5255/2207/2101 3514/2205/2099
f 2786/2206/2100 1081/2208/2102 3515/2209/2103 5255/2207/2101
f 5255/2207/2101 3515/2209/2103 1106/2065/1959 2811/2063/1957
f 3514/2205/2099 5255/2207/2101 2811/2063/1957 1107/2059/1953
f 1081/2208/2102 2785/2210/2104 5256/2211/2105 3515/2209/2103
f 2785/2210/2104 1080/2212/2106 3516/2213/2107 5256/2211/2105
f 5256/2211/2105 3516/2213/2107 1105/2071/1965 2810/2069/1963
f 3515/2209/2103 5256/2211/2105 2810/2069/1963 1106/2065/1959
f 1080/2212/2106 2784/2214/2108 5257/2215/2109 3516/2213/2107
f 2784/2214/2108 1079/2216/2110 3517/2217/2111 5257/2215/2109
f 5257/2215/2109 3517/2217/2111 1104/2077/1971 2809/2075/1969
f 3516/2213/2107 5257/2215/2109 2809/2075/1969 1105/2071/1965
f 1079/2216/2110 2783/2218/2112 5258/2219/2113 3517/2217/2111
f 2783/2218/2112 1078/2220/2114 3518/2221/2115 5258/2219/2113
f 5258/2219/2113 3518/2221/2115 1103/2083/1977 2808/2081/1975
f 3517/2217/2111 5258/2219/2113 2808/2081/1975 1104/2077/1971
f 1078/2220/2114 2782/2222/2116 5259/2223/2117 3518/2221/2115
f 2782/2222/2116 1077/2224/2118 3519/2225/2119 5259/2223/2117
f 5259/2223/2117 3519/2225/2119 1102/2089/1983 2807/2087/1981
f 3518/2221/2115 5259/2223/2117 2807/2087/1981 1103/2083/1977
f 1077/2224/2118 2781/2226/2120 5260/2227/2121 3519/2225/2119
f 2781/2226/2120 1076/2228/2122 3520/2229/2123 5260/2227/2121
f 5260/2227/2121 3520/2229/2123 1101/2095/1989 2806/2093/1987
f 3519/2225/2119 5260/2227/2121 2806/2093/1987 1102/2089/1983
f 1076/2228/2122 2780/2230/2124 5261/2231/2125 3520/2229/2123
f 2780/2230/2124 1075/2232/2126 3521/2233/2127 5261/2231/2125
f 5261/2231/2125 3521/2233/2127 1100/2101/1995 2805/2099/1993
f 3520/2229/2123 5261/2231/2125 2805/2099/1993 1101/2095/1989
f 1075/2232/2126 2779/2234/2128 5262/2235/2129 3521/2233/2127
f 2779/2234/2128 1074/2236/2130 3522/2237/2131 5262/2235/2129
f 5262/2235/2129 3522/2237/2131 1099/2107/2001 2804/2105/1999
f 3521/2233/2127 5262/2235/2129 2804/2105/1999 1100/2101/1995
f 1074/2236/2130 2778/2238/2132 5263/2239/2133 3522/2237/2131
f 2778/2238/2132 1073/2240/2134 3523/2241/2135 5263/2239/2133
f 5263/2239/2133 3523/2241/2135 1098/2113/2007 2803/2111/2005
f 3522/2237/2131 5263/2239/2133 2803/2111/2005 1099/2107/2001
f 1073/2240/2134 2777/2242/2136 5264/2243/2137 3523/2241/2135
f 2777/2242/2136 1072/2244/2138 3524/2245/2139 5264/2243/2137
f 5264/2243/2137 3524/2245/2139 1097/2119/2013 2802/2117/2011
f 3523/2241/2135 5264/2243/2137 2802/2117/2011 1098/2113/2007
f 1072/2244/2138 2776/2246/2140 5265/2247/2141 3524/2245/2139
f 2776/2246/2140 1071/2248/2142 3525/2249/2143 5265/2247/2141
f 5265/2247/2141 3525/2249/2143 1096/2125/2019 2801/2123/2017
f 3524/2245/2139 5265/2247/2141 2801/2123/2017 1097/2119/2013
f 1071/2248/2142 2775/2250/2144 5266/2251/2145 3525/2249/2143
f 2775/2250/2144 1070/2252/2146 3526/2253/2147 5266/2251/2145
f 5266/2251/2145 3526/2253/2147 1095/2131/2025 2800/2129/2023
f 3525/2249/2143 5266/2251/2145 2800/2129/2023 1096/2125/2019
f 1070/2252/2146 2774/2254/2148 5267/2255/2149 3526/2253/2147
f 2774/2254/2148 1069/2256/2150 3527/2257/2151 5267/2255/2149
f 5267/2255/2149 3527/2257/2151 1094/2137/2031 2799/2135/2029
f 3526/2253/2147 5267/2255/2149 2799/2135/2029 1095/2131/2025
f 1069/2256/2150 2773/2258/2152 5268/2259/2153 3527/2257/2151
f 2773/2258/2152 1068/2260/2154 3528/2261/2155 5268/2259/2153
f 5268/2259/2153 3528/2261/2155 1093/2143/2037 2798/2141/2035
f 3527/2257/2151 5268/2259/2153 2798/2141/2035 1094/2137/2031
f 1068/2260/2154 2772/2262/2156 5269/2263/2157 3528/2261/2155
f 2772/2262/2156 1067/2264/2158 3529/2265/2159 5269/2263/2157
f 5269/2263/2157 3529/2265/2159 1092/2149/2043 2797/2147/2041
f 3528/2261/2155 5269/2263/2157 2797/2147/2041 1093/2143/2037
f 1067/2264/2158 2771/2266/2160 5270/2267/2161 3529/2265/2159
f 2771/2266/2160 1066/2268/2162 3530/2269/2163 5270/2267/2161
f 5270/2267/2161 3530/2269/2163 1091/2155/2049 2796/2153/2047
f 3529/2265/2159 5270/2267/2161 2796/2153/2047 1092/2149/2043
f 1066/2268/2162 2770/2270/2164 5271/2271/2165 3530/2269/2163
f 2770/2270/2164 1065/2272/2166 3531/2273/2167 5271/2271/2165
f 5271/2271/2165 3531/2273/2167 1090/2161/2055 2795/2159/2053
f 3530/2269/2163 5271/2271/2165 2795/2159/2053 1091/2155/2049
f 1065/2272/2166 2769/2274/2168 5272/2275/2169 3531/2273/2167
f 2769/2274/2168 1064/2276/2170 3532/2277/2171 5272/2275/2169
f 5272/2275/2169 3532/2277/2171 1089/2167/2061 2794/2165/2059
f 3531/2273/2167 5272/2275/2169 2794/2165/2059 1090/2161/2055
f 1064/2276/2170 2768/2278/2172 5273/2279/2173 3532/2277/2171
f 2768/2278/2172 1063/2280/2174 3533/2281/2175 5273/2279/2173
f 5273/2279/2173 3533/2281/2175 1088/2173/2067 2793/2171/2065
f 3532/2277/2171 5273/2279/2173 2793/2171/2065 1089/2167/2061
f 1063/2280/2174 2767/2282/2176 5274/2283/2177 3533/2281/2175
f 2767/2282/2176 1062/2284/2178 3534/2285/2179 5274/2283/2177
f 5274/2283/2177 3534/2285/2179 1087/2179/2073 2792/2177/2071
f 3533/2281/2175 5274/2283/2177 2792/2177/2071 1088/2173/2067
f 1062/2284/2178 2766/2286/2180 5275/2287/2181 3534/2285/2179
f 2766/2286/2180 1061/2288/2182 3535/2289/2183 5275/2287/2181
f 5275/2287/2181 3535/2289/2183 1086/2185/2079 2791/2183/2077
f 3534/2285/2179 5275/2287/2181 2791/2183/2077 1087/2179/2073
f 1061/2288/2182 2765/2290/2184 5276/2291/2185 3535/2289/2183
f 2765/2290/2184 1060/2292/2186 3536/2293/2187 5276/2291/2185
f 5276/2291/2185 3536/2293/2187 1085/2191/2085 2790/2189/2083
f 3535/2289/2183 5276/2291/2185 2790/2189/2083 1086/2185/2079
f 1060/2292/2186 2764/2294/2188 5277/2295/2189 3536/2293/2187
f 2764/2294/2188 1059/609/504 3537/611/506 5277/2295/2189
f 5277/2295/2189 3537/611/506 1084/613/508 2789/2195/2089
f 3536/2293/2187 5277/2295/2189 2789/2195/2089 1085/2191/2085
f 25/402/312 1796/2296/2190 5278/2297/2191 1629/396/308
f 1796/2296/2190 1058/2298/2192 3538/2299/2193 5278/2297/2191
f 5278/2297/2191 3538/2299/2193 1083/2200/2094 1797/2198/2092
f 1629/396/308 5278/2297/2191 1797/2198/2092 24/394/306
f 1058/2298/2192 2762/2300/2194 5279/2301/2195 3538/2299/2193
f 2762/2300/2194 1057/2302/2196 3539/2303/2197 5279/2301/2195
f 5279/2301/2195 3539/2303/2197 1082/2204/2098 2787/2202/2096
f 3538/2299/2193 5279/2301/2195 2787/2202/2096 1083/2200/2094
f 1057/2302/2196 2761/2304/2198 5280/2305/2199 3539/2303/2197
f 2761/2304/2198 1056/2306/2200 3540/2307/2201 5280/2305/2199
f 5280/2305/2199 3540/2307/2201 1081/2208/2102 2786/2206/2100
f 3539/2303/2197 5280/2305/2199 2786/2206/2100 1082/2204/2098
f 1056/2306/2200 2760/2308/2202 5281/2309/2203 3540/2307/2201
f 2760/2308/2202 1055/2310/2204 3541/2311/2205 5281/2309/2203
f 5281/2309/2203 3541/2311/2205 1080/2212/2106 2785/2210/2104
f 3540/2307/2201 5281/2309/2203 2785/2210/2104 1081/2208/2102
f 1055/2310/2204 2759/2312/2206 5282/2313/2207 3541/2311/2205
f 2759/2312/2206 1054/2314/2208 3542/2315/2209 5282/2313/2207
f 5282/2313/2207 3542/2315/2209 1079/2216/2110 2784/2214/2108
f 3541/2311/2205 5282/2313/2207 2784/2214/2108 1080/2212/2106
f 1054/2314/2208 2758/2316/2210 5283/2317/2211 3542/2315/2209
f 2758/2316/2210 1053/2318/2212 3543/2319/2213 5283/2317/2211
f 5283/2317/2211 3543/2319/2213 1078/2220/2114 2783/2218/2112
f 3542/2315/2209 5283/2317/2211 2783/2218/2112 1079/2216/2110
f 1053/2318/2212 2757/2320/2214 5284/2321/2215 3543/2319/2213
f 2757/2320/2214 1052/2322/2216 3544/2323/2217 5284/2321/2215
f 5284/2321/2215 3544/2323/2217 1077/2224/2118 2782/2222/2116
f 3543/2319/2213 5284/2321/2215 2782/2222/2116 1078/2220/2114
f 1052/2322/2216 2756/2324/2218 5285/2325/2219 3544/2323/2217
f 2756/2324/2218 1051/2326/2220 3545/2327/2221 5285/2325/2219
f 5285/2325/2219 3545/2327/2221 1076/2228/2122 2781/2226/2120
f 3544/2323/2217 5285/2325/2219 2781/2226/2120 1077/2224/2118
f 1051/2326/2220 2755/2328/2222 5286/2329/2223 3545/2327/2221
f 2755/2328/2222 1050/2330/2224 3546/2331/2225 5286/2329/2223
f 5286/2329/2223 3546/2331/2225 1075/2232/2126 2780/2230/2124
f 3545/2327/2221 5286/2329/2223 2780/2230/2124 1076/2228/2122
f 1050/2330/2224 2754/2332/2226 5287/2333/2227 3546/2331/2225
f 2754/2332/2226 1049/2334/2228 3547/2335/2229 5287/2333/2227
f 5287/2333/2227 3547/2335/2229 1074/2236/2130 2779/2234/2128
f 3546/2331/2225 5287/2333/2227 2779/2234/2128 1075/2232/2126
f 1049/2334/2228 2753/2336/2230 5288/2337/2231 3547/2335/2229
f 2753/2336/2230 1048/2338/2232 3548/2339/2233 5288/2337/2231
f 5288/2337/2231 3548/2339/2233 1073/2240/2134 2778/2238/2132
f 3547/2335/2229 5288/2337/2231 2778/2238/2132 1074/2236/2130
f 1048/2338/2232 2752/2340/2234 5289/2341/2235 3548/2339/2233
f 2752/2340/2234 1047/2342/2236 3549/2343/2237 5289/2341/2235
f 5289/2341/2235 3549/2343/2237 1072/2244/2138 2777/2242/2136
f 3548/2339/2233 5289/2341/2235 2777/2242/2136 1073/2240/2134
f 1047/2342/2236 2751/2344/2238 5290/2345/2239 3549/2343/2237
f 2751/2344/2238 1046/2346/2240 3550/2347/2241 5290/2345/2239
f 5290/2345/2239 3550/2347/2241 1071/2248/2142 2776/2246/2140
f 3549/2343/2237 5290/2345/2239 2776/2246/2140 1072/2244/2138
f 1046/2346/2240 2750/2348/2242 5291/2349/2243 3550/2347/2241
f 2750/2348/2242 1045/2350/2244 3551/2351/2245 5291/2349/2243
f 5291/2349/2243 3551/2351/2245 1070/2252/2146 2775/2250/2144
f 3550/2347/2241 5291/2349/2243 2775/2250/2144 1071/2248/2142
f 1045/2350/2244 2749/2352/2246 5292/2353/2247 3551/2351/2245
f 2749/2352/2246 1044/2354/2248 3552/2355/2249 5292/2353/2247
f 5292/2353/2247 3552/2355/2249 1069/2256/2150 2774/2254/2148
f 3551/2351/2245 5292/2353/2247 2774/2254/2148 1070/2252/2146
f 1044/2354/2248 2748/2356/2250 5293/2357/2251 3552/2355/2249
f 2748/2356/2250 1043/2358/2252 3553/2359/2253 5293/2357/2251
f 5293/2357/2251 3553/2359/2253 1068/2260/2154 2773/2258/2152
f 3552/2355/2249 5293/2357/2251 2773/2258/2152 1069/2256/2150
f 1043/2358/2252 2747/2360/2254 5294/2361/2255 3553/2359/2253
f 2747/2360/2254 1042/2362/2256 3554/2363/2257 5294/2361/2255
f 5294/2361/2255 3554/2363/2257 1067/2264/2158 2772/2262/2156
f 3553/2359/2253 5294/2361/2255 2772/2262/2156 1068/2260/2154
f 1042/2362/2256 2746/2364/2258 5295/2365/2259 3554/2363/2257
f 2746/2364/2258 1041/2366/2260 3555/2367/2261 5295/2365/2259
f 5295/2365/2259 3555/2367/2261 1066/2268/2162 2771/2266/2160
f 3554/2363/2257 5295/2365/2259 2771/2266/2160 1067/2264/2158
f 1041/2366/2260 2745/2368/2262 5296/2369/2263 3555/2367/2261
f 2745/2368/2262 1040/2370/2264 3556/2371/2265 5296/2369/2263
f 5296/2369/2263 3556/2371/2265 1065/2272/2166 2770/2270/2164
f 3555/2367/2261 5296/2369/2263 2770/2270/2164 1066/2268/2162
f 1040/2370/2264 2744/2372/2266 5297/2373/2267 3556/2371/2265
f 2744/2372/2266 1039/2374/2268 3557/2375/2269 5297/2373/2267
f 5297/2373/2267 3557/2375/2269 1064/2276/2170 2769/2274/2168
f 3556/2371/2265 5297/2373/2267 2769/2274/2168 1065/2272/2166
f 1039/2374/2268 2743/2376/2270 5298/2377/2271 3557/2375/2269
f 2743/2376/2270 1038/2378/2272 3558/2379/2273 5298/2377/2271
f 5298/2377/2271 3558/2379/2273 1063/2280/2174 2768/2278/2172
f 3557/2375/2269 5298/2377/2271 2768/2278/2172 1064/2276/2170
f 1038/2378/2272 2742/2380/2274 5299/2381/2275 3558/2379/2273
f 2742/2380/2274 1037/2382/2276 3559/2383/2277 5299/2381/2275
f 5299/2381/2275 3559/2383/2277 1062/2284/2178 2767/2282/2176
f 3558/2379/2273 5299/2381/2275 2767/2282/2176 1063/2280/2174
f 1037/2382/2276 2741/2384/2278 5300/2385/2279 3559/2383/2277
f 2741/2384/2278 1036/2386/2280 3560/2387/2281 5300/2385/2279
f 5300/2385/2279 3560/2387/2281 1061/2288/2182 2766/2286/2180
f 3559/2383/2277 5300/2385/2279 2766/2286/2180 1062/2284/2178
f 1036/2386/2280 2740/2388/2282 5301/2389/2283 3560/2387/2281
f 2740/2388/2282 1035/2390/2284 3561/2391/2285 5301/2389/2283
f 5301/2389/2283 3561/2391/2285 1060/2292/2186 2765/2290/2184
f 3560/2387/2281 5301/2389/2283 2765/2290/2184 1061/2288/2182
f 1035/2390/2284 2739/2392/2286 5302/2393/2287 3561/2391/2285
f 2739/2392/2286 1034/605/500 3562/607/502 5302/2393/2287
f 5302/2393/2287 3562/607/502 1059/609/504 2764/2294/2188
f 3561/2391/2285 5302/2393/2287 2764/2294/2188 1060/2292/2186
f 26/410/318 1795/2394/2288 5303/2395/2289 1630/404/314
f 1795/2394/2288 1033/2396/2290 3563/2397/2291 5303/2395/2289
f 5303/2395/2289 3563/2397/2291 1058/2298/2192 1796/2296/2190
f 1630/404/314 5303/2395/2289 1796/2296/2190 25/402/312
f 1033/2396/2290 2737/2398/2292 5304/2399/2293 3563/2397/2291
f 2737/2398/2292 1032/2400/2294 3564/2401/2295 5304/2399/2293
f 5304/2399/2293 3564/2401/2295 1057/2302/2196 2762/2300/2194
f 3563/2397/2291 5304/2399/2293 2762/2300/2194 1058/2298/2192
f 1032/2400/2294 2736/2402/2296 5305/2403/2297 3564/2401/2295
f 2736/2402/2296 1031/2404/2298 3565/2405/2299 5305/2403/2297
f 5305/2403/2297 3565/2405/2299 1056/2306/2200 2761/2304/2198
f 3564/2401/2295 5305/2403/2297 2761/2304/2198 1057/2302/2196
f 1031/2404/2298 2735/2406/2300 5306/2407/2301 3565/2405/2299
f 2735/2406/2300 1030/2408/2302 3566/2409/2303 5306/2407/2301
f 5306/2407/2301 3566/2409/2303 1055/2310/2204 2760/2308/2202
f 3565/2405/2299 5306/2407/2301 2760/2308/2202 1056/2306/2200
f 1030/2408/2302 2734/2410/2304 5307/2411/2305 3566/2409/2303
f 2734/2410/2304 1029/2412/2306 3567/2413/2307 5307/2411/2305
f 5307/2411/2305 3567/2413/2307 1054/2314/2208 2759/2312/2206
f 3566/2409/2303 5307/2411/2305 2759/2312/2206 1055/2310/2204
f 1029/2412/2306 2733/2414/2308 5308/2415/2309 3567/2413/2307
f 2733/2414/2308 1028/2416/2310 3568/2417/2311 5308/2415/2309
f 5308/2415/2309 3568/2417/2311 1053/2318/2212 2758/2316/2210
f 3567/2413/2307 5308/2415/2309 2758/2316/2210 1054/2314/2208
f 1028/2416/2310 2732/2418/2312 5309/2419/2313 3568/2417/2311
f 2732/2418/2312 1027/2420/2314 3569/2421/2315 5309/2419/2313
f 5309/2419/2313 3569/2421/2315 1052/2322/2216 2757/2320/2214
f 3568/2417/2311 5309/2419/2313 2757/2320/2214 1053/2318/2212
f 1027/2420/2314 2731/2422/2316 5310/2423/2317 3569/2421/2315
f 2731/2422/2316 1026/2424/2318 3570/2425/2319 5310/2423/2317
f 5310/2423/2317 3570/2425/2319 1051/2326/2220 2756/2324/2218
f 3569/2421/2315 5310/2423/2317 2756/2324/2218 1052/2322/2216
f 1026/2424/2318 2730/2426/2320 5311/2427/2321 3570/2425/2319
f 2730/2426/2320 1025/2428/2322 3571/2429/2323 5311/2427/2321
f 5311/2427/2321 3571/2429/2323 1050/2330/2224 2755/2328/2222
f 3570/2425/2319 5311/2427/2321 2755/2328/2222 1051/2326/2220
f 1025/2428/2322 2729/2430/2324 5312/2431/2325 3571/2429/2323
f 2729/2430/2324 1024/2432/2326 3572/2433/2327 5312/2431/2325
f 5312/2431/2325 3572/2433/2327 1049/2334/2228 2754/2332/2226
f 3571/2429/2323 5312/2431/2325 2754/2332/2226 1050/2330/2224
f 1024/2432/2326 2728/2434/2328 5313/2435/2329 3572/2433/2327
f 2728/2434/2328 1023/2436/2330 3573/2437/2331 5313/2435/2329
f 5313/2435/2329 3573/2437/2331 1048/2338/2232 2753/2336/2230
f 3572/2433/2327 5313/2435/2329 2753/2336/2230 1049/2334/2228
f 1023/2436/2330 2727/2438/2332 5314/2439/2333 3573/2437/2331
f 2727/2438/2332 1022/2440/2334 3574/2441/2335 5314/2439/2333
f 5314/2439/2333 3574/2441/2335 1047/2342/2236 2752/2340/2234
f 3573/2437/2331 5314/2439/2333 2752/2340/2234 1048/2338/2232
f 1022/2440/2334 2726/2442/2336 5315/2443/2337 3574/2441/2335
f 2726/2442/2336 1021/2444/2338 3575/2445/2339 5315/2443/2337
f 5315/2443/2337 3575/2445/2339 1046/2346/2240 2751/2344/2238
f 3574/2441/2335 5315/2443/2337 2751/2344/2238 1047/2342/2236
f 1021/2444/2338 2725/2446/2340 5316/2447/2341 3575/2445/2339
f 2725/2446/2340 1020/2448/2342 3576/2449/2343 5316/2447/2341
f 5316/2447/2341 3576/2449/2343 1045/2350/2244 2750/2348/2242
f 3575/2445/2339 5316/2447/2341 2750/2348/2242 1046/2346/2240
f 1020/2448/2342 2724/2450/2344 5317/2451/2345 3576/2449/2343
f 2724/2450/2344 1019/2452/2346 3577/2453/2347 5317/2451/2345
f 5317/2451/2345 3577/2453/2347 1044/2354/2248 2749/2352/2246
f 3576/2449/2343 5317/2451/2345 2749/2352/2246 1045/2350/2244
f 1019/2452/2346 2723/2454/2348 5318/2455/2349 3577/2453/2347
f 2723/2454/2348 1018/2456/2350 3578/2457/2351 5318/2455/2349
f 5318/2455/2349 3578/2457/2351 1043/2358/2252 2748/2356/2250
f 3577/2453/2347 5318/2455/2349 2748/2356/2250 1044/2354/2248
f 1018/2456/2350 2722/2458/2352 5319/2459/2353 3578/2457/2351
f 2722/2458/2352 1017/2460/2354 3579/2461/2355 5319/2459/2353
f 5319/2459/2353 3579/2461/2355 1042/2362/2256 2747/2360/2254
f 3578/2457/2351 5319/2459/2353 2747/2360/2254 1043/2358/2252
f 1017/2460/2354 2721/2462/2356 5320/2463/2357 3579/2461/2355
f 2721/2462/2356 1016/2464/2358 3580/2465/2359 5320/2463/2357
f 5320/2463/2357 3580/2465/2359 1041/2366/2260 2746/2364/2258
f 3579/2461/2355 5320/2463/2357 2746/2364/2258 1042/2362/2256
f 1016/2464/2358 2720/2466/2360 5321/2467/2361 3580/2465/2359
f 2720/2466/2360 1015/2468/2362 3581/2469/2363 5321/2467/2361
f 5321/2467/2361 3581/2469/2363 1040/2370/2264 2745/2368/2262
f 3580/2465/2359 5321/2467/2361 2745/2368/2262 1041/2366/2260
f 1015/2468/2362 2719/2470/2364 5322/2471/2365 3581/2469/2363
f 2719/2470/2364 1014/2472/2366 3582/2473/2367 5322/2471/2365
f 5322/2471/2365 3582/2473/2367 1039/2374/2268 2744/2372/2266
f 3581/2469/2363 5322/2471/2365 2744/2372/2266 1040/2370/2264
f 1014/2472/2366 2718/2474/2368 5323/2475/2369 3582/2473/2367
f 2718/2474/2368 1013/2476/2370 3583/2477/2371 5323/2475/2369
f 5323/2475/2369 3583/2477/2371 1038/2378/2272 2743/2376/2270
f 3582/2473/2367 5323/2475/2369 2743/2376/2270 1039/2374/2268
f 1013/2476/2370 2717/2478/2372 5324/2479/2373 3583/2477/2371
f 2717/2478/2372 1012/2480/2374 3584/2481/2375 5324/2479/2373
f 5324/2479/2373 3584/2481/2375 1037/2382/2276 2742/2380/2274
f 3583/2477/2371 5324/2479/2373 2742/2380/2274 1038/2378/2272
f 1012/2480/2374 2716/2482/2376 5325/2483/2377 3584/2481/2375
f 2716/2482/2376 1011/2484/2378 3585/2485/2379 5325/2483/2377
f 5325/2483/2377 3585/2485/2379 1036/2386/2280 2741/2384/2278
f 3584/2481/2375 5325/2483/2377 2741/2384/2278 1037/2382/2276
f 1011/2484/2378 2715/2486/2380 5326/2487/2381 3585/2485/2379
f 2715/2486/2380 1010/2488/2382 3586/2489/2383 5326/2487/2381
f 5326/2487/2381 3586/2489/2383 1035/2390/2284 2740/2388/2282
f 3585/2485/2379 5326/2487/2381 2740/2388/2282 1036/2386/2280
f 1010/2488/2382 2714/2490/2384 5327/2491/2385 3586/2489/2383
f 2714/2490/2384 1009/601/496 3587/603/498 5327/2491/2385
f 5327/2491/2385 3587/603/498 1034/605/500 2739/2392/2286
f 3586/2489/2383 5327/2491/2385 2739/2392/2286 1035/2390/2284
f 27/418/324 1794/2492/2386 5328/2493/2387 1631/412/320
f 1794/2492/2386 1008/2494/2388 3588/2495/2389 5328/2493/2387
f 5328/2493/2387 3588/2495/2389 1033/2396/2290 1795/2394/2288
f 1631/412/320 5328/2493/2387 1795/2394/2288 26/410/318
f 1008/2494/2388 2712/2496/2390 5329/2497/2391 3588/2495/2389
f 2712/2496/2390 1007/2498/2392 3589/2499/2393 5329/2497/2391
f 5329/2497/2391 3589/2499/2393 1032/2400/2294 2737/2398/2292
f 3588/2495/2389 5329/2497/2391 2737/2398/2292 1033/2396/2290
f 1007/2498/2392 2711/2500/2394 5330/2501/2395 3589/2499/2393
f 2711/2500/2394 1006/2502/2396 3590/2503/2397 5330/2501/2395
f 5330/2501/2395 3590/2503/2397 1031/2404/2298 2736/2402/2296
f 3589/2499/2393 5330/2501/2395 2736/2402/2296 1032/2400/2294
f 1006/2502/2396 2710/2504/2398 5331/2505/2399 3590/2503/2397
f 2710/2504/2398 1005/2506/2400 3591/2507/2401 5331/2505/2399
f 5331/2505/2399 3591/2507/2401 1030/2408/2302 2735/2406/2300
f 3590/2503/2397 5331/2505/2399 2735/2406/2300 1031/2404/2298
f 1005/2506/2400 2709/2508/2402 5332/2509/2403 3591/2507/2401
f 2709/2508/2402 1004/2510/2404 3592/2511/2405 5332/2509/2403
f 5332/2509/2403 3592/2511/2405 1029/2412/2306 2734/2410/2304
f 3591/2507/2401 5332/2509/2403 2734/2410/2304 1030/2408/2302
f 1004/2510/2404 2708/2512/2406 5333/2513/2407 3592/2511/2405
f 2708/2512/2406 1003/2514/2408 3593/2515/2409 5333/2513/2407
f 5333/2513/2407 3593/2515/2409 1028/2416/2310 2733/2414/2308
f 3592/2511/2405 5333/2513/2407 2733/2414/2308 1029/2412/2306
f 1003/2514/2408 2707/2516/2410 5334/2517/2411 3593/2515/2409
f 2707/2516/2410 1002/2518/2412 3594/2519/2413 5334/2517/2411
f 5334/2517/2411 3594/2519/2413 1027/2420/2314 2732/2418/2312
f 3593/2515/2409 5334/2517/2411 2732/2418/2312 1028/2416/2310
f 1002/2518/2412 2706/2520/2414 5335/2521/2415 3594/2519/2413
f 2706/2520/2414 1001/2522/2416 3595/2523/2417 5335/2521/2415
f 5335/2521/2415 3595/2523/2417 1026/2424/2318 2731/2422/2316
f 3594/2519/2413 5335/2521/2415 2731/2422/2316 1027/2420/2314
f 1001/2522/2416 2705/2524/2418 5336/2525/2419 3595/2523/2417
f 2705/2524/2418 1000/2526/2420 3596/2527/2421 5336/2525/2419
f 5336/2525/2419 3596/2527/2421 1025/2428/2322 2730/2426/2320
f 3595/2523/2417 5336/2525/2419 2730/2426/2320 1026/2424/2318
f 1000/2526/2420 2704/2528/2422 5337/2529/2423 3596/2527/2421
f 2704/2528/2422 999/2530/2424 3597/2531/2425 5337/2529/2423
f 5337/2529/2423 3597/2531/2425 1024/2432/2326 2729/2430/2324
f 3596/2527/2421 5337/2529/2423 2729/2430/2324 1025/2428/2322
f 999/2530/2424 2703/2532/2426 5338/2533/2427 3597/2531/2425
f 2703/2532/2426 998/2534/2428 3598/2535/2429 5338/2533/2427
f 5338/2533/2427 3598/2535/2429 1023/2436/2330 2728/2434/2328
f 3597/2531/2425 5338/2533/2427 2728/2434/2328 1024/2432/2326
f 998/2534/2428 2702/2536/2430 5339/2537/2431 3598/2535/2429
f 2702/2536/2430 997/2538/2432 3599/2539/2433 5339/2537/2431
f 5339/2537/2431 3599/2539/2433 1022/2440/2334 2727/2438/2332
f 3598/2535/2429 5339/2537/2431 2727/2438/2332 1023/2436/2330
f 997/2538/2432 2701/2540/2434 5340/2541/2435 3599/2539/2433
f 2701/2540/2434 996/2542/2436 3600/2543/2437 5340/2541/2435
f 5340/2541/2435 3600/2543/2437 1021/2444/2338 2726/2442/2336
f 3599/2539/2433 5340/2541/2435 2726/2442/2336 1022/2440/2334
f 996/2542/2436 2700/2544/2438 5341/2545/2439 3600/2543/2437
f 2700/2544/2438 995/2546/2440 3601/2547/2441 5341/2545/2439
f 5341/2545/2439 3601/2547/2441 1020/2448/2342 2725/2446/2340
f 3600/2543/2437 5341/2545/2439 2725/2446/2340 1021/2444/2338
f 995/2546/2440 2699/2548/2442 5342/2549/2443 3601/2547/2441
f 2699/2548/2442 994/2550/2444 3602/2551/2445 5342/2549/2443
f 5342/2549/2443 3602/2551/2445 1019/2452/2346 2724/2450/2344
f 3601/2547/2441 5342/2549/2443 2724/2450/2344 1020/2448/2342
f 994/2550/2444 2698/2552/2446 5343/2553/2447 3602/2551/2445
f 2698/2552/2446 993/2554/2448 3603/2555/2449 5343/2553/2447
f 5343/2553/2447 3603/2555/2449 1018/2456/2350 2723/2454/2348
f 3602/2551/2445 5343/2553/2447 2723/2454/2348 1019/2452/2346
f 993/2554/2448 2697/2556/2450 5344/2557/2451 3603/2555/2449
f 2697/2556/2450 992/2558/2452 3604/2559/2453 5344/2557/2451
f 5344/2557/2451 3604/2559/2453 1017/2460/2354 2722/2458/2352
f 3603/2555/2449 5344/2557/2451 2722/2458/2352 1018/2456/2350
f 992/2558/2452 2696/2560/2454 5345/2561/2455 3604/2559/2453
f 2696/2560/2454 991/2562/2456 3605/2563/2457 5345/2561/2455
f 5345/2561/2455 3605/2563/2457 1016/2464/2358 2721/2462/2356
f 3604/2559/2453 5345/2561/2455 2721/2462/2356 1017/2460/2354
f 991/2562/2456 2695/2564/2458 5346/2565/2459 3605/2563/2457
f 2695/2564/2458 990/2566/2460 3606/2567/2461 5346/2565/2459
f 5346/2565/2459 3606/2567/2461 1015/2468/2362 2720/2466/2360
f 3605/2563/2457 5346/2565/2459 2720/2466/2360 1016/2464/2358
f 990/2566/2460 2694/2568/2462 5347/2569/2463 3606/2567/2461
f 2694/2568/2462 989/2570/2464 3607/2571/2465 5347/2569/2463
f 5347/2569/2463 3607/2571/2465 1014/2472/2366 2719/2470/2364
f 3606/2567/2461 5347/2569/2463 2719/2470/2364 1015/2468/2362
f 989/2570/2464 2693/2572/2466 5348/2573/2467 3607/2571/2465
f 2693/2572/2466 988/2574/2468 3608/2575/2469 5348/2573/2467
f 5348/2573/2467 3608/2575/2469 1013/2476/2370 2718/2474/2368
f 3607/2571/2465 5348/2573/2467 2718/2474/2368 1014/2472/2366
f 988/2574/2468 2692/2576/2470 5349/2577/2471 3608/2575/2469
f 2692/2576/2470 987/2578/2472 3609/2579/2473 5349/2577/2471
f 5349/2577/2471 3609/2579/2473 1012/2480/2374 2717/2478/2372
f 3608/2575/2469 5349/2577/2471 2717/2478/2372 1013/2476/2370
f 987/2578/2472 2691/2580/2474 5350/2581/2475 3609/2579/2473
f 2691/2580/2474 986/2582/2476 3610/2583/2477 5350/2581/2475
f 5350/2581/2475 3610/2583/2477 1011/2484/2378 2716/2482/2376
f 3609/2579/2473 5350/2581/2475 2716/2482/2376 1012/2480/2374
f 986/2582/2476 2690/2584/2478 5351/2585/2479 3610/2583/2477
f 2690/2584/2478 985/2586/2480 3611/2587/2481 5351/2585/2479
f 5351/2585/2479 3611/2587/2481 1010/2488/2382 2715/2486/2380
f 3610/2583/2477 5351/2585/2479 2715/2486/2380 1011/2484/2378
f 985/2586/2480 2689/2588/2482 5352/2589/2483 3611/2587/2481
f 2689/2588/2482 984/597/492 3612/599/494 5352/2589/2483
f 5352/2589/2483 3612/599/494 1009/601/496 2714/2490/2384
f 3611/2587/2481 5352/2589/2483 2714/2490/2384 1010/2488/2382
f 28/426/330 1793/2590/2484 5353/2591/2485 1632/420/326
f 1793/2590/2484 983/2592/2486 3613/2593/2487 5353/2591/2485
f 5353/2591/2485 3613/2593/2487 1008/2494/2388 1794/2492/2386
f 1632/420/326 5353/2591/2485 1794/2492/2386 27/418/324
f 983/2592/2486 2687/2594/2488 5354/2595/2489 3613/2593/2487
f 2687/2594/2488 982/2596/2490 3614/2597/2491 5354/2595/2489
f 5354/2595/2489 3614/2597/2491 1007/2498/2392 2712/2496/2390
f 3613/2593/2487 5354/2595/2489 2712/2496/2390 1008/2494/2388
f 982/2596/2490 2686/2598/2492 5355/2599/2493 3614/2597/2491
f 2686/2598/2492 981/2600/2494 3615/2601/2495 5355/2599/2493
f 5355/2599/2493 3615/2601/2495 1006/2502/2396 2711/2500/2394
f 3614/2597/2491 5355/2599/2493 2711/2500/2394 1007/2498/2392
f 981/2600/2494 2685/2602/2496 5356/2603/2497 3615/2601/2495
f 2685/2602/2496 980/2604/2498 3616/2605/2499 5356/2603/2497
f 5356/2603/2497 3616/2605/2499 1005/2506/2400 2710/2504/2398
f 3615/2601/2495 5356/2603/2497 2710/2504/2398 1006/2502/2396
f 980/2604/2498 2684/2606/2500 5357/2607/2501 3616/2605/2499
f 2684/2606/2500 979/2608/2502 3617/2609/2503 5357/2607/2501
f 5357/2607/2501 3617/2609/2503 1004/2510/2404 2709/2508/2402
f 3616/2605/2499 5357/2607/2501 2709/2508/2402 1005/2506/2400
f 979/2608/2502 2683/2610/2504 5358/2611/2505 3617/2609/2503
f 2683/2610/2504 978/2612/2506 3618/2613/2507 5358/2611/2505
f 5358/2611/2505 3618/2613/2507 1003/2514/2408 2708/2512/2406
f 3617/2609/2503 5358/2611/2505 2708/2512/2406 1004/2510/2404
f 978/2612/2506 2682/2614/2508 5359/2615/2509 3618/2613/2507
f 2682/2614/2508 977/2616/2510 3619/2617/2511 5359/2615/2509
f 5359/2615/2509 3619/2617/2511 1002/2518/2412 2707/2516/2410
f 3618/2613/2507 5359/2615/2509 2707/2516/2410 1003/2514/2408
f 977/2616/2510 2681/2618/2512 5360/2619/2513 3619/2617/2511
f 2681/2618/2512 976/2620/2514 3620/2621/2515 5360/2619/2513
f 5360/2619/2513 3620/2621/2515 1001/2522/2416 2706/2520/2414
f 3619/2617/2511 5360/2619/2513 2706/2520/2414 1002/2518/2412
f 976/2620/2514 2680/2622/2516 5361/2623/2517 3620/2621/2515
f 2680/2622/2516 975/2624/2518 3621/2625/2519 5361/2623/2517
f 5361/2623/2517 3621/2625/2519 1000/2526/2420 2705/2524/2418
f 3620/2621/2515 5361/2623/2517 2705/2524/2418 1001/2522/2416
f 975/2624/2518 2679/2626/2520 5362/2627/2521 3621/2625/2519
f 2679/2626/2520 974/2628/2522 3622/2629/2523 5362/2627/2521
f 5362/2627/2521 3622/2629/2523 999/2530/2424 2704/2528/2422
f 3621/2625/2519 5362/2627/2521 2704/2528/2422 1000/2526/2420
f 974/2628/2522 2678/2630/2524 5363/2631/2525 3622/2629/2523
f 2678/2630/2524 973/2632/2526 3623/2633/2527 5363/2631/2525
f 5363/2631/2525 3623/2633/2527 998/2534/2428 2703/2532/2426
f 3622/2629/2523 5363/2631/2525 2703/2532/2426 999/2530/2424
f 973/2632/2526 2677/2634/2528 5364/2635/2529 3623/2633/2527
f 2677/2634/2528 972/2636/2530 3624/2637/2531 5364/2635/2529
f 5364/2635/2529 3624/2637/2531 997/2538/2432 2702/2536/2430
f 3623/2633/2527 5364/2635/2529 2702/2536/2430 998/2534/2428
f 972/2636/2530 2676/2638/2532 5365/2639/2533 3624/2637/2531
f 2676/2638/2532 971/2640/2534 3625/2641/2535 5365/2639/2533
f 5365/2639/2533 3625/2641/2535 996/2542/2436 2701/2540/2434
f 3624/2637/2531 5365/2639/2533 2701/2540/2434 997/2538/2432
f 971/2640/2534 2675/2642/2536 5366/2643/2537 3625/2641/2535
f 2675/2642/2536 970/2644/2538 3626/2645/2539 5366/2643/2537
f 5366/2643/2537 3626/2645/2539 995/2546/2440 2700/2544/2438
f 3625/2641/2535 5366/2643/2537 2700/2544/2438 996/2542/2436
f 970/2644/2538 2674/2646/2540 5367/2647/2541 3626/2645/2539
f 2674/2646/2540 969/2648/2542 3627/2649/2543 5367/2647/2541
f 5367/2647/2541 3627/2649/2543 994/2550/2444 2699/2548/2442
f 3626/2645/2539 5367/2647/2541 2699/2548/2442 995/2546/2440
f 969/2648/2542 2673/2650/2544 5368/2651/2545 3627/2649/2543
f 2673/2650/2544 968/2652/2546 3628/2653/2547 5368/2651/2545
f 5368/2651/2545 3628/2653/2547 993/2554/2448 2698/2552/2446
f 3627/2649/2543 5368/2651/2545 2698/2552/2446 994/2550/2444
f 968/2652/2546 2672/2654/2548 5369/2655/2549 3628/2653/2547
f 2672/2654/2548 967/2656/2550 3629/2657/2551 5369/2655/2549
f 5369/2655/2549 3629/2657/2551 992/2558/2452 2697/2556/2450
f 3628/2653/2547 5369/2655/2549 2697/2556/2450 993/2554/2448
f 967/2656/2550 2671/2658/2552 5370/2659/2553 3629/2657/2551
f 2671/2658/2552 966/2660/2554 3630/2661/2555 5370/2659/2553
f 5370/2659/2553 3630/2661/2555 991/2562/2456 2696/2560/2454
f 3629/2657/2551 5370/2659/2553 2696/2560/2454 992/2558/2452
f 966/2660/2554 2670/2662/2556 5371/2663/2557 3630/2661/2555
f 2670/2662/2556 965/2664/2558 3631/2665/2559 5371/2663/2557
f 5371/2663/2557 3631/2665/2559 990/2566/2460 2695/2564/2458
f 3630/2661/2555 5371/2663/2557 2695/2564/2458 991/2562/2456
f 965/2664/2558 2669/2666/2560 5372/2667/2561 3631/2665/2559
f 2669/2666/2560 964/2668/2562 3632/2669/2563 5372/2667/2561
f 5372/2667/2561 3632/2669/2563 989/2570/2464 2694/2568/2462
f 3631/2665/2559 5372/2667/2561 2694/2568/2462 990/2566/2460
f 964/2668/2562 2668/2670/2564 5373/2671/2565 3632/2669/2563
f 2668/2670/2564 963/2672/2566 3633/2673/2567 5373/2671/2565
f 5373/2671/2565 3633/2673/2567 988/2574/2468 2693/2572/2466
f 3632/2669/2563 5373/2671/2565 2693/2572/2466 989/2570/2464
f 963/2672/2566 2667/2674/2568 5374/2675/2569 3633/2673/2567
f 2667/2674/2568 962/2676/2570 3634/2677/2571 5374/2675/2569
f 5374/2675/2569 3634/2677/2571 987/2578/2472 2692/2576/2470
f 3633/2673/2567 5374/2675/2569 2692/2576/2470 988/2574/2468
f 962/2676/2570 2666/2678/2572 5375/2679/2573 3634/2677/2571
f 2666/2678/2572 961/2680/2574 3635/2681/2575 5375/2679/2573
f 5375/2679/2573 3635/2681/2575 986/2582/2476 2691/2580/2474
f 3634/2677/2571 5375/2679/2573 2691/2580/2474 987/2578/2472
f 961/2680/2574 2665/2682/2576 5376/2683/2577 3635/2681/2575
f 2665/2682/2576 960/2684/2578 3636/2685/2579 5376/2683/2577
f 5376/2683/2577 3636/2685/2579 985/2586/2480 2690/2584/2478
f 3635/2681/2575 5376/2683/2577 2690/2584/2478 986/2582/2476
f 960/2684/2578 2664/2686/2580 5377/2687/2581 3636/2685/2579
f 2664/2686/2580 959/593/488 3637/595/490 5377/2687/2581
f 5377/2687/2581 3637/595/490 984/597/492 2689/2588/2482
f 3636/2685/2579 5377/2687/2581 2689/2588/2482 985/2586/2480
f 29/434/336 1792/2688/2582 5378/2689/2583 1633/428/332
f 1792/2688/2582 958/2690/2584 3638/2691/2585 5378/2689/2583
f 5378/2689/2583 3638/2691/2585 983/2592/2486 1793/2590/2484
f 1633/428/332 5378/2689/2583 1793/2590/2484 28/426/330
f 958/2690/2584 2662/2692/2586 5379/2693/2587 3638/2691/2585
f 2662/2692/2586 957/2694/2588 3639/2695/2589 5379/2693/2587
f 5379/2693/2587 3639/2695/2589 982/2596/2490 2687/2594/2488
f 3638/2691/2585 5379/2693/2587 2687/2594/2488 983/2592/2486
f 957/2694/2588 2661/2696/2590 5380/2697/2591 3639/2695/2589
f 2661/2696/2590 956/2698/2592 3640/2699/2593 5380/2697/2591
f 5380/2697/2591 3640/2699/2593 981/2600/2494 2686/2598/2492
f 3639/2695/2589 5380/2697/2591 2686/2598/2492 982/2596/2490
f 956/2698/2592 2660/2700/2594 5381/2701/2595 3640/2699/2593
f 2660/2700/2594 955/2702/2596 3641/2703/2597 5381/2701/2595
f 5381/2701/2595 3641/2703/2597 980/2604/2498 2685/2602/2496
f 3640/2699/2593 5381/2701/2595 2685/2602/2496 981/2600/2494
f 955/2702/2596 2659/2704/2598 5382/2705/2599 3641/2703/2597
f 2659/2704/2598 954/2706/2600 3642/2707/2601 5382/2705/2599
f 5382/2705/2599 3642/2707/2601 979/2608/2502 2684/2606/2500
f 3641/2703/2597 5382/2705/2599 2684/2606/2500 980/2604/2498
f 954/2706/2600 2658/2708/2602 5383/2709/2603 3642/2707/2601
f 2658/2708/2602 953/2710/2604 3643/2711/2605 5383/2709/2603
f 5383/2709/2603 3643/2711/2605 978/2612/2506 2683/2610/2504
f 3642/2707/2601 5383/2709/2603 2683/2610/2504 979/2608/2502
f 953/2710/2604 2657/2712/2606 5384/2713/2607 3643/2711/2605
f 2657/2712/2606 952/2714/2608 3644/2715/2609 5384/2713/2607
f 5384/2713/2607 3644/2715/2609 977/2616/2510 2682/2614/2508
f 3643/2711/2605 5384/2713/2607 2682/2614/2508 978/2612/2506
f 952/2714/2608 2656/2716/2610 5385/2717/2611 3644/2715/2609
f 2656/2716/2610 951/2718/2612 3645/2719/2613 5385/2717/2611
f 5385/2717/2611 3645/2719/2613 976/2620/2514 2681/2618/2512
f 3644/2715/2609 5385/2717/2611 2681/2618/2512 977/2616/2510
f 951/2718/2612 2655/2720/2614 5386/2721/2615 3645/2719/2613
f 2655/2720/2614 950/2722/2616 3646/2723/2617 5386/2721/2615
f 5386/2721/2615 3646/2723/2617 975/2624/2518 2680/2622/2516
f 3645/2719/2613 5386/2721/2615 2680/2622/2516 976/2620/2514
f 950/2722/2616 2654/2724/2618 5387/2725/2619 3646/2723/2617
f 2654/2724/2618 949/2726/2620 3647/2727/2621 5387/2725/2619
f 5387/2725/2619 3647/2727/2621 974/2628/2522 2679/2626/2520
f 3646/2723/2617 5387/2725/2619 2679/2626/2520 975/2624/2518
f 949/2726/2620 2653/2728/2622 5388/2729/2623 3647/2727/2621
f 2653/2728/2622 948/2730/2624 3648/2731/2625 5388/2729/2623
f 5388/2729/2623 3648/2731/2625 973/2632/2526 2678/2630/2524
f 3647/2727/2621 5388/2729/2623 2678/2630/2524 974/2628/2522
f 948/2730/2624 2652/2732/2626 5389/2733/2627 3648/2731/2625
f 2652/2732/2626 947/2734/2628 3649/2735/2629 5389/2733/2627
f 5389/2733/2627 3649/2735/2629 972/2636/2530 2677/2634/2528
f 3648/2731/2625 5389/2733/2627 2677/2634/2528 973/2632/2526
f 947/2734/2628 2651/2736/2630 5390/2737/2631 3649/2735/2629
f 2651/2736/2630 946/2738/2632 3650/2739/2633 5390/2737/2631
f 5390/2737/2631 3650/2739/2633 971/2640/2534 2676/2638/2532
f 3649/2735/2629 5390/2737/2631 2676/2638/2532 972/2636/2530
f 946/2738/2632 2650/2740/2634 5391/2741/2635 3650/2739/2633
f 2650/2740/2634 945/2742/2636 3651/2743/2637 5391/2741/2635
f 5391/2741/2635 3651/2743/2637 970/2644/2538 2675/2642/2536
f 3650/2739/2633 5391/2741/2635 2675/2642/2536 971/2640/2534
f 945/2742/2636 2649/2744/2638 5392/2745/2639 3651/2743/2637
f 2649/2744/2638 944/2746/2640 3652/2747/2641 5392/2745/2639
f 5392/2745/2639 3652/2747/2641 969/2648/2542 2674/2646/2540
f 3651/2743/2637 5392/2745/2639 2674/2646/2540 970/2644/2538
f 944/2746/2640 2648/2748/2642 5393/2749/2643 3652/2747/2641
f 2648/2748/2642 943/2750/2644 3653/2751/2645 5393/2749/2643
f 5393/2749/2643 3653/2751/2645 968/2652/2546 2673/2650/2544
f 3652/2747/2641 5393/2749/2643 2673/2650/2544 969/2648/2542
f 943/2750/2644 2647/2752/2646 5394/2753/2647 3653/2751/2645
f 2647/2752/2646 942/2754/2648 3654/2755/2649 5394/2753/2647
f 5394/2753/2647 3654/2755/2649 967/2656/2550 2672/2654/2548
f 3653/2751/2645 5394/2753/2647 2672/2654/2548 968/2652/2546
f 942/2754/2648 2646/2756/2650 5395/2757/2651 3654/2755/2649
f 2646/2756/2650 941/2758/2652 3655/2759/2653 5395/2757/2651
f 5395/2757/2651 3655/2759/2653 966/2660/2554 2671/2658/2552
f 3654/2755/2649 5395/2757/2651 2671/2658/2552 967/2656/2550
f 941/2758/2652 2645/2760/2654 5396/2761/2655 3655/2759/2653
f 2645/2760/2654 940/2762/2656 3656/2763/2657 5396/2761/2655
f 5396/2761/2655 3656/2763/2657 965/2664/2558 2670/2662/2556
f 3655/2759/2653 5396/2761/2655 2670/2662/2556 966/2660/2554
f 940/2762/2656 2644/2764/2658 5397/2765/2659 3656/2763/2657
f 2644/2764/2658 939/2766/2660 3657/2767/2661 5397/2765/2659
f 5397/2765/2659 3657/2767/2661 964/2668/2562 2669/2666/2560
f 3656/2763/2657 5397/2765/2659 2669/2666/2560 965/2664/2558
f 939/2766/2660 2643/2768/2662 5398/2769/2663 3657/2767/2661
f 2643/2768/2662 938/2770/2664 3658/2771/2665 5398/2769/2663
f 5398/2769/2663 3658/2771/2665 963/2672/2566 2668/2670/2564
f 3657/2767/2661 5398/2769/2663 2668/2670/2564 964/2668/2562
f 938/2770/2664 2642/2772/2666 5399/2773/2667 3658/2771/2665
f 2642/2772/2666 937/2774/2668 3659/2775/2669 5399/2773/2667
f 5399/2773/2667 3659/2775/2669 962/2676/2570 2667/2674/2568
f 3658/2771/2665 5399/2773/2667 2667/2674/2568 963/2672/2566
f 937/2774/2668 2641/2776/2670 5400/2777/2671 3659/2775/2669
f 2641/2776/2670 936/2778/2672 3660/2779/2673 5400/2777/2671
f 5400/2777/2671 3660/2779/2673 961/2680/2574 2666/2678/2572
f 3659/2775/2669 5400/2777/2671 2666/2678/2572 962/2676/2570
f 936/2778/2672 2640/2780/2674 5401/2781/2675 3660/2779/2673
f 2640/2780/2674 935/2782/2676 3661/2783/2677 5401/2781/2675
f 5401/2781/2675 3661/2783/2677 960/2684/2578 2665/2682/2576
f 3660/2779/2673 5401/2781/2675 2665/2682/2576 961/2680/2574
f 935/2782/2676 2639/2784/2678 5402/2785/2679 3661/2783/2677
f 2639/2784/2678 934/589/484 3662/591/486 5402/2785/2679
f 5402/2785/2679 3662/591/486 959/593/488 2664/2686/2580
f 3661/2783/2677 5402/2785/2679 2664/2686/2580 960/2684/2578
f 30/442/342 1791/2786/2680 5403/2787/2681 1634/436/338
f 1791/2786/2680 933/2788/2682 3663/2789/2683 5403/2787/2681
f 5403/2787/2681 3663/2789/2683 958/2690/2584 1792/2688/2582
f 1634/436/338 5403/2787/2681 1792/2688/2582 29/434/336
f 933/2788/2682 2637/2790/2684 5404/2791/2685 3663/2789/2683
f 2637/2790/2684 932/2792/2686 3664/2793/2687 5404/2791/2685
f 5404/2791/2685 3664/2793/2687 957/2694/2588 2662/2692/2586
f 3663/2789/2683 5404/2791/2685 2662/2692/2586 958/2690/2584
f 932/2792/2686 2636/2794/2688 5405/2795/2689 3664/2793/2687
f 2636/2794/2688 931/2796/2690 3665/2797/2691 5405/2795/2689
f 5405/2795/2689 3665/2797/2691 956/2698/2592 2661/2696/2590
f 3664/2793/2687 5405/2795/2689 2661/2696/2590 957/2694/2588
f 931/2796/2690 2635/2798/2692 5406/2799/2693 3665/2797/2691
f 2635/2798/2692 930/2800/2694 3666/2801/2695 5406/2799/2693
f 5406/2799/2693 3666/2801/2695 955/2702/2596 2660/2700/2594
f 3665/2797/2691 5406/2799/2693 2660/2700/2594 956/2698/2592
f 930/2800/2694 2634/2802/2696 5407/2803/2697 3666/2801/2695
f 2634/2802/2696 929/2804/2698 3667/2805/2699 5407/2803/2697
f 5407/2803/2697 3667/2805/2699 954/2706/2600 2659/2704/2598
f 3666/2801/2695 5407/2803/2697 2659/2704/2598 955/2702/2596
f 929/2804/2698 2633/2806/2700 5408/2807/2701 3667/2805/2699
f 2633/2806/2700 928/2808/2702 3668/2809/2703 5408/2807/2701
f 5408/2807/2701 3668/2809/2703 953/2710/2604 2658/2708/2602
f 3667/2805/2699 5408/2807/2701 2658/2708/2602 954/2706/2600
f 928/2808/2702 2632/2810/2704 5409/2811/2705 3668/2809/2703
f 2632/2810/2704 927/2812/2706 3669/2813/2707 5409/2811/2705
f 5409/2811/2705 3669/2813/2707 952/2714/2608 2657/2712/2606
f 3668/2809/2703 5409/2811/2705 2657/2712/2606 953/2710/2604
f 927/2812/2706 2631/2814/2708 5410/2815/2709 3669/2813/2707
f 2631/2814/2708 926/2816/2710 3670/2817/2711 5410/2815/2709
f 5410/2815/2709 3670/2817/2711 951/2718/2612 2656/2716/2610
f 3669/2813/2707 5410/2815/2709 2656/2716/2610 952/2714/2608
f 926/2816/2710 2630/2818/2712 5411/2819/2713 3670/2817/2711
f 2630/2818/2712 925/2820/2714 3671/2821/2715 5411/2819/2713
f 5411/2819/2713 3671/2821/2715 950/2722/2616 2655/2720/2614
f 3670/2817/2711 5411/2819/2713 2655/2720/2614 951/2718/2612
f 925/2820/2714 2629/2822/2716 5412/2823/2717 3671/2821/2715
f 2629/2822/2716 924/2824/2718 3672/2825/2719 5412/2823/2717
f 5412/2823/2717 3672/2825/2719 949/2726/2620 2654/2724/2618
f 3671/2821/2715 5412/2823/2717 2654/2724/2618 950/2722/2616
f 924/2824/2718 2628/2826/2720 5413/2827/2721 3672/2825/2719
f 2628/2826/2720 923/2828/2722 3673/2829/2723 5413/2827/2721
f 5413/2827/2721 3673/2829/2723 948/2730/2624 2653/2728/2622
f 3672/2825/2719 5413/2827/2721 2653/2728/2622 949/2726/2620
f 923/2828/2722 2627/2830/2724 5414/2831/2725 3673/2829/2723
f 2627/2830/2724 922/2832/2726 3674/2833/2727 5414/2831/2725
f 5414/2831/2725 3674/2833/2727 947/2734/2628 2652/2732/2626
f 3673/2829/2723 5414/2831/2725 2652/2732/2626 948/2730/2624
f 922/2832/2726 2626/2834/2728 5415/2835/2729 3674/2833/2727
f 2626/2834/2728 921/2836/2730 3675/2837/2731 5415/2835/2729
f 5415/2835/2729 3675/2837/2731 946/2738/2632 2651/2736/2630
f 3674/2833/2727 5415/2835/2729 2651/2736/2630 947/2734/2628
f 921/2836/2730 2625/2838/2732 5416/2839/2733 3675/2837/2731
f 2625/2838/2732 920/2840/2734 3676/2841/2735 5416/2839/2733
f 5416/2839/2733 3676/2841/2735 945/2742/2636 2650/2740/2634
f 3675/2837/2731 5416/2839/2733 2650/2740/2634 946/2738/2632
f 920/2840/2734 2624/2842/2736 5417/2843/2737 3676/2841/2735
f 2624/2842/2736 919/2844/2738 3677/2845/2739 5417/2843/2737
f 5417/2843/2737 3677/2845/2739 944/2746/2640 2649/2744/2638
f 3676/2841/2735 5417/2843/2737 2649/2744/2638 945/2742/2636
f 919/2844/2738 2623/2846/2740 5418/2847/2741 3677/2845/2739
f 2623/2846/2740 918/2848/2742 3678/2849/2743 5418/2847/2741
f 5418/2847/2741 3678/2849/2743 943/2750/2644 2648/2748/2642
f 3677/2845/2739 5418/2847/2741 2648/2748/2642 944/2746/2640
f 918/2848/2742 2622/2850/2744 5419/2851/2745 3678/2849/2743
f 2622/2850/2744 917/2852/2746 3679/2853/2747 5419/2851/2745
f 5419/2851/2745 3679/2853/2747 942/2754/2648 2647/2752/2646
f 3678/2849/2743 5419/2851/2745 2647/2752/2646 943/2750/2644
f 917/2852/2746 2621/2854/2748 5420/2855/2749 3679/2853/2747
f 2621/2854/2748 916/2856/2750 3680/2857/2751 5420/2855/2749
f 5420/2855/2749 3680/2857/2751 941/2758/2652 2646/2756/2650
f 3679/2853/2747 5420/2855/2749 2646/2756/2650 942/2754/2648
f 916/2856/2750 2620/2858/2752 5421/2859/2753 3680/2857/2751
f 2620/2858/2752 915/2860/2754 3681/2861/2755 5421/2859/2753
f 5421/2859/2753 3681/2861/2755 940/2762/2656 2645/2760/2654
f 3680/2857/2751 5421/2859/2753 2645/2760/2654 941/2758/2652
f 915/2860/2754 2619/2862/2756 5422/2863/2757 3681/2861/2755
f 2619/2862/2756 914/2864/2758 3682/2865/2759 5422/2863/2757
f 5422/2863/2757 3682/2865/2759 939/2766/2660 2644/2764/2658
f 3681/2861/2755 5422/2863/2757 2644/2764/2658 940/2762/2656
f 914/2864/2758 2618/2866/2760 5423/2867/2761 3682/2865/2759
f 2618/2866/2760 913/2868/2762 3683/2869/2763 5423/2867/2761
f 5423/2867/2761 3683/2869/2763 938/2770/2664 2643/2768/2662
f 3682/2865/2759 5423/2867/2761 2643/2768/2662 939/2766/2660
f 913/2868/2762 2617/2870/2764 5424/2871/2765 3683/2869/2763
f 2617/2870/2764 912/2872/2766 3684/2873/2767 5424/2871/2765
f 5424/2871/2765 3684/2873/2767 937/2774/2668 2642/2772/2666
f 3683/2869/2763 5424/2871/2765 2642/2772/2666 938/2770/2664
f 912/2872/2766 2616/2874/2768 5425/2875/2769 3684/2873/2767
f 2616/2874/2768 911/2876/2770 3685/2877/2771 5425/2875/2769
f 5425/2875/2769 3685/2877/2771 936/2778/2672 2641/2776/2670
f 3684/2873/2767 5425/2875/2769 2641/2776/2670 937/2774/2668
f 911/2876/2770 2615/2878/2772 5426/2879/2773 3685/2877/2771
f 2615/2878/2772 910/2880/2774 3686/2881/2775 5426/2879/2773
f 5426/2879/2773 3686/2881/2775 935/2782/2676 2640/2780/2674
f 3685/2877/2771 5426/2879/2773 2640/2780/2674 936/2778/2672
f 910/2880/2774 2614/2882/2776 5427/2883/2777 3686/2881/2775
f 2614/2882/2776 909/585/480 3687/587/482 5427/2883/2777
f 5427/2883/2777 3687/587/482 934/589/484 2639/2784/2678
f 3686/2881/2775 5427/2883/2777 2639/2784/2678 935/2782/2676
f 31/450/348 1790/2884/2778 5428/2885/2779 1635/444/344
f 1790/2884/2778 908/2886/2780 3688/2887/2781 5428/2885/2779
f 5428/2885/2779 3688/2887/2781 933/2788/2682 1791/2786/2680
f 1635/444/344 5428/2885/2779 1791/2786/2680 30/442/342
f 908/2886/2780 2612/2888/2782 5429/2889/2783 3688/2887/2781
f 2612/2888/2782 907/2890/2784 3689/2891/2785 5429/2889/2783
f 5429/2889/2783 3689/2891/2785 932/2792/2686 2637/2790/2684
f 3688/2887/2781 5429/2889/2783 2637/2790/2684 933/2788/2682
f 907/2890/2784 2611/2892/2786 5430/2893/2787 3689/2891/2785
f 2611/2892/2786 906/2894/2788 3690/2895/2789 5430/2893/2787
f 5430/2893/2787 3690/2895/2789 931/2796/2690 2636/2794/2688
f 3689/2891/2785 5430/2893/2787 2636/2794/2688 932/2792/2686
f 906/2894/2788 2610/2896/2790 5431/2897/2791 3690/2895/2789
f 2610/2896/2790 905/2898/2792 3691/2899/2793 5431/2897/2791
f 5431/2897/2791 3691/2899/2793 930/2800/2694 2635/2798/2692
f 3690/2895/2789 5431/2897/2791 2635/2798/2692 931/2796/2690
f 905/2898/2792 2609/2900/2794 5432/2901/2795 3691/2899/2793
f 2609/2900/2794 904/2902/2796 3692/2903/2797 5432/2901/2795
f 5432/2901/2795 3692/2903/2797 929/2804/2698 2634/2802/2696
f 3691/2899/2793 5432/2901/2795 2634/2802/2696 930/2800/2694
f 904/2902/2796 2608/2904/2798 5433/2905/2799 3692/2903/2797
f 2608/2904/2798 903/2906/2800 3693/2907/2801 5433/2905/2799
f 5433/2905/2799 3693/2907/2801 928/2808/2702 2633/2806/2700
f 3692/2903/2797 5433/2905/2799 2633/2806/2700 929/2804/2698
f 903/2906/2800 2607/2908/2802 5434/2909/2803 3693/2907/2801
f 2607/2908/2802 902/2910/2804 3694/2911/2805 5434/2909/2803
f 5434/2909/2803 3694/2911/2805 927/2812/2706 2632/2810/2704
f 3693/2907/2801 5434/2909/2803 2632/2810/2704 928/2808/2702
f 902/2910/2804 2606/2912/2806 5435/2913/2807 3694/2911/2805
f 2606/2912/2806 901/2914/2808 3695/2915/2809 5435/2913/2807
f 5435/2913/2807 3695/2915/2809 926/2816/2710 2631/2814/2708
f 3694/2911/2805 5435/2913/2807 2631/2814/2708 927/2812/2706
f 901/2914/2808 2605/2916/2810 5436/2917/2811 3695/2915/2809
f 2605/2916/2810 900/2918/2812 3696/2919/2813 5436/2917/2811
f 5436/2917/2811 3696/2919/2813 925/2820/2714 2630/2818/2712
f 3695/2915/2809 5436/2917/2811 2630/2818/2712 926/2816/2710
f 900/2918/2812 2604/2920/2814 5437/2921/2815 3696/2919/2813
f 2604/2920/2814 899/2922/2816 3697/2923/2817 5437/2921/2815
f 5437/2921/2815 3697/2923/2817 924/2824/2718 2629/2822/2716
f 3696/2919/2813 5437/2921/2815 2629/2822/2716 925/2820/2714
f 899/2922/2816 2603/2924/2818 5438/2925/2819 3697/2923/2817
f 2603/2924/2818 898/2926/2820 3698/2927/2821 5438/2925/2819
f 5438/2925/2819 3698/2927/2821 923/2828/2722 2628/2826/2720
f 3697/2923/2817 5438/2925/2819 2628/2826/2720 924/2824/2718
f 898/2926/2820 2602/2928/2822 5439/2929/2823 3698/2927/2821
f 2602/2928/2822 897/2930/2824 3699/2931/2825 5439/2929/2823
f 5439/2929/2823 3699/2931/2825 922/2832/2726 2627/2830/2724
f 3698/2927/2821 5439/2929/2823 2627/2830/2724 923/2828/2722
f 897/2930/2824 2601/2932/2826 5440/2933/2827 3699/2931/2825
f 2601/2932/2826 896/2934/2828 3700/2935/2829 5440/2933/2827
f 5440/2933/2827 3700/2935/2829 921/2836/2730 2626/2834/2728
f 3699/2931/2825 5440/2933/2827 2626/2834/2728 922/2832/2726
f 896/2934/2828 2600/2936/2830 5441/2937/2831 3700/2935/2829
f 2600/2936/2830 895/2938/2832 3701/2939/2833 5441/2937/2831
f 5441/2937/2831 3701/2939/2833 920/2840/2734 2625/2838/2732
f 3700/2935/2829 5441/2937/2831 2625/2838/2732 921/2836/2730
f 895/2938/2832 2599/2940/2834 5442/2941/2835 3701/2939/2833
f 2599/2940/2834 894/2942/2836 3702/2943/2837 5442/2941/2835
f 5442/2941/2835 3702/2943/2837 919/2844/2738 2624/2842/2736
f 3701/2939/2833 5442/2941/2835 2624/2842/2736 920/2840/2734
f 894/2942/2836 2598/2944/2838 5443/2945/2839 3702/2943/2837
f 2598/2944/2838 893/2946/2840 3703/2947/2841 5443/2945/2839
f 5443/2945/2839 3703/2947/2841 918/2848/2742 2623/2846/2740
f 3702/2943/2837 5443/2945/2839 2623/2846/2740 919/2844/2738
f 893/2946/2840 2597/2948/2842 5444/2949/2843 3703/2947/2841
f 2597/2948/2842 892/2950/2844 3704/2951/2845 5444/2949/2843
f 5444/2949/2843 3704/2951/2845 917/2852/2746 2622/2850/2744
f 3703/2947/2841 5444/2949/2843 2622/2850/2744 918/2848/2742
f 892/2950/2844 2596/2952/2846 5445/2953/2847 3704/2951/2845
f 2596/2952/2846 891/2954/2848 3705/2955/2849 5445/2953/2847
f 5445/2953/2847 3705/2955/2849 916/2856/2750 2621/2854/2748
f 3704/2951/2845 5445/2953/2847 2621/2854/2748 917/2852/2746
f 891/2954/2848 2595/2956/2850 5446/2957/2851 3705/2955/2849
f 2595/2956/2850 890/2958/2852 3706/2959/2853 5446/2957/2851
f 5446/2957/2851 3706/2959/2853 915/2860/2754 2620/2858/2752
f 3705/2955/2849 5446/2957/2851 2620/2858/2752 916/2856/2750
f 890/2958/2852 2594/2960/2854 5447/2961/2855 3706/2959/2853
f 2594/2960/2854 889/2962/2856 3707/2963/2857 5447/2961/2855
f 5447/2961/2855 3707/2963/2857 914/2864/2758 2619/2862/2756
f 3706/2959/2853 5447/2961/2855 2619/2862/2756 915/2860/2754
f 889/2962/2856 2593/2964/2858 5448/2965/2859 3707/2963/2857
f 2593/2964/2858 888/2966/2860 3708/2967/2861 5448/2965/2859
f 5448/2965/2859 3708/2967/2861 913/2868/2762 2618/2866/2760
f 3707/2963/2857 5448/2965/2859 2618/2866/2760 914/2864/2758
f 888/2966/2860 2592/2968/2862 5449/2969/2863 3708/2967/2861
f 2592/2968/2862 887/2970/2864 3709/2971/2865 5449/2969/2863
f 5449/2969/2863 3709/2971/2865 912/2872/2766 2617/2870/2764
f 3708/2967/2861 5449/2969/2863 2617/2870/2764 913/2868/2762
f 887/2970/2864 2591/2972/2866 5450/2973/2867 3709/2971/2865
f 2591/2972/2866 886/2974/2868 3710/2975/2869 5450/2973/2867
f 5450/2973/2867 3710/2975/2869 911/2876/2770 2616/2874/2768
f 3709/2971/2865 5450/2973/2867 2616/2874/2768 912/2872/2766
f 886/2974/2868 2590/2976/2870 5451/2977/2871 3710/2975/2869
f 2590/2976/2870 885/2978/2872 3711/2979/2873 5451/2977/2871
f 5451/2977/2871 3711/2979/2873 910/2880/2774 2615/2878/2772
f 3710/2975/2869 5451/2977/2871 2615/2878/2772 911/2876/2770
f 885/2978/2872 2589/2980/2874 5452/2981/2875 3711/2979/2873
f 2589/2980/2874 884/581/476 3712/583/478 5452/2981/2875
f 5452/2981/2875 3712/583/478 909/585/480 2614/2882/2776
f 3711/2979/2873 5452/2981/2875 2614/2882/2776 910/2880/2774
f 32/458/354 1789/2982/2876 5453/2983/2877 1636/452/350
f 1789/2982/2876 883/2984/2878 3713/2985/2879 5453/2983/2877
f 5453/2983/2877 3713/2985/2879 908/2886/2780 1790/2884/2778
f 1636/452/350 5453/2983/2877 1790/2884/2778 31/450/348
f 883/2984/2878 2587/2986/2880 5454/2987/2881 3713/2985/2879
f 2587/2986/2880 882/2988/2882 3714/2989/2883 5454/2987/2881
f 5454/2987/2881 3714/2989/2883 907/2890/2784 2612/2888/2782
f 3713/2985/2879 5454/2987/2881 2612/2888/2782 908/2886/2780
f 882/2988/2882 2586/2990/2884 5455/2991/2885 3714/2989/2883
f 2586/2990/2884 881/2992/2886 3715/2993/2887 5455/2991/2885
f 5455/2991/2885 3715/2993/2887 906/2894/2788 2611/2892/2786
f 3714/2989/2883 5455/2991/2885 2611/2892/2786 907/2890/2784
f 881/2992/2886 2585/2994/2888 5456/2995/2889 3715/2993/2887
f 2585/2994/2888 880/2996/2890 3716/2997/2891 5456/2995/2889
f 5456/2995/2889 3716/2997/2891 905/2898/2792 2610/2896/2790
f 3715/2993/2887 5456/2995/2889 2610/2896/2790 906/2894/2788
f 880/2996/2890 2584/2998/2892 5457/2999/2893 3716/2997/2891
f 2584/2998/2892 879/3000/2894 3717/3001/2895 5457/2999/2893
f 5457/2999/2893 3717/3001/2895 904/2902/2796 2609/2900/2794
f 3716/2997/2891 5457/2999/2893 2609/2900/2794 905/2898/2792
f 879/3000/2894 2583/3002/2896 5458/3003/2897 3717/3001/2895
f 2583/3002/2896 878/3004/2898 3718/3005/2899 5458/3003/2897
f 5458/3003/2897 3718/3005/2899 903/2906/2800 2608/2904/2798
f 3717/3001/2895 5458/3003/2897 2608/2904/2798 904/2902/2796
f 878/3004/2898 2582/3006/2900 5459/3007/2901 3718/3005/2899
f 2582/3006/2900 877/3008/2902 3719/3009/2903 5459/3007/2901
f 5459/3007/2901 3719/3009/2903 902/2910/2804 2607/2908/2802
f 3718/3005/2899 5459/3007/2901 2607/2908/2802 903/2906/2800
f 877/3008/2902 2581/3010/2904 5460/3011/2905 3719/3009/2903
f 2581/3010/2904 876/3012/2906 3720/3013/2907 5460/3011/2905
f 5460/3011/2905 3720/3013/2907 901/2914/2808 2606/2912/2806
f 3719/3009/2903 5460/3011/2905 2606/2912/2806 902/2910/2804
f 876/3012/2906 2580/3014/2908 5461/3015/2909 3720/3013/2907
f 2580/3014/2908 875/3016/2910 3721/3017/2911 5461/3015/2909
f 5461/3015/2909 3721/3017/2911 900/2918/2812 2605/2916/2810
f 3720/3013/2907 5461/3015/2909 2605/2916/2810 901/2914/2808
f 875/3016/2910 2579/3018/2912 5462/3019/2913 3721/3017/2911
f 2579/3018/2912 874/3020/2914 3722/3021/2915 5462/3019/2913
f 5462/3019/2913 3722/3021/2915 899/2922/2816 2604/2920/2814
f 3721/3017/2911 5462/3019/2913 2604/2920/2814 900/2918/2812
f 874/3020/2914 2578/3022/2916 5463/3023/2917 3722/3021/2915
f 2578/3022/2916 873/3024/2918 3723/3025/2919 5463/3023/2917
f 5463/3023/2917 3723/3025/2919 898/2926/2820 2603/2924/2818
f 3722/3021/2915 5463/3023/2917 2603/2924/2818 899/2922/2816
f 873/3024/2918 2577/3026/2920 5464/3027/2921 3723/3025/2919
f 2577/3026/2920 872/3028/2922 3724/3029/2923 5464/3027/2921
f 5464/3027/2921 3724/3029/2923 897/2930/2824 2602/2928/2822
f 3723/3025/2919 5464/3027/2921 2602/2928/2822 898/2926/2820
f 872/3028/2922 2576/3030/2924 5465/3031/2925 3724/3029/2923
f 2576/3030/2924 871/3032/2926 3725/3033/2927 5465/3031/2925
f 5465/3031/2925 3725/3033/2927 896/2934/2828 2601/2932/2826
f 3724/3029/2923 5465/3031/2925 2601/2932/2826 897/2930/2824
f 871/3032/2926 2575/3034/2928 5466/3035/2929 3725/3033/2927
f 2575/3034/2928 870/3036/2930 3726/3037/2931 5466/3035/2929
f 5466/3035/2929 3726/3037/2931 895/2938/2832 2600/2936/2830
f 3725/3033/2927 5466/3035/2929 2600/2936/2830 896/2934/2828
f 870/3036/2930 2574/3038/2932 5467/3039/2933 3726/3037/2931
f 2574/3038/2932 869/3040/2934 3727/3041/2935 5467/3039/2933
f 5467/3039/2933 3727/3041/2935 894/2942/2836 2599/2940/2834
f 3726/3037/2931 5467/3039/2933 2599/2940/2834 895/2938/2832
f 869/3040/2934 2573/3042/2936 5468/3043/2937 3727/3041/2935
f 2573/3042/2936 868/3044/2938 3728/3045/2939 5468/3043/2937
f 5468/3043/2937 3728/3045/2939 893/2946/2840 2598/2944/2838
f 3727/3041/2935 5468/3043/2937 2598/2944/2838 894/2942/2836
f 868/3044/2938 2572/3046/2940 5469/3047/2941 3728/3045/2939
f 2572/3046/2940 867/3048/2942 3729/3049/2943 5469/3047/2941
f 5469/3047/2941 3729/3049/2943 892/2950/2844 2597/2948/2842
f 3728/3045/2939 5469/3047/2941 2597/2948/2842 893/2946/2840
f 867/3048/2942 2571/3050/2944 5470/3051/2945 3729/3049/2943
f 2571/3050/2944 866/3052/2946 3730/3053/2947 5470/3051/2945
f 5470/3051/2945 3730/3053/2947 891/2954/2848 2596/2952/2846
f 3729/3049/2943 5470/3051/2945 2596/2952/2846 892/2950/2844
f 866/3052/2946 2570/3054/2948 5471/3055/2949 3730/3053/2947
f 2570/3054/2948 865/3056/2950 3731/3057/2951 5471/3055/2949
f 5471/3055/2949 3731/3057/2951 890/2958/2852 2595/2956/2850
f 3730/3053/2947 5471/3055/2949 2595/2956/2850 891/2954/2848
f 865/3056/2950 2569/3058/2952 5472/3059/2953 3731/3057/2951
f 2569/3058/2952 864/3060/2954 3732/3061/2955 5472/3059/2953
f 5472/3059/2953 3732/3061/2955 889/2962/2856 2594/2960/2854
f 3731/3057/2951 5472/3059/2953 2594/2960/2854 890/2958/2852
f 864/3060/2954 2568/3062/2956 5473/3063/2957 3732/3061/2955
f 2568/3062/2956 863/3064/2958 3733/3065/2959 5473/3063/2957
f 5473/3063/2957 3733/3065/2959 888/2966/2860 2593/2964/2858
f 3732/3061/2955 5473/3063/2957 2593/2964/2858 889/2962/2856
f 863/3064/2958 2567/3066/2960 5474/3067/2961 3733/3065/2959
f 2567/3066/2960 862/3068/2962 3734/3069/2963 5474/3067/2961
f 5474/3067/2961 3734/3069/2963 887/2970/2864 2592/2968/2862
f 3733/3065/2959 5474/3067/2961 2592/2968/2862 888/2966/2860
f 862/3068/2962 2566/3070/2964 5475/3071/2965 3734/3069/2963
f 2566/3070/2964 861/3072/2966 3735/3073/2967 5475/3071/2965
f 5475/3071/2965 3735/3073/2967 886/2974/2868 2591/2972/2866
f 3734/3069/2963 5475/3071/2965 2591/2972/2866 887/2970/2864
f 861/3072/2966 2565/3074/2968 5476/3075/2969 3735/3073/2967
f 2565/3074/2968 860/3076/2970 3736/3077/2971 5476/3075/2969
f 5476/3075/2969 3736/3077/2971 885/2978/2872 2590/2976/2870
f 3735/3073/2967 5476/3075/2969 2590/2976/2870 886/2974/2868
f 860/3076/2970 2564/3078/2972 5477/3079/2973 3736/3077/2971
f 2564/3078/2972 859/577/472 3737/579/474 5477/3079/2973
f 5477/3079/2973 3737/579/474 884/581/476 2589/2980/2874
f 3736/3077/2971 5477/3079/2973 2589/2980/2874 885/2978/2872
f 33/37/31 1788/3080/2974 5478/3081/2975 1637/460/356
f 1788/3080/2974 858/3082/2976 3738/3083/2977 5478/3081/2975
f 5478/3081/2975 3738/3083/2977 883/2984/2878 1789/2982/2876
f 1637/460/356 5478/3081/2975 1789/2982/2876 32/458/354
f 858/3082/2976 2562/3084/2978 5479/3085/2979 3738/3083/2977
f 2562/3084/2978 857/3086/2980 3739/3087/2981 5479/3085/2979
f 5479/3085/2979 3739/3087/2981 882/2988/2882 2587/2986/2880
f 3738/3083/2977 5479/3085/2979 2587/2986/2880 883/2984/2878
f 857/3086/2980 2561/3088/2982 5480/3089/2983 3739/3087/2981
f 2561/3088/2982 856/3090/2984 3740/3091/2985 5480/3089/2983
f 5480/3089/2983 3740/3091/2985 881/2992/2886 2586/2990/2884
f 3739/3087/2981 5480/3089/2983 2586/2990/2884 882/2988/2882
f 856/3090/2984 2560/3092/2986 5481/3093/2987 3740/3091/2985
f 2560/3092/2986 855/3094/2988 3741/3095/2989 5481/3093/2987
f 5481/3093/2987 3741/3095/2989 880/2996/2890 2585/2994/2888
f 3740/3091/2985 5481/3093/2987 2585/2994/2888 881/2992/2886
f 855/3094/2988 2559/3096/2990 5482/3097/2991 3741/3095/2989
f 2559/3096/2990 854/3098/2992 3742/3099/2993 5482/3097/2991
f 5482/3097/2991 3742/3099/2993 879/3000/2894 2584/2998/2892
f 3741/3095/2989 5482/3097/2991 2584/2998/2892 880/2996/2890
f 854/3098/2992 2558/3100/2994 5483/3101/2995 3742/3099/2993
f 2558/3100/2994 853/3102/2996 3743/3103/2997 5483/3101/2995
f 5483/3101/2995 3743/3103/2997 878/3004/2898 2583/3002/2896
f 3742/3099/2993 5483/3101/2995 2583/3002/2896 879/3000/2894
f 853/3102/2996 2557/3104/2998 5484/3105/2999 3743/3103/2997
f 2557/3104/2998 852/3106/3000 3744/3107/3001 5484/3105/2999
f 5484/3105/2999 3744/3107/3001 877/3008/2902 2582/3006/2900
f 3743/3103/2997 5484/3105/2999 2582/3006/2900 878/3004/2898
f 852/3106/3000 2556/3108/3002 5485/3109/3003 3744/3107/3001
f 2556/3108/3002 851/3110/3004 3745/3111/3005 5485/3109/3003
f 5485/3109/3003 3745/3111/3005 876/3012/2906 2581/3010/2904
f 3744/3107/3001 5485/3109/3003 2581/3010/2904 877/3008/2902
f 851/3110/3004 2555/3112/3006 5486/3113/3007 3745/3111/3005
f 2555/3112/3006 850/3114/3008 3746/3115/3009 5486/3113/3007
f 5486/3113/3007 3746/3115/3009 875/3016/2910 2580/3014/2908
f 3745/3111/3005 5486/3113/3007 2580/3014/2908 876/3012/2906
f 850/3114/3008 2554/3116/3010 5487/3117/3011 3746/3115/3009
f 2554/3116/3010 849/3118/3012 3747/3119/3013 5487/3117/3011
f 5487/3117/3011 3747/3119/3013 874/3020/2914 2579/3018/2912
f 3746/3115/3009 5487/3117/3011 2579/3018/2912 875/3016/2910
f 849/3118/3012 2553/3120/3014 5488/3121/3015 3747/3119/3013
f 2553/3120/3014 848/3122/3016 3748/3123/3017 5488/3121/3015
f 5488/3121/3015 3748/3123/3017 873/3024/2918 2578/3022/2916
f 3747/3119/3013 5488/3121/3015 2578/3022/2916 874/3020/2914
f 848/3122/3016 2552/3124/3018 5489/3125/3019 3748/3123/3017
f 2552/3124/3018 847/3126/3020 3749/3127/3021 5489/3125/3019
f 5489/3125/3019 3749/3127/3021 872/3028/2922 2577/3026/2920
f 3748/3123/3017 5489/3125/3019 2577/3026/2920 873/3024/2918
f 847/3126/3020 2551/3128/3022 5490/3129/3023 3749/3127/3021
f 2551/3128/3022 846/3130/3024 3750/3131/3025 5490/3129/3023
f 5490/3129/3023 3750/3131/3025 871/3032/2926 2576/3030/2924
f 3749/3127/3021 5490/3129/3023 2576/3030/2924 872/3028/2922
f 846/3130/3024 2550/3132/3026 5491/3133/3027 3750/3131/3025
f 2550/3132/3026 845/3134/3028 3751/3135/3029 5491/3133/3027
f 5491/3133/3027 3751/3135/3029 870/3036/2930 2575/3034/2928
f 3750/3131/3025 5491/3133/3027 2575/3034/2928 871/3032/2926
f 845/3134/3028 2549/3136/3030 5492/3137/3031 3751/3135/3029
f 2549/3136/3030 844/3138/3032 3752/3139/3033 5492/3137/3031
f 5492/3137/3031 3752/3139/3033 869/3040/2934 2574/3038/2932
f 3751/3135/3029 5492/3137/3031 2574/3038/2932 870/3036/2930
f 844/3138/3032 2548/3140/3034 5493/3141/3035 3752/3139/3033
f 2548/3140/3034 843/3142/3036 3753/3143/3037 5493/3141/3035
f 5493/3141/3035 3753/3143/3037 868/3044/2938 2573/3042/2936
f 3752/3139/3033 5493/3141/3035 2573/3042/2936 869/3040/2934
f 843/3142/3036 2547/3144/3038 5494/3145/3039 3753/3143/3037
f 2547/3144/3038 842/3146/3040 3754/3147/3041 5494/3145/3039
f 5494/3145/3039 3754/3147/3041 867/3048/2942 2572/3046/2940
f 3753/3143/3037 5494/3145/3039 2572/3046/2940 868/3044/2938
f 842/3146/3040 2546/3148/3042 5495/3149/3043 3754/3147/3041
f 2546/3148/3042 841/3150/3044 3755/3151/3045 5495/3149/3043
f 5495/3149/3043 3755/3151/3045 866/3052/2946 2571/3050/2944
f 3754/3147/3041 5495/3149/3043 2571/3050/2944 867/3048/2942
f 841/3150/3044 2545/3152/3046 5496/3153/3047 3755/3151/3045
f 2545/3152/3046 840/3154/3048 3756/3155/3049 5496/3153/3047
f 5496/3153/3047 3756/3155/3049 865/3056/2950 2570/3054/2948
f 3755/3151/3045 5496/3153/3047 2570/3054/2948 866/3052/2946
f 840/3154/3048 2544/3156/3050 5497/3157/3051 3756/3155/3049
f 2544/3156/3050 839/3158/3052 3757/3159/3053 5497/3157/3051
f 5497/3157/3051 3757/3159/3053 864/3060/2954 2569/3058/2952
f 3756/3155/3049 5497/3157/3051 2569/3058/2952 865/3056/2950
f 839/3158/3052 2543/3160/3054 5498/3161/3055 3757/3159/3053
f 2543/3160/3054 838/3162/3056 3758/3163/3057 5498/3161/3055
f 5498/3161/3055 3758/3163/3057 863/3064/2958 2568/3062/2956
f 3757/3159/3053 5498/3161/3055 2568/3062/2956 864/3060/2954
f 838/3162/3056 2542/3164/3058 5499/3165/3059 3758/3163/3057
f 2542/3164/3058 837/3166/3060 3759/3167/3061 5499/3165/3059
f 5499/3165/3059 3759/3167/3061 862/3068/2962 2567/3066/2960
f 3758/3163/3057 5499/3165/3059 2567/3066/2960 863/3064/2958
f 837/3166/3060 2541/3168/3062 5500/3169/3063 3759/3167/3061
f 2541/3168/3062 836/3170/3064 3760/3171/3065 5500/3169/3063
f 5500/3169/3063 3760/3171/3065 861/3072/2966 2566/3070/2964
f 3759/3167/3061 5500/3169/3063 2566/3070/2964 862/3068/2962
f 836/3170/3064 2540/3172/3066 5501/3173/3067 3760/3171/3065
f 2540/3172/3066 835/3174/3068 3761/3175/3069 5501/3173/3067
f 5501/3173/3067 3761/3175/3069 860/3076/2970 2565/3074/2968
f 3760/3171/3065 5501/3173/3067 2565/3074/2968 861/3072/2966
f 835/3174/3068 2539/3176/3070 5502/3177/3071 3761/3175/3069
f 2539/3176/3070 834/573/468 3762/575/470 5502/3177/3071
f 5502/3177/3071 3762/575/470 859/577/472 2564/3078/2972
f 3761/3175/3069 5502/3177/3071 2564/3078/2972 860/3076/2970
f 1/48/39 1813/3178/3072 5503/3179/3073 1601/40/34
f 1813/3178/3072 109/3180/3074 3763/3181/3075 5503/3179/3073
f 5503/3179/3073 3763/3181/3075 858/3082/2976 1788/3080/2974
f 1601/40/34 5503/3179/3073 1788/3080/2974 33/37/31
f 109/3180/3074 1814/3182/3076 5504/3183/3077 3763/3181/3075
f 1814/3182/3076 110/3184/3078 3764/3185/3079 5504/3183/3077
f 5504/3183/3077 3764/3185/3079 857/3086/2980 2562/3084/2978
f 3763/3181/3075 5504/3183/3077 2562/3084/2978 858/3082/2976
f 110/3184/3078 1815/3186/3080 5505/3187/3081 3764/3185/3079
f 1815/3186/3080 111/3188/3082 3765/3189/3083 5505/3187/3081
f 5505/3187/3081 3765/3189/3083 856/3090/2984 2561/3088/2982
f 3764/3185/3079 5505/3187/3081 2561/3088/2982 857/3086/2980
f 111/3188/3082 1816/3190/3084 5506/3191/3085 3765/3189/3083
f 1816/3190/3084 112/3192/3086 3766/3193/3087 5506/3191/3085
f 5506/3191/3085 3766/3193/3087 855/3094/2988 2560/3092/2986
f 3765/3189/3083 5506/3191/3085 2560/3092/2986 856/3090/2984
f 112/3192/3086 1817/3194/3088 5507/3195/3089 3766/3193/3087
f 1817/3194/3088 113/3196/3090 3767/3197/3091 5507/3195/3089
f 5507/3195/3089 3767/3197/3091 854/3098/2992 2559/3096/2990
f 3766/3193/3087 5507/3195/3089 2559/3096/2990 855/3094/2988
f 113/3196/3090 1818/3198/3092 5508/3199/3093 3767/3197/3091
f 1818/3198/3092 114/3200/3094 3768/3201/3095 5508/3199/3093
f 5508/3199/3093 3768/3201/3095 853/3102/2996 2558/3100/2994
f 3767/3197/3091 5508/3199/3093 2558/3100/2994 854/3098/2992
f 114/3200/3094 1819/3202/3096 5509/3203/3097 3768/3201/3095
f 1819/3202/3096 115/3204/3098 3769/3205/3099 5509/3203/3097
f 5509/3203/3097 3769/3205/3099 852/3106/3000 2557/3104/2998
f 3768/3201/3095 5509/3203/3097 2557/3104/2998 853/3102/2996
f 115/3204/3098 1820/3206/3100 5510/3207/3101 3769/3205/3099
f 1820/3206/3100 116/3208/3102 3770/3209/3103 5510/3207/3101
f 5510/3207/3101 3770/3209/3103 851/3110/3004 2556/3108/3002
f 3769/3205/3099 5510/3207/3101 2556/3108/3002 852/3106/3000
f 116/3208/3102 1821/3210/3104 5511/3211/3105 3770/3209/3103
f 1821/3210/3104 117/3212/3106 3771/3213/3107 5511/3211/3105
f 5511/3211/3105 3771/3213/3107 850/3114/3008 2555/3112/3006
f 3770/3209/3103 5511/3211/3105 2555/3112/3006 851/3110/3004
f 117/3212/3106 1822/3214/3108 5512/3215/3109 3771/3213/3107
f 1822/3214/3108 118/3216/3110 3772/3217/3111 5512/3215/3109
f 5512/3215/3109 3772/3217/3111 849/3118/3012 2554/3116/3010
f 3771/3213/3107 5512/3215/3109 2554/3116/3010 850/3114/3008
f 118/3216/3110 1823/3218/3112 5513/3219/3113 3772/3217/3111
f 1823/3218/3112 119/3220/3114 3773/3221/3115 5513/3219/3113
f 5513/3219/3113 3773/3221/3115 848/3122/3016 2553/3120/3014
f 3772/3217/3111 5513/3219/3113 2553/3120/3014 849/3118/3012
f 119/3220/3114 1824/3222/3116 5514/3223/3117 3773/3221/3115
f 1824/3222/3116 120/3224/3118 3774/3225/3119 5514/3223/3117
f 5514/3223/3117 3774/3225/3119 847/3126/3020 2552/3124/3018
f 3773/3221/3115 5514/3223/3117 2552/3124/3018 848/3122/3016
f 120/3224/3118 1825/3226/3120 5515/3227/3121 3774/3225/3119
f 1825/3226/3120 121/3228/3122 3775/3229/3123 5515/3227/3121
f 5515/3227/3121 3775/3229/3123 846/3130/3024 2551/3128/3022
f 3774/3225/3119 5515/3227/3121 2551/3128/3022 847/3126/3020
f 121/3228/3122 1826/3230/3124 5516/3231/3125 3775/3229/3123
f 1826/3230/3124 122/3232/3126 3776/3233/3127 5516/3231/3125
f 5516/3231/3125 3776/3233/3127 845/3134/3028 2550/3132/3026
f 3775/3229/3123 5516/3231/3125 2550/3132/3026 846/3130/3024
f 122/3232/3126 1827/3234/3128 5517/3235/3129 3776/3233/3127
f 1827/3234/3128 123/3236/3130 3777/3237/3131 5517/3235/3129
f 5517/3235/3129 3777/3237/3131 844/3138/3032 2549/3136/3030
f 3776/3233/3127 5517/3235/3129 2549/3136/3030 845/3134/3028
f 123/3236/3130 1828/3238/3132 5518/3239/3133 3777/3237/3131
f 1828/3238/3132 124/3240/3134 3778/3241/3135 5518/3239/3133
f 5518/3239/3133 3778/3241/3135 843/3142/3036 2548/3140/3034
f 3777/3237/3131 5518/3239/3133 2548/3140/3034 844/3138/3032
f 124/3240/3134 1829/3242/3136 5519/3243/3137 3778/3241/3135
f 1829/3242/3136 125/3244/3138 3779/3245/3139 5519/3243/3137
f 5519/3243/3137 3779/3245/3139 842/3146/3040 2547/3144/3038
f 3778/3241/3135 5519/3243/3137 2547/3144/3038 843/3142/3036
f 125/3244/3138 1830/3246/3140 5520/3247/3141 3779/3245/3139
f 1830/3246/3140 126/3248/3142 3780/3249/3143 5520/3247/3141
f 5520/3247/3141 3780/3249/3143 841/3150/3044 2546/3148/3042
f 3779/3245/3139 5520/3247/3141 2546/3148/3042 842/3146/3040
f 126/3248/3142 1831/3250/3144 5521/3251/3145 3780/3249/3143
f 1831/3250/3144 127/3252/3146 3781/3253/3147 5521/3251/3145
f 5521/3251/3145 3781/3253/3147 840/3154/3048 2545/3152/3046
f 3780/3249/3143 5521/3251/3145 2545/3152/3046 841/3150/3044
f 127/3252/3146 1832/3254/3148 5522/3255/3149 3781/3253/3147
f 1832/3254/3148 128/3256/3150 3782/3257/3151 5522/3255/3149
f 5522/3255/3149 3782/3257/3151 839/3158/3052 2544/3156/3050
f 3781/3253/3147 5522/3255/3149 2544/3156/3050 840/3154/3048
f 128/3256/3150 1833/3258/3152 5523/3259/3153 3782/3257/3151
f 1833/3258/3152 129/3260/3154 3783/3261/3155 5523/3259/3153
f 5523/3259/3153 3783/3261/3155 838/3162/3056 2543/3160/3054
f 3782/3257/3151 5523/3259/3153 2543/3160/3054 839/3158/3052
f 129/3260/3154 1834/3262/3156 5524/3263/3157 3783/3261/3155
f 1834/3262/3156 130/3264/3158 3784/3265/3159 5524/3263/3157
f 5524/3263/3157 3784/3265/3159 837/3166/3060 2542/3164/3058
f 3783/3261/3155 5524/3263/3157 2542/3164/3058 838/3162/3056
f 130/3264/3158 1835/3266/3160 5525/3267/3161 3784/3265/3159
f 1835/3266/3160 131/3268/3162 3785/3269/3163 5525/3267/3161
f 5525/3267/3161 3785/3269/3163 836/3170/3064 2541/3168/3062
f 3784/3265/3159 5525/3267/3161 2541/3168/3062 837/3166/3060
f 131/3268/3162 1836/3270/3164 5526/3271/3165 3785/3269/3163
f 1836/3270/3164 132/3272/3166 3786/3273/3167 5526/3271/3165
f 5526/3271/3165 3786/3273/3167 835/3174/3068 2540/3172/3066
f 3785/3269/3163 5526/3271/3165 2540/3172/3066 836/3170/3064
f 132/3272/3166 1837/3274/3168 5527/3275/3169 3786/3273/3167
f 1837/3274/3168 133/36/30 3787/571/466 5527/3275/3169
f 5527/3275/3169 3787/571/466 834/573/468 2539/3176/3070
f 3786/3273/3167 5527/3275/3169 2539/3176/3070 835/3174/3068
f 60/455/352 1786/3276/3170 5528/3277/3171 1664/461/357
f 1786/3276/3170 808/3278/3172 3788/3279/3173 5528/3277/3171
f 5528/3277/3171 3788/3279/3173 833/3280/3174 1787/3281/3175
f 1664/461/357 5528/3277/3171 1787/3281/3175 59/42/35
f 808/3278/3172 2512/3282/3176 5529/3283/3177 3788/3279/3173
f 2512/3282/3176 807/3284/3178 3789/3285/3179 5529/3283/3177
f 5529/3283/3177 3789/3285/3179 832/3286/3180 2537/3287/3181
f 3788/3279/3173 5529/3283/3177 2537/3287/3181 833/3280/3174
f 807/3284/3178 2511/3288/3182 5530/3289/3183 3789/3285/3179
f 2511/3288/3182 806/3290/3184 3790/3291/3185 5530/3289/3183
f 5530/3289/3183 3790/3291/3185 831/3292/3186 2536/3293/3187
f 3789/3285/3179 5530/3289/3183 2536/3293/3187 832/3286/3180
f 806/3290/3184 2510/3294/3188 5531/3295/3189 3790/3291/3185
f 2510/3294/3188 805/3296/3190 3791/3297/3191 5531/3295/3189
f 5531/3295/3189 3791/3297/3191 830/3298/3192 2535/3299/3193
f 3790/3291/3185 5531/3295/3189 2535/3299/3193 831/3292/3186
f 805/3296/3190 2509/3300/3194 5532/3301/3195 3791/3297/3191
f 2509/3300/3194 804/3302/3196 3792/3303/3197 5532/3301/3195
f 5532/3301/3195 3792/3303/3197 829/3304/3198 2534/3305/3199
f 3791/3297/3191 5532/3301/3195 2534/3305/3199 830/3298/3192
f 804/3302/3196 2508/3306/3200 5533/3307/3201 3792/3303/3197
f 2508/3306/3200 803/3308/3202 3793/3309/3203 5533/3307/3201
f 5533/3307/3201 3793/3309/3203 828/3310/3204 2533/3311/3205
f 3792/3303/3197 5533/3307/3201 2533/3311/3205 829/3304/3198
f 803/3308/3202 2507/3312/3206 5534/3313/3207 3793/3309/3203
f 2507/3312/3206 802/3314/3208 3794/3315/3209 5534/3313/3207
f 5534/3313/3207 3794/3315/3209 827/3316/3210 2532/3317/3211
f 3793/3309/3203 5534/3313/3207 2532/3317/3211 828/3310/3204
f 802/3314/3208 2506/3318/3212 5535/3319/3213 3794/3315/3209
f 2506/3318/3212 801/3320/3214 3795/3321/3215 5535/3319/3213
f 5535/3319/3213 3795/3321/3215 826/3322/3216 2531/3323/3217
f 3794/3315/3209 5535/3319/3213 2531/3323/3217 827/3316/3210
f 801/3320/3214 2505/3324/3218 5536/3325/3219 3795/3321/3215
f 2505/3324/3218 800/3326/3220 3796/3327/3221 5536/3325/3219
f 5536/3325/3219 3796/3327/3221 825/3328/3222 2530/3329/3223
f 3795/3321/3215 5536/3325/3219 2530/3329/3223 826/3322/3216
f 800/3326/3220 2504/3330/3224 5537/3331/3225 3796/3327/3221
f 2504/3330/3224 799/3332/3226 3797/3333/3227 5537/3331/3225
f 5537/3331/3225 3797/3333/3227 824/3334/3228 2529/3335/3229
f 3796/3327/3221 5537/3331/3225 2529/3335/3229 825/3328/3222
f 799/3332/3226 2503/3336/3230 5538/3337/3231 3797/3333/3227
f 2503/3336/3230 798/3338/3232 3798/3339/3233 5538/3337/3231
f 5538/3337/3231 3798/3339/3233 823/3340/3234 2528/3341/3235
f 3797/3333/3227 5538/3337/3231 2528/3341/3235 824/3334/3228
f 798/3338/3232 2502/3342/3236 5539/3343/3237 3798/3339/3233
f 2502/3342/3236 797/3344/3238 3799/3345/3239 5539/3343/3237
f 5539/3343/3237 3799/3345/3239 822/3346/3240 2527/3347/3241
f 3798/3339/3233 5539/3343/3237 2527/3347/3241 823/3340/3234
f 797/3344/3238 2501/3348/3242 5540/3349/3243 3799/3345/3239
f 2501/3348/3242 796/3350/3244 3800/3351/3245 5540/3349/3243
f 5540/3349/3243 3800/3351/3245 821/3352/3246 2526/3353/3247
f 3799/3345/3239 5540/3349/3243 2526/3353/3247 822/3346/3240
f 796/3350/3244 2500/3354/3248 5541/3355/3249 3800/3351/3245
f 2500/3354/3248 795/3356/3250 3801/3357/3251 5541/3355/3249
f 5541/3355/3249 3801/3357/3251 820/3358/3252 2525/3359/3253
f 3800/3351/3245 5541/3355/3249 2525/3359/3253 821/3352/3246
f 795/3356/3250 2499/3360/3254 5542/3361/3255 3801/3357/3251
f 2499/3360/3254 794/3362/3256 3802/3363/3257 5542/3361/3255
f 5542/3361/3255 3802/3363/3257 819/3364/3258 2524/3365/3259
f 3801/3357/3251 5542/3361/3255 2524/3365/3259 820/3358/3252
f 794/3362/3256 2498/3366/3260 5543/3367/3261 3802/3363/3257
f 2498/3366/3260 793/3368/3262 3803/3369/3263 5543/3367/3261
f 5543/3367/3261 3803/3369/3263 818/3370/3264 2523/3371/3265
f 3802/3363/3257 5543/3367/3261 2523/3371/3265 819/3364/3258
f 793/3368/3262 2497/3372/3266 5544/3373/3267 3803/3369/3263
f 2497/3372/3266 792/3374/3268 3804/3375/3269 5544/3373/3267
f 5544/3373/3267 3804/3375/3269 817/3376/3270 2522/3377/3271
f 3803/3369/3263 5544/3373/3267 2522/3377/3271 818/3370/3264
f 792/3374/3268 2496/3378/3272 5545/3379/3273 3804/3375/3269
f 2496/3378/3272 791/3380/3274 3805/3381/3275 5545/3379/3273
f 5545/3379/3273 3805/3381/3275 816/3382/3276 2521/3383/3277
f 3804/3375/3269 5545/3379/3273 2521/3383/3277 817/3376/3270
f 791/3380/3274 2495/3384/3278 5546/3385/3279 3805/3381/3275
f 2495/3384/3278 790/3386/3280 3806/3387/3281 5546/3385/3279
f 5546/3385/3279 3806/3387/3281 815/3388/3282 2520/3389/3283
f 3805/3381/3275 5546/3385/3279 2520/3389/3283 816/3382/3276
f 790/3386/3280 2494/3390/3284 5547/3391/3285 3806/3387/3281
f 2494/3390/3284 789/3392/3286 3807/3393/3287 5547/3391/3285
f 5547/3391/3285 3807/3393/3287 814/3394/3288 2519/3395/3289
f 3806/3387/3281 5547/3391/3285 2519/3395/3289 815/3388/3282
f 789/3392/3286 2493/3396/3290 5548/3397/3291 3807/3393/3287
f 2493/3396/3290 788/3398/3292 3808/3399/3293 5548/3397/3291
f 5548/3397/3291 3808/3399/3293 813/3400/3294 2518/3401/3295
f 3807/3393/3287 5548/3397/3291 2518/3401/3295 814/3394/3288
f 788/3398/3292 2492/3402/3296 5549/3403/3297 3808/3399/3293
f 2492/3402/3296 787/3404/3298 3809/3405/3299 5549/3403/3297
f 5549/3403/3297 3809/3405/3299 812/3406/3300 2517/3407/3301
f 3808/3399/3293 5549/3403/3297 2517/3407/3301 813/3400/3294
f 787/3404/3298 2491/3408/3302 5550/3409/3303 3809/3405/3299
f 2491/3408/3302 786/3410/3304 3810/3411/3305 5550/3409/3303
f 5550/3409/3303 3810/3411/3305 811/3412/3306 2516/3413/3307
f 3809/3405/3299 5550/3409/3303 2516/3413/3307 812/3406/3300
f 786/3410/3304 2490/3414/3308 5551/3415/3309 3810/3411/3305
f 2490/3414/3308 785/3416/3310 3811/3417/3311 5551/3415/3309
f 5551/3415/3309 3811/3417/3311 810/3418/3312 2515/3419/3313
f 3810/3411/3305 5551/3415/3309 2515/3419/3313 811/3412/3306
f 785/3416/3310 2489/3420/3314 5552/3421/3315 3811/3417/3311
f 2489/3420/3314 784/567/462 3812/569/464 5552/3421/3315
f 5552/3421/3315 3812/569/464 809/19/16 2514/3422/3316
f 3811/3417/3311 5552/3421/3315 2514/3422/3316 810/3418/3312
f 61/447/346 1785/3423/3317 5553/3424/3318 1665/453/351
f 1785/3423/3317 783/3425/3319 3813/3426/3320 5553/3424/3318
f 5553/3424/3318 3813/3426/3320 808/3278/3172 1786/3276/3170
f 1665/453/351 5553/3424/3318 1786/3276/3170 60/455/352
f 783/3425/3319 2487/3427/3321 5554/3428/3322 3813/3426/3320
f 2487/3427/3321 782/3429/3323 3814/3430/3324 5554/3428/3322
f 5554/3428/3322 3814/3430/3324 807/3284/3178 2512/3282/3176
f 3813/3426/3320 5554/3428/3322 2512/3282/3176 808/3278/3172
f 782/3429/3323 2486/3431/3325 5555/3432/3326 3814/3430/3324
f 2486/3431/3325 781/3433/3327 3815/3434/3328 5555/3432/3326
f 5555/3432/3326 3815/3434/3328 806/3290/3184 2511/3288/3182
f 3814/3430/3324 5555/3432/3326 2511/3288/3182 807/3284/3178
f 781/3433/3327 2485/3435/3329 5556/3436/3330 3815/3434/3328
f 2485/3435/3329 780/3437/3331 3816/3438/3332 5556/3436/3330
f 5556/3436/3330 3816/3438/3332 805/3296/3190 2510/3294/3188
f 3815/3434/3328 5556/3436/3330 2510/3294/3188 806/3290/3184
f 780/3437/3331 2484/3439/3333 5557/3440/3334 3816/3438/3332
f 2484/3439/3333 779/3441/3335 3817/3442/3336 5557/3440/3334
f 5557/3440/3334 3817/3442/3336 804/3302/3196 2509/3300/3194
f 3816/3438/3332 5557/3440/3334 2509/3300/3194 805/3296/3190
f 779/3441/3335 2483/3443/3337 5558/3444/3338 3817/3442/3336
f 2483/3443/3337 778/3445/3339 3818/3446/3340 5558/3444/3338
f 5558/3444/3338 3818/3446/3340 803/3308/3202 2508/3306/3200
f 3817/3442/3336 5558/3444/3338 2508/3306/3200 804/3302/3196
f 778/3445/3339 2482/3447/3341 5559/3448/3342 3818/3446/3340
f 2482/3447/3341 777/3449/3343 3819/3450/3344 5559/3448/3342
f 5559/3448/3342 3819/3450/3344 802/3314/3208 2507/3312/3206
f 3818/3446/3340 5559/3448/3342 2507/3312/3206 803/3308/3202
f 777/3449/3343 2481/3451/3345 5560/3452/3346 3819/3450/3344
f 2481/3451/3345 776/3453/3347 3820/3454/3348 5560/3452/3346
f 5560/3452/3346 3820/3454/3348 801/3320/3214 2506/3318/3212
f 3819/3450/3344 5560/3452/3346 2506/3318/3212 802/3314/3208
f 776/3453/3347 2480/3455/3349 5561/3456/3350 3820/3454/3348
f 2480/3455/3349 775/3457/3351 3821/3458/3352 5561/3456/3350
f 5561/3456/3350 3821/3458/3352 800/3326/3220 2505/3324/3218
f 3820/3454/3348 5561/3456/3350 2505/3324/3218 801/3320/3214
f 775/3457/3351 2479/3459/3353 5562/3460/3354 3821/3458/3352
f 2479/3459/3353 774/3461/3355 3822/3462/3356 5562/3460/3354
f 5562/3460/3354 3822/3462/3356 799/3332/3226 2504/3330/3224
f 3821/3458/3352 5562/3460/3354 2504/3330/3224 800/3326/3220
f 774/3461/3355 2478/3463/3357 5563/3464/3358 3822/3462/3356
f 2478/3463/3357 773/3465/3359 3823/3466/3360 5563/3464/3358
f 5563/3464/3358 3823/3466/3360 798/3338/3232 2503/3336/3230
f 3822/3462/3356 5563/3464/3358 2503/3336/3230 799/3332/3226
f 773/3465/3359 2477/3467/3361 5564/3468/3362 3823/3466/3360
f 2477/3467/3361 772/3469/3363 3824/3470/3364 5564/3468/3362
f 5564/3468/3362 3824/3470/3364 797/3344/3238 2502/3342/3236
f 3823/3466/3360 5564/3468/3362 2502/3342/3236 798/3338/3232
f 772/3469/3363 2476/3471/3365 5565/3472/3366 3824/3470/3364
f 2476/3471/3365 771/3473/3367 3825/3474/3368 5565/3472/3366
f 5565/3472/3366 3825/3474/3368 796/3350/3244 2501/3348/3242
f 3824/3470/3364 5565/3472/3366 2501/3348/3242 797/3344/3238
f 771/3473/3367 2475/3475/3369 5566/3476/3370 3825/3474/3368
f 2475/3475/3369 770/3477/3371 3826/3478/3372 5566/3476/3370
f 5566/3476/3370 3826/3478/3372 795/3356/3250 2500/3354/3248
f 3825/3474/3368 5566/3476/3370 2500/3354/3248 796/3350/3244
f 770/3477/3371 2474/3479/3373 5567/3480/3374 3826/3478/3372
f 2474/3479/3373 769/3481/3375 3827/3482/3376 5567/3480/3374
f 5567/3480/3374 3827/3482/3376 794/3362/3256 2499/3360/3254
f 3826/3478/3372 5567/3480/3374 2499/3360/3254 795/3356/3250
f 769/3481/3375 2473/3483/3377 5568/3484/3378 3827/3482/3376
f 2473/3483/3377 768/3485/3379 3828/3486/3380 5568/3484/3378
f 5568/3484/3378 3828/3486/3380 793/3368/3262 2498/3366/3260
f 3827/3482/3376 5568/3484/3378 2498/3366/3260 794/3362/3256
f 768/3485/3379 2472/3487/3381 5569/3488/3382 3828/3486/3380
f 2472/3487/3381 767/3489/3383 3829/3490/3384 5569/3488/3382
f 5569/3488/3382 3829/3490/3384 792/3374/3268 2497/3372/3266
f 3828/3486/3380 5569/3488/3382 2497/3372/3266 793/3368/3262
f 767/3489/3383 2471/3491/3385 5570/3492/3386 3829/3490/3384
f 2471/3491/3385 766/3493/3387 3830/3494/3388 5570/3492/3386
f 5570/3492/3386 3830/3494/3388 791/3380/3274 2496/3378/3272
f 3829/3490/3384 5570/3492/3386 2496/3378/3272 792/3374/3268
f 766/3493/3387 2470/3495/3389 5571/3496/3390 3830/3494/3388
f 2470/3495/3389 765/3497/3391 3831/3498/3392 5571/3496/3390
f 5571/3496/3390 3831/3498/3392 790/3386/3280 2495/3384/3278
f 3830/3494/3388 5571/3496/3390 2495/3384/3278 791/3380/3274
f 765/3497/3391 2469/3499/3393 5572/3500/3394 3831/3498/3392
f 2469/3499/3393 764/3501/3395 3832/3502/3396 5572/3500/3394
f 5572/3500/3394 3832/3502/3396 789/3392/3286 2494/3390/3284
f 3831/3498/3392 5572/3500/3394 2494/3390/3284 790/3386/3280
f 764/3501/3395 2468/3503/3397 5573/3504/3398 3832/3502/3396
f 2468/3503/3397 763/3505/3399 3833/3506/3400 5573/3504/3398
f 5573/3504/3398 3833/3506/3400 788/3398/3292 2493/3396/3290
f 3832/3502/3396 5573/3504/3398 2493/3396/3290 789/3392/3286
f 763/3505/3399 2467/3507/3401 5574/3508/3402 3833/3506/3400
f 2467/3507/3401 762/3509/3403 3834/3510/3404 5574/3508/3402
f 5574/3508/3402 3834/3510/3404 787/3404/3298 2492/3402/3296
f 3833/3506/3400 5574/3508/3402 2492/3402/3296 788/3398/3292
f 762/3509/3403 2466/3511/3405 5575/3512/3406 3834/3510/3404
f 2466/3511/3405 761/3513/3407 3835/3514/3408 5575/3512/3406
f 5575/3512/3406 3835/3514/3408 786/3410/3304 2491/3408/3302
f 3834/3510/3404 5575/3512/3406 2491/3408/3302 787/3404/3298
f 761/3513/3407 2465/3515/3409 5576/3516/3410 3835/3514/3408
f 2465/3515/3409 760/3517/3411 3836/3518/3412 5576/3516/3410
f 5576/3516/3410 3836/3518/3412 785/3416/3310 2490/3414/3308
f 3835/3514/3408 5576/3516/3410 2490/3414/3308 786/3410/3304
f 760/3517/3411 2464/3519/3413 5577/3520/3414 3836/3518/3412
f 2464/3519/3413 759/563/458 3837/565/460 5577/3520/3414
f 5577/3520/3414 3837/565/460 784/567/462 2489/3420/3314
f 3836/3518/3412 5577/3520/3414 2489/3420/3314 785/3416/3310
f 62/439/340 1784/3521/3415 5578/3522/3416 1666/445/345
f 1784/3521/3415 758/3523/3417 3838/3524/3418 5578/3522/3416
f 5578/3522/3416 3838/3524/3418 783/3425/3319 1785/3423/3317
f 1666/445/345 5578/3522/3416 1785/3423/3317 61/447/346
f 758/3523/3417 2462/3525/3419 5579/3526/3420 3838/3524/3418
f 2462/3525/3419 757/3527/3421 3839/3528/3422 5579/3526/3420
f 5579/3526/3420 3839/3528/3422 782/3429/3323 2487/3427/3321
f 3838/3524/3418 5579/3526/3420 2487/3427/3321 783/3425/3319
f 757/3527/3421 2461/3529/3423 5580/3530/3424 3839/3528/3422
f 2461/3529/3423 756/3531/3425 3840/3532/3426 5580/3530/3424
f 5580/3530/3424 3840/3532/3426 781/3433/3327 2486/3431/3325
f 3839/3528/3422 5580/3530/3424 2486/3431/3325 782/3429/3323
f 756/3531/3425 2460/3533/3427 5581/3534/3428 3840/3532/3426
f 2460/3533/3427 755/3535/3429 3841/3536/3430 5581/3534/3428
f 5581/3534/3428 3841/3536/3430 780/3437/3331 2485/3435/3329
f 3840/3532/3426 5581/3534/3428 2485/3435/3329 781/3433/3327
f 755/3535/3429 2459/3537/3431 5582/3538/3432 3841/3536/3430
f 2459/3537/3431 754/3539/3433 3842/3540/3434 5582/3538/3432
f 5582/3538/3432 3842/3540/3434 779/3441/3335 2484/3439/3333
f 3841/3536/3430 5582/3538/3432 2484/3439/3333 780/3437/3331
f 754/3539/3433 2458/3541/3435 5583/3542/3436 3842/3540/3434
f 2458/3541/3435 753/3543/3437 3843/3544/3438 5583/3542/3436
f 5583/3542/3436 3843/3544/3438 778/3445/3339 2483/3443/3337
f 3842/3540/3434 5583/3542/3436 2483/3443/3337 779/3441/3335
f 753/3543/3437 2457/3545/3439 5584/3546/3440 3843/3544/3438
f 2457/3545/3439 752/3547/3441 3844/3548/3442 5584/3546/3440
f 5584/3546/3440 3844/3548/3442 777/3449/3343 2482/3447/3341
f 3843/3544/3438 5584/3546/3440 2482/3447/3341 778/3445/3339
f 752/3547/3441 2456/3549/3443 5585/3550/3444 3844/3548/3442
f 2456/3549/3443 751/3551/3445 3845/3552/3446 5585/3550/3444
f 5585/3550/3444 3845/3552/3446 776/3453/3347 2481/3451/3345
f 3844/3548/3442 5585/3550/3444 2481/3451/3345 777/3449/3343
f 751/3551/3445 2455/3553/3447 5586/3554/3448 3845/3552/3446
f 2455/3553/3447 750/3555/3449 3846/3556/3450 5586/3554/3448
f 5586/3554/3448 3846/3556/3450 775/3457/3351 2480/3455/3349
f 3845/3552/3446 5586/3554/3448 2480/3455/3349 776/3453/3347
f 750/3555/3449 2454/3557/3451 5587/3558/3452 3846/3556/3450
f 2454/3557/3451 749/3559/3453 3847/3560/3454 5587/3558/3452
f 5587/3558/3452 3847/3560/3454 774/3461/3355 2479/3459/3353
f 3846/3556/3450 5587/3558/3452 2479/3459/3353 775/3457/3351
f 749/3559/3453 2453/3561/3455 5588/3562/3456 3847/3560/3454
f 2453/3561/3455 748/3563/3457 3848/3564/3458 5588/3562/3456
f 5588/3562/3456 3848/3564/3458 773/3465/3359 2478/3463/3357
f 3847/3560/3454 5588/3562/3456 2478/3463/3357 774/3461/3355
f 748/3563/3457 2452/3565/3459 5589/3566/3460 3848/3564/3458
f 2452/3565/3459 747/3567/3461 3849/3568/3462 5589/3566/3460
f 5589/3566/3460 3849/3568/3462 772/3469/3363 2477/3467/3361
f 3848/3564/3458 5589/3566/3460 2477/3467/3361 773/3465/3359
f 747/3567/3461 2451/3569/3463 5590/3570/3464 3849/3568/3462
f 2451/3569/3463 746/3571/3465 3850/3572/3466 5590/3570/3464
f 5590/3570/3464 3850/3572/3466 771/3473/3367 2476/3471/3365
f 3849/3568/3462 5590/3570/3464 2476/3471/3365 772/3469/3363
f 746/3571/3465 2450/3573/3467 5591/3574/3468 3850/3572/3466
f 2450/3573/3467 745/3575/3469 3851/3576/3470 5591/3574/3468
f 5591/3574/3468 3851/3576/3470 770/3477/3371 2475/3475/3369
f 3850/3572/3466 5591/3574/3468 2475/3475/3369 771/3473/3367
f 745/3575/3469 2449/3577/3471 5592/3578/3472 3851/3576/3470
f 2449/3577/3471 744/3579/3473 3852/3580/3474 5592/3578/3472
f 5592/3578/3472 3852/3580/3474 769/3481/3375 2474/3479/3373
f 3851/3576/3470 5592/3578/3472 2474/3479/3373 770/3477/3371
f 744/3579/3473 2448/3581/3475 5593/3582/3476 3852/3580/3474
f 2448/3581/3475 743/3583/3477 3853/3584/3478 5593/3582/3476
f 5593/3582/3476 3853/3584/3478 768/3485/3379 2473/3483/3377
f 3852/3580/3474 5593/3582/3476 2473/3483/3377 769/3481/3375
f 743/3583/3477 2447/3585/3479 5594/3586/3480 3853/3584/3478
f 2447/3585/3479 742/3587/3481 3854/3588/3482 5594/3586/3480
f 5594/3586/3480 3854/3588/3482 767/3489/3383 2472/3487/3381
f 3853/3584/3478 5594/3586/3480 2472/3487/3381 768/3485/3379
f 742/3587/3481 2446/3589/3483 5595/3590/3484 3854/3588/3482
f 2446/3589/3483 741/3591/3485 3855/3592/3486 5595/3590/3484
f 5595/3590/3484 3855/3592/3486 766/3493/3387 2471/3491/3385
f 3854/3588/3482 5595/3590/3484 2471/3491/3385 767/3489/3383
f 741/3591/3485 2445/3593/3487 5596/3594/3488 3855/3592/3486
f 2445/3593/3487 740/3595/3489 3856/3596/3490 5596/3594/3488
f 5596/3594/3488 3856/3596/3490 765/3497/3391 2470/3495/3389
f 3855/3592/3486 5596/3594/3488 2470/3495/3389 766/3493/3387
f 740/3595/3489 2444/3597/3491 5597/3598/3492 3856/3596/3490
f 2444/3597/3491 739/3599/3493 3857/3600/3494 5597/3598/3492
f 5597/3598/3492 3857/3600/3494 764/3501/3395 2469/3499/3393
f 3856/3596/3490 5597/3598/3492 2469/3499/3393 765/3497/3391
f 739/3599/3493 2443/3601/3495 5598/3602/3496 3857/3600/3494
f 2443/3601/3495 738/3603/3497 3858/3604/3498 5598/3602/3496
f 5598/3602/3496 3858/3604/3498 763/3505/3399 2468/3503/3397
f 3857/3600/3494 5598/3602/3496 2468/3503/3397 764/3501/3395
f 738/3603/3497 2442/3605/3499 5599/3606/3500 3858/3604/3498
f 2442/3605/3499 737/3607/3501 3859/3608/3502 5599/3606/3500
f 5599/3606/3500 3859/3608/3502 762/3509/3403 2467/3507/3401
f 3858/3604/3498 5599/3606/3500 2467/3507/3401 763/3505/3399
f 737/3607/3501 2441/3609/3503 5600/3610/3504 3859/3608/3502
f 2441/3609/3503 736/3611/3505 3860/3612/3506 5600/3610/3504
f 5600/3610/3504 3860/3612/3506 761/3513/3407 2466/3511/3405
f 3859/3608/3502 5600/3610/3504 2466/3511/3405 762/3509/3403
f 736/3611/3505 2440/3613/3507 5601/3614/3508 3860/3612/3506
f 2440/3613/3507 735/3615/3509 3861/3616/3510 5601/3614/3508
f 5601/3614/3508 3861/3616/3510 760/3517/3411 2465/3515/3409
f 3860/3612/3506 5601/3614/3508 2465/3515/3409 761/3513/3407
f 735/3615/3509 2439/3617/3511 5602/3618/3512 3861/3616/3510
f 2439/3617/3511 734/559/454 3862/561/456 5602/3618/3512
f 5602/3618/3512 3862/561/456 759/563/458 2464/3519/3413
f 3861/3616/3510 5602/3618/3512 2464/3519/3413 760/3517/3411
f 63/431/334 1783/3619/3513 5603/3620/3514 1667/437/339
f 1783/3619/3513 733/3621/3515 3863/3622/3516 5603/3620/3514
f 5603/3620/3514 3863/3622/3516 758/3523/3417 1784/3521/3415
f 1667/437/339 5603/3620/3514 1784/3521/3415 62/439/340
f 733/3621/3515 2437/3623/3517 5604/3624/3518 3863/3622/3516
f 2437/3623/3517 732/3625/3519 3864/3626/3520 5604/3624/3518
f 5604/3624/3518 3864/3626/3520 757/3527/3421 2462/3525/3419
f 3863/3622/3516 5604/3624/3518 2462/3525/3419 758/3523/3417
f 732/3625/3519 2436/3627/3521 5605/3628/3522 3864/3626/3520
f 2436/3627/3521 731/3629/3523 3865/3630/3524 5605/3628/3522
f 5605/3628/3522 3865/3630/3524 756/3531/3425 2461/3529/3423
f 3864/3626/3520 5605/3628/3522 2461/3529/3423 757/3527/3421
f 731/3629/3523 2435/3631/3525 5606/3632/3526 3865/3630/3524
f 2435/3631/3525 730/3633/3527 3866/3634/3528 5606/3632/3526
f 5606/3632/3526 3866/3634/3528 755/3535/3429 2460/3533/3427
f 3865/3630/3524 5606/3632/3526 2460/3533/3427 756/3531/3425
f 730/3633/3527 2434/3635/3529 5607/3636/3530 3866/3634/3528
f 2434/3635/3529 729/3637/3531 3867/3638/3532 5607/3636/3530
f 5607/3636/3530 3867/3638/3532 754/3539/3433 2459/3537/3431
f 3866/3634/3528 5607/3636/3530 2459/3537/3431 755/3535/3429
f 729/3637/3531 2433/3639/3533 5608/3640/3534 3867/3638/3532
f 2433/3639/3533 728/3641/3535 3868/3642/3536 5608/3640/3534
f 5608/3640/3534 3868/3642/3536 753/3543/3437 2458/3541/3435
f 3867/3638/3532 5608/3640/3534 2458/3541/3435 754/3539/3433
f 728/3641/3535 2432/3643/3537 5609/3644/3538 3868/3642/3536
f 2432/3643/3537 727/3645/3539 3869/3646/3540 5609/3644/3538
f 5609/3644/3538 3869/3646/3540 752/3547/3441 2457/3545/3439
f 3868/3642/3536 5609/3644/3538 2457/3545/3439 753/3543/3437
f 727/3645/3539 2431/3647/3541 5610/3648/3542 3869/3646/3540
f 2431/3647/3541 726/3649/3543 3870/3650/3544 5610/3648/3542
f 5610/3648/3542 3870/3650/3544 751/3551/3445 2456/3549/3443
f 3869/3646/3540 5610/3648/3542 2456/3549/3443 752/3547/3441
f 726/3649/3543 2430/3651/3545 5611/3652/3546 3870/3650/3544
f 2430/3651/3545 725/3653/3547 3871/3654/3548 5611/3652/3546
f 5611/3652/3546 3871/3654/3548 750/3555/3449 2455/3553/3447
f 3870/3650/3544 5611/3652/3546 2455/3553/3447 751/3551/3445
f 725/3653/3547 2429/3655/3549 5612/3656/3550 3871/3654/3548
f 2429/3655/3549 724/3657/3551 3872/3658/3552 5612/3656/3550
f 5612/3656/3550 3872/3658/3552 749/3559/3453 2454/3557/3451
f 3871/3654/3548 5612/3656/3550 2454/3557/3451 750/3555/3449
f 724/3657/3551 2428/3659/3553 5613/3660/3554 3872/3658/3552
f 2428/3659/3553 723/3661/3555 3873/3662/3556 5613/3660/3554
f 5613/3660/3554 3873/3662/3556 748/3563/3457 2453/3561/3455
f 3872/3658/3552 5613/3660/3554 2453/3561/3455 749/3559/3453
f 723/3661/3555 2427/3663/3557 5614/3664/3558 3873/3662/3556
f 2427/3663/3557 722/3665/3559 3874/3666/3560 5614/3664/3558
f 5614/3664/3558 3874/3666/3560 747/3567/3461 2452/3565/3459
f 3873/3662/3556 5614/3664/3558 2452/3565/3459 748/3563/3457
f 722/3665/3559 2426/3667/3561 5615/3668/3562 3874/3666/3560
f 2426/3667/3561 721/3669/3563 3875/3670/3564 5615/3668/3562
f 5615/3668/3562 3875/3670/3564 746/3571/3465 2451/3569/3463
f 3874/3666/3560 5615/3668/3562 2451/3569/3463 747/3567/3461
f 721/3669/3563 2425/3671/3565 5616/3672/3566 3875/3670/3564
f 2425/3671/3565 720/3673/3567 3876/3674/3568 5616/3672/3566
f 5616/3672/3566 3876/3674/3568 745/3575/3469 2450/3573/3467
f 3875/3670/3564 5616/3672/3566 2450/3573/3467 746/3571/3465
f 720/3673/3567 2424/3675/3569 5617/3676/3570 3876/3674/3568
f 2424/3675/3569 719/3677/3571 3877/3678/3572 5617/3676/3570
f 5617/3676/3570 3877/3678/3572 744/3579/3473 2449/3577/3471
f 3876/3674/3568 5617/3676/3570 2449/3577/3471 745/3575/3469
f 719/3677/3571 2423/3679/3573 5618/3680/3574 3877/3678/3572
f 2423/3679/3573 718/3681/3575 3878/3682/3576 5618/3680/3574
f 5618/3680/3574 3878/3682/3576 743/3583/3477 2448/3581/3475
f 3877/3678/3572 5618/3680/3574 2448/3581/3475 744/3579/3473
f 718/3681/3575 2422/3683/3577 5619/3684/3578 3878/3682/3576
f 2422/3683/3577 717/3685/3579 3879/3686/3580 5619/3684/3578
f 5619/3684/3578 3879/3686/3580 742/3587/3481 2447/3585/3479
f 3878/3682/3576 5619/3684/3578 2447/3585/3479 743/3583/3477
f 717/3685/3579 2421/3687/3581 5620/3688/3582 3879/3686/3580
f 2421/3687/3581 716/3689/3583 3880/3690/3584 5620/3688/3582
f 5620/3688/3582 3880/3690/3584 741/3591/3485 2446/3589/3483
f 3879/3686/3580 5620/3688/3582 2446/3589/3483 742/3587/3481
f 716/3689/3583 2420/3691/3585 5621/3692/3586 3880/3690/3584
f 2420/3691/3585 715/3693/3587 3881/3694/3588 5621/3692/3586
f 5621/3692/3586 3881/3694/3588 740/3595/3489 2445/3593/3487
f 3880/3690/3584 5621/3692/3586 2445/3593/3487 741/3591/3485
f 715/3693/3587 2419/3695/3589 5622/3696/3590 3881/3694/3588
f 2419/3695/3589 714/3697/3591 3882/3698/3592 5622/3696/3590
f 5622/3696/3590 3882/3698/3592 739/3599/3493 2444/3597/3491
f 3881/3694/3588 5622/3696/3590 2444/3597/3491 740/3595/3489
f 714/3697/3591 2418/3699/3593 5623/3700/3594 3882/3698/3592
f 2418/3699/3593 713/3701/3595 3883/3702/3596 5623/3700/3594
f 5623/3700/3594 3883/3702/3596 738/3603/3497 2443/3601/3495
f 3882/3698/3592 5623/3700/3594 2443/3601/3495 739/3599/3493
f 713/3701/3595 2417/3703/3597 5624/3704/3598 3883/3702/3596
f 2417/3703/3597 712/3705/3599 3884/3706/3600 5624/3704/3598
f 5624/3704/3598 3884/3706/3600 737/3607/3501 2442/3605/3499
f 3883/3702/3596 5624/3704/3598 2442/3605/3499 738/3603/3497
f 712/3705/3599 2416/3707/3601 5625/3708/3602 3884/3706/3600
f 2416/3707/3601 711/3709/3603 3885/3710/3604 5625/3708/3602
f 5625/3708/3602 3885/3710/3604 736/3611/3505 2441/3609/3503
f 3884/3706/3600 5625/3708/3602 2441/3609/3503 737/3607/3501
f 711/3709/3603 2415/3711/3605 5626/3712/3606 3885/3710/3604
f 2415/3711/3605 710/3713/3607 3886/3714/3608 5626/3712/3606
f 5626/3712/3606 3886/3714/3608 735/3615/3509 2440/3613/3507
f 3885/3710/3604 5626/3712/3606 2440/3613/3507 736/3611/3505
f 710/3713/3607 2414/3715/3609 5627/3716/3610 3886/3714/3608
f 2414/3715/3609 709/555/450 3887/557/452 5627/3716/3610
f 5627/3716/3610 3887/557/452 734/559/454 2439/3617/3511
f 3886/3714/3608 5627/3716/3610 2439/3617/3511 735/3615/3509
f 64/423/328 1782/3717/3611 5628/3718/3612 1668/429/333
f 1782/3717/3611 708/3719/3613 3888/3720/3614 5628/3718/3612
f 5628/3718/3612 3888/3720/3614 733/3621/3515 1783/3619/3513
f 1668/429/333 5628/3718/3612 1783/3619/3513 63/431/334
f 708/3719/3613 2412/3721/3615 5629/3722/3616 3888/3720/3614
f 2412/3721/3615 707/3723/3617 3889/3724/3618 5629/3722/3616
f 5629/3722/3616 3889/3724/3618 732/3625/3519 2437/3623/3517
f 3888/3720/3614 5629/3722/3616 2437/3623/3517 733/3621/3515
f 707/3723/3617 2411/3725/3619 5630/3726/3620 3889/3724/3618
f 2411/3725/3619 706/3727/3621 3890/3728/3622 5630/3726/3620
f 5630/3726/3620 3890/3728/3622 731/3629/3523 2436/3627/3521
f 3889/3724/3618 5630/3726/3620 2436/3627/3521 732/3625/3519
f 706/3727/3621 2410/3729/3623 5631/3730/3624 3890/3728/3622
f 2410/3729/3623 705/3731/3625 3891/3732/3626 5631/3730/3624
f 5631/3730/3624 3891/3732/3626 730/3633/3527 2435/3631/3525
f 3890/3728/3622 5631/3730/3624 2435/3631/3525 731/3629/3523
f 705/3731/3625 2409/3733/3627 5632/3734/3628 3891/3732/3626
f 2409/3733/3627 704/3735/3629 3892/3736/3630 5632/3734/3628
f 5632/3734/3628 3892/3736/3630 729/3637/3531 2434/3635/3529
f 3891/3732/3626 5632/3734/3628 2434/3635/3529 730/3633/3527
f 704/3735/3629 2408/3737/3631 5633/3738/3632 3892/3736/3630
f 2408/3737/3631 703/3739/3633 3893/3740/3634 5633/3738/3632
f 5633/3738/3632 3893/3740/3634 728/3641/3535 2433/3639/3533
f 3892/3736/3630 5633/3738/3632 2433/3639/3533 729/3637/3531
f 703/3739/3633 2407/3741/3635 5634/3742/3636 3893/3740/3634
f 2407/3741/3635 702/3743/3637 3894/3744/3638 5634/3742/3636
f 5634/3742/3636 3894/3744/3638 727/3645/3539 2432/3643/3537
f 3893/3740/3634 5634/3742/3636 2432/3643/3537 728/3641/3535
f 702/3743/3637 2406/3745/3639 5635/3746/3640 3894/3744/3638
f 2406/3745/3639 701/3747/3641 3895/3748/3642 5635/3746/3640
f 5635/3746/3640 3895/3748/3642 726/3649/3543 2431/3647/3541
f 3894/3744/3638 5635/3746/3640 2431/3647/3541 727/3645/3539
f 701/3747/3641 2405/3749/3643 5636/3750/3644 3895/3748/3642
f 2405/3749/3643 700/3751/3645 3896/3752/3646 5636/3750/3644
f 5636/3750/3644 3896/3752/3646 725/3653/3547 2430/3651/3545
f 3895/3748/3642 5636/3750/3644 2430/3651/3545 726/3649/3543
f 700/3751/3645 2404/3753/3647 5637/3754/3648 3896/3752/3646
f 2404/3753/3647 699/3755/3649 3897/3756/3650 5637/3754/3648
f 5637/3754/3648 3897/3756/3650 724/3657/3551 2429/3655/3549
f 3896/3752/3646 5637/3754/3648 2429/3655/3549 725/3653/3547
f 699/3755/3649 2403/3757/3651 5638/3758/3652 3897/3756/3650
f 2403/3757/3651 698/3759/3653 3898/3760/3654 5638/3758/3652
f 5638/3758/3652 3898/3760/3654 723/3661/3555 2428/3659/3553
f 3897/3756/3650 5638/3758/3652 2428/3659/3553 724/3657/3551
f 698/3759/3653 2402/3761/3655 5639/3762/3656 3898/3760/3654
f 2402/3761/3655 697/3763/3657 3899/3764/3658 5639/3762/3656
f 5639/3762/3656 3899/3764/3658 722/3665/3559 2427/3663/3557
f 3898/3760/3654 5639/3762/3656 2427/3663/3557 723/3661/3555
f 697/3763/3657 2401/3765/3659 5640/3766/3660 3899/3764/3658
f 2401/3765/3659 696/3767/3661 3900/3768/3662 5640/3766/3660
f 5640/3766/3660 3900/3768/3662 721/3669/3563 2426/3667/3561
f 3899/3764/3658 5640/3766/3660 2426/3667/3561 722/3665/3559
f 696/3767/3661 2400/3769/3663 5641/3770/3664 3900/3768/3662
f 2400/3769/3663 695/3771/3665 3901/3772/3666 5641/3770/3664
f 5641/3770/3664 3901/3772/3666 720/3673/3567 2425/3671/3565
f 3900/3768/3662 5641/3770/3664 2425/3671/3565 721/3669/3563
f 695/3771/3665 2399/3773/3667 5642/3774/3668 3901/3772/3666
f 2399/3773/3667 694/3775/3669 3902/3776/3670 5642/3774/3668
f 5642/3774/3668 3902/3776/3670 719/3677/3571 2424/3675/3569
f 3901/3772/3666 5642/3774/3668 2424/3675/3569 720/3673/3567
f 694/3775/3669 2398/3777/3671 5643/3778/3672 3902/3776/3670
f 2398/3777/3671 693/3779/3673 3903/3780/3674 5643/3778/3672
f 5643/3778/3672 3903/3780/3674 718/3681/3575 2423/3679/3573
f 3902/3776/3670 5643/3778/3672 2423/3679/3573 719/3677/3571
f 693/3779/3673 2397/3781/3675 5644/3782/3676 3903/3780/3674
f 2397/3781/3675 692/3783/3677 3904/3784/3678 5644/3782/3676
f 5644/3782/3676 3904/3784/3678 717/3685/3579 2422/3683/3577
f 3903/3780/3674 5644/3782/3676 2422/3683/3577 718/3681/3575
f 692/3783/3677 2396/3785/3679 5645/3786/3680 3904/3784/3678
f 2396/3785/3679 691/3787/3681 3905/3788/3682 5645/3786/3680
f 5645/3786/3680 3905/3788/3682 716/3689/3583 2421/3687/3581
f 3904/3784/3678 5645/3786/3680 2421/3687/3581 717/3685/3579
f 691/3787/3681 2395/3789/3683 5646/3790/3684 3905/3788/3682
f 2395/3789/3683 690/3791/3685 3906/3792/3686 5646/3790/3684
f 5646/3790/3684 3906/3792/3686 715/3693/3587 2420/3691/3585
f 3905/3788/3682 5646/3790/3684 2420/3691/3585 716/3689/3583
f 690/3791/3685 2394/3793/3687 5647/3794/3688 3906/3792/3686
f 2394/3793/3687 689/3795/3689 3907/3796/3690 5647/3794/3688
f 5647/3794/3688 3907/3796/3690 714/3697/3591 2419/3695/3589
f 3906/3792/3686 5647/3794/3688 2419/3695/3589 715/3693/3587
f 689/3795/3689 2393/3797/3691 5648/3798/3692 3907/3796/3690
f 2393/3797/3691 688/3799/3693 3908/3800/3694 5648/3798/3692
f 5648/3798/3692 3908/3800/3694 713/3701/3595 2418/3699/3593
f 3907/3796/3690 5648/3798/3692 2418/3699/3593 714/3697/3591
f 688/3799/3693 2392/3801/3695 5649/3802/3696 3908/3800/3694
f 2392/3801/3695 687/3803/3697 3909/3804/3698 5649/3802/3696
f 5649/3802/3696 3909/3804/3698 712/3705/3599 2417/3703/3597
f 3908/3800/3694 5649/3802/3696 2417/3703/3597 713/3701/3595
f 687/3803/3697 2391/3805/3699 5650/3806/3700 3909/3804/3698
f 2391/3805/3699 686/3807/3701 3910/3808/3702 5650/3806/3700
f 5650/3806/3700 3910/3808/3702 711/3709/3603 2416/3707/3601
f 3909/3804/3698 5650/3806/3700 2416/3707/3601 712/3705/3599
f 686/3807/3701 2390/3809/3703 5651/3810/3704 3910/3808/3702
f 2390/3809/3703 685/3811/3705 3911/3812/3706 5651/3810/3704
f 5651/3810/3704 3911/3812/3706 710/3713/3607 2415/3711/3605
f 3910/3808/3702 5651/3810/3704 2415/3711/3605 711/3709/3603
f 685/3811/3705 2389/3813/3707 5652/3814/3708 3911/3812/3706
f 2389/3813/3707 684/551/446 3912/553/448 5652/3814/3708
f 5652/3814/3708 3912/553/448 709/555/450 2414/3715/3609
f 3911/3812/3706 5652/3814/3708 2414/3715/3609 710/3713/3607
f 65/415/322 1781/3815/3709 5653/3816/3710 1669/421/327
f 1781/3815/3709 683/3817/3711 3913/3818/3712 5653/3816/3710
f 5653/3816/3710 3913/3818/3712 708/3719/3613 1782/3717/3611
f 1669/421/327 5653/3816/3710 1782/3717/3611 64/423/328
f 683/3817/3711 2387/3819/3713 5654/3820/3714 3913/3818/3712
f 2387/3819/3713 682/3821/3715 3914/3822/3716 5654/3820/3714
f 5654/3820/3714 3914/3822/3716 707/3723/3617 2412/3721/3615
f 3913/3818/3712 5654/3820/3714 2412/3721/3615 708/3719/3613
f 682/3821/3715 2386/3823/3717 5655/3824/3718 3914/3822/3716
f 2386/3823/3717 681/3825/3719 3915/3826/3720 5655/3824/3718
f 5655/3824/3718 3915/3826/3720 706/3727/3621 2411/3725/3619
f 3914/3822/3716 5655/3824/3718 2411/3725/3619 707/3723/3617
f 681/3825/3719 2385/3827/3721 5656/3828/3722 3915/3826/3720
f 2385/3827/3721 680/3829/3723 3916/3830/3724 5656/3828/3722
f 5656/3828/3722 3916/3830/3724 705/3731/3625 2410/3729/3623
f 3915/3826/3720 5656/3828/3722 2410/3729/3623 706/3727/3621
f 680/3829/3723 2384/3831/3725 5657/3832/3726 3916/3830/3724
f 2384/3831/3725 679/3833/3727 3917/3834/3728 5657/3832/3726
f 5657/3832/3726 3917/3834/3728 704/3735/3629 2409/3733/3627
f 3916/3830/3724 5657/3832/3726 2409/3733/3627 705/3731/3625
f 679/3833/3727 2383/3835/3729 5658/3836/3730 3917/3834/3728
f 2383/3835/3729 678/3837/3731 3918/3838/3732 5658/3836/3730
f 5658/3836/3730 3918/3838/3732 703/3739/3633 2408/3737/3631
f 3917/3834/3728 5658/3836/3730 2408/3737/3631 704/3735/3629
f 678/3837/3731 2382/3839/3733 5659/3840/3734 3918/3838/3732
f 2382/3839/3733 677/3841/3735 3919/3842/3736 5659/3840/3734
f 5659/3840/3734 3919/3842/3736 702/3743/3637 2407/3741/3635
f 3918/3838/3732 5659/3840/3734 2407/3741/3635 703/3739/3633
f 677/3841/3735 2381/3843/3737 5660/3844/3738 3919/3842/3736
f 2381/3843/3737 676/3845/3739 3920/3846/3740 5660/3844/3738
f 5660/3844/3738 3920/3846/3740 701/3747/3641 2406/3745/3639
f 3919/3842/3736 5660/3844/3738 2406/3745/3639 702/3743/3637
f 676/3845/3739 2380/3847/3741 5661/3848/3742 3920/3846/3740
f 2380/3847/3741 675/3849/3743 3921/3850/3744 5661/3848/3742
f 5661/3848/3742 3921/3850/3744 700/3751/3645 2405/3749/3643
f 3920/3846/3740 5661/3848/3742 2405/3749/3643 701/3747/3641
f 675/3849/3743 2379/3851/3745 5662/3852/3746 3921/3850/3744
f 2379/3851/3745 674/3853/3747 3922/3854/3748 5662/3852/3746
f 5662/3852/3746 3922/3854/3748 699/3755/3649 2404/3753/3647
f 3921/3850/3744 5662/3852/3746 2404/3753/3647 700/3751/3645
f 674/3853/3747 2378/3855/3749 5663/3856/3750 3922/3854/3748
f 2378/3855/3749 673/3857/3751 3923/3858/3752 5663/3856/3750
f 5663/3856/3750 3923/3858/3752 698/3759/3653 2403/3757/3651
f 3922/3854/3748 5663/3856/3750 2403/3757/3651 699/3755/3649
f 673/3857/3751 2377/3859/3753 5664/3860/3754 3923/3858/3752
f 2377/3859/3753 672/3861/3755 3924/3862/3756 5664/3860/3754
f 5664/3860/3754 3924/3862/3756 697/3763/3657 2402/3761/3655
f 3923/3858/3752 5664/3860/3754 2402/3761/3655 698/3759/3653
f 672/3861/3755 2376/3863/3757 5665/3864/3758 3924/3862/3756
f 2376/3863/3757 671/3865/3759 3925/3866/3760 5665/3864/3758
f 5665/3864/3758 3925/3866/3760 696/3767/3661 2401/3765/3659
f 3924/3862/3756 5665/3864/3758 2401/3765/3659 697/3763/3657
f 671/3865/3759 2375/3867/3761 5666/3868/3762 3925/3866/3760
f 2375/3867/3761 670/3869/3763 3926/3870/3764 5666/3868/3762
f 5666/3868/3762 3926/3870/3764 695/3771/3665 2400/3769/3663
f 3925/3866/3760 5666/3868/3762 2400/3769/3663 696/3767/3661
f 670/3869/3763 2374/3871/3765 5667/3872/3766 3926/3870/3764
f 2374/3871/3765 669/3873/3767 3927/3874/3768 5667/3872/3766
f 5667/3872/3766 3927/3874/3768 694/3775/3669 2399/3773/3667
f 3926/3870/3764 5667/3872/3766 2399/3773/3667 695/3771/3665
f 669/3873/3767 2373/3875/3769 5668/3876/3770 3927/3874/3768
f 2373/3875/3769 668/3877/3771 3928/3878/3772 5668/3876/3770
f 5668/3876/3770 3928/3878/3772 693/3779/3673 2398/3777/3671
f 3927/3874/3768 5668/3876/3770 2398/3777/3671 694/3775/3669
f 668/3877/3771 2372/3879/3773 5669/3880/3774 3928/3878/3772
f 2372/3879/3773 667/3881/3775 3929/3882/3776 5669/3880/3774
f 5669/3880/3774 3929/3882/3776 692/3783/3677 2397/3781/3675
f 3928/3878/3772 5669/3880/3774 2397/3781/3675 693/3779/3673
f 667/3881/3775 2371/3883/3777 5670/3884/3778 3929/3882/3776
f 2371/3883/3777 666/3885/3779 3930/3886/3780 5670/3884/3778
f 5670/3884/3778 3930/3886/3780 691/3787/3681 2396/3785/3679
f 3929/3882/3776 5670/3884/3778 2396/3785/3679 692/3783/3677
f 666/3885/3779 2370/3887/3781 5671/3888/3782 3930/3886/3780
f 2370/3887/3781 665/3889/3783 3931/3890/3784 5671/3888/3782
f 5671/3888/3782 3931/3890/3784 690/3791/3685 2395/3789/3683
f 3930/3886/3780 5671/3888/3782 2395/3789/3683 691/3787/3681
f 665/3889/3783 2369/3891/3785 5672/3892/3786 3931/3890/3784
f 2369/3891/3785 664/3893/3787 3932/3894/3788 5672/3892/3786
f 5672/3892/3786 3932/3894/3788 689/3795/3689 2394/3793/3687
f 3931/3890/3784 5672/3892/3786 2394/3793/3687 690/3791/3685
f 664/3893/3787 2368/3895/3789 5673/3896/3790 3932/3894/3788
f 2368/3895/3789 663/3897/3791 3933/3898/3792 5673/3896/3790
f 5673/3896/3790 3933/3898/3792 688/3799/3693 2393/3797/3691
f 3932/3894/3788 5673/3896/3790 2393/3797/3691 689/3795/3689
f 663/3897/3791 2367/3899/3793 5674/3900/3794 3933/3898/3792
f 2367/3899/3793 662/3901/3795 3934/3902/3796 5674/3900/3794
f 5674/3900/3794 3934/3902/3796 687/3803/3697 2392/3801/3695
f 3933/3898/3792 5674/3900/3794 2392/3801/3695 688/3799/3693
f 662/3901/3795 2366/3903/3797 5675/3904/3798 3934/3902/3796
f 2366/3903/3797 661/3905/3799 3935/3906/3800 5675/3904/3798
f 5675/3904/3798 3935/3906/3800 686/3807/3701 2391/3805/3699
f 3934/3902/3796 5675/3904/3798 2391/3805/3699 687/3803/3697
f 661/3905/3799 2365/3907/3801 5676/3908/3802 3935/3906/3800
f 2365/3907/3801 660/3909/3803 3936/3910/3804 5676/3908/3802
f 5676/3908/3802 3936/3910/3804 685/3811/3705 2390/3809/3703
f 3935/3906/3800 5676/3908/3802 2390/3809/3703 686/3807/3701
f 660/3909/3803 2364/3911/3805 5677/3912/3806 3936/3910/3804
f 2364/3911/3805 659/547/442 3937/549/444 5677/3912/3806
f 5677/3912/3806 3937/549/444 684/551/446 2389/3813/3707
f 3936/3910/3804 5677/3912/3806 2389/3813/3707 685/3811/3705
f 66/407/316 1780/3913/3807 5678/3914/3808 1670/413/321
f 1780/3913/3807 658/3915/3809 3938/3916/3810 5678/3914/3808
f 5678/3914/3808 3938/3916/3810 683/3817/3711 1781/3815/3709
f 1670/413/321 5678/3914/3808 1781/3815/3709 65/415/322
f 658/3915/3809 2362/3917/3811 5679/3918/3812 3938/3916/3810
f 2362/3917/3811 657/3919/3813 3939/3920/3814 5679/3918/3812
f 5679/3918/3812 3939/3920/3814 682/3821/3715 2387/3819/3713
f 3938/3916/3810 5679/3918/3812 2387/3819/3713 683/3817/3711
f 657/3919/3813 2361/3921/3815 5680/3922/3816 3939/3920/3814
f 2361/3921/3815 656/3923/3817 3940/3924/3818 5680/3922/3816
f 5680/3922/3816 3940/3924/3818 681/3825/3719 2386/3823/3717
f 3939/3920/3814 5680/3922/3816 2386/3823/3717 682/3821/3715
f 656/3923/3817 2360/3925/3819 5681/3926/3820 3940/3924/3818
f 2360/3925/3819 655/3927/3821 3941/3928/3822 5681/3926/3820
f 5681/3926/3820 3941/3928/3822 680/3829/3723 2385/3827/3721
f 3940/3924/3818 5681/3926/3820 2385/3827/3721 681/3825/3719
f 655/3927/3821 2359/3929/3823 5682/3930/3824 3941/3928/3822
f 2359/3929/3823 654/3931/3825 3942/3932/3826 5682/3930/3824
f 5682/3930/3824 3942/3932/3826 679/3833/3727 2384/3831/3725
f 3941/3928/3822 5682/3930/3824 2384/3831/3725 680/3829/3723
f 654/3931/3825 2358/3933/3827 5683/3934/3828 3942/3932/3826
f 2358/3933/3827 653/3935/3829 3943/3936/3830 5683/3934/3828
f 5683/3934/3828 3943/3936/3830 678/3837/3731 2383/3835/3729
f 3942/3932/3826 5683/3934/3828 2383/3835/3729 679/3833/3727
f 653/3935/3829 2357/3937/3831 5684/3938/3832 3943/3936/3830
f 2357/3937/3831 652/3939/3833 3944/3940/3834 5684/3938/3832
f 5684/3938/3832 3944/3940/3834 677/3841/3735 2382/3839/3733
f 3943/3936/3830 5684/3938/3832 2382/3839/3733 678/3837/3731
f 652/3939/3833 2356/3941/3835 5685/3942/3836 3944/3940/3834
f 2356/3941/3835 651/3943/3837 3945/3944/3838 5685/3942/3836
f 5685/3942/3836 3945/3944/3838 676/3845/3739 2381/3843/3737
f 3944/3940/3834 5685/3942/3836 2381/3843/3737 677/3841/3735
f 651/3943/3837 2355/3945/3839 5686/3946/3840 3945/3944/3838
f 2355/3945/3839 650/3947/3841 3946/3948/3842 5686/3946/3840
f 5686/3946/3840 3946/3948/3842 675/3849/3743 2380/3847/3741
f 3945/3944/3838 5686/3946/3840 2380/3847/3741 676/3845/3739
f 650/3947/3841 2354/3949/3843 5687/3950/3844 3946/3948/3842
f 2354/3949/3843 649/3951/3845 3947/3952/3846 5687/3950/3844
f 5687/3950/3844 3947/3952/3846 674/3853/3747 2379/3851/3745
f 3946/3948/3842 5687/3950/3844 2379/3851/3745 675/3849/3743
f 649/3951/3845 2353/3953/3847 5688/3954/3848 3947/3952/3846
f 2353/3953/3847 648/3955/3849 3948/3956/3850 5688/3954/3848
f 5688/3954/3848 3948/3956/3850 673/3857/3751 2378/3855/3749
f 3947/3952/3846 5688/3954/3848 2378/3855/3749 674/3853/3747
f 648/3955/3849 2352/3957/3851 5689/3958/3852 3948/3956/3850
f 2352/3957/3851 647/3959/3853 3949/3960/3854 5689/3958/3852
f 5689/3958/3852 3949/3960/3854 672/3861/3755 2377/3859/3753
f 3948/3956/3850 5689/3958/3852 2377/3859/3753 673/3857/3751
f 647/3959/3853 2351/3961/3855 5690/3962/3856 3949/3960/3854
f 2351/3961/3855 646/3963/3857 3950/3964/3858 5690/3962/3856
f 5690/3962/3856 3950/3964/3858 671/3865/3759 2376/3863/3757
f 3949/3960/3854 5690/3962/3856 2376/3863/3757 672/3861/3755
f 646/3963/3857 2350/3965/3859 5691/3966/3860 3950/3964/3858
f 2350/3965/3859 645/3967/3861 3951/3968/3862 5691/3966/3860
f 5691/3966/3860 3951/3968/3862 670/3869/3763 2375/3867/3761
f 3950/3964/3858 5691/3966/3860 2375/3867/3761 671/3865/3759
f 645/3967/3861 2349/3969/3863 5692/3970/3864 3951/3968/3862
f 2349/3969/3863 644/3971/3865 3952/3972/3866 5692/3970/3864
f 5692/3970/3864 3952/3972/3866 669/3873/3767 2374/3871/3765
f 3951/3968/3862 5692/3970/3864 2374/3871/3765 670/3869/3763
f 644/3971/3865 2348/3973/3867 5693/3974/3868 3952/3972/3866
f 2348/3973/3867 643/3975/3869 3953/3976/3870 5693/3974/3868
f 5693/3974/3868 3953/3976/3870 668/3877/3771 2373/3875/3769
f 3952/3972/3866 5693/3974/3868 2373/3875/3769 669/3873/3767
f 643/3975/3869 2347/3977/3871 5694/3978/3872 3953/3976/3870
f 2347/3977/3871 642/3979/3873 3954/3980/3874 5694/3978/3872
f 5694/3978/3872 3954/3980/3874 667/3881/3775 2372/3879/3773
f 3953/3976/3870 5694/3978/3872 2372/3879/3773 668/3877/3771
f 642/3979/3873 2346/3981/3875 5695/3982/3876 3954/3980/3874
f 2346/3981/3875 641/3983/3877 3955/3984/3878 5695/3982/3876
f 5695/3982/3876 3955/3984/3878 666/3885/3779 2371/3883/3777
f 3954/3980/3874 5695/3982/3876 2371/3883/3777 667/3881/3775
f 641/3983/3877 2345/3985/3879 5696/3986/3880 3955/3984/3878
f 2345/3985/3879 640/3987/3881 3956/3988/3882 5696/3986/3880
f 5696/3986/3880 3956/3988/3882 665/3889/3783 2370/3887/3781
f 3955/3984/3878 5696/3986/3880 2370/3887/3781 666/3885/3779
f 640/3987/3881 2344/3989/3883 5697/3990/3884 3956/3988/3882
f 2344/3989/3883 639/3991/3885 3957/3992/3886 5697/3990/3884
f 5697/3990/3884 3957/3992/3886 664/3893/3787 2369/3891/3785
f 3956/3988/3882 5697/3990/3884 2369/3891/3785 665/3889/3783
f 639/3991/3885 2343/3993/3887 5698/3994/3888 3957/3992/3886
f 2343/3993/3887 638/3995/3889 3958/3996/3890 5698/3994/3888
f 5698/3994/3888 3958/3996/3890 663/3897/3791 2368/3895/3789
f 3957/3992/3886 5698/3994/3888 2368/3895/3789 664/3893/3787
f 638/3995/3889 2342/3997/3891 5699/3998/3892 3958/3996/3890
f 2342/3997/3891 637/3999/3893 3959/4000/3894 5699/3998/3892
f 5699/3998/3892 3959/4000/3894 662/3901/3795 2367/3899/3793
f 3958/3996/3890 5699/3998/3892 2367/3899/3793 663/3897/3791
f 637/3999/3893 2341/4001/3895 5700/4002/3896 3959/4000/3894
f 2341/4001/3895 636/4003/3897 3960/4004/3898 5700/4002/3896
f 5700/4002/3896 3960/4004/3898 661/3905/3799 2366/3903/3797
f 3959/4000/3894 5700/4002/3896 2366/3903/3797 662/3901/3795
f 636/4003/3897 2340/4005/3899 5701/4006/3900 3960/4004/3898
f 2340/4005/3899 635/4007/3901 3961/4008/3902 5701/4006/3900
f 5701/4006/3900 3961/4008/3902 660/3909/3803 2365/3907/3801
f 3960/4004/3898 5701/4006/3900 2365/3907/3801 661/3905/3799
f 635/4007/3901 2339/4009/3903 5702/4010/3904 3961/4008/3902
f 2339/4009/3903 634/543/438 3962/545/440 5702/4010/3904
f 5702/4010/3904 3962/545/440 659/547/442 2364/3911/3805
f 3961/4008/3902 5702/4010/3904 2364/3911/3805 660/3909/3803
f 67/399/310 1779/4011/3905 5703/4012/3906 1671/405/315
f 1779/4011/3905 633/4013/3907 3963/4014/3908 5703/4012/3906
f 5703/4012/3906 3963/4014/3908 658/3915/3809 1780/3913/3807
f 1671/405/315 5703/4012/3906 1780/3913/3807 66/407/316
f 633/4013/3907 2337/4015/3909 5704/4016/3910 3963/4014/3908
f 2337/4015/3909 632/4017/3911 3964/4018/3912 5704/4016/3910
f 5704/4016/3910 3964/4018/3912 657/3919/3813 2362/3917/3811
f 3963/4014/3908 5704/4016/3910 2362/3917/3811 658/3915/3809
f 632/4017/3911 2336/4019/3913 5705/4020/3914 3964/4018/3912
f 2336/4019/3913 631/4021/3915 3965/4022/3916 5705/4020/3914
f 5705/4020/3914 3965/4022/3916 656/3923/3817 2361/3921/3815
f 3964/4018/3912 5705/4020/3914 2361/3921/3815 657/3919/3813
f 631/4021/3915 2335/4023/3917 5706/4024/3918 3965/4022/3916
f 2335/4023/3917 630/4025/3919 3966/4026/3920 5706/4024/3918
f 5706/4024/3918 3966/4026/3920 655/3927/3821 2360/3925/3819
f 3965/4022/3916 5706/4024/3918 2360/3925/3819 656/3923/3817
f 630/4025/3919 2334/4027/3921 5707/4028/3922 3966/4026/3920
f 2334/4027/3921 629/4029/3923 3967/4030/3924 5707/4028/3922
f 5707/4028/3922 3967/4030/3924 654/3931/3825 2359/3929/3823
f 3966/4026/3920 5707/4028/3922 2359/3929/3823 655/3927/3821
f 629/4029/3923 2333/4031/3925 5708/4032/3926 3967/4030/3924
f 2333/4031/3925 628/4033/3927 3968/4034/3928 5708/4032/3926
f 5708/4032/3926 3968/4034/3928 653/3935/3829 2358/3933/3827
f 3967/4030/3924 5708/4032/3926 2358/3933/3827 654/3931/3825
f 628/4033/3927 2332/4035/3929 5709/4036/3930 3968/4034/3928
f 2332/4035/3929 627/4037/3931 3969/4038/3932 5709/4036/3930
f 5709/4036/3930 3969/4038/3932 652/3939/3833 2357/3937/3831
f 3968/4034/3928 5709/4036/3930 2357/3937/3831 653/3935/3829
f 627/4037/3931 2331/4039/3933 5710/4040/3934 3969/4038/3932
f 2331/4039/3933 626/4041/3935 3970/4042/3936 5710/4040/3934
f 5710/4040/3934 3970/4042/3936 651/3943/3837 2356/3941/3835
f 3969/4038/3932 5710/4040/3934 2356/3941/3835 652/3939/3833
f 626/4041/3935 2330/4043/3937 5711/4044/3938 3970/4042/3936
f 2330/4043/3937 625/4045/3939 3971/4046/3940 5711/4044/3938
f 5711/4044/3938 3971/4046/3940 650/3947/3841 2355/3945/3839
f 3970/4042/3936 5711/4044/3938 2355/3945/3839 651/3943/3837
f 625/4045/3939 2329/4047/3941 5712/4048/3942 3971/4046/3940
f 2329/4047/3941 624/4049/3943 3972/4050/3944 5712/4048/3942
f 5712/4048/3942 3972/4050/3944 649/3951/3845 2354/3949/3843
f 3971/4046/3940 5712/4048/3942 2354/3949/3843 650/3947/3841
f 624/4049/3943 2328/4051/3945 5713/4052/3946 3972/4050/3944
f 2328/4051/3945 623/4053/3947 3973/4054/3948 5713/4052/3946
f 5713/4052/3946 3973/4054/3948 648/3955/3849 2353/3953/3847
f 3972/4050/3944 5713/4052/3946 2353/3953/3847 649/3951/3845
f 623/4053/3947 2327/4055/3949 5714/4056/3950 3973/4054/3948
f 2327/4055/3949 622/4057/3951 3974/4058/3952 5714/4056/3950
f 5714/4056/3950 3974/4058/3952 647/3959/3853 2352/3957/3851
f 3973/4054/3948 5714/4056/3950 2352/3957/3851 648/3955/3849
f 622/4057/3951 2326/4059/3953 5715/4060/3954 3974/4058/3952
f 2326/4059/3953 621/4061/3955 3975/4062/3956 5715/4060/3954
f 5715/4060/3954 3975/4062/3956 646/3963/3857 2351/3961/3855
f 3974/4058/3952 5715/4060/3954 2351/3961/3855 647/3959/3853
f 621/4061/3955 2325/4063/3957 5716/4064/3958 3975/4062/3956
f 2325/4063/3957 620/4065/3959 3976/4066/3960 5716/4064/3958
f 5716/4064/3958 3976/4066/3960 645/3967/3861 2350/3965/3859
f 3975/4062/3956 5716/4064/3958 2350/3965/3859 646/3963/3857
f 620/4065/3959 2324/4067/3961 5717/4068/3962 3976/4066/3960
f 2324/4067/3961 619/4069/3963 3977/4070/3964 5717/4068/3962
f 5717/4068/3962 3977/4070/3964 644/3971/3865 2349/3969/3863
f 3976/4066/3960 5717/4068/3962 2349/3969/3863 645/3967/3861
f 619/4069/3963 2323/4071/3965 5718/4072/3966 3977/4070/3964
f 2323/4071/3965 618/4073/3967 3978/4074/3968 5718/4072/3966
f 5718/4072/3966 3978/4074/3968 643/3975/3869 2348/3973/3867
f 3977/4070/3964 5718/4072/3966 2348/3973/3867 644/3971/3865
f 618/4073/3967 2322/4075/3969 5719/4076/3970 3978/4074/3968
f 2322/4075/3969 617/4077/3971 3979/4078/3972 5719/4076/3970
f 5719/4076/3970 3979/4078/3972 642/3979/3873 2347/3977/3871
f 3978/4074/3968 5719/4076/3970 2347/3977/3871 643/3975/3869
f 617/4077/3971 2321/4079/3973 5720/4080/3974 3979/4078/3972
f 2321/4079/3973 616/4081/3975 3980/4082/3976 5720/4080/3974
f 5720/4080/3974 3980/4082/3976 641/3983/3877 2346/3981/3875
f 3979/4078/3972 5720/4080/3974 2346/3981/3875 642/3979/3873
f 616/4081/3975 2320/4083/3977 5721/4084/3978 3980/4082/3976
f 2320/4083/3977 615/4085/3979 3981/4086/3980 5721/4084/3978
f 5721/4084/3978 3981/4086/3980 640/3987/3881 2345/3985/3879
f 3980/4082/3976 5721/4084/3978 2345/3985/3879 641/3983/3877
f 615/4085/3979 2319/4087/3981 5722/4088/3982 3981/4086/3980
f 2319/4087/3981 614/4089/3983 3982/4090/3984 5722/4088/3982
f 5722/4088/3982 3982/4090/3984 639/3991/3885 2344/3989/3883
f 3981/4086/3980 5722/4088/3982 2344/3989/3883 640/3987/3881
f 614/4089/3983 2318/4091/3985 5723/4092/3986 3982/4090/3984
f 2318/4091/3985 613/4093/3987 3983/4094/3988 5723/4092/3986
f 5723/4092/3986 3983/4094/3988 638/3995/3889 2343/3993/3887
f 3982/4090/3984 5723/4092/3986 2343/3993/3887 639/3991/3885
f 613/4093/3987 2317/4095/3989 5724/4096/3990 3983/4094/3988
f 2317/4095/3989 612/4097/3991 3984/4098/3992 5724/4096/3990
f 5724/4096/3990 3984/4098/3992 637/3999/3893 2342/3997/3891
f 3983/4094/3988 5724/4096/3990 2342/3997/3891 638/3995/3889
f 612/4097/3991 2316/4099/3993 5725/4100/3994 3984/4098/3992
f 2316/4099/3993 611/4101/3995 3985/4102/3996 5725/4100/3994
f 5725/4100/3994 3985/4102/3996 636/4003/3897 2341/4001/3895
f 3984/4098/3992 5725/4100/3994 2341/4001/3895 637/3999/3893
f 611/4101/3995 2315/4103/3997 5726/4104/3998 3985/4102/3996
f 2315/4103/3997 610/4105/3999 3986/4106/4000 5726/4104/3998
f 5726/4104/3998 3986/4106/4000 635/4007/3901 2340/4005/3899
f 3985/4102/3996 5726/4104/3998 2340/4005/3899 636/4003/3897
f 610/4105/3999 2314/4107/4001 5727/4108/4002 3986/4106/4000
f 2314/4107/4001 609/539/434 3987/541/436 5727/4108/4002
f 5727/4108/4002 3987/541/436 634/543/438 2339/4009/3903
f 3986/4106/4000 5727/4108/4002 2339/4009/3903 635/4007/3901
f 68/391/304 1778/4109/4003 5728/4110/4004 1672/397/309
f 1778/4109/4003 608/4111/4005 3988/4112/4006 5728/4110/4004
f 5728/4110/4004 3988/4112/4006 633/4013/3907 1779/4011/3905
f 1672/397/309 5728/4110/4004 1779/4011/3905 67/399/310
f 608/4111/4005 2312/4113/4007 5729/4114/4008 3988/4112/4006
f 2312/4113/4007 607/4115/4009 3989/4116/4010 5729/4114/4008
f 5729/4114/4008 3989/4116/4010 632/4017/3911 2337/4015/3909
f 3988/4112/4006 5729/4114/4008 2337/4015/3909 633/4013/3907
f 607/4115/4009 2311/4117/4011 5730/4118/4012 3989/4116/4010
f 2311/4117/4011 606/4119/4013 3990/4120/4014 5730/4118/4012
f 5730/4118/4012 3990/4120/4014 631/4021/3915 2336/4019/3913
f 3989/4116/4010 5730/4118/4012 2336/4019/3913 632/4017/3911
f 606/4119/4013 2310/4121/4015 5731/4122/4016 3990/4120/4014
f 2310/4121/4015 605/4123/4017 3991/4124/4018 5731/4122/4016
f 5731/4122/4016 3991/4124/4018 630/4025/3919 2335/4023/3917
f 3990/4120/4014 5731/4122/4016 2335/4023/3917 631/4021/3915
f 605/4123/4017 2309/4125/4019 5732/4126/4020 3991/4124/4018
f 2309/4125/4019 604/4127/4021 3992/4128/4022 5732/4126/4020
f 5732/4126/4020 3992/4128/4022 629/4029/3923 2334/4027/3921
f 3991/4124/4018 5732/4126/4020 2334/4027/3921 630/4025/3919
f 604/4127/4021 2308/4129/4023 5733/4130/4024 3992/4128/4022
f 2308/4129/4023 603/4131/4025 3993/4132/4026 5733/4130/4024
f 5733/4130/4024 3993/4132/4026 628/4033/3927 2333/4031/3925
f 3992/4128/4022 5733/4130/4024 2333/4031/3925 629/4029/3923
f 603/4131/4025 2307/4133/4027 5734/4134/4028 3993/4132/4026
f 2307/4133/4027 602/4135/4029 3994/4136/4030 5734/4134/4028
f 5734/4134/4028 3994/4136/4030 627/4037/3931 2332/4035/3929
f 3993/4132/4026 5734/4134/4028 2332/4035/3929 628/4033/3927
f 602/4135/4029 2306/4137/4031 5735/4138/4032 3994/4136/4030
f 2306/4137/4031 601/4139/4033 3995/4140/4034 5735/4138/4032
f 5735/4138/4032 3995/4140/4034 626/4041/3935 2331/4039/3933
f 3994/4136/4030 5735/4138/4032 2331/4039/3933 627/4037/3931
f 601/4139/4033 2305/4141/4035 5736/4142/4036 3995/4140/4034
f 2305/4141/4035 600/4143/4037 3996/4144/4038 5736/4142/4036
f 5736/4142/4036 3996/4144/4038 625/4045/3939 2330/4043/3937
f 3995/4140/4034 5736/4142/4036 2330/4043/3937 626/4041/3935
f 600/4143/4037 2304/4145/4039 5737/4146/4040 3996/4144/4038
f 2304/4145/4039 599/4147/4041 3997/4148/4042 5737/4146/4040
f 5737/4146/4040 3997/4148/4042 624/4049/3943 2329/4047/3941
f 3996/4144/4038 5737/4146/4040 2329/4047/3941 625/4045/3939
f 599/4147/4041 2303/4149/4043 5738/4150/4044 3997/4148/4042
f 2303/4149/4043 598/4151/4045 3998/4152/4046 5738/4150/4044
f 5738/4150/4044 3998/4152/4046 623/4053/3947 2328/4051/3945
f 3997/4148/4042 5738/4150/4044 2328/4051/3945 624/4049/3943
f 598/4151/4045 2302/4153/4047 5739/4154/4048 3998/4152/4046
f 2302/4153/4047 597/4155/4049 3999/4156/4050 5739/4154/4048
f 5739/4154/4048 3999/4156/4050 622/4057/3951 2327/4055/3949
f 3998/4152/4046 5739/4154/4048 2327/4055/3949 623/4053/3947
f 597/4155/4049 2301/4157/4051 5740/4158/4052 3999/4156/4050
f 2301/4157/4051 596/4159/4053 4000/4160/4054 5740/4158/4052
f 5740/4158/4052 4000/4160/4054 621/4061/3955 2326/4059/3953
f 3999/4156/4050 5740/4158/4052 2326/4059/3953 622/4057/3951
f 596/4159/4053 2300/4161/4055 5741/4162/4056 4000/4160/4054
f 2300/4161/4055 595/4163/4057 4001/4164/4058 5741/4162/4056
f 5741/4162/4056 4001/4164/4058 620/4065/3959 2325/4063/3957
f 4000/4160/4054 5741/4162/4056 2325/4063/3957 621/4061/3955
f 595/4163/4057 2299/4165/4059 5742/4166/4060 4001/4164/4058
f 2299/4165/4059 594/4167/4061 4002/4168/4062 5742/4166/4060
f 5742/4166/4060 4002/4168/4062 619/4069/3963 2324/4067/3961
f 4001/4164/4058 5742/4166/4060 2324/4067/3961 620/4065/3959
f 594/4167/4061 2298/4169/4063 5743/4170/4064 4002/4168/4062
f 2298/4169/4063 593/4171/4065 4003/4172/4066 5743/4170/4064
f 5743/4170/4064 4003/4172/4066 618/4073/3967 2323/4071/3965
f 4002/4168/4062 5743/4170/4064 2323/4071/3965 619/4069/3963
f 593/4171/4065 2297/4173/4067 5744/4174/4068 4003/4172/4066
f 2297/4173/4067 592/4175/4069 4004/4176/4070 5744/4174/4068
f 5744/4174/4068 4004/4176/4070 617/4077/3971 2322/4075/3969
f 4003/4172/4066 5744/4174/4068 2322/4075/3969 618/4073/3967
f 592/4175/4069 2296/4177/4071 5745/4178/4072 4004/4176/4070
f 2296/4177/4071 591/4179/4073 4005/4180/4074 5745/4178/4072
f 5745/4178/4072 4005/4180/4074 616/4081/3975 2321/4079/3973
f 4004/4176/4070 5745/4178/4072 2321/4079/3973 617/4077/3971
f 591/4179/4073 2295/4181/4075 5746/4182/4076 4005/4180/4074
f 2295/4181/4075 590/4183/4077 4006/4184/4078 5746/4182/4076
f 5746/4182/4076 4006/4184/4078 615/4085/3979 2320/4083/3977
f 4005/4180/4074 5746/4182/4076 2320/4083/3977 616/4081/3975
f 590/4183/4077 2294/4185/4079 5747/4186/4080 4006/4184/4078
f 2294/4185/4079 589/4187/4081 4007/4188/4082 5747/4186/4080
f 5747/4186/4080 4007/4188/4082 614/4089/3983 2319/4087/3981
f 4006/4184/4078 5747/4186/4080 2319/4087/3981 615/4085/3979
f 589/4187/4081 2293/4189/4083 5748/4190/4084 4007/4188/4082
f 2293/4189/4083 588/4191/4085 4008/4192/4086 5748/4190/4084
f 5748/4190/4084 4008/4192/4086 613/4093/3987 2318/4091/3985
f 4007/4188/4082 5748/4190/4084 2318/4091/3985 614/4089/3983
f 588/4191/4085 2292/4193/4087 5749/4194/4088 4008/4192/4086
f 2292/4193/4087 587/4195/4089 4009/4196/4090 5749/4194/4088
f 5749/4194/4088 4009/4196/4090 612/4097/3991 2317/4095/3989
f 4008/4192/4086 5749/4194/4088 2317/4095/3989 613/4093/3987
f 587/4195/4089 2291/4197/4091 5750/4198/4092 4009/4196/4090
f 2291/4197/4091 586/4199/4093 4010/4200/4094 5750/4198/4092
f 5750/4198/4092 4010/4200/4094 611/4101/3995 2316/4099/3993
f 4009/4196/4090 5750/4198/4092 2316/4099/3993 612/4097/3991
f 586/4199/4093 2290/4201/4095 5751/4202/4096 4010/4200/4094
f 2290/4201/4095 585/4203/4097 4011/4204/4098 5751/4202/4096
f 5751/4202/4096 4011/4204/4098 610/4105/3999 2315/4103/3997
f 4010/4200/4094 5751/4202/4096 2315/4103/3997 611/4101/3995
f 585/4203/4097 2289/4205/4099 5752/4206/4100 4011/4204/4098
f 2289/4205/4099 584/535/430 4012/537/432 5752/4206/4100
f 5752/4206/4100 4012/537/432 609/539/434 2314/4107/4001
f 4011/4204/4098 5752/4206/4100 2314/4107/4001 610/4105/3999
f 69/383/298 1777/4207/4101 5753/4208/4102 1673/389/303
f 1777/4207/4101 583/4209/4103 4013/4210/4104 5753/4208/4102
f 5753/4208/4102 4013/4210/4104 608/4111/4005 1778/4109/4003
f 1673/389/303 5753/4208/4102 1778/4109/4003 68/391/304
f 583/4209/4103 2287/4211/4105 5754/4212/4106 4013/4210/4104
f 2287/4211/4105 582/4213/4107 4014/4214/4108 5754/4212/4106
f 5754/4212/4106 4014/4214/4108 607/4115/4009 2312/4113/4007
f 4013/4210/4104 5754/4212/4106 2312/4113/4007 608/4111/4005
f 582/4213/4107 2286/4215/4109 5755/4216/4110 4014/4214/4108
f 2286/4215/4109 581/4217/4111 4015/4218/4112 5755/4216/4110
f 5755/4216/4110 4015/4218/4112 606/4119/4013 2311/4117/4011
f 4014/4214/4108 5755/4216/4110 2311/4117/4011 607/4115/4009
f 581/4217/4111 2285/4219/4113 5756/4220/4114 4015/4218/4112
f 2285/4219/4113 580/4221/4115 4016/4222/4116 5756/4220/4114
f 5756/4220/4114 4016/4222/4116 605/4123/4017 2310/4121/4015
f 4015/4218/4112 5756/4220/4114 2310/4121/4015 606/4119/4013
f 580/4221/4115 2284/4223/4117 5757/4224/4118 4016/4222/4116
f 2284/4223/4117 579/4225/4119 4017/4226/4120 5757/4224/4118
f 5757/4224/4118 4017/4226/4120 604/4127/4021 2309/4125/4019
f 4016/4222/4116 5757/4224/4118 2309/4125/4019 605/4123/4017
f 579/4225/4119 2283/4227/4121 5758/4228/4122 4017/4226/4120
f 2283/4227/4121 578/4229/4123 4018/4230/4124 5758/4228/4122
f 5758/4228/4122 4018/4230/4124 603/4131/4025 2308/4129/4023
f 4017/4226/4120 5758/4228/4122 2308/4129/4023 604/4127/4021
f 578/4229/4123 2282/4231/4125 5759/4232/4126 4018/4230/4124
f 2282/4231/4125 577/4233/4127 4019/4234/4128 5759/4232/4126
f 5759/4232/4126 4019/4234/4128 602/4135/4029 2307/4133/4027
f 4018/4230/4124 5759/4232/4126 2307/4133/4027 603/4131/4025
f 577/4233/4127 2281/4235/4129 5760/4236/4130 4019/4234/4128
f 2281/4235/4129 576/4237/4131 4020/4238/4132 5760/4236/4130
f 5760/4236/4130 4020/4238/4132 601/4139/4033 2306/4137/4031
f 4019/4234/4128 5760/4236/4130 2306/4137/4031 602/4135/4029
f 576/4237/4131 2280/4239/4133 5761/4240/4134 4020/4238/4132
f 2280/4239/4133 575/4241/4135 4021/4242/4136 5761/4240/4134
f 5761/4240/4134 4021/4242/4136 600/4143/4037 2305/4141/4035
f 4020/4238/4132 5761/4240/4134 2305/4141/4035 601/4139/4033
f 575/4241/4135 2279/4243/4137 5762/4244/4138 4021/4242/4136
f 2279/4243/4137 574/4245/4139 4022/4246/4140 5762/4244/4138
f 5762/4244/4138 4022/4246/4140 599/4147/4041 2304/4145/4039
f 4021/4242/4136 5762/4244/4138 2304/4145/4039 600/4143/4037
f 574/4245/4139 2278/4247/4141 5763/4248/4142 4022/4246/4140
f 2278/4247/4141 573/4249/4143 4023/4250/4144 5763/4248/4142
f 5763/4248/4142 4023/4250/4144 598/4151/4045 2303/4149/4043
f 4022/4246/4140 5763/4248/4142 2303/4149/4043 599/4147/4041
f 573/4249/4143 2277/4251/4145 5764/4252/4146 4023/4250/4144
f 2277/4251/4145 572/4253/4147 4024/4254/4148 5764/4252/4146
f 5764/4252/4146 4024/4254/4148 597/4155/4049 2302/4153/4047
f 4023/4250/4144 5764/4252/4146 2302/4153/4047 598/4151/4045
f 572/4253/4147 2276/4255/4149 5765/4256/4150 4024/4254/4148
f 2276/4255/4149 571/4257/4151 4025/4258/4152 5765/4256/4150
f 5765/4256/4150 4025/4258/4152 596/4159/4053 2301/4157/4051
f 4024/4254/4148 5765/4256/4150 2301/4157/4051 597/4155/4049
f 571/4257/4151 2275/4259/4153 5766/4260/4154 4025/4258/4152
f 2275/4259/4153 570/4261/4155 4026/4262/4156 5766/4260/4154
f 5766/4260/4154 4026/4262/4156 595/4163/4057 2300/4161/4055
f 4025/4258/4152 5766/4260/4154 2300/4161/4055 596/4159/4053
f 570/4261/4155 2274/4263/4157 5767/4264/4158 4026/4262/4156
f 2274/4263/4157 569/4265/4159 4027/4266/4160 5767/4264/4158
f 5767/4264/4158 4027/4266/4160 594/4167/4061 2299/4165/4059
f 4026/4262/4156 5767/4264/4158 2299/4165/4059 595/4163/4057
f 569/4265/4159 2273/4267/4161 5768/4268/4162 4027/4266/4160
f 2273/4267/4161 568/4269/4163 4028/4270/4164 5768/4268/4162
f 5768/4268/4162 4028/4270/4164 593/4171/4065 2298/4169/4063
f 4027/4266/4160 5768/4268/4162 2298/4169/4063 594/4167/4061
f 568/4269/4163 2272/4271/4165 5769/4272/4166 4028/4270/4164
f 2272/4271/4165 567/4273/4167 4029/4274/4168 5769/4272/4166
f 5769/4272/4166 4029/4274/4168 592/4175/4069 2297/4173/4067
f 4028/4270/4164 5769/4272/4166 2297/4173/4067 593/4171/4065
f 567/4273/4167 2271/4275/4169 5770/4276/4170 4029/4274/4168
f 2271/4275/4169 566/4277/4171 4030/4278/4172 5770/4276/4170
f 5770/4276/4170 4030/4278/4172 591/4179/4073 2296/4177/4071
f 4029/4274/4168 5770/4276/4170 2296/4177/4071 592/4175/4069
f 566/4277/4171 2270/4279/4173 5771/4280/4174 4030/4278/4172
f 2270/4279/4173 565/4281/4175 4031/4282/4176 5771/4280/4174
f 5771/4280/4174 4031/4282/4176 590/4183/4077 2295/4181/4075
f 4030/4278/4172 5771/4280/4174 2295/4181/4075 591/4179/4073
f 565/4281/4175 2269/4283/4177 5772/4284/4178 4031/4282/4176
f 2269/4283/4177 564/4285/4179 4032/4286/4180 5772/4284/4178
f 5772/4284/4178 4032/4286/4180 589/4187/4081 2294/4185/4079
f 4031/4282/4176 5772/4284/4178 2294/4185/4079 590/4183/4077
f 564/4285/4179 2268/4287/4181 5773/4288/4182 4032/4286/4180
f 2268/4287/4181 563/4289/4183 4033/4290/4184 5773/4288/4182
f 5773/4288/4182 4033/4290/4184 588/4191/4085 2293/4189/4083
f 4032/4286/4180 5773/4288/4182 2293/4189/4083 589/4187/4081
f 563/4289/4183 2267/4291/4185 5774/4292/4186 4033/4290/4184
f 2267/4291/4185 562/4293/4187 4034/4294/4188 5774/4292/4186
f 5774/4292/4186 4034/4294/4188 587/4195/4089 2292/4193/4087
f 4033/4290/4184 5774/4292/4186 2292/4193/4087 588/4191/4085
f 562/4293/4187 2266/4295/4189 5775/4296/4190 4034/4294/4188
f 2266/4295/4189 561/4297/4191 4035/4298/4192 5775/4296/4190
f 5775/4296/4190 4035/4298/4192 586/4199/4093 2291/4197/4091
f 4034/4294/4188 5775/4296/4190 2291/4197/4091 587/4195/4089
f 561/4297/4191 2265/4299/4193 5776/4300/4194 4035/4298/4192
f 2265/4299/4193 560/4301/4195 4036/4302/4196 5776/4300/4194
f 5776/4300/4194 4036/4302/4196 585/4203/4097 2290/4201/4095
f 4035/4298/4192 5776/4300/4194 2290/4201/4095 586/4199/4093
f 560/4301/4195 2264/4303/4197 5777/4304/4198 4036/4302/4196
f 2264/4303/4197 559/531/426 4037/533/428 5777/4304/4198
f 5777/4304/4198 4037/533/428 584/535/430 2289/4205/4099
f 4036/4302/4196 5777/4304/4198 2289/4205/4099 585/4203/4097
f 70/375/292 1776/4305/4199 5778/4306/4200 1674/381/297
f 1776/4305/4199 558/4307/4201 4038/4308/4202 5778/4306/4200
f 5778/4306/4200 4038/4308/4202 583/4209/4103 1777/4207/4101
f 1674/381/297 5778/4306/4200 1777/4207/4101 69/383/298
f 558/4307/4201 2262/4309/4203 5779/4310/4204 4038/4308/4202
f 2262/4309/4203 557/4311/4205 4039/4312/4206 5779/4310/4204
f 5779/4310/4204 4039/4312/4206 582/4213/4107 2287/4211/4105
f 4038/4308/4202 5779/4310/4204 2287/4211/4105 583/4209/4103
f 557/4311/4205 2261/4313/4207 5780/4314/4208 4039/4312/4206
f 2261/4313/4207 556/4315/4209 4040/4316/4210 5780/4314/4208
f 5780/4314/4208 4040/4316/4210 581/4217/4111 2286/4215/4109
f 4039/4312/4206 5780/4314/4208 2286/4215/4109 582/4213/4107
f 556/4315/4209 2260/4317/4211 5781/4318/4212 4040/4316/4210
f 2260/4317/4211 555/4319/4213 4041/4320/4214 5781/4318/4212
f 5781/4318/4212 4041/4320/4214 580/4221/4115 2285/4219/4113
f 4040/4316/4210 5781/4318/4212 2285/4219/4113 581/4217/4111
f 555/4319/4213 2259/4321/4215 5782/4322/4216 4041/4320/4214
f 2259/4321/4215 554/4323/4217 4042/4324/4218 5782/4322/4216
f 5782/4322/4216 4042/4324/4218 579/4225/4119 2284/4223/4117
f 4041/4320/4214 5782/4322/4216 2284/4223/4117 580/4221/4115
f 554/4323/4217 2258/4325/4219 5783/4326/4220 4042/4324/4218
f 2258/4325/4219 553/4327/4221 4043/4328/4222 5783/4326/4220
f 5783/4326/4220 4043/4328/4222 578/4229/4123 2283/4227/4121
f 4042/4324/4218 5783/4326/4220 2283/4227/4121 579/4225/4119
f 553/4327/4221 2257/4329/4223 5784/4330/4224 4043/4328/4222
f 2257/4329/4223 552/4331/4225 4044/4332/4226 5784/4330/4224
f 5784/4330/4224 4044/4332/4226 577/4233/4127 2282/4231/4125
f 4043/4328/4222 5784/4330/4224 2282/4231/4125 578/4229/4123
f 552/4331/4225 2256/4333/4227 5785/4334/4228 4044/4332/4226
f 2256/4333/4227 551/4335/4229 4045/4336/4230 5785/4334/4228
f 5785/4334/4228 4045/4336/4230 576/4237/4131 2281/4235/4129
f 4044/4332/4226 5785/4334/4228 2281/4235/4129 577/4233/4127
f 551/4335/4229 2255/4337/4231 5786/4338/4232 4045/4336/4230
f 2255/4337/4231 550/4339/4233 4046/4340/4234 5786/4338/4232
f 5786/4338/4232 4046/4340/4234 575/4241/4135 2280/4239/4133
f 4045/4336/4230 5786/4338/4232 2280/4239/4133 576/4237/4131
f 550/4339/4233 2254/4341/4235 5787/4342/4236 4046/4340/4234
f 2254/4341/4235 549/4343/4237 4047/4344/4238 5787/4342/4236
f 5787/4342/4236 4047/4344/4238 574/4245/4139 2279/4243/4137
f 4046/4340/4234 5787/4342/4236 2279/4243/4137 575/4241/4135
f 549/4343/4237 2253/4345/4239 5788/4346/4240 4047/4344/4238
f 2253/4345/4239 548/4347/4241 4048/4348/4242 5788/4346/4240
f 5788/4346/4240 4048/4348/4242 573/4249/4143 2278/4247/4141
f 4047/4344/4238 5788/4346/4240 2278/4247/4141 574/4245/4139
f 548/4347/4241 2252/4349/4243 5789/4350/4244 4048/4348/4242
f 2252/4349/4243 547/4351/4245 4049/4352/4246 5789/4350/4244
f 5789/4350/4244 4049/4352/4246 572/4253/4147 2277/4251/4145
f 4048/4348/4242 5789/4350/4244 2277/4251/4145 573/4249/4143
f 547/4351/4245 2251/4353/4247 5790/4354/4248 4049/4352/4246
f 2251/4353/4247 546/4355/4249 4050/4356/4250 5790/4354/4248
f 5790/4354/4248 4050/4356/4250 571/4257/4151 2276/4255/4149
f 4049/4352/4246 5790/4354/4248 2276/4255/4149 572/4253/4147
f 546/4355/4249 2250/4357/4251 5791/4358/4252 4050/4356/4250
f 2250/4357/4251 545/4359/4253 4051/4360/4254 5791/4358/4252
f 5791/4358/4252 4051/4360/4254 570/4261/4155 2275/4259/4153
f 4050/4356/4250 5791/4358/4252 2275/4259/4153 571/4257/4151
f 545/4359/4253 2249/4361/4255 5792/4362/4256 4051/4360/4254
f 2249/4361/4255 544/4363/4257 4052/4364/4258 5792/4362/4256
f 5792/4362/4256 4052/4364/4258 569/4265/4159 2274/4263/4157
f 4051/4360/4254 5792/4362/4256 2274/4263/4157 570/4261/4155
f 544/4363/4257 2248/4365/4259 5793/4366/4260 4052/4364/4258
f 2248/4365/4259 543/4367/4261 4053/4368/4262 5793/4366/4260
f 5793/4366/4260 4053/4368/4262 568/4269/4163 2273/4267/4161
f 4052/4364/4258 5793/4366/4260 2273/4267/4161 569/4265/4159
f 543/4367/4261 2247/4369/4263 5794/4370/4264 4053/4368/4262
f 2247/4369/4263 542/4371/4265 4054/4372/4266 5794/4370/4264
f 5794/4370/4264 4054/4372/4266 567/4273/4167 2272/4271/4165
f 4053/4368/4262 5794/4370/4264 2272/4271/4165 568/4269/4163
f 542/4371/4265 2246/4373/4267 5795/4374/4268 4054/4372/4266
f 2246/4373/4267 541/4375/4269 4055/4376/4270 5795/4374/4268
f 5795/4374/4268 4055/4376/4270 566/4277/4171 2271/4275/4169
f 4054/4372/4266 5795/4374/4268 2271/4275/4169 567/4273/4167
f 541/4375/4269 2245/4377/4271 5796/4378/4272 4055/4376/4270
f 2245/4377/4271 540/4379/4273 4056/4380/4274 5796/4378/4272
f 5796/4378/4272 4056/4380/4274 565/4281/4175 2270/4279/4173
f 4055/4376/4270 5796/4378/4272 2270/4279/4173 566/4277/4171
f 540/4379/4273 2244/4381/4275 5797/4382/4276 4056/4380/4274
f 2244/4381/4275 539/4383/4277 4057/4384/4278 5797/4382/4276
f 5797/4382/4276 4057/4384/4278 564/4285/4179 2269/4283/4177
f 4056/4380/4274 5797/4382/4276 2269/4283/4177 565/4281/4175
f 539/4383/4277 2243/4385/4279 5798/4386/4280 4057/4384/4278
f 2243/4385/4279 538/4387/4281 4058/4388/4282 5798/4386/4280
f 5798/4386/4280 4058/4388/4282 563/4289/4183 2268/4287/4181
f 4057/4384/4278 5798/4386/4280 2268/4287/4181 564/4285/4179
f 538/4387/4281 2242/4389/4283 5799/4390/4284 4058/4388/4282
f 2242/4389/4283 537/4391/4285 4059/4392/4286 5799/4390/4284
f 5799/4390/4284 4059/4392/4286 562/4293/4187 2267/4291/4185
f 4058/4388/4282 5799/4390/4284 2267/4291/4185 563/4289/4183
f 537/4391/4285 2241/4393/4287 5800/4394/4288 4059/4392/4286
f 2241/4393/4287 536/4395/4289 4060/4396/4290 5800/4394/4288
f 5800/4394/4288 4060/4396/4290 561/4297/4191 2266/4295/4189
f 4059/4392/4286 5800/4394/4288 2266/4295/4189 562/4293/4187
f 536/4395/4289 2240/4397/4291 5801/4398/4292 4060/4396/4290
f 2240/4397/4291 535/4399/4293 4061/4400/4294 5801/4398/4292
f 5801/4398/4292 4061/4400/4294 560/4301/4195 2265/4299/4193
f 4060/4396/4290 5801/4398/4292 2265/4299/4193 561/4297/4191
f 535/4399/4293 2239/4401/4295 5802/4402/4296 4061/4400/4294
f 2239/4401/4295 534/527/422 4062/529/424 5802/4402/4296
f 5802/4402/4296 4062/529/424 559/531/426 2264/4303/4197
f 4061/4400/4294 5802/4402/4296 2264/4303/4197 560/4301/4195
f 1543/372/290 4767/4403/4297 5803/4404/4298 4679/373/291
f 4767/4403/4297 1570/4405/4299 4063/4406/4300 5803/4404/4298
f 5803/4404/4298 4063/4406/4300 558/4307/4201 1776/4305/4199
f 4679/373/291 5803/4404/4298 1776/4305/4199 70/375/292
f 1570/4405/4299 4766/4407/4301 5804/4408/4302 4063/4406/4300
f 4766/4407/4301 1571/4409/4303 4064/4410/4304 5804/4408/4302
f 5804/4408/4302 4064/4410/4304 557/4311/4205 2262/4309/4203
f 4063/4406/4300 5804/4408/4302 2262/4309/4203 558/4307/4201
f 1571/4409/4303 4765/4411/4305 5805/4412/4306 4064/4410/4304
f 4765/4411/4305 1572/4413/4307 4065/4414/4308 5805/4412/4306
f 5805/4412/4306 4065/4414/4308 556/4315/4209 2261/4313/4207
f 4064/4410/4304 5805/4412/4306 2261/4313/4207 557/4311/4205
f 1572/4413/4307 4764/4415/4309 5806/4416/4310 4065/4414/4308
f 4764/4415/4309 1573/4417/4311 4066/4418/4312 5806/4416/4310
f 5806/4416/4310 4066/4418/4312 555/4319/4213 2260/4317/4211
f 4065/4414/4308 5806/4416/4310 2260/4317/4211 556/4315/4209
f 1573/4417/4311 4763/4419/4313 5807/4420/4314 4066/4418/4312
f 4763/4419/4313 1574/4421/4315 4067/4422/4316 5807/4420/4314
f 5807/4420/4314 4067/4422/4316 554/4323/4217 2259/4321/4215
f 4066/4418/4312 5807/4420/4314 2259/4321/4215 555/4319/4213
f 1574/4421/4315 4762/4423/4317 5808/4424/4318 4067/4422/4316
f 4762/4423/4317 1575/4425/4319 4068/4426/4320 5808/4424/4318
f 5808/4424/4318 4068/4426/4320 553/4327/4221 2258/4325/4219
f 4067/4422/4316 5808/4424/4318 2258/4325/4219 554/4323/4217
f 1575/4425/4319 4761/4427/4321 5809/4428/4322 4068/4426/4320
f 4761/4427/4321 1576/4429/4323 4069/4430/4324 5809/4428/4322
f 5809/4428/4322 4069/4430/4324 552/4331/4225 2257/4329/4223
f 4068/4426/4320 5809/4428/4322 2257/4329/4223 553/4327/4221
f 1576/4429/4323 4760/4431/4325 5810/4432/4326 4069/4430/4324
f 4760/4431/4325 1577/4433/4327 4070/4434/4328 5810/4432/4326
f 5810/4432/4326 4070/4434/4328 551/4335/4229 2256/4333/4227
f 4069/4430/4324 5810/4432/4326 2256/4333/4227 552/4331/4225
f 1577/4433/4327 4759/4435/4329 5811/4436/4330 4070/4434/4328
f 4759/4435/4329 1578/4437/4331 4071/4438/4332 5811/4436/4330
f 5811/4436/4330 4071/4438/4332 550/4339/4233 2255/4337/4231
f 4070/4434/4328 5811/4436/4330 2255/4337/4231 551/4335/4229
f 1578/4437/4331 4758/4439/4333 5812/4440/4334 4071/4438/4332
f 4758/4439/4333 1579/4441/4335 4072/4442/4336 5812/4440/4334
f 5812/4440/4334 4072/4442/4336 549/4343/4237 2254/4341/4235
f 4071/4438/4332 5812/4440/4334 2254/4341/4235 550/4339/4233
f 1579/4441/4335 4757/4443/4337 5813/4444/4338 4072/4442/4336
f 4757/4443/4337 1580/4445/4339 4073/4446/4340 5813/4444/4338
f 5813/4444/4338 4073/4446/4340 548/4347/4241 2253/4345/4239
f 4072/4442/4336 5813/4444/4338 2253/4345/4239 549/4343/4237
f 1580/4445/4339 4756/4447/4341 5814/4448/4342 4073/4446/4340
f 4756/4447/4341 1581/4449/4343 4074/4450/4344 5814/4448/4342
f 5814/4448/4342 4074/4450/4344 547/4351/4245 2252/4349/4243
f 4073/4446/4340 5814/4448/4342 2252/4349/4243 548/4347/4241
f 1581/4449/4343 4755/4451/4345 5815/4452/4346 4074/4450/4344
f 4755/4451/4345 1582/4453/4347 4075/4454/4348 5815/4452/4346
f 5815/4452/4346 4075/4454/4348 546/4355/4249 2251/4353/4247
f 4074/4450/4344 5815/4452/4346 2251/4353/4247 547/4351/4245
f 1582/4453/4347 4754/4455/4349 5816/4456/4350 4075/4454/4348
f 4754/4455/4349 1583/4457/4351 4076/4458/4352 5816/4456/4350
f 5816/4456/4350 4076/4458/4352 545/4359/4253 2250/4357/4251
f 4075/4454/4348 5816/4456/4350 2250/4357/4251 546/4355/4249
f 1583/4457/4351 4753/4459/4353 5817/4460/4354 4076/4458/4352
f 4753/4459/4353 1584/4461/4355 4077/4462/4356 5817/4460/4354
f 5817/4460/4354 4077/4462/4356 544/4363/4257 2249/4361/4255
f 4076/4458/4352 5817/4460/4354 2249/4361/4255 545/4359/4253
f 1584/4461/4355 4752/4463/4357 5818/4464/4358 4077/4462/4356
f 4752/4463/4357 1585/4465/4359 4078/4466/4360 5818/4464/4358
f 5818/4464/4358 4078/4466/4360 543/4367/4261 2248/4365/4259
f 4077/4462/4356 5818/4464/4358 2248/4365/4259 544/4363/4257
f 1585/4465/4359 4751/4467/4361 5819/4468/4362 4078/4466/4360
f 4751/4467/4361 1586/4469/4363 4079/4470/4364 5819/4468/4362
f 5819/4468/4362 4079/4470/4364 542/4371/4265 2247/4369/4263
f 4078/4466/4360 5819/4468/4362 2247/4369/4263 543/4367/4261
f 1586/4469/4363 4750/4471/4365 5820/4472/4366 4079/4470/4364
f 4750/4471/4365 1587/4473/4367 4080/4474/4368 5820/4472/4366
f 5820/4472/4366 4080/4474/4368 541/4375/4269 2246/4373/4267
f 4079/4470/4364 5820/4472/4366 2246/4373/4267 542/4371/4265
f 1587/4473/4367 4749/4475/4369 5821/4476/4370 4080/4474/4368
f 4749/4475/4369 1588/4477/4371 4081/4478/4372 5821/4476/4370
f 5821/4476/4370 4081/4478/4372 540/4379/4273 2245/4377/4271
f 4080/4474/4368 5821/4476/4370 2245/4377/4271 541/4375/4269
f 1588/4477/4371 4748/4479/4373 5822/4480/4374 4081/4478/4372
f 4748/4479/4373 1589/4481/4375 4082/4482/4376 5822/4480/4374
f 5822/4480/4374 4082/4482/4376 539/4383/4277 2244/4381/4275
f 4081/4478/4372 5822/4480/4374 2244/4381/4275 540/4379/4273
f 1589/4481/4375 4747/4483/4377 5823/4484/4378 4082/4482/4376
f 4747/4483/4377 1590/4485/4379 4083/4486/4380 5823/4484/4378
f 5823/4484/4378 4083/4486/4380 538/4387/4281 2243/4385/4279
f 4082/4482/4376 5823/4484/4378 2243/4385/4279 539/4383/4277
f 1590/4485/4379 4746/4487/4381 5824/4488/4382 4083/4486/4380
f 4746/4487/4381 1591/4489/4383 4084/4490/4384 5824/4488/4382
f 5824/4488/4382 4084/4490/4384 537/4391/4285 2242/4389/4283
f 4083/4486/4380 5824/4488/4382 2242/4389/4283 538/4387/4281
f 1591/4489/4383 4745/4491/4385 5825/4492/4386 4084/4490/4384
f 4745/4491/4385 1592/4493/4387 4085/4494/4388 5825/4492/4386
f 5825/4492/4386 4085/4494/4388 536/4395/4289 2241/4393/4287
f 4084/4490/4384 5825/4492/4386 2241/4393/4287 537/4391/4285
f 1592/4493/4387 4744/4495/4389 5826/4496/4390 4085/4494/4388
f 4744/4495/4389 1593/4497/4391 4086/4498/4392 5826/4496/4390
f 5826/4496/4390 4086/4498/4392 535/4399/4293 2240/4397/4291
f 4085/4494/4388 5826/4496/4390 2240/4397/4291 536/4395/4289
f 1593/4497/4391 4743/4499/4393 5827/4500/4394 4086/4498/4392
f 4743/4499/4393 1594/520/415 4087/523/418 5827/4500/4394
f 5827/4500/4394 4087/523/418 534/527/422 2239/4401/4295
f 4086/4498/4392 5827/4500/4394 2239/4401/4295 535/4399/4293
f 1483/360/281 4647/4501/4395 5828/4502/4396 4559/361/282
f 4647/4501/4395 1510/4503/4397 4088/4504/4398 5828/4502/4396
f 5828/4502/4396 4088/4504/4398 533/4505/4399 1775/4506/4400
f 4559/361/282 5828/4502/4396 1775/4506/4400 71/363/283
f 1510/4503/4397 4646/4507/4401 5829/4508/4402 4088/4504/4398
f 4646/4507/4401 1511/4509/4403 4089/4510/4404 5829/4508/4402
f 5829/4508/4402 4089/4510/4404 532/4511/4405 2237/4512/4406
f 4088/4504/4398 5829/4508/4402 2237/4512/4406 533/4505/4399
f 1511/4509/4403 4645/4513/4407 5830/4514/4408 4089/4510/4404
f 4645/4513/4407 1512/4515/4409 4090/4516/4410 5830/4514/4408
f 5830/4514/4408 4090/4516/4410 531/4517/4411 2236/4518/4412
f 4089/4510/4404 5830/4514/4408 2236/4518/4412 532/4511/4405
f 1512/4515/4409 4644/4519/4413 5831/4520/4414 4090/4516/4410
f 4644/4519/4413 1513/4521/4415 4091/4522/4416 5831/4520/4414
f 5831/4520/4414 4091/4522/4416 530/4523/4417 2235/4524/4418
f 4090/4516/4410 5831/4520/4414 2235/4524/4418 531/4517/4411
f 1513/4521/4415 4643/4525/4419 5832/4526/4420 4091/4522/4416
f 4643/4525/4419 1514/4527/4421 4092/4528/4422 5832/4526/4420
f 5832/4526/4420 4092/4528/4422 529/4529/4423 2234/4530/4424
f 4091/4522/4416 5832/4526/4420 2234/4530/4424 530/4523/4417
f 1514/4527/4421 4642/4531/4425 5833/4532/4426 4092/4528/4422
f 4642/4531/4425 1515/4533/4427 4093/4534/4428 5833/4532/4426
f 5833/4532/4426 4093/4534/4428 528/4535/4429 2233/4536/4430
f 4092/4528/4422 5833/4532/4426 2233/4536/4430 529/4529/4423
f 1515/4533/4427 4641/4537/4431 5834/4538/4432 4093/4534/4428
f 4641/4537/4431 1516/4539/4433 4094/4540/4434 5834/4538/4432
f 5834/4538/4432 4094/4540/4434 527/4541/4435 2232/4542/4436
f 4093/4534/4428 5834/4538/4432 2232/4542/4436 528/4535/4429
f 1516/4539/4433 4640/4543/4437 5835/4544/4438 4094/4540/4434
f 4640/4543/4437 1517/4545/4439 4095/4546/4440 5835/4544/4438
f 5835/4544/4438 4095/4546/4440 526/4547/4441 2231/4548/4442
f 4094/4540/4434 5835/4544/4438 2231/4548/4442 527/4541/4435
f 1517/4545/4439 4639/4549/4443 5836/4550/4444 4095/4546/4440
f 4639/4549/4443 1518/4551/4445 4096/4552/4446 5836/4550/4444
f 5836/4550/4444 4096/4552/4446 525/4553/4447 2230/4554/4448
f 4095/4546/4440 5836/4550/4444 2230/4554/4448 526/4547/4441
f 1518/4551/4445 4638/4555/4449 5837/4556/4450 4096/4552/4446
f 4638/4555/4449 1519/4557/4451 4097/4558/4452 5837/4556/4450
f 5837/4556/4450 4097/4558/4452 524/4559/4453 2229/4560/4454
f 4096/4552/4446 5837/4556/4450 2229/4560/4454 525/4553/4447
f 1519/4557/4451 4637/4561/4455 5838/4562/4456 4097/4558/4452
f 4637/4561/4455 1520/4563/4457 4098/4564/4458 5838/4562/4456
f 5838/4562/4456 4098/4564/4458 523/4565/4459 2228/4566/4460
f 4097/4558/4452 5838/4562/4456 2228/4566/4460 524/4559/4453
f 1520/4563/4457 4636/4567/4461 5839/4568/4462 4098/4564/4458
f 4636/4567/4461 1521/4569/4463 4099/4570/4464 5839/4568/4462
f 5839/4568/4462 4099/4570/4464 522/4571/4465 2227/4572/4466
f 4098/4564/4458 5839/4568/4462 2227/4572/4466 523/4565/4459
f 1521/4569/4463 4635/4573/4467 5840/4574/4468 4099/4570/4464
f 4635/4573/4467 1522/4575/4469 4100/4576/4470 5840/4574/4468
f 5840/4574/4468 4100/4576/4470 521/4577/4471 2226/4578/4472
f 4099/4570/4464 5840/4574/4468 2226/4578/4472 522/4571/4465
f 1522/4575/4469 4634/4579/4473 5841/4580/4474 4100/4576/4470
f 4634/4579/4473 1523/4581/4475 4101/4582/4476 5841/4580/4474
f 5841/4580/4474 4101/4582/4476 520/4583/4477 2225/4584/4478
f 4100/4576/4470 5841/4580/4474 2225/4584/4478 521/4577/4471
f 1523/4581/4475 4633/4585/4479 5842/4586/4480 4101/4582/4476
f 4633/4585/4479 1524/4587/4481 4102/4588/4482 5842/4586/4480
f 5842/4586/4480 4102/4588/4482 519/4589/4483 2224/4590/4484
f 4101/4582/4476 5842/4586/4480 2224/4590/4484 520/4583/4477
f 1524/4587/4481 4632/4591/4485 5843/4592/4486 4102/4588/4482
f 4632/4591/4485 1525/4593/4487 4103/4594/4488 5843/4592/4486
f 5843/4592/4486 4103/4594/4488 518/4595/4489 2223/4596/4490
f 4102/4588/4482 5843/4592/4486 2223/4596/4490 519/4589/4483
f 1525/4593/4487 4631/4597/4491 5844/4598/4492 4103/4594/4488
f 4631/4597/4491 1526/4599/4493 4104/4600/4494 5844/4598/4492
f 5844/4598/4492 4104/4600/4494 517/4601/4495 2222/4602/4496
f 4103/4594/4488 5844/4598/4492 2222/4602/4496 518/4595/4489
f 1526/4599/4493 4630/4603/4497 5845/4604/4498 4104/4600/4494
f 4630/4603/4497 1527/4605/4499 4105/4606/4500 5845/4604/4498
f 5845/4604/4498 4105/4606/4500 516/4607/4501 2221/4608/4502
f 4104/4600/4494 5845/4604/4498 2221/4608/4502 517/4601/4495
f 1527/4605/4499 4629/4609/4503 5846/4610/4504 4105/4606/4500
f 4629/4609/4503 1528/4611/4505 4106/4612/4506 5846/4610/4504
f 5846/4610/4504 4106/4612/4506 515/4613/4507 2220/4614/4508
f 4105/4606/4500 5846/4610/4504 2220/4614/4508 516/4607/4501
f 1528/4611/4505 4628/4615/4509 5847/4616/4510 4106/4612/4506
f 4628/4615/4509 1529/4617/4511 4107/4618/4512 5847/4616/4510
f 5847/4616/4510 4107/4618/4512 514/4619/4513 2219/4620/4514
f 4106/4612/4506 5847/4616/4510 2219/4620/4514 515/4613/4507
f 1529/4617/4511 4627/4621/4515 5848/4622/4516 4107/4618/4512
f 4627/4621/4515 1530/4623/4517 4108/4624/4518 5848/4622/4516
f 5848/4622/4516 4108/4624/4518 513/4625/4519 2218/4626/4520
f 4107/4618/4512 5848/4622/4516 2218/4626/4520 514/4619/4513
f 1530/4623/4517 4626/4627/4521 5849/4628/4522 4108/4624/4518
f 4626/4627/4521 1531/4629/4523 4109/4630/4524 5849/4628/4522
f 5849/4628/4522 4109/4630/4524 512/4631/4525 2217/4632/4526
f 4108/4624/4518 5849/4628/4522 2217/4632/4526 513/4625/4519
f 1531/4629/4523 4625/4633/4527 5850/4634/4528 4109/4630/4524
f 4625/4633/4527 1532/4635/4529 4110/4636/4530 5850/4634/4528
f 5850/4634/4528 4110/4636/4530 511/4637/4531 2216/4638/4532
f 4109/4630/4524 5850/4634/4528 2216/4638/4532 512/4631/4525
f 1532/4635/4529 4624/4639/4533 5851/4640/4534 4110/4636/4530
f 4624/4639/4533 1533/4641/4535 4111/4642/4536 5851/4640/4534
f 5851/4640/4534 4111/4642/4536 510/4643/4537 2215/4644/4538
f 4110/4636/4530 5851/4640/4534 2215/4644/4538 511/4637/4531
f 1533/4641/4535 4623/4645/4539 5852/4646/4540 4111/4642/4536
f 4623/4645/4539 1534/511/406 4112/514/409 5852/4646/4540
f 5852/4646/4540 4112/514/409 509/519/414 2214/4647/4541
f 4111/4642/4536 5852/4646/4540 2214/4647/4541 510/4643/4537
f 73/343/268 1773/4648/4542 5853/4649/4543 1677/349/273
f 1773/4648/4542 483/4650/4544 4113/4651/4545 5853/4649/4543
f 5853/4649/4543 4113/4651/4545 508/4652/4546 1774/4653/4547
f 1677/349/273 5853/4649/4543 1774/4653/4547 72/351/274
f 483/4650/4544 2187/4654/4548 5854/4655/4549 4113/4651/4545
f 2187/4654/4548 482/4656/4550 4114/4657/4551 5854/4655/4549
f 5854/4655/4549 4114/4657/4551 507/4658/4552 2212/4659/4553
f 4113/4651/4545 5854/4655/4549 2212/4659/4553 508/4652/4546
f 482/4656/4550 2186/4660/4554 5855/4661/4555 4114/4657/4551
f 2186/4660/4554 481/4662/4556 4115/4663/4557 5855/4661/4555
f 5855/4661/4555 4115/4663/4557 506/4664/4558 2211/4665/4559
f 4114/4657/4551 5855/4661/4555 2211/4665/4559 507/4658/4552
f 481/4662/4556 2185/4666/4560 5856/4667/4561 4115/4663/4557
f 2185/4666/4560 480/4668/4562 4116/4669/4563 5856/4667/4561
f 5856/4667/4561 4116/4669/4563 505/4670/4564 2210/4671/4565
f 4115/4663/4557 5856/4667/4561 2210/4671/4565 506/4664/4558
f 480/4668/4562 2184/4672/4566 5857/4673/4567 4116/4669/4563
f 2184/4672/4566 479/4674/4568 4117/4675/4569 5857/4673/4567
f 5857/4673/4567 4117/4675/4569 504/4676/4570 2209/4677/4571
f 4116/4669/4563 5857/4673/4567 2209/4677/4571 505/4670/4564
f 479/4674/4568 2183/4678/4572 5858/4679/4573 4117/4675/4569
f 2183/4678/4572 478/4680/4574 4118/4681/4575 5858/4679/4573
f 5858/4679/4573 4118/4681/4575 503/4682/4576 2208/4683/4577
f 4117/4675/4569 5858/4679/4573 2208/4683/4577 504/4676/4570
f 478/4680/4574 2182/4684/4578 5859/4685/4579 4118/4681/4575
f 2182/4684/4578 477/4686/4580 4119/4687/4581 5859/4685/4579
f 5859/4685/4579 4119/4687/4581 502/4688/4582 2207/4689/4583
f 4118/4681/4575 5859/4685/4579 2207/4689/4583 503/4682/4576
f 477/4686/4580 2181/4690/4584 5860/4691/4585 4119/4687/4581
f 2181/4690/4584 476/4692/4586 4120/4693/4587 5860/4691/4585
f 5860/4691/4585 4120/4693/4587 501/4694/4588 2206/4695/4589
f 4119/4687/4581 5860/4691/4585 2206/4695/4589 502/4688/4582
f 476/4692/4586 2180/4696/4590 5861/4697/4591 4120/4693/4587
f 2180/4696/4590 475/4698/4592 4121/4699/4593 5861/4697/4591
f 5861/4697/4591 4121/4699/4593 500/4700/4594 2205/4701/4595
f 4120/4693/4587 5861/4697/4591 2205/4701/4595 501/4694/4588
f 475/4698/4592 2179/4702/4596 5862/4703/4597 4121/4699/4593
f 2179/4702/4596 474/4704/4598 4122/4705/4599 5862/4703/4597
f 5862/4703/4597 4122/4705/4599 499/4706/4600 2204/4707/4601
f 4121/4699/4593 5862/4703/4597 2204/4707/4601 500/4700/4594
f 474/4704/4598 2178/4708/4602 5863/4709/4603 4122/4705/4599
f 2178/4708/4602 473/4710/4604 4123/4711/4605 5863/4709/4603
f 5863/4709/4603 4123/4711/4605 498/4712/4606 2203/4713/4607
f 4122/4705/4599 5863/4709/4603 2203/4713/4607 499/4706/4600
f 473/4710/4604 2177/4714/4608 5864/4715/4609 4123/4711/4605
f 2177/4714/4608 472/4716/4610 4124/4717/4611 5864/4715/4609
f 5864/4715/4609 4124/4717/4611 497/4718/4612 2202/4719/4613
f 4123/4711/4605 5864/4715/4609 2202/4719/4613 498/4712/4606
f 472/4716/4610 2176/4720/4614 5865/4721/4615 4124/4717/4611
f 2176/4720/4614 471/4722/4616 4125/4723/4617 5865/4721/4615
f 5865/4721/4615 4125/4723/4617 496/4724/4618 2201/4725/4619
f 4124/4717/4611 5865/4721/4615 2201/4725/4619 497/4718/4612
f 471/4722/4616 2175/4726/4620 5866/4727/4621 4125/4723/4617
f 2175/4726/4620 470/4728/4622 4126/4729/4623 5866/4727/4621
f 5866/4727/4621 4126/4729/4623 495/4730/4624 2200/4731/4625
f 4125/4723/4617 5866/4727/4621 2200/4731/4625 496/4724/4618
f 470/4728/4622 2174/4732/4626 5867/4733/4627 4126/4729/4623
f 2174/4732/4626 469/4734/4628 4127/4735/4629 5867/4733/4627
f 5867/4733/4627 4127/4735/4629 494/4736/4630 2199/4737/4631
f 4126/4729/4623 5867/4733/4627 2199/4737/4631 495/4730/4624
f 469/4734/4628 2173/4738/4632 5868/4739/4633 4127/4735/4629
f 2173/4738/4632 468/4740/4634 4128/4741/4635 5868/4739/4633
f 5868/4739/4633 4128/4741/4635 493/4742/4636 2198/4743/4637
f 4127/4735/4629 5868/4739/4633 2198/4743/4637 494/4736/4630
f 468/4740/4634 2172/4744/4638 5869/4745/4639 4128/4741/4635
f 2172/4744/4638 467/4746/4640 4129/4747/4641 5869/4745/4639
f 5869/4745/4639 4129/4747/4641 492/4748/4642 2197/4749/4643
f 4128/4741/4635 5869/4745/4639 2197/4749/4643 493/4742/4636
f 467/4746/4640 2171/4750/4644 5870/4751/4645 4129/4747/4641
f 2171/4750/4644 466/4752/4646 4130/4753/4647 5870/4751/4645
f 5870/4751/4645 4130/4753/4647 491/4754/4648 2196/4755/4649
f 4129/4747/4641 5870/4751/4645 2196/4755/4649 492/4748/4642
f 466/4752/4646 2170/4756/4650 5871/4757/4651 4130/4753/4647
f 2170/4756/4650 465/4758/4652 4131/4759/4653 5871/4757/4651
f 5871/4757/4651 4131/4759/4653 490/4760/4654 2195/4761/4655
f 4130/4753/4647 5871/4757/4651 2195/4761/4655 491/4754/4648
f 465/4758/4652 2169/4762/4656 5872/4763/4657 4131/4759/4653
f 2169/4762/4656 464/4764/4658 4132/4765/4659 5872/4763/4657
f 5872/4763/4657 4132/4765/4659 489/4766/4660 2194/4767/4661
f 4131/4759/4653 5872/4763/4657 2194/4767/4661 490/4760/4654
f 464/4764/4658 2168/4768/4662 5873/4769/4663 4132/4765/4659
f 2168/4768/4662 463/4770/4664 4133/4771/4665 5873/4769/4663
f 5873/4769/4663 4133/4771/4665 488/4772/4666 2193/4773/4667
f 4132/4765/4659 5873/4769/4663 2193/4773/4667 489/4766/4660
f 463/4770/4664 2167/4774/4668 5874/4775/4669 4133/4771/4665
f 2167/4774/4668 462/4776/4670 4134/4777/4671 5874/4775/4669
f 5874/4775/4669 4134/4777/4671 487/4778/4672 2192/4779/4673
f 4133/4771/4665 5874/4775/4669 2192/4779/4673 488/4772/4666
f 462/4776/4670 2166/4780/4674 5875/4781/4675 4134/4777/4671
f 2166/4780/4674 461/4782/4676 4135/4783/4677 5875/4781/4675
f 5875/4781/4675 4135/4783/4677 486/4784/4678 2191/4785/4679
f 4134/4777/4671 5875/4781/4675 2191/4785/4679 487/4778/4672
f 461/4782/4676 2165/4786/4680 5876/4787/4681 4135/4783/4677
f 2165/4786/4680 460/4788/4682 4136/4789/4683 5876/4787/4681
f 5876/4787/4681 4136/4789/4683 485/4790/4684 2190/4791/4685
f 4135/4783/4677 5876/4787/4681 2190/4791/4685 486/4784/4678
f 460/4788/4682 2164/4792/4686 5877/4793/4687 4136/4789/4683
f 2164/4792/4686 459/506/401 4137/508/403 5877/4793/4687
f 5877/4793/4687 4137/508/403 484/510/405 2189/4794/4688
f 4136/4789/4683 5877/4793/4687 2189/4794/4688 485/4790/4684
f 74/335/262 1772/4795/4689 5878/4796/4690 1678/341/267
f 1772/4795/4689 458/4797/4691 4138/4798/4692 5878/4796/4690
f 5878/4796/4690 4138/4798/4692 483/4650/4544 1773/4648/4542
f 1678/341/267 5878/4796/4690 1773/4648/4542 73/343/268
f 458/4797/4691 2162/4799/4693 5879/4800/4694 4138/4798/4692
f 2162/4799/4693 457/4801/4695 4139/4802/4696 5879/4800/4694
f 5879/4800/4694 4139/4802/4696 482/4656/4550 2187/4654/4548
f 4138/4798/4692 5879/4800/4694 2187/4654/4548 483/4650/4544
f 457/4801/4695 2161/4803/4697 5880/4804/4698 4139/4802/4696
f 2161/4803/4697 456/4805/4699 4140/4806/4700 5880/4804/4698
f 5880/4804/4698 4140/4806/4700 481/4662/4556 2186/4660/4554
f 4139/4802/4696 5880/4804/4698 2186/4660/4554 482/4656/4550
f 456/4805/4699 2160/4807/4701 5881/4808/4702 4140/4806/4700
f 2160/4807/4701 455/4809/4703 4141/4810/4704 5881/4808/4702
f 5881/4808/4702 4141/4810/4704 480/4668/4562 2185/4666/4560
f 4140/4806/4700 5881/4808/4702 2185/4666/4560 481/4662/4556
f 455/4809/4703 2159/4811/4705 5882/4812/4706 4141/4810/4704
f 2159/4811/4705 454/4813/4707 4142/4814/4708 5882/4812/4706
f 5882/4812/4706 4142/4814/4708 479/4674/4568 2184/4672/4566
f 4141/4810/4704 5882/4812/4706 2184/4672/4566 480/4668/4562
f 454/4813/4707 2158/4815/4709 5883/4816/4710 4142/4814/4708
f 2158/4815/4709 453/4817/4711 4143/4818/4712 5883/4816/4710
f 5883/4816/4710 4143/4818/4712 478/4680/4574 2183/4678/4572
f 4142/4814/4708 5883/4816/4710 2183/4678/4572 479/4674/4568
f 453/4817/4711 2157/4819/4713 5884/4820/4714 4143/4818/4712
f 2157/4819/4713 452/4821/4715 4144/4822/4716 5884/4820/4714
f 5884/4820/4714 4144/4822/4716 477/4686/4580 2182/4684/4578
f 4143/4818/4712 5884/4820/4714 2182/4684/4578 478/4680/4574
f 452/4821/4715 2156/4823/4717 5885/4824/4718 4144/4822/4716
f 2156/4823/4717 451/4825/4719 4145/4826/4720 5885/4824/4718
f 5885/4824/4718 4145/4826/4720 476/4692/4586 2181/4690/4584
f 4144/4822/4716 5885/4824/4718 2181/4690/4584 477/4686/4580
f 451/4825/4719 2155/4827/4721 5886/4828/4722 4145/4826/4720
f 2155/4827/4721 450/4829/4723 4146/4830/4724 5886/4828/4722
f 5886/4828/4722 4146/4830/4724 475/4698/4592 2180/4696/4590
f 4145/4826/4720 5886/4828/4722 2180/4696/4590 476/4692/4586
f 450/4829/4723 2154/4831/4725 5887/4832/4726 4146/4830/4724
f 2154/4831/4725 449/4833/4727 4147/4834/4728 5887/4832/4726
f 5887/4832/4726 4147/4834/4728 474/4704/4598 2179/4702/4596
f 4146/4830/4724 5887/4832/4726 2179/4702/4596 475/4698/4592
f 449/4833/4727 2153/4835/4729 5888/4836/4730 4147/4834/4728
f 2153/4835/4729 448/4837/4731 4148/4838/4732 5888/4836/4730
f 5888/4836/4730 4148/4838/4732 473/4710/4604 2178/4708/4602
f 4147/4834/4728 5888/4836/4730 2178/4708/4602 474/4704/4598
f 448/4837/4731 2152/4839/4733 5889/4840/4734 4148/4838/4732
f 2152/4839/4733 447/4841/4735 4149/4842/4736 5889/4840/4734
f 5889/4840/4734 4149/4842/4736 472/4716/4610 2177/4714/4608
f 4148/4838/4732 5889/4840/4734 2177/4714/4608 473/4710/4604
f 447/4841/4735 2151/4843/4737 5890/4844/4738 4149/4842/4736
f 2151/4843/4737 446/4845/4739 4150/4846/4740 5890/4844/4738
f 5890/4844/4738 4150/4846/4740 471/4722/4616 2176/4720/4614
f 4149/4842/4736 5890/4844/4738 2176/4720/4614 472/4716/4610
f 446/4845/4739 2150/4847/4741 5891/4848/4742 4150/4846/4740
f 2150/4847/4741 445/4849/4743 4151/4850/4744 5891/4848/4742
f 5891/4848/4742 4151/4850/4744 470/4728/4622 2175/4726/4620
f 4150/4846/4740 5891/4848/4742 2175/4726/4620 471/4722/4616
f 445/4849/4743 2149/4851/4745 5892/4852/4746 4151/4850/4744
f 2149/4851/4745 444/4853/4747 4152/4854/4748 5892/4852/4746
f 5892/4852/4746 4152/4854/4748 469/4734/4628 2174/4732/4626
f 4151/4850/4744 5892/4852/4746 2174/4732/4626 470/4728/4622
f 444/4853/4747 2148/4855/4749 5893/4856/4750 4152/4854/4748
f 2148/4855/4749 443/4857/4751 4153/4858/4752 5893/4856/4750
f 5893/4856/4750 4153/4858/4752 468/4740/4634 2173/4738/4632
f 4152/4854/4748 5893/4856/4750 2173/4738/4632 469/4734/4628
f 443/4857/4751 2147/4859/4753 5894/4860/4754 4153/4858/4752
f 2147/4859/4753 442/4861/4755 4154/4862/4756 5894/4860/4754
f 5894/4860/4754 4154/4862/4756 467/4746/4640 2172/4744/4638
f 4153/4858/4752 5894/4860/4754 2172/4744/4638 468/4740/4634
f 442/4861/4755 2146/4863/4757 5895/4864/4758 4154/4862/4756
f 2146/4863/4757 441/4865/4759 4155/4866/4760 5895/4864/4758
f 5895/4864/4758 4155/4866/4760 466/4752/4646 2171/4750/4644
f 4154/4862/4756 5895/4864/4758 2171/4750/4644 467/4746/4640
f 441/4865/4759 2145/4867/4761 5896/4868/4762 4155/4866/4760
f 2145/4867/4761 440/4869/4763 4156/4870/4764 5896/4868/4762
f 5896/4868/4762 4156/4870/4764 465/4758/4652 2170/4756/4650
f 4155/4866/4760 5896/4868/4762 2170/4756/4650 466/4752/4646
f 440/4869/4763 2144/4871/4765 5897/4872/4766 4156/4870/4764
f 2144/4871/4765 439/4873/4767 4157/4874/4768 5897/4872/4766
f 5897/4872/4766 4157/4874/4768 464/4764/4658 2169/4762/4656
f 4156/4870/4764 5897/4872/4766 2169/4762/4656 465/4758/4652
f 439/4873/4767 2143/4875/4769 5898/4876/4770 4157/4874/4768
f 2143/4875/4769 438/4877/4771 4158/4878/4772 5898/4876/4770
f 5898/4876/4770 4158/4878/4772 463/4770/4664 2168/4768/4662
f 4157/4874/4768 5898/4876/4770 2168/4768/4662 464/4764/4658
f 438/4877/4771 2142/4879/4773 5899/4880/4774 4158/4878/4772
f 2142/4879/4773 437/4881/4775 4159/4882/4776 5899/4880/4774
f 5899/4880/4774 4159/4882/4776 462/4776/4670 2167/4774/4668
f 4158/4878/4772 5899/4880/4774 2167/4774/4668 463/4770/4664
f 437/4881/4775 2141/4883/4777 5900/4884/4778 4159/4882/4776
f 2141/4883/4777 436/4885/4779 4160/4886/4780 5900/4884/4778
f 5900/4884/4778 4160/4886/4780 461/4782/4676 2166/4780/4674
f 4159/4882/4776 5900/4884/4778 2166/4780/4674 462/4776/4670
f 436/4885/4779 2140/4887/4781 5901/4888/4782 4160/4886/4780
f 2140/4887/4781 435/4889/4783 4161/4890/4784 5901/4888/4782
f 5901/4888/4782 4161/4890/4784 460/4788/4682 2165/4786/4680
f 4160/4886/4780 5901/4888/4782 2165/4786/4680 461/4782/4676
f 435/4889/4783 2139/4891/4785 5902/4892/4786 4161/4890/4784
f 2139/4891/4785 434/502/397 4162/504/399 5902/4892/4786
f 5902/4892/4786 4162/504/399 459/506/401 2164/4792/4686
f 4161/4890/4784 5902/4892/4786 2164/4792/4686 460/4788/4682
f 75/327/256 1771/4893/4787 5903/4894/4788 1679/333/261
f 1771/4893/4787 433/4895/4789 4163/4896/4790 5903/4894/4788
f 5903/4894/4788 4163/4896/4790 458/4797/4691 1772/4795/4689
f 1679/333/261 5903/4894/4788 1772/4795/4689 74/335/262
f 433/4895/4789 2137/4897/4791 5904/4898/4792 4163/4896/4790
f 2137/4897/4791 432/4899/4793 4164/4900/4794 5904/4898/4792
f 5904/4898/4792 4164/4900/4794 457/4801/4695 2162/4799/4693
f 4163/4896/4790 5904/4898/4792 2162/4799/4693 458/4797/4691
f 432/4899/4793 2136/4901/4795 5905/4902/4796 4164/4900/4794
f 2136/4901/4795 431/4903/4797 4165/4904/4798 5905/4902/4796
f 5905/4902/4796 4165/4904/4798 456/4805/4699 2161/4803/4697
f 4164/4900/4794 5905/4902/4796 2161/4803/4697 457/4801/4695
f 431/4903/4797 2135/4905/4799 5906/4906/4800 4165/4904/4798
f 2135/4905/4799 430/4907/4801 4166/4908/4802 5906/4906/4800
f 5906/4906/4800 4166/4908/4802 455/4809/4703 2160/4807/4701
f 4165/4904/4798 5906/4906/4800 2160/4807/4701 456/4805/4699
f 430/4907/4801 2134/4909/4803 5907/4910/4804 4166/4908/4802
f 2134/4909/4803 429/4911/4805 4167/4912/4806 5907/4910/4804
f 5907/4910/4804 4167/4912/4806 454/4813/4707 2159/4811/4705
f 4166/4908/4802 5907/4910/4804 2159/4811/4705 455/4809/4703
f 429/4911/4805 2133/4913/4807 5908/4914/4808 4167/4912/4806
f 2133/4913/4807 428/4915/4809 4168/4916/4810 5908/4914/4808
f 5908/4914/4808 4168/4916/4810 453/4817/4711 2158/4815/4709
f 4167/4912/4806 5908/4914/4808 2158/4815/4709 454/4813/4707
f 428/4915/4809 2132/4917/4811 5909/4918/4812 4168/4916/4810
f 2132/4917/4811 427/4919/4813 4169/4920/4814 5909/4918/4812
f 5909/4918/4812 4169/4920/4814 452/4821/4715 2157/4819/4713
f 4168/4916/4810 5909/4918/4812 2157/4819/4713 453/4817/4711
f 427/4919/4813 2131/4921/4815 5910/4922/4816 4169/4920/4814
f 2131/4921/4815 426/4923/4817 4170/4924/4818 5910/4922/4816
f 5910/4922/4816 4170/4924/4818 451/4825/4719 2156/4823/4717
f 4169/4920/4814 5910/4922/4816 2156/4823/4717 452/4821/4715
f 426/4923/4817 2130/4925/4819 5911/4926/4820 4170/4924/4818
f 2130/4925/4819 425/4927/4821 4171/4928/4822 5911/4926/4820
f 5911/4926/4820 4171/4928/4822 450/4829/4723 2155/4827/4721
f 4170/4924/4818 5911/4926/4820 2155/4827/4721 451/4825/4719
f 425/4927/4821 2129/4929/4823 5912/4930/4824 4171/4928/4822
f 2129/4929/4823 424/4931/4825 4172/4932/4826 5912/4930/4824
f 5912/4930/4824 4172/4932/4826 449/4833/4727 2154/4831/4725
f 4171/4928/4822 5912/4930/4824 2154/4831/4725 450/4829/4723
f 424/4931/4825 2128/4933/4827 5913/4934/4828 4172/4932/4826
f 2128/4933/4827 423/4935/4829 4173/4936/4830 5913/4934/4828
f 5913/4934/4828 4173/4936/4830 448/4837/4731 2153/4835/4729
f 4172/4932/4826 5913/4934/4828 2153/4835/4729 449/4833/4727
f 423/4935/4829 2127/4937/4831 5914/4938/4832 4173/4936/4830
f 2127/4937/4831 422/4939/4833 4174/4940/4834 5914/4938/4832
f 5914/4938/4832 4174/4940/4834 447/4841/4735 2152/4839/4733
f 4173/4936/4830 5914/4938/4832 2152/4839/4733 448/4837/4731
f 422/4939/4833 2126/4941/4835 5915/4942/4836 4174/4940/4834
f 2126/4941/4835 421/4943/4837 4175/4944/4838 5915/4942/4836
f 5915/4942/4836 4175/4944/4838 446/4845/4739 2151/4843/4737
f 4174/4940/4834 5915/4942/4836 2151/4843/4737 447/4841/4735
f 421/4943/4837 2125/4945/4839 5916/4946/4840 4175/4944/4838
f 2125/4945/4839 420/4947/4841 4176/4948/4842 5916/4946/4840
f 5916/4946/4840 4176/4948/4842 445/4849/4743 2150/4847/4741
f 4175/4944/4838 5916/4946/4840 2150/4847/4741 446/4845/4739
f 420/4947/4841 2124/4949/4843 5917/4950/4844 4176/4948/4842
f 2124/4949/4843 419/4951/4845 4177/4952/4846 5917/4950/4844
f 5917/4950/4844 4177/4952/4846 444/4853/4747 2149/4851/4745
f 4176/4948/4842 5917/4950/4844 2149/4851/4745 445/4849/4743
f 419/4951/4845 2123/4953/4847 5918/4954/4848 4177/4952/4846
f 2123/4953/4847 418/4955/4849 4178/4956/4850 5918/4954/4848
f 5918/4954/4848 4178/4956/4850 443/4857/4751 2148/4855/4749
f 4177/4952/4846 5918/4954/4848 2148/4855/4749 444/4853/4747
f 418/4955/4849 2122/4957/4851 5919/4958/4852 4178/4956/4850
f 2122/4957/4851 417/4959/4853 4179/4960/4854 5919/4958/4852
f 5919/4958/4852 4179/4960/4854 442/4861/4755 2147/4859/4753
f 4178/4956/4850 5919/4958/4852 2147/4859/4753 443/4857/4751
f 417/4959/4853 2121/4961/4855 5920/4962/4856 4179/4960/4854
f 2121/4961/4855 416/4963/4857 4180/4964/4858 5920/4962/4856
f 5920/4962/4856 4180/4964/4858 441/4865/4759 2146/4863/4757
f 4179/4960/4854 5920/4962/4856 2146/4863/4757 442/4861/4755
f 416/4963/4857 2120/4965/4859 5921/4966/4860 4180/4964/4858
f 2120/4965/4859 415/4967/4861 4181/4968/4862 5921/4966/4860
f 5921/4966/4860 4181/4968/4862 440/4869/4763 2145/4867/4761
f 4180/4964/4858 5921/4966/4860 2145/4867/4761 441/4865/4759
f 415/4967/4861 2119/4969/4863 5922/4970/4864 4181/4968/4862
f 2119/4969/4863 414/4971/4865 4182/4972/4866 5922/4970/4864
f 5922/4970/4864 4182/4972/4866 439/4873/4767 2144/4871/4765
f 4181/4968/4862 5922/4970/4864 2144/4871/4765 440/4869/4763
f 414/4971/4865 2118/4973/4867 5923/4974/4868 4182/4972/4866
f 2118/4973/4867 413/4975/4869 4183/4976/4870 5923/4974/4868
f 5923/4974/4868 4183/4976/4870 438/4877/4771 2143/4875/4769
f 4182/4972/4866 5923/4974/4868 2143/4875/4769 439/4873/4767
f 413/4975/4869 2117/4977/4871 5924/4978/4872 4183/4976/4870
f 2117/4977/4871 412/4979/4873 4184/4980/4874 5924/4978/4872
f 5924/4978/4872 4184/4980/4874 437/4881/4775 2142/4879/4773
f 4183/4976/4870 5924/4978/4872 2142/4879/4773 438/4877/4771
f 412/4979/4873 2116/4981/4875 5925/4982/4876 4184/4980/4874
f 2116/4981/4875 411/4983/4877 4185/4984/4878 5925/4982/4876
f 5925/4982/4876 4185/4984/4878 436/4885/4779 2141/4883/4777
f 4184/4980/4874 5925/4982/4876 2141/4883/4777 437/4881/4775
f 411/4983/4877 2115/4985/4879 5926/4986/4880 4185/4984/4878
f 2115/4985/4879 410/4987/4881 4186/4988/4882 5926/4986/4880
f 5926/4986/4880 4186/4988/4882 435/4889/4783 2140/4887/4781
f 4185/4984/4878 5926/4986/4880 2140/4887/4781 436/4885/4779
f 410/4987/4881 2114/4989/4883 5927/4990/4884 4186/4988/4882
f 2114/4989/4883 409/498/393 4187/500/395 5927/4990/4884
f 5927/4990/4884 4187/500/395 434/502/397 2139/4891/4785
f 4186/4988/4882 5927/4990/4884 2139/4891/4785 435/4889/4783
f 76/319/250 1770/4991/4885 5928/4992/4886 1680/325/255
f 1770/4991/4885 408/4993/4887 4188/4994/4888 5928/4992/4886
f 5928/4992/4886 4188/4994/4888 433/4895/4789 1771/4893/4787
f 1680/325/255 5928/4992/4886 1771/4893/4787 75/327/256
f 408/4993/4887 2112/4995/4889 5929/4996/4890 4188/4994/4888
f 2112/4995/4889 407/4997/4891 4189/4998/4892 5929/4996/4890
f 5929/4996/4890 4189/4998/4892 432/4899/4793 2137/4897/4791
f 4188/4994/4888 5929/4996/4890 2137/4897/4791 433/4895/4789
f 407/4997/4891 2111/4999/4893 5930/5000/4894 4189/4998/4892
f 2111/4999/4893 406/5001/4895 4190/5002/4896 5930/5000/4894
f 5930/5000/4894 4190/5002/4896 431/4903/4797 2136/4901/4795
f 4189/4998/4892 5930/5000/4894 2136/4901/4795 432/4899/4793
f 406/5001/4895 2110/5003/4897 5931/5004/4898 4190/5002/4896
f 2110/5003/4897 405/5005/4899 4191/5006/4900 5931/5004/4898
f 5931/5004/4898 4191/5006/4900 430/4907/4801 2135/4905/4799
f 4190/5002/4896 5931/5004/4898 2135/4905/4799 431/4903/4797
f 405/5005/4899 2109/5007/4901 5932/5008/4902 4191/5006/4900
f 2109/5007/4901 404/5009/4903 4192/5010/4904 5932/5008/4902
f 5932/5008/4902 4192/5010/4904 429/4911/4805 2134/4909/4803
f 4191/5006/4900 5932/5008/4902 2134/4909/4803 430/4907/4801
f 404/5009/4903 2108/5011/4905 5933/5012/4906 4192/5010/4904
f 2108/5011/4905 403/5013/4907 4193/5014/4908 5933/5012/4906
f 5933/5012/4906 4193/5014/4908 428/4915/4809 2133/4913/4807
f 4192/5010/4904 5933/5012/4906 2133/4913/4807 429/4911/4805
f 403/5013/4907 2107/5015/4909 5934/5016/4910 4193/5014/4908
f 2107/5015/4909 402/5017/4911 4194/5018/4912 5934/5016/4910
f 5934/5016/4910 4194/5018/4912 427/4919/4813 2132/4917/4811
f 4193/5014/4908 5934/5016/4910 2132/4917/4811 428/4915/4809
f 402/5017/4911 2106/5019/4913 5935/5020/4914 4194/5018/4912
f 2106/5019/4913 401/5021/4915 4195/5022/4916 5935/5020/4914
f 5935/5020/4914 4195/5022/4916 426/4923/4817 2131/4921/4815
f 4194/5018/4912 5935/5020/4914 2131/4921/4815 427/4919/4813
f 401/5021/4915 2105/5023/4917 5936/5024/4918 4195/5022/4916
f 2105/5023/4917 400/5025/4919 4196/5026/4920 5936/5024/4918
f 5936/5024/4918 4196/5026/4920 425/4927/4821 2130/4925/4819
f 4195/5022/4916 5936/5024/4918 2130/4925/4819 426/4923/4817
f 400/5025/4919 2104/5027/4921 5937/5028/4922 4196/5026/4920
f 2104/5027/4921 399/5029/4923 4197/5030/4924 5937/5028/4922
f 5937/5028/4922 4197/5030/4924 424/4931/4825 2129/4929/4823
f 4196/5026/4920 5937/5028/4922 2129/4929/4823 425/4927/4821
f 399/5029/4923 2103/5031/4925 5938/5032/4926 4197/5030/4924
f 2103/5031/4925 398/5033/4927 4198/5034/4928 5938/5032/4926
f 5938/5032/4926 4198/5034/4928 423/4935/4829 2128/4933/4827
f 4197/5030/4924 5938/5032/4926 2128/4933/4827 424/4931/4825
f 398/5033/4927 2102/5035/4929 5939/5036/4930 4198/5034/4928
f 2102/5035/4929 397/5037/4931 4199/5038/4932 5939/5036/4930
f 5939/5036/4930 4199/5038/4932 422/4939/4833 2127/4937/4831
f 4198/5034/4928 5939/5036/4930 2127/4937/4831 423/4935/4829
f 397/5037/4931 2101/5039/4933 5940/5040/4934 4199/5038/4932
f 2101/5039/4933 396/5041/4935 4200/5042/4936 5940/5040/4934
f 5940/5040/4934 4200/5042/4936 421/4943/4837 2126/4941/4835
f 4199/5038/4932 5940/5040/4934 2126/4941/4835 422/4939/4833
f 396/5041/4935 2100/5043/4937 5941/5044/4938 4200/5042/4936
f 2100/5043/4937 395/5045/4939 4201/5046/4940 5941/5044/4938
f 5941/5044/4938 4201/5046/4940 420/4947/4841 2125/4945/4839
f 4200/5042/4936 5941/5044/4938 2125/4945/4839 421/4943/4837
f 395/5045/4939 2099/5047/4941 5942/5048/4942 4201/5046/4940
f 2099/5047/4941 394/5049/4943 4202/5050/4944 5942/5048/4942
f 5942/5048/4942 4202/5050/4944 419/4951/4845 2124/4949/4843
f 4201/5046/4940 5942/5048/4942 2124/4949/4843 420/4947/4841
f 394/5049/4943 2098/5051/4945 5943/5052/4946 4202/5050/4944
f 2098/5051/4945 393/5053/4947 4203/5054/4948 5943/5052/4946
f 5943/5052/4946 4203/5054/4948 418/4955/4849 2123/4953/4847
f 4202/5050/4944 5943/5052/4946 2123/4953/4847 419/4951/4845
f 393/5053/4947 2097/5055/4949 5944/5056/4950 4203/5054/4948
f 2097/5055/4949 392/5057/4951 4204/5058/4952 5944/5056/4950
f 5944/5056/4950 4204/5058/4952 417/4959/4853 2122/4957/4851
f 4203/5054/4948 5944/5056/4950 2122/4957/4851 418/4955/4849
f 392/5057/4951 2096/5059/4953 5945/5060/4954 4204/5058/4952
f 2096/5059/4953 391/5061/4955 4205/5062/4956 5945/5060/4954
f 5945/5060/4954 4205/5062/4956 416/4963/4857 2121/4961/4855
f 4204/5058/4952 5945/5060/4954 2121/4961/4855 417/4959/4853
f 391/5061/4955 2095/5063/4957 5946/5064/4958 4205/5062/4956
f 2095/5063/4957 390/5065/4959 4206/5066/4960 5946/5064/4958
f 5946/5064/4958 4206/5066/4960 415/4967/4861 2120/4965/4859
f 4205/5062/4956 5946/5064/4958 2120/4965/4859 416/4963/4857
f 390/5065/4959 2094/5067/4961 5947/5068/4962 4206/5066/4960
f 2094/5067/4961 389/5069/4963 4207/5070/4964 5947/5068/4962
f 5947/5068/4962 4207/5070/4964 414/4971/4865 2119/4969/4863
f 4206/5066/4960 5947/5068/4962 2119/4969/4863 415/4967/4861
f 389/5069/4963 2093/5071/4965 5948/5072/4966 4207/5070/4964
f 2093/5071/4965 388/5073/4967 4208/5074/4968 5948/5072/4966
f 5948/5072/4966 4208/5074/4968 413/4975/4869 2118/4973/4867
f 4207/5070/4964 5948/5072/4966 2118/4973/4867 414/4971/4865
f 388/5073/4967 2092/5075/4969 5949/5076/4970 4208/5074/4968
f 2092/5075/4969 387/5077/4971 4209/5078/4972 5949/5076/4970
f 5949/5076/4970 4209/5078/4972 412/4979/4873 2117/4977/4871
f 4208/5074/4968 5949/5076/4970 2117/4977/4871 413/4975/4869
f 387/5077/4971 2091/5079/4973 5950/5080/4974 4209/5078/4972
f 2091/5079/4973 386/5081/4975 4210/5082/4976 5950/5080/4974
f 5950/5080/4974 4210/5082/4976 411/4983/4877 2116/4981/4875
f 4209/5078/4972 5950/5080/4974 2116/4981/4875 412/4979/4873
f 386/5081/4975 2090/5083/4977 5951/5084/4978 4210/5082/4976
f 2090/5083/4977 385/5085/4979 4211/5086/4980 5951/5084/4978
f 5951/5084/4978 4211/5086/4980 410/4987/4881 2115/4985/4879
f 4210/5082/4976 5951/5084/4978 2115/4985/4879 411/4983/4877
f 385/5085/4979 2089/5087/4981 5952/5088/4982 4211/5086/4980
f 2089/5087/4981 384/494/389 4212/496/391 5952/5088/4982
f 5952/5088/4982 4212/496/391 409/498/393 2114/4989/4883
f 4211/5086/4980 5952/5088/4982 2114/4989/4883 410/4987/4881
f 77/311/244 1769/5089/4983 5953/5090/4984 1681/317/249
f 1769/5089/4983 383/5091/4985 4213/5092/4986 5953/5090/4984
f 5953/5090/4984 4213/5092/4986 408/4993/4887 1770/4991/4885
f 1681/317/249 5953/5090/4984 1770/4991/4885 76/319/250
f 383/5091/4985 2087/5093/4987 5954/5094/4988 4213/5092/4986
f 2087/5093/4987 382/5095/4989 4214/5096/4990 5954/5094/4988
f 5954/5094/4988 4214/5096/4990 407/4997/4891 2112/4995/4889
f 4213/5092/4986 5954/5094/4988 2112/4995/4889 408/4993/4887
f 382/5095/4989 2086/5097/4991 5955/5098/4992 4214/5096/4990
f 2086/5097/4991 381/5099/4993 4215/5100/4994 5955/5098/4992
f 5955/5098/4992 4215/5100/4994 406/5001/4895 2111/4999/4893
f 4214/5096/4990 5955/5098/4992 2111/4999/4893 407/4997/4891
f 381/5099/4993 2085/5101/4995 5956/5102/4996 4215/5100/4994
f 2085/5101/4995 380/5103/4997 4216/5104/4998 5956/5102/4996
f 5956/5102/4996 4216/5104/4998 405/5005/4899 2110/5003/4897
f 4215/5100/4994 5956/5102/4996 2110/5003/4897 406/5001/4895
f 380/5103/4997 2084/5105/4999 5957/5106/5000 4216/5104/4998
f 2084/5105/4999 379/5107/5001 4217/5108/5002 5957/5106/5000
f 5957/5106/5000 4217/5108/5002 404/5009/4903 2109/5007/4901
f 4216/5104/4998 5957/5106/5000 2109/5007/4901 405/5005/4899
f 379/5107/5001 2083/5109/5003 5958/5110/5004 4217/5108/5002
f 2083/5109/5003 378/5111/5005 4218/5112/5006 5958/5110/5004
f 5958/5110/5004 4218/5112/5006 403/5013/4907 2108/5011/4905
f 4217/5108/5002 5958/5110/5004 2108/5011/4905 404/5009/4903
f 378/5111/5005 2082/5113/5007 5959/5114/5008 4218/5112/5006
f 2082/5113/5007 377/5115/5009 4219/5116/5010 5959/5114/5008
f 5959/5114/5008 4219/5116/5010 402/5017/4911 2107/5015/4909
f 4218/5112/5006 5959/5114/5008 2107/5015/4909 403/5013/4907
f 377/5115/5009 2081/5117/5011 5960/5118/5012 4219/5116/5010
f 2081/5117/5011 376/5119/5013 4220/5120/5014 5960/5118/5012
f 5960/5118/5012 4220/5120/5014 401/5021/4915 2106/5019/4913
f 4219/5116/5010 5960/5118/5012 2106/5019/4913 402/5017/4911
f 376/5119/5013 2080/5121/5015 5961/5122/5016 4220/5120/5014
f 2080/5121/5015 375/5123/5017 4221/5124/5018 5961/5122/5016
f 5961/5122/5016 4221/5124/5018 400/5025/4919 2105/5023/4917
f 4220/5120/5014 5961/5122/5016 2105/5023/4917 401/5021/4915
f 375/5123/5017 2079/5125/5019 5962/5126/5020 4221/5124/5018
f 2079/5125/5019 374/5127/5021 4222/5128/5022 5962/5126/5020
f 5962/5126/5020 4222/5128/5022 399/5029/4923 2104/5027/4921
f 4221/5124/5018 5962/5126/5020 2104/5027/4921 400/5025/4919
f 374/5127/5021 2078/5129/5023 5963/5130/5024 4222/5128/5022
f 2078/5129/5023 373/5131/5025 4223/5132/5026 5963/5130/5024
f 5963/5130/5024 4223/5132/5026 398/5033/4927 2103/5031/4925
f 4222/5128/5022 5963/5130/5024 2103/5031/4925 399/5029/4923
f 373/5131/5025 2077/5133/5027 5964/5134/5028 4223/5132/5026
f 2077/5133/5027 372/5135/5029 4224/5136/5030 5964/5134/5028
f 5964/5134/5028 4224/5136/5030 397/5037/4931 2102/5035/4929
f 4223/5132/5026 5964/5134/5028 2102/5035/4929 398/5033/4927
f 372/5135/5029 2076/5137/5031 5965/5138/5032 4224/5136/5030
f 2076/5137/5031 371/5139/5033 4225/5140/5034 5965/5138/5032
f 5965/5138/5032 4225/5140/5034 396/5041/4935 2101/5039/4933
f 4224/5136/5030 5965/5138/5032 2101/5039/4933 397/5037/4931
f 371/5139/5033 2075/5141/5035 5966/5142/5036 4225/5140/5034
f 2075/5141/5035 370/5143/5037 4226/5144/5038 5966/5142/5036
f 5966/5142/5036 4226/5144/5038 395/5045/4939 2100/5043/4937
f 4225/5140/5034 5966/5142/5036 2100/5043/4937 396/5041/4935
f 370/5143/5037 2074/5145/5039 5967/5146/5040 4226/5144/5038
f 2074/5145/5039 369/5147/5041 4227/5148/5042 5967/5146/5040
f 5967/5146/5040 4227/5148/5042 394/5049/4943 2099/5047/4941
f 4226/5144/5038 5967/5146/5040 2099/5047/4941 395/5045/4939
f 369/5147/5041 2073/5149/5043 5968/5150/5044 4227/5148/5042
f 2073/5149/5043 368/5151/5045 4228/5152/5046 5968/5150/5044
f 5968/5150/5044 4228/5152/5046 393/5053/4947 2098/5051/4945
f 4227/5148/5042 5968/5150/5044 2098/5051/4945 394/5049/4943
f 368/5151/5045 2072/5153/5047 5969/5154/5048 4228/5152/5046
f 2072/5153/5047 367/5155/5049 4229/5156/5050 5969/5154/5048
f 5969/5154/5048 4229/5156/5050 392/5057/4951 2097/5055/4949
f 4228/5152/5046 5969/5154/5048 2097/5055/4949 393/5053/4947
f 367/5155/5049 2071/5157/5051 5970/5158/5052 4229/5156/5050
f 2071/5157/5051 366/5159/5053 4230/5160/5054 5970/5158/5052
f 5970/5158/5052 4230/5160/5054 391/5061/4955 2096/5059/4953
f 4229/5156/5050 5970/5158/5052 2096/5059/4953 392/5057/4951
f 366/5159/5053 2070/5161/5055 5971/5162/5056 4230/5160/5054
f 2070/5161/5055 365/5163/5057 4231/5164/5058 5971/5162/5056
f 5971/5162/5056 4231/5164/5058 390/5065/4959 2095/5063/4957
f 4230/5160/5054 5971/5162/5056 2095/5063/4957 391/5061/4955
f 365/5163/5057 2069/5165/5059 5972/5166/5060 4231/5164/5058
f 2069/5165/5059 364/5167/5061 4232/5168/5062 5972/5166/5060
f 5972/5166/5060 4232/5168/5062 389/5069/4963 2094/5067/4961
f 4231/5164/5058 5972/5166/5060 2094/5067/4961 390/5065/4959
f 364/5167/5061 2068/5169/5063 5973/5170/5064 4232/5168/5062
f 2068/5169/5063 363/5171/5065 4233/5172/5066 5973/5170/5064
f 5973/5170/5064 4233/5172/5066 388/5073/4967 2093/5071/4965
f 4232/5168/5062 5973/5170/5064 2093/5071/4965 389/5069/4963
f 363/5171/5065 2067/5173/5067 5974/5174/5068 4233/5172/5066
f 2067/5173/5067 362/5175/5069 4234/5176/5070 5974/5174/5068
f 5974/5174/5068 4234/5176/5070 387/5077/4971 2092/5075/4969
f 4233/5172/5066 5974/5174/5068 2092/5075/4969 388/5073/4967
f 362/5175/5069 2066/5177/5071 5975/5178/5072 4234/5176/5070
f 2066/5177/5071 361/5179/5073 4235/5180/5074 5975/5178/5072
f 5975/5178/5072 4235/5180/5074 386/5081/4975 2091/5079/4973
f 4234/5176/5070 5975/5178/5072 2091/5079/4973 387/5077/4971
f 361/5179/5073 2065/5181/5075 5976/5182/5076 4235/5180/5074
f 2065/5181/5075 360/5183/5077 4236/5184/5078 5976/5182/5076
f 5976/5182/5076 4236/5184/5078 385/5085/4979 2090/5083/4977
f 4235/5180/5074 5976/5182/5076 2090/5083/4977 386/5081/4975
f 360/5183/5077 2064/5185/5079 5977/5186/5080 4236/5184/5078
f 2064/5185/5079 359/490/385 4237/492/387 5977/5186/5080
f 5977/5186/5080 4237/492/387 384/494/389 2089/5087/4981
f 4236/5184/5078 5977/5186/5080 2089/5087/4981 385/5085/4979
f 78/303/238 1768/5187/5081 5978/5188/5082 1682/309/243
f 1768/5187/5081 358/5189/5083 4238/5190/5084 5978/5188/5082
f 5978/5188/5082 4238/5190/5084 383/5091/4985 1769/5089/4983
f 1682/309/243 5978/5188/5082 1769/5089/4983 77/311/244
f 358/5189/5083 2062/5191/5085 5979/5192/5086 4238/5190/5084
f 2062/5191/5085 357/5193/5087 4239/5194/5088 5979/5192/5086
f 5979/5192/5086 4239/5194/5088 382/5095/4989 2087/5093/4987
f 4238/5190/5084 5979/5192/5086 2087/5093/4987 383/5091/4985
f 357/5193/5087 2061/5195/5089 5980/5196/5090 4239/5194/5088
f 2061/5195/5089 356/5197/5091 4240/5198/5092 5980/5196/5090
f 5980/5196/5090 4240/5198/5092 381/5099/4993 2086/5097/4991
f 4239/5194/5088 5980/5196/5090 2086/5097/4991 382/5095/4989
f 356/5197/5091 2060/5199/5093 5981/5200/5094 4240/5198/5092
f 2060/5199/5093 355/5201/5095 4241/5202/5096 5981/5200/5094
f 5981/5200/5094 4241/5202/5096 380/5103/4997 2085/5101/4995
f 4240/5198/5092 5981/5200/5094 2085/5101/4995 381/5099/4993
f 355/5201/5095 2059/5203/5097 5982/5204/5098 4241/5202/5096
f 2059/5203/5097 354/5205/5099 4242/5206/5100 5982/5204/5098
f 5982/5204/5098 4242/5206/5100 379/5107/5001 2084/5105/4999
f 4241/5202/5096 5982/5204/5098 2084/5105/4999 380/5103/4997
f 354/5205/5099 2058/5207/5101 5983/5208/5102 4242/5206/5100
f 2058/5207/5101 353/5209/5103 4243/5210/5104 5983/5208/5102
f 5983/5208/5102 4243/5210/5104 378/5111/5005 2083/5109/5003
f 4242/5206/5100 5983/5208/5102 2083/5109/5003 379/5107/5001
f 353/5209/5103 2057/5211/5105 5984/5212/5106 4243/5210/5104
f 2057/5211/5105 352/5213/5107 4244/5214/5108 5984/5212/5106
f 5984/5212/5106 4244/5214/5108 377/5115/5009 2082/5113/5007
f 4243/5210/5104 5984/5212/5106 2082/5113/5007 378/5111/5005
f 352/5213/5107 2056/5215/5109 5985/5216/5110 4244/5214/5108
f 2056/5215/5109 351/5217/5111 4245/5218/5112 5985/5216/5110
f 5985/5216/5110 4245/5218/5112 376/5119/5013 2081/5117/5011
f 4244/5214/5108 5985/5216/5110 2081/5117/5011 377/5115/5009
f 351/5217/5111 2055/5219/5113 5986/5220/5114 4245/5218/5112
f 2055/5219/5113 350/5221/5115 4246/5222/5116 5986/5220/5114
f 5986/5220/5114 4246/5222/5116 375/5123/5017 2080/5121/5015
f 4245/5218/5112 5986/5220/5114 2080/5121/5015 376/5119/5013
f 350/5221/5115 2054/5223/5117 5987/5224/5118 4246/5222/5116
f 2054/5223/5117 349/5225/5119 4247/5226/5120 5987/5224/5118
f 5987/5224/5118 4247/5226/5120 374/5127/5021 2079/5125/5019
f 4246/5222/5116 5987/5224/5118 2079/5125/5019 375/5123/5017
f 349/5225/5119 2053/5227/5121 5988/5228/5122 4247/5226/5120
f 2053/5227/5121 348/5229/5123 4248/5230/5124 5988/5228/5122
f 5988/5228/5122 4248/5230/5124 373/5131/5025 2078/5129/5023
f 4247/5226/5120 5988/5228/5122 2078/5129/5023 374/5127/5021
f 348/5229/5123 2052/5231/5125 5989/5232/5126 4248/5230/5124
f 2052/5231/5125 347/5233/5127 4249/5234/5128 5989/5232/5126
f 5989/5232/5126 4249/5234/5128 372/5135/5029 2077/5133/5027
f 4248/5230/5124 5989/5232/5126 2077/5133/5027 373/5131/5025
f 347/5233/5127 2051/5235/5129 5990/5236/5130 4249/5234/5128
f 2051/5235/5129 346/5237/5131 4250/5238/5132 5990/5236/5130
f 5990/5236/5130 4250/5238/5132 371/5139/5033 2076/5137/5031
f 4249/5234/5128 5990/5236/5130 2076/5137/5031 372/5135/5029
f 346/5237/5131 2050/5239/5133 5991/5240/5134 4250/5238/5132
f 2050/5239/5133 345/5241/5135 4251/5242/5136 5991/5240/5134
f 5991/5240/5134 4251/5242/5136 370/5143/5037 2075/5141/5035
f 4250/5238/5132 5991/5240/5134 2075/5141/5035 371/5139/5033
f 345/5241/5135 2049/5243/5137 5992/5244/5138 4251/5242/5136
f 2049/5243/5137 344/5245/5139 4252/5246/5140 5992/5244/5138
f 5992/5244/5138 4252/5246/5140 369/5147/5041 2074/5145/5039
f 4251/5242/5136 5992/5244/5138 2074/5145/5039 370/5143/5037
f 344/5245/5139 2048/5247/5141 5993/5248/5142 4252/5246/5140
f 2048/5247/5141 343/5249/5143 4253/5250/5144 5993/5248/5142
f 5993/5248/5142 4253/5250/5144 368/5151/5045 2073/5149/5043
f 4252/5246/5140 5993/5248/5142 2073/5149/5043 369/5147/5041
f 343/5249/5143 2047/5251/5145 5994/5252/5146 4253/5250/5144
f 2047/5251/5145 342/5253/5147 4254/5254/5148 5994/5252/5146
f 5994/5252/5146 4254/5254/5148 367/5155/5049 2072/5153/5047
f 4253/5250/5144 5994/5252/5146 2072/5153/5047 368/5151/5045
f 342/5253/5147 2046/5255/5149 5995/5256/5150 4254/5254/5148
f 2046/5255/5149 341/5257/5151 4255/5258/5152 5995/5256/5150
f 5995/5256/5150 4255/5258/5152 366/5159/5053 2071/5157/5051
f 4254/5254/5148 5995/5256/5150 2071/5157/5051 367/5155/5049
f 341/5257/5151 2045/5259/5153 5996/5260/5154 4255/5258/5152
f 2045/5259/5153 340/5261/5155 4256/5262/5156 5996/5260/5154
f 5996/5260/5154 4256/5262/5156 365/5163/5057 2070/5161/5055
f 4255/5258/5152 5996/5260/5154 2070/5161/5055 366/5159/5053
f 340/5261/5155 2044/5263/5157 5997/5264/5158 4256/5262/5156
f 2044/5263/5157 339/5265/5159 4257/5266/5160 5997/5264/5158
f 5997/5264/5158 4257/5266/5160 364/5167/5061 2069/5165/5059
f 4256/5262/5156 5997/5264/5158 2069/5165/5059 365/5163/5057
f 339/5265/5159 2043/5267/5161 5998/5268/5162 4257/5266/5160
f 2043/5267/5161 338/5269/5163 4258/5270/5164 5998/5268/5162
f 5998/5268/5162 4258/5270/5164 363/5171/5065 2068/5169/5063
f 4257/5266/5160 5998/5268/5162 2068/5169/5063 364/5167/5061
f 338/5269/5163 2042/5271/5165 5999/5272/5166 4258/5270/5164
f 2042/5271/5165 337/5273/5167 4259/5274/5168 5999/5272/5166
f 5999/5272/5166 4259/5274/5168 362/5175/5069 2067/5173/5067
f 4258/5270/5164 5999/5272/5166 2067/5173/5067 363/5171/5065
f 337/5273/5167 2041/5275/5169 6000/5276/5170 4259/5274/5168
f 2041/5275/5169 336/5277/5171 4260/5278/5172 6000/5276/5170
f 6000/5276/5170 4260/5278/5172 361/5179/5073 2066/5177/5071
f 4259/5274/5168 6000/5276/5170 2066/5177/5071 362/5175/5069
f 336/5277/5171 2040/5279/5173 6001/5280/5174 4260/5278/5172
f 2040/5279/5173 335/5281/5175 4261/5282/5176 6001/5280/5174
f 6001/5280/5174 4261/5282/5176 360/5183/5077 2065/5181/5075
f 4260/5278/5172 6001/5280/5174 2065/5181/5075 361/5179/5073
f 335/5281/5175 2039/5283/5177 6002/5284/5178 4261/5282/5176
f 2039/5283/5177 334/486/381 4262/488/383 6002/5284/5178
f 6002/5284/5178 4262/488/383 359/490/385 2064/5185/5079
f 4261/5282/5176 6002/5284/5178 2064/5185/5079 360/5183/5077
f 79/295/232 1767/5285/5179 6003/5286/5180 1683/301/237
f 1767/5285/5179 333/5287/5181 4263/5288/5182 6003/5286/5180
f 6003/5286/5180 4263/5288/5182 358/5189/5083 1768/5187/5081
f 1683/301/237 6003/5286/5180 1768/5187/5081 78/303/238
f 333/5287/5181 2037/5289/5183 6004/5290/5184 4263/5288/5182
f 2037/5289/5183 332/5291/5185 4264/5292/5186 6004/5290/5184
f 6004/5290/5184 4264/5292/5186 357/5193/5087 2062/5191/5085
f 4263/5288/5182 6004/5290/5184 2062/5191/5085 358/5189/5083
f 332/5291/5185 2036/5293/5187 6005/5294/5188 4264/5292/5186
f 2036/5293/5187 331/5295/5189 4265/5296/5190 6005/5294/5188
f 6005/5294/5188 4265/5296/5190 356/5197/5091 2061/5195/5089
f 4264/5292/5186 6005/5294/5188 2061/5195/5089 357/5193/5087
f 331/5295/5189 2035/5297/5191 6006/5298/5192 4265/5296/5190
f 2035/5297/5191 330/5299/5193 4266/5300/5194 6006/5298/5192
f 6006/5298/5192 4266/5300/5194 355/5201/5095 2060/5199/5093
f 4265/5296/5190 6006/5298/5192 2060/5199/5093 356/5197/5091
f 330/5299/5193 2034/5301/5195 6007/5302/5196 4266/5300/5194
f 2034/5301/5195 329/5303/5197 4267/5304/5198 6007/5302/5196
f 6007/5302/5196 4267/5304/5198 354/5205/5099 2059/5203/5097
f 4266/5300/5194 6007/5302/5196 2059/5203/5097 355/5201/5095
f 329/5303/5197 2033/5305/5199 6008/5306/5200 4267/5304/5198
f 2033/5305/5199 328/5307/5201 4268/5308/5202 6008/5306/5200
f 6008/5306/5200 4268/5308/5202 353/5209/5103 2058/5207/5101
f 4267/5304/5198 6008/5306/5200 2058/5207/5101 354/5205/5099
f 328/5307/5201 2032/5309/5203 6009/5310/5204 4268/5308/5202
f 2032/5309/5203 327/5311/5205 4269/5312/5206 6009/5310/5204
f 6009/5310/5204 4269/5312/5206 352/5213/5107 2057/5211/5105
f 4268/5308/5202 6009/5310/5204 2057/5211/5105 353/5209/5103
f 327/5311/5205 2031/5313/5207 6010/5314/5208 4269/5312/5206
f 2031/5313/5207 326/5315/5209 4270/5316/5210 6010/5314/5208
f 6010/5314/5208 4270/5316/5210 351/5217/5111 2056/5215/5109
f 4269/5312/5206 6010/5314/5208 2056/5215/5109 352/5213/5107
f 326/5315/5209 2030/5317/5211 6011/5318/5212 4270/5316/5210
f 2030/5317/5211 325/5319/5213 4271/5320/5214 6011/5318/5212
f 6011/5318/5212 4271/5320/5214 350/5221/5115 2055/5219/5113
f 4270/5316/5210 6011/5318/5212 2055/5219/5113 351/5217/5111
f 325/5319/5213 2029/5321/5215 6012/5322/5216 4271/5320/5214
f 2029/5321/5215 324/5323/5217 4272/5324/5218 6012/5322/5216
f 6012/5322/5216 4272/5324/5218 349/5225/5119 2054/5223/5117
f 4271/5320/5214 6012/5322/5216 2054/5223/5117 350/5221/5115
f 324/5323/5217 2028/5325/5219 6013/5326/5220 4272/5324/5218
f 2028/5325/5219 323/5327/5221 4273/5328/5222 6013/5326/5220
f 6013/5326/5220 4273/5328/5222 348/5229/5123 2053/5227/5121
f 4272/5324/5218 6013/5326/5220 2053/5227/5121 349/5225/5119
f 323/5327/5221 2027/5329/5223 6014/5330/5224 4273/5328/5222
f 2027/5329/5223 322/5331/5225 4274/5332/5226 6014/5330/5224
f 6014/5330/5224 4274/5332/5226 347/5233/5127 2052/5231/5125
f 4273/5328/5222 6014/5330/5224 2052/5231/5125 348/5229/5123
f 322/5331/5225 2026/5333/5227 6015/5334/5228 4274/5332/5226
f 2026/5333/5227 321/5335/5229 4275/5336/5230 6015/5334/5228
f 6015/5334/5228 4275/5336/5230 346/5237/5131 2051/5235/5129
f 4274/5332/5226 6015/5334/5228 2051/5235/5129 347/5233/5127
f 321/5335/5229 2025/5337/5231 6016/5338/5232 4275/5336/5230
f 2025/5337/5231 320/5339/5233 4276/5340/5234 6016/5338/5232
f 6016/5338/5232 4276/5340/5234 345/5241/5135 2050/5239/5133
f 4275/5336/5230 6016/5338/5232 2050/5239/5133 346/5237/5131
f 320/5339/5233 2024/5341/5235 6017/5342/5236 4276/5340/5234
f 2024/5341/5235 319/5343/5237 4277/5344/5238 6017/5342/5236
f 6017/5342/5236 4277/5344/5238 344/5245/5139 2049/5243/5137
f 4276/5340/5234 6017/5342/5236 2049/5243/5137 345/5241/5135
f 319/5343/5237 2023/5345/5239 6018/5346/5240 4277/5344/5238
f 2023/5345/5239 318/5347/5241 4278/5348/5242 6018/5346/5240
f 6018/5346/5240 4278/5348/5242 343/5249/5143 2048/5247/5141
f 4277/5344/5238 6018/5346/5240 2048/5247/5141 344/5245/5139
f 318/5347/5241 2022/5349/5243 6019/5350/5244 4278/5348/5242
f 2022/5349/5243 317/5351/5245 4279/5352/5246 6019/5350/5244
f 6019/5350/5244 4279/5352/5246 342/5253/5147 2047/5251/5145
f 4278/5348/5242 6019/5350/5244 2047/5251/5145 343/5249/5143
f 317/5351/5245 2021/5353/5247 6020/5354/5248 4279/5352/5246
f 2021/5353/5247 316/5355/5249 4280/5356/5250 6020/5354/5248
f 6020/5354/5248 4280/5356/5250 341/5257/5151 2046/5255/5149
f 4279/5352/5246 6020/5354/5248 2046/5255/5149 342/5253/5147
f 316/5355/5249 2020/5357/5251 6021/5358/5252 4280/5356/5250
f 2020/5357/5251 315/5359/5253 4281/5360/5254 6021/5358/5252
f 6021/5358/5252 4281/5360/5254 340/5261/5155 2045/5259/5153
f 4280/5356/5250 6021/5358/5252 2045/5259/5153 341/5257/5151
f 315/5359/5253 2019/5361/5255 6022/5362/5256 4281/5360/5254
f 2019/5361/5255 314/5363/5257 4282/5364/5258 6022/5362/5256
f 6022/5362/5256 4282/5364/5258 339/5265/5159 2044/5263/5157
f 4281/5360/5254 6022/5362/5256 2044/5263/5157 340/5261/5155
f 314/5363/5257 2018/5365/5259 6023/5366/5260 4282/5364/5258
f 2018/5365/5259 313/5367/5261 4283/5368/5262 6023/5366/5260
f 6023/5366/5260 4283/5368/5262 338/5269/5163 2043/5267/5161
f 4282/5364/5258 6023/5366/5260 2043/5267/5161 339/5265/5159
f 313/5367/5261 2017/5369/5263 6024/5370/5264 4283/5368/5262
f 2017/5369/5263 312/5371/5265 4284/5372/5266 6024/5370/5264
f 6024/5370/5264 4284/5372/5266 337/5273/5167 2042/5271/5165
f 4283/5368/5262 6024/5370/5264 2042/5271/5165 338/5269/5163
f 312/5371/5265 2016/5373/5267 6025/5374/5268 4284/5372/5266
f 2016/5373/5267 311/5375/5269 4285/5376/5270 6025/5374/5268
f 6025/5374/5268 4285/5376/5270 336/5277/5171 2041/5275/5169
f 4284/5372/5266 6025/5374/5268 2041/5275/5169 337/5273/5167
f 311/5375/5269 2015/5377/5271 6026/5378/5272 4285/5376/5270
f 2015/5377/5271 310/5379/5273 4286/5380/5274 6026/5378/5272
f 6026/5378/5272 4286/5380/5274 335/5281/5175 2040/5279/5173
f 4285/5376/5270 6026/5378/5272 2040/5279/5173 336/5277/5171
f 310/5379/5273 2014/5381/5275 6027/5382/5276 4286/5380/5274
f 2014/5381/5275 309/482/377 4287/484/379 6027/5382/5276
f 6027/5382/5276 4287/484/379 334/486/381 2039/5283/5177
f 4286/5380/5274 6027/5382/5276 2039/5283/5177 335/5281/5175
f 80/287/226 1766/5383/5277 6028/5384/5278 1684/293/231
f 1766/5383/5277 308/5385/5279 4288/5386/5280 6028/5384/5278
f 6028/5384/5278 4288/5386/5280 333/5287/5181 1767/5285/5179
f 1684/293/231 6028/5384/5278 1767/5285/5179 79/295/232
f 308/5385/5279 2012/5387/5281 6029/5388/5282 4288/5386/5280
f 2012/5387/5281 307/5389/5283 4289/5390/5284 6029/5388/5282
f 6029/5388/5282 4289/5390/5284 332/5291/5185 2037/5289/5183
f 4288/5386/5280 6029/5388/5282 2037/5289/5183 333/5287/5181
f 307/5389/5283 2011/5391/5285 6030/5392/5286 4289/5390/5284
f 2011/5391/5285 306/5393/5287 4290/5394/5288 6030/5392/5286
f 6030/5392/5286 4290/5394/5288 331/5295/5189 2036/5293/5187
f 4289/5390/5284 6030/5392/5286 2036/5293/5187 332/5291/5185
f 306/5393/5287 2010/5395/5289 6031/5396/5290 4290/5394/5288
f 2010/5395/5289 305/5397/5291 4291/5398/5292 6031/5396/5290
f 6031/5396/5290 4291/5398/5292 330/5299/5193 2035/5297/5191
f 4290/5394/5288 6031/5396/5290 2035/5297/5191 331/5295/5189
f 305/5397/5291 2009/5399/5293 6032/5400/5294 4291/5398/5292
f 2009/5399/5293 304/5401/5295 4292/5402/5296 6032/5400/5294
f 6032/5400/5294 4292/5402/5296 329/5303/5197 2034/5301/5195
f 4291/5398/5292 6032/5400/5294 2034/5301/5195 330/5299/5193
f 304/5401/5295 2008/5403/5297 6033/5404/5298 4292/5402/5296
f 2008/5403/5297 303/5405/5299 4293/5406/5300 6033/5404/5298
f 6033/5404/5298 4293/5406/5300 328/5307/5201 2033/5305/5199
f 4292/5402/5296 6033/5404/5298 2033/5305/5199 329/5303/5197
f 303/5405/5299 2007/5407/5301 6034/5408/5302 4293/5406/5300
f 2007/5407/5301 302/5409/5303 4294/5410/5304 6034/5408/5302
f 6034/5408/5302 4294/5410/5304 327/5311/5205 2032/5309/5203
f 4293/5406/5300 6034/5408/5302 2032/5309/5203 328/5307/5201
f 302/5409/5303 2006/5411/5305 6035/5412/5306 4294/5410/5304
f 2006/5411/5305 301/5413/5307 4295/5414/5308 6035/5412/5306
f 6035/5412/5306 4295/5414/5308 326/5315/5209 2031/5313/5207
f 4294/5410/5304 6035/5412/5306 2031/5313/5207 327/5311/5205
f 301/5413/5307 2005/5415/5309 6036/5416/5310 4295/5414/5308
f 2005/5415/5309 300/5417/5311 4296/5418/5312 6036/5416/5310
f 6036/5416/5310 4296/5418/5312 325/5319/5213 2030/5317/5211
f 4295/5414/5308 6036/5416/5310 2030/5317/5211 326/5315/5209
f 300/5417/5311 2004/5419/5313 6037/5420/5314 4296/5418/5312
f 2004/5419/5313 299/5421/5315 4297/5422/5316 6037/5420/5314
f 6037/5420/5314 4297/5422/5316 324/5323/5217 2029/5321/5215
f 4296/5418/5312 6037/5420/5314 2029/5321/5215 325/5319/5213
f 299/5421/5315 2003/5423/5317 6038/5424/5318 4297/5422/5316
f 2003/5423/5317 298/5425/5319 4298/5426/5320 6038/5424/5318
f 6038/5424/5318 4298/5426/5320 323/5327/5221 2028/5325/5219
f 4297/5422/5316 6038/5424/5318 2028/5325/5219 324/5323/5217
f 298/5425/5319 2002/5427/5321 6039/5428/5322 4298/5426/5320
f 2002/5427/5321 297/5429/5323 4299/5430/5324 6039/5428/5322
f 6039/5428/5322 4299/5430/5324 322/5331/5225 2027/5329/5223
f 4298/5426/5320 6039/5428/5322 2027/5329/5223 323/5327/5221
f 297/5429/5323 2001/5431/5325 6040/5432/5326 4299/5430/5324
f 2001/5431/5325 296/5433/5327 4300/5434/5328 6040/5432/5326
f 6040/5432/5326 4300/5434/5328 321/5335/5229 2026/5333/5227
f 4299/5430/5324 6040/5432/5326 2026/5333/5227 322/5331/5225
f 296/5433/5327 2000/5435/5329 6041/5436/5330 4300/5434/5328
f 2000/5435/5329 295/5437/5331 4301/5438/5332 6041/5436/5330
f 6041/5436/5330 4301/5438/5332 320/5339/5233 2025/5337/5231
f 4300/5434/5328 6041/5436/5330 2025/5337/5231 321/5335/5229
f 295/5437/5331 1999/5439/5333 6042/5440/5334 4301/5438/5332
f 1999/5439/5333 294/5441/5335 4302/5442/5336 6042/5440/5334
f 6042/5440/5334 4302/5442/5336 319/5343/5237 2024/5341/5235
f 4301/5438/5332 6042/5440/5334 2024/5341/5235 320/5339/5233
f 294/5441/5335 1998/5443/5337 6043/5444/5338 4302/5442/5336
f 1998/5443/5337 293/5445/5339 4303/5446/5340 6043/5444/5338
f 6043/5444/5338 4303/5446/5340 318/5347/5241 2023/5345/5239
f 4302/5442/5336 6043/5444/5338 2023/5345/5239 319/5343/5237
f 293/5445/5339 1997/5447/5341 6044/5448/5342 4303/5446/5340
f 1997/5447/5341 292/5449/5343 4304/5450/5344 6044/5448/5342
f 6044/5448/5342 4304/5450/5344 317/5351/5245 2022/5349/5243
f 4303/5446/5340 6044/5448/5342 2022/5349/5243 318/5347/5241
f 292/5449/5343 1996/5451/5345 6045/5452/5346 4304/5450/5344
f 1996/5451/5345 291/5453/5347 4305/5454/5348 6045/5452/5346
f 6045/5452/5346 4305/5454/5348 316/5355/5249 2021/5353/5247
f 4304/5450/5344 6045/5452/5346 2021/5353/5247 317/5351/5245
f 291/5453/5347 1995/5455/5349 6046/5456/5350 4305/5454/5348
f 1995/5455/5349 290/5457/5351 4306/5458/5352 6046/5456/5350
f 6046/5456/5350 4306/5458/5352 315/5359/5253 2020/5357/5251
f 4305/5454/5348 6046/5456/5350 2020/5357/5251 316/5355/5249
f 290/5457/5351 1994/5459/5353 6047/5460/5354 4306/5458/5352
f 1994/5459/5353 289/5461/5355 4307/5462/5356 6047/5460/5354
f 6047/5460/5354 4307/5462/5356 314/5363/5257 2019/5361/5255
f 4306/5458/5352 6047/5460/5354 2019/5361/5255 315/5359/5253
f 289/5461/5355 1993/5463/5357 6048/5464/5358 4307/5462/5356
f 1993/5463/5357 288/5465/5359 4308/5466/5360 6048/5464/5358
f 6048/5464/5358 4308/5466/5360 313/5367/5261 2018/5365/5259
f 4307/5462/5356 6048/5464/5358 2018/5365/5259 314/5363/5257
f 288/5465/5359 1992/5467/5361 6049/5468/5362 4308/5466/5360
f 1992/5467/5361 287/5469/5363 4309/5470/5364 6049/5468/5362
f 6049/5468/5362 4309/5470/5364 312/5371/5265 2017/5369/5263
f 4308/5466/5360 6049/5468/5362 2017/5369/5263 313/5367/5261
f 287/5469/5363 1991/5471/5365 6050/5472/5366 4309/5470/5364
f 1991/5471/5365 286/5473/5367 4310/5474/5368 6050/5472/5366
f 6050/5472/5366 4310/5474/5368 311/5375/5269 2016/5373/5267
f 4309/5470/5364 6050/5472/5366 2016/5373/5267 312/5371/5265
f 286/5473/5367 1990/5475/5369 6051/5476/5370 4310/5474/5368
f 1990/5475/5369 285/5477/5371 4311/5478/5372 6051/5476/5370
f 6051/5476/5370 4311/5478/5372 310/5379/5273 2015/5377/5271
f 4310/5474/5368 6051/5476/5370 2015/5377/5271 311/5375/5269
f 285/5477/5371 1989/5479/5373 6052/5480/5374 4311/5478/5372
f 1989/5479/5373 284/478/373 4312/480/375 6052/5480/5374
f 6052/5480/5374 4312/480/375 309/482/377 2014/5381/5275
f 4311/5478/5372 6052/5480/5374 2014/5381/5275 310/5379/5273
f 81/279/220 1765/5481/5375 6053/5482/5376 1685/285/225
f 1765/5481/5375 283/5483/5377 4313/5484/5378 6053/5482/5376
f 6053/5482/5376 4313/5484/5378 308/5385/5279 1766/5383/5277
f 1685/285/225 6053/5482/5376 1766/5383/5277 80/287/226
f 283/5483/5377 1987/5485/5379 6054/5486/5380 4313/5484/5378
f 1987/5485/5379 282/5487/5381 4314/5488/5382 6054/5486/5380
f 6054/5486/5380 4314/5488/5382 307/5389/5283 2012/5387/5281
f 4313/5484/5378 6054/5486/5380 2012/5387/5281 308/5385/5279
f 282/5487/5381 1986/5489/5383 6055/5490/5384 4314/5488/5382
f 1986/5489/5383 281/5491/5385 4315/5492/5386 6055/5490/5384
f 6055/5490/5384 4315/5492/5386 306/5393/5287 2011/5391/5285
f 4314/5488/5382 6055/5490/5384 2011/5391/5285 307/5389/5283
f 281/5491/5385 1985/5493/5387 6056/5494/5388 4315/5492/5386
f 1985/5493/5387 280/5495/5389 4316/5496/5390 6056/5494/5388
f 6056/5494/5388 4316/5496/5390 305/5397/5291 2010/5395/5289
f 4315/5492/5386 6056/5494/5388 2010/5395/5289 306/5393/5287
f 280/5495/5389 1984/5497/5391 6057/5498/5392 4316/5496/5390
f 1984/5497/5391 279/5499/5393 4317/5500/5394 6057/5498/5392
f 6057/5498/5392 4317/5500/5394 304/5401/5295 2009/5399/5293
f 4316/5496/5390 6057/5498/5392 2009/5399/5293 305/5397/5291
f 279/5499/5393 1983/5501/5395 6058/5502/5396 4317/5500/5394
f 1983/5501/5395 278/5503/5397 4318/5504/5398 6058/5502/5396
f 6058/5502/5396 4318/5504/5398 303/5405/5299 2008/5403/5297
f 4317/5500/5394 6058/5502/5396 2008/5403/5297 304/5401/5295
f 278/5503/5397 1982/5505/5399 6059/5506/5400 4318/5504/5398
f 1982/5505/5399 277/5507/5401 4319/5508/5402 6059/5506/5400
f 6059/5506/5400 4319/5508/5402 302/5409/5303 2007/5407/5301
f 4318/5504/5398 6059/5506/5400 2007/5407/5301 303/5405/5299
f 277/5507/5401 1981/5509/5403 6060/5510/5404 4319/5508/5402
f 1981/5509/5403 276/5511/5405 4320/5512/5406 6060/5510/5404
f 6060/5510/5404 4320/5512/5406 301/5413/5307 2006/5411/5305
f 4319/5508/5402 6060/5510/5404 2006/5411/5305 302/5409/5303
f 276/5511/5405 1980/5513/5407 6061/5514/5408 4320/5512/5406
f 1980/5513/5407 275/5515/5409 4321/5516/5410 6061/5514/5408
f 6061/5514/5408 4321/5516/5410 300/5417/5311 2005/5415/5309
f 4320/5512/5406 6061/5514/5408 2005/5415/5309 301/5413/5307
f 275/5515/5409 1979/5517/5411 6062/5518/5412 4321/5516/5410
f 1979/5517/5411 274/5519/5413 4322/5520/5414 6062/5518/5412
f 6062/5518/5412 4322/5520/5414 299/5421/5315 2004/5419/5313
f 4321/5516/5410 6062/5518/5412 2004/5419/5313 300/5417/5311
f 274/5519/5413 1978/5521/5415 6063/5522/5416 4322/5520/5414
f 1978/5521/5415 273/5523/5417 4323/5524/5418 6063/5522/5416
f 6063/5522/5416 4323/5524/5418 298/5425/5319 2003/5423/5317
f 4322/5520/5414 6063/5522/5416 2003/5423/5317 299/5421/5315
f 273/5523/5417 1977/5525/5419 6064/5526/5420 4323/5524/5418
f 1977/5525/5419 272/5527/5421 4324/5528/5422 6064/5526/5420
f 6064/5526/5420 4324/5528/5422 297/5429/5323 2002/5427/5321
f 4323/5524/5418 6064/5526/5420 2002/5427/5321 298/5425/5319
f 272/5527/5421 1976/5529/5423 6065/5530/5424 4324/5528/5422
f 1976/5529/5423 271/5531/5425 4325/5532/5426 6065/5530/5424
f 6065/5530/5424 4325/5532/5426 296/5433/5327 2001/5431/5325
f 4324/5528/5422 6065/5530/5424 2001/5431/5325 297/5429/5323
f 271/5531/5425 1975/5533/5427 6066/5534/5428 4325/5532/5426
f 1975/5533/5427 270/5535/5429 4326/5536/5430 6066/5534/5428
f 6066/5534/5428 4326/5536/5430 295/5437/5331 2000/5435/5329
f 4325/5532/5426 6066/5534/5428 2000/5435/5329 296/5433/5327
f 270/5535/5429 1974/5537/5431 6067/5538/5432 4326/5536/5430
f 1974/5537/5431 269/5539/5433 4327/5540/5434 6067/5538/5432
f 6067/5538/5432 4327/5540/5434 294/5441/5335 1999/5439/5333
f 4326/5536/5430 6067/5538/5432 1999/5439/5333 295/5437/5331
f 269/5539/5433 1973/5541/5435 6068/5542/5436 4327/5540/5434
f 1973/5541/5435 268/5543/5437 4328/5544/5438 6068/5542/5436
f 6068/5542/5436 4328/5544/5438 293/5445/5339 1998/5443/5337
f 4327/5540/5434 6068/5542/5436 1998/5443/5337 294/5441/5335
f 268/5543/5437 1972/5545/5439 6069/5546/5440 4328/5544/5438
f 1972/5545/5439 267/5547/5441 4329/5548/5442 6069/5546/5440
f 6069/5546/5440 4329/5548/5442 292/5449/5343 1997/5447/5341
f 4328/5544/5438 6069/5546/5440 1997/5447/5341 293/5445/5339
f 267/5547/5441 1971/5549/5443 6070/5550/5444 4329/5548/5442
f 1971/5549/5443 266/5551/5445 4330/5552/5446 6070/5550/5444
f 6070/5550/5444 4330/5552/5446 291/5453/5347 1996/5451/5345
f 4329/5548/5442 6070/5550/5444 1996/5451/5345 292/5449/5343
f 266/5551/5445 1970/5553/5447 6071/5554/5448 4330/5552/5446
f 1970/5553/5447 265/5555/5449 4331/5556/5450 6071/5554/5448
f 6071/5554/5448 4331/5556/5450 290/5457/5351 1995/5455/5349
f 4330/5552/5446 6071/5554/5448 1995/5455/5349 291/5453/5347
f 265/5555/5449 1969/5557/5451 6072/5558/5452 4331/5556/5450
f 1969/5557/5451 264/5559/5453 4332/5560/5454 6072/5558/5452
f 6072/5558/5452 4332/5560/5454 289/5461/5355 1994/5459/5353
f 4331/5556/5450 6072/5558/5452 1994/5459/5353 290/5457/5351
f 264/5559/5453 1968/5561/5455 6073/5562/5456 4332/5560/5454
f 1968/5561/5455 263/5563/5457 4333/5564/5458 6073/5562/5456
f 6073/5562/5456 4333/5564/5458 288/5465/5359 1993/5463/5357
f 4332/5560/5454 6073/5562/5456 1993/5463/5357 289/5461/5355
f 263/5563/5457 1967/5565/5459 6074/5566/5460 4333/5564/5458
f 1967/5565/5459 262/5567/5461 4334/5568/5462 6074/5566/5460
f 6074/5566/5460 4334/5568/5462 287/5469/5363 1992/5467/5361
f 4333/5564/5458 6074/5566/5460 1992/5467/5361 288/5465/5359
f 262/5567/5461 1966/5569/5463 6075/5570/5464 4334/5568/5462
f 1966/5569/5463 261/5571/5465 4335/5572/5466 6075/5570/5464
f 6075/5570/5464 4335/5572/5466 286/5473/5367 1991/5471/5365
f 4334/5568/5462 6075/5570/5464 1991/5471/5365 287/5469/5363
f 261/5571/5465 1965/5573/5467 6076/5574/5468 4335/5572/5466
f 1965/5573/5467 260/5575/5469 4336/5576/5470 6076/5574/5468
f 6076/5574/5468 4336/5576/5470 285/5477/5371 1990/5475/5369
f 4335/5572/5466 6076/5574/5468 1990/5475/5369 286/5473/5367
f 260/5575/5469 1964/5577/5471 6077/5578/5472 4336/5576/5470
f 1964/5577/5471 259/474/369 4337/476/371 6077/5578/5472
f 6077/5578/5472 4337/476/371 284/478/373 1989/5479/5373
f 4336/5576/5470 6077/5578/5472 1989/5479/5373 285/5477/5371
f 82/271/214 1764/5579/5473 6078/5580/5474 1686/277/219
f 1764/5579/5473 258/5581/5475 4338/5582/5476 6078/5580/5474
f 6078/5580/5474 4338/5582/5476 283/5483/5377 1765/5481/5375
f 1686/277/219 6078/5580/5474 1765/5481/5375 81/279/220
f 258/5581/5475 1962/5583/5477 6079/5584/5478 4338/5582/5476
f 1962/5583/5477 257/5585/5479 4339/5586/5480 6079/5584/5478
f 6079/5584/5478 4339/5586/5480 282/5487/5381 1987/5485/5379
f 4338/5582/5476 6079/5584/5478 1987/5485/5379 283/5483/5377
f 257/5585/5479 1961/5587/5481 6080/5588/5482 4339/5586/5480
f 1961/5587/5481 256/5589/5483 4340/5590/5484 6080/5588/5482
f 6080/5588/5482 4340/5590/5484 281/5491/5385 1986/5489/5383
f 4339/5586/5480 6080/5588/5482 1986/5489/5383 282/5487/5381
f 256/5589/5483 1960/5591/5485 6081/5592/5486 4340/5590/5484
f 1960/5591/5485 255/5593/5487 4341/5594/5488 6081/5592/5486
f 6081/5592/5486 4341/5594/5488 280/5495/5389 1985/5493/5387
f 4340/5590/5484 6081/5592/5486 1985/5493/5387 281/5491/5385
f 255/5593/5487 1959/5595/5489 6082/5596/5490 4341/5594/5488
f 1959/5595/5489 254/5597/5491 4342/5598/5492 6082/5596/5490
f 6082/5596/5490 4342/5598/5492 279/5499/5393 1984/5497/5391
f 4341/5594/5488 6082/5596/5490 1984/5497/5391 280/5495/5389
f 254/5597/5491 1958/5599/5493 6083/5600/5494 4342/5598/5492
f 1958/5599/5493 253/5601/5495 4343/5602/5496 6083/5600/5494
f 6083/5600/5494 4343/5602/5496 278/5503/5397 1983/5501/5395
f 4342/5598/5492 6083/5600/5494 1983/5501/5395 279/5499/5393
f 253/5601/5495 1957/5603/5497 6084/5604/5498 4343/5602/5496
f 1957/5603/5497 252/5605/5499 4344/5606/5500 6084/5604/5498
f 6084/5604/5498 4344/5606/5500 277/5507/5401 1982/5505/5399
f 4343/5602/5496 6084/5604/5498 1982/5505/5399 278/5503/5397
f 252/5605/5499 1956/5607/5501 6085/5608/5502 4344/5606/5500
f 1956/5607/5501 251/5609/5503 4345/5610/5504 6085/5608/5502
f 6085/5608/5502 4345/5610/5504 276/5511/5405 1981/5509/5403
f 4344/5606/5500 6085/5608/5502 1981/5509/5403 277/5507/5401
f 251/5609/5503 1955/5611/5505 6086/5612/5506 4345/5610/5504
f 1955/5611/5505 250/5613/5507 4346/5614/5508 6086/5612/5506
f 6086/5612/5506 4346/5614/5508 275/5515/5409 1980/5513/5407
f 4345/5610/5504 6086/5612/5506 1980/5513/5407 276/5511/5405
f 250/5613/5507 1954/5615/5509 6087/5616/5510 4346/5614/5508
f 1954/5615/5509 249/5617/5511 4347/5618/5512 6087/5616/5510
f 6087/5616/5510 4347/5618/5512 274/5519/5413 1979/5517/5411
f 4346/5614/5508 6087/5616/5510 1979/5517/5411 275/5515/5409
f 249/5617/5511 1953/5619/5513 6088/5620/5514 4347/5618/5512
f 1953/5619/5513 248/5621/5515 4348/5622/5516 6088/5620/5514
f 6088/5620/5514 4348/5622/5516 273/5523/5417 1978/5521/5415
f 4347/5618/5512 6088/5620/5514 1978/5521/5415 274/5519/5413
f 248/5621/5515 1952/5623/5517 6089/5624/5518 4348/5622/5516
f 1952/5623/5517 247/5625/5519 4349/5626/5520 6089/5624/5518
f 6089/5624/5518 4349/5626/5520 272/5527/5421 1977/5525/5419
f 4348/5622/5516 6089/5624/5518 1977/5525/5419 273/5523/5417
f 247/5625/5519 1951/5627/5521 6090/5628/5522 4349/5626/5520
f 1951/5627/5521 246/5629/5523 4350/5630/5524 6090/5628/5522
f 6090/5628/5522 4350/5630/5524 271/5531/5425 1976/5529/5423
f 4349/5626/5520 6090/5628/5522 1976/5529/5423 272/5527/5421
f 246/5629/5523 1950/5631/5525 6091/5632/5526 4350/5630/5524
f 1950/5631/5525 245/5633/5527 4351/5634/5528 6091/5632/5526
f 6091/5632/5526 4351/5634/5528 270/5535/5429 1975/5533/5427
f 4350/5630/5524 6091/5632/5526 1975/5533/5427 271/5531/5425
f 245/5633/5527 1949/5635/5529 6092/5636/5530 4351/5634/5528
f 1949/5635/5529 244/5637/5531 4352/5638/5532 6092/5636/5530
f 6092/5636/5530 4352/5638/5532 269/5539/5433 1974/5537/5431
f 4351/5634/5528 6092/5636/5530 1974/5537/5431 270/5535/5429
f 244/5637/5531 1948/5639/5533 6093/5640/5534 4352/5638/5532
f 1948/5639/5533 243/5641/5535 4353/5642/5536 6093/5640/5534
f 6093/5640/5534 4353/5642/5536 268/5543/5437 1973/5541/5435
f 4352/5638/5532 6093/5640/5534 1973/5541/5435 269/5539/5433
f 243/5641/5535 1947/5643/5537 6094/5644/5538 4353/5642/5536
f 1947/5643/5537 242/5645/5539 4354/5646/5540 6094/5644/5538
f 6094/5644/5538 4354/5646/5540 267/5547/5441 1972/5545/5439
f 4353/5642/5536 6094/5644/5538 1972/5545/5439 268/5543/5437
f 242/5645/5539 1946/5647/5541 6095/5648/5542 4354/5646/5540
f 1946/5647/5541 241/5649/5543 4355/5650/5544 6095/5648/5542
f 6095/5648/5542 4355/5650/5544 266/5551/5445 1971/5549/5443
f 4354/5646/5540 6095/5648/5542 1971/5549/5443 267/5547/5441
f 241/5649/5543 1945/5651/5545 6096/5652/5546 4355/5650/5544
f 1945/5651/5545 240/5653/5547 4356/5654/5548 6096/5652/5546
f 6096/5652/5546 4356/5654/5548 265/5555/5449 1970/5553/5447
f 4355/5650/5544 6096/5652/5546 1970/5553/5447 266/5551/5445
f 240/5653/5547 1944/5655/5549 6097/5656/5550 4356/5654/5548
f 1944/5655/5549 239/5657/5551 4357/5658/5552 6097/5656/5550
f 6097/5656/5550 4357/5658/5552 264/5559/5453 1969/5557/5451
f 4356/5654/5548 6097/5656/5550 1969/5557/5451 265/5555/5449
f 239/5657/5551 1943/5659/5553 6098/5660/5554 4357/5658/5552
f 1943/5659/5553 238/5661/5555 4358/5662/5556 6098/5660/5554
f 6098/5660/5554 4358/5662/5556 263/5563/5457 1968/5561/5455
f 4357/5658/5552 6098/5660/5554 1968/5561/5455 264/5559/5453
f 238/5661/5555 1942/5663/5557 6099/5664/5558 4358/5662/5556
f 1942/5663/5557 237/5665/5559 4359/5666/5560 6099/5664/5558
f 6099/5664/5558 4359/5666/5560 262/5567/5461 1967/5565/5459
f 4358/5662/5556 6099/5664/5558 1967/5565/5459 263/5563/5457
f 237/5665/5559 1941/5667/5561 6100/5668/5562 4359/5666/5560
f 1941/5667/5561 236/5669/5563 4360/5670/5564 6100/5668/5562
f 6100/5668/5562 4360/5670/5564 261/5571/5465 1966/5569/5463
f 4359/5666/5560 6100/5668/5562 1966/5569/5463 262/5567/5461
f 236/5669/5563 1940/5671/5565 6101/5672/5566 4360/5670/5564
f 1940/5671/5565 235/5673/5567 4361/5674/5568 6101/5672/5566
f 6101/5672/5566 4361/5674/5568 260/5575/5469 1965/5573/5467
f 4360/5670/5564 6101/5672/5566 1965/5573/5467 261/5571/5465
f 235/5673/5567 1939/5675/5569 6102/5676/5570 4361/5674/5568
f 1939/5675/5569 234/470/365 4362/472/367 6102/5676/5570
f 6102/5676/5570 4362/472/367 259/474/369 1964/5577/5471
f 4361/5674/5568 6102/5676/5570 1964/5577/5471 260/5575/5469
f 83/263/208 1763/5677/5571 6103/5678/5572 1687/269/213
f 1763/5677/5571 233/5679/5573 4363/5680/5574 6103/5678/5572
f 6103/5678/5572 4363/5680/5574 258/5581/5475 1764/5579/5473
f 1687/269/213 6103/5678/5572 1764/5579/5473 82/271/214
f 233/5679/5573 1937/5681/5575 6104/5682/5576 4363/5680/5574
f 1937/5681/5575 232/5683/5577 4364/5684/5578 6104/5682/5576
f 6104/5682/5576 4364/5684/5578 257/5585/5479 1962/5583/5477
f 4363/5680/5574 6104/5682/5576 1962/5583/5477 258/5581/5475
f 232/5683/5577 1936/5685/5579 6105/5686/5580 4364/5684/5578
f 1936/5685/5579 231/5687/5581 4365/5688/5582 6105/5686/5580
f 6105/5686/5580 4365/5688/5582 256/5589/5483 1961/5587/5481
f 4364/5684/5578 6105/5686/5580 1961/5587/5481 257/5585/5479
f 231/5687/5581 1935/5689/5583 6106/5690/5584 4365/5688/5582
f 1935/5689/5583 230/5691/5585 4366/5692/5586 6106/5690/5584
f 6106/5690/5584 4366/5692/5586 255/5593/5487 1960/5591/5485
f 4365/5688/5582 6106/5690/5584 1960/5591/5485 256/5589/5483
f 230/5691/5585 1934/5693/5587 6107/5694/5588 4366/5692/5586
f 1934/5693/5587 229/5695/5589 4367/5696/5590 6107/5694/5588
f 6107/5694/5588 4367/5696/5590 254/5597/5491 1959/5595/5489
f 4366/5692/5586 6107/5694/5588 1959/5595/5489 255/5593/5487
f 229/5695/5589 1933/5697/5591 6108/5698/5592 4367/5696/5590
f 1933/5697/5591 228/5699/5593 4368/5700/5594 6108/5698/5592
f 6108/5698/5592 4368/5700/5594 253/5601/5495 1958/5599/5493
f 4367/5696/5590 6108/5698/5592 1958/5599/5493 254/5597/5491
f 228/5699/5593 1932/5701/5595 6109/5702/5596 4368/5700/5594
f 1932/5701/5595 227/5703/5597 4369/5704/5598 6109/5702/5596
f 6109/5702/5596 4369/5704/5598 252/5605/5499 1957/5603/5497
f 4368/5700/5594 6109/5702/5596 1957/5603/5497 253/5601/5495
f 227/5703/5597 1931/5705/5599 6110/5706/5600 4369/5704/5598
f 1931/5705/5599 226/5707/5601 4370/5708/5602 6110/5706/5600
f 6110/5706/5600 4370/5708/5602 251/5609/5503 1956/5607/5501
f 4369/5704/5598 6110/5706/5600 1956/5607/5501 252/5605/5499
f 226/5707/5601 1930/5709/5603 6111/5710/5604 4370/5708/5602
f 1930/5709/5603 225/5711/5605 4371/5712/5606 6111/5710/5604
f 6111/5710/5604 4371/5712/5606 250/5613/5507 1955/5611/5505
f 4370/5708/5602 6111/5710/5604 1955/5611/5505 251/5609/5503
f 225/5711/5605 1929/5713/5607 6112/5714/5608 4371/5712/5606
f 1929/5713/5607 224/5715/5609 4372/5716/5610 6112/5714/5608
f 6112/5714/5608 4372/5716/5610 249/5617/5511 1954/5615/5509
f 4371/5712/5606 6112/5714/5608 1954/5615/5509 250/5613/5507
f 224/5715/5609 1928/5717/5611 6113/5718/5612 4372/5716/5610
f 1928/5717/5611 223/5719/5613 4373/5720/5614 6113/5718/5612
f 6113/5718/5612 4373/5720/5614 248/5621/5515 1953/5619/5513
f 4372/5716/5610 6113/5718/5612 1953/5619/5513 249/5617/5511
f 223/5719/5613 1927/5721/5615 6114/5722/5616 4373/5720/5614
f 1927/5721/5615 222/5723/5617 4374/5724/5618 6114/5722/5616
f 6114/5722/5616 4374/5724/5618 247/5625/5519 1952/5623/5517
f 4373/5720/5614 6114/5722/5616 1952/5623/5517 248/5621/5515
f 222/5723/5617 1926/5725/5619 6115/5726/5620 4374/5724/5618
f 1926/5725/5619 221/5727/5621 4375/5728/5622 6115/5726/5620
f 6115/5726/5620 4375/5728/5622 246/5629/5523 1951/5627/5521
f 4374/5724/5618 6115/5726/5620 1951/5627/5521 247/5625/5519
f 221/5727/5621 1925/5729/5623 6116/5730/5624 4375/5728/5622
f 1925/5729/5623 220/5731/5625 4376/5732/5626 6116/5730/5624
f 6116/5730/5624 4376/5732/5626 245/5633/5527 1950/5631/5525
f 4375/5728/5622 6116/5730/5624 1950/5631/5525 246/5629/5523
f 220/5731/5625 1924/5733/5627 6117/5734/5628 4376/5732/5626
f 1924/5733/5627 219/5735/5629 4377/5736/5630 6117/5734/5628
f 6117/5734/5628 4377/5736/5630 244/5637/5531 1949/5635/5529
f 4376/5732/5626 6117/5734/5628 1949/5635/5529 245/5633/5527
f 219/5735/5629 1923/5737/5631 6118/5738/5632 4377/5736/5630
f 1923/5737/5631 218/5739/5633 4378/5740/5634 6118/5738/5632
f 6118/5738/5632 4378/5740/5634 243/5641/5535 1948/5639/5533
f 4377/5736/5630 6118/5738/5632 1948/5639/5533 244/5637/5531
f 218/5739/5633 1922/5741/5635 6119/5742/5636 4378/5740/5634
f 1922/5741/5635 217/5743/5637 4379/5744/5638 6119/5742/5636
f 6119/5742/5636 4379/5744/5638 242/5645/5539 1947/5643/5537
f 4378/5740/5634 6119/5742/5636 1947/5643/5537 243/5641/5535
f 217/5743/5637 1921/5745/5639 6120/5746/5640 4379/5744/5638
f 1921/5745/5639 216/5747/5641 4380/5748/5642 6120/5746/5640
f 6120/5746/5640 4380/5748/5642 241/5649/5543 1946/5647/5541
f 4379/5744/5638 6120/5746/5640 1946/5647/5541 242/5645/5539
f 216/5747/5641 1920/5749/5643 6121/5750/5644 4380/5748/5642
f 1920/5749/5643 215/5751/5645 4381/5752/5646 6121/5750/5644
f 6121/5750/5644 4381/5752/5646 240/5653/5547 1945/5651/5545
f 4380/5748/5642 6121/5750/5644 1945/5651/5545 241/5649/5543
f 215/5751/5645 1919/5753/5647 6122/5754/5648 4381/5752/5646
f 1919/5753/5647 214/5755/5649 4382/5756/5650 6122/5754/5648
f 6122/5754/5648 4382/5756/5650 239/5657/5551 1944/5655/5549
f 4381/5752/5646 6122/5754/5648 1944/5655/5549 240/5653/5547
f 214/5755/5649 1918/5757/5651 6123/5758/5652 4382/5756/5650
f 1918/5757/5651 213/5759/5653 4383/5760/5654 6123/5758/5652
f 6123/5758/5652 4383/5760/5654 238/5661/5555 1943/5659/5553
f 4382/5756/5650 6123/5758/5652 1943/5659/5553 239/5657/5551
f 213/5759/5653 1917/5761/5655 6124/5762/5656 4383/5760/5654
f 1917/5761/5655 212/5763/5657 4384/5764/5658 6124/5762/5656
f 6124/5762/5656 4384/5764/5658 237/5665/5559 1942/5663/5557
f 4383/5760/5654 6124/5762/5656 1942/5663/5557 238/5661/5555
f 212/5763/5657 1916/5765/5659 6125/5766/5660 4384/5764/5658
f 1916/5765/5659 211/5767/5661 4385/5768/5662 6125/5766/5660
f 6125/5766/5660 4385/5768/5662 236/5669/5563 1941/5667/5561
f 4384/5764/5658 6125/5766/5660 1941/5667/5561 237/5665/5559
f 211/5767/5661 1915/5769/5663 6126/5770/5664 4385/5768/5662
f 1915/5769/5663 210/5771/5665 4386/5772/5666 6126/5770/5664
f 6126/5770/5664 4386/5772/5666 235/5673/5567 1940/5671/5565
f 4385/5768/5662 6126/5770/5664 1940/5671/5565 236/5669/5563
f 210/5771/5665 1914/5773/5667 6127/5774/5668 4386/5772/5666
f 1914/5773/5667 209/466/361 4387/468/363 6127/5774/5668
f 6127/5774/5668 4387/468/363 234/470/365 1939/5675/5569
f 4386/5772/5666 6127/5774/5668 1939/5675/5569 235/5673/5567
f 7/260/206 1607/5775/5669 6128/5776/5670 1608/261/207
f 1607/5775/5669 183/5777/5671 4388/5778/5672 6128/5776/5670
f 6128/5776/5670 4388/5778/5672 233/5679/5573 1763/5677/5571
f 1608/261/207 6128/5776/5670 1763/5677/5571 83/263/208
f 183/5777/5671 1887/5779/5673 6129/5780/5674 4388/5778/5672
f 1887/5779/5673 182/5781/5675 4389/5782/5676 6129/5780/5674
f 6129/5780/5674 4389/5782/5676 232/5683/5577 1937/5681/5575
f 4388/5778/5672 6129/5780/5674 1937/5681/5575 233/5679/5573
f 182/5781/5675 1886/5783/5677 6130/5784/5678 4389/5782/5676
f 1886/5783/5677 181/5785/5679 4390/5786/5680 6130/5784/5678
f 6130/5784/5678 4390/5786/5680 231/5687/5581 1936/5685/5579
f 4389/5782/5676 6130/5784/5678 1936/5685/5579 232/5683/5577
f 181/5785/5679 1885/5787/5681 6131/5788/5682 4390/5786/5680
f 1885/5787/5681 180/5789/5683 4391/5790/5684 6131/5788/5682
f 6131/5788/5682 4391/5790/5684 230/5691/5585 1935/5689/5583
f 4390/5786/5680 6131/5788/5682 1935/5689/5583 231/5687/5581
f 180/5789/5683 1884/5791/5685 6132/5792/5686 4391/5790/5684
f 1884/5791/5685 179/5793/5687 4392/5794/5688 6132/5792/5686
f 6132/5792/5686 4392/5794/5688 229/5695/5589 1934/5693/5587
f 4391/5790/5684 6132/5792/5686 1934/5693/5587 230/5691/5585
f 179/5793/5687 1883/5795/5689 6133/5796/5690 4392/5794/5688
f 1883/5795/5689 178/5797/5691 4393/5798/5692 6133/5796/5690
f 6133/5796/5690 4393/5798/5692 228/5699/5593 1933/5697/5591
f 4392/5794/5688 6133/5796/5690 1933/5697/5591 229/5695/5589
f 178/5797/5691 1882/5799/5693 6134/5800/5694 4393/5798/5692
f 1882/5799/5693 177/5801/5695 4394/5802/5696 6134/5800/5694
f 6134/5800/5694 4394/5802/5696 227/5703/5597 1932/5701/5595
f 4393/5798/5692 6134/5800/5694 1932/5701/5595 228/5699/5593
f 177/5801/5695 1881/5803/5697 6135/5804/5698 4394/5802/5696
f 1881/5803/5697 176/5805/5699 4395/5806/5700 6135/5804/5698
f 6135/5804/5698 4395/5806/5700 226/5707/5601 1931/5705/5599
f 4394/5802/5696 6135/5804/5698 1931/5705/5599 227/5703/5597
f 176/5805/5699 1880/5807/5701 6136/5808/5702 4395/5806/5700
f 1880/5807/5701 175/5809/5703 4396/5810/5704 6136/5808/5702
f 6136/5808/5702 4396/5810/5704 225/5711/5605 1930/5709/5603
f 4395/5806/5700 6136/5808/5702 1930/5709/5603 226/5707/5601
f 175/5809/5703 1879/5811/5705 6137/5812/5706 4396/5810/5704
f 1879/5811/5705 174/5813/5707 4397/5814/5708 6137/5812/5706
f 6137/5812/5706 4397/5814/5708 224/5715/5609 1929/5713/5607
f 4396/5810/5704 6137/5812/5706 1929/5713/5607 225/5711/5605
f 174/5813/5707 1878/5815/5709 6138/5816/5710 4397/5814/5708
f 1878/5815/5709 173/5817/5711 4398/5818/5712 6138/5816/5710
f 6138/5816/5710 4398/5818/5712 223/5719/5613 1928/5717/5611
f 4397/5814/5708 6138/5816/5710 1928/5717/5611 224/5715/5609
f 173/5817/5711 1877/5819/5713 6139/5820/5714 4398/5818/5712
f 1877/5819/5713 172/5821/5715 4399/5822/5716 6139/5820/5714
f 6139/5820/5714 4399/5822/5716 222/5723/5617 1927/5721/5615
f 4398/5818/5712 6139/5820/5714 1927/5721/5615 223/5719/5613
f 172/5821/5715 1876/5823/5717 6140/5824/5718 4399/5822/5716
f 1876/5823/5717 171/5825/5719 4400/5826/5720 6140/5824/5718
f 6140/5824/5718 4400/5826/5720 221/5727/5621 1926/5725/5619
f 4399/5822/5716 6140/5824/5718 1926/5725/5619 222/5723/5617
f 171/5825/5719 1875/5827/5721 6141/5828/5722 4400/5826/5720
f 1875/5827/5721 170/5829/5723 4401/5830/5724 6141/5828/5722
f 6141/5828/5722 4401/5830/5724 220/5731/5625 1925/5729/5623
f 4400/5826/5720 6141/5828/5722 1925/5729/5623 221/5727/5621
f 170/5829/5723 1874/5831/5725 6142/5832/5726 4401/5830/5724
f 1874/5831/5725 169/5833/5727 4402/5834/5728 6142/5832/5726
f 6142/5832/5726 4402/5834/5728 219/5735/5629 1924/5733/5627
f 4401/5830/5724 6142/5832/5726 1924/5733/5627 220/5731/5625
f 169/5833/5727 1873/5835/5729 6143/5836/5730 4402/5834/5728
f 1873/5835/5729 168/5837/5731 4403/5838/5732 6143/5836/5730
f 6143/5836/5730 4403/5838/5732 218/5739/5633 1923/5737/5631
f 4402/5834/5728 6143/5836/5730 1923/5737/5631 219/5735/5629
f 168/5837/5731 1872/5839/5733 6144/5840/5734 4403/5838/5732
f 1872/5839/5733 167/5841/5735 4404/5842/5736 6144/5840/5734
f 6144/5840/5734 4404/5842/5736 217/5743/5637 1922/5741/5635
f 4403/5838/5732 6144/5840/5734 1922/5741/5635 218/5739/5633
f 167/5841/5735 1871/5843/5737 6145/5844/5738 4404/5842/5736
f 1871/5843/5737 166/5845/5739 4405/5846/5740 6145/5844/5738
f 6145/5844/5738 4405/5846/5740 216/5747/5641 1921/5745/5639
f 4404/5842/5736 6145/5844/5738 1921/5745/5639 217/5743/5637
f 166/5845/5739 1870/5847/5741 6146/5848/5742 4405/5846/5740
f 1870/5847/5741 165/5849/5743 4406/5850/5744 6146/5848/5742
f 6146/5848/5742 4406/5850/5744 215/5751/5645 1920/5749/5643
f 4405/5846/5740 6146/5848/5742 1920/5749/5643 216/5747/5641
f 165/5849/5743 1869/5851/5745 6147/5852/5746 4406/5850/5744
f 1869/5851/5745 164/5853/5747 4407/5854/5748 6147/5852/5746
f 6147/5852/5746 4407/5854/5748 214/5755/5649 1919/5753/5647
f 4406/5850/5744 6147/5852/5746 1919/5753/5647 215/5751/5645
f 164/5853/5747 1868/5855/5749 6148/5856/5750 4407/5854/5748
f 1868/5855/5749 163/5857/5751 4408/5858/5752 6148/5856/5750
f 6148/5856/5750 4408/5858/5752 213/5759/5653 1918/5757/5651
f 4407/5854/5748 6148/5856/5750 1918/5757/5651 214/5755/5649
f 163/5857/5751 1867/5859/5753 6149/5860/5754 4408/5858/5752
f 1867/5859/5753 162/5861/5755 4409/5862/5756 6149/5860/5754
f 6149/5860/5754 4409/5862/5756 212/5763/5657 1917/5761/5655
f 4408/5858/5752 6149/5860/5754 1917/5761/5655 213/5759/5653
f 162/5861/5755 1866/5863/5757 6150/5864/5758 4409/5862/5756
f 1866/5863/5757 161/5865/5759 4410/5866/5760 6150/5864/5758
f 6150/5864/5758 4410/5866/5760 211/5767/5661 1916/5765/5659
f 4409/5862/5756 6150/5864/5758 1916/5765/5659 212/5763/5657
f 161/5865/5759 1865/5867/5761 6151/5868/5762 4410/5866/5760
f 1865/5867/5761 160/5869/5763 4411/5870/5764 6151/5868/5762
f 6151/5868/5762 4411/5870/5764 210/5771/5665 1915/5769/5663
f 4410/5866/5760 6151/5868/5762 1915/5769/5663 211/5767/5661
f 160/5869/5763 1864/5871/5765 6152/5872/5766 4411/5870/5764
f 1864/5871/5765 159/18/15 4412/464/359 6152/5872/5766
f 6152/5872/5766 4412/464/359 209/466/361 1914/5773/5667
f 4411/5870/5764 6152/5872/5766 1914/5773/5667 210/5771/5665
f 5/45/37 1610/5873/5767 6153/5874/5768 1611/46/38
f 1610/5873/5767 208/5875/5769 4413/5876/5770 6153/5874/5768
f 6153/5877/5768 4413/5878/5770 109/3180/3074 1813/3178/3072
f 1611/47/38 6153/5877/5768 1813/3178/3072 1/48/39
f 208/5875/5769 1912/5879/5771 6154/5880/5772 4413/5876/5770
f 1912/5879/5771 207/5881/5773 4414/5882/5774 6154/5880/5772
f 6154/5883/5772 4414/5884/5774 110/3184/3078 1814/3182/3076
f 4413/5878/5770 6154/5883/5772 1814/3182/3076 109/3180/3074
f 207/5881/5773 1911/5885/5775 6155/5886/5776 4414/5882/5774
f 1911/5885/5775 206/5887/5777 4415/5888/5778 6155/5886/5776
f 6155/5889/5776 4415/5890/5778 111/3188/3082 1815/3186/3080
f 4414/5884/5774 6155/5889/5776 1815/3186/3080 110/3184/3078
f 206/5887/5777 1910/5891/5779 6156/5892/5780 4415/5888/5778
f 1910/5891/5779 205/5893/5781 4416/5894/5782 6156/5892/5780
f 6156/5895/5780 4416/5896/5782 112/3192/3086 1816/3190/3084
f 4415/5890/5778 6156/5895/5780 1816/3190/3084 111/3188/3082
f 205/5893/5781 1909/5897/5783 6157/5898/5784 4416/5894/5782
f 1909/5897/5783 204/5899/5785 4417/5900/5786 6157/5898/5784
f 6157/5901/5784 4417/5902/5786 113/3196/3090 1817/3194/3088
f 4416/5896/5782 6157/5901/5784 1817/3194/3088 112/3192/3086
f 204/5899/5785 1908/5903/5787 6158/5904/5788 4417/5900/5786
f 1908/5903/5787 203/5905/5789 4418/5906/5790 6158/5904/5788
f 6158/5907/5788 4418/5908/5790 114/3200/3094 1818/3198/3092
f 4417/5902/5786 6158/5907/5788 1818/3198/3092 113/3196/3090
f 203/5905/5789 1907/5909/5791 6159/5910/5792 4418/5906/5790
f 1907/5909/5791 202/5911/5793 4419/5912/5794 6159/5910/5792
f 6159/5913/5792 4419/5914/5794 115/3204/3098 1819/3202/3096
f 4418/5908/5790 6159/5913/5792 1819/3202/3096 114/3200/3094
f 202/5911/5793 1906/5915/5795 6160/5916/5796 4419/5912/5794
f 1906/5915/5795 201/5917/5797 4420/5918/5798 6160/5916/5796
f 6160/5919/5796 4420/5920/5798 116/3208/3102 1820/3206/3100
f 4419/5914/5794 6160/5919/5796 1820/3206/3100 115/3204/3098
f 201/5917/5797 1905/5921/5799 6161/5922/5800 4420/5918/5798
f 1905/5921/5799 200/5923/5801 4421/5924/5802 6161/5922/5800
f 6161/5925/5800 4421/5926/5802 117/3212/3106 1821/3210/3104
f 4420/5920/5798 6161/5925/5800 1821/3210/3104 116/3208/3102
f 200/5923/5801 1904/5927/5803 6162/5928/5804 4421/5924/5802
f 1904/5927/5803 199/5929/5805 4422/5930/5806 6162/5928/5804
f 6162/5931/5804 4422/5932/5806 118/3216/3110 1822/3214/3108
f 4421/5926/5802 6162/5931/5804 1822/3214/3108 117/3212/3106
f 199/5929/5805 1903/5933/5807 6163/5934/5808 4422/5930/5806
f 1903/5933/5807 198/5935/5809 4423/5936/5810 6163/5934/5808
f 6163/5937/5808 4423/5938/5810 119/3220/3114 1823/3218/3112
f 4422/5932/5806 6163/5937/5808 1823/3218/3112 118/3216/3110
f 198/5935/5809 1902/5939/5811 6164/5940/5812 4423/5936/5810
f 1902/5939/5811 197/5941/5813 4424/5942/5814 6164/5940/5812
f 6164/5943/5812 4424/5944/5814 120/3224/3118 1824/3222/3116
f 4423/5938/5810 6164/5943/5812 1824/3222/3116 119/3220/3114
f 197/5941/5813 1901/5945/5815 6165/5946/5816 4424/5942/5814
f 1901/5945/5815 196/5947/5817 4425/5948/5818 6165/5946/5816
f 6165/5949/5816 4425/5950/5818 121/3228/3122 1825/3226/3120
f 4424/5944/5814 6165/5949/5816 1825/3226/3120 120/3224/3118
f 196/5947/5817 1900/5951/5819 6166/5952/5820 4425/5948/5818
f 1900/5951/5819 195/5953/5821 4426/5954/5822 6166/5952/5820
f 6166/5955/5820 4426/5956/5822 122/3232/3126 1826/3230/3124
f 4425/5950/5818 6166/5955/5820 1826/3230/3124 121/3228/3122
f 195/5953/5821 1899/5957/5823 6167/5958/5824 4426/5954/5822
f 1899/5957/5823 194/5959/5825 4427/5960/5826 6167/5958/5824
f 6167/5961/5824 4427/5962/5826 123/3236/3130 1827/3234/3128
f 4426/5956/5822 6167/5961/5824 1827/3234/3128 122/3232/3126
f 194/5959/5825 1898/5963/5827 6168/5964/5828 4427/5960/5826
f 1898/5963/5827 193/5965/5829 4428/5966/5830 6168/5964/5828
f 6168/5967/5828 4428/5968/5830 124/3240/3134 1828/3238/3132
f 4427/5962/5826 6168/5967/5828 1828/3238/3132 123/3236/3130
f 193/5965/5829 1897/5969/5831 6169/5970/5832 4428/5966/5830
f 1897/5969/5831 192/5971/5833 4429/5972/5834 6169/5970/5832
f 6169/5973/5832 4429/5974/5834 125/3244/3138 1829/3242/3136
f 4428/5968/5830 6169/5973/5832 1829/3242/3136 124/3240/3134
f 192/5971/5833 1896/5975/5835 6170/5976/5836 4429/5972/5834
f 1896/5975/5835 191/5977/5837 4430/5978/5838 6170/5976/5836
f 6170/5979/5836 4430/5980/5838 126/3248/3142 1830/3246/3140
f 4429/5974/5834 6170/5979/5836 1830/3246/3140 125/3244/3138
f 191/5977/5837 1895/5981/5839 6171/5982/5840 4430/5978/5838
f 1895/5981/5839 190/5983/5841 4431/5984/5842 6171/5982/5840
f 6171/5985/5840 4431/5986/5842 127/3252/3146 1831/3250/3144
f 4430/5980/5838 6171/5985/5840 1831/3250/3144 126/3248/3142
f 190/5983/5841 1894/5987/5843 6172/5988/5844 4431/5984/5842
f 1894/5987/5843 189/5989/5845 4432/5990/5846 6172/5988/5844
f 6172/5991/5844 4432/5992/5846 128/3256/3150 1832/3254/3148
f 4431/5986/5842 6172/5991/5844 1832/3254/3148 127/3252/3146
f 189/5989/5845 1893/5993/5847 6173/5994/5848 4432/5990/5846
f 1893/5993/5847 188/5995/5849 4433/5996/5850 6173/5994/5848
f 6173/5997/5848 4433/5998/5850 129/3260/3154 1833/3258/3152
f 4432/5992/5846 6173/5997/5848 1833/3258/3152 128/3256/3150
f 188/5995/5849 1892/5999/5851 6174/6000/5852 4433/5996/5850
f 1892/5999/5851 187/6001/5853 4434/6002/5854 6174/6000/5852
f 6174/6003/5852 4434/6004/5854 130/3264/3158 1834/3262/3156
f 4433/5998/5850 6174/6003/5852 1834/3262/3156 129/3260/3154
f 187/6001/5853 1891/6005/5855 6175/6006/5856 4434/6002/5854
f 1891/6005/5855 186/6007/5857 4435/6008/5858 6175/6006/5856
f 6175/6009/5856 4435/6010/5858 131/3268/3162 1835/3266/3160
f 4434/6004/5854 6175/6009/5856 1835/3266/3160 130/3264/3158
f 186/6007/5857 1890/6011/5859 6176/6012/5860 4435/6008/5858
f 1890/6011/5859 185/6013/5861 4436/6014/5862 6176/6012/5860
f 6176/6015/5860 4436/6016/5862 132/3272/3166 1836/3270/3164
f 4435/6010/5858 6176/6015/5860 1836/3270/3164 131/3268/3162
f 185/6013/5861 1889/6017/5863 6177/6018/5864 4436/6014/5862
f 1889/6017/5863 184/27/24 4437/29/26 6177/6018/5864
f 6177/6019/5864 4437/35/26 133/36/30 1837/3274/3168
f 4436/6016/5862 6177/6019/5864 1837/3274/3168 132/3272/3166
f 59/42/35 1787/3281/3175 6178/6020/5865 1663/43/36
f 1787/3281/3175 833/3280/3174 4438/6021/5866 6178/6020/5865
f 6178/6020/5865 4438/6021/5866 208/5875/5769 1610/5873/5767
f 1663/43/36 6178/6020/5865 1610/5873/5767 5/45/37
f 833/3280/3174 2537/3287/3181 6179/6022/5867 4438/6021/5866
f 2537/3287/3181 832/3286/3180 4439/6023/5868 6179/6022/5867
f 6179/6022/5867 4439/6023/5868 207/5881/5773 1912/5879/5771
f 4438/6021/5866 6179/6022/5867 1912/5879/5771 208/5875/5769
f 832/3286/3180 2536/3293/3187 6180/6024/5869 4439/6023/5868
f 2536/3293/3187 831/3292/3186 4440/6025/5870 6180/6024/5869
f 6180/6024/5869 4440/6025/5870 206/5887/5777 1911/5885/5775
f 4439/6023/5868 6180/6024/5869 1911/5885/5775 207/5881/5773
f 831/3292/3186 2535/3299/3193 6181/6026/5871 4440/6025/5870
f 2535/3299/3193 830/3298/3192 4441/6027/5872 6181/6026/5871
f 6181/6026/5871 4441/6027/5872 205/5893/5781 1910/5891/5779
f 4440/6025/5870 6181/6026/5871 1910/5891/5779 206/5887/5777
f 830/3298/3192 2534/3305/3199 6182/6028/5873 4441/6027/5872
f 2534/3305/3199 829/3304/3198 4442/6029/5874 6182/6028/5873
f 6182/6028/5873 4442/6029/5874 204/5899/5785 1909/5897/5783
f 4441/6027/5872 6182/6028/5873 1909/5897/5783 205/5893/5781
f 829/3304/3198 2533/3311/3205 6183/6030/5875 4442/6029/5874
f 2533/3311/3205 828/3310/3204 4443/6031/5876 6183/6030/5875
f 6183/6030/5875 4443/6031/5876 203/5905/5789 1908/5903/5787
f 4442/6029/5874 6183/6030/5875 1908/5903/5787 204/5899/5785
f 828/3310/3204 2532/3317/3211 6184/6032/5877 4443/6031/5876
f 2532/3317/3211 827/3316/3210 4444/6033/5878 6184/6032/5877
f 6184/6032/5877 4444/6033/5878 202/5911/5793 1907/5909/5791
f 4443/6031/5876 6184/6032/5877 1907/5909/5791 203/5905/5789
f 827/3316/3210 2531/3323/3217 6185/6034/5879 4444/6033/5878
f 2531/3323/3217 826/3322/3216 4445/6035/5880 6185/6034/5879
f 6185/6034/5879 4445/6035/5880 201/5917/5797 1906/5915/5795
f 4444/6033/5878 6185/6034/5879 1906/5915/5795 202/5911/5793
f 826/3322/3216 2530/3329/3223 6186/6036/5881 4445/6035/5880
f 2530/3329/3223 825/3328/3222 4446/6037/5882 6186/6036/5881
f 6186/6036/5881 4446/6037/5882 200/5923/5801 1905/5921/5799
f 4445/6035/5880 6186/6036/5881 1905/5921/5799 201/5917/5797
f 825/3328/3222 2529/3335/3229 6187/6038/5883 4446/6037/5882
f 2529/3335/3229 824/3334/3228 4447/6039/5884 6187/6038/5883
f 6187/6038/5883 4447/6039/5884 199/5929/5805 1904/5927/5803
f 4446/6037/5882 6187/6038/5883 1904/5927/5803 200/5923/5801
f 824/3334/3228 2528/3341/3235 6188/6040/5885 4447/6039/5884
f 2528/3341/3235 823/3340/3234 4448/6041/5886 6188/6040/5885
f 6188/6040/5885 4448/6041/5886 198/5935/5809 1903/5933/5807
f 4447/6039/5884 6188/6040/5885 1903/5933/5807 199/5929/5805
f 823/3340/3234 2527/3347/3241 6189/6042/5887 4448/6041/5886
f 2527/3347/3241 822/3346/3240 4449/6043/5888 6189/6042/5887
f 6189/6042/5887 4449/6043/5888 197/5941/5813 1902/5939/5811
f 4448/6041/5886 6189/6042/5887 1902/5939/5811 198/5935/5809
f 822/3346/3240 2526/3353/3247 6190/6044/5889 4449/6043/5888
f 2526/3353/3247 821/3352/3246 4450/6045/5890 6190/6044/5889
f 6190/6044/5889 4450/6045/5890 196/5947/5817 1901/5945/5815
f 4449/6043/5888 6190/6044/5889 1901/5945/5815 197/5941/5813
f 821/3352/3246 2525/3359/3253 6191/6046/5891 4450/6045/5890
f 2525/3359/3253 820/3358/3252 4451/6047/5892 6191/6046/5891
f 6191/6046/5891 4451/6047/5892 195/5953/5821 1900/5951/5819
f 4450/6045/5890 6191/6046/5891 1900/5951/5819 196/5947/5817
f 820/3358/3252 2524/3365/3259 6192/6048/5893 4451/6047/5892
f 2524/3365/3259 819/3364/3258 4452/6049/5894 6192/6048/5893
f 6192/6048/5893 4452/6049/5894 194/5959/5825 1899/5957/5823
f 4451/6047/5892 6192/6048/5893 1899/5957/5823 195/5953/5821
f 819/3364/3258 2523/3371/3265 6193/6050/5895 4452/6049/5894
f 2523/3371/3265 818/3370/3264 4453/6051/5896 6193/6050/5895
f 6193/6050/5895 4453/6051/5896 193/5965/5829 1898/5963/5827
f 4452/6049/5894 6193/6050/5895 1898/5963/5827 194/5959/5825
f 818/3370/3264 2522/3377/3271 6194/6052/5897 4453/6051/5896
f 2522/3377/3271 817/3376/3270 4454/6053/5898 6194/6052/5897
f 6194/6052/5897 4454/6053/5898 192/5971/5833 1897/5969/5831
f 4453/6051/5896 6194/6052/5897 1897/5969/5831 193/5965/5829
f 817/3376/3270 2521/3383/3277 6195/6054/5899 4454/6053/5898
f 2521/3383/3277 816/3382/3276 4455/6055/5900 6195/6054/5899
f 6195/6054/5899 4455/6055/5900 191/5977/5837 1896/5975/5835
f 4454/6053/5898 6195/6054/5899 1896/5975/5835 192/5971/5833
f 816/3382/3276 2520/3389/3283 6196/6056/5901 4455/6055/5900
f 2520/3389/3283 815/3388/3282 4456/6057/5902 6196/6056/5901
f 6196/6056/5901 4456/6057/5902 190/5983/5841 1895/5981/5839
f 4455/6055/5900 6196/6056/5901 1895/5981/5839 191/5977/5837
f 815/3388/3282 2519/3395/3289 6197/6058/5903 4456/6057/5902
f 2519/3395/3289 814/3394/3288 4457/6059/5904 6197/6058/5903
f 6197/6058/5903 4457/6059/5904 189/5989/5845 1894/5987/5843
f 4456/6057/5902 6197/6058/5903 1894/5987/5843 190/5983/5841
f 814/3394/3288 2518/3401/3295 6198/6060/5905 4457/6059/5904
f 2518/3401/3295 813/3400/3294 4458/6061/5906 6198/6060/5905
f 6198/6060/5905 4458/6061/5906 188/5995/5849 1893/5993/5847
f 4457/6059/5904 6198/6060/5905 1893/5993/5847 189/5989/5845
f 813/3400/3294 2517/3407/3301 6199/6062/5907 4458/6061/5906
f 2517/3407/3301 812/3406/3300 4459/6063/5908 6199/6062/5907
f 6199/6062/5907 4459/6063/5908 187/6001/5853 1892/5999/5851
f 4458/6061/5906 6199/6062/5907 1892/5999/5851 188/5995/5849
f 812/3406/3300 2516/3413/3307 6200/6064/5909 4459/6063/5908
f 2516/3413/3307 811/3412/3306 4460/6065/5910 6200/6064/5909
f 6200/6064/5909 4460/6065/5910 186/6007/5857 1891/6005/5855
f 4459/6063/5908 6200/6064/5909 1891/6005/5855 187/6001/5853
f 811/3412/3306 2515/3419/3313 6201/6066/5911 4460/6065/5910
f 2515/3419/3313 810/3418/3312 4461/6067/5912 6201/6066/5911
f 6201/6066/5911 4461/6067/5912 185/6013/5861 1890/6011/5859
f 4460/6065/5910 6201/6066/5911 1890/6011/5859 186/6007/5857
f 810/3418/3312 2514/3422/3316 6202/6068/5913 4461/6067/5912
f 2514/3422/3316 809/19/16 4462/22/19 6202/6068/5913
f 6202/6068/5913 4462/22/19 184/27/24 1889/6017/5863
f 4461/6067/5912 6202/6068/5913 1889/6017/5863 185/6013/5861
f 3/255/202 1604/6069/5914 6203/6070/5915 1605/256/203
f 1604/6069/5914 158/6071/5916 4463/6072/5917 6203/6070/5915
f 6203/6073/5915 4463/6074/5917 183/5777/5671 1607/5775/5669
f 1605/259/203 6203/6073/5915 1607/5775/5669 7/260/206
f 158/6071/5916 1862/6075/5918 6204/6076/5919 4463/6072/5917
f 1862/6075/5918 157/6077/5920 4464/6078/5921 6204/6076/5919
f 6204/6079/5919 4464/6080/5921 182/5781/5675 1887/5779/5673
f 4463/6074/5917 6204/6079/5919 1887/5779/5673 183/5777/5671
f 157/6077/5920 1861/6081/5922 6205/6082/5923 4464/6078/5921
f 1861/6081/5922 156/6083/5924 4465/6084/5925 6205/6082/5923
f 6205/6085/5923 4465/6086/5925 181/5785/5679 1886/5783/5677
f 4464/6080/5921 6205/6085/5923 1886/5783/5677 182/5781/5675
f 156/6083/5924 1860/6087/5926 6206/6088/5927 4465/6084/5925
f 1860/6087/5926 155/6089/5928 4466/6090/5929 6206/6088/5927
f 6206/6091/5927 4466/6092/5929 180/5789/5683 1885/5787/5681
f 4465/6086/5925 6206/6091/5927 1885/5787/5681 181/5785/5679
f 155/6089/5928 1859/6093/5930 6207/6094/5931 4466/6090/5929
f 1859/6093/5930 154/6095/5932 4467/6096/5933 6207/6094/5931
f 6207/6097/5931 4467/6098/5933 179/5793/5687 1884/5791/5685
f 4466/6092/5929 6207/6097/5931 1884/5791/5685 180/5789/5683
f 154/6095/5932 1858/6099/5934 6208/6100/5935 4467/6096/5933
f 1858/6099/5934 153/6101/5936 4468/6102/5937 6208/6100/5935
f 6208/6103/5935 4468/6104/5937 178/5797/5691 1883/5795/5689
f 4467/6098/5933 6208/6103/5935 1883/5795/5689 179/5793/5687
f 153/6101/5936 1857/6105/5938 6209/6106/5939 4468/6102/5937
f 1857/6105/5938 152/6107/5940 4469/6108/5941 6209/6106/5939
f 6209/6109/5939 4469/6110/5941 177/5801/5695 1882/5799/5693
f 4468/6104/5937 6209/6109/5939 1882/5799/5693 178/5797/5691
f 152/6107/5940 1856/6111/5942 6210/6112/5943 4469/6108/5941
f 1856/6111/5942 151/6113/5944 4470/6114/5945 6210/6112/5943
f 6210/6115/5943 4470/6116/5945 176/5805/5699 1881/5803/5697
f 4469/6110/5941 6210/6115/5943 1881/5803/5697 177/5801/5695
f 151/6113/5944 1855/6117/5946 6211/6118/5947 4470/6114/5945
f 1855/6117/5946 150/6119/5948 4471/6120/5949 6211/6118/5947
f 6211/6121/5947 4471/6122/5949 175/5809/5703 1880/5807/5701
f 4470/6116/5945 6211/6121/5947 1880/5807/5701 176/5805/5699
f 150/6119/5948 1854/6123/5950 6212/6124/5951 4471/6120/5949
f 1854/6123/5950 149/6125/5952 4472/6126/5953 6212/6124/5951
f 6212/6127/5951 4472/6128/5953 174/5813/5707 1879/5811/5705
f 4471/6122/5949 6212/6127/5951 1879/5811/5705 175/5809/5703
f 149/6125/5952 1853/6129/5954 6213/6130/5955 4472/6126/5953
f 1853/6129/5954 148/6131/5956 4473/6132/5957 6213/6130/5955
f 6213/6133/5955 4473/6134/5957 173/5817/5711 1878/5815/5709
f 4472/6128/5953 6213/6133/5955 1878/5815/5709 174/5813/5707
f 148/6131/5956 1852/6135/5958 6214/6136/5959 4473/6132/5957
f 1852/6135/5958 147/6137/5960 4474/6138/5961 6214/6136/5959
f 6214/6139/5959 4474/6140/5961 172/5821/5715 1877/5819/5713
f 4473/6134/5957 6214/6139/5959 1877/5819/5713 173/5817/5711
f 147/6137/5960 1851/6141/5962 6215/6142/5963 4474/6138/5961
f 1851/6141/5962 146/6143/5964 4475/6144/5965 6215/6142/5963
f 6215/6145/5963 4475/6146/5965 171/5825/5719 1876/5823/5717
f 4474/6140/5961 6215/6145/5963 1876/5823/5717 172/5821/5715
f 146/6143/5964 1850/6147/5966 6216/6148/5967 4475/6144/5965
f 1850/6147/5966 145/6149/5968 4476/6150/5969 6216/6148/5967
f 6216/6151/5967 4476/6152/5969 170/5829/5723 1875/5827/5721
f 4475/6146/5965 6216/6151/5967 1875/5827/5721 171/5825/5719
f 145/6149/5968 1849/6153/5970 6217/6154/5971 4476/6150/5969
f 1849/6153/5970 144/6155/5972 4477/6156/5973 6217/6154/5971
f 6217/6157/5971 4477/6158/5973 169/5833/5727 1874/5831/5725
f 4476/6152/5969 6217/6157/5971 1874/5831/5725 170/5829/5723
f 144/6155/5972 1848/6159/5974 6218/6160/5975 4477/6156/5973
f 1848/6159/5974 143/6161/5976 4478/6162/5977 6218/6160/5975
f 6218/6163/5975 4478/6164/5977 168/5837/5731 1873/5835/5729
f 4477/6158/5973 6218/6163/5975 1873/5835/5729 169/5833/5727
f 143/6161/5976 1847/6165/5978 6219/6166/5979 4478/6162/5977
f 1847/6165/5978 142/6167/5980 4479/6168/5981 6219/6166/5979
f 6219/6169/5979 4479/6170/5981 167/5841/5735 1872/5839/5733
f 4478/6164/5977 6219/6169/5979 1872/5839/5733 168/5837/5731
f 142/6167/5980 1846/6171/5982 6220/6172/5983 4479/6168/5981
f 1846/6171/5982 141/6173/5984 4480/6174/5985 6220/6172/5983
f 6220/6175/5983 4480/6176/5985 166/5845/5739 1871/5843/5737
f 4479/6170/5981 6220/6175/5983 1871/5843/5737 167/5841/5735
f 141/6173/5984 1845/6177/5986 6221/6178/5987 4480/6174/5985
f 1845/6177/5986 140/6179/5988 4481/6180/5989 6221/6178/5987
f 6221/6181/5987 4481/6182/5989 165/5849/5743 1870/5847/5741
f 4480/6176/5985 6221/6181/5987 1870/5847/5741 166/5845/5739
f 140/6179/5988 1844/6183/5990 6222/6184/5991 4481/6180/5989
f 1844/6183/5990 139/6185/5992 4482/6186/5993 6222/6184/5991
f 6222/6187/5991 4482/6188/5993 164/5853/5747 1869/5851/5745
f 4481/6182/5989 6222/6187/5991 1869/5851/5745 165/5849/5743
f 139/6185/5992 1843/6189/5994 6223/6190/5995 4482/6186/5993
f 1843/6189/5994 138/6191/5996 4483/6192/5997 6223/6190/5995
f 6223/6193/5995 4483/6194/5997 163/5857/5751 1868/5855/5749
f 4482/6188/5993 6223/6193/5995 1868/5855/5749 164/5853/5747
f 138/6191/5996 1842/6195/5998 6224/6196/5999 4483/6192/5997
f 1842/6195/5998 137/6197/6000 4484/6198/6001 6224/6196/5999
f 6224/6199/5999 4484/6200/6001 162/5861/5755 1867/5859/5753
f 4483/6194/5997 6224/6199/5999 1867/5859/5753 163/5857/5751
f 137/6197/6000 1841/6201/6002 6225/6202/6003 4484/6198/6001
f 1841/6201/6002 136/6203/6004 4485/6204/6005 6225/6202/6003
f 6225/6205/6003 4485/6206/6005 161/5865/5759 1866/5863/5757
f 4484/6200/6001 6225/6205/6003 1866/5863/5757 162/5861/5755
f 136/6203/6004 1840/6207/6006 6226/6208/6007 4485/6204/6005
f 1840/6207/6006 135/6209/6008 4486/6210/6009 6226/6208/6007
f 6226/6211/6007 4486/6212/6009 160/5869/5763 1865/5867/5761
f 4485/6206/6005 6226/6211/6007 1865/5867/5761 161/5865/5759
f 135/6209/6008 1839/6213/6010 6227/6214/6011 4486/6210/6009
f 1839/6213/6010 134/9/9 4487/11/11 6227/6214/6011
f 6227/6215/6011 4487/17/11 159/18/15 1864/5871/5765
f 4486/6212/6009 6227/6215/6011 1864/5871/5765 160/5869/5763
f 9/266/210 1812/682/577 6228/6216/6012 1613/258/205
f 1812/682/577 1458/681/576 4488/6217/6013 6228/6216/6012
f 6228/6216/6012 4488/6217/6013 158/6071/5916 1604/6069/5914
f 1613/258/205 6228/6216/6012 1604/6069/5914 3/255/202
f 1458/681/576 3162/688/583 6229/6218/6014 4488/6217/6013
f 3162/688/583 1457/687/582 4489/6219/6015 6229/6218/6014
f 6229/6218/6014 4489/6219/6015 157/6077/5920 1862/6075/5918
f 4488/6217/6013 6229/6218/6014 1862/6075/5918 158/6071/5916
f 1457/687/582 3161/694/589 6230/6220/6016 4489/6219/6015
f 3161/694/589 1456/693/588 4490/6221/6017 6230/6220/6016
f 6230/6220/6016 4490/6221/6017 156/6083/5924 1861/6081/5922
f 4489/6219/6015 6230/6220/6016 1861/6081/5922 157/6077/5920
f 1456/693/588 3160/700/595 6231/6222/6018 4490/6221/6017
f 3160/700/595 1455/699/594 4491/6223/6019 6231/6222/6018
f 6231/6222/6018 4491/6223/6019 155/6089/5928 1860/6087/5926
f 4490/6221/6017 6231/6222/6018 1860/6087/5926 156/6083/5924
f 1455/699/594 3159/706/601 6232/6224/6020 4491/6223/6019
f 3159/706/601 1454/705/600 4492/6225/6021 6232/6224/6020
f 6232/6224/6020 4492/6225/6021 154/6095/5932 1859/6093/5930
f 4491/6223/6019 6232/6224/6020 1859/6093/5930 155/6089/5928
f 1454/705/600 3158/712/607 6233/6226/6022 4492/6225/6021
f 3158/712/607 1453/711/606 4493/6227/6023 6233/6226/6022
f 6233/6226/6022 4493/6227/6023 153/6101/5936 1858/6099/5934
f 4492/6225/6021 6233/6226/6022 1858/6099/5934 154/6095/5932
f 1453/711/606 3157/718/613 6234/6228/6024 4493/6227/6023
f 3157/718/613 1452/717/612 4494/6229/6025 6234/6228/6024
f 6234/6228/6024 4494/6229/6025 152/6107/5940 1857/6105/5938
f 4493/6227/6023 6234/6228/6024 1857/6105/5938 153/6101/5936
f 1452/717/612 3156/724/619 6235/6230/6026 4494/6229/6025
f 3156/724/619 1451/723/618 4495/6231/6027 6235/6230/6026
f 6235/6230/6026 4495/6231/6027 151/6113/5944 1856/6111/5942
f 4494/6229/6025 6235/6230/6026 1856/6111/5942 152/6107/5940
f 1451/723/618 3155/730/625 6236/6232/6028 4495/6231/6027
f 3155/730/625 1450/729/624 4496/6233/6029 6236/6232/6028
f 6236/6232/6028 4496/6233/6029 150/6119/5948 1855/6117/5946
f 4495/6231/6027 6236/6232/6028 1855/6117/5946 151/6113/5944
f 1450/729/624 3154/736/631 6237/6234/6030 4496/6233/6029
f 3154/736/631 1449/735/630 4497/6235/6031 6237/6234/6030
f 6237/6234/6030 4497/6235/6031 149/6125/5952 1854/6123/5950
f 4496/6233/6029 6237/6234/6030 1854/6123/5950 150/6119/5948
f 1449/735/630 3153/742/637 6238/6236/6032 4497/6235/6031
f 3153/742/637 1448/741/636 4498/6237/6033 6238/6236/6032
f 6238/6236/6032 4498/6237/6033 148/6131/5956 1853/6129/5954
f 4497/6235/6031 6238/6236/6032 1853/6129/5954 149/6125/5952
f 1448/741/636 3152/748/643 6239/6238/6034 4498/6237/6033
f 3152/748/643 1447/747/642 4499/6239/6035 6239/6238/6034
f 6239/6238/6034 4499/6239/6035 147/6137/5960 1852/6135/5958
f 4498/6237/6033 6239/6238/6034 1852/6135/5958 148/6131/5956
f 1447/747/642 3151/754/649 6240/6240/6036 4499/6239/6035
f 3151/754/649 1446/753/648 4500/6241/6037 6240/6240/6036
f 6240/6240/6036 4500/6241/6037 146/6143/5964 1851/6141/5962
f 4499/6239/6035 6240/6240/6036 1851/6141/5962 147/6137/5960
f 1446/753/648 3150/760/655 6241/6242/6038 4500/6241/6037
f 3150/760/655 1445/759/654 4501/6243/6039 6241/6242/6038
f 6241/6242/6038 4501/6243/6039 145/6149/5968 1850/6147/5966
f 4500/6241/6037 6241/6242/6038 1850/6147/5966 146/6143/5964
f 1445/759/654 3149/766/661 6242/6244/6040 4501/6243/6039
f 3149/766/661 1444/765/660 4502/6245/6041 6242/6244/6040
f 6242/6244/6040 4502/6245/6041 144/6155/5972 1849/6153/5970
f 4501/6243/6039 6242/6244/6040 1849/6153/5970 145/6149/5968
f 1444/765/660 3148/772/667 6243/6246/6042 4502/6245/6041
f 3148/772/667 1443/771/666 4503/6247/6043 6243/6246/6042
f 6243/6246/6042 4503/6247/6043 143/6161/5976 1848/6159/5974
f 4502/6245/6041 6243/6246/6042 1848/6159/5974 144/6155/5972
f 1443/771/666 3147/778/673 6244/6248/6044 4503/6247/6043
f 3147/778/673 1442/777/672 4504/6249/6045 6244/6248/6044
f 6244/6248/6044 4504/6249/6045 142/6167/5980 1847/6165/5978
f 4503/6247/6043 6244/6248/6044 1847/6165/5978 143/6161/5976
f 1442/777/672 3146/784/679 6245/6250/6046 4504/6249/6045
f 3146/784/679 1441/783/678 4505/6251/6047 6245/6250/6046
f 6245/6250/6046 4505/6251/6047 141/6173/5984 1846/6171/5982
f 4504/6249/6045 6245/6250/6046 1846/6171/5982 142/6167/5980
f 1441/783/678 3145/790/685 6246/6252/6048 4505/6251/6047
f 3145/790/685 1440/789/684 4506/6253/6049 6246/6252/6048
f 6246/6252/6048 4506/6253/6049 140/6179/5988 1845/6177/5986
f 4505/6251/6047 6246/6252/6048 1845/6177/5986 141/6173/5984
f 1440/789/684 3144/796/691 6247/6254/6050 4506/6253/6049
f 3144/796/691 1439/795/690 4507/6255/6051 6247/6254/6050
f 6247/6254/6050 4507/6255/6051 139/6185/5992 1844/6183/5990
f 4506/6253/6049 6247/6254/6050 1844/6183/5990 140/6179/5988
f 1439/795/690 3143/802/697 6248/6256/6052 4507/6255/6051
f 3143/802/697 1438/801/696 4508/6257/6053 6248/6256/6052
f 6248/6256/6052 4508/6257/6053 138/6191/5996 1843/6189/5994
f 4507/6255/6051 6248/6256/6052 1843/6189/5994 139/6185/5992
f 1438/801/696 3142/808/703 6249/6258/6054 4508/6257/6053
f 3142/808/703 1437/807/702 4509/6259/6055 6249/6258/6054
f 6249/6258/6054 4509/6259/6055 137/6197/6000 1842/6195/5998
f 4508/6257/6053 6249/6258/6054 1842/6195/5998 138/6191/5996
f 1437/807/702 3141/814/709 6250/6260/6056 4509/6259/6055
f 3141/814/709 1436/813/708 4510/6261/6057 6250/6260/6056
f 6250/6260/6056 4510/6261/6057 136/6203/6004 1841/6201/6002
f 4509/6259/6055 6250/6260/6056 1841/6201/6002 137/6197/6000
f 1436/813/708 3140/820/715 6251/6262/6058 4510/6261/6057
f 3140/820/715 1435/819/714 4511/6263/6059 6251/6262/6058
f 6251/6262/6058 4511/6263/6059 135/6209/6008 1840/6207/6006
f 4510/6261/6057 6251/6262/6058 1840/6207/6006 136/6203/6004
f 1435/819/714 3139/823/718 6252/6264/6060 4511/6263/6059
f 3139/823/718 1434/1/1 4512/4/4 6252/6264/6060
f 6252/6264/6060 4512/4/4 134/9/9 1839/6213/6010
f 4511/6263/6059 6252/6264/6060 1839/6213/6010 135/6209/6008
f 1474/6265/6061 4548/6266/6062 6253/6267/6063 4542/6268/6064
f 4548/6269/6062 1473/6270/6065 4537/6271/6066 6253/6272/6067
f 6253/6272/6067 4537/6271/6066 1470/6273/6068 4535/6274/6069
f 4542/6268/6064 6253/6267/6063 4535/6275/6070 1471/6276/6071
f 1600/6277/6072 4736/6278/6073 6254/6279/6074 4742/6280/6075
f 4736/6278/6076 1477/6281/6077 4529/6282/6078 6254/6279/6074
f 6254/6279/6074 4529/6282/6078 1465/6283/6079 4733/6284/6080
f 4742/6280/6075 6254/6279/6074 4733/6284/6080 1597/6285/6081
f 6403/6286/6082 6407/6287/6083 6255/6288/6084 4741/6289/6085
f 6407/6287/6083 6396/6290/6086 4520/6291/6087 6255/6288/6084
f 6255/6288/6084 4520/6291/6087 1463/6292/6088 4732/6293/6089
f 4741/6289/6085 6255/6288/6084 4732/6293/6090 1596/6294/6091
f 6401/6295/6092 6408/6296/6093 6256/6297/6094 4622/6298/6095
f 6408/6296/6093 6398/6299/6096 4522/6300/6097 6256/6297/6094
f 6256/6297/6094 4522/6300/6097 1460/6301/6098 4611/6302/6099
f 4622/6298/6095 6256/6297/6094 4611/6302/6099 1535/6303/6100
f 6397/153/118 6409/6304/6101 6257/6305/6102 4521/154/119
f 6409/6306/6101 6399/6307/6103 4523/6308/6104 6257/6309/6102
f 6257/6309/6102 4523/6308/6104 1464/6310/6105 4519/6311/6106
f 4521/154/119 6257/6305/6102 4519/6312/6106 1459/155/6107
f 6395/162/129 6410/6313/6108 6258/6314/6109 1725/163/130
f 6410/6315/6108 6400/6316/6110 4524/6317/6111 6258/6318/6109
f 6258/6318/6109 4524/6317/6111 1461/6319/6112 4517/6320/6113
f 1725/163/130 6258/6314/6109 4517/6321/6113 1462/164/132
f 1598/6322/6114 4740/6323/6115 6259/6324/6116 4526/6325/6117
f 4740/6326/6118 1597/6285/6081 4733/6284/6080 6259/6327/6119
f 6259/6327/6119 4733/6284/6080 1465/6283/6079 4528/6328/6120
f 4526/6325/6117 6259/6324/6116 4528/6329/6121 1468/6330/6122
f 1479/6331/6123 4555/6332/6124 6260/6333/6125 4551/6334/6126
f 4555/6335/6124 1478/6336/6127 4550/6337/6128 6260/6338/6125
f 6260/6338/6125 4550/6337/6128 1466/6339/6129 4527/6340/6130
f 4551/6334/6126 6260/6333/6125 4527/6341/6130 1467/6342/6131
f 1599/6343/6132 4735/6344/6133 6261/6345/6134 4739/6346/6135
f 4735/6344/6136 1479/6331/6137 4551/6334/6138 6261/6345/6139
f 6261/6345/6139 4551/6334/6138 1467/6342/6131 4734/6347/6140
f 4739/6346/6135 6261/6345/6134 4734/6347/6141 1598/6322/6114
f 1477/6281/6077 4553/6348/6142 6262/6349/6143 4529/6282/6078
f 4553/6350/6142 1480/6351/6144 4552/6352/6145 6262/6353/6143
f 6262/6353/6143 4552/6352/6145 1468/6330/6122 4528/6329/6121
f 4529/6282/6078 6262/6349/6143 4528/6328/6120 1465/6283/6079
f 1538/6354/6146 4621/6355/6147 6263/6356/6148 4534/6357/6149
f 4621/6358/6150 1537/6359/6151 4613/6360/6152 6263/6361/6153
f 6263/6361/6154 4613/6360/6155 1469/6362/6156 4536/6363/6157
f 4534/6357/6158 6263/6356/6159 4536/6364/6157 1472/6365/6160
f 1540/6366/6161 4616/6367/6162 6264/6368/6163 4620/6369/6164
f 4616/6367/6165 1474/6265/6061 4542/6268/6064 6264/6368/6163
f 6264/6368/6163 4542/6268/6064 1471/6276/6071 4614/6370/6166
f 4620/6369/6164 6264/6368/6163 4614/6370/6166 1538/6354/6146
f 1476/6371/6167 4546/6372/6168 6265/6373/6169 4544/6374/6170
f 4546/6375/6168 1475/6376/6171 4543/6377/6172 6265/6378/6169
f 6265/6378/6169 4543/6377/6172 1472/6365/6160 4536/6364/6157
f 4544/6374/6170 6265/6373/6169 4536/6363/6157 1469/6362/6156
f 1539/6379/6173 4615/6380/6174 6266/6381/6175 4619/6382/6176
f 4615/6380/6177 1476/6371/6167 4544/6374/6170 6266/6381/6178
f 6266/6381/6178 4544/6374/6170 1469/6362/6156 4613/6360/6155
f 4619/6382/6176 6266/6381/6175 4613/6360/6152 1537/6359/6151
f 1535/6303/6100 4611/6302/6099 6267/6383/6179 4618/6384/6180
f 4611/6302/6099 1460/6301/6098 4540/6385/6181 6267/6383/6179
f 6267/6383/6179 4540/6385/6181 1476/6371/6167 4615/6380/6177
f 4618/6384/6180 6267/6383/6179 4615/6380/6174 1539/6379/6173
f 1460/6301/6182 4518/6386/6183 6268/6387/6184 4540/6385/6181
f 4518/6388/6183 1463/6292/6185 4539/6389/6186 6268/6390/6184
f 6268/6390/6184 4539/6389/6186 1475/6376/6171 4546/6375/6168
f 4540/6385/6181 6268/6387/6184 4546/6372/6168 1476/6371/6167
f 1536/166/135 4612/165/134 6269/6391/6187 4617/6392/6188
f 4612/165/133 1462/164/132 4538/6393/6189 6269/6391/6190
f 6269/6391/6190 4538/6393/6189 1474/6265/6061 4616/6367/6165
f 4617/6392/6188 6269/6391/6187 4616/6367/6162 1540/6366/6161
f 1462/164/132 4517/6321/6113 6270/6394/6191 4538/6393/6192
f 4517/6320/6113 1461/6319/6112 4541/6395/6193 6270/6396/6191
f 6270/6396/6191 4541/6395/6193 1473/6270/6065 4548/6269/6062
f 4538/6393/6192 6270/6394/6191 4548/6266/6062 1474/6265/6061
f 1459/155/6107 4519/6312/6106 6271/6397/6194 4549/6398/6195
f 4519/6311/6106 1464/6310/6105 4532/6399/6196 6271/6400/6194
f 6271/6400/6194 4532/6399/6196 1480/6351/6144 4553/6350/6142
f 4549/6398/6195 6271/6397/6194 4553/6348/6142 1477/6281/6077
f 1596/6294/6091 4732/6293/6090 6272/6401/6197 4738/6402/6198
f 4732/6293/6089 1463/6292/6088 4531/6403/6199 6272/6401/6200
f 6272/6401/6200 4531/6403/6199 1479/6331/6137 4735/6344/6136
f 4738/6402/6198 6272/6401/6197 4735/6344/6133 1599/6343/6132
f 1463/6292/6201 4518/6388/6202 6273/6404/6203 4531/6403/6204
f 4518/6386/6202 1460/6301/6205 4530/6405/6206 6273/6406/6203
f 6273/6406/6203 4530/6405/6206 1478/6336/6127 4555/6335/6124
f 4531/6403/6204 6273/6404/6203 4555/6332/6124 1479/6331/6123
f 1595/157/124 4731/156/123 6274/6407/6207 4737/6408/6208
f 4731/156/122 1459/155/121 4549/6398/6195 6274/6407/6209
f 6274/6407/6209 4549/6398/6195 1477/6281/6077 4736/6278/6076
f 4737/6408/6208 6274/6407/6207 4736/6278/6073 1600/6277/6072
f 1463/6292/6185 4515/6409/6210 6275/6410/6211 4539/6389/6186
f 4515/6409/6210 1536/166/6212 4617/6392/6213 6275/6410/6211
f 6275/6410/6211 4617/6392/6213 1540/6366/6161 4547/6411/6214
f 4539/6389/6186 6275/6410/6211 4547/6411/6214 1475/6376/6171
f 1461/6319/6112 4514/6412/6215 6276/6413/6216 4541/6395/6193
f 4514/6412/6215 1535/6303/6100 4618/6384/6180 6276/6413/6216
f 6276/6413/6216 4618/6384/6180 1539/6379/6173 4545/6414/6217
f 4541/6395/6193 6276/6413/6216 4545/6414/6217 1473/6270/6065
f 1473/6270/6065 4545/6414/6217 6277/6415/6218 4537/6271/6066
f 4545/6414/6217 1539/6379/6173 4619/6382/6176 6277/6415/6218
f 6277/6415/6218 4619/6382/6176 1537/6359/6151 4533/6416/6219
f 4537/6271/6066 6277/6415/6218 4533/6416/6219 1470/6273/6068
f 1475/6376/6171 4547/6411/6214 6278/6417/6220 4543/6377/6172
f 4547/6411/6214 1540/6366/6161 4620/6369/6164 6278/6417/6221
f 6278/6417/6221 4620/6369/6164 1538/6354/6146 4534/6357/6149
f 4543/6377/6172 6278/6417/6220 4534/6357/6158 1472/6365/6160
f 1471/6276/6071 4535/6275/6070 6279/6418/6222 4614/6370/6166
f 4535/6274/6069 1470/6273/6068 4533/6416/6219 6279/6419/6223
f 6279/6419/6224 4533/6416/6219 1537/6359/6151 4621/6358/6150
f 4614/6370/6166 6279/6418/6225 4621/6355/6147 1538/6354/6146
f 6400/6316/6110 6411/6420/6226 6280/6421/6227 4524/6317/6111
f 6411/6420/6226 6401/6295/6092 4622/6298/6095 6280/6421/6227
f 6280/6421/6227 4622/6298/6095 1535/6303/6100 4514/6412/6215
f 4524/6317/6111 6280/6421/6227 4514/6412/6215 1461/6319/6112
f 485/4790/4684 2189/4794/4688 6281/6422/6228 4609/6423/6229
f 2189/4794/4688 484/510/405 4610/6424/6230 6281/6422/6228
f 6281/6422/6228 4610/6424/6230 1534/511/406 4623/4645/4539
f 4609/6423/6229 6281/6422/6228 4623/4645/4539 1533/4641/4535
f 486/4784/4678 2190/4791/4685 6282/6425/6231 4608/6426/6232
f 2190/4791/4685 485/4790/4684 4609/6423/6229 6282/6425/6231
f 6282/6425/6231 4609/6423/6229 1533/4641/4535 4624/4639/4533
f 4608/6426/6232 6282/6425/6231 4624/4639/4533 1532/4635/4529
f 487/4778/4672 2191/4785/4679 6283/6427/6233 4607/6428/6234
f 2191/4785/4679 486/4784/4678 4608/6426/6232 6283/6427/6233
f 6283/6427/6233 4608/6426/6232 1532/4635/4529 4625/4633/4527
f 4607/6428/6234 6283/6427/6233 4625/4633/4527 1531/4629/4523
f 488/4772/4666 2192/4779/4673 6284/6429/6235 4606/6430/6236
f 2192/4779/4673 487/4778/4672 4607/6428/6234 6284/6429/6235
f 6284/6429/6235 4607/6428/6234 1531/4629/4523 4626/4627/4521
f 4606/6430/6236 6284/6429/6235 4626/4627/4521 1530/4623/4517
f 489/4766/4660 2193/4773/4667 6285/6431/6237 4605/6432/6238
f 2193/4773/4667 488/4772/4666 4606/6430/6236 6285/6431/6237
f 6285/6431/6237 4606/6430/6236 1530/4623/4517 4627/4621/4515
f 4605/6432/6238 6285/6431/6237 4627/4621/4515 1529/4617/4511
f 490/4760/4654 2194/4767/4661 6286/6433/6239 4604/6434/6240
f 2194/4767/4661 489/4766/4660 4605/6432/6238 6286/6433/6239
f 6286/6433/6239 4605/6432/6238 1529/4617/4511 4628/4615/4509
f 4604/6434/6240 6286/6433/6239 4628/4615/4509 1528/4611/4505
f 491/4754/4648 2195/4761/4655 6287/6435/6241 4603/6436/6242
f 2195/4761/4655 490/4760/4654 4604/6434/6240 6287/6435/6241
f 6287/6435/6241 4604/6434/6240 1528/4611/4505 4629/4609/4503
f 4603/6436/6242 6287/6435/6241 4629/4609/4503 1527/4605/4499
f 492/4748/4642 2196/4755/4649 6288/6437/6243 4602/6438/6244
f 2196/4755/4649 491/4754/4648 4603/6436/6242 6288/6437/6243
f 6288/6437/6243 4603/6436/6242 1527/4605/4499 4630/4603/4497
f 4602/6438/6244 6288/6437/6243 4630/4603/4497 1526/4599/4493
f 493/4742/4636 2197/4749/4643 6289/6439/6245 4601/6440/6246
f 2197/4749/4643 492/4748/4642 4602/6438/6244 6289/6439/6245
f 6289/6439/6245 4602/6438/6244 1526/4599/4493 4631/4597/4491
f 4601/6440/6246 6289/6439/6245 4631/4597/4491 1525/4593/4487
f 494/4736/4630 2198/4743/4637 6290/6441/6247 4600/6442/6248
f 2198/4743/4637 493/4742/4636 4601/6440/6246 6290/6441/6247
f 6290/6441/6247 4601/6440/6246 1525/4593/4487 4632/4591/4485
f 4600/6442/6248 6290/6441/6247 4632/4591/4485 1524/4587/4481
f 495/4730/4624 2199/4737/4631 6291/6443/6249 4599/6444/6250
f 2199/4737/4631 494/4736/4630 4600/6442/6248 6291/6443/6249
f 6291/6443/6249 4600/6442/6248 1524/4587/4481 4633/4585/4479
f 4599/6444/6250 6291/6443/6249 4633/4585/4479 1523/4581/4475
f 496/4724/4618 2200/4731/4625 6292/6445/6251 4598/6446/6252
f 2200/4731/4625 495/4730/4624 4599/6444/6250 6292/6445/6251
f 6292/6445/6251 4599/6444/6250 1523/4581/4475 4634/4579/4473
f 4598/6446/6252 6292/6445/6251 4634/4579/4473 1522/4575/4469
f 497/4718/4612 2201/4725/4619 6293/6447/6253 4597/6448/6254
f 2201/4725/4619 496/4724/4618 4598/6446/6252 6293/6447/6253
f 6293/6447/6253 4598/6446/6252 1522/4575/4469 4635/4573/4467
f 4597/6448/6254 6293/6447/6253 4635/4573/4467 1521/4569/4463
f 498/4712/4606 2202/4719/4613 6294/6449/6255 4596/6450/6256
f 2202/4719/4613 497/4718/4612 4597/6448/6254 6294/6449/6255
f 6294/6449/6255 4597/6448/6254 1521/4569/4463 4636/4567/4461
f 4596/6450/6256 6294/6449/6255 4636/4567/4461 1520/4563/4457
f 499/4706/4600 2203/4713/4607 6295/6451/6257 4595/6452/6258
f 2203/4713/4607 498/4712/4606 4596/6450/6256 6295/6451/6257
f 6295/6451/6257 4596/6450/6256 1520/4563/4457 4637/4561/4455
f 4595/6452/6258 6295/6451/6257 4637/4561/4455 1519/4557/4451
f 500/4700/4594 2204/4707/4601 6296/6453/6259 4594/6454/6260
f 2204/4707/4601 499/4706/4600 4595/6452/6258 6296/6453/6259
f 6296/6453/6259 4595/6452/6258 1519/4557/4451 4638/4555/4449
f 4594/6454/6260 6296/6453/6259 4638/4555/4449 1518/4551/4445
f 501/4694/4588 2205/4701/4595 6297/6455/6261 4593/6456/6262
f 2205/4701/4595 500/4700/4594 4594/6454/6260 6297/6455/6261
f 6297/6455/6261 4594/6454/6260 1518/4551/4445 4639/4549/4443
f 4593/6456/6262 6297/6455/6261 4639/4549/4443 1517/4545/4439
f 502/4688/4582 2206/4695/4589 6298/6457/6263 4592/6458/6264
f 2206/4695/4589 501/4694/4588 4593/6456/6262 6298/6457/6263
f 6298/6457/6263 4593/6456/6262 1517/4545/4439 4640/4543/4437
f 4592/6458/6264 6298/6457/6263 4640/4543/4437 1516/4539/4433
f 503/4682/4576 2207/4689/4583 6299/6459/6265 4591/6460/6266
f 2207/4689/4583 502/4688/4582 4592/6458/6264 6299/6459/6265
f 6299/6459/6265 4592/6458/6264 1516/4539/4433 4641/4537/4431
f 4591/6460/6266 6299/6459/6265 4641/4537/4431 1515/4533/4427
f 504/4676/4570 2208/4683/4577 6300/6461/6267 4590/6462/6268
f 2208/4683/4577 503/4682/4576 4591/6460/6266 6300/6461/6267
f 6300/6461/6267 4591/6460/6266 1515/4533/4427 4642/4531/4425
f 4590/6462/6268 6300/6461/6267 4642/4531/4425 1514/4527/4421
f 505/4670/4564 2209/4677/4571 6301/6463/6269 4589/6464/6270
f 2209/4677/4571 504/4676/4570 4590/6462/6268 6301/6463/6269
f 6301/6463/6269 4590/6462/6268 1514/4527/4421 4643/4525/4419
f 4589/6464/6270 6301/6463/6269 4643/4525/4419 1513/4521/4415
f 506/4664/4558 2210/4671/4565 6302/6465/6271 4588/6466/6272
f 2210/4671/4565 505/4670/4564 4589/6464/6270 6302/6465/6271
f 6302/6465/6271 4589/6464/6270 1513/4521/4415 4644/4519/4413
f 4588/6466/6272 6302/6465/6271 4644/4519/4413 1512/4515/4409
f 507/4658/4552 2211/4665/4559 6303/6467/6273 4587/6468/6274
f 2211/4665/4559 506/4664/4558 4588/6466/6272 6303/6467/6273
f 6303/6467/6273 4588/6466/6272 1512/4515/4409 4645/4513/4407
f 4587/6468/6274 6303/6467/6273 4645/4513/4407 1511/4509/4403
f 508/4652/4546 2212/4659/4553 6304/6469/6275 4586/6470/6276
f 2212/4659/4553 507/4658/4552 4587/6468/6274 6304/6469/6275
f 6304/6469/6275 4587/6468/6274 1511/4509/4403 4646/4507/4401
f 4586/6470/6276 6304/6469/6275 4646/4507/4401 1510/4503/4397
f 72/351/274 1774/4653/4547 6305/6471/6277 1676/6472/6278
f 1774/4653/4547 508/4652/4546 4586/6470/6276 6305/6471/6277
f 6305/6471/6277 4586/6470/6276 1510/4503/4397 4647/4501/4395
f 1676/6472/6278 6305/6471/6277 4647/4501/4395 1483/360/281
f 1135/2046/1940 2839/2050/1944 6306/6473/6279 4584/6474/6280
f 2839/2050/1944 1134/626/521 4585/6475/6281 6306/6473/6279
f 6306/6473/6279 4585/6475/6281 1509/627/522 4648/1901/1795
f 4584/6474/6280 6306/6473/6279 4648/1901/1795 1508/1899/1793
f 1136/2040/1934 2840/2047/1941 6307/6476/6282 4583/6477/6283
f 2840/2047/1941 1135/2046/1940 4584/6474/6280 6307/6476/6282
f 6307/6476/6282 4584/6474/6280 1508/1899/1793 4649/1897/1791
f 4583/6477/6283 6307/6476/6282 4649/1897/1791 1507/1895/1789
f 1137/2034/1928 2841/2041/1935 6308/6478/6284 4582/6479/6285
f 2841/2041/1935 1136/2040/1934 4583/6477/6283 6308/6478/6284
f 6308/6478/6284 4583/6477/6283 1507/1895/1789 4650/1893/1787
f 4582/6479/6285 6308/6478/6284 4650/1893/1787 1506/1891/1785
f 1138/2028/1922 2842/2035/1929 6309/6480/6286 4581/6481/6287
f 2842/2035/1929 1137/2034/1928 4582/6479/6285 6309/6480/6286
f 6309/6480/6286 4582/6479/6285 1506/1891/1785 4651/1889/1783
f 4581/6481/6287 6309/6480/6286 4651/1889/1783 1505/1887/1781
f 1139/2022/1916 2843/2029/1923 6310/6482/6288 4580/6483/6289
f 2843/2029/1923 1138/2028/1922 4581/6481/6287 6310/6482/6288
f 6310/6482/6288 4581/6481/6287 1505/1887/1781 4652/1885/1779
f 4580/6483/6289 6310/6482/6288 4652/1885/1779 1504/1883/1777
f 1140/2016/1910 2844/2023/1917 6311/6484/6290 4579/6485/6291
f 2844/2023/1917 1139/2022/1916 4580/6483/6289 6311/6484/6290
f 6311/6484/6290 4580/6483/6289 1504/1883/1777 4653/1881/1775
f 4579/6485/6291 6311/6484/6290 4653/1881/1775 1503/1879/1773
f 1141/2010/1904 2845/2017/1911 6312/6486/6292 4578/6487/6293
f 2845/2017/1911 1140/2016/1910 4579/6485/6291 6312/6486/6292
f 6312/6486/6292 4579/6485/6291 1503/1879/1773 4654/1877/1771
f 4578/6487/6293 6312/6486/6292 4654/1877/1771 1502/1875/1769
f 1142/2004/1898 2846/2011/1905 6313/6488/6294 4577/6489/6295
f 2846/2011/1905 1141/2010/1904 4578/6487/6293 6313/6488/6294
f 6313/6488/6294 4578/6487/6293 1502/1875/1769 4655/1873/1767
f 4577/6489/6295 6313/6488/6294 4655/1873/1767 1501/1871/1765
f 1143/1998/1892 2847/2005/1899 6314/6490/6296 4576/6491/6297
f 2847/2005/1899 1142/2004/1898 4577/6489/6295 6314/6490/6296
f 6314/6490/6296 4577/6489/6295 1501/1871/1765 4656/1869/1763
f 4576/6491/6297 6314/6490/6296 4656/1869/1763 1500/1867/1761
f 1144/1992/1886 2848/1999/1893 6315/6492/6298 4575/6493/6299
f 2848/1999/1893 1143/1998/1892 4576/6491/6297 6315/6492/6298
f 6315/6492/6298 4576/6491/6297 1500/1867/1761 4657/1865/1759
f 4575/6493/6299 6315/6492/6298 4657/1865/1759 1499/1863/1757
f 1145/1986/1880 2849/1993/1887 6316/6494/6300 4574/6495/6301
f 2849/1993/1887 1144/1992/1886 4575/6493/6299 6316/6494/6300
f 6316/6494/6300 4575/6493/6299 1499/1863/1757 4658/1861/1755
f 4574/6495/6301 6316/6494/6300 4658/1861/1755 1498/1859/1753
f 1146/1980/1874 2850/1987/1881 6317/6496/6302 4573/6497/6303
f 2850/1987/1881 1145/1986/1880 4574/6495/6301 6317/6496/6302
f 6317/6496/6302 4574/6495/6301 1498/1859/1753 4659/1857/1751
f 4573/6497/6303 6317/6496/6302 4659/1857/1751 1497/1855/1749
f 1147/1974/1868 2851/1981/1875 6318/6498/6304 4572/6499/6305
f 2851/1981/1875 1146/1980/1874 4573/6497/6303 6318/6498/6304
f 6318/6498/6304 4573/6497/6303 1497/1855/1749 4660/1853/1747
f 4572/6499/6305 6318/6498/6304 4660/1853/1747 1496/1851/1745
f 1148/1968/1862 2852/1975/1869 6319/6500/6306 4571/6501/6307
f 2852/1975/1869 1147/1974/1868 4572/6499/6305 6319/6500/6306
f 6319/6500/6306 4572/6499/6305 1496/1851/1745 4661/1849/1743
f 4571/6501/6307 6319/6500/6306 4661/1849/1743 1495/1847/1741
f 1149/1962/1856 2853/1969/1863 6320/6502/6308 4570/6503/6309
f 2853/1969/1863 1148/1968/1862 4571/6501/6307 6320/6502/6308
f 6320/6502/6308 4571/6501/6307 1495/1847/1741 4662/1845/1739
f 4570/6503/6309 6320/6502/6308 4662/1845/1739 1494/1843/1737
f 1150/1956/1850 2854/1963/1857 6321/6504/6310 4569/6505/6311
f 2854/1963/1857 1149/1962/1856 4570/6503/6309 6321/6504/6310
f 6321/6504/6310 4570/6503/6309 1494/1843/1737 4663/1841/1735
f 4569/6505/6311 6321/6504/6310 4663/1841/1735 1493/1839/1733
f 1151/1950/1844 2855/1957/1851 6322/6506/6312 4568/6507/6313
f 2855/1957/1851 1150/1956/1850 4569/6505/6311 6322/6506/6312
f 6322/6506/6312 4569/6505/6311 1493/1839/1733 4664/1837/1731
f 4568/6507/6313 6322/6506/6312 4664/1837/1731 1492/1835/1729
f 1152/1944/1838 2856/1951/1845 6323/6508/6314 4567/6509/6315
f 2856/1951/1845 1151/1950/1844 4568/6507/6313 6323/6508/6314
f 6323/6508/6314 4568/6507/6313 1492/1835/1729 4665/1833/1727
f 4567/6509/6315 6323/6508/6314 4665/1833/1727 1491/1831/1725
f 1153/1938/1832 2857/1945/1839 6324/6510/6316 4566/6511/6317
f 2857/1945/1839 1152/1944/1838 4567/6509/6315 6324/6510/6316
f 6324/6510/6316 4567/6509/6315 1491/1831/1725 4666/1829/1723
f 4566/6511/6317 6324/6510/6316 4666/1829/1723 1490/1827/1721
f 1154/1932/1826 2858/1939/1833 6325/6512/6318 4565/6513/6319
f 2858/1939/1833 1153/1938/1832 4566/6511/6317 6325/6512/6318
f 6325/6512/6318 4566/6511/6317 1490/1827/1721 4667/1825/1719
f 4565/6513/6319 6325/6512/6318 4667/1825/1719 1489/1823/1717
f 1155/1926/1820 2859/1933/1827 6326/6514/6320 4564/6515/6321
f 2859/1933/1827 1154/1932/1826 4565/6513/6319 6326/6514/6320
f 6326/6514/6320 4565/6513/6319 1489/1823/1717 4668/1821/1715
f 4564/6515/6321 6326/6514/6320 4668/1821/1715 1488/1819/1713
f 1156/1920/1814 2860/1927/1821 6327/6516/6322 4563/6517/6323
f 2860/1927/1821 1155/1926/1820 4564/6515/6321 6327/6516/6322
f 6327/6516/6322 4564/6515/6321 1488/1819/1713 4669/1817/1711
f 4563/6517/6323 6327/6516/6322 4669/1817/1711 1487/1815/1709
f 1157/1914/1808 2861/1921/1815 6328/6518/6324 4562/6519/6325
f 2861/1921/1815 1156/1920/1814 4563/6517/6323 6328/6518/6324
f 6328/6518/6324 4563/6517/6323 1487/1815/1709 4670/1813/1707
f 4562/6519/6325 6328/6518/6324 4670/1813/1707 1486/1811/1705
f 1158/1908/1802 2862/1915/1809 6329/6520/6326 4561/6521/6327
f 2862/1915/1809 1157/1914/1808 4562/6519/6325 6329/6520/6326
f 6329/6520/6326 4562/6519/6325 1486/1811/1705 4671/1809/1703
f 4561/6521/6327 6329/6520/6326 4671/1809/1703 1485/1807/1701
f 21/366/285 1800/1909/1803 6330/6522/6328 1625/358/280
f 1800/1909/1803 1158/1908/1802 4561/6521/6327 6330/6522/6328
f 6330/6522/6328 4561/6521/6327 1485/1807/1701 4672/1804/1698
f 1625/358/280 6330/6522/6328 4672/1804/1698 1481/355/277
f 1134/626/521 2838/625/520 6331/6523/6329 4585/6475/6281
f 2838/625/520 46/624/519 4558/6524/6330 6331/6523/6329
f 6331/6523/6329 4558/6524/6330 1482/631/526 4673/628/523
f 4585/6475/6281 6331/6523/6329 4673/628/523 1509/627/522
f 484/510/405 2188/509/404 6332/6525/6331 4610/6424/6230
f 2188/509/404 95/148/113 4560/6526/6332 6332/6525/6331
f 6332/6525/6331 4560/6526/6332 1484/515/410 4674/512/407
f 4610/6424/6230 6332/6525/6331 4674/512/407 1534/511/406
f 20/354/276 1749/353/275 6333/6527/6333 4557/1806/1700
f 1749/352/275 72/351/274 1676/6472/6278 6333/6528/6333
f 6333/6528/6333 1676/6472/6278 1483/360/281 4675/359/278
f 4557/1806/1700 6333/6527/6333 4675/356/278 1481/355/277
f 6396/6290/6086 6412/6529/6334 6334/6530/6335 4520/6291/6087
f 6412/6529/6334 6402/158/125 4676/161/128 6334/6530/6335
f 6334/6530/6335 4676/161/128 1536/166/6212 4515/6409/6210
f 4520/6291/6087 6334/6530/6335 4515/6409/6210 1463/6292/6336
f 1460/6301/6205 4513/6531/6337 6335/6532/6338 4530/6405/6206
f 4513/6531/6337 1595/157/124 4737/6408/6339 6335/6532/6338
f 6335/6532/6338 4737/6408/6339 1600/6277/6340 4556/6533/6341
f 4530/6405/6206 6335/6532/6338 4556/6533/6341 1478/6336/6127
f 1464/6310/6105 4516/6534/6342 6336/6535/6343 4532/6399/6196
f 4516/6534/6344 1596/6294/6091 4738/6402/6345 6336/6535/6346
f 6336/6535/6346 4738/6402/6345 1599/6343/6132 4554/6536/6347
f 4532/6399/6196 6336/6535/6343 4554/6536/6348 1480/6351/6144
f 1480/6351/6144 4554/6536/6348 6337/6537/6349 4552/6352/6145
f 4554/6536/6347 1599/6343/6132 4739/6346/6135 6337/6537/6349
f 6337/6537/6349 4739/6346/6135 1598/6322/6114 4526/6325/6117
f 4552/6352/6145 6337/6537/6349 4526/6325/6117 1468/6330/6122
f 1467/6342/6131 4527/6341/6130 6338/6538/6350 4734/6347/6140
f 4527/6340/6130 1466/6339/6129 4525/6539/6351 6338/6540/6352
f 6338/6540/6353 4525/6539/6351 1597/6285/6354 4740/6326/6353
f 4734/6347/6141 6338/6538/6355 4740/6323/6115 1598/6322/6114
f 6399/6307/6103 6413/6541/6356 6339/6542/6357 4523/6308/6104
f 6413/6541/6356 6403/6286/6082 4741/6289/6085 6339/6542/6358
f 6339/6542/6358 4741/6289/6085 1596/6294/6091 4516/6534/6344
f 4523/6308/6104 6339/6542/6357 4516/6534/6342 1464/6310/6105
f 1478/6336/6127 4556/6533/6341 6340/6543/6359 4550/6337/6128
f 4556/6533/6341 1600/6277/6340 4742/6280/6360 6340/6543/6359
f 6340/6543/6359 4742/6280/6360 1597/6285/6354 4525/6539/6351
f 4550/6337/6128 6340/6543/6359 4525/6539/6351 1466/6339/6129
f 510/4643/4537 2214/4647/4541 6341/6544/6361 4729/6545/6362
f 2214/4647/4541 509/519/414 4730/6546/6363 6341/6544/6361
f 6341/6544/6361 4730/6546/6363 1594/520/415 4743/4499/4393
f 4729/6545/6362 6341/6544/6361 4743/4499/4393 1593/4497/4391
f 511/4637/4531 2215/4644/4538 6342/6547/6364 4728/6548/6365
f 2215/4644/4538 510/4643/4537 4729/6545/6362 6342/6547/6364
f 6342/6547/6364 4729/6545/6362 1593/4497/4391 4744/4495/4389
f 4728/6548/6365 6342/6547/6364 4744/4495/4389 1592/4493/4387
f 512/4631/4525 2216/4638/4532 6343/6549/6366 4727/6550/6367
f 2216/4638/4532 511/4637/4531 4728/6548/6365 6343/6549/6366
f 6343/6549/6366 4728/6548/6365 1592/4493/4387 4745/4491/4385
f 4727/6550/6367 6343/6549/6366 4745/4491/4385 1591/4489/4383
f 513/4625/4519 2217/4632/4526 6344/6551/6368 4726/6552/6369
f 2217/4632/4526 512/4631/4525 4727/6550/6367 6344/6551/6368
f 6344/6551/6368 4727/6550/6367 1591/4489/4383 4746/4487/4381
f 4726/6552/6369 6344/6551/6368 4746/4487/4381 1590/4485/4379
f 514/4619/4513 2218/4626/4520 6345/6553/6370 4725/6554/6371
f 2218/4626/4520 513/4625/4519 4726/6552/6369 6345/6553/6370
f 6345/6553/6370 4726/6552/6369 1590/4485/4379 4747/4483/4377
f 4725/6554/6371 6345/6553/6370 4747/4483/4377 1589/4481/4375
f 515/4613/4507 2219/4620/4514 6346/6555/6372 4724/6556/6373
f 2219/4620/4514 514/4619/4513 4725/6554/6371 6346/6555/6372
f 6346/6555/6372 4725/6554/6371 1589/4481/4375 4748/4479/4373
f 4724/6556/6373 6346/6555/6372 4748/4479/4373 1588/4477/4371
f 516/4607/4501 2220/4614/4508 6347/6557/6374 4723/6558/6375
f 2220/4614/4508 515/4613/4507 4724/6556/6373 6347/6557/6374
f 6347/6557/6374 4724/6556/6373 1588/4477/4371 4749/4475/4369
f 4723/6558/6375 6347/6557/6374 4749/4475/4369 1587/4473/4367
f 517/4601/4495 2221/4608/4502 6348/6559/6376 4722/6560/6377
f 2221/4608/4502 516/4607/4501 4723/6558/6375 6348/6559/6376
f 6348/6559/6376 4723/6558/6375 1587/4473/4367 4750/4471/4365
f 4722/6560/6377 6348/6559/6376 4750/4471/4365 1586/4469/4363
f 518/4595/4489 2222/4602/4496 6349/6561/6378 4721/6562/6379
f 2222/4602/4496 517/4601/4495 4722/6560/6377 6349/6561/6378
f 6349/6561/6378 4722/6560/6377 1586/4469/4363 4751/4467/4361
f 4721/6562/6379 6349/6561/6378 4751/4467/4361 1585/4465/4359
f 519/4589/4483 2223/4596/4490 6350/6563/6380 4720/6564/6381
f 2223/4596/4490 518/4595/4489 4721/6562/6379 6350/6563/6380
f 6350/6563/6380 4721/6562/6379 1585/4465/4359 4752/4463/4357
f 4720/6564/6381 6350/6563/6380 4752/4463/4357 1584/4461/4355
f 520/4583/4477 2224/4590/4484 6351/6565/6382 4719/6566/6383
f 2224/4590/4484 519/4589/4483 4720/6564/6381 6351/6565/6382
f 6351/6565/6382 4720/6564/6381 1584/4461/4355 4753/4459/4353
f 4719/6566/6383 6351/6565/6382 4753/4459/4353 1583/4457/4351
f 521/4577/4471 2225/4584/4478 6352/6567/6384 4718/6568/6385
f 2225/4584/4478 520/4583/4477 4719/6566/6383 6352/6567/6384
f 6352/6567/6384 4719/6566/6383 1583/4457/4351 4754/4455/4349
f 4718/6568/6385 6352/6567/6384 4754/4455/4349 1582/4453/4347
f 522/4571/4465 2226/4578/4472 6353/6569/6386 4717/6570/6387
f 2226/4578/4472 521/4577/4471 4718/6568/6385 6353/6569/6386
f 6353/6569/6386 4718/6568/6385 1582/4453/4347 4755/4451/4345
f 4717/6570/6387 6353/6569/6386 4755/4451/4345 1581/4449/4343
f 523/4565/4459 2227/4572/4466 6354/6571/6388 4716/6572/6389
f 2227/4572/4466 522/4571/4465 4717/6570/6387 6354/6571/6388
f 6354/6571/6388 4717/6570/6387 1581/4449/4343 4756/4447/4341
f 4716/6572/6389 6354/6571/6388 4756/4447/4341 1580/4445/4339
f 524/4559/4453 2228/4566/4460 6355/6573/6390 4715/6574/6391
f 2228/4566/4460 523/4565/4459 4716/6572/6389 6355/6573/6390
f 6355/6573/6390 4716/6572/6389 1580/4445/4339 4757/4443/4337
f 4715/6574/6391 6355/6573/6390 4757/4443/4337 1579/4441/4335
f 525/4553/4447 2229/4560/4454 6356/6575/6392 4714/6576/6393
f 2229/4560/4454 524/4559/4453 4715/6574/6391 6356/6575/6392
f 6356/6575/6392 4715/6574/6391 1579/4441/4335 4758/4439/4333
f 4714/6576/6393 6356/6575/6392 4758/4439/4333 1578/4437/4331
f 526/4547/4441 2230/4554/4448 6357/6577/6394 4713/6578/6395
f 2230/4554/4448 525/4553/4447 4714/6576/6393 6357/6577/6394
f 6357/6577/6394 4714/6576/6393 1578/4437/4331 4759/4435/4329
f 4713/6578/6395 6357/6577/6394 4759/4435/4329 1577/4433/4327
f 527/4541/4435 2231/4548/4442 6358/6579/6396 4712/6580/6397
f 2231/4548/4442 526/4547/4441 4713/6578/6395 6358/6579/6396
f 6358/6579/6396 4713/6578/6395 1577/4433/4327 4760/4431/4325
f 4712/6580/6397 6358/6579/6396 4760/4431/4325 1576/4429/4323
f 528/4535/4429 2232/4542/4436 6359/6581/6398 4711/6582/6399
f 2232/4542/4436 527/4541/4435 4712/6580/6397 6359/6581/6398
f 6359/6581/6398 4712/6580/6397 1576/4429/4323 4761/4427/4321
f 4711/6582/6399 6359/6581/6398 4761/4427/4321 1575/4425/4319
f 529/4529/4423 2233/4536/4430 6360/6583/6400 4710/6584/6401
f 2233/4536/4430 528/4535/4429 4711/6582/6399 6360/6583/6400
f 6360/6583/6400 4711/6582/6399 1575/4425/4319 4762/4423/4317
f 4710/6584/6401 6360/6583/6400 4762/4423/4317 1574/4421/4315
f 530/4523/4417 2234/4530/4424 6361/6585/6402 4709/6586/6403
f 2234/4530/4424 529/4529/4423 4710/6584/6401 6361/6585/6402
f 6361/6585/6402 4710/6584/6401 1574/4421/4315 4763/4419/4313
f 4709/6586/6403 6361/6585/6402 4763/4419/4313 1573/4417/4311
f 531/4517/4411 2235/4524/4418 6362/6587/6404 4708/6588/6405
f 2235/4524/4418 530/4523/4417 4709/6586/6403 6362/6587/6404
f 6362/6587/6404 4709/6586/6403 1573/4417/4311 4764/4415/4309
f 4708/6588/6405 6362/6587/6404 4764/4415/4309 1572/4413/4307
f 532/4511/4405 2236/4518/4412 6363/6589/6406 4707/6590/6407
f 2236/4518/4412 531/4517/4411 4708/6588/6405 6363/6589/6406
f 6363/6589/6406 4708/6588/6405 1572/4413/4307 4765/4411/4305
f 4707/6590/6407 6363/6589/6406 4765/4411/4305 1571/4409/4303
f 533/4505/4399 2237/4512/4406 6364/6591/6408 4706/6592/6409
f 2237/4512/4406 532/4511/4405 4707/6590/6407 6364/6591/6408
f 6364/6591/6408 4707/6590/6407 1571/4409/4303 4766/4407/4301
f 4706/6592/6409 6364/6591/6408 4766/4407/4301 1570/4405/4299
f 71/363/283 1775/4506/4400 6365/6593/6410 1675/6594/6411
f 1775/4506/4400 533/4505/4399 4706/6592/6409 6365/6593/6410
f 6365/6593/6410 4706/6592/6409 1570/4405/4299 4767/4403/4297
f 1675/6594/6411 6365/6593/6410 4767/4403/4297 1543/372/290
f 1110/2193/2087 2814/2197/2091 6366/6595/6412 4704/6596/6413
f 2814/2197/2091 1109/617/512 4705/6597/6414 6366/6595/6412
f 6366/6595/6412 4705/6597/6414 1569/618/513 4768/2048/1942
f 4704/6596/6413 6366/6595/6412 4768/2048/1942 1568/2044/1938
f 1111/2187/2081 2815/2194/2088 6367/6598/6415 4703/6599/6416
f 2815/2194/2088 1110/2193/2087 4704/6596/6413 6367/6598/6415
f 6367/6598/6415 4704/6596/6413 1568/2044/1938 4769/2042/1936
f 4703/6599/6416 6367/6598/6415 4769/2042/1936 1567/2038/1932
f 1112/2181/2075 2816/2188/2082 6368/6600/6417 4702/6601/6418
f 2816/2188/2082 1111/2187/2081 4703/6599/6416 6368/6600/6417
f 6368/6600/6417 4703/6599/6416 1567/2038/1932 4770/2036/1930
f 4702/6601/6418 6368/6600/6417 4770/2036/1930 1566/2032/1926
f 1113/2175/2069 2817/2182/2076 6369/6602/6419 4701/6603/6420
f 2817/2182/2076 1112/2181/2075 4702/6601/6418 6369/6602/6419
f 6369/6602/6419 4702/6601/6418 1566/2032/1926 4771/2030/1924
f 4701/6603/6420 6369/6602/6419 4771/2030/1924 1565/2026/1920
f 1114/2169/2063 2818/2176/2070 6370/6604/6421 4700/6605/6422
f 2818/2176/2070 1113/2175/2069 4701/6603/6420 6370/6604/6421
f 6370/6604/6421 4701/6603/6420 1565/2026/1920 4772/2024/1918
f 4700/6605/6422 6370/6604/6421 4772/2024/1918 1564/2020/1914
f 1115/2163/2057 2819/2170/2064 6371/6606/6423 4699/6607/6424
f 2819/2170/2064 1114/2169/2063 4700/6605/6422 6371/6606/6423
f 6371/6606/6423 4700/6605/6422 1564/2020/1914 4773/2018/1912
f 4699/6607/6424 6371/6606/6423 4773/2018/1912 1563/2014/1908
f 1116/2157/2051 2820/2164/2058 6372/6608/6425 4698/6609/6426
f 2820/2164/2058 1115/2163/2057 4699/6607/6424 6372/6608/6425
f 6372/6608/6425 4699/6607/6424 1563/2014/1908 4774/2012/1906
f 4698/6609/6426 6372/6608/6425 4774/2012/1906 1562/2008/1902
f 1117/2151/2045 2821/2158/2052 6373/6610/6427 4697/6611/6428
f 2821/2158/2052 1116/2157/2051 4698/6609/6426 6373/6610/6427
f 6373/6610/6427 4698/6609/6426 1562/2008/1902 4775/2006/1900
f 4697/6611/6428 6373/6610/6427 4775/2006/1900 1561/2002/1896
f 1118/2145/2039 2822/2152/2046 6374/6612/6429 4696/6613/6430
f 2822/2152/2046 1117/2151/2045 4697/6611/6428 6374/6612/6429
f 6374/6612/6429 4697/6611/6428 1561/2002/1896 4776/2000/1894
f 4696/6613/6430 6374/6612/6429 4776/2000/1894 1560/1996/1890
f 1119/2139/2033 2823/2146/2040 6375/6614/6431 4695/6615/6432
f 2823/2146/2040 1118/2145/2039 4696/6613/6430 6375/6614/6431
f 6375/6614/6431 4696/6613/6430 1560/1996/1890 4777/1994/1888
f 4695/6615/6432 6375/6614/6431 4777/1994/1888 1559/1990/1884
f 1120/2133/2027 2824/2140/2034 6376/6616/6433 4694/6617/6434
f 2824/2140/2034 1119/2139/2033 4695/6615/6432 6376/6616/6433
f 6376/6616/6433 4695/6615/6432 1559/1990/1884 4778/1988/1882
f 4694/6617/6434 6376/6616/6433 4778/1988/1882 1558/1984/1878
f 1121/2127/2021 2825/2134/2028 6377/6618/6435 4693/6619/6436
f 2825/2134/2028 1120/2133/2027 4694/6617/6434 6377/6618/6435
f 6377/6618/6435 4694/6617/6434 1558/1984/1878 4779/1982/1876
f 4693/6619/6436 6377/6618/6435 4779/1982/1876 1557/1978/1872
f 1122/2121/2015 2826/2128/2022 6378/6620/6437 4692/6621/6438
f 2826/2128/2022 1121/2127/2021 4693/6619/6436 6378/6620/6437
f 6378/6620/6437 4693/6619/6436 1557/1978/1872 4780/1976/1870
f 4692/6621/6438 6378/6620/6437 4780/1976/1870 1556/1972/1866
f 1123/2115/2009 2827/2122/2016 6379/6622/6439 4691/6623/6440
f 2827/2122/2016 1122/2121/2015 4692/6621/6438 6379/6622/6439
f 6379/6622/6439 4692/6621/6438 1556/1972/1866 4781/1970/1864
f 4691/6623/6440 6379/6622/6439 4781/1970/1864 1555/1966/1860
f 1124/2109/2003 2828/2116/2010 6380/6624/6441 4690/6625/6442
f 2828/2116/2010 1123/2115/2009 4691/6623/6440 6380/6624/6441
f 6380/6624/6441 4691/6623/6440 1555/1966/1860 4782/1964/1858
f 4690/6625/6442 6380/6624/6441 4782/1964/1858 1554/1960/1854
f 1125/2103/1997 2829/2110/2004 6381/6626/6443 4689/6627/6444
f 2829/2110/2004 1124/2109/2003 4690/6625/6442 6381/6626/6443
f 6381/6626/6443 4690/6625/6442 1554/1960/1854 4783/1958/1852
f 4689/6627/6444 6381/6626/6443 4783/1958/1852 1553/1954/1848
f 1126/2097/1991 2830/2104/1998 6382/6628/6445 4688/6629/6446
f 2830/2104/1998 1125/2103/1997 4689/6627/6444 6382/6628/6445
f 6382/6628/6445 4689/6627/6444 1553/1954/1848 4784/1952/1846
f 4688/6629/6446 6382/6628/6445 4784/1952/1846 1552/1948/1842
f 1127/2091/1985 2831/2098/1992 6383/6630/6447 4687/6631/6448
f 2831/2098/1992 1126/2097/1991 4688/6629/6446 6383/6630/6447
f 6383/6630/6447 4688/6629/6446 1552/1948/1842 4785/1946/1840
f 4687/6631/6448 6383/6630/6447 4785/1946/1840 1551/1942/1836
f 1128/2085/1979 2832/2092/1986 6384/6632/6449 4686/6633/6450
f 2832/2092/1986 1127/2091/1985 4687/6631/6448 6384/6632/6449
f 6384/6632/6449 4687/6631/6448 1551/1942/1836 4786/1940/1834
f 4686/6633/6450 6384/6632/6449 4786/1940/1834 1550/1936/1830
f 1129/2079/1973 2833/2086/1980 6385/6634/6451 4685/6635/6452
f 2833/2086/1980 1128/2085/1979 4686/6633/6450 6385/6634/6451
f 6385/6634/6451 4686/6633/6450 1550/1936/1830 4787/1934/1828
f 4685/6635/6452 6385/6634/6451 4787/1934/1828 1549/1930/1824
f 1130/2073/1967 2834/2080/1974 6386/6636/6453 4684/6637/6454
f 2834/2080/1974 1129/2079/1973 4685/6635/6452 6386/6636/6453
f 6386/6636/6453 4685/6635/6452 1549/1930/1824 4788/1928/1822
f 4684/6637/6454 6386/6636/6453 4788/1928/1822 1548/1924/1818
f 1131/2067/1961 2835/2074/1968 6387/6638/6455 4683/6639/6456
f 2835/2074/1968 1130/2073/1967 4684/6637/6454 6387/6638/6455
f 6387/6638/6455 4684/6637/6454 1548/1924/1818 4789/1922/1816
f 4683/6639/6456 6387/6638/6455 4789/1922/1816 1547/1918/1812
f 1132/2061/1955 2836/2068/1962 6388/6640/6457 4682/6641/6458
f 2836/2068/1962 1131/2067/1961 4683/6639/6456 6388/6640/6457
f 6388/6640/6457 4683/6639/6456 1547/1918/1812 4790/1916/1810
f 4682/6641/6458 6388/6640/6457 4790/1916/1810 1546/1912/1806
f 1133/2055/1949 2837/2062/1956 6389/6642/6459 4681/6643/6460
f 2837/2062/1956 1132/2061/1955 4682/6641/6458 6389/6642/6459
f 6389/6642/6459 4682/6641/6458 1546/1912/1806 4791/1910/1804
f 4681/6643/6460 6389/6642/6459 4791/1910/1804 1545/1906/1800
f 22/378/294 1799/2056/1950 6390/6644/6461 1626/370/289
f 1799/2056/1950 1133/2055/1949 4681/6643/6460 6390/6644/6461
f 6390/6644/6461 4681/6643/6460 1545/1906/1800 4792/1903/1797
f 1626/370/289 6390/6644/6461 4792/1903/1797 1541/367/286
f 1109/617/512 2813/616/511 6391/6645/6462 4705/6597/6414
f 2813/616/511 45/172/140 4678/6646/6463 6391/6645/6462
f 6391/6645/6462 4678/6646/6463 1542/622/517 4793/619/514
f 4705/6597/6414 6391/6645/6462 4793/619/514 1569/618/513
f 509/519/414 2213/518/413 6392/6647/6464 4730/6546/6363
f 2213/518/413 96/517/412 4680/6648/6465 6392/6647/6464
f 6392/6647/6464 4680/6648/6465 1544/524/419 4794/521/416
f 4730/6546/6363 6392/6647/6464 4794/521/416 1594/520/415
f 21/366/285 1750/365/284 6393/6649/6466 4677/1905/1799
f 1750/364/284 71/363/283 1675/6594/6411 6393/6650/6466
f 6393/6650/6466 1675/6594/6411 1543/372/290 4795/371/287
f 4677/1905/1799 6393/6649/6466 4795/368/287 1541/367/286
f 6398/6299/6096 6414/6651/6467 6394/6652/6468 4522/6300/6097
f 6414/6651/6467 6404/149/114 4796/152/117 6394/6652/6468
f 6394/6652/6468 4796/152/117 1595/157/124 4513/6531/6337
f 4522/6300/6097 6394/6652/6468 4513/6531/6337 1460/6301/6205
f 1650/623/518 1542/622/517 6404/149/114 6414/6651/6467
f 46/624/519 1650/623/518 6414/6651/6467 6398/6299/6096
f 1701/525/420 1544/524/419 6403/6286/6082 6413/6541/6356
f 97/167/136 1701/525/420 6413/6541/6356 6399/6307/6103
f 1700/516/411 1484/515/410 6402/158/125 6412/6529/6334
f 96/517/412 1700/516/411 6412/6529/6334 6396/6290/6086
f 1651/632/527 1482/631/526 6401/6295/6092 6411/6420/6226
f 47/145/111 1651/632/527 6411/6420/6226 6400/6316/6110
f 1724/146/6469 47/145/111 6400/6316/6110 6410/6315/6108
f 95/148/113 1724/147/6469 6410/6313/6108 6395/162/129
f 1726/168/6470 97/167/136 6399/6307/6103 6409/6306/6101
f 45/172/6471 1726/171/6470 6409/6304/6101 6397/153/118
f 4558/6524/6330 46/624/519 6398/6299/6096 6408/6296/6093
f 1482/631/526 4558/6524/6330 6408/6296/6093 6401/6295/6092
f 4680/6648/6465 96/517/412 6396/6290/6086 6407/6287/6083
f 1544/524/419 4680/6648/6465 6407/6287/6083 6403/6286/6082
f 4560/6526/6332 95/148/113 6395/162/129 6406/159/126
f 1484/515/410 4560/6526/6332 6406/159/126 6402/158/125
f 4678/6646/6463 45/172/140 6397/153/118 6405/150/115
f 1542/622/517 4678/6646/6463 6405/150/115 6404/149/114
