# Blender 4.2.4 LTS
# www.blender.org
mtllib MANHOLEv1.1.mtl
o Cylinder
v -0.326694 0.019445 -0.788708
v -0.603651 0.019445 -0.603651
v -0.788708 0.019445 -0.326694
v -0.853691 0.019445 0.000000
v -0.788708 0.019445 0.326694
v -0.603651 0.019445 0.603651
v 0.326694 0.019445 0.788708
v 0.603651 0.019445 0.603651
v 0.788708 0.019445 0.326694
v 0.853691 0.019445 0.000000
v 0.788708 0.019445 -0.326694
v 0.603651 0.019445 -0.603651
v 0.272245 0.019445 -0.657258
v 0.000000 0.019445 -0.711411
v -0.272245 0.019445 -0.657258
v -0.503043 0.019445 -0.503043
v -0.657258 0.019445 -0.272245
v -0.711411 0.019445 0.000000
v -0.657258 0.019445 0.272245
v -0.503043 0.019445 0.503043
v -0.272245 0.019445 0.657258
v 0.000000 0.019445 0.711411
v 0.272245 0.019445 0.657258
v 0.503043 0.019445 0.503043
v 0.657258 0.019445 0.272245
v 0.711411 0.019445 0.000000
v 0.657258 0.019445 -0.272245
v 0.503043 0.019445 -0.503043
v 0.215298 0.019445 -0.519775
v 0.000000 0.019445 -0.562600
v -0.215298 0.019445 -0.519775
v -0.397818 0.019445 -0.397818
v -0.519775 0.019445 -0.215298
v -0.562600 0.019445 0.000000
v -0.519775 0.019445 0.215298
v -0.397818 0.019445 0.397818
v -0.215298 0.019445 0.519775
v 0.000000 0.019445 0.562600
v 0.215298 0.019445 0.519775
v 0.397818 0.019445 0.397818
v 0.519775 0.019445 0.215298
v 0.562600 0.019445 0.000000
v 0.519775 0.019445 -0.215298
v 0.397818 0.019445 -0.397818
v 0.164912 0.019445 -0.398132
v -0.000000 0.019445 -0.430935
v -0.164912 0.019445 -0.398132
v -0.304717 0.019445 -0.304717
v -0.398132 0.019445 -0.164912
v -0.430935 0.019445 0.000000
v -0.398132 0.019445 0.164912
v -0.304717 0.019445 0.304717
v -0.164912 0.019445 0.398132
v 0.000000 0.019445 0.430935
v 0.164912 0.019445 0.398132
v 0.304717 0.019445 0.304717
v 0.398132 0.019445 0.164912
v 0.430935 0.019445 -0.000000
v 0.398132 0.019445 -0.164912
v 0.304717 0.019445 -0.304717
v 0.122098 0.019445 -0.294771
v -0.000000 0.019445 -0.319058
v -0.122098 0.019445 -0.294771
v -0.225608 0.019445 -0.225608
v -0.294771 0.019445 -0.122098
v -0.319058 0.019445 0.000000
v -0.294771 0.019445 0.122098
v -0.225608 0.019445 0.225608
v -0.122098 0.019445 0.294771
v 0.000000 0.019445 0.319058
v 0.122098 0.019445 0.294771
v 0.225608 0.019445 0.225608
v 0.294771 0.019445 0.122098
v 0.319058 0.019445 -0.000000
v 0.294771 0.019445 -0.122098
v 0.225608 0.019445 -0.225608
v 0.066760 0.019445 -0.161172
v 0.000000 0.019445 -0.174452
v -0.066760 0.019445 -0.161172
v -0.123356 0.019445 -0.123356
v -0.161172 0.019445 -0.066760
v -0.174452 0.019445 -0.000000
v -0.161172 0.019445 0.066760
v -0.123356 0.019445 0.123356
v -0.066760 0.019445 0.161172
v -0.000000 0.019445 0.174452
v 0.066760 0.019445 0.161172
v 0.123356 0.019445 0.123356
v 0.161172 0.019445 0.066760
v 0.174452 0.019445 0.000000
v 0.161172 0.019445 -0.066760
v 0.123356 0.019445 -0.123356
v -0.336308 0.019445 -0.757012
v -0.570689 0.019445 -0.600404
v -0.500379 0.019445 -0.530095
v -0.298257 0.019445 -0.665148
v -0.600404 0.019445 -0.570689
v -0.757012 0.019445 -0.336308
v -0.665148 0.019445 -0.298257
v -0.530095 0.019445 -0.500379
v -0.773094 0.019445 -0.297483
v -0.828088 0.019445 -0.021012
v -0.728655 0.019445 -0.021012
v -0.681231 0.019445 -0.259432
v -0.828088 0.019445 0.021012
v -0.773094 0.019445 0.297483
v -0.681231 0.019445 0.259432
v -0.728655 0.019445 0.021012
v -0.757012 0.019445 0.336308
v -0.600404 0.019445 0.570689
v -0.530095 0.019445 0.500379
v -0.665148 0.019445 0.298257
v 0.336308 0.019445 0.757012
v 0.570689 0.019445 0.600404
v 0.500379 0.019445 0.530095
v 0.298257 0.019445 0.665148
v 0.600404 0.019445 0.570689
v 0.757012 0.019445 0.336308
v 0.665148 0.019445 0.298257
v 0.530095 0.019445 0.500379
v 0.773094 0.019445 0.297483
v 0.828088 0.019445 0.021012
v 0.728655 0.019445 0.021012
v 0.681231 0.019445 0.259432
v 0.828088 0.019445 -0.021012
v 0.773094 0.019445 -0.297483
v 0.681231 0.019445 -0.259432
v 0.728655 0.019445 -0.021012
v 0.757012 0.019445 -0.336308
v 0.600404 0.019445 -0.570689
v 0.530095 0.019445 -0.500379
v 0.665148 0.019445 -0.298257
v 0.243034 0.019445 -0.641644
v 0.021012 0.019445 -0.685807
v 0.021012 0.019445 -0.579844
v 0.202484 0.019445 -0.543747
v -0.021012 0.019445 -0.685807
v -0.243034 0.019445 -0.641644
v -0.202484 0.019445 -0.543747
v -0.021012 0.019445 -0.579844
v -0.281860 0.019445 -0.625562
v -0.470081 0.019445 -0.499797
v -0.395154 0.019445 -0.424870
v -0.241310 0.019445 -0.527665
v -0.499797 0.019445 -0.470081
v -0.625562 0.019445 -0.281860
v -0.527665 0.019445 -0.241310
v -0.424870 0.019445 -0.395154
v -0.641644 0.019445 -0.243034
v -0.685807 0.019445 -0.021012
v -0.579844 0.019445 -0.021012
v -0.543747 0.019445 -0.202484
v -0.685807 0.019445 0.021012
v -0.641644 0.019445 0.243034
v -0.543747 0.019445 0.202484
v -0.579844 0.019445 0.021012
v -0.625562 0.019445 0.281860
v -0.499797 0.019445 0.470081
v -0.424870 0.019445 0.395154
v -0.527665 0.019445 0.241310
v -0.470081 0.019445 0.499797
v -0.281860 0.019445 0.625562
v -0.241310 0.019445 0.527665
v -0.395154 0.019445 0.424870
v -0.243034 0.019445 0.641644
v -0.021012 0.019445 0.685807
v -0.021012 0.019445 0.579844
v -0.202484 0.019445 0.543747
v 0.021012 0.019445 0.685807
v 0.243034 0.019445 0.641644
v 0.202484 0.019445 0.543747
v 0.021012 0.019445 0.579844
v 0.281860 0.019445 0.625562
v 0.470081 0.019445 0.499797
v 0.395154 0.019445 0.424870
v 0.241310 0.019445 0.527665
v 0.499797 0.019445 0.470081
v 0.625562 0.019445 0.281860
v 0.527665 0.019445 0.241310
v 0.424870 0.019445 0.395154
v 0.641644 0.019445 0.243034
v 0.685807 0.019445 0.021012
v 0.579844 0.019445 0.021012
v 0.543747 0.019445 0.202484
v 0.685807 0.019445 -0.021012
v 0.641644 0.019445 -0.243034
v 0.543747 0.019445 -0.202484
v 0.579844 0.019445 -0.021012
v 0.625562 0.019445 -0.281860
v 0.499797 0.019445 -0.470081
v 0.424870 0.019445 -0.395154
v 0.527665 0.019445 -0.241310
v 0.470081 0.019445 -0.499797
v 0.281860 0.019445 -0.625562
v 0.241310 0.019445 -0.527665
v 0.395154 0.019445 -0.424870
v 0.186087 0.019445 -0.504161
v 0.021012 0.019445 -0.536997
v 0.021012 0.019445 -0.448179
v 0.152098 0.019445 -0.422104
v -0.021012 0.019445 -0.536997
v -0.186087 0.019445 -0.504161
v -0.152098 0.019445 -0.422104
v -0.021012 0.019445 -0.448179
v -0.224913 0.019445 -0.488079
v -0.364856 0.019445 -0.394572
v -0.302052 0.019445 -0.331768
v -0.190923 0.019445 -0.406022
v -0.394572 0.019445 -0.364856
v -0.488079 0.019445 -0.224912
v -0.406022 0.019445 -0.190923
v -0.331768 0.019445 -0.302052
v -0.504161 0.019445 -0.186087
v -0.536997 0.019445 -0.021012
v -0.448179 0.019445 -0.021012
v -0.422104 0.019445 -0.152098
v -0.536997 0.019445 0.021012
v -0.504161 0.019445 0.186087
v -0.422104 0.019445 0.152098
v -0.448179 0.019445 0.021012
v -0.488079 0.019445 0.224913
v -0.394572 0.019445 0.364856
v -0.331768 0.019445 0.302052
v -0.406022 0.019445 0.190923
v -0.364856 0.019445 0.394572
v -0.224912 0.019445 0.488079
v -0.190923 0.019445 0.406022
v -0.302052 0.019445 0.331768
v -0.186087 0.019445 0.504161
v -0.021012 0.019445 0.536997
v -0.021012 0.019445 0.448179
v -0.152098 0.019445 0.422104
v 0.021012 0.019445 0.536997
v 0.186087 0.019445 0.504161
v 0.152098 0.019445 0.422104
v 0.021012 0.019445 0.448179
v 0.224913 0.019445 0.488079
v 0.364856 0.019445 0.394572
v 0.302052 0.019445 0.331768
v 0.190923 0.019445 0.406022
v 0.394572 0.019445 0.364856
v 0.488079 0.019445 0.224912
v 0.406022 0.019445 0.190923
v 0.331768 0.019445 0.302052
v 0.504161 0.019445 0.186087
v 0.536997 0.019445 0.021012
v 0.448179 0.019445 0.021012
v 0.422104 0.019445 0.152098
v 0.536997 0.019445 -0.021012
v 0.504161 0.019445 -0.186087
v 0.422104 0.019445 -0.152098
v 0.448179 0.019445 -0.021012
v 0.488079 0.019445 -0.224913
v 0.394572 0.019445 -0.364856
v 0.331768 0.019445 -0.302052
v 0.406022 0.019445 -0.190923
v 0.364856 0.019445 -0.394572
v 0.224912 0.019445 -0.488079
v 0.190923 0.019445 -0.406022
v 0.302052 0.019445 -0.331768
v 0.135701 0.019445 -0.382518
v 0.021012 0.019445 -0.405331
v 0.021012 0.019445 -0.336302
v 0.109285 0.019445 -0.318744
v -0.021012 0.019445 -0.405331
v -0.135701 0.019445 -0.382518
v -0.109285 0.019445 -0.318744
v -0.021012 0.019445 -0.336302
v -0.174526 0.019445 -0.366436
v -0.271755 0.019445 -0.301470
v -0.222944 0.019445 -0.252660
v -0.148110 0.019445 -0.302662
v -0.301470 0.019445 -0.271755
v -0.366436 0.019445 -0.174526
v -0.302662 0.019445 -0.148110
v -0.252660 0.019445 -0.222944
v -0.382518 0.019445 -0.135701
v -0.405331 0.019445 -0.021012
v -0.336302 0.019445 -0.021012
v -0.318744 0.019445 -0.109285
v -0.405331 0.019445 0.021012
v -0.382518 0.019445 0.135701
v -0.318744 0.019445 0.109285
v -0.336302 0.019445 0.021012
v -0.366436 0.019445 0.174526
v -0.301470 0.019445 0.271755
v -0.252660 0.019445 0.222944
v -0.302662 0.019445 0.148110
v -0.271755 0.019445 0.301470
v -0.174526 0.019445 0.366436
v -0.148110 0.019445 0.302662
v -0.222944 0.019445 0.252660
v -0.135701 0.019445 0.382518
v -0.021012 0.019445 0.405331
v -0.021012 0.019445 0.336302
v -0.109285 0.019445 0.318744
v 0.021012 0.019445 0.405331
v 0.135701 0.019445 0.382518
v 0.109285 0.019445 0.318744
v 0.021012 0.019445 0.336302
v 0.174526 0.019445 0.366436
v 0.271755 0.019445 0.301470
v 0.222944 0.019445 0.252660
v 0.148110 0.019445 0.302662
v 0.301470 0.019445 0.271755
v 0.366436 0.019445 0.174526
v 0.302662 0.019445 0.148110
v 0.252660 0.019445 0.222944
v 0.382518 0.019445 0.135701
v 0.405331 0.019445 0.021012
v 0.336302 0.019445 0.021012
v 0.318744 0.019445 0.109285
v 0.405331 0.019445 -0.021012
v 0.382518 0.019445 -0.135701
v 0.318744 0.019445 -0.109285
v 0.336302 0.019445 -0.021012
v 0.366436 0.019445 -0.174526
v 0.301470 0.019445 -0.271755
v 0.252660 0.019445 -0.222944
v 0.302662 0.019445 -0.148110
v 0.271755 0.019445 -0.301470
v 0.174526 0.019445 -0.366436
v 0.148110 0.019445 -0.302662
v 0.222944 0.019445 -0.252660
v 0.092887 0.019445 -0.279158
v 0.021012 0.019445 -0.293455
v 0.021012 0.019445 -0.213988
v 0.062477 0.019445 -0.205740
v -0.021012 0.019445 -0.293455
v -0.092887 0.019445 -0.279158
v -0.062477 0.019445 -0.205740
v -0.021012 0.019445 -0.213988
v -0.131713 0.019445 -0.263076
v -0.192646 0.019445 -0.222362
v -0.136454 0.019445 -0.166170
v -0.101302 0.019445 -0.189658
v -0.222362 0.019445 -0.192646
v -0.263076 0.019445 -0.131713
v -0.189658 0.019445 -0.101302
v -0.166170 0.019445 -0.136454
v -0.279158 0.019445 -0.092887
v -0.293455 0.019445 -0.021012
v -0.213988 0.019445 -0.021012
v -0.205740 0.019445 -0.062477
v -0.293455 0.019445 0.021012
v -0.279158 0.019445 0.092887
v -0.205740 0.019445 0.062477
v -0.213988 0.019445 0.021012
v -0.263076 0.019445 0.131713
v -0.222362 0.019445 0.192646
v -0.166170 0.019445 0.136454
v -0.189658 0.019445 0.101302
v -0.192646 0.019445 0.222362
v -0.131713 0.019445 0.263076
v -0.101302 0.019445 0.189658
v -0.136454 0.019445 0.166170
v -0.092887 0.019445 0.279158
v -0.021012 0.019445 0.293455
v -0.021012 0.019445 0.213988
v -0.062477 0.019445 0.205740
v 0.021012 0.019445 0.293455
v 0.092887 0.019445 0.279158
v 0.062477 0.019445 0.205740
v 0.021012 0.019445 0.213988
v 0.131713 0.019445 0.263076
v 0.192646 0.019445 0.222362
v 0.136454 0.019445 0.166170
v 0.101302 0.019445 0.189658
v 0.222362 0.019445 0.192646
v 0.263076 0.019445 0.131713
v 0.189658 0.019445 0.101302
v 0.166170 0.019445 0.136454
v 0.279158 0.019445 0.092887
v 0.293455 0.019445 0.021012
v 0.213988 0.019445 0.021012
v 0.205740 0.019445 0.062477
v 0.293455 0.019445 -0.021012
v 0.279158 0.019445 -0.092887
v 0.205740 0.019445 -0.062477
v 0.213988 0.019445 -0.021012
v 0.263076 0.019445 -0.131713
v 0.222362 0.019445 -0.192646
v 0.166170 0.019445 -0.136454
v 0.189658 0.019445 -0.101302
v 0.192646 0.019445 -0.222362
v 0.131713 0.019445 -0.263076
v 0.101302 0.019445 -0.189658
v 0.136454 0.019445 -0.166170
v 0.358055 0.014160 -0.864420
v -0.000000 0.014160 -0.935642
v 0.661599 0.014160 -0.661599
v 0.864420 0.014160 -0.358055
v 0.935642 0.014160 0.000000
v 0.864420 0.014160 0.358055
v 0.661599 0.014160 0.661599
v 0.358055 0.014160 0.864420
v -0.000000 0.014160 0.935642
v -0.358055 0.014160 0.864420
v -0.661599 0.014160 0.661599
v -0.864420 0.014160 0.358055
v -0.935642 0.014160 0.000000
v -0.864420 0.014160 -0.358055
v -0.661599 0.014160 -0.661599
v -0.358055 0.014160 -0.864420
v 0.326694 0.029386 -0.788708
v 0.000000 0.029386 -0.853691
v -0.326694 0.029386 0.788708
v 0.000000 0.029386 0.853691
v 0.358055 0.027814 -0.864420
v -0.000000 0.027814 -0.935642
v 0.661599 0.027814 -0.661599
v 0.864420 0.027814 -0.358055
v 0.935642 0.027814 0.000000
v 0.864420 0.027814 0.358055
v 0.661599 0.027814 0.661599
v 0.358055 0.027814 0.864420
v -0.000000 0.027814 0.935642
v -0.358055 0.027814 0.864420
v -0.661599 0.027814 0.661599
v -0.864420 0.027814 0.358055
v -0.935642 0.027814 0.000000
v -0.864420 0.027814 -0.358055
v -0.661599 0.027814 -0.661599
v -0.358055 0.027814 -0.864420
v -0.000000 0.014160 -0.944117
v 0.361298 0.014160 -0.872250
v 0.667592 0.014160 -0.667592
v 0.872250 0.014160 -0.361298
v 0.944117 0.014160 0.000000
v 0.872250 0.014160 0.361298
v 0.667592 0.014160 0.667592
v 0.361298 0.014160 0.872250
v -0.000000 0.014160 0.944117
v -0.361298 0.014160 0.872250
v -0.667592 0.014160 0.667592
v -0.872250 0.014160 0.361298
v -0.944117 0.014160 0.000000
v -0.872250 0.014160 -0.361298
v -0.667592 0.014160 -0.667592
v -0.361298 0.014160 -0.872250
v -0.000000 0.040588 -0.949202
v 0.363244 0.040588 -0.876948
v 0.671187 0.040588 -0.671187
v 0.876948 0.040588 -0.363244
v 0.949202 0.040588 0.000000
v 0.876948 0.040588 0.363244
v 0.671187 0.040588 0.671187
v 0.363244 0.040588 0.876948
v -0.000000 0.040588 0.949202
v -0.363244 0.040588 0.876948
v -0.671187 0.040588 0.671187
v -0.876948 0.040588 0.363244
v -0.949202 0.040588 0.000000
v -0.876948 0.040588 -0.363244
v -0.671187 0.040588 -0.671187
v -0.363244 0.040588 -0.876948
v 0.000000 0.040588 -0.979575
v 0.374867 0.040588 -0.905010
v 0.692664 0.040588 -0.692664
v 0.905010 0.040588 -0.374867
v 0.979575 0.040588 0.000000
v 0.905010 0.040588 0.374867
v 0.692664 0.040588 0.692664
v 0.374867 0.040588 0.905010
v 0.000000 0.040588 0.979575
v -0.374867 0.040588 0.905010
v -0.692664 0.040588 0.692664
v -0.905010 0.040588 0.374867
v -0.979575 0.040588 0.000000
v -0.905010 0.040588 -0.374867
v -0.692664 0.040588 -0.692664
v -0.374867 0.040588 -0.905010
v -0.326694 -0.019445 -0.788708
v -0.603651 -0.019445 -0.603651
v -0.788708 -0.019445 -0.326694
v -0.853691 -0.019445 0.000000
v -0.788708 -0.019445 0.326694
v -0.603651 -0.019445 0.603651
v 0.326694 -0.019445 0.788708
v 0.603651 -0.019445 0.603651
v 0.788708 -0.019445 0.326694
v 0.853691 -0.019445 0.000000
v 0.788708 -0.019445 -0.326694
v 0.603651 -0.019445 -0.603651
v 0.272245 -0.019445 -0.657258
v 0.000000 -0.019445 -0.711411
v -0.272245 -0.019445 -0.657258
v -0.503043 -0.019445 -0.503043
v -0.657258 -0.019445 -0.272245
v -0.711411 -0.019445 0.000000
v -0.657258 -0.019445 0.272245
v -0.503043 -0.019445 0.503043
v -0.272245 -0.019445 0.657258
v 0.000000 -0.019445 0.711411
v 0.272245 -0.019445 0.657258
v 0.503043 -0.019445 0.503043
v 0.657258 -0.019445 0.272245
v 0.711411 -0.019445 0.000000
v 0.657258 -0.019445 -0.272245
v 0.503043 -0.019445 -0.503043
v 0.215298 -0.019445 -0.519775
v 0.000000 -0.019445 -0.562600
v -0.215298 -0.019445 -0.519775
v -0.397818 -0.019445 -0.397818
v -0.519775 -0.019445 -0.215298
v -0.562600 -0.019445 0.000000
v -0.519775 -0.019445 0.215298
v -0.397818 -0.019445 0.397818
v -0.215298 -0.019445 0.519775
v 0.000000 -0.019445 0.562600
v 0.215298 -0.019445 0.519775
v 0.397818 -0.019445 0.397818
v 0.519775 -0.019445 0.215298
v 0.562600 -0.019445 0.000000
v 0.519775 -0.019445 -0.215298
v 0.397818 -0.019445 -0.397818
v 0.164912 -0.019445 -0.398132
v -0.000000 -0.019445 -0.430935
v -0.164912 -0.019445 -0.398132
v -0.304717 -0.019445 -0.304717
v -0.398132 -0.019445 -0.164912
v -0.430935 -0.019445 0.000000
v -0.398132 -0.019445 0.164912
v -0.304717 -0.019445 0.304717
v -0.164912 -0.019445 0.398132
v 0.000000 -0.019445 0.430935
v 0.164912 -0.019445 0.398132
v 0.304717 -0.019445 0.304717
v 0.398132 -0.019445 0.164912
v 0.430935 -0.019445 -0.000000
v 0.398132 -0.019445 -0.164912
v 0.304717 -0.019445 -0.304717
v 0.122098 -0.019445 -0.294771
v -0.000000 -0.019445 -0.319058
v -0.122098 -0.019445 -0.294771
v -0.225608 -0.019445 -0.225608
v -0.294771 -0.019445 -0.122098
v -0.319058 -0.019445 0.000000
v -0.294771 -0.019445 0.122098
v -0.225608 -0.019445 0.225608
v -0.122098 -0.019445 0.294771
v 0.000000 -0.019445 0.319058
v 0.122098 -0.019445 0.294771
v 0.225608 -0.019445 0.225608
v 0.294771 -0.019445 0.122098
v 0.319058 -0.019445 -0.000000
v 0.294771 -0.019445 -0.122098
v 0.225608 -0.019445 -0.225608
v 0.066760 -0.019445 -0.161172
v 0.000000 -0.019445 -0.174452
v -0.066760 -0.019445 -0.161172
v -0.123356 -0.019445 -0.123356
v -0.161172 -0.019445 -0.066760
v -0.174452 -0.019445 -0.000000
v -0.161172 -0.019445 0.066760
v -0.123356 -0.019445 0.123356
v -0.066760 -0.019445 0.161172
v -0.000000 -0.019445 0.174452
v 0.066760 -0.019445 0.161172
v 0.123356 -0.019445 0.123356
v 0.161172 -0.019445 0.066760
v 0.174452 -0.019445 0.000000
v 0.161172 -0.019445 -0.066760
v 0.123356 -0.019445 -0.123356
v -0.336308 -0.019445 -0.757012
v -0.570689 -0.019445 -0.600404
v -0.500379 -0.019445 -0.530095
v -0.298257 -0.019445 -0.665148
v -0.600404 -0.019445 -0.570689
v -0.757012 -0.019445 -0.336308
v -0.665148 -0.019445 -0.298257
v -0.530095 -0.019445 -0.500379
v -0.773094 -0.019445 -0.297483
v -0.828088 -0.019445 -0.021012
v -0.728655 -0.019445 -0.021012
v -0.681231 -0.019445 -0.259432
v -0.828088 -0.019445 0.021012
v -0.773094 -0.019445 0.297483
v -0.681231 -0.019445 0.259432
v -0.728655 -0.019445 0.021012
v -0.757012 -0.019445 0.336308
v -0.600404 -0.019445 0.570689
v -0.530095 -0.019445 0.500379
v -0.665148 -0.019445 0.298257
v 0.336308 -0.019445 0.757012
v 0.570689 -0.019445 0.600404
v 0.500379 -0.019445 0.530095
v 0.298257 -0.019445 0.665148
v 0.600404 -0.019445 0.570689
v 0.757012 -0.019445 0.336308
v 0.665148 -0.019445 0.298257
v 0.530095 -0.019445 0.500379
v 0.773094 -0.019445 0.297483
v 0.828088 -0.019445 0.021012
v 0.728655 -0.019445 0.021012
v 0.681231 -0.019445 0.259432
v 0.828088 -0.019445 -0.021012
v 0.773094 -0.019445 -0.297483
v 0.681231 -0.019445 -0.259432
v 0.728655 -0.019445 -0.021012
v 0.757012 -0.019445 -0.336308
v 0.600404 -0.019445 -0.570689
v 0.530095 -0.019445 -0.500379
v 0.665148 -0.019445 -0.298257
v 0.243034 -0.019445 -0.641644
v 0.021012 -0.019445 -0.685807
v 0.021012 -0.019445 -0.579844
v 0.202484 -0.019445 -0.543747
v -0.021012 -0.019445 -0.685807
v -0.243034 -0.019445 -0.641644
v -0.202484 -0.019445 -0.543747
v -0.021012 -0.019445 -0.579844
v -0.281860 -0.019445 -0.625562
v -0.470081 -0.019445 -0.499797
v -0.395154 -0.019445 -0.424870
v -0.241310 -0.019445 -0.527665
v -0.499797 -0.019445 -0.470081
v -0.625562 -0.019445 -0.281860
v -0.527665 -0.019445 -0.241310
v -0.424870 -0.019445 -0.395154
v -0.641644 -0.019445 -0.243034
v -0.685807 -0.019445 -0.021012
v -0.579844 -0.019445 -0.021012
v -0.543747 -0.019445 -0.202484
v -0.685807 -0.019445 0.021012
v -0.641644 -0.019445 0.243034
v -0.543747 -0.019445 0.202484
v -0.579844 -0.019445 0.021012
v -0.625562 -0.019445 0.281860
v -0.499797 -0.019445 0.470081
v -0.424870 -0.019445 0.395154
v -0.527665 -0.019445 0.241310
v -0.470081 -0.019445 0.499797
v -0.281860 -0.019445 0.625562
v -0.241310 -0.019445 0.527665
v -0.395154 -0.019445 0.424870
v -0.243034 -0.019445 0.641644
v -0.021012 -0.019445 0.685807
v -0.021012 -0.019445 0.579844
v -0.202484 -0.019445 0.543747
v 0.021012 -0.019445 0.685807
v 0.243034 -0.019445 0.641644
v 0.202484 -0.019445 0.543747
v 0.021012 -0.019445 0.579844
v 0.281860 -0.019445 0.625562
v 0.470081 -0.019445 0.499797
v 0.395154 -0.019445 0.424870
v 0.241310 -0.019445 0.527665
v 0.499797 -0.019445 0.470081
v 0.625562 -0.019445 0.281860
v 0.527665 -0.019445 0.241310
v 0.424870 -0.019445 0.395154
v 0.641644 -0.019445 0.243034
v 0.685807 -0.019445 0.021012
v 0.579844 -0.019445 0.021012
v 0.543747 -0.019445 0.202484
v 0.685807 -0.019445 -0.021012
v 0.641644 -0.019445 -0.243034
v 0.543747 -0.019445 -0.202484
v 0.579844 -0.019445 -0.021012
v 0.625562 -0.019445 -0.281860
v 0.499797 -0.019445 -0.470081
v 0.424870 -0.019445 -0.395154
v 0.527665 -0.019445 -0.241310
v 0.470081 -0.019445 -0.499797
v 0.281860 -0.019445 -0.625562
v 0.241310 -0.019445 -0.527665
v 0.395154 -0.019445 -0.424870
v 0.186087 -0.019445 -0.504161
v 0.021012 -0.019445 -0.536997
v 0.021012 -0.019445 -0.448179
v 0.152098 -0.019445 -0.422104
v -0.021012 -0.019445 -0.536997
v -0.186087 -0.019445 -0.504161
v -0.152098 -0.019445 -0.422104
v -0.021012 -0.019445 -0.448179
v -0.224913 -0.019445 -0.488079
v -0.364856 -0.019445 -0.394572
v -0.302052 -0.019445 -0.331768
v -0.190923 -0.019445 -0.406022
v -0.394572 -0.019445 -0.364856
v -0.488079 -0.019445 -0.224912
v -0.406022 -0.019445 -0.190923
v -0.331768 -0.019445 -0.302052
v -0.504161 -0.019445 -0.186087
v -0.536997 -0.019445 -0.021012
v -0.448179 -0.019445 -0.021012
v -0.422104 -0.019445 -0.152098
v -0.536997 -0.019445 0.021012
v -0.504161 -0.019445 0.186087
v -0.422104 -0.019445 0.152098
v -0.448179 -0.019445 0.021012
v -0.488079 -0.019445 0.224913
v -0.394572 -0.019445 0.364856
v -0.331768 -0.019445 0.302052
v -0.406022 -0.019445 0.190923
v -0.364856 -0.019445 0.394572
v -0.224912 -0.019445 0.488079
v -0.190923 -0.019445 0.406022
v -0.302052 -0.019445 0.331768
v -0.186087 -0.019445 0.504161
v -0.021012 -0.019445 0.536997
v -0.021012 -0.019445 0.448179
v -0.152098 -0.019445 0.422104
v 0.021012 -0.019445 0.536997
v 0.186087 -0.019445 0.504161
v 0.152098 -0.019445 0.422104
v 0.021012 -0.019445 0.448179
v 0.224913 -0.019445 0.488079
v 0.364856 -0.019445 0.394572
v 0.302052 -0.019445 0.331768
v 0.190923 -0.019445 0.406022
v 0.394572 -0.019445 0.364856
v 0.488079 -0.019445 0.224912
v 0.406022 -0.019445 0.190923
v 0.331768 -0.019445 0.302052
v 0.504161 -0.019445 0.186087
v 0.536997 -0.019445 0.021012
v 0.448179 -0.019445 0.021012
v 0.422104 -0.019445 0.152098
v 0.536997 -0.019445 -0.021012
v 0.504161 -0.019445 -0.186087
v 0.422104 -0.019445 -0.152098
v 0.448179 -0.019445 -0.021012
v 0.488079 -0.019445 -0.224913
v 0.394572 -0.019445 -0.364856
v 0.331768 -0.019445 -0.302052
v 0.406022 -0.019445 -0.190923
v 0.364856 -0.019445 -0.394572
v 0.224912 -0.019445 -0.488079
v 0.190923 -0.019445 -0.406022
v 0.302052 -0.019445 -0.331768
v 0.135701 -0.019445 -0.382518
v 0.021012 -0.019445 -0.405331
v 0.021012 -0.019445 -0.336302
v 0.109285 -0.019445 -0.318744
v -0.021012 -0.019445 -0.405331
v -0.135701 -0.019445 -0.382518
v -0.109285 -0.019445 -0.318744
v -0.021012 -0.019445 -0.336302
v -0.174526 -0.019445 -0.366436
v -0.271755 -0.019445 -0.301470
v -0.222944 -0.019445 -0.252660
v -0.148110 -0.019445 -0.302662
v -0.301470 -0.019445 -0.271755
v -0.366436 -0.019445 -0.174526
v -0.302662 -0.019445 -0.148110
v -0.252660 -0.019445 -0.222944
v -0.382518 -0.019445 -0.135701
v -0.405331 -0.019445 -0.021012
v -0.336302 -0.019445 -0.021012
v -0.318744 -0.019445 -0.109285
v -0.405331 -0.019445 0.021012
v -0.382518 -0.019445 0.135701
v -0.318744 -0.019445 0.109285
v -0.336302 -0.019445 0.021012
v -0.366436 -0.019445 0.174526
v -0.301470 -0.019445 0.271755
v -0.252660 -0.019445 0.222944
v -0.302662 -0.019445 0.148110
v -0.271755 -0.019445 0.301470
v -0.174526 -0.019445 0.366436
v -0.148110 -0.019445 0.302662
v -0.222944 -0.019445 0.252660
v -0.135701 -0.019445 0.382518
v -0.021012 -0.019445 0.405331
v -0.021012 -0.019445 0.336302
v -0.109285 -0.019445 0.318744
v 0.021012 -0.019445 0.405331
v 0.135701 -0.019445 0.382518
v 0.109285 -0.019445 0.318744
v 0.021012 -0.019445 0.336302
v 0.174526 -0.019445 0.366436
v 0.271755 -0.019445 0.301470
v 0.222944 -0.019445 0.252660
v 0.148110 -0.019445 0.302662
v 0.301470 -0.019445 0.271755
v 0.366436 -0.019445 0.174526
v 0.302662 -0.019445 0.148110
v 0.252660 -0.019445 0.222944
v 0.382518 -0.019445 0.135701
v 0.405331 -0.019445 0.021012
v 0.336302 -0.019445 0.021012
v 0.318744 -0.019445 0.109285
v 0.405331 -0.019445 -0.021012
v 0.382518 -0.019445 -0.135701
v 0.318744 -0.019445 -0.109285
v 0.336302 -0.019445 -0.021012
v 0.366436 -0.019445 -0.174526
v 0.301470 -0.019445 -0.271755
v 0.252660 -0.019445 -0.222944
v 0.302662 -0.019445 -0.148110
v 0.271755 -0.019445 -0.301470
v 0.174526 -0.019445 -0.366436
v 0.148110 -0.019445 -0.302662
v 0.222944 -0.019445 -0.252660
v 0.092887 -0.019445 -0.279158
v 0.021012 -0.019445 -0.293455
v 0.021012 -0.019445 -0.213988
v 0.062477 -0.019445 -0.205740
v -0.021012 -0.019445 -0.293455
v -0.092887 -0.019445 -0.279158
v -0.062477 -0.019445 -0.205740
v -0.021012 -0.019445 -0.213988
v -0.131713 -0.019445 -0.263076
v -0.192646 -0.019445 -0.222362
v -0.136454 -0.019445 -0.166170
v -0.101302 -0.019445 -0.189658
v -0.222362 -0.019445 -0.192646
v -0.263076 -0.019445 -0.131713
v -0.189658 -0.019445 -0.101302
v -0.166170 -0.019445 -0.136454
v -0.279158 -0.019445 -0.092887
v -0.293455 -0.019445 -0.021012
v -0.213988 -0.019445 -0.021012
v -0.205740 -0.019445 -0.062477
v -0.293455 -0.019445 0.021012
v -0.279158 -0.019445 0.092887
v -0.205740 -0.019445 0.062477
v -0.213988 -0.019445 0.021012
v -0.263076 -0.019445 0.131713
v -0.222362 -0.019445 0.192646
v -0.166170 -0.019445 0.136454
v -0.189658 -0.019445 0.101302
v -0.192646 -0.019445 0.222362
v -0.131713 -0.019445 0.263076
v -0.101302 -0.019445 0.189658
v -0.136454 -0.019445 0.166170
v -0.092887 -0.019445 0.279158
v -0.021012 -0.019445 0.293455
v -0.021012 -0.019445 0.213988
v -0.062477 -0.019445 0.205740
v 0.021012 -0.019445 0.293455
v 0.092887 -0.019445 0.279158
v 0.062477 -0.019445 0.205740
v 0.021012 -0.019445 0.213988
v 0.131713 -0.019445 0.263076
v 0.192646 -0.019445 0.222362
v 0.136454 -0.019445 0.166170
v 0.101302 -0.019445 0.189658
v 0.222362 -0.019445 0.192646
v 0.263076 -0.019445 0.131713
v 0.189658 -0.019445 0.101302
v 0.166170 -0.019445 0.136454
v 0.279158 -0.019445 0.092887
v 0.293455 -0.019445 0.021012
v 0.213988 -0.019445 0.021012
v 0.205740 -0.019445 0.062477
v 0.293455 -0.019445 -0.021012
v 0.279158 -0.019445 -0.092887
v 0.205740 -0.019445 -0.062477
v 0.213988 -0.019445 -0.021012
v 0.263076 -0.019445 -0.131713
v 0.222362 -0.019445 -0.192646
v 0.166170 -0.019445 -0.136454
v 0.189658 -0.019445 -0.101302
v 0.192646 -0.019445 -0.222362
v 0.131713 -0.019445 -0.263076
v 0.101302 -0.019445 -0.189658
v 0.136454 -0.019445 -0.166170
v 0.358055 -0.014160 -0.864420
v -0.000000 -0.014160 -0.935642
v 0.661599 -0.014160 -0.661599
v 0.864420 -0.014160 -0.358055
v 0.935642 -0.014160 0.000000
v 0.864420 -0.014160 0.358055
v 0.661599 -0.014160 0.661599
v 0.358055 -0.014160 0.864420
v -0.000000 -0.014160 0.935642
v -0.358055 -0.014160 0.864420
v -0.661599 -0.014160 0.661599
v -0.864420 -0.014160 0.358055
v -0.935642 -0.014160 0.000000
v -0.864420 -0.014160 -0.358055
v -0.661599 -0.014160 -0.661599
v -0.358055 -0.014160 -0.864420
v 0.326694 -0.029386 -0.788708
v 0.000000 -0.029386 -0.853691
v -0.326694 -0.029386 0.788708
v 0.000000 -0.029386 0.853691
v 0.358055 -0.027814 -0.864420
v -0.000000 -0.027814 -0.935642
v 0.661599 -0.027814 -0.661599
v 0.864420 -0.027814 -0.358055
v 0.935642 -0.027814 0.000000
v 0.864420 -0.027814 0.358055
v 0.661599 -0.027814 0.661599
v 0.358055 -0.027814 0.864420
v -0.000000 -0.027814 0.935642
v -0.358055 -0.027814 0.864420
v -0.661599 -0.027814 0.661599
v -0.864420 -0.027814 0.358055
v -0.935642 -0.027814 0.000000
v -0.864420 -0.027814 -0.358055
v -0.661599 -0.027814 -0.661599
v -0.358055 -0.027814 -0.864420
v -0.000000 -0.014160 -0.944117
v 0.361298 -0.014160 -0.872250
v 0.667592 -0.014160 -0.667592
v 0.872250 -0.014160 -0.361298
v 0.944117 -0.014160 0.000000
v 0.872250 -0.014160 0.361298
v 0.667592 -0.014160 0.667592
v 0.361298 -0.014160 0.872250
v -0.000000 -0.014160 0.944117
v -0.361298 -0.014160 0.872250
v -0.667592 -0.014160 0.667592
v -0.872250 -0.014160 0.361298
v -0.944117 -0.014160 0.000000
v -0.872250 -0.014160 -0.361298
v -0.667592 -0.014160 -0.667592
v -0.361298 -0.014160 -0.872250
v -0.000000 -0.040588 -0.949202
v 0.363244 -0.040588 -0.876948
v 0.671187 -0.040588 -0.671187
v 0.876948 -0.040588 -0.363244
v 0.949202 -0.040588 0.000000
v 0.876948 -0.040588 0.363244
v 0.671187 -0.040588 0.671187
v 0.363244 -0.040588 0.876948
v -0.000000 -0.040588 0.949202
v -0.363244 -0.040588 0.876948
v -0.671187 -0.040588 0.671187
v -0.876948 -0.040588 0.363244
v -0.949202 -0.040588 0.000000
v -0.876948 -0.040588 -0.363244
v -0.671187 -0.040588 -0.671187
v -0.363244 -0.040588 -0.876948
v 0.000000 -0.040588 -0.979575
v 0.374867 -0.040588 -0.905010
v 0.692664 -0.040588 -0.692664
v 0.905010 -0.040588 -0.374867
v 0.979575 -0.040588 0.000000
v 0.905010 -0.040588 0.374867
v 0.692664 -0.040588 0.692664
v 0.374867 -0.040588 0.905010
v 0.000000 -0.040588 0.979575
v -0.374867 -0.040588 0.905010
v -0.692664 -0.040588 0.692664
v -0.905010 -0.040588 0.374867
v -0.979575 -0.040588 0.000000
v -0.905010 -0.040588 -0.374867
v -0.692664 -0.040588 -0.692664
v -0.374867 -0.040588 -0.905010
v 0.603947 0.029367 -0.606661
v 0.603651 0.027467 -0.603651
v -0.326694 0.027467 -0.788708
v -0.325815 0.029367 -0.791602
v -0.605034 0.029348 -0.605034
v -0.603651 0.027467 -0.603651
v -0.790515 0.029348 -0.327442
v -0.788708 0.027467 -0.326694
v -0.855647 0.029348 0.000000
v -0.853691 0.027467 0.000000
v -0.790515 0.029348 0.327442
v -0.788708 0.027467 0.326694
v -0.603947 0.029367 0.606661
v -0.603651 0.027467 0.603651
v 0.326694 0.027467 0.788708
v 0.325815 0.029367 0.791602
v 0.605034 0.029348 0.605034
v 0.603651 0.027467 0.603651
v 0.790515 0.029348 0.327442
v 0.788708 0.027467 0.326694
v 0.855647 0.029348 0.000000
v 0.853691 0.027467 0.000000
v 0.790515 0.029348 -0.327442
v 0.788708 0.027467 -0.326694
v 0.272245 0.027467 -0.657258
v 0.272994 0.029386 -0.659065
v 0.000000 0.029386 -0.713367
v 0.000000 0.027467 -0.711411
v 0.502800 0.029386 -0.505514
v 0.503043 0.027467 -0.503043
v -0.271075 0.029386 -0.659447
v -0.272245 0.027467 -0.657258
v -0.503043 0.027467 0.503043
v -0.502800 0.029386 0.505514
v -0.272994 0.029386 0.659065
v -0.272245 0.027467 0.657258
v 0.000000 0.029386 0.713367
v 0.000000 0.027467 0.711411
v 0.271075 0.029386 0.659447
v 0.272245 0.027467 0.657258
v -0.337186 0.029386 -0.754118
v -0.336308 0.027467 -0.757012
v -0.567679 0.029386 -0.600108
v -0.570689 0.027467 -0.600404
v -0.300632 0.029386 -0.665869
v -0.298257 0.027467 -0.665148
v -0.500136 0.029386 -0.532565
v -0.500379 0.027467 -0.530095
v -0.600108 0.029386 -0.567679
v -0.600404 0.027467 -0.570689
v -0.757012 0.027467 -0.336308
v -0.754118 0.029386 -0.337186
v -0.532565 0.029386 -0.500136
v -0.530095 0.027467 -0.500379
v -0.665148 0.027467 -0.298257
v -0.665869 0.029386 -0.300632
v -0.771669 0.029386 -0.294815
v -0.773094 0.027467 -0.297483
v -0.828088 0.027467 -0.021012
v -0.825750 0.029386 -0.022931
v -0.683420 0.029386 -0.258261
v -0.681231 0.027467 -0.259432
v -0.728655 0.027467 -0.021012
v -0.730230 0.029386 -0.022931
v -0.825750 0.029386 0.022931
v -0.828088 0.027467 0.021012
v -0.773094 0.027467 0.297483
v -0.771669 0.029386 0.294815
v -0.730230 0.029386 0.022931
v -0.728655 0.027467 0.021012
v -0.681231 0.027467 0.259432
v -0.683420 0.029386 0.258261
v -0.754118 0.029386 0.337186
v -0.757012 0.027467 0.336308
v -0.600404 0.027467 0.570689
v -0.600108 0.029386 0.567679
v -0.665869 0.029386 0.300632
v -0.665148 0.027467 0.298257
v -0.530095 0.027467 0.500379
v -0.532565 0.029386 0.500136
v 0.337186 0.029386 0.754118
v 0.336308 0.027467 0.757012
v 0.570689 0.027467 0.600404
v 0.567679 0.029386 0.600108
v 0.300632 0.029386 0.665869
v 0.298257 0.027467 0.665148
v 0.500379 0.027467 0.530095
v 0.500136 0.029386 0.532565
v 0.600108 0.029386 0.567679
v 0.600404 0.027467 0.570689
v 0.757012 0.027467 0.336308
v 0.754118 0.029386 0.337186
v 0.532565 0.029386 0.500136
v 0.530095 0.027467 0.500379
v 0.665148 0.027467 0.298257
v 0.665869 0.029386 0.300632
v 0.771669 0.029386 0.294815
v 0.773094 0.027467 0.297483
v 0.828088 0.027467 0.021012
v 0.825750 0.029386 0.022931
v 0.683420 0.029386 0.258261
v 0.681231 0.027467 0.259432
v 0.728655 0.027467 0.021012
v 0.730230 0.029386 0.022931
v 0.825750 0.029386 -0.022931
v 0.828088 0.027467 -0.021012
v 0.773094 0.027467 -0.297483
v 0.771669 0.029386 -0.294815
v 0.730230 0.029386 -0.022931
v 0.728655 0.027467 -0.021012
v 0.681231 0.027467 -0.259432
v 0.683420 0.029386 -0.258261
v 0.754118 0.029386 -0.337186
v 0.757012 0.027467 -0.336308
v 0.600404 0.027467 -0.570689
v 0.600108 0.029386 -0.567679
v 0.665869 0.029386 -0.300632
v 0.665148 0.027467 -0.298257
v 0.530095 0.027467 -0.500379
v 0.532565 0.029386 -0.500136
v 0.240367 0.029386 -0.640219
v 0.243034 0.027467 -0.641644
v 0.021012 0.027467 -0.685807
v 0.022931 0.029386 -0.683469
v 0.201314 0.029386 -0.545937
v 0.202484 0.027467 -0.543747
v 0.021012 0.027467 -0.579844
v 0.022931 0.029386 -0.581419
v -0.022931 0.029386 -0.683469
v -0.021012 0.027467 -0.685807
v -0.243034 0.027467 -0.641644
v -0.240367 0.029386 -0.640219
v -0.022931 0.029386 -0.581419
v -0.021012 0.027467 -0.579844
v -0.202484 0.027467 -0.543747
v -0.201314 0.029386 -0.545937
v -0.282738 0.029386 -0.622668
v -0.281860 0.027467 -0.625562
v -0.470081 0.027467 -0.499797
v -0.467071 0.029386 -0.499500
v -0.243685 0.029386 -0.528386
v -0.241310 0.027467 -0.527665
v -0.395154 0.027467 -0.424870
v -0.394911 0.029386 -0.427340
v -0.499500 0.029386 -0.467071
v -0.499797 0.027467 -0.470081
v -0.622668 0.029386 -0.282738
v -0.625562 0.027467 -0.281860
v -0.427340 0.029386 -0.394911
v -0.424870 0.027467 -0.395154
v -0.528386 0.029386 -0.243685
v -0.527665 0.027467 -0.241310
v -0.640219 0.029386 -0.240367
v -0.641644 0.027467 -0.243034
v -0.685807 0.027467 -0.021012
v -0.683469 0.029386 -0.022931
v -0.545937 0.029386 -0.201314
v -0.543747 0.027467 -0.202484
v -0.579844 0.027467 -0.021012
v -0.581419 0.029386 -0.022931
v -0.683469 0.029386 0.022931
v -0.685807 0.027467 0.021012
v -0.641644 0.027467 0.243034
v -0.640219 0.029386 0.240367
v -0.581419 0.029386 0.022931
v -0.579844 0.027467 0.021012
v -0.543747 0.027467 0.202484
v -0.545937 0.029386 0.201314
v -0.622668 0.029386 0.282738
v -0.625562 0.027467 0.281860
v -0.499797 0.027467 0.470081
v -0.499500 0.029386 0.467071
v -0.528386 0.029386 0.243685
v -0.527665 0.027467 0.241310
v -0.424870 0.027467 0.395154
v -0.427340 0.029386 0.394911
v -0.467071 0.029386 0.499500
v -0.470081 0.027467 0.499797
v -0.281860 0.027467 0.625562
v -0.282738 0.029386 0.622668
v -0.394911 0.029386 0.427340
v -0.395154 0.027467 0.424870
v -0.241310 0.027467 0.527665
v -0.243685 0.029386 0.528386
v -0.240367 0.029386 0.640219
v -0.243034 0.027467 0.641644
v -0.021012 0.027467 0.685807
v -0.022931 0.029386 0.683469
v -0.201314 0.029386 0.545937
v -0.202484 0.027467 0.543747
v -0.021012 0.027467 0.579844
v -0.022931 0.029386 0.581419
v 0.022931 0.029386 0.683469
v 0.021012 0.027467 0.685807
v 0.243034 0.027467 0.641644
v 0.240367 0.029386 0.640219
v 0.022931 0.029386 0.581419
v 0.021012 0.027467 0.579844
v 0.202484 0.027467 0.543747
v 0.201314 0.029386 0.545937
v 0.282738 0.029386 0.622668
v 0.281860 0.027467 0.625562
v 0.470081 0.027467 0.499797
v 0.467071 0.029386 0.499500
v 0.243685 0.029386 0.528386
v 0.241310 0.027467 0.527665
v 0.395154 0.027467 0.424870
v 0.394911 0.029386 0.427340
v 0.499500 0.029386 0.467071
v 0.499797 0.027467 0.470081
v 0.625562 0.027467 0.281860
v 0.622668 0.029386 0.282738
v 0.427340 0.029386 0.394911
v 0.424870 0.027467 0.395154
v 0.527665 0.027467 0.241310
v 0.528386 0.029386 0.243685
v 0.640219 0.029386 0.240367
v 0.641644 0.027467 0.243034
v 0.685807 0.027467 0.021012
v 0.683469 0.029386 0.022931
v 0.545937 0.029386 0.201314
v 0.543747 0.027467 0.202484
v 0.579844 0.027467 0.021012
v 0.581419 0.029386 0.022931
v 0.683469 0.029386 -0.022931
v 0.685807 0.027467 -0.021012
v 0.641644 0.027467 -0.243034
v 0.640219 0.029386 -0.240367
v 0.581419 0.029386 -0.022931
v 0.579844 0.027467 -0.021012
v 0.543747 0.027467 -0.202484
v 0.545937 0.029386 -0.201314
v 0.622668 0.029386 -0.282738
v 0.625562 0.027467 -0.281860
v 0.499797 0.027467 -0.470081
v 0.499500 0.029386 -0.467071
v 0.528386 0.029386 -0.243685
v 0.527665 0.027467 -0.241310
v 0.424870 0.027467 -0.395154
v 0.427340 0.029386 -0.394911
v 0.467071 0.029386 -0.499500
v 0.470081 0.027467 -0.499797
v 0.281860 0.027467 -0.625562
v 0.282738 0.029386 -0.622668
v 0.394911 0.029386 -0.427340
v 0.395154 0.027467 -0.424870
v 0.241310 0.027467 -0.527665
v 0.243685 0.029386 -0.528386
v 0.183420 0.029386 -0.502735
v 0.186087 0.027467 -0.504161
v 0.022931 0.029386 -0.534659
v 0.021012 0.027467 -0.536997
v 0.150928 0.029386 -0.424293
v 0.152098 0.027467 -0.422104
v 0.022931 0.029386 -0.449754
v 0.021012 0.027467 -0.448179
v -0.022931 0.029386 -0.534659
v -0.021012 0.027467 -0.536997
v -0.186087 0.027467 -0.504161
v -0.183420 0.029386 -0.502735
v -0.022931 0.029386 -0.449754
v -0.021012 0.027467 -0.448179
v -0.152098 0.027467 -0.422104
v -0.150928 0.029386 -0.424293
v -0.225790 0.029386 -0.485185
v -0.224913 0.027467 -0.488079
v -0.364856 0.027467 -0.394572
v -0.361846 0.029386 -0.394275
v -0.193299 0.029386 -0.406743
v -0.190923 0.027467 -0.406022
v -0.302052 0.027467 -0.331768
v -0.301809 0.029386 -0.334238
v -0.394275 0.029386 -0.361846
v -0.394572 0.027467 -0.364856
v -0.488079 0.027467 -0.224912
v -0.485185 0.029386 -0.225790
v -0.334238 0.029386 -0.301809
v -0.331768 0.027467 -0.302052
v -0.406022 0.027467 -0.190923
v -0.406743 0.029386 -0.193299
v -0.502735 0.029386 -0.183420
v -0.504161 0.027467 -0.186087
v -0.536997 0.027467 -0.021012
v -0.534659 0.029386 -0.022931
v -0.424293 0.029386 -0.150928
v -0.422104 0.027467 -0.152098
v -0.448179 0.027467 -0.021012
v -0.449754 0.029386 -0.022931
v -0.534659 0.029386 0.022931
v -0.536997 0.027467 0.021012
v -0.504161 0.027467 0.186087
v -0.502735 0.029386 0.183420
v -0.449754 0.029386 0.022931
v -0.448179 0.027467 0.021012
v -0.422104 0.027467 0.152098
v -0.424293 0.029386 0.150928
v -0.485185 0.029386 0.225790
v -0.488079 0.027467 0.224913
v -0.394572 0.027467 0.364856
v -0.394275 0.029386 0.361846
v -0.406743 0.029386 0.193299
v -0.406022 0.027467 0.190923
v -0.331768 0.027467 0.302052
v -0.334238 0.029386 0.301809
v -0.361846 0.029386 0.394275
v -0.364856 0.027467 0.394572
v -0.224912 0.027467 0.488079
v -0.225790 0.029386 0.485185
v -0.301809 0.029386 0.334238
v -0.302052 0.027467 0.331768
v -0.190923 0.027467 0.406022
v -0.193299 0.029386 0.406743
v -0.183420 0.029386 0.502735
v -0.186087 0.027467 0.504161
v -0.021012 0.027467 0.536997
v -0.022931 0.029386 0.534659
v -0.150928 0.029386 0.424293
v -0.152098 0.027467 0.422104
v -0.021012 0.027467 0.448179
v -0.022931 0.029386 0.449754
v 0.022931 0.029386 0.534659
v 0.021012 0.027467 0.536997
v 0.186087 0.027467 0.504161
v 0.183420 0.029386 0.502735
v 0.022931 0.029386 0.449754
v 0.021012 0.027467 0.448179
v 0.152098 0.027467 0.422104
v 0.150928 0.029386 0.424293
v 0.225790 0.029386 0.485185
v 0.224913 0.027467 0.488079
v 0.364856 0.027467 0.394572
v 0.361846 0.029386 0.394275
v 0.193299 0.029386 0.406743
v 0.190923 0.027467 0.406022
v 0.302052 0.027467 0.331768
v 0.301809 0.029386 0.334238
v 0.394275 0.029386 0.361846
v 0.394572 0.027467 0.364856
v 0.488079 0.027467 0.224912
v 0.485185 0.029386 0.225790
v 0.334238 0.029386 0.301809
v 0.331768 0.027467 0.302052
v 0.406022 0.027467 0.190923
v 0.406743 0.029386 0.193299
v 0.502735 0.029386 0.183420
v 0.504161 0.027467 0.186087
v 0.536997 0.027467 0.021012
v 0.534659 0.029386 0.022931
v 0.424293 0.029386 0.150928
v 0.422104 0.027467 0.152098
v 0.448179 0.027467 0.021012
v 0.449754 0.029386 0.022931
v 0.534659 0.029386 -0.022931
v 0.536997 0.027467 -0.021012
v 0.502735 0.029386 -0.183420
v 0.504161 0.027467 -0.186087
v 0.449754 0.029386 -0.022931
v 0.448179 0.027467 -0.021012
v 0.424293 0.029386 -0.150928
v 0.422104 0.027467 -0.152098
v 0.485185 0.029386 -0.225790
v 0.488079 0.027467 -0.224913
v 0.394572 0.027467 -0.364856
v 0.394275 0.029386 -0.361846
v 0.406743 0.029386 -0.193299
v 0.406022 0.027467 -0.190923
v 0.331768 0.027467 -0.302052
v 0.334238 0.029386 -0.301809
v 0.361846 0.029386 -0.394275
v 0.364856 0.027467 -0.394572
v 0.224912 0.027467 -0.488079
v 0.225790 0.029386 -0.485185
v 0.301809 0.029386 -0.334238
v 0.302052 0.027467 -0.331768
v 0.190923 0.027467 -0.406022
v 0.193299 0.029386 -0.406743
v 0.133033 0.029386 -0.381092
v 0.135701 0.027467 -0.382518
v 0.021012 0.027467 -0.405331
v 0.022931 0.029386 -0.402993
v 0.108115 0.029386 -0.320933
v 0.109285 0.027467 -0.318744
v 0.021012 0.027467 -0.336302
v 0.022931 0.029386 -0.337877
v -0.022931 0.029386 -0.402993
v -0.021012 0.027467 -0.405331
v -0.135701 0.027467 -0.382518
v -0.133033 0.029386 -0.381092
v -0.022931 0.029386 -0.337877
v -0.021012 0.027467 -0.336302
v -0.109285 0.027467 -0.318744
v -0.108115 0.029386 -0.320933
v -0.175404 0.029386 -0.363542
v -0.174526 0.027467 -0.366436
v -0.271755 0.027467 -0.301470
v -0.268745 0.029386 -0.301174
v -0.150485 0.029386 -0.303382
v -0.148110 0.027467 -0.302662
v -0.222944 0.027467 -0.252660
v -0.222701 0.029386 -0.255130
v -0.301174 0.029386 -0.268745
v -0.301470 0.027467 -0.271755
v -0.366436 0.027467 -0.174526
v -0.363542 0.029386 -0.175404
v -0.255130 0.029386 -0.222701
v -0.252660 0.027467 -0.222944
v -0.302662 0.027467 -0.148110
v -0.303382 0.029386 -0.150485
v -0.381092 0.029386 -0.133033
v -0.382518 0.027467 -0.135701
v -0.405331 0.027467 -0.021012
v -0.402993 0.029386 -0.022931
v -0.320933 0.029386 -0.108115
v -0.318744 0.027467 -0.109285
v -0.336302 0.027467 -0.021012
v -0.337877 0.029386 -0.022931
v -0.402993 0.029386 0.022931
v -0.405331 0.027467 0.021012
v -0.382518 0.027467 0.135701
v -0.381092 0.029386 0.133033
v -0.337877 0.029386 0.022931
v -0.336302 0.027467 0.021012
v -0.318744 0.027467 0.109285
v -0.320933 0.029386 0.108115
v -0.363542 0.029386 0.175404
v -0.366436 0.027467 0.174526
v -0.301470 0.027467 0.271755
v -0.301174 0.029386 0.268745
v -0.303382 0.029386 0.150485
v -0.302662 0.027467 0.148110
v -0.252660 0.027467 0.222944
v -0.255130 0.029386 0.222701
v -0.268745 0.029386 0.301174
v -0.271755 0.027467 0.301470
v -0.174526 0.027467 0.366436
v -0.175404 0.029386 0.363542
v -0.222701 0.029386 0.255130
v -0.222944 0.027467 0.252660
v -0.148110 0.027467 0.302662
v -0.150485 0.029386 0.303382
v -0.133033 0.029386 0.381092
v -0.135701 0.027467 0.382518
v -0.021012 0.027467 0.405331
v -0.022931 0.029386 0.402993
v -0.108115 0.029386 0.320933
v -0.109285 0.027467 0.318744
v -0.021012 0.027467 0.336302
v -0.022931 0.029386 0.337877
v 0.022931 0.029386 0.402993
v 0.021012 0.027467 0.405331
v 0.135701 0.027467 0.382518
v 0.133033 0.029386 0.381092
v 0.022931 0.029386 0.337877
v 0.021012 0.027467 0.336302
v 0.109285 0.027467 0.318744
v 0.108115 0.029386 0.320933
v 0.175404 0.029386 0.363542
v 0.174526 0.027467 0.366436
v 0.268745 0.029386 0.301174
v 0.271755 0.027467 0.301470
v 0.150485 0.029386 0.303382
v 0.148110 0.027467 0.302662
v 0.222701 0.029386 0.255130
v 0.222944 0.027467 0.252660
v 0.301174 0.029386 0.268745
v 0.301470 0.027467 0.271755
v 0.366436 0.027467 0.174526
v 0.363542 0.029386 0.175404
v 0.255130 0.029386 0.222701
v 0.252660 0.027467 0.222944
v 0.302662 0.027467 0.148110
v 0.303382 0.029386 0.150485
v 0.381092 0.029386 0.133033
v 0.382518 0.027467 0.135701
v 0.405331 0.027467 0.021012
v 0.402993 0.029386 0.022931
v 0.320933 0.029386 0.108115
v 0.318744 0.027467 0.109285
v 0.336302 0.027467 0.021012
v 0.337877 0.029386 0.022931
v 0.402993 0.029386 -0.022931
v 0.405331 0.027467 -0.021012
v 0.382518 0.027467 -0.135701
v 0.381092 0.029386 -0.133033
v 0.337877 0.029386 -0.022931
v 0.336302 0.027467 -0.021012
v 0.318744 0.027467 -0.109285
v 0.320933 0.029386 -0.108115
v 0.363542 0.029386 -0.175404
v 0.366436 0.027467 -0.174526
v 0.301470 0.027467 -0.271755
v 0.301174 0.029386 -0.268745
v 0.303382 0.029386 -0.150485
v 0.302662 0.027467 -0.148110
v 0.252660 0.027467 -0.222944
v 0.255130 0.029386 -0.222701
v 0.268745 0.029386 -0.301174
v 0.271755 0.027467 -0.301470
v 0.174526 0.027467 -0.366436
v 0.175404 0.029386 -0.363542
v 0.222701 0.029386 -0.255130
v 0.222944 0.027467 -0.252660
v 0.148110 0.027467 -0.302662
v 0.150485 0.029386 -0.303382
v 0.090220 0.029386 -0.277732
v 0.092887 0.027467 -0.279158
v 0.021012 0.027467 -0.293455
v 0.022931 0.029386 -0.291117
v 0.061307 0.029386 -0.207929
v 0.062477 0.027467 -0.205740
v 0.021012 0.027467 -0.213988
v 0.022931 0.029386 -0.215562
v -0.022931 0.029386 -0.291117
v -0.021012 0.027467 -0.293455
v -0.092887 0.027467 -0.279158
v -0.090220 0.029386 -0.277732
v -0.022931 0.029386 -0.215562
v -0.021012 0.027467 -0.213988
v -0.062477 0.027467 -0.205740
v -0.061307 0.029386 -0.207929
v -0.132591 0.029386 -0.260181
v -0.131713 0.027467 -0.263076
v -0.192646 0.027467 -0.222362
v -0.189636 0.029386 -0.222065
v -0.103678 0.029386 -0.190378
v -0.101302 0.027467 -0.189658
v -0.136454 0.027467 -0.166170
v -0.136211 0.029386 -0.168640
v -0.222065 0.029386 -0.189636
v -0.222362 0.027467 -0.192646
v -0.263076 0.027467 -0.131713
v -0.260181 0.029386 -0.132591
v -0.168640 0.029386 -0.136211
v -0.166170 0.027467 -0.136454
v -0.189658 0.027467 -0.101302
v -0.190378 0.029386 -0.103678
v -0.277732 0.029386 -0.090220
v -0.279158 0.027467 -0.092887
v -0.293455 0.027467 -0.021012
v -0.291117 0.029386 -0.022931
v -0.207929 0.029386 -0.061307
v -0.205740 0.027467 -0.062477
v -0.213988 0.027467 -0.021012
v -0.215562 0.029386 -0.022931
v -0.291117 0.029386 0.022931
v -0.293455 0.027467 0.021012
v -0.279158 0.027467 0.092887
v -0.277732 0.029386 0.090220
v -0.215562 0.029386 0.022931
v -0.213988 0.027467 0.021012
v -0.205740 0.027467 0.062477
v -0.207929 0.029386 0.061307
v -0.260181 0.029386 0.132591
v -0.263076 0.027467 0.131713
v -0.222362 0.027467 0.192646
v -0.222065 0.029386 0.189636
v -0.190378 0.029386 0.103678
v -0.189658 0.027467 0.101302
v -0.166170 0.027467 0.136454
v -0.168640 0.029386 0.136211
v -0.189636 0.029386 0.222065
v -0.192646 0.027467 0.222362
v -0.132591 0.029386 0.260181
v -0.131713 0.027467 0.263076
v -0.136211 0.029386 0.168640
v -0.136454 0.027467 0.166170
v -0.103678 0.029386 0.190378
v -0.101302 0.027467 0.189658
v -0.090220 0.029386 0.277732
v -0.092887 0.027467 0.279158
v -0.022931 0.029386 0.291117
v -0.021012 0.027467 0.293455
v -0.061307 0.029386 0.207929
v -0.062477 0.027467 0.205740
v -0.021012 0.027467 0.213988
v -0.022931 0.029386 0.215562
v 0.022931 0.029386 0.291117
v 0.021012 0.027467 0.293455
v 0.092887 0.027467 0.279158
v 0.090220 0.029386 0.277732
v 0.022931 0.029386 0.215562
v 0.021012 0.027467 0.213988
v 0.062477 0.027467 0.205740
v 0.061307 0.029386 0.207929
v 0.132591 0.029386 0.260181
v 0.131713 0.027467 0.263076
v 0.192646 0.027467 0.222362
v 0.189636 0.029386 0.222065
v 0.103678 0.029386 0.190378
v 0.101302 0.027467 0.189658
v 0.136454 0.027467 0.166170
v 0.136211 0.029386 0.168640
v 0.222065 0.029386 0.189636
v 0.222362 0.027467 0.192646
v 0.263076 0.027467 0.131713
v 0.260181 0.029386 0.132591
v 0.168640 0.029386 0.136211
v 0.166170 0.027467 0.136454
v 0.189658 0.027467 0.101302
v 0.190378 0.029386 0.103678
v 0.277732 0.029386 0.090220
v 0.279158 0.027467 0.092887
v 0.293455 0.027467 0.021012
v 0.291117 0.029386 0.022931
v 0.207929 0.029386 0.061307
v 0.205740 0.027467 0.062477
v 0.213988 0.027467 0.021012
v 0.215562 0.029386 0.022931
v 0.291117 0.029386 -0.022931
v 0.293455 0.027467 -0.021012
v 0.279158 0.027467 -0.092887
v 0.277732 0.029386 -0.090220
v 0.215562 0.029386 -0.022931
v 0.213988 0.027467 -0.021012
v 0.205740 0.027467 -0.062477
v 0.207929 0.029386 -0.061307
v 0.260181 0.029386 -0.132591
v 0.263076 0.027467 -0.131713
v 0.222362 0.027467 -0.192646
v 0.222065 0.029386 -0.189636
v 0.190378 0.029386 -0.103678
v 0.189658 0.027467 -0.101302
v 0.166170 0.027467 -0.136454
v 0.168640 0.029386 -0.136211
v 0.189636 0.029386 -0.222065
v 0.192646 0.027467 -0.222362
v 0.131713 0.027467 -0.263076
v 0.132591 0.029386 -0.260181
v 0.136211 0.029386 -0.168640
v 0.136454 0.027467 -0.166170
v 0.101302 0.027467 -0.189658
v 0.103678 0.029386 -0.190378
v 0.603651 -0.027467 -0.603651
v 0.603947 -0.029367 -0.606661
v -0.325815 -0.029367 -0.791602
v -0.326694 -0.027467 -0.788708
v -0.603651 -0.027467 -0.603651
v -0.605034 -0.029348 -0.605034
v -0.788708 -0.027467 -0.326694
v -0.790515 -0.029348 -0.327442
v -0.853691 -0.027467 0.000000
v -0.855647 -0.029348 0.000000
v -0.788708 -0.027467 0.326694
v -0.790515 -0.029348 0.327442
v -0.603651 -0.027467 0.603651
v -0.603947 -0.029367 0.606661
v 0.325815 -0.029367 0.791602
v 0.326694 -0.027467 0.788708
v 0.603651 -0.027467 0.603651
v 0.605034 -0.029348 0.605034
v 0.788708 -0.027467 0.326694
v 0.790515 -0.029348 0.327442
v 0.853691 -0.027467 0.000000
v 0.855647 -0.029348 0.000000
v 0.788708 -0.027467 -0.326694
v 0.790515 -0.029348 -0.327442
v 0.272994 -0.029386 -0.659065
v 0.272245 -0.027467 -0.657258
v 0.000000 -0.027467 -0.711411
v 0.000000 -0.029386 -0.713367
v 0.502800 -0.029386 -0.505514
v 0.503043 -0.027467 -0.503043
v -0.271075 -0.029386 -0.659447
v -0.272245 -0.027467 -0.657258
v -0.502800 -0.029386 0.505514
v -0.503043 -0.027467 0.503043
v -0.272245 -0.027467 0.657258
v -0.272994 -0.029386 0.659065
v 0.000000 -0.027467 0.711411
v 0.000000 -0.029386 0.713367
v 0.272245 -0.027467 0.657258
v 0.271075 -0.029386 0.659447
v -0.337186 -0.029386 -0.754118
v -0.336308 -0.027467 -0.757012
v -0.567679 -0.029386 -0.600108
v -0.570689 -0.027467 -0.600404
v -0.300632 -0.029386 -0.665869
v -0.298257 -0.027467 -0.665148
v -0.500136 -0.029386 -0.532565
v -0.500379 -0.027467 -0.530095
v -0.600404 -0.027467 -0.570689
v -0.600108 -0.029386 -0.567679
v -0.754118 -0.029386 -0.337186
v -0.757012 -0.027467 -0.336308
v -0.530095 -0.027467 -0.500379
v -0.532565 -0.029386 -0.500136
v -0.665869 -0.029386 -0.300632
v -0.665148 -0.027467 -0.298257
v -0.773094 -0.027467 -0.297483
v -0.771669 -0.029386 -0.294815
v -0.825750 -0.029386 -0.022931
v -0.828088 -0.027467 -0.021012
v -0.681231 -0.027467 -0.259432
v -0.683420 -0.029386 -0.258261
v -0.730230 -0.029386 -0.022931
v -0.728655 -0.027467 -0.021012
v -0.828088 -0.027467 0.021012
v -0.825750 -0.029386 0.022931
v -0.771669 -0.029386 0.294815
v -0.773094 -0.027467 0.297483
v -0.728655 -0.027467 0.021012
v -0.730230 -0.029386 0.022931
v -0.683420 -0.029386 0.258261
v -0.681231 -0.027467 0.259432
v -0.757012 -0.027467 0.336308
v -0.754118 -0.029386 0.337186
v -0.600108 -0.029386 0.567679
v -0.600404 -0.027467 0.570689
v -0.665148 -0.027467 0.298257
v -0.665869 -0.029386 0.300632
v -0.532565 -0.029386 0.500136
v -0.530095 -0.027467 0.500379
v 0.336308 -0.027467 0.757012
v 0.337186 -0.029386 0.754118
v 0.567679 -0.029386 0.600108
v 0.570689 -0.027467 0.600404
v 0.298257 -0.027467 0.665148
v 0.300632 -0.029386 0.665869
v 0.500136 -0.029386 0.532565
v 0.500379 -0.027467 0.530095
v 0.600404 -0.027467 0.570689
v 0.600108 -0.029386 0.567679
v 0.754118 -0.029386 0.337186
v 0.757012 -0.027467 0.336308
v 0.530095 -0.027467 0.500379
v 0.532565 -0.029386 0.500136
v 0.665869 -0.029386 0.300632
v 0.665148 -0.027467 0.298257
v 0.773094 -0.027467 0.297483
v 0.771669 -0.029386 0.294815
v 0.825750 -0.029386 0.022931
v 0.828088 -0.027467 0.021012
v 0.681231 -0.027467 0.259432
v 0.683420 -0.029386 0.258261
v 0.730230 -0.029386 0.022931
v 0.728655 -0.027467 0.021012
v 0.828088 -0.027467 -0.021012
v 0.825750 -0.029386 -0.022931
v 0.771669 -0.029386 -0.294815
v 0.773094 -0.027467 -0.297483
v 0.728655 -0.027467 -0.021012
v 0.730230 -0.029386 -0.022931
v 0.683420 -0.029386 -0.258261
v 0.681231 -0.027467 -0.259432
v 0.757012 -0.027467 -0.336308
v 0.754118 -0.029386 -0.337186
v 0.600108 -0.029386 -0.567679
v 0.600404 -0.027467 -0.570689
v 0.665148 -0.027467 -0.298257
v 0.665869 -0.029386 -0.300632
v 0.532565 -0.029386 -0.500136
v 0.530095 -0.027467 -0.500379
v 0.243034 -0.027467 -0.641644
v 0.240367 -0.029386 -0.640219
v 0.022931 -0.029386 -0.683469
v 0.021012 -0.027467 -0.685807
v 0.202484 -0.027467 -0.543747
v 0.201314 -0.029386 -0.545937
v 0.022931 -0.029386 -0.581419
v 0.021012 -0.027467 -0.579844
v -0.021012 -0.027467 -0.685807
v -0.022931 -0.029386 -0.683469
v -0.240367 -0.029386 -0.640219
v -0.243034 -0.027467 -0.641644
v -0.021012 -0.027467 -0.579844
v -0.022931 -0.029386 -0.581419
v -0.201314 -0.029386 -0.545937
v -0.202484 -0.027467 -0.543747
v -0.281860 -0.027467 -0.625562
v -0.282738 -0.029386 -0.622668
v -0.467071 -0.029386 -0.499500
v -0.470081 -0.027467 -0.499797
v -0.241310 -0.027467 -0.527665
v -0.243685 -0.029386 -0.528386
v -0.394911 -0.029386 -0.427340
v -0.395154 -0.027467 -0.424870
v -0.499500 -0.029386 -0.467071
v -0.499797 -0.027467 -0.470081
v -0.622668 -0.029386 -0.282738
v -0.625562 -0.027467 -0.281860
v -0.427340 -0.029386 -0.394911
v -0.424870 -0.027467 -0.395154
v -0.528386 -0.029386 -0.243685
v -0.527665 -0.027467 -0.241310
v -0.641644 -0.027467 -0.243034
v -0.640219 -0.029386 -0.240367
v -0.683469 -0.029386 -0.022931
v -0.685807 -0.027467 -0.021012
v -0.543747 -0.027467 -0.202484
v -0.545937 -0.029386 -0.201314
v -0.581419 -0.029386 -0.022931
v -0.579844 -0.027467 -0.021012
v -0.685807 -0.027467 0.021012
v -0.683469 -0.029386 0.022931
v -0.640219 -0.029386 0.240367
v -0.641644 -0.027467 0.243034
v -0.579844 -0.027467 0.021012
v -0.581419 -0.029386 0.022931
v -0.545937 -0.029386 0.201314
v -0.543747 -0.027467 0.202484
v -0.625562 -0.027467 0.281860
v -0.622668 -0.029386 0.282738
v -0.499500 -0.029386 0.467071
v -0.499797 -0.027467 0.470081
v -0.527665 -0.027467 0.241310
v -0.528386 -0.029386 0.243685
v -0.427340 -0.029386 0.394911
v -0.424870 -0.027467 0.395154
v -0.470081 -0.027467 0.499797
v -0.467071 -0.029386 0.499500
v -0.282738 -0.029386 0.622668
v -0.281860 -0.027467 0.625562
v -0.395154 -0.027467 0.424870
v -0.394911 -0.029386 0.427340
v -0.243685 -0.029386 0.528386
v -0.241310 -0.027467 0.527665
v -0.243034 -0.027467 0.641644
v -0.240367 -0.029386 0.640219
v -0.022931 -0.029386 0.683469
v -0.021012 -0.027467 0.685807
v -0.202484 -0.027467 0.543747
v -0.201314 -0.029386 0.545937
v -0.022931 -0.029386 0.581419
v -0.021012 -0.027467 0.579844
v 0.021012 -0.027467 0.685807
v 0.022931 -0.029386 0.683469
v 0.240367 -0.029386 0.640219
v 0.243034 -0.027467 0.641644
v 0.021012 -0.027467 0.579844
v 0.022931 -0.029386 0.581419
v 0.201314 -0.029386 0.545937
v 0.202484 -0.027467 0.543747
v 0.281860 -0.027467 0.625562
v 0.282738 -0.029386 0.622668
v 0.467071 -0.029386 0.499500
v 0.470081 -0.027467 0.499797
v 0.241310 -0.027467 0.527665
v 0.243685 -0.029386 0.528386
v 0.394911 -0.029386 0.427340
v 0.395154 -0.027467 0.424870
v 0.499797 -0.027467 0.470081
v 0.499500 -0.029386 0.467071
v 0.622668 -0.029386 0.282738
v 0.625562 -0.027467 0.281860
v 0.424870 -0.027467 0.395154
v 0.427340 -0.029386 0.394911
v 0.528386 -0.029386 0.243685
v 0.527665 -0.027467 0.241310
v 0.641644 -0.027467 0.243034
v 0.640219 -0.029386 0.240367
v 0.683469 -0.029386 0.022931
v 0.685807 -0.027467 0.021012
v 0.543747 -0.027467 0.202484
v 0.545937 -0.029386 0.201314
v 0.581419 -0.029386 0.022931
v 0.579844 -0.027467 0.021012
v 0.685807 -0.027467 -0.021012
v 0.683469 -0.029386 -0.022931
v 0.640219 -0.029386 -0.240367
v 0.641644 -0.027467 -0.243034
v 0.579844 -0.027467 -0.021012
v 0.581419 -0.029386 -0.022931
v 0.545937 -0.029386 -0.201314
v 0.543747 -0.027467 -0.202484
v 0.625562 -0.027467 -0.281860
v 0.622668 -0.029386 -0.282738
v 0.499500 -0.029386 -0.467071
v 0.499797 -0.027467 -0.470081
v 0.527665 -0.027467 -0.241310
v 0.528386 -0.029386 -0.243685
v 0.427340 -0.029386 -0.394911
v 0.424870 -0.027467 -0.395154
v 0.470081 -0.027467 -0.499797
v 0.467071 -0.029386 -0.499500
v 0.282738 -0.029386 -0.622668
v 0.281860 -0.027467 -0.625562
v 0.395154 -0.027467 -0.424870
v 0.394911 -0.029386 -0.427340
v 0.243685 -0.029386 -0.528386
v 0.241310 -0.027467 -0.527665
v 0.186087 -0.027467 -0.504161
v 0.183420 -0.029386 -0.502735
v 0.022931 -0.029386 -0.534659
v 0.021012 -0.027467 -0.536997
v 0.150928 -0.029386 -0.424293
v 0.152098 -0.027467 -0.422104
v 0.022931 -0.029386 -0.449754
v 0.021012 -0.027467 -0.448179
v -0.021012 -0.027467 -0.536997
v -0.022931 -0.029386 -0.534659
v -0.183420 -0.029386 -0.502735
v -0.186087 -0.027467 -0.504161
v -0.021012 -0.027467 -0.448179
v -0.022931 -0.029386 -0.449754
v -0.150928 -0.029386 -0.424293
v -0.152098 -0.027467 -0.422104
v -0.224913 -0.027467 -0.488079
v -0.225790 -0.029386 -0.485185
v -0.361846 -0.029386 -0.394275
v -0.364856 -0.027467 -0.394572
v -0.190923 -0.027467 -0.406022
v -0.193299 -0.029386 -0.406743
v -0.301809 -0.029386 -0.334238
v -0.302052 -0.027467 -0.331768
v -0.394572 -0.027467 -0.364856
v -0.394275 -0.029386 -0.361846
v -0.485185 -0.029386 -0.225790
v -0.488079 -0.027467 -0.224912
v -0.331768 -0.027467 -0.302052
v -0.334238 -0.029386 -0.301809
v -0.406743 -0.029386 -0.193299
v -0.406022 -0.027467 -0.190923
v -0.504161 -0.027467 -0.186087
v -0.502735 -0.029386 -0.183420
v -0.534659 -0.029386 -0.022931
v -0.536997 -0.027467 -0.021012
v -0.422104 -0.027467 -0.152098
v -0.424293 -0.029386 -0.150928
v -0.449754 -0.029386 -0.022931
v -0.448179 -0.027467 -0.021012
v -0.536997 -0.027467 0.021012
v -0.534659 -0.029386 0.022931
v -0.502735 -0.029386 0.183420
v -0.504161 -0.027467 0.186087
v -0.448179 -0.027467 0.021012
v -0.449754 -0.029386 0.022931
v -0.424293 -0.029386 0.150928
v -0.422104 -0.027467 0.152098
v -0.488079 -0.027467 0.224913
v -0.485185 -0.029386 0.225790
v -0.394275 -0.029386 0.361846
v -0.394572 -0.027467 0.364856
v -0.406022 -0.027467 0.190923
v -0.406743 -0.029386 0.193299
v -0.334238 -0.029386 0.301809
v -0.331768 -0.027467 0.302052
v -0.364856 -0.027467 0.394572
v -0.361846 -0.029386 0.394275
v -0.225790 -0.029386 0.485185
v -0.224912 -0.027467 0.488079
v -0.302052 -0.027467 0.331768
v -0.301809 -0.029386 0.334238
v -0.193299 -0.029386 0.406743
v -0.190923 -0.027467 0.406022
v -0.186087 -0.027467 0.504161
v -0.183420 -0.029386 0.502735
v -0.022931 -0.029386 0.534659
v -0.021012 -0.027467 0.536997
v -0.152098 -0.027467 0.422104
v -0.150928 -0.029386 0.424293
v -0.022931 -0.029386 0.449754
v -0.021012 -0.027467 0.448179
v 0.021012 -0.027467 0.536997
v 0.022931 -0.029386 0.534659
v 0.183420 -0.029386 0.502735
v 0.186087 -0.027467 0.504161
v 0.021012 -0.027467 0.448179
v 0.022931 -0.029386 0.449754
v 0.150928 -0.029386 0.424293
v 0.152098 -0.027467 0.422104
v 0.224913 -0.027467 0.488079
v 0.225790 -0.029386 0.485185
v 0.361846 -0.029386 0.394275
v 0.364856 -0.027467 0.394572
v 0.190923 -0.027467 0.406022
v 0.193299 -0.029386 0.406743
v 0.301809 -0.029386 0.334238
v 0.302052 -0.027467 0.331768
v 0.394572 -0.027467 0.364856
v 0.394275 -0.029386 0.361846
v 0.485185 -0.029386 0.225790
v 0.488079 -0.027467 0.224912
v 0.331768 -0.027467 0.302052
v 0.334238 -0.029386 0.301809
v 0.406743 -0.029386 0.193299
v 0.406022 -0.027467 0.190923
v 0.504161 -0.027467 0.186087
v 0.502735 -0.029386 0.183420
v 0.534659 -0.029386 0.022931
v 0.536997 -0.027467 0.021012
v 0.422104 -0.027467 0.152098
v 0.424293 -0.029386 0.150928
v 0.449754 -0.029386 0.022931
v 0.448179 -0.027467 0.021012
v 0.536997 -0.027467 -0.021012
v 0.534659 -0.029386 -0.022931
v 0.502735 -0.029386 -0.183420
v 0.504161 -0.027467 -0.186087
v 0.449754 -0.029386 -0.022931
v 0.448179 -0.027467 -0.021012
v 0.424293 -0.029386 -0.150928
v 0.422104 -0.027467 -0.152098
v 0.488079 -0.027467 -0.224913
v 0.485185 -0.029386 -0.225790
v 0.394275 -0.029386 -0.361846
v 0.394572 -0.027467 -0.364856
v 0.406022 -0.027467 -0.190923
v 0.406743 -0.029386 -0.193299
v 0.334238 -0.029386 -0.301809
v 0.331768 -0.027467 -0.302052
v 0.364856 -0.027467 -0.394572
v 0.361846 -0.029386 -0.394275
v 0.225790 -0.029386 -0.485185
v 0.224912 -0.027467 -0.488079
v 0.302052 -0.027467 -0.331768
v 0.301809 -0.029386 -0.334238
v 0.193299 -0.029386 -0.406743
v 0.190923 -0.027467 -0.406022
v 0.135701 -0.027467 -0.382518
v 0.133033 -0.029386 -0.381092
v 0.022931 -0.029386 -0.402993
v 0.021012 -0.027467 -0.405331
v 0.109285 -0.027467 -0.318744
v 0.108115 -0.029386 -0.320933
v 0.022931 -0.029386 -0.337877
v 0.021012 -0.027467 -0.336302
v -0.021012 -0.027467 -0.405331
v -0.022931 -0.029386 -0.402993
v -0.133033 -0.029386 -0.381092
v -0.135701 -0.027467 -0.382518
v -0.021012 -0.027467 -0.336302
v -0.022931 -0.029386 -0.337877
v -0.108115 -0.029386 -0.320933
v -0.109285 -0.027467 -0.318744
v -0.174526 -0.027467 -0.366436
v -0.175404 -0.029386 -0.363542
v -0.268745 -0.029386 -0.301174
v -0.271755 -0.027467 -0.301470
v -0.148110 -0.027467 -0.302662
v -0.150485 -0.029386 -0.303382
v -0.222701 -0.029386 -0.255130
v -0.222944 -0.027467 -0.252660
v -0.301470 -0.027467 -0.271755
v -0.301174 -0.029386 -0.268745
v -0.363542 -0.029386 -0.175404
v -0.366436 -0.027467 -0.174526
v -0.252660 -0.027467 -0.222944
v -0.255130 -0.029386 -0.222701
v -0.303382 -0.029386 -0.150485
v -0.302662 -0.027467 -0.148110
v -0.382518 -0.027467 -0.135701
v -0.381092 -0.029386 -0.133033
v -0.402993 -0.029386 -0.022931
v -0.405331 -0.027467 -0.021012
v -0.318744 -0.027467 -0.109285
v -0.320933 -0.029386 -0.108115
v -0.337877 -0.029386 -0.022931
v -0.336302 -0.027467 -0.021012
v -0.405331 -0.027467 0.021012
v -0.402993 -0.029386 0.022931
v -0.381092 -0.029386 0.133033
v -0.382518 -0.027467 0.135701
v -0.336302 -0.027467 0.021012
v -0.337877 -0.029386 0.022931
v -0.320933 -0.029386 0.108115
v -0.318744 -0.027467 0.109285
v -0.366436 -0.027467 0.174526
v -0.363542 -0.029386 0.175404
v -0.301174 -0.029386 0.268745
v -0.301470 -0.027467 0.271755
v -0.302662 -0.027467 0.148110
v -0.303382 -0.029386 0.150485
v -0.255130 -0.029386 0.222701
v -0.252660 -0.027467 0.222944
v -0.271755 -0.027467 0.301470
v -0.268745 -0.029386 0.301174
v -0.175404 -0.029386 0.363542
v -0.174526 -0.027467 0.366436
v -0.222944 -0.027467 0.252660
v -0.222701 -0.029386 0.255130
v -0.150485 -0.029386 0.303382
v -0.148110 -0.027467 0.302662
v -0.135701 -0.027467 0.382518
v -0.133033 -0.029386 0.381092
v -0.022931 -0.029386 0.402993
v -0.021012 -0.027467 0.405331
v -0.109285 -0.027467 0.318744
v -0.108115 -0.029386 0.320933
v -0.022931 -0.029386 0.337877
v -0.021012 -0.027467 0.336302
v 0.021012 -0.027467 0.405331
v 0.022931 -0.029386 0.402993
v 0.133033 -0.029386 0.381092
v 0.135701 -0.027467 0.382518
v 0.021012 -0.027467 0.336302
v 0.022931 -0.029386 0.337877
v 0.108115 -0.029386 0.320933
v 0.109285 -0.027467 0.318744
v 0.174526 -0.027467 0.366436
v 0.175404 -0.029386 0.363542
v 0.268745 -0.029386 0.301174
v 0.271755 -0.027467 0.301470
v 0.150485 -0.029386 0.303382
v 0.148110 -0.027467 0.302662
v 0.222701 -0.029386 0.255130
v 0.222944 -0.027467 0.252660
v 0.301470 -0.027467 0.271755
v 0.301174 -0.029386 0.268745
v 0.363542 -0.029386 0.175404
v 0.366436 -0.027467 0.174526
v 0.252660 -0.027467 0.222944
v 0.255130 -0.029386 0.222701
v 0.303382 -0.029386 0.150485
v 0.302662 -0.027467 0.148110
v 0.382518 -0.027467 0.135701
v 0.381092 -0.029386 0.133033
v 0.402993 -0.029386 0.022931
v 0.405331 -0.027467 0.021012
v 0.318744 -0.027467 0.109285
v 0.320933 -0.029386 0.108115
v 0.337877 -0.029386 0.022931
v 0.336302 -0.027467 0.021012
v 0.405331 -0.027467 -0.021012
v 0.402993 -0.029386 -0.022931
v 0.381092 -0.029386 -0.133033
v 0.382518 -0.027467 -0.135701
v 0.336302 -0.027467 -0.021012
v 0.337877 -0.029386 -0.022931
v 0.320933 -0.029386 -0.108115
v 0.318744 -0.027467 -0.109285
v 0.366436 -0.027467 -0.174526
v 0.363542 -0.029386 -0.175404
v 0.301174 -0.029386 -0.268745
v 0.301470 -0.027467 -0.271755
v 0.302662 -0.027467 -0.148110
v 0.303382 -0.029386 -0.150485
v 0.255130 -0.029386 -0.222701
v 0.252660 -0.027467 -0.222944
v 0.271755 -0.027467 -0.301470
v 0.268745 -0.029386 -0.301174
v 0.175404 -0.029386 -0.363542
v 0.174526 -0.027467 -0.366436
v 0.222944 -0.027467 -0.252660
v 0.222701 -0.029386 -0.255130
v 0.150485 -0.029386 -0.303382
v 0.148110 -0.027467 -0.302662
v 0.092887 -0.027467 -0.279158
v 0.090220 -0.029386 -0.277732
v 0.022931 -0.029386 -0.291117
v 0.021012 -0.027467 -0.293455
v 0.062477 -0.027467 -0.205740
v 0.061307 -0.029386 -0.207929
v 0.022931 -0.029386 -0.215562
v 0.021012 -0.027467 -0.213988
v -0.021012 -0.027467 -0.293455
v -0.022931 -0.029386 -0.291117
v -0.090220 -0.029386 -0.277732
v -0.092887 -0.027467 -0.279158
v -0.021012 -0.027467 -0.213988
v -0.022931 -0.029386 -0.215562
v -0.061307 -0.029386 -0.207929
v -0.062477 -0.027467 -0.205740
v -0.131713 -0.027467 -0.263076
v -0.132591 -0.029386 -0.260181
v -0.189636 -0.029386 -0.222065
v -0.192646 -0.027467 -0.222362
v -0.101302 -0.027467 -0.189658
v -0.103678 -0.029386 -0.190378
v -0.136211 -0.029386 -0.168640
v -0.136454 -0.027467 -0.166170
v -0.222362 -0.027467 -0.192646
v -0.222065 -0.029386 -0.189636
v -0.260181 -0.029386 -0.132591
v -0.263076 -0.027467 -0.131713
v -0.166170 -0.027467 -0.136454
v -0.168640 -0.029386 -0.136211
v -0.190378 -0.029386 -0.103678
v -0.189658 -0.027467 -0.101302
v -0.279158 -0.027467 -0.092887
v -0.277732 -0.029386 -0.090220
v -0.291117 -0.029386 -0.022931
v -0.293455 -0.027467 -0.021012
v -0.205740 -0.027467 -0.062477
v -0.207929 -0.029386 -0.061307
v -0.215562 -0.029386 -0.022931
v -0.213988 -0.027467 -0.021012
v -0.293455 -0.027467 0.021012
v -0.291117 -0.029386 0.022931
v -0.277732 -0.029386 0.090220
v -0.279158 -0.027467 0.092887
v -0.213988 -0.027467 0.021012
v -0.215562 -0.029386 0.022931
v -0.207929 -0.029386 0.061307
v -0.205740 -0.027467 0.062477
v -0.263076 -0.027467 0.131713
v -0.260181 -0.029386 0.132591
v -0.222065 -0.029386 0.189636
v -0.222362 -0.027467 0.192646
v -0.189658 -0.027467 0.101302
v -0.190378 -0.029386 0.103678
v -0.168640 -0.029386 0.136211
v -0.166170 -0.027467 0.136454
v -0.192646 -0.027467 0.222362
v -0.189636 -0.029386 0.222065
v -0.132591 -0.029386 0.260181
v -0.131713 -0.027467 0.263076
v -0.136211 -0.029386 0.168640
v -0.136454 -0.027467 0.166170
v -0.103678 -0.029386 0.190378
v -0.101302 -0.027467 0.189658
v -0.090220 -0.029386 0.277732
v -0.092887 -0.027467 0.279158
v -0.022931 -0.029386 0.291117
v -0.021012 -0.027467 0.293455
v -0.062477 -0.027467 0.205740
v -0.061307 -0.029386 0.207929
v -0.022931 -0.029386 0.215562
v -0.021012 -0.027467 0.213988
v 0.021012 -0.027467 0.293455
v 0.022931 -0.029386 0.291117
v 0.090220 -0.029386 0.277732
v 0.092887 -0.027467 0.279158
v 0.021012 -0.027467 0.213988
v 0.022931 -0.029386 0.215562
v 0.061307 -0.029386 0.207929
v 0.062477 -0.027467 0.205740
v 0.131713 -0.027467 0.263076
v 0.132591 -0.029386 0.260181
v 0.189636 -0.029386 0.222065
v 0.192646 -0.027467 0.222362
v 0.101302 -0.027467 0.189658
v 0.103678 -0.029386 0.190378
v 0.136211 -0.029386 0.168640
v 0.136454 -0.027467 0.166170
v 0.222362 -0.027467 0.192646
v 0.222065 -0.029386 0.189636
v 0.260181 -0.029386 0.132591
v 0.263076 -0.027467 0.131713
v 0.166170 -0.027467 0.136454
v 0.168640 -0.029386 0.136211
v 0.190378 -0.029386 0.103678
v 0.189658 -0.027467 0.101302
v 0.279158 -0.027467 0.092887
v 0.277732 -0.029386 0.090220
v 0.291117 -0.029386 0.022931
v 0.293455 -0.027467 0.021012
v 0.205740 -0.027467 0.062477
v 0.207929 -0.029386 0.061307
v 0.215562 -0.029386 0.022931
v 0.213988 -0.027467 0.021012
v 0.293455 -0.027467 -0.021012
v 0.291117 -0.029386 -0.022931
v 0.277732 -0.029386 -0.090220
v 0.279158 -0.027467 -0.092887
v 0.213988 -0.027467 -0.021012
v 0.215562 -0.029386 -0.022931
v 0.207929 -0.029386 -0.061307
v 0.205740 -0.027467 -0.062477
v 0.263076 -0.027467 -0.131713
v 0.260181 -0.029386 -0.132591
v 0.222065 -0.029386 -0.189636
v 0.222362 -0.027467 -0.192646
v 0.189658 -0.027467 -0.101302
v 0.190378 -0.029386 -0.103678
v 0.168640 -0.029386 -0.136211
v 0.166170 -0.027467 -0.136454
v 0.192646 -0.027467 -0.222362
v 0.189636 -0.029386 -0.222065
v 0.132591 -0.029386 -0.260181
v 0.131713 -0.027467 -0.263076
v 0.136454 -0.027467 -0.166170
v 0.136211 -0.029386 -0.168640
v 0.103678 -0.029386 -0.190378
v 0.101302 -0.027467 -0.189658
v 0.075290 0.019445 -0.181767
v 0.000000 0.019445 -0.196743
v 0.139119 0.019445 -0.139119
v -0.075290 0.019445 -0.181767
v -0.139119 0.019445 -0.139119
v -0.181767 0.019445 -0.075290
v -0.196743 0.019445 -0.000000
v -0.181767 0.019445 0.075290
v -0.139119 0.019445 0.139119
v -0.075290 0.019445 0.181767
v -0.000000 0.019445 0.196743
v 0.075290 0.019445 0.181767
v 0.139119 0.019445 0.139119
v 0.181767 0.019445 0.075290
v 0.196743 0.019445 0.000000
v 0.181767 0.019445 -0.075290
v 0.075290 -0.019445 -0.181767
v 0.000000 -0.019445 -0.196743
v 0.139119 -0.019445 -0.139119
v -0.075290 -0.019445 -0.181767
v -0.139119 -0.019445 -0.139119
v -0.181767 -0.019445 -0.075290
v -0.196743 -0.019445 -0.000000
v -0.181767 -0.019445 0.075290
v -0.139119 -0.019445 0.139119
v -0.075290 -0.019445 0.181767
v -0.000000 -0.019445 0.196743
v 0.075290 -0.019445 0.181767
v 0.139119 -0.019445 0.139119
v 0.181767 -0.019445 0.075290
v 0.196743 -0.019445 0.000000
v 0.181767 -0.019445 -0.075290
v -0.060779 -0.027006 0.025175
v 0.000000 -0.027006 0.000000
v 0.065786 0.027006 -0.158822
v 0.066760 0.024511 -0.161172
v 0.000000 0.024511 -0.174452
v 0.000000 0.027006 -0.171908
v -0.066760 0.024511 -0.161172
v -0.065786 0.027006 -0.158822
v -0.123356 0.024511 -0.123356
v -0.121557 0.027006 -0.121557
v -0.161172 0.024511 -0.066760
v -0.158822 0.027006 -0.065786
v -0.174452 0.024511 -0.000000
v -0.171908 0.027006 -0.000000
v -0.161172 0.024511 0.066760
v -0.158822 0.027006 0.065786
v -0.123356 0.024511 0.123356
v -0.121557 0.027006 0.121557
v -0.066760 0.024511 0.161172
v -0.065786 0.027006 0.158822
v -0.000000 0.024511 0.174452
v -0.000000 0.027006 0.171908
v 0.066760 0.024511 0.161172
v 0.065786 0.027006 0.158822
v 0.123356 0.024511 0.123356
v 0.121557 0.027006 0.121557
v 0.161172 0.024511 0.066760
v 0.158822 0.027006 0.065786
v 0.174452 0.024511 0.000000
v 0.171908 0.027006 0.000000
v 0.161172 0.024511 -0.066760
v 0.158822 0.027006 -0.065786
v 0.121557 0.027006 -0.121557
v 0.123356 0.024511 -0.123356
v 0.066760 -0.024511 -0.161172
v 0.065786 -0.027006 -0.158822
v 0.000000 -0.027006 -0.171908
v 0.000000 -0.024511 -0.174452
v -0.065786 -0.027006 -0.158822
v -0.066760 -0.024511 -0.161172
v -0.121557 -0.027006 -0.121557
v -0.123356 -0.024511 -0.123356
v -0.158822 -0.027006 -0.065786
v -0.161172 -0.024511 -0.066760
v -0.171908 -0.027006 -0.000000
v -0.174452 -0.024511 -0.000000
v -0.158822 -0.027006 0.065786
v -0.161172 -0.024511 0.066760
v -0.121557 -0.027006 0.121557
v -0.123356 -0.024511 0.123356
v -0.065786 -0.027006 0.158822
v -0.066760 -0.024511 0.161172
v -0.000000 -0.027006 0.171908
v -0.000000 -0.024511 0.174452
v 0.065786 -0.027006 0.158822
v 0.066760 -0.024511 0.161172
v 0.121557 -0.027006 0.121557
v 0.123356 -0.024511 0.123356
v 0.158822 -0.027006 0.065786
v 0.161172 -0.024511 0.066760
v 0.171908 -0.027006 0.000000
v 0.174452 -0.024511 0.000000
v 0.158822 -0.027006 -0.065786
v 0.161172 -0.024511 -0.066760
v 0.123356 -0.024511 -0.123356
v 0.121557 -0.027006 -0.121557
v 0.060779 -0.027006 -0.025175
v 0.085954 -0.027006 0.035603
v 0.025175 -0.027006 0.060779
v -0.035603 -0.027006 0.085954
v 0.035603 -0.027006 -0.085954
v -0.025175 -0.027006 -0.060779
v -0.085954 -0.027006 -0.035603
v 0.374867 0.000000 -0.905010
v 0.692664 0.000000 -0.692664
v 0.905010 0.000000 -0.374867
v 0.979575 0.000000 0.000000
v 0.905010 0.000000 0.374867
v 0.692664 0.000000 0.692664
v 0.374867 0.000000 0.905010
v 0.000000 0.000000 0.979575
v -0.374867 0.000000 0.905010
v -0.692664 0.000000 0.692664
v -0.905010 0.000000 0.374867
v -0.905010 0.000000 -0.374867
v -0.692664 0.000000 -0.692664
v -0.374867 0.000000 -0.905010
v 0.000000 0.000000 -0.979575
v -0.979575 0.000000 0.000000
vn -0.0000 1.0000 -0.0000
vn -0.8315 -0.0000 0.5556
vn -0.5556 -0.0000 0.8315
vn -0.9808 -0.0000 -0.1951
vn -0.0000 0.9998 0.0193
vn 0.0074 0.9998 0.0178
vn 0.0053 0.9999 0.0129
vn -0.0000 0.9999 0.0108
vn -0.1951 -0.0000 -0.9808
vn 0.8315 -0.0000 -0.5556
vn 0.9808 -0.0000 -0.1951
vn 0.8315 -0.0000 0.5556
vn -0.1951 -0.0000 0.9808
vn -0.9808 -0.0000 0.1951
vn -0.5556 -0.0000 -0.8315
vn -0.8315 -0.0000 -0.5556
vn 0.1951 -0.0000 -0.9808
vn 0.3827 -0.0000 0.9239
vn 0.5556 -0.0000 0.8315
vn 0.7071 -0.0000 0.7071
vn -0.3827 -0.0000 0.9239
vn -0.0000 1.0000 0.0001
vn -1.0000 -0.0000 -0.0000
vn -0.3827 -0.0000 -0.9239
vn 0.7071 -0.0000 -0.7071
vn -0.0000 0.9998 -0.0193
vn -0.0074 0.9998 -0.0178
vn -0.0053 0.9999 -0.0129
vn -0.0000 0.9999 -0.0108
vn 0.9808 -0.0000 0.1951
vn 0.5556 -0.0000 -0.8315
vn -0.0000 -0.0000 1.0000
vn 0.1951 -0.0000 0.9808
vn -0.7071 -0.0000 0.7071
vn -0.9239 -0.0000 -0.3827
vn -0.0000 -0.0000 -1.0000
vn 0.9239 -0.0000 -0.3827
vn -0.0041 0.9999 0.0100
vn 1.0000 -0.0000 -0.0000
vn -0.9239 -0.0000 0.3827
vn -0.7071 -0.0000 -0.7071
vn 0.3827 -0.0000 -0.9239
vn -0.0000 -1.0000 -0.0000
vn 0.0074 0.9998 -0.0178
vn 0.0041 0.9999 -0.0100
vn 0.9239 -0.0000 0.3827
vn -0.0098 0.9999 0.0099
vn -0.0001 1.0000 -0.0000
vn -0.0074 0.9998 0.0178
vn 0.0137 0.9998 -0.0136
vn 0.0098 0.9999 -0.0099
vn -0.0137 0.9998 0.0136
vn 0.0178 0.9998 -0.0074
vn 0.0098 -0.9999 -0.0099
vn 0.0001 -1.0000 -0.0000
vn 0.0041 -0.9999 -0.0100
vn -0.0136 0.9998 -0.0136
vn -0.0177 0.9998 -0.0073
vn -0.0192 0.9998 -0.0000
vn -0.0178 0.9998 0.0074
vn 0.0136 0.9998 0.0136
vn 0.0177 0.9998 0.0073
vn 0.0192 0.9998 -0.0000
vn -0.0000 1.0000 -0.0001
vn 0.3758 0.1889 0.9072
vn -0.0000 0.1889 0.9820
vn -0.3758 0.1889 0.9072
vn -0.6944 0.1889 0.6944
vn 0.6944 0.1889 0.6944
vn 0.9072 0.1889 0.3758
vn 0.9820 0.1889 -0.0000
vn 0.9072 0.1889 -0.3758
vn 0.6944 0.1889 -0.6944
vn -0.9072 0.1889 0.3758
vn -0.9820 0.1889 -0.0000
vn -0.9072 0.1889 -0.3758
vn -0.6944 0.1889 -0.6944
vn -0.3758 0.1889 -0.9072
vn -0.0000 0.1889 -0.9820
vn 0.3758 0.1889 -0.9072
vn -0.0137 -0.9998 0.0136
vn -0.0098 -0.9999 0.0099
vn -0.0041 -0.9999 0.0100
vn -0.0074 -0.9998 0.0178
vn -0.0000 -0.9999 0.0108
vn 0.0074 -0.9998 -0.0178
vn -0.0000 -0.9999 -0.0108
vn -0.0000 -0.9998 -0.0193
vn -0.0053 -0.9999 -0.0129
vn -0.0074 -0.9998 -0.0178
vn -0.0001 -1.0000 -0.0000
vn -0.0000 -1.0000 0.0001
vn 0.0053 -0.9999 0.0129
vn -0.0000 -0.9998 0.0193
vn 0.0074 -0.9998 0.0178
vn -0.0000 -1.0000 -0.0001
vn -0.0136 -0.9998 -0.0136
vn 0.0136 -0.9998 0.0136
vn 0.0137 -0.9998 -0.0136
vn -0.0177 -0.9998 -0.0073
vn -0.0192 -0.9998 -0.0000
vn -0.0178 -0.9998 0.0074
vn 0.0177 -0.9998 0.0073
vn 0.0192 -0.9998 -0.0000
vn 0.0178 -0.9998 -0.0074
vn 0.3758 -0.1889 0.9072
vn -0.0000 -0.1889 0.9820
vn -0.3758 -0.1889 0.9072
vn -0.6944 -0.1889 0.6944
vn 0.6944 -0.1889 0.6944
vn 0.9072 -0.1889 0.3758
vn 0.9820 -0.1889 -0.0000
vn 0.9072 -0.1889 -0.3758
vn 0.6944 -0.1889 -0.6944
vn -0.9072 -0.1889 0.3758
vn -0.9820 -0.1889 -0.0000
vn -0.9072 -0.1889 -0.3758
vn -0.6944 -0.1889 -0.6944
vn -0.3758 -0.1889 -0.9072
vn -0.0000 -0.1889 -0.9820
vn 0.3758 -0.1889 -0.9072
vn 0.3900 0.7122 0.5836
vn 0.4907 0.7199 0.4909
vn 0.6404 0.7207 0.2653
vn 0.6932 0.7207 -0.0000
vn 0.6412 0.7199 -0.2658
vn 0.5836 0.7122 -0.3900
vn -0.3900 0.7122 -0.5836
vn -0.4907 0.7199 -0.4909
vn -0.6404 0.7207 -0.2653
vn -0.6932 0.7207 -0.0000
vn -0.6412 0.7199 0.2658
vn -0.5836 0.7122 0.3900
vn -0.2680 0.7139 0.6469
vn -0.0000 0.7139 0.7002
vn -0.3929 0.7071 0.5879
vn 0.1380 0.7071 0.6935
vn 0.3929 0.7071 -0.5879
vn 0.2680 0.7139 -0.6469
vn -0.0000 0.7139 -0.7002
vn -0.1380 0.7071 -0.6935
vn -0.6517 0.7088 0.2699
vn -0.4988 0.7088 -0.4987
vn 0.6517 0.7088 -0.2699
vn 0.4988 0.7088 0.4987
vn -0.3928 0.7071 -0.5879
vn 0.6533 0.7071 -0.2706
vn -0.5000 0.7071 0.5000
vn 0.3928 0.7071 0.5879
vn -0.5879 0.7071 -0.3929
vn 0.5000 0.7071 -0.5000
vn -0.2706 0.7071 0.6533
vn 0.5879 0.7071 0.3928
vn -0.6935 0.7071 -0.1380
vn 0.2706 0.7071 -0.6533
vn -0.0000 0.7071 0.7071
vn 0.6935 0.7071 0.1379
vn -0.6935 0.7071 0.1380
vn -0.0000 0.7071 -0.7071
vn 0.2706 0.7071 0.6533
vn 0.6935 0.7071 -0.1379
vn -0.5879 0.7071 0.3929
vn -0.2706 0.7071 -0.6533
vn 0.5000 0.7071 0.5000
vn 0.5879 0.7071 -0.3928
vn -0.6533 0.7071 0.2706
vn 0.5879 0.7071 0.3929
vn -0.5879 0.7071 -0.3928
vn 0.6935 0.7071 0.1380
vn -0.6935 0.7071 -0.1379
vn 0.6935 0.7071 -0.1380
vn -0.6935 0.7071 0.1379
vn 0.5879 0.7071 -0.3929
vn -0.5000 0.7071 -0.5000
vn -0.5879 0.7071 0.3928
vn 0.1379 0.7071 -0.6935
vn 0.6533 0.7071 0.2706
vn -0.7071 0.7071 -0.0000
vn -0.1380 0.7071 0.6935
vn -0.1379 0.7071 -0.6935
vn 0.7071 0.7071 -0.0000
vn -0.3928 0.7071 0.5879
vn 0.3928 0.7071 -0.5879
vn -0.1379 0.7071 0.6935
vn -0.6533 0.7071 -0.2706
vn 0.1380 0.7071 -0.6935
vn 0.1379 0.7071 0.6935
vn -0.3929 0.7071 -0.5879
vn 0.3929 0.7071 0.5879
vn 0.3900 -0.7122 0.5836
vn 0.4907 -0.7199 0.4909
vn 0.6404 -0.7207 0.2653
vn 0.6932 -0.7207 -0.0000
vn 0.6412 -0.7199 -0.2658
vn 0.5836 -0.7122 -0.3900
vn -0.3900 -0.7122 -0.5836
vn -0.4907 -0.7199 -0.4909
vn -0.6404 -0.7207 -0.2653
vn -0.6932 -0.7207 -0.0000
vn -0.6412 -0.7199 0.2658
vn -0.5836 -0.7122 0.3900
vn -0.2680 -0.7139 0.6469
vn -0.0000 -0.7139 0.7002
vn -0.3929 -0.7071 0.5879
vn 0.1380 -0.7071 0.6935
vn 0.3929 -0.7071 -0.5879
vn 0.2680 -0.7139 -0.6469
vn -0.0000 -0.7139 -0.7002
vn -0.1380 -0.7071 -0.6935
vn -0.6517 -0.7088 0.2699
vn -0.4988 -0.7088 -0.4987
vn 0.6517 -0.7088 -0.2699
vn 0.4988 -0.7088 0.4987
vn -0.3928 -0.7071 -0.5879
vn 0.6533 -0.7071 -0.2706
vn -0.5000 -0.7071 0.5000
vn 0.3928 -0.7071 0.5879
vn -0.5879 -0.7071 -0.3929
vn 0.5000 -0.7071 -0.5000
vn -0.2706 -0.7071 0.6533
vn 0.5879 -0.7071 0.3928
vn -0.6935 -0.7071 -0.1380
vn 0.2706 -0.7071 -0.6533
vn -0.0000 -0.7071 0.7071
vn 0.6935 -0.7071 0.1379
vn -0.6935 -0.7071 0.1380
vn -0.0000 -0.7071 -0.7071
vn 0.2706 -0.7071 0.6533
vn 0.6935 -0.7071 -0.1379
vn -0.5879 -0.7071 0.3929
vn -0.2706 -0.7071 -0.6533
vn 0.5000 -0.7071 0.5000
vn 0.5879 -0.7071 -0.3928
vn -0.6533 -0.7071 0.2706
vn 0.5879 -0.7071 0.3929
vn -0.5879 -0.7071 -0.3928
vn 0.6935 -0.7071 0.1380
vn -0.6935 -0.7071 -0.1379
vn 0.6935 -0.7071 -0.1380
vn -0.6935 -0.7071 0.1379
vn 0.5879 -0.7071 -0.3929
vn -0.5000 -0.7071 -0.5000
vn -0.5879 -0.7071 0.3928
vn 0.1379 -0.7071 -0.6935
vn 0.6533 -0.7071 0.2706
vn -0.7071 -0.7071 -0.0000
vn -0.1380 -0.7071 0.6935
vn -0.1379 -0.7071 -0.6935
vn 0.7071 -0.7071 -0.0000
vn -0.3928 -0.7071 0.5879
vn 0.3928 -0.7071 -0.5879
vn -0.1379 -0.7071 0.6935
vn -0.6533 -0.7071 -0.2706
vn 0.1380 -0.7071 -0.6935
vn 0.1379 -0.7071 0.6935
vn 0.0001 1.0000 -0.0000
vn 0.4951 0.7139 -0.4951
vn -0.2680 0.7139 -0.6469
vn -0.4951 0.7139 -0.4951
vn -0.6469 0.7139 -0.2680
vn -0.7002 0.7139 -0.0000
vn -0.6469 0.7139 0.2680
vn -0.4951 0.7139 0.4951
vn 0.2680 0.7139 0.6469
vn 0.4951 0.7139 0.4951
vn 0.6469 0.7139 0.2680
vn 0.7002 0.7139 -0.0000
vn 0.6469 0.7139 -0.2680
vn 0.4951 -0.7139 -0.4951
vn -0.2680 -0.7139 -0.6469
vn -0.4951 -0.7139 -0.4951
vn -0.6469 -0.7139 -0.2680
vn -0.7002 -0.7139 -0.0000
vn -0.6469 -0.7139 0.2680
vn -0.4951 -0.7139 0.4951
vn 0.2680 -0.7139 0.6469
vn 0.4951 -0.7139 0.4951
vn 0.6469 -0.7139 0.2680
vn 0.7002 -0.7139 -0.0000
vn 0.6469 -0.7139 -0.2680
vt 0.799591 0.182807
vt 0.719575 0.138493
vt 0.720185 0.136609
vt 0.801043 0.181104
vt 0.869630 0.431177
vt 0.880284 0.342811
vt 0.882479 0.342640
vt 0.871482 0.431794
vt 0.855819 0.254964
vt 0.857602 0.254066
vt 0.824997 0.508742
vt 0.826643 0.510175
vt 0.754433 0.563177
vt 0.755305 0.564909
vt 0.669344 0.587395
vt 0.669505 0.589549
vt 0.581869 0.576111
vt 0.581255 0.577958
vt 0.001330 0.347327
vt 0.001330 0.278811
vt 0.003280 0.278811
vt 0.003280 0.347327
vt 0.094521 0.610176
vt 0.094521 0.555200
vt 0.096469 0.555200
vt 0.096469 0.610176
vt 0.369574 0.622999
vt 0.369574 0.582066
vt 0.371525 0.582066
vt 0.371525 0.622999
vt 0.450643 0.459570
vt 0.425976 0.374103
vt 0.445579 0.372647
vt 0.467948 0.450647
vt 0.642149 0.406640
vt 0.642149 0.378140
vt 0.644104 0.378140
vt 0.644104 0.406640
vt 0.629328 0.554075
vt 0.629328 0.525575
vt 0.631284 0.525575
vt 0.631284 0.554075
vt 0.455048 0.364082
vt 0.455153 0.303346
vt 0.457158 0.303349
vt 0.457053 0.364086
vt 0.688719 0.209935
vt 0.670713 0.209935
vt 0.670713 0.207964
vt 0.688719 0.207964
vt 0.566847 0.065344
vt 0.567304 0.111969
vt 0.565282 0.111989
vt 0.564825 0.065364
vt 0.643881 0.304763
vt 0.644226 0.338623
vt 0.642194 0.338644
vt 0.641848 0.304784
vt 0.408582 0.430371
vt 0.408651 0.453310
vt 0.406607 0.453316
vt 0.406538 0.430377
vt 0.663388 0.161141
vt 0.663457 0.184081
vt 0.661413 0.184087
vt 0.661344 0.161148
vt 0.483971 0.299654
vt 0.483971 0.368176
vt 0.482021 0.368176
vt 0.482021 0.299654
vt 0.392285 0.334882
vt 0.381131 0.334934
vt 0.381121 0.332817
vt 0.392276 0.332766
vt 0.536651 0.116569
vt 0.536651 0.061598
vt 0.538599 0.061598
vt 0.538599 0.116569
vt 0.617881 0.342529
vt 0.617881 0.301612
vt 0.619832 0.301612
vt 0.619832 0.342529
vt 0.387343 0.456319
vt 0.387343 0.427819
vt 0.389298 0.427819
vt 0.389298 0.456319
vt 0.642149 0.187090
vt 0.642149 0.158590
vt 0.644104 0.158590
vt 0.644104 0.187090
vt 0.481691 0.370190
vt 0.456723 0.366100
vt 0.377436 0.311182
vt 0.395454 0.311183
vt 0.395454 0.313155
vt 0.377436 0.313155
vt 0.538884 0.059613
vt 0.565111 0.063379
vt 0.620118 0.299624
vt 0.642135 0.302795
vt 0.479448 0.373735
vt 0.498495 0.435135
vt 0.389595 0.425815
vt 0.406835 0.428373
vt 0.644401 0.156586
vt 0.661641 0.159144
vt 0.397433 0.313476
vt 0.394255 0.333087
vt 0.481360 0.300431
vt 0.481329 0.367369
vt 0.457742 0.363479
vt 0.457870 0.303970
vt 0.539291 0.115754
vt 0.539258 0.062366
vt 0.564144 0.065977
vt 0.564557 0.111378
vt 0.620523 0.341715
vt 0.620490 0.302380
vt 0.641166 0.305397
vt 0.641467 0.338034
vt 0.852744 0.256568
vt 0.876877 0.343129
vt 0.857098 0.344305
vt 0.835173 0.265483
vt 0.389957 0.455524
vt 0.389987 0.428604
vt 0.405849 0.430990
vt 0.405883 0.452708
vt 0.644763 0.186295
vt 0.644793 0.159375
vt 0.660656 0.161761
vt 0.660689 0.183479
vt 0.208172 0.240953
vt 0.208446 0.180223
vt 0.210450 0.180232
vt 0.210176 0.240962
vt 0.378250 0.313846
vt 0.394675 0.313812
vt 0.391672 0.332069
vt 0.381716 0.332081
vt 0.612175 0.237528
vt 0.612071 0.284146
vt 0.610050 0.284141
vt 0.610154 0.237524
vt 0.243588 0.591893
vt 0.243420 0.625741
vt 0.241388 0.625731
vt 0.241557 0.591883
vt 0.092602 0.607646
vt 0.092948 0.641506
vt 0.090916 0.641526
vt 0.090570 0.607666
vt 0.676042 0.521631
vt 0.676278 0.544576
vt 0.674232 0.544597
vt 0.673997 0.521652
vt 0.237178 0.176237
vt 0.237178 0.244772
vt 0.235227 0.244772
vt 0.235228 0.176237
vt 0.215966 0.668571
vt 0.227134 0.668582
vt 0.227132 0.670701
vt 0.215964 0.670690
vt 0.581697 0.288063
vt 0.581697 0.233087
vt 0.583645 0.233087
vt 0.583645 0.288063
vt 0.217331 0.629410
vt 0.217331 0.588476
vt 0.219282 0.588476
vt 0.219282 0.629410
vt 0.066603 0.645412
vt 0.066603 0.604495
vt 0.068553 0.604495
vt 0.068553 0.645412
vt 0.654886 0.547655
vt 0.654886 0.519164
vt 0.656840 0.519164
vt 0.656840 0.547655
vt 0.234920 0.246793
vt 0.209869 0.242983
vt 0.230388 0.692303
vt 0.212382 0.692303
vt 0.212382 0.690332
vt 0.230388 0.690332
vt 0.583981 0.231080
vt 0.610490 0.235517
vt 0.219590 0.586465
vt 0.241864 0.589871
vt 0.068840 0.602506
vt 0.090856 0.605678
vt 0.657130 0.517170
vt 0.674286 0.519658
vt 0.210399 0.689970
vt 0.213982 0.670328
vt 0.234566 0.177023
vt 0.234535 0.243974
vt 0.210894 0.240341
vt 0.211134 0.180838
vt 0.584305 0.287288
vt 0.584336 0.233894
vt 0.609462 0.238129
vt 0.609335 0.283522
vt 0.219941 0.628622
vt 0.219973 0.589271
vt 0.240834 0.592502
vt 0.240700 0.625127
vt 0.442032 0.147007
vt 0.442032 0.078491
vt 0.443982 0.078491
vt 0.443982 0.147007
vt 0.069245 0.644598
vt 0.069212 0.605262
vt 0.089887 0.608280
vt 0.090188 0.640917
vt 0.657532 0.546842
vt 0.657498 0.519931
vt 0.673314 0.522266
vt 0.673504 0.543990
vt 0.007442 0.442032
vt 0.068188 0.442533
vt 0.068171 0.444537
vt 0.007425 0.444037
vt 0.229606 0.689675
vt 0.213192 0.689641
vt 0.216558 0.671391
vt 0.226526 0.671433
vt 0.517878 0.317984
vt 0.517421 0.271359
vt 0.519442 0.271340
vt 0.519899 0.317965
vt 0.059294 0.143178
vt 0.059126 0.177026
vt 0.057095 0.177016
vt 0.057263 0.143168
vt 0.909099 0.658238
vt 0.838983 0.633650
vt 0.839392 0.631508
vt 0.908881 0.655763
vt 0.628201 0.487727
vt 0.628033 0.521575
vt 0.626001 0.521565
vt 0.626169 0.487717
vt 0.403775 0.629087
vt 0.403844 0.652026
vt 0.401799 0.652032
vt 0.401730 0.629093
vt 0.071728 0.471151
vt 0.003212 0.471151
vt 0.003212 0.469201
vt 0.071728 0.469201
vt 0.431895 0.658970
vt 0.443043 0.658953
vt 0.443046 0.661069
vt 0.431898 0.661085
vt 0.548073 0.266760
vt 0.548073 0.321730
vt 0.546125 0.321730
vt 0.546125 0.266760
vt 0.033038 0.180695
vt 0.033038 0.139761
vt 0.034988 0.139761
vt 0.034988 0.180695
vt 0.518298 0.514251
vt 0.540625 0.488064
vt 0.601944 0.525244
vt 0.601944 0.484310
vt 0.603895 0.484310
vt 0.603895 0.525244
vt 0.382535 0.655036
vt 0.382535 0.626535
vt 0.384490 0.626535
vt 0.384490 0.655036
vt 0.001182 0.468861
vt 0.005395 0.443697
vt 0.426728 0.680393
vt 0.429917 0.660763
vt 0.428710 0.680715
vt 0.545840 0.323716
vt 0.519614 0.319950
vt 0.035296 0.137749
vt 0.057571 0.141156
vt 0.604203 0.482299
vt 0.626477 0.485705
vt 0.384788 0.624532
vt 0.402027 0.627090
vt 0.445931 0.680058
vt 0.429502 0.680024
vt 0.432502 0.661783
vt 0.442451 0.661803
vt 0.070958 0.468541
vt 0.004025 0.468507
vt 0.008040 0.444759
vt 0.067558 0.445217
vt 0.545433 0.267574
vt 0.545466 0.320963
vt 0.520581 0.317351
vt 0.520168 0.271951
vt 0.035648 0.179907
vt 0.035679 0.140556
vt 0.056540 0.143787
vt 0.056407 0.176412
vt 0.775994 0.630642
vt 0.708830 0.634421
vt 0.709557 0.632014
vt 0.775965 0.628580
vt 0.604554 0.524456
vt 0.604586 0.485105
vt 0.625447 0.488336
vt 0.625313 0.520961
vt 0.385149 0.654241
vt 0.385180 0.627321
vt 0.401042 0.629707
vt 0.401076 0.651425
vt 0.470650 0.082031
vt 0.471151 0.142777
vt 0.469146 0.142794
vt 0.468646 0.082048
vt 0.446732 0.682688
vt 0.428710 0.682688
vt 0.446732 0.680715
vt 0.576919 0.189629
vt 0.576462 0.236254
vt 0.574441 0.236234
vt 0.574898 0.189609
vt 0.640676 0.211815
vt 0.641021 0.245675
vt 0.638989 0.245695
vt 0.638643 0.211836
vt 0.669679 0.940130
vt 0.737401 0.966391
vt 0.736880 0.968339
vt 0.669840 0.942569
vt 0.560795 0.598146
vt 0.560894 0.631997
vt 0.558862 0.632003
vt 0.558764 0.598151
vt 0.666593 0.194795
vt 0.666662 0.217734
vt 0.664618 0.217740
vt 0.664549 0.194801
vt 0.444269 0.076502
vt 0.468933 0.080058
vt 0.169594 0.652527
vt 0.180748 0.652578
vt 0.180738 0.654694
vt 0.169584 0.654643
vt 0.548561 0.183010
vt 0.575245 0.187589
vt 0.548215 0.185030
vt 0.026686 0.406347
vt 0.042711 0.409517
vt 0.037646 0.435285
vt 0.022263 0.428931
vt 0.175171 0.711756
vt 0.189714 0.719725
vt 0.200235 0.732692
vt 0.204890 0.748705
vt 0.203121 0.765112
vt 0.195200 0.779537
vt 0.182233 0.789828
vt 0.166162 0.794316
vt 0.149575 0.792670
vt 0.134981 0.784863
vt 0.124503 0.771931
vt 0.119875 0.755949
vt 0.121656 0.739563
vt 0.129655 0.725149
vt 0.142573 0.714696
vt 0.158619 0.710049
vt 0.029840 0.390355
vt 0.045861 0.393506
vt 0.061879 0.396655
vt 0.087551 0.401703
vt 0.081294 0.416970
vt 0.058746 0.412650
vt 0.065035 0.380665
vt 0.087540 0.385203
vt 0.037429 0.351782
vt 0.054075 0.351724
vt 0.049008 0.377493
vt 0.032973 0.374360
vt 0.635783 0.959123
vt 0.600365 0.888019
vt 0.607287 0.890729
vt 0.637932 0.952176
vt 0.631486 0.876453
vt 0.629153 0.882783
vt 0.661607 0.937938
vt 0.584562 0.813934
vt 0.590638 0.818536
vt 0.603924 0.881528
vt 0.617302 0.812408
vt 0.613407 0.817492
vt 0.625694 0.873277
vt 0.593426 0.738871
vt 0.597692 0.745230
vt 0.590004 0.808868
vt 0.624937 0.748214
vt 0.619607 0.751737
vt 0.612939 0.807718
vt 0.626280 0.670088
vt 0.628323 0.677579
vt 0.600233 0.735852
vt 0.654134 0.689365
vt 0.647708 0.691062
vt 0.622357 0.742323
vt 0.676215 0.616909
vt 0.677241 0.622972
vt 0.633727 0.669247
vt 0.708819 0.634483
vt 0.698784 0.636047
vt 0.653468 0.682662
vt 0.943256 0.638341
vt 0.980353 0.710130
vt 0.973280 0.707484
vt 0.941178 0.645450
vt 0.948934 0.722341
vt 0.951206 0.715880
vt 0.917338 0.660332
vt 0.997372 0.785056
vt 0.991151 0.780474
vt 0.976830 0.716776
vt 0.964209 0.787048
vt 0.968086 0.781843
vt 0.954852 0.725476
vt 0.989385 0.861218
vt 0.984978 0.854841
vt 0.991924 0.790265
vt 0.957305 0.852220
vt 0.962664 0.848568
vt 0.968692 0.791742
vt 0.956776 0.931497
vt 0.954601 0.923996
vt 0.982502 0.864377
vt 0.928369 0.912617
vt 0.934866 0.910795
vt 0.960011 0.858159
vt 0.903483 0.995634
vt 0.902849 0.987780
vt 0.949152 0.932559
vt 0.874189 0.968047
vt 0.882886 0.967831
vt 0.928968 0.919073
vt 0.799905 0.975766
vt 0.743518 0.962457
vt 0.794894 0.969918
vt 0.746834 0.933578
vt 0.750421 0.939080
vt 0.799749 0.940403
vt 0.794687 0.944867
vt 0.679462 0.937812
vt 0.734223 0.960143
vt 0.697221 0.908057
vt 0.698669 0.915018
vt 0.740815 0.936288
vt 0.639137 0.878870
vt 0.670437 0.930172
vt 0.664721 0.862328
vt 0.662848 0.868771
vt 0.690112 0.907675
vt 0.623386 0.817031
vt 0.635078 0.869436
vt 0.652248 0.810507
vt 0.648331 0.815743
vt 0.658721 0.859300
vt 0.629119 0.754631
vt 0.622874 0.807174
vt 0.658486 0.758363
vt 0.653020 0.761935
vt 0.647781 0.805751
vt 0.655944 0.697012
vt 0.631990 0.745171
vt 0.683163 0.710904
vt 0.676583 0.712428
vt 0.655926 0.752343
vt 0.706767 0.645147
vt 0.662163 0.688831
vt 0.726468 0.674756
vt 0.719566 0.673232
vt 0.682900 0.704210
vt 0.775995 0.630716
vt 0.771724 0.635771
vt 0.718094 0.640357
vt 0.778463 0.663368
vt 0.773274 0.659450
vt 0.729888 0.668455
vt 0.832899 0.638224
vt 0.781100 0.635804
vt 0.830933 0.667472
vt 0.827071 0.662177
vt 0.782935 0.658843
vt 0.899107 0.660905
vt 0.842502 0.639943
vt 0.881757 0.691546
vt 0.880100 0.684574
vt 0.836878 0.664509
vt 0.941134 0.720014
vt 0.908522 0.668435
vt 0.915479 0.737190
vt 0.917261 0.730641
vt 0.888967 0.691791
vt 0.957979 0.782447
vt 0.945396 0.729516
vt 0.928834 0.789448
vt 0.932727 0.784094
vt 0.921593 0.740163
vt 0.952982 0.845769
vt 0.958631 0.792427
vt 0.923167 0.842364
vt 0.928662 0.838673
vt 0.933420 0.794205
vt 0.926436 0.904820
vt 0.950185 0.855399
vt 0.898741 0.890936
vt 0.905381 0.889330
vt 0.925847 0.848443
vt 0.876010 0.957574
vt 0.920649 0.913344
vt 0.854904 0.928267
vt 0.862074 0.929672
vt 0.899082 0.897772
vt 0.804997 0.969942
vt 0.864826 0.962897
vt 0.804935 0.944641
vt 0.851609 0.934779
vt 0.753592 0.929283
vt 0.794288 0.934515
vt 0.756603 0.902762
vt 0.760253 0.908467
vt 0.798101 0.907980
vt 0.793114 0.912614
vt 0.705850 0.906424
vt 0.743744 0.926107
vt 0.719665 0.882245
vt 0.720880 0.889019
vt 0.750336 0.905274
vt 0.672678 0.864399
vt 0.697651 0.899274
vt 0.694257 0.848518
vt 0.692612 0.855057
vt 0.712790 0.881982
vt 0.658589 0.815189
vt 0.668246 0.854970
vt 0.683893 0.808517
vt 0.679991 0.813883
vt 0.688150 0.845634
vt 0.662767 0.765000
vt 0.657974 0.805090
vt 0.688784 0.767845
vt 0.683212 0.771447
vt 0.679334 0.803700
vt 0.684811 0.718925
vt 0.665795 0.755326
vt 0.708503 0.731494
vt 0.701883 0.732815
vt 0.686280 0.761704
vt 0.724614 0.683337
vt 0.691463 0.710877
vt 0.741257 0.705204
vt 0.734652 0.703728
vt 0.708515 0.724774
vt 0.773968 0.669466
vt 0.734169 0.678434
vt 0.781115 0.694449
vt 0.775683 0.690624
vt 0.744129 0.698987
vt 0.824326 0.672057
vt 0.783934 0.668817
vt 0.822182 0.698500
vt 0.818380 0.692947
vt 0.785797 0.689799
vt 0.873033 0.693440
vt 0.834260 0.674850
vt 0.859654 0.718100
vt 0.858272 0.711336
vt 0.828343 0.695818
vt 0.907384 0.735230
vt 0.881497 0.700450
vt 0.885836 0.751617
vt 0.887384 0.744997
vt 0.866577 0.718230
vt 0.922350 0.784792
vt 0.912020 0.744692
vt 0.896838 0.791866
vt 0.900710 0.786391
vt 0.892040 0.754438
vt 0.918744 0.835680
vt 0.923104 0.795006
vt 0.892336 0.833082
vt 0.897941 0.829370
vt 0.901505 0.796682
vt 0.896966 0.882761
vt 0.915797 0.845531
vt 0.872654 0.870165
vt 0.879384 0.868751
vt 0.894939 0.839282
vt 0.856709 0.919470
vt 0.890261 0.891047
vt 0.839339 0.897158
vt 0.846150 0.898614
vt 0.872694 0.877005
vt 0.804665 0.933922
vt 0.846811 0.924441
vt 0.803553 0.912001
vt 0.836434 0.903501
vt 0.763557 0.898363
vt 0.792441 0.901987
vt 0.765298 0.876258
vt 0.768940 0.881998
vt 0.796214 0.880072
vt 0.791259 0.884761
vt 0.727950 0.880783
vt 0.753600 0.895079
vt 0.738178 0.860929
vt 0.739337 0.867639
vt 0.758967 0.878714
vt 0.702266 0.850433
vt 0.719952 0.873835
vt 0.719221 0.836326
vt 0.717676 0.842896
vt 0.731375 0.860722
vt 0.690426 0.813223
vt 0.697685 0.841056
vt 0.711188 0.806620
vt 0.707303 0.812069
vt 0.713070 0.833529
vt 0.693132 0.774633
vt 0.689726 0.802968
vt 0.714848 0.776205
vt 0.709217 0.779817
vt 0.706573 0.801770
vt 0.710032 0.739561
vt 0.696277 0.764843
vt 0.729736 0.749317
vt 0.723119 0.750549
vt 0.712378 0.769990
vt 0.739505 0.713346
vt 0.716732 0.731589
vt 0.753886 0.730100
vt 0.747308 0.728668
vt 0.729823 0.742591
vt 0.776522 0.701008
vt 0.748810 0.708556
vt 0.783478 0.721709
vt 0.777953 0.717891
vt 0.756600 0.723913
vt 0.815380 0.703033
vt 0.786774 0.700180
vt 0.814121 0.725005
vt 0.810389 0.719371
vt 0.788259 0.717016
vt 0.851343 0.719752
vt 0.825343 0.706069
vt 0.841461 0.739833
vt 0.840177 0.733139
vt 0.820359 0.722439
vt 0.877719 0.749812
vt 0.859514 0.726562
vt 0.860849 0.764258
vt 0.862306 0.757629
vt 0.848279 0.739929
vt 0.890172 0.787189
vt 0.882479 0.759194
vt 0.869284 0.794091
vt 0.873140 0.788548
vt 0.867073 0.766993
vt 0.887860 0.826243
vt 0.891000 0.797542
vt 0.865856 0.824843
vt 0.871521 0.821138
vt 0.873989 0.798936
vt 0.871035 0.861962
vt 0.884766 0.836193
vt 0.850940 0.852169
vt 0.857651 0.850874
vt 0.868402 0.831110
vt 0.841109 0.888815
vt 0.864259 0.870110
vt 0.826406 0.871716
vt 0.833115 0.873168
vt 0.850876 0.858987
vt 0.802932 0.901249
vt 0.831562 0.893675
vt 0.801762 0.884014
vt 0.823628 0.877993
vt 0.772290 0.871825
vt 0.790487 0.874064
vt 0.774856 0.847211
vt 0.778500 0.852941
vt 0.793922 0.849507
vt 0.788998 0.854213
vt 0.746352 0.859509
vt 0.762310 0.868532
vt 0.758169 0.837800
vt 0.759330 0.844475
vt 0.768521 0.849665
vt 0.727242 0.838166
vt 0.738410 0.852634
vt 0.746413 0.822737
vt 0.744924 0.829323
vt 0.751391 0.837627
vt 0.717838 0.811329
vt 0.722586 0.828820
vt 0.741292 0.804384
vt 0.737424 0.809884
vt 0.740229 0.819990
vt 0.719233 0.783072
vt 0.717080 0.800987
vt 0.743545 0.785512
vt 0.737880 0.789134
vt 0.736641 0.799519
vt 0.731207 0.757384
vt 0.722430 0.773214
vt 0.752817 0.768918
vt 0.746189 0.770116
vt 0.741088 0.779255
vt 0.752152 0.738141
vt 0.737931 0.749448
vt 0.767732 0.757104
vt 0.761145 0.755676
vt 0.752931 0.762186
vt 0.778837 0.728424
vt 0.761414 0.733374
vt 0.786047 0.751872
vt 0.780492 0.748037
vt 0.770415 0.750917
vt 0.807242 0.729506
vt 0.789197 0.727555
vt 0.805007 0.754005
vt 0.801313 0.748331
vt 0.790876 0.747169
vt 0.833290 0.741383
vt 0.817207 0.732636
vt 0.821758 0.763238
vt 0.820516 0.756570
vt 0.811279 0.751489
vt 0.852753 0.762512
vt 0.841340 0.748143
vt 0.833685 0.778212
vt 0.835109 0.771586
vt 0.828538 0.763331
vt 0.862524 0.789406
vt 0.857548 0.771846
vt 0.838956 0.796610
vt 0.842807 0.791038
vt 0.839908 0.780907
vt 0.861366 0.817931
vt 0.863387 0.799824
vt 0.836799 0.815626
vt 0.842491 0.811936
vt 0.843673 0.801469
vt 0.849407 0.843991
vt 0.858202 0.827916
vt 0.827507 0.832396
vt 0.834197 0.831163
vt 0.839307 0.821921
vt 0.828172 0.863540
vt 0.842614 0.852048
vt 0.812435 0.844310
vt 0.819091 0.845762
vt 0.827399 0.839190
vt 0.800992 0.873274
vt 0.818755 0.868344
vt 0.799495 0.853411
vt 0.809700 0.850550
vt 0.797376 0.185489
vt 0.784299 0.200994
vt 0.634065 0.959978
vt 0.598587 0.888649
vt 0.582650 0.814038
vt 0.591577 0.738349
vt 0.624701 0.669032
vt 0.675848 0.614472
vt 0.588790 0.554205
vt 0.595547 0.521255
vt 0.505399 0.529493
vt 0.944990 0.637446
vt 0.982149 0.709465
vt 0.999309 0.784925
vt 0.991269 0.861724
vt 0.958483 0.932574
vt 0.799861 0.977580
vt 0.718558 0.141784
vt 0.712702 0.160823
vt 0.901966 0.997246
vt 0.873384 0.970332
vt 0.636638 0.960670
vt 0.469486 0.144824
vt 0.444322 0.149037
vt 0.070161 0.444250
vt 0.073717 0.468914
vt 0.210128 0.178233
vt 0.234905 0.174238
vt 0.456859 0.301343
vt 0.481723 0.297649
vt 0.028784 0.345143
vt 0.003620 0.349357
vt 0.028444 0.343113
vt 0.582894 0.572885
vt 0.942359 0.636781
vt 0.338726 0.028784
vt 0.334513 0.003620
vt 0.336543 0.003280
vt 0.340756 0.028444
vt 0.465727 0.070161
vt 0.441064 0.073717
vt 0.440777 0.071728
vt 0.465440 0.068171
vt 0.028493 0.204337
vt 0.003715 0.208332
vt 0.003393 0.206333
vt 0.028171 0.202338
vt 0.221216 0.504596
vt 0.217521 0.479732
vt 0.219527 0.479434
vt 0.223222 0.504298
vt 0.408441 0.015010
vt 0.433605 0.010797
vt 0.433945 0.012827
vt 0.408781 0.017040
vt 0.630738 0.131382
vt 0.632514 0.151613
vt 0.533571 0.117317
vt 0.507052 0.121794
vt 0.506713 0.119786
vt 0.533232 0.115309
vt 0.607142 0.225243
vt 0.580737 0.229165
vt 0.580440 0.227166
vt 0.606845 0.223244
vt 0.269560 0.509652
vt 0.274037 0.536171
vt 0.272029 0.536510
vt 0.267552 0.509991
vt 0.574726 0.238220
vt 0.548500 0.241986
vt 0.548215 0.240000
vt 0.519096 0.269320
vt 0.545779 0.264740
vt 0.610347 0.286140
vt 0.583942 0.290062
vt 0.565629 0.114009
vt 0.538946 0.118589
vt 0.123171 0.608253
vt 0.096766 0.612175
vt 0.122874 0.606254
vt 0.530366 0.056420
vt 0.503847 0.060897
vt 0.503508 0.058889
vt 0.530027 0.054412
vt 0.584706 0.420754
vt 0.558301 0.424677
vt 0.558004 0.422678
vt 0.584409 0.418756
vt 0.543186 0.263149
vt 0.516668 0.267626
vt 0.516329 0.265619
vt 0.542847 0.261142
vt 0.552290 0.438539
vt 0.526064 0.442305
vt 0.525779 0.440319
vt 0.552005 0.436554
vt 0.551147 0.440793
vt 0.577830 0.436213
vt 0.578176 0.438233
vt 0.551493 0.442813
vt 0.325093 0.611458
vt 0.298688 0.615381
vt 0.298391 0.613382
vt 0.324796 0.609459
vt 0.030376 0.556314
vt 0.003693 0.560894
vt 0.003346 0.558874
vt 0.030030 0.554294
vt 0.610347 0.478446
vt 0.583942 0.482369
vt 0.583645 0.480370
vt 0.610050 0.476448
vt 0.639340 0.247715
vt 0.616977 0.251601
vt 0.616627 0.249581
vt 0.057427 0.179012
vt 0.035321 0.182691
vt 0.241720 0.627727
vt 0.219614 0.631406
vt 0.642545 0.340663
vt 0.620183 0.344549
vt 0.393963 0.621317
vt 0.371857 0.624996
vt 0.393631 0.619321
vt 0.270746 0.630807
vt 0.248507 0.634611
vt 0.248163 0.632603
vt 0.270402 0.628798
vt 0.623128 0.089269
vt 0.601022 0.092948
vt 0.600690 0.090951
vt 0.622796 0.087273
vt 0.642545 0.294189
vt 0.620183 0.298075
vt 0.619832 0.296055
vt 0.642194 0.292170
vt 0.636135 0.201241
vt 0.613772 0.205127
vt 0.613421 0.203107
vt 0.635784 0.199221
vt 0.613513 0.380934
vt 0.591407 0.384613
vt 0.591074 0.382616
vt 0.613181 0.378938
vt 0.613513 0.332857
vt 0.591407 0.336536
vt 0.591075 0.334540
vt 0.613181 0.330861
vt 0.636135 0.423996
vt 0.613772 0.427882
vt 0.613421 0.425862
vt 0.635784 0.421977
vt 0.594282 0.100487
vt 0.572176 0.104166
vt 0.571844 0.102169
vt 0.593950 0.098491
vt 0.559206 0.634012
vt 0.536966 0.637816
vt 0.536623 0.635808
vt 0.626333 0.523561
vt 0.604227 0.527240
vt 0.091267 0.643546
vt 0.068904 0.647432
vt 0.406956 0.455327
vt 0.389647 0.458330
vt 0.661762 0.405648
vt 0.644453 0.408651
vt 0.661413 0.403637
vt 0.536762 0.666864
vt 0.519454 0.669867
vt 0.519105 0.667856
vt 0.536413 0.664853
vt 0.233880 0.663659
vt 0.216571 0.666662
vt 0.216222 0.664651
vt 0.233531 0.661648
vt 0.668178 0.323863
vt 0.650785 0.326921
vt 0.650430 0.324900
vt 0.667822 0.321842
vt 0.639326 0.376802
vt 0.622017 0.379805
vt 0.621668 0.377794
vt 0.638977 0.374791
vt 0.463045 0.181291
vt 0.445736 0.184294
vt 0.445387 0.182282
vt 0.462696 0.179279
vt 0.084717 0.030754
vt 0.067499 0.033654
vt 0.067162 0.031653
vt 0.084380 0.028754
vt 0.378110 0.657249
vt 0.360801 0.660252
vt 0.360452 0.658241
vt 0.377761 0.655237
vt 0.257918 0.666864
vt 0.240609 0.669867
vt 0.240260 0.667856
vt 0.257569 0.664853
vt 0.664967 0.219752
vt 0.647658 0.222755
vt 0.647309 0.220743
vt 0.402148 0.654044
vt 0.384839 0.657047
vt 0.674588 0.546618
vt 0.657196 0.549676
vt 0.661762 0.186098
vt 0.644453 0.189101
vt 0.648941 0.553083
vt 0.631633 0.556086
vt 0.648592 0.551072
vt 0.110358 0.030754
vt 0.093140 0.033654
vt 0.092803 0.031653
vt 0.110021 0.028753
vt 0.544388 0.445954
vt 0.548073 0.465601
vt 0.546090 0.465973
vt 0.542405 0.446326
vt 0.155396 0.667167
vt 0.158653 0.686798
vt 0.156671 0.687127
vt 0.153414 0.667495
vt 0.400158 0.034083
vt 0.403843 0.053745
vt 0.401859 0.054117
vt 0.398173 0.034455
vt 0.687444 0.316208
vt 0.690701 0.335839
vt 0.688719 0.336168
vt 0.685462 0.316536
vt 0.131032 0.660728
vt 0.134615 0.680355
vt 0.132633 0.680716
vt 0.129051 0.661090
vt 0.687444 0.413963
vt 0.690701 0.433595
vt 0.688719 0.433924
vt 0.685462 0.414292
vt 0.316929 0.659126
vt 0.320511 0.678752
vt 0.318530 0.679114
vt 0.314947 0.659487
vt 0.182718 0.654374
vt 0.185896 0.673985
vt 0.183917 0.674305
vt 0.445030 0.660697
vt 0.448715 0.680343
vt 0.229113 0.670372
vt 0.232370 0.690003
vt 0.379136 0.333189
vt 0.375451 0.313527
vt 0.687444 0.188003
vt 0.690701 0.207635
vt 0.685462 0.188332
vt 0.206352 0.657523
vt 0.209935 0.677150
vt 0.207953 0.677511
vt 0.204371 0.657885
vt 0.682636 0.388322
vt 0.685893 0.407954
vt 0.683911 0.408283
vt 0.680655 0.388651
vt 0.356992 0.660729
vt 0.360575 0.680355
vt 0.358593 0.680716
vt 0.355011 0.661090
vt 0.104193 0.115916
vt 0.107371 0.135526
vt 0.105391 0.135847
vt 0.102213 0.116236
vt 0.687937 0.207306
vt 0.671522 0.207273
vt 0.674888 0.189023
vt 0.684856 0.189065
vt 0.631942 0.553280
vt 0.631973 0.526360
vt 0.647835 0.528746
vt 0.647869 0.550464
vt 0.644763 0.405845
vt 0.644793 0.378925
vt 0.660655 0.381311
vt 0.660689 0.403029
vt 0.905134 0.997004
vt 0.372184 0.622212
vt 0.372216 0.582861
vt 0.393077 0.586092
vt 0.392943 0.618717
vt 0.097129 0.609401
vt 0.097160 0.556008
vt 0.122286 0.560242
vt 0.122159 0.605635
vt 0.668730 0.207602
vt 0.672312 0.187959
vt 0.674295 0.188321
vt 0.003973 0.346513
vt 0.003940 0.279580
vt 0.027264 0.282980
vt 0.027722 0.342498
vt 0.631581 0.523571
vt 0.648821 0.526129
vt 0.648523 0.528132
vt 0.644401 0.376136
vt 0.661641 0.378694
vt 0.661344 0.380697
vt 0.371832 0.580054
vt 0.394107 0.583461
vt 0.393799 0.585472
vt 0.096805 0.553194
vt 0.123314 0.557630
vt 0.122978 0.559637
vt 0.674297 0.186202
vt 0.685464 0.186213
vt 0.003567 0.276821
vt 0.028230 0.280377
vt 0.027943 0.282367
vt 0.650568 0.528126
vt 0.650637 0.551065
vt 0.663388 0.380691
vt 0.663457 0.403630
vt 0.395831 0.585483
vt 0.395662 0.619331
vt 0.124999 0.559642
vt 0.124895 0.606259
vt 0.207953 0.679483
vt 0.189943 0.679483
vt 0.189943 0.677511
vt 0.029948 0.282351
vt 0.030449 0.343097
vt 0.090847 0.031653
vt 0.090847 0.003152
vt 0.092803 0.003152
vt 0.517150 0.667856
vt 0.517150 0.639356
vt 0.519105 0.639356
vt 0.246212 0.632603
vt 0.246212 0.591675
vt 0.248163 0.591675
vt 0.501560 0.058889
vt 0.501560 0.003907
vt 0.503508 0.003907
vt 0.336543 0.001330
vt 0.405059 0.001330
vt 0.405059 0.003280
vt 0.207158 0.676854
vt 0.190739 0.676821
vt 0.193816 0.658595
vt 0.203778 0.658585
vt 0.093461 0.030865
vt 0.093493 0.003945
vt 0.109411 0.006434
vt 0.109333 0.028151
vt 0.519764 0.667062
vt 0.519794 0.640141
vt 0.535656 0.642527
vt 0.535690 0.664245
vt 0.248823 0.631808
vt 0.248853 0.592462
vt 0.269616 0.595560
vt 0.269681 0.628189
vt 0.504169 0.058095
vt 0.504198 0.004695
vt 0.529214 0.008411
vt 0.529307 0.053802
vt 0.187959 0.677181
vt 0.191227 0.657531
vt 0.193210 0.657861
vt 0.337357 0.003973
vt 0.404290 0.003940
vt 0.400890 0.027264
vt 0.341371 0.027722
vt 0.093112 0.001138
vt 0.110444 0.003801
vt 0.110134 0.005815
vt 0.519402 0.637352
vt 0.536642 0.639910
vt 0.536345 0.641914
vt 0.248458 0.589675
vt 0.270599 0.592946
vt 0.270304 0.594946
vt 0.503803 0.001909
vt 0.530196 0.005800
vt 0.529901 0.007798
vt 0.193215 0.655743
vt 0.204376 0.655767
vt 0.407049 0.003567
vt 0.403492 0.028230
vt 0.401502 0.027943
vt 0.112179 0.005826
vt 0.112066 0.028764
vt 0.538389 0.641908
vt 0.538458 0.664847
vt 0.272336 0.594940
vt 0.272434 0.628792
vt 0.531922 0.007792
vt 0.532048 0.054407
vt 0.683911 0.410254
vt 0.665905 0.410254
vt 0.665905 0.408283
vt 0.401519 0.029948
vt 0.340773 0.030449
vt 0.546090 0.467946
vt 0.528068 0.467946
vt 0.528068 0.465973
vt 0.214267 0.664651
vt 0.214267 0.636151
vt 0.216222 0.636151
vt 0.598739 0.090952
vt 0.598739 0.050018
vt 0.600690 0.050018
vt 0.556056 0.422678
vt 0.556056 0.367702
vt 0.558004 0.367702
vt 0.438827 0.071728
vt 0.438827 0.003212
vt 0.440777 0.003212
vt 0.683129 0.407625
vt 0.666714 0.407592
vt 0.670081 0.389342
vt 0.680048 0.389384
vt 0.545290 0.465316
vt 0.528861 0.465282
vt 0.531860 0.447041
vt 0.541810 0.447061
vt 0.216881 0.663856
vt 0.216911 0.636936
vt 0.232774 0.639322
vt 0.232808 0.661040
vt 0.601349 0.090164
vt 0.601381 0.050813
vt 0.622242 0.054044
vt 0.622108 0.086669
vt 0.558665 0.421903
vt 0.558695 0.368509
vt 0.583821 0.372743
vt 0.583694 0.418136
vt 0.663922 0.407921
vt 0.667504 0.388279
vt 0.669487 0.388640
vt 0.441437 0.070958
vt 0.441470 0.004025
vt 0.465219 0.008040
vt 0.464761 0.067558
vt 0.526087 0.465651
vt 0.529275 0.446021
vt 0.531257 0.446343
vt 0.216519 0.634147
vt 0.233759 0.636705
vt 0.233462 0.638709
vt 0.600997 0.048007
vt 0.623272 0.051413
vt 0.622964 0.053425
vt 0.558340 0.365695
vt 0.584849 0.370132
vt 0.584513 0.372138
vt 0.669489 0.386521
vt 0.680657 0.386532
vt 0.441117 0.001182
vt 0.466281 0.005395
vt 0.465941 0.007425
vt 0.531254 0.444228
vt 0.542402 0.444211
vt 0.235506 0.638703
vt 0.235575 0.661642
vt 0.624996 0.053435
vt 0.624828 0.087283
vt 0.586535 0.372143
vt 0.586430 0.418760
vt 0.358593 0.682688
vt 0.340583 0.682688
vt 0.340583 0.680716
vt 0.467946 0.007442
vt 0.467445 0.068188
vt 0.156671 0.689098
vt 0.138665 0.689098
vt 0.138665 0.687127
vt 0.648476 0.324900
vt 0.648476 0.296409
vt 0.650430 0.296409
vt 0.617881 0.296055
vt 0.617881 0.255138
vt 0.619832 0.255138
vt 0.514380 0.265619
vt 0.514380 0.210636
vt 0.516329 0.210636
vt 0.001443 0.206333
vt 0.001443 0.137798
vt 0.003393 0.137798
vt 0.357798 0.680059
vt 0.341379 0.680026
vt 0.344456 0.661800
vt 0.354417 0.661790
vt 0.155889 0.686470
vt 0.139474 0.686436
vt 0.142841 0.668186
vt 0.152808 0.668228
vt 0.651121 0.324087
vt 0.651088 0.297176
vt 0.666904 0.299511
vt 0.667093 0.321235
vt 0.620523 0.295241
vt 0.620490 0.255905
vt 0.641166 0.258923
vt 0.641467 0.291560
vt 0.516990 0.264825
vt 0.517019 0.211424
vt 0.542034 0.215140
vt 0.542127 0.260531
vt 0.338599 0.680386
vt 0.341867 0.660736
vt 0.343850 0.661066
vt 0.004054 0.205547
vt 0.004086 0.138596
vt 0.027727 0.142229
vt 0.027487 0.201732
vt 0.136682 0.686765
vt 0.140264 0.667123
vt 0.142247 0.667485
vt 0.650719 0.294415
vt 0.667876 0.296903
vt 0.667587 0.298897
vt 0.620118 0.253150
vt 0.642135 0.256321
vt 0.641849 0.258310
vt 0.516623 0.208638
vt 0.543016 0.212529
vt 0.542722 0.214527
vt 0.343855 0.658948
vt 0.355016 0.658972
vt 0.003701 0.135777
vt 0.028752 0.139587
vt 0.028445 0.141608
vt 0.142249 0.665366
vt 0.153416 0.665377
vt 0.669632 0.298876
vt 0.669867 0.321821
vt 0.643881 0.258289
vt 0.644227 0.292149
vt 0.544743 0.214522
vt 0.544868 0.261136
vt 0.105391 0.137820
vt 0.087373 0.137820
vt 0.087374 0.135847
vt 0.030449 0.141617
vt 0.030175 0.202347
vt 0.401859 0.056089
vt 0.383841 0.056089
vt 0.383841 0.054117
vt 0.619713 0.377794
vt 0.619713 0.349294
vt 0.621668 0.349294
vt 0.611471 0.203107
vt 0.611471 0.162190
vt 0.613421 0.162190
vt 0.523831 0.440319
vt 0.523831 0.385349
vt 0.525779 0.385349
vt 0.219527 0.477484
vt 0.288048 0.477484
vt 0.288048 0.479434
vt 0.104613 0.135190
vt 0.088188 0.135156
vt 0.091653 0.116921
vt 0.101610 0.116933
vt 0.401044 0.053426
vt 0.384619 0.053460
vt 0.387623 0.035203
vt 0.397579 0.035191
vt 0.622327 0.376999
vt 0.622357 0.350079
vt 0.638220 0.352465
vt 0.638254 0.374183
vt 0.614113 0.202293
vt 0.614080 0.162957
vt 0.634755 0.165975
vt 0.635056 0.198612
vt 0.526438 0.439552
vt 0.526471 0.386163
vt 0.551736 0.390540
vt 0.551323 0.435940
vt 0.085389 0.135475
vt 0.089074 0.115813
vt 0.091059 0.116185
vt 0.220304 0.480096
vt 0.287242 0.480126
vt 0.283351 0.503714
vt 0.223842 0.503585
vt 0.381861 0.053796
vt 0.385039 0.034185
vt 0.387019 0.034506
vt 0.621965 0.347290
vt 0.639205 0.349848
vt 0.638908 0.351852
vt 0.613708 0.160202
vt 0.635725 0.163373
vt 0.635438 0.165362
vt 0.526126 0.383329
vt 0.552809 0.387909
vt 0.552462 0.389929
vt 0.091069 0.114068
vt 0.102223 0.114120
vt 0.290062 0.479764
vt 0.285972 0.504733
vt 0.283958 0.504403
vt 0.387009 0.032390
vt 0.398164 0.032338
vt 0.640953 0.351845
vt 0.641021 0.374785
vt 0.637471 0.165341
vt 0.637816 0.199201
vt 0.554484 0.389948
vt 0.554026 0.436573
vt 0.050840 0.694093
vt 0.084219 0.694634
vt 0.104581 0.755107
vt 0.074233 0.771241
vt 0.283955 0.506407
vt 0.223218 0.506302
vt 0.688719 0.338139
vt 0.670713 0.338139
vt 0.670712 0.336168
vt 0.443432 0.182282
vt 0.443432 0.153782
vt 0.445387 0.153782
vt 0.589123 0.382616
vt 0.589123 0.341683
vt 0.591074 0.341683
vt 0.580124 0.438233
vt 0.580124 0.493204
vt 0.578176 0.493204
vt 0.435895 0.012827
vt 0.435895 0.081343
vt 0.433945 0.081343
vt 0.687937 0.335511
vt 0.671522 0.335477
vt 0.674888 0.317227
vt 0.684856 0.317269
vt 0.446046 0.181488
vt 0.446077 0.154568
vt 0.461939 0.156953
vt 0.461973 0.178672
vt 0.591734 0.381829
vt 0.591765 0.342478
vt 0.612626 0.345708
vt 0.612493 0.378334
vt 0.577484 0.439048
vt 0.577517 0.492436
vt 0.552632 0.488825
vt 0.552219 0.443424
vt 0.433251 0.013641
vt 0.433285 0.080574
vt 0.409961 0.077174
vt 0.409502 0.017655
vt 0.668730 0.335806
vt 0.672312 0.316164
vt 0.674295 0.316525
vt 0.445685 0.151779
vt 0.462924 0.154336
vt 0.462627 0.156340
vt 0.591382 0.339671
vt 0.613657 0.343078
vt 0.613349 0.345090
vt 0.577891 0.495189
vt 0.551665 0.491423
vt 0.551950 0.489438
vt 0.433658 0.083333
vt 0.408994 0.079776
vt 0.409281 0.077786
vt 0.674297 0.314406
vt 0.685464 0.314417
vt 0.464672 0.156334
vt 0.464741 0.179273
vt 0.615381 0.345100
vt 0.615212 0.378948
vt 0.549929 0.489458
vt 0.549472 0.442833
vt 0.407277 0.077803
vt 0.406776 0.017057
vt 0.132633 0.682688
vt 0.114623 0.682688
vt 0.114623 0.680716
vt 0.065207 0.031653
vt 0.065207 0.003152
vt 0.067162 0.003152
vt 0.589124 0.334540
vt 0.589124 0.293606
vt 0.591074 0.293606
vt 0.296443 0.613382
vt 0.296443 0.558406
vt 0.298391 0.558406
vt 0.504765 0.119786
vt 0.504765 0.064804
vt 0.506713 0.064804
vt 0.866396 0.430153
vt 0.847217 0.423719
vt 0.822404 0.506554
vt 0.807467 0.493766
vt 0.752875 0.560187
vt 0.744486 0.543195
vt 0.669042 0.584051
vt 0.667543 0.564134
vt 0.131838 0.680059
vt 0.115419 0.680026
vt 0.118496 0.661801
vt 0.128457 0.661790
vt 0.067820 0.030865
vt 0.067852 0.003945
vt 0.083770 0.006433
vt 0.083692 0.028150
vt 0.591734 0.333752
vt 0.591765 0.294401
vt 0.612626 0.297632
vt 0.612493 0.330257
vt 0.299051 0.612606
vt 0.299082 0.559213
vt 0.324207 0.563447
vt 0.324080 0.608840
vt 0.507375 0.118992
vt 0.507403 0.065592
vt 0.532419 0.069308
vt 0.532512 0.114699
vt 0.112639 0.680386
vt 0.115907 0.660736
vt 0.117890 0.661066
vt 0.067471 0.001138
vt 0.084803 0.003801
vt 0.084493 0.005815
vt 0.591382 0.291595
vt 0.613657 0.295001
vt 0.613349 0.297013
vt 0.298727 0.556399
vt 0.325236 0.560835
vt 0.324900 0.562842
vt 0.507008 0.062806
vt 0.533401 0.066697
vt 0.533106 0.068695
vt 0.117895 0.658948
vt 0.129056 0.658972
vt 0.086538 0.005826
vt 0.086425 0.028764
vt 0.615381 0.297023
vt 0.615212 0.330871
vt 0.326921 0.562847
vt 0.326817 0.609464
vt 0.535127 0.068689
vt 0.535253 0.115304
vt 0.688719 0.435895
vt 0.670713 0.435895
vt 0.670713 0.433924
vt 0.358497 0.658241
vt 0.358497 0.629741
vt 0.360452 0.629741
vt 0.611471 0.425862
vt 0.611471 0.384945
vt 0.613421 0.384945
vt 0.001398 0.558874
vt 0.001398 0.503903
vt 0.003346 0.503903
vt 0.578492 0.227166
vt 0.578492 0.172190
vt 0.580440 0.172190
vt 0.434919 0.287613
vt 0.454002 0.293697
vt 0.477024 0.211467
vt 0.491955 0.224016
vt 0.545987 0.156883
vt 0.554721 0.173894
vt 0.687937 0.433266
vt 0.671522 0.433233
vt 0.674888 0.414983
vt 0.684856 0.415025
vt 0.361111 0.657446
vt 0.361141 0.630526
vt 0.377004 0.632912
vt 0.377037 0.654630
vt 0.614113 0.425048
vt 0.614080 0.385712
vt 0.634755 0.388730
vt 0.635057 0.421367
vt 0.823142 0.342745
vt 0.804243 0.280977
vt 0.004039 0.558059
vt 0.004005 0.504671
vt 0.028891 0.508282
vt 0.029304 0.553683
vt 0.581100 0.226391
vt 0.581131 0.172997
vt 0.606257 0.177232
vt 0.606130 0.222624
vt 0.668730 0.433562
vt 0.672312 0.413920
vt 0.674295 0.414281
vt 0.360749 0.627737
vt 0.377989 0.630295
vt 0.377692 0.632298
vt 0.613708 0.382956
vt 0.635725 0.386128
vt 0.635438 0.388117
vt 0.003631 0.501918
vt 0.029858 0.505684
vt 0.029572 0.507669
vt 0.580776 0.170183
vt 0.607285 0.174620
vt 0.606949 0.176627
vt 0.674297 0.412162
vt 0.685464 0.412173
vt 0.379736 0.632292
vt 0.379805 0.655231
vt 0.637471 0.388096
vt 0.637816 0.421956
vt 0.031594 0.507649
vt 0.032051 0.554274
vt 0.608970 0.176631
vt 0.608866 0.223249
vt 0.318529 0.681085
vt 0.300519 0.681085
vt 0.300519 0.679114
vt 0.238305 0.667856
vt 0.238305 0.639356
vt 0.240260 0.639356
vt 0.569893 0.102169
vt 0.569893 0.061236
vt 0.571844 0.061236
vt 0.581697 0.480370
vt 0.581697 0.425394
vt 0.583645 0.425394
vt 0.272029 0.538458
vt 0.217047 0.538458
vt 0.217047 0.536509
vt 0.317734 0.678457
vt 0.301315 0.678423
vt 0.304392 0.660198
vt 0.314354 0.660187
vt 0.240919 0.667062
vt 0.240950 0.640141
vt 0.256812 0.642527
vt 0.256846 0.664245
vt 0.572503 0.101382
vt 0.572535 0.062031
vt 0.593396 0.065261
vt 0.593262 0.097887
vt 0.584305 0.479595
vt 0.584336 0.426201
vt 0.609462 0.430435
vt 0.609335 0.475828
vt 0.271235 0.535849
vt 0.217835 0.535820
vt 0.221551 0.510804
vt 0.266942 0.510711
vt 0.298535 0.678784
vt 0.301803 0.659134
vt 0.303787 0.659463
vt 0.240558 0.637352
vt 0.257797 0.639910
vt 0.257500 0.641914
vt 0.572152 0.059224
vt 0.594426 0.062631
vt 0.594118 0.064643
vt 0.583981 0.423387
vt 0.610490 0.427823
vt 0.610154 0.429830
vt 0.215049 0.536215
vt 0.218939 0.509822
vt 0.220937 0.510117
vt 0.303791 0.657346
vt 0.314952 0.657370
vt 0.259545 0.641908
vt 0.259614 0.664847
vt 0.596150 0.064653
vt 0.595982 0.098501
vt 0.612175 0.429835
vt 0.612071 0.476452
vt 0.220932 0.508096
vt 0.267547 0.507970
vt 0.183917 0.676278
vt 0.165899 0.676278
vt 0.165899 0.674305
vt 0.645354 0.220743
vt 0.645354 0.192243
vt 0.647309 0.192243
vt 0.534672 0.635808
vt 0.534672 0.594880
vt 0.536623 0.594880
vt 0.614676 0.249581
vt 0.614676 0.208664
vt 0.616626 0.208664
vt 0.546267 0.240000
vt 0.546267 0.185030
vt 0.183138 0.673648
vt 0.166713 0.673614
vt 0.170179 0.655379
vt 0.180135 0.655391
vt 0.647968 0.219949
vt 0.647998 0.193029
vt 0.663861 0.195415
vt 0.663894 0.217133
vt 0.537283 0.635013
vt 0.537312 0.595667
vt 0.558075 0.598765
vt 0.558140 0.631394
vt 0.617318 0.248767
vt 0.617285 0.209431
vt 0.637960 0.212449
vt 0.638262 0.245086
vt 0.548874 0.239233
vt 0.548907 0.185844
vt 0.574172 0.190221
vt 0.573759 0.235621
vt 0.163914 0.673933
vt 0.167599 0.654271
vt 0.444676 0.146194
vt 0.444642 0.079261
vt 0.467966 0.082661
vt 0.468424 0.142179
vt 0.647606 0.190240
vt 0.664846 0.192798
vt 0.536918 0.592880
vt 0.559059 0.596152
vt 0.761693 0.227613
vt 0.616913 0.206676
vt 0.638930 0.209847
vt 0.630387 0.127985
vt 0.544375 0.153888
vt 0.474416 0.209325
vt 0.431703 0.286655
vt 0.422607 0.374461
vt 0.447616 0.461171
vt 0.503215 0.532131
vt 0.864148 0.250780
vt 0.889342 0.342211
vt 0.722223 0.130021
vt 0.805495 0.175720
vt 0.877583 0.433817
vt 0.831843 0.514570
vt 0.758483 0.571275
vt 0.669979 0.595906
vt 0.579207 0.584415
vt 0.630195 0.125795
vt 0.543472 0.152154
vt 0.472759 0.207922
vt 0.429860 0.286076
vt 0.420436 0.374659
vt 0.445861 0.462067
vt 0.501784 0.533806
vt 0.670511 0.603060
vt 0.576695 0.592062
vt 0.497395 0.539096
vt 0.492645 0.544679
vt 0.439425 0.465351
vt 0.432152 0.469062
vt 0.413650 0.375178
vt 0.406429 0.375809
vt 0.423792 0.284167
vt 0.416179 0.281771
vt 0.467526 0.203623
vt 0.462000 0.198972
vt 0.540168 0.145787
vt 0.536427 0.138597
vt 0.629629 0.119332
vt 0.628993 0.112056
vt 0.817466 0.161386
vt 0.881983 0.241852
vt 0.871549 0.247071
vt 0.810319 0.170034
vt 0.727975 0.111608
vt 0.724730 0.122216
vt 0.627901 0.101131
vt 0.531239 0.128941
vt 0.453601 0.192090
vt 0.405842 0.278663
vt 0.395597 0.376868
vt 0.422383 0.474207
vt 0.485613 0.553160
vt 0.573451 0.602446
vt 0.454835 0.840132
vt 0.446750 0.833440
vt 0.492288 0.749397
vt 0.503166 0.752793
vt 0.671272 0.613397
vt 0.895641 0.439647
vt 0.845950 0.526739
vt 0.837596 0.519672
vt 0.885242 0.436356
vt 0.766839 0.588240
vt 0.761816 0.578136
vt 0.092611 0.873335
vt 0.099418 0.865169
vt 0.185446 0.910660
vt 0.182022 0.921560
vt 0.896652 0.341675
vt 0.054049 0.781927
vt 0.052110 0.782951
vt 0.026180 0.696309
vt 0.028111 0.696111
vt 0.279069 0.904899
vt 0.279241 0.906848
vt 0.189615 0.897109
vt 0.190276 0.895012
vt 0.110529 0.851796
vt 0.109269 0.853314
vt 0.364961 0.879656
vt 0.365983 0.881589
vt 0.434124 0.822997
vt 0.435630 0.824242
vt 0.476682 0.744465
vt 0.478777 0.745109
vt 0.485607 0.654974
vt 0.487581 0.654774
vt 0.331735 0.423074
vt 0.331735 0.421124
vt 0.400251 0.421124
vt 0.400251 0.423074
vt 0.512817 0.297666
vt 0.510868 0.297666
vt 0.510868 0.242674
vt 0.512817 0.242674
vt 0.627628 0.003553
vt 0.629578 0.003553
vt 0.629578 0.044473
vt 0.627628 0.044473
vt 0.368194 0.049317
vt 0.369287 0.047725
vt 0.430819 0.101782
vt 0.429517 0.103264
vt 0.541194 0.648988
vt 0.543148 0.648988
vt 0.543148 0.677478
vt 0.541194 0.677478
vt 0.651681 0.445474
vt 0.653635 0.445474
vt 0.653635 0.473965
vt 0.651681 0.473965
vt 0.067733 0.075434
vt 0.067724 0.077438
vt 0.006993 0.077164
vt 0.007002 0.075160
vt 0.661094 0.499997
vt 0.661094 0.498025
vt 0.679104 0.498025
vt 0.679104 0.499997
vt 0.533903 0.007653
vt 0.535925 0.007672
vt 0.535468 0.054297
vt 0.533446 0.054277
vt 0.355421 0.642292
vt 0.353389 0.642272
vt 0.353735 0.608412
vt 0.355767 0.608433
vt 0.211468 0.649287
vt 0.209424 0.649281
vt 0.209492 0.626341
vt 0.211537 0.626347
vt 0.432689 0.221272
vt 0.430645 0.221282
vt 0.430532 0.198344
vt 0.432576 0.198334
vt 0.003183 0.104166
vt 0.003183 0.102216
vt 0.071719 0.102216
vt 0.071719 0.104166
vt 0.384273 0.367323
vt 0.384263 0.369440
vt 0.373108 0.369388
vt 0.373118 0.367272
vt 0.564099 0.058877
vt 0.562151 0.058877
vt 0.562151 0.003906
vt 0.564099 0.003906
vt 0.329422 0.604526
vt 0.331372 0.604526
vt 0.331372 0.645443
vt 0.329422 0.645443
vt 0.190229 0.623338
vt 0.192184 0.623338
vt 0.192184 0.651838
vt 0.190229 0.651838
vt 0.411358 0.195445
vt 0.413313 0.195445
vt 0.413313 0.223946
vt 0.411358 0.223946
vt 0.073717 0.101893
vt 0.069723 0.077116
vt 0.369423 0.391023
vt 0.369423 0.389051
vt 0.387441 0.389051
vt 0.387441 0.391023
vt 0.561866 0.001921
vt 0.535640 0.005687
vt 0.331658 0.647432
vt 0.353675 0.644260
vt 0.482172 0.655274
vt 0.462382 0.657014
vt 0.438342 0.578469
vt 0.455719 0.569089
vt 0.192481 0.653842
vt 0.209721 0.651284
vt 0.413623 0.225960
vt 0.430955 0.223296
vt 0.389421 0.388730
vt 0.386242 0.369119
vt 0.003982 0.101523
vt 0.007615 0.077882
vt 0.067118 0.078122
vt 0.070933 0.101554
vt 0.561459 0.058063
vt 0.536194 0.053686
vt 0.536607 0.008285
vt 0.561492 0.004674
vt 0.332064 0.605340
vt 0.353007 0.609021
vt 0.352706 0.641658
vt 0.332030 0.644676
vt 0.104537 0.378158
vt 0.103531 0.379785
vt 0.040067 0.329117
vt 0.041287 0.327589
vt 0.192843 0.624133
vt 0.208769 0.626949
vt 0.208735 0.648667
vt 0.192873 0.651053
vt 0.413971 0.196233
vt 0.429843 0.198947
vt 0.429921 0.220664
vt 0.414004 0.223153
vt 0.499892 0.068020
vt 0.497888 0.068017
vt 0.497992 0.007280
vt 0.499997 0.007284
vt 0.370238 0.388359
vt 0.373703 0.370125
vt 0.383659 0.370136
vt 0.386662 0.388393
vt 0.326711 0.523831
vt 0.326731 0.525853
vt 0.280106 0.526309
vt 0.280087 0.524288
vt 0.121715 0.654951
vt 0.119683 0.654946
vt 0.119762 0.621091
vt 0.121794 0.621096
vt 0.618240 0.648703
vt 0.616208 0.648682
vt 0.616553 0.614822
vt 0.618586 0.614843
vt 0.033237 0.222086
vt 0.035282 0.222090
vt 0.035229 0.245034
vt 0.033184 0.245029
vt 0.471074 0.003191
vt 0.473024 0.003191
vt 0.473024 0.071712
vt 0.471074 0.071712
vt 0.378941 0.660556
vt 0.378944 0.662671
vt 0.367796 0.662688
vt 0.367793 0.660572
vt 0.276341 0.554484
vt 0.276341 0.552536
vt 0.331311 0.552536
vt 0.331311 0.554484
vt 0.095580 0.617331
vt 0.097530 0.617331
vt 0.097530 0.658251
vt 0.095580 0.658251
vt 0.592240 0.610936
vt 0.594191 0.610936
vt 0.594191 0.651853
vt 0.592240 0.651853
vt 0.054487 0.247988
vt 0.052532 0.247988
vt 0.052532 0.219497
vt 0.054487 0.219497
vt 0.473322 0.073717
vt 0.498186 0.070023
vt 0.364608 0.684290
vt 0.364608 0.682318
vt 0.382630 0.682318
vt 0.382630 0.684290
vt 0.333331 0.552189
vt 0.328751 0.525506
vt 0.097829 0.660252
vt 0.119981 0.656947
vt 0.594477 0.653842
vt 0.616494 0.650670
vt 0.052231 0.217493
vt 0.034981 0.220086
vt 0.384613 0.681946
vt 0.380928 0.662299
vt 0.473716 0.003997
vt 0.497303 0.007888
vt 0.497175 0.067397
vt 0.473686 0.070934
vt 0.277108 0.551877
vt 0.280720 0.526991
vt 0.326120 0.526578
vt 0.330497 0.551844
vt 0.098221 0.618139
vt 0.119069 0.621695
vt 0.118965 0.654327
vt 0.098190 0.657477
vt 0.439100 0.193481
vt 0.437150 0.193481
vt 0.437150 0.124965
vt 0.439100 0.124965
vt 0.594882 0.611751
vt 0.615826 0.615431
vt 0.615525 0.648068
vt 0.594849 0.651086
vt 0.051842 0.247182
vt 0.035923 0.244431
vt 0.036001 0.222709
vt 0.051874 0.220271
vt 0.007002 0.134615
vt 0.006993 0.132610
vt 0.067724 0.132337
vt 0.067733 0.134341
vt 0.365400 0.681627
vt 0.368400 0.663386
vt 0.378349 0.663406
vt 0.381829 0.681660
vt 0.554026 0.375676
vt 0.552005 0.375657
vt 0.552462 0.329032
vt 0.554484 0.329051
vt 0.624996 0.041046
vt 0.622964 0.041056
vt 0.622796 0.007208
vt 0.624828 0.007198
vt 0.401327 0.132345
vt 0.403687 0.133193
vt 0.408838 0.206802
vt 0.406780 0.206689
vt 0.185896 0.609952
vt 0.183865 0.609962
vt 0.183696 0.576114
vt 0.185728 0.576104
vt 0.325318 0.645616
vt 0.323274 0.645622
vt 0.323205 0.622683
vt 0.325250 0.622677
vt 0.071719 0.105609
vt 0.071719 0.107559
vt 0.003183 0.107559
vt 0.003183 0.105609
vt 0.608522 0.655743
vt 0.608527 0.657861
vt 0.597366 0.657885
vt 0.597361 0.655767
vt 0.523831 0.324452
vt 0.525779 0.324452
vt 0.525779 0.379422
vt 0.523831 0.379422
vt 0.598739 0.003529
vt 0.600690 0.003529
vt 0.600690 0.044462
vt 0.598739 0.044462
vt 0.407578 0.594983
vt 0.364668 0.542272
vt 0.386251 0.515591
vt 0.159639 0.572436
vt 0.161590 0.572436
vt 0.161590 0.613369
vt 0.159639 0.613369
vt 0.304010 0.620125
vt 0.305965 0.620125
vt 0.305965 0.648625
vt 0.304010 0.648625
vt 0.001162 0.107866
vt 0.004972 0.132918
vt 0.613778 0.677181
vt 0.611794 0.677511
vt 0.610510 0.657531
vt 0.526064 0.381408
vt 0.552290 0.377642
vt 0.600998 0.046474
vt 0.623272 0.043068
vt 0.161898 0.615381
vt 0.184172 0.611974
vt 0.306314 0.650637
vt 0.323623 0.647634
vt 0.594579 0.676854
vt 0.597960 0.658585
vt 0.607921 0.658595
vt 0.610998 0.676821
vt 0.070933 0.108220
vt 0.067118 0.131653
vt 0.007615 0.131893
vt 0.003982 0.108252
vt 0.526471 0.325266
vt 0.551736 0.329643
vt 0.551323 0.375043
vt 0.526438 0.378655
vt 0.601349 0.004317
vt 0.622108 0.007811
vt 0.622242 0.040437
vt 0.601381 0.043668
vt 0.395616 0.269247
vt 0.397403 0.269879
vt 0.365793 0.327911
vt 0.364116 0.326997
vt 0.162249 0.573223
vt 0.183008 0.576718
vt 0.183142 0.609343
vt 0.162281 0.612574
vt 0.306654 0.620911
vt 0.322517 0.623296
vt 0.322551 0.645015
vt 0.306624 0.647831
vt 0.410482 0.128505
vt 0.412486 0.128522
vt 0.411986 0.189268
vt 0.409981 0.189251
vt 0.593784 0.679483
vt 0.593784 0.677511
vt 0.611794 0.679483
vt 0.206649 0.495150
vt 0.206655 0.497171
vt 0.160040 0.497296
vt 0.160035 0.495275
vt 0.301201 0.654951
vt 0.299169 0.654946
vt 0.299248 0.621091
vt 0.301280 0.621096
vt 0.067865 0.297425
vt 0.065479 0.296701
vt 0.056502 0.223922
vt 0.058548 0.223898
vt 0.266024 0.222134
vt 0.263992 0.222144
vt 0.263824 0.188296
vt 0.265855 0.188286
vt 0.666593 0.367237
vt 0.664549 0.367231
vt 0.664618 0.344292
vt 0.666662 0.344298
vt 0.436863 0.122976
vt 0.412199 0.126532
vt 0.420599 0.646116
vt 0.420609 0.648233
vt 0.409454 0.648284
vt 0.409445 0.646168
vt 0.213140 0.523350
vt 0.211132 0.523689
vt 0.208662 0.496832
vt 0.069459 0.358080
vt 0.054291 0.435227
vt 0.081253 0.369859
vt 0.069665 0.428791
vt 0.048965 0.326791
vt 0.103358 0.370779
vt 0.116229 0.350918
vt 0.122501 0.350273
vt 0.068283 0.306127
vt 0.111643 0.376070
vt 0.170940 0.403169
vt 0.174195 0.410219
vt 0.176908 0.380744
vt 0.182790 0.377982
vt 0.124334 0.356648
vt 0.180525 0.405702
vt 0.245062 0.411378
vt 0.250398 0.416705
vt 0.242954 0.388334
vt 0.247481 0.383812
vt 0.186498 0.383264
vt 0.254763 0.410299
vt 0.317354 0.393271
vt 0.324205 0.396433
vt 0.307443 0.372358
vt 0.310132 0.366515
vt 0.252726 0.387439
vt 0.326162 0.389059
vt 0.381614 0.350560
vt 0.389762 0.351147
vt 0.363675 0.333678
vt 0.316365 0.368132
vt 0.421746 0.103702
vt 0.369032 0.056809
vt 0.355109 0.076221
vt 0.348752 0.076576
vt 0.401319 0.123573
vt 0.360931 0.051078
vt 0.302411 0.020831
vt 0.299479 0.013552
vt 0.295215 0.043229
vt 0.289111 0.045735
vt 0.347206 0.070058
vt 0.292843 0.017775
vt 0.227710 0.008373
vt 0.222626 0.002666
vt 0.228400 0.031999
vt 0.223484 0.036367
vt 0.285626 0.040175
vt 0.217757 0.008845
vt 0.152333 0.021352
vt 0.145583 0.017517
vt 0.160664 0.044329
vt 0.157284 0.050328
vt 0.218343 0.032295
vt 0.142666 0.024792
vt 0.077460 0.056861
vt 0.070163 0.054570
vt 0.092354 0.081041
vt 0.090112 0.089361
vt 0.150683 0.047806
vt 0.064789 0.160968
vt 0.069218 0.167172
vt 0.063883 0.218885
vt 0.088454 0.217842
vt 0.092974 0.222711
vt 0.093329 0.173252
vt 0.098848 0.169388
vt 0.063926 0.228557
vt 0.072550 0.288236
vt 0.099683 0.274644
vt 0.106206 0.277738
vt 0.088850 0.227942
vt 0.077981 0.299004
vt 0.121849 0.342062
vt 0.137145 0.320819
vt 0.143923 0.320419
vt 0.104926 0.284853
vt 0.130280 0.348253
vt 0.179545 0.370994
vt 0.186165 0.346761
vt 0.192141 0.344048
vt 0.145601 0.327009
vt 0.189134 0.373595
vt 0.242036 0.378383
vt 0.239740 0.353570
vt 0.244323 0.348998
vt 0.195849 0.349433
vt 0.251854 0.377490
vt 0.303062 0.363343
vt 0.291999 0.340813
vt 0.294659 0.334877
vt 0.249653 0.352678
vt 0.311984 0.358941
vt 0.355933 0.326649
vt 0.336449 0.309537
vt 0.336694 0.302972
vt 0.300976 0.336390
vt 0.362713 0.318978
vt 0.388545 0.271919
vt 0.365218 0.263602
vt 0.362979 0.257516
vt 0.343183 0.301882
vt 0.391705 0.262606
vt 0.401033 0.211374
vt 0.376414 0.210872
vt 0.372277 0.205775
vt 0.368609 0.254266
vt 0.401628 0.201690
vt 0.396136 0.141362
vt 0.368208 0.153671
vt 0.361837 0.150249
vt 0.376664 0.200813
vt 0.391207 0.130273
vt 0.349034 0.084885
vt 0.332642 0.105613
vt 0.325791 0.105710
vt 0.363450 0.143180
vt 0.340812 0.078256
vt 0.292068 0.052963
vt 0.284195 0.077243
vt 0.277996 0.079724
vt 0.324393 0.098989
vt 0.282461 0.049868
vt 0.228759 0.042204
vt 0.229765 0.067797
vt 0.224806 0.072273
vt 0.274482 0.074069
vt 0.218623 0.042605
vt 0.164428 0.054077
vt 0.174488 0.078312
vt 0.171324 0.084406
vt 0.219505 0.068169
vt 0.154713 0.057642
vt 0.100752 0.090170
vt 0.124570 0.110707
vt 0.124169 0.118078
vt 0.164720 0.082412
vt 0.092764 0.099734
vt 0.071169 0.157466
vt 0.095903 0.163336
vt 0.116988 0.119695
vt 0.103327 0.176123
vt 0.098788 0.217134
vt 0.120794 0.215594
vt 0.125516 0.220540
vt 0.124551 0.182463
vt 0.130288 0.178667
vt 0.099576 0.227543
vt 0.109875 0.269589
vt 0.130559 0.258868
vt 0.136927 0.261656
vt 0.121568 0.226077
vt 0.115000 0.279355
vt 0.143696 0.312071
vt 0.157359 0.294544
vt 0.164144 0.294411
vt 0.135590 0.268474
vt 0.151968 0.318581
vt 0.188939 0.336806
vt 0.194894 0.316151
vt 0.200987 0.313520
vt 0.165619 0.301055
vt 0.198691 0.339606
vt 0.238786 0.343437
vt 0.236873 0.322262
vt 0.241542 0.317645
vt 0.204698 0.319018
vt 0.248787 0.342545
vt 0.287451 0.331685
vt 0.277923 0.312638
vt 0.280578 0.306634
vt 0.246945 0.321373
vt 0.296456 0.327187
vt 0.328695 0.302682
vt 0.312581 0.288465
vt 0.312810 0.281887
vt 0.286969 0.308114
vt 0.335417 0.295081
vt 0.355646 0.260199
vt 0.335662 0.253019
vt 0.333426 0.246833
vt 0.319316 0.280848
vt 0.359081 0.250778
vt 0.366166 0.210984
vt 0.344363 0.211377
vt 0.339965 0.206275
vt 0.339119 0.243499
vt 0.365958 0.200645
vt 0.357776 0.158254
vt 0.336609 0.168065
vt 0.330380 0.165004
vt 0.344119 0.201003
vt 0.353084 0.148246
vt 0.325669 0.114136
vt 0.311173 0.131239
vt 0.304333 0.131098
vt 0.331998 0.158251
vt 0.317595 0.107230
vt 0.280947 0.087214
vt 0.274046 0.107963
vt 0.267745 0.110396
vt 0.303111 0.124345
vt 0.271145 0.083963
vt 0.230268 0.078241
vt 0.231357 0.100129
vt 0.226361 0.104698
vt 0.264188 0.104657
vt 0.219910 0.078722
vt 0.178896 0.088123
vt 0.188345 0.108685
vt 0.185338 0.114912
vt 0.220935 0.100643
vt 0.169159 0.092648
vt 0.133221 0.118462
vt 0.151062 0.133871
vt 0.150830 0.140896
vt 0.178661 0.113214
vt 0.125954 0.126951
vt 0.106414 0.166098
vt 0.127661 0.172376
vt 0.143924 0.142197
vt 0.134809 0.185645
vt 0.131484 0.214781
vt 0.148786 0.213405
vt 0.153537 0.218334
vt 0.151392 0.190922
vt 0.157160 0.187195
vt 0.132342 0.225313
vt 0.140305 0.253863
vt 0.155852 0.245779
vt 0.162146 0.248484
vt 0.149639 0.223943
vt 0.145252 0.263332
vt 0.164114 0.286101
vt 0.175035 0.272735
vt 0.181808 0.272735
vt 0.160767 0.255193
vt 0.172253 0.292741
vt 0.197858 0.306089
vt 0.202764 0.289893
vt 0.208941 0.287337
vt 0.183142 0.279386
vt 0.207698 0.309064
vt 0.235947 0.311955
vt 0.234504 0.295273
vt 0.239245 0.290636
vt 0.212628 0.292917
vt 0.246086 0.311090
vt 0.273280 0.303416
vt 0.265763 0.288479
vt 0.268437 0.282426
vt 0.244695 0.294415
vt 0.282363 0.298856
vt 0.304807 0.281620
vt 0.292230 0.270551
vt 0.292451 0.263932
vt 0.274887 0.283904
vt 0.311550 0.273984
vt 0.325913 0.249570
vt 0.310085 0.243957
vt 0.307812 0.237705
vt 0.298995 0.262886
vt 0.329354 0.239952
vt 0.333855 0.211703
vt 0.316792 0.212408
vt 0.312290 0.207387
vt 0.313521 0.234286
vt 0.333428 0.201302
vt 0.326703 0.172657
vt 0.310907 0.180145
vt 0.304731 0.177225
vt 0.316327 0.202004
vt 0.322122 0.163021
vt 0.304060 0.139473
vt 0.292606 0.152547
vt 0.285789 0.152318
vt 0.306335 0.170587
vt 0.296096 0.132496
vt 0.270667 0.118063
vt 0.265143 0.134350
vt 0.258788 0.136746
vt 0.284665 0.145583
vt 0.260761 0.114704
vt 0.231947 0.110747
vt 0.232937 0.127946
vt 0.227937 0.132568
vt 0.255216 0.130970
vt 0.221472 0.111334
vt 0.192953 0.118483
vt 0.200525 0.134242
vt 0.197631 0.140477
vt 0.222441 0.128556
vt 0.183350 0.123121
vt 0.159431 0.141192
vt 0.172797 0.152795
vt 0.172591 0.159699
vt 0.190959 0.138885
vt 0.152361 0.149352
vt 0.138047 0.175551
vt 0.154639 0.180828
vt 0.165787 0.160901
vt 0.161671 0.194228
vt 0.159533 0.212551
vt 0.179449 0.210959
vt 0.184179 0.215873
vt 0.180699 0.200415
vt 0.186459 0.196732
vt 0.160391 0.223084
vt 0.165460 0.240823
vt 0.183194 0.231674
vt 0.189438 0.234375
vt 0.180291 0.221477
vt 0.170322 0.250196
vt 0.181874 0.264476
vt 0.194604 0.249283
vt 0.201361 0.249366
vt 0.188017 0.241033
vt 0.189919 0.271173
vt 0.205881 0.279796
vt 0.211778 0.261082
vt 0.218007 0.258590
vt 0.202603 0.256023
vt 0.215760 0.282890
vt 0.233607 0.284850
vt 0.232008 0.265412
vt 0.236812 0.260762
vt 0.221662 0.264229
vt 0.243859 0.284009
vt 0.261064 0.279179
vt 0.252316 0.261808
vt 0.255020 0.255701
vt 0.242305 0.264599
vt 0.270234 0.274574
vt 0.284384 0.263677
vt 0.269760 0.250857
vt 0.269973 0.244183
vt 0.261535 0.257190
vt 0.291170 0.255967
vt 0.300209 0.240511
vt 0.281780 0.234122
vt 0.279452 0.227844
vt 0.276563 0.243109
vt 0.303612 0.230778
vt 0.306224 0.212919
vt 0.286581 0.214004
vt 0.282007 0.209040
vt 0.285154 0.224349
vt 0.305676 0.202515
vt 0.301198 0.184771
vt 0.283315 0.193411
vt 0.277147 0.190565
vt 0.285973 0.203598
vt 0.296630 0.175287
vt 0.285485 0.160633
vt 0.272313 0.175559
vt 0.265517 0.175315
vt 0.278723 0.183967
vt 0.277583 0.153666
vt 0.261695 0.144491
vt 0.255270 0.163302
vt 0.248899 0.165688
vt 0.264422 0.168605
vt 0.251749 0.141095
vt 0.233585 0.138640
vt 0.234827 0.158508
vt 0.229841 0.163156
vt 0.245319 0.159908
vt 0.223072 0.139291
vt 0.205240 0.143963
vt 0.214059 0.161914
vt 0.211231 0.168137
vt 0.224315 0.159179
vt 0.195729 0.148635
vt 0.181007 0.159952
vt 0.196162 0.173105
vt 0.195968 0.179940
vt 0.204580 0.166594
vt 0.174044 0.167986
vt 0.164954 0.184155
vt 0.183985 0.190366
vt 0.189228 0.181107
vt 0.057087 0.780378
vt 0.125475 0.833809
vt 0.112756 0.849189
vt 0.039907 0.326386
vt 0.197055 0.872787
vt 0.191355 0.891767
vt 0.250569 0.418638
vt 0.173694 0.412094
vt 0.325033 0.398226
vt 0.390927 0.352835
vt 0.428361 0.656382
vt 0.308728 0.510705
vt 0.314550 0.477445
vt 0.398838 0.499988
vt 0.430848 0.104540
vt 0.319950 0.458523
vt 0.222584 0.000691
vt 0.300084 0.011684
vt 0.144940 0.015580
vt 0.063006 0.160569
vt 0.147164 0.807426
vt 0.203340 0.839232
vt 0.069211 0.052629
vt 0.087684 0.089599
vt 0.276993 0.881847
vt 0.278818 0.901507
vt 0.411646 0.191298
vt 0.436810 0.195512
vt 0.069723 0.132659
vt 0.073717 0.107881
vt 0.498322 0.005266
vt 0.473354 0.001176
vt 0.004972 0.076857
vt 0.001162 0.101908
vt 0.333918 0.395620
vt 0.335949 0.395960
vt 0.329705 0.420784
vt 0.365477 0.325552
vt 0.391124 0.349701
vt 0.234969 0.469655
vt 0.232883 0.450140
vt 0.002995 0.274631
vt 0.003335 0.272601
vt 0.028499 0.276814
vt 0.028159 0.278844
vt 0.028493 0.005157
vt 0.028171 0.007156
vt 0.003393 0.003161
vt 0.003715 0.001162
vt 0.501528 0.080586
vt 0.501198 0.082600
vt 0.476229 0.078511
vt 0.476559 0.076496
vt 0.033588 0.069908
vt 0.033895 0.067886
vt 0.058947 0.071696
vt 0.058639 0.073717
vt 0.090330 0.408441
vt 0.092361 0.408781
vt 0.088147 0.433945
vt 0.086117 0.433605
vt 0.068249 0.055665
vt 0.238722 0.557742
vt 0.240729 0.558077
vt 0.236292 0.584587
vt 0.234285 0.584251
vt 0.175720 0.555495
vt 0.173735 0.555210
vt 0.177501 0.528984
vt 0.179486 0.529269
vt 0.155365 0.564041
vt 0.155029 0.566047
vt 0.128520 0.561611
vt 0.128856 0.559604
vt 0.158042 0.497002
vt 0.156149 0.523689
vt 0.154151 0.523395
vt 0.552809 0.327012
vt 0.526126 0.322432
vt 0.278121 0.526024
vt 0.274355 0.552251
vt 0.535121 0.056317
vt 0.561804 0.060897
vt 0.483993 0.295629
vt 0.484299 0.293618
vt 0.510562 0.299677
vt 0.365300 0.548015
vt 0.364964 0.550022
vt 0.338455 0.545585
vt 0.338790 0.543578
vt 0.058330 0.504532
vt 0.056185 0.504095
vt 0.061957 0.475759
vt 0.064102 0.476196
vt 0.567357 0.056460
vt 0.567693 0.054453
vt 0.594202 0.058890
vt 0.593866 0.060897
vt 0.493797 0.409568
vt 0.494091 0.407570
vt 0.520484 0.411461
vt 0.520190 0.413459
vt 0.578450 0.248487
vt 0.578103 0.250506
vt 0.551420 0.245927
vt 0.551767 0.243907
vt 0.235015 0.568316
vt 0.233029 0.568031
vt 0.236795 0.541805
vt 0.238780 0.542090
vt 0.584860 0.309384
vt 0.584513 0.311403
vt 0.557830 0.306824
vt 0.558177 0.304804
vt 0.514308 0.302420
vt 0.514002 0.304432
vt 0.487432 0.300384
vt 0.487739 0.298372
vt 0.299588 0.619083
vt 0.277016 0.617331
vt 0.277356 0.615323
vt 0.623128 0.005211
vt 0.601022 0.001533
vt 0.120102 0.619083
vt 0.097870 0.615323
vt 0.354086 0.606392
vt 0.331723 0.602506
vt 0.652149 0.005305
vt 0.651810 0.007313
vt 0.629918 0.001545
vt 0.212874 0.577323
vt 0.212542 0.579319
vt 0.190436 0.575641
vt 0.190768 0.573644
vt 0.530180 0.580528
vt 0.529848 0.582525
vt 0.507742 0.578846
vt 0.508074 0.576849
vt 0.639340 0.433316
vt 0.638989 0.435336
vt 0.616626 0.431450
vt 0.616977 0.429431
vt 0.652149 0.053381
vt 0.651810 0.055389
vt 0.629578 0.051630
vt 0.629918 0.049622
vt 0.057427 0.256812
vt 0.057095 0.258809
vt 0.034988 0.255130
vt 0.035321 0.253133
vt 0.161768 0.622288
vt 0.161429 0.624296
vt 0.139197 0.620537
vt 0.139536 0.618529
vt 0.588058 0.609597
vt 0.587707 0.611617
vt 0.565345 0.607731
vt 0.565696 0.605711
vt 0.655355 0.478058
vt 0.655015 0.480066
vt 0.632783 0.476307
vt 0.633123 0.474299
vt 0.264156 0.186300
vt 0.241718 0.184618
vt 0.242050 0.182621
vt 0.184029 0.574118
vt 0.161922 0.570439
vt 0.616904 0.612802
vt 0.594542 0.608917
vt 0.209842 0.624330
vt 0.192533 0.621327
vt 0.560795 0.649930
vt 0.560451 0.651941
vt 0.543491 0.646977
vt 0.096060 0.441639
vt 0.095711 0.443650
vt 0.078403 0.440647
vt 0.078752 0.438636
vt 0.664846 0.412348
vt 0.664549 0.414351
vt 0.647309 0.411793
vt 0.647606 0.409790
vt 0.677781 0.004101
vt 0.677438 0.006112
vt 0.660134 0.003158
vt 0.660478 0.001148
vt 0.052666 0.188331
vt 0.052329 0.190331
vt 0.035111 0.187432
vt 0.035448 0.185431
vt 0.668178 0.262216
vt 0.667822 0.264237
vt 0.650430 0.261180
vt 0.650786 0.259159
vt 0.185683 0.620680
vt 0.185385 0.622683
vt 0.168145 0.620125
vt 0.168443 0.618122
vt 0.640928 0.614715
vt 0.640579 0.616726
vt 0.623271 0.613723
vt 0.623620 0.611712
vt 0.677781 0.039357
vt 0.677438 0.041368
vt 0.660134 0.038415
vt 0.660478 0.036404
vt 0.664967 0.342281
vt 0.647309 0.341289
vt 0.647658 0.339277
vt 0.323502 0.620680
vt 0.306262 0.618122
vt 0.034886 0.247045
vt 0.052189 0.249998
vt 0.430869 0.196343
vt 0.413650 0.193444
vt 0.671383 0.446510
vt 0.671027 0.448531
vt 0.653991 0.443453
vt 0.668051 0.226451
vt 0.667754 0.228455
vt 0.650514 0.225897
vt 0.650811 0.223894
vt 0.262053 0.662331
vt 0.264035 0.662693
vt 0.260453 0.682319
vt 0.258471 0.681957
vt 0.668697 0.162369
vt 0.670679 0.162691
vt 0.667490 0.182321
vt 0.665509 0.181999
vt 0.571443 0.652668
vt 0.573427 0.653040
vt 0.569742 0.672703
vt 0.567757 0.672331
vt 0.659172 0.072599
vt 0.661156 0.072929
vt 0.657888 0.092579
vt 0.655905 0.092249
vt 0.669107 0.362638
vt 0.671090 0.362999
vt 0.667507 0.382642
vt 0.665525 0.382280
vt 0.074144 0.649566
vt 0.076123 0.649887
vt 0.072945 0.669498
vt 0.070966 0.669177
vt 0.598686 0.530874
vt 0.600671 0.531246
vt 0.596985 0.550909
vt 0.595001 0.550537
vt 0.407475 0.647963
vt 0.406276 0.667895
vt 0.404297 0.667574
vt 0.595385 0.657523
vt 0.591803 0.677150
vt 0.365815 0.662366
vt 0.362626 0.681996
vt 0.371123 0.369016
vt 0.367438 0.388679
vt 0.662377 0.478045
vt 0.664361 0.478375
vt 0.659110 0.497695
vt 0.673914 0.239241
vt 0.675897 0.239603
vt 0.672315 0.259245
vt 0.670332 0.258884
vt 0.391050 0.174434
vt 0.389070 0.174113
vt 0.392249 0.154502
vt 0.394228 0.154823
vt 0.337658 0.671328
vt 0.335674 0.670956
vt 0.339359 0.651294
vt 0.341344 0.651666
vt 0.072541 0.234505
vt 0.074521 0.234825
vt 0.071343 0.254436
vt 0.069363 0.254115
vt 0.661890 0.497335
vt 0.664967 0.479109
vt 0.674928 0.479099
vt 0.678309 0.497368
vt 0.654327 0.446287
vt 0.670299 0.449139
vt 0.670109 0.470863
vt 0.654293 0.473197
vt 0.543838 0.649794
vt 0.559758 0.652544
vt 0.559679 0.674266
vt 0.543806 0.676704
vt 0.031471 0.695812
vt 0.630269 0.004360
vt 0.651116 0.007917
vt 0.651013 0.040549
vt 0.630238 0.043699
vt 0.510177 0.296870
vt 0.485020 0.292998
vt 0.485214 0.247613
vt 0.510209 0.243462
vt 0.681085 0.497664
vt 0.675522 0.478399
vt 0.677503 0.478038
vt 0.332549 0.420431
vt 0.336564 0.396682
vt 0.396082 0.397141
vt 0.399482 0.420464
vt 0.653924 0.475958
vt 0.670792 0.471476
vt 0.671081 0.473470
vt 0.543449 0.679483
vt 0.560398 0.674885
vt 0.560699 0.676889
vt 0.629877 0.046474
vt 0.651731 0.041168
vt 0.652029 0.043169
vt 0.510540 0.240680
vt 0.484527 0.247009
vt 0.484199 0.245015
vt 0.675527 0.476281
vt 0.664366 0.476257
vt 0.402241 0.420837
vt 0.396695 0.396461
vt 0.398684 0.396174
vt 0.672837 0.471497
vt 0.673073 0.448552
vt 0.562443 0.674889
vt 0.562496 0.651946
vt 0.653762 0.041173
vt 0.653842 0.007318
vt 0.482506 0.246999
vt 0.482279 0.293608
vt 0.672315 0.261216
vt 0.690321 0.259245
vt 0.690321 0.261216
vt 0.396711 0.394456
vt 0.335965 0.393956
vt 0.648559 0.225897
vt 0.650514 0.254397
vt 0.648559 0.254397
vt 0.076447 0.440647
vt 0.078403 0.469147
vt 0.076447 0.469147
vt 0.188485 0.575641
vt 0.190436 0.616574
vt 0.188485 0.616574
vt 0.336506 0.545585
vt 0.338455 0.600561
vt 0.336506 0.600561
vt 0.030449 0.276814
vt 0.028499 0.208298
vt 0.030449 0.208298
vt 0.673125 0.258554
vt 0.676491 0.240305
vt 0.686459 0.240347
vt 0.689539 0.258588
vt 0.651203 0.226683
vt 0.667066 0.229068
vt 0.667100 0.250787
vt 0.651173 0.253603
vt 0.079061 0.441442
vt 0.094988 0.444258
vt 0.094954 0.465976
vt 0.079092 0.468362
vt 0.191095 0.576428
vt 0.211854 0.579923
vt 0.211988 0.612548
vt 0.191127 0.615779
vt 0.339146 0.546392
vt 0.364271 0.550627
vt 0.364144 0.596019
vt 0.339115 0.599786
vt 0.692303 0.258917
vt 0.687065 0.239614
vt 0.689047 0.239285
vt 0.027805 0.276000
vt 0.004056 0.271986
vt 0.004515 0.212467
vt 0.027839 0.209067
vt 0.650863 0.256409
vt 0.667823 0.251394
vt 0.668172 0.253406
vt 0.078700 0.471151
vt 0.095642 0.466590
vt 0.095940 0.468593
vt 0.190744 0.618586
vt 0.212711 0.613168
vt 0.213018 0.615179
vt 0.338752 0.602560
vt 0.364860 0.596639
vt 0.365157 0.598638
vt 0.687067 0.237495
vt 0.675899 0.237484
vt 0.028212 0.206308
vt 0.003835 0.211855
vt 0.003548 0.209865
vt 0.669867 0.251388
vt 0.669798 0.228449
vt 0.097687 0.466596
vt 0.097756 0.443656
vt 0.214742 0.613157
vt 0.214574 0.579309
vt 0.366881 0.596643
vt 0.366985 0.550026
vt 0.392249 0.152530
vt 0.374230 0.154502
vt 0.374230 0.152530
vt 0.001831 0.211838
vt 0.001330 0.272584
vt 0.260453 0.684290
vt 0.278463 0.682319
vt 0.278463 0.684290
vt 0.645354 0.411793
vt 0.647309 0.440293
vt 0.645354 0.440293
vt 0.505791 0.578846
vt 0.507742 0.619779
vt 0.505791 0.619779
vt 0.061957 0.473692
vt 0.003620 0.475759
vt 0.003620 0.473692
vt 0.001443 0.003161
vt 0.003393 0.071696
vt 0.001443 0.071696
vt 0.391470 0.155159
vt 0.388467 0.173417
vt 0.378511 0.173428
vt 0.375045 0.155194
vt 0.261248 0.681662
vt 0.264629 0.663392
vt 0.274590 0.663403
vt 0.277667 0.681628
vt 0.647998 0.412579
vt 0.663861 0.414964
vt 0.663894 0.436683
vt 0.647968 0.439499
vt 0.508401 0.579633
vt 0.529160 0.583128
vt 0.529294 0.615754
vt 0.508433 0.618984
vt 0.061078 0.476462
vt 0.055563 0.503252
vt 0.012780 0.498768
vt 0.004695 0.476500
vt 0.372246 0.154874
vt 0.377916 0.174164
vt 0.375931 0.174536
vt 0.004054 0.003947
vt 0.027487 0.007762
vt 0.027727 0.067265
vt 0.004086 0.070898
vt 0.280447 0.681989
vt 0.275196 0.662668
vt 0.277179 0.662339
vt 0.647658 0.442305
vt 0.664618 0.437290
vt 0.664967 0.439302
vt 0.508049 0.621791
vt 0.530016 0.616373
vt 0.530324 0.618384
vt 0.001751 0.476450
vt 0.012295 0.499390
vt 0.010872 0.501147
vt 0.377926 0.176281
vt 0.389080 0.176229
vt 0.003700 0.073717
vt 0.028444 0.067886
vt 0.028752 0.069908
vt 0.275191 0.660551
vt 0.264030 0.660575
vt 0.666662 0.437284
vt 0.666593 0.414345
vt 0.532048 0.616363
vt 0.531879 0.582515
vt 0.055927 0.506407
vt 0.339359 0.649321
vt 0.321341 0.651294
vt 0.321341 0.649321
vt 0.030449 0.067877
vt 0.030175 0.007147
vt 0.667490 0.184294
vt 0.685512 0.182321
vt 0.685512 0.184294
vt 0.658180 0.003159
vt 0.660134 0.031649
vt 0.658180 0.031649
vt 0.614676 0.431450
vt 0.616627 0.472367
vt 0.614676 0.472367
vt 0.596150 0.058890
vt 0.594202 0.003914
vt 0.596150 0.003914
vt 0.474279 0.078511
vt 0.476229 0.147032
vt 0.474279 0.147032
vt 0.338544 0.651985
vt 0.335079 0.670219
vt 0.325123 0.670208
vt 0.322120 0.651951
vt 0.668283 0.181630
vt 0.671282 0.163389
vt 0.681232 0.163409
vt 0.684712 0.181664
vt 0.660824 0.003965
vt 0.676744 0.006715
vt 0.676666 0.028437
vt 0.660793 0.030875
vt 0.617318 0.432265
vt 0.638262 0.435945
vt 0.637960 0.468582
vt 0.617285 0.471600
vt 0.593511 0.058083
vt 0.568385 0.053849
vt 0.568512 0.008456
vt 0.593542 0.004689
vt 0.319361 0.651614
vt 0.324519 0.670904
vt 0.322540 0.671225
vt 0.476921 0.079317
vt 0.500508 0.083208
vt 0.500380 0.142717
vt 0.476891 0.146254
vt 0.687496 0.181949
vt 0.681827 0.162674
vt 0.683810 0.162302
vt 0.660436 0.033654
vt 0.677384 0.029055
vt 0.677686 0.031060
vt 0.616913 0.474356
vt 0.638643 0.469196
vt 0.638930 0.471184
vt 0.593905 0.001915
vt 0.567797 0.007836
vt 0.567500 0.005837
vt 0.324509 0.673021
vt 0.335664 0.673072
vt 0.476527 0.149037
vt 0.501093 0.143337
vt 0.501391 0.145343
vt 0.681824 0.160559
vt 0.670676 0.160576
vt 0.679429 0.029060
vt 0.679483 0.006117
vt 0.640676 0.469217
vt 0.641021 0.435357
vt 0.565776 0.007832
vt 0.565672 0.054449
vt 0.071343 0.256409
vt 0.089361 0.254436
vt 0.089361 0.256409
vt 0.503097 0.143340
vt 0.503202 0.082604
vt 0.569742 0.674675
vt 0.587760 0.672703
vt 0.587760 0.674675
vt 0.033156 0.187432
vt 0.035111 0.215933
vt 0.033156 0.215933
vt 0.627628 0.051630
vt 0.629578 0.092550
vt 0.627628 0.092550
vt 0.522432 0.411461
vt 0.520484 0.356478
vt 0.522432 0.356478
vt 0.060897 0.071696
vt 0.058947 0.003161
vt 0.060897 0.003161
vt 0.072121 0.253779
vt 0.075125 0.235522
vt 0.085081 0.235510
vt 0.088546 0.253745
vt 0.570557 0.672011
vt 0.574022 0.653777
vt 0.583978 0.653788
vt 0.586982 0.672045
vt 0.035769 0.188220
vt 0.051641 0.190934
vt 0.051718 0.212651
vt 0.035801 0.215140
vt 0.630269 0.052437
vt 0.651117 0.055993
vt 0.651013 0.088625
vt 0.630238 0.091775
vt 0.519794 0.410673
vt 0.494779 0.406957
vt 0.494686 0.361566
vt 0.519823 0.357272
vt 0.091346 0.254064
vt 0.085675 0.234774
vt 0.087660 0.234402
vt 0.058254 0.070898
vt 0.034613 0.067265
vt 0.034853 0.007762
vt 0.058285 0.003947
vt 0.589740 0.672382
vt 0.584582 0.653092
vt 0.586562 0.652771
vt 0.035420 0.217947
vt 0.052442 0.213270
vt 0.052752 0.215284
vt 0.629877 0.094551
vt 0.651730 0.089245
vt 0.652029 0.091245
vt 0.520145 0.354471
vt 0.493966 0.360955
vt 0.493627 0.358948
vt 0.085666 0.232657
vt 0.074511 0.232709
vt 0.058624 0.001162
vt 0.034169 0.007156
vt 0.033847 0.005157
vt 0.584592 0.650975
vt 0.573437 0.650924
vt 0.054487 0.213259
vt 0.054374 0.190321
vt 0.653762 0.089249
vt 0.653842 0.055394
vt 0.491945 0.360961
vt 0.492070 0.407576
vt 0.032165 0.007147
vt 0.031891 0.067877
vt 0.657889 0.094551
vt 0.675899 0.092579
vt 0.675899 0.094551
vt 0.648476 0.261180
vt 0.650430 0.289671
vt 0.648476 0.289671
vt 0.033038 0.255130
vt 0.034989 0.296063
vt 0.033038 0.296063
vt 0.549472 0.245927
vt 0.551420 0.300897
vt 0.549472 0.300897
vt 0.088147 0.435895
vt 0.156663 0.433945
vt 0.156663 0.435895
vt 0.658685 0.091889
vt 0.661762 0.073663
vt 0.671723 0.073653
vt 0.675104 0.091922
vt 0.651121 0.261993
vt 0.667094 0.264845
vt 0.666904 0.286569
vt 0.651088 0.288904
vt 0.035648 0.255918
vt 0.056407 0.259412
vt 0.056540 0.292038
vt 0.035679 0.295269
vt 0.552112 0.246741
vt 0.577377 0.251118
vt 0.576964 0.296518
vt 0.552079 0.300130
vt 0.088961 0.433251
vt 0.092975 0.409502
vt 0.152494 0.409961
vt 0.155894 0.433285
vt 0.677880 0.092218
vt 0.672317 0.072953
vt 0.674298 0.072591
vt 0.650719 0.291665
vt 0.667587 0.287183
vt 0.667876 0.289176
vt 0.035296 0.298075
vt 0.057263 0.292657
vt 0.057571 0.294668
vt 0.551705 0.302883
vt 0.577646 0.297132
vt 0.577931 0.299117
vt 0.158653 0.433658
vt 0.153106 0.409281
vt 0.155096 0.408994
vt 0.672322 0.070835
vt 0.661161 0.070811
vt 0.669632 0.287204
vt 0.669867 0.264258
vt 0.059294 0.292647
vt 0.059126 0.258799
vt 0.579667 0.297151
vt 0.580124 0.250526
vt 0.153123 0.407277
vt 0.092377 0.406776
vt 0.667507 0.384613
vt 0.685514 0.382642
vt 0.685514 0.384613
vt 0.166190 0.620125
vt 0.168145 0.648625
vt 0.166190 0.648625
vt 0.137246 0.620537
vt 0.139197 0.661456
vt 0.137246 0.661456
vt 0.236795 0.539857
vt 0.181824 0.541805
vt 0.181824 0.539857
vt 0.236292 0.586535
vt 0.291268 0.584587
vt 0.291268 0.586535
vt 0.353936 0.858810
vt 0.363419 0.876630
vt 0.416329 0.808211
vt 0.431540 0.820796
vt 0.454643 0.737530
vt 0.473442 0.743415
vt 0.668317 0.381951
vt 0.671683 0.363701
vt 0.681651 0.363743
vt 0.684732 0.381985
vt 0.168835 0.620911
vt 0.184697 0.623296
vt 0.184731 0.645015
vt 0.168804 0.647831
vt 0.139887 0.621344
vt 0.160735 0.624900
vt 0.160632 0.657532
vt 0.139856 0.660682
vt 0.236027 0.542464
vt 0.232416 0.567349
vt 0.187015 0.567762
vt 0.182639 0.542497
vt 0.237099 0.583896
vt 0.241334 0.558770
vt 0.286727 0.558897
vt 0.290493 0.583926
vt 0.687495 0.382313
vt 0.682257 0.363010
vt 0.684239 0.362682
vt 0.168495 0.650637
vt 0.185454 0.645622
vt 0.185803 0.647634
vt 0.139495 0.663457
vt 0.161349 0.658151
vt 0.161648 0.660152
vt 0.179804 0.542151
vt 0.186404 0.568488
vt 0.184384 0.568834
vt 0.293267 0.584290
vt 0.287346 0.558182
vt 0.289345 0.557885
vt 0.682259 0.360891
vt 0.671092 0.360880
vt 0.187499 0.645616
vt 0.187430 0.622677
vt 0.163381 0.658156
vt 0.163460 0.624301
vt 0.186424 0.570509
vt 0.233049 0.570052
vt 0.287351 0.556160
vt 0.240733 0.556056
vt 0.072945 0.671470
vt 0.090963 0.669498
vt 0.090963 0.671470
vt 0.621316 0.613723
vt 0.623271 0.642223
vt 0.621316 0.642223
vt 0.563395 0.607731
vt 0.565345 0.648648
vt 0.563395 0.648648
vt 0.555882 0.306824
vt 0.557830 0.361794
vt 0.555882 0.361794
vt 0.177501 0.527036
vt 0.122530 0.528984
vt 0.122530 0.527036
vt 0.158287 0.493718
vt 0.148770 0.475797
vt 0.096115 0.544602
vt 0.080876 0.532193
vt 0.058157 0.615135
vt 0.039513 0.609449
vt 0.073724 0.668840
vt 0.076727 0.650583
vt 0.086683 0.650572
vt 0.090149 0.668806
vt 0.623929 0.614517
vt 0.639856 0.617334
vt 0.639822 0.639052
vt 0.623960 0.641438
vt 0.566037 0.608546
vt 0.586980 0.612226
vt 0.586679 0.644863
vt 0.566003 0.647881
vt 0.558522 0.307638
vt 0.583787 0.312015
vt 0.583374 0.357415
vt 0.558489 0.361027
vt 0.176733 0.529643
vt 0.173122 0.554528
vt 0.127721 0.554941
vt 0.123344 0.529676
vt 0.092948 0.669126
vt 0.087278 0.649835
vt 0.089263 0.649463
vt 0.623568 0.644227
vt 0.640510 0.639665
vt 0.640808 0.641669
vt 0.565631 0.650637
vt 0.587362 0.645477
vt 0.587648 0.647465
vt 0.558115 0.363780
vt 0.584056 0.358028
vt 0.584341 0.360014
vt 0.120510 0.529331
vt 0.127110 0.555667
vt 0.125090 0.556014
vt 0.087268 0.647719
vt 0.076114 0.647770
vt 0.642555 0.639672
vt 0.642624 0.616732
vt 0.589394 0.645498
vt 0.589740 0.611638
vt 0.586078 0.358048
vt 0.586535 0.311423
vt 0.127130 0.557689
vt 0.173755 0.557232
vt 0.596985 0.552881
vt 0.615003 0.550909
vt 0.615003 0.552881
vt 0.658180 0.038415
vt 0.660134 0.066905
vt 0.658180 0.066905
vt 0.630833 0.476307
vt 0.632783 0.517227
vt 0.630833 0.517227
vt 0.485484 0.300384
vt 0.487432 0.355375
vt 0.485484 0.355375
vt 0.126572 0.561611
vt 0.128520 0.616587
vt 0.126572 0.616587
vt 0.597800 0.550217
vt 0.601265 0.531983
vt 0.611222 0.531994
vt 0.614225 0.550251
vt 0.660825 0.039221
vt 0.676744 0.041971
vt 0.676666 0.063693
vt 0.660793 0.066131
vt 0.633474 0.477114
vt 0.654322 0.480670
vt 0.654218 0.513302
vt 0.633443 0.516452
vt 0.488124 0.301180
vt 0.513280 0.305051
vt 0.513087 0.350437
vt 0.488092 0.354588
vt 0.129211 0.562418
vt 0.154337 0.566652
vt 0.154209 0.612045
vt 0.129180 0.615812
vt 0.616983 0.550588
vt 0.611825 0.531298
vt 0.613805 0.530977
vt 0.660436 0.068910
vt 0.677384 0.064312
vt 0.677686 0.066316
vt 0.633082 0.519227
vt 0.654935 0.513921
vt 0.655234 0.515922
vt 0.487761 0.357370
vt 0.513774 0.351041
vt 0.514102 0.353035
vt 0.128817 0.618586
vt 0.154925 0.612665
vt 0.155222 0.614663
vt 0.611835 0.529181
vt 0.600681 0.529130
vt 0.679429 0.064316
vt 0.679483 0.041373
vt 0.656967 0.513926
vt 0.657047 0.480071
vt 0.515795 0.351051
vt 0.516022 0.304442
vt 0.156946 0.612669
vt 0.157050 0.566052
vt 0.406276 0.669867
vt 0.424294 0.667895
vt 0.424294 0.669867
vt 0.645354 0.341289
vt 0.647309 0.369789
vt 0.645354 0.369789
vt 0.239767 0.184618
vt 0.241718 0.225551
vt 0.239767 0.225551
vt 0.275066 0.617331
vt 0.277016 0.658251
vt 0.275066 0.658251
vt 0.156149 0.525638
vt 0.211132 0.525638
vt 0.407055 0.667238
vt 0.410058 0.648980
vt 0.420014 0.648969
vt 0.423480 0.667204
vt 0.647968 0.342083
vt 0.663894 0.344900
vt 0.663860 0.366618
vt 0.647998 0.369003
vt 0.242377 0.185405
vt 0.263136 0.188900
vt 0.263270 0.221525
vt 0.242409 0.224756
vt 0.277707 0.618139
vt 0.298555 0.621695
vt 0.298452 0.654327
vt 0.277676 0.657477
vt 0.156938 0.522999
vt 0.160654 0.497984
vt 0.206044 0.497891
vt 0.210338 0.523028
vt 0.426279 0.667523
vt 0.422594 0.647861
vt 0.436456 0.192668
vt 0.412707 0.188653
vt 0.413166 0.129135
vt 0.436490 0.125735
vt 0.647606 0.371792
vt 0.664846 0.369235
vt 0.242025 0.227563
vt 0.264300 0.224156
vt 0.277315 0.660252
vt 0.299467 0.656947
vt 0.202251 0.731624
vt 0.207134 0.748496
vt 0.205807 0.748624
vt 0.201066 0.732257
vt 0.036308 0.608427
vt 0.078285 0.530011
vt 0.147205 0.472781
vt 0.232589 0.446770
vt 0.320979 0.455280
vt 0.401049 0.497348
vt 0.458797 0.567499
vt 0.187634 0.903681
vt 0.104648 0.858883
vt 0.046019 0.786068
vt 0.019456 0.696912
vt 0.279813 0.913275
vt 0.369094 0.887645
vt 0.441154 0.828812
vt 0.484955 0.747028
vt 0.494464 0.654164
vt 0.034235 0.607801
vt 0.076775 0.528777
vt 0.146169 0.470856
vt 0.232393 0.444833
vt 0.321609 0.453184
vt 0.402299 0.495810
vt 0.460762 0.566446
vt 0.502649 0.653344
vt 0.466932 0.563239
vt 0.473816 0.559451
vt 0.406875 0.490158
vt 0.411717 0.484039
vt 0.323491 0.446617
vt 0.325572 0.439641
vt 0.231744 0.438454
vt 0.230931 0.430451
vt 0.143027 0.464808
vt 0.139593 0.458395
vt 0.071234 0.524257
vt 0.064968 0.519150
vt 0.028112 0.605955
vt 0.021223 0.603882
vt 0.372770 0.894402
vt 0.280535 0.921342
vt 0.039567 0.789468
vt 0.011469 0.697715
vt 0.907218 0.340934
vt 0.846580 0.423513
vt 0.856372 0.344934
vt 0.806965 0.493339
vt 0.744189 0.542610
vt 0.667498 0.563461
vt 0.589570 0.553661
vt 0.454635 0.293889
vt 0.446290 0.372011
vt 0.492458 0.224436
vt 0.555026 0.174481
vt 0.632568 0.152296
vt 0.711914 0.161384
vt 0.803637 0.281297
vt 0.761252 0.228121
vt 0.706123 0.194269
vt 0.705377 0.194590
vt 0.822653 0.343390
vt 0.541064 0.487561
vt 0.596287 0.520940
vt 0.499096 0.434816
vt 0.479932 0.373085
vt 0.197836 0.872226
vt 0.276936 0.881167
vt 0.353626 0.858229
vt 0.415820 0.807792
vt 0.453997 0.737339
vt 0.461668 0.657665
vt 0.313783 0.478014
vt 0.235037 0.470332
vt 0.158602 0.494296
vt 0.096625 0.545019
vt 0.058795 0.615323
vt 0.051538 0.693453
vt 0.105163 0.754788
vt 0.147603 0.806906
vt 0.084683 0.693984
vt 0.204084 0.838897
vt 0.427889 0.657042
vt 0.406988 0.595306
vt 0.364228 0.542792
vt 0.307996 0.511041
vt 0.776590 0.841915
vt 0.793493 0.843941
vt 0.809900 0.839335
vt 0.761793 0.833587
vt 0.751365 0.820240
vt 0.746795 0.803959
vt 0.748789 0.787216
vt 0.757021 0.772499
vt 0.770256 0.762024
vt 0.786505 0.757388
vt 0.803325 0.759291
vt 0.818173 0.767486
vt 0.828744 0.780759
vt 0.833419 0.797071
vt 0.831503 0.813933
vt 0.823259 0.828789
vt 0.191782 0.198477
vt 0.189755 0.215431
vt 0.200204 0.183608
vt 0.194402 0.231829
vt 0.204948 0.245136
vt 0.219692 0.253347
vt 0.236383 0.255287
vt 0.252570 0.250797
vt 0.265853 0.240570
vt 0.274257 0.226065
vt 0.276488 0.209382
vt 0.272148 0.193008
vt 0.261832 0.179498
vt 0.247099 0.170969
vt 0.230203 0.168732
vt 0.213717 0.173154
vt 0.196923 0.780977
vt 0.183270 0.791835
vt 0.182652 0.790649
vt 0.195901 0.780128
vt 0.166369 0.796580
vt 0.166243 0.795248
vt 0.148934 0.794821
vt 0.149311 0.793541
vt 0.133551 0.786611
vt 0.134394 0.785573
vt 0.122492 0.772995
vt 0.123675 0.772364
vt 0.117634 0.756156
vt 0.118960 0.756029
vt 0.119527 0.738898
vt 0.120794 0.739289
vt 0.127927 0.723711
vt 0.128953 0.724559
vt 0.141515 0.712694
vt 0.142145 0.713877
vt 0.158404 0.707783
vt 0.158535 0.709117
vt 0.175828 0.709607
vt 0.175442 0.710887
vt 0.191155 0.717981
vt 0.190306 0.719016
vt 0.008542 0.368812
vt 0.020777 0.356353
vt 0.021536 0.357455
vt 0.009658 0.369535
vt 0.205251 0.765770
vt 0.203983 0.765383
vt 0.036966 0.349554
vt 0.037243 0.350865
vt 0.008594 0.418415
vt 0.001977 0.402255
vt 0.003280 0.401987
vt 0.009701 0.417665
vt 0.021009 0.430830
vt 0.021743 0.429709
vt 0.037223 0.437497
vt 0.037470 0.436181
vt 0.054754 0.437455
vt 0.054477 0.436143
vt 0.070942 0.430656
vt 0.070183 0.429554
vt 0.083176 0.418199
vt 0.082060 0.417475
vt 0.089741 0.402123
vt 0.088438 0.401877
vt 0.089743 0.384758
vt 0.088441 0.385026
vt 0.083128 0.368597
vt 0.082021 0.369348
vt 0.070713 0.356181
vt 0.069979 0.357302
vt 0.054499 0.349512
vt 0.054251 0.350828
vt 0.001977 0.384889
vt 0.003280 0.385135
vt 0.022053 0.358219
vt 0.010424 0.370040
vt 0.004168 0.385309
vt 0.004180 0.401810
vt 0.010469 0.417153
vt 0.281645 0.932235
vt 0.378031 0.904001
vt 0.513707 0.652105
vt 0.483594 0.554041
vt 0.418582 0.475306
vt 0.328556 0.429115
vt 0.229700 0.419656
vt 0.134319 0.448826
vt 0.056395 0.512359
vt 0.010837 0.600899
vt 0.000691 0.698925
vt 0.029948 0.794689
s 1
usemtl Material.001
f 389/1/1 391/2/1 427/3/1 426/4/1
f 403/5/1 404/6/1 440/7/1 439/8/1
f 390/9/1 389/1/1 426/4/1 425/10/1
f 402/11/1 403/5/1 439/8/1 438/12/1
f 401/13/1 402/11/1 438/12/1 437/14/1
f 400/15/1 401/13/1 437/14/1 436/16/1
f 399/17/1 400/15/1 436/16/1 435/18/1
f 109/19/2 110/20/2 1019/21/2 1018/22/2
f 161/23/3 162/24/3 1123/25/3 1122/26/3
f 213/27/4 214/28/4 1227/29/4 1226/30/4
f 417/31/5 416/32/6 960/33/7 408/34/8
f 265/35/9 266/36/9 1331/37/9 1330/38/9
f 317/39/10 318/40/10 1435/41/10 1434/42/10
f 107/43/11 108/44/11 1014/45/11 1015/46/11
f 369/47/12 370/48/12 1539/49/12 1538/50/12
f 159/51/10 160/52/10 1118/53/10 1119/54/10
f 211/55/12 212/56/12 1222/57/12 1223/58/12
f 263/59/13 264/60/13 1326/61/13 1327/62/13
f 315/63/14 316/64/14 1430/65/14 1431/66/14
f 105/67/14 106/68/14 1011/69/14 1010/70/14
f 367/71/15 368/72/15 1534/73/15 1535/74/15
f 157/75/2 158/76/2 1115/77/2 1114/78/2
f 209/79/16 210/80/16 1219/81/16 1218/82/16
f 261/83/17 262/84/17 1323/85/17 1322/86/17
f 313/87/11 314/88/11 1427/89/11 1426/90/11
f 106/91/18 107/92/18 1015/46/18 1011/69/18
f 365/93/19 366/94/19 1531/95/19 1530/96/19
f 158/97/20 159/98/20 1119/54/20 1115/77/20
f 210/99/21 211/100/21 1223/58/21 1219/81/21
f 408/34/8 960/33/7 983/101/22 981/102/1
f 262/103/23 263/104/23 1327/62/23 1323/85/23
f 314/105/24 315/106/24 1431/66/24 1427/89/24
f 366/107/25 367/108/25 1535/74/25 1531/95/25
f 1009/109/1 1012/110/1 1016/111/1 1013/112/1
f 1113/113/1 1116/114/1 1120/115/1 1117/116/1
f 1217/117/1 1220/118/1 1224/119/1 1221/120/1
f 410/121/26 424/122/27 948/123/28 406/124/29
f 1321/125/1 1324/126/1 1328/127/1 1325/128/1
f 1425/129/1 1428/130/1 1432/131/1 1429/132/1
f 103/133/30 104/134/30 1006/135/30 1007/136/30
f 1529/137/1 1532/138/1 1536/139/1 1533/140/1
f 155/141/11 156/142/11 1110/143/11 1111/144/11
f 207/145/19 208/146/19 1214/147/19 1215/148/19
f 259/149/3 260/150/3 1318/151/3 1319/152/3
f 311/153/4 312/154/4 1422/155/4 1423/156/4
f 101/157/4 102/158/4 1003/159/4 1002/160/4
f 363/161/9 364/162/9 1526/163/9 1527/164/9
f 153/165/14 154/166/14 1107/167/14 1106/168/14
f 205/169/15 206/170/15 1211/171/15 1210/172/15
f 257/173/31 258/174/31 1315/175/31 1314/176/31
f 309/177/30 310/178/30 1419/179/30 1418/180/30
f 102/181/32 103/182/32 1007/136/32 1003/159/32
f 361/183/33 362/184/33 1523/185/33 1522/186/33
f 154/187/18 155/188/18 1111/144/18 1107/167/18
f 206/189/34 207/190/34 1215/148/34 1211/171/34
f 258/191/35 259/192/35 1319/152/35 1315/175/35
f 310/193/36 311/194/36 1423/156/36 1419/179/36
f 362/195/37 363/196/37 1527/164/37 1523/185/37
f 1001/197/1 1004/198/1 1008/199/1 1005/200/1
f 1105/201/1 1108/202/1 1112/203/1 1109/204/1
f 1209/205/1 1212/206/1 1216/207/1 1213/208/1
f 93/209/15 94/210/15 988/211/15 986/212/15
f 1313/213/1 1316/214/1 1320/215/1 1317/216/1
f 1417/217/1 1420/218/1 1424/219/1 1421/220/1
f 99/221/12 100/222/12 998/223/12 999/224/12
f 1521/225/1 1524/226/1 1528/227/1 1525/228/1
f 151/229/30 152/230/30 1102/231/30 1103/232/30
f 203/233/33 204/234/33 1206/235/33 1207/236/33
f 23/237/9 22/238/36 982/239/36 984/240/9
f 255/241/2 256/242/2 1310/243/2 1311/244/2
f 307/245/16 308/246/16 1414/247/16 1415/248/16
f 97/249/16 98/250/16 995/251/16 994/252/16
f 359/253/17 360/254/17 1518/255/17 1519/256/17
f 149/257/4 150/258/4 1099/259/4 1098/260/4
f 201/261/9 202/262/9 1203/263/9 1202/264/9
f 407/265/38 408/34/8 981/102/1 979/266/1
f 253/267/10 254/268/10 1307/269/10 1306/270/10
f 305/271/12 306/272/12 1411/273/12 1410/274/12
f 98/275/21 99/276/21 999/224/21 995/251/21
f 358/277/39 359/278/39 1519/256/39 1516/279/39
f 150/280/32 151/281/32 1103/232/32 1099/259/32
f 202/282/40 203/283/40 1207/236/40 1203/263/40
f 254/284/41 255/285/41 1311/244/41 1307/269/41
f 306/286/42 307/287/42 1415/248/42 1411/273/42
f 1513/288/1 1515/289/1 1520/290/1 1517/291/1
f 993/292/1 996/293/1 1000/294/1 997/295/1
f 1097/296/1 1100/297/1 1104/298/1 1101/299/1
f 1201/300/1 1204/301/1 1208/302/1 1205/303/1
f 21/304/42 20/305/31 977/306/31 980/307/42
f 1305/308/1 1308/309/1 1312/310/1 1309/311/1
f 1409/312/1 1412/313/1 1416/314/1 1413/315/1
f 95/316/19 96/317/19 990/318/19 992/319/19
f 357/320/13 358/321/13 1516/279/13 1514/322/13
f 147/323/12 148/324/12 1094/325/12 1096/326/12
f 199/327/13 200/328/13 1198/329/13 1200/330/13
f 15/331/33 14/332/32 972/333/32 976/334/33
f 251/335/14 252/336/14 1302/337/14 1304/338/14
f 303/339/15 304/340/15 1406/341/15 1408/342/15
f 94/343/34 95/344/34 992/319/34 988/211/34
f 355/345/31 356/346/31 1510/347/31 1512/348/31
f 146/349/21 147/350/21 1096/326/21 1092/351/21
f 2313/352/43 2241/353/43 2287/354/43 2285/355/43
f 2272/356/1 2273/357/1 2243/358/1 2246/359/1 2248/360/1 2250/361/1 2252/362/1 2254/363/1 2256/364/1 2258/365/1 2260/366/1 2262/367/1 2264/368/1 2266/369/1 2268/370/1 2270/371/1
f 2312/372/43 2242/373/43 2241/353/43 2313/352/43
f 2309/374/43 2295/375/43 2293/376/43 2310/377/43
f 2309/374/43 2308/378/43 2297/379/43 2295/375/43
f 2306/380/43 2303/381/43 2307/382/43 2311/383/43
f 2242/373/43 2309/374/43 2310/377/43 2241/353/43
f 2242/373/43 2307/382/43 2308/378/43 2309/374/43
f 1/384/1 2/385/1 94/386/1 93/387/1
f 2/385/1 16/388/1 95/389/1 94/386/1
f 16/388/1 15/331/1 96/390/1 95/389/1
f 15/331/1 1/384/1 93/387/1 96/390/1
f 2/385/1 3/391/1 98/392/1 97/393/1
f 3/391/1 17/394/1 99/395/1 98/392/1
f 17/394/1 16/388/1 100/396/1 99/395/1
f 16/388/1 2/385/1 97/393/1 100/396/1
f 3/391/1 4/397/1 102/398/1 101/399/1
f 4/397/1 18/400/1 103/401/1 102/398/1
f 18/400/1 17/394/1 104/402/1 103/401/1
f 17/394/1 3/391/1 101/399/1 104/402/1
f 4/397/1 5/403/1 106/404/1 105/405/1
f 5/403/1 19/406/1 107/407/1 106/404/1
f 19/406/1 18/400/1 108/408/1 107/407/1
f 18/400/1 4/397/1 105/405/1 108/408/1
f 5/403/1 6/409/1 110/410/1 109/411/1
f 6/409/1 20/412/1 111/413/1 110/410/1
f 20/412/1 19/406/1 112/414/1 111/413/1
f 19/406/1 5/403/1 109/411/1 112/414/1
f 7/415/1 8/416/1 114/417/1 113/418/1
f 8/416/1 24/419/1 115/420/1 114/417/1
f 24/419/1 23/237/1 116/421/1 115/420/1
f 23/237/1 7/415/1 113/418/1 116/421/1
f 8/416/1 9/422/1 118/423/1 117/424/1
f 9/422/1 25/425/1 119/426/1 118/423/1
f 25/425/1 24/419/1 120/427/1 119/426/1
f 24/419/1 8/416/1 117/424/1 120/427/1
f 9/422/1 10/428/1 122/429/1 121/430/1
f 10/428/1 26/431/1 123/432/1 122/429/1
f 26/431/1 25/425/1 124/433/1 123/432/1
f 25/425/1 9/422/1 121/430/1 124/433/1
f 10/428/1 11/434/1 126/435/1 125/436/1
f 11/434/1 27/437/1 127/438/1 126/435/1
f 27/437/1 26/431/1 128/439/1 127/438/1
f 26/431/1 10/428/1 125/436/1 128/439/1
f 11/434/1 12/440/1 130/441/1 129/442/1
f 12/440/1 28/443/1 131/444/1 130/441/1
f 28/443/1 27/437/1 132/445/1 131/444/1
f 27/437/1 11/434/1 129/442/1 132/445/1
f 13/446/1 14/332/1 134/447/1 133/448/1
f 14/332/1 30/449/1 135/450/1 134/447/1
f 30/449/1 29/451/1 136/452/1 135/450/1
f 29/451/1 13/446/1 133/448/1 136/452/1
f 14/332/1 15/331/1 138/453/1 137/454/1
f 15/331/1 31/455/1 139/456/1 138/453/1
f 31/455/1 30/449/1 140/457/1 139/456/1
f 30/449/1 14/332/1 137/454/1 140/457/1
f 15/331/1 16/388/1 142/458/1 141/459/1
f 16/388/1 32/460/1 143/461/1 142/458/1
f 32/460/1 31/455/1 144/462/1 143/461/1
f 31/455/1 15/331/1 141/459/1 144/462/1
f 16/388/1 17/394/1 146/463/1 145/464/1
f 17/394/1 33/465/1 147/466/1 146/463/1
f 33/465/1 32/460/1 148/467/1 147/466/1
f 32/460/1 16/388/1 145/464/1 148/467/1
f 17/394/1 18/400/1 150/468/1 149/469/1
f 18/400/1 34/470/1 151/471/1 150/468/1
f 34/470/1 33/465/1 152/472/1 151/471/1
f 33/465/1 17/394/1 149/469/1 152/472/1
f 18/400/1 19/406/1 154/473/1 153/474/1
f 19/406/1 35/475/1 155/476/1 154/473/1
f 35/475/1 34/470/1 156/477/1 155/476/1
f 34/470/1 18/400/1 153/474/1 156/477/1
f 19/406/1 20/412/1 158/478/1 157/479/1
f 20/412/1 36/480/1 159/481/1 158/478/1
f 36/480/1 35/475/1 160/482/1 159/481/1
f 35/475/1 19/406/1 157/479/1 160/482/1
f 20/412/1 21/483/1 162/484/1 161/485/1
f 21/483/1 37/486/1 163/487/1 162/484/1
f 37/486/1 36/480/1 164/488/1 163/487/1
f 36/480/1 20/412/1 161/485/1 164/488/1
f 21/483/1 22/238/1 166/489/1 165/490/1
f 22/238/1 38/491/1 167/492/1 166/489/1
f 38/491/1 37/486/1 168/493/1 167/492/1
f 37/486/1 21/483/1 165/490/1 168/493/1
f 22/238/1 23/237/1 170/494/1 169/495/1
f 23/237/1 39/496/1 171/497/1 170/494/1
f 39/496/1 38/491/1 172/498/1 171/497/1
f 38/491/1 22/238/1 169/495/1 172/498/1
f 23/237/1 24/419/1 174/499/1 173/500/1
f 24/419/1 40/501/1 175/502/1 174/499/1
f 40/501/1 39/496/1 176/503/1 175/502/1
f 39/496/1 23/237/1 173/500/1 176/503/1
f 24/419/1 25/425/1 178/504/1 177/505/1
f 25/425/1 41/506/1 179/507/1 178/504/1
f 41/506/1 40/501/1 180/508/1 179/507/1
f 40/501/1 24/419/1 177/505/1 180/508/1
f 25/425/1 26/431/1 182/509/1 181/510/1
f 26/431/1 42/511/1 183/512/1 182/509/1
f 42/511/1 41/506/1 184/513/1 183/512/1
f 41/506/1 25/425/1 181/510/1 184/513/1
f 26/431/1 27/437/1 186/514/1 185/515/1
f 27/437/1 43/516/1 187/517/1 186/514/1
f 43/516/1 42/511/1 188/518/1 187/517/1
f 42/511/1 26/431/1 185/515/1 188/518/1
f 27/437/1 28/443/1 190/519/1 189/520/1
f 28/443/1 44/521/1 191/522/1 190/519/1
f 44/521/1 43/516/1 192/523/1 191/522/1
f 43/516/1 27/437/1 189/520/1 192/523/1
f 28/443/1 13/446/1 194/524/1 193/525/1
f 13/446/1 29/451/1 195/526/1 194/524/1
f 29/451/1 44/521/1 196/527/1 195/526/1
f 44/521/1 28/443/1 193/525/1 196/527/1
f 29/451/1 30/449/1 198/528/1 197/529/1
f 30/449/1 46/530/1 199/531/1 198/528/1
f 46/530/1 45/532/1 200/533/1 199/531/1
f 45/532/1 29/451/1 197/529/1 200/533/1
f 30/449/1 31/455/1 202/534/1 201/535/1
f 31/455/1 47/536/1 203/537/1 202/534/1
f 47/536/1 46/530/1 204/538/1 203/537/1
f 46/530/1 30/449/1 201/535/1 204/538/1
f 31/455/1 32/460/1 206/539/1 205/540/1
f 32/460/1 48/541/1 207/542/1 206/539/1
f 48/541/1 47/536/1 208/543/1 207/542/1
f 47/536/1 31/455/1 205/540/1 208/543/1
f 32/460/1 33/465/1 210/544/1 209/545/1
f 33/465/1 49/546/1 211/547/1 210/544/1
f 49/546/1 48/541/1 212/548/1 211/547/1
f 48/541/1 32/460/1 209/545/1 212/548/1
f 33/465/1 34/470/1 214/549/1 213/550/1
f 34/470/1 50/551/1 215/552/1 214/549/1
f 50/551/1 49/546/1 216/553/1 215/552/1
f 49/546/1 33/465/1 213/550/1 216/553/1
f 34/470/1 35/475/1 218/554/1 217/555/1
f 35/475/1 51/556/1 219/557/1 218/554/1
f 51/556/1 50/551/1 220/558/1 219/557/1
f 50/551/1 34/470/1 217/555/1 220/558/1
f 35/475/1 36/480/1 222/559/1 221/560/1
f 36/480/1 52/561/1 223/562/1 222/559/1
f 52/561/1 51/556/1 224/563/1 223/562/1
f 51/556/1 35/475/1 221/560/1 224/563/1
f 36/480/1 37/486/1 226/564/1 225/565/1
f 37/486/1 53/566/1 227/567/1 226/564/1
f 53/566/1 52/561/1 228/568/1 227/567/1
f 52/561/1 36/480/1 225/565/1 228/568/1
f 37/486/1 38/491/1 230/569/1 229/570/1
f 38/491/1 54/571/1 231/572/1 230/569/1
f 54/571/1 53/566/1 232/573/1 231/572/1
f 53/566/1 37/486/1 229/570/1 232/573/1
f 38/491/1 39/496/1 234/574/1 233/575/1
f 39/496/1 55/576/1 235/577/1 234/574/1
f 55/576/1 54/571/1 236/578/1 235/577/1
f 54/571/1 38/491/1 233/575/1 236/578/1
f 39/496/1 40/501/1 238/579/1 237/580/1
f 40/501/1 56/581/1 239/582/1 238/579/1
f 56/581/1 55/576/1 240/583/1 239/582/1
f 55/576/1 39/496/1 237/580/1 240/583/1
f 40/501/1 41/506/1 242/584/1 241/585/1
f 41/506/1 57/586/1 243/587/1 242/584/1
f 57/586/1 56/581/1 244/588/1 243/587/1
f 56/581/1 40/501/1 241/585/1 244/588/1
f 41/506/1 42/511/1 246/589/1 245/590/1
f 42/511/1 58/591/1 247/592/1 246/589/1
f 58/591/1 57/586/1 248/593/1 247/592/1
f 57/586/1 41/506/1 245/590/1 248/593/1
f 42/511/1 43/516/1 250/594/1 249/595/1
f 43/516/1 59/596/1 251/597/1 250/594/1
f 59/596/1 58/591/1 252/598/1 251/597/1
f 58/591/1 42/511/1 249/595/1 252/598/1
f 43/516/1 44/521/1 254/599/1 253/600/1
f 44/521/1 60/601/1 255/602/1 254/599/1
f 60/601/1 59/596/1 256/603/1 255/602/1
f 59/596/1 43/516/1 253/600/1 256/603/1
f 44/521/1 29/451/1 258/604/1 257/605/1
f 29/451/1 45/532/1 259/606/1 258/604/1
f 45/532/1 60/601/1 260/607/1 259/606/1
f 60/601/1 44/521/1 257/605/1 260/607/1
f 45/532/1 46/530/1 262/608/1 261/609/1
f 46/530/1 62/610/1 263/611/1 262/608/1
f 62/610/1 61/612/1 264/613/1 263/611/1
f 61/612/1 45/532/1 261/609/1 264/613/1
f 46/530/1 47/536/1 266/614/1 265/615/1
f 47/536/1 63/616/1 267/617/1 266/614/1
f 63/616/1 62/610/1 268/618/1 267/617/1
f 62/610/1 46/530/1 265/615/1 268/618/1
f 47/536/1 48/541/1 270/619/1 269/620/1
f 48/541/1 64/621/1 271/622/1 270/619/1
f 64/621/1 63/616/1 272/623/1 271/622/1
f 63/616/1 47/536/1 269/620/1 272/623/1
f 48/541/1 49/546/1 274/624/1 273/625/1
f 49/546/1 65/626/1 275/627/1 274/624/1
f 65/626/1 64/621/1 276/628/1 275/627/1
f 64/621/1 48/541/1 273/625/1 276/628/1
f 49/546/1 50/551/1 278/629/1 277/630/1
f 50/551/1 66/631/1 279/632/1 278/629/1
f 66/631/1 65/626/1 280/633/1 279/632/1
f 65/626/1 49/546/1 277/630/1 280/633/1
f 50/551/1 51/556/1 282/634/1 281/635/1
f 51/556/1 67/636/1 283/637/1 282/634/1
f 67/636/1 66/631/1 284/638/1 283/637/1
f 66/631/1 50/551/1 281/635/1 284/638/1
f 51/556/1 52/561/1 286/639/1 285/640/1
f 52/561/1 68/641/1 287/642/1 286/639/1
f 68/641/1 67/636/1 288/643/1 287/642/1
f 67/636/1 51/556/1 285/640/1 288/643/1
f 52/561/1 53/566/1 290/644/1 289/645/1
f 53/566/1 69/646/1 291/647/1 290/644/1
f 69/646/1 68/641/1 292/648/1 291/647/1
f 68/641/1 52/561/1 289/645/1 292/648/1
f 53/566/1 54/571/1 294/649/1 293/650/1
f 54/571/1 70/651/1 295/652/1 294/649/1
f 70/651/1 69/646/1 296/653/1 295/652/1
f 69/646/1 53/566/1 293/650/1 296/653/1
f 54/571/1 55/576/1 298/654/1 297/655/1
f 55/576/1 71/656/1 299/657/1 298/654/1
f 71/656/1 70/651/1 300/658/1 299/657/1
f 70/651/1 54/571/1 297/655/1 300/658/1
f 55/576/1 56/581/1 302/659/1 301/660/1
f 56/581/1 72/661/1 303/662/1 302/659/1
f 72/661/1 71/656/1 304/663/1 303/662/1
f 71/656/1 55/576/1 301/660/1 304/663/1
f 56/581/1 57/586/1 306/664/1 305/665/1
f 57/586/1 73/666/1 307/667/1 306/664/1
f 73/666/1 72/661/1 308/668/1 307/667/1
f 72/661/1 56/581/1 305/665/1 308/668/1
f 57/586/1 58/591/1 310/669/1 309/670/1
f 58/591/1 74/671/1 311/672/1 310/669/1
f 74/671/1 73/666/1 312/673/1 311/672/1
f 73/666/1 57/586/1 309/670/1 312/673/1
f 58/591/1 59/596/1 314/674/1 313/675/1
f 59/596/1 75/676/1 315/677/1 314/674/1
f 75/676/1 74/671/1 316/678/1 315/677/1
f 74/671/1 58/591/1 313/675/1 316/678/1
f 59/596/1 60/601/1 318/679/1 317/680/1
f 60/601/1 76/681/1 319/682/1 318/679/1
f 76/681/1 75/676/1 320/683/1 319/682/1
f 75/676/1 59/596/1 317/680/1 320/683/1
f 60/601/1 45/532/1 322/684/1 321/685/1
f 45/532/1 61/612/1 323/686/1 322/684/1
f 61/612/1 76/681/1 324/687/1 323/686/1
f 76/681/1 60/601/1 321/685/1 324/687/1
f 61/612/1 62/610/1 326/688/1 325/689/1
f 62/610/1 2210/690/1 327/691/1 326/688/1
f 2210/690/1 2209/692/1 328/693/1 327/691/1
f 2209/692/1 61/612/1 325/689/1 328/693/1
f 62/610/1 63/616/1 330/694/1 329/695/1
f 63/616/1 2212/696/1 331/697/1 330/694/1
f 2212/696/1 2210/690/1 332/698/1 331/697/1
f 2210/690/1 62/610/1 329/695/1 332/698/1
f 63/616/1 64/621/1 334/699/1 333/700/1
f 64/621/1 2213/701/1 335/702/1 334/699/1
f 2213/701/1 2212/696/1 336/703/1 335/702/1
f 2212/696/1 63/616/1 333/700/1 336/703/1
f 64/621/1 65/626/1 338/704/1 337/705/1
f 65/626/1 2214/706/1 339/707/1 338/704/1
f 2214/706/1 2213/701/1 340/708/1 339/707/1
f 2213/701/1 64/621/1 337/705/1 340/708/1
f 65/626/1 66/631/1 342/709/1 341/710/1
f 66/631/1 2215/711/1 343/712/1 342/709/1
f 2215/711/1 2214/706/1 344/713/1 343/712/1
f 2214/706/1 65/626/1 341/710/1 344/713/1
f 66/631/1 67/636/1 346/714/1 345/715/1
f 67/636/1 2216/716/1 347/717/1 346/714/1
f 2216/716/1 2215/711/1 348/718/1 347/717/1
f 2215/711/1 66/631/1 345/715/1 348/718/1
f 67/636/1 68/641/1 350/719/1 349/720/1
f 68/641/1 2217/721/1 351/722/1 350/719/1
f 2217/721/1 2216/716/1 352/723/1 351/722/1
f 2216/716/1 67/636/1 349/720/1 352/723/1
f 68/641/1 69/646/1 354/724/1 353/725/1
f 69/646/1 2218/726/1 355/727/1 354/724/1
f 2218/726/1 2217/721/1 356/728/1 355/727/1
f 2217/721/1 68/641/1 353/725/1 356/728/1
f 69/646/1 70/651/1 358/729/1 357/730/1
f 70/651/1 2219/731/1 359/732/1 358/729/1
f 2219/731/1 2218/726/1 360/733/1 359/732/1
f 2218/726/1 69/646/1 357/730/1 360/733/1
f 70/651/1 71/656/1 362/734/1 361/735/1
f 71/656/1 2220/736/1 363/737/1 362/734/1
f 2220/736/1 2219/731/1 364/738/1 363/737/1
f 2219/731/1 70/651/1 361/735/1 364/738/1
f 71/656/1 72/661/1 366/739/1 365/740/1
f 72/661/1 2221/741/1 367/742/1 366/739/1
f 2221/741/1 2220/736/1 368/743/1 367/742/1
f 2220/736/1 71/656/1 365/740/1 368/743/1
f 72/661/1 73/666/1 370/744/1 369/745/1
f 73/666/1 2222/746/1 371/747/1 370/744/1
f 2222/746/1 2221/741/1 372/748/1 371/747/1
f 2221/741/1 72/661/1 369/745/1 372/748/1
f 73/666/1 74/671/1 374/749/1 373/750/1
f 74/671/1 2223/751/1 375/752/1 374/749/1
f 2223/751/1 2222/746/1 376/753/1 375/752/1
f 2222/746/1 73/666/1 373/750/1 376/753/1
f 74/671/1 75/676/1 378/754/1 377/755/1
f 75/676/1 2224/756/1 379/757/1 378/754/1
f 2224/756/1 2223/751/1 380/758/1 379/757/1
f 2223/751/1 74/671/1 377/755/1 380/758/1
f 75/676/1 76/681/1 382/759/1 381/760/1
f 76/681/1 2211/761/1 383/762/1 382/759/1
f 2211/761/1 2224/756/1 384/763/1 383/762/1
f 2224/756/1 75/676/1 381/760/1 384/763/1
f 76/681/1 61/612/1 386/764/1 385/765/1
f 61/612/1 2209/692/1 387/766/1 386/764/1
f 2209/692/1 2211/761/1 388/767/1 387/766/1
f 2211/761/1 76/681/1 385/765/1 388/767/1
f 409/768/44 410/121/26 406/124/29 405/769/45
f 2/385/20 1/384/19 947/770/19 950/771/20
f 3/391/46 2/385/20 950/771/20 952/772/46
f 4/397/39 3/391/46 952/772/46 954/773/39
f 5/403/37 4/397/39 954/773/39 956/774/37
f 6/409/10 5/403/37 956/774/37 958/775/10
f 957/776/47 407/265/38 979/266/1 978/777/48
f 20/305/41 6/409/41 958/775/41 977/306/41
f 418/778/49 417/31/5 408/34/8 407/265/38
f 8/416/41 7/415/15 959/779/15 962/780/41
f 9/422/35 8/416/41 962/780/41 964/781/35
f 10/428/23 9/422/35 964/781/35 966/782/23
f 11/434/40 10/428/23 966/782/23 968/783/40
f 14/332/32 13/446/21 969/784/21 972/333/32
f 411/785/50 409/768/44 405/769/45 945/786/51
f 28/443/20 12/440/20 946/787/20 974/788/20
f 13/446/21 28/443/3 974/788/3 969/784/21
f 1/384/40 15/331/40 976/334/40 947/789/40
f 96/790/37 93/791/37 986/212/37 990/318/37
f 100/792/25 97/793/25 994/252/25 998/223/25
f 104/794/42 101/795/42 1002/160/42 1006/135/42
f 108/796/36 105/797/36 1010/70/36 1014/45/36
f 112/798/24 109/799/24 1018/22/24 1022/800/24
f 419/801/52 418/778/49 407/265/38 957/776/47
f 22/238/36 21/304/42 980/307/42 982/239/36
f 7/415/37 23/237/37 984/240/37 959/802/37
f 116/803/40 113/804/40 1026/805/40 1030/806/40
f 120/807/34 117/808/34 1034/809/34 1038/810/34
f 124/811/21 121/812/21 1042/813/21 1046/814/21
f 128/815/32 125/816/32 1050/817/32 1054/818/32
f 132/819/18 129/820/18 1058/821/18 1062/822/18
f 412/823/53 411/785/50 945/786/51 967/824/53
f 136/825/46 133/826/46 1066/827/46 1070/828/46
f 140/829/39 137/830/39 1074/831/39 1078/832/39
f 144/833/37 141/834/37 1082/835/37 1086/836/37
f 148/837/25 145/838/25 1090/839/25 1094/325/25
f 152/840/42 149/841/42 1098/260/42 1102/231/42
f 156/842/36 153/843/36 1106/168/36 1110/143/36
f 160/844/24 157/845/24 1114/78/24 1118/53/24
f 164/846/41 161/847/41 1122/26/41 1126/848/41
f 168/849/35 165/850/35 1130/851/35 1134/852/35
f 172/853/23 169/854/23 1138/855/23 1142/856/23
f 176/857/40 173/858/40 1146/859/40 1150/860/40
f 180/861/34 177/862/34 1154/863/34 1158/864/34
f 184/865/21 181/866/21 1162/867/21 1166/868/21
f 188/869/32 185/870/32 1170/871/32 1174/872/32
f 192/873/18 189/874/18 1178/875/18 1182/876/18
f 196/877/20 193/878/20 1186/879/20 1190/880/20
f 200/881/46 197/882/46 1194/883/46 1198/329/46
f 204/884/39 201/885/39 1202/264/39 1206/235/39
f 208/886/37 205/887/37 1210/172/37 1214/147/37
f 212/888/25 209/889/25 1218/82/25 1222/57/25
f 216/890/42 213/891/42 1226/30/42 1230/892/42
f 220/893/36 217/894/36 1234/895/36 1238/896/36
f 224/897/24 221/898/24 1242/899/24 1246/900/24
f 228/901/41 225/902/41 1250/903/41 1254/904/41
f 232/905/35 229/906/35 1258/907/35 1262/908/35
f 236/909/23 233/910/23 1266/911/23 1270/912/23
f 240/913/40 237/914/40 1274/915/40 1278/916/40
f 244/917/34 241/918/34 1282/919/34 1286/920/34
f 248/921/21 245/922/21 1290/923/21 1294/924/21
f 252/925/32 249/926/32 1298/927/32 1302/337/32
f 256/928/18 253/929/18 1306/270/18 1310/243/18
f 260/930/20 257/931/20 1314/176/20 1318/151/20
f 264/932/46 261/933/46 1322/86/46 1326/61/46
f 268/934/39 265/935/39 1330/38/39 1334/936/39
f 272/937/37 269/938/37 1338/939/37 1342/940/37
f 276/941/25 273/942/25 1346/943/25 1350/944/25
f 280/945/42 277/946/42 1354/947/42 1358/948/42
f 284/949/36 281/950/36 1362/951/36 1366/952/36
f 288/953/24 285/954/24 1370/955/24 1374/956/24
f 292/957/41 289/958/41 1378/959/41 1382/960/41
f 296/961/35 293/962/35 1386/963/35 1390/964/35
f 300/965/23 297/966/23 1394/967/23 1398/968/23
f 304/969/40 301/970/40 1402/971/40 1406/341/40
f 308/972/34 305/973/34 1410/274/34 1414/247/34
f 312/974/21 309/975/21 1418/180/21 1422/155/21
f 316/976/32 313/977/32 1426/90/32 1430/65/32
f 320/978/18 317/979/18 1434/42/18 1438/980/18
f 324/981/20 321/982/20 1442/983/20 1446/984/20
f 328/985/46 325/986/46 1450/987/46 1454/988/46
f 332/989/39 329/990/39 1458/991/39 1462/992/39
f 336/993/37 333/994/37 1466/995/37 1470/996/37
f 340/997/25 337/998/25 1474/999/25 1478/1000/25
f 344/1001/42 341/1002/42 1482/1003/42 1486/1004/42
f 348/1005/36 345/1006/36 1490/1007/36 1494/1008/36
f 352/1009/24 349/1010/24 1498/1011/24 1502/1012/24
f 356/1013/41 353/1014/41 1506/1015/41 1510/347/41
f 360/1016/35 357/1017/35 1514/322/35 1518/255/35
f 364/1018/23 361/1019/23 1522/186/23 1526/163/23
f 368/1020/40 365/1021/40 1530/96/40 1534/73/40
f 372/1022/34 369/1023/34 1538/50/34 1542/1024/34
f 376/1025/21 373/1026/21 1546/1027/21 1550/1028/21
f 380/1029/32 377/1030/32 1554/1031/32 1558/1032/32
f 384/1033/18 381/1034/18 1562/1035/18 1566/1036/18
f 388/1037/20 385/1038/20 1570/1039/20 1574/1040/20
f 1537/1041/1 1540/1042/1 1544/1043/1 1541/1044/1
f 1433/1045/1 1436/1046/1 1440/1047/1 1437/1048/1
f 1329/1049/1 1332/1050/1 1336/1051/1 1333/1052/1
f 12/440/2 11/434/40 968/783/40 946/1053/2
f 1225/1054/1 1228/1055/1 1232/1056/1 1229/1057/1
f 1121/1058/1 1124/1059/1 1128/1060/1 1125/1061/1
f 370/1062/42 371/1063/42 1543/1064/42 1539/49/42
f 1017/1065/1 1020/1066/1 1024/1067/1 1021/1068/1
f 318/1069/41 319/1070/41 1439/1071/41 1435/41/41
f 266/1072/40 267/1073/40 1335/1074/40 1331/37/40
f 214/1075/32 215/1076/32 1231/1077/32 1227/29/32
f 162/1078/46 163/1079/46 1127/1080/46 1123/25/46
f 371/1081/16 372/1082/16 1542/1024/16 1543/1064/16
f 110/1083/20 111/1084/20 1023/1085/20 1019/21/20
f 319/1086/2 320/1087/2 1438/980/2 1439/1071/2
f 267/1088/33 268/1089/33 1334/936/33 1335/1074/33
f 215/1090/30 216/1091/30 1230/892/30 1231/1077/30
f 163/1092/31 164/1093/31 1126/848/31 1127/1080/31
f 373/1094/30 374/1095/30 1547/1096/30 1546/1027/30
f 111/1097/10 112/1098/10 1022/800/10 1023/1085/10
f 321/1099/31 322/1100/31 1443/1101/31 1442/983/31
f 269/1102/15 270/1103/15 1339/1104/15 1338/939/15
f 217/1105/14 218/1106/14 1235/1107/14 1234/895/14
f 165/1108/13 166/1109/13 1131/1110/13 1130/851/13
f 113/1111/19 114/1112/19 1027/1113/19 1026/805/19
f 1545/1114/1 1548/1115/1 1552/1116/1 1549/1117/1
f 1441/1118/1 1444/1119/1 1448/1120/1 1445/1121/1
f 1337/1122/1 1340/1123/1 1344/1124/1 1341/1125/1
f 1233/1126/1 1236/1127/1 1240/1128/1 1237/1129/1
f 1129/1130/1 1132/1131/1 1136/1132/1 1133/1133/1
f 374/1134/36 375/1135/36 1551/1136/36 1547/1096/36
f 1025/1137/1 1028/1138/1 1032/1139/1 1029/1140/1
f 322/1141/35 323/1142/35 1447/1143/35 1443/1101/35
f 270/1144/34 271/1145/34 1343/1146/34 1339/1104/34
f 218/1147/18 219/1148/18 1239/1149/18 1235/1107/18
f 166/1150/39 167/1151/39 1135/1152/39 1131/1110/39
f 375/1153/4 376/1154/4 1550/1028/4 1551/1136/4
f 114/1155/25 115/1156/25 1031/1157/25 1027/1113/25
f 323/1158/3 324/1159/3 1446/984/3 1447/1143/3
f 271/1160/19 272/1161/19 1342/940/19 1343/1146/19
f 219/1162/11 220/1163/11 1238/896/11 1239/1149/11
f 167/1164/17 168/1165/17 1134/852/17 1135/1152/17
f 377/1166/11 378/1167/11 1555/1168/11 1554/1031/11
f 115/1169/15 116/1170/15 1030/806/15 1031/1157/15
f 325/1171/17 326/1172/17 1451/1173/17 1450/987/17
f 273/1174/16 274/1175/16 1347/1176/16 1346/943/16
f 221/1177/2 222/1178/2 1243/1179/2 1242/899/2
f 169/1180/33 170/1181/33 1139/1182/33 1138/855/33
f 117/1183/12 118/1184/12 1035/1185/12 1034/809/12
f 1553/1186/1 1556/1187/1 1560/1188/1 1557/1189/1
f 1449/1190/1 1452/1191/1 1456/1192/1 1453/1193/1
f 1345/1194/1 1348/1195/1 1352/1196/1 1349/1197/1
f 1241/1198/1 1244/1199/1 1248/1200/1 1245/1201/1
f 1137/1202/1 1140/1203/1 1144/1204/1 1141/1205/1
f 378/1206/24 379/1207/24 1559/1208/24 1555/1168/24
f 1033/1209/1 1036/1210/1 1040/1211/1 1037/1212/1
f 326/1213/23 327/1214/23 1455/1215/23 1451/1173/23
f 274/1216/21 275/1217/21 1351/1218/21 1347/1176/21
f 222/1219/20 223/1220/20 1247/1221/20 1243/1179/20
f 170/1222/37 171/1223/37 1143/1224/37 1139/1182/37
f 379/1225/14 380/1226/14 1558/1032/14 1559/1208/14
f 118/1227/42 119/1228/42 1039/1229/42 1035/1185/42
f 327/1230/13 328/1231/13 1454/988/13 1455/1215/13
f 275/1232/12 276/1233/12 1350/944/12 1351/1218/12
f 223/1234/10 224/1235/10 1246/900/10 1247/1221/10
f 171/1236/9 172/1237/9 1142/856/9 1143/1224/9
f 381/1238/10 382/1239/10 1563/1240/10 1562/1035/10
f 119/1241/16 120/1242/16 1038/810/16 1039/1229/16
f 329/1243/9 330/1244/9 1459/1245/9 1458/991/9
f 277/1246/4 278/1247/4 1355/1248/4 1354/947/4
f 225/1249/3 226/1250/3 1251/1251/3 1250/903/3
f 173/1252/19 174/1253/19 1147/1254/19 1146/859/19
f 121/1255/30 122/1256/30 1043/1257/30 1042/813/30
f 1561/1258/1 1564/1259/1 1568/1260/1 1565/1261/1
f 1457/1262/1 1460/1263/1 1464/1264/1 1461/1265/1
f 1353/1266/1 1356/1267/1 1360/1268/1 1357/1269/1
f 1249/1270/1 1252/1271/1 1256/1272/1 1253/1273/1
f 1145/1274/1 1148/1275/1 1152/1276/1 1149/1277/1
f 382/1278/41 383/1279/41 1567/1280/41 1563/1240/41
f 1041/1281/1 1044/1282/1 1048/1283/1 1045/1284/1
f 330/1285/40 331/1286/40 1463/1287/40 1459/1245/40
f 278/1288/32 279/1289/32 1359/1290/32 1355/1248/32
f 226/1291/46 227/1292/46 1255/1293/46 1251/1251/46
f 174/1294/25 175/1295/25 1151/1296/25 1147/1254/25
f 383/1297/2 384/1298/2 1566/1036/2 1567/1280/2
f 122/1299/36 123/1300/36 1047/1301/36 1043/1257/36
f 331/1302/33 332/1303/33 1462/992/33 1463/1287/33
f 279/1304/30 280/1305/30 1358/948/30 1359/1290/30
f 227/1306/31 228/1307/31 1254/904/31 1255/1293/31
f 175/1308/15 176/1309/15 1150/860/15 1151/1296/15
f 385/1310/31 386/1311/31 1571/1312/31 1570/1039/31
f 123/1313/4 124/1314/4 1046/814/4 1047/1301/4
f 333/1315/15 334/1316/15 1467/1317/15 1466/995/15
f 281/1318/14 282/1319/14 1363/1320/14 1362/951/14
f 229/1321/13 230/1322/13 1259/1323/13 1258/907/13
f 177/1324/12 178/1325/12 1155/1326/12 1154/863/12
f 125/1327/11 126/1328/11 1051/1329/11 1050/817/11
f 1569/1330/1 1572/1331/1 1576/1332/1 1573/1333/1
f 1465/1334/1 1468/1335/1 1472/1336/1 1469/1337/1
f 1361/1338/1 1364/1339/1 1368/1340/1 1365/1341/1
f 1257/1342/1 1260/1343/1 1264/1344/1 1261/1345/1
f 1153/1346/1 1156/1347/1 1160/1348/1 1157/1349/1
f 386/1350/35 387/1351/35 1575/1352/35 1571/1312/35
f 1049/1353/1 1052/1354/1 1056/1355/1 1053/1356/1
f 334/1357/34 335/1358/34 1471/1359/34 1467/1317/34
f 282/1360/18 283/1361/18 1367/1362/18 1363/1320/18
f 230/1363/39 231/1364/39 1263/1365/39 1259/1323/39
f 178/1366/42 179/1367/42 1159/1368/42 1155/1326/42
f 387/1369/3 388/1370/3 1574/1040/3 1575/1352/3
f 126/1371/24 127/1372/24 1055/1373/24 1051/1329/24
f 335/1374/19 336/1375/19 1470/996/19 1471/1359/19
f 283/1376/11 284/1377/11 1366/952/11 1367/1362/11
f 231/1378/17 232/1379/17 1262/908/17 1263/1365/17
f 179/1380/16 180/1381/16 1158/864/16 1159/1368/16
f 1578/1382/54 1605/1383/55 1601/1384/43 877/1385/56
f 127/1386/14 128/1387/14 1054/818/14 1055/1373/14
f 337/1388/16 338/1389/16 1475/1390/16 1474/999/16
f 285/1391/2 286/1392/2 1371/1393/2 1370/955/2
f 233/1394/33 234/1395/33 1267/1396/33 1266/911/33
f 181/1397/30 182/1398/30 1163/1399/30 1162/867/30
f 129/1400/10 130/1401/10 1059/1402/10 1058/821/10
f 1473/1403/1 1476/1404/1 1480/1405/1 1477/1406/1
f 1369/1407/1 1372/1408/1 1376/1409/1 1373/1410/1
f 1265/1411/1 1268/1412/1 1272/1413/1 1269/1414/1
f 1161/1415/1 1164/1416/1 1168/1417/1 1165/1418/1
f 1057/1419/1 1060/1420/1 1064/1421/1 1061/1422/1
f 338/1423/21 339/1424/21 1479/1425/21 1475/1390/21
f 286/1426/20 287/1427/20 1375/1428/20 1371/1393/20
f 234/1429/37 235/1430/37 1271/1431/37 1267/1396/37
f 182/1432/36 183/1433/36 1167/1434/36 1163/1399/36
f 130/1435/41 131/1436/41 1063/1437/41 1059/1402/41
f 339/1438/12 340/1439/12 1478/1000/12 1479/1425/12
f 287/1440/10 288/1441/10 1374/956/10 1375/1428/10
f 235/1442/9 236/1443/9 1270/912/9 1271/1431/9
f 183/1444/4 184/1445/4 1166/868/4 1167/1434/4
f 131/1446/2 132/1447/2 1062/822/2 1063/1437/2
f 341/1448/4 342/1449/4 1483/1450/4 1482/1003/4
f 289/1451/3 290/1452/3 1379/1453/3 1378/959/3
f 237/1454/19 238/1455/19 1275/1456/19 1274/915/19
f 185/1457/11 186/1458/11 1171/1459/11 1170/871/11
f 133/1460/17 134/1461/17 1067/1462/17 1066/827/17
f 424/122/27 423/1463/57 949/1464/57 948/123/28
f 423/1463/57 422/1465/58 951/1466/58 949/1464/57
f 422/1465/58 421/1467/59 953/1468/59 951/1466/58
f 421/1467/59 420/1469/60 955/1470/60 953/1468/59
f 1481/1471/1 1484/1472/1 1488/1473/1 1485/1474/1
f 1377/1475/1 1380/1476/1 1384/1477/1 1381/1478/1
f 1273/1479/1 1276/1480/1 1280/1481/1 1277/1482/1
f 420/1469/60 419/801/52 957/776/47 955/1470/60
f 1169/1483/1 1172/1484/1 1176/1485/1 1173/1486/1
f 1065/1487/1 1068/1488/1 1072/1489/1 1069/1490/1
f 342/1491/32 343/1492/32 1487/1493/32 1483/1450/32
f 290/1494/46 291/1495/46 1383/1496/46 1379/1453/46
f 238/1497/25 239/1498/25 1279/1499/25 1275/1456/25
f 186/1500/24 187/1501/24 1175/1502/24 1171/1459/24
f 134/1503/23 135/1504/23 1071/1505/23 1067/1462/23
f 343/1506/30 344/1507/30 1486/1004/30 1487/1493/30
f 291/1508/31 292/1509/31 1382/960/31 1383/1496/31
f 239/1510/15 240/1511/15 1278/916/15 1279/1499/15
f 187/1512/14 188/1513/14 1174/872/14 1175/1502/14
f 135/1514/13 136/1515/13 1070/828/13 1071/1505/13
f 345/1516/14 346/1517/14 1491/1518/14 1490/1007/14
f 293/1519/13 294/1520/13 1387/1521/13 1386/963/13
f 241/1522/12 242/1523/12 1283/1524/12 1282/919/12
f 189/1525/10 190/1526/10 1179/1527/10 1178/875/10
f 137/1528/9 138/1529/9 1075/1530/9 1074/831/9
f 416/32/6 415/1531/61 961/1532/61 960/33/7
f 415/1531/61 414/1533/62 963/1534/62 961/1532/61
f 414/1533/62 413/1535/63 965/1536/63 963/1534/62
f 413/1535/63 412/823/53 967/824/53 965/1536/63
f 1489/1537/1 1492/1538/1 1496/1539/1 1493/1540/1
f 1385/1541/1 1388/1542/1 1392/1543/1 1389/1544/1
f 1281/1545/1 1284/1546/1 1288/1547/1 1285/1548/1
f 406/124/29 948/123/28 975/1549/64 971/1550/1
f 1177/1551/1 1180/1552/1 1184/1553/1 1181/1554/1
f 1073/1555/1 1076/1556/1 1080/1557/1 1077/1558/1
f 346/1559/18 347/1560/18 1495/1561/18 1491/1518/18
f 294/1562/39 295/1563/39 1391/1564/39 1387/1521/39
f 242/1565/42 243/1566/42 1287/1567/42 1283/1524/42
f 190/1568/41 191/1569/41 1183/1570/41 1179/1527/41
f 138/1571/40 139/1572/40 1079/1573/40 1075/1530/40
f 347/1574/11 348/1575/11 1494/1008/11 1495/1561/11
f 295/1576/17 296/1577/17 1390/964/17 1391/1564/17
f 243/1578/16 244/1579/16 1286/920/16 1287/1567/16
f 191/1580/2 192/1581/2 1182/876/2 1183/1570/2
f 139/1582/33 140/1583/33 1078/832/33 1079/1573/33
f 349/1584/2 350/1585/2 1499/1586/2 1498/1011/2
f 297/1587/33 298/1588/33 1395/1589/33 1394/967/33
f 245/1590/30 246/1591/30 1291/1592/30 1290/923/30
f 193/1593/31 194/1594/31 1187/1595/31 1186/879/31
f 141/1596/15 142/1597/15 1083/1598/15 1082/835/15
f 1497/1599/1 1500/1600/1 1504/1601/1 1501/1602/1
f 1393/1603/1 1396/1604/1 1400/1605/1 1397/1606/1
f 1289/1607/1 1292/1608/1 1296/1609/1 1293/1610/1
f 1185/1611/1 1188/1612/1 1192/1613/1 1189/1614/1
f 1081/1615/1 1084/1616/1 1088/1617/1 1085/1618/1
f 350/1619/20 351/1620/20 1503/1621/20 1499/1586/20
f 298/1622/37 299/1623/37 1399/1624/37 1395/1589/37
f 246/1625/36 247/1626/36 1295/1627/36 1291/1592/36
f 194/1628/35 195/1629/35 1191/1630/35 1187/1595/35
f 142/1631/34 143/1632/34 1087/1633/34 1083/1598/34
f 351/1634/10 352/1635/10 1502/1012/10 1503/1621/10
f 299/1636/9 300/1637/9 1398/968/9 1399/1624/9
f 247/1638/4 248/1639/4 1294/924/4 1295/1627/4
f 195/1640/3 196/1641/3 1190/880/3 1191/1630/3
f 143/1642/19 144/1643/19 1086/836/19 1087/1633/19
f 353/1644/3 354/1645/3 1508/1646/3 1506/1015/3
f 301/1647/19 302/1648/19 1404/1649/19 1402/971/19
f 249/1650/11 250/1651/11 1300/1652/11 1298/927/11
f 197/1653/17 198/1654/17 1196/1655/17 1194/883/17
f 145/1656/16 146/1657/16 1092/351/16 1090/839/16
f 1505/1658/1 1507/1659/1 1511/1660/1 1509/1661/1
f 1401/1662/1 1403/1663/1 1407/1664/1 1405/1665/1
f 1297/1666/1 1299/1667/1 1303/1668/1 1301/1669/1
f 1193/1670/1 1195/1671/1 1199/1672/1 1197/1673/1
f 1089/1674/1 1091/1675/1 1095/1676/1 1093/1677/1
f 354/1678/46 355/1679/46 1512/348/46 1508/1646/46
f 985/1680/1 987/1681/1 991/1682/1 989/1683/1
f 302/1684/25 303/1685/25 1408/342/25 1404/1649/25
f 250/1686/24 251/1687/24 1304/338/24 1300/1652/24
f 405/769/45 406/124/29 971/1550/1 970/1688/1
f 198/1689/23 199/1690/23 1200/330/23 1196/1655/23
f 389/1/42 390/9/36 410/121/36 409/768/42
f 391/2/25 389/1/42 409/768/42 411/785/25
f 392/1691/37 391/2/25 411/785/25 412/823/37
f 393/1692/39 392/1691/37 412/823/37 413/1535/39
f 394/1693/46 393/1692/39 413/1535/39 414/1533/46
f 395/1694/20 394/1693/46 414/1533/46 415/1531/20
f 396/1695/18 395/1694/20 415/1531/20 416/32/18
f 397/1696/32 396/1695/18 416/32/18 417/31/32
f 398/1697/21 397/1696/32 417/31/32 418/778/21
f 399/17/34 398/1697/21 418/778/21 419/801/34
f 400/15/40 399/17/34 419/801/34 420/1469/40
f 401/13/23 400/15/40 420/1469/40 421/1467/23
f 402/11/35 401/13/23 421/1467/23 422/1465/35
f 403/5/41 402/11/35 422/1465/35 423/1463/41
f 404/6/24 403/5/41 423/1463/41 424/122/24
f 390/9/36 404/6/24 424/122/24 410/121/36
f 440/7/65 425/10/66 441/1698/66 456/1699/65
f 426/4/67 427/3/68 443/1700/68 442/1701/67
f 439/8/69 440/7/65 456/1699/65 455/1702/69
f 425/10/66 426/4/67 442/1701/67 441/1698/66
f 438/12/70 439/8/69 455/1702/69 454/1703/70
f 437/14/71 438/12/70 454/1703/70 453/1704/71
f 436/16/72 437/14/71 453/1704/71 452/1705/72
f 435/18/73 436/16/72 452/1705/72 451/1706/73
f 404/6/1 390/9/1 425/10/1 440/7/1
f 391/2/1 392/1691/1 428/1707/1 427/3/1
f 392/1691/1 393/1692/1 429/1708/1 428/1707/1
f 393/1692/1 394/1693/1 430/1709/1 429/1708/1
f 394/1693/1 395/1694/1 431/1710/1 430/1709/1
f 395/1694/1 396/1695/1 432/1711/1 431/1710/1
f 396/1695/1 397/1696/1 433/1712/1 432/1711/1
f 397/1696/1 398/1697/1 434/1713/1 433/1712/1
f 398/1697/1 399/17/1 435/18/1 434/1713/1
f 451/1706/1 452/1705/1 468/1714/1 467/1715/1
f 450/1716/1 451/1706/1 467/1715/1 466/1717/1
f 449/1718/1 450/1716/1 466/1717/1 465/1719/1
f 448/1720/1 449/1718/1 465/1719/1 464/1721/1
f 447/1722/1 448/1720/1 464/1721/1 463/1723/1
f 446/1724/1 447/1722/1 463/1723/1 462/1725/1
f 445/1726/1 446/1724/1 462/1725/1 461/1727/1
f 444/1728/1 445/1726/1 461/1727/1 460/1729/1
f 427/3/68 428/1707/74 444/1728/74 443/1700/68
f 428/1707/74 429/1708/75 445/1726/75 444/1728/74
f 429/1708/75 430/1709/76 446/1724/76 445/1726/75
f 430/1709/76 431/1710/77 447/1722/77 446/1724/76
f 431/1710/77 432/1711/78 448/1720/78 447/1722/77
f 432/1711/78 433/1712/79 449/1718/79 448/1720/78
f 433/1712/79 434/1713/80 450/1716/80 449/1718/79
f 434/1713/80 435/18/73 451/1706/73 450/1716/80
f 2314/1730/42 2328/1731/36 457/1732/36 458/1733/42
f 2315/1734/25 2314/1730/42 458/1733/42 459/1735/25
f 2316/1736/37 2315/1734/25 459/1735/25 460/1729/37
f 2317/1737/39 2316/1736/37 460/1729/37 461/1727/39
f 2318/1738/46 2317/1737/39 461/1727/39 462/1725/46
f 2319/1739/20 2318/1738/46 462/1725/46 463/1723/20
f 2320/1740/18 2319/1739/20 463/1723/20 464/1721/18
f 2321/1741/32 2320/1740/18 464/1721/18 465/1719/32
f 2322/1742/21 2321/1741/32 465/1719/32 466/1717/21
f 2323/1743/34 2322/1742/21 466/1717/21 467/1715/34
f 2329/1744/23 941/1745/23 940/1746/40 2324/1747/40
f 2324/1748/40 2323/1743/34 467/1715/34 468/1714/40
f 2326/1749/41 2325/1750/35 470/1751/35 471/1752/41
f 2325/1750/35 2329/1753/23 469/1754/23 470/1751/35
f 2328/1755/36 929/1756/36 944/1757/24 2327/1758/24
f 452/1705/1 453/1704/1 469/1754/1 468/1714/1
f 453/1704/1 454/1703/1 470/1751/1 469/1754/1
f 454/1703/1 455/1702/1 471/1752/1 470/1751/1
f 441/1698/1 442/1701/1 458/1733/1 457/1732/1
f 455/1702/1 456/1699/1 472/1759/1 471/1752/1
f 442/1701/1 443/1700/1 459/1735/1 458/1733/1
f 456/1699/1 441/1698/1 457/1732/1 472/1759/1
f 443/1700/1 444/1728/1 460/1729/1 459/1735/1
f 861/1760/43 898/1761/43 899/1762/43 863/1763/43
f 875/1764/43 911/1765/43 912/1766/43 876/1767/43
f 862/1768/43 897/1769/43 898/1761/43 861/1760/43
f 874/1770/43 910/1771/43 911/1765/43 875/1764/43
f 873/1772/43 909/1773/43 910/1771/43 874/1770/43
f 872/1774/43 908/1775/43 909/1773/43 873/1772/43
f 871/1776/43 907/1777/43 908/1775/43 872/1774/43
f 581/1778/2 1649/1779/2 1652/1780/2 582/1781/2
f 633/1782/3 1753/1783/3 1756/1784/3 634/1785/3
f 685/1786/4 1857/1787/4 1860/1788/4 686/1789/4
f 480/1790/41 1593/1791/41 1592/1792/15 479/1793/15
f 737/1794/9 1961/1795/9 1964/1796/9 738/1797/9
f 789/1798/10 2065/1799/10 2068/1800/10 790/1801/10
f 579/1802/11 1648/1803/11 1645/1804/11 580/1805/11
f 841/1806/12 2169/1807/12 2172/1808/12 842/1809/12
f 631/1810/10 1752/1811/10 1749/1812/10 632/1813/10
f 683/1814/12 1856/1815/12 1853/1816/12 684/1817/12
f 735/1818/13 1960/1819/13 1957/1820/13 736/1821/13
f 787/1822/14 2064/1823/14 2061/1824/14 788/1825/14
f 577/1826/14 1641/1827/14 1644/1828/14 578/1829/14
f 839/1830/15 2168/1831/15 2165/1832/15 840/1833/15
f 629/1834/2 1745/1835/2 1748/1836/2 630/1837/2
f 681/1838/16 1849/1839/16 1852/1840/16 682/1841/16
f 733/1842/17 1953/1843/17 1956/1844/17 734/1845/17
f 785/1846/11 2057/1847/11 2060/1848/11 786/1849/11
f 578/1850/18 1644/1828/18 1648/1803/18 579/1851/18
f 837/1852/19 2161/1853/19 2164/1854/19 838/1855/19
f 630/1856/20 1748/1836/20 1752/1811/20 631/1857/20
f 682/1858/21 1852/1840/21 1856/1815/21 683/1859/21
f 891/1860/81 1590/1861/82 879/1862/83 890/1863/84
f 734/1864/23 1956/1844/23 1960/1819/23 735/1865/23
f 786/1866/24 2060/1848/24 2064/1823/24 787/1867/24
f 838/1868/25 2164/1854/25 2168/1831/25 839/1869/25
f 1642/1870/43 1646/1871/43 1647/1872/43 1643/1873/43
f 1746/1874/43 1750/1875/43 1751/1876/43 1747/1877/43
f 1850/1878/43 1854/1879/43 1855/1880/43 1851/1881/43
f 474/1882/20 1581/1883/20 1580/1884/19 473/1885/19
f 1954/1886/43 1958/1887/43 1959/1888/43 1955/1889/43
f 2058/1890/43 2062/1891/43 2063/1892/43 2059/1893/43
f 575/1894/30 1640/1895/30 1637/1896/30 576/1897/30
f 2162/1898/43 2166/1899/43 2167/1900/43 2163/1901/43
f 627/1902/11 1744/1903/11 1741/1904/11 628/1905/11
f 679/1906/19 1848/1907/19 1845/1908/19 680/1909/19
f 731/1910/3 1952/1911/3 1949/1912/3 732/1913/3
f 783/1914/4 2056/1915/4 2053/1916/4 784/1917/4
f 573/1918/4 1633/1919/4 1636/1920/4 574/1921/4
f 835/1922/9 2160/1923/9 2157/1924/9 836/1925/9
f 625/1926/14 1737/1927/14 1740/1928/14 626/1929/14
f 677/1930/15 1841/1931/15 1844/1932/15 678/1933/15
f 729/1934/31 1945/1935/31 1948/1936/31 730/1937/31
f 781/1938/30 2049/1939/30 2052/1940/30 782/1941/30
f 574/1942/32 1636/1920/32 1640/1895/32 575/1943/32
f 833/1944/33 2153/1945/33 2156/1946/33 834/1947/33
f 626/1948/18 1740/1928/18 1744/1903/18 627/1949/18
f 678/1950/34 1844/1932/34 1848/1907/34 679/1951/34
f 730/1952/35 1948/1936/35 1952/1911/35 731/1953/35
f 782/1954/36 2052/1940/36 2056/1915/36 783/1955/36
f 834/1956/37 2156/1946/37 2160/1923/37 835/1957/37
f 1634/1958/43 1638/1959/43 1639/1960/43 1635/1961/43
f 1738/1962/43 1742/1963/43 1743/1964/43 1739/1965/43
f 1842/1966/43 1846/1967/43 1847/1968/43 1843/1969/43
f 565/1970/15 1618/1971/15 1620/1972/15 566/1973/15
f 1946/1974/43 1950/1975/43 1951/1976/43 1947/1977/43
f 2050/1978/43 2054/1979/43 2055/1980/43 2051/1981/43
f 571/1982/12 1632/1983/12 1629/1984/12 572/1985/12
f 2154/1986/43 2158/1987/43 2159/1988/43 2155/1989/43
f 623/1990/30 1736/1991/30 1733/1992/30 624/1993/30
f 675/1994/33 1840/1995/33 1837/1996/33 676/1997/33
f 495/1998/9 1615/1999/9 1613/2000/36 494/2001/36
f 727/2002/2 1944/2003/2 1941/2004/2 728/2005/2
f 779/2006/16 2048/2007/16 2045/2008/16 780/2009/16
f 569/2010/16 1625/2011/16 1628/2012/16 570/2013/16
f 831/2014/17 2152/2015/17 2149/2016/17 832/2017/17
f 621/2018/4 1729/2019/4 1732/2020/4 622/2021/4
f 673/2022/9 1833/2023/9 1836/2024/9 674/2025/9
f 879/1862/83 1612/2026/43 1614/2027/43 880/2028/85
f 725/2029/10 1937/2030/10 1940/2031/10 726/2032/10
f 777/2033/12 2041/2034/12 2044/2035/12 778/2036/12
f 570/2037/21 1628/2012/21 1632/1983/21 571/2038/21
f 830/2039/39 2148/2040/39 2152/2015/39 831/2041/39
f 622/2042/32 1732/2020/32 1736/1991/32 623/2043/32
f 674/2044/40 1836/2024/40 1840/1995/40 675/2045/40
f 726/2046/41 1940/2031/41 1944/2003/41 727/2047/41
f 778/2048/42 2044/2035/42 2048/2007/42 779/2049/42
f 2145/2050/43 2150/2051/43 2151/2052/43 2147/2053/43
f 1626/2054/43 1630/2055/43 1631/2056/43 1627/2057/43
f 1730/2058/43 1734/2059/43 1735/2060/43 1731/2061/43
f 1834/2062/43 1838/2063/43 1839/2064/43 1835/2065/43
f 493/2066/42 1611/2067/42 1610/2068/31 492/2069/31
f 1938/2070/43 1942/2071/43 1943/2072/43 1939/2073/43
f 2042/2074/43 2046/2075/43 2047/2076/43 2043/2077/43
f 567/2078/19 1624/2079/19 1622/2080/19 568/2081/19
f 829/2082/13 2146/2083/13 2148/2040/13 830/2084/13
f 619/2085/12 1728/2086/12 1726/2087/12 620/2088/12
f 671/2089/13 1832/2090/13 1830/2091/13 672/2092/13
f 487/2093/33 1608/2094/33 1603/2095/32 486/2096/32
f 723/2097/14 1936/2098/14 1934/2099/14 724/2100/14
f 775/2101/15 2040/2102/15 2038/2103/15 776/2104/15
f 566/2105/34 1620/1972/34 1624/2079/34 567/2106/34
f 827/2107/31 2144/2108/31 2142/2109/31 828/2110/31
f 618/2111/21 1724/2112/21 1728/2086/21 619/2113/21
f 2307/382/43 2303/381/43 2301/2114/43 2308/378/43
f 2241/353/43 2310/377/43 2289/2115/43 2287/354/43
f 2308/378/43 2301/2114/43 2299/2116/43 2297/379/43
f 2310/377/43 2293/376/43 2291/2117/43 2289/2115/43
f 2311/383/43 2307/382/43 2242/373/43 2312/372/43
f 473/1885/43 565/2118/43 566/2119/43 474/1882/43
f 474/1882/43 566/2119/43 567/2120/43 488/2121/43
f 488/2121/43 567/2120/43 568/2122/43 487/2093/43
f 487/2093/43 568/2122/43 565/2118/43 473/1885/43
f 474/1882/43 569/2123/43 570/2124/43 475/2125/43
f 475/2125/43 570/2124/43 571/2126/43 489/2127/43
f 489/2127/43 571/2126/43 572/2128/43 488/2121/43
f 488/2121/43 572/2128/43 569/2123/43 474/1882/43
f 475/2125/43 573/2129/43 574/2130/43 476/2131/43
f 476/2131/43 574/2130/43 575/2132/43 490/2133/43
f 490/2133/43 575/2132/43 576/2134/43 489/2127/43
f 489/2127/43 576/2134/43 573/2129/43 475/2125/43
f 476/2131/43 577/2135/43 578/2136/43 477/2137/43
f 477/2137/43 578/2136/43 579/2138/43 491/2139/43
f 491/2139/43 579/2138/43 580/2140/43 490/2133/43
f 490/2133/43 580/2140/43 577/2135/43 476/2131/43
f 477/2137/43 581/2141/43 582/2142/43 478/2143/43
f 478/2143/43 582/2142/43 583/2144/43 492/2069/43
f 492/2069/43 583/2144/43 584/2145/43 491/2139/43
f 491/2139/43 584/2145/43 581/2141/43 477/2137/43
f 479/1793/43 585/2146/43 586/2147/43 480/1790/43
f 480/1790/43 586/2147/43 587/2148/43 496/2149/43
f 496/2149/43 587/2148/43 588/2150/43 495/1998/43
f 495/1998/43 588/2150/43 585/2146/43 479/1793/43
f 480/1790/43 589/2151/43 590/2152/43 481/2153/43
f 481/2153/43 590/2152/43 591/2154/43 497/2155/43
f 497/2155/43 591/2154/43 592/2156/43 496/2149/43
f 496/2149/43 592/2156/43 589/2151/43 480/1790/43
f 481/2153/43 593/2157/43 594/2158/43 482/2159/43
f 482/2159/43 594/2158/43 595/2160/43 498/2161/43
f 498/2161/43 595/2160/43 596/2162/43 497/2155/43
f 497/2155/43 596/2162/43 593/2157/43 481/2153/43
f 482/2159/43 597/2163/43 598/2164/43 483/2165/43
f 483/2165/43 598/2164/43 599/2166/43 499/2167/43
f 499/2167/43 599/2166/43 600/2168/43 498/2161/43
f 498/2161/43 600/2168/43 597/2163/43 482/2159/43
f 483/2165/43 601/2169/43 602/2170/43 484/2171/43
f 484/2171/43 602/2170/43 603/2172/43 500/2173/43
f 500/2173/43 603/2172/43 604/2174/43 499/2167/43
f 499/2167/43 604/2174/43 601/2169/43 483/2165/43
f 485/2175/43 605/2176/43 606/2177/43 486/2096/43
f 486/2096/43 606/2177/43 607/2178/43 502/2179/43
f 502/2179/43 607/2178/43 608/2180/43 501/2181/43
f 501/2181/43 608/2180/43 605/2176/43 485/2175/43
f 486/2096/43 609/2182/43 610/2183/43 487/2093/43
f 487/2093/43 610/2183/43 611/2184/43 503/2185/43
f 503/2185/43 611/2184/43 612/2186/43 502/2179/43
f 502/2179/43 612/2186/43 609/2182/43 486/2096/43
f 487/2093/43 613/2187/43 614/2188/43 488/2121/43
f 488/2121/43 614/2188/43 615/2189/43 504/2190/43
f 504/2190/43 615/2189/43 616/2191/43 503/2185/43
f 503/2185/43 616/2191/43 613/2187/43 487/2093/43
f 488/2121/43 617/2192/43 618/2193/43 489/2127/43
f 489/2127/43 618/2193/43 619/2194/43 505/2195/43
f 505/2195/43 619/2194/43 620/2196/43 504/2190/43
f 504/2190/43 620/2196/43 617/2192/43 488/2121/43
f 489/2127/43 621/2197/43 622/2198/43 490/2133/43
f 490/2133/43 622/2198/43 623/2199/43 506/2200/43
f 506/2200/43 623/2199/43 624/2201/43 505/2195/43
f 505/2195/43 624/2201/43 621/2197/43 489/2127/43
f 490/2133/43 625/2202/43 626/2203/43 491/2139/43
f 491/2139/43 626/2203/43 627/2204/43 507/2205/43
f 507/2205/43 627/2204/43 628/2206/43 506/2200/43
f 506/2200/43 628/2206/43 625/2202/43 490/2133/43
f 491/2139/43 629/2207/43 630/2208/43 492/2069/43
f 492/2069/43 630/2208/43 631/2209/43 508/2210/43
f 508/2210/43 631/2209/43 632/2211/43 507/2205/43
f 507/2205/43 632/2211/43 629/2207/43 491/2139/43
f 492/2069/43 633/2212/43 634/2213/43 493/2066/43
f 493/2066/43 634/2213/43 635/2214/43 509/2215/43
f 509/2215/43 635/2214/43 636/2216/43 508/2210/43
f 508/2210/43 636/2216/43 633/2212/43 492/2069/43
f 493/2066/43 637/2217/43 638/2218/43 494/2001/43
f 494/2001/43 638/2218/43 639/2219/43 510/2220/43
f 510/2220/43 639/2219/43 640/2221/43 509/2215/43
f 509/2215/43 640/2221/43 637/2217/43 493/2066/43
f 494/2001/43 641/2222/43 642/2223/43 495/1998/43
f 495/1998/43 642/2223/43 643/2224/43 511/2225/43
f 511/2225/43 643/2224/43 644/2226/43 510/2220/43
f 510/2220/43 644/2226/43 641/2222/43 494/2001/43
f 495/1998/43 645/2227/43 646/2228/43 496/2149/43
f 496/2149/43 646/2228/43 647/2229/43 512/2230/43
f 512/2230/43 647/2229/43 648/2231/43 511/2225/43
f 511/2225/43 648/2231/43 645/2227/43 495/1998/43
f 496/2149/43 649/2232/43 650/2233/43 497/2155/43
f 497/2155/43 650/2233/43 651/2234/43 513/2235/43
f 513/2235/43 651/2234/43 652/2236/43 512/2230/43
f 512/2230/43 652/2236/43 649/2232/43 496/2149/43
f 497/2155/43 653/2237/43 654/2238/43 498/2161/43
f 498/2161/43 654/2238/43 655/2239/43 514/2240/43
f 514/2240/43 655/2239/43 656/2241/43 513/2235/43
f 513/2235/43 656/2241/43 653/2237/43 497/2155/43
f 498/2161/43 657/2242/43 658/2243/43 499/2167/43
f 499/2167/43 658/2243/43 659/2244/43 515/2245/43
f 515/2245/43 659/2244/43 660/2246/43 514/2240/43
f 514/2240/43 660/2246/43 657/2242/43 498/2161/43
f 499/2167/43 661/2247/43 662/2248/43 500/2173/43
f 500/2173/43 662/2248/43 663/2249/43 516/2250/43
f 516/2250/43 663/2249/43 664/2251/43 515/2245/43
f 515/2245/43 664/2251/43 661/2247/43 499/2167/43
f 500/2173/43 665/2252/43 666/2253/43 485/2175/43
f 485/2175/43 666/2253/43 667/2254/43 501/2181/43
f 501/2181/43 667/2254/43 668/2255/43 516/2250/43
f 516/2250/43 668/2255/43 665/2252/43 500/2173/43
f 501/2181/43 669/2256/43 670/2257/43 502/2179/43
f 502/2179/43 670/2257/43 671/2258/43 518/2259/43
f 518/2259/43 671/2258/43 672/2260/43 517/2261/43
f 517/2261/43 672/2260/43 669/2256/43 501/2181/43
f 502/2179/43 673/2262/43 674/2263/43 503/2185/43
f 503/2185/43 674/2263/43 675/2264/43 519/2265/43
f 519/2265/43 675/2264/43 676/2266/43 518/2259/43
f 518/2259/43 676/2266/43 673/2262/43 502/2179/43
f 503/2185/43 677/2267/43 678/2268/43 504/2190/43
f 504/2190/43 678/2268/43 679/2269/43 520/2270/43
f 520/2270/43 679/2269/43 680/2271/43 519/2265/43
f 519/2265/43 680/2271/43 677/2267/43 503/2185/43
f 504/2190/43 681/2272/43 682/2273/43 505/2195/43
f 505/2195/43 682/2273/43 683/2274/43 521/2275/43
f 521/2275/43 683/2274/43 684/2276/43 520/2270/43
f 520/2270/43 684/2276/43 681/2272/43 504/2190/43
f 505/2195/43 685/2277/43 686/2278/43 506/2200/43
f 506/2200/43 686/2278/43 687/2279/43 522/2280/43
f 522/2280/43 687/2279/43 688/2281/43 521/2275/43
f 521/2275/43 688/2281/43 685/2277/43 505/2195/43
f 506/2200/43 689/2282/43 690/2283/43 507/2205/43
f 507/2205/43 690/2283/43 691/2284/43 523/2285/43
f 523/2285/43 691/2284/43 692/2286/43 522/2280/43
f 522/2280/43 692/2286/43 689/2282/43 506/2200/43
f 507/2205/43 693/2287/43 694/2288/43 508/2210/43
f 508/2210/43 694/2288/43 695/2289/43 524/2290/43
f 524/2290/43 695/2289/43 696/2291/43 523/2285/43
f 523/2285/43 696/2291/43 693/2287/43 507/2205/43
f 508/2210/43 697/2292/43 698/2293/43 509/2215/43
f 509/2215/43 698/2293/43 699/2294/43 525/2295/43
f 525/2295/43 699/2294/43 700/2296/43 524/2290/43
f 524/2290/43 700/2296/43 697/2292/43 508/2210/43
f 509/2215/43 701/2297/43 702/2298/43 510/2220/43
f 510/2220/43 702/2298/43 703/2299/43 526/2300/43
f 526/2300/43 703/2299/43 704/2301/43 525/2295/43
f 525/2295/43 704/2301/43 701/2297/43 509/2215/43
f 510/2220/43 705/2302/43 706/2303/43 511/2225/43
f 511/2225/43 706/2303/43 707/2304/43 527/2305/43
f 527/2305/43 707/2304/43 708/2306/43 526/2300/43
f 526/2300/43 708/2306/43 705/2302/43 510/2220/43
f 511/2225/43 709/2307/43 710/2308/43 512/2230/43
f 512/2230/43 710/2308/43 711/2309/43 528/2310/43
f 528/2310/43 711/2309/43 712/2311/43 527/2305/43
f 527/2305/43 712/2311/43 709/2307/43 511/2225/43
f 512/2230/43 713/2312/43 714/2313/43 513/2235/43
f 513/2235/43 714/2313/43 715/2314/43 529/2315/43
f 529/2315/43 715/2314/43 716/2316/43 528/2310/43
f 528/2310/43 716/2316/43 713/2312/43 512/2230/43
f 513/2235/43 717/2317/43 718/2318/43 514/2240/43
f 514/2240/43 718/2318/43 719/2319/43 530/2320/43
f 530/2320/43 719/2319/43 720/2321/43 529/2315/43
f 529/2315/43 720/2321/43 717/2317/43 513/2235/43
f 514/2240/43 721/2322/43 722/2323/43 515/2245/43
f 515/2245/43 722/2323/43 723/2324/43 531/2325/43
f 531/2325/43 723/2324/43 724/2326/43 530/2320/43
f 530/2320/43 724/2326/43 721/2322/43 514/2240/43
f 515/2245/43 725/2327/43 726/2328/43 516/2250/43
f 516/2250/43 726/2328/43 727/2329/43 532/2330/43
f 532/2330/43 727/2329/43 728/2331/43 531/2325/43
f 531/2325/43 728/2331/43 725/2327/43 515/2245/43
f 516/2250/43 729/2332/43 730/2333/43 501/2181/43
f 501/2181/43 730/2333/43 731/2334/43 517/2261/43
f 517/2261/43 731/2334/43 732/2335/43 532/2330/43
f 532/2330/43 732/2335/43 729/2332/43 516/2250/43
f 517/2261/43 733/2336/43 734/2337/43 518/2259/43
f 518/2259/43 734/2337/43 735/2338/43 534/2339/43
f 534/2339/43 735/2338/43 736/2340/43 533/2341/43
f 533/2341/43 736/2340/43 733/2336/43 517/2261/43
f 518/2259/43 737/2342/43 738/2343/43 519/2265/43
f 519/2265/43 738/2343/43 739/2344/43 535/2345/43
f 535/2345/43 739/2344/43 740/2346/43 534/2339/43
f 534/2339/43 740/2346/43 737/2342/43 518/2259/43
f 519/2265/43 741/2347/43 742/2348/43 520/2270/43
f 520/2270/43 742/2348/43 743/2349/43 536/2350/43
f 536/2350/43 743/2349/43 744/2351/43 535/2345/43
f 535/2345/43 744/2351/43 741/2347/43 519/2265/43
f 520/2270/43 745/2352/43 746/2353/43 521/2275/43
f 521/2275/43 746/2353/43 747/2354/43 537/2355/43
f 537/2355/43 747/2354/43 748/2356/43 536/2350/43
f 536/2350/43 748/2356/43 745/2352/43 520/2270/43
f 521/2275/43 749/2357/43 750/2358/43 522/2280/43
f 522/2280/43 750/2358/43 751/2359/43 538/2360/43
f 538/2360/43 751/2359/43 752/2361/43 537/2355/43
f 537/2355/43 752/2361/43 749/2357/43 521/2275/43
f 522/2280/43 753/2362/43 754/2363/43 523/2285/43
f 523/2285/43 754/2363/43 755/2364/43 539/2365/43
f 539/2365/43 755/2364/43 756/2366/43 538/2360/43
f 538/2360/43 756/2366/43 753/2362/43 522/2280/43
f 523/2285/43 757/2367/43 758/2368/43 524/2290/43
f 524/2290/43 758/2368/43 759/2369/43 540/2370/43
f 540/2370/43 759/2369/43 760/2371/43 539/2365/43
f 539/2365/43 760/2371/43 757/2367/43 523/2285/43
f 524/2290/43 761/2372/43 762/2373/43 525/2295/43
f 525/2295/43 762/2373/43 763/2374/43 541/2375/43
f 541/2375/43 763/2374/43 764/2376/43 540/2370/43
f 540/2370/43 764/2376/43 761/2372/43 524/2290/43
f 525/2295/43 765/2377/43 766/2378/43 526/2300/43
f 526/2300/43 766/2378/43 767/2379/43 542/2380/43
f 542/2380/43 767/2379/43 768/2381/43 541/2375/43
f 541/2375/43 768/2381/43 765/2377/43 525/2295/43
f 526/2300/43 769/2382/43 770/2383/43 527/2305/43
f 527/2305/43 770/2383/43 771/2384/43 543/2385/43
f 543/2385/43 771/2384/43 772/2386/43 542/2380/43
f 542/2380/43 772/2386/43 769/2382/43 526/2300/43
f 527/2305/43 773/2387/43 774/2388/43 528/2310/43
f 528/2310/43 774/2388/43 775/2389/43 544/2390/43
f 544/2390/43 775/2389/43 776/2391/43 543/2385/43
f 543/2385/43 776/2391/43 773/2387/43 527/2305/43
f 528/2310/43 777/2392/43 778/2393/43 529/2315/43
f 529/2315/43 778/2393/43 779/2394/43 545/2395/43
f 545/2395/43 779/2394/43 780/2396/43 544/2390/43
f 544/2390/43 780/2396/43 777/2392/43 528/2310/43
f 529/2315/43 781/2397/43 782/2398/43 530/2320/43
f 530/2320/43 782/2398/43 783/2399/43 546/2400/43
f 546/2400/43 783/2399/43 784/2401/43 545/2395/43
f 545/2395/43 784/2401/43 781/2397/43 529/2315/43
f 530/2320/43 785/2402/43 786/2403/43 531/2325/43
f 531/2325/43 786/2403/43 787/2404/43 547/2405/43
f 547/2405/43 787/2404/43 788/2406/43 546/2400/43
f 546/2400/43 788/2406/43 785/2402/43 530/2320/43
f 531/2325/43 789/2407/43 790/2408/43 532/2330/43
f 532/2330/43 790/2408/43 791/2409/43 548/2410/43
f 548/2410/43 791/2409/43 792/2411/43 547/2405/43
f 547/2405/43 792/2411/43 789/2407/43 531/2325/43
f 532/2330/43 793/2412/43 794/2413/43 517/2261/43
f 517/2261/43 794/2413/43 795/2414/43 533/2341/43
f 533/2341/43 795/2414/43 796/2415/43 548/2410/43
f 548/2410/43 796/2415/43 793/2412/43 532/2330/43
f 533/2341/43 797/2416/43 798/2417/43 534/2339/43
f 534/2339/43 798/2417/43 799/2418/43 2226/2419/43
f 2226/2419/43 799/2418/43 800/2420/43 2225/2421/43
f 2225/2421/43 800/2420/43 797/2416/43 533/2341/43
f 534/2339/43 801/2422/43 802/2423/43 535/2345/43
f 535/2345/43 802/2423/43 803/2424/43 2228/2425/43
f 2228/2425/43 803/2424/43 804/2426/43 2226/2419/43
f 2226/2419/43 804/2426/43 801/2422/43 534/2339/43
f 535/2345/43 805/2427/43 806/2428/43 536/2350/43
f 536/2350/43 806/2428/43 807/2429/43 2229/2430/43
f 2229/2430/43 807/2429/43 808/2431/43 2228/2425/43
f 2228/2425/43 808/2431/43 805/2427/43 535/2345/43
f 536/2350/43 809/2432/43 810/2433/43 537/2355/43
f 537/2355/43 810/2433/43 811/2434/43 2230/2435/43
f 2230/2435/43 811/2434/43 812/2436/43 2229/2430/43
f 2229/2430/43 812/2436/43 809/2432/43 536/2350/43
f 537/2355/43 813/2437/43 814/2438/43 538/2360/43
f 538/2360/43 814/2438/43 815/2439/43 2231/2440/43
f 2231/2440/43 815/2439/43 816/2441/43 2230/2435/43
f 2230/2435/43 816/2441/43 813/2437/43 537/2355/43
f 538/2360/43 817/2442/43 818/2443/43 539/2365/43
f 539/2365/43 818/2443/43 819/2444/43 2232/2445/43
f 2232/2445/43 819/2444/43 820/2446/43 2231/2440/43
f 2231/2440/43 820/2446/43 817/2442/43 538/2360/43
f 539/2365/43 821/2447/43 822/2448/43 540/2370/43
f 540/2370/43 822/2448/43 823/2449/43 2233/2450/43
f 2233/2450/43 823/2449/43 824/2451/43 2232/2445/43
f 2232/2445/43 824/2451/43 821/2447/43 539/2365/43
f 540/2370/43 825/2452/43 826/2453/43 541/2375/43
f 541/2375/43 826/2453/43 827/2454/43 2234/2455/43
f 2234/2455/43 827/2454/43 828/2456/43 2233/2450/43
f 2233/2450/43 828/2456/43 825/2452/43 540/2370/43
f 541/2375/43 829/2457/43 830/2458/43 542/2380/43
f 542/2380/43 830/2458/43 831/2459/43 2235/2460/43
f 2235/2460/43 831/2459/43 832/2461/43 2234/2455/43
f 2234/2455/43 832/2461/43 829/2457/43 541/2375/43
f 542/2380/43 833/2462/43 834/2463/43 543/2385/43
f 543/2385/43 834/2463/43 835/2464/43 2236/2465/43
f 2236/2465/43 835/2464/43 836/2466/43 2235/2460/43
f 2235/2460/43 836/2466/43 833/2462/43 542/2380/43
f 543/2385/43 837/2467/43 838/2468/43 544/2390/43
f 544/2390/43 838/2468/43 839/2469/43 2237/2470/43
f 2237/2470/43 839/2469/43 840/2471/43 2236/2465/43
f 2236/2465/43 840/2471/43 837/2467/43 543/2385/43
f 544/2390/43 841/2472/43 842/2473/43 545/2395/43
f 545/2395/43 842/2473/43 843/2474/43 2238/2475/43
f 2238/2475/43 843/2474/43 844/2476/43 2237/2470/43
f 2237/2470/43 844/2476/43 841/2472/43 544/2390/43
f 545/2395/43 845/2477/43 846/2478/43 546/2400/43
f 546/2400/43 846/2478/43 847/2479/43 2239/2480/43
f 2239/2480/43 847/2479/43 848/2481/43 2238/2475/43
f 2238/2475/43 848/2481/43 845/2477/43 545/2395/43
f 546/2400/43 849/2482/43 850/2483/43 547/2405/43
f 547/2405/43 850/2483/43 851/2484/43 2240/2485/43
f 2240/2485/43 851/2484/43 852/2486/43 2239/2480/43
f 2239/2480/43 852/2486/43 849/2482/43 546/2400/43
f 547/2405/43 853/2487/43 854/2488/43 548/2410/43
f 548/2410/43 854/2488/43 855/2489/43 2227/2490/43
f 2227/2490/43 855/2489/43 856/2491/43 2240/2485/43
f 2240/2485/43 856/2491/43 853/2487/43 547/2405/43
f 548/2410/43 857/2492/43 858/2493/43 533/2341/43
f 533/2341/43 858/2493/43 859/2494/43 2225/2421/43
f 2225/2421/43 859/2494/43 860/2495/43 2227/2490/43
f 2227/2490/43 860/2495/43 857/2492/43 548/2410/43
f 881/2496/86 877/1385/56 878/2497/87 882/2498/88
f 473/1885/40 1580/2499/40 1608/2094/40 487/2093/40
f 882/2498/88 878/2497/87 1579/2500/89 896/2501/90
f 476/2131/39 1585/2502/39 1583/2503/46 475/2125/46
f 477/2137/37 1587/2504/37 1585/2502/39 476/2131/39
f 478/2143/10 1589/2505/10 1587/2504/37 477/2137/37
f 1590/1861/82 1609/2506/91 1612/2026/43 879/1862/83
f 880/2028/85 1614/2027/43 1616/2507/92 1591/2508/93
f 890/1863/84 879/1862/83 880/2028/85 889/2509/94
f 479/1793/37 1592/2510/37 1615/1999/37 495/1998/37
f 889/2509/94 880/2028/85 1591/2508/93 888/2511/95
f 482/2159/23 1597/2512/23 1595/2513/35 481/2153/35
f 483/2165/40 1599/2514/40 1597/2512/23 482/2159/23
f 486/2096/32 1603/2095/32 1602/2515/21 485/2175/21
f 878/2497/87 1604/2516/43 1607/2517/96 1579/2500/89
f 484/2171/2 1577/2518/2 1599/2514/40 483/2165/40
f 485/2175/21 1602/2515/21 1606/2519/3 500/2173/3
f 896/2501/90 1579/2500/89 1582/2520/97 895/2521/97
f 568/2522/37 1622/2080/37 1618/1971/37 565/2523/37
f 572/2524/25 1629/1984/25 1625/2011/25 569/2525/25
f 576/2526/42 1637/1896/42 1633/1919/42 573/2527/42
f 580/2528/36 1645/1804/36 1641/1827/36 577/2529/36
f 584/2530/24 1653/2531/24 1649/1779/24 581/2532/24
f 492/2069/41 1610/2533/41 1589/2534/41 478/2143/41
f 494/2001/36 1613/2000/36 1611/2067/42 493/2066/42
f 888/2511/95 1591/2508/93 1594/2535/98 887/2536/98
f 588/2537/40 1661/2538/40 1657/2539/40 585/2540/40
f 592/2541/34 1669/2542/34 1665/2543/34 589/2544/34
f 596/2545/21 1677/2546/21 1673/2547/21 593/2548/21
f 600/2549/32 1685/2550/32 1681/2551/32 597/2552/32
f 604/2553/18 1693/2554/18 1689/2555/18 601/2556/18
f 500/2173/20 1606/2519/20 1577/2557/20 484/2171/20
f 608/2558/46 1701/2559/46 1697/2560/46 605/2561/46
f 612/2562/39 1709/2563/39 1705/2564/39 609/2565/39
f 616/2566/37 1717/2567/37 1713/2568/37 613/2569/37
f 620/2570/25 1726/2087/25 1722/2571/25 617/2572/25
f 624/2573/42 1733/1992/42 1729/2019/42 621/2574/42
f 628/2575/36 1741/1904/36 1737/1927/36 625/2576/36
f 632/2577/24 1749/1812/24 1745/1835/24 629/2578/24
f 636/2579/41 1757/2580/41 1753/1783/41 633/2581/41
f 640/2582/35 1765/2583/35 1761/2584/35 637/2585/35
f 644/2586/23 1773/2587/23 1769/2588/23 641/2589/23
f 648/2590/40 1781/2591/40 1777/2592/40 645/2593/40
f 652/2594/34 1789/2595/34 1785/2596/34 649/2597/34
f 656/2598/21 1797/2599/21 1793/2600/21 653/2601/21
f 660/2602/32 1805/2603/32 1801/2604/32 657/2605/32
f 664/2606/18 1813/2607/18 1809/2608/18 661/2609/18
f 668/2610/20 1821/2611/20 1817/2612/20 665/2613/20
f 672/2614/46 1830/2091/46 1825/2615/46 669/2616/46
f 676/2617/39 1837/1996/39 1833/2023/39 673/2618/39
f 680/2619/37 1845/1908/37 1841/1931/37 677/2620/37
f 684/2621/25 1853/1816/25 1849/1839/25 681/2622/25
f 688/2623/42 1861/2624/42 1857/1787/42 685/2625/42
f 692/2626/36 1869/2627/36 1865/2628/36 689/2629/36
f 696/2630/24 1877/2631/24 1873/2632/24 693/2633/24
f 700/2634/41 1885/2635/41 1881/2636/41 697/2637/41
f 704/2638/35 1893/2639/35 1889/2640/35 701/2641/35
f 708/2642/23 1901/2643/23 1897/2644/23 705/2645/23
f 712/2646/40 1909/2647/40 1905/2648/40 709/2649/40
f 716/2650/34 1917/2651/34 1913/2652/34 713/2653/34
f 720/2654/21 1925/2655/21 1921/2656/21 717/2657/21
f 724/2658/32 1934/2099/32 1929/2659/32 721/2660/32
f 728/2661/18 1941/2004/18 1937/2030/18 725/2662/18
f 732/2663/20 1949/1912/20 1945/1935/20 729/2664/20
f 736/2665/46 1957/1820/46 1953/1843/46 733/2666/46
f 740/2667/39 1965/2668/39 1961/1795/39 737/2669/39
f 744/2670/37 1973/2671/37 1969/2672/37 741/2673/37
f 748/2674/25 1981/2675/25 1977/2676/25 745/2677/25
f 752/2678/42 1989/2679/42 1985/2680/42 749/2681/42
f 756/2682/36 1997/2683/36 1993/2684/36 753/2685/36
f 760/2686/24 2005/2687/24 2001/2688/24 757/2689/24
f 764/2690/41 2013/2691/41 2009/2692/41 761/2693/41
f 768/2694/35 2021/2695/35 2017/2696/35 765/2697/35
f 772/2698/23 2029/2699/23 2025/2700/23 769/2701/23
f 776/2702/40 2038/2103/40 2033/2703/40 773/2704/40
f 780/2705/34 2045/2008/34 2041/2034/34 777/2706/34
f 784/2707/21 2053/1916/21 2049/1939/21 781/2708/21
f 788/2709/32 2061/1824/32 2057/1847/32 785/2710/32
f 792/2711/18 2069/2712/18 2065/1799/18 789/2713/18
f 796/2714/20 2077/2715/20 2073/2716/20 793/2717/20
f 800/2718/46 2085/2719/46 2081/2720/46 797/2721/46
f 804/2722/39 2093/2723/39 2089/2724/39 801/2725/39
f 808/2726/37 2101/2727/37 2097/2728/37 805/2729/37
f 812/2730/25 2109/2731/25 2105/2732/25 809/2733/25
f 816/2734/42 2117/2735/42 2113/2736/42 813/2737/42
f 820/2738/36 2125/2739/36 2121/2740/36 817/2741/36
f 824/2742/24 2133/2743/24 2129/2744/24 821/2745/24
f 828/2746/41 2142/2109/41 2137/2747/41 825/2748/41
f 832/2749/35 2149/2016/35 2146/2083/35 829/2750/35
f 836/2751/23 2157/1924/23 2153/1945/23 833/2752/23
f 840/2753/40 2165/1832/40 2161/1853/40 837/2754/40
f 844/2755/34 2173/2756/34 2169/1807/34 841/2757/34
f 848/2758/21 2181/2759/21 2177/2760/21 845/2761/21
f 852/2762/32 2189/2763/32 2185/2764/32 849/2765/32
f 856/2766/18 2197/2767/18 2193/2768/18 853/2769/18
f 860/2770/20 2205/2771/20 2201/2772/20 857/2773/20
f 2170/2774/43 2174/2775/43 2175/2776/43 2171/2777/43
f 2066/2778/43 2070/2779/43 2071/2780/43 2067/2781/43
f 1962/2782/43 1966/2783/43 1967/2784/43 1963/2785/43
f 883/2786/99 1578/1382/54 877/1385/56 881/2496/86
f 1858/2787/43 1862/2788/43 1863/2789/43 1859/2790/43
f 1754/2791/43 1758/2792/43 1759/2793/43 1755/2794/43
f 842/2795/42 2172/1808/42 2176/2796/42 843/2797/42
f 1650/2798/43 1654/2799/43 1655/2800/43 1651/2801/43
f 790/2802/41 2068/1800/41 2072/2803/41 791/2804/41
f 738/2805/40 1964/1796/40 1968/2806/40 739/2807/40
f 686/2808/32 1860/1788/32 1864/2809/32 687/2810/32
f 634/2811/46 1756/1784/46 1760/2812/46 635/2813/46
f 843/2814/16 2176/2796/16 2173/2756/16 844/2815/16
f 582/2816/20 1652/1780/20 1656/2817/20 583/2818/20
f 791/2819/2 2072/2803/2 2069/2712/2 792/2820/2
f 739/2821/33 1968/2806/33 1965/2668/33 740/2822/33
f 687/2823/30 1864/2809/30 1861/2624/30 688/2824/30
f 635/2825/31 1760/2812/31 1757/2580/31 636/2826/31
f 845/2827/30 2177/2760/30 2180/2828/30 846/2829/30
f 583/2830/10 1656/2817/10 1653/2531/10 584/2831/10
f 793/2832/31 2073/2716/31 2076/2833/31 794/2834/31
f 741/2835/15 1969/2672/15 1972/2836/15 742/2837/15
f 689/2838/14 1865/2628/14 1868/2839/14 690/2840/14
f 637/2841/13 1761/2584/13 1764/2842/13 638/2843/13
f 585/2844/19 1657/2539/19 1660/2845/19 586/2846/19
f 2178/2847/43 2182/2848/43 2183/2849/43 2179/2850/43
f 2074/2851/43 2078/2852/43 2079/2853/43 2075/2854/43
f 1970/2855/43 1974/2856/43 1975/2857/43 1971/2858/43
f 1866/2859/43 1870/2860/43 1871/2861/43 1867/2862/43
f 1762/2863/43 1766/2864/43 1767/2865/43 1763/2866/43
f 846/2867/36 2180/2828/36 2184/2868/36 847/2869/36
f 1658/2870/43 1662/2871/43 1663/2872/43 1659/2873/43
f 794/2874/35 2076/2833/35 2080/2875/35 795/2876/35
f 742/2877/34 1972/2836/34 1976/2878/34 743/2879/34
f 690/2880/18 1868/2839/18 1872/2881/18 691/2882/18
f 638/2883/39 1764/2842/39 1768/2884/39 639/2885/39
f 847/2886/4 2184/2868/4 2181/2759/4 848/2887/4
f 586/2888/25 1660/2845/25 1664/2889/25 587/2890/25
f 795/2891/3 2080/2875/3 2077/2715/3 796/2892/3
f 743/2893/19 1976/2878/19 1973/2671/19 744/2894/19
f 691/2895/11 1872/2881/11 1869/2627/11 692/2896/11
f 639/2897/17 1768/2884/17 1765/2583/17 640/2898/17
f 849/2899/11 2185/2764/11 2188/2900/11 850/2901/11
f 587/2902/15 1664/2889/15 1661/2538/15 588/2903/15
f 797/2904/17 2081/2720/17 2084/2905/17 798/2906/17
f 745/2907/16 1977/2676/16 1980/2908/16 746/2909/16
f 693/2910/2 1873/2632/2 1876/2911/2 694/2912/2
f 641/2913/33 1769/2588/33 1772/2914/33 642/2915/33
f 589/2916/12 1665/2543/12 1668/2917/12 590/2918/12
f 2186/2919/43 2190/2920/43 2191/2921/43 2187/2922/43
f 2082/2923/43 2086/2924/43 2087/2925/43 2083/2926/43
f 1978/2927/43 1982/2928/43 1983/2929/43 1979/2930/43
f 1874/2931/43 1878/2932/43 1879/2933/43 1875/2934/43
f 1770/2935/43 1774/2936/43 1775/2937/43 1771/2938/43
f 850/2939/24 2188/2900/24 2192/2940/24 851/2941/24
f 1666/2942/43 1670/2943/43 1671/2944/43 1667/2945/43
f 798/2946/23 2084/2905/23 2088/2947/23 799/2948/23
f 746/2949/21 1980/2908/21 1984/2950/21 747/2951/21
f 694/2952/20 1876/2911/20 1880/2953/20 695/2954/20
f 642/2955/37 1772/2914/37 1776/2956/37 643/2957/37
f 851/2958/14 2192/2940/14 2189/2763/14 852/2959/14
f 590/2960/42 1668/2917/42 1672/2961/42 591/2962/42
f 799/2963/13 2088/2947/13 2085/2719/13 800/2964/13
f 747/2965/12 1984/2950/12 1981/2675/12 748/2966/12
f 695/2967/10 1880/2953/10 1877/2631/10 696/2968/10
f 643/2957/9 1776/2956/9 1773/2587/9 644/2969/9
f 853/2970/10 2193/2768/10 2196/2971/10 854/2972/10
f 591/2973/16 1672/2961/16 1669/2542/16 592/2974/16
f 801/2975/9 2089/2724/9 2092/2976/9 802/2977/9
f 749/2978/4 1985/2680/4 1988/2979/4 750/2980/4
f 697/2981/3 1881/2636/3 1884/2982/3 698/2983/3
f 645/2984/19 1777/2592/19 1780/2985/19 646/2986/19
f 593/2987/30 1673/2547/30 1676/2988/30 594/2989/30
f 2194/2990/43 2198/2991/43 2199/2992/43 2195/2993/43
f 2090/2994/43 2094/2995/43 2095/2996/43 2091/2997/43
f 1986/2998/43 1990/2999/43 1991/3000/43 1987/3001/43
f 1882/3002/43 1886/3003/43 1887/3004/43 1883/3005/43
f 1778/3006/43 1782/3007/43 1783/3008/43 1779/3009/43
f 854/3010/41 2196/2971/41 2200/3011/41 855/3012/41
f 1674/3013/43 1678/3014/43 1679/3015/43 1675/3016/43
f 802/3017/40 2092/2976/40 2096/3018/40 803/3019/40
f 750/3020/32 1988/2979/32 1992/3021/32 751/3022/32
f 698/3023/46 1884/2982/46 1888/3024/46 699/3025/46
f 646/3026/25 1780/2985/25 1784/3027/25 647/3028/25
f 855/3029/2 2200/3011/2 2197/2767/2 856/3030/2
f 594/3031/36 1676/2988/36 1680/3032/36 595/3033/36
f 803/3034/33 2096/3018/33 2093/2723/33 804/3035/33
f 751/3036/30 1992/3021/30 1989/2679/30 752/3037/30
f 699/3038/31 1888/3024/31 1885/2635/31 700/3039/31
f 647/3040/15 1784/3027/15 1781/2591/15 648/3041/15
f 857/3042/31 2201/2772/31 2204/3043/31 858/3044/31
f 595/3045/4 1680/3032/4 1677/2546/4 596/3046/4
f 805/3047/15 2097/2728/15 2100/3048/15 806/3049/15
f 753/3050/14 1993/2684/14 1996/3051/14 754/3052/14
f 701/3053/13 1889/2640/13 1892/3054/13 702/3055/13
f 649/3056/12 1785/2596/12 1788/3057/12 650/3058/12
f 597/3059/11 1681/2551/11 1684/3060/11 598/3061/11
f 2202/3062/43 2206/3063/43 2207/3064/43 2203/3065/43
f 2098/3066/43 2102/3067/43 2103/3068/43 2099/3069/43
f 1994/3070/43 1998/3071/43 1999/3072/43 1995/3073/43
f 1890/3074/43 1894/3075/43 1895/3076/43 1891/3077/43
f 1786/3078/43 1790/3079/43 1791/3080/43 1787/3081/43
f 858/3082/35 2204/3043/35 2208/3083/35 859/3084/35
f 1682/3085/43 1686/3086/43 1687/3087/43 1683/3088/43
f 806/3089/34 2100/3048/34 2104/3090/34 807/3091/34
f 754/3092/18 1996/3051/18 2000/3093/18 755/3094/18
f 702/3095/39 1892/3054/39 1896/3096/39 703/3097/39
f 650/3098/42 1788/3057/42 1792/3099/42 651/3100/42
f 859/3101/3 2208/3083/3 2205/2771/3 860/3102/3
f 598/3103/24 1684/3060/24 1688/3104/24 599/3105/24
f 807/3106/19 2104/3090/19 2101/2727/19 808/3107/19
f 755/3108/11 2000/3093/11 1997/2683/11 756/3109/11
f 703/3110/17 1896/3096/17 1893/2639/17 704/3111/17
f 651/3112/16 1792/3099/16 1789/2595/16 652/3113/16
f 599/3114/14 1688/3104/14 1685/2550/14 600/3115/14
f 809/3116/16 2105/2732/16 2108/3117/16 810/3118/16
f 757/3119/2 2001/2688/2 2004/3120/2 758/3121/2
f 705/3122/33 1897/2644/33 1900/3123/33 706/3124/33
f 653/3125/30 1793/2600/30 1796/3126/30 654/3127/30
f 601/3128/10 1689/2555/10 1692/3129/10 602/3130/10
f 2106/3131/43 2110/3132/43 2111/3133/43 2107/3134/43
f 2002/3135/43 2006/3136/43 2007/3137/43 2003/3138/43
f 1898/3139/43 1902/3140/43 1903/3141/43 1899/3142/43
f 1794/3143/43 1798/3144/43 1799/3145/43 1795/3146/43
f 1690/3147/43 1694/3148/43 1695/3149/43 1691/3150/43
f 810/3151/21 2108/3117/21 2112/3152/21 811/3153/21
f 758/3154/20 2004/3120/20 2008/3155/20 759/3156/20
f 706/3157/37 1900/3123/37 1904/3158/37 707/3159/37
f 654/3160/36 1796/3126/36 1800/3161/36 655/3162/36
f 602/3163/41 1692/3129/41 1696/3164/41 603/3165/41
f 811/3166/12 2112/3152/12 2109/2731/12 812/3167/12
f 759/3168/10 2008/3155/10 2005/2687/10 760/3169/10
f 707/3170/9 1904/3158/9 1901/2643/9 708/3171/9
f 655/3172/4 1800/3161/4 1797/2599/4 656/3173/4
f 603/3174/2 1696/3164/2 1693/2554/2 604/3175/2
f 813/3176/4 2113/2736/4 2116/3177/4 814/3178/4
f 761/3179/3 2009/2692/3 2012/3180/3 762/3181/3
f 709/3182/19 1905/2648/19 1908/3183/19 710/3184/19
f 657/3185/11 1801/2604/11 1804/3186/11 658/3187/11
f 605/3188/17 1697/2560/17 1700/3189/17 606/3190/17
f 475/2125/46 1583/2503/46 1581/1883/20 474/1882/20
f 895/2521/97 1582/2520/97 1584/3191/100 894/3192/100
f 894/3192/100 1584/3191/100 1586/3193/101 893/3194/101
f 893/3194/101 1586/3193/101 1588/3195/102 892/3196/102
f 2114/3197/43 2118/3198/43 2119/3199/43 2115/3200/43
f 2010/3201/43 2014/3202/43 2015/3203/43 2011/3204/43
f 1906/3205/43 1910/3206/43 1911/3207/43 1907/3208/43
f 892/3196/102 1588/3195/102 1590/1861/82 891/1860/81
f 1802/3209/43 1806/3210/43 1807/3211/43 1803/3212/43
f 1698/3213/43 1702/3214/43 1703/3215/43 1699/3216/43
f 814/3217/32 2116/3177/32 2120/3218/32 815/3219/32
f 762/3220/46 2012/3180/46 2016/3221/46 763/3222/46
f 710/3223/25 1908/3183/25 1912/3224/25 711/3225/25
f 658/3226/24 1804/3186/24 1808/3227/24 659/3228/24
f 606/3229/23 1700/3189/23 1704/3230/23 607/3231/23
f 815/3232/30 2120/3218/30 2117/2735/30 816/3233/30
f 763/3234/31 2016/3221/31 2013/2691/31 764/3235/31
f 711/3236/15 1912/3224/15 1909/2647/15 712/3237/15
f 659/3238/14 1808/3227/14 1805/2603/14 660/3239/14
f 607/3240/13 1704/3230/13 1701/2559/13 608/3241/13
f 817/3242/14 2121/2740/14 2124/3243/14 818/3244/14
f 765/3245/13 2017/2696/13 2020/3246/13 766/3247/13
f 713/3248/12 1913/2652/12 1916/3249/12 714/3250/12
f 661/3251/10 1809/2608/10 1812/3252/10 662/3253/10
f 609/3254/9 1705/2564/9 1708/3255/9 610/3256/9
f 481/2153/35 1595/2513/35 1593/1791/41 480/1790/41
f 887/2536/98 1594/2535/98 1596/3257/103 886/3258/103
f 886/3258/103 1596/3257/103 1598/3259/104 885/3260/104
f 885/3260/104 1598/3259/104 1600/3261/105 884/3262/105
f 2122/3263/43 2126/3264/43 2127/3265/43 2123/3266/43
f 2018/3267/43 2022/3268/43 2023/3269/43 2019/3270/43
f 1914/3271/43 1918/3272/43 1919/3273/43 1915/3274/43
f 884/3262/105 1600/3261/105 1578/1382/54 883/2786/99
f 1810/3275/43 1814/3276/43 1815/3277/43 1811/3278/43
f 1706/3279/43 1710/3280/43 1711/3281/43 1707/3282/43
f 818/3283/18 2124/3243/18 2128/3284/18 819/3285/18
f 766/3286/39 2020/3246/39 2024/3287/39 767/3288/39
f 714/3289/42 1916/3249/42 1920/3290/42 715/3291/42
f 662/3292/41 1812/3252/41 1816/3293/41 663/3294/41
f 610/3295/40 1708/3255/40 1712/3296/40 611/3297/40
f 819/3298/11 2128/3284/11 2125/2739/11 820/3299/11
f 767/3300/17 2024/3287/17 2021/2695/17 768/3301/17
f 715/3302/16 1920/3290/16 1917/2651/16 716/3303/16
f 663/3304/2 1816/3293/2 1813/2607/2 664/3305/2
f 611/3306/33 1712/3296/33 1709/2563/33 612/3307/33
f 821/3308/2 2129/2744/2 2132/3309/2 822/3310/2
f 769/3311/33 2025/2700/33 2028/3312/33 770/3313/33
f 717/3314/30 1921/2656/30 1924/3315/30 718/3316/30
f 665/3317/31 1817/2612/31 1820/3318/31 666/3319/31
f 613/3320/15 1713/2568/15 1716/3321/15 614/3322/15
f 2130/3323/43 2134/3324/43 2135/3325/43 2131/3326/43
f 2026/3327/43 2030/3328/43 2031/3329/43 2027/3330/43
f 1922/3331/43 1926/3332/43 1927/3333/43 1923/3334/43
f 1818/3335/43 1822/3336/43 1823/3337/43 1819/3338/43
f 1714/3339/43 1718/3340/43 1719/3341/43 1715/3342/43
f 822/3343/20 2132/3309/20 2136/3344/20 823/3345/20
f 770/3346/37 2028/3312/37 2032/3347/37 771/3348/37
f 718/3349/36 1924/3315/36 1928/3350/36 719/3351/36
f 666/3352/35 1820/3318/35 1824/3353/35 667/3354/35
f 614/3355/34 1716/3321/34 1720/3356/34 615/3357/34
f 823/3358/10 2136/3344/10 2133/2743/10 824/3359/10
f 771/3360/9 2032/3347/9 2029/2699/9 772/3361/9
f 719/3362/4 1928/3350/4 1925/2655/4 720/3363/4
f 667/3364/3 1824/3353/3 1821/2611/3 668/3365/3
f 615/3366/19 1720/3356/19 1717/2567/19 616/3367/19
f 825/3368/3 2137/2747/3 2140/3369/3 826/3370/3
f 773/3371/19 2033/2703/19 2036/3372/19 774/3373/19
f 721/3374/11 1929/2659/11 1932/3375/11 722/3376/11
f 669/3377/17 1825/2615/17 1828/3378/17 670/3379/17
f 617/3380/16 1722/2571/16 1724/2112/16 618/3381/16
f 2138/3382/43 2141/3383/43 2143/3384/43 2139/3385/43
f 2034/3386/43 2037/3387/43 2039/3388/43 2035/3389/43
f 1930/3390/43 1933/3391/43 1935/3392/43 1931/3393/43
f 1826/3394/43 1829/3395/43 1831/3396/43 1827/3397/43
f 1721/3398/43 1725/3399/43 1727/3400/43 1723/3401/43
f 826/3402/46 2140/3369/46 2144/2108/46 827/3403/46
f 1617/3404/43 1621/3405/43 1623/3406/43 1619/3407/43
f 774/3408/25 2036/3372/25 2040/2102/25 775/3409/25
f 722/3410/24 1932/3375/24 1936/2098/24 723/3411/24
f 877/1385/56 1601/1384/43 1604/2516/43 878/2497/87
f 670/3412/23 1828/3378/23 1832/2090/23 671/3413/23
f 77/3414/42 78/3415/36 2245/3416/36 2244/3417/42
f 861/1760/42 881/2496/42 882/2498/36 862/1768/36
f 863/1763/25 883/2786/25 881/2496/42 861/1760/42
f 864/3418/37 884/3262/37 883/2786/25 863/1763/25
f 865/3419/39 885/3260/39 884/3262/37 864/3418/37
f 866/3420/46 886/3258/46 885/3260/39 865/3419/39
f 867/3421/20 887/2536/20 886/3258/46 866/3420/46
f 868/3422/18 888/2511/18 887/2536/20 867/3421/20
f 869/3423/32 889/2509/32 888/2511/18 868/3422/18
f 870/3424/21 890/1863/21 889/2509/32 869/3423/32
f 871/1776/34 891/1860/34 890/1863/21 870/3424/21
f 872/1774/40 892/3196/40 891/1860/34 871/1776/34
f 873/1772/23 893/3194/23 892/3196/40 872/1774/40
f 874/1770/35 894/3192/35 893/3194/23 873/1772/23
f 875/1764/41 895/2521/41 894/3192/35 874/1770/35
f 876/1767/24 896/2501/24 895/2521/41 875/1764/41
f 862/1768/36 882/2498/36 896/2501/24 876/1767/24
f 912/1766/106 928/3425/106 913/3426/107 897/1769/107
f 898/1761/108 914/3427/108 915/3428/109 899/1762/109
f 911/1765/110 927/3429/110 928/3425/106 912/1766/106
f 897/1769/107 913/3426/107 914/3427/108 898/1761/108
f 910/1771/111 926/3430/111 927/3429/110 911/1765/110
f 909/1773/112 925/3431/112 926/3430/111 910/1771/111
f 908/1775/113 924/3432/113 925/3431/112 909/1773/112
f 907/1777/114 923/3433/114 924/3432/113 908/1775/113
f 876/1767/43 912/1766/43 897/1769/43 862/1768/43
f 863/1763/43 899/1762/43 900/3434/43 864/3418/43
f 864/3418/43 900/3434/43 901/3435/43 865/3419/43
f 865/3419/43 901/3435/43 902/3436/43 866/3420/43
f 866/3420/43 902/3436/43 903/3437/43 867/3421/43
f 867/3421/43 903/3437/43 904/3438/43 868/3422/43
f 868/3422/43 904/3438/43 905/3439/43 869/3423/43
f 869/3423/43 905/3439/43 906/3440/43 870/3424/43
f 870/3424/43 906/3440/43 907/1777/43 871/1776/43
f 923/3433/43 939/3441/43 940/1746/43 924/3432/43
f 922/3442/43 938/3443/43 939/3441/43 923/3433/43
f 921/3444/43 937/3445/43 938/3443/43 922/3442/43
f 920/3446/43 936/3447/43 937/3445/43 921/3444/43
f 919/3448/43 935/3449/43 936/3447/43 920/3446/43
f 918/3450/43 934/3451/43 935/3449/43 919/3448/43
f 917/3452/43 933/3453/43 934/3451/43 918/3450/43
f 916/3454/43 932/3455/43 933/3453/43 917/3452/43
f 899/1762/109 915/3428/109 916/3454/115 900/3434/115
f 900/3434/115 916/3454/115 917/3452/116 901/3435/116
f 901/3435/116 917/3452/116 918/3450/117 902/3436/117
f 902/3436/117 918/3450/117 919/3448/118 903/3437/118
f 903/3437/118 919/3448/118 920/3446/119 904/3438/119
f 904/3438/119 920/3446/119 921/3444/120 905/3439/120
f 905/3439/120 921/3444/120 922/3442/121 906/3440/121
f 906/3440/121 922/3442/121 923/3433/114 907/1777/114
f 924/3432/43 940/1746/43 941/1745/43 925/3431/43
f 925/3431/43 941/1745/43 942/3456/43 926/3430/43
f 926/3430/43 942/3456/43 943/3457/43 927/3429/43
f 913/3426/43 929/1756/43 930/3458/43 914/3427/43
f 927/3429/43 943/3457/43 944/1757/43 928/3425/43
f 914/3427/43 930/3458/43 931/3459/43 915/3428/43
f 928/3425/43 944/1757/43 929/1756/43 913/3426/43
f 915/3428/43 931/3459/43 932/3455/43 916/3454/43
f 2327/3460/24 2326/1749/41 471/1752/41 472/1759/24
f 948/123/122 949/1464/123 950/3461/123 947/3462/122
f 949/1464/123 951/1466/124 952/3463/124 950/3461/123
f 951/1466/124 953/1468/125 954/3464/125 952/3463/124
f 953/1468/125 955/1470/126 956/3465/126 954/3464/125
f 955/1470/126 957/776/127 958/3466/127 956/3465/126
f 960/33/128 961/1532/129 962/3467/129 959/3468/128
f 961/1532/129 963/1534/130 964/3469/130 962/3467/129
f 963/1534/130 965/1536/131 966/3470/131 964/3469/130
f 965/1536/131 967/824/132 968/3471/132 966/3470/131
f 967/824/132 945/786/133 946/3472/133 968/3471/132
f 970/1688/134 971/1550/135 972/3473/135 969/3474/134
f 973/3475/136 970/1688/134 969/3474/134 974/3476/136
f 971/1550/135 975/1549/137 976/3477/137 972/3473/135
f 978/777/138 979/266/139 980/3478/139 977/3479/138
f 979/266/139 981/102/140 982/3480/140 980/3478/139
f 981/102/140 983/101/141 984/3481/141 982/3480/140
f 947/3462/142 976/3477/142 975/1549/142 948/123/142
f 957/776/143 978/777/143 977/3479/143 958/3466/143
f 959/3468/144 984/3481/144 983/101/144 960/33/144
f 945/786/145 973/3475/145 974/3476/145 946/3472/145
f 986/212/146 988/211/146 987/1681/146 985/1680/146
f 985/1680/147 989/1683/147 990/318/147 986/212/147
f 988/211/148 992/319/148 991/1682/148 987/1681/148
f 989/1683/149 991/1682/149 992/319/149 990/318/149
f 994/252/150 995/251/150 996/293/150 993/292/150
f 993/292/151 997/295/151 998/223/151 994/252/151
f 995/251/152 999/224/152 1000/294/152 996/293/152
f 997/295/153 1000/294/153 999/224/153 998/223/153
f 1002/160/154 1003/159/154 1004/198/154 1001/197/154
f 1001/197/155 1005/200/155 1006/135/155 1002/160/155
f 1003/159/156 1007/136/156 1008/199/156 1004/198/156
f 1005/200/157 1008/199/157 1007/136/157 1006/135/157
f 1010/70/158 1011/69/158 1012/110/158 1009/109/158
f 1009/109/159 1013/112/159 1014/45/159 1010/70/159
f 1011/69/160 1015/46/160 1016/111/160 1012/110/160
f 1013/112/161 1016/111/161 1015/46/161 1014/45/161
f 1018/22/162 1019/21/162 1020/1066/162 1017/1065/162
f 1017/1065/163 1021/1068/163 1022/800/163 1018/22/163
f 1019/21/164 1023/1085/164 1024/1067/164 1020/1066/164
f 1021/1068/165 1024/1067/165 1023/1085/165 1022/800/165
f 1026/805/149 1027/1113/149 1028/1138/149 1025/1137/149
f 1025/1137/166 1029/1140/166 1030/806/166 1026/805/166
f 1027/1113/151 1031/1157/151 1032/1139/151 1028/1138/151
f 1029/1140/146 1032/1139/146 1031/1157/146 1030/806/146
f 1034/809/167 1035/1185/167 1036/1210/167 1033/1209/167
f 1033/1209/148 1037/1212/148 1038/810/148 1034/809/148
f 1035/1185/155 1039/1229/155 1040/1211/155 1036/1210/155
f 1037/1212/168 1040/1211/168 1039/1229/168 1038/810/168
f 1042/813/169 1043/1257/169 1044/1282/169 1041/1281/169
f 1041/1281/152 1045/1284/152 1046/814/152 1042/813/152
f 1043/1257/159 1047/1301/159 1048/1283/159 1044/1282/159
f 1045/1284/170 1048/1283/170 1047/1301/170 1046/814/170
f 1050/817/171 1051/1329/171 1052/1354/171 1049/1353/171
f 1049/1353/156 1053/1356/156 1054/818/156 1050/817/156
f 1051/1329/163 1055/1373/163 1056/1355/163 1052/1354/163
f 1053/1356/172 1056/1355/172 1055/1373/172 1054/818/172
f 1058/821/173 1059/1402/173 1060/1420/173 1057/1419/173
f 1057/1419/160 1061/1422/160 1062/822/160 1058/821/160
f 1059/1402/174 1063/1437/174 1064/1421/174 1060/1420/174
f 1061/1422/175 1064/1421/175 1063/1437/175 1062/822/175
f 1066/827/176 1067/1462/176 1068/1488/176 1065/1487/176
f 1070/828/177 1066/827/177 1065/1487/177 1069/1490/177
f 1067/1462/178 1071/1505/178 1072/1489/178 1068/1488/178
f 1069/1490/179 1072/1489/179 1071/1505/179 1070/828/179
f 1074/831/180 1075/1530/180 1076/1556/180 1073/1555/180
f 1073/1555/181 1077/1558/181 1078/832/181 1074/831/181
f 1075/1530/166 1079/1573/166 1080/1557/166 1076/1556/166
f 1077/1558/137 1080/1557/137 1079/1573/137 1078/832/137
f 1082/835/146 1083/1598/146 1084/1616/146 1081/1615/146
f 1081/1615/147 1085/1618/147 1086/836/147 1082/835/147
f 1083/1598/148 1087/1633/148 1088/1617/148 1084/1616/148
f 1085/1618/149 1088/1617/149 1087/1633/149 1086/836/149
f 1090/839/168 1092/351/168 1091/1675/168 1089/1674/168
f 1089/1674/151 1093/1677/151 1094/325/151 1090/839/151
f 1092/351/152 1096/326/152 1095/1676/152 1091/1675/152
f 1093/1677/153 1095/1676/153 1096/326/153 1094/325/153
f 1098/260/170 1099/259/170 1100/297/170 1097/296/170
f 1097/296/155 1101/299/155 1102/231/155 1098/260/155
f 1099/259/156 1103/232/156 1104/298/156 1100/297/156
f 1101/299/157 1104/298/157 1103/232/157 1102/231/157
f 1106/168/172 1107/167/172 1108/202/172 1105/201/172
f 1105/201/159 1109/204/159 1110/143/159 1106/168/159
f 1107/167/160 1111/144/160 1112/203/160 1108/202/160
f 1109/204/161 1112/203/161 1111/144/161 1110/143/161
f 1114/78/175 1115/77/175 1116/114/175 1113/113/175
f 1113/113/163 1117/116/163 1118/53/163 1114/78/163
f 1115/77/164 1119/54/164 1120/115/164 1116/114/164
f 1117/116/165 1120/115/165 1119/54/165 1118/53/165
f 1122/26/182 1123/25/182 1124/1059/182 1121/1058/182
f 1121/1058/174 1125/1061/174 1126/848/174 1122/26/174
f 1123/25/177 1127/1080/177 1128/1060/177 1124/1059/177
f 1125/1061/183 1128/1060/183 1127/1080/183 1126/848/183
f 1130/851/184 1131/1110/184 1132/1131/184 1129/1130/184
f 1129/1130/185 1133/1133/185 1134/852/185 1130/851/185
f 1131/1110/181 1135/1152/181 1136/1132/181 1132/1131/181
f 1133/1133/186 1136/1132/186 1135/1152/186 1134/852/186
f 1138/855/187 1139/1182/187 1140/1203/187 1137/1202/187
f 1137/1202/178 1141/1205/178 1142/856/178 1138/855/178
f 1139/1182/147 1143/1224/147 1144/1204/147 1140/1203/147
f 1141/1205/141 1144/1204/141 1143/1224/141 1142/856/141
f 1146/859/149 1147/1254/149 1148/1275/149 1145/1274/149
f 1145/1274/166 1149/1277/166 1150/860/166 1146/859/166
f 1147/1254/151 1151/1296/151 1152/1276/151 1148/1275/151
f 1149/1277/146 1152/1276/146 1151/1296/146 1150/860/146
f 1154/863/153 1155/1326/153 1156/1347/153 1153/1346/153
f 1153/1346/148 1157/1349/148 1158/864/148 1154/863/148
f 1155/1326/155 1159/1368/155 1160/1348/155 1156/1347/155
f 1157/1349/168 1160/1348/168 1159/1368/168 1158/864/168
f 1162/867/157 1163/1399/157 1164/1416/157 1161/1415/157
f 1161/1415/152 1165/1418/152 1166/868/152 1162/867/152
f 1163/1399/159 1167/1434/159 1168/1417/159 1164/1416/159
f 1165/1418/170 1168/1417/170 1167/1434/170 1166/868/170
f 1170/871/161 1171/1459/161 1172/1484/161 1169/1483/161
f 1169/1483/156 1173/1486/156 1174/872/156 1170/871/156
f 1171/1459/163 1175/1502/163 1176/1485/163 1172/1484/163
f 1173/1486/172 1176/1485/172 1175/1502/172 1174/872/172
f 1178/875/165 1179/1527/165 1180/1552/165 1177/1551/165
f 1177/1551/160 1181/1554/160 1182/876/160 1178/875/160
f 1179/1527/174 1183/1570/174 1184/1553/174 1180/1552/174
f 1181/1554/175 1184/1553/175 1183/1570/175 1182/876/175
f 1186/879/183 1187/1595/183 1188/1612/183 1185/1611/183
f 1185/1611/164 1189/1614/164 1190/880/164 1186/879/164
f 1192/1613/185 1188/1612/185 1187/1595/185 1191/1630/185
f 1189/1614/182 1192/1613/182 1191/1630/182 1190/880/182
f 1194/883/186 1196/1655/186 1195/1671/186 1193/1670/186
f 1198/329/177 1194/883/177 1193/1670/177 1197/1673/177
f 1196/1655/178 1200/330/178 1199/1672/178 1195/1671/178
f 1197/1673/179 1199/1672/179 1200/330/179 1198/329/179
f 1202/264/141 1203/263/141 1204/301/141 1201/300/141
f 1201/300/181 1205/303/181 1206/235/181 1202/264/181
f 1203/263/166 1207/236/166 1208/302/166 1204/301/166
f 1205/303/137 1208/302/137 1207/236/137 1206/235/137
f 1210/172/146 1211/171/146 1212/206/146 1209/205/146
f 1209/205/147 1213/208/147 1214/147/147 1210/172/147
f 1211/171/148 1215/148/148 1216/207/148 1212/206/148
f 1213/208/149 1216/207/149 1215/148/149 1214/147/149
f 1218/82/168 1219/81/168 1220/118/168 1217/117/168
f 1217/117/151 1221/120/151 1222/57/151 1218/82/151
f 1219/81/152 1223/58/152 1224/119/152 1220/118/152
f 1221/120/153 1224/119/153 1223/58/153 1222/57/153
f 1226/30/170 1227/29/170 1228/1055/170 1225/1054/170
f 1225/1054/155 1229/1057/155 1230/892/155 1226/30/155
f 1227/29/156 1231/1077/156 1232/1056/156 1228/1055/156
f 1229/1057/157 1232/1056/157 1231/1077/157 1230/892/157
f 1234/895/172 1235/1107/172 1236/1127/172 1233/1126/172
f 1233/1126/159 1237/1129/159 1238/896/159 1234/895/159
f 1235/1107/160 1239/1149/160 1240/1128/160 1236/1127/160
f 1237/1129/161 1240/1128/161 1239/1149/161 1238/896/161
f 1242/899/175 1243/1179/175 1244/1199/175 1241/1198/175
f 1241/1198/163 1245/1201/163 1246/900/163 1242/899/163
f 1243/1179/164 1247/1221/164 1248/1200/164 1244/1199/164
f 1245/1201/165 1248/1200/165 1247/1221/165 1246/900/165
f 1250/903/182 1251/1251/182 1252/1271/182 1249/1270/182
f 1249/1270/174 1253/1273/174 1254/904/174 1250/903/174
f 1251/1251/177 1255/1293/177 1256/1272/177 1252/1271/177
f 1253/1273/183 1256/1272/183 1255/1293/183 1254/904/183
f 1258/907/179 1259/1323/179 1260/1343/179 1257/1342/179
f 1257/1342/185 1261/1345/185 1262/908/185 1258/907/185
f 1259/1323/181 1263/1365/181 1264/1344/181 1260/1343/181
f 1261/1345/186 1264/1344/186 1263/1365/186 1262/908/186
f 1266/911/137 1267/1396/137 1268/1412/137 1265/1411/137
f 1265/1411/178 1269/1414/178 1270/912/178 1266/911/178
f 1267/1396/147 1271/1431/147 1272/1413/147 1268/1412/147
f 1269/1414/141 1272/1413/141 1271/1431/141 1270/912/141
f 1274/915/149 1275/1456/149 1276/1480/149 1273/1479/149
f 1273/1479/166 1277/1482/166 1278/916/166 1274/915/166
f 1275/1456/151 1279/1499/151 1280/1481/151 1276/1480/151
f 1277/1482/146 1280/1481/146 1279/1499/146 1278/916/146
f 1282/919/153 1283/1524/153 1284/1546/153 1281/1545/153
f 1281/1545/148 1285/1548/148 1286/920/148 1282/919/148
f 1283/1524/155 1287/1567/155 1288/1547/155 1284/1546/155
f 1285/1548/168 1288/1547/168 1287/1567/168 1286/920/168
f 1290/923/157 1291/1592/157 1292/1608/157 1289/1607/157
f 1289/1607/152 1293/1610/152 1294/924/152 1290/923/152
f 1291/1592/159 1295/1627/159 1296/1609/159 1292/1608/159
f 1293/1610/170 1296/1609/170 1295/1627/170 1294/924/170
f 1298/927/161 1300/1652/161 1299/1667/161 1297/1666/161
f 1297/1666/156 1301/1669/156 1302/337/156 1298/927/156
f 1300/1652/163 1304/338/163 1303/1668/163 1299/1667/163
f 1301/1669/172 1303/1668/172 1304/338/172 1302/337/172
f 1306/270/165 1307/269/165 1308/309/165 1305/308/165
f 1305/308/160 1309/311/160 1310/243/160 1306/270/160
f 1307/269/174 1311/244/174 1312/310/174 1308/309/174
f 1309/311/175 1312/310/175 1311/244/175 1310/243/175
f 1314/176/183 1315/175/183 1316/214/183 1313/213/183
f 1313/213/164 1317/216/164 1318/151/164 1314/176/164
f 1320/215/185 1316/214/185 1315/175/185 1319/152/185
f 1317/216/182 1320/215/182 1319/152/182 1318/151/182
f 1322/86/186 1323/85/186 1324/126/186 1321/125/186
f 1326/61/177 1322/86/177 1321/125/177 1325/128/177
f 1323/85/178 1327/62/178 1328/127/178 1324/126/178
f 1325/128/184 1328/127/184 1327/62/184 1326/61/184
f 1330/38/141 1331/37/141 1332/1050/141 1329/1049/141
f 1329/1049/181 1333/1052/181 1334/936/181 1330/38/181
f 1331/37/166 1335/1074/166 1336/1051/166 1332/1050/166
f 1333/1052/187 1336/1051/187 1335/1074/187 1334/936/187
f 1338/939/188 1339/1104/188 1340/1123/188 1337/1122/188
f 1337/1122/147 1341/1125/147 1342/940/147 1338/939/147
f 1339/1104/148 1343/1146/148 1344/1124/148 1340/1123/148
f 1341/1125/149 1344/1124/149 1343/1146/149 1342/940/149
f 1346/943/168 1347/1176/168 1348/1195/168 1345/1194/168
f 1345/1194/151 1349/1197/151 1350/944/151 1346/943/151
f 1347/1176/152 1351/1218/152 1352/1196/152 1348/1195/152
f 1349/1197/153 1352/1196/153 1351/1218/153 1350/944/153
f 1354/947/154 1355/1248/154 1356/1267/154 1353/1266/154
f 1353/1266/155 1357/1269/155 1358/948/155 1354/947/155
f 1355/1248/156 1359/1290/156 1360/1268/156 1356/1267/156
f 1357/1269/157 1360/1268/157 1359/1290/157 1358/948/157
f 1362/951/158 1363/1320/158 1364/1339/158 1361/1338/158
f 1361/1338/159 1365/1341/159 1366/952/159 1362/951/159
f 1363/1320/160 1367/1362/160 1368/1340/160 1364/1339/160
f 1365/1341/161 1368/1340/161 1367/1362/161 1366/952/161
f 1370/955/175 1371/1393/175 1372/1408/175 1369/1407/175
f 1369/1407/163 1373/1410/163 1374/956/163 1370/955/163
f 1371/1393/164 1375/1428/164 1376/1409/164 1372/1408/164
f 1373/1410/165 1376/1409/165 1375/1428/165 1374/956/165
f 1378/959/182 1379/1453/182 1380/1476/182 1377/1475/182
f 1377/1475/174 1381/1478/174 1382/960/174 1378/959/174
f 1379/1453/177 1383/1496/177 1384/1477/177 1380/1476/177
f 1381/1478/183 1384/1477/183 1383/1496/183 1382/960/183
f 1386/963/179 1387/1521/179 1388/1542/179 1385/1541/179
f 1385/1541/185 1389/1544/185 1390/964/185 1386/963/185
f 1387/1521/181 1391/1564/181 1392/1543/181 1388/1542/181
f 1389/1544/176 1392/1543/176 1391/1564/176 1390/964/176
f 1394/967/137 1395/1589/137 1396/1604/137 1393/1603/137
f 1393/1603/178 1397/1606/178 1398/968/178 1394/967/178
f 1395/1589/147 1399/1624/147 1400/1605/147 1396/1604/147
f 1397/1606/180 1400/1605/180 1399/1624/180 1398/968/180
f 1402/971/189 1404/1649/189 1403/1663/189 1401/1662/189
f 1401/1662/166 1405/1665/166 1406/341/166 1402/971/166
f 1404/1649/151 1408/342/151 1407/1664/151 1403/1663/151
f 1405/1665/146 1407/1664/146 1408/342/146 1406/341/146
f 1410/274/153 1411/273/153 1412/313/153 1409/312/153
f 1409/312/148 1413/315/148 1414/247/148 1410/274/148
f 1411/273/155 1415/248/155 1416/314/155 1412/313/155
f 1413/315/168 1416/314/168 1415/248/168 1414/247/168
f 1418/180/169 1419/179/169 1420/218/169 1417/217/169
f 1417/217/152 1421/220/152 1422/155/152 1418/180/152
f 1419/179/159 1423/156/159 1424/219/159 1420/218/159
f 1421/220/170 1424/219/170 1423/156/170 1422/155/170
f 1426/90/171 1427/89/171 1428/130/171 1425/129/171
f 1425/129/156 1429/132/156 1430/65/156 1426/90/156
f 1427/89/163 1431/66/163 1432/131/163 1428/130/163
f 1429/132/172 1432/131/172 1431/66/172 1430/65/172
f 1434/42/165 1435/41/165 1436/1046/165 1433/1045/165
f 1433/1045/160 1437/1048/160 1438/980/160 1434/42/160
f 1435/41/174 1439/1071/174 1440/1047/174 1436/1046/174
f 1437/1048/175 1440/1047/175 1439/1071/175 1438/980/175
f 1442/983/183 1443/1101/183 1444/1119/183 1441/1118/183
f 1441/1118/164 1445/1121/164 1446/984/164 1442/983/164
f 1448/1120/185 1444/1119/185 1443/1101/185 1447/1143/185
f 1445/1121/182 1448/1120/182 1447/1143/182 1446/984/182
f 1450/987/176 1451/1173/176 1452/1191/176 1449/1190/176
f 1454/988/177 1450/987/177 1449/1190/177 1453/1193/177
f 1451/1173/178 1455/1215/178 1456/1192/178 1452/1191/178
f 1453/1193/179 1456/1192/179 1455/1215/179 1454/988/179
f 1458/991/141 1459/1245/141 1460/1263/141 1457/1262/141
f 1457/1262/181 1461/1265/181 1462/992/181 1458/991/181
f 1459/1245/166 1463/1287/166 1464/1264/166 1460/1263/166
f 1461/1265/187 1464/1264/187 1463/1287/187 1462/992/187
f 1466/995/146 1467/1317/146 1468/1335/146 1465/1334/146
f 1465/1334/147 1469/1337/147 1470/996/147 1466/995/147
f 1467/1317/148 1471/1359/148 1472/1336/148 1468/1335/148
f 1469/1337/149 1472/1336/149 1471/1359/149 1470/996/149
f 1474/999/168 1475/1390/168 1476/1404/168 1473/1403/168
f 1473/1403/151 1477/1406/151 1478/1000/151 1474/999/151
f 1475/1390/152 1479/1425/152 1480/1405/152 1476/1404/152
f 1477/1406/153 1480/1405/153 1479/1425/153 1478/1000/153
f 1482/1003/170 1483/1450/170 1484/1472/170 1481/1471/170
f 1481/1471/155 1485/1474/155 1486/1004/155 1482/1003/155
f 1483/1450/156 1487/1493/156 1488/1473/156 1484/1472/156
f 1485/1474/157 1488/1473/157 1487/1493/157 1486/1004/157
f 1490/1007/172 1491/1518/172 1492/1538/172 1489/1537/172
f 1489/1537/159 1493/1540/159 1494/1008/159 1490/1007/159
f 1491/1518/160 1495/1561/160 1496/1539/160 1492/1538/160
f 1493/1540/161 1496/1539/161 1495/1561/161 1494/1008/161
f 1498/1011/175 1499/1586/175 1500/1600/175 1497/1599/175
f 1497/1599/163 1501/1602/163 1502/1012/163 1498/1011/163
f 1499/1586/164 1503/1621/164 1504/1601/164 1500/1600/164
f 1501/1602/165 1504/1601/165 1503/1621/165 1502/1012/165
f 1506/1015/182 1508/1646/182 1507/1659/182 1505/1658/182
f 1505/1658/174 1509/1661/174 1510/347/174 1506/1015/174
f 1508/1646/177 1512/348/177 1511/1660/177 1507/1659/177
f 1509/1661/183 1511/1660/183 1512/348/183 1510/347/183
f 1514/322/184 1516/279/184 1515/289/184 1513/288/184
f 1513/288/185 1517/291/185 1518/255/185 1514/322/185
f 1516/279/181 1519/256/181 1520/290/181 1515/289/181
f 1517/291/186 1520/290/186 1519/256/186 1518/255/186
f 1522/186/137 1523/185/137 1524/226/137 1521/225/137
f 1521/225/178 1525/228/178 1526/163/178 1522/186/178
f 1523/185/147 1527/164/147 1528/227/147 1524/226/147
f 1525/228/180 1528/227/180 1527/164/180 1526/163/180
f 1530/96/149 1531/95/149 1532/138/149 1529/137/149
f 1529/137/166 1533/140/166 1534/73/166 1530/96/166
f 1531/95/151 1535/74/151 1536/139/151 1532/138/151
f 1533/140/146 1536/139/146 1535/74/146 1534/73/146
f 1538/50/153 1539/49/153 1540/1042/153 1537/1041/153
f 1537/1041/148 1541/1044/148 1542/1024/148 1538/50/148
f 1539/49/155 1543/1064/155 1544/1043/155 1540/1042/155
f 1541/1044/168 1544/1043/168 1543/1064/168 1542/1024/168
f 1546/1027/157 1547/1096/157 1548/1115/157 1545/1114/157
f 1545/1114/152 1549/1117/152 1550/1028/152 1546/1027/152
f 1547/1096/159 1551/1136/159 1552/1116/159 1548/1115/159
f 1549/1117/170 1552/1116/170 1551/1136/170 1550/1028/170
f 1554/1031/161 1555/1168/161 1556/1187/161 1553/1186/161
f 1553/1186/156 1557/1189/156 1558/1032/156 1554/1031/156
f 1555/1168/163 1559/1208/163 1560/1188/163 1556/1187/163
f 1557/1189/172 1560/1188/172 1559/1208/172 1558/1032/172
f 1562/1035/165 1563/1240/165 1564/1259/165 1561/1258/165
f 1561/1258/160 1565/1261/160 1566/1036/160 1562/1035/160
f 1563/1240/174 1567/1280/174 1568/1260/174 1564/1259/174
f 1565/1261/175 1568/1260/175 1567/1280/175 1566/1036/175
f 1570/1039/183 1571/1312/183 1572/1331/183 1569/1330/183
f 1569/1330/164 1573/1333/164 1574/1040/164 1570/1039/164
f 1576/1332/185 1572/1331/185 1571/1312/185 1575/1352/185
f 1573/1333/182 1576/1332/182 1575/1352/182 1574/1040/182
f 1580/3482/190 1581/3483/191 1582/2520/191 1579/2500/190
f 1581/3483/191 1583/3484/192 1584/3191/192 1582/2520/191
f 1583/3484/192 1585/3485/193 1586/3193/193 1584/3191/192
f 1585/3485/193 1587/3486/194 1588/3195/194 1586/3193/193
f 1587/3486/194 1589/3487/195 1590/1861/195 1588/3195/194
f 1592/3488/196 1593/3489/197 1594/2535/197 1591/2508/196
f 1593/3489/197 1595/3490/198 1596/3257/198 1594/2535/197
f 1595/3490/198 1597/3491/199 1598/3259/199 1596/3257/198
f 1597/3491/199 1599/3492/200 1600/3261/200 1598/3259/199
f 1599/3492/200 1577/3493/201 1578/1382/201 1600/3261/200
f 1602/3494/202 1603/3495/203 1604/2516/203 1601/1384/202
f 1606/3496/204 1602/3494/202 1601/1384/202 1605/1383/204
f 1603/3495/203 1608/3497/205 1607/2517/205 1604/2516/203
f 1610/3498/206 1611/3499/207 1612/2026/207 1609/2506/206
f 1611/3499/207 1613/3500/208 1614/2027/208 1612/2026/207
f 1613/3500/208 1615/3501/209 1616/2507/209 1614/2027/208
f 1579/2500/210 1607/2517/210 1608/3497/210 1580/3482/210
f 1589/3487/211 1610/3498/211 1609/2506/211 1590/1861/211
f 1591/2508/212 1616/2507/212 1615/3501/212 1592/3488/212
f 1577/3493/213 1606/3496/213 1605/1383/213 1578/1382/213
f 1617/3404/214 1619/3407/214 1620/1972/214 1618/1971/214
f 1618/1971/215 1622/2080/215 1621/3405/215 1617/3404/215
f 1619/3407/216 1623/3406/216 1624/2079/216 1620/1972/216
f 1622/2080/217 1624/2079/217 1623/3406/217 1621/3405/217
f 1626/2054/218 1627/2057/218 1628/2012/218 1625/2011/218
f 1625/2011/219 1629/1984/219 1630/2055/219 1626/2054/219
f 1627/2057/220 1631/2056/220 1632/1983/220 1628/2012/220
f 1629/1984/221 1632/1983/221 1631/2056/221 1630/2055/221
f 1634/1958/222 1635/1961/222 1636/1920/222 1633/1919/222
f 1633/1919/223 1637/1896/223 1638/1959/223 1634/1958/223
f 1635/1961/224 1639/1960/224 1640/1895/224 1636/1920/224
f 1637/1896/225 1640/1895/225 1639/1960/225 1638/1959/225
f 1642/1870/226 1643/1873/226 1644/1828/226 1641/1827/226
f 1641/1827/227 1645/1804/227 1646/1871/227 1642/1870/227
f 1643/1873/228 1647/1872/228 1648/1803/228 1644/1828/228
f 1645/1804/229 1648/1803/229 1647/1872/229 1646/1871/229
f 1650/2798/230 1651/2801/230 1652/1780/230 1649/1779/230
f 1649/1779/231 1653/2531/231 1654/2799/231 1650/2798/231
f 1651/2801/232 1655/2800/232 1656/2817/232 1652/1780/232
f 1653/2531/233 1656/2817/233 1655/2800/233 1654/2799/233
f 1658/2870/217 1659/2873/217 1660/2845/217 1657/2539/217
f 1657/2539/234 1661/2538/234 1662/2871/234 1658/2870/234
f 1659/2873/219 1663/2872/219 1664/2889/219 1660/2845/219
f 1661/2538/214 1664/2889/214 1663/2872/214 1662/2871/214
f 1666/2942/235 1667/2945/235 1668/2917/235 1665/2543/235
f 1665/2543/216 1669/2542/216 1670/2943/216 1666/2942/216
f 1667/2945/223 1671/2944/223 1672/2961/223 1668/2917/223
f 1669/2542/236 1672/2961/236 1671/2944/236 1670/2943/236
f 1674/3013/237 1675/3016/237 1676/2988/237 1673/2547/237
f 1673/2547/220 1677/2546/220 1678/3014/220 1674/3013/220
f 1675/3016/227 1679/3015/227 1680/3032/227 1676/2988/227
f 1677/2546/238 1680/3032/238 1679/3015/238 1678/3014/238
f 1682/3085/239 1683/3088/239 1684/3060/239 1681/2551/239
f 1681/2551/224 1685/2550/224 1686/3086/224 1682/3085/224
f 1683/3088/231 1687/3087/231 1688/3104/231 1684/3060/231
f 1685/2550/240 1688/3104/240 1687/3087/240 1686/3086/240
f 1690/3147/241 1691/3150/241 1692/3129/241 1689/2555/241
f 1689/2555/228 1693/2554/228 1694/3148/228 1690/3147/228
f 1691/3150/242 1695/3149/242 1696/3164/242 1692/3129/242
f 1693/2554/243 1696/3164/243 1695/3149/243 1694/3148/243
f 1698/3213/244 1699/3216/244 1700/3189/244 1697/2560/244
f 1702/3214/245 1698/3213/245 1697/2560/245 1701/2559/245
f 1699/3216/246 1703/3215/246 1704/3230/246 1700/3189/246
f 1701/2559/247 1704/3230/247 1703/3215/247 1702/3214/247
f 1706/3279/248 1707/3282/248 1708/3255/248 1705/2564/248
f 1705/2564/249 1709/2563/249 1710/3280/249 1706/3279/249
f 1707/3282/234 1711/3281/234 1712/3296/234 1708/3255/234
f 1709/2563/205 1712/3296/205 1711/3281/205 1710/3280/205
f 1714/3339/214 1715/3342/214 1716/3321/214 1713/2568/214
f 1713/2568/215 1717/2567/215 1718/3340/215 1714/3339/215
f 1715/3342/216 1719/3341/216 1720/3356/216 1716/3321/216
f 1717/2567/217 1720/3356/217 1719/3341/217 1718/3340/217
f 1721/3398/236 1723/3401/236 1724/2112/236 1722/2571/236
f 1722/2571/219 1726/2087/219 1725/3399/219 1721/3398/219
f 1723/3401/220 1727/3400/220 1728/2086/220 1724/2112/220
f 1726/2087/221 1728/2086/221 1727/3400/221 1725/3399/221
f 1730/2058/238 1731/2061/238 1732/2020/238 1729/2019/238
f 1729/2019/223 1733/1992/223 1734/2059/223 1730/2058/223
f 1731/2061/224 1735/2060/224 1736/1991/224 1732/2020/224
f 1733/1992/225 1736/1991/225 1735/2060/225 1734/2059/225
f 1738/1962/240 1739/1965/240 1740/1928/240 1737/1927/240
f 1737/1927/227 1741/1904/227 1742/1963/227 1738/1962/227
f 1739/1965/228 1743/1964/228 1744/1903/228 1740/1928/228
f 1741/1904/229 1744/1903/229 1743/1964/229 1742/1963/229
f 1746/1874/243 1747/1877/243 1748/1836/243 1745/1835/243
f 1745/1835/231 1749/1812/231 1750/1875/231 1746/1874/231
f 1747/1877/232 1751/1876/232 1752/1811/232 1748/1836/232
f 1749/1812/233 1752/1811/233 1751/1876/233 1750/1875/233
f 1754/2791/250 1755/2794/250 1756/1784/250 1753/1783/250
f 1753/1783/242 1757/2580/242 1758/2792/242 1754/2791/242
f 1755/2794/245 1759/2793/245 1760/2812/245 1756/1784/245
f 1757/2580/251 1760/2812/251 1759/2793/251 1758/2792/251
f 1762/2863/252 1763/2866/252 1764/2842/252 1761/2584/252
f 1761/2584/253 1765/2583/253 1766/2864/253 1762/2863/253
f 1763/2866/249 1767/2865/249 1768/2884/249 1764/2842/249
f 1765/2583/254 1768/2884/254 1767/2865/254 1766/2864/254
f 1770/2935/255 1771/2938/255 1772/2914/255 1769/2588/255
f 1769/2588/246 1773/2587/246 1774/2936/246 1770/2935/246
f 1771/2938/215 1775/2937/215 1776/2956/215 1772/2914/215
f 1773/2587/209 1776/2956/209 1775/2937/209 1774/2936/209
f 1778/3006/217 1779/3009/217 1780/2985/217 1777/2592/217
f 1777/2592/234 1781/2591/234 1782/3007/234 1778/3006/234
f 1779/3009/219 1783/3008/219 1784/3027/219 1780/2985/219
f 1781/2591/214 1784/3027/214 1783/3008/214 1782/3007/214
f 1786/3078/221 1787/3081/221 1788/3057/221 1785/2596/221
f 1785/2596/216 1789/2595/216 1790/3079/216 1786/3078/216
f 1787/3081/223 1791/3080/223 1792/3099/223 1788/3057/223
f 1789/2595/236 1792/3099/236 1791/3080/236 1790/3079/236
f 1794/3143/225 1795/3146/225 1796/3126/225 1793/2600/225
f 1793/2600/220 1797/2599/220 1798/3144/220 1794/3143/220
f 1795/3146/227 1799/3145/227 1800/3161/227 1796/3126/227
f 1797/2599/238 1800/3161/238 1799/3145/238 1798/3144/238
f 1802/3209/229 1803/3212/229 1804/3186/229 1801/2604/229
f 1801/2604/224 1805/2603/224 1806/3210/224 1802/3209/224
f 1803/3212/231 1807/3211/231 1808/3227/231 1804/3186/231
f 1805/2603/240 1808/3227/240 1807/3211/240 1806/3210/240
f 1810/3275/233 1811/3278/233 1812/3252/233 1809/2608/233
f 1809/2608/228 1813/2607/228 1814/3276/228 1810/3275/228
f 1811/3278/242 1815/3277/242 1816/3293/242 1812/3252/242
f 1813/2607/243 1816/3293/243 1815/3277/243 1814/3276/243
f 1818/3335/251 1819/3338/251 1820/3318/251 1817/2612/251
f 1817/2612/232 1821/2611/232 1822/3336/232 1818/3335/232
f 1824/3353/253 1820/3318/253 1819/3338/253 1823/3337/253
f 1821/2611/250 1824/3353/250 1823/3337/250 1822/3336/250
f 1826/3394/254 1827/3397/254 1828/3378/254 1825/2615/254
f 1829/3395/245 1826/3394/245 1825/2615/245 1830/2091/245
f 1827/3397/246 1831/3396/246 1832/2090/246 1828/3378/246
f 1830/2091/247 1832/2090/247 1831/3396/247 1829/3395/247
f 1834/2062/209 1835/2065/209 1836/2024/209 1833/2023/209
f 1833/2023/249 1837/1996/249 1838/2063/249 1834/2062/249
f 1835/2065/234 1839/2064/234 1840/1995/234 1836/2024/234
f 1837/1996/205 1840/1995/205 1839/2064/205 1838/2063/205
f 1842/1966/214 1843/1969/214 1844/1932/214 1841/1931/214
f 1841/1931/215 1845/1908/215 1846/1967/215 1842/1966/215
f 1843/1969/216 1847/1968/216 1848/1907/216 1844/1932/216
f 1845/1908/217 1848/1907/217 1847/1968/217 1846/1967/217
f 1850/1878/236 1851/1881/236 1852/1840/236 1849/1839/236
f 1849/1839/219 1853/1816/219 1854/1879/219 1850/1878/219
f 1851/1881/220 1855/1880/220 1856/1815/220 1852/1840/220
f 1853/1816/221 1856/1815/221 1855/1880/221 1854/1879/221
f 1858/2787/238 1859/2790/238 1860/1788/238 1857/1787/238
f 1857/1787/223 1861/2624/223 1862/2788/223 1858/2787/223
f 1859/2790/224 1863/2789/224 1864/2809/224 1860/1788/224
f 1861/2624/225 1864/2809/225 1863/2789/225 1862/2788/225
f 1866/2859/240 1867/2862/240 1868/2839/240 1865/2628/240
f 1865/2628/227 1869/2627/227 1870/2860/227 1866/2859/227
f 1867/2862/228 1871/2861/228 1872/2881/228 1868/2839/228
f 1869/2627/229 1872/2881/229 1871/2861/229 1870/2860/229
f 1874/2931/243 1875/2934/243 1876/2911/243 1873/2632/243
f 1873/2632/231 1877/2631/231 1878/2932/231 1874/2931/231
f 1875/2934/232 1879/2933/232 1880/2953/232 1876/2911/232
f 1877/2631/233 1880/2953/233 1879/2933/233 1878/2932/233
f 1882/3002/250 1883/3005/250 1884/2982/250 1881/2636/250
f 1881/2636/242 1885/2635/242 1886/3003/242 1882/3002/242
f 1883/3005/245 1887/3004/245 1888/3024/245 1884/2982/245
f 1885/2635/251 1888/3024/251 1887/3004/251 1886/3003/251
f 1890/3074/247 1891/3077/247 1892/3054/247 1889/2640/247
f 1889/2640/253 1893/2639/253 1894/3075/253 1890/3074/253
f 1891/3077/249 1895/3076/249 1896/3096/249 1892/3054/249
f 1893/2639/254 1896/3096/254 1895/3076/254 1894/3075/254
f 1898/3139/205 1899/3142/205 1900/3123/205 1897/2644/205
f 1897/2644/246 1901/2643/246 1902/3140/246 1898/3139/246
f 1899/3142/215 1903/3141/215 1904/3158/215 1900/3123/215
f 1901/2643/209 1904/3158/209 1903/3141/209 1902/3140/209
f 1906/3205/217 1907/3208/217 1908/3183/217 1905/2648/217
f 1905/2648/234 1909/2647/234 1910/3206/234 1906/3205/234
f 1907/3208/219 1911/3207/219 1912/3224/219 1908/3183/219
f 1909/2647/214 1912/3224/214 1911/3207/214 1910/3206/214
f 1914/3271/221 1915/3274/221 1916/3249/221 1913/2652/221
f 1913/2652/216 1917/2651/216 1918/3272/216 1914/3271/216
f 1915/3274/223 1919/3273/223 1920/3290/223 1916/3249/223
f 1917/2651/236 1920/3290/236 1919/3273/236 1918/3272/236
f 1922/3331/225 1923/3334/225 1924/3315/225 1921/2656/225
f 1921/2656/220 1925/2655/220 1926/3332/220 1922/3331/220
f 1923/3334/227 1927/3333/227 1928/3350/227 1924/3315/227
f 1925/2655/238 1928/3350/238 1927/3333/238 1926/3332/238
f 1930/3390/229 1931/3393/229 1932/3375/229 1929/2659/229
f 1929/2659/224 1934/2099/224 1933/3391/224 1930/3390/224
f 1931/3393/231 1935/3392/231 1936/2098/231 1932/3375/231
f 1934/2099/240 1936/2098/240 1935/3392/240 1933/3391/240
f 1938/2070/233 1939/2073/233 1940/2031/233 1937/2030/233
f 1937/2030/228 1941/2004/228 1942/2071/228 1938/2070/228
f 1939/2073/242 1943/2072/242 1944/2003/242 1940/2031/242
f 1941/2004/243 1944/2003/243 1943/2072/243 1942/2071/243
f 1946/1974/251 1947/1977/251 1948/1936/251 1945/1935/251
f 1945/1935/232 1949/1912/232 1950/1975/232 1946/1974/232
f 1952/1911/253 1948/1936/253 1947/1977/253 1951/1976/253
f 1949/1912/250 1952/1911/250 1951/1976/250 1950/1975/250
f 1954/1886/254 1955/1889/254 1956/1844/254 1953/1843/254
f 1958/1887/245 1954/1886/245 1953/1843/245 1957/1820/245
f 1955/1889/246 1959/1888/246 1960/1819/246 1956/1844/246
f 1957/1820/252 1960/1819/252 1959/1888/252 1958/1887/252
f 1962/2782/209 1963/2785/209 1964/1796/209 1961/1795/209
f 1961/1795/249 1965/2668/249 1966/2783/249 1962/2782/249
f 1963/2785/234 1967/2784/234 1968/2806/234 1964/1796/234
f 1965/2668/255 1968/2806/255 1967/2784/255 1966/2783/255
f 1970/2855/214 1971/2858/214 1972/2836/214 1969/2672/214
f 1969/2672/215 1973/2671/215 1974/2856/215 1970/2855/215
f 1971/2858/216 1975/2857/216 1976/2878/216 1972/2836/216
f 1973/2671/217 1976/2878/217 1975/2857/217 1974/2856/217
f 1978/2927/236 1979/2930/236 1980/2908/236 1977/2676/236
f 1977/2676/219 1981/2675/219 1982/2928/219 1978/2927/219
f 1979/2930/220 1983/2929/220 1984/2950/220 1980/2908/220
f 1981/2675/221 1984/2950/221 1983/2929/221 1982/2928/221
f 1986/2998/222 1987/3001/222 1988/2979/222 1985/2680/222
f 1985/2680/223 1989/2679/223 1990/2999/223 1986/2998/223
f 1987/3001/224 1991/3000/224 1992/3021/224 1988/2979/224
f 1989/2679/225 1992/3021/225 1991/3000/225 1990/2999/225
f 1994/3070/226 1995/3073/226 1996/3051/226 1993/2684/226
f 1993/2684/227 1997/2683/227 1998/3071/227 1994/3070/227
f 1995/3073/228 1999/3072/228 2000/3093/228 1996/3051/228
f 1997/2683/229 2000/3093/229 1999/3072/229 1998/3071/229
f 2002/3135/243 2003/3138/243 2004/3120/243 2001/2688/243
f 2001/2688/231 2005/2687/231 2006/3136/231 2002/3135/231
f 2003/3138/232 2007/3137/232 2008/3155/232 2004/3120/232
f 2005/2687/233 2008/3155/233 2007/3137/233 2006/3136/233
f 2010/3201/250 2011/3204/250 2012/3180/250 2009/2692/250
f 2009/2692/242 2013/2691/242 2014/3202/242 2010/3201/242
f 2011/3204/245 2015/3203/245 2016/3221/245 2012/3180/245
f 2013/2691/251 2016/3221/251 2015/3203/251 2014/3202/251
f 2018/3267/247 2019/3270/247 2020/3246/247 2017/2696/247
f 2017/2696/253 2021/2695/253 2022/3268/253 2018/3267/253
f 2019/3270/249 2023/3269/249 2024/3287/249 2020/3246/249
f 2021/2695/244 2024/3287/244 2023/3269/244 2022/3268/244
f 2026/3327/205 2027/3330/205 2028/3312/205 2025/2700/205
f 2025/2700/246 2029/2699/246 2030/3328/246 2026/3327/246
f 2027/3330/215 2031/3329/215 2032/3347/215 2028/3312/215
f 2029/2699/248 2032/3347/248 2031/3329/248 2030/3328/248
f 2034/3386/217 2035/3389/217 2036/3372/217 2033/2703/217
f 2033/2703/234 2038/2103/234 2037/3387/234 2034/3386/234
f 2035/3389/219 2039/3388/219 2040/2102/219 2036/3372/219
f 2038/2103/214 2040/2102/214 2039/3388/214 2037/3387/214
f 2042/2074/221 2043/2077/221 2044/2035/221 2041/2034/221
f 2041/2034/216 2045/2008/216 2046/2075/216 2042/2074/216
f 2043/2077/223 2047/2076/223 2048/2007/223 2044/2035/223
f 2045/2008/236 2048/2007/236 2047/2076/236 2046/2075/236
f 2050/1978/237 2051/1981/237 2052/1940/237 2049/1939/237
f 2049/1939/220 2053/1916/220 2054/1979/220 2050/1978/220
f 2051/1981/227 2055/1980/227 2056/1915/227 2052/1940/227
f 2053/1916/238 2056/1915/238 2055/1980/238 2054/1979/238
f 2058/1890/239 2059/1893/239 2060/1848/239 2057/1847/239
f 2057/1847/224 2061/1824/224 2062/1891/224 2058/1890/224
f 2059/1893/231 2063/1892/231 2064/1823/231 2060/1848/231
f 2061/1824/240 2064/1823/240 2063/1892/240 2062/1891/240
f 2066/2778/233 2067/2781/233 2068/1800/233 2065/1799/233
f 2065/1799/228 2069/2712/228 2070/2779/228 2066/2778/228
f 2067/2781/242 2071/2780/242 2072/2803/242 2068/1800/242
f 2069/2712/243 2072/2803/243 2071/2780/243 2070/2779/243
f 2074/2851/251 2075/2854/251 2076/2833/251 2073/2716/251
f 2073/2716/232 2077/2715/232 2078/2852/232 2074/2851/232
f 2080/2875/253 2076/2833/253 2075/2854/253 2079/2853/253
f 2077/2715/250 2080/2875/250 2079/2853/250 2078/2852/250
f 2082/2923/244 2083/2926/244 2084/2905/244 2081/2720/244
f 2086/2924/245 2082/2923/245 2081/2720/245 2085/2719/245
f 2083/2926/246 2087/2925/246 2088/2947/246 2084/2905/246
f 2085/2719/247 2088/2947/247 2087/2925/247 2086/2924/247
f 2090/2994/209 2091/2997/209 2092/2976/209 2089/2724/209
f 2089/2724/249 2093/2723/249 2094/2995/249 2090/2994/249
f 2091/2997/234 2095/2996/234 2096/3018/234 2092/2976/234
f 2093/2723/255 2096/3018/255 2095/2996/255 2094/2995/255
f 2098/3066/214 2099/3069/214 2100/3048/214 2097/2728/214
f 2097/2728/215 2101/2727/215 2102/3067/215 2098/3066/215
f 2099/3069/216 2103/3068/216 2104/3090/216 2100/3048/216
f 2101/2727/217 2104/3090/217 2103/3068/217 2102/3067/217
f 2106/3131/236 2107/3134/236 2108/3117/236 2105/2732/236
f 2105/2732/219 2109/2731/219 2110/3132/219 2106/3131/219
f 2107/3134/220 2111/3133/220 2112/3152/220 2108/3117/220
f 2109/2731/221 2112/3152/221 2111/3133/221 2110/3132/221
f 2114/3197/238 2115/3200/238 2116/3177/238 2113/2736/238
f 2113/2736/223 2117/2735/223 2118/3198/223 2114/3197/223
f 2115/3200/224 2119/3199/224 2120/3218/224 2116/3177/224
f 2117/2735/225 2120/3218/225 2119/3199/225 2118/3198/225
f 2122/3263/240 2123/3266/240 2124/3243/240 2121/2740/240
f 2121/2740/227 2125/2739/227 2126/3264/227 2122/3263/227
f 2123/3266/228 2127/3265/228 2128/3284/228 2124/3243/228
f 2125/2739/229 2128/3284/229 2127/3265/229 2126/3264/229
f 2130/3323/243 2131/3326/243 2132/3309/243 2129/2744/243
f 2129/2744/231 2133/2743/231 2134/3324/231 2130/3323/231
f 2131/3326/232 2135/3325/232 2136/3344/232 2132/3309/232
f 2133/2743/233 2136/3344/233 2135/3325/233 2134/3324/233
f 2138/3382/250 2139/3385/250 2140/3369/250 2137/2747/250
f 2137/2747/242 2142/2109/242 2141/3383/242 2138/3382/242
f 2139/3385/245 2143/3384/245 2144/2108/245 2140/3369/245
f 2142/2109/251 2144/2108/251 2143/3384/251 2141/3383/251
f 2145/2050/252 2147/2053/252 2148/2040/252 2146/2083/252
f 2146/2083/253 2149/2016/253 2150/2051/253 2145/2050/253
f 2147/2053/249 2151/2052/249 2152/2015/249 2148/2040/249
f 2149/2016/254 2152/2015/254 2151/2052/254 2150/2051/254
f 2154/1986/205 2155/1989/205 2156/1946/205 2153/1945/205
f 2153/1945/246 2157/1924/246 2158/1987/246 2154/1986/246
f 2155/1989/215 2159/1988/215 2160/1923/215 2156/1946/215
f 2157/1924/248 2160/1923/248 2159/1988/248 2158/1987/248
f 2162/1898/217 2163/1901/217 2164/1854/217 2161/1853/217
f 2161/1853/234 2165/1832/234 2166/1899/234 2162/1898/234
f 2163/1901/219 2167/1900/219 2168/1831/219 2164/1854/219
f 2165/1832/214 2168/1831/214 2167/1900/214 2166/1899/214
f 2170/2774/221 2171/2777/221 2172/1808/221 2169/1807/221
f 2169/1807/216 2173/2756/216 2174/2775/216 2170/2774/216
f 2171/2777/223 2175/2776/223 2176/2796/223 2172/1808/223
f 2173/2756/236 2176/2796/236 2175/2776/236 2174/2775/236
f 2178/2847/225 2179/2850/225 2180/2828/225 2177/2760/225
f 2177/2760/220 2181/2759/220 2182/2848/220 2178/2847/220
f 2179/2850/227 2183/2849/227 2184/2868/227 2180/2828/227
f 2181/2759/238 2184/2868/238 2183/2849/238 2182/2848/238
f 2186/2919/229 2187/2922/229 2188/2900/229 2185/2764/229
f 2185/2764/224 2189/2763/224 2190/2920/224 2186/2919/224
f 2187/2922/231 2191/2921/231 2192/2940/231 2188/2900/231
f 2189/2763/240 2192/2940/240 2191/2921/240 2190/2920/240
f 2194/2990/233 2195/2993/233 2196/2971/233 2193/2768/233
f 2193/2768/228 2197/2767/228 2198/2991/228 2194/2990/228
f 2195/2993/242 2199/2992/242 2200/3011/242 2196/2971/242
f 2197/2767/243 2200/3011/243 2199/2992/243 2198/2991/243
f 2202/3062/251 2203/3065/251 2204/3043/251 2201/2772/251
f 2201/2772/232 2205/2771/232 2206/3063/232 2202/3062/232
f 2208/3083/253 2204/3043/253 2203/3065/253 2207/3064/253
f 2205/2771/250 2208/3083/250 2207/3064/250 2206/3063/250
f 945/786/51 405/769/45 970/1688/1 973/3475/256
f 78/3502/1 77/3503/1 2209/692/1 2210/690/1
f 77/3503/1 92/3504/1 2211/761/1 2209/692/1
f 79/3505/1 78/3502/1 2210/690/1 2212/696/1
f 80/3506/1 79/3505/1 2212/696/1 2213/701/1
f 81/3507/1 80/3506/1 2213/701/1 2214/706/1
f 82/3508/1 81/3507/1 2214/706/1 2215/711/1
f 83/3509/1 82/3508/1 2215/711/1 2216/716/1
f 84/3510/1 83/3509/1 2216/716/1 2217/721/1
f 85/3511/1 84/3510/1 2217/721/1 2218/726/1
f 86/3512/1 85/3511/1 2218/726/1 2219/731/1
f 87/3513/1 86/3512/1 2219/731/1 2220/736/1
f 88/3514/1 87/3513/1 2220/736/1 2221/741/1
f 89/3515/1 88/3514/1 2221/741/1 2222/746/1
f 90/3516/1 89/3515/1 2222/746/1 2223/751/1
f 91/3517/1 90/3516/1 2223/751/1 2224/756/1
f 92/3504/1 91/3517/1 2224/756/1 2211/761/1
f 549/3518/43 550/3519/43 2226/2419/43 2225/2421/43
f 564/3520/43 549/3518/43 2225/2421/43 2227/2490/43
f 550/3519/43 551/3521/43 2228/2425/43 2226/2419/43
f 551/3521/43 552/3522/43 2229/2430/43 2228/2425/43
f 552/3522/43 553/3523/43 2230/2435/43 2229/2430/43
f 553/3523/43 554/3524/43 2231/2440/43 2230/2435/43
f 554/3524/43 555/3525/43 2232/2445/43 2231/2440/43
f 555/3525/43 556/3526/43 2233/2450/43 2232/2445/43
f 556/3526/43 557/3527/43 2234/2455/43 2233/2450/43
f 557/3527/43 558/3528/43 2235/2460/43 2234/2455/43
f 558/3528/43 559/3529/43 2236/2465/43 2235/2460/43
f 559/3529/43 560/3530/43 2237/2470/43 2236/2465/43
f 560/3530/43 561/3531/43 2238/2475/43 2237/2470/43
f 561/3531/43 562/3532/43 2239/2480/43 2238/2475/43
f 562/3532/43 563/3533/43 2240/2485/43 2239/2480/43
f 563/3533/43 564/3520/43 2227/2490/43 2240/2485/43
f 80/3534/41 81/3535/35 2251/3536/35 2249/3537/41
f 81/3535/35 82/3538/23 2253/3539/23 2251/3536/35
f 82/3538/23 83/3540/40 2255/3541/40 2253/3539/23
f 83/3540/40 84/3542/34 2257/3543/34 2255/3541/40
f 84/3542/34 85/3544/21 2259/3545/21 2257/3543/34
f 85/3544/21 86/3546/32 2261/3547/32 2259/3545/21
f 86/3546/32 87/3548/18 2263/3549/18 2261/3547/32
f 87/3548/18 88/3550/20 2265/3551/20 2263/3549/18
f 88/3550/20 89/3552/46 2267/3553/46 2265/3551/20
f 89/3552/46 90/3554/39 2269/3555/39 2267/3553/46
f 90/3554/39 91/3556/37 2271/3557/37 2269/3555/39
f 91/3556/37 92/3558/25 2274/3559/25 2271/3557/37
f 550/3560/36 549/3561/42 2275/3562/42 2278/3563/36
f 79/3564/24 80/3534/41 2249/3537/41 2247/3565/24
f 78/3415/36 79/3564/24 2247/3565/24 2245/3416/36
f 549/3561/42 564/3566/25 2305/3567/25 2275/3562/42
f 553/3568/35 552/3569/41 2282/3570/41 2284/3571/35
f 554/3572/23 553/3568/35 2284/3571/35 2286/3573/23
f 555/3574/40 554/3572/23 2286/3573/23 2288/3575/40
f 556/3576/34 555/3574/40 2288/3575/40 2290/3577/34
f 557/3578/21 556/3576/34 2290/3577/34 2292/3579/21
f 558/3580/32 557/3578/21 2292/3579/21 2294/3581/32
f 559/3582/18 558/3580/32 2294/3581/32 2296/3583/18
f 560/3584/20 559/3582/18 2296/3583/18 2298/3585/20
f 561/3586/46 560/3584/20 2298/3585/20 2300/3587/46
f 562/3588/39 561/3586/46 2300/3587/46 2302/3589/39
f 563/3590/37 562/3588/39 2302/3589/39 2304/3591/37
f 564/3566/25 563/3590/37 2304/3591/37 2305/3567/25
f 552/3569/41 551/3592/24 2280/3593/24 2282/3570/41
f 551/3592/24 550/3560/36 2278/3563/36 2280/3593/24
f 2244/3417/139 2245/3416/140 2246/359/140 2243/358/139
f 2274/3559/257 2244/3417/139 2243/358/139 2273/357/257
f 2245/3416/140 2247/3565/258 2248/360/258 2246/359/140
f 2247/3565/258 2249/3537/259 2250/361/259 2248/360/258
f 2249/3537/259 2251/3536/260 2252/362/260 2250/361/259
f 2251/3536/260 2253/3539/261 2254/363/261 2252/362/260
f 2253/3539/261 2255/3541/262 2256/364/262 2254/363/261
f 2255/3541/262 2257/3543/263 2258/365/263 2256/364/262
f 2257/3543/263 2259/3545/134 2260/366/134 2258/365/263
f 2259/3545/134 2261/3547/135 2262/367/135 2260/366/134
f 2261/3547/135 2263/3549/264 2264/368/264 2262/367/135
f 2263/3549/264 2265/3551/265 2266/369/265 2264/368/264
f 2265/3551/265 2267/3553/266 2268/370/266 2266/369/265
f 2267/3553/266 2269/3555/267 2270/371/267 2268/370/266
f 2269/3555/267 2271/3557/268 2272/356/268 2270/371/267
f 2271/3557/268 2274/3559/257 2273/357/257 2272/356/268
f 2276/3594/207 2277/3595/208 2278/3563/208 2275/3562/207
f 2306/380/269 2276/3594/207 2275/3562/207 2305/3567/269
f 2277/3595/208 2279/3596/270 2280/3593/270 2278/3563/208
f 2279/3596/270 2281/3597/271 2282/3570/271 2280/3593/270
f 2281/3597/271 2283/3598/272 2284/3571/272 2282/3570/271
f 2283/3598/272 2285/355/273 2286/3573/273 2284/3571/272
f 2285/355/273 2287/354/274 2288/3575/274 2286/3573/273
f 2287/354/274 2289/2115/275 2290/3577/275 2288/3575/274
f 2289/2115/275 2291/2117/202 2292/3579/202 2290/3577/275
f 2291/2117/202 2293/376/203 2294/3581/203 2292/3579/202
f 2293/376/203 2295/375/276 2296/3583/276 2294/3581/203
f 2295/375/276 2297/379/277 2298/3585/277 2296/3583/276
f 2297/379/277 2299/2116/278 2300/3587/278 2298/3585/277
f 2299/2116/278 2301/2114/279 2302/3589/279 2300/3587/278
f 2301/2114/279 2303/381/280 2304/3591/280 2302/3589/279
f 2303/381/280 2306/380/269 2305/3567/269 2304/3591/280
f 92/3558/25 77/3414/42 2244/3417/42 2274/3559/25
f 2279/3596/43 2312/372/43 2313/352/43 2281/3597/43
f 2277/3595/43 2311/383/43 2312/372/43 2279/3596/43
f 2276/3594/43 2306/380/43 2311/383/43 2277/3595/43
f 2281/3597/43 2313/352/43 2285/355/43 2283/3598/43
f 944/1757/24 943/3457/41 2326/3599/41 2327/1758/24
f 457/1732/36 2328/1731/36 2327/3460/24 472/1759/24
f 942/3456/35 941/1745/23 2329/1744/23 2325/3600/35
f 943/3457/41 942/3456/35 2325/3600/35 2326/3599/41
f 940/1746/40 939/3441/34 2323/3601/34 2324/1747/40
f 469/1754/23 2329/1753/23 2324/1748/40 468/1714/40
f 939/3441/34 938/3443/21 2322/3602/21 2323/3601/34
f 938/3443/21 937/3445/32 2321/3603/32 2322/3602/21
f 937/3445/32 936/3447/18 2320/3604/18 2321/3603/32
f 936/3447/18 935/3449/20 2319/3605/20 2320/3604/18
f 935/3449/20 934/3451/46 2318/3606/46 2319/3605/20
f 934/3451/46 933/3453/39 2317/3607/39 2318/3606/46
f 933/3453/39 932/3455/37 2316/3608/37 2317/3607/39
f 932/3455/37 931/3459/25 2315/3609/25 2316/3608/37
f 931/3459/25 930/3458/42 2314/3610/42 2315/3609/25
f 930/3458/42 929/1756/36 2328/1755/36 2314/3610/42
