# Blender 4.3.2
# www.blender.org
mtllib Tram.mtl
o Tram
v -7.626617 7.977708 2.081451
v -7.611418 7.977708 2.082946
v -7.596803 7.977708 2.087371
v -7.583334 7.977708 2.094558
v -7.571528 7.977708 2.104230
v -7.561839 7.977708 2.116016
v -7.554640 7.977708 2.129462
v -7.550206 7.977708 2.144052
v -7.548709 7.977708 2.159224
v -7.550206 7.977708 2.174397
v -7.554640 7.977708 2.188987
v -7.561839 7.977708 2.202433
v -7.571528 7.977708 2.214218
v -7.583334 7.977708 2.223890
v -7.596803 7.977708 2.231077
v -7.611418 7.977708 2.235503
v -7.626617 7.977708 2.236997
v -7.641816 7.977708 2.235503
v -7.656431 7.977708 2.231077
v -7.669900 7.977708 2.223890
v -7.681706 7.977708 2.214218
v -7.691395 7.977708 2.202433
v -7.698594 7.977708 2.188987
v -7.703028 7.977708 2.174397
v -7.704525 7.977708 2.159224
v -7.703028 7.977708 2.144052
v -7.698594 7.977708 2.129462
v -7.691395 7.977708 2.116016
v -7.681706 7.977708 2.104230
v -7.669900 7.977708 2.094558
v -7.656431 7.977708 2.087371
v -7.641816 7.977708 2.082946
v -7.626617 5.130148 2.081451
v -7.611418 5.130148 2.082946
v -7.596803 5.130148 2.087371
v -7.583334 5.130148 2.094558
v -7.571528 5.130148 2.104230
v -7.561839 5.130148 2.116016
v -7.554640 5.130148 2.129462
v -7.550206 5.130148 2.144052
v -7.548709 5.130148 2.159224
v -7.550206 5.130148 2.174397
v -7.554640 5.130148 2.188987
v -7.561839 5.130148 2.202433
v -7.571528 5.130148 2.214218
v -7.583334 5.130148 2.223890
v -7.596803 5.130148 2.231077
v -7.611418 5.130148 2.235503
v -7.626617 5.130148 2.236997
v -7.641816 5.130148 2.235503
v -7.656431 5.130148 2.231077
v -7.669900 5.130148 2.223890
v -7.681706 5.130148 2.214218
v -7.691395 5.130148 2.202433
v -7.698594 5.130148 2.188987
v -7.703028 5.130148 2.174397
v -7.704525 5.130148 2.159224
v -7.703028 5.130148 2.144052
v -7.698594 5.130148 2.129462
v -7.691395 5.130148 2.116016
v -7.681706 5.130148 2.104230
v -7.669900 5.130148 2.094558
v -7.656431 5.130148 2.087371
v -7.641816 5.130148 2.082946
v -7.626617 7.504048 2.081451
v -7.611418 7.504048 2.082946
v -7.596803 7.504048 2.087371
v -7.583334 7.504048 2.094558
v -7.571528 7.504048 2.104230
v -7.561839 7.504048 2.116016
v -7.554640 7.504048 2.129462
v -7.550206 7.504048 2.144052
v -7.548709 7.504048 2.159224
v -7.550206 7.504048 2.174397
v -7.554640 7.504048 2.188987
v -7.561839 7.504048 2.202433
v -7.571528 7.504048 2.214218
v -7.583334 7.504048 2.223890
v -7.596803 7.504048 2.231077
v -7.611418 7.504048 2.235503
v -7.626617 7.504048 2.236997
v -7.641816 7.504048 2.235503
v -7.656431 7.504048 2.231077
v -7.669900 7.504048 2.223890
v -7.681706 7.504048 2.214218
v -7.691395 7.504048 2.202433
v -7.698594 7.504048 2.188987
v -7.703028 7.504048 2.174397
v -7.704525 7.504048 2.159224
v -7.703028 7.504048 2.144052
v -7.698594 7.504048 2.129462
v -7.691395 7.504048 2.116016
v -7.681706 7.504048 2.104230
v -7.669900 7.504048 2.094558
v -7.656431 7.504048 2.087371
v -7.641816 7.504048 2.082946
v -7.611418 7.461993 2.082946
v -7.596803 7.461993 2.087371
v -7.583334 7.461993 2.094558
v -7.571528 7.461993 2.104230
v -7.561839 7.461993 2.116016
v -7.554640 7.461993 2.129462
v -7.550206 7.461993 2.144052
v -7.548709 7.461993 2.159224
v -7.550206 7.461993 2.174397
v -7.554640 7.461993 2.188987
v -7.561839 7.461993 2.202433
v -7.571528 7.461993 2.214218
v -7.583334 7.461993 2.223890
v -7.596803 7.461993 2.231077
v -7.611418 7.461993 2.235503
v -7.626617 7.461993 2.236997
v -7.641816 7.461993 2.235503
v -7.656431 7.461993 2.231077
v -7.669900 7.461993 2.223890
v -7.681706 7.461993 2.214218
v -7.691395 7.461993 2.202433
v -7.698594 7.461993 2.188987
v -7.703028 7.461993 2.174397
v -7.704525 7.461993 2.159224
v -7.703028 7.461993 2.144052
v -7.698594 7.461993 2.129462
v -7.691395 7.461993 2.116016
v -7.681706 7.461993 2.104230
v -7.669900 7.461993 2.094558
v -7.656431 7.461993 2.087371
v -7.641816 7.461993 2.082946
v -7.626617 7.461993 2.081451
v -7.611418 7.228843 2.082946
v -7.596803 7.228843 2.087371
v -7.583334 7.228843 2.094558
v -7.571528 7.228843 2.104230
v -7.561839 7.228843 2.116016
v -7.554640 7.228843 2.129462
v -7.550206 7.228843 2.144052
v -7.548709 7.228843 2.159224
v -7.550206 7.228843 2.174397
v -7.554640 7.228843 2.188987
v -7.561839 7.228843 2.202433
v -7.571528 7.228843 2.214218
v -7.583334 7.228843 2.223890
v -7.596803 7.228843 2.231077
v -7.611418 7.228843 2.235503
v -7.626617 7.228843 2.236997
v -7.641816 7.228843 2.235503
v -7.656431 7.228843 2.231077
v -7.669900 7.228843 2.223890
v -7.681706 7.228843 2.214218
v -7.691395 7.228843 2.202433
v -7.698594 7.228843 2.188987
v -7.703028 7.228843 2.174397
v -7.704525 7.228843 2.159224
v -7.703028 7.228843 2.144052
v -7.698594 7.228843 2.129462
v -7.691395 7.228843 2.116016
v -7.681706 7.228843 2.104230
v -7.669900 7.228843 2.094558
v -7.656431 7.228843 2.087371
v -7.641816 7.228843 2.082946
v -7.626617 7.228843 2.081451
v -7.626617 7.288890 2.081451
v -7.611418 7.288890 2.082946
v -7.596803 7.288890 2.087371
v -7.583334 7.288890 2.094558
v -7.571528 7.288890 2.104230
v -7.561839 7.288890 2.116016
v -7.554640 7.288890 2.129462
v -7.550206 7.288890 2.144052
v -7.548709 7.288890 2.159224
v -7.550206 7.288890 2.174397
v -7.554640 7.288890 2.188987
v -7.561839 7.288890 2.202433
v -7.571528 7.288890 2.214218
v -7.583334 7.288890 2.223890
v -7.596803 7.288890 2.231077
v -7.611418 7.288890 2.235503
v -7.626617 7.288890 2.236997
v -7.641816 7.288890 2.235503
v -7.656431 7.288890 2.231077
v -7.669900 7.288890 2.223890
v -7.681706 7.288890 2.214218
v -7.691395 7.288890 2.202433
v -7.698594 7.288890 2.188987
v -7.703028 7.288890 2.174397
v -7.704525 7.288890 2.159224
v -7.703028 7.288890 2.144052
v -7.698594 7.288890 2.129462
v -7.691395 7.288890 2.116016
v -7.681706 7.288890 2.104230
v -7.669900 7.288890 2.094558
v -7.656431 7.288890 2.087371
v -7.641816 7.288890 2.082946
v -7.626617 5.073421 2.060508
v -7.607325 5.073421 2.062405
v -7.588775 5.073421 2.068022
v -7.571678 5.073421 2.077145
v -7.556693 5.073421 2.089421
v -7.544395 5.073421 2.104381
v -7.535257 5.073421 2.121447
v -7.529630 5.073421 2.139966
v -7.527730 5.073421 2.159224
v -7.529630 5.073421 2.178483
v -7.535257 5.073421 2.197001
v -7.544395 5.073421 2.214068
v -7.556693 5.073421 2.229027
v -7.571678 5.073421 2.241304
v -7.588775 5.073421 2.250426
v -7.607325 5.073421 2.256044
v -7.626617 5.073421 2.257941
v -7.645909 5.073421 2.256044
v -7.664459 5.073421 2.250426
v -7.681556 5.073421 2.241304
v -7.696540 5.073421 2.229027
v -7.708838 5.073421 2.214068
v -7.717977 5.073421 2.197001
v -7.723604 5.073421 2.178483
v -7.725504 5.073421 2.159224
v -7.723604 5.073421 2.139966
v -7.717977 5.073421 2.121447
v -7.708838 5.073421 2.104381
v -7.696540 5.073421 2.089421
v -7.681556 5.073421 2.077145
v -7.664459 5.073421 2.068022
v -7.645909 5.073421 2.062405
v -7.644393 5.107806 2.070012
v -7.626617 5.107806 2.068264
v -7.562188 5.107806 2.094906
v -7.550856 5.107806 2.108690
v -7.644393 5.107806 2.248436
v -7.661486 5.107806 2.243260
v -7.661486 5.107806 2.075188
v -7.575995 5.107806 2.083594
v -7.626617 5.107806 2.250184
v -7.677239 5.107806 2.083594
v -7.591748 5.107806 2.075188
v -7.608841 5.107806 2.248436
v -7.691047 5.107806 2.094906
v -7.608841 5.107806 2.070012
v -7.591748 5.107806 2.243260
v -7.702378 5.107806 2.108690
v -7.575995 5.107806 2.234855
v -7.710798 5.107806 2.124416
v -7.562188 5.107806 2.223543
v -7.715983 5.107806 2.141479
v -7.550856 5.107806 2.209759
v -7.717734 5.107806 2.159224
v -7.542436 5.107806 2.194033
v -7.715983 5.107806 2.176970
v -7.537251 5.107806 2.176970
v -7.710798 5.107806 2.194033
v -7.535500 5.107806 2.159224
v -7.702378 5.107806 2.209759
v -7.537251 5.107806 2.141479
v -7.691047 5.107806 2.223543
v -7.542436 5.107806 2.124416
v -7.677239 5.107806 2.234855
v -7.626617 5.022234 2.074954
v -7.610301 5.022234 2.076558
v -7.594594 5.022234 2.081314
v -7.580088 5.022234 2.089055
v -7.567339 5.022234 2.099499
v -7.556849 5.022234 2.112259
v -7.549036 5.022234 2.126852
v -7.544216 5.022234 2.142714
v -7.542586 5.022234 2.159224
v -7.544216 5.022234 2.175735
v -7.549036 5.022234 2.191597
v -7.556849 5.022234 2.206189
v -7.567339 5.022234 2.218950
v -7.580088 5.022234 2.229394
v -7.594594 5.022234 2.237134
v -7.610301 5.022234 2.241891
v -7.626617 5.022234 2.243495
v -7.642933 5.022234 2.241891
v -7.658640 5.022234 2.237134
v -7.673146 5.022234 2.229394
v -7.685894 5.022234 2.218950
v -7.696385 5.022234 2.206189
v -7.704198 5.022234 2.191597
v -7.709018 5.022234 2.175735
v -7.710647 5.022234 2.159224
v -7.709018 5.022234 2.142714
v -7.704198 5.022234 2.126852
v -7.696385 5.022234 2.112259
v -7.685894 5.022234 2.099499
v -7.673146 5.022234 2.089055
v -7.658640 5.022234 2.081314
v -7.642933 5.022234 2.076558
v -7.644479 5.041429 2.069583
v -7.626617 5.041429 2.067827
v -7.661654 5.041429 2.074784
v -7.677483 5.041429 2.083230
v -7.691357 5.041429 2.094596
v -7.702743 5.041429 2.108446
v -7.711204 5.041429 2.124248
v -7.716413 5.041429 2.141393
v -7.718173 5.041429 2.159224
v -7.716413 5.041429 2.177055
v -7.711204 5.041429 2.194201
v -7.702743 5.041429 2.210002
v -7.691357 5.041429 2.223852
v -7.677483 5.041429 2.235219
v -7.661654 5.041429 2.243665
v -7.644479 5.041429 2.248866
v -7.626617 5.041429 2.250622
v -7.608755 5.041429 2.248866
v -7.591580 5.041429 2.243665
v -7.575751 5.041429 2.235219
v -7.561877 5.041429 2.223852
v -7.550491 5.041429 2.210002
v -7.542030 5.041429 2.194201
v -7.536820 5.041429 2.177055
v -7.535061 5.041429 2.159224
v -7.536820 5.041429 2.141393
v -7.542030 5.041429 2.124248
v -7.550491 5.041429 2.108446
v -7.561877 5.041429 2.094596
v -7.575751 5.041429 2.083230
v -7.591580 5.041429 2.074784
v -7.608755 5.041429 2.069583
v -7.642933 1.405882 2.076558
v -7.626617 1.405882 2.074954
v -7.658640 1.405882 2.081314
v -7.673146 1.405882 2.089055
v -7.685894 1.405882 2.099499
v -7.696385 1.405882 2.112259
v -7.704198 1.405882 2.126852
v -7.709018 1.405882 2.142714
v -7.710647 1.405882 2.159224
v -7.709018 1.405882 2.175735
v -7.704198 1.405882 2.191597
v -7.696385 1.405882 2.206189
v -7.685894 1.405882 2.218950
v -7.673146 1.405882 2.229394
v -7.658640 1.405882 2.237134
v -7.642933 1.405882 2.241891
v -7.626617 1.405882 2.243495
v -7.610301 1.405882 2.241891
v -7.594594 1.405882 2.237134
v -7.580088 1.405882 2.229394
v -7.567339 1.405882 2.218950
v -7.556849 1.405882 2.206189
v -7.549036 1.405882 2.191597
v -7.544216 1.405882 2.175735
v -7.542586 1.405882 2.159224
v -7.544216 1.405882 2.142714
v -7.549036 1.405882 2.126852
v -7.556849 1.405882 2.112259
v -7.567339 1.405882 2.099499
v -7.580088 1.405882 2.089055
v -7.594594 1.405882 2.081314
v -7.610301 1.405882 2.076558
v -7.648777 1.307784 2.046949
v -7.626616 1.307784 2.044771
v -7.670109 1.307784 2.053410
v -7.689811 1.307784 2.063922
v -7.707126 1.307784 2.078107
v -7.721373 1.307784 2.095438
v -7.731985 1.307784 2.115258
v -7.738532 1.307784 2.136800
v -7.740744 1.307784 2.159224
v -7.738532 1.307784 2.181648
v -7.731985 1.307784 2.203191
v -7.721373 1.307784 2.223011
v -7.707126 1.307784 2.240341
v -7.689811 1.307784 2.254526
v -7.670109 1.307784 2.265039
v -7.648777 1.307784 2.271499
v -7.626616 1.307784 2.273678
v -7.604457 1.307784 2.271499
v -7.583124 1.307784 2.265039
v -7.563422 1.307784 2.254526
v -7.546108 1.307784 2.240341
v -7.531860 1.307784 2.223011
v -7.521248 1.307784 2.203191
v -7.514702 1.307784 2.181648
v -7.512490 1.307784 2.159224
v -7.514702 1.307784 2.136800
v -7.521248 1.307784 2.115258
v -7.531860 1.307784 2.095438
v -7.546108 1.307784 2.078107
v -7.563422 1.307784 2.063922
v -7.583124 1.307784 2.053410
v -7.604457 1.307784 2.046949
v -7.648781 1.343238 2.046927
v -7.646640 1.375194 2.057774
v -7.626617 1.375190 2.055802
v -7.626616 1.343238 2.044748
v -7.670118 1.343238 2.053389
v -7.665913 1.375206 2.063620
v -7.689824 1.343238 2.063904
v -7.683706 1.375224 2.073130
v -7.707141 1.343238 2.078091
v -7.699336 1.375244 2.085956
v -7.721392 1.343238 2.095426
v -7.712192 1.375265 2.101619
v -7.732006 1.343238 2.115249
v -7.721763 1.375283 2.119523
v -7.738553 1.343238 2.136796
v -7.727665 1.375295 2.138978
v -7.740766 1.343238 2.159224
v -7.729660 1.375299 2.159224
v -7.738553 1.343238 2.181653
v -7.727665 1.375295 2.179471
v -7.732006 1.343238 2.203200
v -7.721763 1.375283 2.198926
v -7.721392 1.343238 2.223023
v -7.712192 1.375265 2.216830
v -7.707141 1.343238 2.240357
v -7.699336 1.375244 2.232493
v -7.689824 1.343238 2.254545
v -7.683706 1.375224 2.245319
v -7.670118 1.343238 2.265060
v -7.665913 1.375206 2.254828
v -7.648781 1.343238 2.271521
v -7.646640 1.375194 2.260674
v -7.626616 1.343238 2.273700
v -7.626617 1.375190 2.262646
v -7.604453 1.343238 2.271521
v -7.606594 1.375194 2.260674
v -7.583116 1.343238 2.265060
v -7.587321 1.375206 2.254828
v -7.563410 1.343238 2.254545
v -7.569528 1.375224 2.245319
v -7.546092 1.343238 2.240357
v -7.553898 1.375244 2.232493
v -7.531842 1.343238 2.223023
v -7.541042 1.375265 2.216830
v -7.521228 1.343238 2.203200
v -7.531471 1.375283 2.198926
v -7.514680 1.343238 2.181653
v -7.525568 1.375294 2.179471
v -7.512467 1.343238 2.159224
v -7.523574 1.375299 2.159224
v -7.514680 1.343238 2.136796
v -7.525568 1.375294 2.138978
v -7.521228 1.343238 2.115249
v -7.531471 1.375283 2.119523
v -7.531842 1.343238 2.095426
v -7.541042 1.375265 2.101619
v -7.546092 1.343238 2.078091
v -7.553898 1.375244 2.085956
v -7.563410 1.343238 2.063904
v -7.569528 1.375224 2.073130
v -7.583116 1.343238 2.053389
v -7.587321 1.375206 2.063620
v -7.604453 1.343238 2.046927
v -7.606594 1.375194 2.057774
v -7.608630 7.247262 2.068954
v -7.608634 7.270561 2.068973
v -7.591337 7.247253 2.074198
v -7.591344 7.270570 2.074216
v -7.575404 7.247240 2.082711
v -7.575415 7.270584 2.082727
v -7.561444 7.247224 2.094164
v -7.561458 7.270599 2.094177
v -7.549992 7.247209 2.108113
v -7.550008 7.270615 2.108124
v -7.541485 7.247195 2.124022
v -7.541503 7.270628 2.124030
v -7.536248 7.247186 2.141280
v -7.536267 7.270637 2.141284
v -7.534480 7.247183 2.159224
v -7.534500 7.270640 2.159224
v -7.536248 7.247186 2.177169
v -7.536267 7.270637 2.177165
v -7.541485 7.247195 2.194427
v -7.541503 7.270628 2.194419
v -7.549992 7.247209 2.210335
v -7.550008 7.270615 2.210325
v -7.561444 7.247224 2.224285
v -7.561458 7.270599 2.224271
v -7.575404 7.247240 2.235738
v -7.575415 7.270584 2.235722
v -7.591337 7.247253 2.244251
v -7.591344 7.270570 2.244233
v -7.608630 7.247262 2.249495
v -7.608634 7.270561 2.249476
v -7.626617 7.247265 2.251266
v -7.626617 7.270558 2.251247
v -7.644604 7.247262 2.249495
v -7.644600 7.270561 2.249476
v -7.661897 7.247253 2.244251
v -7.661890 7.270570 2.244233
v -7.677830 7.247240 2.235738
v -7.677819 7.270584 2.235722
v -7.691790 7.247224 2.224285
v -7.691776 7.270599 2.224271
v -7.703243 7.247209 2.210335
v -7.703226 7.270615 2.210325
v -7.711750 7.247195 2.194427
v -7.711731 7.270628 2.194419
v -7.716986 7.247186 2.177169
v -7.716967 7.270637 2.177165
v -7.718754 7.247183 2.159224
v -7.718735 7.270640 2.159224
v -7.716986 7.247186 2.141280
v -7.716967 7.270637 2.141284
v -7.711750 7.247195 2.124022
v -7.711731 7.270628 2.124030
v -7.703243 7.247209 2.108113
v -7.703226 7.270615 2.108124
v -7.691790 7.247224 2.094164
v -7.691776 7.270599 2.094177
v -7.677830 7.247240 2.082711
v -7.677819 7.270584 2.082727
v -7.661897 7.247253 2.074198
v -7.661890 7.270570 2.074216
v -7.644604 7.247262 2.068954
v -7.644600 7.270561 2.068973
v -7.626617 7.270558 2.067202
v -7.626617 7.247265 2.067183
v -7.626617 7.490265 2.074284
v -7.626617 7.475137 2.074386
v -7.610037 7.475135 2.076017
v -7.610017 7.490266 2.075917
v -7.594096 7.475132 2.080847
v -7.594057 7.490269 2.080752
v -7.579405 7.475127 2.088689
v -7.579348 7.490274 2.088603
v -7.566530 7.475121 2.099241
v -7.566457 7.490281 2.099168
v -7.555965 7.475115 2.112098
v -7.555879 7.490286 2.112040
v -7.548115 7.475110 2.126764
v -7.548019 7.490291 2.126724
v -7.543282 7.475106 2.142677
v -7.543180 7.490294 2.142656
v -7.541649 7.475105 2.159224
v -7.541546 7.490295 2.159224
v -7.543282 7.475106 2.175772
v -7.543180 7.490294 2.175792
v -7.548115 7.475110 2.191685
v -7.548019 7.490291 2.191724
v -7.555965 7.475115 2.206351
v -7.555879 7.490286 2.206409
v -7.566530 7.475121 2.219208
v -7.566457 7.490281 2.219280
v -7.579405 7.475127 2.229760
v -7.579348 7.490274 2.229845
v -7.594096 7.475132 2.237602
v -7.594057 7.490269 2.237697
v -7.610037 7.475135 2.242432
v -7.610017 7.490266 2.242532
v -7.626617 7.475137 2.244062
v -7.626617 7.490265 2.244164
v -7.643197 7.475135 2.242432
v -7.643217 7.490266 2.242532
v -7.659138 7.475132 2.237602
v -7.659177 7.490269 2.237697
v -7.673829 7.475127 2.229760
v -7.673886 7.490274 2.229845
v -7.686704 7.475121 2.219208
v -7.686777 7.490281 2.219280
v -7.697269 7.475115 2.206351
v -7.697355 7.490286 2.206409
v -7.705119 7.475110 2.191685
v -7.705215 7.490291 2.191724
v -7.709952 7.475106 2.175772
v -7.710054 7.490294 2.175792
v -7.711585 7.475105 2.159224
v -7.711688 7.490295 2.159224
v -7.709952 7.475106 2.142677
v -7.710054 7.490294 2.142656
v -7.705119 7.475110 2.126764
v -7.705215 7.490291 2.126724
v -7.697269 7.475115 2.112098
v -7.697355 7.490286 2.112040
v -7.686704 7.475121 2.099241
v -7.686777 7.490281 2.099168
v -7.673829 7.475127 2.088689
v -7.673886 7.490274 2.088603
v -7.659138 7.475132 2.080847
v -7.659177 7.490269 2.080752
v -7.643197 7.475135 2.076017
v -7.643217 7.490266 2.075917
v -7.549036 1.858679 2.126852
v -7.673146 1.858679 2.229394
v -7.626617 1.858679 2.074954
v -7.556849 1.858679 2.112259
v -7.658640 1.858679 2.237134
v -7.642933 1.858679 2.076558
v -7.567339 1.858679 2.099499
v -7.642933 1.858679 2.241891
v -7.658640 1.858679 2.081314
v -7.580088 1.858679 2.089055
v -7.626617 1.858679 2.243495
v -7.673146 1.858679 2.089055
v -7.594594 1.858679 2.081314
v -7.610301 1.858679 2.241891
v -7.685894 1.858679 2.099499
v -7.610301 1.858679 2.076558
v -7.594594 1.858679 2.237134
v -7.696385 1.858679 2.112259
v -7.580088 1.858679 2.229394
v -7.704198 1.858679 2.126852
v -7.567339 1.858679 2.218950
v -7.709018 1.858679 2.142714
v -7.556849 1.858679 2.206189
v -7.710647 1.858679 2.159224
v -7.549036 1.858679 2.191597
v -7.709018 1.858679 2.175735
v -7.544216 1.858679 2.175735
v -7.704198 1.858679 2.191597
v -7.542586 1.858679 2.159224
v -7.696385 1.858679 2.206189
v -7.544216 1.858679 2.142714
v -7.685894 1.858679 2.218950
v -7.556849 1.927655 2.112259
v -7.658640 1.927655 2.237134
v -7.642933 1.927655 2.076558
v -7.567339 1.927655 2.099499
v -7.642933 1.927655 2.241891
v -7.658640 1.927655 2.081314
v -7.580088 1.927655 2.089055
v -7.626617 1.927655 2.243495
v -7.673146 1.927655 2.089055
v -7.594594 1.927655 2.081314
v -7.610301 1.927655 2.241891
v -7.685894 1.927655 2.099499
v -7.610301 1.927655 2.076558
v -7.594594 1.927655 2.237134
v -7.696385 1.927655 2.112259
v -7.580088 1.927655 2.229394
v -7.704198 1.927655 2.126852
v -7.567339 1.927655 2.218950
v -7.709018 1.927655 2.142714
v -7.556849 1.927655 2.206189
v -7.710647 1.927655 2.159224
v -7.549036 1.927655 2.191597
v -7.709018 1.927655 2.175735
v -7.544216 1.927655 2.175735
v -7.704198 1.927655 2.191597
v -7.542586 1.927655 2.159224
v -7.696385 1.927655 2.206189
v -7.544216 1.927655 2.142714
v -7.685894 1.927655 2.218950
v -7.549036 1.927655 2.126852
v -7.673146 1.927655 2.229394
v -7.626617 1.927655 2.074954
v -7.534302 1.881640 2.120704
v -7.534893 1.907788 2.120951
v -7.544120 1.907773 2.103691
v -7.543591 1.881654 2.103335
v -7.682001 1.881688 2.242748
v -7.681651 1.907736 2.242220
v -7.664498 1.907720 2.251386
v -7.664738 1.881702 2.251970
v -7.626617 1.881715 2.058897
v -7.626617 1.907706 2.059527
v -7.645919 1.907709 2.061428
v -7.646041 1.881712 2.060809
v -7.556514 1.907754 2.088592
v -7.556067 1.881671 2.088141
v -7.645919 1.907709 2.257021
v -7.646041 1.881712 2.257639
v -7.664498 1.907720 2.067062
v -7.664738 1.881702 2.066478
v -7.571583 1.907736 2.076229
v -7.571233 1.881688 2.075701
v -7.626617 1.907706 2.258922
v -7.626617 1.881715 2.259552
v -7.681651 1.907736 2.076229
v -7.682001 1.881688 2.075701
v -7.588736 1.907720 2.067062
v -7.588496 1.881702 2.066478
v -7.607315 1.907709 2.257021
v -7.607193 1.881712 2.257639
v -7.696719 1.907754 2.088592
v -7.697167 1.881671 2.088141
v -7.607315 1.907709 2.061428
v -7.607193 1.881712 2.060809
v -7.588736 1.907720 2.251386
v -7.588496 1.881702 2.251970
v -7.709114 1.907773 2.103691
v -7.709642 1.881654 2.103335
v -7.571583 1.907736 2.242220
v -7.571233 1.881688 2.242748
v -7.718341 1.907788 2.120951
v -7.718932 1.881640 2.120704
v -7.556514 1.907754 2.229856
v -7.556067 1.881671 2.230308
v -7.724032 1.907799 2.139705
v -7.724660 1.881630 2.139580
v -7.544120 1.907773 2.214758
v -7.543591 1.881654 2.215114
v -7.725955 1.907802 2.159224
v -7.726596 1.881627 2.159224
v -7.534893 1.907788 2.197498
v -7.534302 1.881640 2.197744
v -7.724032 1.907799 2.178743
v -7.724660 1.881630 2.178869
v -7.529202 1.907799 2.178743
v -7.528573 1.881630 2.178869
v -7.718341 1.907788 2.197498
v -7.718932 1.881640 2.197744
v -7.527279 1.907802 2.159224
v -7.526638 1.881627 2.159224
v -7.709114 1.907773 2.214758
v -7.709642 1.881654 2.215114
v -7.529202 1.907799 2.139705
v -7.528573 1.881630 2.139580
v -7.696719 1.907754 2.229856
v -7.697167 1.881671 2.230308
v -7.626617 7.905629 2.081451
v -7.611418 7.905629 2.082946
v -7.596803 7.905629 2.087371
v -7.583334 7.905629 2.094558
v -7.571528 7.905629 2.104230
v -7.561839 7.905629 2.116016
v -7.554640 7.905629 2.129462
v -7.550206 7.905629 2.144052
v -7.548709 7.905629 2.159224
v -7.550206 7.905629 2.174397
v -7.554640 7.905629 2.188987
v -7.561839 7.905629 2.202433
v -7.571528 7.905629 2.214218
v -7.583334 7.905629 2.223890
v -7.596803 7.905629 2.231077
v -7.611418 7.905629 2.235503
v -7.626617 7.905629 2.236997
v -7.641816 7.905629 2.235503
v -7.656431 7.905629 2.231077
v -7.669900 7.905629 2.223890
v -7.681706 7.905629 2.214218
v -7.691395 7.905629 2.202433
v -7.698594 7.905629 2.188987
v -7.703028 7.905629 2.174397
v -7.704525 7.905629 2.159224
v -7.703028 7.905629 2.144052
v -7.698594 7.905629 2.129462
v -7.691395 7.905629 2.116016
v -7.681706 7.905629 2.104230
v -7.669900 7.905629 2.094558
v -7.656431 7.905629 2.087371
v -7.641816 7.905629 2.082946
v -7.556849 3.474944 2.112259
v -7.658640 3.474944 2.237134
v -7.642933 3.474944 2.076558
v -7.567339 3.474944 2.099499
v -7.642933 3.474944 2.241891
v -7.658640 3.474944 2.081314
v -7.580088 3.474944 2.089055
v -7.626617 3.474944 2.243495
v -7.673146 3.474944 2.089055
v -7.594594 3.474944 2.081314
v -7.610301 3.474944 2.241891
v -7.685894 3.474944 2.099499
v -7.610301 3.474944 2.076558
v -7.594594 3.474944 2.237134
v -7.696385 3.474944 2.112259
v -7.580088 3.474944 2.229394
v -7.704198 3.474944 2.126852
v -7.567339 3.474944 2.218950
v -7.709018 3.474944 2.142714
v -7.556849 3.474944 2.206189
v -7.710647 3.474944 2.159224
v -7.549036 3.474944 2.191597
v -7.709018 3.474944 2.175735
v -7.544216 3.474944 2.175735
v -7.704198 3.474944 2.191597
v -7.542586 3.474944 2.159224
v -7.696385 3.474944 2.206189
v -7.544216 3.474944 2.142714
v -7.685894 3.474944 2.218950
v -7.549036 3.474944 2.126852
v -7.673146 3.474944 2.229394
v -7.626617 3.474944 2.074954
v 7.622239 7.962637 -3.120228
v 4.997647 7.962637 -4.100523
v 7.531596 7.962637 -3.423156
v 7.268540 7.962637 -3.696431
v 6.858822 7.962637 -3.913304
v 6.342545 7.962637 -4.052545
v 5.346346 1.310473 -3.746037
v 7.069255 1.310473 -2.864666
v 5.878754 1.310473 -3.702900
v 6.359046 1.310473 -3.577711
v 6.740210 1.310473 -3.382723
v 6.984932 1.310473 -3.137024
v -6.823454 7.962637 -4.100523
v -8.675447 7.962637 -3.120228
v -7.395752 7.962637 -4.052545
v -7.912028 7.962637 -3.913304
v -8.321749 7.962637 -3.696431
v -8.584805 7.962637 -3.423156
v -8.092492 1.310473 -2.864666
v -6.369582 1.310473 -3.746037
v -8.008167 1.310473 -3.137024
v -7.763445 1.310473 -3.382723
v -7.382283 1.310473 -3.577711
v -6.901991 1.310473 -3.702900
v 6.693148 1.304117 -2.750430
v 6.613006 1.304117 -3.009276
v 6.380426 1.304117 -3.242785
v 6.018175 1.304117 -3.428100
v 5.561711 1.304117 -3.547078
v 4.944572 1.304117 -3.588076
v -6.078953 1.304117 -3.588076
v -6.584948 1.304117 -3.547078
v -7.041411 1.304117 -3.428100
v -7.403664 1.304117 -3.242785
v -7.636243 1.304117 -3.009276
v -7.716385 1.304117 -2.750430
v 6.643052 1.054229 -2.825801
v 6.591633 1.054229 -2.991881
v 6.445785 1.054229 -3.138311
v 6.170170 1.054229 -3.279305
v 5.787328 1.054229 -3.379094
v 5.324067 1.054229 -3.416628
v -6.347304 1.054229 -3.416628
v -6.810564 1.054229 -3.379094
v -7.193407 1.054229 -3.279305
v -7.469020 1.054229 -3.138311
v -7.614869 1.054229 -2.991880
v -7.666288 1.054229 -2.825801
v 6.693148 7.428931 -2.750430
v 6.613006 7.428931 -3.009276
v 6.380426 7.428931 -3.242785
v 6.018175 7.428931 -3.428100
v 5.561711 7.428931 -3.547078
v -6.078953 7.428931 -3.588076
v -6.584948 7.428931 -3.547078
v -7.041411 7.428931 -3.428100
v -7.403664 7.428931 -3.242785
v -7.636243 7.428931 -3.009276
v -7.716385 7.428931 -2.750430
v 6.693148 4.635364 -2.750430
v -6.078953 4.635364 -3.588076
v 6.613006 4.635364 -3.009276
v 6.380426 4.635364 -3.242785
v 6.018175 4.635364 -3.428100
v 5.561711 4.635364 -3.547078
v 4.944572 4.635364 -3.588076
v -6.584948 4.635364 -3.547078
v -7.041411 4.635364 -3.428100
v -7.403664 4.635364 -3.242785
v -7.636243 4.635364 -3.009276
v -7.716385 4.635364 -2.750430
v 1.864245 1.304117 -3.588076
v 1.904595 7.962637 -4.100523
v 1.921010 1.310473 -3.746037
v 1.921010 1.054229 -3.416628
v 1.864245 4.635364 -3.588076
v 0.944724 1.304117 -3.588076
v 0.832365 1.310473 -3.746037
v 0.832365 1.054229 -3.416628
v 1.006077 7.962637 -4.100523
v 0.944724 4.635364 -3.588076
v -2.022914 1.304117 -3.588076
v -2.018996 1.310473 -3.746037
v -2.018996 1.054229 -3.416628
v -2.019814 7.962637 -4.100523
v -2.022914 4.635364 -3.588076
v -2.594980 1.304117 -3.588076
v -2.594262 1.310473 -3.746037
v -2.594262 1.054229 -3.416628
v -2.612526 7.962637 -4.100523
v -2.594980 4.635364 -3.588076
v -5.555578 1.304117 -3.588076
v -5.991735 1.310473 -3.746037
v -5.991735 1.054229 -3.416628
v -5.506568 7.962637 -4.100523
v -5.555578 4.635364 -3.588076
v 6.643052 1.054229 -0.579069
v -7.666288 1.054229 -0.579069
v 4.944572 4.635364 -3.460132
v 4.944572 1.304117 -3.460132
v 1.864245 4.635364 -3.460132
v 1.864245 1.304117 -3.460132
v -2.022914 4.635364 -3.460132
v 0.944724 4.635364 -3.460132
v -5.558962 4.635364 -3.460132
v -2.594980 4.635364 -3.460132
v 4.944572 7.225106 -3.588076
v 4.667356 7.428931 -3.588076
v 4.944572 7.632756 -3.588076
v 4.946530 7.428931 -3.569727
v 4.931005 7.288092 -3.588076
v 4.891630 7.344911 -3.588076
v 4.830300 7.390003 -3.588076
v 4.753022 7.418955 -3.588076
v 2.141462 7.428931 -3.588076
v 1.864245 7.225106 -3.588076
v 1.860426 7.428931 -3.588076
v 1.864245 7.632756 -3.588076
v 2.055797 7.418955 -3.588076
v 1.978518 7.390003 -3.588076
v 1.917190 7.344911 -3.588076
v 1.877813 7.288092 -3.588076
v 0.944724 7.225106 -3.588076
v 0.667507 7.428931 -3.588076
v 0.944724 7.632756 -3.588076
v 0.942740 7.428931 -3.588076
v 0.931156 7.288092 -3.588076
v 0.891781 7.344911 -3.588076
v 0.830451 7.390003 -3.588076
v 0.753173 7.418955 -3.588076
v -1.745698 7.428931 -3.588076
v -2.022914 7.225106 -3.588076
v -2.023053 7.428931 -3.588076
v -2.022914 7.632756 -3.588076
v -1.831363 7.418955 -3.588076
v -1.908642 7.390003 -3.588076
v -1.969971 7.344911 -3.588076
v -2.009346 7.288092 -3.588076
v -2.594980 7.225106 -3.588076
v -2.872196 7.428931 -3.588076
v -2.594980 7.632756 -3.588076
v -2.591970 7.428931 -3.588076
v -2.608548 7.288092 -3.588076
v -2.647924 7.344911 -3.588076
v -2.709253 7.390003 -3.588076
v -2.786531 7.418955 -3.588076
v -5.278305 7.428931 -3.588076
v -5.555578 7.225106 -3.588076
v -5.554946 7.428931 -3.588076
v -5.555578 7.632756 -3.588076
v -5.363987 7.418955 -3.588076
v -5.441282 7.390003 -3.588076
v -5.502624 7.344911 -3.588076
v -5.542008 7.288092 -3.588076
v 4.667356 7.428931 -3.460132
v 4.944572 7.225106 -3.460132
v 4.753022 7.418955 -3.460132
v 4.830300 7.390003 -3.460132
v 4.891630 7.344911 -3.460132
v 4.931005 7.288092 -3.460132
v 1.864245 7.225106 -3.460132
v 2.141462 7.428931 -3.460132
v 1.877813 7.288092 -3.460132
v 1.917190 7.344911 -3.460132
v 1.978518 7.390003 -3.460132
v 2.055797 7.418955 -3.460132
v -2.022914 7.225106 -3.460132
v -1.745698 7.428931 -3.460132
v -2.009346 7.288092 -3.460132
v -1.969971 7.344911 -3.460132
v -1.908642 7.390003 -3.460132
v -1.831363 7.418955 -3.460132
v 0.667507 7.428931 -3.460132
v 0.944724 7.225106 -3.460132
v 0.753173 7.418955 -3.460132
v 0.830451 7.390003 -3.460132
v 0.891781 7.344911 -3.460132
v 0.931156 7.288092 -3.460132
v -5.558962 7.225106 -3.460132
v -5.281688 7.428931 -3.460132
v -5.545391 7.288092 -3.460132
v -5.506007 7.344911 -3.460132
v -5.444665 7.390003 -3.460132
v -5.367370 7.418955 -3.460132
v -2.872196 7.428931 -3.460132
v -2.594980 7.225106 -3.460132
v -2.786531 7.418955 -3.460132
v -2.709253 7.390003 -3.460132
v -2.647924 7.344911 -3.460132
v -2.608548 7.288092 -3.460132
v 7.622239 7.962637 1.962054
v 4.963834 7.962637 2.942350
v 7.531596 7.962637 2.264982
v 7.268540 7.962637 2.538257
v 6.858822 7.962637 2.755130
v 6.342545 7.962637 2.894370
v 5.346346 1.310473 2.587900
v 7.069255 1.310473 1.706527
v 5.878754 1.310473 2.544763
v 6.359046 1.310473 2.419573
v 6.740210 1.310473 2.224585
v 6.984932 1.310473 1.978886
v -6.587214 7.962637 2.942350
v -8.675447 7.962637 1.962054
v -7.395752 7.962637 2.894370
v -7.912028 7.962637 2.755130
v -8.321749 7.962637 2.538257
v -8.584805 7.962637 2.264982
v -8.092492 1.310473 1.706527
v -6.369582 1.310473 2.587900
v -8.008167 1.310473 1.978886
v -7.763445 1.310473 2.224585
v -7.382283 1.310473 2.419573
v -6.901991 1.310473 2.544763
v 6.693148 1.304117 1.592292
v 6.613006 1.304117 1.851139
v 6.380426 1.304117 2.084648
v 6.018175 1.304117 2.269962
v 5.561711 1.304117 2.388941
v 4.944572 1.304117 2.429938
v -6.078953 1.304117 2.429938
v -6.584948 1.304117 2.388941
v -7.041411 1.304117 2.269962
v -7.403664 1.304117 2.084648
v -7.636243 1.304117 1.851139
v -7.716385 1.304117 1.592292
v 6.643052 1.054229 1.667663
v 6.591633 1.054229 1.833743
v 6.445785 1.054229 1.980173
v 6.170170 1.054229 2.121167
v 5.787328 1.054229 2.220956
v 5.324067 1.054229 2.258491
v -6.347304 1.054229 2.258491
v -6.810564 1.054229 2.220956
v -7.193407 1.054229 2.121167
v -7.469020 1.054229 1.980174
v -7.614869 1.054229 1.833743
v -7.666288 1.054229 1.667663
v 6.693148 7.428931 1.592292
v 6.613006 7.428931 1.851139
v 6.380426 7.428931 2.084648
v 6.018175 7.428931 2.269962
v 5.561711 7.428931 2.388941
v -6.078953 7.428931 2.429938
v -6.584948 7.428931 2.388941
v -7.041411 7.428931 2.269962
v -7.403664 7.428931 2.084648
v -7.636243 7.428931 1.851139
v -7.716385 7.428931 1.592292
v 6.693148 4.635364 1.592292
v -6.078953 4.635364 2.429938
v 6.613006 4.635364 1.851139
v 6.380426 4.635364 2.084648
v 6.018175 4.635364 2.269962
v 5.561711 4.635364 2.388941
v 4.944572 4.635364 2.429938
v -6.584948 4.635364 2.388941
v -7.041411 4.635364 2.269962
v -7.403664 4.635364 2.084648
v -7.636243 4.635364 1.851139
v -7.716385 4.635364 1.592292
v 1.864245 1.304117 2.429938
v 1.921337 7.962637 2.942350
v 1.921010 1.310473 2.587900
v 1.921010 1.054229 2.258491
v 1.864245 4.635364 2.429938
v 0.944724 1.304117 2.429938
v 0.832365 1.310473 2.587900
v 0.832365 1.054229 2.258491
v 0.992898 7.962637 2.942350
v 0.944724 4.635364 2.429938
v -2.022914 1.304117 2.429938
v -2.018996 1.310473 2.587900
v -2.018996 1.054229 2.258491
v -2.018424 7.962637 2.942350
v -2.022914 4.635364 2.429938
v -2.594980 1.304117 2.429938
v -2.594262 1.310473 2.587900
v -2.594262 1.054229 2.258491
v -2.589423 7.962637 2.942350
v -2.594980 4.635364 2.429938
v -5.555578 1.304117 2.429938
v -5.991735 1.310473 2.587900
v -5.991735 1.054229 2.258491
v -5.595425 7.962637 2.942350
v -5.555578 4.635364 2.429938
v 4.944572 4.635364 2.301994
v 4.944572 1.304117 2.301994
v 1.864245 4.635364 2.301994
v 1.864245 1.304117 2.301994
v -2.022914 4.635364 2.301994
v 0.944724 4.635364 2.301994
v -5.558962 4.635364 2.301994
v -2.594980 4.635364 2.301994
v 4.944572 7.225106 2.429938
v 4.667356 7.428931 2.429938
v 4.944572 7.632756 2.429938
v 4.945276 7.428931 2.411590
v 4.931005 7.288092 2.429938
v 4.891630 7.344911 2.429938
v 4.830300 7.390003 2.429938
v 4.753022 7.418955 2.429938
v 2.141462 7.428931 2.429938
v 1.864245 7.225106 2.429938
v 1.863701 7.428931 2.429938
v 1.864245 7.632756 2.429938
v 2.055797 7.418955 2.429938
v 1.978518 7.390003 2.429938
v 1.917190 7.344911 2.429938
v 1.877813 7.288092 2.429938
v 0.944724 7.225106 2.429938
v 0.667507 7.428931 2.429938
v 0.944724 7.632756 2.429938
v 0.946446 7.428931 2.429938
v 0.931156 7.288092 2.429938
v 0.891781 7.344911 2.429938
v 0.830451 7.390003 2.429938
v 0.753173 7.418955 2.429938
v -1.745698 7.428931 2.429938
v -2.022914 7.225106 2.429938
v -2.024637 7.428931 2.429938
v -2.022914 7.632756 2.429938
v -1.831363 7.418955 2.429938
v -1.908642 7.390003 2.429938
v -1.969971 7.344911 2.429938
v -2.009346 7.288092 2.429938
v -2.594980 7.225106 2.429938
v -2.872196 7.428931 2.429938
v -2.594980 7.632756 2.429938
v -2.593258 7.428931 2.429938
v -2.608548 7.288092 2.429938
v -2.647924 7.344911 2.429938
v -2.709253 7.390003 2.429938
v -2.786531 7.418955 2.429938
v -5.278305 7.428931 2.429938
v -5.555578 7.225106 2.429938
v -5.558085 7.428931 2.429938
v -5.555578 7.632756 2.429938
v -5.363987 7.418955 2.429938
v -5.441282 7.390003 2.429938
v -5.502624 7.344911 2.429938
v -5.542008 7.288092 2.429938
v 4.667356 7.428931 2.301994
v 4.944572 7.225106 2.301994
v 4.753022 7.418955 2.301994
v 4.830300 7.390003 2.301994
v 4.891630 7.344911 2.301994
v 4.931005 7.288092 2.301994
v 1.864245 7.225106 2.301994
v 2.141462 7.428931 2.301994
v 1.877813 7.288092 2.301994
v 1.917190 7.344911 2.301994
v 1.978518 7.390003 2.301994
v 2.055797 7.418955 2.301994
v -2.022914 7.225106 2.301994
v -1.745698 7.428931 2.301994
v -2.009346 7.288092 2.301994
v -1.969971 7.344911 2.301994
v -1.908642 7.390003 2.301994
v -1.831363 7.418955 2.301994
v 0.667507 7.428931 2.301994
v 0.944724 7.225106 2.301994
v 0.753173 7.418955 2.301994
v 0.830451 7.390003 2.301994
v 0.891781 7.344911 2.301994
v 0.931156 7.288092 2.301994
v -5.558962 7.225106 2.301994
v -5.281688 7.428931 2.301994
v -5.545391 7.288092 2.301994
v -5.506007 7.344911 2.301994
v -5.444665 7.390003 2.301994
v -5.367370 7.418955 2.301994
v -2.872196 7.428931 2.301994
v -2.594980 7.225106 2.301994
v -2.786531 7.418955 2.301994
v -2.709253 7.390003 2.301994
v -2.647924 7.344911 2.301994
v -2.608548 7.288092 2.301994
v 6.693148 1.304117 -2.208621
v 7.069255 1.310473 -2.265738
v 6.643052 1.054229 -2.265738
v 7.622239 7.962637 -2.486149
v 6.693148 4.635364 -2.208621
v 6.693148 1.304117 1.054764
v 7.069255 1.310473 1.111882
v 6.643052 1.054229 1.111882
v 7.622239 7.962637 1.332986
v 6.693148 4.635364 1.054764
v 6.615458 4.635364 -2.208621
v 6.615458 4.635364 1.054764
v 6.693148 7.428931 -1.801076
v 6.693148 7.041231 -2.208621
v 6.693148 7.428931 -2.210909
v 6.693148 7.816631 -2.208621
v 6.693148 7.409956 -1.927014
v 6.693148 7.354887 -2.040625
v 6.693148 7.269115 -2.130786
v 6.693148 7.161036 -2.188674
v 6.693148 7.041231 1.054764
v 6.693148 7.428931 0.647220
v 6.693148 7.816631 1.054764
v 6.693148 7.428931 1.052170
v 6.693148 7.161036 1.034818
v 6.693148 7.269115 0.976930
v 6.693148 7.354887 0.886768
v 6.693148 7.409956 0.773158
v 6.615458 7.041231 -2.208621
v 6.615458 7.428931 -1.801076
v 6.615458 7.161036 -2.188674
v 6.615458 7.269115 -2.130786
v 6.615458 7.354887 -2.040625
v 6.615458 7.409956 -1.927014
v 6.615458 7.428931 0.647220
v 6.615458 7.041231 1.054764
v 6.615458 7.409956 0.773158
v 6.615458 7.354887 0.886768
v 6.615458 7.269115 0.976930
v 6.615458 7.161036 1.034818
v 6.613006 7.986573 -3.009276
v 6.693148 7.986573 -2.750430
v 6.380426 7.986573 -3.242785
v 6.018175 7.986573 -3.428100
v 5.561711 7.986573 -3.547078
v 4.944572 7.986573 -3.588076
v -6.584948 7.986573 -3.547078
v -6.078953 7.986573 -3.588076
v -7.041411 7.986573 -3.428100
v -7.403664 7.986573 -3.242785
v -7.636243 7.986573 -3.009276
v -7.716385 7.986573 -2.750430
v 1.864245 7.986573 -3.588076
v 0.944724 7.986573 -3.588076
v -2.022914 7.986573 -3.588076
v -2.594980 7.986573 -3.588076
v -5.555578 7.986573 -3.588076
v 6.693148 7.986573 -2.208621
v 6.613006 7.986573 1.851139
v 6.693148 7.986573 1.592292
v 6.380426 7.986573 2.084648
v 6.018175 7.986573 2.269962
v 5.561711 7.986573 2.388941
v 4.944572 7.986573 2.429938
v -6.584948 7.986573 2.388941
v -6.078953 7.986573 2.429938
v -7.041411 7.986573 2.269962
v -7.403664 7.986573 2.084648
v -7.636243 7.986573 1.851139
v -7.716385 7.986573 1.592292
v 1.864245 7.986573 2.429938
v 0.944724 7.986573 2.429938
v -2.022914 7.986573 2.429938
v -2.594980 7.986573 2.429938
v -5.555578 7.986573 2.429938
v 6.693148 7.986573 1.054764
v 7.080021 8.375832 -3.261627
v 7.135186 8.375832 -3.077266
v 6.926282 8.375832 -3.421339
v 6.637122 8.375832 -3.574398
v 6.239169 8.375832 -3.681726
v 4.998505 8.375832 -3.724085
v -7.287865 8.375832 -3.682942
v -6.797116 8.375832 -3.724085
v -7.690328 8.375832 -3.574398
v -7.979491 8.375832 -3.421338
v -8.133231 8.375832 -3.261627
v -8.188396 8.375832 -3.077266
v 1.894562 8.375832 -3.724085
v 0.955741 8.375832 -3.724085
v -2.052827 8.375832 -3.724085
v -2.640906 8.375832 -3.724085
v -5.528143 8.375832 -3.724085
v 7.135186 8.375832 -2.486149
v 7.080021 8.375832 2.103452
v 7.135186 8.375832 1.919092
v 6.926282 8.375832 2.263164
v 6.637122 8.375832 2.416224
v 6.239169 8.375832 2.523551
v 4.970370 8.375832 2.565911
v -7.287865 8.375832 2.524768
v -6.603062 8.375832 2.565911
v -7.690328 8.375832 2.416224
v -7.979491 8.375832 2.263164
v -8.133231 8.375832 2.103452
v -8.188396 8.375832 1.919092
v 1.923771 8.375832 2.565911
v 0.983275 8.375832 2.565911
v -2.043049 8.375832 2.565911
v -2.612709 8.375832 2.565911
v -5.597873 8.375832 2.565911
v 7.135186 8.375832 1.332986
v -7.716385 1.304117 1.070959
v -8.092492 1.310473 1.157980
v -7.666288 1.054229 1.157980
v -7.716385 4.635364 1.070959
v -7.716385 7.986573 1.070959
v -8.675447 7.962637 1.351939
v -8.188396 8.375832 1.351939
v -7.716385 1.304117 -2.222661
v -8.092492 1.310473 -2.309345
v -7.666288 1.054229 -2.309345
v -7.716385 4.635364 -2.222661
v -7.716385 7.986573 -2.222661
v -8.675447 7.962637 -2.502581
v -8.188396 8.375832 -2.502581
v -7.658154 4.635364 1.070959
v -7.658154 4.635364 -2.222661
v -7.716385 7.428931 0.639816
v -7.716385 7.018782 1.070959
v -7.716385 7.428931 1.072750
v -7.716385 7.839080 1.070959
v -7.716385 7.408856 0.773047
v -7.716385 7.350599 0.893236
v -7.716385 7.259861 0.988618
v -7.716385 7.145524 1.049858
v -7.716385 7.018782 -2.222661
v -7.716385 7.428931 -1.791518
v -7.716385 7.839080 -2.222661
v -7.716385 7.428931 -2.227147
v -7.716385 7.145524 -2.201559
v -7.716385 7.259861 -2.140320
v -7.716385 7.350599 -2.044937
v -7.716385 7.408856 -1.924748
v -7.658154 7.018782 1.070959
v -7.658154 7.428931 0.639816
v -7.658154 7.145524 1.049858
v -7.658154 7.259861 0.988618
v -7.658154 7.350599 0.893236
v -7.658154 7.408856 0.773047
v -7.658154 7.428931 -1.791518
v -7.658154 7.018782 -2.222661
v -7.658154 7.408856 -1.924748
v -7.658154 7.350599 -2.044937
v -7.658154 7.259861 -2.140320
v -7.658154 7.145524 -2.201559
v -8.675447 8.375832 1.351939
v -8.675447 8.375832 -2.502581
v 7.531596 8.375832 -3.423156
v 7.622239 8.375832 -3.120228
v 7.268540 8.375832 -3.696431
v 6.858822 8.375832 -3.913304
v 6.342545 8.375832 -4.052545
v 4.997536 8.375832 -4.100523
v -7.395752 8.375832 -4.052545
v -6.823454 8.375832 -4.100523
v -7.912028 8.375832 -3.913304
v -8.321749 8.375832 -3.696431
v -8.584805 8.375832 -3.423156
v -8.675447 8.375832 -3.120228
v 1.914352 8.375832 -4.100523
v 0.993152 8.375832 -4.100523
v -2.019814 8.375832 -4.100523
v -2.612526 8.375832 -4.100523
v -5.495196 8.375832 -4.100523
v 7.531596 8.375832 2.264982
v 7.622239 8.375832 1.962054
v 7.268540 8.375832 2.538257
v 6.858822 8.375832 2.755130
v 6.342545 8.375832 2.894370
v 4.963834 8.375832 2.942350
v -7.395752 8.375832 2.894370
v -6.599871 8.375832 2.942350
v -7.912028 8.375832 2.755130
v -8.321749 8.375832 2.538257
v -8.584805 8.375832 2.264982
v -8.675447 8.375832 1.962054
v 1.921337 8.375832 2.942350
v 0.992898 8.375832 2.942350
v -2.018424 8.375832 2.942350
v -2.589423 8.375832 2.942350
v -5.595425 8.375832 2.942350
v 7.622239 8.375832 -2.486149
v 7.622239 8.375832 1.332986
v -7.616961 8.886790 1.202232
v -7.616961 8.886790 -2.353407
v 6.467544 8.886790 -3.053596
v 6.518432 8.886790 -2.883532
v 6.325725 8.886790 -3.200924
v 6.058987 8.886790 -3.342115
v 5.691889 8.886790 -3.441122
v 5.123429 8.886790 -3.480196
v -6.786258 8.886790 -3.442244
v -6.333562 8.886790 -3.480196
v -7.157514 8.886790 -3.342115
v -7.424256 8.886790 -3.200924
v -7.566073 8.886790 -3.053596
v -7.616961 8.886790 -2.883532
v 1.929557 8.886790 -3.480196
v 0.970188 8.886790 -3.480196
v -2.126052 8.886790 -3.480196
v -2.675976 8.886790 -3.480196
v -5.811803 8.886790 -3.480196
v 6.467544 8.886790 1.895474
v 6.518432 8.886790 1.725409
v 6.325725 8.886790 2.042802
v 6.058987 8.886790 2.183993
v 5.691889 8.886790 2.282998
v 5.123429 8.886790 2.322073
v -6.786258 8.886790 2.284121
v -6.333562 8.886790 2.322073
v -7.157515 8.886790 2.183993
v -7.424256 8.886790 2.042801
v -7.566073 8.886790 1.895473
v -7.616961 8.886790 1.725409
v 1.929557 8.886790 2.322073
v 0.970188 8.886790 2.322073
v -2.126052 8.886790 2.322073
v -2.722908 8.886790 2.322073
v -5.811803 8.886790 2.322073
v 6.518432 8.886790 -2.338250
v 6.518432 8.886790 1.184749
v -7.972281 8.631311 2.044431
v -8.026231 8.631311 1.864128
v -2.065692 8.631311 -3.654873
v 0.978271 8.631311 -3.654873
v -8.026231 8.631311 1.309454
v -8.026231 8.631311 -2.460247
v 4.988176 8.631311 2.496713
v 1.929982 8.631311 2.496713
v -2.651515 8.631311 -3.654873
v 6.906210 8.631311 -3.202591
v 6.960161 8.631311 -3.022287
v 0.974289 8.631311 2.496713
v -5.518292 8.631311 -3.654873
v 6.755854 8.631311 -3.358788
v -2.016745 8.631311 2.496713
v -6.665567 8.631311 -3.654873
v 6.473057 8.631311 -3.508480
v -2.636069 8.631311 2.496713
v 6.960161 8.631311 1.864128
v 6.906210 8.631311 2.044431
v 6.083859 8.631311 -3.613446
v -5.607190 8.631311 2.496713
v 6.755854 8.631311 2.200629
v 5.012914 8.631311 -3.654873
v -6.555884 8.631311 2.496713
v 6.473057 8.631311 2.350320
v -7.145516 8.631311 -3.614635
v 6.960161 8.631311 -2.444178
v 6.083859 8.631311 2.455286
v -7.539124 8.631311 -3.508480
v 6.960161 8.631311 1.290919
v -7.821924 8.631311 -3.358788
v -7.145516 8.631311 2.456476
v -7.972281 8.631311 -3.202590
v -8.026231 8.631311 -3.022287
v -7.539125 8.631311 2.350320
v -7.821924 8.631311 2.200628
v 1.903210 8.631311 -3.654873
v 7.069255 1.054229 -2.864666
v 6.984932 1.054229 -3.137024
v 6.740210 1.054229 -3.382723
v 6.359046 1.054229 -3.577711
v 5.878754 1.054229 -3.702900
v 5.346346 1.054229 -3.746037
v -6.369582 1.054229 -3.746037
v -6.901991 1.054229 -3.702900
v -7.382283 1.054229 -3.577711
v -7.763445 1.054229 -3.382723
v -8.008167 1.054229 -3.137024
v -8.092492 1.054229 -2.864666
v -5.991735 1.054229 -3.746037
v 7.069255 1.054229 -2.265738
v -8.092492 1.054229 -2.309345
v 1.921010 1.054229 -3.746037
v 0.832365 1.054229 -3.746037
v -2.018996 1.054229 -3.746037
v -2.594262 1.054229 -3.746037
v 7.069255 1.054229 1.706527
v 6.984932 1.054229 1.978886
v 6.740210 1.054229 2.224585
v 6.359046 1.054229 2.419573
v 5.878754 1.054229 2.544763
v 5.346346 1.054229 2.587900
v -6.369582 1.054229 2.587900
v -6.901991 1.054229 2.544763
v -7.382283 1.054229 2.419573
v -7.763445 1.054229 2.224585
v -8.008167 1.054229 1.978886
v -8.092492 1.054229 1.706527
v -5.991735 1.054229 2.587900
v 7.069255 1.054229 1.111882
v -8.092492 1.054229 1.157980
v 1.921010 1.054229 2.587900
v 0.832365 1.054229 2.587900
v -2.018996 1.054229 2.587900
v -2.594262 1.054229 2.587900
v 7.069255 1.054229 -0.579069
v -8.092492 1.054229 -0.579069
v -7.193407 0.635271 2.121167
v -6.810564 0.635271 2.220956
v 6.643052 0.635271 -2.265738
v 6.643052 0.635271 -2.825801
v -7.666288 0.635271 -0.579069
v -7.666288 0.635271 1.157980
v -7.469020 0.635271 1.980174
v -7.666288 0.635271 -2.825801
v -7.666288 0.635271 -2.309345
v -7.614869 0.635271 1.833743
v 5.324067 0.635271 -3.416628
v 1.921010 0.635271 -3.416628
v 6.591633 0.635271 -2.991881
v -7.666288 0.635271 1.667663
v 0.832365 0.635271 -3.416628
v 6.445785 0.635271 -3.138311
v -6.347304 0.635271 2.258491
v -5.991735 0.635271 2.258491
v -2.018996 0.635271 -3.416628
v 6.170170 0.635271 -3.279305
v 6.643052 0.635271 1.667663
v 6.643052 0.635271 1.111882
v -2.594262 0.635271 -3.416628
v 5.787328 0.635271 -3.379094
v -5.991735 0.635271 -3.416628
v 1.921010 0.635271 2.258491
v 5.324067 0.635271 2.258491
v 6.591633 0.635271 1.833743
v -6.347304 0.635271 -3.416628
v -6.810564 0.635271 -3.379094
v 0.832365 0.635271 2.258491
v 6.445785 0.635271 1.980173
v -7.193407 0.635271 -3.279305
v -2.018996 0.635271 2.258491
v 6.170170 0.635271 2.121167
v -7.469020 0.635271 -3.138311
v -2.594262 0.635271 2.258491
v 5.787328 0.635271 2.220956
v -7.614869 0.635271 -2.991880
v 6.643052 0.635271 -0.579069
v -7.061051 0.425792 2.065480
v 6.490025 0.425792 -2.230944
v -7.524180 0.425792 -0.579063
v -7.330980 0.425792 1.927394
v -7.524180 0.425792 -2.779456
v -7.473821 0.425792 1.783983
v 5.198244 0.425792 -3.358097
v -7.524180 0.425792 1.621330
v -6.232400 0.425792 2.199971
v 6.490025 0.425792 1.621330
v 1.865377 0.425792 2.199971
v 6.439667 0.425792 1.783984
v -6.232400 0.425792 -3.358097
v 0.799186 0.425792 2.199971
v 6.296826 0.425792 1.927394
v -1.993365 0.425792 2.199971
v 6.026896 0.425792 2.065479
v -2.556767 0.425792 2.199971
v 5.651951 0.425792 2.163210
v 6.490025 0.425792 -0.579063
v -6.686105 0.425792 2.163210
v 6.490025 0.425792 -2.779456
v -7.524180 0.425792 1.122158
v -7.524180 0.425792 -2.273652
v 1.865377 0.425792 -3.358097
v 6.439667 0.425792 -2.942110
v 0.799186 0.425792 -3.358097
v 6.296826 0.425792 -3.085520
v -5.884165 0.425792 2.199971
v -1.993365 0.425792 -3.358097
v 6.026896 0.425792 -3.223605
v 6.490025 0.425792 1.077011
v -2.556767 0.425792 -3.358097
v 5.651951 0.425792 -3.321337
v -5.884165 0.425792 -3.358097
v 5.198244 0.425792 2.199971
v -6.686105 0.425792 -3.321337
v -7.061051 0.425792 -3.223606
v -7.330980 0.425792 -3.085520
v -7.473821 0.425792 -2.942110
v 6.123550 0.298825 -2.668466
v 5.640503 0.216314 -2.574008
v 5.613243 0.216314 -2.662061
v 6.079005 0.299967 -2.823988
v 5.539100 0.216314 -2.736499
v 5.948936 0.301971 -2.962227
v 5.352276 0.216314 -2.832071
v 5.700919 0.305166 -3.096878
v 5.064523 0.216314 -2.907074
v 5.355024 0.309508 -3.194656
v 4.688301 0.216314 -2.937557
v 4.934332 0.314589 -3.235327
v -5.995707 0.316581 -3.237526
v -5.765595 0.216314 -2.937557
v -6.141817 0.216314 -2.907074
v -6.419397 0.312180 -3.197567
v -6.429570 0.216314 -2.832071
v -6.767712 0.308290 -3.100160
v -6.616392 0.216314 -2.736500
v -7.017487 0.305389 -2.965631
v -6.690535 0.216314 -2.662060
v -7.148693 0.303583 -2.827384
v -6.717796 0.216314 -2.574009
v -7.193943 0.302590 -2.671757
v -5.669738 0.320110 -3.241422
v -5.459139 0.216314 -2.937557
v 6.121790 0.298215 -2.147218
v 5.640503 0.216314 -2.093468
v -6.717796 0.216314 -2.132623
v -7.192581 0.302081 -2.190364
v 1.645563 0.216314 -2.937557
v 1.753173 0.318864 -3.240047
v 0.668090 0.216314 -2.937557
v 0.733862 0.321410 -3.242858
v -1.892092 0.216314 -2.937557
v -1.943395 0.322432 -3.243986
v -2.408613 0.216314 -2.937557
v -2.483366 0.322009 -3.243520
v 5.640503 0.216314 1.415927
v 6.123554 0.298826 1.510368
v 6.079012 0.299969 1.665892
v 5.613243 0.216314 1.503980
v 5.948944 0.301974 1.804130
v 5.539100 0.216314 1.578418
v 5.700928 0.305170 1.938781
v 5.352276 0.216314 1.673989
v 5.355036 0.309513 2.036560
v 5.064523 0.216314 1.748993
v 4.934347 0.314595 2.077231
v 4.688301 0.216314 1.779475
v -5.765595 0.216314 1.779475
v -5.995720 0.316587 2.079431
v -6.419410 0.312185 2.039470
v -6.141817 0.216314 1.748993
v -6.767721 0.308294 1.942063
v -6.429570 0.216314 1.673989
v -7.017495 0.305392 1.807533
v -6.616392 0.216314 1.578418
v -7.148700 0.303586 1.669286
v -6.690535 0.216314 1.503980
v -7.193947 0.302591 1.513658
v -6.717796 0.216314 1.415927
v -5.459139 0.216314 1.779475
v -5.669753 0.320117 2.083327
v 5.640503 0.216314 0.939232
v 6.121792 0.298216 0.993100
v -7.192583 0.302082 1.038572
v -6.717796 0.216314 0.980622
v 1.753181 0.318871 2.081952
v 1.645563 0.216314 1.779475
v 0.733867 0.321418 2.084763
v 0.668090 0.216314 1.779475
v -1.943398 0.322440 2.085891
v -1.892092 0.216314 1.779475
v -2.483372 0.322017 2.085424
v -2.408613 0.216314 1.779475
v 6.121219 0.298017 -0.579050
v 5.640503 0.216314 -0.579041
v -7.192139 0.301916 -0.579050
v -6.717796 0.216314 -0.579041
v 6.693148 4.560034 -2.750430
v -6.078953 4.560034 -3.588076
v 6.613006 4.560034 -3.009276
v 6.380426 4.560034 -3.242785
v 6.018175 4.560034 -3.428100
v 5.561711 4.560034 -3.547078
v 4.944572 4.560034 -3.588076
v -6.584948 4.560034 -3.547078
v -7.041411 4.560034 -3.428100
v -7.403664 4.560034 -3.242785
v -7.636243 4.560034 -3.009276
v -7.716385 4.560034 -2.750430
v 1.864245 4.560034 -3.588076
v 0.944724 4.560034 -3.588076
v -2.022914 4.560034 -3.588076
v -2.594980 4.560034 -3.588076
v -5.555578 4.560034 -3.588076
v 4.944572 4.560034 -3.460132
v 1.864245 4.560034 -3.460132
v 6.693148 4.560034 1.592292
v -6.078953 4.560034 2.429938
v 6.613006 4.560034 1.851139
v 6.380426 4.560034 2.084648
v 6.018175 4.560034 2.269962
v 5.561711 4.560034 2.388941
v 4.944572 4.560034 2.429938
v -6.584948 4.560034 2.388941
v -7.041411 4.560034 2.269962
v -7.403664 4.560034 2.084648
v -7.636243 4.560034 1.851139
v -7.716385 4.560034 1.592292
v 1.864245 4.560034 2.429938
v 0.944724 4.560034 2.429938
v -2.022914 4.560034 2.429938
v -2.594980 4.560034 2.429938
v -5.555578 4.560034 2.429938
v 4.944572 4.560034 2.301994
v 1.864245 4.560034 2.301994
v 6.693148 4.560034 -2.208621
v 6.693148 4.560034 1.054764
v -7.716385 4.560034 1.070959
v -7.716385 4.560034 -2.222661
v 0.944724 4.635364 -3.662375
v 1.864245 4.635364 -3.662375
v -2.022914 4.635364 -3.662375
v -2.594980 4.635364 -3.662375
v -5.555578 4.635364 -3.662375
v 1.864245 4.560034 -3.662375
v 0.944724 4.560034 -3.662375
v -2.022914 4.560034 -3.662375
v -2.594980 4.560034 -3.662375
v -5.555578 4.560034 -3.662375
v 0.944724 4.635364 2.521061
v 1.864245 4.635364 2.521061
v -2.022914 4.635364 2.521061
v -2.594980 4.635364 2.521061
v -5.555578 4.635364 2.521061
v 1.864245 4.560034 2.521061
v 0.944724 4.560034 2.521061
v -2.022914 4.560034 2.521061
v -2.594980 4.560034 2.521061
v -5.555578 4.560034 2.521061
v -8.092492 1.272050 1.706527
v 7.069255 1.272050 1.706527
v 6.984932 1.272050 1.978886
v -6.369582 1.272050 2.587900
v -6.901991 1.272050 2.544763
v 6.740210 1.272050 2.224585
v -7.382283 1.272050 2.419573
v 6.359046 1.272050 2.419573
v -7.763445 1.272050 2.224585
v 5.878754 1.272050 2.544763
v -8.008167 1.272050 1.978886
v 5.346346 1.272050 2.587900
v 1.921010 1.272050 2.587900
v 0.832365 1.272050 2.587900
v -2.018996 1.272050 2.587900
v -2.594262 1.272050 2.587900
v -5.991735 1.272050 2.587900
v 7.069255 1.272050 1.111882
v -8.092492 1.272050 1.157980
v -8.092492 1.087292 1.706527
v 7.069255 1.087292 1.706527
v -6.369582 1.087292 2.587900
v 1.921010 1.087292 2.587900
v 0.832365 1.087292 2.587900
v -2.018996 1.087292 2.587900
v -2.594262 1.087292 2.587900
v -5.991735 1.087292 2.587900
v 6.984932 1.087292 1.978886
v -6.901991 1.087292 2.544763
v 6.740210 1.087292 2.224585
v -7.382283 1.087292 2.419573
v 6.359046 1.087292 2.419573
v -7.763445 1.087292 2.224585
v 5.878754 1.087292 2.544763
v -8.008167 1.087292 1.978886
v 5.346346 1.087292 2.587900
v 7.069255 1.087292 1.111882
v -8.092492 1.087292 1.157980
v -5.811803 8.886790 -2.351770
v 5.691889 8.886790 -2.340292
v -6.333562 8.886790 -2.351892
v 6.058987 8.886790 -2.339853
v -6.786258 8.886790 -2.351922
v 1.929557 8.886790 -2.343231
v 6.325725 8.886790 -2.337972
v -7.157514 8.886790 -2.353511
v 0.970188 8.886790 -2.344744
v 6.467544 8.886790 -2.338751
v -7.424256 8.886790 -2.351762
v -2.126052 8.886790 -2.347598
v -7.566073 8.886790 -2.354169
v -2.722908 8.886790 -2.348260
v 5.123429 8.886790 -2.339555
v -5.811803 8.886790 1.199884
v 5.691889 8.886790 1.185619
v -6.333562 8.886790 1.200118
v 6.058987 8.886790 1.185351
v -6.786258 8.886790 1.199379
v 1.929557 8.886790 1.189866
v 6.325725 8.886790 1.185031
v -7.157515 8.886790 1.201481
v 0.970188 8.886790 1.191469
v 6.467544 8.886790 1.184815
v -7.424256 8.886790 1.201494
v -2.126052 8.886790 1.195218
v -7.566073 8.886790 1.202067
v -2.722908 8.886790 1.195535
v 5.123429 8.886790 1.186588
v 0.970188 8.886790 -2.881703
v -6.333562 8.886790 -2.882762
v 6.467544 8.886790 -2.882066
v 6.058987 8.886790 -2.884014
v -7.424256 8.886790 -2.885732
v -6.786258 8.886790 -2.882814
v -2.126052 8.886790 -2.883627
v 1.929557 8.886790 -2.884136
v -7.566073 8.886790 -2.883733
v 6.325725 8.886790 -2.883917
v -5.811803 8.886790 -2.883996
v -2.722908 8.886790 -2.882585
v -7.157514 8.886790 -2.883591
v 5.691889 8.886790 -2.879161
v 5.123429 8.886790 -2.884139
v -5.811803 8.886790 1.725522
v 5.691889 8.886790 1.725727
v -6.333562 8.886790 1.725692
v 6.058987 8.886790 1.725780
v -6.786258 8.886790 1.725614
v 1.929557 8.886790 1.725224
v 6.325725 8.886790 1.725556
v -7.157515 8.886790 1.724546
v 0.970188 8.886790 1.725831
v 6.467544 8.886790 1.725384
v -7.424256 8.886790 1.725563
v -2.126052 8.886790 1.725125
v -7.566073 8.886790 1.726737
v -2.722908 8.886790 1.726755
v 5.123429 8.886790 1.725122
v -5.811803 8.886790 1.894234
v 5.691889 8.886790 1.892051
v -6.333562 8.886790 1.894575
v 6.058987 8.886790 1.891168
v -6.786258 8.886790 1.894621
v 1.929557 8.886790 1.892244
v 6.325725 8.886790 1.892225
v -7.157515 8.886790 1.894843
v 0.970188 8.886790 1.892453
v -7.424256 8.886790 1.894855
v -2.126052 8.886790 1.892839
v -2.722908 8.886790 1.893363
v 5.123429 8.886790 1.891761
v -5.811803 8.886790 -3.053374
v -7.424256 8.886790 -3.053799
v -2.722908 8.886790 -3.053071
v -6.786258 8.886790 -3.052822
v -7.157514 8.886790 -3.054229
v -2.126052 8.886790 -3.053530
v 0.970188 8.886790 -3.054137
v 5.691889 8.886790 -3.053743
v 1.929557 8.886790 -3.053042
v -6.333562 8.886790 -3.053979
v 5.123429 8.886790 -3.053451
v 6.325725 8.886790 -3.053281
v 6.058987 8.886790 -3.053279
v -2.126052 8.886790 -3.200480
v 6.058987 8.886790 -3.202208
v 0.970188 8.886790 -3.201616
v -5.811803 8.886790 -3.199825
v 5.691889 8.886790 -3.201631
v 1.929557 8.886790 -3.202659
v -2.722908 8.886790 -3.200810
v -6.333562 8.886790 -3.200194
v -6.786258 8.886790 -3.200826
v 5.123429 8.886790 -3.201939
v -7.157514 8.886790 -3.200298
v -5.811803 8.886790 2.038944
v 5.691889 8.886790 2.041902
v -6.333562 8.886790 2.040233
v 6.058987 8.886790 2.041974
v -6.786258 8.886790 2.039278
v 1.929557 8.886790 2.040564
v -7.157515 8.886790 2.039028
v 0.970188 8.886790 2.041078
v -2.126052 8.886790 2.039499
v -2.722908 8.886790 2.038078
v 5.123429 8.886790 2.042041
v -5.811803 8.886790 2.182001
v 5.691889 8.886790 2.181044
v -6.333562 8.886790 2.181095
v -6.786258 8.886790 2.182769
v 1.929557 8.886790 2.179390
v 0.970188 8.886790 2.181216
v -2.126052 8.886790 2.180931
v -2.722908 8.886790 2.182148
v 5.123429 8.886790 2.178760
v -5.811803 8.886790 2.282600
v 0.970188 8.886790 2.282958
v -6.333562 8.886790 2.282132
v -2.126052 8.886790 2.283396
v -2.722908 8.886790 2.282315
v 1.929557 8.886790 2.282867
v 5.123429 8.886790 2.282907
v -5.811803 8.886790 -3.343634
v 5.691889 8.886790 -3.342053
v 1.929557 8.886790 -3.343874
v -2.722908 8.886790 -3.343995
v -2.126052 8.886790 -3.343569
v -6.333562 8.886790 -3.344037
v -6.786258 8.886790 -3.343102
v 0.970188 8.886790 -3.343924
v 5.123429 8.886790 -3.340078
v -2.722908 8.886790 -3.442592
v -5.811803 8.886790 -3.441371
v 0.970188 8.886790 -3.440367
v -2.126052 8.886790 -3.442883
v 5.123429 8.886790 -3.441690
v -6.333562 8.886790 -3.443495
v 1.929557 8.886790 -3.440012
v 6.693148 1.304117 -2.666225
v 7.069255 1.310473 -2.771584
v 7.069255 1.054229 -2.771584
v 6.693148 4.635364 -2.666225
v 6.643052 1.054229 -2.738760
v 6.643052 0.635271 -2.738760
v 6.490025 0.425792 -2.694210
v 5.640503 0.216314 -2.499325
v 6.123278 0.298730 -2.587457
v 6.693148 4.560034 -2.666225
v 6.693148 7.986573 -2.675633
v 6.693148 7.428931 -2.674471
v 6.789458 4.560034 -2.750430
v 6.789458 1.304117 -2.750430
v 6.789458 1.304117 -2.666225
v 6.789458 7.986573 -2.750430
v 6.789458 7.428931 -2.750430
v 6.789458 4.635364 -2.750430
v 6.789458 7.428931 -2.674471
v 6.789458 4.635364 -2.666225
v 6.789458 4.560034 -2.666225
v 6.789458 7.986573 -2.675633
v 6.693148 1.304117 1.498459
v 7.069255 1.310473 1.602724
v 7.069255 1.054229 1.602724
v 6.693148 4.635364 1.498459
v 6.643052 1.054229 1.570644
v 6.643052 0.635271 1.570644
v 6.490025 0.425792 1.526311
v 6.123246 0.298719 1.420072
v 5.640503 0.216314 1.332713
v 6.693148 4.560034 1.498459
v 7.069255 1.272050 1.602724
v 7.069255 1.087292 1.602724
v 6.693148 7.986573 1.496780
v 6.693148 7.428931 1.496644
v 6.790413 4.560034 1.592292
v 6.790413 1.304117 1.592292
v 6.790413 1.304117 1.498459
v 6.790413 7.986573 1.592292
v 6.790413 7.428931 1.592292
v 6.790413 4.635364 1.592292
v 6.790413 7.428931 1.496644
v 6.790413 4.560034 1.498459
v 6.790413 4.635364 1.498459
v 6.790413 7.986573 1.496780
v -7.716385 1.304117 -2.655580
v -8.092492 1.310473 -2.765656
v -8.092492 1.054229 -2.765656
v -7.716385 4.635364 -2.655580
v -7.666288 1.054229 -2.732658
v -7.666288 0.635271 -2.732658
v -7.524180 0.425792 -2.687921
v -7.193738 0.302513 -2.583907
v -6.717796 0.216314 -2.492197
v -7.716385 4.560034 -2.655580
v -7.716385 1.304117 1.500439
v -8.092492 1.310473 1.610672
v -8.092492 1.054229 1.610672
v -7.716385 4.635364 1.500439
v -7.666288 1.054229 1.577523
v -7.666288 0.635271 1.577523
v -7.524180 0.425792 1.532735
v -6.717796 0.216314 1.336725
v -7.193747 0.302516 1.428606
v -7.716385 4.560034 1.500439
v -8.092492 1.272050 1.610672
v -8.092492 1.087292 1.610672
v -7.716385 7.428931 -2.643865
v -7.716385 7.986573 -2.641634
v -7.716385 7.986573 1.502099
v -7.716385 7.428931 1.502577
v -7.830105 7.428931 -2.750430
v -7.830105 7.986573 -2.750430
v -7.830105 1.304117 -2.655580
v -7.830105 1.304117 -2.750430
v -7.830105 4.635364 -2.750430
v -7.830105 4.560034 -2.750430
v -7.830105 4.635364 -2.655580
v -7.830105 7.428931 1.592292
v -7.830105 7.986573 1.592292
v -7.830105 1.304117 1.500439
v -7.830105 1.304117 1.592292
v -7.830105 4.635364 1.592292
v -7.830105 4.560034 1.592292
v -7.830105 4.635364 1.500439
v -7.830105 7.428931 -2.643865
v -7.830105 4.560034 -2.655580
v -7.830105 4.560034 1.500439
v -7.830105 7.986573 -2.641634
v -7.830105 7.986573 1.502099
v -7.830105 7.428931 1.502577
v -7.828880 4.560034 1.070959
v -7.828880 4.635364 1.070959
v -7.828880 4.635364 -2.222661
v -7.828880 4.560034 -2.222661
v -7.828880 4.560034 1.500439
v -7.828880 4.635364 -2.655580
v -7.828880 4.560034 -2.655580
v -7.828880 4.635364 1.500439
v 6.789688 4.635364 -2.666225
v 6.789688 4.635364 -2.208621
v 6.789688 4.635364 1.498459
v 6.789688 4.635364 1.054764
v 6.789688 4.560034 1.054764
v 6.789688 4.560034 -2.208621
v 6.789688 4.560034 -2.666225
v 6.789688 4.560034 1.498459
v 6.693148 2.122711 -2.750430
v 6.693148 2.122711 1.592292
v 6.693148 2.122711 -2.208621
v 6.613006 2.122711 -3.009276
v 6.380426 2.122711 -3.242785
v 6.018175 2.122711 -3.428100
v 5.561711 2.122711 -3.547078
v 4.944572 2.122711 -3.588076
v 4.944572 2.122711 -3.460132
v 6.613006 2.122711 1.851139
v 6.380426 2.122711 2.084648
v 6.018175 2.122711 2.269962
v 5.561711 2.122711 2.388941
v 4.944572 2.122711 2.429938
v 4.944572 2.122711 2.301994
v 6.693148 2.122711 1.054764
v 6.693148 2.122711 -2.666225
v 6.789458 2.122711 -2.750430
v 6.789458 2.122711 -2.666225
v 6.693148 2.122711 1.498459
v 6.790413 2.122711 1.592292
v 6.790413 2.122711 1.498459
v -6.078953 1.990430 -3.588076
v -6.078953 2.117721 -3.588076
v 1.864245 2.117721 -3.588076
v 1.864245 1.990430 -3.588076
v 0.944724 1.990430 -3.588076
v 0.944724 2.117721 -3.588076
v -2.022914 1.990430 -3.588076
v -2.022914 2.117721 -3.588076
v -2.594980 1.990430 -3.588076
v -2.594980 2.117721 -3.588076
v -5.555578 1.990430 -3.588076
v -5.555578 2.117721 -3.588076
v 1.864245 1.990430 -3.460132
v 1.864245 2.117721 -3.460132
v -6.078953 2.117721 2.429938
v -6.078953 1.990430 2.429938
v 1.864245 1.990430 2.429938
v 1.864245 2.117721 2.429938
v 0.944724 2.117721 2.429938
v 0.944724 1.990430 2.429938
v -2.022914 2.117721 2.429938
v -2.022914 1.990430 2.429938
v -2.594980 2.117721 2.429938
v -2.594980 1.990430 2.429938
v -5.555578 2.117721 2.429938
v -5.555578 1.990430 2.429938
v 1.864245 2.117721 2.301994
v 1.864245 1.990430 2.301994
v -7.716385 1.990430 -2.222661
v -7.716385 2.117721 -2.222661
v -6.584948 2.117721 -3.547078
v -6.584948 1.990430 -3.547078
v -7.041411 2.117721 -3.428100
v -7.041411 1.990430 -3.428100
v -7.403664 2.117721 -3.242785
v -7.403664 1.990430 -3.242785
v -7.636243 2.117721 -3.009276
v -7.636243 1.990430 -3.009276
v -7.716385 2.117721 -2.750430
v -7.716385 1.990430 -2.750430
v -6.584948 1.990430 2.388941
v -6.584948 2.117721 2.388941
v -7.041411 1.990430 2.269962
v -7.041411 2.117721 2.269962
v -7.403664 1.990430 2.084648
v -7.403664 2.117721 2.084648
v -7.636243 1.990430 1.851139
v -7.636243 2.117721 1.851139
v -7.716385 1.990430 1.592292
v -7.716385 2.117721 1.592292
v -7.716385 2.117721 1.070959
v -7.716385 1.990430 1.070959
v -7.716385 1.990430 -2.655580
v -7.716385 2.117721 -2.655580
v -7.716385 2.117721 1.500439
v -7.716385 1.990430 1.500439
v -7.830105 1.990430 -2.750430
v -7.830105 2.117721 -2.750430
v -7.830105 1.990430 1.592292
v -7.830105 2.117721 1.592292
v -7.830105 2.117721 -2.655580
v -7.830105 1.990430 -2.655580
v -7.830105 1.990430 1.500439
v -7.830105 2.117721 1.500439
v 1.864245 1.990430 2.524411
v 1.864245 2.117721 2.524411
v 0.944724 2.117721 2.524411
v 0.944724 1.990430 2.524411
v -2.022914 2.117721 2.524411
v -2.022914 1.990430 2.524411
v -2.594980 2.117721 2.524411
v -2.594980 1.990430 2.524411
v -5.555578 2.117721 2.524411
v -5.555578 1.990430 2.524411
v -6.078953 2.117721 2.524411
v -6.078953 1.990430 2.524411
v -6.588123 1.990430 2.487603
v -6.588123 2.117721 2.487603
v -7.073102 1.990430 2.356056
v -7.073102 2.117721 2.356056
v -7.461329 1.990430 2.163031
v -7.461329 2.117720 2.163031
v -7.705097 1.989502 1.891064
v -7.705097 2.116793 1.891064
v -7.803308 1.990430 1.588345
v -7.803308 2.117721 1.588345
v 0.944724 1.990430 -3.664011
v 0.944724 2.117721 -3.664011
v 1.864245 2.117721 -3.664011
v 1.864245 1.990430 -3.664011
v -2.022914 1.990430 -3.664011
v -2.022914 2.117721 -3.664011
v -2.594980 1.990430 -3.664011
v -2.594980 2.117721 -3.664011
v -5.555578 1.990430 -3.664011
v -5.555578 2.117721 -3.664011
v -6.078953 1.990430 -3.664011
v -6.078953 2.117721 -3.664011
v -6.600508 2.117721 -3.622222
v -6.600508 1.990430 -3.622222
v -7.070072 2.117721 -3.501349
v -7.070072 1.990430 -3.501349
v -7.436100 2.117721 -3.310514
v -7.436100 1.990430 -3.310514
v -7.687442 2.116342 -3.039862
v -7.687442 1.989052 -3.039862
v -7.784840 2.117721 -2.750430
v -7.784840 1.990430 -2.750430
v 6.693148 1.992084 -2.750430
v 6.693148 1.992084 1.592292
v 6.693148 1.992084 -2.208621
v 6.693148 1.992084 -2.666225
v 6.789458 1.992084 -2.750430
v 6.789458 1.992084 -2.666225
v 6.790413 1.992084 1.592292
v 6.613006 1.992084 -3.009276
v 6.380426 1.992084 -3.242785
v 6.018175 1.992084 -3.428100
v 5.561711 1.992084 -3.547078
v 4.944572 1.992084 -3.588076
v 4.944572 1.992084 -3.460132
v 6.613006 1.992084 1.851139
v 6.380426 1.992084 2.084648
v 6.018175 1.992084 2.269962
v 5.561711 1.992084 2.388941
v 4.944572 1.992084 2.429938
v 4.944572 1.992084 2.301994
v 6.693148 1.992084 1.054764
v 6.693148 1.992084 1.498459
v 6.790413 1.992084 1.498459
v 6.048082 1.992084 -3.511181
v 6.048082 2.122711 -3.511181
v 5.561711 1.992084 -3.622352
v 5.561711 2.122711 -3.622352
v 4.944572 1.992084 -3.663350
v 4.944572 2.122711 -3.663350
v 6.431109 1.991280 -3.311174
v 6.431109 2.121907 -3.311174
v 6.670843 1.990920 -3.035782
v 6.670843 2.121547 -3.035782
v 6.759895 2.122303 -2.751855
v 6.759895 1.991676 -2.751855
v 6.046601 1.993537 2.356888
v 6.046601 2.124163 2.356888
v 5.561711 1.992084 2.487836
v 5.564670 2.122711 2.487836
v 4.944572 1.992084 2.528834
v 4.944572 2.122711 2.528834
v 6.437685 1.992389 2.153249
v 6.437685 2.123016 2.153249
v 6.688551 1.992084 1.892307
v 6.688551 2.122711 1.892307
v 6.772722 2.122711 1.592292
v 6.772722 1.992084 1.592292
v 6.761434 1.992084 1.054764
v 6.761434 2.122711 1.054764
v 6.761434 1.992084 1.498459
v 6.761434 2.122711 1.498459
v 6.761434 2.122711 -2.666225
v 6.761434 2.122711 -2.208621
v 6.761434 1.992084 -2.208621
v 6.761434 1.992084 -2.666225
v -7.766349 2.117721 1.500439
v -7.766349 1.990430 1.500439
v -7.766349 1.990430 -2.655580
v -7.766349 2.117721 -2.655580
v -7.766349 2.117721 1.070959
v -7.766349 1.990430 1.070959
v -7.766349 1.990430 -2.222661
v -7.766349 2.117721 -2.222661
v -7.716385 1.304117 -0.575851
v -8.092492 1.310473 -0.575683
v -7.716385 4.635364 -0.575851
v -7.658154 4.635364 -0.575851
v -7.716385 4.560034 -0.575851
v -7.828880 4.635364 -0.575851
v -7.828880 4.560034 -0.575851
v -7.716385 2.117721 -0.575851
v -7.716385 1.990430 -0.575851
v -7.766349 2.117721 -0.575851
v -7.766349 1.990430 -0.575851
v -8.092492 1.274718 -2.864666
v 7.069255 1.274718 -2.864666
v 6.984932 1.274718 -3.137024
v -6.369582 1.274718 -3.746037
v -6.901991 1.274718 -3.702900
v 6.740210 1.274718 -3.382723
v -7.382283 1.274718 -3.577711
v 6.359046 1.274718 -3.577711
v -7.763445 1.274718 -3.382723
v 5.878754 1.274718 -3.702900
v -8.008167 1.274718 -3.137024
v 5.346346 1.274718 -3.746037
v 1.921010 1.274718 -3.746037
v 0.832365 1.274718 -3.746037
v -2.018996 1.274718 -3.746037
v -2.594262 1.274718 -3.746037
v -5.991735 1.274718 -3.746037
v 7.069255 1.274718 -2.265738
v -8.092492 1.274718 -2.309345
v 7.069255 1.274718 -2.771584
v -8.092492 1.274718 -2.765656
v -8.092492 1.095772 -2.864666
v 7.069255 1.095772 -2.864666
v -6.369582 1.095772 -3.746037
v 1.921010 1.095772 -3.746037
v 0.832365 1.095772 -3.746037
v -2.018996 1.095772 -3.746037
v -2.594262 1.095772 -3.746037
v -5.991735 1.095772 -3.746037
v 7.069255 1.095772 -2.265738
v -8.092492 1.095772 -2.309345
v 7.069255 1.095772 -2.771584
v -8.092492 1.095772 -2.765656
v 6.984932 1.095772 -3.137024
v -6.901991 1.095772 -3.702900
v 6.740210 1.095772 -3.382723
v -7.382283 1.095772 -3.577711
v 6.359046 1.095772 -3.577711
v -7.763445 1.095772 -3.382723
v 5.878754 1.095772 -3.702900
v -8.008167 1.095772 -3.137024
v 5.346346 1.095772 -3.746037
v 1.645563 0.216314 -0.578344
v -2.408613 0.216314 -0.578957
v 5.064523 0.216314 -0.578589
v -1.892092 0.216314 -0.578563
v -6.616392 0.216314 -0.578580
v 5.539100 0.216314 -0.578187
v -6.429570 0.216314 -0.578971
v 5.352276 0.216314 -0.578390
v -6.690535 0.216314 -0.578197
v 4.688301 0.216314 -0.578715
v -6.141817 0.216314 -0.578682
v -5.765595 0.216314 -0.578651
v 0.668090 0.216314 -0.578726
v -5.459139 0.216314 -0.578679
v 1.645563 0.216314 -2.106273
v 5.064523 0.216314 -2.095460
v 0.668090 0.216314 -2.109480
v -2.408613 0.216314 -2.118911
v -1.892092 0.216314 -2.117367
v -6.616392 0.216314 -2.132474
v -5.765595 0.216314 -2.129764
v -6.429570 0.216314 -2.131584
v 5.352276 0.216314 -2.094530
v 5.539100 0.216314 -2.093925
v 4.688301 0.216314 -2.096642
v -6.141817 0.216314 -2.130363
v -6.690535 0.216314 -2.132559
v -5.459139 0.216314 -2.128598
v -1.892092 0.216314 0.963579
v -6.141817 0.216314 0.977450
v 5.352276 0.216314 0.939676
v -2.408613 0.216314 0.965303
v 4.688301 0.216314 0.942326
v 5.064523 0.216314 0.940729
v 5.539100 0.216314 0.939069
v -6.429570 0.216314 0.978547
v -6.690535 0.216314 0.979218
v 1.645563 0.216314 0.951740
v -5.765595 0.216314 0.976392
v -6.616392 0.216314 0.978985
v 0.668090 0.216314 0.954849
v -5.459139 0.216314 0.975184
v 4.688301 0.216314 1.333071
v -6.616392 0.216314 1.336983
v -2.408613 0.216314 1.334996
v 5.064523 0.216314 1.332942
v -1.892092 0.216314 1.334850
v 5.539100 0.216314 1.332824
v -6.429570 0.216314 1.336307
v -6.141817 0.216314 1.336294
v -6.690535 0.216314 1.336532
v -5.459139 0.216314 1.336247
v 5.352276 0.216314 1.332955
v 1.645563 0.216314 1.334306
v -5.765595 0.216314 1.335892
v 0.668090 0.216314 1.334231
v 5.064523 0.216314 -2.498214
v 1.645563 0.216314 -2.496819
v 0.668090 0.216314 -2.496786
v 5.539100 0.216314 -2.499073
v -5.765595 0.216314 -2.492468
v -1.892092 0.216314 -2.494237
v -6.616392 0.216314 -2.492272
v 4.688301 0.216314 -2.498574
v 5.352276 0.216314 -2.498747
v -2.408613 0.216314 -2.494623
v -6.690535 0.216314 -2.492061
v -6.141817 0.216314 -2.492306
v -6.429570 0.216314 -2.491987
v -5.459139 0.216314 -2.492580
v -6.690535 0.216314 -2.573277
v 1.645563 0.216314 -2.573759
v -5.765595 0.216314 -2.573461
v -6.429570 0.216314 -2.573260
v -1.892092 0.216314 -2.573805
v -6.616392 0.216314 -2.572979
v 5.064523 0.216314 -2.574044
v 5.352276 0.216314 -2.573932
v 4.688301 0.216314 -2.573945
v 0.668090 0.216314 -2.573750
v -6.141817 0.216314 -2.573284
v -2.408613 0.216314 -2.573862
v 5.539100 0.216314 -2.573747
v -5.459139 0.216314 -2.573538
v 1.645563 0.216314 -2.662306
v -5.765595 0.216314 -2.660940
v -1.892092 0.216314 -2.661575
v -6.616392 0.216314 -2.661219
v -6.429570 0.216314 -2.661301
v 5.352276 0.216314 -2.662068
v -2.408613 0.216314 -2.661319
v 4.688301 0.216314 -2.661649
v -6.141817 0.216314 -2.660770
v 5.539100 0.216314 -2.661302
v 0.668090 0.216314 -2.661257
v 5.064523 0.216314 -2.661880
v -5.459139 0.216314 -2.661084
v 1.645563 0.216314 -2.736717
v 0.668090 0.216314 -2.736308
v -6.429570 0.216314 -2.735639
v 5.064523 0.216314 -2.736641
v -1.892092 0.216314 -2.736498
v -2.408613 0.216314 -2.736743
v 5.352276 0.216314 -2.736840
v -5.765595 0.216314 -2.735914
v 4.688301 0.216314 -2.736633
v -6.141817 0.216314 -2.735376
v -5.459139 0.216314 -2.736418
v 1.645563 0.216314 -2.831656
v 5.064523 0.216314 -2.832267
v -1.892092 0.216314 -2.831151
v -2.408613 0.216314 -2.831305
v 4.688301 0.216314 -2.832426
v -6.141817 0.216314 -2.831090
v -5.765595 0.216314 -2.830995
v 0.668090 0.216314 -2.831458
v -5.459139 0.216314 -2.830914
v 1.645563 0.216314 -2.906772
v 4.688301 0.216314 -2.907182
v -5.765595 0.216314 -2.906636
v -2.408613 0.216314 -2.907079
v -1.892092 0.216314 -2.907011
v 0.668090 0.216314 -2.906976
v -5.459139 0.216314 -2.906340
v -6.141817 0.216314 1.416657
v -6.616392 0.216314 1.416635
v -2.408613 0.216314 1.417289
v 5.064523 0.216314 1.416371
v -5.459139 0.216314 1.417237
v 5.539100 0.216314 1.416661
v -6.429570 0.216314 1.417286
v -1.892092 0.216314 1.417960
v -6.690535 0.216314 1.416824
v 1.645563 0.216314 1.416735
v 5.352276 0.216314 1.417164
v -5.765595 0.216314 1.416878
v 0.668090 0.216314 1.416413
v 4.688301 0.216314 1.416537
v 1.645563 0.216314 1.503383
v 0.668090 0.216314 1.503328
v 5.352276 0.216314 1.503523
v 5.064523 0.216314 1.503199
v 5.539100 0.216314 1.503431
v -6.429570 0.216314 1.502706
v -6.141817 0.216314 1.502496
v 4.688301 0.216314 1.503362
v -1.892092 0.216314 1.502930
v -6.616392 0.216314 1.502568
v -5.459139 0.216314 1.502853
v -2.408613 0.216314 1.503204
v -5.765595 0.216314 1.503152
v 5.352276 0.216314 1.577458
v -6.141817 0.216314 1.576657
v 5.064523 0.216314 1.577824
v 1.645563 0.216314 1.577720
v -2.408613 0.216314 1.577000
v 4.688301 0.216314 1.578208
v -1.892092 0.216314 1.576812
v -6.429570 0.216314 1.576529
v -5.459139 0.216314 1.576688
v -5.765595 0.216314 1.576833
v 0.668090 0.216314 1.576891
v 1.645563 0.216314 1.673785
v 0.668090 0.216314 1.673737
v -2.408613 0.216314 1.673715
v 5.064523 0.216314 1.673714
v 4.688301 0.216314 1.673577
v -1.892092 0.216314 1.673303
v -6.141817 0.216314 1.673657
v -5.459139 0.216314 1.673706
v -5.765595 0.216314 1.673583
v 1.645563 0.216314 1.749929
v -2.408613 0.216314 1.750109
v -5.459139 0.216314 1.749588
v 4.688301 0.216314 1.749882
v -5.765595 0.216314 1.749783
v 0.668090 0.216314 1.749615
v -1.892092 0.216314 1.750344
v -8.675447 8.375832 -0.575321
v 7.622239 7.962637 -0.576582
v -7.716385 7.986573 -0.575851
v -8.675447 7.962637 -0.575321
v 7.622239 8.375832 -0.576582
v 6.693148 7.986573 -0.576928
v -8.188396 8.375832 -0.575321
v 7.135186 8.375832 -0.576582
v -7.616961 8.886790 -0.575587
v 6.518432 8.886790 -0.576750
v 6.960161 8.631311 -0.576630
v -8.026231 8.631311 -0.575397
v -5.811803 8.886790 -0.575943
v 5.691889 8.886790 -0.577336
v -6.333562 8.886790 -0.575887
v 6.058987 8.886790 -0.577251
v -6.786258 8.886790 -0.576272
v 1.929557 8.886790 -0.576682
v 6.325725 8.886790 -0.576471
v -7.157515 8.886790 -0.576015
v 0.970188 8.886790 -0.576638
v 6.467544 8.886790 -0.576968
v -7.424256 8.886790 -0.575134
v -2.126052 8.886790 -0.576190
v -7.566073 8.886790 -0.576051
v -2.722908 8.886790 -0.576363
v 5.123429 8.886790 -0.576484
v -0.561597 8.375223 -3.756404
v -0.561597 11.240688 -3.756404
v -0.561597 8.375223 -4.050297
v -0.561597 11.240688 -4.050297
v -0.403775 8.375223 -3.756404
v -0.403775 11.240688 -3.756404
v -0.403775 8.375223 -4.050297
v -0.403775 11.240688 -4.050297
v -0.599367 14.882730 -0.585798
v -0.599367 14.882730 -1.032526
v -0.366004 14.882730 -0.585798
v -0.366004 14.882730 -1.032526
v -0.561597 8.375058 2.601898
v -0.561597 11.240358 2.583494
v -0.561597 8.375058 2.895791
v -0.561597 11.240686 2.882939
v -0.403775 8.375058 2.601898
v -0.403775 11.240358 2.583494
v -0.403775 8.375058 2.895791
v -0.403775 11.240686 2.882939
v -0.599367 14.882730 -0.139070
v -0.366004 14.882730 -0.139070
v -0.554430 15.732687 -0.860479
v -0.410942 15.732687 -0.860479
v -0.554430 15.732687 -0.311116
v -0.410942 15.732687 -0.311116
v -0.595148 16.423695 -0.585858
v -0.595148 16.423695 -1.016432
v -0.370224 16.423695 -1.016432
v -0.370224 16.423695 -0.585858
v -0.595148 16.423695 -0.155283
v -0.370224 16.423695 -0.155283
v -0.561597 8.375058 2.854634
v -0.561597 11.240686 2.826129
v -0.403775 8.375058 2.855152
v -0.403775 11.240686 2.825837
v -0.599367 14.882730 -0.206191
v -0.366004 14.882730 -0.207753
v -0.410942 15.732687 -0.369129
v -0.370224 16.423695 -0.213425
v -0.375314 16.377209 -0.585858
v -0.375314 16.377207 -0.174770
v -0.590058 16.377207 -0.174770
v -0.375314 16.377209 -0.996945
v -0.590058 16.377209 -0.996945
v -0.590058 16.377209 -0.585858
v -0.375314 16.377207 -0.231979
v -0.368888 14.945162 -1.021487
v -0.368888 14.945162 -0.585798
v -0.596484 14.945162 -0.585798
v -0.596484 14.945162 -1.021487
v -0.596484 14.945162 -0.150109
v -0.368888 14.945162 -0.150109
v -0.368888 14.945162 -0.218108
v -0.561597 8.375223 -4.008733
v -0.561597 11.240688 -3.997991
v -0.403775 8.375223 -4.008733
v -0.403775 11.240688 -3.997991
v -0.599367 14.882730 -0.961498
v -0.366004 14.882730 -0.961498
v -0.368888 14.945162 -0.955979
v -0.596484 14.945162 -0.955979
v -0.410942 15.732687 -0.807537
v -0.370224 16.423695 -0.959265
v -0.375314 16.377209 -0.941028
v -0.554430 15.732687 -0.807295
v -0.595148 16.423695 -0.960084
v -0.590058 16.377209 -0.941747
v -0.554430 15.732687 -0.370100
v -0.596484 14.945162 -0.216708
v -0.595148 16.423695 -0.213420
v -0.590058 16.377207 -0.232053
v -0.561597 8.375058 2.637945
v -0.403775 11.240686 2.644163
v -0.366004 14.882730 -0.506832
v -0.596484 14.945162 -0.516962
v -0.561597 11.240686 2.644143
v -0.403775 8.375058 2.638661
v -0.599367 14.882730 -0.506605
v -0.368888 14.945162 -0.517165
v -0.561597 8.415579 2.601898
v -0.561597 8.415579 2.895791
v -0.403775 8.415579 2.895791
v -0.403775 8.415579 2.601898
v -0.403775 8.415579 2.855179
v -0.561597 8.415579 2.854673
v -0.561597 8.415579 2.637986
v -0.403775 8.415579 2.638665
v -0.561597 8.375223 -3.798128
v -0.403775 11.240688 -3.814432
v -0.366004 14.882730 -0.667154
v -0.368888 14.945162 -0.652621
v -0.561597 11.240688 -3.814432
v -0.403775 8.375223 -3.798128
v -0.599367 14.882730 -0.667154
v -0.596484 14.945162 -0.652621
v -0.561597 8.419171 -3.756404
v -0.561597 8.419171 -4.050297
v -0.403775 8.419171 -4.050297
v -0.403775 8.419171 -3.756404
v -0.403775 8.419171 -4.008674
v -0.561597 8.419171 -4.008674
v -0.561597 8.419171 -3.798287
v -0.403775 8.419171 -3.798287
v -5.569712 5.920860 2.339581
v -2.578353 5.920860 2.339580
v -5.569712 5.966974 2.339581
v -2.578353 5.966974 2.339580
v -5.569712 5.920860 2.301310
v -2.578353 5.920860 2.301310
v -5.569712 5.966974 2.301310
v -2.578353 5.966974 2.301310
v -4.053414 4.637308 2.341046
v -4.053414 7.432420 2.341046
v -4.099528 4.637308 2.341046
v -4.099528 7.432420 2.341046
v -4.053414 4.637308 2.302775
v -4.053414 7.432420 2.302775
v -4.099528 4.637308 2.302775
v -4.099528 7.432420 2.302775
v -0.514858 4.637309 2.341046
v -0.514858 7.432420 2.341046
v -0.560973 4.637309 2.341046
v -0.560973 7.432420 2.341046
v -0.514858 4.637309 2.302776
v -0.514858 7.432420 2.302776
v -0.560973 4.637309 2.302776
v -0.560973 7.432420 2.302776
v -2.031157 5.920861 2.339581
v 0.960203 5.920861 2.339581
v -2.031157 5.966975 2.339581
v 0.960203 5.966975 2.339581
v -2.031157 5.920861 2.301311
v 0.960203 5.920861 2.301311
v -2.031157 5.966975 2.301311
v 0.960203 5.966975 2.301311
v 6.576064 7.977708 2.086068
v 6.591263 7.977708 2.087526
v 6.605878 7.977708 2.091843
v 6.619347 7.977708 2.098854
v 6.631152 7.977708 2.108289
v 6.640841 7.977708 2.119786
v 6.648042 7.977708 2.132902
v 6.652474 7.977708 2.147134
v 6.653972 7.977708 2.161935
v 6.652474 7.977708 2.176736
v 6.648042 7.977708 2.190968
v 6.640841 7.977708 2.204085
v 6.631152 7.977708 2.215581
v 6.619347 7.977708 2.225016
v 6.605878 7.977708 2.232027
v 6.591263 7.977708 2.236345
v 6.576064 7.977708 2.237802
v 6.560864 7.977708 2.236345
v 6.546249 7.977708 2.232027
v 6.532781 7.977708 2.225016
v 6.520975 7.977708 2.215581
v 6.511286 7.977708 2.204085
v 6.504087 7.977708 2.190968
v 6.499654 7.977708 2.176736
v 6.498157 7.977708 2.161935
v 6.499654 7.977708 2.147134
v 6.504087 7.977708 2.132902
v 6.511286 7.977708 2.119786
v 6.520975 7.977708 2.108289
v 6.532781 7.977708 2.098854
v 6.546249 7.977708 2.091843
v 6.560864 7.977708 2.087526
v 6.576064 5.130148 2.086068
v 6.591263 5.130148 2.087526
v 6.605878 5.130148 2.091843
v 6.619347 5.130148 2.098854
v 6.631152 5.130148 2.108289
v 6.640841 5.130148 2.119786
v 6.648042 5.130148 2.132902
v 6.652474 5.130148 2.147134
v 6.653972 5.130148 2.161935
v 6.652474 5.130148 2.176736
v 6.648042 5.130148 2.190968
v 6.640841 5.130148 2.204085
v 6.631152 5.130148 2.215581
v 6.619347 5.130148 2.225016
v 6.605878 5.130148 2.232027
v 6.591263 5.130148 2.236345
v 6.576064 5.130148 2.237802
v 6.560864 5.130148 2.236345
v 6.546249 5.130148 2.232027
v 6.532781 5.130148 2.225016
v 6.520975 5.130148 2.215581
v 6.511286 5.130148 2.204085
v 6.504087 5.130148 2.190968
v 6.499654 5.130148 2.176736
v 6.498157 5.130148 2.161935
v 6.499654 5.130148 2.147134
v 6.504087 5.130148 2.132902
v 6.511286 5.130148 2.119786
v 6.520975 5.130148 2.108289
v 6.532781 5.130148 2.098854
v 6.546249 5.130148 2.091843
v 6.560864 5.130148 2.087526
v 6.576064 7.504048 2.086068
v 6.591263 7.504048 2.087526
v 6.605878 7.504048 2.091843
v 6.619347 7.504048 2.098854
v 6.631152 7.504048 2.108289
v 6.640841 7.504048 2.119786
v 6.648042 7.504048 2.132902
v 6.652474 7.504048 2.147134
v 6.653972 7.504048 2.161935
v 6.652474 7.504048 2.176736
v 6.648042 7.504048 2.190968
v 6.640841 7.504048 2.204085
v 6.631152 7.504048 2.215581
v 6.619347 7.504048 2.225016
v 6.605878 7.504048 2.232027
v 6.591263 7.504048 2.236345
v 6.576064 7.504048 2.237802
v 6.560864 7.504048 2.236345
v 6.546249 7.504048 2.232027
v 6.532781 7.504048 2.225016
v 6.520975 7.504048 2.215581
v 6.511286 7.504048 2.204085
v 6.504087 7.504048 2.190968
v 6.499654 7.504048 2.176736
v 6.498157 7.504048 2.161935
v 6.499654 7.504048 2.147134
v 6.504087 7.504048 2.132902
v 6.511286 7.504048 2.119786
v 6.520975 7.504048 2.108289
v 6.532781 7.504048 2.098854
v 6.546249 7.504048 2.091843
v 6.560864 7.504048 2.087526
v 6.591263 7.461993 2.087526
v 6.605878 7.461993 2.091843
v 6.619347 7.461993 2.098854
v 6.631152 7.461993 2.108289
v 6.640841 7.461993 2.119786
v 6.648042 7.461993 2.132902
v 6.652474 7.461993 2.147134
v 6.653972 7.461993 2.161935
v 6.652474 7.461993 2.176736
v 6.648042 7.461993 2.190968
v 6.640841 7.461993 2.204085
v 6.631152 7.461993 2.215581
v 6.619347 7.461993 2.225016
v 6.605878 7.461993 2.232027
v 6.591263 7.461993 2.236345
v 6.576064 7.461993 2.237802
v 6.560864 7.461993 2.236345
v 6.546249 7.461993 2.232027
v 6.532781 7.461993 2.225016
v 6.520975 7.461993 2.215581
v 6.511286 7.461993 2.204085
v 6.504087 7.461993 2.190968
v 6.499654 7.461993 2.176736
v 6.498157 7.461993 2.161935
v 6.499654 7.461993 2.147134
v 6.504087 7.461993 2.132902
v 6.511286 7.461993 2.119786
v 6.520975 7.461993 2.108289
v 6.532781 7.461993 2.098854
v 6.546249 7.461993 2.091843
v 6.560864 7.461993 2.087526
v 6.576064 7.461993 2.086068
v 6.591263 7.228843 2.087526
v 6.605878 7.228843 2.091843
v 6.619347 7.228843 2.098854
v 6.631152 7.228843 2.108289
v 6.640841 7.228843 2.119786
v 6.648042 7.228843 2.132902
v 6.652474 7.228843 2.147134
v 6.653972 7.228843 2.161935
v 6.652474 7.228843 2.176736
v 6.648042 7.228843 2.190968
v 6.640841 7.228843 2.204085
v 6.631152 7.228843 2.215581
v 6.619347 7.228843 2.225016
v 6.605878 7.228843 2.232027
v 6.591263 7.228843 2.236345
v 6.576064 7.228843 2.237802
v 6.560864 7.228843 2.236345
v 6.546249 7.228843 2.232027
v 6.532781 7.228843 2.225016
v 6.520975 7.228843 2.215581
v 6.511286 7.228843 2.204085
v 6.504087 7.228843 2.190968
v 6.499654 7.228843 2.176736
v 6.498157 7.228843 2.161935
v 6.499654 7.228843 2.147134
v 6.504087 7.228843 2.132902
v 6.511286 7.228843 2.119786
v 6.520975 7.228843 2.108289
v 6.532781 7.228843 2.098854
v 6.546249 7.228843 2.091843
v 6.560864 7.228843 2.087526
v 6.576064 7.228843 2.086068
v 6.576064 7.288890 2.086068
v 6.591263 7.288890 2.087526
v 6.605878 7.288890 2.091843
v 6.619347 7.288890 2.098854
v 6.631152 7.288890 2.108289
v 6.640841 7.288890 2.119786
v 6.648042 7.288890 2.132902
v 6.652474 7.288890 2.147134
v 6.653972 7.288890 2.161935
v 6.652474 7.288890 2.176736
v 6.648042 7.288890 2.190968
v 6.640841 7.288890 2.204085
v 6.631152 7.288890 2.215581
v 6.619347 7.288890 2.225016
v 6.605878 7.288890 2.232027
v 6.591263 7.288890 2.236345
v 6.576064 7.288890 2.237802
v 6.560864 7.288890 2.236345
v 6.546249 7.288890 2.232027
v 6.532781 7.288890 2.225016
v 6.520975 7.288890 2.215581
v 6.511286 7.288890 2.204085
v 6.504087 7.288890 2.190968
v 6.499654 7.288890 2.176736
v 6.498157 7.288890 2.161935
v 6.499654 7.288890 2.147134
v 6.504087 7.288890 2.132902
v 6.511286 7.288890 2.119786
v 6.520975 7.288890 2.108289
v 6.532781 7.288890 2.098854
v 6.546249 7.288890 2.091843
v 6.560864 7.288890 2.087526
v 6.576064 5.073421 2.065638
v 6.595356 5.073421 2.067488
v 6.613906 5.073421 2.072968
v 6.631003 5.073421 2.081867
v 6.645988 5.073421 2.093843
v 6.658285 5.073421 2.108435
v 6.667423 5.073421 2.125084
v 6.673051 5.073421 2.143148
v 6.674951 5.073421 2.161935
v 6.673051 5.073421 2.180722
v 6.667423 5.073421 2.198786
v 6.658285 5.073421 2.215435
v 6.645988 5.073421 2.230027
v 6.631003 5.073421 2.242003
v 6.613906 5.073421 2.250902
v 6.595356 5.073421 2.256382
v 6.576064 5.073421 2.258232
v 6.556772 5.073421 2.256382
v 6.538221 5.073421 2.250902
v 6.521126 5.073421 2.242003
v 6.506141 5.073421 2.230027
v 6.493842 5.073421 2.215435
v 6.484705 5.073421 2.198786
v 6.479077 5.073421 2.180722
v 6.477177 5.073421 2.161935
v 6.479077 5.073421 2.143148
v 6.484705 5.073421 2.125084
v 6.493842 5.073421 2.108435
v 6.506141 5.073421 2.093843
v 6.521126 5.073421 2.081867
v 6.538221 5.073421 2.072968
v 6.556772 5.073421 2.067488
v 6.558288 5.107806 2.074909
v 6.576064 5.107806 2.073204
v 6.640493 5.107806 2.099193
v 6.651825 5.107806 2.112639
v 6.558288 5.107806 2.248961
v 6.541195 5.107806 2.243912
v 6.541195 5.107806 2.079958
v 6.626686 5.107806 2.088158
v 6.576064 5.107806 2.250666
v 6.525442 5.107806 2.088158
v 6.610932 5.107806 2.079958
v 6.593841 5.107806 2.248961
v 6.511634 5.107806 2.099193
v 6.593841 5.107806 2.074909
v 6.610932 5.107806 2.243912
v 6.500303 5.107806 2.112639
v 6.626686 5.107806 2.235712
v 6.491883 5.107806 2.127979
v 6.640493 5.107806 2.224677
v 6.486697 5.107806 2.144624
v 6.651825 5.107806 2.211231
v 6.484946 5.107806 2.161935
v 6.660245 5.107806 2.195891
v 6.486697 5.107806 2.179245
v 6.665430 5.107806 2.179245
v 6.491883 5.107806 2.195891
v 6.667181 5.107806 2.161935
v 6.500303 5.107806 2.211231
v 6.665430 5.107806 2.144624
v 6.511634 5.107806 2.224677
v 6.660245 5.107806 2.127979
v 6.525442 5.107806 2.235712
v 6.576064 5.022234 2.079729
v 6.592380 5.022234 2.081294
v 6.608088 5.022234 2.085934
v 6.622593 5.022234 2.093485
v 6.635342 5.022234 2.103673
v 6.645832 5.022234 2.116121
v 6.653646 5.022234 2.130356
v 6.658465 5.022234 2.145829
v 6.660094 5.022234 2.161935
v 6.658465 5.022234 2.178041
v 6.653646 5.022234 2.193514
v 6.645832 5.022234 2.207749
v 6.635342 5.022234 2.220197
v 6.622593 5.022234 2.230385
v 6.608088 5.022234 2.237936
v 6.592380 5.022234 2.242576
v 6.576064 5.022234 2.244141
v 6.559749 5.022234 2.242576
v 6.544041 5.022234 2.237936
v 6.529534 5.022234 2.230385
v 6.516787 5.022234 2.220197
v 6.506295 5.022234 2.207749
v 6.498483 5.022234 2.193514
v 6.493662 5.022234 2.178041
v 6.492034 5.022234 2.161935
v 6.493662 5.022234 2.145829
v 6.498483 5.022234 2.130356
v 6.506295 5.022234 2.116121
v 6.516787 5.022234 2.103673
v 6.529534 5.022234 2.093485
v 6.544041 5.022234 2.085934
v 6.559749 5.022234 2.081294
v 6.558202 5.041429 2.074490
v 6.576064 5.041429 2.072777
v 6.541026 5.041429 2.079564
v 6.525199 5.041429 2.087803
v 6.511324 5.041429 2.098891
v 6.499938 5.041429 2.112401
v 6.491478 5.041429 2.127816
v 6.486267 5.041429 2.144541
v 6.484509 5.041429 2.161935
v 6.486267 5.041429 2.179329
v 6.491478 5.041429 2.196054
v 6.499938 5.041429 2.211469
v 6.511324 5.041429 2.224979
v 6.525199 5.041429 2.236067
v 6.541026 5.041429 2.244307
v 6.558202 5.041429 2.249380
v 6.576064 5.041429 2.251093
v 6.593925 5.041429 2.249380
v 6.611101 5.041429 2.244307
v 6.626930 5.041429 2.236067
v 6.640804 5.041429 2.224979
v 6.652190 5.041429 2.211469
v 6.660651 5.041429 2.196054
v 6.665861 5.041429 2.179329
v 6.667620 5.041429 2.161935
v 6.665861 5.041429 2.144541
v 6.660651 5.041429 2.127816
v 6.652190 5.041429 2.112401
v 6.640804 5.041429 2.098891
v 6.626930 5.041429 2.087803
v 6.611101 5.041429 2.079564
v 6.593925 5.041429 2.074490
v 6.559749 1.405882 2.081294
v 6.576064 1.405882 2.079729
v 6.544041 1.405882 2.085934
v 6.529534 1.405882 2.093485
v 6.516787 1.405882 2.103673
v 6.506295 1.405882 2.116121
v 6.498483 1.405882 2.130356
v 6.493662 1.405882 2.145829
v 6.492034 1.405882 2.161935
v 6.493662 1.405882 2.178041
v 6.498483 1.405882 2.193514
v 6.506295 1.405882 2.207749
v 6.516787 1.405882 2.220197
v 6.529534 1.405882 2.230385
v 6.544041 1.405882 2.237936
v 6.559749 1.405882 2.242576
v 6.576064 1.405882 2.244141
v 6.592380 1.405882 2.242576
v 6.608088 1.405882 2.237936
v 6.622593 1.405882 2.230385
v 6.635342 1.405882 2.220197
v 6.645832 1.405882 2.207749
v 6.653646 1.405882 2.193514
v 6.658465 1.405882 2.178041
v 6.660094 1.405882 2.161935
v 6.658465 1.405882 2.145829
v 6.653646 1.405882 2.130356
v 6.645832 1.405882 2.116121
v 6.635342 1.405882 2.103673
v 6.622593 1.405882 2.093485
v 6.608088 1.405882 2.085934
v 6.592380 1.405882 2.081294
v 6.553904 1.307784 2.052412
v 6.576064 1.307784 2.050286
v 6.532571 1.307784 2.058713
v 6.512870 1.307784 2.068969
v 6.495555 1.307784 2.082806
v 6.481308 1.307784 2.099712
v 6.470696 1.307784 2.119045
v 6.464149 1.307784 2.140060
v 6.461937 1.307784 2.161935
v 6.464149 1.307784 2.183810
v 6.470696 1.307784 2.204824
v 6.481308 1.307784 2.224158
v 6.495555 1.307784 2.241064
v 6.512870 1.307784 2.254902
v 6.532571 1.307784 2.265157
v 6.553904 1.307784 2.271459
v 6.576064 1.307784 2.273584
v 6.598224 1.307784 2.271459
v 6.619556 1.307784 2.265157
v 6.639258 1.307784 2.254902
v 6.656573 1.307784 2.241064
v 6.670820 1.307784 2.224158
v 6.681433 1.307784 2.204824
v 6.687979 1.307784 2.183810
v 6.690191 1.307784 2.161935
v 6.687979 1.307784 2.140060
v 6.681433 1.307784 2.119045
v 6.670820 1.307784 2.099712
v 6.656573 1.307784 2.082806
v 6.639258 1.307784 2.068969
v 6.619556 1.307784 2.058713
v 6.598224 1.307784 2.052412
v 6.553901 1.343238 2.052390
v 6.556041 1.375194 2.062971
v 6.576064 1.375190 2.061048
v 6.576064 1.343238 2.050264
v 6.532563 1.343238 2.058693
v 6.536769 1.375206 2.068674
v 6.512857 1.343238 2.068950
v 6.518974 1.375224 2.077950
v 6.495540 1.343238 2.082790
v 6.503345 1.375244 2.090462
v 6.481289 1.343238 2.099700
v 6.490489 1.375265 2.105741
v 6.470675 1.343238 2.119037
v 6.480918 1.375283 2.123207
v 6.464128 1.343238 2.140056
v 6.475016 1.375295 2.142184
v 6.461914 1.343238 2.161935
v 6.473022 1.375299 2.161935
v 6.464128 1.343238 2.183814
v 6.475016 1.375295 2.181686
v 6.470675 1.343238 2.204833
v 6.480918 1.375283 2.200664
v 6.481289 1.343238 2.224170
v 6.490489 1.375265 2.218129
v 6.495540 1.343238 2.241080
v 6.503345 1.375244 2.233408
v 6.512857 1.343238 2.254920
v 6.518974 1.375224 2.245920
v 6.532563 1.343238 2.265177
v 6.536769 1.375206 2.255196
v 6.553901 1.343238 2.271480
v 6.556041 1.375194 2.260899
v 6.576064 1.343238 2.273606
v 6.576064 1.375190 2.262823
v 6.598228 1.343238 2.271480
v 6.596087 1.375194 2.260899
v 6.619566 1.343238 2.265177
v 6.615360 1.375206 2.255196
v 6.639272 1.343238 2.254920
v 6.633153 1.375224 2.245920
v 6.656589 1.343238 2.241080
v 6.648784 1.375244 2.233408
v 6.670838 1.343238 2.224170
v 6.661639 1.375265 2.218129
v 6.681454 1.343238 2.204833
v 6.671209 1.375283 2.200664
v 6.688001 1.343238 2.183814
v 6.677113 1.375294 2.181686
v 6.690213 1.343238 2.161935
v 6.679107 1.375299 2.161935
v 6.688001 1.343238 2.140056
v 6.677113 1.375294 2.142184
v 6.681454 1.343238 2.119037
v 6.671209 1.375283 2.123207
v 6.670838 1.343238 2.099700
v 6.661639 1.375265 2.105741
v 6.656589 1.343238 2.082790
v 6.648784 1.375244 2.090462
v 6.639272 1.343238 2.068950
v 6.633153 1.375224 2.077950
v 6.619566 1.343238 2.058693
v 6.615360 1.375206 2.068674
v 6.598228 1.343238 2.052390
v 6.596087 1.375194 2.062971
v 6.594051 7.247262 2.073876
v 6.594047 7.270561 2.073895
v 6.611344 7.247253 2.078992
v 6.611337 7.270570 2.079010
v 6.627277 7.247240 2.087296
v 6.627266 7.270584 2.087312
v 6.641236 7.247224 2.098469
v 6.641223 7.270599 2.098482
v 6.652690 7.247209 2.112076
v 6.652673 7.270615 2.112087
v 6.661197 7.247195 2.127596
v 6.661179 7.270628 2.127603
v 6.666432 7.247186 2.144430
v 6.666413 7.270637 2.144434
v 6.668201 7.247183 2.161935
v 6.668180 7.270640 2.161935
v 6.666432 7.247186 2.179440
v 6.666413 7.270637 2.179436
v 6.661197 7.247195 2.196275
v 6.661179 7.270628 2.196267
v 6.652690 7.247209 2.211794
v 6.652673 7.270615 2.211783
v 6.641236 7.247224 2.225401
v 6.641223 7.270599 2.225388
v 6.627277 7.247240 2.236573
v 6.627266 7.270584 2.236558
v 6.611344 7.247253 2.244878
v 6.611337 7.270570 2.244861
v 6.594051 7.247262 2.249994
v 6.594047 7.270561 2.249975
v 6.576063 7.247265 2.251721
v 6.576063 7.270558 2.251702
v 6.558076 7.247262 2.249994
v 6.558081 7.270561 2.249975
v 6.540783 7.247253 2.244878
v 6.540792 7.270570 2.244861
v 6.524851 7.247240 2.236573
v 6.524862 7.270584 2.236558
v 6.510890 7.247224 2.225401
v 6.510905 7.270599 2.225388
v 6.499438 7.247209 2.211794
v 6.499454 7.270615 2.211783
v 6.490932 7.247195 2.196275
v 6.490950 7.270628 2.196267
v 6.485694 7.247186 2.179440
v 6.485715 7.270637 2.179436
v 6.483926 7.247183 2.161935
v 6.483947 7.270640 2.161935
v 6.485694 7.247186 2.144430
v 6.485715 7.270637 2.144434
v 6.490932 7.247195 2.127596
v 6.490950 7.270628 2.127603
v 6.499438 7.247209 2.112076
v 6.499454 7.270615 2.112087
v 6.510890 7.247224 2.098469
v 6.510905 7.270599 2.098482
v 6.524851 7.247240 2.087296
v 6.524862 7.270584 2.087312
v 6.540783 7.247253 2.078992
v 6.540792 7.270570 2.079010
v 6.558076 7.247262 2.073876
v 6.558081 7.270561 2.073895
v 6.576063 7.270558 2.072168
v 6.576063 7.247265 2.072149
v 6.576064 7.490265 2.079077
v 6.576064 7.475137 2.079176
v 6.592643 7.475135 2.080767
v 6.592664 7.490266 2.080669
v 6.608584 7.475132 2.085478
v 6.608624 7.490269 2.085386
v 6.623276 7.475127 2.093128
v 6.623333 7.490274 2.093045
v 6.636151 7.475121 2.103421
v 6.636224 7.490281 2.103351
v 6.646717 7.475115 2.115963
v 6.646802 7.490286 2.115907
v 6.654566 7.475110 2.130270
v 6.654662 7.490291 2.130232
v 6.659399 7.475106 2.145793
v 6.659501 7.490294 2.145773
v 6.661031 7.475105 2.161935
v 6.661135 7.490295 2.161935
v 6.659399 7.475106 2.178077
v 6.659501 7.490294 2.178097
v 6.654566 7.475110 2.193600
v 6.654662 7.490291 2.193639
v 6.646717 7.475115 2.207907
v 6.646802 7.490286 2.207963
v 6.636151 7.475121 2.220448
v 6.636224 7.490281 2.220519
v 6.623276 7.475127 2.230742
v 6.623333 7.490274 2.230825
v 6.608584 7.475132 2.238392
v 6.608624 7.490269 2.238484
v 6.592643 7.475135 2.243103
v 6.592664 7.490266 2.243201
v 6.576064 7.475137 2.244694
v 6.576064 7.490265 2.244794
v 6.559484 7.475135 2.243103
v 6.559464 7.490266 2.243201
v 6.543543 7.475132 2.238392
v 6.543503 7.490269 2.238484
v 6.528852 7.475127 2.230742
v 6.528794 7.490274 2.230825
v 6.515977 7.475121 2.220448
v 6.515904 7.490281 2.220519
v 6.505412 7.475115 2.207907
v 6.505325 7.490286 2.207963
v 6.497561 7.475110 2.193600
v 6.497467 7.490291 2.193639
v 6.492728 7.475106 2.178077
v 6.492627 7.490294 2.178097
v 6.491096 7.475105 2.161935
v 6.490993 7.490295 2.161935
v 6.492728 7.475106 2.145793
v 6.492627 7.490294 2.145773
v 6.497561 7.475110 2.130270
v 6.497467 7.490291 2.130232
v 6.505412 7.475115 2.115963
v 6.505325 7.490286 2.115907
v 6.515977 7.475121 2.103421
v 6.515904 7.490281 2.103351
v 6.528852 7.475127 2.093128
v 6.528794 7.490274 2.093045
v 6.543543 7.475132 2.085478
v 6.543503 7.490269 2.085386
v 6.559484 7.475135 2.080767
v 6.559464 7.490266 2.080669
v 6.653646 1.858679 2.130356
v 6.529534 1.858679 2.230385
v 6.576064 1.858679 2.079729
v 6.645832 1.858679 2.116121
v 6.544041 1.858679 2.237936
v 6.559749 1.858679 2.081294
v 6.635342 1.858679 2.103673
v 6.559749 1.858679 2.242576
v 6.544041 1.858679 2.085934
v 6.622593 1.858679 2.093485
v 6.576064 1.858679 2.244141
v 6.529534 1.858679 2.093485
v 6.608088 1.858679 2.085934
v 6.592380 1.858679 2.242576
v 6.516787 1.858679 2.103673
v 6.592380 1.858679 2.081294
v 6.608088 1.858679 2.237936
v 6.506295 1.858679 2.116121
v 6.622593 1.858679 2.230385
v 6.498483 1.858679 2.130356
v 6.635342 1.858679 2.220197
v 6.493662 1.858679 2.145829
v 6.645832 1.858679 2.207749
v 6.492034 1.858679 2.161935
v 6.653646 1.858679 2.193514
v 6.493662 1.858679 2.178041
v 6.658465 1.858679 2.178041
v 6.498483 1.858679 2.193514
v 6.660094 1.858679 2.161935
v 6.506295 1.858679 2.207749
v 6.658465 1.858679 2.145829
v 6.516787 1.858679 2.220197
v 6.645832 1.927655 2.116121
v 6.544041 1.927655 2.237936
v 6.559749 1.927655 2.081294
v 6.635342 1.927655 2.103673
v 6.559749 1.927655 2.242576
v 6.544041 1.927655 2.085934
v 6.622593 1.927655 2.093485
v 6.576064 1.927655 2.244141
v 6.529534 1.927655 2.093485
v 6.608088 1.927655 2.085934
v 6.592380 1.927655 2.242576
v 6.516787 1.927655 2.103673
v 6.592380 1.927655 2.081294
v 6.608088 1.927655 2.237936
v 6.506295 1.927655 2.116121
v 6.622593 1.927655 2.230385
v 6.498483 1.927655 2.130356
v 6.635342 1.927655 2.220197
v 6.493662 1.927655 2.145829
v 6.645832 1.927655 2.207749
v 6.492034 1.927655 2.161935
v 6.653646 1.927655 2.193514
v 6.493662 1.927655 2.178041
v 6.658465 1.927655 2.178041
v 6.498483 1.927655 2.193514
v 6.660094 1.927655 2.161935
v 6.506295 1.927655 2.207749
v 6.658465 1.927655 2.145829
v 6.516787 1.927655 2.220197
v 6.653646 1.927655 2.130356
v 6.529534 1.927655 2.230385
v 6.576064 1.927655 2.079729
v 6.668378 1.881640 2.124359
v 6.667789 1.907788 2.124599
v 6.658561 1.907773 2.107762
v 6.659090 1.881654 2.107415
v 6.520679 1.881688 2.243412
v 6.521029 1.907736 2.242897
v 6.538182 1.907720 2.251839
v 6.537943 1.881702 2.252408
v 6.576064 1.881715 2.064066
v 6.576064 1.907706 2.064681
v 6.556762 1.907709 2.066535
v 6.556640 1.881712 2.065932
v 6.646167 1.907754 2.093034
v 6.646614 1.881671 2.092594
v 6.556762 1.907709 2.257335
v 6.556640 1.881712 2.257938
v 6.538182 1.907720 2.072031
v 6.537943 1.881702 2.071462
v 6.631098 1.907736 2.080973
v 6.631448 1.881688 2.080459
v 6.576064 1.907706 2.259189
v 6.576064 1.881715 2.259804
v 6.521029 1.907736 2.080973
v 6.520679 1.881688 2.080459
v 6.613945 1.907720 2.072031
v 6.614184 1.881702 2.071462
v 6.595366 1.907709 2.257335
v 6.595489 1.881712 2.257938
v 6.505961 1.907754 2.093034
v 6.505514 1.881671 2.092594
v 6.595366 1.907709 2.066535
v 6.595489 1.881712 2.065932
v 6.613945 1.907720 2.251839
v 6.614184 1.881702 2.252408
v 6.493567 1.907773 2.107762
v 6.493038 1.881654 2.107415
v 6.631098 1.907736 2.242897
v 6.631448 1.881688 2.243412
v 6.484340 1.907788 2.124599
v 6.483749 1.881640 2.124359
v 6.646167 1.907754 2.230836
v 6.646614 1.881671 2.231276
v 6.478649 1.907799 2.142895
v 6.478021 1.881630 2.142772
v 6.658561 1.907773 2.216108
v 6.659090 1.881654 2.216455
v 6.476727 1.907802 2.161935
v 6.476085 1.881627 2.161935
v 6.667789 1.907788 2.199271
v 6.668378 1.881640 2.199511
v 6.478649 1.907799 2.180976
v 6.478021 1.881630 2.181098
v 6.673480 1.907799 2.180976
v 6.674108 1.881630 2.181098
v 6.484340 1.907788 2.199271
v 6.483749 1.881640 2.199511
v 6.675403 1.907802 2.161935
v 6.676044 1.881627 2.161935
v 6.493567 1.907773 2.216108
v 6.493038 1.881654 2.216455
v 6.673480 1.907799 2.142895
v 6.674108 1.881630 2.142772
v 6.505961 1.907754 2.230836
v 6.505514 1.881671 2.231276
v 6.576064 7.905629 2.086068
v 6.591263 7.905629 2.087526
v 6.605878 7.905629 2.091843
v 6.619347 7.905629 2.098854
v 6.631152 7.905629 2.108289
v 6.640841 7.905629 2.119786
v 6.648042 7.905629 2.132902
v 6.652474 7.905629 2.147134
v 6.653972 7.905629 2.161935
v 6.652474 7.905629 2.176736
v 6.648042 7.905629 2.190968
v 6.640841 7.905629 2.204085
v 6.631152 7.905629 2.215581
v 6.619347 7.905629 2.225016
v 6.605878 7.905629 2.232027
v 6.591263 7.905629 2.236345
v 6.576064 7.905629 2.237802
v 6.560864 7.905629 2.236345
v 6.546249 7.905629 2.232027
v 6.532781 7.905629 2.225016
v 6.520975 7.905629 2.215581
v 6.511286 7.905629 2.204085
v 6.504087 7.905629 2.190968
v 6.499654 7.905629 2.176736
v 6.498157 7.905629 2.161935
v 6.499654 7.905629 2.147134
v 6.504087 7.905629 2.132902
v 6.511286 7.905629 2.119786
v 6.520975 7.905629 2.108289
v 6.532781 7.905629 2.098854
v 6.546249 7.905629 2.091843
v 6.560864 7.905629 2.087526
v 6.645832 3.474944 2.116121
v 6.544041 3.474944 2.237936
v 6.559749 3.474944 2.081294
v 6.635342 3.474944 2.103673
v 6.559749 3.474944 2.242576
v 6.544041 3.474944 2.085934
v 6.622593 3.474944 2.093485
v 6.576064 3.474944 2.244141
v 6.529534 3.474944 2.093485
v 6.608088 3.474944 2.085934
v 6.592380 3.474944 2.242576
v 6.516787 3.474944 2.103673
v 6.592380 3.474944 2.081294
v 6.608088 3.474944 2.237936
v 6.506295 3.474944 2.116121
v 6.622593 3.474944 2.230385
v 6.498483 3.474944 2.130356
v 6.635342 3.474944 2.220197
v 6.493662 3.474944 2.145829
v 6.645832 3.474944 2.207749
v 6.492034 3.474944 2.161935
v 6.653646 3.474944 2.193514
v 6.493662 3.474944 2.178041
v 6.658465 3.474944 2.178041
v 6.498483 3.474944 2.193514
v 6.660094 3.474944 2.161935
v 6.506295 3.474944 2.207749
v 6.658465 3.474944 2.145829
v 6.516787 3.474944 2.220197
v 6.653646 3.474944 2.130356
v 6.529534 3.474944 2.230385
v 6.576064 3.474944 2.079729
v 6.576064 7.977708 -3.345942
v 6.591263 7.977708 -3.344476
v 6.605878 7.977708 -3.340134
v 6.619347 7.977708 -3.333083
v 6.631152 7.977708 -3.323594
v 6.640841 7.977708 -3.312031
v 6.648042 7.977708 -3.298840
v 6.652474 7.977708 -3.284526
v 6.653972 7.977708 -3.269640
v 6.652474 7.977708 -3.254755
v 6.648042 7.977708 -3.240441
v 6.640841 7.977708 -3.227249
v 6.631152 7.977708 -3.215687
v 6.619347 7.977708 -3.206198
v 6.605878 7.977708 -3.199147
v 6.591263 7.977708 -3.194805
v 6.576064 7.977708 -3.193338
v 6.560864 7.977708 -3.194805
v 6.546249 7.977708 -3.199147
v 6.532781 7.977708 -3.206198
v 6.520975 7.977708 -3.215687
v 6.511286 7.977708 -3.227249
v 6.504087 7.977708 -3.240441
v 6.499654 7.977708 -3.254755
v 6.498157 7.977708 -3.269640
v 6.499654 7.977708 -3.284526
v 6.504087 7.977708 -3.298840
v 6.511286 7.977708 -3.312031
v 6.520975 7.977708 -3.323594
v 6.532781 7.977708 -3.333083
v 6.546249 7.977708 -3.340134
v 6.560864 7.977708 -3.344476
v 6.576064 5.130148 -3.345942
v 6.591263 5.130148 -3.344476
v 6.605878 5.130148 -3.340134
v 6.619347 5.130148 -3.333083
v 6.631152 5.130148 -3.323594
v 6.640841 5.130148 -3.312031
v 6.648042 5.130148 -3.298840
v 6.652474 5.130148 -3.284526
v 6.653972 5.130148 -3.269640
v 6.652474 5.130148 -3.254755
v 6.648042 5.130148 -3.240441
v 6.640841 5.130148 -3.227249
v 6.631152 5.130148 -3.215687
v 6.619347 5.130148 -3.206198
v 6.605878 5.130148 -3.199147
v 6.591263 5.130148 -3.194805
v 6.576064 5.130148 -3.193338
v 6.560864 5.130148 -3.194805
v 6.546249 5.130148 -3.199147
v 6.532781 5.130148 -3.206198
v 6.520975 5.130148 -3.215687
v 6.511286 5.130148 -3.227249
v 6.504087 5.130148 -3.240441
v 6.499654 5.130148 -3.254755
v 6.498157 5.130148 -3.269640
v 6.499654 5.130148 -3.284526
v 6.504087 5.130148 -3.298840
v 6.511286 5.130148 -3.312031
v 6.520975 5.130148 -3.323594
v 6.532781 5.130148 -3.333083
v 6.546249 5.130148 -3.340134
v 6.560864 5.130148 -3.344476
v 6.576064 7.504048 -3.345942
v 6.591263 7.504048 -3.344476
v 6.605878 7.504048 -3.340134
v 6.619347 7.504048 -3.333083
v 6.631152 7.504048 -3.323594
v 6.640841 7.504048 -3.312031
v 6.648042 7.504048 -3.298840
v 6.652474 7.504048 -3.284526
v 6.653972 7.504048 -3.269640
v 6.652474 7.504048 -3.254755
v 6.648042 7.504048 -3.240441
v 6.640841 7.504048 -3.227249
v 6.631152 7.504048 -3.215687
v 6.619347 7.504048 -3.206198
v 6.605878 7.504048 -3.199147
v 6.591263 7.504048 -3.194805
v 6.576064 7.504048 -3.193338
v 6.560864 7.504048 -3.194805
v 6.546249 7.504048 -3.199147
v 6.532781 7.504048 -3.206198
v 6.520975 7.504048 -3.215687
v 6.511286 7.504048 -3.227249
v 6.504087 7.504048 -3.240441
v 6.499654 7.504048 -3.254755
v 6.498157 7.504048 -3.269640
v 6.499654 7.504048 -3.284526
v 6.504087 7.504048 -3.298840
v 6.511286 7.504048 -3.312031
v 6.520975 7.504048 -3.323594
v 6.532781 7.504048 -3.333083
v 6.546249 7.504048 -3.340134
v 6.560864 7.504048 -3.344476
v 6.591263 7.461993 -3.344476
v 6.605878 7.461993 -3.340134
v 6.619347 7.461993 -3.333083
v 6.631152 7.461993 -3.323594
v 6.640841 7.461993 -3.312031
v 6.648042 7.461993 -3.298840
v 6.652474 7.461993 -3.284526
v 6.653972 7.461993 -3.269640
v 6.652474 7.461993 -3.254755
v 6.648042 7.461993 -3.240441
v 6.640841 7.461993 -3.227249
v 6.631152 7.461993 -3.215687
v 6.619347 7.461993 -3.206198
v 6.605878 7.461993 -3.199147
v 6.591263 7.461993 -3.194805
v 6.576064 7.461993 -3.193338
v 6.560864 7.461993 -3.194805
v 6.546249 7.461993 -3.199147
v 6.532781 7.461993 -3.206198
v 6.520975 7.461993 -3.215687
v 6.511286 7.461993 -3.227249
v 6.504087 7.461993 -3.240441
v 6.499654 7.461993 -3.254755
v 6.498157 7.461993 -3.269640
v 6.499654 7.461993 -3.284526
v 6.504087 7.461993 -3.298840
v 6.511286 7.461993 -3.312031
v 6.520975 7.461993 -3.323594
v 6.532781 7.461993 -3.333083
v 6.546249 7.461993 -3.340134
v 6.560864 7.461993 -3.344476
v 6.576064 7.461993 -3.345942
v 6.591263 7.228843 -3.344476
v 6.605878 7.228843 -3.340134
v 6.619347 7.228843 -3.333083
v 6.631152 7.228843 -3.323594
v 6.640841 7.228843 -3.312031
v 6.648042 7.228843 -3.298840
v 6.652474 7.228843 -3.284526
v 6.653972 7.228843 -3.269640
v 6.652474 7.228843 -3.254755
v 6.648042 7.228843 -3.240441
v 6.640841 7.228843 -3.227249
v 6.631152 7.228843 -3.215687
v 6.619347 7.228843 -3.206198
v 6.605878 7.228843 -3.199147
v 6.591263 7.228843 -3.194805
v 6.576064 7.228843 -3.193338
v 6.560864 7.228843 -3.194805
v 6.546249 7.228843 -3.199147
v 6.532781 7.228843 -3.206198
v 6.520975 7.228843 -3.215687
v 6.511286 7.228843 -3.227249
v 6.504087 7.228843 -3.240441
v 6.499654 7.228843 -3.254755
v 6.498157 7.228843 -3.269640
v 6.499654 7.228843 -3.284526
v 6.504087 7.228843 -3.298840
v 6.511286 7.228843 -3.312031
v 6.520975 7.228843 -3.323594
v 6.532781 7.228843 -3.333083
v 6.546249 7.228843 -3.340134
v 6.560864 7.228843 -3.344476
v 6.576064 7.228843 -3.345942
v 6.576064 7.288890 -3.345942
v 6.591263 7.288890 -3.344476
v 6.605878 7.288890 -3.340134
v 6.619347 7.288890 -3.333083
v 6.631152 7.288890 -3.323594
v 6.640841 7.288890 -3.312031
v 6.648042 7.288890 -3.298840
v 6.652474 7.288890 -3.284526
v 6.653972 7.288890 -3.269640
v 6.652474 7.288890 -3.254755
v 6.648042 7.288890 -3.240441
v 6.640841 7.288890 -3.227249
v 6.631152 7.288890 -3.215687
v 6.619347 7.288890 -3.206198
v 6.605878 7.288890 -3.199147
v 6.591263 7.288890 -3.194805
v 6.576064 7.288890 -3.193338
v 6.560864 7.288890 -3.194805
v 6.546249 7.288890 -3.199147
v 6.532781 7.288890 -3.206198
v 6.520975 7.288890 -3.215687
v 6.511286 7.288890 -3.227249
v 6.504087 7.288890 -3.240441
v 6.499654 7.288890 -3.254755
v 6.498157 7.288890 -3.269640
v 6.499654 7.288890 -3.284526
v 6.504087 7.288890 -3.298840
v 6.511286 7.288890 -3.312031
v 6.520975 7.288890 -3.323594
v 6.532781 7.288890 -3.333083
v 6.546249 7.288890 -3.340134
v 6.560864 7.288890 -3.344476
v 6.576064 5.073421 -3.366489
v 6.595356 5.073421 -3.364628
v 6.613906 5.073421 -3.359117
v 6.631003 5.073421 -3.350167
v 6.645988 5.073421 -3.338122
v 6.658285 5.073421 -3.323446
v 6.667423 5.073421 -3.306703
v 6.673051 5.073421 -3.288534
v 6.674951 5.073421 -3.269640
v 6.673051 5.073421 -3.250746
v 6.667423 5.073421 -3.232578
v 6.658285 5.073421 -3.215834
v 6.645988 5.073421 -3.201158
v 6.631003 5.073421 -3.189114
v 6.613906 5.073421 -3.180164
v 6.595356 5.073421 -3.174653
v 6.576064 5.073421 -3.172791
v 6.556772 5.073421 -3.174653
v 6.538221 5.073421 -3.180164
v 6.521126 5.073421 -3.189114
v 6.506141 5.073421 -3.201158
v 6.493842 5.073421 -3.215834
v 6.484705 5.073421 -3.232578
v 6.479077 5.073421 -3.250746
v 6.477177 5.073421 -3.269640
v 6.479077 5.073421 -3.288534
v 6.484705 5.073421 -3.306703
v 6.493842 5.073421 -3.323446
v 6.506141 5.073421 -3.338122
v 6.521126 5.073421 -3.350167
v 6.538221 5.073421 -3.359117
v 6.556772 5.073421 -3.364628
v 6.558288 5.107806 -3.357164
v 6.576064 5.107806 -3.358879
v 6.640493 5.107806 -3.332742
v 6.651825 5.107806 -3.319219
v 6.558288 5.107806 -3.182116
v 6.541195 5.107806 -3.187194
v 6.541195 5.107806 -3.352086
v 6.626686 5.107806 -3.343840
v 6.576064 5.107806 -3.180401
v 6.525442 5.107806 -3.343840
v 6.610932 5.107806 -3.352086
v 6.593841 5.107806 -3.182116
v 6.511634 5.107806 -3.332742
v 6.593841 5.107806 -3.357164
v 6.610932 5.107806 -3.187194
v 6.500303 5.107806 -3.319219
v 6.626686 5.107806 -3.195441
v 6.491883 5.107806 -3.303790
v 6.640493 5.107806 -3.206539
v 6.486697 5.107806 -3.287050
v 6.651825 5.107806 -3.220062
v 6.484946 5.107806 -3.269640
v 6.660245 5.107806 -3.235490
v 6.486697 5.107806 -3.252231
v 6.665430 5.107806 -3.252231
v 6.491883 5.107806 -3.235490
v 6.667181 5.107806 -3.269640
v 6.500303 5.107806 -3.220062
v 6.665430 5.107806 -3.287050
v 6.511634 5.107806 -3.206539
v 6.660245 5.107806 -3.303790
v 6.525442 5.107806 -3.195441
v 6.576064 5.022234 -3.352316
v 6.592380 5.022234 -3.350743
v 6.608088 5.022234 -3.346076
v 6.622593 5.022234 -3.338482
v 6.635342 5.022234 -3.328236
v 6.645832 5.022234 -3.315717
v 6.653646 5.022234 -3.301400
v 6.658465 5.022234 -3.285838
v 6.660094 5.022234 -3.269640
v 6.658465 5.022234 -3.253442
v 6.653646 5.022234 -3.237880
v 6.645832 5.022234 -3.223564
v 6.635342 5.022234 -3.211044
v 6.622593 5.022234 -3.200798
v 6.608088 5.022234 -3.193204
v 6.592380 5.022234 -3.188538
v 6.576064 5.022234 -3.186964
v 6.559749 5.022234 -3.188538
v 6.544041 5.022234 -3.193204
v 6.529534 5.022234 -3.200798
v 6.516787 5.022234 -3.211044
v 6.506295 5.022234 -3.223564
v 6.498483 5.022234 -3.237880
v 6.493662 5.022234 -3.253442
v 6.492034 5.022234 -3.269640
v 6.493662 5.022234 -3.285838
v 6.498483 5.022234 -3.301400
v 6.506295 5.022234 -3.315717
v 6.516787 5.022234 -3.328236
v 6.529534 5.022234 -3.338482
v 6.544041 5.022234 -3.346076
v 6.559749 5.022234 -3.350743
v 6.558202 5.041429 -3.357586
v 6.576064 5.041429 -3.359309
v 6.541026 5.041429 -3.352483
v 6.525199 5.041429 -3.344197
v 6.511324 5.041429 -3.333045
v 6.499938 5.041429 -3.319458
v 6.491478 5.041429 -3.303955
v 6.486267 5.041429 -3.287134
v 6.484509 5.041429 -3.269640
v 6.486267 5.041429 -3.252147
v 6.491478 5.041429 -3.235325
v 6.499938 5.041429 -3.219823
v 6.511324 5.041429 -3.206235
v 6.525199 5.041429 -3.195083
v 6.541026 5.041429 -3.186797
v 6.558202 5.041429 -3.181695
v 6.576064 5.041429 -3.179972
v 6.593925 5.041429 -3.181695
v 6.611101 5.041429 -3.186797
v 6.626930 5.041429 -3.195083
v 6.640804 5.041429 -3.206235
v 6.652190 5.041429 -3.219823
v 6.660651 5.041429 -3.235325
v 6.665861 5.041429 -3.252147
v 6.667620 5.041429 -3.269640
v 6.665861 5.041429 -3.287134
v 6.660651 5.041429 -3.303955
v 6.652190 5.041429 -3.319458
v 6.640804 5.041429 -3.333045
v 6.626930 5.041429 -3.344197
v 6.611101 5.041429 -3.352483
v 6.593925 5.041429 -3.357586
v 6.559749 1.405882 -3.350743
v 6.576064 1.405882 -3.352316
v 6.544041 1.405882 -3.346076
v 6.529534 1.405882 -3.338482
v 6.516787 1.405882 -3.328236
v 6.506295 1.405882 -3.315717
v 6.498483 1.405882 -3.301400
v 6.493662 1.405882 -3.285838
v 6.492034 1.405882 -3.269640
v 6.493662 1.405882 -3.253442
v 6.498483 1.405882 -3.237880
v 6.506295 1.405882 -3.223564
v 6.516787 1.405882 -3.211044
v 6.529534 1.405882 -3.200798
v 6.544041 1.405882 -3.193204
v 6.559749 1.405882 -3.188538
v 6.576064 1.405882 -3.186964
v 6.592380 1.405882 -3.188538
v 6.608088 1.405882 -3.193204
v 6.622593 1.405882 -3.200798
v 6.635342 1.405882 -3.211044
v 6.645832 1.405882 -3.223564
v 6.653646 1.405882 -3.237880
v 6.658465 1.405882 -3.253442
v 6.660094 1.405882 -3.269640
v 6.658465 1.405882 -3.285838
v 6.653646 1.405882 -3.301400
v 6.645832 1.405882 -3.315717
v 6.635342 1.405882 -3.328236
v 6.622593 1.405882 -3.338482
v 6.608088 1.405882 -3.346076
v 6.592380 1.405882 -3.350743
v 6.553904 1.307784 -3.379791
v 6.576064 1.307784 -3.381928
v 6.532571 1.307784 -3.373453
v 6.512870 1.307784 -3.363139
v 6.495555 1.307784 -3.349223
v 6.481308 1.307784 -3.332220
v 6.470696 1.307784 -3.312775
v 6.464149 1.307784 -3.291640
v 6.461937 1.307784 -3.269640
v 6.464149 1.307784 -3.247640
v 6.470696 1.307784 -3.226505
v 6.481308 1.307784 -3.207060
v 6.495555 1.307784 -3.190058
v 6.512870 1.307784 -3.176141
v 6.532571 1.307784 -3.165827
v 6.553904 1.307784 -3.159490
v 6.576064 1.307784 -3.157352
v 6.598224 1.307784 -3.159490
v 6.619556 1.307784 -3.165827
v 6.639258 1.307784 -3.176141
v 6.656573 1.307784 -3.190058
v 6.670820 1.307784 -3.207060
v 6.681433 1.307784 -3.226505
v 6.687979 1.307784 -3.247640
v 6.690191 1.307784 -3.269640
v 6.687979 1.307784 -3.291640
v 6.681433 1.307784 -3.312775
v 6.670820 1.307784 -3.332220
v 6.656573 1.307784 -3.349223
v 6.639258 1.307784 -3.363139
v 6.619556 1.307784 -3.373453
v 6.598224 1.307784 -3.379791
v 6.553901 1.343238 -3.379813
v 6.556041 1.375194 -3.369171
v 6.576064 1.375190 -3.371106
v 6.576064 1.343238 -3.381950
v 6.532563 1.343238 -3.373473
v 6.536769 1.375206 -3.363435
v 6.512857 1.343238 -3.363158
v 6.518974 1.375224 -3.354106
v 6.495540 1.343238 -3.349238
v 6.503345 1.375244 -3.341523
v 6.481289 1.343238 -3.332232
v 6.490489 1.375265 -3.326156
v 6.470675 1.343238 -3.312784
v 6.480918 1.375283 -3.308590
v 6.464128 1.343238 -3.291644
v 6.475016 1.375295 -3.289504
v 6.461914 1.343238 -3.269640
v 6.473022 1.375299 -3.269640
v 6.464128 1.343238 -3.247636
v 6.475016 1.375295 -3.249776
v 6.470675 1.343238 -3.226497
v 6.480918 1.375283 -3.230690
v 6.481289 1.343238 -3.207048
v 6.490489 1.375265 -3.213124
v 6.495540 1.343238 -3.190042
v 6.503345 1.375244 -3.197758
v 6.512857 1.343238 -3.176123
v 6.518974 1.375224 -3.185174
v 6.532563 1.343238 -3.165807
v 6.536769 1.375206 -3.175845
v 6.553901 1.343238 -3.159468
v 6.556041 1.375194 -3.170110
v 6.576064 1.343238 -3.157330
v 6.576064 1.375190 -3.168175
v 6.598228 1.343238 -3.159468
v 6.596087 1.375194 -3.170110
v 6.619566 1.343238 -3.165807
v 6.615360 1.375206 -3.175845
v 6.639272 1.343238 -3.176123
v 6.633153 1.375224 -3.185174
v 6.656589 1.343238 -3.190042
v 6.648784 1.375244 -3.197758
v 6.670838 1.343238 -3.207048
v 6.661639 1.375265 -3.213124
v 6.681454 1.343238 -3.226497
v 6.671209 1.375283 -3.230690
v 6.688001 1.343238 -3.247636
v 6.677113 1.375294 -3.249776
v 6.690213 1.343238 -3.269640
v 6.679107 1.375299 -3.269640
v 6.688001 1.343238 -3.291644
v 6.677113 1.375294 -3.289504
v 6.681454 1.343238 -3.312784
v 6.671209 1.375283 -3.308590
v 6.670838 1.343238 -3.332232
v 6.661639 1.375265 -3.326156
v 6.656589 1.343238 -3.349238
v 6.648784 1.375244 -3.341523
v 6.639272 1.343238 -3.363158
v 6.633153 1.375224 -3.354106
v 6.619566 1.343238 -3.373473
v 6.615360 1.375206 -3.363435
v 6.598228 1.343238 -3.379813
v 6.596087 1.375194 -3.369171
v 6.594051 7.247262 -3.358203
v 6.594047 7.270561 -3.358185
v 6.611344 7.247253 -3.353058
v 6.611337 7.270570 -3.353041
v 6.627277 7.247240 -3.344706
v 6.627266 7.270584 -3.344690
v 6.641236 7.247224 -3.333470
v 6.641223 7.270599 -3.333457
v 6.652690 7.247209 -3.319785
v 6.652673 7.270615 -3.319774
v 6.661197 7.247195 -3.304176
v 6.661179 7.270628 -3.304169
v 6.666432 7.247186 -3.287245
v 6.666413 7.270637 -3.287241
v 6.668201 7.247183 -3.269640
v 6.668180 7.270640 -3.269640
v 6.666432 7.247186 -3.252035
v 6.666413 7.270637 -3.252039
v 6.661197 7.247195 -3.235105
v 6.661179 7.270628 -3.235112
v 6.652690 7.247209 -3.219496
v 6.652673 7.270615 -3.219507
v 6.641236 7.247224 -3.205810
v 6.641223 7.270599 -3.205824
v 6.627277 7.247240 -3.194574
v 6.627266 7.270584 -3.194590
v 6.611344 7.247253 -3.186222
v 6.611337 7.270570 -3.186240
v 6.594051 7.247262 -3.181077
v 6.594047 7.270561 -3.181096
v 6.576063 7.247265 -3.179340
v 6.576063 7.270558 -3.179359
v 6.558076 7.247262 -3.181077
v 6.558081 7.270561 -3.181096
v 6.540783 7.247253 -3.186222
v 6.540792 7.270570 -3.186240
v 6.524851 7.247240 -3.194574
v 6.524862 7.270584 -3.194590
v 6.510890 7.247224 -3.205810
v 6.510905 7.270599 -3.205824
v 6.499438 7.247209 -3.219496
v 6.499454 7.270615 -3.219507
v 6.490932 7.247195 -3.235104
v 6.490950 7.270628 -3.235112
v 6.485694 7.247186 -3.252035
v 6.485715 7.270637 -3.252039
v 6.483926 7.247183 -3.269640
v 6.483947 7.270640 -3.269640
v 6.485694 7.247186 -3.287245
v 6.485715 7.270637 -3.287241
v 6.490932 7.247195 -3.304176
v 6.490950 7.270628 -3.304169
v 6.499438 7.247209 -3.319785
v 6.499454 7.270615 -3.319774
v 6.510890 7.247224 -3.333470
v 6.510905 7.270599 -3.333457
v 6.524851 7.247240 -3.344706
v 6.524862 7.270584 -3.344690
v 6.540783 7.247253 -3.353058
v 6.540792 7.270570 -3.353041
v 6.558076 7.247262 -3.358203
v 6.558081 7.270561 -3.358185
v 6.576063 7.270558 -3.359921
v 6.576063 7.247265 -3.359941
v 6.576064 7.490265 -3.352973
v 6.576064 7.475137 -3.352873
v 6.592643 7.475135 -3.351274
v 6.592664 7.490266 -3.351371
v 6.608584 7.475132 -3.346535
v 6.608624 7.490269 -3.346628
v 6.623276 7.475127 -3.338841
v 6.623333 7.490274 -3.338925
v 6.636151 7.475121 -3.328489
v 6.636224 7.490281 -3.328560
v 6.646717 7.475115 -3.315876
v 6.646802 7.490286 -3.315931
v 6.654566 7.475110 -3.301487
v 6.654662 7.490291 -3.301526
v 6.659399 7.475106 -3.285875
v 6.659501 7.490294 -3.285895
v 6.661031 7.475105 -3.269640
v 6.661135 7.490295 -3.269640
v 6.659399 7.475106 -3.253405
v 6.659501 7.490294 -3.253386
v 6.654566 7.475110 -3.237794
v 6.654662 7.490291 -3.237755
v 6.646717 7.475115 -3.223405
v 6.646802 7.490286 -3.223349
v 6.636151 7.475121 -3.210792
v 6.636224 7.490281 -3.210721
v 6.623276 7.475127 -3.200439
v 6.623333 7.490274 -3.200355
v 6.608584 7.475132 -3.192746
v 6.608624 7.490269 -3.192652
v 6.592643 7.475135 -3.188007
v 6.592664 7.490266 -3.187909
v 6.576064 7.475137 -3.186407
v 6.576064 7.490265 -3.186307
v 6.559484 7.475135 -3.188007
v 6.559464 7.490266 -3.187909
v 6.543543 7.475132 -3.192746
v 6.543503 7.490269 -3.192652
v 6.528852 7.475127 -3.200439
v 6.528794 7.490274 -3.200355
v 6.515977 7.475121 -3.210792
v 6.515904 7.490281 -3.210721
v 6.505412 7.475115 -3.223405
v 6.505325 7.490286 -3.223349
v 6.497561 7.475110 -3.237794
v 6.497467 7.490291 -3.237755
v 6.492728 7.475106 -3.253405
v 6.492627 7.490294 -3.253386
v 6.491096 7.475105 -3.269640
v 6.490993 7.490295 -3.269640
v 6.492728 7.475106 -3.285875
v 6.492627 7.490294 -3.285895
v 6.497561 7.475110 -3.301487
v 6.497467 7.490291 -3.301526
v 6.505412 7.475115 -3.315876
v 6.505325 7.490286 -3.315931
v 6.515977 7.475121 -3.328489
v 6.515904 7.490281 -3.328560
v 6.528852 7.475127 -3.338841
v 6.528794 7.490274 -3.338925
v 6.543543 7.475132 -3.346535
v 6.543503 7.490269 -3.346628
v 6.559484 7.475135 -3.351274
v 6.559464 7.490266 -3.351371
v 6.653646 1.858679 -3.301400
v 6.529534 1.858679 -3.200798
v 6.576064 1.858679 -3.352316
v 6.645832 1.858679 -3.315717
v 6.544041 1.858679 -3.193204
v 6.559749 1.858679 -3.350743
v 6.635342 1.858679 -3.328236
v 6.559749 1.858679 -3.188538
v 6.544041 1.858679 -3.346076
v 6.622593 1.858679 -3.338482
v 6.576064 1.858679 -3.186964
v 6.529534 1.858679 -3.338482
v 6.608088 1.858679 -3.346076
v 6.592380 1.858679 -3.188538
v 6.516787 1.858679 -3.328236
v 6.592380 1.858679 -3.350743
v 6.608088 1.858679 -3.193204
v 6.506295 1.858679 -3.315717
v 6.622593 1.858679 -3.200798
v 6.498483 1.858679 -3.301400
v 6.635342 1.858679 -3.211044
v 6.493662 1.858679 -3.285838
v 6.645832 1.858679 -3.223564
v 6.492034 1.858679 -3.269640
v 6.653646 1.858679 -3.237880
v 6.493662 1.858679 -3.253442
v 6.658465 1.858679 -3.253442
v 6.498483 1.858679 -3.237880
v 6.660094 1.858679 -3.269640
v 6.506295 1.858679 -3.223564
v 6.658465 1.858679 -3.285838
v 6.516787 1.858679 -3.211044
v 6.645832 1.927655 -3.315717
v 6.544041 1.927655 -3.193204
v 6.559749 1.927655 -3.350743
v 6.635342 1.927655 -3.328236
v 6.559749 1.927655 -3.188538
v 6.544041 1.927655 -3.346076
v 6.622593 1.927655 -3.338482
v 6.576064 1.927655 -3.186964
v 6.529534 1.927655 -3.338482
v 6.608088 1.927655 -3.346076
v 6.592380 1.927655 -3.188538
v 6.516787 1.927655 -3.328236
v 6.592380 1.927655 -3.350743
v 6.608088 1.927655 -3.193204
v 6.506295 1.927655 -3.315717
v 6.622593 1.927655 -3.200798
v 6.498483 1.927655 -3.301400
v 6.635342 1.927655 -3.211044
v 6.493662 1.927655 -3.285838
v 6.645832 1.927655 -3.223564
v 6.492034 1.927655 -3.269640
v 6.653646 1.927655 -3.237880
v 6.493662 1.927655 -3.253442
v 6.658465 1.927655 -3.253442
v 6.498483 1.927655 -3.237880
v 6.660094 1.927655 -3.269640
v 6.506295 1.927655 -3.223564
v 6.658465 1.927655 -3.285838
v 6.516787 1.927655 -3.211044
v 6.653646 1.927655 -3.301400
v 6.529534 1.927655 -3.200798
v 6.576064 1.927655 -3.352316
v 6.668378 1.881640 -3.307431
v 6.667789 1.907788 -3.307190
v 6.658561 1.907773 -3.324123
v 6.659090 1.881654 -3.324472
v 6.520679 1.881688 -3.187697
v 6.521029 1.907736 -3.188215
v 6.538182 1.907720 -3.179222
v 6.537943 1.881702 -3.178649
v 6.576064 1.881715 -3.368069
v 6.576064 1.907706 -3.367451
v 6.556762 1.907709 -3.365587
v 6.556640 1.881712 -3.366193
v 6.646167 1.907754 -3.338936
v 6.646614 1.881671 -3.339378
v 6.556762 1.907709 -3.173694
v 6.556640 1.881712 -3.173087
v 6.538182 1.907720 -3.360058
v 6.537943 1.881702 -3.360631
v 6.631098 1.907736 -3.351066
v 6.631448 1.881688 -3.351583
v 6.576064 1.907706 -3.171829
v 6.576064 1.881715 -3.171211
v 6.521029 1.907736 -3.351066
v 6.520679 1.881688 -3.351583
v 6.613945 1.907720 -3.360058
v 6.614184 1.881702 -3.360631
v 6.595366 1.907709 -3.173694
v 6.595489 1.881712 -3.173087
v 6.505961 1.907754 -3.338936
v 6.505514 1.881671 -3.339378
v 6.595366 1.907709 -3.365587
v 6.595489 1.881712 -3.366193
v 6.613945 1.907720 -3.179222
v 6.614184 1.881702 -3.178649
v 6.493567 1.907773 -3.324123
v 6.493038 1.881654 -3.324472
v 6.631098 1.907736 -3.188215
v 6.631448 1.881688 -3.187697
v 6.484340 1.907788 -3.307190
v 6.483749 1.881640 -3.307431
v 6.646167 1.907754 -3.200344
v 6.646614 1.881671 -3.199902
v 6.478649 1.907799 -3.288790
v 6.478021 1.881630 -3.288913
v 6.658561 1.907773 -3.215158
v 6.659090 1.881654 -3.214808
v 6.476727 1.907802 -3.269640
v 6.476085 1.881627 -3.269640
v 6.667789 1.907788 -3.232090
v 6.668378 1.881640 -3.231849
v 6.478649 1.907799 -3.250490
v 6.478021 1.881630 -3.250367
v 6.673480 1.907799 -3.250490
v 6.674108 1.881630 -3.250367
v 6.484340 1.907788 -3.232090
v 6.483749 1.881640 -3.231849
v 6.675403 1.907802 -3.269640
v 6.676044 1.881627 -3.269640
v 6.493567 1.907773 -3.215158
v 6.493038 1.881654 -3.214808
v 6.673480 1.907799 -3.288790
v 6.674108 1.881630 -3.288913
v 6.505961 1.907754 -3.200344
v 6.505514 1.881671 -3.199902
v 6.576064 7.905629 -3.345942
v 6.591263 7.905629 -3.344476
v 6.605878 7.905629 -3.340134
v 6.619347 7.905629 -3.333083
v 6.631152 7.905629 -3.323594
v 6.640841 7.905629 -3.312031
v 6.648042 7.905629 -3.298840
v 6.652474 7.905629 -3.284526
v 6.653972 7.905629 -3.269640
v 6.652474 7.905629 -3.254755
v 6.648042 7.905629 -3.240441
v 6.640841 7.905629 -3.227249
v 6.631152 7.905629 -3.215687
v 6.619347 7.905629 -3.206198
v 6.605878 7.905629 -3.199147
v 6.591263 7.905629 -3.194805
v 6.576064 7.905629 -3.193338
v 6.560864 7.905629 -3.194805
v 6.546249 7.905629 -3.199147
v 6.532781 7.905629 -3.206198
v 6.520975 7.905629 -3.215687
v 6.511286 7.905629 -3.227249
v 6.504087 7.905629 -3.240441
v 6.499654 7.905629 -3.254755
v 6.498157 7.905629 -3.269640
v 6.499654 7.905629 -3.284526
v 6.504087 7.905629 -3.298840
v 6.511286 7.905629 -3.312031
v 6.520975 7.905629 -3.323594
v 6.532781 7.905629 -3.333083
v 6.546249 7.905629 -3.340134
v 6.560864 7.905629 -3.344476
v 6.645832 3.474944 -3.315717
v 6.544041 3.474944 -3.193204
v 6.559749 3.474944 -3.350743
v 6.635342 3.474944 -3.328236
v 6.559749 3.474944 -3.188538
v 6.544041 3.474944 -3.346076
v 6.622593 3.474944 -3.338482
v 6.576064 3.474944 -3.186964
v 6.529534 3.474944 -3.338482
v 6.608088 3.474944 -3.346076
v 6.592380 3.474944 -3.188538
v 6.516787 3.474944 -3.328236
v 6.592380 3.474944 -3.350743
v 6.608088 3.474944 -3.193204
v 6.506295 3.474944 -3.315717
v 6.622593 3.474944 -3.200798
v 6.498483 3.474944 -3.301400
v 6.635342 3.474944 -3.211044
v 6.493662 3.474944 -3.285838
v 6.645832 3.474944 -3.223564
v 6.492034 3.474944 -3.269640
v 6.653646 3.474944 -3.237880
v 6.493662 3.474944 -3.253442
v 6.658465 3.474944 -3.253442
v 6.498483 3.474944 -3.237880
v 6.660094 3.474944 -3.269640
v 6.506295 3.474944 -3.223564
v 6.658465 3.474944 -3.285838
v 6.516787 3.474944 -3.211044
v 6.653646 3.474944 -3.301400
v 6.529534 3.474944 -3.200798
v 6.576064 3.474944 -3.352316
v 6.680583 3.573805 -0.003654
v 6.785690 3.573805 -0.086381
v 6.680583 3.452893 -0.015563
v 6.785690 3.469032 -0.096700
v 6.680583 3.336627 -0.050832
v 6.785690 3.368285 -0.127261
v 6.680583 3.229475 -0.108105
v 6.785690 3.275436 -0.176890
v 6.680583 3.135556 -0.185183
v 6.785690 3.194053 -0.243680
v 6.680583 3.058479 -0.279102
v 6.785690 3.127264 -0.325062
v 6.680583 3.001205 -0.386253
v 6.785690 3.077635 -0.417911
v 6.680583 2.965936 -0.502519
v 6.785690 3.047074 -0.518658
v 6.680583 2.954027 -0.623432
v 6.785690 3.036754 -0.623432
v 6.680583 2.965936 -0.744345
v 6.785690 3.047074 -0.728205
v 6.680583 3.001205 -0.860610
v 6.785690 3.077635 -0.828952
v 6.680583 3.058479 -0.967762
v 6.785690 3.127264 -0.921802
v 6.680583 3.135556 -1.061681
v 6.785690 3.194053 -1.003184
v 6.680584 3.229475 -1.138759
v 6.785690 3.275436 -1.069973
v 6.680584 3.336627 -1.196032
v 6.785690 3.368285 -1.119602
v 6.680584 3.452893 -1.231301
v 6.785690 3.469032 -1.150164
v 6.680584 3.573805 -1.243210
v 6.785690 3.573805 -1.160483
v 6.680584 3.694718 -1.231301
v 6.785690 3.678579 -1.150164
v 6.680584 3.810984 -1.196032
v 6.785690 3.779326 -1.119602
v 6.680584 3.918136 -1.138759
v 6.785690 3.872175 -1.069973
v 6.680584 4.012054 -1.061681
v 6.785690 3.953558 -1.003184
v 6.680584 4.089132 -0.967762
v 6.785690 4.020347 -0.921802
v 6.680583 4.146406 -0.860610
v 6.785690 4.069976 -0.828952
v 6.680583 4.181675 -0.744345
v 6.785690 4.100537 -0.728205
v 6.680583 4.193583 -0.623432
v 6.785690 4.110857 -0.623432
v 6.680583 4.181675 -0.502519
v 6.785690 4.100537 -0.518658
v 6.680583 4.146406 -0.386253
v 6.785690 4.069976 -0.417911
v 6.680583 4.089132 -0.279102
v 6.785690 4.020347 -0.325062
v 6.680583 4.012054 -0.185183
v 6.785690 3.953558 -0.243680
v 6.680583 3.918136 -0.108105
v 6.785690 3.872175 -0.176890
v 6.680583 3.810984 -0.050832
v 6.785690 3.779326 -0.127261
v 6.680583 3.694718 -0.015563
v 6.785690 3.678579 -0.096700
v 6.785690 3.452893 -0.015563
v 6.785690 3.573805 -0.003654
v 6.785690 3.336627 -0.050832
v 6.785690 3.229475 -0.108105
v 6.785690 3.135556 -0.185183
v 6.785690 3.058479 -0.279102
v 6.785690 3.001205 -0.386253
v 6.785690 2.965936 -0.502519
v 6.785690 2.954027 -0.623432
v 6.785690 2.965936 -0.744345
v 6.785690 3.001205 -0.860610
v 6.785690 3.058479 -0.967762
v 6.785690 3.135556 -1.061681
v 6.785690 3.229475 -1.138759
v 6.785690 3.336627 -1.196032
v 6.785690 3.452893 -1.231301
v 6.785690 3.573805 -1.243210
v 6.785690 3.694718 -1.231301
v 6.785690 3.810984 -1.196032
v 6.785690 3.918136 -1.138759
v 6.785690 4.012054 -1.061681
v 6.785690 4.089132 -0.967762
v 6.785690 4.146406 -0.860610
v 6.785690 4.181675 -0.744345
v 6.785690 4.193583 -0.623432
v 6.785690 4.181675 -0.502519
v 6.785690 4.146406 -0.386253
v 6.785690 4.089132 -0.279102
v 6.785690 4.012054 -0.185183
v 6.785690 3.918136 -0.108105
v 6.785690 3.810984 -0.050832
v 6.785690 3.694718 -0.015563
v -7.711586 3.573805 -0.003654
v -7.816694 3.573805 -0.086381
v -7.711586 3.452893 -0.015563
v -7.816694 3.469032 -0.096700
v -7.711586 3.336627 -0.050832
v -7.816694 3.368285 -0.127261
v -7.711586 3.229475 -0.108105
v -7.816694 3.275436 -0.176890
v -7.711586 3.135556 -0.185183
v -7.816694 3.194053 -0.243680
v -7.711586 3.058479 -0.279102
v -7.816694 3.127264 -0.325062
v -7.711586 3.001205 -0.386253
v -7.816694 3.077635 -0.417911
v -7.711586 2.965936 -0.502519
v -7.816694 3.047074 -0.518658
v -7.711586 2.954027 -0.623432
v -7.816694 3.036754 -0.623432
v -7.711586 2.965936 -0.744345
v -7.816694 3.047074 -0.728205
v -7.711586 3.001205 -0.860611
v -7.816694 3.077635 -0.828952
v -7.711586 3.058479 -0.967762
v -7.816694 3.127264 -0.921802
v -7.711587 3.135556 -1.061681
v -7.816694 3.194053 -1.003184
v -7.711587 3.229475 -1.138759
v -7.816694 3.275436 -1.069973
v -7.711587 3.336627 -1.196032
v -7.816694 3.368285 -1.119602
v -7.711587 3.452893 -1.231301
v -7.816694 3.469032 -1.150164
v -7.711587 3.573805 -1.243210
v -7.816694 3.573805 -1.160483
v -7.711587 3.694718 -1.231301
v -7.816694 3.678579 -1.150164
v -7.711587 3.810984 -1.196032
v -7.816694 3.779326 -1.119602
v -7.711587 3.918136 -1.138759
v -7.816694 3.872175 -1.069973
v -7.711586 4.012054 -1.061681
v -7.816694 3.953558 -1.003184
v -7.711586 4.089132 -0.967762
v -7.816694 4.020347 -0.921802
v -7.711586 4.146406 -0.860611
v -7.816694 4.069976 -0.828952
v -7.711586 4.181675 -0.744345
v -7.816694 4.100537 -0.728205
v -7.711586 4.193583 -0.623432
v -7.816694 4.110857 -0.623432
v -7.711586 4.181675 -0.502519
v -7.816694 4.100537 -0.518658
v -7.711586 4.146406 -0.386253
v -7.816694 4.069976 -0.417911
v -7.711586 4.089132 -0.279102
v -7.816694 4.020347 -0.325062
v -7.711586 4.012054 -0.185183
v -7.816694 3.953558 -0.243680
v -7.711586 3.918136 -0.108105
v -7.816694 3.872175 -0.176890
v -7.711586 3.810984 -0.050832
v -7.816694 3.779326 -0.127261
v -7.711586 3.694718 -0.015563
v -7.816694 3.678579 -0.096700
v -7.816694 3.452893 -0.015563
v -7.816694 3.573805 -0.003654
v -7.816694 3.336627 -0.050832
v -7.816694 3.229475 -0.108105
v -7.816694 3.135556 -0.185183
v -7.816694 3.058479 -0.279102
v -7.816694 3.001205 -0.386253
v -7.816694 2.965936 -0.502519
v -7.816694 2.954027 -0.623432
v -7.816694 2.965936 -0.744345
v -7.816694 3.001205 -0.860611
v -7.816694 3.058479 -0.967762
v -7.816694 3.135556 -1.061681
v -7.816694 3.229475 -1.138759
v -7.816694 3.336627 -1.196032
v -7.816694 3.452893 -1.231301
v -7.816694 3.573805 -1.243210
v -7.816694 3.694718 -1.231301
v -7.816694 3.810984 -1.196032
v -7.816694 3.918136 -1.138759
v -7.816694 4.012054 -1.061681
v -7.816694 4.089132 -0.967762
v -7.816694 4.146406 -0.860611
v -7.816694 4.181675 -0.744345
v -7.816694 4.193583 -0.623432
v -7.816694 4.181675 -0.502519
v -7.816694 4.146406 -0.386253
v -7.816694 4.089132 -0.279102
v -7.816694 4.012054 -0.185183
v -7.816694 3.918136 -0.108105
v -7.816694 3.810984 -0.050832
v -7.816694 3.694718 -0.015563
v -7.626617 7.977708 -3.342015
v -7.611419 7.977708 -3.340623
v -7.596804 7.977708 -3.336505
v -7.583334 7.977708 -3.329817
v -7.571528 7.977708 -3.320817
v -7.561840 7.977708 -3.309849
v -7.554640 7.977708 -3.297337
v -7.550207 7.977708 -3.283760
v -7.548710 7.977708 -3.269640
v -7.550207 7.977708 -3.255521
v -7.554640 7.977708 -3.241944
v -7.561840 7.977708 -3.229431
v -7.571528 7.977708 -3.218464
v -7.583334 7.977708 -3.209463
v -7.596804 7.977708 -3.202775
v -7.611419 7.977708 -3.198657
v -7.626617 7.977708 -3.197266
v -7.641817 7.977708 -3.198657
v -7.656432 7.977708 -3.202775
v -7.669901 7.977708 -3.209463
v -7.681706 7.977708 -3.218464
v -7.691395 7.977708 -3.229431
v -7.698595 7.977708 -3.241944
v -7.703028 7.977708 -3.255521
v -7.704525 7.977708 -3.269640
v -7.703028 7.977708 -3.283760
v -7.698595 7.977708 -3.297337
v -7.691395 7.977708 -3.309849
v -7.681706 7.977708 -3.320817
v -7.669901 7.977708 -3.329817
v -7.656432 7.977708 -3.336505
v -7.641817 7.977708 -3.340623
v -7.626617 5.130148 -3.342015
v -7.611419 5.130148 -3.340623
v -7.596804 5.130148 -3.336505
v -7.583334 5.130148 -3.329817
v -7.571528 5.130148 -3.320817
v -7.561840 5.130148 -3.309849
v -7.554640 5.130148 -3.297337
v -7.550207 5.130148 -3.283760
v -7.548710 5.130148 -3.269640
v -7.550207 5.130148 -3.255521
v -7.554640 5.130148 -3.241944
v -7.561840 5.130148 -3.229431
v -7.571528 5.130148 -3.218464
v -7.583334 5.130148 -3.209463
v -7.596804 5.130148 -3.202775
v -7.611419 5.130148 -3.198657
v -7.626617 5.130148 -3.197266
v -7.641817 5.130148 -3.198657
v -7.656432 5.130148 -3.202775
v -7.669901 5.130148 -3.209463
v -7.681706 5.130148 -3.218464
v -7.691395 5.130148 -3.229431
v -7.698595 5.130148 -3.241944
v -7.703028 5.130148 -3.255521
v -7.704525 5.130148 -3.269640
v -7.703028 5.130148 -3.283760
v -7.698595 5.130148 -3.297337
v -7.691395 5.130148 -3.309849
v -7.681706 5.130148 -3.320817
v -7.669901 5.130148 -3.329817
v -7.656432 5.130148 -3.336505
v -7.641817 5.130148 -3.340623
v -7.626617 7.504048 -3.342015
v -7.611419 7.504048 -3.340623
v -7.596804 7.504048 -3.336505
v -7.583334 7.504048 -3.329817
v -7.571528 7.504048 -3.320817
v -7.561840 7.504048 -3.309849
v -7.554640 7.504048 -3.297337
v -7.550207 7.504048 -3.283760
v -7.548710 7.504048 -3.269640
v -7.550207 7.504048 -3.255521
v -7.554640 7.504048 -3.241944
v -7.561840 7.504048 -3.229431
v -7.571528 7.504048 -3.218464
v -7.583334 7.504048 -3.209463
v -7.596804 7.504048 -3.202775
v -7.611419 7.504048 -3.198657
v -7.626617 7.504048 -3.197266
v -7.641817 7.504048 -3.198657
v -7.656432 7.504048 -3.202775
v -7.669901 7.504048 -3.209463
v -7.681706 7.504048 -3.218464
v -7.691395 7.504048 -3.229431
v -7.698595 7.504048 -3.241944
v -7.703028 7.504048 -3.255521
v -7.704525 7.504048 -3.269640
v -7.703028 7.504048 -3.283760
v -7.698595 7.504048 -3.297337
v -7.691395 7.504048 -3.309849
v -7.681706 7.504048 -3.320817
v -7.669901 7.504048 -3.329817
v -7.656432 7.504048 -3.336505
v -7.641817 7.504048 -3.340623
v -7.611419 7.461993 -3.340623
v -7.596804 7.461993 -3.336505
v -7.583334 7.461993 -3.329817
v -7.571528 7.461993 -3.320817
v -7.561840 7.461993 -3.309849
v -7.554640 7.461993 -3.297337
v -7.550207 7.461993 -3.283760
v -7.548710 7.461993 -3.269640
v -7.550207 7.461993 -3.255521
v -7.554640 7.461993 -3.241944
v -7.561840 7.461993 -3.229431
v -7.571528 7.461993 -3.218464
v -7.583334 7.461993 -3.209463
v -7.596804 7.461993 -3.202775
v -7.611419 7.461993 -3.198657
v -7.626617 7.461993 -3.197266
v -7.641817 7.461993 -3.198657
v -7.656432 7.461993 -3.202775
v -7.669901 7.461993 -3.209463
v -7.681706 7.461993 -3.218464
v -7.691395 7.461993 -3.229431
v -7.698595 7.461993 -3.241944
v -7.703028 7.461993 -3.255521
v -7.704525 7.461993 -3.269640
v -7.703028 7.461993 -3.283760
v -7.698595 7.461993 -3.297337
v -7.691395 7.461993 -3.309849
v -7.681706 7.461993 -3.320817
v -7.669901 7.461993 -3.329817
v -7.656432 7.461993 -3.336505
v -7.641817 7.461993 -3.340623
v -7.626617 7.461993 -3.342015
v -7.611419 7.228843 -3.340623
v -7.596804 7.228843 -3.336505
v -7.583334 7.228843 -3.329817
v -7.571528 7.228843 -3.320817
v -7.561840 7.228843 -3.309849
v -7.554640 7.228843 -3.297337
v -7.550207 7.228843 -3.283760
v -7.548710 7.228843 -3.269640
v -7.550207 7.228843 -3.255521
v -7.554640 7.228843 -3.241944
v -7.561840 7.228843 -3.229431
v -7.571528 7.228843 -3.218464
v -7.583334 7.228843 -3.209463
v -7.596804 7.228843 -3.202775
v -7.611419 7.228843 -3.198657
v -7.626617 7.228843 -3.197266
v -7.641817 7.228843 -3.198657
v -7.656432 7.228843 -3.202775
v -7.669901 7.228843 -3.209463
v -7.681706 7.228843 -3.218464
v -7.691395 7.228843 -3.229431
v -7.698595 7.228843 -3.241944
v -7.703028 7.228843 -3.255521
v -7.704525 7.228843 -3.269640
v -7.703028 7.228843 -3.283760
v -7.698595 7.228843 -3.297337
v -7.691395 7.228843 -3.309849
v -7.681706 7.228843 -3.320817
v -7.669901 7.228843 -3.329817
v -7.656432 7.228843 -3.336505
v -7.641817 7.228843 -3.340623
v -7.626617 7.228843 -3.342015
v -7.626617 7.288890 -3.342015
v -7.611419 7.288890 -3.340623
v -7.596804 7.288890 -3.336505
v -7.583334 7.288890 -3.329817
v -7.571528 7.288890 -3.320817
v -7.561840 7.288890 -3.309849
v -7.554640 7.288890 -3.297337
v -7.550207 7.288890 -3.283760
v -7.548710 7.288890 -3.269640
v -7.550207 7.288890 -3.255521
v -7.554640 7.288890 -3.241944
v -7.561840 7.288890 -3.229431
v -7.571528 7.288890 -3.218464
v -7.583334 7.288890 -3.209463
v -7.596804 7.288890 -3.202775
v -7.611419 7.288890 -3.198657
v -7.626617 7.288890 -3.197266
v -7.641817 7.288890 -3.198657
v -7.656432 7.288890 -3.202775
v -7.669901 7.288890 -3.209463
v -7.681706 7.288890 -3.218464
v -7.691395 7.288890 -3.229431
v -7.698595 7.288890 -3.241944
v -7.703028 7.288890 -3.255521
v -7.704525 7.288890 -3.269640
v -7.703028 7.288890 -3.283760
v -7.698595 7.288890 -3.297337
v -7.691395 7.288890 -3.309849
v -7.681706 7.288890 -3.320817
v -7.669901 7.288890 -3.329817
v -7.656432 7.288890 -3.336505
v -7.641817 7.288890 -3.340623
v -7.626617 5.073421 -3.361504
v -7.607326 5.073421 -3.359738
v -7.588775 5.073421 -3.354511
v -7.571679 5.073421 -3.346022
v -7.556694 5.073421 -3.334597
v -7.544396 5.073421 -3.320677
v -7.535258 5.073421 -3.304795
v -7.529631 5.073421 -3.287562
v -7.527730 5.073421 -3.269640
v -7.529631 5.073421 -3.251719
v -7.535258 5.073421 -3.234485
v -7.544396 5.073421 -3.218604
v -7.556694 5.073421 -3.204683
v -7.571679 5.073421 -3.193258
v -7.588775 5.073421 -3.184770
v -7.607326 5.073421 -3.179542
v -7.626617 5.073421 -3.177776
v -7.645909 5.073421 -3.179542
v -7.664460 5.073421 -3.184770
v -7.681556 5.073421 -3.193258
v -7.696541 5.073421 -3.204683
v -7.708839 5.073421 -3.218604
v -7.717977 5.073421 -3.234485
v -7.723604 5.073421 -3.251719
v -7.725504 5.073421 -3.269640
v -7.723604 5.073421 -3.287562
v -7.717977 5.073421 -3.304795
v -7.708839 5.073421 -3.320677
v -7.696541 5.073421 -3.334597
v -7.681556 5.073421 -3.346022
v -7.664460 5.073421 -3.354511
v -7.645909 5.073421 -3.359738
v -7.644393 5.107806 -3.352659
v -7.626617 5.107806 -3.354286
v -7.562188 5.107806 -3.329494
v -7.550857 5.107806 -3.316667
v -7.644393 5.107806 -3.186621
v -7.661487 5.107806 -3.191438
v -7.661487 5.107806 -3.347842
v -7.575995 5.107806 -3.340020
v -7.626617 5.107806 -3.184995
v -7.677239 5.107806 -3.340020
v -7.591749 5.107806 -3.347842
v -7.608841 5.107806 -3.186621
v -7.691047 5.107806 -3.329494
v -7.608841 5.107806 -3.352659
v -7.591749 5.107806 -3.191438
v -7.702379 5.107806 -3.316667
v -7.575995 5.107806 -3.199260
v -7.710799 5.107806 -3.302033
v -7.562188 5.107806 -3.209787
v -7.715984 5.107806 -3.286154
v -7.550857 5.107806 -3.222614
v -7.717735 5.107806 -3.269640
v -7.542437 5.107806 -3.237247
v -7.715984 5.107806 -3.253127
v -7.537251 5.107806 -3.253127
v -7.710799 5.107806 -3.237247
v -7.535501 5.107806 -3.269640
v -7.702379 5.107806 -3.222614
v -7.537251 5.107806 -3.286154
v -7.691047 5.107806 -3.209787
v -7.542437 5.107806 -3.302033
v -7.677239 5.107806 -3.199260
v -7.626617 5.022234 -3.348061
v -7.610301 5.022234 -3.346568
v -7.594594 5.022234 -3.342142
v -7.580088 5.022234 -3.334939
v -7.567340 5.022234 -3.325220
v -7.556849 5.022234 -3.313345
v -7.549036 5.022234 -3.299765
v -7.544216 5.022234 -3.285005
v -7.542587 5.022234 -3.269640
v -7.544216 5.022234 -3.254276
v -7.549036 5.022234 -3.239515
v -7.556849 5.022234 -3.225935
v -7.567340 5.022234 -3.214061
v -7.580088 5.022234 -3.204341
v -7.594594 5.022234 -3.197139
v -7.610301 5.022234 -3.192712
v -7.626617 5.022234 -3.191220
v -7.642933 5.022234 -3.192712
v -7.658641 5.022234 -3.197139
v -7.673147 5.022234 -3.204341
v -7.685895 5.022234 -3.214061
v -7.696385 5.022234 -3.225935
v -7.704199 5.022234 -3.239515
v -7.709019 5.022234 -3.254276
v -7.710648 5.022234 -3.269640
v -7.709019 5.022234 -3.285005
v -7.704199 5.022234 -3.299765
v -7.696385 5.022234 -3.313345
v -7.685895 5.022234 -3.325220
v -7.673147 5.022234 -3.334939
v -7.658641 5.022234 -3.342142
v -7.642933 5.022234 -3.346568
v -7.644479 5.041429 -3.353059
v -7.626617 5.041429 -3.354693
v -7.661654 5.041429 -3.348219
v -7.677483 5.041429 -3.340359
v -7.691357 5.041429 -3.329782
v -7.702744 5.041429 -3.316893
v -7.711204 5.041429 -3.302188
v -7.716414 5.041429 -3.286233
v -7.718174 5.041429 -3.269640
v -7.716414 5.041429 -3.253047
v -7.711204 5.041429 -3.237092
v -7.702744 5.041429 -3.222387
v -7.691357 5.041429 -3.209499
v -7.677483 5.041429 -3.198921
v -7.661654 5.041429 -3.191061
v -7.644479 5.041429 -3.186221
v -7.626617 5.041429 -3.184587
v -7.608756 5.041429 -3.186221
v -7.591580 5.041429 -3.191061
v -7.575752 5.041429 -3.198921
v -7.561878 5.041429 -3.209499
v -7.550491 5.041429 -3.222387
v -7.542031 5.041429 -3.237092
v -7.536821 5.041429 -3.253047
v -7.535061 5.041429 -3.269640
v -7.536821 5.041429 -3.286233
v -7.542031 5.041429 -3.302188
v -7.550491 5.041429 -3.316893
v -7.561878 5.041429 -3.329782
v -7.575752 5.041429 -3.340359
v -7.591580 5.041429 -3.348219
v -7.608756 5.041429 -3.353059
v -7.642933 1.405882 -3.346568
v -7.626617 1.405882 -3.348061
v -7.658641 1.405882 -3.342142
v -7.673147 1.405882 -3.334939
v -7.685895 1.405882 -3.325220
v -7.696385 1.405882 -3.313345
v -7.704199 1.405882 -3.299765
v -7.709019 1.405882 -3.285005
v -7.710648 1.405882 -3.269640
v -7.709019 1.405882 -3.254276
v -7.704199 1.405882 -3.239515
v -7.696385 1.405882 -3.225935
v -7.685895 1.405882 -3.214061
v -7.673147 1.405882 -3.204341
v -7.658641 1.405882 -3.197139
v -7.642933 1.405882 -3.192712
v -7.626617 1.405882 -3.191220
v -7.610301 1.405882 -3.192712
v -7.594594 1.405882 -3.197139
v -7.580088 1.405882 -3.204341
v -7.567340 1.405882 -3.214061
v -7.556849 1.405882 -3.225935
v -7.549036 1.405882 -3.239515
v -7.544216 1.405882 -3.254276
v -7.542587 1.405882 -3.269640
v -7.544216 1.405882 -3.285005
v -7.549036 1.405882 -3.299765
v -7.556849 1.405882 -3.313345
v -7.567340 1.405882 -3.325220
v -7.580088 1.405882 -3.334939
v -7.594594 1.405882 -3.342142
v -7.610301 1.405882 -3.346568
v -7.648777 1.307784 -3.374121
v -7.626617 1.307784 -3.376149
v -7.670110 1.307784 -3.368109
v -7.689812 1.307784 -3.358326
v -7.707126 1.307784 -3.345126
v -7.721374 1.307784 -3.328998
v -7.731986 1.307784 -3.310555
v -7.738532 1.307784 -3.290508
v -7.740745 1.307784 -3.269640
v -7.738532 1.307784 -3.248773
v -7.731986 1.307784 -3.228725
v -7.721374 1.307784 -3.210282
v -7.707126 1.307784 -3.194154
v -7.689812 1.307784 -3.180954
v -7.670110 1.307784 -3.171171
v -7.648777 1.307784 -3.165159
v -7.626617 1.307784 -3.163132
v -7.604457 1.307784 -3.165159
v -7.583125 1.307784 -3.171171
v -7.563423 1.307784 -3.180954
v -7.546108 1.307784 -3.194154
v -7.531861 1.307784 -3.210282
v -7.521249 1.307784 -3.228725
v -7.514703 1.307784 -3.248773
v -7.512490 1.307784 -3.269640
v -7.514703 1.307784 -3.290508
v -7.521249 1.307784 -3.310555
v -7.531861 1.307784 -3.328998
v -7.546108 1.307784 -3.345126
v -7.563423 1.307784 -3.358326
v -7.583125 1.307784 -3.368109
v -7.604457 1.307784 -3.374121
v -7.648781 1.343238 -3.374141
v -7.646641 1.375194 -3.364048
v -7.626617 1.375190 -3.365883
v -7.626617 1.343238 -3.376169
v -7.670118 1.343238 -3.368129
v -7.665913 1.375206 -3.358607
v -7.689824 1.343238 -3.358344
v -7.683706 1.375224 -3.349758
v -7.707142 1.343238 -3.345141
v -7.699337 1.375244 -3.337822
v -7.721392 1.343238 -3.329010
v -7.712192 1.375265 -3.323247
v -7.732007 1.343238 -3.310563
v -7.721764 1.375283 -3.306586
v -7.738554 1.343238 -3.290512
v -7.727666 1.375295 -3.288481
v -7.740767 1.343238 -3.269640
v -7.729660 1.375299 -3.269640
v -7.738554 1.343238 -3.248769
v -7.727666 1.375295 -3.250799
v -7.732007 1.343238 -3.228717
v -7.721764 1.375283 -3.232695
v -7.721392 1.343238 -3.210270
v -7.712192 1.375265 -3.216033
v -7.707142 1.343238 -3.194139
v -7.699337 1.375244 -3.201458
v -7.689824 1.343238 -3.180937
v -7.683706 1.375224 -3.189523
v -7.670118 1.343238 -3.171152
v -7.665913 1.375206 -3.180673
v -7.648781 1.343238 -3.165139
v -7.646641 1.375194 -3.175233
v -7.626617 1.343238 -3.163111
v -7.626617 1.375190 -3.173398
v -7.604453 1.343238 -3.165139
v -7.606594 1.375194 -3.175233
v -7.583116 1.343238 -3.171152
v -7.587321 1.375206 -3.180673
v -7.563410 1.343238 -3.180937
v -7.569528 1.375224 -3.189523
v -7.546093 1.343238 -3.194139
v -7.553898 1.375244 -3.201458
v -7.531842 1.343238 -3.210270
v -7.541042 1.375265 -3.216033
v -7.521228 1.343238 -3.228717
v -7.531471 1.375283 -3.232695
v -7.514681 1.343238 -3.248769
v -7.525569 1.375294 -3.250799
v -7.512468 1.343238 -3.269640
v -7.523574 1.375299 -3.269640
v -7.514681 1.343238 -3.290512
v -7.525569 1.375294 -3.288481
v -7.521228 1.343238 -3.310563
v -7.531471 1.375283 -3.306586
v -7.531842 1.343238 -3.329010
v -7.541042 1.375265 -3.323247
v -7.546093 1.343238 -3.345141
v -7.553898 1.375244 -3.337822
v -7.563410 1.343238 -3.358344
v -7.569528 1.375224 -3.349758
v -7.583116 1.343238 -3.368129
v -7.587321 1.375206 -3.358607
v -7.604453 1.343238 -3.374141
v -7.606594 1.375194 -3.364048
v -7.608631 7.247262 -3.353644
v -7.608634 7.270561 -3.353627
v -7.591338 7.247253 -3.348764
v -7.591345 7.270570 -3.348748
v -7.575405 7.247240 -3.340842
v -7.575416 7.270584 -3.340827
v -7.561444 7.247224 -3.330184
v -7.561458 7.270599 -3.330172
v -7.549992 7.247209 -3.317203
v -7.550009 7.270615 -3.317193
v -7.541485 7.247195 -3.302399
v -7.541504 7.270628 -3.302392
v -7.536248 7.247186 -3.286339
v -7.536268 7.270637 -3.286335
v -7.534480 7.247183 -3.269640
v -7.534500 7.270640 -3.269640
v -7.536248 7.247186 -3.252941
v -7.536268 7.270637 -3.252945
v -7.541485 7.247195 -3.236882
v -7.541504 7.270628 -3.236889
v -7.549992 7.247209 -3.222077
v -7.550009 7.270615 -3.222087
v -7.561444 7.247224 -3.209096
v -7.561458 7.270599 -3.209109
v -7.575405 7.247240 -3.198439
v -7.575416 7.270584 -3.198453
v -7.591338 7.247253 -3.190516
v -7.591345 7.270570 -3.190533
v -7.608631 7.247262 -3.185636
v -7.608634 7.270561 -3.185654
v -7.626617 7.247265 -3.183988
v -7.626617 7.270558 -3.184006
v -7.644605 7.247262 -3.185636
v -7.644601 7.270561 -3.185654
v -7.661898 7.247253 -3.190516
v -7.661891 7.270570 -3.190533
v -7.677831 7.247240 -3.198439
v -7.677820 7.270584 -3.198453
v -7.691791 7.247224 -3.209096
v -7.691777 7.270599 -3.209109
v -7.703243 7.247209 -3.222077
v -7.703227 7.270615 -3.222087
v -7.711750 7.247195 -3.236882
v -7.711731 7.270628 -3.236889
v -7.716987 7.247186 -3.252941
v -7.716968 7.270637 -3.252945
v -7.718755 7.247183 -3.269640
v -7.718735 7.270640 -3.269640
v -7.716987 7.247186 -3.286339
v -7.716968 7.270637 -3.286335
v -7.711750 7.247195 -3.302399
v -7.711731 7.270628 -3.302392
v -7.703243 7.247209 -3.317203
v -7.703227 7.270615 -3.317193
v -7.691791 7.247224 -3.330184
v -7.691777 7.270599 -3.330172
v -7.677831 7.247240 -3.340842
v -7.677820 7.270584 -3.340827
v -7.661898 7.247253 -3.348764
v -7.661891 7.270570 -3.348748
v -7.644605 7.247262 -3.353644
v -7.644601 7.270561 -3.353627
v -7.626617 7.270558 -3.355275
v -7.626617 7.247265 -3.355292
v -7.626617 7.490265 -3.348684
v -7.626617 7.475137 -3.348588
v -7.610038 7.475135 -3.347071
v -7.610018 7.490266 -3.347164
v -7.594096 7.475132 -3.342577
v -7.594057 7.490269 -3.342665
v -7.579406 7.475127 -3.335279
v -7.579349 7.490274 -3.335359
v -7.566530 7.475121 -3.325459
v -7.566458 7.490281 -3.325527
v -7.555965 7.475115 -3.313495
v -7.555880 7.490286 -3.313549
v -7.548116 7.475110 -3.299848
v -7.548020 7.490291 -3.299884
v -7.543282 7.475106 -3.285039
v -7.543180 7.490294 -3.285058
v -7.541650 7.475105 -3.269640
v -7.541546 7.490295 -3.269640
v -7.543282 7.475106 -3.254241
v -7.543180 7.490294 -3.254222
v -7.548116 7.475110 -3.239433
v -7.548020 7.490291 -3.239397
v -7.555965 7.475115 -3.225785
v -7.555880 7.490286 -3.225731
v -7.566530 7.475121 -3.213820
v -7.566458 7.490281 -3.213753
v -7.579406 7.475127 -3.204001
v -7.579349 7.490274 -3.203921
v -7.594096 7.475132 -3.196703
v -7.594057 7.490269 -3.196615
v -7.610038 7.475135 -3.192209
v -7.610018 7.490266 -3.192116
v -7.626617 7.475137 -3.190692
v -7.626617 7.490265 -3.190597
v -7.643197 7.475135 -3.192209
v -7.643217 7.490266 -3.192116
v -7.659139 7.475132 -3.196703
v -7.659178 7.490269 -3.196615
v -7.673830 7.475127 -3.204001
v -7.673886 7.490274 -3.203921
v -7.686705 7.475121 -3.213820
v -7.686778 7.490281 -3.213753
v -7.697270 7.475115 -3.225785
v -7.697356 7.490286 -3.225731
v -7.705120 7.475110 -3.239433
v -7.705215 7.490291 -3.239397
v -7.709953 7.475106 -3.254241
v -7.710054 7.490294 -3.254222
v -7.711585 7.475105 -3.269640
v -7.711689 7.490295 -3.269640
v -7.709953 7.475106 -3.285039
v -7.710054 7.490294 -3.285058
v -7.705120 7.475110 -3.299848
v -7.705215 7.490291 -3.299884
v -7.697270 7.475115 -3.313495
v -7.697356 7.490286 -3.313549
v -7.686705 7.475121 -3.325459
v -7.686778 7.490281 -3.325527
v -7.673830 7.475127 -3.335279
v -7.673886 7.490274 -3.335359
v -7.659139 7.475132 -3.342577
v -7.659178 7.490269 -3.342665
v -7.643197 7.475135 -3.347071
v -7.643217 7.490266 -3.347164
v -7.549036 1.858679 -3.299765
v -7.673147 1.858679 -3.204341
v -7.626617 1.858679 -3.348061
v -7.556849 1.858679 -3.313345
v -7.658641 1.858679 -3.197139
v -7.642933 1.858679 -3.346568
v -7.567340 1.858679 -3.325220
v -7.642933 1.858679 -3.192712
v -7.658641 1.858679 -3.342142
v -7.580088 1.858679 -3.334939
v -7.626617 1.858679 -3.191220
v -7.673147 1.858679 -3.334939
v -7.594594 1.858679 -3.342142
v -7.610301 1.858679 -3.192712
v -7.685895 1.858679 -3.325220
v -7.610301 1.858679 -3.346568
v -7.594594 1.858679 -3.197139
v -7.696385 1.858679 -3.313345
v -7.580088 1.858679 -3.204341
v -7.704199 1.858679 -3.299765
v -7.567340 1.858679 -3.214061
v -7.709019 1.858679 -3.285005
v -7.556849 1.858679 -3.225935
v -7.710648 1.858679 -3.269640
v -7.549036 1.858679 -3.239515
v -7.709019 1.858679 -3.254276
v -7.544216 1.858679 -3.254276
v -7.704199 1.858679 -3.239515
v -7.542587 1.858679 -3.269640
v -7.696385 1.858679 -3.225935
v -7.544216 1.858679 -3.285005
v -7.685895 1.858679 -3.214061
v -7.556849 1.927655 -3.313345
v -7.658641 1.927655 -3.197139
v -7.642933 1.927655 -3.346568
v -7.567340 1.927655 -3.325220
v -7.642933 1.927655 -3.192712
v -7.658641 1.927655 -3.342142
v -7.580088 1.927655 -3.334939
v -7.626617 1.927655 -3.191220
v -7.673147 1.927655 -3.334939
v -7.594594 1.927655 -3.342142
v -7.610301 1.927655 -3.192712
v -7.685895 1.927655 -3.325220
v -7.610301 1.927655 -3.346568
v -7.594594 1.927655 -3.197139
v -7.696385 1.927655 -3.313345
v -7.580088 1.927655 -3.204341
v -7.704199 1.927655 -3.299765
v -7.567340 1.927655 -3.214061
v -7.709019 1.927655 -3.285005
v -7.556849 1.927655 -3.225935
v -7.710648 1.927655 -3.269640
v -7.549036 1.927655 -3.239515
v -7.709019 1.927655 -3.254276
v -7.544216 1.927655 -3.254276
v -7.704199 1.927655 -3.239515
v -7.542587 1.927655 -3.269640
v -7.696385 1.927655 -3.225935
v -7.544216 1.927655 -3.285005
v -7.685895 1.927655 -3.214061
v -7.549036 1.927655 -3.299765
v -7.673147 1.927655 -3.204341
v -7.626617 1.927655 -3.348061
v -7.534303 1.881640 -3.305486
v -7.534893 1.907788 -3.305257
v -7.544121 1.907773 -3.321319
v -7.543592 1.881654 -3.321650
v -7.682002 1.881688 -3.191915
v -7.681652 1.907736 -3.192406
v -7.664499 1.907720 -3.183876
v -7.664739 1.881702 -3.183332
v -7.626617 1.881715 -3.363002
v -7.626617 1.907706 -3.362417
v -7.645920 1.907709 -3.360648
v -7.646042 1.881712 -3.361223
v -7.556515 1.907754 -3.335369
v -7.556067 1.881671 -3.335789
v -7.645920 1.907709 -3.178632
v -7.646042 1.881712 -3.178057
v -7.664499 1.907720 -3.355404
v -7.664739 1.881702 -3.355948
v -7.571583 1.907736 -3.346874
v -7.571233 1.881688 -3.347365
v -7.626617 1.907706 -3.176864
v -7.626617 1.881715 -3.176278
v -7.681652 1.907736 -3.346874
v -7.682002 1.881688 -3.347365
v -7.588737 1.907720 -3.355404
v -7.588496 1.881702 -3.355948
v -7.607316 1.907709 -3.178632
v -7.607193 1.881712 -3.178057
v -7.696720 1.907754 -3.335369
v -7.697167 1.881671 -3.335789
v -7.607316 1.907709 -3.360648
v -7.607193 1.881712 -3.361223
v -7.588737 1.907720 -3.183876
v -7.588496 1.881702 -3.183332
v -7.709114 1.907773 -3.321319
v -7.709643 1.881654 -3.321650
v -7.571583 1.907736 -3.192406
v -7.571233 1.881688 -3.191915
v -7.718342 1.907788 -3.305257
v -7.718932 1.881640 -3.305486
v -7.556515 1.907754 -3.203911
v -7.556067 1.881671 -3.203491
v -7.724033 1.907799 -3.287804
v -7.724661 1.881630 -3.287921
v -7.544121 1.907773 -3.217962
v -7.543592 1.881654 -3.217630
v -7.725956 1.907802 -3.269640
v -7.726597 1.881627 -3.269640
v -7.534893 1.907788 -3.234024
v -7.534303 1.881640 -3.233794
v -7.724033 1.907799 -3.251476
v -7.724661 1.881630 -3.251359
v -7.529202 1.907799 -3.251476
v -7.528574 1.881630 -3.251359
v -7.718342 1.907788 -3.234024
v -7.718932 1.881640 -3.233794
v -7.527279 1.907802 -3.269640
v -7.526638 1.881627 -3.269640
v -7.709114 1.907773 -3.217962
v -7.709643 1.881654 -3.217630
v -7.529202 1.907799 -3.287804
v -7.528574 1.881630 -3.287921
v -7.696720 1.907754 -3.203911
v -7.697167 1.881671 -3.203491
v -7.626617 7.905629 -3.342015
v -7.611419 7.905629 -3.340623
v -7.596804 7.905629 -3.336505
v -7.583334 7.905629 -3.329817
v -7.571528 7.905629 -3.320817
v -7.561840 7.905629 -3.309849
v -7.554640 7.905629 -3.297337
v -7.550207 7.905629 -3.283760
v -7.548710 7.905629 -3.269640
v -7.550207 7.905629 -3.255521
v -7.554640 7.905629 -3.241944
v -7.561840 7.905629 -3.229431
v -7.571528 7.905629 -3.218464
v -7.583334 7.905629 -3.209463
v -7.596804 7.905629 -3.202775
v -7.611419 7.905629 -3.198657
v -7.626617 7.905629 -3.197266
v -7.641817 7.905629 -3.198657
v -7.656432 7.905629 -3.202775
v -7.669901 7.905629 -3.209463
v -7.681706 7.905629 -3.218464
v -7.691395 7.905629 -3.229431
v -7.698595 7.905629 -3.241944
v -7.703028 7.905629 -3.255521
v -7.704525 7.905629 -3.269640
v -7.703028 7.905629 -3.283760
v -7.698595 7.905629 -3.297337
v -7.691395 7.905629 -3.309849
v -7.681706 7.905629 -3.320817
v -7.669901 7.905629 -3.329817
v -7.656432 7.905629 -3.336505
v -7.641817 7.905629 -3.340623
v -7.556849 3.474944 -3.313345
v -7.658641 3.474944 -3.197139
v -7.642933 3.474944 -3.346568
v -7.567340 3.474944 -3.325220
v -7.642933 3.474944 -3.192712
v -7.658641 3.474944 -3.342142
v -7.580088 3.474944 -3.334939
v -7.626617 3.474944 -3.191220
v -7.673147 3.474944 -3.334939
v -7.594594 3.474944 -3.342142
v -7.610301 3.474944 -3.192712
v -7.685895 3.474944 -3.325220
v -7.610301 3.474944 -3.346568
v -7.594594 3.474944 -3.197139
v -7.696385 3.474944 -3.313345
v -7.580088 3.474944 -3.204341
v -7.704199 3.474944 -3.299765
v -7.567340 3.474944 -3.214061
v -7.709019 3.474944 -3.285005
v -7.556849 3.474944 -3.225935
v -7.710648 3.474944 -3.269640
v -7.549036 3.474944 -3.239515
v -7.709019 3.474944 -3.254276
v -7.544216 3.474944 -3.254276
v -7.704199 3.474944 -3.239515
v -7.542587 3.474944 -3.269640
v -7.696385 3.474944 -3.225935
v -7.544216 3.474944 -3.285005
v -7.685895 3.474944 -3.214061
v -7.549036 3.474944 -3.299765
v -7.673147 3.474944 -3.204341
v -7.626617 3.474944 -3.348061
v -4.053412 4.637309 -3.464995
v -4.053412 7.432420 -3.464995
v -4.099527 4.637309 -3.464995
v -4.099527 7.432420 -3.464995
v -4.053412 4.637309 -3.503266
v -4.053412 7.432420 -3.503266
v -4.099527 4.637309 -3.503266
v -4.099527 7.432420 -3.503266
v -5.569711 5.920861 -3.466460
v -2.578352 5.920861 -3.466460
v -5.569711 5.966975 -3.466460
v -2.578352 5.966975 -3.466460
v -5.569711 5.920861 -3.504731
v -2.578352 5.920861 -3.504731
v -5.569711 5.966975 -3.504731
v -2.578352 5.966975 -3.504731
v -2.033257 5.920860 -3.466460
v 0.958103 5.920860 -3.466460
v -2.033257 5.966974 -3.466460
v 0.958103 5.966974 -3.466460
v -2.033257 5.920860 -3.504730
v 0.958103 5.920860 -3.504730
v -2.033257 5.966974 -3.504730
v 0.958103 5.966974 -3.504730
v -0.516958 4.637308 -3.464995
v -0.516958 7.432420 -3.464995
v -0.563072 4.637308 -3.464995
v -0.563072 7.432420 -3.464995
v -0.516958 4.637308 -3.503265
v -0.516958 7.432420 -3.503265
v -0.563072 4.637308 -3.503265
v -0.563072 7.432420 -3.503265
v 6.614837 4.637309 -0.563076
v 6.614837 7.432420 -0.563076
v 6.614837 4.637309 -0.609190
v 6.614837 7.432420 -0.609190
v 6.638024 4.637309 -0.563076
v 6.638024 7.432420 -0.563076
v 6.638024 4.637309 -0.609190
v 6.638024 7.432420 -0.609190
v 6.614525 5.920861 -2.189028
v 6.614525 5.920861 1.115422
v 6.614525 5.966975 -2.189028
v 6.614525 5.966975 1.115422
v 6.637712 5.920861 -2.189028
v 6.637712 5.920861 1.115422
v 6.637712 5.966975 -2.189028
v 6.637712 5.966975 1.115422
v -7.682902 4.637309 -0.554557
v -7.682902 7.432420 -0.554557
v -7.682902 4.637309 -0.600671
v -7.682902 7.432420 -0.600671
v -7.659715 4.637309 -0.554557
v -7.659715 7.432420 -0.554557
v -7.659715 4.637309 -0.600671
v -7.659715 7.432420 -0.600671
v -7.682902 5.920861 -2.224790
v -7.682902 5.920861 1.123941
v -7.682902 5.966975 -2.224790
v -7.682902 5.966975 1.123941
v -7.659715 5.920861 -2.224790
v -7.659715 5.920861 1.123941
v -7.659715 5.966975 -2.224790
v -7.659715 5.966975 1.123941
vn -0.0000 -0.0000 -1.0000
vn 0.1948 -0.0000 -0.9808
vn 0.3821 -0.0000 -0.9241
vn 0.5549 -0.0000 -0.8319
vn 0.7065 -0.0000 -0.7077
vn 0.8310 -0.0000 -0.5562
vn 0.9237 -0.0000 -0.3832
vn 0.9807 -0.0000 -0.1954
vn 1.0000 -0.0000 -0.0000
vn 0.9807 -0.0000 0.1954
vn 0.9236 -0.0000 0.3832
vn 0.8310 -0.0000 0.5562
vn 0.7065 -0.0000 0.7077
vn 0.5549 -0.0000 0.8319
vn 0.3821 -0.0000 0.9241
vn 0.1948 -0.0000 0.9808
vn -0.0000 -0.0000 1.0000
vn -0.1948 -0.0000 0.9808
vn -0.3821 -0.0000 0.9241
vn -0.5549 -0.0000 0.8319
vn -0.7065 -0.0000 0.7077
vn -0.8310 -0.0000 0.5562
vn -0.9236 -0.0000 0.3832
vn -0.9807 -0.0000 0.1954
vn -1.0000 -0.0000 -0.0000
vn -0.9807 -0.0000 -0.1954
vn -0.9237 -0.0000 -0.3832
vn -0.8310 -0.0000 -0.5562
vn -0.7065 -0.0000 -0.7077
vn -0.5549 -0.0000 -0.8319
vn -0.3821 -0.0000 -0.9241
vn -0.0000 1.0000 -0.0000
vn -0.1948 -0.0000 -0.9808
vn -0.1896 0.2308 -0.9543
vn -0.1890 0.2410 -0.9520
vn -0.0000 0.2409 -0.9705
vn -0.0000 0.2308 -0.9730
vn -0.3719 0.2309 -0.8991
vn -0.3709 0.2410 -0.8969
vn -0.5400 0.2309 -0.8094
vn -0.5385 0.2411 -0.8074
vn -0.6875 0.2310 -0.6885
vn -0.6856 0.2411 -0.6868
vn -0.8086 0.2310 -0.5411
vn -0.8065 0.2412 -0.5398
vn -0.8987 0.2311 -0.3728
vn -0.8964 0.2413 -0.3719
vn -0.9542 0.2311 -0.1901
vn -0.9517 0.2413 -0.1896
vn -0.9729 0.2311 -0.0000
vn -0.9704 0.2413 -0.0000
vn -0.9542 0.2311 0.1901
vn -0.9517 0.2413 0.1896
vn -0.8987 0.2311 0.3728
vn -0.8964 0.2413 0.3719
vn -0.8086 0.2310 0.5411
vn -0.8065 0.2412 0.5398
vn -0.6875 0.2310 0.6885
vn -0.6856 0.2411 0.6868
vn -0.5400 0.2309 0.8094
vn -0.5385 0.2411 0.8074
vn -0.3719 0.2309 0.8991
vn -0.3709 0.2410 0.8969
vn -0.1896 0.2308 0.9543
vn -0.1890 0.2410 0.9520
vn -0.0000 0.2308 0.9730
vn -0.0000 0.2409 0.9705
vn 0.1896 0.2308 0.9543
vn 0.1890 0.2410 0.9520
vn 0.3719 0.2309 0.8991
vn 0.3709 0.2410 0.8969
vn 0.5400 0.2309 0.8094
vn 0.5385 0.2411 0.8074
vn 0.6875 0.2310 0.6885
vn 0.6856 0.2411 0.6868
vn 0.8086 0.2310 0.5411
vn 0.8065 0.2412 0.5398
vn 0.8987 0.2311 0.3728
vn 0.8964 0.2413 0.3719
vn 0.9542 0.2311 0.1901
vn 0.9517 0.2413 0.1896
vn 0.9729 0.2311 -0.0000
vn 0.9704 0.2413 -0.0000
vn 0.9542 0.2311 -0.1901
vn 0.9517 0.2413 -0.1896
vn 0.8987 0.2311 -0.3728
vn 0.8964 0.2413 -0.3719
vn 0.8086 0.2310 -0.5411
vn 0.8065 0.2412 -0.5398
vn 0.6875 0.2310 -0.6885
vn 0.6856 0.2411 -0.6868
vn 0.5400 0.2309 -0.8094
vn 0.5385 0.2411 -0.8074
vn 0.3719 0.2309 -0.8991
vn 0.3709 0.2410 -0.8969
vn 0.1890 0.2410 -0.9520
vn 0.1896 0.2308 -0.9543
vn -0.3702 -0.2478 -0.8953
vn -0.3707 -0.2439 -0.8962
vn -0.1889 -0.2439 -0.9512
vn -0.1887 -0.2478 -0.9503
vn -0.5376 -0.2479 -0.8059
vn -0.5382 -0.2440 -0.8067
vn -0.6844 -0.2480 -0.6856
vn -0.6852 -0.2440 -0.6862
vn -0.8051 -0.2480 -0.5389
vn -0.8060 -0.2441 -0.5393
vn -0.8948 -0.2481 -0.3713
vn -0.8957 -0.2442 -0.3716
vn -0.9500 -0.2481 -0.1893
vn -0.9510 -0.2442 -0.1894
vn -0.9687 -0.2482 -0.0000
vn -0.9697 -0.2442 -0.0000
vn -0.9500 -0.2481 0.1893
vn -0.9510 -0.2442 0.1894
vn -0.8948 -0.2481 0.3713
vn -0.8957 -0.2442 0.3716
vn -0.8051 -0.2480 0.5389
vn -0.8060 -0.2441 0.5393
vn -0.6844 -0.2480 0.6856
vn -0.6852 -0.2440 0.6862
vn -0.5376 -0.2479 0.8059
vn -0.5382 -0.2440 0.8067
vn -0.3702 -0.2478 0.8953
vn -0.3707 -0.2439 0.8962
vn -0.1887 -0.2478 0.9503
vn -0.1889 -0.2439 0.9512
vn -0.0000 -0.2478 0.9688
vn -0.0000 -0.2438 0.9698
vn 0.1887 -0.2478 0.9503
vn 0.1889 -0.2439 0.9512
vn 0.3702 -0.2478 0.8953
vn 0.3707 -0.2439 0.8962
vn 0.5376 -0.2479 0.8059
vn 0.5382 -0.2440 0.8067
vn 0.6844 -0.2480 0.6856
vn 0.6852 -0.2440 0.6862
vn 0.8051 -0.2480 0.5389
vn 0.8060 -0.2441 0.5393
vn 0.8948 -0.2481 0.3713
vn 0.8957 -0.2442 0.3716
vn 0.9500 -0.2481 0.1893
vn 0.9510 -0.2442 0.1894
vn 0.9687 -0.2482 -0.0000
vn 0.9697 -0.2442 -0.0000
vn 0.9500 -0.2481 -0.1893
vn 0.9510 -0.2442 -0.1894
vn 0.8948 -0.2481 -0.3713
vn 0.8957 -0.2442 -0.3716
vn 0.8051 -0.2480 -0.5389
vn 0.8060 -0.2441 -0.5393
vn 0.6844 -0.2480 -0.6856
vn 0.6852 -0.2440 -0.6862
vn 0.5376 -0.2479 -0.8059
vn 0.5382 -0.2440 -0.8067
vn 0.3702 -0.2478 -0.8953
vn 0.3707 -0.2439 -0.8962
vn 0.1887 -0.2478 -0.9503
vn 0.1889 -0.2439 -0.9512
vn -0.0000 -0.2438 -0.9698
vn -0.0000 -0.2478 -0.9688
vn 0.9236 -0.0000 -0.3832
vn 0.9237 -0.0000 0.3832
vn -0.9237 -0.0000 0.3832
vn -0.9236 -0.0000 -0.3832
vn -0.1538 0.6137 -0.7744
vn -0.0000 0.6137 -0.7895
vn -0.3017 0.6138 -0.7296
vn -0.3016 0.6138 -0.7296
vn -0.4380 0.6139 -0.6567
vn -0.5576 0.6140 -0.5586
vn -0.6558 0.6141 -0.4390
vn -0.7289 0.6143 -0.3024
vn -0.7288 0.6143 -0.3025
vn -0.7738 0.6143 -0.1542
vn -0.7890 0.6143 -0.0000
vn -0.7738 0.6143 0.1542
vn -0.7289 0.6142 0.3024
vn -0.7288 0.6142 0.3025
vn -0.6558 0.6141 0.4390
vn -0.5576 0.6140 0.5586
vn -0.4381 0.6139 0.6567
vn -0.4380 0.6139 0.6567
vn -0.3017 0.6138 0.7296
vn -0.3016 0.6138 0.7296
vn -0.1538 0.6137 0.7744
vn -0.0000 0.6137 0.7895
vn 0.1538 0.6137 0.7744
vn 0.3017 0.6138 0.7296
vn 0.3016 0.6138 0.7296
vn 0.4381 0.6139 0.6567
vn 0.4380 0.6139 0.6567
vn 0.5576 0.6140 0.5586
vn 0.6558 0.6141 0.4390
vn 0.7289 0.6142 0.3024
vn 0.7289 0.6142 0.3025
vn 0.7738 0.6143 0.1542
vn 0.7890 0.6143 -0.0000
vn 0.7739 0.6143 -0.1542
vn 0.7289 0.6142 -0.3024
vn 0.7288 0.6142 -0.3025
vn 0.6558 0.6142 -0.4390
vn 0.5576 0.6140 -0.5586
vn 0.4381 0.6139 -0.6567
vn 0.4380 0.6139 -0.6567
vn 0.3017 0.6138 -0.7296
vn 0.3016 0.6138 -0.7296
vn 0.1538 0.6137 -0.7744
vn -0.1540 -0.6124 -0.7754
vn -0.0000 -0.6123 -0.7906
vn -0.3021 -0.6124 -0.7305
vn -0.4386 -0.6125 -0.6576
vn -0.5583 -0.6127 -0.5594
vn -0.5584 -0.6127 -0.5593
vn -0.6567 -0.6128 -0.4396
vn -0.7298 -0.6129 -0.3029
vn -0.7298 -0.6129 -0.3028
vn -0.7749 -0.6130 -0.1544
vn -0.7901 -0.6130 -0.0000
vn -0.7749 -0.6130 0.1544
vn -0.7298 -0.6129 0.3029
vn -0.7298 -0.6129 0.3028
vn -0.6567 -0.6128 0.4396
vn -0.5583 -0.6127 0.5594
vn -0.5584 -0.6127 0.5593
vn -0.4386 -0.6125 0.6576
vn -0.3020 -0.6124 0.7305
vn -0.3021 -0.6124 0.7305
vn -0.1540 -0.6124 0.7754
vn -0.0000 -0.6123 0.7906
vn 0.1540 -0.6124 0.7754
vn 0.3020 -0.6124 0.7305
vn 0.3021 -0.6124 0.7305
vn 0.4386 -0.6125 0.6576
vn 0.5583 -0.6127 0.5594
vn 0.5584 -0.6127 0.5593
vn 0.6567 -0.6128 0.4396
vn 0.7298 -0.6129 0.3029
vn 0.7298 -0.6129 0.3028
vn 0.7749 -0.6130 0.1544
vn 0.7901 -0.6130 -0.0000
vn 0.7749 -0.6130 -0.1544
vn 0.7298 -0.6129 -0.3029
vn 0.7298 -0.6129 -0.3028
vn 0.6567 -0.6128 -0.4396
vn 0.5584 -0.6127 -0.5594
vn 0.5584 -0.6127 -0.5593
vn 0.4386 -0.6125 -0.6576
vn 0.3021 -0.6124 -0.7305
vn 0.1540 -0.6124 -0.7754
vn -0.1813 0.3654 -0.9130
vn -0.0000 0.3654 -0.9309
vn -0.0000 -0.0015 -1.0000
vn -0.1948 -0.0015 -0.9808
vn 0.6576 0.3656 -0.6587
vn 0.7735 0.3657 -0.5177
vn 0.8310 -0.0015 -0.5562
vn 0.7065 -0.0015 -0.7077
vn -0.1813 0.3654 0.9130
vn -0.3557 0.3654 0.8602
vn -0.3821 -0.0015 0.9241
vn -0.1948 -0.0015 0.9808
vn -0.3557 0.3654 -0.8602
vn -0.3821 -0.0015 -0.9241
vn 0.5165 0.3655 -0.7743
vn 0.5549 -0.0015 -0.8319
vn -0.0000 0.3654 0.9309
vn -0.0000 -0.0015 1.0000
vn -0.5165 0.3655 -0.7743
vn -0.5549 -0.0015 -0.8319
vn 0.3557 0.3654 -0.8602
vn 0.3821 -0.0015 -0.9241
vn 0.1813 0.3654 0.9130
vn 0.1948 -0.0015 0.9808
vn -0.6576 0.3656 -0.6587
vn -0.7065 -0.0015 -0.7077
vn 0.1813 0.3654 -0.9130
vn 0.1948 -0.0015 -0.9808
vn 0.3557 0.3654 0.8602
vn 0.3821 -0.0015 0.9241
vn -0.7735 0.3657 -0.5177
vn -0.8310 -0.0015 -0.5562
vn 0.5165 0.3655 0.7743
vn 0.5549 -0.0015 0.8319
vn -0.8596 0.3658 -0.3567
vn -0.9237 -0.0015 -0.3832
vn 0.6576 0.3656 0.6587
vn 0.7065 -0.0015 0.7077
vn -0.9127 0.3658 -0.1819
vn -0.9807 -0.0015 -0.1954
vn 0.7735 0.3657 0.5177
vn 0.8310 -0.0015 0.5562
vn -0.9307 0.3659 -0.0000
vn -1.0000 -0.0015 -0.0000
vn 0.8596 0.3658 0.3567
vn 0.9237 -0.0015 0.3832
vn -0.9127 0.3658 0.1819
vn -0.9807 -0.0015 0.1954
vn 0.9127 0.3658 0.1819
vn 0.9807 -0.0015 0.1954
vn -0.8596 0.3658 0.3567
vn -0.9237 -0.0015 0.3832
vn 0.9307 0.3659 -0.0000
vn 1.0000 -0.0015 -0.0000
vn -0.7735 0.3657 0.5177
vn -0.8310 -0.0015 0.5562
vn 0.9127 0.3658 -0.1819
vn 0.9807 -0.0015 -0.1954
vn -0.6576 0.3656 0.6587
vn -0.7065 -0.0015 0.7077
vn 0.8596 0.3658 -0.3567
vn 0.9237 -0.0015 -0.3832
vn -0.5165 0.3655 0.7743
vn -0.5549 -0.0015 0.8319
vn -0.3290 0.5084 0.7958
vn -0.4778 0.5085 0.7164
vn 0.7154 0.5087 -0.4789
vn 0.7951 0.5088 -0.3299
vn -0.6083 0.5086 0.6094
vn 0.8442 0.5089 -0.1682
vn -0.7154 0.5087 0.4789
vn 0.8608 0.5089 -0.0000
vn -0.7951 0.5088 0.3299
vn 0.8442 0.5089 0.1682
vn -0.8442 0.5089 0.1682
vn 0.7951 0.5088 0.3299
vn -0.8608 0.5089 -0.0000
vn 0.7154 0.5087 0.4789
vn -0.8442 0.5089 -0.1682
vn 0.6083 0.5086 0.6094
vn -0.7951 0.5088 -0.3299
vn 0.4778 0.5085 0.7164
vn -0.7154 0.5087 -0.4789
vn 0.3290 0.5084 0.7958
vn -0.0000 0.5083 -0.8612
vn 0.1677 0.5083 -0.8447
vn -0.6083 0.5086 -0.6094
vn 0.1677 0.5083 0.8447
vn 0.3290 0.5084 -0.7958
vn -0.4778 0.5085 -0.7164
vn -0.0000 0.5083 0.8612
vn 0.4778 0.5085 -0.7164
vn -0.3290 0.5084 -0.7958
vn -0.1677 0.5083 0.8447
vn 0.6083 0.5086 -0.6094
vn -0.1677 0.5083 -0.8447
vn 0.8834 -0.2925 -0.3661
vn 0.7953 -0.2911 -0.5317
vn -0.5319 -0.2878 0.7964
vn -0.3665 -0.2863 0.8853
vn -0.0000 -0.2850 -0.9585
vn -0.1869 -0.2854 -0.9400
vn 0.6766 -0.2894 -0.6770
vn -0.1869 -0.2854 0.9400
vn -0.3665 -0.2863 -0.8853
vn 0.5319 -0.2878 -0.7964
vn -0.0000 -0.2850 0.9585
vn -0.5319 -0.2878 -0.7964
vn 0.3665 -0.2863 -0.8853
vn 0.1869 -0.2854 0.9400
vn -0.6766 -0.2894 -0.6770
vn 0.1869 -0.2854 -0.9400
vn 0.3665 -0.2863 0.8853
vn -0.7953 -0.2911 -0.5317
vn 0.5319 -0.2878 0.7964
vn -0.8834 -0.2925 -0.3661
vn 0.6766 -0.2894 0.6770
vn -0.9376 -0.2934 -0.1866
vn 0.7953 -0.2911 0.5317
vn -0.9559 -0.2937 -0.0000
vn 0.8834 -0.2925 0.3661
vn -0.9376 -0.2934 0.1866
vn 0.9376 -0.2934 0.1866
vn -0.8834 -0.2925 0.3661
vn 0.9559 -0.2937 -0.0000
vn -0.7953 -0.2911 0.5317
vn 0.9376 -0.2934 -0.1866
vn -0.6766 -0.2894 0.6770
vn -0.0000 -0.1788 -0.9839
vn -0.1914 -0.1791 -0.9650
vn -0.3755 -0.1801 -0.9092
vn -0.5452 -0.1816 -0.8184
vn -0.6941 -0.1834 -0.6961
vn -0.8164 -0.1851 -0.5471
vn -0.9073 -0.1866 -0.3769
vn -0.9633 -0.1875 -0.1922
vn -0.9822 -0.1879 -0.0000
vn -0.9633 -0.1875 0.1922
vn -0.9073 -0.1866 0.3769
vn -0.8164 -0.1851 0.5471
vn -0.6941 -0.1834 0.6961
vn -0.5452 -0.1816 0.8184
vn -0.3755 -0.1801 0.9092
vn -0.1914 -0.1791 0.9650
vn -0.0000 -0.1788 0.9839
vn 0.1914 -0.1791 0.9650
vn 0.3755 -0.1801 0.9092
vn 0.5452 -0.1816 0.8184
vn 0.6941 -0.1834 0.6961
vn 0.8164 -0.1851 0.5471
vn 0.9073 -0.1866 0.3769
vn 0.9633 -0.1875 0.1922
vn 0.9822 -0.1879 -0.0000
vn 0.9633 -0.1875 -0.1922
vn 0.9073 -0.1866 -0.3769
vn 0.8164 -0.1851 -0.5471
vn 0.6941 -0.1834 -0.6961
vn 0.5452 -0.1816 -0.8184
vn 0.3755 -0.1801 -0.9092
vn 0.1914 -0.1791 -0.9650
vn -0.3770 0.1638 0.9116
vn -0.5475 0.1639 0.8206
vn -0.5549 -0.0006 0.8319
vn -0.3821 -0.0006 0.9241
vn -0.3770 0.1638 -0.9116
vn -0.1922 0.1638 -0.9676
vn -0.1948 -0.0006 -0.9808
vn -0.3821 -0.0006 -0.9241
vn -0.0000 0.4282 -0.9037
vn -0.1761 0.4282 -0.8864
vn -0.1653 0.5293 -0.8322
vn -0.0000 0.5294 -0.8484
vn -0.6970 0.1639 -0.6981
vn -0.5475 0.1639 -0.8206
vn -0.5549 -0.0006 -0.8319
vn -0.7065 -0.0006 -0.7077
vn -0.8198 0.1639 -0.5486
vn -0.8310 -0.0006 -0.5562
vn -0.9112 0.1640 -0.3780
vn -0.9236 -0.0006 -0.3832
vn -0.9675 0.1640 -0.1927
vn -0.9807 -0.0006 -0.1954
vn -0.9865 0.1640 -0.0000
vn -1.0000 -0.0006 -0.0000
vn -0.9675 0.1640 0.1927
vn -0.9807 -0.0006 0.1954
vn -0.9112 0.1640 0.3780
vn -0.9236 -0.0006 0.3832
vn -0.8198 0.1639 0.5486
vn -0.8310 -0.0006 0.5562
vn -0.6970 0.1639 0.6981
vn -0.7065 -0.0006 0.7077
vn -0.6387 0.4279 0.6396
vn -0.5016 0.4280 0.7518
vn -0.4711 0.5289 0.7059
vn -0.5998 0.5286 0.6006
vn -0.1922 0.1638 0.9676
vn -0.1948 -0.0006 0.9808
vn -0.0000 0.1638 0.9865
vn -0.0000 -0.0006 1.0000
vn 0.1922 0.1638 0.9676
vn 0.1948 -0.0006 0.9808
vn 0.3770 0.1638 0.9116
vn 0.3821 -0.0006 0.9241
vn 0.5475 0.1639 0.8206
vn 0.5549 -0.0006 0.8319
vn 0.6970 0.1639 0.6981
vn 0.7065 -0.0006 0.7077
vn 0.8198 0.1639 0.5486
vn 0.8310 -0.0006 0.5562
vn 0.9112 0.1640 0.3780
vn 0.9236 -0.0006 0.3832
vn 0.9675 0.1640 0.1927
vn 0.9807 -0.0006 0.1954
vn 0.9865 0.1640 -0.0000
vn 1.0000 -0.0006 -0.0000
vn 0.9675 0.1640 -0.1927
vn 0.9807 -0.0006 -0.1954
vn 0.9112 0.1640 -0.3780
vn 0.9236 -0.0006 -0.3832
vn 0.8198 0.1639 -0.5486
vn 0.8310 -0.0006 -0.5562
vn 0.6970 0.1639 -0.6981
vn 0.7065 -0.0006 -0.7077
vn 0.5475 0.1639 -0.8206
vn 0.5549 -0.0006 -0.8319
vn 0.3770 0.1638 -0.9116
vn 0.3821 -0.0006 -0.9241
vn 0.1922 0.1638 -0.9676
vn 0.1948 -0.0006 -0.9808
vn -0.0000 -1.0000 -0.0000
vn 0.8349 0.4277 -0.3463
vn 0.7512 0.4278 -0.5027
vn 0.7056 0.5284 -0.4721
vn 0.7844 0.5282 -0.3253
vn -0.3454 0.4281 0.8351
vn -0.3244 0.5291 0.7841
vn -0.3454 0.4281 -0.8351
vn -0.3244 0.5291 -0.7841
vn 0.6386 0.4279 -0.6395
vn 0.5998 0.5286 -0.6006
vn -0.1761 0.4282 0.8864
vn -0.1653 0.5293 0.8322
vn -0.0000 0.1638 -0.9865
vn -0.0000 -0.0006 -1.0000
vn 0.5016 0.4280 -0.7518
vn 0.4711 0.5289 -0.7059
vn -0.0000 0.4282 0.9037
vn -0.0000 0.5294 0.8484
vn -0.5016 0.4280 -0.7518
vn -0.4711 0.5289 -0.7059
vn 0.3454 0.4281 -0.8351
vn 0.3244 0.5292 -0.7841
vn 0.1761 0.4282 0.8864
vn 0.1653 0.5293 0.8322
vn -0.6387 0.4279 -0.6396
vn -0.5998 0.5286 -0.6006
vn 0.1761 0.4282 -0.8864
vn 0.1653 0.5293 -0.8322
vn 0.3454 0.4281 0.8351
vn 0.3244 0.5292 0.7841
vn -0.7512 0.4278 -0.5027
vn -0.7056 0.5284 -0.4721
vn 0.5016 0.4280 0.7518
vn 0.4711 0.5289 0.7059
vn -0.8349 0.4277 -0.3463
vn -0.7844 0.5282 -0.3253
vn 0.6387 0.4279 0.6395
vn 0.5998 0.5286 0.6006
vn -0.8865 0.4277 -0.1766
vn -0.8329 0.5280 -0.1659
vn 0.7512 0.4278 0.5027
vn 0.7056 0.5284 0.4721
vn -0.9039 0.4276 -0.0000
vn -0.8493 0.5280 -0.0000
vn 0.8349 0.4277 0.3463
vn 0.7844 0.5282 0.3253
vn -0.8865 0.4277 0.1766
vn -0.8329 0.5280 0.1659
vn 0.8865 0.4277 0.1766
vn 0.8329 0.5280 0.1659
vn -0.8349 0.4277 0.3463
vn -0.7844 0.5282 0.3253
vn 0.9039 0.4276 -0.0000
vn 0.8493 0.5280 -0.0000
vn -0.7512 0.4278 0.5027
vn -0.7056 0.5284 0.4721
vn 0.8865 0.4277 -0.1766
vn 0.8329 0.5280 -0.1659
vn -0.1950 0.0008 -0.9808
vn -0.0000 0.0008 -1.0000
vn -0.3826 0.0008 -0.9239
vn -0.5555 0.0008 -0.8315
vn -0.7070 0.0008 -0.7072
vn -0.8314 0.0008 -0.5557
vn -0.9238 0.0008 -0.3828
vn -0.9808 0.0008 -0.1951
vn -1.0000 0.0008 -0.0000
vn -0.9808 0.0008 0.1951
vn -0.9238 0.0008 0.3828
vn -0.8314 0.0008 0.5557
vn -0.7070 0.0008 0.7072
vn -0.5555 0.0008 0.8315
vn -0.3826 0.0008 0.9239
vn -0.1950 0.0008 0.9808
vn -0.0000 0.0008 1.0000
vn 0.1950 0.0008 0.9808
vn 0.3826 0.0008 0.9239
vn 0.5555 0.0008 0.8315
vn 0.7070 0.0008 0.7072
vn 0.8314 0.0008 0.5557
vn 0.9238 0.0008 0.3828
vn 0.9808 0.0008 0.1951
vn 1.0000 0.0008 -0.0000
vn 0.9808 0.0008 -0.1951
vn 0.9238 0.0008 -0.3828
vn 0.8314 0.0008 -0.5557
vn 0.7070 0.0008 -0.7072
vn 0.5555 0.0008 -0.8315
vn 0.3826 0.0008 -0.9239
vn 0.1950 0.0008 -0.9808
vn -0.4553 -0.5715 0.6828
vn -0.5798 -0.5712 0.5810
vn -0.5799 -0.5712 0.5808
vn -0.4555 -0.5715 0.6826
vn 0.7583 -0.5709 -0.3147
vn 0.8053 -0.5707 -0.1605
vn 0.8053 -0.5707 -0.1604
vn 0.7584 -0.5709 -0.3146
vn -0.6821 -0.5710 0.4567
vn -0.6823 -0.5710 0.4565
vn 0.8212 -0.5707 -0.0000
vn -0.7583 -0.5709 0.3147
vn -0.7584 -0.5709 0.3146
vn 0.8053 -0.5707 0.1605
vn 0.8053 -0.5707 0.1604
vn -0.8053 -0.5707 0.1605
vn -0.8053 -0.5707 0.1604
vn 0.7583 -0.5709 0.3147
vn 0.7584 -0.5709 0.3146
vn -0.8212 -0.5707 -0.0000
vn 0.6821 -0.5710 0.4567
vn 0.6823 -0.5710 0.4565
vn -0.8053 -0.5707 -0.1605
vn -0.8053 -0.5707 -0.1604
vn 0.5798 -0.5712 0.5810
vn 0.5799 -0.5712 0.5808
vn -0.7583 -0.5709 -0.3147
vn -0.7584 -0.5709 -0.3146
vn 0.4553 -0.5715 0.6828
vn 0.4555 -0.5715 0.6826
vn -0.6821 -0.5710 -0.4567
vn -0.6823 -0.5710 -0.4565
vn -0.0000 -0.5718 -0.8204
vn 0.1597 -0.5718 -0.8047
vn 0.1598 -0.5718 -0.8047
vn 0.3134 -0.5716 0.7583
vn 0.3136 -0.5716 0.7582
vn -0.5798 -0.5712 -0.5810
vn -0.5800 -0.5712 -0.5808
vn 0.1597 -0.5718 0.8047
vn 0.1598 -0.5718 0.8047
vn 0.3134 -0.5716 -0.7583
vn 0.3136 -0.5716 -0.7582
vn -0.4553 -0.5715 -0.6828
vn -0.4555 -0.5715 -0.6826
vn -0.0000 -0.5718 0.8204
vn 0.4553 -0.5715 -0.6828
vn 0.4555 -0.5715 -0.6826
vn -0.3134 -0.5716 -0.7583
vn -0.3136 -0.5716 -0.7582
vn -0.1597 -0.5718 0.8047
vn -0.1598 -0.5718 0.8047
vn 0.5798 -0.5712 -0.5810
vn 0.5799 -0.5712 -0.5808
vn -0.1541 0.6117 -0.7759
vn -0.0000 0.6117 -0.7911
vn -0.1540 0.6117 -0.7760
vn -0.3024 0.6116 0.7311
vn -0.4392 0.6114 0.6583
vn -0.4390 0.6114 0.6584
vn -0.3022 0.6116 0.7312
vn -0.1597 -0.5718 -0.8047
vn -0.1598 -0.5718 -0.8047
vn -0.3134 -0.5716 0.7583
vn -0.3136 -0.5716 0.7582
vn 0.6821 -0.5710 -0.4567
vn 0.6823 -0.5710 -0.4565
vn -0.5593 0.6112 0.5601
vn -0.6579 0.6110 0.4403
vn -0.6578 0.6110 0.4404
vn -0.5591 0.6112 0.5603
vn 0.7766 0.6107 -0.1547
vn 0.7919 0.6106 -0.0000
vn 0.7766 0.6107 -0.1548
vn -0.7314 0.6108 0.3034
vn -0.7313 0.6108 0.3035
vn 0.7766 0.6107 0.1547
vn 0.7766 0.6107 0.1548
vn -0.7766 0.6107 0.1547
vn -0.7766 0.6107 0.1548
vn 0.7314 0.6108 0.3034
vn 0.7313 0.6108 0.3035
vn -0.7919 0.6106 -0.0000
vn 0.6579 0.6110 0.4403
vn 0.6578 0.6110 0.4404
vn -0.7766 0.6107 -0.1547
vn -0.7766 0.6107 -0.1548
vn 0.5593 0.6112 0.5601
vn 0.5591 0.6112 0.5603
vn -0.7314 0.6108 -0.3034
vn -0.7313 0.6108 -0.3035
vn 0.4392 0.6114 0.6583
vn 0.4390 0.6114 0.6584
vn -0.6579 0.6110 -0.4403
vn -0.6578 0.6110 -0.4404
vn 0.3024 0.6116 0.7311
vn 0.3022 0.6116 0.7312
vn -0.5593 0.6112 -0.5601
vn -0.5591 0.6112 -0.5603
vn 0.1541 0.6117 0.7759
vn 0.1540 0.6117 0.7760
vn 0.1541 0.6117 -0.7759
vn 0.3024 0.6116 -0.7311
vn 0.3022 0.6116 -0.7312
vn 0.1540 0.6117 -0.7760
vn -0.4392 0.6114 -0.6583
vn -0.4390 0.6114 -0.6584
vn -0.0000 0.6117 0.7911
vn 0.4392 0.6114 -0.6583
vn 0.4390 0.6114 -0.6584
vn -0.3024 0.6116 -0.7311
vn -0.3022 0.6116 -0.7312
vn -0.1541 0.6117 0.7759
vn -0.1540 0.6117 0.7760
vn 0.5593 0.6112 -0.5601
vn 0.5591 0.6112 -0.5603
vn 0.6579 0.6110 -0.4403
vn 0.6578 0.6110 -0.4404
vn 0.7314 0.6108 -0.3034
vn 0.7313 0.6108 -0.3035
vn -0.7068 0.0244 0.7070
vn -0.5553 0.0243 0.8313
vn 0.9805 0.0245 -0.1951
vn 0.9236 0.0244 -0.3827
vn -0.8311 0.0244 0.5555
vn -0.8312 0.0244 0.5555
vn 0.9997 0.0245 -0.0000
vn -0.9236 0.0244 0.3827
vn 0.9805 0.0245 0.1951
vn -0.9805 0.0245 0.1951
vn 0.9236 0.0244 0.3827
vn -0.9997 0.0245 -0.0000
vn 0.8311 0.0244 0.5555
vn 0.8312 0.0244 0.5555
vn -0.9805 0.0245 -0.1951
vn 0.7068 0.0244 0.7070
vn -0.9236 0.0244 -0.3827
vn 0.5553 0.0243 0.8313
vn -0.8311 0.0244 -0.5555
vn -0.8312 0.0244 -0.5555
vn 0.3825 0.0243 0.9236
vn 0.1950 0.0242 -0.9805
vn -0.0000 0.0242 -0.9997
vn -0.7068 0.0244 -0.7070
vn 0.1950 0.0242 0.9805
vn 0.3825 0.0243 -0.9236
vn -0.5553 0.0243 -0.8313
vn -0.0000 0.0242 0.9997
vn 0.5553 0.0243 -0.8313
vn -0.3825 0.0243 -0.9236
vn -0.1950 0.0242 0.9805
vn 0.7068 0.0244 -0.7070
vn -0.1950 0.0242 -0.9805
vn -0.3825 0.0243 0.9236
vn 0.8311 0.0244 -0.5555
vn 0.8312 0.0244 -0.5555
vn 0.9553 -0.0000 -0.2958
vn 0.8568 -0.0000 -0.5157
vn 0.5892 -0.0000 -0.8080
vn 0.3559 -0.0000 -0.9345
vn 0.1600 -0.0000 -0.9871
vn 0.0663 -0.0000 -0.9978
vn -0.0404 -0.0000 -0.9992
vn -0.3559 -0.0000 -0.9345
vn -0.5892 -0.0000 -0.8080
vn -0.8568 -0.0000 -0.5157
vn -0.9553 -0.0000 -0.2958
vn 0.0773 0.0387 -0.9963
vn -0.0161 0.9999 0.0026
vn -0.0143 0.9999 0.0081
vn -0.0139 0.9999 0.0092
vn -0.0162 0.9999 0.0022
vn -0.0119 0.9998 0.0148
vn -0.0109 0.9998 0.0173
vn -0.0093 0.9997 0.0212
vn -0.0078 0.9997 0.0248
vn -0.0061 0.9996 0.0281
vn -0.0035 0.9995 0.0330
vn -0.0022 0.9994 0.0354
vn -0.0002 0.9996 0.0265
vn 0.0024 0.9994 0.0358
vn 0.0062 0.9996 0.0282
vn 0.0037 0.9994 0.0332
vn 0.0005 0.9992 0.0393
vn 0.0093 0.9997 0.0212
vn 0.0078 0.9997 0.0248
vn 0.0119 0.9998 0.0148
vn 0.0109 0.9998 0.0173
vn 0.0143 0.9999 0.0081
vn 0.0139 0.9999 0.0092
vn 0.0161 0.9999 0.0026
vn 0.0162 0.9999 0.0022
vn -0.0000 0.9992 0.0402
vn -0.0169 0.9999 -0.0000
vn -0.1817 -0.8909 0.4163
vn -0.2404 -0.9235 0.2988
vn -0.1775 -0.9483 0.2631
vn -0.1226 -0.9259 0.3573
vn -0.9888 -0.0000 -0.1496
vn 0.9888 -0.0000 -0.1496
vn -0.1671 -0.0000 -0.9859
vn 0.1671 -0.0000 -0.9859
vn 0.0404 -0.0000 -0.9992
vn -0.9944 -0.1059 -0.0000
vn 0.1570 -0.0000 -0.9876
vn 0.0579 -0.9983 -0.0000
vn -0.0579 -0.9983 -0.0000
vn 0.9944 -0.1059 -0.0000
vn -0.0000 0.9996 0.0268
vn 0.9997 -0.0000 0.0264
vn 0.9940 -0.1061 0.0263
vn 0.9941 -0.1057 0.0263
vn -0.0000 -0.9972 0.0747
vn -0.0000 -0.9972 -0.0747
vn 0.0332 -0.0000 -0.9995
vn 0.0389 -0.0281 -0.9988
vn 0.0569 -0.9984 0.0015
vn 0.0589 -0.9983 0.0016
vn 0.0884 0.1964 -0.9765
vn 0.0332 0.0062 -0.9994
vn 0.0771 0.0118 -0.9970
vn -0.9175 -0.3978 -0.0000
vn -0.7169 -0.6971 -0.0000
vn -0.4761 -0.8794 -0.0000
vn -0.2350 -0.9720 -0.0000
vn 0.9175 -0.3978 -0.0000
vn 0.7169 -0.6971 -0.0000
vn 0.4761 -0.8794 -0.0000
vn 0.2350 -0.9720 -0.0000
vn 0.2368 -0.9715 0.0063
vn 0.2330 -0.9725 0.0062
vn 0.4778 -0.8784 0.0126
vn 0.4742 -0.8803 0.0125
vn 0.7181 -0.6957 0.0190
vn 0.7154 -0.6985 0.0189
vn 0.9177 -0.3965 0.0243
vn 0.9167 -0.3989 0.0242
vn -0.0418 -0.0000 -0.9991
vn -0.1727 -0.0000 -0.9850
vn 0.9553 -0.0000 0.2958
vn 0.8568 -0.0000 0.5157
vn 0.5892 -0.0000 0.8080
vn 0.3559 -0.0000 0.9345
vn 0.1600 -0.0000 0.9871
vn 0.0663 -0.0000 0.9978
vn -0.3559 -0.0000 0.9345
vn -0.5892 -0.0000 0.8080
vn -0.8568 -0.0000 0.5157
vn -0.9553 -0.0000 0.2958
vn 0.0773 0.0389 0.9962
vn -0.0161 0.9999 -0.0026
vn -0.0162 0.9999 -0.0022
vn -0.0139 0.9999 -0.0092
vn -0.0143 0.9999 -0.0081
vn -0.0109 0.9998 -0.0173
vn -0.0119 0.9998 -0.0148
vn -0.0078 0.9997 -0.0248
vn -0.0093 0.9997 -0.0212
vn -0.0035 0.9995 -0.0330
vn -0.0061 0.9996 -0.0281
vn -0.0002 0.9996 -0.0265
vn -0.0022 0.9994 -0.0354
vn 0.0024 0.9994 -0.0358
vn 0.0005 0.9992 -0.0393
vn 0.0037 0.9994 -0.0332
vn 0.0062 0.9996 -0.0282
vn 0.0078 0.9997 -0.0248
vn 0.0093 0.9997 -0.0212
vn 0.0109 0.9998 -0.0173
vn 0.0119 0.9998 -0.0148
vn 0.0139 0.9999 -0.0092
vn 0.0143 0.9999 -0.0081
vn 0.0162 0.9999 -0.0022
vn 0.0161 0.9999 -0.0026
vn -0.0000 0.9992 -0.0402
vn -0.9888 -0.0000 0.1496
vn 0.9888 -0.0000 0.1496
vn -0.1671 -0.0000 0.9859
vn -0.0404 -0.0000 0.9992
vn 0.1671 -0.0000 0.9859
vn 0.0404 -0.0000 0.9992
vn 0.1570 -0.0000 0.9876
vn -0.0000 -0.0021 1.0000
vn -0.0000 -0.0041 1.0000
vn -0.0000 0.9996 -0.0268
vn 0.9997 -0.0000 -0.0264
vn 0.9941 -0.1057 -0.0263
vn 0.9940 -0.1061 -0.0263
vn 0.0332 -0.0000 0.9994
vn 0.0569 -0.9984 -0.0015
vn 0.0589 -0.9983 -0.0016
vn 0.0776 0.0121 0.9969
vn 0.0889 0.1975 0.9763
vn 0.1377 0.1266 0.9823
vn 0.2330 -0.9725 -0.0062
vn 0.2368 -0.9715 -0.0063
vn 0.4742 -0.8803 -0.0125
vn 0.4778 -0.8784 -0.0126
vn 0.7154 -0.6985 -0.0189
vn 0.7181 -0.6957 -0.0190
vn 0.9167 -0.3989 -0.0242
vn 0.9177 -0.3965 -0.0243
vn 0.0389 -0.0282 0.9988
vn -0.0000 -0.0824 0.9966
vn -0.0000 -0.0824 -0.9966
vn -0.0000 -0.0003 -1.0000
vn -0.0258 -0.9997 -0.0000
vn -0.0000 0.0021 1.0000
vn -0.0000 0.0025 1.0000
vn -0.0000 -0.3225 -0.9466
vn -0.0000 -0.6060 -0.7955
vn -0.0000 -0.8220 -0.5695
vn -0.0000 -0.9552 -0.2959
vn -0.0000 -0.9552 0.2959
vn -0.0000 -0.8220 0.5695
vn -0.0000 -0.6060 0.7955
vn -0.0000 -0.3225 0.9466
vn -0.0207 -0.9997 0.0119
vn -0.0241 -0.9997 0.0041
vn -0.0245 -0.9997 0.0030
vn -0.0203 -0.9997 0.0126
vn -0.0165 -0.9997 0.0205
vn -0.0152 -0.9996 0.0230
vn -0.0123 -0.9995 0.0281
vn -0.0103 -0.9995 0.0314
vn -0.0075 -0.9993 0.0361
vn -0.0038 -0.9991 0.0424
vn -0.0011 -0.9989 0.0459
vn -0.0010 -0.9989 0.0460
vn 0.0077 -0.9994 0.0351
vn 0.0028 -0.9991 0.0427
vn 0.0007 -0.9990 0.0456
vn 0.0048 -0.9992 0.0397
vn 0.0121 -0.9995 0.0276
vn 0.0101 -0.9995 0.0310
vn 0.0162 -0.9997 0.0200
vn 0.0149 -0.9996 0.0226
vn 0.0202 -0.9997 0.0116
vn 0.0198 -0.9997 0.0124
vn 0.0234 -0.9997 0.0039
vn 0.0238 -0.9997 0.0030
vn -0.0000 -0.9989 0.0467
vn 0.0249 -0.9997 -0.0000
vn 0.0250 -0.9997 -0.0000
vn -0.0241 -0.9997 -0.0041
vn -0.0207 -0.9997 -0.0119
vn -0.0203 -0.9997 -0.0127
vn -0.0245 -0.9997 -0.0030
vn -0.0165 -0.9997 -0.0205
vn -0.0152 -0.9996 -0.0230
vn -0.0123 -0.9995 -0.0281
vn -0.0103 -0.9995 -0.0314
vn -0.0075 -0.9993 -0.0361
vn -0.0037 -0.9991 -0.0425
vn -0.0010 -0.9989 -0.0460
vn 0.0022 -0.9990 -0.0441
vn 0.0076 -0.9993 -0.0354
vn 0.0044 -0.9992 -0.0408
vn 0.0008 -0.9990 -0.0457
vn 0.0121 -0.9995 -0.0276
vn 0.0101 -0.9995 -0.0310
vn 0.0162 -0.9997 -0.0200
vn 0.0149 -0.9996 -0.0226
vn 0.0202 -0.9997 -0.0116
vn 0.0198 -0.9997 -0.0124
vn 0.0234 -0.9997 -0.0039
vn 0.0238 -0.9997 -0.0030
vn -0.0000 -0.9989 -0.0467
vn 0.8635 -0.0000 0.5043
vn 0.9895 -0.0000 0.1449
vn -0.3664 -0.0000 -0.9305
vn 0.6017 -0.0000 0.7987
vn -0.6017 -0.0000 -0.7987
vn -0.0293 -0.0004 0.9996
vn -0.0304 -0.0005 0.9995
vn 0.3664 -0.0000 0.9305
vn -0.8635 -0.0000 -0.5043
vn 0.1486 -0.0000 0.9889
vn -0.9895 -0.0000 -0.1449
vn -0.9895 -0.0000 0.1449
vn 0.0174 -0.0000 0.9998
vn 0.0178 -0.0000 -0.9998
vn -0.1609 -0.0005 0.9870
vn 0.9895 -0.0000 -0.1449
vn -0.3664 -0.0000 0.9305
vn -0.6017 -0.0000 0.7987
vn 0.8635 -0.0000 -0.5043
vn -0.8635 -0.0000 0.5043
vn 0.6017 -0.0000 -0.7987
vn 0.3664 -0.0000 -0.9305
vn 0.1490 -0.0000 -0.9888
vn 0.0169 0.9999 -0.0000
vn -0.6954 0.7116 0.1004
vn -0.6099 0.7059 0.3601
vn -0.4385 0.8563 0.2729
vn -0.5120 0.8564 0.0665
vn 0.2718 0.9617 0.0358
vn -0.0000 0.4188 -0.9081
vn -0.0000 0.5644 -0.8255
vn -0.7044 0.7098 -0.0000
vn -0.5295 0.8483 -0.0000
vn -0.0000 0.4187 0.9081
vn 0.0164 0.4218 0.9065
vn 0.0251 0.5711 0.8205
vn -0.0000 0.5643 0.8255
vn 0.6722 0.7340 -0.0970
vn 0.5921 0.7255 -0.3508
vn 0.2458 0.9569 -0.1545
vn 0.2718 0.9617 -0.0358
vn 0.4375 0.6796 -0.5889
vn 0.3156 0.8231 -0.4721
vn -0.0397 0.4469 -0.8937
vn -0.0164 0.5788 -0.8153
vn 0.2891 0.6090 -0.7386
vn 0.2101 0.7494 -0.6280
vn 0.5921 0.7255 0.3508
vn 0.6722 0.7339 0.0970
vn 0.2458 0.9569 0.1545
vn 0.1306 0.5092 -0.8507
vn 0.0762 0.6181 -0.7824
vn -0.0000 0.5643 0.8256
vn 0.4375 0.6795 0.5889
vn 0.3156 0.8231 0.4722
vn 0.0170 0.4224 -0.9062
vn 0.0246 0.5719 -0.8200
vn -0.0349 0.4376 0.8985
vn -0.0186 0.5778 0.8159
vn 0.2892 0.6089 0.7386
vn 0.2101 0.7493 0.6280
vn -0.1496 0.5166 -0.8431
vn -0.0974 0.6472 -0.7561
vn 0.6796 0.7336 -0.0000
vn 0.5007 0.8656 -0.0000
vn 0.1303 0.5089 0.8509
vn 0.0758 0.6169 0.7834
vn -0.2936 0.5954 -0.7479
vn -0.2157 0.7384 -0.6390
vn -0.4475 0.6628 -0.6004
vn -0.3275 0.8102 -0.4862
vn -0.1429 0.5093 0.8486
vn -0.0930 0.6376 0.7647
vn -0.6099 0.7059 -0.3601
vn -0.4385 0.8563 -0.2729
vn -0.6954 0.7116 -0.1004
vn -0.5120 0.8564 -0.0665
vn -0.2936 0.5953 0.7479
vn -0.2158 0.7383 0.6390
vn -0.4475 0.6627 0.6004
vn -0.3275 0.8102 0.4862
vn -0.0000 0.2615 -0.9652
vn -0.7255 0.5520 0.4110
vn -0.5402 0.4990 0.6776
vn 0.0168 0.2650 -0.9641
vn -0.3542 0.4246 0.8333
vn 0.8250 0.5652 -0.0000
vn -0.7255 0.5520 -0.4110
vn -0.8246 0.5510 -0.1280
vn -0.1783 0.3425 0.9225
vn -0.8443 0.5359 -0.0000
vn -0.5402 0.4991 -0.6776
vn -0.0339 0.2721 0.9617
vn -0.8246 0.5510 0.1280
vn -0.3542 0.4246 -0.8332
vn 0.0163 0.2647 0.9642
vn 0.1710 0.3470 0.9222
vn 0.8059 0.5789 0.1245
vn -0.1845 0.3485 -0.9190
vn 0.3531 0.4398 0.8258
vn 0.8059 0.5789 -0.1245
vn -0.0514 0.2857 -0.9569
vn 0.5343 0.5196 0.6667
vn -0.0000 0.2614 0.9652
vn 0.1712 0.3471 -0.9220
vn 0.7117 0.5768 0.4009
vn 0.3531 0.4398 -0.8257
vn 0.5343 0.5196 -0.6667
vn 0.7117 0.5768 -0.4009
vn 0.3274 -0.9449 -0.0000
vn 0.2484 -0.9687 -0.0001
vn 0.2486 -0.9686 -0.0002
vn 0.2303 -0.9305 -0.2848
vn 0.2788 -0.9473 -0.1578
vn 0.2189 -0.9657 -0.1397
vn 0.1698 -0.9524 -0.2531
vn -0.0000 -0.7411 0.6714
vn -0.0002 -0.8610 0.5087
vn -0.0003 -0.8624 0.5062
vn -0.2945 -0.9408 0.1677
vn -0.2313 -0.9618 0.1465
vn -0.0000 -0.7412 -0.6713
vn 0.0001 -0.8608 -0.5089
vn 0.0012 -0.8610 -0.5085
vn -0.0003 -0.8625 -0.5061
vn -0.0002 -0.8610 -0.5086
vn -0.3333 -0.9412 0.0549
vn -0.2626 -0.9642 0.0373
vn -0.1143 -0.8422 -0.5268
vn -0.0401 -0.7785 -0.6264
vn -0.0123 -0.8675 -0.4973
vn -0.0612 -0.8939 -0.4441
vn 0.0828 -0.9950 -0.0565
vn 0.0606 -0.9935 -0.0959
vn -0.3495 -0.9369 -0.0000
vn -0.2647 -0.9643 0.0001
vn -0.2649 -0.9643 0.0001
vn -0.0000 -0.8605 -0.5094
vn 0.1763 -0.8986 -0.4018
vn 0.1186 -0.9301 -0.3477
vn -0.1143 -0.8422 0.5269
vn -0.0612 -0.8938 0.4442
vn 0.1128 -0.8495 -0.5153
vn 0.0596 -0.8969 -0.4382
vn 0.2788 -0.9473 0.1578
vn 0.2303 -0.9305 0.2848
vn 0.1699 -0.9524 0.2531
vn 0.2189 -0.9657 0.1397
vn 0.3131 -0.9483 0.0510
vn 0.2468 -0.9684 0.0355
vn 0.0405 -0.7823 -0.6216
vn 0.0122 -0.8683 -0.4958
vn 0.0012 -0.8610 0.5086
vn 0.0001 -0.8608 0.5090
vn 0.2483 -0.9687 -0.0000
vn -0.0401 -0.7784 0.6265
vn -0.0123 -0.8675 0.4973
vn 0.2486 -0.9686 0.0002
vn -0.0000 -0.8605 0.5095
vn 0.1763 -0.8986 0.4018
vn 0.1186 -0.9301 0.3477
vn -0.2404 -0.9235 -0.2988
vn -0.1817 -0.8909 -0.4163
vn -0.1226 -0.9259 -0.3572
vn -0.1775 -0.9483 -0.2630
vn 0.1128 -0.8495 0.5154
vn 0.0596 -0.8969 0.4383
vn -0.2945 -0.9408 -0.1677
vn -0.2313 -0.9618 -0.1465
vn 0.0405 -0.7822 0.6217
vn 0.0122 -0.8683 0.4959
vn -0.3333 -0.9412 -0.0549
vn -0.2626 -0.9642 -0.0373
vn 0.2484 -0.9687 0.0001
vn -0.2649 -0.9643 -0.0001
vn -0.2647 -0.9643 -0.0001
vn -0.2646 -0.9643 -0.0000
vn -0.0000 -0.1358 -0.9907
vn -0.0458 -0.1482 -0.9879
vn -0.1761 -0.1808 0.9676
vn -0.0458 -0.1482 0.9879
vn 0.0462 -0.1497 0.9877
vn 0.1768 -0.1854 0.9666
vn -0.0000 -0.1358 0.9907
vn -0.5791 -0.2614 -0.7722
vn 0.3591 -0.2294 0.9047
vn -0.3590 -0.2214 -0.9067
vn 0.5780 -0.2723 0.7692
vn -0.1760 -0.1808 -0.9676
vn 0.1768 -0.1855 -0.9666
vn 0.0462 -0.1497 -0.9877
vn 0.3591 -0.2294 -0.9047
vn 0.5780 -0.2723 -0.7692
vn -0.5791 -0.2614 0.7722
vn -0.3590 -0.2214 0.9067
vn 0.8075 -0.5899 -0.0000
vn -0.0000 -0.2691 -0.9631
vn -0.0269 -0.2827 -0.9588
vn -0.1326 -0.3359 0.9325
vn -0.0269 -0.2826 0.9588
vn -0.8071 -0.5761 -0.1291
vn -0.7080 -0.5743 -0.4110
vn -0.6943 -0.5714 -0.4375
vn -0.8102 -0.5749 -0.1144
vn 0.0260 -0.2834 0.9586
vn 0.1304 -0.3409 0.9310
vn -0.0000 -0.2691 0.9631
vn -0.4858 -0.5007 -0.7165
vn 0.2937 -0.4281 0.8547
vn -0.2976 -0.4165 -0.8591
vn 0.4777 -0.5184 0.7093
vn -0.1326 -0.3359 -0.9325
vn 0.6938 -0.5985 0.4005
vn 0.6787 -0.5947 0.4309
vn 0.7877 -0.6032 0.1253
vn 0.7904 -0.6022 0.1122
vn 0.1304 -0.3410 -0.9310
vn 0.0260 -0.2835 -0.9586
vn -0.8275 -0.5614 -0.0000
vn 0.2937 -0.4281 -0.8546
vn 0.4777 -0.5184 -0.7093
vn 0.6938 -0.5985 -0.4005
vn 0.6787 -0.5947 -0.4309
vn -0.7080 -0.5743 0.4110
vn -0.8071 -0.5761 0.1291
vn -0.8102 -0.5749 0.1144
vn -0.6943 -0.5714 0.4375
vn 0.7877 -0.6032 -0.1253
vn 0.7904 -0.6022 -0.1122
vn -0.4858 -0.5006 0.7165
vn -0.2976 -0.4164 0.8591
vn 0.0899 -0.9959 -0.0139
vn 0.2468 -0.9684 -0.0355
vn 0.0394 -0.9915 -0.1242
vn 0.0176 -0.9887 -0.1489
vn 0.0030 -0.9869 -0.1611
vn -0.0023 -0.9865 -0.1635
vn -0.0185 -0.9883 -0.1516
vn -0.0411 -0.9909 -0.1279
vn -0.0634 -0.9930 -0.0995
vn -0.0872 -0.9944 -0.0589
vn -0.0951 -0.9954 -0.0144
vn 0.0006 -0.9864 -0.1643
vn 0.0844 -0.9964 -0.0002
vn -0.0894 -0.9960 -0.0001
vn -0.0003 -0.9867 -0.1627
vn -0.0002 -0.9863 -0.1648
vn -0.0000 -0.9862 -0.1656
vn 0.0001 -0.9862 -0.1653
vn 0.0828 -0.9950 0.0565
vn 0.0899 -0.9959 0.0139
vn 0.0606 -0.9935 0.0959
vn 0.0394 -0.9915 0.1243
vn 0.0176 -0.9887 0.1489
vn 0.0030 -0.9869 0.1611
vn -0.0185 -0.9883 0.1516
vn -0.0023 -0.9865 0.1635
vn -0.0411 -0.9909 0.1279
vn -0.0634 -0.9930 0.0995
vn -0.0872 -0.9944 0.0589
vn -0.0951 -0.9954 0.0144
vn 0.0006 -0.9864 0.1643
vn 0.0844 -0.9964 0.0002
vn -0.0894 -0.9960 0.0001
vn -0.0003 -0.9867 0.1627
vn -0.0002 -0.9863 0.1648
vn -0.0000 -0.9862 0.1656
vn 0.0001 -0.9862 0.1653
vn 0.0841 -0.9965 -0.0000
vn 0.0842 -0.9964 -0.0001
vn 0.0842 -0.9964 0.0001
vn -0.0892 -0.9960 -0.0000
vn -0.0893 -0.9960 0.0001
vn -0.0893 -0.9960 -0.0001
vn 0.3131 -0.9483 -0.0510
vn -0.0000 0.0015 1.0000
vn -0.0000 -0.0002 -1.0000
vn -0.0000 0.0002 -1.0000
vn -0.0000 -0.0040 1.0000
vn -0.0000 0.0004 -1.0000
vn -0.0000 -0.0009 -1.0000
vn -0.9792 -0.0000 0.2028
vn -0.9995 -0.0000 -0.0322
vn 0.0454 -0.0000 -0.9990
vn -0.5016 -0.0000 -0.8651
vn -0.0100 0.9999 -0.0058
vn 0.0093 -0.9999 0.0061
vn -0.0361 -0.0000 0.9993
vn -0.0721 -0.0000 0.9974
vn -0.2618 -0.0000 0.9651
vn -0.9384 -0.0000 -0.3454
vn -0.4452 -0.0000 0.8954
vn -0.8055 -0.0000 -0.5926
vn -0.7447 -0.0000 0.6674
vn -0.0048 1.0000 0.0027
vn 0.0048 -1.0000 -0.0027
vn -0.9512 -0.0000 0.3086
vn -0.0052 1.0000 0.0033
vn 0.0052 -1.0000 -0.0033
vn -0.0400 -0.0000 -0.9992
vn -0.0799 -0.0000 -0.9968
vn -0.2493 -0.0000 -0.9684
vn -0.9313 -0.0000 0.3644
vn -0.4623 -0.0000 -0.8867
vn -0.9019 -0.0000 0.4319
vn -0.7328 -0.0000 -0.6805
vn -0.5128 -0.0000 0.8585
vn -0.0093 0.9999 -0.0061
vn -0.9478 -0.0000 -0.3189
vn 0.0100 -0.9999 0.0058
vn -0.0019 1.0000 -0.0039
vn -0.0016 1.0000 -0.0033
vn 0.0019 -1.0000 0.0040
vn 0.0015 -1.0000 0.0032
vn 0.0034 -0.9999 0.0094
vn -0.0030 -1.0000 0.0037
vn 0.4166 -0.0000 0.9091
vn 0.0213 -0.0000 0.9998
vn 0.1450 -0.0000 -0.9894
vn 0.2228 -0.0000 -0.9749
vn 0.9409 -0.0000 0.3387
vn 0.4629 -0.0000 -0.8864
vn 0.0030 1.0000 -0.0037
vn 0.8034 -0.0000 0.5954
vn 0.7542 -0.0000 -0.6566
vn -0.0104 -0.9999 0.0089
vn 0.0104 0.9999 -0.0089
vn 0.9542 -0.0000 -0.2993
vn -0.0115 -0.9999 0.0050
vn 0.0115 0.9999 -0.0050
vn 0.1661 -0.0019 0.9861
vn 0.0661 -0.0007 0.9978
vn 0.1631 -0.0018 0.9866
vn 0.2615 -0.0030 0.9652
vn 0.0035 -1.0000 0.0073
vn 0.9505 -0.0000 -0.3108
vn -0.0035 1.0000 -0.0072
vn 0.4618 -0.0000 0.8870
vn -0.0034 0.9999 -0.0094
vn 0.7677 -0.0000 -0.6408
vn 0.7209 -0.0000 0.6931
vn 0.0010 -1.0000 0.0016
vn -0.0010 1.0000 -0.0016
vn 0.4785 -0.0000 -0.8781
vn 0.9628 -0.0000 0.2701
vn 0.3361 0.0881 0.9377
vn 0.0334 0.0062 0.9994
vn 0.3281 0.0864 -0.9407
vn 0.1363 0.1256 -0.9827
vn -1.0000 -0.0061 -0.0000
vn -1.0000 -0.0037 -0.0000
vn 1.0000 -0.0037 -0.0000
vn 1.0000 -0.0061 -0.0000
vn 0.9999 0.0112 -0.0000
vn 0.9996 0.0266 -0.0000
vn -0.9988 0.0493 -0.0000
vn -0.9987 0.0500 -0.0000
vn -1.0000 -0.0010 -0.0000
vn -0.9997 0.0262 -0.0000
vn -0.9999 0.0106 -0.0000
vn -0.0000 -0.6566 0.7542
vn -0.0000 0.6380 -0.7700
vn -0.0000 0.4229 -0.9062
vn -0.0000 0.0023 1.0000
vn -0.0000 0.0045 1.0000
vn -0.0000 -0.0033 -1.0000
vn -0.0000 -0.0065 -1.0000
vn 0.9996 0.0272 -0.0000
vn -0.9941 -0.1088 -0.0000
vn -0.9960 -0.0895 -0.0000
vn -0.9999 0.0112 -0.0000
vn -0.0000 -0.6564 -0.7544
vn -0.0000 0.6386 0.7696
vn -0.0000 0.4232 0.9060
vn -0.0000 0.1868 0.9824
vn -0.0000 -0.0035 1.0000
vn -0.9987 0.0501 -0.0000
vn -0.0000 0.1868 -0.9824
vn -0.0000 -0.0036 -1.0000
vn 0.9941 -0.1088 -0.0000
vn 0.9960 -0.0895 -0.0000
vn -0.0000 -0.3025 0.9532
vn -0.0000 -0.3866 0.9223
vn -0.9962 -0.0869 -0.0000
vn -0.0000 -0.3026 -0.9531
vn -0.0000 -0.3866 -0.9222
vn -0.9996 0.0272 -0.0000
vn 0.9941 -0.1089 -0.0000
vn 0.9962 -0.0869 -0.0000
vn 0.9987 0.0501 -0.0000
vn 0.9988 0.0493 -0.0000
vn 1.0000 -0.0010 -0.0000
vn 1.0000 -0.0005 -0.0000
vn 0.9989 0.0461 -0.0000
vn 0.9987 0.0500 -0.0000
vn -0.9989 0.0461 -0.0000
vn -0.9996 0.0266 -0.0000
vn 0.9997 0.0262 -0.0000
vn 0.9999 0.0106 -0.0000
vn -0.0000 -0.0037 1.0000
vn -0.0000 -0.0057 -1.0000
vn -0.0000 -0.6404 0.7681
vn -0.0000 0.6538 -0.7566
vn 0.0006 -0.1768 0.9842
vn -0.0004 0.0137 0.9999
vn -0.0013 0.2035 0.9791
vn 0.0029 0.2088 -0.9780
vn 0.0009 0.0098 -1.0000
vn -0.0011 -0.1898 -0.9818
vn 0.0009 0.1635 0.9865
vn -0.0000 0.2267 -0.9740
vn 0.0004 0.6543 0.7563
vn -0.0036 -0.6399 -0.7684
vn 0.0007 -0.0102 -0.9999
vn -0.0022 -0.0021 1.0000
vn -0.0063 -0.1649 -0.9863
vn 0.1903 -0.0000 -0.9817
vn 0.3743 -0.0000 -0.9273
vn 0.5456 -0.0000 -0.8381
vn 0.6978 -0.0000 -0.7163
vn 0.8247 -0.0000 -0.5656
vn 0.9203 -0.0000 -0.3913
vn 0.9798 -0.0000 -0.2000
vn 0.9798 -0.0000 0.2000
vn 0.9203 -0.0000 0.3913
vn 0.8247 -0.0000 0.5656
vn 0.6978 -0.0000 0.7163
vn 0.5456 -0.0000 0.8381
vn 0.3743 -0.0000 0.9273
vn 0.1903 -0.0000 0.9817
vn -0.1903 -0.0000 0.9817
vn -0.3743 -0.0000 0.9273
vn -0.3742 -0.0000 0.9273
vn -0.5456 -0.0000 0.8381
vn -0.5456 -0.0000 0.8380
vn -0.6978 -0.0000 0.7163
vn -0.8247 -0.0000 0.5656
vn -0.9203 -0.0000 0.3912
vn -0.9798 -0.0000 0.2000
vn -0.9798 -0.0000 -0.2000
vn -0.9203 -0.0000 -0.3912
vn -0.8247 -0.0000 -0.5656
vn -0.6978 -0.0000 -0.7163
vn -0.5456 -0.0000 -0.8381
vn -0.5456 -0.0000 -0.8380
vn -0.3743 -0.0000 -0.9273
vn -0.3742 -0.0000 -0.9273
vn -0.1903 -0.0000 -0.9817
vn -0.1855 0.2264 -0.9562
vn -0.1847 0.2360 -0.9540
vn -0.0000 0.2358 -0.9718
vn -0.0000 0.2262 -0.9741
vn -0.3648 0.2269 -0.9030
vn -0.3634 0.2366 -0.9011
vn -0.5316 0.2277 -0.8158
vn -0.5297 0.2375 -0.8143
vn -0.6797 0.2286 -0.6970
vn -0.6774 0.2386 -0.6958
vn -0.8029 0.2295 -0.5501
vn -0.8005 0.2396 -0.5493
vn -0.8957 0.2304 -0.3804
vn -0.8932 0.2406 -0.3800
vn -0.9533 0.2309 -0.1945
vn -0.9508 0.2412 -0.1943
vn -0.9704 0.2414 -0.0000
vn -0.9533 0.2309 0.1945
vn -0.9508 0.2412 0.1943
vn -0.8957 0.2303 0.3804
vn -0.8932 0.2406 0.3800
vn -0.8029 0.2295 0.5501
vn -0.8005 0.2396 0.5493
vn -0.6797 0.2286 0.6970
vn -0.6774 0.2386 0.6958
vn -0.5316 0.2277 0.8158
vn -0.5297 0.2375 0.8143
vn -0.3648 0.2269 0.9030
vn -0.3634 0.2366 0.9011
vn -0.1855 0.2264 0.9562
vn -0.1847 0.2360 0.9540
vn -0.0000 0.2262 0.9741
vn -0.0000 0.2358 0.9718
vn 0.1855 0.2264 0.9562
vn 0.1848 0.2360 0.9540
vn 0.3648 0.2269 0.9030
vn 0.3634 0.2366 0.9011
vn 0.5316 0.2277 0.8158
vn 0.5297 0.2375 0.8143
vn 0.6797 0.2286 0.6970
vn 0.6774 0.2386 0.6958
vn 0.8029 0.2296 0.5501
vn 0.8005 0.2396 0.5494
vn 0.8957 0.2303 0.3804
vn 0.8932 0.2406 0.3800
vn 0.9534 0.2309 0.1944
vn 0.9508 0.2412 0.1943
vn 0.9729 0.2310 -0.0000
vn 0.9704 0.2414 -0.0000
vn 0.9534 0.2309 -0.1944
vn 0.9508 0.2412 -0.1943
vn 0.8957 0.2303 -0.3804
vn 0.8932 0.2406 -0.3800
vn 0.8029 0.2296 -0.5501
vn 0.8005 0.2396 -0.5494
vn 0.6797 0.2286 -0.6970
vn 0.6774 0.2386 -0.6958
vn 0.5316 0.2277 -0.8158
vn 0.5297 0.2375 -0.8143
vn 0.3648 0.2269 -0.9030
vn 0.3634 0.2366 -0.9011
vn 0.1848 0.2360 -0.9540
vn 0.1855 0.2264 -0.9562
vn -0.3628 -0.2434 -0.8995
vn -0.3636 -0.2397 -0.9002
vn -0.1849 -0.2392 -0.9532
vn -0.1844 -0.2428 -0.9524
vn -0.5288 -0.2443 -0.8129
vn -0.5299 -0.2406 -0.8132
vn -0.6763 -0.2453 -0.6946
vn -0.6775 -0.2415 -0.6947
vn -0.7991 -0.2464 -0.5484
vn -0.8003 -0.2425 -0.5484
vn -0.8916 -0.2474 -0.3793
vn -0.8927 -0.2434 -0.3792
vn -0.9491 -0.2480 -0.1939
vn -0.9502 -0.2439 -0.1938
vn -0.9687 -0.2483 -0.0000
vn -0.9697 -0.2441 -0.0000
vn -0.9491 -0.2480 0.1939
vn -0.9502 -0.2439 0.1938
vn -0.8916 -0.2474 0.3793
vn -0.8927 -0.2434 0.3792
vn -0.7991 -0.2464 0.5484
vn -0.8003 -0.2425 0.5484
vn -0.6763 -0.2454 0.6946
vn -0.6775 -0.2415 0.6947
vn -0.5288 -0.2443 0.8129
vn -0.5299 -0.2406 0.8132
vn -0.3628 -0.2434 0.8995
vn -0.3636 -0.2397 0.9002
vn -0.1844 -0.2428 0.9524
vn -0.1849 -0.2392 0.9532
vn -0.0000 -0.2426 0.9701
vn -0.0000 -0.2390 0.9710
vn 0.1844 -0.2428 0.9524
vn 0.1849 -0.2392 0.9532
vn 0.3628 -0.2434 0.8995
vn 0.3636 -0.2397 0.9002
vn 0.5288 -0.2443 0.8129
vn 0.5299 -0.2406 0.8132
vn 0.6762 -0.2454 0.6946
vn 0.6775 -0.2415 0.6947
vn 0.7990 -0.2465 0.5484
vn 0.8003 -0.2425 0.5484
vn 0.8916 -0.2474 0.3793
vn 0.8927 -0.2434 0.3792
vn 0.9492 -0.2480 0.1939
vn 0.9502 -0.2439 0.1938
vn 0.9697 -0.2441 -0.0000
vn 0.9492 -0.2480 -0.1939
vn 0.9502 -0.2439 -0.1938
vn 0.8916 -0.2474 -0.3793
vn 0.8927 -0.2434 -0.3792
vn 0.7990 -0.2465 -0.5484
vn 0.8003 -0.2425 -0.5484
vn 0.6762 -0.2454 -0.6946
vn 0.6775 -0.2415 -0.6947
vn 0.5288 -0.2443 -0.8129
vn 0.5299 -0.2406 -0.8132
vn 0.3628 -0.2434 -0.8995
vn 0.3636 -0.2397 -0.9002
vn 0.1844 -0.2428 -0.9524
vn 0.1849 -0.2392 -0.9532
vn -0.0000 -0.2390 -0.9710
vn -0.0000 -0.2426 -0.9701
vn 0.3742 -0.0000 -0.9273
vn 0.5456 -0.0000 -0.8380
vn 0.6978 -0.0000 -0.7162
vn 0.9203 -0.0000 -0.3912
vn 0.9203 -0.0000 0.3912
vn 0.6978 -0.0000 0.7162
vn 0.5456 -0.0000 0.8380
vn 0.3742 -0.0000 0.9273
vn -0.6978 -0.0000 0.7162
vn -0.6978 -0.0000 -0.7162
vn -0.1518 0.6046 -0.7819
vn -0.1512 0.6046 -0.7821
vn -0.0000 0.6042 -0.7968
vn -0.2982 0.6056 -0.7377
vn -0.2973 0.6056 -0.7381
vn -0.4340 0.6073 -0.6655
vn -0.4328 0.6072 -0.6663
vn -0.5539 0.6092 -0.5675
vn -0.5528 0.6092 -0.5686
vn -0.6531 0.6112 -0.4471
vn -0.6523 0.6112 -0.4483
vn -0.7274 0.6129 -0.3087
vn -0.7270 0.6128 -0.3097
vn -0.7734 0.6140 -0.1576
vn -0.7733 0.6140 -0.1582
vn -0.7734 0.6140 0.1576
vn -0.7733 0.6140 0.1582
vn -0.7274 0.6128 0.3087
vn -0.7270 0.6128 0.3097
vn -0.6531 0.6112 0.4471
vn -0.6523 0.6112 0.4483
vn -0.5539 0.6092 0.5675
vn -0.5528 0.6092 0.5686
vn -0.4340 0.6073 0.6655
vn -0.4328 0.6072 0.6663
vn -0.2982 0.6056 0.7377
vn -0.2973 0.6056 0.7381
vn -0.1518 0.6046 0.7819
vn -0.1513 0.6046 0.7821
vn -0.0000 0.6042 0.7968
vn 0.1518 0.6046 0.7820
vn 0.1512 0.6045 0.7821
vn 0.2982 0.6056 0.7377
vn 0.2973 0.6056 0.7381
vn 0.4340 0.6073 0.6655
vn 0.4328 0.6073 0.6662
vn 0.5539 0.6092 0.5675
vn 0.5528 0.6092 0.5686
vn 0.6531 0.6112 0.4471
vn 0.6523 0.6112 0.4483
vn 0.7274 0.6128 0.3087
vn 0.7270 0.6128 0.3097
vn 0.7735 0.6139 0.1576
vn 0.7733 0.6139 0.1582
vn 0.7891 0.6143 -0.0000
vn 0.7735 0.6139 -0.1576
vn 0.7733 0.6139 -0.1582
vn 0.7274 0.6128 -0.3087
vn 0.7270 0.6128 -0.3097
vn 0.6531 0.6112 -0.4471
vn 0.6523 0.6112 -0.4483
vn 0.5539 0.6092 -0.5675
vn 0.5528 0.6092 -0.5686
vn 0.4340 0.6073 -0.6655
vn 0.4328 0.6073 -0.6662
vn 0.2982 0.6056 -0.7377
vn 0.2973 0.6056 -0.7381
vn 0.1518 0.6045 -0.7820
vn 0.1513 0.6045 -0.7821
vn -0.0000 0.2622 -0.9650
vn 0.1834 0.2625 -0.9473
vn 0.3608 0.2631 -0.8948
vn 0.5259 0.2640 -0.8085
vn 0.5259 0.2640 0.8085
vn 0.3608 0.2631 0.8948
vn 0.1834 0.2625 0.9473
vn -0.0000 0.2622 0.9650
vn -0.1834 0.2625 0.9473
vn -0.3608 0.2631 0.8948
vn -0.5259 0.2640 0.8085
vn -0.5259 0.2640 -0.8085
vn -0.3608 0.2631 -0.8948
vn -0.1834 0.2625 -0.9473
vn -0.1515 -0.6032 -0.7831
vn -0.1520 -0.6032 -0.7830
vn -0.0000 -0.6028 -0.7979
vn -0.2977 -0.6043 -0.7391
vn -0.2986 -0.6043 -0.7387
vn -0.4334 -0.6059 -0.6671
vn -0.4346 -0.6059 -0.6663
vn -0.5535 -0.6079 -0.5693
vn -0.5546 -0.6079 -0.5682
vn -0.6532 -0.6098 -0.4489
vn -0.6540 -0.6098 -0.4477
vn -0.7280 -0.6115 -0.3101
vn -0.7284 -0.6115 -0.3091
vn -0.7743 -0.6126 -0.1584
vn -0.7745 -0.6126 -0.1579
vn -0.7743 -0.6126 0.1584
vn -0.7744 -0.6126 0.1579
vn -0.7279 -0.6115 0.3101
vn -0.7284 -0.6115 0.3091
vn -0.6532 -0.6098 0.4489
vn -0.6540 -0.6098 0.4477
vn -0.5535 -0.6079 0.5693
vn -0.5546 -0.6079 0.5682
vn -0.4334 -0.6059 0.6671
vn -0.4346 -0.6059 0.6663
vn -0.2977 -0.6043 0.7391
vn -0.2986 -0.6043 0.7387
vn -0.1515 -0.6032 0.7831
vn -0.1520 -0.6032 0.7830
vn -0.0000 -0.6028 0.7979
vn 0.1515 -0.6032 0.7831
vn 0.1520 -0.6032 0.7830
vn 0.2977 -0.6043 0.7391
vn 0.2986 -0.6043 0.7387
vn 0.4334 -0.6059 0.6671
vn 0.4346 -0.6059 0.6663
vn 0.5535 -0.6078 0.5693
vn 0.5546 -0.6079 0.5682
vn 0.6532 -0.6098 0.4489
vn 0.6540 -0.6098 0.4477
vn 0.7280 -0.6115 0.3101
vn 0.7284 -0.6115 0.3091
vn 0.7744 -0.6126 0.1584
vn 0.7745 -0.6126 0.1578
vn 0.7744 -0.6126 -0.1584
vn 0.7745 -0.6126 -0.1578
vn 0.7280 -0.6115 -0.3101
vn 0.7284 -0.6115 -0.3091
vn 0.6532 -0.6098 -0.4489
vn 0.6540 -0.6098 -0.4477
vn 0.5535 -0.6079 -0.5693
vn 0.5546 -0.6079 -0.5682
vn 0.4334 -0.6059 -0.6671
vn 0.4346 -0.6059 -0.6663
vn 0.2977 -0.6043 -0.7391
vn 0.2986 -0.6043 -0.7387
vn 0.1515 -0.6032 -0.7831
vn 0.1520 -0.6032 -0.7830
vn -0.1777 0.3584 -0.9165
vn -0.0000 0.3581 -0.9337
vn -0.1904 -0.0015 -0.9817
vn 0.6507 0.3619 -0.6676
vn 0.7684 0.3634 -0.5268
vn 0.8249 -0.0015 -0.5653
vn 0.6981 -0.0015 -0.7160
vn -0.1777 0.3584 0.9165
vn -0.3494 0.3592 0.8654
vn -0.3745 -0.0015 0.9272
vn -0.1904 -0.0015 0.9817
vn -0.3494 0.3592 -0.8654
vn -0.3745 -0.0015 -0.9272
vn 0.5090 0.3604 -0.7817
vn 0.5458 -0.0015 -0.8379
vn -0.0000 0.3581 0.9337
vn -0.5090 0.3604 -0.7817
vn -0.5459 -0.0015 -0.8379
vn 0.3494 0.3592 -0.8654
vn 0.3745 -0.0015 -0.9272
vn 0.1777 0.3584 0.9165
vn 0.1904 -0.0015 0.9817
vn -0.6507 0.3619 -0.6676
vn -0.6981 -0.0015 -0.7160
vn 0.1777 0.3584 -0.9165
vn 0.1904 -0.0015 -0.9817
vn 0.3494 0.3592 0.8654
vn 0.3745 -0.0015 0.9272
vn -0.7684 0.3633 -0.5268
vn -0.8249 -0.0015 -0.5653
vn 0.5090 0.3604 0.7817
vn 0.5458 -0.0015 0.8379
vn -0.8570 0.3646 -0.3642
vn -0.9204 -0.0015 -0.3910
vn 0.6507 0.3619 0.6676
vn 0.6981 -0.0015 0.7160
vn -0.9120 0.3655 -0.1861
vn -0.9798 -0.0015 -0.1999
vn 0.7684 0.3634 0.5268
vn 0.8249 -0.0015 0.5653
vn -0.9307 0.3658 -0.0000
vn 0.8570 0.3646 0.3642
vn 0.9204 -0.0015 0.3910
vn -0.9120 0.3655 0.1861
vn -0.9798 -0.0015 0.1999
vn 0.9120 0.3655 0.1861
vn 0.9798 -0.0015 0.1999
vn -0.8570 0.3646 0.3642
vn -0.9204 -0.0015 0.3910
vn 0.9307 0.3658 -0.0000
vn -0.7684 0.3633 0.5268
vn -0.8249 -0.0015 0.5653
vn 0.9120 0.3655 -0.1861
vn 0.9798 -0.0015 -0.1999
vn -0.6507 0.3619 0.6676
vn -0.6981 -0.0015 0.7160
vn 0.8570 0.3646 -0.3642
vn 0.9204 -0.0015 -0.3910
vn -0.5090 0.3604 0.7817
vn -0.5459 -0.0015 0.8379
vn 0.7110 0.5058 -0.4885
vn 0.7928 0.5074 -0.3377
vn -0.6023 0.5039 0.6192
vn 0.8436 0.5085 -0.1725
vn -0.7110 0.5058 0.4885
vn -0.7928 0.5074 0.3376
vn 0.8436 0.5085 0.1725
vn -0.8436 0.5086 0.1725
vn 0.7928 0.5074 0.3377
vn -0.8608 0.5090 -0.0000
vn 0.7110 0.5058 0.4885
vn -0.8436 0.5086 -0.1725
vn 0.6023 0.5039 0.6192
vn -0.7928 0.5074 -0.3376
vn -0.7110 0.5058 -0.4885
vn -0.6023 0.5039 -0.6192
vn 0.6023 0.5039 -0.6192
vn 0.8805 -0.2915 -0.3739
vn 0.7898 -0.2890 -0.5410
vn -0.5237 -0.2833 0.8034
vn -0.3596 -0.2809 0.8898
vn -0.0000 -0.2787 -0.9604
vn -0.1829 -0.2793 -0.9426
vn 0.6691 -0.2862 -0.6859
vn -0.1829 -0.2793 0.9426
vn -0.3596 -0.2809 -0.8898
vn 0.5237 -0.2833 -0.8034
vn -0.0000 -0.2787 0.9604
vn -0.5237 -0.2833 -0.8034
vn 0.3596 -0.2809 -0.8898
vn 0.1829 -0.2793 0.9426
vn -0.6691 -0.2862 -0.6859
vn 0.1829 -0.2793 -0.9426
vn 0.3596 -0.2809 0.8898
vn -0.7898 -0.2890 -0.5410
vn 0.5237 -0.2833 0.8034
vn -0.8805 -0.2915 -0.3739
vn 0.6691 -0.2862 0.6859
vn -0.9368 -0.2931 -0.1910
vn 0.7898 -0.2890 0.5410
vn 0.8805 -0.2915 0.3739
vn -0.9368 -0.2931 0.1910
vn 0.9368 -0.2931 0.1910
vn -0.8805 -0.2915 0.3739
vn -0.7898 -0.2890 0.5410
vn 0.9368 -0.2931 -0.1910
vn -0.6691 -0.2862 0.6859
vn -0.0000 -0.1747 -0.9846
vn -0.1870 -0.1752 -0.9666
vn -0.3678 -0.1766 -0.9130
vn -0.5361 -0.1787 -0.8250
vn -0.6857 -0.1813 -0.7050
vn -0.8102 -0.1838 -0.5566
vn -0.9040 -0.1860 -0.3850
vn -0.9624 -0.1874 -0.1968
vn -0.9624 -0.1874 0.1968
vn -0.9040 -0.1860 0.3850
vn -0.8102 -0.1838 0.5566
vn -0.6857 -0.1813 0.7050
vn -0.5361 -0.1787 0.8250
vn -0.3678 -0.1766 0.9130
vn -0.1870 -0.1752 0.9666
vn -0.0000 -0.1747 0.9846
vn 0.1870 -0.1752 0.9666
vn 0.3678 -0.1766 0.9130
vn 0.5361 -0.1788 0.8250
vn 0.6857 -0.1813 0.7050
vn 0.8102 -0.1838 0.5566
vn 0.9040 -0.1860 0.3850
vn 0.9624 -0.1874 0.1968
vn 0.9624 -0.1874 -0.1968
vn 0.9040 -0.1860 -0.3850
vn 0.8102 -0.1838 -0.5566
vn 0.6857 -0.1813 -0.7050
vn 0.5361 -0.1788 -0.8250
vn 0.3678 -0.1766 -0.9130
vn 0.1870 -0.1752 -0.9666
vn -0.3696 0.1607 0.9152
vn -0.5387 0.1613 0.8269
vn -0.5456 -0.0006 0.8381
vn -0.3743 -0.0006 0.9273
vn -0.3696 0.1607 -0.9152
vn -0.1879 0.1603 -0.9690
vn -0.1903 -0.0006 -0.9817
vn -0.3743 -0.0006 -0.9273
vn -0.0000 0.4199 -0.9076
vn -0.1727 0.4202 -0.8909
vn -0.1623 0.5202 -0.8385
vn -0.0000 0.5199 -0.8542
vn -0.6888 0.1620 -0.7066
vn -0.5387 0.1613 -0.8269
vn -0.5456 -0.0006 -0.8381
vn -0.6978 -0.0006 -0.7163
vn -0.8139 0.1627 -0.5578
vn -0.8247 -0.0006 -0.5656
vn -0.9080 0.1634 -0.3858
vn -0.9203 -0.0006 -0.3912
vn -0.9666 0.1638 -0.1972
vn -0.9798 -0.0006 -0.2001
vn -0.9865 0.1639 -0.0000
vn -0.9666 0.1638 0.1972
vn -0.9798 -0.0006 0.2001
vn -0.9080 0.1634 0.3858
vn -0.9203 -0.0006 0.3912
vn -0.8139 0.1627 0.5578
vn -0.8247 -0.0006 0.5656
vn -0.6888 0.1620 0.7066
vn -0.6978 -0.0006 0.7163
vn -0.6323 0.4237 0.6487
vn -0.4947 0.4222 0.7596
vn -0.4648 0.5223 0.7149
vn -0.5940 0.5238 0.6105
vn -0.1879 0.1603 0.9690
vn -0.1903 -0.0006 0.9817
vn -0.0000 0.1602 0.9871
vn 0.1879 0.1603 0.9690
vn 0.1903 -0.0006 0.9817
vn 0.3696 0.1607 0.9152
vn 0.3742 -0.0006 0.9273
vn 0.5387 0.1613 0.8269
vn 0.5456 -0.0006 0.8381
vn 0.6888 0.1620 0.7066
vn 0.6979 -0.0006 0.7162
vn 0.8139 0.1627 0.5578
vn 0.8247 -0.0006 0.5656
vn 0.9080 0.1634 0.3858
vn 0.9203 -0.0006 0.3912
vn 0.9666 0.1638 0.1972
vn 0.9798 -0.0006 0.2000
vn 0.9865 0.1639 -0.0000
vn 0.9666 0.1638 -0.1972
vn 0.9798 -0.0006 -0.2000
vn 0.9080 0.1634 -0.3858
vn 0.9203 -0.0006 -0.3912
vn 0.8139 0.1627 -0.5578
vn 0.8247 -0.0006 -0.5656
vn 0.6888 0.1620 -0.7066
vn 0.6979 -0.0006 -0.7162
vn 0.5387 0.1613 -0.8269
vn 0.5456 -0.0006 -0.8381
vn 0.3696 0.1607 -0.9152
vn 0.3742 -0.0006 -0.9273
vn 0.1879 0.1603 -0.9690
vn 0.1903 -0.0006 -0.9817
vn 0.8325 0.4264 -0.3538
vn 0.7466 0.4251 -0.5118
vn 0.7014 0.5254 -0.4816
vn 0.7821 0.5267 -0.3329
vn -0.3396 0.4210 0.8411
vn -0.3191 0.5211 0.7916
vn -0.3396 0.4210 -0.8411
vn -0.3191 0.5211 -0.7916
vn 0.6323 0.4237 -0.6486
vn 0.5940 0.5239 -0.6105
vn -0.1727 0.4202 0.8909
vn -0.1623 0.5202 0.8385
vn -0.0000 0.1602 -0.9871
vn 0.4947 0.4222 -0.7596
vn 0.4648 0.5223 -0.7149
vn -0.0000 0.4199 0.9076
vn -0.0000 0.5199 0.8542
vn -0.4947 0.4222 -0.7596
vn -0.4648 0.5223 -0.7149
vn 0.3396 0.4210 -0.8411
vn 0.3191 0.5211 -0.7916
vn 0.1727 0.4202 0.8909
vn 0.1623 0.5202 0.8385
vn -0.6323 0.4237 -0.6487
vn -0.5940 0.5238 -0.6105
vn 0.1727 0.4202 -0.8909
vn 0.1623 0.5202 -0.8385
vn 0.3396 0.4210 0.8411
vn 0.3191 0.5211 0.7916
vn -0.7466 0.4251 -0.5118
vn -0.7014 0.5254 -0.4816
vn 0.4947 0.4222 0.7596
vn 0.4648 0.5223 0.7149
vn -0.8325 0.4264 -0.3538
vn -0.7821 0.5267 -0.3329
vn 0.6323 0.4237 0.6486
vn 0.5940 0.5239 0.6105
vn -0.8859 0.4273 -0.1808
vn -0.8323 0.5276 -0.1701
vn 0.7466 0.4251 0.5118
vn 0.7014 0.5254 0.4816
vn -0.9040 0.4276 -0.0000
vn -0.8493 0.5279 -0.0000
vn 0.8325 0.4264 0.3538
vn 0.7821 0.5267 0.3329
vn -0.8859 0.4273 0.1808
vn -0.8323 0.5276 0.1701
vn 0.8859 0.4273 0.1808
vn 0.8323 0.5276 0.1702
vn -0.8325 0.4264 0.3538
vn -0.7821 0.5267 0.3329
vn 0.9040 0.4276 -0.0000
vn -0.7466 0.4251 0.5118
vn -0.7014 0.5254 0.4816
vn 0.8859 0.4273 -0.1808
vn 0.8323 0.5276 -0.1702
vn -0.1905 0.0008 -0.9817
vn -0.3747 0.0008 -0.9271
vn -0.5461 0.0008 -0.8377
vn -0.6983 0.0009 -0.7158
vn -0.8251 0.0008 -0.5650
vn -0.9205 0.0009 -0.3908
vn -0.9798 0.0009 -0.1998
vn -1.0000 0.0009 -0.0000
vn -0.9798 0.0009 0.1998
vn -0.9205 0.0009 0.3908
vn -0.8251 0.0008 0.5650
vn -0.6983 0.0009 0.7158
vn -0.6984 0.0009 0.7158
vn -0.5461 0.0008 0.8377
vn -0.3747 0.0008 0.9271
vn -0.1905 0.0008 0.9817
vn 0.1905 0.0008 0.9817
vn 0.3747 0.0008 0.9271
vn 0.5462 0.0008 0.8377
vn 0.6984 0.0008 0.7157
vn 0.8251 0.0008 0.5650
vn 0.9205 0.0008 0.3908
vn 0.9798 0.0008 0.1998
vn 1.0000 0.0009 -0.0000
vn 0.9798 0.0008 -0.1998
vn 0.9205 0.0008 -0.3908
vn 0.8251 0.0008 -0.5650
vn 0.6984 0.0008 -0.7157
vn 0.5462 0.0008 -0.8377
vn 0.3747 0.0008 -0.9271
vn 0.1905 0.0008 -0.9817
vn -0.4506 -0.5648 0.6913
vn -0.5755 -0.5664 0.5899
vn -0.5746 -0.5664 0.5907
vn -0.4497 -0.5648 0.6919
vn 0.7567 -0.5694 -0.3213
vn 0.8048 -0.5704 -0.1641
vn 0.8047 -0.5704 -0.1646
vn 0.7563 -0.5694 -0.3221
vn -0.6790 -0.5680 0.4651
vn -0.6784 -0.5680 0.4660
vn -0.7567 -0.5694 0.3213
vn -0.7563 -0.5694 0.3221
vn 0.8048 -0.5704 0.1641
vn 0.8047 -0.5704 0.1646
vn -0.8048 -0.5704 0.1641
vn -0.8047 -0.5704 0.1646
vn 0.7567 -0.5694 0.3213
vn 0.7563 -0.5694 0.3221
vn 0.6790 -0.5680 0.4651
vn 0.6784 -0.5680 0.4660
vn -0.8048 -0.5704 -0.1641
vn -0.8047 -0.5704 -0.1646
vn 0.5755 -0.5664 0.5899
vn 0.5746 -0.5664 0.5907
vn -0.7567 -0.5694 -0.3213
vn -0.7563 -0.5694 -0.3221
vn 0.4507 -0.5648 0.6913
vn 0.4497 -0.5648 0.6919
vn -0.6790 -0.5680 -0.4651
vn -0.6784 -0.5680 -0.4660
vn -0.0000 -0.5623 -0.8270
vn 0.1575 -0.5626 -0.8116
vn 0.1571 -0.5626 -0.8117
vn 0.3095 -0.5635 0.7660
vn 0.3088 -0.5635 0.7663
vn -0.5755 -0.5664 -0.5899
vn -0.5746 -0.5664 -0.5907
vn 0.1575 -0.5626 0.8116
vn 0.1571 -0.5626 0.8117
vn 0.3095 -0.5635 -0.7660
vn 0.3088 -0.5635 -0.7663
vn -0.4506 -0.5648 -0.6913
vn -0.4497 -0.5648 -0.6919
vn -0.0000 -0.5623 0.8270
vn 0.4507 -0.5648 -0.6913
vn 0.4497 -0.5648 -0.6919
vn -0.3095 -0.5635 -0.7659
vn -0.3088 -0.5635 -0.7663
vn -0.1575 -0.5626 0.8116
vn -0.1571 -0.5626 0.8117
vn 0.5755 -0.5664 -0.5899
vn 0.5746 -0.5664 -0.5907
vn -0.1516 0.6025 -0.7836
vn -0.0000 0.6022 -0.7983
vn -0.1521 0.6025 -0.7835
vn -0.2980 0.6034 0.7397
vn -0.4340 0.6047 0.6678
vn -0.4349 0.6048 0.6672
vn -0.2988 0.6034 0.7393
vn -0.1575 -0.5626 -0.8116
vn -0.1571 -0.5626 -0.8117
vn -0.3095 -0.5635 0.7659
vn -0.3088 -0.5635 0.7663
vn 0.6790 -0.5680 -0.4651
vn 0.6784 -0.5680 -0.4660
vn -0.5544 0.6063 0.5700
vn -0.6544 0.6080 0.4496
vn -0.6551 0.6080 0.4486
vn -0.5553 0.6064 0.5692
vn 0.7761 0.6103 -0.1587
vn 0.7919 0.6107 -0.0000
vn 0.7762 0.6103 -0.1583
vn -0.7295 0.6093 0.3107
vn -0.7299 0.6094 0.3098
vn 0.7761 0.6103 0.1587
vn 0.7762 0.6103 0.1583
vn -0.7761 0.6103 0.1587
vn -0.7762 0.6103 0.1582
vn 0.7295 0.6094 0.3107
vn 0.7298 0.6094 0.3099
vn 0.6544 0.6080 0.4496
vn 0.6551 0.6080 0.4486
vn -0.7761 0.6103 -0.1587
vn -0.7762 0.6103 -0.1582
vn 0.5544 0.6064 0.5700
vn 0.5553 0.6064 0.5692
vn -0.7295 0.6093 -0.3107
vn -0.7299 0.6094 -0.3098
vn 0.4340 0.6047 0.6678
vn 0.4349 0.6048 0.6672
vn -0.6544 0.6080 -0.4496
vn -0.6551 0.6080 -0.4486
vn 0.2980 0.6034 0.7397
vn 0.2988 0.6034 0.7393
vn -0.5544 0.6063 -0.5700
vn -0.5553 0.6064 -0.5692
vn 0.1516 0.6025 0.7836
vn 0.1520 0.6025 0.7835
vn 0.1516 0.6025 -0.7836
vn 0.2980 0.6034 -0.7397
vn 0.2988 0.6034 -0.7393
vn 0.1520 0.6025 -0.7835
vn -0.4340 0.6047 -0.6678
vn -0.4349 0.6048 -0.6672
vn -0.0000 0.6022 0.7983
vn 0.4340 0.6047 -0.6678
vn 0.4349 0.6048 -0.6672
vn -0.2980 0.6034 -0.7397
vn -0.2988 0.6034 -0.7393
vn -0.1516 0.6025 0.7836
vn -0.1521 0.6025 0.7835
vn 0.5544 0.6064 -0.5700
vn 0.5553 0.6064 -0.5692
vn 0.6544 0.6080 -0.4496
vn 0.6551 0.6080 -0.4486
vn 0.7295 0.6094 -0.3107
vn 0.7298 0.6094 -0.3099
vn -0.9203 -0.0000 -0.3913
vn -0.9203 -0.0000 0.3913
vn -0.6982 0.0240 0.7155
vn -0.5460 0.0239 0.8374
vn -0.5460 0.0239 0.8375
vn -0.6981 0.0240 0.7156
vn 0.9796 0.0244 -0.1997
vn 0.9202 0.0243 -0.3906
vn 0.9202 0.0243 -0.3907
vn 0.9795 0.0244 -0.1997
vn -0.8248 0.0242 0.5649
vn -0.9202 0.0244 0.3906
vn -0.9202 0.0244 0.3907
vn 0.9796 0.0244 0.1997
vn 0.9795 0.0244 0.1997
vn -0.9796 0.0245 0.1997
vn -0.9795 0.0245 0.1997
vn 0.9202 0.0243 0.3906
vn 0.9202 0.0243 0.3907
vn 0.8248 0.0242 0.5648
vn 0.8248 0.0242 0.5649
vn -0.9796 0.0245 -0.1997
vn -0.9795 0.0245 -0.1997
vn 0.6982 0.0240 0.7155
vn 0.6981 0.0240 0.7156
vn -0.9202 0.0244 -0.3906
vn -0.9202 0.0244 -0.3907
vn 0.5460 0.0239 0.8375
vn 0.5459 0.0239 0.8375
vn -0.8248 0.0242 -0.5649
vn 0.3746 0.0238 0.9269
vn 0.1905 0.0237 -0.9814
vn -0.0000 0.0236 -0.9997
vn -0.6982 0.0240 -0.7155
vn -0.6981 0.0240 -0.7156
vn 0.1905 0.0237 0.9814
vn 0.3746 0.0238 -0.9269
vn -0.5460 0.0239 -0.8374
vn -0.5460 0.0239 -0.8375
vn -0.0000 0.0236 0.9997
vn 0.5460 0.0239 -0.8375
vn 0.5459 0.0239 -0.8375
vn -0.3746 0.0237 -0.9269
vn -0.1905 0.0237 0.9814
vn 0.6982 0.0240 -0.7155
vn 0.6981 0.0240 -0.7156
vn -0.1905 0.0237 -0.9814
vn -0.3746 0.0237 0.9269
vn 0.8248 0.0242 -0.5648
vn 0.8248 0.0242 -0.5649
vn 0.1913 -0.0000 -0.9815
vn 0.3761 -0.0000 -0.9266
vn 0.5477 -0.0000 -0.8367
vn 0.6998 -0.0000 -0.7143
vn 0.8262 -0.0000 -0.5634
vn 0.9211 -0.0000 -0.3894
vn 0.9800 -0.0000 -0.1990
vn 0.9800 -0.0000 0.1990
vn 0.9211 -0.0000 0.3894
vn 0.8262 -0.0000 0.5634
vn 0.6998 -0.0000 0.7143
vn 0.5477 -0.0000 0.8367
vn 0.3761 -0.0000 0.9266
vn 0.1913 -0.0000 0.9815
vn -0.1913 -0.0000 0.9815
vn -0.3761 -0.0000 0.9266
vn -0.5477 -0.0000 0.8367
vn -0.5477 -0.0000 0.8366
vn -0.6998 -0.0000 0.7143
vn -0.8262 -0.0000 0.5634
vn -0.9211 -0.0000 0.3894
vn -0.9800 -0.0000 0.1990
vn -0.9800 -0.0000 -0.1990
vn -0.9211 -0.0000 -0.3894
vn -0.8262 -0.0000 -0.5634
vn -0.6998 -0.0000 -0.7143
vn -0.5477 -0.0000 -0.8367
vn -0.5477 -0.0000 -0.8366
vn -0.3761 -0.0000 -0.9266
vn -0.1913 -0.0000 -0.9815
vn -0.1864 0.2274 -0.9558
vn -0.1857 0.2372 -0.9536
vn -0.0000 0.2370 -0.9715
vn -0.0000 0.2273 -0.9738
vn -0.3664 0.2278 -0.9021
vn -0.3651 0.2376 -0.9001
vn -0.5335 0.2284 -0.8144
vn -0.5317 0.2383 -0.8127
vn -0.6815 0.2292 -0.6950
vn -0.6793 0.2392 -0.6938
vn -0.8042 0.2299 -0.5480
vn -0.8019 0.2400 -0.5471
vn -0.8964 0.2305 -0.3787
vn -0.8939 0.2407 -0.3781
vn -0.9535 0.2310 -0.1935
vn -0.9510 0.2412 -0.1932
vn -0.9535 0.2310 0.1935
vn -0.9510 0.2412 0.1932
vn -0.8964 0.2305 0.3787
vn -0.8939 0.2407 0.3781
vn -0.8042 0.2299 0.5480
vn -0.8019 0.2400 0.5471
vn -0.6815 0.2292 0.6950
vn -0.6793 0.2392 0.6938
vn -0.5335 0.2284 0.8144
vn -0.5317 0.2383 0.8127
vn -0.3664 0.2278 0.9021
vn -0.3651 0.2376 0.9001
vn -0.1864 0.2274 0.9558
vn -0.1857 0.2371 0.9536
vn -0.0000 0.2273 0.9738
vn -0.0000 0.2370 0.9715
vn 0.1864 0.2274 0.9558
vn 0.1857 0.2372 0.9536
vn 0.3664 0.2278 0.9021
vn 0.3651 0.2376 0.9001
vn 0.5335 0.2284 0.8144
vn 0.5317 0.2383 0.8127
vn 0.6815 0.2292 0.6950
vn 0.6793 0.2392 0.6938
vn 0.8042 0.2299 0.5481
vn 0.8019 0.2400 0.5472
vn 0.8964 0.2305 0.3786
vn 0.8939 0.2407 0.3781
vn 0.9536 0.2309 0.1934
vn 0.9511 0.2412 0.1932
vn 0.9536 0.2309 -0.1934
vn 0.9511 0.2412 -0.1932
vn 0.8964 0.2305 -0.3786
vn 0.8939 0.2407 -0.3781
vn 0.8042 0.2299 -0.5481
vn 0.8019 0.2400 -0.5472
vn 0.6815 0.2292 -0.6950
vn 0.6793 0.2392 -0.6938
vn 0.5335 0.2284 -0.8144
vn 0.5317 0.2383 -0.8127
vn 0.3664 0.2278 -0.9021
vn 0.3651 0.2376 -0.9001
vn 0.1857 0.2372 -0.9536
vn 0.1864 0.2274 -0.9558
vn -0.3645 -0.2444 -0.8986
vn -0.3652 -0.2407 -0.8993
vn -0.1858 -0.2403 -0.9528
vn -0.1854 -0.2439 -0.9519
vn -0.5308 -0.2451 -0.8113
vn -0.5318 -0.2414 -0.8117
vn -0.6782 -0.2460 -0.6925
vn -0.6793 -0.2421 -0.6928
vn -0.8005 -0.2468 -0.5462
vn -0.8016 -0.2429 -0.5463
vn -0.8923 -0.2476 -0.3774
vn -0.8934 -0.2436 -0.3774
vn -0.9494 -0.2481 -0.1929
vn -0.9504 -0.2440 -0.1928
vn -0.9494 -0.2481 0.1929
vn -0.9504 -0.2440 0.1928
vn -0.8923 -0.2476 0.3775
vn -0.8934 -0.2436 0.3774
vn -0.8005 -0.2468 0.5462
vn -0.8016 -0.2429 0.5463
vn -0.6781 -0.2460 0.6925
vn -0.6793 -0.2421 0.6928
vn -0.5308 -0.2451 0.8113
vn -0.5318 -0.2413 0.8117
vn -0.3645 -0.2444 0.8986
vn -0.3652 -0.2407 0.8993
vn -0.1854 -0.2439 0.9519
vn -0.1858 -0.2403 0.9528
vn -0.0000 -0.2401 0.9707
vn 0.1854 -0.2439 0.9519
vn 0.1858 -0.2403 0.9528
vn 0.3645 -0.2444 0.8986
vn 0.3652 -0.2407 0.8993
vn 0.5308 -0.2451 0.8113
vn 0.5318 -0.2414 0.8118
vn 0.6781 -0.2460 0.6926
vn 0.6793 -0.2421 0.6928
vn 0.8004 -0.2468 0.5462
vn 0.8016 -0.2429 0.5463
vn 0.8923 -0.2476 0.3775
vn 0.8934 -0.2436 0.3774
vn 0.9494 -0.2480 0.1928
vn 0.9504 -0.2440 0.1928
vn 0.9494 -0.2480 -0.1928
vn 0.9504 -0.2440 -0.1928
vn 0.8923 -0.2476 -0.3775
vn 0.8934 -0.2436 -0.3774
vn 0.8004 -0.2468 -0.5463
vn 0.8016 -0.2429 -0.5463
vn 0.6781 -0.2460 -0.6926
vn 0.6793 -0.2421 -0.6928
vn 0.5308 -0.2451 -0.8113
vn 0.5318 -0.2414 -0.8117
vn 0.3645 -0.2444 -0.8986
vn 0.3652 -0.2407 -0.8993
vn 0.1854 -0.2439 -0.9519
vn 0.1858 -0.2403 -0.9528
vn -0.0000 -0.2401 -0.9707
vn 0.5477 -0.0000 -0.8366
vn 0.8261 -0.0000 -0.5635
vn 0.9800 -0.0000 -0.1989
vn 0.9800 -0.0000 0.1989
vn 0.8261 -0.0000 0.5635
vn 0.5477 -0.0000 0.8366
vn -0.1523 0.6067 -0.7802
vn -0.1518 0.6067 -0.7803
vn -0.0000 0.6064 -0.7952
vn -0.2990 0.6075 -0.7359
vn -0.2983 0.6075 -0.7362
vn -0.4349 0.6088 -0.6635
vn -0.4340 0.6088 -0.6641
vn -0.5548 0.6103 -0.5655
vn -0.5539 0.6103 -0.5663
vn -0.6537 0.6119 -0.4452
vn -0.6531 0.6119 -0.4462
vn -0.7278 0.6132 -0.3072
vn -0.7274 0.6132 -0.3080
vn -0.7735 0.6140 -0.1568
vn -0.7734 0.6140 -0.1573
vn -0.7735 0.6140 0.1568
vn -0.7734 0.6140 0.1573
vn -0.7278 0.6132 0.3072
vn -0.7274 0.6132 0.3080
vn -0.6538 0.6119 0.4452
vn -0.6531 0.6118 0.4462
vn -0.5548 0.6103 0.5655
vn -0.5539 0.6103 0.5663
vn -0.4349 0.6088 0.6635
vn -0.4340 0.6088 0.6641
vn -0.2990 0.6075 0.7359
vn -0.2983 0.6075 0.7362
vn -0.1523 0.6067 0.7802
vn -0.1518 0.6067 0.7803
vn -0.0000 0.6064 0.7952
vn 0.1523 0.6067 0.7802
vn 0.1518 0.6067 0.7803
vn 0.2990 0.6075 0.7359
vn 0.2983 0.6075 0.7362
vn 0.4349 0.6088 0.6634
vn 0.4340 0.6088 0.6640
vn 0.5548 0.6104 0.5654
vn 0.5539 0.6103 0.5663
vn 0.6538 0.6119 0.4452
vn 0.6531 0.6119 0.4462
vn 0.7278 0.6132 0.3072
vn 0.7274 0.6132 0.3080
vn 0.7735 0.6140 0.1568
vn 0.7735 0.6140 0.1573
vn 0.7735 0.6140 -0.1568
vn 0.7735 0.6140 -0.1573
vn 0.7278 0.6132 -0.3072
vn 0.7274 0.6132 -0.3080
vn 0.6537 0.6119 -0.4452
vn 0.6531 0.6119 -0.4462
vn 0.5548 0.6103 -0.5654
vn 0.5539 0.6103 -0.5663
vn 0.4350 0.6088 -0.6634
vn 0.4340 0.6088 -0.6640
vn 0.2990 0.6075 -0.7359
vn 0.2983 0.6075 -0.7362
vn 0.1523 0.6067 -0.7802
vn 0.1518 0.6067 -0.7803
vn -0.0000 0.2635 -0.9647
vn 0.1844 0.2637 -0.9468
vn 0.3625 0.2642 -0.8938
vn 0.3625 0.2642 0.8938
vn 0.1844 0.2637 0.9468
vn -0.0000 0.2635 0.9647
vn -0.1844 0.2637 0.9468
vn -0.3625 0.2642 0.8938
vn -0.9800 -0.0000 0.1989
vn -0.9800 -0.0000 -0.1989
vn -0.3625 0.2642 -0.8938
vn -0.1844 0.2637 -0.9468
vn -0.1520 -0.6053 -0.7813
vn -0.1525 -0.6053 -0.7812
vn -0.0000 -0.6050 -0.7962
vn -0.2987 -0.6062 -0.7371
vn -0.2994 -0.6062 -0.7368
vn -0.4346 -0.6075 -0.6649
vn -0.4355 -0.6075 -0.6643
vn -0.5546 -0.6090 -0.5670
vn -0.5555 -0.6090 -0.5662
vn -0.6540 -0.6105 -0.4467
vn -0.6546 -0.6105 -0.4458
vn -0.7284 -0.6118 -0.3084
vn -0.7287 -0.6118 -0.3076
vn -0.7744 -0.6127 -0.1575
vn -0.7745 -0.6127 -0.1571
vn -0.7745 -0.6127 0.1575
vn -0.7745 -0.6127 0.1571
vn -0.7284 -0.6118 0.3084
vn -0.7287 -0.6118 0.3076
vn -0.6540 -0.6105 0.4467
vn -0.6546 -0.6105 0.4458
vn -0.5547 -0.6090 0.5670
vn -0.5555 -0.6090 0.5662
vn -0.4346 -0.6074 0.6649
vn -0.4355 -0.6075 0.6643
vn -0.2987 -0.6062 0.7371
vn -0.2994 -0.6062 0.7368
vn -0.1520 -0.6053 0.7813
vn -0.1525 -0.6053 0.7812
vn -0.0000 -0.6050 0.7962
vn 0.1520 -0.6053 0.7813
vn 0.1525 -0.6053 0.7813
vn 0.2987 -0.6062 0.7371
vn 0.2994 -0.6062 0.7368
vn 0.4346 -0.6074 0.6649
vn 0.4355 -0.6074 0.6643
vn 0.5547 -0.6090 0.5670
vn 0.5555 -0.6090 0.5662
vn 0.6540 -0.6105 0.4468
vn 0.6546 -0.6105 0.4458
vn 0.7284 -0.6118 0.3084
vn 0.7287 -0.6118 0.3076
vn 0.7745 -0.6127 0.1574
vn 0.7746 -0.6127 0.1570
vn 0.7745 -0.6127 -0.1574
vn 0.7746 -0.6127 -0.1570
vn 0.7284 -0.6118 -0.3084
vn 0.7287 -0.6118 -0.3076
vn 0.6540 -0.6105 -0.4468
vn 0.6546 -0.6105 -0.4458
vn 0.5547 -0.6090 -0.5670
vn 0.5555 -0.6090 -0.5662
vn 0.4346 -0.6074 -0.6649
vn 0.4355 -0.6075 -0.6643
vn 0.2987 -0.6062 -0.7371
vn 0.2994 -0.6062 -0.7368
vn 0.1520 -0.6053 -0.7813
vn 0.1525 -0.6053 -0.7812
vn -0.1785 0.3600 -0.9157
vn -0.0000 0.3597 -0.9331
vn -0.1914 -0.0015 -0.9815
vn 0.6523 0.3627 -0.6655
vn 0.7696 0.3639 -0.5247
vn 0.8263 -0.0015 -0.5632
vn 0.7000 -0.0015 -0.7141
vn -0.1785 0.3600 0.9157
vn -0.3508 0.3606 0.8642
vn -0.3762 -0.0015 0.9265
vn -0.1914 -0.0015 0.9815
vn -0.3508 0.3606 -0.8642
vn -0.3762 -0.0015 -0.9265
vn 0.5107 0.3616 -0.7800
vn 0.5479 -0.0015 -0.8365
vn -0.0000 0.3597 0.9331
vn -0.5108 0.3616 -0.7800
vn -0.5479 -0.0015 -0.8365
vn 0.3508 0.3606 -0.8642
vn 0.3762 -0.0015 -0.9265
vn 0.1785 0.3600 0.9157
vn 0.1914 -0.0015 0.9815
vn -0.6523 0.3627 -0.6655
vn -0.7000 -0.0015 -0.7141
vn 0.1785 0.3600 -0.9157
vn 0.1914 -0.0015 -0.9815
vn 0.3508 0.3606 0.8642
vn 0.3762 -0.0015 0.9265
vn -0.7696 0.3639 -0.5247
vn -0.8263 -0.0015 -0.5632
vn 0.5108 0.3616 0.7800
vn 0.5479 -0.0015 0.8365
vn -0.8576 0.3649 -0.3625
vn -0.9212 -0.0015 -0.3892
vn 0.6523 0.3627 0.6655
vn 0.7000 -0.0015 0.7141
vn -0.9122 0.3656 -0.1851
vn -0.9800 -0.0015 -0.1989
vn 0.7696 0.3639 0.5247
vn 0.8263 -0.0015 0.5632
vn 0.8576 0.3649 0.3625
vn 0.9212 -0.0015 0.3892
vn -0.9122 0.3656 0.1851
vn -0.9800 -0.0015 0.1989
vn 0.9122 0.3656 0.1851
vn 0.9800 -0.0015 0.1988
vn -0.8576 0.3649 0.3625
vn -0.9212 -0.0015 0.3892
vn -0.7696 0.3639 0.5247
vn -0.8263 -0.0015 0.5632
vn 0.9122 0.3656 -0.1851
vn 0.9800 -0.0015 -0.1988
vn -0.6523 0.3627 0.6656
vn -0.7000 -0.0015 0.7141
vn 0.8576 0.3649 -0.3625
vn 0.9212 -0.0015 -0.3892
vn -0.5108 0.3616 0.7800
vn -0.5480 -0.0015 0.8365
vn -0.4728 0.5035 0.7232
vn 0.7121 0.5065 -0.4863
vn 0.7933 0.5078 -0.3359
vn -0.6036 0.5050 0.6169
vn 0.8437 0.5086 -0.1715
vn -0.7121 0.5065 0.4863
vn -0.7933 0.5078 0.3358
vn 0.8437 0.5086 0.1715
vn -0.8437 0.5087 0.1715
vn 0.7933 0.5077 0.3359
vn 0.7121 0.5065 0.4863
vn -0.8437 0.5087 -0.1715
vn 0.6036 0.5050 0.6169
vn -0.7933 0.5078 -0.3358
vn 0.4728 0.5035 0.7232
vn -0.7121 0.5065 -0.4863
vn -0.6037 0.5050 -0.6169
vn -0.4728 0.5035 -0.7232
vn 0.4728 0.5035 -0.7232
vn 0.6037 0.5050 -0.6169
vn 0.8812 -0.2917 -0.3721
vn 0.7911 -0.2895 -0.5388
vn -0.5256 -0.2844 0.8018
vn -0.3612 -0.2822 0.8888
vn -0.0000 -0.2801 -0.9600
vn -0.1838 -0.2807 -0.9420
vn 0.6708 -0.2869 -0.6838
vn -0.1838 -0.2807 0.9420
vn -0.3612 -0.2821 -0.8888
vn 0.5256 -0.2844 -0.8018
vn -0.0000 -0.2802 0.9600
vn -0.5256 -0.2843 -0.8018
vn 0.3611 -0.2821 -0.8888
vn 0.1838 -0.2807 0.9420
vn -0.6708 -0.2869 -0.6839
vn 0.1838 -0.2807 -0.9420
vn 0.3611 -0.2822 0.8888
vn -0.7911 -0.2895 -0.5388
vn 0.5256 -0.2844 0.8018
vn -0.8812 -0.2917 -0.3721
vn 0.6708 -0.2869 0.6838
vn -0.9370 -0.2932 -0.1900
vn 0.7911 -0.2895 0.5389
vn 0.8812 -0.2917 0.3721
vn -0.9370 -0.2932 0.1900
vn 0.9370 -0.2932 0.1900
vn -0.8812 -0.2917 0.3721
vn -0.7911 -0.2895 0.5389
vn 0.9370 -0.2932 -0.1900
vn -0.6708 -0.2869 0.6839
vn -0.0000 -0.1756 -0.9845
vn -0.1880 -0.1761 -0.9663
vn -0.3695 -0.1774 -0.9121
vn -0.5382 -0.1794 -0.8235
vn -0.6876 -0.1818 -0.7030
vn -0.8116 -0.1841 -0.5544
vn -0.9048 -0.1861 -0.3831
vn -0.9626 -0.1875 -0.1957
vn -0.9626 -0.1875 0.1957
vn -0.9048 -0.1861 0.3831
vn -0.8116 -0.1841 0.5544
vn -0.6876 -0.1818 0.7030
vn -0.5382 -0.1794 0.8235
vn -0.3695 -0.1774 0.9121
vn -0.1880 -0.1761 0.9663
vn -0.0000 -0.1756 0.9845
vn 0.1880 -0.1761 0.9663
vn 0.3695 -0.1774 0.9121
vn 0.5382 -0.1794 0.8235
vn 0.6876 -0.1818 0.7030
vn 0.8116 -0.1841 0.5544
vn 0.9047 -0.1861 0.3831
vn 0.9626 -0.1875 0.1957
vn 0.9626 -0.1875 -0.1957
vn 0.9047 -0.1861 -0.3831
vn 0.8116 -0.1841 -0.5544
vn 0.6876 -0.1818 -0.7030
vn 0.5382 -0.1794 -0.8235
vn 0.3695 -0.1774 -0.9121
vn 0.1880 -0.1761 -0.9663
vn -0.3713 0.1614 0.9144
vn -0.5407 0.1619 0.8255
vn -0.5477 -0.0006 0.8367
vn -0.3761 -0.0006 0.9266
vn -0.3760 -0.0000 0.9266
vn -0.3760 -0.0000 -0.9266
vn -0.3713 0.1614 -0.9144
vn -0.1889 0.1611 -0.9687
vn -0.1913 -0.0006 -0.9815
vn -0.3761 -0.0006 -0.9266
vn -0.0000 0.4218 -0.9067
vn -0.1735 0.4220 -0.8898
vn -0.1630 0.5223 -0.8370
vn -0.0000 0.5221 -0.8529
vn -0.6907 0.1625 -0.7046
vn -0.5407 0.1619 -0.8255
vn -0.5477 -0.0006 -0.8367
vn -0.6998 -0.0006 -0.7143
vn -0.8153 0.1630 -0.5557
vn -0.8262 -0.0006 -0.5634
vn -0.9087 0.1635 -0.3840
vn -0.9211 -0.0006 -0.3894
vn -0.9668 0.1638 -0.1962
vn -0.9800 -0.0006 -0.1990
vn -0.9668 0.1638 0.1962
vn -0.9800 -0.0006 0.1990
vn -0.9087 0.1635 0.3840
vn -0.9211 -0.0006 0.3894
vn -0.8153 0.1630 0.5557
vn -0.8262 -0.0006 0.5634
vn -0.6907 0.1625 0.7046
vn -0.6998 -0.0006 0.7143
vn -0.6337 0.4246 0.6466
vn -0.4963 0.4235 0.7578
vn -0.4663 0.5239 0.7129
vn -0.5954 0.5250 0.6082
vn -0.1889 0.1611 0.9687
vn -0.1913 -0.0006 0.9815
vn -0.0000 0.1610 0.9870
vn 0.1889 0.1611 0.9687
vn 0.1913 -0.0006 0.9815
vn 0.3713 0.1614 0.9144
vn 0.3760 -0.0006 0.9266
vn 0.5407 0.1619 0.8255
vn 0.5477 -0.0006 0.8367
vn 0.6907 0.1625 0.7046
vn 0.6999 -0.0006 0.7143
vn 0.8152 0.1630 0.5557
vn 0.8262 -0.0006 0.5634
vn 0.9087 0.1635 0.3840
vn 0.9211 -0.0006 0.3894
vn 0.9668 0.1638 0.1961
vn 0.9800 -0.0006 0.1989
vn 0.9668 0.1638 -0.1961
vn 0.9800 -0.0006 -0.1989
vn 0.9087 0.1635 -0.3840
vn 0.9211 -0.0006 -0.3894
vn 0.8152 0.1630 -0.5557
vn 0.8262 -0.0006 -0.5634
vn 0.6907 0.1625 -0.7046
vn 0.6999 -0.0006 -0.7143
vn 0.5407 0.1619 -0.8255
vn 0.5477 -0.0006 -0.8367
vn 0.3713 0.1614 -0.9144
vn 0.3760 -0.0006 -0.9266
vn 0.1889 0.1611 -0.9687
vn 0.1913 -0.0006 -0.9815
vn 0.8331 0.4267 -0.3520
vn 0.7477 0.4258 -0.5097
vn 0.7024 0.5261 -0.4794
vn 0.7826 0.5271 -0.3312
vn -0.3409 0.4226 0.8397
vn -0.3203 0.5229 0.7899
vn -0.3409 0.4226 -0.8397
vn -0.3203 0.5229 -0.7899
vn 0.6338 0.4246 -0.6466
vn 0.5954 0.5250 -0.6082
vn -0.1735 0.4220 0.8898
vn -0.1630 0.5223 0.8370
vn -0.0000 0.1610 -0.9870
vn 0.4963 0.4235 -0.7578
vn 0.4663 0.5239 -0.7129
vn -0.0000 0.4218 0.9067
vn -0.0000 0.5221 0.8529
vn -0.4963 0.4235 -0.7578
vn -0.4663 0.5239 -0.7129
vn 0.3409 0.4226 -0.8397
vn 0.3203 0.5229 -0.7899
vn 0.1735 0.4220 0.8898
vn 0.1630 0.5223 0.8370
vn -0.6337 0.4246 -0.6466
vn -0.5954 0.5250 -0.6082
vn 0.1735 0.4220 -0.8898
vn 0.1630 0.5223 -0.8370
vn 0.3409 0.4226 0.8397
vn 0.3203 0.5229 0.7899
vn -0.7476 0.4258 -0.5097
vn -0.7024 0.5261 -0.4794
vn 0.4963 0.4236 0.7578
vn 0.4663 0.5239 0.7128
vn -0.8331 0.4267 -0.3520
vn -0.7826 0.5271 -0.3312
vn 0.6338 0.4246 0.6466
vn 0.5954 0.5250 0.6082
vn -0.8860 0.4274 -0.1798
vn -0.8324 0.5277 -0.1692
vn 0.7477 0.4258 0.5097
vn 0.7024 0.5261 0.4794
vn 0.8330 0.4267 0.3520
vn 0.7826 0.5271 0.3312
vn -0.8860 0.4274 0.1798
vn -0.8324 0.5277 0.1692
vn 0.8860 0.4274 0.1798
vn 0.8324 0.5277 0.1692
vn -0.8331 0.4267 0.3520
vn -0.7826 0.5271 0.3312
vn -0.7476 0.4258 0.5097
vn -0.7024 0.5261 0.4794
vn 0.8860 0.4274 -0.1798
vn 0.8324 0.5277 -0.1692
vn -0.1916 0.0008 -0.9815
vn -0.3765 0.0008 -0.9264
vn -0.5483 0.0009 -0.8363
vn -0.7003 0.0009 -0.7138
vn -0.8266 0.0009 -0.5629
vn -0.9213 0.0009 -0.3889
vn -0.9801 0.0009 -0.1987
vn -0.9801 0.0009 0.1987
vn -0.9213 0.0009 0.3889
vn -0.8265 0.0009 0.5629
vn -0.7003 0.0009 0.7138
vn -0.5483 0.0008 0.8363
vn -0.3765 0.0008 0.9264
vn -0.1916 0.0008 0.9815
vn 0.1916 0.0008 0.9815
vn 0.3765 0.0008 0.9264
vn 0.5483 0.0008 0.8363
vn 0.7004 0.0008 0.7138
vn 0.8265 0.0009 0.5629
vn 0.9213 0.0008 0.3889
vn 0.9801 0.0008 0.1987
vn 0.9801 0.0008 -0.1987
vn 0.9213 0.0008 -0.3889
vn 0.8265 0.0008 -0.5629
vn 0.7004 0.0008 -0.7138
vn 0.5483 0.0008 -0.8363
vn 0.3765 0.0008 -0.9264
vn 0.1916 0.0008 -0.9815
vn -0.4517 -0.5663 0.6893
vn -0.5765 -0.5675 0.5878
vn -0.5759 -0.5675 0.5885
vn -0.4511 -0.5663 0.6898
vn 0.7571 -0.5698 -0.3198
vn 0.8049 -0.5705 -0.1633
vn 0.8049 -0.5705 -0.1636
vn 0.7568 -0.5698 -0.3203
vn -0.6798 -0.5687 0.4631
vn -0.6793 -0.5687 0.4638
vn -0.7570 -0.5698 0.3198
vn -0.7568 -0.5698 0.3204
vn 0.8049 -0.5705 0.1633
vn 0.8049 -0.5705 0.1636
vn -0.8049 -0.5705 0.1633
vn -0.8049 -0.5705 0.1636
vn 0.7571 -0.5698 0.3198
vn 0.7568 -0.5698 0.3203
vn 0.6797 -0.5687 0.4631
vn 0.6793 -0.5687 0.4638
vn -0.8049 -0.5705 -0.1633
vn -0.8049 -0.5705 -0.1636
vn 0.5765 -0.5675 0.5878
vn 0.5759 -0.5675 0.5885
vn -0.7571 -0.5698 -0.3198
vn -0.7568 -0.5697 -0.3204
vn 0.4517 -0.5664 0.6893
vn 0.4511 -0.5664 0.6898
vn -0.6798 -0.5687 -0.4631
vn -0.6793 -0.5687 -0.4638
vn -0.0000 -0.5645 -0.8255
vn 0.1580 -0.5647 -0.8100
vn 0.1577 -0.5647 -0.8101
vn 0.3104 -0.5654 0.7642
vn 0.3099 -0.5654 0.7644
vn -0.5765 -0.5675 -0.5878
vn -0.5759 -0.5675 -0.5885
vn 0.1580 -0.5647 0.8100
vn 0.1577 -0.5647 0.8101
vn 0.3104 -0.5654 -0.7642
vn 0.3099 -0.5654 -0.7644
vn -0.4517 -0.5664 -0.6893
vn -0.4511 -0.5663 -0.6898
vn -0.0000 -0.5645 0.8255
vn 0.4517 -0.5664 -0.6893
vn 0.4511 -0.5664 -0.6898
vn -0.3104 -0.5654 -0.7642
vn -0.3099 -0.5654 -0.7644
vn -0.1580 -0.5647 0.8100
vn -0.1577 -0.5647 0.8101
vn 0.5765 -0.5675 -0.5878
vn 0.5759 -0.5675 -0.5884
vn -0.1522 0.6047 -0.7818
vn -0.0000 0.6044 -0.7967
vn -0.1525 0.6047 -0.7818
vn -0.2990 0.6053 0.7377
vn -0.4352 0.6063 0.6656
vn -0.4359 0.6063 0.6652
vn -0.2996 0.6053 0.7375
vn -0.1580 -0.5647 -0.8100
vn -0.1577 -0.5647 -0.8101
vn -0.3104 -0.5654 0.7642
vn -0.3099 -0.5654 0.7644
vn 0.6797 -0.5687 -0.4631
vn 0.6793 -0.5687 -0.4638
vn -0.5556 0.6075 0.5678
vn -0.6552 0.6087 0.4474
vn -0.6557 0.6087 0.4467
vn -0.5562 0.6075 0.5671
vn 0.7762 0.6104 -0.1578
vn 0.7763 0.6104 -0.1575
vn -0.7299 0.6097 0.3090
vn -0.7302 0.6097 0.3084
vn 0.7762 0.6104 0.1578
vn 0.7763 0.6104 0.1575
vn -0.7762 0.6104 0.1578
vn -0.7763 0.6104 0.1574
vn 0.7299 0.6097 0.3090
vn 0.7302 0.6097 0.3084
vn 0.6552 0.6087 0.4474
vn 0.6557 0.6087 0.4467
vn -0.7762 0.6104 -0.1578
vn -0.7763 0.6104 -0.1574
vn 0.5556 0.6075 0.5677
vn 0.5562 0.6075 0.5671
vn -0.7299 0.6097 -0.3090
vn -0.7302 0.6097 -0.3084
vn 0.4352 0.6063 0.6656
vn 0.4359 0.6063 0.6652
vn -0.6552 0.6087 -0.4474
vn -0.6557 0.6087 -0.4467
vn 0.2990 0.6053 0.7377
vn 0.2996 0.6053 0.7375
vn -0.5556 0.6075 -0.5677
vn -0.5562 0.6075 -0.5671
vn 0.1522 0.6046 0.7818
vn 0.1525 0.6046 0.7818
vn 0.1522 0.6046 -0.7818
vn 0.2990 0.6053 -0.7377
vn 0.2996 0.6053 -0.7375
vn 0.1525 0.6046 -0.7818
vn -0.4352 0.6063 -0.6656
vn -0.4359 0.6063 -0.6652
vn -0.0000 0.6044 0.7967
vn 0.4352 0.6063 -0.6656
vn 0.4359 0.6063 -0.6652
vn -0.2990 0.6053 -0.7377
vn -0.2996 0.6053 -0.7375
vn -0.1522 0.6047 0.7818
vn -0.1525 0.6047 0.7817
vn 0.5556 0.6075 -0.5677
vn 0.5562 0.6075 -0.5671
vn 0.6552 0.6087 -0.4474
vn 0.6557 0.6087 -0.4467
vn 0.7299 0.6097 -0.3090
vn 0.7302 0.6097 -0.3084
vn -0.7002 0.0241 0.7136
vn -0.5482 0.0240 0.8360
vn -0.5481 0.0240 0.8360
vn -0.7001 0.0241 0.7136
vn 0.9798 0.0244 -0.1986
vn 0.9210 0.0244 -0.3888
vn 0.9798 0.0244 -0.1987
vn -0.8263 0.0243 0.5627
vn -0.9210 0.0244 0.3888
vn 0.9798 0.0244 0.1986
vn -0.9798 0.0245 0.1986
vn 0.9210 0.0244 0.3888
vn 0.8263 0.0243 0.5627
vn -0.9798 0.0245 -0.1986
vn 0.7001 0.0241 0.7136
vn -0.9210 0.0244 -0.3888
vn 0.5481 0.0240 0.8361
vn -0.8263 0.0243 -0.5627
vn 0.3764 0.0239 0.9261
vn 0.1915 0.0238 -0.9812
vn -0.0000 0.0238 -0.9997
vn -0.7002 0.0241 -0.7136
vn -0.7001 0.0241 -0.7136
vn 0.1915 0.0238 0.9812
vn 0.3764 0.0239 -0.9261
vn -0.5482 0.0240 -0.8360
vn -0.5481 0.0240 -0.8360
vn -0.0000 0.0238 0.9997
vn 0.5481 0.0240 -0.8361
vn -0.3764 0.0239 -0.9261
vn -0.3764 0.0239 -0.9262
vn -0.1915 0.0238 0.9812
vn 0.7001 0.0241 -0.7136
vn -0.1915 0.0238 -0.9812
vn -0.3764 0.0239 0.9261
vn -0.3764 0.0239 0.9262
vn 0.8263 0.0243 -0.5627
vn -0.0000 -0.1951 0.9808
vn -0.0000 -0.3827 0.9239
vn -0.0000 -0.5556 0.8315
vn -0.0000 -0.7071 0.7071
vn -0.0000 -0.8315 0.5556
vn -0.0000 -0.9239 0.3827
vn -0.0000 -0.9808 0.1951
vn -0.0000 -0.9808 -0.1951
vn -0.0000 -0.9239 -0.3827
vn -0.0000 -0.8315 -0.5556
vn -0.0000 -0.7071 -0.7071
vn -0.0000 -0.5556 -0.8315
vn -0.0000 -0.3827 -0.9239
vn -0.0000 -0.1951 -0.9808
vn -0.0000 0.1951 -0.9808
vn -0.0000 0.3827 -0.9239
vn -0.0000 0.5556 -0.8315
vn -0.0000 0.7071 -0.7071
vn -0.0000 0.8315 -0.5556
vn -0.0000 0.9239 -0.3827
vn -0.0000 0.9808 -0.1951
vn -0.0000 0.9808 0.1951
vn -0.0000 0.9239 0.3827
vn -0.0000 0.8315 0.5556
vn -0.0000 0.7071 0.7071
vn -0.0000 0.5556 0.8315
vn -0.0000 0.3827 0.9239
vn -0.0000 0.1951 0.9808
vn 0.1819 -0.0000 -0.9833
vn 0.3595 -0.0000 -0.9331
vn 0.5279 -0.0000 -0.8493
vn 0.6811 -0.0000 -0.7322
vn 0.8122 -0.0000 -0.5834
vn 0.9136 -0.0000 -0.4067
vn 0.9779 -0.0000 -0.2091
vn 0.9779 -0.0000 0.2091
vn 0.9136 -0.0000 0.4067
vn 0.8122 -0.0000 0.5834
vn 0.6811 -0.0000 0.7322
vn 0.5279 -0.0000 0.8493
vn 0.3595 -0.0000 0.9331
vn 0.1819 -0.0000 0.9833
vn -0.1819 -0.0000 0.9833
vn -0.3595 -0.0000 0.9331
vn -0.5279 -0.0000 0.8493
vn -0.6811 -0.0000 0.7322
vn -0.8122 -0.0000 0.5834
vn -0.9136 -0.0000 0.4067
vn -0.9779 -0.0000 0.2091
vn -0.9779 -0.0000 -0.2091
vn -0.9136 -0.0000 -0.4067
vn -0.8122 -0.0000 -0.5834
vn -0.6811 -0.0000 -0.7322
vn -0.5279 -0.0000 -0.8493
vn -0.3595 -0.0000 -0.9331
vn -0.1819 -0.0000 -0.9833
vn -0.1779 0.2181 -0.9596
vn -0.1769 0.2268 -0.9577
vn -0.0000 0.2263 -0.9741
vn -0.0000 0.2176 -0.9760
vn -0.3514 0.2194 -0.9102
vn -0.3494 0.2283 -0.9087
vn -0.5156 0.2215 -0.8277
vn -0.5129 0.2307 -0.8269
vn -0.6646 0.2240 -0.7129
vn -0.6616 0.2335 -0.7126
vn -0.7917 0.2266 -0.5674
vn -0.7886 0.2365 -0.5676
vn -0.8896 0.2288 -0.3952
vn -0.8867 0.2391 -0.3956
vn -0.9517 0.2304 -0.2030
vn -0.9490 0.2409 -0.2033
vn -0.9730 0.2309 -0.0000
vn -0.9704 0.2416 -0.0000
vn -0.9517 0.2304 0.2030
vn -0.9490 0.2409 0.2033
vn -0.8896 0.2288 0.3952
vn -0.8867 0.2391 0.3956
vn -0.7917 0.2266 0.5674
vn -0.7886 0.2365 0.5676
vn -0.6645 0.2240 0.7129
vn -0.6616 0.2335 0.7126
vn -0.5156 0.2215 0.8277
vn -0.5129 0.2307 0.8269
vn -0.3514 0.2194 0.9102
vn -0.3494 0.2283 0.9087
vn -0.1779 0.2181 0.9596
vn -0.1769 0.2268 0.9577
vn -0.0000 0.2176 0.9760
vn -0.0000 0.2263 0.9741
vn 0.1779 0.2181 0.9596
vn 0.1769 0.2268 0.9577
vn 0.3514 0.2194 0.9102
vn 0.3494 0.2283 0.9087
vn 0.5156 0.2215 0.8277
vn 0.5129 0.2307 0.8269
vn 0.6645 0.2240 0.7129
vn 0.6616 0.2335 0.7126
vn 0.7917 0.2266 0.5674
vn 0.7886 0.2365 0.5676
vn 0.8896 0.2288 0.3952
vn 0.8867 0.2391 0.3956
vn 0.9517 0.2304 0.2030
vn 0.9490 0.2409 0.2033
vn 0.9730 0.2309 -0.0000
vn 0.9704 0.2416 -0.0000
vn 0.9517 0.2304 -0.2030
vn 0.9490 0.2409 -0.2033
vn 0.8896 0.2288 -0.3952
vn 0.8867 0.2391 -0.3956
vn 0.7917 0.2266 -0.5674
vn 0.7886 0.2365 -0.5676
vn 0.6646 0.2240 -0.7129
vn 0.6616 0.2335 -0.7126
vn 0.5156 0.2215 -0.8277
vn 0.5129 0.2307 -0.8269
vn 0.3514 0.2194 -0.9102
vn 0.3494 0.2283 -0.9087
vn 0.1769 0.2268 -0.9577
vn 0.1779 0.2181 -0.9596
vn -0.3488 -0.2349 -0.9073
vn -0.3503 -0.2319 -0.9075
vn -0.1774 -0.2304 -0.9568
vn -0.1766 -0.2334 -0.9562
vn -0.5121 -0.2373 -0.8255
vn -0.5140 -0.2340 -0.8252
vn -0.6604 -0.2402 -0.7114
vn -0.6625 -0.2367 -0.7107
vn -0.7873 -0.2433 -0.5666
vn -0.7891 -0.2394 -0.5656
vn -0.8852 -0.2459 -0.3949
vn -0.8867 -0.2418 -0.3940
vn -0.9473 -0.2478 -0.2030
vn -0.9486 -0.2434 -0.2024
vn -0.9687 -0.2484 -0.0000
vn -0.9698 -0.2440 -0.0000
vn -0.9473 -0.2478 0.2030
vn -0.9486 -0.2434 0.2024
vn -0.8852 -0.2459 0.3949
vn -0.8867 -0.2418 0.3940
vn -0.7873 -0.2433 0.5666
vn -0.7892 -0.2394 0.5656
vn -0.6604 -0.2402 0.7114
vn -0.6625 -0.2367 0.7107
vn -0.5121 -0.2373 0.8255
vn -0.5140 -0.2340 0.8252
vn -0.3489 -0.2349 0.9072
vn -0.3504 -0.2319 0.9075
vn -0.1766 -0.2334 0.9562
vn -0.1774 -0.2304 0.9568
vn -0.0000 -0.2328 0.9725
vn -0.0000 -0.2299 0.9732
vn 0.1766 -0.2334 0.9562
vn 0.1774 -0.2304 0.9568
vn 0.3489 -0.2350 0.9072
vn 0.3504 -0.2319 0.9075
vn 0.5121 -0.2373 0.8255
vn 0.5140 -0.2341 0.8252
vn 0.6604 -0.2402 0.7114
vn 0.6625 -0.2367 0.7107
vn 0.7873 -0.2433 0.5666
vn 0.7892 -0.2394 0.5656
vn 0.8852 -0.2459 0.3949
vn 0.8867 -0.2418 0.3940
vn 0.9473 -0.2478 0.2030
vn 0.9486 -0.2434 0.2024
vn 0.9687 -0.2484 -0.0000
vn 0.9698 -0.2440 -0.0000
vn 0.9473 -0.2478 -0.2030
vn 0.9486 -0.2434 -0.2024
vn 0.8852 -0.2459 -0.3949
vn 0.8867 -0.2418 -0.3940
vn 0.7872 -0.2433 -0.5666
vn 0.7891 -0.2394 -0.5656
vn 0.6604 -0.2402 -0.7114
vn 0.6625 -0.2367 -0.7107
vn 0.5121 -0.2373 -0.8255
vn 0.5140 -0.2341 -0.8252
vn 0.3488 -0.2349 -0.9073
vn 0.3504 -0.2319 -0.9075
vn 0.1766 -0.2334 -0.9562
vn 0.1774 -0.2304 -0.9568
vn -0.0000 -0.2300 -0.9732
vn -0.0000 -0.2329 -0.9725
vn -0.1480 0.5871 -0.7959
vn -0.1465 0.5871 -0.7962
vn -0.0000 0.5861 -0.8103
vn -0.2916 0.5900 -0.7529
vn -0.2889 0.5899 -0.7540
vn -0.4260 0.5945 -0.6820
vn -0.4228 0.5943 -0.6841
vn -0.5465 0.5998 -0.5845
vn -0.5434 0.5996 -0.5875
vn -0.6476 0.6053 -0.4628
vn -0.6453 0.6051 -0.4662
vn -0.7245 0.6100 -0.3209
vn -0.7232 0.6099 -0.3239
vn -0.7726 0.6132 -0.1643
vn -0.7723 0.6132 -0.1661
vn -0.7890 0.6144 -0.0000
vn -0.7726 0.6132 0.1643
vn -0.7723 0.6132 0.1661
vn -0.7245 0.6100 0.3209
vn -0.7232 0.6099 0.3239
vn -0.6477 0.6053 0.4628
vn -0.6453 0.6051 0.4662
vn -0.5465 0.5998 0.5845
vn -0.5434 0.5996 0.5875
vn -0.4260 0.5944 0.6820
vn -0.4228 0.5943 0.6841
vn -0.2916 0.5900 0.7529
vn -0.2889 0.5899 0.7540
vn -0.1480 0.5871 0.7959
vn -0.1465 0.5871 0.7962
vn -0.0000 0.5861 0.8103
vn 0.1480 0.5871 0.7959
vn 0.1465 0.5871 0.7962
vn 0.2916 0.5900 0.7529
vn 0.2889 0.5899 0.7540
vn 0.4260 0.5945 0.6820
vn 0.4228 0.5943 0.6841
vn 0.5465 0.5998 0.5845
vn 0.5434 0.5997 0.5875
vn 0.6477 0.6053 0.4628
vn 0.6453 0.6051 0.4662
vn 0.7245 0.6100 0.3209
vn 0.7233 0.6099 0.3239
vn 0.7726 0.6132 0.1643
vn 0.7723 0.6132 0.1661
vn 0.7890 0.6144 -0.0000
vn 0.7726 0.6132 -0.1643
vn 0.7723 0.6132 -0.1661
vn 0.7245 0.6100 -0.3209
vn 0.7232 0.6099 -0.3239
vn 0.6476 0.6053 -0.4628
vn 0.6453 0.6051 -0.4662
vn 0.5465 0.5998 -0.5845
vn 0.5434 0.5997 -0.5875
vn 0.4260 0.5945 -0.6820
vn 0.4228 0.5943 -0.6841
vn 0.2915 0.5900 -0.7529
vn 0.2889 0.5899 -0.7540
vn 0.1480 0.5871 -0.7959
vn 0.1465 0.5871 -0.7962
vn -0.0000 0.2521 -0.9677
vn 0.1757 0.2526 -0.9515
vn 0.3471 0.2542 -0.9027
vn 0.5094 0.2567 -0.8213
vn 0.6569 0.2598 -0.7078
vn 0.7830 0.2630 -0.5637
vn 0.7830 0.2630 0.5637
vn 0.6570 0.2598 0.7078
vn 0.5094 0.2567 0.8213
vn 0.3471 0.2542 0.9027
vn 0.1757 0.2526 0.9515
vn -0.0000 0.2520 0.9677
vn -0.1757 0.2526 0.9515
vn -0.3471 0.2542 0.9027
vn -0.5094 0.2567 0.8213
vn -0.6569 0.2598 0.7078
vn -0.7830 0.2630 0.5637
vn -0.7830 0.2630 -0.5637
vn -0.6570 0.2598 -0.7078
vn -0.5094 0.2567 -0.8213
vn -0.3471 0.2542 -0.9027
vn -0.1757 0.2526 -0.9515
vn -0.1467 -0.5857 -0.7971
vn -0.1482 -0.5857 -0.7969
vn -0.0000 -0.5847 -0.8112
vn -0.2892 -0.5886 -0.7549
vn -0.2919 -0.5886 -0.7539
vn -0.4233 -0.5930 -0.6850
vn -0.4266 -0.5931 -0.6829
vn -0.5441 -0.5983 -0.5882
vn -0.5472 -0.5984 -0.5852
vn -0.6462 -0.6038 -0.4668
vn -0.6485 -0.6039 -0.4634
vn -0.7242 -0.6086 -0.3243
vn -0.7255 -0.6086 -0.3214
vn -0.7733 -0.6118 -0.1663
vn -0.7737 -0.6119 -0.1646
vn -0.7733 -0.6118 0.1663
vn -0.7737 -0.6119 0.1646
vn -0.7242 -0.6086 0.3243
vn -0.7255 -0.6086 0.3214
vn -0.6462 -0.6038 0.4668
vn -0.6485 -0.6039 0.4634
vn -0.5441 -0.5983 0.5882
vn -0.5472 -0.5984 0.5852
vn -0.4233 -0.5930 0.6850
vn -0.4266 -0.5931 0.6828
vn -0.2893 -0.5886 0.7549
vn -0.2919 -0.5886 0.7538
vn -0.1467 -0.5857 0.7971
vn -0.1482 -0.5857 0.7968
vn -0.0000 -0.5847 0.8112
vn 0.1467 -0.5857 0.7971
vn 0.1482 -0.5857 0.7969
vn 0.2892 -0.5886 0.7549
vn 0.2919 -0.5887 0.7538
vn 0.4233 -0.5930 0.6850
vn 0.4266 -0.5931 0.6828
vn 0.5441 -0.5983 0.5882
vn 0.5472 -0.5984 0.5852
vn 0.6462 -0.6038 0.4668
vn 0.6485 -0.6039 0.4634
vn 0.7242 -0.6085 0.3243
vn 0.7255 -0.6086 0.3214
vn 0.7733 -0.6118 0.1663
vn 0.7737 -0.6119 0.1646
vn 0.7733 -0.6118 -0.1663
vn 0.7737 -0.6119 -0.1646
vn 0.7242 -0.6086 -0.3243
vn 0.7255 -0.6086 -0.3214
vn 0.6462 -0.6038 -0.4668
vn 0.6485 -0.6039 -0.4634
vn 0.5441 -0.5983 -0.5882
vn 0.5472 -0.5984 -0.5852
vn 0.4233 -0.5930 -0.6850
vn 0.4266 -0.5931 -0.6829
vn 0.2892 -0.5886 -0.7549
vn 0.2919 -0.5886 -0.7539
vn 0.1467 -0.5857 -0.7971
vn 0.1482 -0.5857 -0.7969
vn -0.1709 0.3452 -0.9228
vn -0.0000 0.3445 -0.9388
vn -0.0000 -0.0014 -1.0000
vn -0.1823 -0.0014 -0.9832
vn 0.6372 0.3546 -0.6843
vn 0.7584 0.3587 -0.5442
vn 0.8127 -0.0015 -0.5826
vn 0.6818 -0.0014 -0.7315
vn -0.1709 0.3452 0.9228
vn -0.3374 0.3473 0.8749
vn -0.3601 -0.0014 0.9329
vn -0.1823 -0.0014 0.9832
vn -0.3374 0.3473 -0.8749
vn -0.3601 -0.0014 -0.9329
vn 0.4947 0.3506 -0.7952
vn 0.5286 -0.0014 -0.8489
vn -0.0000 0.3444 0.9388
vn -0.0000 -0.0014 1.0000
vn -0.4947 0.3506 -0.7952
vn -0.5286 -0.0014 -0.8489
vn 0.3374 0.3473 -0.8749
vn 0.3601 -0.0014 -0.9329
vn 0.1709 0.3452 0.9228
vn 0.1823 -0.0014 0.9832
vn -0.6372 0.3546 -0.6843
vn -0.6818 -0.0014 -0.7315
vn 0.1709 0.3452 -0.9228
vn 0.1823 -0.0014 -0.9832
vn 0.3374 0.3474 0.8749
vn 0.3601 -0.0014 0.9329
vn -0.7584 0.3587 -0.5442
vn -0.8127 -0.0015 -0.5826
vn 0.4947 0.3506 0.7952
vn 0.5286 -0.0014 0.8489
vn -0.8516 0.3623 -0.3788
vn -0.9138 -0.0015 -0.4061
vn 0.6372 0.3546 0.6843
vn 0.6818 -0.0014 0.7315
vn -0.9106 0.3647 -0.1945
vn -0.9780 -0.0015 -0.2087
vn 0.7584 0.3587 0.5442
vn 0.8128 -0.0015 0.5826
vn -0.9308 0.3656 -0.0000
vn 0.8516 0.3623 0.3788
vn 0.9138 -0.0015 0.4061
vn -0.9106 0.3648 0.1945
vn -0.9780 -0.0015 0.2087
vn 0.9106 0.3648 0.1945
vn 0.9780 -0.0015 0.2087
vn -0.8516 0.3623 0.3788
vn -0.9138 -0.0015 0.4061
vn 0.9308 0.3656 -0.0000
vn -0.7584 0.3587 0.5442
vn -0.8128 -0.0015 0.5826
vn 0.9106 0.3647 -0.1945
vn 0.9780 -0.0015 -0.2087
vn -0.6372 0.3546 0.6843
vn -0.6818 -0.0014 0.7315
vn 0.8516 0.3623 -0.3788
vn 0.9138 -0.0015 -0.4061
vn -0.4947 0.3506 0.7952
vn -0.5286 -0.0014 0.8489
vn 0.7881 0.5046 -0.3526
vn 0.8423 0.5078 -0.1809
vn -0.7881 0.5046 0.3526
vn 0.8423 0.5078 0.1809
vn -0.8423 0.5078 0.1809
vn 0.7881 0.5046 0.3526
vn -0.8423 0.5078 -0.1809
vn -0.7881 0.5046 -0.3526
vn 0.8746 -0.2895 -0.3888
vn 0.7789 -0.2850 -0.5586
vn -0.5081 -0.2748 0.8163
vn -0.3466 -0.2707 0.8981
vn -0.0000 -0.2670 -0.9637
vn -0.1755 -0.2680 -0.9473
vn 0.6544 -0.2799 -0.7024
vn -0.1756 -0.2679 0.9473
vn -0.3466 -0.2707 -0.8981
vn 0.5081 -0.2749 -0.8162
vn -0.0000 -0.2670 0.9637
vn -0.5081 -0.2748 -0.8162
vn 0.3466 -0.2707 -0.8981
vn 0.1756 -0.2679 0.9473
vn -0.6544 -0.2799 -0.7024
vn 0.1755 -0.2679 -0.9473
vn 0.3466 -0.2707 0.8981
vn -0.7789 -0.2850 -0.5586
vn 0.5081 -0.2748 0.8163
vn -0.8746 -0.2895 -0.3888
vn 0.6544 -0.2799 0.7024
vn -0.9352 -0.2925 -0.1997
vn 0.7789 -0.2850 0.5586
vn -0.9559 -0.2936 -0.0000
vn 0.8746 -0.2895 0.3888
vn -0.9352 -0.2925 0.1996
vn 0.9352 -0.2925 0.1996
vn -0.8746 -0.2895 0.3888
vn 0.9559 -0.2936 -0.0000
vn -0.7789 -0.2850 0.5586
vn 0.9352 -0.2925 -0.1996
vn -0.6544 -0.2799 0.7024
vn -0.0000 -0.1672 -0.9859
vn -0.1789 -0.1679 -0.9694
vn -0.3535 -0.1700 -0.9199
vn -0.5189 -0.1733 -0.8371
vn -0.6694 -0.1772 -0.7215
vn -0.7980 -0.1812 -0.5747
vn -0.8974 -0.1848 -0.4006
vn -0.9605 -0.1872 -0.2059
vn -0.9822 -0.1880 -0.0000
vn -0.9605 -0.1872 0.2059
vn -0.8974 -0.1848 0.4006
vn -0.7980 -0.1812 0.5747
vn -0.6694 -0.1772 0.7215
vn -0.5189 -0.1732 0.8371
vn -0.3535 -0.1700 0.9199
vn -0.1789 -0.1679 0.9694
vn -0.0000 -0.1672 0.9859
vn 0.1789 -0.1679 0.9694
vn 0.3535 -0.1700 0.9199
vn 0.5189 -0.1732 0.8371
vn 0.6694 -0.1772 0.7215
vn 0.7980 -0.1812 0.5747
vn 0.8974 -0.1848 0.4006
vn 0.9605 -0.1872 0.2059
vn 0.9822 -0.1880 -0.0000
vn 0.9605 -0.1872 -0.2059
vn 0.8974 -0.1848 -0.4006
vn 0.7980 -0.1812 -0.5747
vn 0.6694 -0.1772 -0.7215
vn 0.5189 -0.1733 -0.8371
vn 0.3535 -0.1700 -0.9199
vn 0.1789 -0.1679 -0.9694
vn -0.3557 0.1549 0.9217
vn -0.5219 0.1565 0.8385
vn -0.5279 -0.0006 0.8493
vn -0.3595 -0.0006 0.9331
vn -0.3557 0.1549 -0.9217
vn -0.1800 0.1538 -0.9716
vn -0.1819 -0.0006 -0.9833
vn -0.3595 -0.0006 -0.9331
vn -0.0000 0.4043 -0.9146
vn -0.1665 0.4052 -0.8990
vn -0.1566 0.5030 -0.8500
vn -0.0000 0.5021 -0.8648
vn -0.6730 0.1584 -0.7224
vn -0.5219 0.1565 -0.8385
vn -0.5279 -0.0006 -0.8493
vn -0.6811 -0.0006 -0.7322
vn -0.8021 0.1604 -0.5752
vn -0.8122 -0.0006 -0.5834
vn -0.9017 0.1622 -0.4008
vn -0.9135 -0.0006 -0.4067
vn -0.9648 0.1634 -0.2060
vn -0.9779 -0.0006 -0.2091
vn -0.9648 0.1634 0.2060
vn -0.9779 -0.0006 0.2091
vn -0.9017 0.1622 0.4008
vn -0.9135 -0.0006 0.4067
vn -0.8021 0.1604 0.5752
vn -0.8122 -0.0006 0.5834
vn -0.6730 0.1584 0.7224
vn -0.6811 -0.0006 0.7322
vn -0.6198 0.4154 0.6658
vn -0.4815 0.4110 0.7741
vn -0.4528 0.5096 0.7316
vn -0.5827 0.5144 0.6291
vn -0.1800 0.1538 0.9716
vn -0.1819 -0.0006 0.9833
vn -0.0000 0.1535 0.9882
vn 0.1800 0.1538 0.9716
vn 0.1819 -0.0006 0.9833
vn 0.3556 0.1549 0.9217
vn 0.3595 -0.0006 0.9331
vn 0.5219 0.1565 0.8385
vn 0.5279 -0.0006 0.8493
vn 0.6730 0.1584 0.7224
vn 0.6811 -0.0006 0.7322
vn 0.8021 0.1605 0.5752
vn 0.8122 -0.0006 0.5834
vn 0.9017 0.1622 0.4008
vn 0.9135 -0.0006 0.4067
vn 0.9648 0.1634 0.2060
vn 0.9779 -0.0006 0.2091
vn 0.9648 0.1634 -0.2060
vn 0.9779 -0.0006 -0.2091
vn 0.9017 0.1622 -0.4008
vn 0.9135 -0.0006 -0.4067
vn 0.8021 0.1604 -0.5752
vn 0.8122 -0.0006 -0.5834
vn 0.6730 0.1584 -0.7224
vn 0.6811 -0.0006 -0.7322
vn 0.5219 0.1565 -0.8385
vn 0.5279 -0.0006 -0.8493
vn 0.3557 0.1549 -0.9217
vn 0.3595 -0.0006 -0.9331
vn 0.1800 0.1538 -0.9716
vn 0.1819 -0.0006 -0.9833
vn 0.8275 0.4238 -0.3682
vn 0.7373 0.4199 -0.5292
vn 0.6930 0.5195 -0.4999
vn 0.7776 0.5239 -0.3478
vn -0.3286 0.4075 0.8521
vn -0.3090 0.5056 0.8055
vn -0.3286 0.4075 -0.8521
vn -0.3090 0.5056 -0.8055
vn 0.6198 0.4154 -0.6658
vn 0.5827 0.5144 -0.6291
vn -0.1665 0.4052 0.8990
vn -0.1566 0.5030 0.8500
vn -0.0000 0.1535 -0.9882
vn 0.4815 0.4111 -0.7741
vn 0.4528 0.5096 -0.7316
vn -0.0000 0.4043 0.9146
vn -0.0000 0.5021 0.8648
vn -0.4815 0.4111 -0.7741
vn -0.4528 0.5096 -0.7316
vn 0.3286 0.4075 -0.8521
vn 0.3090 0.5056 -0.8055
vn 0.1665 0.4051 0.8990
vn 0.1566 0.5030 0.8500
vn -0.6198 0.4154 -0.6658
vn -0.5827 0.5144 -0.6291
vn 0.1665 0.4052 -0.8990
vn 0.1566 0.5030 -0.8500
vn 0.3286 0.4075 0.8521
vn 0.3090 0.5056 0.8055
vn -0.7373 0.4199 -0.5292
vn -0.6930 0.5195 -0.5000
vn 0.4815 0.4111 0.7741
vn 0.4528 0.5096 0.7316
vn -0.8275 0.4238 -0.3682
vn -0.7776 0.5239 -0.3478
vn 0.6198 0.4154 0.6658
vn 0.5827 0.5144 0.6291
vn -0.8845 0.4265 -0.1890
vn -0.8310 0.5269 -0.1785
vn 0.7373 0.4199 0.5292
vn 0.6930 0.5194 0.5000
vn -0.9040 0.4274 -0.0000
vn 0.8275 0.4238 0.3682
vn 0.7776 0.5239 0.3478
vn -0.8845 0.4265 0.1890
vn -0.8310 0.5269 0.1785
vn 0.8845 0.4265 0.1890
vn 0.8310 0.5269 0.1785
vn -0.8275 0.4238 0.3682
vn -0.7776 0.5239 0.3478
vn 0.9040 0.4275 -0.0000
vn -0.7373 0.4199 0.5292
vn -0.6930 0.5195 0.5000
vn 0.8845 0.4265 -0.1890
vn 0.8310 0.5269 -0.1785
vn -0.1822 0.0008 -0.9833
vn -0.3600 0.0008 -0.9330
vn -0.3600 0.0008 -0.9329
vn -0.5285 0.0008 -0.8490
vn -0.6817 0.0008 -0.7317
vn -0.8126 0.0008 -0.5828
vn -0.9138 0.0008 -0.4062
vn -0.9780 0.0008 -0.2088
vn -0.9780 0.0008 0.2088
vn -0.9138 0.0008 0.4062
vn -0.8126 0.0008 0.5828
vn -0.6817 0.0008 0.7317
vn -0.5285 0.0008 0.8490
vn -0.3600 0.0008 0.9330
vn -0.3600 0.0008 0.9329
vn -0.1822 0.0008 0.9833
vn 0.1822 0.0008 0.9833
vn 0.3600 0.0008 0.9330
vn 0.3600 0.0008 0.9329
vn 0.5285 0.0008 0.8490
vn 0.6817 0.0008 0.7317
vn 0.8126 0.0008 0.5828
vn 0.9138 0.0008 0.4062
vn 0.9780 0.0009 0.2088
vn 0.9780 0.0008 -0.2088
vn 0.9138 0.0008 -0.4062
vn 0.8126 0.0008 -0.5828
vn 0.6817 0.0008 -0.7317
vn 0.5285 0.0008 -0.8490
vn 0.3600 0.0008 -0.9330
vn 0.3600 0.0008 -0.9329
vn 0.1822 0.0008 -0.9833
vn -0.4416 -0.5520 0.7073
vn -0.5670 -0.5570 0.6069
vn -0.5642 -0.5568 0.6096
vn -0.4387 -0.5519 0.7092
vn 0.7533 -0.5666 -0.3339
vn 0.8039 -0.5696 -0.1711
vn 0.8036 -0.5696 -0.1727
vn 0.7522 -0.5665 -0.3366
vn -0.6728 -0.5621 0.4811
vn -0.6707 -0.5620 0.4841
vn -0.7533 -0.5666 0.3339
vn -0.7522 -0.5665 0.3366
vn 0.8039 -0.5696 0.1711
vn 0.8036 -0.5696 0.1727
vn -0.8039 -0.5696 0.1711
vn -0.8036 -0.5696 0.1727
vn 0.7533 -0.5666 0.3339
vn 0.7522 -0.5665 0.3366
vn 0.6728 -0.5621 0.4811
vn 0.6707 -0.5620 0.4841
vn -0.8039 -0.5696 -0.1711
vn -0.8036 -0.5696 -0.1727
vn 0.5670 -0.5570 0.6069
vn 0.5642 -0.5568 0.6096
vn -0.7533 -0.5666 -0.3339
vn -0.7522 -0.5665 -0.3366
vn 0.4416 -0.5520 0.7074
vn 0.4387 -0.5519 0.7092
vn -0.6728 -0.5621 -0.4811
vn -0.6707 -0.5620 -0.4841
vn -0.0000 -0.5442 -0.8390
vn 0.1532 -0.5451 -0.8243
vn 0.1518 -0.5451 -0.8245
vn 0.3019 -0.5478 0.7802
vn 0.2995 -0.5478 0.7812
vn -0.5670 -0.5570 -0.6069
vn -0.5642 -0.5568 -0.6096
vn 0.1532 -0.5451 0.8242
vn 0.1518 -0.5451 0.8245
vn 0.3019 -0.5478 -0.7802
vn 0.2995 -0.5478 -0.7812
vn -0.4416 -0.5520 -0.7073
vn -0.4387 -0.5519 -0.7092
vn -0.0000 -0.5442 0.8390
vn 0.4416 -0.5520 -0.7073
vn 0.4387 -0.5519 -0.7092
vn -0.3019 -0.5478 -0.7802
vn -0.2995 -0.5478 -0.7812
vn -0.1532 -0.5451 0.8242
vn -0.1518 -0.5451 0.8245
vn 0.5670 -0.5570 -0.6069
vn 0.5642 -0.5568 -0.6096
vn -0.1468 0.5850 -0.7976
vn -0.0000 0.5841 -0.8117
vn -0.1482 0.5851 -0.7973
vn -0.2896 0.5877 0.7555
vn -0.4239 0.5918 0.6856
vn -0.4269 0.5919 0.6837
vn -0.2920 0.5878 0.7545
vn -0.1532 -0.5451 -0.8242
vn -0.1518 -0.5451 -0.8245
vn -0.3019 -0.5478 0.7802
vn -0.2995 -0.5478 0.7812
vn 0.6728 -0.5621 -0.4811
vn 0.6707 -0.5620 -0.4841
vn -0.5449 0.5968 0.5889
vn -0.6474 0.6019 0.4675
vn -0.6496 0.6021 0.4643
vn -0.5478 0.5969 0.5861
vn 0.7750 0.6095 -0.1666
vn 0.7754 0.6096 -0.1650
vn -0.7257 0.6064 0.3249
vn -0.7269 0.6065 0.3221
vn 0.7751 0.6095 0.1666
vn 0.7754 0.6096 0.1650
vn -0.7751 0.6095 0.1666
vn -0.7754 0.6096 0.1650
vn 0.7257 0.6065 0.3249
vn 0.7269 0.6065 0.3221
vn 0.6474 0.6019 0.4675
vn 0.6496 0.6021 0.4643
vn -0.7750 0.6095 -0.1666
vn -0.7754 0.6096 -0.1650
vn 0.5449 0.5968 0.5889
vn 0.5478 0.5969 0.5861
vn -0.7257 0.6064 -0.3249
vn -0.7269 0.6065 -0.3221
vn 0.4239 0.5918 0.6856
vn 0.4269 0.5919 0.6836
vn -0.6474 0.6019 -0.4675
vn -0.6496 0.6021 -0.4643
vn 0.2896 0.5877 0.7555
vn 0.2920 0.5878 0.7545
vn -0.5449 0.5968 -0.5890
vn -0.5478 0.5969 -0.5861
vn 0.1468 0.5850 0.7976
vn 0.1482 0.5851 0.7973
vn 0.1468 0.5850 -0.7976
vn 0.2896 0.5877 -0.7555
vn 0.2920 0.5878 -0.7545
vn 0.1482 0.5851 -0.7973
vn -0.4239 0.5918 -0.6856
vn -0.4269 0.5919 -0.6837
vn -0.0000 0.5841 0.8117
vn 0.4239 0.5918 -0.6856
vn 0.4269 0.5919 -0.6836
vn -0.2896 0.5877 -0.7555
vn -0.2920 0.5878 -0.7545
vn -0.1468 0.5850 0.7976
vn -0.1482 0.5850 0.7973
vn 0.5449 0.5968 -0.5890
vn 0.5478 0.5969 -0.5861
vn 0.6474 0.6019 -0.4675
vn 0.6496 0.6021 -0.4643
vn 0.7257 0.6065 -0.3249
vn 0.7269 0.6065 -0.3221
vn -0.6815 0.0235 0.7314
vn -0.5284 0.0231 0.8487
vn -0.5282 0.0231 0.8488
vn -0.6814 0.0235 0.7315
vn 0.9777 0.0244 -0.2087
vn 0.9135 0.0242 -0.4061
vn 0.9135 0.0242 -0.4062
vn 0.9777 0.0244 -0.2088
vn -0.8124 0.0239 0.5826
vn -0.8123 0.0239 0.5827
vn -0.9135 0.0242 0.4061
vn -0.9135 0.0242 0.4062
vn 0.9777 0.0244 0.2087
vn 0.9777 0.0244 0.2088
vn -0.9777 0.0244 0.2087
vn -0.9777 0.0244 0.2088
vn 0.9135 0.0242 0.4061
vn 0.9135 0.0242 0.4062
vn 0.8124 0.0239 0.5826
vn 0.8123 0.0238 0.5827
vn -0.9777 0.0244 -0.2087
vn -0.9777 0.0244 -0.2088
vn 0.6815 0.0235 0.7314
vn 0.6814 0.0235 0.7315
vn -0.9135 0.0242 -0.4061
vn -0.9135 0.0242 -0.4062
vn 0.5284 0.0231 0.8487
vn 0.5282 0.0231 0.8488
vn -0.8124 0.0238 -0.5826
vn -0.8123 0.0238 -0.5827
vn 0.3600 0.0228 0.9327
vn 0.3599 0.0228 0.9327
vn 0.1822 0.0226 -0.9830
vn -0.0000 0.0226 -0.9997
vn 0.1821 0.0226 -0.9830
vn -0.6815 0.0235 -0.7314
vn -0.6814 0.0235 -0.7315
vn 0.1822 0.0226 0.9830
vn 0.1821 0.0226 0.9830
vn 0.3600 0.0228 -0.9327
vn 0.3599 0.0228 -0.9327
vn -0.5284 0.0231 -0.8487
vn -0.5282 0.0231 -0.8488
vn -0.0000 0.0225 0.9997
vn 0.5284 0.0231 -0.8487
vn 0.5282 0.0231 -0.8488
vn -0.3600 0.0228 -0.9327
vn -0.3599 0.0228 -0.9327
vn -0.1822 0.0226 0.9830
vn -0.1821 0.0226 0.9830
vn 0.6815 0.0235 -0.7314
vn 0.6814 0.0235 -0.7315
vn -0.1822 0.0226 -0.9830
vn -0.1821 0.0226 -0.9830
vn -0.3600 0.0228 0.9327
vn -0.3599 0.0228 0.9327
vn 0.8124 0.0238 -0.5826
vn 0.8123 0.0238 -0.5827
vt 0.552665 0.823629
vt 0.552665 0.824909
vt 0.552393 0.824909
vt 0.552393 0.823629
vt 0.552122 0.824909
vt 0.552122 0.823629
vt 0.551851 0.824909
vt 0.551851 0.823629
vt 0.551580 0.824909
vt 0.551580 0.823629
vt 0.551309 0.824909
vt 0.551309 0.823629
vt 0.551038 0.824909
vt 0.551038 0.823629
vt 0.550767 0.824909
vt 0.550767 0.823629
vt 0.550496 0.824909
vt 0.550496 0.823629
vt 0.138449 0.971976
vt 0.138449 0.973256
vt 0.138178 0.973256
vt 0.138178 0.971976
vt 0.137907 0.973256
vt 0.137907 0.971976
vt 0.137636 0.973256
vt 0.137636 0.971976
vt 0.137365 0.973256
vt 0.137365 0.971976
vt 0.137094 0.973256
vt 0.137094 0.971976
vt 0.136823 0.973256
vt 0.136823 0.971976
vt 0.136552 0.973256
vt 0.136552 0.971976
vt 0.136280 0.973256
vt 0.136280 0.971976
vt 0.136009 0.973256
vt 0.136009 0.971976
vt 0.135738 0.973256
vt 0.135738 0.971976
vt 0.135467 0.973256
vt 0.135467 0.971976
vt 0.135195 0.973256
vt 0.135195 0.971976
vt 0.134924 0.973256
vt 0.134924 0.971976
vt 0.134654 0.973256
vt 0.134654 0.971976
vt 0.134383 0.973256
vt 0.134383 0.971976
vt 0.134112 0.973256
vt 0.134112 0.971976
vt 0.554833 0.823629
vt 0.554833 0.824909
vt 0.554562 0.824909
vt 0.554562 0.823629
vt 0.554291 0.824909
vt 0.554291 0.823629
vt 0.554020 0.824909
vt 0.554020 0.823629
vt 0.553749 0.824909
vt 0.553749 0.823629
vt 0.553478 0.824909
vt 0.553478 0.823629
vt 0.553207 0.824909
vt 0.553207 0.823629
vt 0.828393 0.735391
vt 0.828340 0.735125
vt 0.828340 0.734854
vt 0.828393 0.734588
vt 0.828496 0.734337
vt 0.828647 0.734111
vt 0.828838 0.733919
vt 0.829063 0.733769
vt 0.829313 0.733665
vt 0.829579 0.733612
vt 0.829850 0.733612
vt 0.830115 0.733665
vt 0.830366 0.733769
vt 0.830591 0.733919
vt 0.830782 0.734111
vt 0.830933 0.734337
vt 0.831037 0.734588
vt 0.831090 0.734854
vt 0.831090 0.735125
vt 0.831037 0.735391
vt 0.830933 0.735642
vt 0.830783 0.735867
vt 0.830592 0.736059
vt 0.830366 0.736210
vt 0.830116 0.736314
vt 0.829851 0.736367
vt 0.829580 0.736367
vt 0.829314 0.736314
vt 0.829064 0.736210
vt 0.828839 0.736059
vt 0.828647 0.735867
vt 0.828497 0.735642
vt 0.552936 0.824909
vt 0.552936 0.823629
vt 0.812613 0.105086
vt 0.812348 0.105083
vt 0.812352 0.104814
vt 0.812614 0.104814
vt 0.812613 0.105361
vt 0.812343 0.105357
vt 0.812610 0.105640
vt 0.812337 0.105635
vt 0.812607 0.105922
vt 0.812330 0.105917
vt 0.812604 0.106209
vt 0.812322 0.106203
vt 0.812602 0.106502
vt 0.812314 0.106494
vt 0.812596 0.106802
vt 0.812303 0.106788
vt 0.812585 0.107116
vt 0.812282 0.107085
vt 0.814621 0.627438
vt 0.814914 0.627424
vt 0.814934 0.627721
vt 0.814632 0.627752
vt 0.814615 0.627137
vt 0.814902 0.627129
vt 0.814613 0.626845
vt 0.814895 0.626839
vt 0.814609 0.626558
vt 0.814887 0.626552
vt 0.814607 0.626276
vt 0.814880 0.626271
vt 0.814604 0.625997
vt 0.814874 0.625993
vt 0.814604 0.625722
vt 0.814869 0.625719
vt 0.814603 0.625449
vt 0.814865 0.625449
vt 0.814604 0.625177
vt 0.814869 0.625180
vt 0.814604 0.624902
vt 0.814874 0.624906
vt 0.814607 0.624623
vt 0.814880 0.624628
vt 0.814609 0.624341
vt 0.814887 0.624346
vt 0.814613 0.624054
vt 0.814895 0.624060
vt 0.814615 0.623761
vt 0.814902 0.623769
vt 0.814621 0.623461
vt 0.814914 0.623475
vt 0.814632 0.623147
vt 0.814934 0.623178
vt 0.812596 0.102825
vt 0.812303 0.102839
vt 0.812282 0.102542
vt 0.812585 0.102512
vt 0.812602 0.103126
vt 0.812314 0.103134
vt 0.812604 0.103419
vt 0.812322 0.103425
vt 0.812607 0.103705
vt 0.812330 0.103711
vt 0.812610 0.103988
vt 0.812337 0.103993
vt 0.812613 0.104266
vt 0.812343 0.104270
vt 0.812348 0.104544
vt 0.812613 0.104541
vt 0.813123 0.105357
vt 0.812864 0.105361
vt 0.812862 0.105086
vt 0.813117 0.105083
vt 0.813128 0.105635
vt 0.812865 0.105639
vt 0.813134 0.105918
vt 0.812867 0.105921
vt 0.813140 0.106204
vt 0.812868 0.106209
vt 0.813147 0.106495
vt 0.812871 0.106502
vt 0.813157 0.106792
vt 0.812874 0.106802
vt 0.813174 0.107092
vt 0.812880 0.107119
vt 0.814060 0.627427
vt 0.814343 0.627438
vt 0.814336 0.627755
vt 0.814042 0.627728
vt 0.814069 0.627131
vt 0.814345 0.627137
vt 0.814077 0.626840
vt 0.814349 0.626845
vt 0.814083 0.626553
vt 0.814350 0.626557
vt 0.814088 0.626271
vt 0.814351 0.626274
vt 0.814094 0.625993
vt 0.814352 0.625996
vt 0.814099 0.625719
vt 0.814355 0.625722
vt 0.814103 0.625449
vt 0.814354 0.625449
vt 0.814099 0.625180
vt 0.814355 0.625177
vt 0.814094 0.624906
vt 0.814352 0.624903
vt 0.814088 0.624628
vt 0.814351 0.624624
vt 0.814083 0.624346
vt 0.814350 0.624342
vt 0.814077 0.624059
vt 0.814349 0.624054
vt 0.814069 0.623768
vt 0.814345 0.623762
vt 0.814060 0.623472
vt 0.814343 0.623461
vt 0.814042 0.623171
vt 0.814336 0.623144
vt 0.813157 0.102836
vt 0.812874 0.102825
vt 0.812880 0.102508
vt 0.813174 0.102535
vt 0.813147 0.103132
vt 0.812871 0.103126
vt 0.813140 0.103423
vt 0.812868 0.103418
vt 0.813134 0.103710
vt 0.812867 0.103706
vt 0.813128 0.103992
vt 0.812865 0.103989
vt 0.813123 0.104271
vt 0.812864 0.104267
vt 0.813117 0.104544
vt 0.812862 0.104541
vt 0.812863 0.104814
vt 0.813114 0.104814
vt 0.984106 0.959860
vt 0.987181 0.959860
vt 0.987181 0.960131
vt 0.984106 0.960131
vt 0.987181 0.960403
vt 0.984106 0.960403
vt 0.987181 0.960674
vt 0.984106 0.960674
vt 0.987181 0.960945
vt 0.984106 0.960945
vt 0.987181 0.961216
vt 0.984106 0.961216
vt 0.987181 0.961487
vt 0.984106 0.961487
vt 0.987181 0.961758
vt 0.984106 0.961758
vt 0.987181 0.962029
vt 0.984106 0.962029
vt 0.985343 0.901271
vt 0.988418 0.901271
vt 0.988418 0.901542
vt 0.985343 0.901542
vt 0.988418 0.901813
vt 0.985343 0.901813
vt 0.988418 0.902084
vt 0.985343 0.902084
vt 0.988418 0.902355
vt 0.985343 0.902355
vt 0.988418 0.902626
vt 0.985343 0.902626
vt 0.988418 0.902897
vt 0.985343 0.902897
vt 0.988418 0.903168
vt 0.985343 0.903168
vt 0.988418 0.903440
vt 0.985343 0.903440
vt 0.988418 0.903711
vt 0.985343 0.903711
vt 0.988418 0.903982
vt 0.985343 0.903982
vt 0.988418 0.904253
vt 0.985343 0.904253
vt 0.988418 0.904525
vt 0.985343 0.904525
vt 0.988418 0.904796
vt 0.985343 0.904796
vt 0.988418 0.905067
vt 0.985343 0.905067
vt 0.988418 0.905337
vt 0.985343 0.905337
vt 0.988418 0.905608
vt 0.985343 0.905608
vt 0.984106 0.957692
vt 0.987181 0.957692
vt 0.987181 0.957962
vt 0.984106 0.957962
vt 0.987181 0.958233
vt 0.984106 0.958233
vt 0.987181 0.958504
vt 0.984106 0.958504
vt 0.987181 0.958775
vt 0.984106 0.958775
vt 0.987181 0.959046
vt 0.984106 0.959046
vt 0.987181 0.959318
vt 0.984106 0.959318
vt 0.987181 0.959589
vt 0.984106 0.959589
vt 0.968084 0.348096
vt 0.967687 0.348092
vt 0.967694 0.347814
vt 0.968082 0.347814
vt 0.968083 0.348382
vt 0.967680 0.348376
vt 0.968082 0.348673
vt 0.967670 0.348665
vt 0.968080 0.348970
vt 0.967660 0.348959
vt 0.968075 0.349272
vt 0.967647 0.349258
vt 0.968071 0.349584
vt 0.967631 0.349563
vt 0.968064 0.349911
vt 0.967609 0.349874
vt 0.968049 0.350265
vt 0.967572 0.350190
vt 0.983774 0.705842
vt 0.984230 0.705806
vt 0.984266 0.706122
vt 0.983790 0.706197
vt 0.983768 0.705516
vt 0.984207 0.705495
vt 0.983764 0.705204
vt 0.984191 0.705190
vt 0.983759 0.704902
vt 0.984178 0.704891
vt 0.983757 0.704605
vt 0.984168 0.704597
vt 0.983755 0.704314
vt 0.984159 0.704308
vt 0.983754 0.704028
vt 0.984151 0.704024
vt 0.983756 0.703745
vt 0.984145 0.703745
vt 0.983754 0.703463
vt 0.984151 0.703467
vt 0.983755 0.703177
vt 0.984159 0.703183
vt 0.983757 0.702886
vt 0.984168 0.702894
vt 0.983759 0.702589
vt 0.984178 0.702600
vt 0.983764 0.702287
vt 0.984191 0.702301
vt 0.983768 0.701975
vt 0.984207 0.701996
vt 0.983774 0.701649
vt 0.984230 0.701685
vt 0.983790 0.701294
vt 0.984266 0.701369
vt 0.968064 0.345717
vt 0.967609 0.345753
vt 0.967572 0.345437
vt 0.968049 0.345362
vt 0.968071 0.346043
vt 0.967631 0.346064
vt 0.968075 0.346355
vt 0.967647 0.346369
vt 0.968080 0.346657
vt 0.967660 0.346668
vt 0.968082 0.346954
vt 0.967670 0.346963
vt 0.968083 0.347245
vt 0.967680 0.347251
vt 0.968084 0.347531
vt 0.967687 0.347535
vt 0.935200 0.597087
vt 0.935200 0.634368
vt 0.934929 0.634368
vt 0.934929 0.597087
vt 0.934658 0.634368
vt 0.934658 0.597087
vt 0.934386 0.634368
vt 0.934386 0.597087
vt 0.934115 0.634368
vt 0.934115 0.597087
vt 0.933844 0.634368
vt 0.933844 0.597087
vt 0.933573 0.634368
vt 0.933573 0.597087
vt 0.933302 0.634368
vt 0.933302 0.597087
vt 0.933032 0.634368
vt 0.933032 0.597087
vt 0.933282 0.362594
vt 0.933282 0.399875
vt 0.933011 0.399875
vt 0.933011 0.362594
vt 0.932740 0.399875
vt 0.932740 0.362594
vt 0.932469 0.399875
vt 0.932469 0.362594
vt 0.932198 0.399875
vt 0.932198 0.362594
vt 0.931927 0.399875
vt 0.931927 0.362594
vt 0.931656 0.399875
vt 0.931656 0.362594
vt 0.931385 0.399875
vt 0.931385 0.362594
vt 0.931113 0.399875
vt 0.931113 0.362594
vt 0.930842 0.399875
vt 0.930842 0.362594
vt 0.930571 0.399875
vt 0.930571 0.362594
vt 0.930300 0.399875
vt 0.930300 0.362594
vt 0.930028 0.399875
vt 0.930028 0.362594
vt 0.929757 0.399875
vt 0.929757 0.362594
vt 0.929486 0.399875
vt 0.929486 0.362594
vt 0.929215 0.399875
vt 0.929215 0.362594
vt 0.928945 0.399875
vt 0.928945 0.362594
vt 0.937369 0.597087
vt 0.937369 0.634368
vt 0.937098 0.634368
vt 0.937098 0.597087
vt 0.936827 0.634368
vt 0.936827 0.597087
vt 0.936556 0.634368
vt 0.936556 0.597087
vt 0.936285 0.634368
vt 0.936285 0.597087
vt 0.936014 0.634368
vt 0.936014 0.597087
vt 0.935743 0.634368
vt 0.935743 0.597087
vt 0.935472 0.634368
vt 0.935472 0.597087
vt 0.968848 0.348092
vt 0.968451 0.348098
vt 0.968450 0.347814
vt 0.968842 0.347814
vt 0.968858 0.348374
vt 0.968454 0.348384
vt 0.968870 0.348662
vt 0.968459 0.348674
vt 0.968883 0.348955
vt 0.968465 0.348969
vt 0.968898 0.349253
vt 0.968470 0.349272
vt 0.968917 0.349555
vt 0.968480 0.349583
vt 0.968944 0.349860
vt 0.968495 0.349908
vt 0.968987 0.350168
vt 0.968521 0.350254
vt 0.982894 0.705792
vt 0.983344 0.705840
vt 0.983317 0.706186
vt 0.982851 0.706100
vt 0.982922 0.705486
vt 0.983359 0.705515
vt 0.982941 0.705184
vt 0.983369 0.705204
vt 0.982955 0.704886
vt 0.983374 0.704900
vt 0.982969 0.704594
vt 0.983380 0.704606
vt 0.982980 0.704306
vt 0.983384 0.704316
vt 0.982990 0.704023
vt 0.983387 0.704030
vt 0.982997 0.703745
vt 0.983388 0.703745
vt 0.982990 0.703467
vt 0.983387 0.703461
vt 0.982980 0.703185
vt 0.983384 0.703175
vt 0.982969 0.702897
vt 0.983380 0.702885
vt 0.982955 0.702604
vt 0.983374 0.702591
vt 0.982941 0.702307
vt 0.983369 0.702287
vt 0.982922 0.702005
vt 0.983359 0.701976
vt 0.982894 0.701699
vt 0.983344 0.701651
vt 0.982851 0.701391
vt 0.983317 0.701305
vt 0.968944 0.345767
vt 0.968495 0.345719
vt 0.968521 0.345373
vt 0.968987 0.345459
vt 0.968917 0.346073
vt 0.968480 0.346044
vt 0.968898 0.346375
vt 0.968470 0.346356
vt 0.968883 0.346673
vt 0.968465 0.346659
vt 0.968870 0.346965
vt 0.968459 0.346953
vt 0.968858 0.347253
vt 0.968454 0.347243
vt 0.968848 0.347536
vt 0.968451 0.347529
vt 0.963046 0.982237
vt 0.963048 0.981941
vt 0.963618 0.981941
vt 0.963616 0.982248
vt 0.963000 0.980744
vt 0.962972 0.980436
vt 0.963571 0.980383
vt 0.963588 0.980703
vt 0.969909 0.704180
vt 0.969918 0.704478
vt 0.969344 0.704499
vt 0.969339 0.704192
vt 0.963037 0.982534
vt 0.963610 0.982555
vt 0.963022 0.981048
vt 0.963601 0.981017
vt 0.969906 0.703885
vt 0.969337 0.703885
vt 0.963022 0.982834
vt 0.963601 0.982866
vt 0.963037 0.981349
vt 0.963610 0.981327
vt 0.969909 0.703590
vt 0.969339 0.703578
vt 0.963000 0.983138
vt 0.963588 0.983180
vt 0.963046 0.981646
vt 0.963616 0.981635
vt 0.969918 0.703292
vt 0.969344 0.703271
vt 0.962972 0.983447
vt 0.963571 0.983500
vt 0.969933 0.702992
vt 0.969354 0.702961
vt 0.962935 0.983762
vt 0.963551 0.983830
vt 0.969954 0.702688
vt 0.969367 0.702647
vt 0.962886 0.984087
vt 0.963527 0.984172
vt 0.969983 0.702379
vt 0.969383 0.702326
vt 0.962820 0.984426
vt 0.963499 0.984533
vt 0.970020 0.702064
vt 0.969404 0.701997
vt 0.970068 0.706031
vt 0.970134 0.706370
vt 0.969455 0.706477
vt 0.969428 0.706116
vt 0.970068 0.701739
vt 0.969428 0.701654
vt 0.970020 0.705706
vt 0.969404 0.705773
vt 0.970134 0.701401
vt 0.969455 0.701293
vt 0.969983 0.705391
vt 0.969383 0.705444
vt 0.962886 0.979796
vt 0.962820 0.979457
vt 0.963499 0.979349
vt 0.963527 0.979711
vt 0.969954 0.705082
vt 0.969367 0.705124
vt 0.962935 0.980120
vt 0.963551 0.980053
vt 0.969933 0.704778
vt 0.969354 0.704809
vt 0.970380 0.704455
vt 0.970401 0.704745
vt 0.962492 0.980494
vt 0.962448 0.980197
vt 0.970428 0.705037
vt 0.962392 0.979899
vt 0.970463 0.705332
vt 0.962319 0.979602
vt 0.970506 0.705629
vt 0.970636 0.701546
vt 0.970562 0.701843
vt 0.970562 0.705927
vt 0.970506 0.702141
vt 0.970636 0.706225
vt 0.970463 0.702438
vt 0.962319 0.984281
vt 0.962392 0.983984
vt 0.970428 0.702733
vt 0.962448 0.983685
vt 0.970401 0.703025
vt 0.962492 0.983388
vt 0.970380 0.703315
vt 0.962595 0.981941
vt 0.962588 0.981658
vt 0.962527 0.983094
vt 0.970366 0.703602
vt 0.962574 0.981371
vt 0.962554 0.982801
vt 0.970359 0.703885
vt 0.962554 0.981082
vt 0.962574 0.982511
vt 0.970366 0.704169
vt 0.962527 0.980789
vt 0.962588 0.982225
vt 0.964138 0.980037
vt 0.964143 0.980366
vt 0.968802 0.704820
vt 0.968799 0.704505
vt 0.964158 0.981941
vt 0.964157 0.982251
vt 0.964148 0.980689
vt 0.968797 0.704194
vt 0.964156 0.982562
vt 0.964153 0.981007
vt 0.968797 0.703885
vt 0.964153 0.982876
vt 0.964156 0.981321
vt 0.968797 0.703576
vt 0.964148 0.983194
vt 0.964157 0.981632
vt 0.968799 0.703265
vt 0.964143 0.983517
vt 0.968802 0.702950
vt 0.964138 0.983846
vt 0.968806 0.702632
vt 0.964136 0.984183
vt 0.968812 0.702310
vt 0.964144 0.984533
vt 0.968817 0.701981
vt 0.968811 0.706476
vt 0.968818 0.706126
vt 0.968818 0.701644
vt 0.968817 0.705789
vt 0.968811 0.701294
vt 0.968812 0.705460
vt 0.964144 0.979350
vt 0.964136 0.979700
vt 0.968806 0.705138
vt 0.909352 0.194686
vt 0.909058 0.194686
vt 0.909058 0.186643
vt 0.909352 0.186643
vt 0.964523 0.981941
vt 0.964527 0.982247
vt 0.964530 0.982557
vt 0.964531 0.982871
vt 0.964532 0.983189
vt 0.964532 0.983512
vt 0.964533 0.983838
vt 0.964540 0.984168
vt 0.964557 0.984500
vt 0.968398 0.706444
vt 0.968415 0.706112
vt 0.968421 0.705782
vt 0.968423 0.705456
vt 0.968423 0.705133
vt 0.968423 0.704815
vt 0.968425 0.704501
vt 0.968428 0.704191
vt 0.968431 0.703885
vt 0.968428 0.703579
vt 0.968425 0.703270
vt 0.968423 0.702955
vt 0.968423 0.702637
vt 0.968423 0.702314
vt 0.968421 0.701988
vt 0.968415 0.701658
vt 0.968398 0.701326
vt 0.964557 0.979382
vt 0.964540 0.979715
vt 0.964533 0.980044
vt 0.964532 0.980371
vt 0.964532 0.980693
vt 0.964531 0.981012
vt 0.964530 0.981326
vt 0.964527 0.981636
vt 0.555003 0.972724
vt 0.554942 0.972348
vt 0.555563 0.972225
vt 0.555633 0.972638
vt 0.927112 0.194686
vt 0.926820 0.194686
vt 0.926820 0.186643
vt 0.927112 0.186643
vt 0.911105 0.194686
vt 0.910814 0.194686
vt 0.910814 0.186643
vt 0.911105 0.186643
vt 0.909646 0.194686
vt 0.909646 0.186643
vt 0.927404 0.194686
vt 0.927404 0.186643
vt 0.911396 0.194686
vt 0.911396 0.186643
vt 0.909939 0.194686
vt 0.909939 0.186643
vt 0.927695 0.194686
vt 0.927695 0.186643
vt 0.911688 0.194686
vt 0.911688 0.186643
vt 0.910231 0.194686
vt 0.910231 0.186643
vt 0.927986 0.194686
vt 0.927986 0.186643
vt 0.911981 0.194686
vt 0.911981 0.186643
vt 0.910522 0.194686
vt 0.910522 0.186643
vt 0.928278 0.194686
vt 0.928278 0.186643
vt 0.912275 0.194686
vt 0.912275 0.186643
vt 0.928570 0.194686
vt 0.928570 0.186643
vt 0.912569 0.194686
vt 0.912569 0.186643
vt 0.928863 0.194686
vt 0.928863 0.186643
vt 0.912863 0.194686
vt 0.912863 0.186643
vt 0.929156 0.194686
vt 0.929156 0.186643
vt 0.913158 0.194686
vt 0.913158 0.186643
vt 0.929450 0.194686
vt 0.929450 0.186643
vt 0.925646 0.194686
vt 0.925351 0.194686
vt 0.925351 0.186643
vt 0.925646 0.186643
vt 0.929745 0.194686
vt 0.929745 0.186643
vt 0.925940 0.194686
vt 0.925940 0.186643
vt 0.930040 0.194686
vt 0.930040 0.186643
vt 0.926234 0.194686
vt 0.926234 0.186643
vt 0.908764 0.194686
vt 0.908469 0.194686
vt 0.908469 0.186643
vt 0.908764 0.186643
vt 0.926528 0.194686
vt 0.926528 0.186643
vt 0.339605 0.974628
vt 0.339641 0.974246
vt 0.340284 0.974290
vt 0.340240 0.974712
vt 0.339072 0.973862
vt 0.339061 0.974211
vt 0.338405 0.974173
vt 0.338411 0.973862
vt 0.339463 0.975380
vt 0.339546 0.975006
vt 0.340170 0.975128
vt 0.340077 0.975536
vt 0.339359 0.975750
vt 0.339962 0.975937
vt 0.339234 0.976116
vt 0.339828 0.976331
vt 0.339088 0.976481
vt 0.339679 0.976718
vt 0.338919 0.976851
vt 0.339521 0.977103
vt 0.554484 0.970881
vt 0.554317 0.970512
vt 0.554913 0.970265
vt 0.555070 0.970644
vt 0.554630 0.971244
vt 0.555219 0.971028
vt 0.554755 0.971608
vt 0.555354 0.971419
vt 0.554859 0.971975
vt 0.555469 0.971818
vt 0.554299 0.972114
vt 0.554374 0.972452
vt 0.553737 0.972569
vt 0.553675 0.972270
vt 0.555041 0.973105
vt 0.555679 0.973057
vt 0.555055 0.973488
vt 0.555699 0.973481
vt 0.555042 0.973871
vt 0.555692 0.973909
vt 0.555009 0.974254
vt 0.555649 0.974336
vt 0.554951 0.974634
vt 0.555579 0.974755
vt 0.554870 0.975010
vt 0.555486 0.975166
vt 0.554766 0.975382
vt 0.555372 0.975569
vt 0.554641 0.975749
vt 0.555237 0.975965
vt 0.554495 0.976117
vt 0.555089 0.976354
vt 0.554325 0.976488
vt 0.554930 0.976741
vt 0.339088 0.971245
vt 0.338921 0.970874
vt 0.339519 0.970628
vt 0.339676 0.971008
vt 0.339234 0.971610
vt 0.339826 0.971394
vt 0.339359 0.971975
vt 0.339960 0.971787
vt 0.339463 0.972344
vt 0.340076 0.972188
vt 0.339545 0.972718
vt 0.340169 0.972596
vt 0.339605 0.973097
vt 0.340239 0.973012
vt 0.339641 0.973478
vt 0.340284 0.973434
vt 0.782591 0.514349
vt 0.782203 0.514426
vt 0.781807 0.514426
vt 0.781419 0.514349
vt 0.781052 0.514198
vt 0.780722 0.513977
vt 0.780439 0.513695
vt 0.780217 0.513364
vt 0.780064 0.512994
vt 0.779986 0.512602
vt 0.779986 0.512201
vt 0.780064 0.511809
vt 0.780217 0.511440
vt 0.780439 0.511109
vt 0.780720 0.510828
vt 0.781050 0.510608
vt 0.781416 0.510456
vt 0.781804 0.510379
vt 0.782199 0.510379
vt 0.782588 0.510456
vt 0.782954 0.510608
vt 0.783285 0.510828
vt 0.783567 0.511110
vt 0.783789 0.511442
vt 0.783943 0.511811
vt 0.784021 0.512204
vt 0.784021 0.512604
vt 0.783943 0.512996
vt 0.783790 0.513365
vt 0.783568 0.513696
vt 0.783287 0.513977
vt 0.782957 0.514197
vt 0.338685 0.971817
vt 0.338804 0.972147
vt 0.338192 0.972345
vt 0.338090 0.972058
vt 0.554428 0.972795
vt 0.553781 0.972873
vt 0.339029 0.974558
vt 0.338380 0.974481
vt 0.338900 0.972482
vt 0.338274 0.972639
vt 0.554461 0.973142
vt 0.553806 0.973181
vt 0.339652 0.973862
vt 0.340303 0.973862
vt 0.338975 0.972822
vt 0.338337 0.972939
vt 0.554474 0.973490
vt 0.553813 0.973491
vt 0.338975 0.974902
vt 0.338337 0.974786
vt 0.339028 0.973166
vt 0.338380 0.973243
vt 0.554463 0.973839
vt 0.553807 0.973802
vt 0.338901 0.975242
vt 0.338274 0.975086
vt 0.339061 0.973513
vt 0.338405 0.973551
vt 0.554431 0.974187
vt 0.553782 0.974111
vt 0.338804 0.975578
vt 0.338192 0.975380
vt 0.554379 0.974532
vt 0.553739 0.974416
vt 0.338686 0.975908
vt 0.338090 0.975666
vt 0.554305 0.974873
vt 0.553676 0.974717
vt 0.338542 0.976235
vt 0.337966 0.975943
vt 0.554209 0.975210
vt 0.553594 0.975012
vt 0.338372 0.976557
vt 0.337818 0.976206
vt 0.554090 0.975542
vt 0.553492 0.975300
vt 0.553771 0.970804
vt 0.553941 0.971125
vt 0.553367 0.971416
vt 0.553219 0.971154
vt 0.553947 0.975870
vt 0.553367 0.975578
vt 0.554084 0.971451
vt 0.553491 0.971692
vt 0.553775 0.976194
vt 0.553219 0.975842
vt 0.554202 0.971780
vt 0.553593 0.971977
vt 0.338372 0.971167
vt 0.338543 0.971490
vt 0.337966 0.971781
vt 0.337818 0.971518
vt 0.981641 0.074700
vt 0.981641 0.075024
vt 0.981138 0.075028
vt 0.981130 0.074707
vt 0.981680 0.107538
vt 0.981671 0.107872
vt 0.981172 0.107837
vt 0.981184 0.107525
vt 0.981640 0.075348
vt 0.981142 0.075346
vt 0.981653 0.108230
vt 0.981139 0.108145
vt 0.981637 0.075673
vt 0.981141 0.075660
vt 0.981610 0.071055
vt 0.981629 0.071414
vt 0.981129 0.071449
vt 0.981096 0.071141
vt 0.981629 0.076007
vt 0.981129 0.075972
vt 0.981637 0.071747
vt 0.981141 0.071760
vt 0.981610 0.076366
vt 0.981096 0.076280
vt 0.981640 0.072073
vt 0.981142 0.072075
vt 0.981653 0.102920
vt 0.981671 0.103278
vt 0.981172 0.103313
vt 0.981139 0.103006
vt 0.981641 0.072396
vt 0.981138 0.072392
vt 0.981680 0.103612
vt 0.981184 0.103625
vt 0.981641 0.072721
vt 0.981130 0.072714
vt 0.981683 0.103937
vt 0.981185 0.103939
vt 0.981681 0.105575
vt 0.981681 0.105907
vt 0.981153 0.105913
vt 0.981144 0.105575
vt 0.981640 0.073048
vt 0.981121 0.073041
vt 0.981684 0.104261
vt 0.981180 0.104257
vt 0.981638 0.073378
vt 0.981111 0.073372
vt 0.981683 0.106237
vt 0.981163 0.106245
vt 0.981684 0.104586
vt 0.981173 0.104579
vt 0.981638 0.073710
vt 0.981101 0.073710
vt 0.981684 0.106564
vt 0.981173 0.106571
vt 0.981683 0.104913
vt 0.981163 0.104905
vt 0.981638 0.074042
vt 0.981111 0.074049
vt 0.981684 0.106889
vt 0.981180 0.106893
vt 0.982601 0.105234
vt 0.982610 0.105575
vt 0.982120 0.105575
vt 0.982122 0.105240
vt 0.982547 0.074386
vt 0.982536 0.074714
vt 0.982074 0.074705
vt 0.982077 0.074377
vt 0.981681 0.105243
vt 0.981153 0.105237
vt 0.981640 0.074372
vt 0.981121 0.074380
vt 0.981683 0.107213
vt 0.981185 0.107211
vt 0.982526 0.075038
vt 0.982518 0.075356
vt 0.982070 0.075354
vt 0.982072 0.075030
vt 0.982567 0.107845
vt 0.982599 0.108149
vt 0.982144 0.108224
vt 0.982122 0.107875
vt 0.982516 0.075671
vt 0.982071 0.075679
vt 0.982556 0.071137
vt 0.982524 0.071440
vt 0.982080 0.071411
vt 0.982101 0.071062
vt 0.982524 0.075981
vt 0.982080 0.076010
vt 0.982516 0.071750
vt 0.982071 0.071742
vt 0.982556 0.076284
vt 0.982101 0.076359
vt 0.982518 0.072064
vt 0.982070 0.072067
vt 0.982599 0.103001
vt 0.982567 0.103305
vt 0.982122 0.103275
vt 0.982144 0.102926
vt 0.982526 0.072383
vt 0.982072 0.072390
vt 0.982558 0.103615
vt 0.982114 0.103607
vt 0.982536 0.072707
vt 0.982074 0.072716
vt 0.982561 0.103929
vt 0.982113 0.103931
vt 0.982547 0.073035
vt 0.982077 0.073044
vt 0.982569 0.104248
vt 0.982114 0.104255
vt 0.982558 0.073369
vt 0.982079 0.073376
vt 0.982601 0.105916
vt 0.982590 0.106250
vt 0.982120 0.106242
vt 0.982122 0.105910
vt 0.982579 0.104571
vt 0.982117 0.104580
vt 0.982567 0.073710
vt 0.982077 0.073710
vt 0.982579 0.106579
vt 0.982117 0.106570
vt 0.982590 0.104900
vt 0.982120 0.104908
vt 0.982558 0.074051
vt 0.982079 0.074045
vt 0.982569 0.106902
vt 0.982114 0.106895
vt 0.982561 0.107221
vt 0.982113 0.107219
vt 0.982558 0.107535
vt 0.982114 0.107543
vt 0.828102 0.636004
vt 0.827808 0.636004
vt 0.827808 0.608518
vt 0.828102 0.608518
vt 0.879625 0.636004
vt 0.879333 0.636004
vt 0.879333 0.608518
vt 0.879625 0.608518
vt 0.829854 0.636004
vt 0.829563 0.636004
vt 0.829563 0.608518
vt 0.829854 0.608518
vt 0.828395 0.636004
vt 0.828395 0.608518
vt 0.879917 0.636004
vt 0.879917 0.608518
vt 0.830146 0.636004
vt 0.830146 0.608518
vt 0.828688 0.636004
vt 0.828688 0.608518
vt 0.880208 0.636004
vt 0.880208 0.608518
vt 0.830438 0.636004
vt 0.830438 0.608518
vt 0.828980 0.636004
vt 0.828980 0.608518
vt 0.880499 0.636004
vt 0.880499 0.608518
vt 0.830731 0.636004
vt 0.830731 0.608518
vt 0.829272 0.636004
vt 0.829272 0.608518
vt 0.880791 0.636004
vt 0.880791 0.608518
vt 0.831024 0.636004
vt 0.831024 0.608518
vt 0.881083 0.636004
vt 0.881083 0.608518
vt 0.831318 0.636004
vt 0.831318 0.608518
vt 0.881376 0.636004
vt 0.881376 0.608518
vt 0.831613 0.636004
vt 0.831613 0.608518
vt 0.881669 0.636004
vt 0.881669 0.608518
vt 0.831907 0.636004
vt 0.831907 0.608518
vt 0.881963 0.636004
vt 0.881963 0.608518
vt 0.878159 0.636004
vt 0.877864 0.636004
vt 0.877864 0.608518
vt 0.878159 0.608518
vt 0.882258 0.636004
vt 0.882258 0.608518
vt 0.878453 0.636004
vt 0.878453 0.608518
vt 0.882552 0.636004
vt 0.882552 0.608518
vt 0.878747 0.636004
vt 0.878747 0.608518
vt 0.827513 0.636004
vt 0.827219 0.636004
vt 0.827219 0.608518
vt 0.827513 0.608518
vt 0.879041 0.636004
vt 0.879041 0.608518
vt 0.552936 0.816495
vt 0.552665 0.816495
vt 0.553207 0.816495
vt 0.553478 0.816495
vt 0.553749 0.816495
vt 0.554020 0.816495
vt 0.554291 0.816495
vt 0.554562 0.816495
vt 0.554833 0.816495
vt 0.134383 0.964842
vt 0.134112 0.964842
vt 0.134654 0.964842
vt 0.134924 0.964842
vt 0.135195 0.964842
vt 0.135467 0.964842
vt 0.135738 0.964842
vt 0.136009 0.964842
vt 0.136280 0.964842
vt 0.136552 0.964842
vt 0.136823 0.964842
vt 0.137094 0.964842
vt 0.137365 0.964842
vt 0.137636 0.964842
vt 0.137907 0.964842
vt 0.138178 0.964842
vt 0.138449 0.964842
vt 0.550767 0.816495
vt 0.550496 0.816495
vt 0.551038 0.816495
vt 0.551309 0.816495
vt 0.551580 0.816495
vt 0.551851 0.816495
vt 0.552122 0.816495
vt 0.552393 0.816495
vt 0.862452 0.636004
vt 0.862159 0.636004
vt 0.862159 0.608518
vt 0.862452 0.608518
vt 0.844690 0.636004
vt 0.844395 0.636004
vt 0.844395 0.608518
vt 0.844690 0.608518
vt 0.861865 0.636004
vt 0.861865 0.608518
vt 0.844100 0.636004
vt 0.844100 0.608518
vt 0.861571 0.636004
vt 0.861571 0.608518
vt 0.865671 0.636004
vt 0.865376 0.636004
vt 0.865376 0.608518
vt 0.865671 0.608518
vt 0.861277 0.636004
vt 0.861277 0.608518
vt 0.865082 0.636004
vt 0.865082 0.608518
vt 0.860982 0.636004
vt 0.860982 0.608518
vt 0.864787 0.636004
vt 0.864787 0.608518
vt 0.848789 0.636004
vt 0.848494 0.636004
vt 0.848494 0.608518
vt 0.848789 0.608518
vt 0.864494 0.636004
vt 0.864494 0.608518
vt 0.848200 0.636004
vt 0.848200 0.608518
vt 0.864201 0.636004
vt 0.864201 0.608518
vt 0.847906 0.636004
vt 0.847906 0.608518
vt 0.863909 0.636004
vt 0.863909 0.608518
vt 0.846445 0.636004
vt 0.846153 0.636004
vt 0.846153 0.608518
vt 0.846445 0.608518
vt 0.847612 0.636004
vt 0.847612 0.608518
vt 0.863618 0.636004
vt 0.863618 0.608518
vt 0.845862 0.636004
vt 0.845862 0.608518
vt 0.847320 0.636004
vt 0.847320 0.608518
vt 0.863326 0.636004
vt 0.863326 0.608518
vt 0.845570 0.636004
vt 0.845570 0.608518
vt 0.847027 0.636004
vt 0.847027 0.608518
vt 0.863035 0.636004
vt 0.863035 0.608518
vt 0.845277 0.636004
vt 0.845277 0.608518
vt 0.846736 0.636004
vt 0.846736 0.608518
vt 0.862744 0.636004
vt 0.862744 0.608518
vt 0.844984 0.636004
vt 0.844984 0.608518
vt 0.221605 0.756107
vt 0.216396 0.782852
vt 0.215591 0.782099
vt 0.220509 0.756206
vt 0.138512 0.193780
vt 0.138524 0.183720
vt 0.145800 0.183737
vt 0.145764 0.193774
vt 0.904558 0.362594
vt 0.916779 0.362594
vt 0.916779 0.367407
vt 0.904558 0.367407
vt 0.916779 0.373262
vt 0.904558 0.373262
vt 0.916779 0.380490
vt 0.904558 0.380490
vt 0.916779 0.388869
vt 0.904558 0.388869
vt 0.916779 0.399857
vt 0.904558 0.399857
vt 0.671997 0.238232
vt 0.628614 0.238231
vt 0.628615 0.228934
vt 0.671997 0.228935
vt 0.628614 0.255627
vt 0.671996 0.255628
vt 0.671996 0.262856
vt 0.628614 0.262855
vt 0.671996 0.268710
vt 0.628614 0.268709
vt 0.671996 0.273523
vt 0.628614 0.273522
vt 0.779993 0.339654
vt 0.779993 0.296268
vt 0.782014 0.296268
vt 0.782014 0.339654
vt 0.627312 0.031397
vt 0.627320 0.042387
vt 0.581306 0.042420
vt 0.323034 0.573945
vt 0.318196 0.572447
vt 0.320465 0.565840
vt 0.325063 0.567263
vt 0.313831 0.568100
vt 0.316318 0.561708
vt 0.310367 0.561329
vt 0.313026 0.555273
vt 0.308143 0.552797
vt 0.310913 0.547165
vt 0.307377 0.543340
vt 0.310185 0.536202
vt 0.307376 0.335217
vt 0.308142 0.325760
vt 0.310912 0.331392
vt 0.310184 0.340380
vt 0.310367 0.317227
vt 0.313026 0.323283
vt 0.313831 0.310456
vt 0.316317 0.316848
vt 0.318196 0.306109
vt 0.320465 0.312717
vt 0.323034 0.304611
vt 0.325064 0.311293
vt 0.307375 0.341929
vt 0.310183 0.349678
vt 0.324687 0.573945
vt 0.326559 0.567263
vt 0.176615 0.326825
vt 0.178835 0.323127
vt 0.180751 0.327848
vt 0.178573 0.331531
vt 0.531893 0.571346
vt 0.533760 0.570916
vt 0.534009 0.571704
vt 0.532026 0.572151
vt 0.536694 0.299193
vt 0.531880 0.297492
vt 0.532052 0.296762
vt 0.537080 0.298510
vt 0.551618 0.549083
vt 0.553355 0.539577
vt 0.554104 0.539675
vt 0.552356 0.549286
vt 0.541672 0.303311
vt 0.542266 0.302776
vt 0.548442 0.557644
vt 0.549143 0.558002
vt 0.546093 0.310054
vt 0.546799 0.309696
vt 0.543967 0.564369
vt 0.544573 0.564909
vt 0.549293 0.318712
vt 0.550039 0.318504
vt 0.538868 0.568700
vt 0.539305 0.569402
vt 0.551131 0.328319
vt 0.551883 0.328218
vt 0.555601 0.389956
vt 0.556353 0.389920
vt 0.137679 0.867128
vt 0.138066 0.828101
vt 0.139901 0.826092
vt 0.139901 0.868434
vt 0.567749 0.268708
vt 0.577654 0.268708
vt 0.577654 0.273521
vt 0.567748 0.273521
vt 0.567749 0.262854
vt 0.577654 0.262854
vt 0.567749 0.255626
vt 0.577654 0.255626
vt 0.567749 0.247247
vt 0.577654 0.247247
vt 0.567749 0.238230
vt 0.577655 0.238230
vt 0.799226 0.634091
vt 0.799303 0.589228
vt 0.801602 0.589191
vt 0.801602 0.634981
vt 0.567756 0.023052
vt 0.577665 0.023050
vt 0.577668 0.031434
vt 0.567757 0.031433
vt 0.567753 0.015823
vt 0.577662 0.015819
vt 0.567751 0.009967
vt 0.577659 0.009962
vt 0.567748 0.005152
vt 0.577657 0.005147
vt 0.779993 0.390618
vt 0.779993 0.340992
vt 0.782014 0.340992
vt 0.782014 0.390618
vt 0.891534 0.874513
vt 0.891903 0.835613
vt 0.893730 0.833575
vt 0.893730 0.875783
vt 0.627276 0.268709
vt 0.627275 0.273522
vt 0.627276 0.262855
vt 0.627276 0.255627
vt 0.627276 0.247248
vt 0.627276 0.238231
vt 0.752097 0.637580
vt 0.795054 0.637325
vt 0.795495 0.639582
vt 0.751539 0.640006
vt 0.627307 0.023017
vt 0.627302 0.015787
vt 0.627298 0.009931
vt 0.627295 0.005117
vt 0.445247 0.663953
vt 0.445247 0.653791
vt 0.446567 0.653791
vt 0.446567 0.663953
vt 0.742517 0.590471
vt 0.747556 0.634174
vt 0.745445 0.635107
vt 0.740189 0.590588
vt 0.556074 0.409697
vt 0.556828 0.409688
vt 0.307375 0.482492
vt 0.310183 0.481484
vt 0.581278 0.097136
vt 0.627279 0.097137
vt 0.581278 0.113469
vt 0.567751 0.166183
vt 0.574036 0.166183
vt 0.574035 0.176344
vt 0.556076 0.461324
vt 0.556828 0.461330
vt 0.574037 0.097136
vt 0.577658 0.097204
vt 0.574037 0.113469
vt 0.627276 0.228934
vt 0.627276 0.227615
vt 0.628615 0.227615
vt 0.307375 0.463154
vt 0.310183 0.465150
vt 0.458786 0.647493
vt 0.458786 0.637331
vt 0.460105 0.637331
vt 0.460105 0.647493
vt 0.094909 0.824782
vt 0.093870 0.822317
vt 0.555909 0.471721
vt 0.556658 0.471739
vt 0.581277 0.166183
vt 0.627278 0.166184
vt 0.581276 0.176345
vt 0.307375 0.412502
vt 0.310183 0.412432
vt 0.856826 0.888208
vt 0.856854 0.891112
vt 0.553919 0.532771
vt 0.554668 0.532815
vt 0.567752 0.113469
vt 0.577657 0.118394
vt 0.673047 0.992965
vt 0.673047 0.991627
vt 0.674367 0.991627
vt 0.674367 0.992965
vt 0.307375 0.402283
vt 0.310183 0.402270
vt 0.848274 0.832292
vt 0.847245 0.829802
vt 0.577655 0.228922
vt 0.581275 0.228933
vt 0.521969 0.297160
vt 0.521954 0.300035
vt 0.495792 0.296892
vt 0.827137 0.268287
vt 0.827137 0.217107
vt 0.828913 0.217593
vt 0.828756 0.267900
vt 0.334688 0.567263
vt 0.392658 0.567264
vt 0.393673 0.573946
vt 0.333673 0.573946
vt 0.800046 0.165948
vt 0.800046 0.215573
vt 0.798336 0.215573
vt 0.798336 0.165948
vt 0.160050 0.791396
vt 0.160133 0.758873
vt 0.160050 0.727911
vt 0.170929 0.782431
vt 0.567754 0.042420
vt 0.574038 0.042421
vt 0.577659 0.047345
vt 0.567749 0.228933
vt 0.574034 0.228933
vt 0.795646 0.540522
vt 0.791510 0.530671
vt 0.792843 0.528394
vt 0.798152 0.539803
vt 0.091127 0.830425
vt 0.097112 0.877573
vt 0.094646 0.878695
vt 0.088169 0.829995
vt 0.742482 0.589102
vt 0.740117 0.589171
vt 0.844508 0.837986
vt 0.851372 0.884654
vt 0.848874 0.886006
vt 0.841586 0.837523
vt 0.102160 0.881119
vt 0.102047 0.884093
vt 0.748659 0.529151
vt 0.746933 0.527144
vt 0.567751 0.176344
vt 0.577656 0.181269
vt 0.578369 0.044457
vt 0.577836 0.045823
vt 0.577671 0.042370
vt 0.579150 0.096196
vt 0.578349 0.095106
vt 0.578349 0.115499
vt 0.577834 0.116872
vt 0.577657 0.113505
vt 0.579149 0.165243
vt 0.577656 0.166186
vt 0.578348 0.164153
vt 0.578347 0.178374
vt 0.577833 0.179747
vt 0.577656 0.176291
vt 0.578346 0.226903
vt 0.579147 0.227993
vt 0.100326 0.883903
vt 0.100945 0.881172
vt 0.098596 0.883290
vt 0.099806 0.880859
vt 0.096962 0.882159
vt 0.098737 0.880140
vt 0.095611 0.880555
vt 0.097807 0.879026
vt 0.093821 0.825283
vt 0.092374 0.822981
vt 0.092812 0.826148
vt 0.090847 0.824091
vt 0.091947 0.827334
vt 0.089514 0.825732
vt 0.091349 0.828792
vt 0.088598 0.827784
vt 0.800991 0.636302
vt 0.798957 0.635097
vt 0.800056 0.637518
vt 0.798417 0.635943
vt 0.798752 0.638528
vt 0.797572 0.636631
vt 0.797165 0.639213
vt 0.796436 0.637113
vt 0.747942 0.635114
vt 0.746019 0.636298
vt 0.748617 0.635973
vt 0.746895 0.637526
vt 0.749555 0.636728
vt 0.748159 0.638648
vt 0.750734 0.637294
vt 0.749763 0.639500
vt 0.852264 0.886097
vt 0.850052 0.887908
vt 0.853359 0.887250
vt 0.851620 0.889492
vt 0.854542 0.888025
vt 0.853401 0.890546
vt 0.855706 0.888366
vt 0.855178 0.891047
vt 0.841981 0.835306
vt 0.844718 0.836347
vt 0.842882 0.833236
vt 0.845305 0.834876
vt 0.844212 0.831580
vt 0.846166 0.833674
vt 0.845742 0.830463
vt 0.847178 0.832797
vt 0.015381 0.268165
vt 0.016878 0.277978
vt 0.009399 0.280081
vt 0.007683 0.269033
vt 0.921172 0.070933
vt 0.921172 0.075746
vt 0.908951 0.075746
vt 0.908951 0.070933
vt 0.921172 0.081601
vt 0.908951 0.081601
vt 0.921172 0.088829
vt 0.908951 0.088829
vt 0.921172 0.097209
vt 0.908951 0.097209
vt 0.921172 0.108196
vt 0.908951 0.108196
vt 0.013326 0.713012
vt 0.011508 0.715006
vt 0.006483 0.700785
vt 0.008974 0.700303
vt 0.684454 0.543972
vt 0.684454 0.536743
vt 0.727839 0.536743
vt 0.727839 0.543972
vt 0.684454 0.530889
vt 0.727839 0.530889
vt 0.684454 0.526075
vt 0.727839 0.526075
vt 0.920827 0.597063
vt 0.920827 0.640449
vt 0.918807 0.640449
vt 0.918807 0.597063
vt 0.582137 0.526731
vt 0.628149 0.526766
vt 0.628141 0.537754
vt 0.404236 0.573946
vt 0.402206 0.567264
vt 0.406804 0.565840
vt 0.409074 0.572448
vt 0.410952 0.561709
vt 0.413439 0.568101
vt 0.414244 0.555274
vt 0.416903 0.561330
vt 0.416358 0.547166
vt 0.419127 0.552798
vt 0.417086 0.536203
vt 0.419894 0.543340
vt 0.419896 0.335217
vt 0.417088 0.340380
vt 0.416359 0.331392
vt 0.419129 0.325760
vt 0.414246 0.323283
vt 0.416905 0.317228
vt 0.410954 0.316848
vt 0.413441 0.310457
vt 0.406806 0.312717
vt 0.409076 0.306109
vt 0.402208 0.311293
vt 0.404238 0.304611
vt 0.419896 0.341929
vt 0.417088 0.349678
vt 0.402392 0.573946
vt 0.400540 0.567264
vt 0.450307 0.570518
vt 0.450176 0.571164
vt 0.448270 0.570648
vt 0.448495 0.570032
vt 0.453156 0.299304
vt 0.452874 0.298739
vt 0.458124 0.297236
vt 0.458242 0.297852
vt 0.433888 0.547620
vt 0.433306 0.547725
vt 0.432211 0.538200
vt 0.432804 0.538154
vt 0.448099 0.303190
vt 0.447642 0.302764
vt 0.435999 0.556139
vt 0.435439 0.556338
vt 0.443817 0.309751
vt 0.443267 0.309479
vt 0.439228 0.563038
vt 0.438724 0.563382
vt 0.440821 0.318276
vt 0.440236 0.318119
vt 0.443564 0.567631
vt 0.443188 0.568146
vt 0.439038 0.327801
vt 0.438446 0.327720
vt 0.434070 0.388743
vt 0.433477 0.388707
vt 0.894481 0.054942
vt 0.892667 0.053715
vt 0.892129 0.013872
vt 0.894481 0.011759
vt 0.568580 0.300455
vt 0.568579 0.295642
vt 0.578484 0.295642
vt 0.578484 0.300455
vt 0.568580 0.306309
vt 0.578484 0.306309
vt 0.568580 0.313537
vt 0.578485 0.313536
vt 0.568580 0.321915
vt 0.578485 0.321915
vt 0.568580 0.330932
vt 0.578485 0.330932
vt 0.063233 0.608150
vt 0.065570 0.607146
vt 0.068160 0.653237
vt 0.065835 0.653230
vt 0.568588 0.546098
vt 0.568589 0.537717
vt 0.578499 0.537717
vt 0.578496 0.546101
vt 0.568585 0.553327
vt 0.578493 0.553331
vt 0.568582 0.559182
vt 0.578490 0.559187
vt 0.568579 0.563997
vt 0.578487 0.564002
vt 0.552525 0.629568
vt 0.552525 0.679194
vt 0.550505 0.679194
vt 0.550505 0.629568
vt 0.843782 0.796160
vt 0.841586 0.797430
vt 0.841586 0.755222
vt 0.843414 0.757259
vt 0.628103 0.295641
vt 0.628103 0.300454
vt 0.628103 0.306308
vt 0.628104 0.313535
vt 0.628104 0.321914
vt 0.628104 0.330930
vt 0.019074 0.604035
vt 0.018549 0.601701
vt 0.059502 0.602752
vt 0.059102 0.604883
vt 0.628135 0.546134
vt 0.628130 0.553364
vt 0.628126 0.559220
vt 0.628123 0.564034
vt 0.381532 0.653692
vt 0.381532 0.663855
vt 0.379913 0.663855
vt 0.379913 0.653692
vt 0.008727 0.651314
vt 0.006393 0.651154
vt 0.012421 0.606417
vt 0.014522 0.607392
vt 0.433281 0.408429
vt 0.432682 0.408412
vt 0.417088 0.481484
vt 0.419896 0.482492
vt 0.582109 0.455685
vt 0.582109 0.472018
vt 0.578488 0.455716
vt 0.568582 0.402975
vt 0.568582 0.392814
vt 0.574866 0.392814
vt 0.432285 0.460136
vt 0.431685 0.460129
vt 0.568584 0.472018
vt 0.568584 0.455686
vt 0.574868 0.455685
vt 0.393749 0.716447
vt 0.393749 0.663855
vt 0.395367 0.663855
vt 0.395367 0.716447
vt 0.417088 0.465150
vt 0.419896 0.463154
vt 0.381532 0.600975
vt 0.379913 0.600975
vt 0.848305 0.011851
vt 0.846907 0.008751
vt 0.432212 0.470551
vt 0.431616 0.470550
vt 0.578487 0.402944
vt 0.578487 0.392844
vt 0.582107 0.392814
vt 0.417088 0.412432
vt 0.419896 0.412502
vt 0.878490 0.809855
vt 0.878462 0.812758
vt 0.432520 0.531366
vt 0.431927 0.531380
vt 0.578488 0.450761
vt 0.393749 0.600976
vt 0.393749 0.584641
vt 0.395367 0.584641
vt 0.395367 0.600976
vt 0.417088 0.402270
vt 0.419896 0.402283
vt 0.629442 0.330930
vt 0.629442 0.340226
vt 0.628104 0.340227
vt 0.888071 0.751449
vt 0.887043 0.753938
vt 0.582106 0.340228
vt 0.578485 0.340183
vt 0.798336 0.109882
vt 0.798336 0.099976
vt 0.800063 0.099976
vt 0.800063 0.109882
vt 0.568585 0.526730
vt 0.578490 0.521806
vt 0.574865 0.340228
vt 0.568581 0.340228
vt 0.061328 0.702733
vt 0.063859 0.703524
vt 0.058168 0.714978
vt 0.056875 0.712630
vt 0.841695 0.017547
vt 0.844494 0.017697
vt 0.855307 0.064014
vt 0.852830 0.065608
vt 0.008668 0.652689
vt 0.006298 0.652573
vt 0.890808 0.759633
vt 0.893730 0.759170
vt 0.886442 0.807653
vt 0.883944 0.806300
vt 0.860545 0.069423
vt 0.860405 0.067254
vt 0.578487 0.387890
vt 0.578503 0.526758
vt 0.579201 0.524694
vt 0.580011 0.525777
vt 0.578489 0.472008
vt 0.579981 0.472958
vt 0.579180 0.474047
vt 0.579180 0.453656
vt 0.579981 0.454745
vt 0.579979 0.403915
vt 0.579178 0.405004
vt 0.579178 0.390784
vt 0.579979 0.391873
vt 0.579978 0.341168
vt 0.579177 0.342258
vt 0.859243 0.069563
vt 0.859422 0.067405
vt 0.857653 0.069406
vt 0.858385 0.067108
vt 0.855891 0.068692
vt 0.857284 0.066418
vt 0.854212 0.067373
vt 0.856211 0.065367
vt 0.847124 0.012360
vt 0.845191 0.009796
vt 0.846068 0.013281
vt 0.843690 0.011272
vt 0.845213 0.014539
vt 0.842534 0.013186
vt 0.844663 0.016049
vt 0.841874 0.015371
vt 0.062886 0.607140
vt 0.064902 0.605852
vt 0.062307 0.606256
vt 0.063932 0.604662
vt 0.061471 0.605545
vt 0.062622 0.603693
vt 0.060394 0.605071
vt 0.061078 0.603068
vt 0.013022 0.605235
vt 0.014923 0.606456
vt 0.013924 0.604027
vt 0.015610 0.605607
vt 0.015209 0.602943
vt 0.016556 0.604865
vt 0.016812 0.602146
vt 0.017730 0.604314
vt 0.885264 0.809554
vt 0.883053 0.807744
vt 0.883696 0.811138
vt 0.881957 0.808896
vt 0.881915 0.812193
vt 0.880775 0.809672
vt 0.880138 0.812693
vt 0.879610 0.810013
vt 0.890598 0.757994
vt 0.893335 0.756952
vt 0.890011 0.756523
vt 0.892434 0.754882
vt 0.889150 0.755321
vt 0.891104 0.753227
vt 0.888139 0.754444
vt 0.889575 0.752110
vt 0.574869 0.526730
vt 0.568680 0.582387
vt 0.568680 0.574696
vt 0.570679 0.574696
vt 0.570679 0.582387
vt 0.530309 0.297245
vt 0.521966 0.296494
vt 0.530371 0.296536
vt 0.874224 0.264292
vt 0.838059 0.275636
vt 0.837833 0.273976
vt 0.872960 0.263387
vt 0.825470 0.079814
vt 0.825470 0.071932
vt 0.827185 0.071932
vt 0.827185 0.079814
vt 0.448797 0.832040
vt 0.419812 0.832039
vt 0.390826 0.832038
vt 0.398066 0.822132
vt 0.838646 0.209684
vt 0.876695 0.220721
vt 0.875564 0.221654
vt 0.838409 0.211068
vt 0.460153 0.297608
vt 0.460111 0.297009
vt 0.468709 0.297021
vt 0.468710 0.297573
vt 0.382992 0.771168
vt 0.382991 0.772506
vt 0.381263 0.772506
vt 0.381264 0.771168
vt 0.384707 0.771169
vt 0.384706 0.772507
vt 0.220950 0.294529
vt 0.187028 0.294528
vt 0.191972 0.278019
vt 0.220956 0.278020
vt 0.457093 0.832041
vt 0.457073 0.822135
vt 0.458784 0.822131
vt 0.458804 0.832037
vt 0.447415 0.819295
vt 0.448838 0.822134
vt 0.445814 0.820819
vt 0.393811 0.820817
vt 0.395829 0.821795
vt 0.390873 0.822132
vt 0.836183 0.210866
vt 0.836111 0.209294
vt 0.833868 0.211483
vt 0.833223 0.209840
vt 0.831694 0.212904
vt 0.830493 0.211481
vt 0.829973 0.215018
vt 0.828369 0.214021
vt 0.829733 0.270297
vt 0.828234 0.271136
vt 0.831311 0.272271
vt 0.830136 0.273494
vt 0.833261 0.273572
vt 0.832553 0.275076
vt 0.835479 0.274148
vt 0.835282 0.275791
vt 0.271518 0.292919
vt 0.266136 0.294529
vt 0.259565 0.278020
vt 0.264163 0.276597
vt 0.276373 0.288246
vt 0.268311 0.272466
vt 0.280226 0.280967
vt 0.271603 0.266031
vt 0.282702 0.271796
vt 0.273716 0.257923
vt 0.283559 0.247905
vt 0.274446 0.246961
vt 0.282704 0.027744
vt 0.283559 0.037911
vt 0.274448 0.051137
vt 0.273719 0.042149
vt 0.280230 0.018572
vt 0.271605 0.034041
vt 0.276376 0.011294
vt 0.268313 0.027607
vt 0.271521 0.006621
vt 0.264165 0.023475
vt 0.266139 0.005010
vt 0.259568 0.022051
vt 0.283562 0.192958
vt 0.274449 0.192241
vt 0.283562 0.176997
vt 0.274449 0.175907
vt 0.283563 0.123244
vt 0.274449 0.123189
vt 0.283563 0.112715
vt 0.274449 0.113027
vt 0.283561 0.061304
vt 0.274448 0.060434
vt 0.220929 0.005008
vt 0.255166 0.005009
vt 0.250193 0.022051
vt 0.220939 0.022051
vt 0.257635 0.022051
vt 0.175853 0.294526
vt 0.170472 0.292915
vt 0.177826 0.276595
vt 0.182424 0.278018
vt 0.165617 0.288242
vt 0.173679 0.272463
vt 0.161764 0.280964
vt 0.170388 0.266029
vt 0.159290 0.271793
vt 0.168275 0.257921
vt 0.158434 0.247302
vt 0.167546 0.246959
vt 0.158434 0.042107
vt 0.159288 0.027744
vt 0.168273 0.042149
vt 0.167545 0.051137
vt 0.161763 0.018572
vt 0.170387 0.034041
vt 0.165616 0.011294
vt 0.173678 0.027606
vt 0.170471 0.006621
vt 0.177826 0.023475
vt 0.175853 0.005010
vt 0.182424 0.022051
vt 0.158432 0.193255
vt 0.167544 0.192241
vt 0.158431 0.176762
vt 0.167544 0.175906
vt 0.158431 0.123268
vt 0.167544 0.123189
vt 0.158432 0.113125
vt 0.167544 0.113026
vt 0.158432 0.059726
vt 0.167545 0.060434
vt 0.254871 0.294530
vt 0.258236 0.278020
vt 0.184121 0.278018
vt 0.079565 0.015873
vt 0.079753 0.008693
vt 0.112314 0.009918
vt 0.111626 0.016844
vt 0.125586 0.019110
vt 0.121395 0.017808
vt 0.123213 0.011397
vt 0.128656 0.013459
vt 0.019958 0.286499
vt 0.013081 0.290325
vt 0.138617 0.246262
vt 0.145907 0.246273
vt 0.129167 0.022664
vt 0.134296 0.018063
vt 0.024194 0.292913
vt 0.018696 0.298421
vt 0.138482 0.263622
vt 0.145794 0.264195
vt 0.132269 0.028625
vt 0.138833 0.025672
vt 0.028778 0.296967
vt 0.025171 0.303416
vt 0.077086 0.300425
vt 0.112251 0.298485
vt 0.113307 0.306481
vt 0.077203 0.307965
vt 0.134336 0.036793
vt 0.141576 0.035252
vt 0.033381 0.298893
vt 0.031195 0.305821
vt 0.122838 0.296846
vt 0.125647 0.304229
vt 0.136851 0.060381
vt 0.144275 0.059846
vt 0.016759 0.059967
vt 0.014776 0.114007
vt 0.007479 0.113668
vt 0.009452 0.059351
vt 0.137615 0.277074
vt 0.144475 0.278427
vt 0.014566 0.129826
vt 0.007263 0.129978
vt 0.046006 0.015570
vt 0.035638 0.015719
vt 0.033304 0.008543
vt 0.045796 0.007784
vt 0.135309 0.285187
vt 0.141888 0.287959
vt 0.014229 0.183239
vt 0.006923 0.183208
vt 0.131845 0.291317
vt 0.137474 0.295858
vt 0.014202 0.193708
vt 0.006888 0.193703
vt 0.031166 0.017353
vt 0.027084 0.011203
vt 0.127613 0.295069
vt 0.131769 0.301224
vt 0.014427 0.244939
vt 0.007020 0.244870
vt 0.026754 0.021554
vt 0.020939 0.016581
vt 0.022716 0.028156
vt 0.015791 0.024804
vt 0.138492 0.114183
vt 0.145833 0.114065
vt 0.019735 0.036731
vt 0.012435 0.034893
vt 0.138592 0.130569
vt 0.145907 0.130554
vt 0.186692 0.005009
vt 0.184026 0.022051
vt 0.402535 0.304611
vt 0.400577 0.311293
vt 0.392947 0.311293
vt 0.394493 0.304611
vt 0.179517 0.790701
vt 0.179500 0.789485
vt 0.043202 0.299981
vt 0.042545 0.307330
vt 0.451595 0.278887
vt 0.448544 0.277830
vt 0.451699 0.270092
vt 0.454540 0.270964
vt 0.324793 0.304611
vt 0.332899 0.304611
vt 0.334439 0.311293
vt 0.326748 0.311293
vt 0.491515 0.573188
vt 0.491510 0.568431
vt 0.523124 0.568637
vt 0.363696 0.304611
vt 0.363693 0.311293
vt 0.178967 0.729002
vt 0.214255 0.731936
vt 0.213594 0.732761
vt 0.179006 0.729948
vt 0.170585 0.737419
vt 0.171740 0.737578
vt 0.171981 0.782329
vt 0.162955 0.728126
vt 0.160822 0.719706
vt 0.171700 0.720850
vt 0.214995 0.725713
vt 0.160408 0.800192
vt 0.163008 0.791281
vt 0.171902 0.799741
vt 0.174458 0.789187
vt 0.171191 0.790943
vt 0.172571 0.787347
vt 0.172474 0.732154
vt 0.171154 0.734648
vt 0.171144 0.728428
vt 0.176917 0.730178
vt 0.176642 0.729242
vt 0.174995 0.731164
vt 0.174371 0.730282
vt 0.173385 0.732834
vt 0.172262 0.735050
vt 0.176851 0.790339
vt 0.177178 0.789231
vt 0.175099 0.788272
vt 0.173448 0.786697
vt 0.171359 0.785000
vt 0.172369 0.784662
vt 0.636058 0.743195
vt 0.636058 0.801165
vt 0.634343 0.801165
vt 0.634343 0.743195
vt 0.357457 0.013659
vt 0.323221 0.013659
vt 0.323221 0.005007
vt 0.357457 0.005007
vt 0.309737 0.284888
vt 0.313012 0.285868
vt 0.312249 0.294520
vt 0.306868 0.292909
vt 0.306900 0.282157
vt 0.302013 0.288236
vt 0.304181 0.277020
vt 0.298161 0.280958
vt 0.302274 0.269951
vt 0.295687 0.271787
vt 0.301522 0.247912
vt 0.294835 0.247894
vt 0.302253 0.029656
vt 0.301522 0.038374
vt 0.294835 0.037906
vt 0.295687 0.027739
vt 0.304181 0.022506
vt 0.298161 0.018568
vt 0.306900 0.017370
vt 0.302013 0.011290
vt 0.309737 0.014639
vt 0.306868 0.006617
vt 0.313012 0.013659
vt 0.312249 0.005007
vt 0.301522 0.192773
vt 0.294835 0.193124
vt 0.301522 0.176096
vt 0.294835 0.176760
vt 0.301522 0.122651
vt 0.294835 0.123238
vt 0.301522 0.112205
vt 0.294835 0.112709
vt 0.301522 0.060916
vt 0.294835 0.061501
vt 0.401767 0.285868
vt 0.405042 0.284888
vt 0.407912 0.292909
vt 0.402531 0.294520
vt 0.407880 0.282157
vt 0.412766 0.288236
vt 0.410599 0.277020
vt 0.416619 0.280958
vt 0.412505 0.269951
vt 0.419092 0.271787
vt 0.413258 0.247412
vt 0.419945 0.247296
vt 0.413258 0.041821
vt 0.412527 0.029656
vt 0.419092 0.027739
vt 0.419945 0.041877
vt 0.410599 0.022507
vt 0.416619 0.018568
vt 0.407880 0.017370
vt 0.412766 0.011290
vt 0.405042 0.014639
vt 0.407912 0.006617
vt 0.401767 0.013659
vt 0.402531 0.005007
vt 0.413258 0.193292
vt 0.419945 0.193249
vt 0.413258 0.176585
vt 0.419945 0.176756
vt 0.413258 0.122825
vt 0.419945 0.123262
vt 0.413258 0.112706
vt 0.419945 0.113119
vt 0.413258 0.059677
vt 0.419945 0.059720
vt 0.323513 0.285868
vt 0.323513 0.294520
vt 0.391356 0.285868
vt 0.391356 0.294520
vt 0.391693 0.013659
vt 0.391693 0.005007
vt 0.357434 0.285868
vt 0.357434 0.294520
vt 0.775908 0.256256
vt 0.766304 0.256256
vt 0.766305 0.255352
vt 0.775908 0.255352
vt 0.551455 0.118179
vt 0.551235 0.172668
vt 0.545687 0.173707
vt 0.545933 0.118312
vt 0.494837 0.279366
vt 0.461339 0.279536
vt 0.463406 0.270952
vt 0.494728 0.270772
vt 0.436401 0.100948
vt 0.438357 0.046544
vt 0.443995 0.044562
vt 0.441919 0.101075
vt 0.551143 0.183156
vt 0.545614 0.183525
vt 0.538905 0.013186
vt 0.541873 0.014350
vt 0.538481 0.022332
vt 0.535714 0.021395
vt 0.436192 0.118089
vt 0.441745 0.118198
vt 0.550091 0.234333
vt 0.544427 0.239361
vt 0.544476 0.016908
vt 0.540804 0.024732
vt 0.436200 0.171833
vt 0.441771 0.173766
vt 0.549246 0.254539
vt 0.544128 0.248465
vt 0.547164 0.021641
vt 0.543007 0.029143
vt 0.436295 0.182979
vt 0.441878 0.184447
vt 0.448659 0.013463
vt 0.451728 0.012341
vt 0.454878 0.020833
vt 0.451998 0.021788
vt 0.549183 0.028250
vt 0.544519 0.035194
vt 0.437648 0.236450
vt 0.443366 0.239899
vt 0.445916 0.016020
vt 0.449477 0.024234
vt 0.550779 0.046579
vt 0.545247 0.044838
vt 0.438550 0.253425
vt 0.443780 0.249041
vt 0.442993 0.020817
vt 0.446993 0.028736
vt 0.548028 0.262806
vt 0.543367 0.256251
vt 0.528848 0.012127
vt 0.526499 0.021086
vt 0.440657 0.027559
vt 0.445150 0.034926
vt 0.545823 0.269397
vt 0.541801 0.262398
vt 0.461867 0.011480
vt 0.464111 0.020547
vt 0.543074 0.273988
vt 0.539584 0.266732
vt 0.440286 0.263842
vt 0.444803 0.256887
vt 0.540479 0.276449
vt 0.537261 0.269045
vt 0.537559 0.277559
vt 0.527984 0.278544
vt 0.525709 0.270255
vt 0.534522 0.269917
vt 0.442776 0.270647
vt 0.446734 0.263199
vt 0.495404 0.011130
vt 0.495316 0.020318
vt 0.445777 0.275354
vt 0.449217 0.267691
vt 0.551439 0.101718
vt 0.545932 0.101284
vt 0.556152 0.101842
vt 0.556182 0.118587
vt 0.446282 0.282854
vt 0.442946 0.280184
vt 0.555493 0.046609
vt 0.439182 0.275027
vt 0.495460 0.005524
vt 0.530060 0.006549
vt 0.542823 0.281221
vt 0.539555 0.282580
vt 0.436059 0.267523
vt 0.529152 0.283888
vt 0.545938 0.278542
vt 0.433810 0.254805
vt 0.460332 0.285029
vt 0.449716 0.284138
vt 0.549378 0.273492
vt 0.433589 0.046496
vt 0.436414 0.023789
vt 0.449750 0.006943
vt 0.460761 0.005828
vt 0.552166 0.266257
vt 0.439364 0.016287
vt 0.540977 0.007943
vt 0.553775 0.257327
vt 0.443032 0.011038
vt 0.432843 0.236472
vt 0.553445 0.024729
vt 0.446322 0.008286
vt 0.431520 0.182631
vt 0.550828 0.017361
vt 0.431431 0.172332
vt 0.547425 0.012141
vt 0.554820 0.234663
vt 0.431431 0.117894
vt 0.544295 0.009356
vt 0.555884 0.183031
vt 0.431660 0.100948
vt 0.555979 0.172470
vt 0.494919 0.284759
vt 0.022031 0.328404
vt 0.019081 0.329318
vt 0.016503 0.322331
vt 0.021341 0.320833
vt 0.016480 0.331909
vt 0.012138 0.326678
vt 0.013975 0.336805
vt 0.008674 0.333449
vt 0.012202 0.343606
vt 0.006450 0.341981
vt 0.011536 0.351835
vt 0.005684 0.351439
vt 0.011536 0.559165
vt 0.012202 0.567395
vt 0.006450 0.569019
vt 0.005684 0.559561
vt 0.013975 0.574196
vt 0.008674 0.577551
vt 0.016480 0.579092
vt 0.012138 0.584322
vt 0.019081 0.581683
vt 0.016503 0.588669
vt 0.022031 0.582596
vt 0.021341 0.590167
vt 0.011536 0.552849
vt 0.005684 0.552849
vt 0.023577 0.328404
vt 0.022994 0.320833
vt 0.023686 0.582596
vt 0.031205 0.582596
vt 0.031205 0.590167
vt 0.023100 0.590167
vt 0.011536 0.412287
vt 0.005684 0.412287
vt 0.011536 0.431626
vt 0.005684 0.431626
vt 0.011536 0.482277
vt 0.005684 0.482277
vt 0.011536 0.492496
vt 0.005684 0.492496
vt 0.104803 0.329318
vt 0.101853 0.328404
vt 0.102544 0.320833
vt 0.107382 0.322331
vt 0.107405 0.331909
vt 0.111746 0.326678
vt 0.109909 0.336805
vt 0.115210 0.333449
vt 0.111682 0.343606
vt 0.117434 0.341981
vt 0.112349 0.351835
vt 0.118200 0.351439
vt 0.111682 0.567395
vt 0.112349 0.559165
vt 0.118200 0.559561
vt 0.117434 0.569019
vt 0.109909 0.574196
vt 0.115210 0.577551
vt 0.107405 0.579092
vt 0.111746 0.584322
vt 0.104803 0.581683
vt 0.107382 0.588669
vt 0.101853 0.582596
vt 0.102544 0.590167
vt 0.112349 0.552849
vt 0.118200 0.552849
vt 0.100130 0.328404
vt 0.091980 0.328404
vt 0.091980 0.320833
vt 0.100700 0.320833
vt 0.100252 0.582596
vt 0.100841 0.590167
vt 0.112349 0.412287
vt 0.118200 0.412287
vt 0.112349 0.431626
vt 0.118200 0.431626
vt 0.112349 0.482277
vt 0.118200 0.482277
vt 0.112349 0.492496
vt 0.118200 0.492496
vt 0.061942 0.328404
vt 0.031980 0.328404
vt 0.031980 0.320833
vt 0.061942 0.320833
vt 0.061942 0.582596
vt 0.092799 0.582596
vt 0.092799 0.590167
vt 0.061942 0.590167
vt 0.258778 0.565117
vt 0.251256 0.566404
vt 0.249152 0.559806
vt 0.256435 0.559237
vt 0.264446 0.561767
vt 0.262379 0.563867
vt 0.260159 0.558307
vt 0.262343 0.556245
vt 0.170454 0.486057
vt 0.170038 0.466645
vt 0.172866 0.465424
vt 0.173264 0.483920
vt 0.180786 0.321148
vt 0.182810 0.325900
vt 0.268934 0.343827
vt 0.273105 0.404531
vt 0.270352 0.406002
vt 0.266365 0.347936
vt 0.273941 0.465801
vt 0.273554 0.485137
vt 0.270764 0.483021
vt 0.271112 0.464598
vt 0.182967 0.320189
vt 0.185095 0.325107
vt 0.266244 0.330124
vt 0.268108 0.337641
vt 0.265808 0.342153
vt 0.264251 0.334980
vt 0.763199 0.514877
vt 0.763185 0.513560
vt 0.764521 0.513560
vt 0.184236 0.319947
vt 0.190566 0.318839
vt 0.192514 0.324539
vt 0.186382 0.325014
vt 0.273466 0.414861
vt 0.270667 0.415842
vt 0.266776 0.557837
vt 0.264652 0.552335
vt 0.174553 0.332351
vt 0.176703 0.336904
vt 0.268933 0.551977
vt 0.266611 0.546680
vt 0.181985 0.564881
vt 0.179907 0.562892
vt 0.181817 0.557433
vt 0.183994 0.559388
vt 0.184267 0.565796
vt 0.186374 0.560132
vt 0.270338 0.544296
vt 0.267686 0.539454
vt 0.170212 0.405379
vt 0.172582 0.345657
vt 0.175224 0.349586
vt 0.172968 0.406776
vt 0.221858 0.568280
vt 0.221791 0.561242
vt 0.173123 0.339643
vt 0.175550 0.343908
vt 0.185675 0.566012
vt 0.187782 0.560191
vt 0.170026 0.415639
vt 0.172829 0.416576
vt 0.177514 0.559106
vt 0.179488 0.553661
vt 0.261266 0.320825
vt 0.263780 0.324499
vt 0.262018 0.329493
vt 0.259573 0.325791
vt 0.175268 0.553373
vt 0.177518 0.548130
vt 0.259149 0.318922
vt 0.257359 0.323897
vt 0.173820 0.545776
vt 0.176455 0.540992
vt 0.256870 0.318080
vt 0.254981 0.323200
vt 0.192814 0.567018
vt 0.194684 0.560525
vt 0.255524 0.317904
vt 0.253622 0.323166
vt 0.219830 0.316622
vt 0.249005 0.317148
vt 0.247335 0.322980
vt 0.219991 0.322867
vt 0.221901 0.580876
vt 0.190132 0.579010
vt 0.191660 0.571453
vt 0.221892 0.573007
vt 0.279482 0.332855
vt 0.280806 0.340046
vt 0.272751 0.341359
vt 0.271528 0.334849
vt 0.162227 0.335548
vt 0.164648 0.326813
vt 0.171648 0.329518
vt 0.169722 0.337114
vt 0.254276 0.578905
vt 0.252551 0.570921
vt 0.261050 0.308042
vt 0.264118 0.309488
vt 0.260651 0.315677
vt 0.258331 0.314616
vt 0.164814 0.559645
vt 0.162194 0.550219
vt 0.170158 0.548537
vt 0.172308 0.556554
vt 0.158603 0.404377
vt 0.161145 0.342360
vt 0.168797 0.343393
vt 0.166281 0.404590
vt 0.267617 0.311797
vt 0.262995 0.317545
vt 0.168823 0.567067
vt 0.175183 0.562484
vt 0.158369 0.415011
vt 0.166055 0.415122
vt 0.272180 0.316412
vt 0.266032 0.321198
vt 0.173252 0.571878
vt 0.178100 0.566255
vt 0.158369 0.467395
vt 0.166067 0.467297
vt 0.276444 0.323615
vt 0.269112 0.327001
vt 0.176698 0.574324
vt 0.180389 0.568209
vt 0.158824 0.487494
vt 0.166528 0.487220
vt 0.179741 0.575882
vt 0.182691 0.569347
vt 0.281720 0.548639
vt 0.279345 0.557901
vt 0.271974 0.555125
vt 0.274015 0.547069
vt 0.284840 0.403317
vt 0.277066 0.403655
vt 0.179426 0.309777
vt 0.187435 0.307050
vt 0.189284 0.314643
vt 0.182627 0.316390
vt 0.275756 0.565363
vt 0.269249 0.561191
vt 0.285195 0.414083
vt 0.277450 0.414286
vt 0.181381 0.576590
vt 0.184157 0.569826
vt 0.271720 0.570464
vt 0.266410 0.565142
vt 0.285585 0.466508
vt 0.277906 0.466434
vt 0.268450 0.573246
vt 0.264120 0.567226
vt 0.285114 0.486570
vt 0.277454 0.486290
vt 0.174995 0.312371
vt 0.177910 0.310547
vt 0.181315 0.316889
vt 0.179116 0.318072
vt 0.265357 0.575155
vt 0.261801 0.568462
vt 0.171913 0.315007
vt 0.176942 0.320049
vt 0.219534 0.304478
vt 0.251403 0.305397
vt 0.250044 0.312867
vt 0.219713 0.312130
vt 0.259470 0.307418
vt 0.256924 0.314197
vt 0.168098 0.319810
vt 0.174244 0.323786
vt 0.263812 0.575928
vt 0.260465 0.568962
vt 0.260067 0.564877
vt 0.255846 0.551214
vt 0.257322 0.550719
vt 0.257731 0.559142
vt 0.258581 0.549453
vt 0.260269 0.546306
vt 0.261685 0.541427
vt 0.262364 0.534916
vt 0.260580 0.346654
vt 0.259575 0.340230
vt 0.257931 0.335460
vt 0.256163 0.332427
vt 0.254914 0.331239
vt 0.253488 0.330812
vt 0.260849 0.351992
vt 0.254589 0.551252
vt 0.252169 0.330829
vt 0.265098 0.480940
vt 0.265245 0.463386
vt 0.264766 0.416914
vt 0.264530 0.407593
vt 0.186549 0.551980
vt 0.187958 0.552403
vt 0.185347 0.550803
vt 0.183744 0.547771
vt 0.182383 0.542983
vt 0.181734 0.536544
vt 0.181508 0.341706
vt 0.180888 0.348105
vt 0.182772 0.337014
vt 0.184307 0.334066
vt 0.185463 0.332914
vt 0.186832 0.332485
vt 0.180796 0.353425
vt 0.189297 0.552395
vt 0.188076 0.332481
vt 0.178982 0.481792
vt 0.178746 0.464182
vt 0.178732 0.417555
vt 0.178781 0.408228
vt 0.221685 0.552593
vt 0.247759 0.551499
vt 0.195772 0.552384
vt 0.220217 0.331298
vt 0.193826 0.332360
vt 0.246324 0.330908
vt 0.350936 0.754192
vt 0.350936 0.812163
vt 0.307639 0.812163
vt 0.307639 0.754192
vt 0.350936 0.746310
vt 0.307639 0.746310
vt 0.350936 0.820292
vt 0.307639 0.820292
vt 0.628614 0.247248
vt 0.671997 0.247249
vt 0.129952 0.577517
vt 0.129952 0.524800
vt 0.142144 0.524800
vt 0.142144 0.577517
vt 0.068150 0.654635
vt 0.065804 0.654564
vt 0.142144 0.649568
vt 0.142144 0.658586
vt 0.129952 0.658586
vt 0.129952 0.649568
vt 0.827356 0.785703
vt 0.827356 0.814957
vt 0.815164 0.814957
vt 0.815164 0.785703
vt 0.129952 0.640271
vt 0.129952 0.587679
vt 0.142144 0.587679
vt 0.142144 0.640271
vt 0.129952 0.508465
vt 0.142144 0.508465
vt 0.892383 0.346065
vt 0.892383 0.355971
vt 0.890363 0.355971
vt 0.890363 0.346065
vt 0.629441 0.295641
vt 0.629441 0.300454
vt 0.629441 0.306308
vt 0.629442 0.313535
vt 0.629442 0.321914
vt 0.629487 0.526767
vt 0.629479 0.537755
vt 0.629473 0.546135
vt 0.629468 0.553365
vt 0.629465 0.559220
vt 0.629461 0.564035
vt 0.672000 0.113472
vt 0.628617 0.113471
vt 0.628618 0.097137
vt 0.672000 0.097138
vt 0.799279 0.587905
vt 0.801583 0.587828
vt 0.744024 0.541485
vt 0.741629 0.540936
vt 0.129952 0.365780
vt 0.142144 0.365780
vt 0.142144 0.418372
vt 0.129952 0.418372
vt 0.142144 0.428534
vt 0.129952 0.428534
vt 0.142144 0.481252
vt 0.129952 0.481252
vt 0.628651 0.031397
vt 0.628658 0.042386
vt 0.628645 0.023016
vt 0.628640 0.015786
vt 0.628636 0.009930
vt 0.628633 0.005116
vt 0.408923 0.600975
vt 0.407585 0.600975
vt 0.407585 0.584641
vt 0.408923 0.584641
vt 0.408923 0.653692
vt 0.407585 0.653692
vt 0.408923 0.663855
vt 0.407585 0.663855
vt 0.408923 0.716447
vt 0.407585 0.716447
vt 0.458786 0.700212
vt 0.460105 0.700212
vt 0.445247 0.601073
vt 0.445247 0.584738
vt 0.446567 0.584738
vt 0.446567 0.601073
vt 0.445247 0.716545
vt 0.446567 0.716545
vt 0.458786 0.716546
vt 0.460105 0.716546
vt 0.458786 0.584737
vt 0.460105 0.584737
vt 0.431690 0.601073
vt 0.431690 0.584739
vt 0.433028 0.584739
vt 0.433028 0.601073
vt 0.431690 0.653790
vt 0.433028 0.653790
vt 0.431690 0.663953
vt 0.433028 0.663953
vt 0.431690 0.716545
vt 0.433028 0.716545
vt 0.393749 0.653692
vt 0.395367 0.653692
vt 0.798900 0.991236
vt 0.800238 0.991236
vt 0.800238 0.992854
vt 0.798900 0.992854
vt 0.381532 0.584641
vt 0.379913 0.584641
vt 0.991216 0.979363
vt 0.992554 0.979363
vt 0.992554 0.980982
vt 0.991216 0.980982
vt 0.381532 0.716447
vt 0.379913 0.716447
vt 0.460649 0.301566
vt 0.460597 0.300891
vt 0.468753 0.300687
vt 0.468764 0.301317
vt 0.436723 0.537878
vt 0.436058 0.537923
vt 0.435830 0.531272
vt 0.436513 0.531258
vt 0.435537 0.470564
vt 0.436227 0.470566
vt 0.435629 0.460176
vt 0.436323 0.460186
vt 0.436626 0.408530
vt 0.437320 0.408550
vt 0.437377 0.388935
vt 0.438068 0.388976
vt 0.442324 0.328259
vt 0.443003 0.328349
vt 0.449622 0.566200
vt 0.449450 0.566810
vt 0.445348 0.565112
vt 0.445689 0.564627
vt 0.444001 0.319121
vt 0.444648 0.319291
vt 0.441784 0.561286
vt 0.442289 0.560960
vt 0.446730 0.311197
vt 0.447315 0.311478
vt 0.439002 0.555068
vt 0.439601 0.554867
vt 0.450411 0.305362
vt 0.450874 0.305773
vt 0.437053 0.547062
vt 0.437696 0.546952
vt 0.454436 0.302027
vt 0.454688 0.302557
vt 0.458705 0.301016
vt 0.458765 0.301637
vt 0.451204 0.566416
vt 0.451106 0.567114
vt 0.786507 0.174739
vt 0.785811 0.174739
vt 0.785813 0.157696
vt 0.786507 0.157696
vt 0.785820 0.102695
vt 0.786507 0.102695
vt 0.785801 0.092092
vt 0.786507 0.092092
vt 0.785806 0.037221
vt 0.786508 0.037221
vt 0.785798 0.027952
vt 0.786508 0.027952
vt 0.785833 0.019910
vt 0.784033 0.019910
vt 0.784055 0.013315
vt 0.781480 0.013315
vt 0.781547 0.008577
vt 0.778918 0.008577
vt 0.778929 0.006058
vt 0.775932 0.006058
vt 0.775908 0.005154
vt 0.786507 0.231475
vt 0.785812 0.231475
vt 0.785813 0.241573
vt 0.784002 0.241573
vt 0.783962 0.231475
vt 0.784055 0.248094
vt 0.781532 0.248094
vt 0.781530 0.241573
vt 0.781546 0.252832
vt 0.778872 0.252832
vt 0.778853 0.248094
vt 0.778929 0.255352
vt 0.775911 0.252832
vt 0.703693 0.248094
vt 0.703726 0.252832
vt 0.694028 0.252832
vt 0.694026 0.248094
vt 0.703479 0.027952
vt 0.703481 0.037221
vt 0.694027 0.037221
vt 0.694049 0.027952
vt 0.703478 0.019910
vt 0.694048 0.019910
vt 0.703450 0.013315
vt 0.694034 0.013315
vt 0.703555 0.102694
vt 0.703606 0.157696
vt 0.694067 0.157696
vt 0.694033 0.102694
vt 0.703481 0.008577
vt 0.693996 0.008577
vt 0.703685 0.241573
vt 0.694112 0.241573
vt 0.703439 0.006058
vt 0.694031 0.006058
vt 0.703712 0.255352
vt 0.694061 0.255352
vt 0.703633 0.174739
vt 0.694024 0.174739
vt 0.703721 0.256256
vt 0.694035 0.256256
vt 0.703698 0.231475
vt 0.694024 0.231475
vt 0.703452 0.005154
vt 0.694035 0.005154
vt 0.703543 0.092092
vt 0.694052 0.092092
vt 0.735004 0.248094
vt 0.735018 0.252832
vt 0.735028 0.027952
vt 0.735027 0.037221
vt 0.735021 0.019910
vt 0.735026 0.013315
vt 0.735023 0.102694
vt 0.735015 0.157696
vt 0.735041 0.008577
vt 0.735002 0.241573
vt 0.735025 0.006058
vt 0.735009 0.255352
vt 0.735014 0.174739
vt 0.735013 0.256256
vt 0.735017 0.231475
vt 0.735033 0.005154
vt 0.735020 0.092092
vt 0.691023 0.092092
vt 0.691018 0.037221
vt 0.691019 0.248094
vt 0.691011 0.241573
vt 0.691010 0.008577
vt 0.691014 0.006058
vt 0.691014 0.255352
vt 0.691019 0.252832
vt 0.691024 0.174739
vt 0.691004 0.157696
vt 0.691015 0.102695
vt 0.691007 0.027952
vt 0.691016 0.231475
vt 0.691028 0.019910
vt 0.691003 0.013315
vt 0.775915 0.248094
vt 0.766309 0.252832
vt 0.766315 0.248094
vt 0.775913 0.027952
vt 0.775910 0.037221
vt 0.766573 0.037221
vt 0.766577 0.027952
vt 0.775912 0.019910
vt 0.766564 0.019910
vt 0.775893 0.013315
vt 0.766601 0.013315
vt 0.775903 0.102695
vt 0.775916 0.157696
vt 0.766423 0.157696
vt 0.766490 0.102694
vt 0.775911 0.008577
vt 0.766602 0.008577
vt 0.775914 0.241573
vt 0.766319 0.241573
vt 0.766612 0.006058
vt 0.775905 0.174739
vt 0.766395 0.174739
vt 0.775903 0.231475
vt 0.766337 0.231475
vt 0.766615 0.005154
vt 0.775932 0.092092
vt 0.766496 0.092092
vt 0.778913 0.027952
vt 0.778907 0.037221
vt 0.778918 0.013315
vt 0.778914 0.019910
vt 0.778883 0.102695
vt 0.778876 0.157696
vt 0.778869 0.241573
vt 0.778872 0.174739
vt 0.778863 0.231475
vt 0.778892 0.092092
vt 0.688410 0.027952
vt 0.688399 0.019910
vt 0.688397 0.008577
vt 0.688408 0.013315
vt 0.688384 0.241573
vt 0.688379 0.231475
vt 0.688397 0.252832
vt 0.688384 0.157696
vt 0.688405 0.102695
vt 0.688366 0.174739
vt 0.688374 0.248094
vt 0.688399 0.092092
vt 0.688416 0.037221
vt 0.685925 0.231475
vt 0.685857 0.174739
vt 0.685862 0.037221
vt 0.685854 0.027952
vt 0.685871 0.019910
vt 0.685889 0.013315
vt 0.685890 0.241573
vt 0.685855 0.092092
vt 0.685889 0.248094
vt 0.685856 0.157696
vt 0.685863 0.102694
vt 0.781501 0.027952
vt 0.781478 0.037221
vt 0.781484 0.019910
vt 0.781488 0.102695
vt 0.781516 0.157696
vt 0.781507 0.174739
vt 0.781533 0.231475
vt 0.781463 0.092092
vt 0.784003 0.027952
vt 0.784019 0.037221
vt 0.784000 0.102695
vt 0.784005 0.157696
vt 0.783973 0.174739
vt 0.784022 0.092092
vt 0.684143 0.157696
vt 0.684099 0.102694
vt 0.684150 0.174739
vt 0.684120 0.231475
vt 0.684104 0.092092
vt 0.684088 0.027952
vt 0.684110 0.019910
vt 0.684130 0.241573
vt 0.684125 0.037221
vt 0.683436 0.157696
vt 0.683436 0.102695
vt 0.683436 0.174739
vt 0.683436 0.231475
vt 0.683436 0.037221
vt 0.683436 0.027952
vt 0.683436 0.092926
vt 0.989166 0.736643
vt 0.987670 0.736643
vt 0.987670 0.734932
vt 0.989166 0.734932
vt 0.456972 0.772509
vt 0.458683 0.772506
vt 0.809872 0.340904
vt 0.809872 0.390529
vt 0.808522 0.390529
vt 0.808376 0.340904
vt 0.448798 0.815247
vt 0.448797 0.829021
vt 0.809872 0.400435
vt 0.808543 0.400435
vt 0.809872 0.296269
vt 0.809872 0.339566
vt 0.808376 0.339566
vt 0.808376 0.296269
vt 0.324140 0.991413
vt 0.322811 0.991413
vt 0.322811 0.989702
vt 0.324140 0.989702
vt 0.800046 0.225479
vt 0.798336 0.225479
vt 0.456969 0.771171
vt 0.458680 0.771168
vt 0.800046 0.164610
vt 0.798336 0.164610
vt 0.825470 0.103933
vt 0.825470 0.091712
vt 0.827181 0.091712
vt 0.827181 0.103933
vt 0.800046 0.121314
vt 0.798336 0.121314
vt 0.798336 0.050351
vt 0.800063 0.050351
vt 0.798336 0.049013
vt 0.800063 0.049013
vt 0.550506 0.745166
vt 0.552173 0.745166
vt 0.552205 0.794791
vt 0.550506 0.794791
vt 0.382977 0.822132
vt 0.390826 0.829019
vt 0.382947 0.772506
vt 0.390829 0.772507
vt 0.390827 0.815245
vt 0.552203 0.804697
vt 0.550506 0.804697
vt 0.550506 0.700531
vt 0.552173 0.700531
vt 0.552173 0.743828
vt 0.550506 0.743828
vt 0.383004 0.727872
vt 0.381276 0.727871
vt 0.916961 0.284339
vt 0.916961 0.272118
vt 0.918689 0.272118
vt 0.918689 0.284339
vt 0.382974 0.832038
vt 0.381247 0.832037
vt 0.381249 0.822131
vt 0.970767 0.257580
vt 0.969100 0.257580
vt 0.969100 0.255852
vt 0.970767 0.255852
vt 0.796875 0.850187
vt 0.795178 0.850187
vt 0.795178 0.848460
vt 0.796875 0.848460
vt 0.827356 0.756449
vt 0.815164 0.756449
vt 0.815164 0.748759
vt 0.827356 0.748759
vt 0.568680 0.649862
vt 0.568680 0.648524
vt 0.570679 0.648524
vt 0.570679 0.649862
vt 0.523264 0.571986
vt 0.523299 0.572764
vt 0.459348 0.567977
vt 0.459070 0.571502
vt 0.459398 0.567267
vt 0.827356 0.822587
vt 0.815164 0.822587
vt 0.568680 0.723690
vt 0.568680 0.715999
vt 0.570679 0.715999
vt 0.570679 0.723690
vt 0.459023 0.572133
vt 0.658240 0.989386
vt 0.659924 0.989386
vt 0.659924 0.991406
vt 0.658240 0.991406
vt 0.971118 0.231485
vt 0.971118 0.243677
vt 0.969098 0.243677
vt 0.969098 0.231485
vt 0.552525 0.689100
vt 0.550505 0.689100
vt 0.892383 0.296440
vt 0.890363 0.296440
vt 0.795912 0.339654
vt 0.795912 0.340992
vt 0.794228 0.340992
vt 0.794227 0.339654
vt 0.309138 0.989764
vt 0.309138 0.991396
vt 0.307800 0.991396
vt 0.307800 0.989764
vt 0.969351 0.526704
vt 0.970982 0.526704
vt 0.970982 0.538895
vt 0.969351 0.538895
vt 0.970926 0.613773
vt 0.970926 0.625964
vt 0.969241 0.625964
vt 0.969241 0.613773
vt 0.796120 0.390618
vt 0.796160 0.400524
vt 0.794228 0.400524
vt 0.794228 0.390618
vt 0.890505 0.266507
vt 0.890513 0.256601
vt 0.892107 0.256601
vt 0.892107 0.266507
vt 0.890475 0.206976
vt 0.892107 0.206976
vt 0.643708 0.989393
vt 0.645310 0.989393
vt 0.645310 0.991413
vt 0.643708 0.991413
vt 0.552525 0.628230
vt 0.550505 0.628230
vt 0.904573 0.640449
vt 0.904573 0.597063
vt 0.906593 0.597063
vt 0.906593 0.640449
vt 0.684454 0.552351
vt 0.727839 0.552351
vt 0.601659 0.989446
vt 0.602997 0.989446
vt 0.602997 0.991466
vt 0.601659 0.991466
vt 0.779993 0.400524
vt 0.782014 0.400524
vt 0.795912 0.296268
vt 0.794227 0.296268
vt 0.795177 0.836465
vt 0.795177 0.826559
vt 0.797197 0.826559
vt 0.797197 0.836465
vt 0.630678 0.991408
vt 0.629047 0.991408
vt 0.629047 0.989388
vt 0.630678 0.989388
vt 0.795177 0.776934
vt 0.797197 0.776934
vt 0.616691 0.991467
vt 0.615353 0.991467
vt 0.615353 0.989446
vt 0.616691 0.989446
vt 0.981094 0.088566
vt 0.983027 0.088566
vt 0.983027 0.090587
vt 0.981094 0.090587
vt 0.607562 0.649862
vt 0.578308 0.649862
vt 0.578308 0.648524
vt 0.607562 0.648524
vt 0.636816 0.649862
vt 0.636816 0.648524
vt 0.644506 0.648524
vt 0.644506 0.649862
vt 0.568680 0.657491
vt 0.570679 0.657491
vt 0.646505 0.648524
vt 0.646505 0.649862
vt 0.568680 0.686745
vt 0.570679 0.686745
vt 0.568680 0.640895
vt 0.570679 0.640895
vt 0.568680 0.611641
vt 0.570679 0.611641
vt 0.458688 0.771190
vt 0.458688 0.772528
vt 0.450559 0.772526
vt 0.450559 0.771188
vt 0.392588 0.771171
vt 0.392588 0.772509
vt 0.636058 0.735066
vt 0.634343 0.735066
vt 0.825470 0.013960
vt 0.825470 0.005831
vt 0.827185 0.005831
vt 0.827185 0.013960
vt 0.636058 0.809047
vt 0.634343 0.809047
vt 0.460403 0.771190
vt 0.460403 0.772529
vt 0.968399 0.689130
vt 0.968399 0.676939
vt 0.970419 0.676939
vt 0.970419 0.689130
vt 0.969098 0.219349
vt 0.969098 0.207157
vt 0.971118 0.207157
vt 0.971118 0.219349
vt 0.552525 0.584844
vt 0.550505 0.584844
vt 0.798336 0.237144
vt 0.799968 0.237144
vt 0.799968 0.280529
vt 0.798336 0.280529
vt 0.783121 0.843078
vt 0.783121 0.850707
vt 0.739736 0.850707
vt 0.739736 0.843078
vt 0.971260 0.589445
vt 0.971260 0.601637
vt 0.969240 0.601637
vt 0.969240 0.589445
vt 0.783121 0.813824
vt 0.739736 0.813824
vt 0.743775 0.543717
vt 0.741301 0.543473
vt 0.671998 0.166185
vt 0.628616 0.166184
vt 0.671998 0.176347
vt 0.628616 0.176346
vt 0.142144 0.497586
vt 0.129952 0.497586
vt 0.008762 0.698039
vt 0.006298 0.698201
vt 0.727839 0.633421
vt 0.727839 0.686138
vt 0.684454 0.686138
vt 0.684454 0.633421
vt 0.727839 0.623259
vt 0.684454 0.623259
vt 0.727839 0.570666
vt 0.684454 0.570666
vt 0.684454 0.561369
vt 0.727839 0.561369
vt 0.727839 0.702473
vt 0.684454 0.702473
vt 0.783121 0.784570
vt 0.739736 0.784570
vt 0.739736 0.776879
vt 0.783121 0.776879
vt 0.142144 0.680049
vt 0.142144 0.684862
vt 0.129952 0.684862
vt 0.129952 0.680049
vt 0.142144 0.674194
vt 0.129952 0.674194
vt 0.142144 0.666966
vt 0.129952 0.666966
vt 0.142144 0.326002
vt 0.129952 0.326002
vt 0.129952 0.321189
vt 0.142144 0.321189
vt 0.142144 0.331857
vt 0.129952 0.331857
vt 0.142144 0.339085
vt 0.129952 0.339085
vt 0.142144 0.347465
vt 0.129952 0.347465
vt 0.142144 0.356483
vt 0.129952 0.356483
vt 0.798336 0.005716
vt 0.800063 0.005716
vt 0.069530 0.986808
vt 0.069530 0.989129
vt 0.067802 0.989129
vt 0.067802 0.986808
vt 0.988344 0.412345
vt 0.990011 0.412345
vt 0.990011 0.414665
vt 0.988344 0.414665
vt 0.987886 0.164027
vt 0.987886 0.161707
vt 0.989597 0.161707
vt 0.989597 0.164027
vt 0.456881 0.727875
vt 0.458591 0.727871
vt 0.021350 0.988268
vt 0.021350 0.990588
vt 0.019854 0.990588
vt 0.019854 0.988268
vt 0.109959 0.602059
vt 0.108567 0.601920
vt 0.107664 0.600887
vt 0.110744 0.600684
vt 0.107980 0.608097
vt 0.106809 0.608035
vt 0.109105 0.674864
vt 0.110498 0.674732
vt 0.111508 0.675641
vt 0.108490 0.676395
vt 0.064334 0.700796
vt 0.061778 0.700392
vt 0.672789 0.526797
vt 0.672782 0.537785
vt 0.672776 0.546166
vt 0.672771 0.553395
vt 0.672767 0.559250
vt 0.672764 0.564064
vt 0.796036 0.542838
vt 0.798554 0.542493
vt 0.671956 0.031368
vt 0.671963 0.042357
vt 0.671950 0.022987
vt 0.671945 0.015757
vt 0.671942 0.009902
vt 0.671938 0.005087
vt 0.047122 0.988268
vt 0.049142 0.988268
vt 0.049142 0.990529
vt 0.047122 0.990529
vt 0.893368 0.988332
vt 0.895388 0.988332
vt 0.895388 0.990593
vt 0.893368 0.990593
vt 0.876566 0.990959
vt 0.874546 0.990959
vt 0.874546 0.988698
vt 0.876566 0.988698
vt 0.970926 0.640399
vt 0.969241 0.640399
vt 0.969241 0.638138
vt 0.970926 0.638138
vt 0.570344 0.991214
vt 0.568713 0.991214
vt 0.568713 0.988952
vt 0.570344 0.988952
vt 0.817223 0.990562
vt 0.815203 0.990562
vt 0.815203 0.988301
vt 0.817223 0.988301
vt 0.081457 0.601074
vt 0.081457 0.603336
vt 0.080569 0.603336
vt 0.080569 0.601074
vt 0.081457 0.640280
vt 0.081457 0.669534
vt 0.080569 0.669534
vt 0.080569 0.640280
vt 0.323393 0.593832
vt 0.323438 0.603129
vt 0.322089 0.603135
vt 0.322044 0.593838
vt 0.307876 0.718599
vt 0.308132 0.665882
vt 0.309481 0.665889
vt 0.309225 0.718605
vt 0.323743 0.665882
vt 0.323999 0.718599
vt 0.322650 0.718605
vt 0.322394 0.665889
vt 0.308182 0.655720
vt 0.308437 0.603129
vt 0.309786 0.603135
vt 0.309530 0.655727
vt 0.991545 0.183205
vt 0.991545 0.185466
vt 0.990182 0.185466
vt 0.990182 0.183205
vt 0.353126 0.584618
vt 0.352441 0.593610
vt 0.350763 0.593618
vt 0.351373 0.584570
vt 0.353046 0.718378
vt 0.353126 0.734712
vt 0.351448 0.734720
vt 0.351368 0.718386
vt 0.365721 0.655499
vt 0.365976 0.602907
vt 0.367654 0.602916
vt 0.367399 0.655507
vt 0.352741 0.655499
vt 0.352791 0.665661
vt 0.351113 0.665669
vt 0.351063 0.655507
vt 0.858793 0.988715
vt 0.858793 0.990976
vt 0.857039 0.990976
vt 0.857039 0.988715
vt 0.081457 0.611026
vt 0.080569 0.611026
vt 0.928840 0.723941
vt 0.928840 0.726202
vt 0.927295 0.726202
vt 0.927295 0.723941
vt 0.840947 0.988718
vt 0.840947 0.990979
vt 0.839533 0.990996
vt 0.839533 0.988735
vt 0.974007 0.013610
vt 0.973924 0.006382
vt 0.975627 0.006085
vt 0.975627 0.013787
vt 0.365337 0.734712
vt 0.365416 0.718378
vt 0.367094 0.718386
vt 0.367015 0.734720
vt 0.237820 0.975276
vt 0.237703 0.980088
vt 0.236667 0.980313
vt 0.236667 0.974888
vt 0.974737 0.457481
vt 0.974941 0.451630
vt 0.975978 0.451409
vt 0.975978 0.457970
vt 0.974736 0.419554
vt 0.974736 0.412326
vt 0.976070 0.412361
vt 0.976126 0.419693
vt 0.121905 0.965010
vt 0.121879 0.973390
vt 0.120518 0.973455
vt 0.120518 0.964841
vt 0.323693 0.655720
vt 0.322345 0.655727
vt 0.336290 0.734742
vt 0.336290 0.718408
vt 0.338552 0.718408
vt 0.338552 0.734742
vt 0.336290 0.665691
vt 0.338552 0.665691
vt 0.336290 0.655528
vt 0.338552 0.655528
vt 0.336290 0.602936
vt 0.338552 0.602936
vt 0.336290 0.593639
vt 0.338552 0.593639
vt 0.338552 0.584571
vt 0.336290 0.584571
vt 0.365672 0.665661
vt 0.367350 0.665669
vt 0.366021 0.593610
vt 0.365337 0.584618
vt 0.367090 0.584570
vt 0.367700 0.593618
vt 0.352486 0.602907
vt 0.350808 0.602916
vt 0.540369 0.988949
vt 0.540369 0.991210
vt 0.538690 0.991210
vt 0.538690 0.988949
vt 0.971649 0.837104
vt 0.971649 0.846030
vt 0.969387 0.846030
vt 0.969387 0.837104
vt 0.971303 0.749412
vt 0.971220 0.757791
vt 0.969597 0.757934
vt 0.969597 0.749007
vt 0.971220 0.770237
vt 0.971303 0.778617
vt 0.969596 0.779021
vt 0.969596 0.770094
vt 0.583724 0.991339
vt 0.583724 0.989078
vt 0.585354 0.989078
vt 0.585354 0.991339
vt 0.975673 0.161686
vt 0.975673 0.169388
vt 0.973411 0.169388
vt 0.973411 0.161686
vt 0.975627 0.026254
vt 0.975544 0.033482
vt 0.973924 0.033659
vt 0.973924 0.025957
vt 0.554950 0.988937
vt 0.554950 0.991198
vt 0.553222 0.991198
vt 0.553222 0.988937
vt 0.570972 0.970263
vt 0.570972 0.976751
vt 0.568710 0.976757
vt 0.568710 0.970269
vt 0.354208 0.970981
vt 0.353900 0.976827
vt 0.352516 0.977115
vt 0.352516 0.970628
vt 0.367808 0.970916
vt 0.368116 0.976762
vt 0.366424 0.977115
vt 0.366424 0.970627
vt 0.921641 0.726219
vt 0.921641 0.723957
vt 0.930471 0.719412
vt 0.929281 0.718648
vt 0.930471 0.730731
vt 0.929281 0.731495
vt 0.660689 0.708755
vt 0.660689 0.725089
vt 0.658427 0.725089
vt 0.658427 0.708755
vt 0.660689 0.656037
vt 0.658427 0.656037
vt 0.660689 0.645875
vt 0.658427 0.645875
vt 0.660689 0.593283
vt 0.658427 0.593283
vt 0.660689 0.583986
vt 0.658427 0.583986
vt 0.658427 0.574691
vt 0.660689 0.574691
vt 0.308482 0.593831
vt 0.307797 0.584840
vt 0.309133 0.584570
vt 0.309831 0.593838
vt 0.324078 0.584840
vt 0.322742 0.584570
vt 0.324078 0.734933
vt 0.322729 0.734939
vt 0.352517 0.991572
vt 0.352517 0.989311
vt 0.353866 0.989311
vt 0.353866 0.991572
vt 0.307797 0.734933
vt 0.309146 0.734940
vt 0.971855 0.791183
vt 0.971855 0.799796
vt 0.969594 0.799796
vt 0.969594 0.791183
vt 0.108274 0.964906
vt 0.108299 0.973286
vt 0.106912 0.973455
vt 0.106912 0.964841
vt 0.339219 0.989299
vt 0.339219 0.991560
vt 0.337822 0.991560
vt 0.337822 0.989299
vt 0.585983 0.969553
vt 0.585983 0.976886
vt 0.583721 0.976886
vt 0.583721 0.969553
vt 0.366425 0.991572
vt 0.366425 0.989311
vt 0.367759 0.989311
vt 0.367759 0.991572
vt 0.974736 0.439233
vt 0.974736 0.432005
vt 0.976126 0.431866
vt 0.976070 0.439198
vt 0.968924 0.102924
vt 0.968924 0.109485
vt 0.966663 0.109476
vt 0.966663 0.102915
vt 0.990856 0.396727
vt 0.990856 0.398988
vt 0.989796 0.398963
vt 0.989796 0.396702
vt 0.969596 0.864541
vt 0.969391 0.858690
vt 0.970632 0.858200
vt 0.970632 0.864762
vt 0.714870 0.973904
vt 0.714870 0.979329
vt 0.712608 0.979339
vt 0.712608 0.973914
vt 0.816395 0.973649
vt 0.816855 0.975863
vt 0.815664 0.976110
vt 0.815204 0.973896
vt 0.816855 0.968857
vt 0.815853 0.968510
vt 0.660727 0.744341
vt 0.660727 0.802312
vt 0.648506 0.802312
vt 0.648506 0.744341
vt 0.660727 0.736459
vt 0.648506 0.736459
vt 0.660727 0.810441
vt 0.648506 0.810441
vt 0.969897 0.652582
vt 0.969897 0.664803
vt 0.968401 0.664803
vt 0.968401 0.652582
vt 0.969282 0.296621
vt 0.969282 0.308842
vt 0.967571 0.308842
vt 0.967571 0.296621
vt 0.967571 0.320978
vt 0.969238 0.320978
vt 0.969238 0.333199
vt 0.967571 0.333199
vt 0.932632 0.272118
vt 0.932632 0.284339
vt 0.930904 0.284339
vt 0.930904 0.272118
vt 0.987843 0.024620
vt 0.987843 0.022300
vt 0.989571 0.022300
vt 0.989571 0.024620
vt 0.988195 0.453746
vt 0.988195 0.451425
vt 0.989906 0.451425
vt 0.989906 0.453746
vt 0.852913 0.388192
vt 0.853808 0.399142
vt 0.852071 0.399401
vt 0.851167 0.388399
vt 0.866017 0.399143
vt 0.866913 0.388192
vt 0.868650 0.388451
vt 0.867755 0.399401
vt 0.975017 0.121948
vt 0.974965 0.129176
vt 0.973414 0.129515
vt 0.973414 0.121682
vt 0.944079 0.723977
vt 0.942655 0.719379
vt 0.943997 0.718648
vt 0.945493 0.723977
vt 0.033568 0.990588
vt 0.033568 0.988268
vt 0.034906 0.988268
vt 0.034906 0.990588
vt 0.967558 0.082147
vt 0.966663 0.071197
vt 0.967986 0.071000
vt 0.968881 0.081950
vt 0.975418 0.046065
vt 0.975479 0.053293
vt 0.973925 0.053505
vt 0.973925 0.045829
vt 0.988428 0.484464
vt 0.988428 0.482144
vt 0.989559 0.482123
vt 0.989559 0.484443
vt 0.957245 0.277294
vt 0.957256 0.274974
vt 0.958442 0.274973
vt 0.958431 0.277293
vt 0.836637 0.388451
vt 0.838957 0.388451
vt 0.838958 0.399438
vt 0.836637 0.399438
vt 0.836637 0.379588
vt 0.838958 0.379588
vt 0.988344 0.429197
vt 0.988344 0.426877
vt 0.989913 0.426877
vt 0.989913 0.429197
vt 0.880861 0.399179
vt 0.881756 0.388228
vt 0.883079 0.388425
vt 0.882183 0.399376
vt 0.966663 0.090479
vt 0.968201 0.090787
vt 0.880861 0.379897
vt 0.882399 0.379589
vt 0.893367 0.968465
vt 0.895687 0.968460
vt 0.895687 0.976136
vt 0.893367 0.976141
vt 0.975453 0.718880
vt 0.975392 0.726108
vt 0.973899 0.726344
vt 0.973899 0.718668
vt 0.969334 0.927456
vt 0.969334 0.925135
vt 0.970847 0.925121
vt 0.970847 0.927441
vt 0.541008 0.976751
vt 0.538688 0.976753
vt 0.538688 0.970267
vt 0.541008 0.970265
vt 0.615745 0.976930
vt 0.615353 0.971089
vt 0.616829 0.970764
vt 0.616829 0.977250
vt 0.603135 0.971089
vt 0.602742 0.976930
vt 0.601658 0.977250
vt 0.601658 0.970764
vt 0.963728 0.274985
vt 0.963717 0.277305
vt 0.955925 0.270348
vt 0.956962 0.269898
vt 0.955925 0.281924
vt 0.956963 0.282371
vt 0.822105 0.390628
vt 0.822105 0.379588
vt 0.824426 0.379588
vt 0.824426 0.390575
vt 0.822086 0.399499
vt 0.824407 0.399497
vt 0.866017 0.379860
vt 0.867619 0.379589
vt 0.977578 0.396702
vt 0.977578 0.399023
vt 0.975821 0.399023
vt 0.975821 0.396702
vt 0.963605 0.396702
vt 0.963605 0.399022
vt 0.961980 0.399048
vt 0.961980 0.396728
vt 0.853808 0.379861
vt 0.852206 0.379589
vt 0.974359 0.502687
vt 0.974359 0.510519
vt 0.972039 0.510513
vt 0.972039 0.502681
vt 0.974965 0.142023
vt 0.975017 0.149251
vt 0.973414 0.149517
vt 0.973414 0.141684
vt 0.989783 0.465957
vt 0.989783 0.468277
vt 0.988196 0.468283
vt 0.988196 0.465962
vt 0.646026 0.970766
vt 0.646026 0.977196
vt 0.643705 0.977194
vt 0.643705 0.970764
vt 0.741474 0.973814
vt 0.741370 0.979668
vt 0.739896 0.980071
vt 0.739896 0.973641
vt 0.976490 0.189216
vt 0.976387 0.183363
vt 0.977964 0.183189
vt 0.977965 0.189619
vt 0.006109 0.990588
vt 0.006109 0.988268
vt 0.007637 0.988268
vt 0.007637 0.990588
vt 0.892793 0.278487
vt 0.892793 0.284023
vt 0.890473 0.284023
vt 0.890473 0.278487
vt 0.944079 0.726297
vt 0.945493 0.726297
vt 0.942655 0.730896
vt 0.943997 0.731627
vt 0.365337 0.746092
vt 0.367657 0.746092
vt 0.367657 0.754221
vt 0.365337 0.754221
vt 0.365337 0.820073
vt 0.365337 0.812191
vt 0.367657 0.812191
vt 0.367657 0.820073
vt 0.110631 0.668149
vt 0.110508 0.608086
vt 0.111807 0.608006
vt 0.111807 0.668167
vt 0.108043 0.668827
vt 0.106746 0.668963
vt 0.825571 0.195258
vt 0.825571 0.187628
vt 0.827832 0.187628
vt 0.827832 0.195258
vt 0.825571 0.129120
vt 0.825571 0.121430
vt 0.827832 0.121430
vt 0.827832 0.129120
vt 0.825571 0.158374
vt 0.827832 0.158374
vt 0.093679 0.608765
vt 0.093679 0.601075
vt 0.094566 0.601075
vt 0.094566 0.608765
vt 0.093679 0.677163
vt 0.093679 0.674902
vt 0.094566 0.674902
vt 0.094566 0.677163
vt 0.081457 0.677163
vt 0.080569 0.677163
vt 0.093679 0.638019
vt 0.094566 0.638019
vt 0.093679 0.667273
vt 0.094566 0.667273
vt 0.523099 0.567990
vt 0.531160 0.567445
vt 0.531230 0.568080
vt 0.531239 0.300768
vt 0.529887 0.300725
vt 0.529912 0.300163
vt 0.531336 0.300262
vt 0.521953 0.300595
vt 0.549586 0.539100
vt 0.550071 0.532536
vt 0.550706 0.532570
vt 0.550200 0.539178
vt 0.552044 0.471633
vt 0.552686 0.471648
vt 0.552199 0.461290
vt 0.552844 0.461295
vt 0.552187 0.409746
vt 0.552833 0.409738
vt 0.551730 0.390136
vt 0.552377 0.390105
vt 0.547279 0.328837
vt 0.547916 0.328755
vt 0.532743 0.567244
vt 0.536872 0.565499
vt 0.537194 0.566002
vt 0.532907 0.567815
vt 0.545581 0.319759
vt 0.546189 0.319589
vt 0.541119 0.561811
vt 0.541578 0.562212
vt 0.542655 0.311810
vt 0.543214 0.311530
vt 0.545044 0.555891
vt 0.545592 0.556169
vt 0.538857 0.305820
vt 0.539318 0.305427
vt 0.547962 0.548069
vt 0.548556 0.548232
vt 0.534957 0.302209
vt 0.535244 0.301741
vt 0.441558 0.822134
vt 0.443795 0.821797
vt 0.448444 0.817375
vt 0.391181 0.817373
vt 0.392210 0.819293
vt 0.574867 0.402975
vt 0.578487 0.407898
vt 0.574869 0.472018
vt 0.578489 0.476942
vt 0.578485 0.345153
vt 0.581021 0.526475
vt 0.578667 0.523328
vt 0.578666 0.475420
vt 0.580990 0.472259
vt 0.580990 0.455444
vt 0.578665 0.452283
vt 0.578664 0.406377
vt 0.582107 0.402974
vt 0.580989 0.403215
vt 0.580988 0.392573
vt 0.578664 0.389411
vt 0.578663 0.343631
vt 0.580987 0.340469
vt 0.577656 0.161259
vt 0.577658 0.092212
vt 0.567752 0.097136
vt 0.577655 0.224008
vt 0.580190 0.042676
vt 0.579179 0.043374
vt 0.577835 0.093734
vt 0.580159 0.096895
vt 0.580159 0.113710
vt 0.579150 0.114410
vt 0.577833 0.162781
vt 0.580158 0.165942
vt 0.580158 0.176586
vt 0.579148 0.177285
vt 0.577832 0.225530
vt 0.580157 0.228692
vt 0.627279 0.113470
vt 0.627278 0.176346
vt 0.628107 0.455684
vt 0.628108 0.472017
vt 0.628106 0.392812
vt 0.628106 0.402973
vt 0.249941 0.278020
vt 0.448800 0.772509
vt 0.456929 0.772510
vt 0.191685 0.022051
vt 0.217925 0.789548
vt 0.768093 0.444395
vt 0.767546 0.444395
vt 0.767549 0.427031
vt 0.768093 0.427031
vt 0.767550 0.381552
vt 0.768093 0.381552
vt 0.768093 0.498446
vt 0.767553 0.498446
vt 0.767551 0.505130
vt 0.766222 0.505130
vt 0.766225 0.498446
vt 0.766219 0.510241
vt 0.764527 0.510241
vt 0.764524 0.505130
vt 0.763199 0.510241
vt 0.768093 0.318187
vt 0.767538 0.318187
vt 0.767543 0.312743
vt 0.768093 0.312743
vt 0.767551 0.306060
vt 0.766201 0.306060
vt 0.766219 0.300948
vt 0.764506 0.300948
vt 0.764521 0.297629
vt 0.763184 0.297629
vt 0.763199 0.296312
vt 0.761622 0.296312
vt 0.761635 0.295828
vt 0.767551 0.372376
vt 0.768093 0.372376
vt 0.726181 0.513560
vt 0.726196 0.515361
vt 0.699225 0.515361
vt 0.699228 0.513560
vt 0.726194 0.372376
vt 0.726187 0.381552
vt 0.698793 0.381552
vt 0.698762 0.372376
vt 0.726190 0.498446
vt 0.726188 0.505130
vt 0.699199 0.505130
vt 0.699170 0.498446
vt 0.726189 0.318187
vt 0.698587 0.318187
vt 0.726183 0.444395
vt 0.699003 0.444395
vt 0.726184 0.510241
vt 0.699217 0.510241
vt 0.726189 0.312743
vt 0.698565 0.312743
vt 0.726190 0.306060
vt 0.698546 0.306060
vt 0.726195 0.300948
vt 0.698527 0.300948
vt 0.726188 0.297629
vt 0.698519 0.297629
vt 0.726190 0.427031
vt 0.698948 0.427031
vt 0.726181 0.296312
vt 0.698515 0.296312
vt 0.726196 0.295828
vt 0.698490 0.295828
vt 0.753106 0.513560
vt 0.753098 0.515361
vt 0.753550 0.372376
vt 0.753523 0.381552
vt 0.753155 0.498446
vt 0.753134 0.505130
vt 0.753722 0.318187
vt 0.753326 0.444395
vt 0.753117 0.510241
vt 0.753743 0.312743
vt 0.753754 0.306060
vt 0.753775 0.300948
vt 0.753791 0.297629
vt 0.753383 0.427031
vt 0.753793 0.296312
vt 0.753794 0.295828
vt 0.692198 0.381552
vt 0.692195 0.372376
vt 0.692160 0.297629
vt 0.692168 0.296312
vt 0.692179 0.312743
vt 0.692172 0.306060
vt 0.692172 0.300948
vt 0.692207 0.444395
vt 0.692208 0.427031
vt 0.692235 0.515361
vt 0.692234 0.513560
vt 0.692231 0.505130
vt 0.692229 0.498446
vt 0.692231 0.510241
vt 0.692173 0.318187
vt 0.692164 0.295828
vt 0.690733 0.300948
vt 0.690745 0.297629
vt 0.690749 0.427031
vt 0.690721 0.381552
vt 0.690743 0.444395
vt 0.690734 0.318187
vt 0.690740 0.312743
vt 0.690757 0.515361
vt 0.690744 0.513560
vt 0.690749 0.505130
vt 0.690746 0.498446
vt 0.690735 0.510241
vt 0.690733 0.372376
vt 0.690741 0.296312
vt 0.690757 0.295828
vt 0.690744 0.306060
vt 0.760303 0.513560
vt 0.760308 0.515361
vt 0.760224 0.372376
vt 0.760218 0.381552
vt 0.760295 0.498446
vt 0.760288 0.505130
vt 0.760188 0.318187
vt 0.760263 0.444395
vt 0.760298 0.510241
vt 0.760186 0.312743
vt 0.760183 0.306060
vt 0.760178 0.300948
vt 0.760183 0.297629
vt 0.760263 0.427031
vt 0.760179 0.296312
vt 0.760181 0.295828
vt 0.761630 0.513560
vt 0.761635 0.515361
vt 0.761632 0.372376
vt 0.761631 0.381552
vt 0.761633 0.498446
vt 0.761635 0.505130
vt 0.761626 0.318187
vt 0.761630 0.444395
vt 0.761633 0.510241
vt 0.761625 0.312743
vt 0.761622 0.306060
vt 0.761621 0.300948
vt 0.761616 0.297629
vt 0.761630 0.427031
vt 0.763186 0.372376
vt 0.763190 0.381552
vt 0.763192 0.498446
vt 0.763196 0.505130
vt 0.763181 0.318187
vt 0.763179 0.312743
vt 0.763176 0.306060
vt 0.763185 0.300948
vt 0.763184 0.427031
vt 0.763203 0.444395
vt 0.764525 0.372376
vt 0.764521 0.381552
vt 0.764524 0.498446
vt 0.764520 0.318187
vt 0.764511 0.312743
vt 0.764501 0.306060
vt 0.764518 0.427031
vt 0.764525 0.444395
vt 0.766205 0.372376
vt 0.766203 0.381552
vt 0.766198 0.318187
vt 0.766200 0.312743
vt 0.766208 0.427031
vt 0.766211 0.444395
vt 0.689207 0.372376
vt 0.689213 0.318187
vt 0.689204 0.498446
vt 0.689204 0.444395
vt 0.689216 0.300948
vt 0.689218 0.297629
vt 0.689205 0.427031
vt 0.689212 0.381552
vt 0.689193 0.296312
vt 0.689201 0.510241
vt 0.689207 0.505130
vt 0.689219 0.306060
vt 0.689193 0.514877
vt 0.689203 0.513560
vt 0.689208 0.312743
vt 0.687871 0.297629
vt 0.687874 0.498446
vt 0.687883 0.444395
vt 0.687871 0.513560
vt 0.687899 0.312743
vt 0.687902 0.306060
vt 0.687904 0.300948
vt 0.687901 0.318187
vt 0.687898 0.427031
vt 0.687899 0.381552
vt 0.687881 0.505130
vt 0.687888 0.510241
vt 0.687896 0.372376
vt 0.686178 0.372376
vt 0.686178 0.318187
vt 0.686173 0.300948
vt 0.686180 0.312743
vt 0.686177 0.427031
vt 0.686185 0.381552
vt 0.686177 0.444395
vt 0.686178 0.505130
vt 0.686180 0.498446
vt 0.686173 0.510241
vt 0.686179 0.306060
vt 0.684825 0.498446
vt 0.684824 0.444395
vt 0.684817 0.381552
vt 0.684821 0.372376
vt 0.684830 0.318187
vt 0.684841 0.306060
vt 0.684841 0.505130
vt 0.684827 0.312743
vt 0.684830 0.427031
vt 0.684299 0.381552
vt 0.684299 0.372376
vt 0.684299 0.427031
vt 0.684299 0.318187
vt 0.684299 0.444395
vt 0.684299 0.498446
vt 0.684299 0.312743
vt 0.956691 0.207790
vt 0.956881 0.257911
vt 0.955951 0.257911
vt 0.955951 0.207790
vt 0.541490 0.908134
vt 0.541490 0.958256
vt 0.538686 0.958256
vt 0.538686 0.908134
vt 0.891957 0.906334
vt 0.892244 0.956456
vt 0.891213 0.956456
vt 0.891213 0.906334
vt 0.556501 0.908134
vt 0.556501 0.958256
vt 0.553697 0.958256
vt 0.553697 0.908134
vt 0.983329 0.244798
vt 0.986133 0.244798
vt 0.986133 0.245539
vt 0.983329 0.245539
vt 0.812282 0.006385
vt 0.812996 0.005790
vt 0.813251 0.089814
vt 0.812282 0.090621
vt 0.759531 0.268591
vt 0.760676 0.268799
vt 0.760777 0.283055
vt 0.759848 0.282887
vt 0.812577 0.121381
vt 0.813355 0.122058
vt 0.813355 0.207840
vt 0.812265 0.206891
vt 0.006770 0.727242
vt 0.009573 0.727242
vt 0.010244 0.813021
vt 0.006099 0.813021
vt 0.618661 0.735027
vt 0.621465 0.735027
vt 0.622136 0.819049
vt 0.617991 0.819049
vt 0.861614 0.906276
vt 0.862345 0.906273
vt 0.862345 0.956459
vt 0.861336 0.956463
vt 0.815200 0.906319
vt 0.818004 0.906319
vt 0.818004 0.956505
vt 0.815200 0.956505
vt 0.844128 0.906298
vt 0.844782 0.906301
vt 0.844837 0.956482
vt 0.843759 0.956482
vt 0.568708 0.908073
vt 0.571512 0.908073
vt 0.571512 0.958254
vt 0.568708 0.958254
vt 0.984254 0.321645
vt 0.981450 0.321657
vt 0.981450 0.321004
vt 0.984254 0.321004
vt 0.072419 0.727895
vt 0.072419 0.812099
vt 0.071482 0.811318
vt 0.071640 0.727246
vt 0.708216 0.281730
vt 0.708216 0.275114
vt 0.709046 0.275114
vt 0.709046 0.281399
vt 0.794093 0.412024
vt 0.794338 0.497572
vt 0.793276 0.498496
vt 0.793276 0.412726
vt 0.025916 0.727242
vt 0.026587 0.813010
vt 0.022441 0.813010
vt 0.023112 0.727242
vt 0.605122 0.735027
vt 0.605793 0.819096
vt 0.601648 0.819096
vt 0.602319 0.735027
vt 0.840294 0.496490
vt 0.839547 0.510769
vt 0.836998 0.510769
vt 0.836251 0.496490
vt 0.852543 0.509629
vt 0.856539 0.509629
vt 0.856539 0.510662
vt 0.852543 0.510662
vt 0.733879 0.268591
vt 0.733719 0.282889
vt 0.732690 0.283087
vt 0.732717 0.268815
vt 0.819909 0.496490
vt 0.823952 0.496490
vt 0.823205 0.510769
vt 0.820656 0.510769
vt 0.695250 0.275114
vt 0.696081 0.275114
vt 0.696081 0.281730
vt 0.695250 0.281400
vt 0.987846 0.006190
vt 0.988741 0.006099
vt 0.988741 0.010095
vt 0.987846 0.010004
vt 0.695250 0.268805
vt 0.696081 0.268481
vt 0.709046 0.267811
vt 0.709046 0.268792
vt 0.708216 0.268466
vt 0.708216 0.267465
vt 0.709046 0.282416
vt 0.708216 0.282763
vt 0.957786 0.730352
vt 0.961601 0.730352
vt 0.961691 0.731247
vt 0.957696 0.731247
vt 0.856539 0.495364
vt 0.856539 0.496365
vt 0.852543 0.496379
vt 0.852543 0.495364
vt 0.816125 0.652304
vt 0.816125 0.736376
vt 0.815207 0.737138
vt 0.815348 0.652948
vt 0.984254 0.326225
vt 0.981450 0.326225
vt 0.981450 0.325503
vt 0.984254 0.325494
vt 0.839561 0.906273
vt 0.840282 0.906277
vt 0.840532 0.956464
vt 0.839518 0.956459
vt 0.696081 0.282763
vt 0.695250 0.282417
vt 0.747285 0.268816
vt 0.746098 0.268591
vt 0.746113 0.267464
vt 0.747311 0.267691
vt 0.970331 0.888894
vt 0.969336 0.889104
vt 0.969336 0.877385
vt 0.970345 0.877172
vt 0.958419 0.718649
vt 0.960968 0.718649
vt 0.970378 0.551251
vt 0.970348 0.562971
vt 0.969353 0.562758
vt 0.969353 0.551032
vt 0.720513 0.270236
vt 0.720513 0.271180
vt 0.972507 0.901243
vt 0.973140 0.912946
vt 0.969326 0.912946
vt 0.969958 0.901243
vt 0.747311 0.283080
vt 0.746299 0.282888
vt 0.819857 0.495364
vt 0.824003 0.495364
vt 0.733861 0.267464
vt 0.732690 0.267689
vt 0.699282 0.974087
vt 0.700392 0.973904
vt 0.700392 0.979216
vt 0.699282 0.979400
vt 0.840346 0.495364
vt 0.836200 0.495364
vt 0.772997 0.267689
vt 0.774238 0.267464
vt 0.774243 0.268591
vt 0.773098 0.268799
vt 0.727054 0.991542
vt 0.727054 0.992987
vt 0.725944 0.992987
vt 0.725944 0.991800
vt 0.759536 0.267464
vt 0.760777 0.267689
vt 0.501999 0.979782
vt 0.501999 0.974553
vt 0.503109 0.974652
vt 0.503109 0.980040
vt 0.814298 0.526425
vt 0.815011 0.527020
vt 0.815011 0.611258
vt 0.814042 0.610450
vt 0.887874 0.736415
vt 0.887874 0.733612
vt 0.888612 0.733612
vt 0.888612 0.736415
vt 0.957132 0.527336
vt 0.957132 0.577458
vt 0.956202 0.577458
vt 0.956392 0.527336
vt 0.856539 0.503013
vt 0.852543 0.503013
vt 0.772997 0.283054
vt 0.773922 0.282887
vt 0.683783 0.271176
vt 0.683783 0.270236
vt 0.695250 0.267811
vt 0.696081 0.267465
vt 0.699282 0.992825
vt 0.699282 0.991602
vt 0.700392 0.991602
vt 0.700392 0.993009
vt 0.674158 0.974090
vt 0.674158 0.979424
vt 0.673048 0.979240
vt 0.673048 0.973903
vt 0.991937 0.269940
vt 0.993048 0.269940
vt 0.993048 0.271160
vt 0.991937 0.271343
vt 0.857124 0.906297
vt 0.857765 0.906294
vt 0.858103 0.956478
vt 0.857025 0.956477
vt 0.781055 0.412726
vt 0.781055 0.498496
vt 0.779997 0.497575
vt 0.780239 0.412023
vt 0.840287 0.905557
vt 0.844132 0.905578
vt 0.857121 0.905577
vt 0.857761 0.905574
vt 0.861610 0.905557
vt 0.839565 0.905553
vt 0.568708 0.907353
vt 0.571512 0.907353
vt 0.844786 0.905581
vt 0.815200 0.905599
vt 0.818004 0.905599
vt 0.862341 0.905553
vt 0.879017 0.906341
vt 0.878949 0.956461
vt 0.877919 0.956460
vt 0.878273 0.906340
vt 0.806558 0.412700
vt 0.807336 0.412023
vt 0.807648 0.497533
vt 0.806558 0.498482
vt 0.712613 0.992987
vt 0.712613 0.991542
vt 0.713723 0.991800
vt 0.713723 0.992987
vt 0.489778 0.974553
vt 0.489778 0.979782
vt 0.488668 0.980040
vt 0.488668 0.974652
vt 0.983329 0.241056
vt 0.986133 0.241056
vt 0.895696 0.905553
vt 0.895695 0.906334
vt 0.891954 0.905553
vt 0.879018 0.905560
vt 0.878277 0.905559
vt 0.874536 0.906335
vt 0.874536 0.905554
vt 0.957132 0.526555
vt 0.956393 0.526555
vt 0.556501 0.907353
vt 0.553697 0.907353
vt 0.891213 0.905553
vt 0.541490 0.907353
vt 0.538686 0.907353
vt 0.956690 0.207009
vt 0.955951 0.207009
vt 0.070602 0.903299
vt 0.070602 0.904080
vt 0.070599 0.954153
vt 0.067801 0.954153
vt 0.067798 0.904080
vt 0.067798 0.903299
vt 0.325609 0.908959
vt 0.325609 0.959082
vt 0.322805 0.959082
vt 0.322805 0.908959
vt 0.568962 0.819260
vt 0.569633 0.735026
vt 0.572437 0.735026
vt 0.573108 0.819260
vt 0.055127 0.812751
vt 0.055798 0.727243
vt 0.058601 0.727243
vt 0.059272 0.812751
vt 0.868737 0.495418
vt 0.872882 0.495466
vt 0.872818 0.496579
vt 0.872924 0.510332
vt 0.870323 0.510303
vt 0.868775 0.496532
vt 0.973196 0.824954
vt 0.969381 0.824954
vt 0.970022 0.813259
vt 0.972571 0.813261
vt 0.979727 0.269934
vt 0.979727 0.276244
vt 0.975913 0.276244
vt 0.975913 0.269922
vt 0.757497 0.979927
vt 0.753682 0.979926
vt 0.753682 0.973641
vt 0.757497 0.973641
vt 0.960364 0.194878
vt 0.960997 0.183172
vt 0.963546 0.183169
vt 0.964178 0.194878
vt 0.906149 0.732888
vt 0.905418 0.718643
vt 0.909461 0.718643
vt 0.908698 0.732894
vt 0.988916 0.049886
vt 0.987697 0.049886
vt 0.987697 0.045843
vt 0.988920 0.045843
vt 0.988858 0.718682
vt 0.988858 0.722725
vt 0.987671 0.722725
vt 0.987671 0.718682
vt 0.987236 0.138039
vt 0.988360 0.138090
vt 0.988360 0.142133
vt 0.987236 0.142185
vt 0.987714 0.502695
vt 0.987714 0.506840
vt 0.986575 0.506789
vt 0.986575 0.502746
vt 0.042930 0.812793
vt 0.038784 0.812793
vt 0.039401 0.727245
vt 0.042204 0.727243
vt 0.589451 0.819224
vt 0.585305 0.819224
vt 0.586337 0.735027
vt 0.589140 0.735035
vt 0.583719 0.907356
vt 0.586523 0.907356
vt 0.586523 0.957544
vt 0.583719 0.957544
vt 0.307794 0.908959
vt 0.310598 0.908959
vt 0.310598 0.959144
vt 0.307794 0.959144
vt 0.106907 0.989494
vt 0.106907 0.985648
vt 0.109710 0.985636
vt 0.109710 0.989485
vt 0.381431 0.985716
vt 0.384235 0.985716
vt 0.384235 0.989454
vt 0.381431 0.989454
vt 0.987235 0.125842
vt 0.987235 0.121696
vt 0.988360 0.121749
vt 0.988360 0.125792
vt 0.472314 0.979895
vt 0.472314 0.974558
vt 0.476459 0.974554
vt 0.476459 0.979867
vt 0.515318 0.979888
vt 0.515318 0.974554
vt 0.519361 0.974579
vt 0.519361 0.979891
vt 0.950114 0.979349
vt 0.950114 0.984578
vt 0.945969 0.984578
vt 0.945969 0.979349
vt 0.802933 0.979033
vt 0.798890 0.979033
vt 0.798890 0.973645
vt 0.802933 0.973645
vt 0.930006 0.260139
vt 0.930006 0.207001
vt 0.930825 0.207001
vt 0.930825 0.260139
vt 0.943980 0.526547
vt 0.943980 0.579685
vt 0.943300 0.579685
vt 0.943300 0.526547
vt 0.908484 0.174648
vt 0.908484 0.121509
vt 0.909303 0.121509
vt 0.909303 0.174648
vt 0.934568 0.174647
vt 0.934568 0.121509
vt 0.935248 0.121509
vt 0.935248 0.174647
vt 0.770389 0.992944
vt 0.769709 0.992944
vt 0.769709 0.992124
vt 0.770389 0.992124
vt 0.432261 0.942827
vt 0.431581 0.942827
vt 0.431581 0.942008
vt 0.432261 0.942008
vt 0.338643 0.908961
vt 0.338643 0.958613
vt 0.337824 0.958613
vt 0.337824 0.908961
vt 0.687060 0.912233
vt 0.687060 0.961886
vt 0.686380 0.961886
vt 0.686380 0.912233
vt 0.654647 0.909097
vt 0.654647 0.958750
vt 0.653828 0.958750
vt 0.653828 0.909097
vt 0.699964 0.912233
vt 0.699964 0.961886
vt 0.699284 0.961886
vt 0.699284 0.912233
vt 0.754374 0.992948
vt 0.753694 0.992948
vt 0.753694 0.992129
vt 0.754374 0.992129
vt 0.489349 0.993064
vt 0.488669 0.993064
vt 0.488669 0.992245
vt 0.489349 0.992245
vt 0.364727 0.908961
vt 0.364727 0.958613
vt 0.363908 0.958613
vt 0.363908 0.908961
vt 0.473007 0.912883
vt 0.473007 0.962536
vt 0.472327 0.962536
vt 0.472327 0.912883
vt 0.957022 0.589303
vt 0.957022 0.638954
vt 0.956203 0.638954
vt 0.956203 0.589303
vt 0.498814 0.912883
vt 0.498814 0.962536
vt 0.498134 0.962536
vt 0.498134 0.912883
vt 0.432261 0.916743
vt 0.431581 0.916743
vt 0.431581 0.915924
vt 0.432261 0.915924
vt 0.432261 0.929785
vt 0.431581 0.929785
vt 0.431581 0.928966
vt 0.432261 0.928966
vt 0.916964 0.260140
vt 0.916964 0.207000
vt 0.917784 0.207000
vt 0.917784 0.260140
vt 0.935759 0.005911
vt 0.935759 0.059050
vt 0.935079 0.059050
vt 0.935079 0.005911
vt 0.921526 0.174647
vt 0.921526 0.121510
vt 0.922345 0.121510
vt 0.922345 0.174647
vt 0.943729 0.207001
vt 0.943729 0.260139
vt 0.943049 0.260139
vt 0.943049 0.207001
vt 0.970034 0.575970
vt 0.969355 0.575970
vt 0.969355 0.575151
vt 0.970034 0.575151
vt 0.783292 0.992944
vt 0.782612 0.992944
vt 0.782612 0.992124
vt 0.783292 0.992124
vt 0.024721 0.974799
vt 0.024721 0.976080
vt 0.024449 0.976080
vt 0.024449 0.974799
vt 0.024179 0.976080
vt 0.024179 0.974799
vt 0.023909 0.976080
vt 0.023909 0.974799
vt 0.023640 0.976080
vt 0.023640 0.974799
vt 0.023373 0.976080
vt 0.023373 0.974799
vt 0.023108 0.976080
vt 0.023108 0.974799
vt 0.022843 0.976080
vt 0.022843 0.974799
vt 0.022579 0.976080
vt 0.022579 0.974799
vt 0.010382 0.974799
vt 0.010382 0.976080
vt 0.010118 0.976080
vt 0.010118 0.974799
vt 0.009853 0.976080
vt 0.009853 0.974799
vt 0.009587 0.976080
vt 0.009587 0.974799
vt 0.009320 0.976080
vt 0.009320 0.974799
vt 0.009052 0.976080
vt 0.009052 0.974799
vt 0.008782 0.976080
vt 0.008782 0.974799
vt 0.008511 0.976080
vt 0.008511 0.974799
vt 0.008240 0.976080
vt 0.008240 0.974799
vt 0.007969 0.976080
vt 0.007969 0.974799
vt 0.007698 0.976080
vt 0.007698 0.974800
vt 0.007429 0.976080
vt 0.007429 0.974799
vt 0.007160 0.976080
vt 0.007160 0.974799
vt 0.006893 0.976080
vt 0.006893 0.974799
vt 0.006627 0.976080
vt 0.006627 0.974799
vt 0.006362 0.976080
vt 0.006362 0.974799
vt 0.006098 0.976080
vt 0.006098 0.974799
vt 0.026863 0.974799
vt 0.026863 0.976080
vt 0.026598 0.976080
vt 0.026598 0.974799
vt 0.026334 0.976080
vt 0.026334 0.974799
vt 0.026068 0.976080
vt 0.026068 0.974799
vt 0.025801 0.976080
vt 0.025801 0.974799
vt 0.025532 0.976080
vt 0.025532 0.974799
vt 0.025263 0.976080
vt 0.025263 0.974799
vt 0.858256 0.735385
vt 0.858205 0.735118
vt 0.858205 0.734847
vt 0.858256 0.734581
vt 0.858357 0.734331
vt 0.858504 0.734107
vt 0.858691 0.733916
vt 0.858911 0.733766
vt 0.859155 0.733664
vt 0.859414 0.733612
vt 0.859678 0.733613
vt 0.859938 0.733668
vt 0.860182 0.733773
vt 0.860401 0.733925
vt 0.860588 0.734117
vt 0.860735 0.734344
vt 0.860836 0.734595
vt 0.860888 0.734861
vt 0.860888 0.735132
vt 0.860836 0.735398
vt 0.860735 0.735648
vt 0.860588 0.735873
vt 0.860402 0.736064
vt 0.860182 0.736213
vt 0.859938 0.736316
vt 0.859678 0.736367
vt 0.859414 0.736366
vt 0.859155 0.736312
vt 0.858911 0.736207
vt 0.858691 0.736055
vt 0.858504 0.735862
vt 0.858357 0.735636
vt 0.024992 0.976080
vt 0.024992 0.974799
vt 0.984076 0.767792
vt 0.984341 0.767796
vt 0.984337 0.768066
vt 0.984075 0.768066
vt 0.984078 0.767516
vt 0.984347 0.767523
vt 0.984080 0.767238
vt 0.984353 0.767246
vt 0.984083 0.766958
vt 0.984360 0.766967
vt 0.984087 0.766675
vt 0.984368 0.766685
vt 0.984091 0.766389
vt 0.984377 0.766401
vt 0.984098 0.766097
vt 0.984390 0.766114
vt 0.984110 0.765792
vt 0.984412 0.765825
vt 0.984442 0.841369
vt 0.984734 0.841351
vt 0.984756 0.841641
vt 0.984454 0.841674
vt 0.984435 0.841076
vt 0.984721 0.841064
vt 0.984431 0.840790
vt 0.984712 0.840780
vt 0.984427 0.840507
vt 0.984704 0.840498
vt 0.984424 0.840227
vt 0.984697 0.840219
vt 0.984422 0.839949
vt 0.984690 0.839943
vt 0.984420 0.839674
vt 0.984685 0.839669
vt 0.984419 0.839399
vt 0.984681 0.839399
vt 0.984420 0.839125
vt 0.984685 0.839129
vt 0.984422 0.838849
vt 0.984690 0.838856
vt 0.984424 0.838571
vt 0.984697 0.838579
vt 0.984427 0.838291
vt 0.984704 0.838300
vt 0.984431 0.838009
vt 0.984712 0.838019
vt 0.984435 0.837722
vt 0.984721 0.837734
vt 0.984442 0.837430
vt 0.984734 0.837447
vt 0.984454 0.837125
vt 0.984756 0.837158
vt 0.984098 0.770035
vt 0.984390 0.770018
vt 0.984412 0.770307
vt 0.984110 0.770340
vt 0.984091 0.769743
vt 0.984377 0.769731
vt 0.984087 0.769457
vt 0.984368 0.769447
vt 0.984083 0.769174
vt 0.984360 0.769165
vt 0.984080 0.768894
vt 0.984353 0.768886
vt 0.984078 0.768616
vt 0.984347 0.768610
vt 0.984341 0.768336
vt 0.984076 0.768340
vt 0.983567 0.767522
vt 0.983825 0.767517
vt 0.983826 0.767793
vt 0.983571 0.767796
vt 0.983562 0.767245
vt 0.983825 0.767239
vt 0.983557 0.766965
vt 0.983824 0.766959
vt 0.983552 0.766682
vt 0.983823 0.766676
vt 0.983547 0.766397
vt 0.983822 0.766389
vt 0.983538 0.766107
vt 0.983821 0.766096
vt 0.983522 0.765814
vt 0.983815 0.765787
vt 0.983882 0.841358
vt 0.984165 0.841369
vt 0.984159 0.841678
vt 0.983865 0.841651
vt 0.983890 0.841069
vt 0.984166 0.841076
vt 0.983896 0.840783
vt 0.984167 0.840789
vt 0.983901 0.840500
vt 0.984168 0.840506
vt 0.983906 0.840220
vt 0.984168 0.840226
vt 0.983910 0.839943
vt 0.984169 0.839948
vt 0.983915 0.839669
vt 0.984169 0.839672
vt 0.983918 0.839399
vt 0.984168 0.839399
vt 0.983915 0.839129
vt 0.984169 0.839126
vt 0.983910 0.838855
vt 0.984169 0.838850
vt 0.983906 0.838578
vt 0.984168 0.838573
vt 0.983901 0.838298
vt 0.984168 0.838292
vt 0.983896 0.838016
vt 0.984167 0.838009
vt 0.983890 0.837730
vt 0.984166 0.837723
vt 0.983882 0.837441
vt 0.984165 0.837429
vt 0.983865 0.837147
vt 0.984159 0.837121
vt 0.983538 0.770025
vt 0.983821 0.770036
vt 0.983815 0.770345
vt 0.983522 0.770318
vt 0.983547 0.769735
vt 0.983822 0.769743
vt 0.983552 0.769450
vt 0.983823 0.769456
vt 0.983557 0.769167
vt 0.983824 0.769173
vt 0.983562 0.768887
vt 0.983825 0.768893
vt 0.983567 0.768610
vt 0.983825 0.768615
vt 0.983571 0.768336
vt 0.983826 0.768339
vt 0.983825 0.768066
vt 0.983574 0.768066
vt 0.444511 0.986475
vt 0.447586 0.986475
vt 0.447586 0.986746
vt 0.444511 0.986746
vt 0.447586 0.987017
vt 0.444511 0.987017
vt 0.447586 0.987287
vt 0.444511 0.987287
vt 0.447586 0.987555
vt 0.444511 0.987555
vt 0.447586 0.987822
vt 0.444511 0.987822
vt 0.447586 0.988088
vt 0.444511 0.988088
vt 0.447586 0.988353
vt 0.444511 0.988353
vt 0.447586 0.988617
vt 0.444511 0.988617
vt 0.261935 0.984379
vt 0.265010 0.984379
vt 0.265010 0.984643
vt 0.261935 0.984643
vt 0.265010 0.984908
vt 0.261935 0.984908
vt 0.265010 0.985174
vt 0.261935 0.985174
vt 0.265010 0.985441
vt 0.261935 0.985441
vt 0.265010 0.985709
vt 0.261935 0.985709
vt 0.265010 0.985979
vt 0.261935 0.985979
vt 0.265010 0.986250
vt 0.261935 0.986250
vt 0.265010 0.986521
vt 0.261935 0.986521
vt 0.265010 0.986792
vt 0.261935 0.986792
vt 0.265010 0.987063
vt 0.261935 0.987063
vt 0.265010 0.987333
vt 0.261935 0.987333
vt 0.265010 0.987601
vt 0.261935 0.987601
vt 0.265010 0.987868
vt 0.261935 0.987868
vt 0.265010 0.988134
vt 0.261935 0.988134
vt 0.265010 0.988399
vt 0.261935 0.988399
vt 0.265010 0.988663
vt 0.261935 0.988663
vt 0.444511 0.984333
vt 0.447586 0.984333
vt 0.447586 0.984597
vt 0.444511 0.984597
vt 0.447586 0.984862
vt 0.444511 0.984862
vt 0.447586 0.985128
vt 0.444511 0.985128
vt 0.447586 0.985395
vt 0.444511 0.985395
vt 0.447586 0.985663
vt 0.444511 0.985663
vt 0.447586 0.985933
vt 0.444511 0.985933
vt 0.447586 0.986204
vt 0.444511 0.986204
vt 0.984049 0.632990
vt 0.984444 0.632996
vt 0.984438 0.633275
vt 0.984051 0.633275
vt 0.984049 0.632703
vt 0.984452 0.632712
vt 0.984051 0.632412
vt 0.984460 0.632424
vt 0.984052 0.632118
vt 0.984469 0.632133
vt 0.984054 0.631820
vt 0.984480 0.631837
vt 0.984057 0.631514
vt 0.984495 0.631538
vt 0.984063 0.631196
vt 0.984516 0.631235
vt 0.984077 0.630851
vt 0.984552 0.630928
vt 0.983689 0.527076
vt 0.983236 0.527115
vt 0.983200 0.526808
vt 0.983675 0.526732
vt 0.983695 0.527395
vt 0.983257 0.527418
vt 0.983698 0.527700
vt 0.983272 0.527718
vt 0.983700 0.527998
vt 0.983283 0.528013
vt 0.983702 0.528292
vt 0.983292 0.528305
vt 0.983703 0.528583
vt 0.983300 0.528593
vt 0.983703 0.528871
vt 0.983308 0.528876
vt 0.983701 0.529156
vt 0.983314 0.529156
vt 0.983703 0.529441
vt 0.983308 0.529435
vt 0.983703 0.529729
vt 0.983300 0.529719
vt 0.983702 0.530019
vt 0.983292 0.530007
vt 0.983700 0.530313
vt 0.983283 0.530298
vt 0.983698 0.530612
vt 0.983272 0.530594
vt 0.983695 0.530917
vt 0.983257 0.530893
vt 0.983689 0.531235
vt 0.983236 0.531196
vt 0.983675 0.531580
vt 0.983200 0.531503
vt 0.984063 0.635355
vt 0.984516 0.635316
vt 0.984552 0.635623
vt 0.984077 0.635699
vt 0.984057 0.635037
vt 0.984495 0.635013
vt 0.984054 0.634731
vt 0.984480 0.634713
vt 0.984052 0.634433
vt 0.984469 0.634418
vt 0.984051 0.634139
vt 0.984460 0.634127
vt 0.984049 0.633848
vt 0.984452 0.633839
vt 0.984049 0.633560
vt 0.984444 0.633555
vt 0.264073 0.913264
vt 0.264073 0.950545
vt 0.263802 0.950545
vt 0.263802 0.913264
vt 0.263531 0.950545
vt 0.263531 0.913264
vt 0.263261 0.950545
vt 0.263261 0.913264
vt 0.262993 0.950545
vt 0.262993 0.913264
vt 0.262726 0.950545
vt 0.262726 0.913264
vt 0.262460 0.950545
vt 0.262460 0.913264
vt 0.262195 0.950545
vt 0.262195 0.913264
vt 0.261931 0.950545
vt 0.261931 0.913264
vt 0.282695 0.913264
vt 0.282695 0.950546
vt 0.282431 0.950546
vt 0.282431 0.913264
vt 0.282166 0.950546
vt 0.282166 0.913264
vt 0.281900 0.950546
vt 0.281900 0.913264
vt 0.281633 0.950546
vt 0.281633 0.913264
vt 0.281365 0.950546
vt 0.281365 0.913264
vt 0.281095 0.950546
vt 0.281095 0.913264
vt 0.280824 0.950546
vt 0.280824 0.913264
vt 0.280553 0.950546
vt 0.280553 0.913264
vt 0.280282 0.950546
vt 0.280282 0.913264
vt 0.280011 0.950546
vt 0.280011 0.913264
vt 0.279742 0.950546
vt 0.279742 0.913264
vt 0.279473 0.950546
vt 0.279473 0.913264
vt 0.279206 0.950546
vt 0.279206 0.913264
vt 0.278940 0.950546
vt 0.278940 0.913264
vt 0.278675 0.950546
vt 0.278675 0.913264
vt 0.278411 0.950546
vt 0.278411 0.913264
vt 0.266215 0.913264
vt 0.266215 0.950545
vt 0.265951 0.950545
vt 0.265951 0.913264
vt 0.265686 0.950545
vt 0.265686 0.913264
vt 0.265420 0.950545
vt 0.265420 0.913264
vt 0.265153 0.950545
vt 0.265153 0.913264
vt 0.264884 0.950545
vt 0.264884 0.913264
vt 0.264615 0.950545
vt 0.264615 0.913264
vt 0.264344 0.950545
vt 0.264344 0.913264
vt 0.983283 0.632997
vt 0.983679 0.632988
vt 0.983680 0.633275
vt 0.983289 0.633275
vt 0.983274 0.632714
vt 0.983676 0.632701
vt 0.983263 0.632427
vt 0.983672 0.632410
vt 0.983250 0.632138
vt 0.983666 0.632117
vt 0.983235 0.631845
vt 0.983660 0.631819
vt 0.983216 0.631550
vt 0.983650 0.631515
vt 0.983188 0.631252
vt 0.983634 0.631200
vt 0.983144 0.630953
vt 0.983607 0.630864
vt 0.984564 0.527132
vt 0.984118 0.527080
vt 0.984145 0.526744
vt 0.984609 0.526833
vt 0.984536 0.527430
vt 0.984102 0.527396
vt 0.984517 0.527725
vt 0.984093 0.527700
vt 0.984502 0.528018
vt 0.984086 0.527997
vt 0.984489 0.528307
vt 0.984080 0.528291
vt 0.984479 0.528594
vt 0.984076 0.528581
vt 0.984469 0.528877
vt 0.984073 0.528869
vt 0.984463 0.529156
vt 0.984073 0.529156
vt 0.984469 0.529435
vt 0.984073 0.529443
vt 0.984479 0.529717
vt 0.984076 0.529730
vt 0.984489 0.530004
vt 0.984080 0.530021
vt 0.984502 0.530294
vt 0.984086 0.530314
vt 0.984517 0.530586
vt 0.984093 0.530612
vt 0.984536 0.530882
vt 0.984102 0.530916
vt 0.984564 0.531179
vt 0.984118 0.531232
vt 0.984609 0.531478
vt 0.984145 0.531567
vt 0.983188 0.635299
vt 0.983634 0.635351
vt 0.983607 0.635687
vt 0.983144 0.635598
vt 0.983216 0.635001
vt 0.983650 0.635036
vt 0.983235 0.634706
vt 0.983660 0.634731
vt 0.983250 0.634413
vt 0.983666 0.634434
vt 0.983263 0.634124
vt 0.983672 0.634140
vt 0.983273 0.633837
vt 0.983676 0.633850
vt 0.983283 0.633554
vt 0.983679 0.633562
vt 0.984110 0.553324
vt 0.984108 0.553621
vt 0.983535 0.553621
vt 0.983537 0.553313
vt 0.984152 0.554817
vt 0.984178 0.555122
vt 0.983580 0.555176
vt 0.983564 0.554860
vt 0.923958 0.982297
vt 0.923966 0.982596
vt 0.923391 0.982618
vt 0.923386 0.982309
vt 0.984118 0.553026
vt 0.983543 0.553004
vt 0.984132 0.554516
vt 0.983552 0.554548
vt 0.923956 0.982000
vt 0.923384 0.982000
vt 0.984132 0.552727
vt 0.983552 0.552694
vt 0.984118 0.554216
vt 0.983543 0.554238
vt 0.923958 0.981704
vt 0.923386 0.981692
vt 0.984152 0.552425
vt 0.983564 0.552382
vt 0.984110 0.553918
vt 0.983537 0.553930
vt 0.923966 0.981405
vt 0.923391 0.981383
vt 0.984178 0.552121
vt 0.983580 0.552066
vt 0.923980 0.981106
vt 0.923400 0.981074
vt 0.984214 0.551812
vt 0.983600 0.551744
vt 0.924000 0.980804
vt 0.923413 0.980762
vt 0.984260 0.551495
vt 0.983622 0.551410
vt 0.924027 0.980500
vt 0.923429 0.980446
vt 0.984326 0.551166
vt 0.983648 0.551058
vt 0.924062 0.980191
vt 0.923448 0.980123
vt 0.924109 0.984127
vt 0.924174 0.984456
vt 0.923497 0.984564
vt 0.923471 0.984212
vt 0.924109 0.979874
vt 0.923471 0.979789
vt 0.924062 0.983810
vt 0.923448 0.983878
vt 0.924174 0.979545
vt 0.923497 0.979437
vt 0.924027 0.983501
vt 0.923429 0.983555
vt 0.984260 0.555747
vt 0.984326 0.556077
vt 0.983648 0.556184
vt 0.983622 0.555833
vt 0.924000 0.983197
vt 0.923413 0.983240
vt 0.984214 0.555431
vt 0.983600 0.555499
vt 0.923980 0.982895
vt 0.923400 0.982928
vt 0.924428 0.982571
vt 0.924447 0.982859
vt 0.984656 0.555060
vt 0.984698 0.555351
vt 0.924472 0.983149
vt 0.984753 0.555642
vt 0.924505 0.983439
vt 0.984825 0.555931
vt 0.924547 0.983730
vt 0.924673 0.979691
vt 0.924601 0.979980
vt 0.924601 0.984021
vt 0.924547 0.980271
vt 0.924673 0.984310
vt 0.924505 0.980562
vt 0.984825 0.551312
vt 0.984753 0.551601
vt 0.924472 0.980853
vt 0.984698 0.551892
vt 0.924447 0.981142
vt 0.984656 0.552183
vt 0.924428 0.981430
vt 0.984559 0.553621
vt 0.984566 0.553905
vt 0.984624 0.552473
vt 0.924415 0.981717
vt 0.984579 0.554191
vt 0.984598 0.552763
vt 0.924408 0.982000
vt 0.984598 0.554480
vt 0.984579 0.553051
vt 0.924415 0.982284
vt 0.984624 0.554769
vt 0.984566 0.553338
vt 0.983014 0.555511
vt 0.983009 0.555189
vt 0.922847 0.982935
vt 0.922844 0.982622
vt 0.982993 0.553621
vt 0.982994 0.553311
vt 0.983004 0.554871
vt 0.922842 0.982311
vt 0.982995 0.552999
vt 0.982999 0.554556
vt 0.922842 0.982000
vt 0.982999 0.552686
vt 0.982995 0.554243
vt 0.922842 0.981690
vt 0.983004 0.552371
vt 0.982994 0.553931
vt 0.922844 0.981379
vt 0.983009 0.552053
vt 0.922847 0.981065
vt 0.983014 0.551731
vt 0.922852 0.980750
vt 0.983015 0.551402
vt 0.922858 0.980432
vt 0.983006 0.551062
vt 0.922863 0.980110
vt 0.922854 0.984560
vt 0.922863 0.984220
vt 0.922863 0.979781
vt 0.922863 0.983891
vt 0.922854 0.979441
vt 0.922858 0.983569
vt 0.983006 0.556181
vt 0.983015 0.555840
vt 0.922852 0.983251
vt 0.840384 0.976529
vt 0.840096 0.976529
vt 0.840096 0.968485
vt 0.840384 0.968485
vt 0.982628 0.553621
vt 0.982625 0.553315
vt 0.982622 0.553006
vt 0.982621 0.552694
vt 0.982621 0.552379
vt 0.982621 0.552061
vt 0.982619 0.551741
vt 0.982612 0.551420
vt 0.982594 0.551096
vt 0.922443 0.984526
vt 0.922461 0.984202
vt 0.922468 0.983881
vt 0.922470 0.983561
vt 0.922469 0.983243
vt 0.922470 0.982928
vt 0.922471 0.982616
vt 0.922473 0.982306
vt 0.922476 0.982000
vt 0.922473 0.981695
vt 0.922471 0.981385
vt 0.922470 0.981073
vt 0.922469 0.980758
vt 0.922470 0.980440
vt 0.922468 0.980121
vt 0.922461 0.979799
vt 0.922443 0.979475
vt 0.982594 0.556146
vt 0.982612 0.555823
vt 0.982619 0.555501
vt 0.982621 0.555182
vt 0.982621 0.554864
vt 0.982621 0.554549
vt 0.982622 0.554236
vt 0.982625 0.553927
vt 0.324583 0.973529
vt 0.324527 0.973159
vt 0.325141 0.973054
vt 0.325195 0.973457
vt 0.858761 0.976525
vt 0.858471 0.976525
vt 0.858471 0.968482
vt 0.858761 0.968482
vt 0.842127 0.976529
vt 0.841836 0.976529
vt 0.841836 0.968485
vt 0.842127 0.968485
vt 0.840673 0.976529
vt 0.840673 0.968485
vt 0.859053 0.976525
vt 0.859053 0.968482
vt 0.842418 0.976529
vt 0.842418 0.968485
vt 0.840963 0.976529
vt 0.840963 0.968485
vt 0.859344 0.976525
vt 0.859344 0.968482
vt 0.842709 0.976529
vt 0.842709 0.968485
vt 0.841254 0.976529
vt 0.841254 0.968485
vt 0.859635 0.976525
vt 0.859635 0.968482
vt 0.842999 0.976529
vt 0.842999 0.968485
vt 0.841545 0.976529
vt 0.841545 0.968485
vt 0.859926 0.976525
vt 0.859926 0.968482
vt 0.843288 0.976529
vt 0.843288 0.968485
vt 0.860216 0.976525
vt 0.860216 0.968482
vt 0.843576 0.976529
vt 0.843576 0.968485
vt 0.860506 0.976525
vt 0.860506 0.968482
vt 0.843864 0.976529
vt 0.843864 0.968485
vt 0.860795 0.976525
vt 0.860795 0.968482
vt 0.844152 0.976529
vt 0.844152 0.968485
vt 0.861084 0.976525
vt 0.861084 0.968482
vt 0.857316 0.976525
vt 0.857028 0.976525
vt 0.857028 0.968482
vt 0.857316 0.968482
vt 0.861372 0.976525
vt 0.861372 0.968482
vt 0.857603 0.976525
vt 0.857603 0.968482
vt 0.861659 0.976525
vt 0.861659 0.968482
vt 0.857892 0.976525
vt 0.857892 0.968482
vt 0.839808 0.976529
vt 0.839520 0.976529
vt 0.839520 0.968485
vt 0.839808 0.968485
vt 0.858181 0.976525
vt 0.858181 0.968482
vt 0.309571 0.975130
vt 0.309605 0.974757
vt 0.310225 0.974800
vt 0.310186 0.975205
vt 0.309049 0.974379
vt 0.309039 0.974718
vt 0.308409 0.974675
vt 0.308420 0.974378
vt 0.309441 0.975867
vt 0.309518 0.975500
vt 0.310125 0.975605
vt 0.310049 0.976003
vt 0.309345 0.976231
vt 0.309953 0.976399
vt 0.309229 0.976593
vt 0.309836 0.976791
vt 0.309092 0.976956
vt 0.309701 0.977180
vt 0.308934 0.977323
vt 0.309553 0.977566
vt 0.324101 0.971704
vt 0.323944 0.971337
vt 0.324560 0.971094
vt 0.324708 0.971479
vt 0.324239 0.972065
vt 0.324843 0.971866
vt 0.324356 0.972427
vt 0.324960 0.972257
vt 0.324450 0.972792
vt 0.325064 0.972652
vt 0.323895 0.972932
vt 0.323967 0.973266
vt 0.323342 0.973390
vt 0.323275 0.973098
vt 0.324616 0.973901
vt 0.325234 0.973860
vt 0.324628 0.974275
vt 0.325251 0.974267
vt 0.324622 0.974651
vt 0.325246 0.974676
vt 0.324593 0.975026
vt 0.325219 0.975086
vt 0.324544 0.975401
vt 0.325169 0.975497
vt 0.324472 0.975774
vt 0.325096 0.975905
vt 0.324379 0.976146
vt 0.325001 0.976310
vt 0.324264 0.976516
vt 0.324885 0.976712
vt 0.324128 0.976886
vt 0.324750 0.977110
vt 0.323970 0.977261
vt 0.324603 0.977504
vt 0.309112 0.971773
vt 0.308955 0.971400
vt 0.309583 0.971157
vt 0.309731 0.971549
vt 0.309249 0.972142
vt 0.309865 0.971943
vt 0.309366 0.972510
vt 0.309982 0.972342
vt 0.309458 0.972882
vt 0.310085 0.972745
vt 0.309532 0.973255
vt 0.310160 0.973157
vt 0.309582 0.973630
vt 0.310211 0.973569
vt 0.309611 0.974006
vt 0.310238 0.973981
vt 0.137987 0.986878
vt 0.138062 0.987266
vt 0.138062 0.987662
vt 0.137987 0.988050
vt 0.137839 0.988415
vt 0.137623 0.988745
vt 0.137349 0.989026
vt 0.137025 0.989246
vt 0.136664 0.989398
vt 0.136281 0.989474
vt 0.135891 0.989472
vt 0.135508 0.989392
vt 0.135148 0.989237
vt 0.134825 0.989013
vt 0.134551 0.988731
vt 0.134336 0.988400
vt 0.134188 0.988033
vt 0.134113 0.987645
vt 0.134113 0.987250
vt 0.134189 0.986862
vt 0.134337 0.986496
vt 0.134552 0.986166
vt 0.134827 0.985886
vt 0.135150 0.985665
vt 0.135511 0.985514
vt 0.135894 0.985438
vt 0.136285 0.985440
vt 0.136667 0.985520
vt 0.137027 0.985675
vt 0.137350 0.985898
vt 0.137624 0.986181
vt 0.137839 0.986511
vt 0.308688 0.972350
vt 0.308802 0.972683
vt 0.308179 0.972890
vt 0.308074 0.972602
vt 0.324019 0.973602
vt 0.323390 0.973686
vt 0.309008 0.975057
vt 0.308379 0.974973
vt 0.308893 0.973019
vt 0.308265 0.973183
vt 0.324050 0.973940
vt 0.323420 0.973983
vt 0.309618 0.974383
vt 0.310243 0.974391
vt 0.308964 0.973357
vt 0.308331 0.973480
vt 0.324061 0.974279
vt 0.323432 0.974281
vt 0.308956 0.975393
vt 0.308331 0.975268
vt 0.309013 0.973698
vt 0.308379 0.973779
vt 0.324053 0.974619
vt 0.323421 0.974579
vt 0.308884 0.975727
vt 0.308264 0.975561
vt 0.309042 0.974039
vt 0.308409 0.974079
vt 0.324025 0.974959
vt 0.323391 0.974878
vt 0.308791 0.976057
vt 0.308179 0.975850
vt 0.323976 0.975299
vt 0.323343 0.975177
vt 0.308677 0.976385
vt 0.308073 0.976133
vt 0.323906 0.975638
vt 0.323277 0.975474
vt 0.308538 0.976711
vt 0.307946 0.976409
vt 0.323815 0.975974
vt 0.323191 0.975768
vt 0.308371 0.977036
vt 0.307796 0.976675
vt 0.323701 0.976308
vt 0.323085 0.976056
vt 0.323381 0.971624
vt 0.323549 0.971949
vt 0.322957 0.972251
vt 0.322807 0.971985
vt 0.323562 0.976641
vt 0.322958 0.976338
vt 0.323687 0.972274
vt 0.323084 0.972526
vt 0.323394 0.976973
vt 0.322807 0.976609
vt 0.323802 0.972601
vt 0.323189 0.972809
vt 0.308381 0.971687
vt 0.308549 0.972019
vt 0.307946 0.972321
vt 0.307796 0.972051
vt 0.983080 0.654304
vt 0.983086 0.653987
vt 0.983586 0.654011
vt 0.983572 0.654324
vt 0.983556 0.877921
vt 0.983574 0.877576
vt 0.984110 0.877642
vt 0.984077 0.877964
vt 0.983095 0.653664
vt 0.983604 0.653695
vt 0.983604 0.877209
vt 0.984160 0.877317
vt 0.983107 0.653333
vt 0.983628 0.653376
vt 0.983154 0.657850
vt 0.983124 0.657483
vt 0.983660 0.657417
vt 0.983710 0.657742
vt 0.983124 0.652988
vt 0.983660 0.653053
vt 0.983107 0.657138
vt 0.983628 0.657095
vt 0.983154 0.652621
vt 0.983710 0.652729
vt 0.983095 0.656807
vt 0.983604 0.656775
vt 0.983604 0.882438
vt 0.983574 0.882071
vt 0.984110 0.882006
vt 0.984160 0.882330
vt 0.983086 0.656484
vt 0.983586 0.656459
vt 0.983556 0.881727
vt 0.984077 0.881683
vt 0.983080 0.656167
vt 0.983572 0.656147
vt 0.983545 0.881395
vt 0.984054 0.881364
vt 0.983521 0.879824
vt 0.983522 0.879515
vt 0.983999 0.879524
vt 0.983992 0.879824
vt 0.983075 0.655854
vt 0.983559 0.655839
vt 0.983536 0.881073
vt 0.984036 0.881048
vt 0.983072 0.655544
vt 0.983549 0.655535
vt 0.983525 0.879205
vt 0.984009 0.879220
vt 0.983530 0.880755
vt 0.984022 0.880735
vt 0.983071 0.655235
vt 0.983542 0.655235
vt 0.983530 0.878892
vt 0.984022 0.878912
vt 0.983525 0.880442
vt 0.984009 0.880427
vt 0.983072 0.654927
vt 0.983549 0.654936
vt 0.983536 0.878575
vt 0.984036 0.878600
vt 0.982679 0.880125
vt 0.982685 0.879824
vt 0.983108 0.879824
vt 0.983110 0.880130
vt 0.982221 0.654628
vt 0.982212 0.654317
vt 0.982658 0.654305
vt 0.982659 0.654619
vt 0.983522 0.880132
vt 0.983999 0.880123
vt 0.983075 0.654617
vt 0.983559 0.654632
vt 0.983545 0.878252
vt 0.984054 0.878284
vt 0.982203 0.654001
vt 0.982191 0.653681
vt 0.982655 0.653663
vt 0.982657 0.653987
vt 0.982603 0.877614
vt 0.982564 0.877280
vt 0.983079 0.877197
vt 0.983095 0.877573
vt 0.982176 0.653356
vt 0.982652 0.653331
vt 0.982114 0.657779
vt 0.982153 0.657445
vt 0.982645 0.657486
vt 0.982629 0.657862
vt 0.982153 0.653026
vt 0.982645 0.652984
vt 0.982176 0.657115
vt 0.982652 0.657140
vt 0.982114 0.652691
vt 0.982629 0.652609
vt 0.982191 0.656789
vt 0.982655 0.656807
vt 0.982564 0.882368
vt 0.982603 0.882033
vt 0.983095 0.882075
vt 0.983079 0.882450
vt 0.982203 0.656469
vt 0.982657 0.656483
vt 0.982626 0.881703
vt 0.983102 0.881728
vt 0.982212 0.656153
vt 0.982658 0.656165
vt 0.982641 0.881378
vt 0.983105 0.881396
vt 0.982221 0.655842
vt 0.982659 0.655852
vt 0.982652 0.881058
vt 0.983106 0.881072
vt 0.982229 0.655536
vt 0.982660 0.655542
vt 0.982679 0.879523
vt 0.982671 0.879217
vt 0.983109 0.879207
vt 0.983110 0.879517
vt 0.982662 0.880742
vt 0.983108 0.880754
vt 0.982235 0.655235
vt 0.982658 0.655235
vt 0.982662 0.878906
vt 0.983108 0.878894
vt 0.982671 0.880431
vt 0.983109 0.880440
vt 0.982229 0.654934
vt 0.982660 0.654929
vt 0.982652 0.878590
vt 0.983106 0.878576
vt 0.982641 0.878270
vt 0.983105 0.878252
vt 0.982626 0.877944
vt 0.983102 0.877919
vt 0.398781 0.943308
vt 0.398492 0.943308
vt 0.398492 0.915822
vt 0.398781 0.915822
vt 0.416475 0.943308
vt 0.416185 0.943308
vt 0.416185 0.915822
vt 0.416475 0.915822
vt 0.400524 0.943308
vt 0.400232 0.943308
vt 0.400232 0.915822
vt 0.400524 0.915822
vt 0.399070 0.943308
vt 0.399070 0.915822
vt 0.416766 0.943308
vt 0.416766 0.915822
vt 0.400815 0.943308
vt 0.400815 0.915822
vt 0.399360 0.943308
vt 0.399360 0.915822
vt 0.417057 0.943308
vt 0.417057 0.915822
vt 0.401105 0.943308
vt 0.401105 0.915822
vt 0.399650 0.943308
vt 0.399650 0.915822
vt 0.417348 0.943308
vt 0.417348 0.915822
vt 0.401395 0.943308
vt 0.401395 0.915822
vt 0.399941 0.943308
vt 0.399941 0.915822
vt 0.417639 0.943308
vt 0.417639 0.915822
vt 0.401684 0.943308
vt 0.401684 0.915822
vt 0.417930 0.943308
vt 0.417930 0.915822
vt 0.401973 0.943308
vt 0.401973 0.915822
vt 0.418220 0.943308
vt 0.418220 0.915822
vt 0.402260 0.943308
vt 0.402260 0.915822
vt 0.418509 0.943308
vt 0.418509 0.915822
vt 0.402548 0.943308
vt 0.402548 0.915822
vt 0.418797 0.943308
vt 0.418797 0.915822
vt 0.415029 0.943308
vt 0.414742 0.943308
vt 0.414742 0.915822
vt 0.415029 0.915822
vt 0.419085 0.943308
vt 0.419085 0.915822
vt 0.415317 0.943308
vt 0.415317 0.915822
vt 0.419373 0.943308
vt 0.419373 0.915822
vt 0.415605 0.943308
vt 0.415605 0.915822
vt 0.398204 0.943308
vt 0.397917 0.943308
vt 0.397917 0.915822
vt 0.398204 0.915822
vt 0.415895 0.943308
vt 0.415895 0.915822
vt 0.024992 0.967666
vt 0.024721 0.967666
vt 0.025263 0.967666
vt 0.025532 0.967666
vt 0.025801 0.967666
vt 0.026068 0.967666
vt 0.026334 0.967666
vt 0.026598 0.967666
vt 0.026863 0.967666
vt 0.006362 0.967666
vt 0.006098 0.967666
vt 0.006627 0.967666
vt 0.006893 0.967666
vt 0.007160 0.967666
vt 0.007429 0.967666
vt 0.007698 0.967666
vt 0.007969 0.967666
vt 0.008240 0.967666
vt 0.008511 0.967666
vt 0.008782 0.967666
vt 0.009052 0.967666
vt 0.009320 0.967666
vt 0.009587 0.967666
vt 0.009853 0.967666
vt 0.010118 0.967666
vt 0.010382 0.967666
vt 0.022843 0.967666
vt 0.022579 0.967666
vt 0.023108 0.967666
vt 0.023373 0.967666
vt 0.023640 0.967666
vt 0.023909 0.967666
vt 0.024179 0.967666
vt 0.024449 0.967666
vt 0.951272 0.098457
vt 0.950982 0.098457
vt 0.950982 0.070970
vt 0.951272 0.070970
vt 0.955781 0.509513
vt 0.955493 0.509513
vt 0.955493 0.482027
vt 0.955781 0.482027
vt 0.950693 0.098457
vt 0.950693 0.070970
vt 0.955205 0.509513
vt 0.955205 0.482027
vt 0.950404 0.098457
vt 0.950404 0.070970
vt 0.954460 0.098457
vt 0.954173 0.098457
vt 0.954173 0.070970
vt 0.954460 0.070970
vt 0.950116 0.098457
vt 0.950116 0.070970
vt 0.953885 0.098457
vt 0.953885 0.070970
vt 0.949829 0.098457
vt 0.949829 0.070970
vt 0.953596 0.098457
vt 0.953596 0.070970
vt 0.959836 0.509513
vt 0.959549 0.509513
vt 0.959549 0.482027
vt 0.959836 0.482027
vt 0.953307 0.098457
vt 0.953307 0.070970
vt 0.959261 0.509513
vt 0.959261 0.482027
vt 0.953017 0.098457
vt 0.953017 0.070970
vt 0.958972 0.509513
vt 0.958972 0.482027
vt 0.952727 0.098457
vt 0.952727 0.070970
vt 0.957521 0.509513
vt 0.957230 0.509513
vt 0.957230 0.482027
vt 0.957521 0.482027
vt 0.958683 0.509513
vt 0.958683 0.482027
vt 0.952436 0.098457
vt 0.952436 0.070970
vt 0.956939 0.509513
vt 0.956939 0.482027
vt 0.958393 0.509513
vt 0.958393 0.482027
vt 0.952144 0.098457
vt 0.952144 0.070970
vt 0.956648 0.509513
vt 0.956648 0.482027
vt 0.958103 0.509513
vt 0.958103 0.482027
vt 0.951853 0.098457
vt 0.951853 0.070970
vt 0.956358 0.509513
vt 0.956358 0.482027
vt 0.957812 0.509513
vt 0.957812 0.482027
vt 0.951562 0.098457
vt 0.951562 0.070970
vt 0.956069 0.509513
vt 0.956069 0.482027
vt 0.069940 0.973340
vt 0.069940 0.974620
vt 0.069669 0.974620
vt 0.069669 0.973340
vt 0.069398 0.974620
vt 0.069398 0.973340
vt 0.069128 0.974620
vt 0.069128 0.973340
vt 0.068859 0.974620
vt 0.068859 0.973340
vt 0.068591 0.974620
vt 0.068591 0.973340
vt 0.068324 0.974620
vt 0.068324 0.973340
vt 0.068058 0.974620
vt 0.068058 0.973340
vt 0.067792 0.974621
vt 0.067792 0.973340
vt 0.385722 0.972254
vt 0.385722 0.973534
vt 0.385456 0.973534
vt 0.385456 0.972254
vt 0.385190 0.973534
vt 0.385190 0.972254
vt 0.384923 0.973534
vt 0.384923 0.972254
vt 0.384655 0.973534
vt 0.384655 0.972254
vt 0.384386 0.973534
vt 0.384386 0.972254
vt 0.384116 0.973534
vt 0.384116 0.972254
vt 0.383845 0.973534
vt 0.383845 0.972254
vt 0.383574 0.973534
vt 0.383574 0.972254
vt 0.383303 0.973534
vt 0.383303 0.972254
vt 0.383032 0.973534
vt 0.383032 0.972254
vt 0.382762 0.973534
vt 0.382762 0.972254
vt 0.382493 0.973534
vt 0.382493 0.972254
vt 0.382225 0.973534
vt 0.382225 0.972254
vt 0.381958 0.973534
vt 0.381958 0.972254
vt 0.381691 0.973534
vt 0.381691 0.972254
vt 0.381426 0.973534
vt 0.381426 0.972254
vt 0.072088 0.973340
vt 0.072088 0.974621
vt 0.071823 0.974620
vt 0.071823 0.973340
vt 0.071556 0.974620
vt 0.071557 0.973340
vt 0.071290 0.974620
vt 0.071290 0.973340
vt 0.071022 0.974620
vt 0.071022 0.973340
vt 0.070752 0.974620
vt 0.070753 0.973340
vt 0.070482 0.974620
vt 0.070482 0.973340
vt 0.843350 0.735386
vt 0.843298 0.735120
vt 0.843298 0.734849
vt 0.843350 0.734583
vt 0.843451 0.734332
vt 0.843599 0.734108
vt 0.843787 0.733916
vt 0.844008 0.733767
vt 0.844254 0.733664
vt 0.844514 0.733612
vt 0.844780 0.733613
vt 0.845041 0.733667
vt 0.845286 0.733772
vt 0.845507 0.733923
vt 0.845695 0.734116
vt 0.845843 0.734342
vt 0.845945 0.734593
vt 0.845996 0.734859
vt 0.845996 0.735131
vt 0.845944 0.735397
vt 0.845843 0.735647
vt 0.845695 0.735872
vt 0.845507 0.736063
vt 0.845286 0.736212
vt 0.845041 0.736315
vt 0.844780 0.736367
vt 0.844514 0.736366
vt 0.844254 0.736312
vt 0.844008 0.736207
vt 0.843787 0.736056
vt 0.843599 0.735863
vt 0.843452 0.735637
vt 0.070212 0.974620
vt 0.070212 0.973340
vt 0.983815 0.592033
vt 0.983550 0.592029
vt 0.983553 0.591759
vt 0.983815 0.591759
vt 0.983813 0.592309
vt 0.983544 0.592303
vt 0.983810 0.592587
vt 0.983537 0.592579
vt 0.983807 0.592867
vt 0.983530 0.592859
vt 0.983803 0.593151
vt 0.983522 0.593142
vt 0.983799 0.593439
vt 0.983513 0.593427
vt 0.983792 0.593733
vt 0.983500 0.593716
vt 0.983780 0.594040
vt 0.983478 0.594007
vt 0.983836 0.749335
vt 0.983543 0.749352
vt 0.983522 0.749061
vt 0.983823 0.749028
vt 0.983842 0.749629
vt 0.983556 0.749641
vt 0.983847 0.749917
vt 0.983566 0.749926
vt 0.983850 0.750201
vt 0.983574 0.750209
vt 0.983854 0.750481
vt 0.983581 0.750489
vt 0.983856 0.750759
vt 0.983587 0.750765
vt 0.983858 0.751035
vt 0.983593 0.751039
vt 0.983859 0.751309
vt 0.983597 0.751309
vt 0.983858 0.751583
vt 0.983593 0.751579
vt 0.983856 0.751858
vt 0.983587 0.751852
vt 0.983854 0.752136
vt 0.983581 0.752129
vt 0.983850 0.752417
vt 0.983574 0.752408
vt 0.983847 0.752700
vt 0.983566 0.752691
vt 0.983842 0.752988
vt 0.983556 0.752977
vt 0.983836 0.753282
vt 0.983543 0.753265
vt 0.983823 0.753589
vt 0.983522 0.753556
vt 0.983792 0.589786
vt 0.983500 0.589803
vt 0.983478 0.589512
vt 0.983780 0.589479
vt 0.983799 0.590080
vt 0.983513 0.590091
vt 0.983803 0.590368
vt 0.983522 0.590377
vt 0.983807 0.590651
vt 0.983530 0.590660
vt 0.983810 0.590932
vt 0.983537 0.590939
vt 0.983813 0.591210
vt 0.983544 0.591216
vt 0.983550 0.591489
vt 0.983815 0.591485
vt 0.984324 0.592303
vt 0.984065 0.592308
vt 0.984065 0.592032
vt 0.984319 0.592029
vt 0.984328 0.592580
vt 0.984066 0.592586
vt 0.984333 0.592861
vt 0.984067 0.592866
vt 0.984338 0.593145
vt 0.984067 0.593150
vt 0.984344 0.593432
vt 0.984068 0.593439
vt 0.984353 0.593723
vt 0.984069 0.593733
vt 0.984369 0.594018
vt 0.984075 0.594044
vt 0.984396 0.749345
vt 0.984113 0.749335
vt 0.984118 0.749024
vt 0.984412 0.749050
vt 0.984388 0.749636
vt 0.984111 0.749629
vt 0.984382 0.749923
vt 0.984111 0.749918
vt 0.984377 0.750207
vt 0.984110 0.750202
vt 0.984372 0.750488
vt 0.984109 0.750482
vt 0.984367 0.750765
vt 0.984109 0.750760
vt 0.984363 0.751039
vt 0.984108 0.751036
vt 0.984360 0.751309
vt 0.984109 0.751309
vt 0.984363 0.751579
vt 0.984108 0.751581
vt 0.984367 0.751853
vt 0.984109 0.751857
vt 0.984372 0.752130
vt 0.984109 0.752135
vt 0.984377 0.752410
vt 0.984110 0.752416
vt 0.984382 0.752694
vt 0.984111 0.752700
vt 0.984388 0.752981
vt 0.984111 0.752988
vt 0.984396 0.753272
vt 0.984113 0.753283
vt 0.984412 0.753567
vt 0.984118 0.753593
vt 0.984353 0.589796
vt 0.984069 0.589785
vt 0.984075 0.589475
vt 0.984369 0.589501
vt 0.984344 0.590087
vt 0.984068 0.590080
vt 0.984338 0.590374
vt 0.984067 0.590368
vt 0.984333 0.590658
vt 0.984067 0.590652
vt 0.984328 0.590938
vt 0.984066 0.590933
vt 0.984324 0.591215
vt 0.984065 0.591211
vt 0.984319 0.591489
vt 0.984065 0.591486
vt 0.984066 0.591759
vt 0.984316 0.591759
vt 0.985399 0.815435
vt 0.988474 0.815435
vt 0.988474 0.815706
vt 0.985399 0.815706
vt 0.988474 0.815977
vt 0.985399 0.815977
vt 0.988474 0.816247
vt 0.985399 0.816247
vt 0.988474 0.816516
vt 0.985399 0.816516
vt 0.988474 0.816784
vt 0.985399 0.816784
vt 0.988474 0.817051
vt 0.985399 0.817051
vt 0.988474 0.817317
vt 0.985399 0.817317
vt 0.988474 0.817583
vt 0.985399 0.817583
vt 0.985343 0.917804
vt 0.988418 0.917804
vt 0.988418 0.918070
vt 0.985343 0.918070
vt 0.988418 0.918336
vt 0.985343 0.918336
vt 0.988418 0.918603
vt 0.985343 0.918603
vt 0.988418 0.918871
vt 0.985343 0.918871
vt 0.988418 0.919140
vt 0.985343 0.919140
vt 0.988418 0.919410
vt 0.985343 0.919410
vt 0.988418 0.919681
vt 0.985343 0.919681
vt 0.988418 0.919952
vt 0.985343 0.919952
vt 0.988418 0.920224
vt 0.985343 0.920224
vt 0.988418 0.920494
vt 0.985343 0.920494
vt 0.988418 0.920764
vt 0.985343 0.920764
vt 0.988418 0.921034
vt 0.985343 0.921034
vt 0.988418 0.921301
vt 0.985343 0.921301
vt 0.988418 0.921569
vt 0.985343 0.921569
vt 0.988418 0.921835
vt 0.985343 0.921835
vt 0.988418 0.922100
vt 0.985343 0.922100
vt 0.985399 0.813287
vt 0.988474 0.813287
vt 0.988474 0.813553
vt 0.985399 0.813553
vt 0.988474 0.813819
vt 0.985399 0.813819
vt 0.988474 0.814086
vt 0.985399 0.814086
vt 0.988474 0.814354
vt 0.985399 0.814354
vt 0.988474 0.814623
vt 0.985399 0.814623
vt 0.988474 0.814893
vt 0.985399 0.814893
vt 0.988474 0.815164
vt 0.985399 0.815164
vt 0.983360 0.860921
vt 0.982964 0.860916
vt 0.982970 0.860636
vt 0.983358 0.860637
vt 0.983359 0.861208
vt 0.982957 0.861199
vt 0.983358 0.861499
vt 0.982948 0.861487
vt 0.983356 0.861794
vt 0.982938 0.861779
vt 0.983351 0.862093
vt 0.982926 0.862075
vt 0.983348 0.862400
vt 0.982910 0.862375
vt 0.983341 0.862720
vt 0.982888 0.862680
vt 0.983326 0.863066
vt 0.982851 0.862989
vt 0.984064 0.618314
vt 0.984515 0.618273
vt 0.984554 0.618581
vt 0.984080 0.618660
vt 0.984054 0.617995
vt 0.984492 0.617970
vt 0.984051 0.617687
vt 0.984477 0.617670
vt 0.984049 0.617388
vt 0.984466 0.617374
vt 0.984047 0.617093
vt 0.984457 0.617082
vt 0.984045 0.616803
vt 0.984448 0.616794
vt 0.984045 0.616515
vt 0.984441 0.616510
vt 0.984047 0.616231
vt 0.984435 0.616231
vt 0.984045 0.615946
vt 0.984441 0.615952
vt 0.984045 0.615659
vt 0.984448 0.615668
vt 0.984047 0.615368
vt 0.984457 0.615380
vt 0.984048 0.615073
vt 0.984466 0.615088
vt 0.984053 0.614774
vt 0.984479 0.614792
vt 0.984057 0.614468
vt 0.984494 0.614492
vt 0.984063 0.614148
vt 0.984517 0.614187
vt 0.984079 0.613801
vt 0.984554 0.613878
vt 0.983341 0.858553
vt 0.982888 0.858593
vt 0.982851 0.858284
vt 0.983326 0.858207
vt 0.983348 0.858873
vt 0.982910 0.858898
vt 0.983351 0.859180
vt 0.982926 0.859198
vt 0.983356 0.859479
vt 0.982938 0.859494
vt 0.983358 0.859774
vt 0.982948 0.859785
vt 0.983359 0.860065
vt 0.982957 0.860074
vt 0.983360 0.860352
vt 0.982964 0.860357
vt 0.947626 0.362594
vt 0.947626 0.399875
vt 0.947355 0.399875
vt 0.947355 0.362594
vt 0.947084 0.399875
vt 0.947084 0.362594
vt 0.946814 0.399875
vt 0.946814 0.362594
vt 0.946545 0.399875
vt 0.946545 0.362594
vt 0.946277 0.399875
vt 0.946277 0.362594
vt 0.946010 0.399875
vt 0.946010 0.362594
vt 0.945744 0.399875
vt 0.945744 0.362594
vt 0.945478 0.399875
vt 0.945478 0.362594
vt 0.937634 0.070933
vt 0.937634 0.108214
vt 0.937368 0.108214
vt 0.937368 0.070933
vt 0.937102 0.108214
vt 0.937102 0.070933
vt 0.936835 0.108214
vt 0.936835 0.070933
vt 0.936567 0.108214
vt 0.936567 0.070933
vt 0.936298 0.108214
vt 0.936298 0.070933
vt 0.936028 0.108214
vt 0.936028 0.070933
vt 0.935757 0.108214
vt 0.935757 0.070933
vt 0.935486 0.108214
vt 0.935486 0.070933
vt 0.935215 0.108214
vt 0.935215 0.070933
vt 0.934944 0.108214
vt 0.934944 0.070933
vt 0.934674 0.108214
vt 0.934674 0.070933
vt 0.934405 0.108214
vt 0.934405 0.070933
vt 0.934137 0.108214
vt 0.934137 0.070933
vt 0.933870 0.108214
vt 0.933870 0.070933
vt 0.933603 0.108214
vt 0.933603 0.070933
vt 0.933338 0.108214
vt 0.933338 0.070933
vt 0.949774 0.362594
vt 0.949774 0.399875
vt 0.949508 0.399875
vt 0.949508 0.362594
vt 0.949242 0.399875
vt 0.949242 0.362594
vt 0.948975 0.399875
vt 0.948975 0.362594
vt 0.948707 0.399875
vt 0.948707 0.362594
vt 0.948438 0.399875
vt 0.948438 0.362594
vt 0.948168 0.399875
vt 0.948168 0.362594
vt 0.947897 0.399875
vt 0.947897 0.362594
vt 0.984126 0.860915
vt 0.983729 0.860923
vt 0.983728 0.860637
vt 0.984119 0.860636
vt 0.984135 0.861198
vt 0.983732 0.861210
vt 0.984146 0.861485
vt 0.983736 0.861500
vt 0.984158 0.861776
vt 0.983742 0.861793
vt 0.984172 0.862070
vt 0.983746 0.862093
vt 0.984191 0.862367
vt 0.983756 0.862399
vt 0.984218 0.862667
vt 0.983770 0.862717
vt 0.984261 0.862968
vt 0.983797 0.863055
vt 0.983186 0.618263
vt 0.983635 0.618312
vt 0.983610 0.618650
vt 0.983143 0.618565
vt 0.983212 0.617961
vt 0.983647 0.617992
vt 0.983231 0.617664
vt 0.983656 0.617687
vt 0.983246 0.617370
vt 0.983663 0.617389
vt 0.983259 0.617079
vt 0.983669 0.617095
vt 0.983270 0.616792
vt 0.983673 0.616805
vt 0.983279 0.616509
vt 0.983676 0.616517
vt 0.983286 0.616231
vt 0.983676 0.616231
vt 0.983279 0.615952
vt 0.983676 0.615944
vt 0.983270 0.615669
vt 0.983673 0.615657
vt 0.983259 0.615382
vt 0.983668 0.615367
vt 0.983246 0.615092
vt 0.983663 0.615074
vt 0.983232 0.614797
vt 0.983658 0.614774
vt 0.983214 0.614500
vt 0.983649 0.614468
vt 0.983187 0.614200
vt 0.983634 0.614150
vt 0.983143 0.613899
vt 0.983608 0.613812
vt 0.984218 0.858606
vt 0.983770 0.858556
vt 0.983797 0.858218
vt 0.984261 0.858305
vt 0.984191 0.858906
vt 0.983756 0.858874
vt 0.984172 0.859203
vt 0.983746 0.859180
vt 0.984158 0.859497
vt 0.983742 0.859480
vt 0.984146 0.859788
vt 0.983736 0.859773
vt 0.984135 0.860075
vt 0.983732 0.860063
vt 0.984126 0.860358
vt 0.983729 0.860350
vt 0.978283 0.981623
vt 0.978281 0.981919
vt 0.977709 0.981919
vt 0.977711 0.981611
vt 0.978326 0.983115
vt 0.978353 0.983421
vt 0.977754 0.983475
vt 0.977738 0.983158
vt 0.909513 0.982303
vt 0.909521 0.982601
vt 0.908947 0.982623
vt 0.908941 0.982315
vt 0.978291 0.981325
vt 0.977717 0.981303
vt 0.978305 0.982813
vt 0.977725 0.982845
vt 0.909511 0.982007
vt 0.908939 0.982007
vt 0.978305 0.981025
vt 0.977725 0.980993
vt 0.978291 0.982514
vt 0.977717 0.982535
vt 0.909513 0.981710
vt 0.908941 0.981699
vt 0.978326 0.980723
vt 0.977738 0.980680
vt 0.978283 0.982216
vt 0.977711 0.982227
vt 0.909521 0.981412
vt 0.908947 0.981390
vt 0.978353 0.980417
vt 0.977754 0.980363
vt 0.909536 0.981113
vt 0.908955 0.981081
vt 0.978388 0.980107
vt 0.977774 0.980039
vt 0.909556 0.980811
vt 0.908968 0.980768
vt 0.978436 0.979789
vt 0.977797 0.979703
vt 0.909583 0.980505
vt 0.908984 0.980451
vt 0.978501 0.979457
vt 0.977823 0.979349
vt 0.909618 0.980195
vt 0.909004 0.980127
vt 0.909666 0.984137
vt 0.909731 0.984469
vt 0.909053 0.984577
vt 0.909027 0.984223
vt 0.909666 0.979876
vt 0.909027 0.979791
vt 0.909618 0.983819
vt 0.909004 0.983887
vt 0.909731 0.979545
vt 0.909053 0.979437
vt 0.909583 0.983509
vt 0.908984 0.983563
vt 0.978436 0.984049
vt 0.978501 0.984381
vt 0.977823 0.984489
vt 0.977797 0.984135
vt 0.909556 0.983203
vt 0.908968 0.983246
vt 0.978388 0.983731
vt 0.977774 0.983799
vt 0.909536 0.982901
vt 0.908955 0.982933
vt 0.909983 0.982577
vt 0.910002 0.982866
vt 0.978831 0.983360
vt 0.978873 0.983652
vt 0.910028 0.983156
vt 0.978928 0.983944
vt 0.910061 0.983447
vt 0.979001 0.984235
vt 0.910104 0.983740
vt 0.910231 0.979691
vt 0.910158 0.979982
vt 0.910158 0.984032
vt 0.910104 0.980274
vt 0.910231 0.984323
vt 0.910061 0.980567
vt 0.979001 0.979603
vt 0.978928 0.979894
vt 0.910028 0.980858
vt 0.978873 0.980186
vt 0.910002 0.981148
vt 0.978831 0.980479
vt 0.909983 0.981437
vt 0.978732 0.981919
vt 0.978739 0.982203
vt 0.978798 0.980770
vt 0.909970 0.981723
vt 0.978753 0.982489
vt 0.978772 0.981060
vt 0.909963 0.982007
vt 0.978772 0.982778
vt 0.978753 0.981349
vt 0.909970 0.982291
vt 0.978798 0.983068
vt 0.978739 0.981635
vt 0.977188 0.983812
vt 0.977183 0.983489
vt 0.908403 0.982942
vt 0.908400 0.982629
vt 0.977167 0.981919
vt 0.977168 0.981609
vt 0.977178 0.983170
vt 0.908398 0.982317
vt 0.977169 0.981297
vt 0.977173 0.982854
vt 0.908397 0.982007
vt 0.977173 0.980984
vt 0.977169 0.982541
vt 0.908398 0.981697
vt 0.977178 0.980668
vt 0.977168 0.982229
vt 0.908400 0.981385
vt 0.977183 0.980349
vt 0.908403 0.981072
vt 0.977188 0.980026
vt 0.908408 0.980756
vt 0.977189 0.979695
vt 0.908413 0.980437
vt 0.977180 0.979352
vt 0.908418 0.980114
vt 0.908410 0.984574
vt 0.908419 0.984231
vt 0.908419 0.979783
vt 0.908418 0.983900
vt 0.908410 0.979440
vt 0.908413 0.983577
vt 0.977180 0.984486
vt 0.977189 0.984143
vt 0.908408 0.983258
vt 0.943101 0.194686
vt 0.942811 0.194686
vt 0.942811 0.186643
vt 0.943101 0.186643
vt 0.976802 0.981919
vt 0.976799 0.981613
vt 0.976796 0.981304
vt 0.976795 0.980991
vt 0.976795 0.980675
vt 0.976795 0.980356
vt 0.976793 0.980035
vt 0.976786 0.979712
vt 0.976768 0.979386
vt 0.907999 0.984540
vt 0.908016 0.984214
vt 0.908023 0.983891
vt 0.908025 0.983570
vt 0.908025 0.983251
vt 0.908025 0.982935
vt 0.908026 0.982622
vt 0.908029 0.982313
vt 0.908032 0.982007
vt 0.908029 0.981701
vt 0.908026 0.981392
vt 0.908025 0.981079
vt 0.908025 0.980763
vt 0.908025 0.980444
vt 0.908023 0.980123
vt 0.908016 0.979799
vt 0.907999 0.979474
vt 0.976768 0.984452
vt 0.976786 0.984127
vt 0.976793 0.983803
vt 0.976795 0.983482
vt 0.976795 0.983163
vt 0.976795 0.982847
vt 0.976796 0.982534
vt 0.976799 0.982225
vt 0.629713 0.974750
vt 0.629770 0.975119
vt 0.629156 0.975227
vt 0.629100 0.974823
vt 0.876275 0.976509
vt 0.875984 0.976509
vt 0.875984 0.968465
vt 0.876275 0.968465
vt 0.944846 0.194686
vt 0.944555 0.194686
vt 0.944555 0.186643
vt 0.944846 0.186643
vt 0.943391 0.194686
vt 0.943391 0.186643
vt 0.876567 0.976509
vt 0.876567 0.968465
vt 0.945137 0.194686
vt 0.945137 0.186643
vt 0.943682 0.194686
vt 0.943682 0.186643
vt 0.876858 0.976509
vt 0.876858 0.968465
vt 0.945428 0.194686
vt 0.945428 0.186643
vt 0.943973 0.194686
vt 0.943973 0.186643
vt 0.877149 0.976509
vt 0.877149 0.968465
vt 0.945719 0.194686
vt 0.945719 0.186643
vt 0.944264 0.194686
vt 0.944264 0.186643
vt 0.877440 0.976509
vt 0.877440 0.968465
vt 0.946009 0.194686
vt 0.946009 0.186643
vt 0.877731 0.976509
vt 0.877731 0.968465
vt 0.946298 0.194686
vt 0.946298 0.186643
vt 0.878021 0.976509
vt 0.878021 0.968465
vt 0.946588 0.194686
vt 0.946588 0.186643
vt 0.878312 0.976509
vt 0.878312 0.968465
vt 0.946877 0.194686
vt 0.946877 0.186643
vt 0.878601 0.976509
vt 0.878601 0.968465
vt 0.874825 0.976509
vt 0.874536 0.976509
vt 0.874536 0.968465
vt 0.874825 0.968465
vt 0.878891 0.976509
vt 0.878891 0.968465
vt 0.875114 0.976509
vt 0.875114 0.968465
vt 0.879180 0.976509
vt 0.879180 0.968465
vt 0.875404 0.976509
vt 0.875404 0.968465
vt 0.942522 0.194686
vt 0.942233 0.194686
vt 0.942233 0.186643
vt 0.942522 0.186643
vt 0.875694 0.976509
vt 0.875694 0.968465
vt 0.660016 0.974753
vt 0.660051 0.974381
vt 0.660670 0.974425
vt 0.660630 0.974830
vt 0.659497 0.974002
vt 0.659486 0.974341
vt 0.658855 0.974298
vt 0.658867 0.974000
vt 0.659884 0.975489
vt 0.659962 0.975123
vt 0.660568 0.975230
vt 0.660491 0.975628
vt 0.659786 0.975854
vt 0.660392 0.976025
vt 0.659667 0.976215
vt 0.660272 0.976419
vt 0.659531 0.976579
vt 0.660132 0.976806
vt 0.659372 0.976946
vt 0.659983 0.977189
vt 0.630199 0.976578
vt 0.630359 0.976946
vt 0.629742 0.977191
vt 0.629593 0.976804
vt 0.630061 0.976215
vt 0.629456 0.976415
vt 0.629943 0.975852
vt 0.629337 0.976021
vt 0.629845 0.975487
vt 0.629239 0.975626
vt 0.630402 0.975346
vt 0.630329 0.975012
vt 0.630954 0.974888
vt 0.631021 0.975181
vt 0.629679 0.974377
vt 0.629061 0.974420
vt 0.629666 0.974003
vt 0.629043 0.974012
vt 0.629673 0.973628
vt 0.629048 0.973603
vt 0.629701 0.973253
vt 0.629075 0.973192
vt 0.629751 0.972877
vt 0.629126 0.972781
vt 0.629823 0.972503
vt 0.629199 0.972372
vt 0.629918 0.972130
vt 0.629295 0.971964
vt 0.630034 0.971759
vt 0.629413 0.971561
vt 0.630171 0.971386
vt 0.629549 0.971161
vt 0.630331 0.971009
vt 0.629698 0.970764
vt 0.659561 0.971387
vt 0.659402 0.971009
vt 0.660036 0.970764
vt 0.660185 0.971162
vt 0.659699 0.971760
vt 0.660321 0.971562
vt 0.659815 0.972132
vt 0.660438 0.971966
vt 0.659909 0.972505
vt 0.660534 0.972374
vt 0.659981 0.972880
vt 0.660608 0.972784
vt 0.660031 0.973255
vt 0.660658 0.973195
vt 0.660059 0.973631
vt 0.660685 0.973607
vt 0.800190 0.512193
vt 0.800190 0.512589
vt 0.800115 0.512977
vt 0.799966 0.513343
vt 0.799750 0.513674
vt 0.799475 0.513956
vt 0.799150 0.514179
vt 0.798788 0.514334
vt 0.798403 0.514413
vt 0.798010 0.514415
vt 0.797625 0.514338
vt 0.797262 0.514187
vt 0.796937 0.513966
vt 0.796660 0.513685
vt 0.796444 0.513355
vt 0.796295 0.512989
vt 0.796219 0.512601
vt 0.796219 0.512206
vt 0.796295 0.511817
vt 0.796443 0.511451
vt 0.796659 0.511120
vt 0.796935 0.510838
vt 0.797260 0.510615
vt 0.797622 0.510460
vt 0.798007 0.510381
vt 0.798399 0.510379
vt 0.798785 0.510456
vt 0.799147 0.510608
vt 0.799473 0.510828
vt 0.799749 0.511109
vt 0.799966 0.511439
vt 0.800114 0.511805
vt 0.659135 0.971967
vt 0.659250 0.972303
vt 0.658624 0.972509
vt 0.658518 0.972219
vt 0.630277 0.974676
vt 0.630905 0.974592
vt 0.659454 0.974679
vt 0.658825 0.974595
vt 0.659342 0.972641
vt 0.658711 0.972804
vt 0.630245 0.974338
vt 0.630875 0.974295
vt 0.660065 0.974007
vt 0.660689 0.974017
vt 0.659412 0.972981
vt 0.658778 0.973102
vt 0.630234 0.973999
vt 0.630863 0.973998
vt 0.659401 0.975015
vt 0.658776 0.974890
vt 0.659461 0.973321
vt 0.658826 0.973402
vt 0.630241 0.973660
vt 0.630875 0.973699
vt 0.659328 0.975348
vt 0.658709 0.975183
vt 0.659490 0.973662
vt 0.658856 0.973701
vt 0.630270 0.973319
vt 0.630904 0.973400
vt 0.659234 0.975679
vt 0.658622 0.975472
vt 0.630319 0.972979
vt 0.630953 0.973100
vt 0.659118 0.976007
vt 0.658515 0.975756
vt 0.630390 0.972639
vt 0.631020 0.972803
vt 0.658979 0.976334
vt 0.658388 0.976032
vt 0.630482 0.972302
vt 0.631107 0.972508
vt 0.658811 0.976660
vt 0.658237 0.976299
vt 0.630597 0.971967
vt 0.631214 0.972219
vt 0.630921 0.976659
vt 0.630752 0.976332
vt 0.631343 0.976030
vt 0.631495 0.976297
vt 0.630737 0.971632
vt 0.631342 0.971936
vt 0.630612 0.976006
vt 0.631215 0.975754
vt 0.630907 0.971298
vt 0.631495 0.971662
vt 0.630496 0.975677
vt 0.631108 0.975470
vt 0.658825 0.971298
vt 0.658995 0.971633
vt 0.658389 0.971936
vt 0.658237 0.971662
vt 0.982086 0.341978
vt 0.982079 0.342296
vt 0.981579 0.342272
vt 0.981594 0.341959
vt 0.982492 0.297376
vt 0.982510 0.297029
vt 0.983046 0.297094
vt 0.983013 0.297418
vt 0.982071 0.342620
vt 0.981560 0.342589
vt 0.982540 0.296660
vt 0.983096 0.296767
vt 0.982059 0.342952
vt 0.981537 0.342910
vt 0.982011 0.338426
vt 0.982041 0.338796
vt 0.981504 0.338860
vt 0.981455 0.338534
vt 0.982041 0.343299
vt 0.981504 0.343235
vt 0.982059 0.339143
vt 0.981537 0.339185
vt 0.982011 0.343669
vt 0.981455 0.343561
vt 0.982071 0.339475
vt 0.981560 0.339506
vt 0.982540 0.301902
vt 0.982510 0.301533
vt 0.983046 0.301468
vt 0.983096 0.301795
vt 0.982079 0.339799
vt 0.981579 0.339823
vt 0.982492 0.301186
vt 0.983013 0.301144
vt 0.982086 0.340117
vt 0.981594 0.340136
vt 0.982480 0.300853
vt 0.982990 0.300823
vt 0.982456 0.299281
vt 0.982457 0.298973
vt 0.982934 0.298982
vt 0.982927 0.299281
vt 0.982091 0.340430
vt 0.981606 0.340444
vt 0.982471 0.300529
vt 0.982972 0.300506
vt 0.982094 0.340739
vt 0.981616 0.340748
vt 0.982460 0.298664
vt 0.982944 0.298678
vt 0.982465 0.300212
vt 0.982957 0.300193
vt 0.982095 0.341047
vt 0.981623 0.341047
vt 0.982465 0.298351
vt 0.982957 0.298370
vt 0.982460 0.299899
vt 0.982944 0.299884
vt 0.982094 0.341356
vt 0.981616 0.341347
vt 0.982471 0.298033
vt 0.982972 0.298057
vt 0.981614 0.299582
vt 0.981620 0.299281
vt 0.982043 0.299281
vt 0.982045 0.299587
vt 0.982944 0.341654
vt 0.982953 0.341966
vt 0.982507 0.341977
vt 0.982506 0.341663
vt 0.982457 0.299589
vt 0.982934 0.299580
vt 0.982091 0.341665
vt 0.981606 0.341651
vt 0.982480 0.297709
vt 0.982990 0.297740
vt 0.982963 0.342282
vt 0.982975 0.342604
vt 0.982511 0.342620
vt 0.982509 0.342295
vt 0.981537 0.297066
vt 0.981498 0.296730
vt 0.982014 0.296648
vt 0.982030 0.297025
vt 0.982990 0.342930
vt 0.982514 0.342954
vt 0.983052 0.338496
vt 0.983013 0.338832
vt 0.982520 0.338792
vt 0.982537 0.338414
vt 0.983013 0.343262
vt 0.982520 0.343303
vt 0.982990 0.339165
vt 0.982514 0.339141
vt 0.983052 0.343599
vt 0.982537 0.343681
vt 0.982975 0.339491
vt 0.982511 0.339475
vt 0.981498 0.301833
vt 0.981537 0.301496
vt 0.982030 0.301537
vt 0.982014 0.301915
vt 0.982963 0.339813
vt 0.982509 0.339800
vt 0.981560 0.301164
vt 0.982037 0.301188
vt 0.982953 0.340129
vt 0.982507 0.340118
vt 0.981575 0.300837
vt 0.982040 0.300854
vt 0.982944 0.340441
vt 0.982506 0.340432
vt 0.981587 0.300516
vt 0.982042 0.300529
vt 0.982936 0.340747
vt 0.982505 0.340741
vt 0.981614 0.298980
vt 0.981606 0.298674
vt 0.982045 0.298666
vt 0.982045 0.298975
vt 0.981597 0.300199
vt 0.982043 0.300210
vt 0.982930 0.341047
vt 0.982507 0.341047
vt 0.981597 0.298363
vt 0.982043 0.298352
vt 0.981606 0.299888
vt 0.982045 0.299897
vt 0.982936 0.341348
vt 0.982505 0.341354
vt 0.981587 0.298047
vt 0.982042 0.298034
vt 0.981575 0.297725
vt 0.982040 0.297709
vt 0.981560 0.297398
vt 0.982037 0.297374
vt 0.939236 0.509513
vt 0.938946 0.509513
vt 0.938946 0.482027
vt 0.939236 0.482027
vt 0.923269 0.509513
vt 0.922979 0.509513
vt 0.922979 0.482027
vt 0.923269 0.482027
vt 0.940981 0.509513
vt 0.940689 0.509513
vt 0.940689 0.482027
vt 0.940981 0.482027
vt 0.939526 0.509513
vt 0.939526 0.482027
vt 0.923561 0.509513
vt 0.923561 0.482027
vt 0.941272 0.509513
vt 0.941272 0.482027
vt 0.939816 0.509513
vt 0.939816 0.482027
vt 0.923852 0.509513
vt 0.923852 0.482027
vt 0.941563 0.509513
vt 0.941563 0.482027
vt 0.940107 0.509513
vt 0.940107 0.482027
vt 0.924143 0.509513
vt 0.924143 0.482027
vt 0.941853 0.509513
vt 0.941853 0.482027
vt 0.940398 0.509513
vt 0.940398 0.482027
vt 0.924434 0.509513
vt 0.924434 0.482027
vt 0.942143 0.509513
vt 0.942143 0.482027
vt 0.924725 0.509513
vt 0.924725 0.482027
vt 0.942433 0.509513
vt 0.942433 0.482027
vt 0.925015 0.509513
vt 0.925015 0.482027
vt 0.942722 0.509513
vt 0.942722 0.482027
vt 0.925305 0.509513
vt 0.925305 0.482027
vt 0.943012 0.509513
vt 0.943012 0.482027
vt 0.925595 0.509513
vt 0.925595 0.482027
vt 0.921819 0.509513
vt 0.921530 0.509513
vt 0.921530 0.482027
vt 0.921819 0.482027
vt 0.925885 0.509513
vt 0.925885 0.482027
vt 0.922108 0.509513
vt 0.922108 0.482027
vt 0.926174 0.509513
vt 0.926174 0.482027
vt 0.922398 0.509513
vt 0.922398 0.482027
vt 0.938657 0.509513
vt 0.938367 0.509513
vt 0.938367 0.482027
vt 0.938657 0.482027
vt 0.922688 0.509513
vt 0.922688 0.482027
vt 0.070212 0.966206
vt 0.069940 0.966206
vt 0.070482 0.966206
vt 0.070753 0.966206
vt 0.071022 0.966206
vt 0.071290 0.966206
vt 0.071557 0.966206
vt 0.071823 0.966206
vt 0.072088 0.966206
vt 0.381691 0.965120
vt 0.381426 0.965120
vt 0.381958 0.965120
vt 0.382225 0.965120
vt 0.382493 0.965120
vt 0.382762 0.965120
vt 0.383032 0.965120
vt 0.383303 0.965120
vt 0.383574 0.965120
vt 0.383845 0.965120
vt 0.384116 0.965120
vt 0.384386 0.965120
vt 0.384655 0.965120
vt 0.384923 0.965120
vt 0.385190 0.965120
vt 0.385456 0.965120
vt 0.385722 0.965120
vt 0.068058 0.966206
vt 0.067792 0.966206
vt 0.068324 0.966206
vt 0.068591 0.966206
vt 0.068859 0.966206
vt 0.069128 0.966206
vt 0.069398 0.966206
vt 0.069669 0.966206
vt 0.906141 0.509513
vt 0.905850 0.509513
vt 0.905850 0.482027
vt 0.906141 0.482027
vt 0.888433 0.509513
vt 0.888143 0.509513
vt 0.888143 0.482027
vt 0.888433 0.482027
vt 0.905560 0.509513
vt 0.905560 0.482027
vt 0.887854 0.509513
vt 0.887854 0.482027
vt 0.905270 0.509513
vt 0.905270 0.482027
vt 0.909336 0.509513
vt 0.909047 0.509513
vt 0.909047 0.482027
vt 0.909336 0.482027
vt 0.904981 0.509513
vt 0.904981 0.482027
vt 0.908758 0.509513
vt 0.908758 0.482027
vt 0.904692 0.509513
vt 0.904692 0.482027
vt 0.908468 0.509513
vt 0.908468 0.482027
vt 0.892498 0.509513
vt 0.892209 0.509513
vt 0.892209 0.482027
vt 0.892498 0.482027
vt 0.908178 0.509513
vt 0.908178 0.482027
vt 0.891920 0.509513
vt 0.891920 0.482027
vt 0.907887 0.509513
vt 0.907887 0.482027
vt 0.891630 0.509513
vt 0.891630 0.482027
vt 0.907596 0.509513
vt 0.907596 0.482027
vt 0.890176 0.509513
vt 0.889885 0.509513
vt 0.889885 0.482027
vt 0.890176 0.482027
vt 0.891340 0.509513
vt 0.891340 0.482027
vt 0.907305 0.509513
vt 0.907305 0.482027
vt 0.889594 0.509513
vt 0.889594 0.482027
vt 0.891049 0.509513
vt 0.891049 0.482027
vt 0.907014 0.509513
vt 0.907014 0.482027
vt 0.889303 0.509513
vt 0.889303 0.482027
vt 0.890759 0.509513
vt 0.890759 0.482027
vt 0.906723 0.509513
vt 0.906723 0.482027
vt 0.889013 0.509513
vt 0.889013 0.482027
vt 0.890467 0.509513
vt 0.890467 0.482027
vt 0.906432 0.509513
vt 0.906432 0.482027
vt 0.888722 0.509513
vt 0.888722 0.482027
vt 0.165999 0.982414
vt 0.164033 0.981120
vt 0.165209 0.979640
vt 0.166862 0.980739
vt 0.162353 0.979463
vt 0.163798 0.978236
vt 0.161026 0.977505
vt 0.162685 0.976582
vt 0.160106 0.975323
vt 0.161915 0.974741
vt 0.159630 0.973003
vt 0.161517 0.972785
vt 0.159614 0.970636
vt 0.161507 0.970789
vt 0.160061 0.968312
vt 0.161886 0.968830
vt 0.160951 0.966123
vt 0.162638 0.966986
vt 0.162250 0.964153
vt 0.163733 0.965327
vt 0.163907 0.962478
vt 0.165129 0.963917
vt 0.165856 0.961163
vt 0.166770 0.962810
vt 0.168022 0.960258
vt 0.168593 0.962050
vt 0.170320 0.959797
vt 0.170526 0.961666
vt 0.172664 0.959797
vt 0.172496 0.961673
vt 0.174969 0.960258
vt 0.174428 0.962075
vt 0.177158 0.961170
vt 0.176247 0.962862
vt 0.179163 0.962528
vt 0.177877 0.964011
vt 0.180732 0.964327
vt 0.179230 0.965430
vt 0.181867 0.966289
vt 0.180260 0.967074
vt 0.182696 0.968376
vt 0.180933 0.968886
vt 0.183141 0.970653
vt 0.181240 0.970832
vt 0.183110 0.972959
vt 0.181307 0.972808
vt 0.182739 0.975201
vt 0.180966 0.974737
vt 0.181936 0.977362
vt 0.180269 0.976559
vt 0.180709 0.979333
vt 0.179227 0.978209
vt 0.179105 0.981019
vt 0.177877 0.979619
vt 0.177194 0.982349
vt 0.176271 0.980730
vt 0.175056 0.983268
vt 0.174477 0.981497
vt 0.172780 0.983740
vt 0.172566 0.981889
vt 0.170454 0.983749
vt 0.170613 0.981889
vt 0.168168 0.983299
vt 0.168693 0.981495
vt 0.843296 0.086790
vt 0.845090 0.085591
vt 0.847084 0.084765
vt 0.849201 0.084344
vt 0.851359 0.084344
vt 0.853476 0.084765
vt 0.855470 0.085591
vt 0.857265 0.086790
vt 0.858791 0.088316
vt 0.859990 0.090111
vt 0.860816 0.092105
vt 0.861237 0.094222
vt 0.861237 0.096380
vt 0.860816 0.098497
vt 0.859990 0.100491
vt 0.858791 0.102286
vt 0.857265 0.103812
vt 0.855470 0.105011
vt 0.853476 0.105837
vt 0.851359 0.106258
vt 0.849201 0.106258
vt 0.847084 0.105837
vt 0.845090 0.105011
vt 0.843296 0.103812
vt 0.841770 0.102286
vt 0.840571 0.100491
vt 0.839745 0.098497
vt 0.839324 0.096380
vt 0.839324 0.094222
vt 0.839745 0.092105
vt 0.840571 0.090111
vt 0.841770 0.088317
vt 0.879758 0.086887
vt 0.879065 0.085591
vt 0.881059 0.084765
vt 0.881486 0.086172
vt 0.883176 0.084344
vt 0.883320 0.085807
vt 0.885334 0.084344
vt 0.885190 0.085807
vt 0.887451 0.084765
vt 0.887024 0.086172
vt 0.889445 0.085591
vt 0.888752 0.086887
vt 0.891240 0.086790
vt 0.890307 0.087926
vt 0.892766 0.088317
vt 0.891630 0.089249
vt 0.893965 0.090111
vt 0.892669 0.090804
vt 0.894791 0.092105
vt 0.893384 0.092532
vt 0.895212 0.094222
vt 0.893749 0.094366
vt 0.895212 0.096380
vt 0.893749 0.096236
vt 0.894791 0.098497
vt 0.893384 0.098070
vt 0.893965 0.100491
vt 0.892669 0.099798
vt 0.892766 0.102286
vt 0.891630 0.101353
vt 0.891240 0.103812
vt 0.890307 0.102676
vt 0.889445 0.105011
vt 0.888752 0.103715
vt 0.887451 0.105837
vt 0.887024 0.104430
vt 0.885334 0.106258
vt 0.885190 0.104795
vt 0.883176 0.106258
vt 0.883320 0.104795
vt 0.881059 0.105837
vt 0.881486 0.104430
vt 0.879065 0.105011
vt 0.879758 0.103715
vt 0.877270 0.103812
vt 0.878203 0.102676
vt 0.875744 0.102286
vt 0.876880 0.101353
vt 0.874545 0.100491
vt 0.875841 0.099798
vt 0.873719 0.098497
vt 0.875126 0.098070
vt 0.873298 0.096380
vt 0.874761 0.096236
vt 0.873298 0.094222
vt 0.874761 0.094366
vt 0.873719 0.092105
vt 0.875126 0.092532
vt 0.874545 0.090111
vt 0.875841 0.090804
vt 0.875744 0.088317
vt 0.876880 0.089249
vt 0.877270 0.086790
vt 0.878203 0.087926
vt 0.409274 0.956151
vt 0.409439 0.957941
vt 0.407563 0.958351
vt 0.407036 0.956585
vt 0.405760 0.959121
vt 0.404890 0.957469
vt 0.404130 0.960234
vt 0.402943 0.958773
vt 0.402741 0.961651
vt 0.401284 0.960444
vt 0.401651 0.963317
vt 0.399983 0.962416
vt 0.400905 0.965167
vt 0.399091 0.964606
vt 0.400530 0.967131
vt 0.398640 0.966929
vt 0.400531 0.969130
vt 0.398641 0.969292
vt 0.400917 0.971086
vt 0.399096 0.971611
vt 0.401674 0.972927
vt 0.399992 0.973794
vt 0.402773 0.974582
vt 0.401294 0.975759
vt 0.404172 0.975988
vt 0.402953 0.977430
vt 0.405818 0.977089
vt 0.404905 0.978744
vt 0.407651 0.977842
vt 0.407080 0.979653
vt 0.409604 0.978212
vt 0.409407 0.980124
vt 0.411605 0.978171
vt 0.411825 0.980124
vt 0.413541 0.977766
vt 0.414133 0.979553
vt 0.415361 0.976939
vt 0.416335 0.978637
vt 0.416975 0.975792
vt 0.418261 0.977202
vt 0.418317 0.974350
vt 0.419834 0.975457
vt 0.419335 0.972682
vt 0.421026 0.973461
vt 0.419997 0.970848
vt 0.421803 0.971281
vt 0.420279 0.968908
vt 0.422151 0.969000
vt 0.420226 0.966912
vt 0.422092 0.966669
vt 0.419808 0.964958
vt 0.421606 0.964380
vt 0.419060 0.963117
vt 0.420709 0.962216
vt 0.417976 0.961472
vt 0.419409 0.960270
vt 0.416598 0.960083
vt 0.417754 0.958630
vt 0.414984 0.959004
vt 0.415815 0.957369
vt 0.413208 0.958275
vt 0.413688 0.956544
vt 0.411343 0.957916
vt 0.411497 0.956173
vt 0.965875 0.382120
vt 0.964349 0.380594
vt 0.963150 0.378799
vt 0.962324 0.376805
vt 0.961903 0.374688
vt 0.961903 0.372530
vt 0.962324 0.370413
vt 0.963150 0.368419
vt 0.964349 0.366625
vt 0.965875 0.365098
vt 0.967670 0.363899
vt 0.969664 0.363073
vt 0.971780 0.362652
vt 0.973939 0.362652
vt 0.976056 0.363073
vt 0.978050 0.363899
vt 0.979844 0.365098
vt 0.981370 0.366625
vt 0.982569 0.368419
vt 0.983395 0.370413
vt 0.983816 0.372530
vt 0.983816 0.374688
vt 0.983395 0.376805
vt 0.982569 0.378799
vt 0.981370 0.380594
vt 0.979844 0.382120
vt 0.978050 0.383319
vt 0.976055 0.384145
vt 0.973939 0.384566
vt 0.971780 0.384566
vt 0.969664 0.384145
vt 0.967670 0.383319
vt 0.200896 0.977328
vt 0.202451 0.978367
vt 0.201758 0.979663
vt 0.199963 0.978464
vt 0.204179 0.979082
vt 0.203752 0.980489
vt 0.206013 0.979447
vt 0.205869 0.980910
vt 0.207883 0.979447
vt 0.208027 0.980910
vt 0.209717 0.979082
vt 0.210144 0.980489
vt 0.211445 0.978367
vt 0.212138 0.979663
vt 0.213000 0.977328
vt 0.213933 0.978464
vt 0.214323 0.976005
vt 0.215459 0.976937
vt 0.215362 0.974450
vt 0.216658 0.975143
vt 0.216077 0.972722
vt 0.217484 0.973149
vt 0.216442 0.970888
vt 0.217905 0.971032
vt 0.216442 0.969018
vt 0.217905 0.968874
vt 0.216077 0.967184
vt 0.217484 0.966757
vt 0.215362 0.965456
vt 0.216658 0.964763
vt 0.214323 0.963901
vt 0.215459 0.962968
vt 0.213000 0.962578
vt 0.213933 0.961442
vt 0.211445 0.961539
vt 0.212138 0.960243
vt 0.209717 0.960824
vt 0.210144 0.959417
vt 0.207883 0.960459
vt 0.208027 0.958996
vt 0.206013 0.960459
vt 0.205869 0.958996
vt 0.204179 0.960824
vt 0.203752 0.959417
vt 0.202451 0.961539
vt 0.201758 0.960243
vt 0.200896 0.962578
vt 0.199963 0.961442
vt 0.199573 0.963901
vt 0.198437 0.962968
vt 0.198534 0.965456
vt 0.197238 0.964763
vt 0.197819 0.967184
vt 0.196412 0.966757
vt 0.197454 0.969018
vt 0.195991 0.968874
vt 0.197454 0.970888
vt 0.195991 0.971032
vt 0.197819 0.972722
vt 0.196412 0.973149
vt 0.198534 0.974450
vt 0.197238 0.975143
vt 0.199573 0.976005
vt 0.198437 0.976938
vt 0.974126 0.489233
vt 0.974126 0.490514
vt 0.973854 0.490514
vt 0.973854 0.489233
vt 0.973585 0.490514
vt 0.973585 0.489233
vt 0.973318 0.490514
vt 0.973318 0.489233
vt 0.973054 0.490514
vt 0.973054 0.489233
vt 0.972794 0.490514
vt 0.972794 0.489233
vt 0.972538 0.490514
vt 0.972538 0.489233
vt 0.972284 0.490514
vt 0.972284 0.489233
vt 0.972032 0.490514
vt 0.972032 0.489233
vt 0.043247 0.974799
vt 0.043247 0.976080
vt 0.042995 0.976080
vt 0.042995 0.974799
vt 0.042741 0.976080
vt 0.042741 0.974799
vt 0.042485 0.976080
vt 0.042485 0.974799
vt 0.042225 0.976080
vt 0.042225 0.974799
vt 0.041961 0.976080
vt 0.041961 0.974799
vt 0.041694 0.976080
vt 0.041694 0.974799
vt 0.041424 0.976080
vt 0.041424 0.974799
vt 0.041153 0.976080
vt 0.041153 0.974799
vt 0.040882 0.976080
vt 0.040882 0.974799
vt 0.040612 0.976080
vt 0.040612 0.974799
vt 0.040345 0.976080
vt 0.040345 0.974799
vt 0.040082 0.976080
vt 0.040082 0.974799
vt 0.039822 0.976080
vt 0.039822 0.974799
vt 0.039565 0.976080
vt 0.039565 0.974799
vt 0.039312 0.976080
vt 0.039312 0.974799
vt 0.039059 0.976080
vt 0.039059 0.974799
vt 0.976220 0.489233
vt 0.976220 0.490514
vt 0.975967 0.490514
vt 0.975967 0.489233
vt 0.975714 0.490514
vt 0.975714 0.489233
vt 0.975457 0.490514
vt 0.975457 0.489233
vt 0.975197 0.490514
vt 0.975197 0.489233
vt 0.974934 0.490514
vt 0.974934 0.489233
vt 0.974667 0.490514
vt 0.974666 0.489233
vt 0.873097 0.735144
vt 0.873097 0.734873
vt 0.873146 0.734606
vt 0.873242 0.734354
vt 0.873383 0.734127
vt 0.873561 0.733933
vt 0.873771 0.733779
vt 0.874004 0.733672
vt 0.874251 0.733616
vt 0.874503 0.733612
vt 0.874751 0.733661
vt 0.874984 0.733762
vt 0.875193 0.733909
vt 0.875372 0.734098
vt 0.875512 0.734322
vt 0.875608 0.734571
vt 0.875657 0.734836
vt 0.875657 0.735107
vt 0.875608 0.735374
vt 0.875512 0.735626
vt 0.875371 0.735853
vt 0.875193 0.736047
vt 0.874983 0.736201
vt 0.874750 0.736308
vt 0.874503 0.736365
vt 0.874251 0.736368
vt 0.874004 0.736319
vt 0.873771 0.736219
vt 0.873561 0.736071
vt 0.873383 0.735882
vt 0.873242 0.735658
vt 0.873146 0.735409
vt 0.974397 0.490514
vt 0.974397 0.489233
vt 0.984446 0.943544
vt 0.984182 0.943538
vt 0.984185 0.943267
vt 0.984447 0.943267
vt 0.984445 0.943821
vt 0.984177 0.943812
vt 0.984443 0.944098
vt 0.984171 0.944086
vt 0.984440 0.944374
vt 0.984165 0.944360
vt 0.984437 0.944649
vt 0.984158 0.944634
vt 0.984433 0.944924
vt 0.984149 0.944908
vt 0.984427 0.945203
vt 0.984137 0.945182
vt 0.984415 0.945492
vt 0.984115 0.945458
vt 0.984646 0.795363
vt 0.984937 0.795343
vt 0.984959 0.795618
vt 0.984659 0.795652
vt 0.984640 0.795084
vt 0.984924 0.795068
vt 0.984636 0.794809
vt 0.984916 0.794795
vt 0.984633 0.794534
vt 0.984909 0.794520
vt 0.984631 0.794258
vt 0.984902 0.794246
vt 0.984629 0.793982
vt 0.984897 0.793972
vt 0.984627 0.793705
vt 0.984892 0.793699
vt 0.984627 0.793428
vt 0.984888 0.793428
vt 0.984627 0.793151
vt 0.984892 0.793157
vt 0.984629 0.792874
vt 0.984897 0.792883
vt 0.984631 0.792597
vt 0.984902 0.792609
vt 0.984633 0.792321
vt 0.984909 0.792335
vt 0.984636 0.792046
vt 0.984916 0.792061
vt 0.984640 0.791771
vt 0.984924 0.791787
vt 0.984646 0.791492
vt 0.984937 0.791512
vt 0.984659 0.791203
vt 0.984959 0.791237
vt 0.984427 0.941332
vt 0.984137 0.941352
vt 0.984115 0.941077
vt 0.984415 0.941043
vt 0.984433 0.941611
vt 0.984149 0.941627
vt 0.984437 0.941886
vt 0.984158 0.941900
vt 0.984440 0.942161
vt 0.984165 0.942174
vt 0.984443 0.942437
vt 0.984171 0.942449
vt 0.984445 0.942713
vt 0.984177 0.942723
vt 0.984182 0.942996
vt 0.984446 0.942990
vt 0.984957 0.943812
vt 0.984699 0.943820
vt 0.984699 0.943543
vt 0.984953 0.943538
vt 0.984961 0.944087
vt 0.984699 0.944097
vt 0.984965 0.944362
vt 0.984700 0.944373
vt 0.984969 0.944637
vt 0.984700 0.944648
vt 0.984975 0.944912
vt 0.984701 0.944924
vt 0.984984 0.945188
vt 0.984702 0.945203
vt 0.985001 0.945468
vt 0.984709 0.945496
vt 0.984090 0.795349
vt 0.984371 0.795363
vt 0.984365 0.795656
vt 0.984072 0.795628
vt 0.984098 0.795072
vt 0.984373 0.795084
vt 0.984104 0.794797
vt 0.984373 0.794808
vt 0.984109 0.794522
vt 0.984374 0.794533
vt 0.984113 0.794247
vt 0.984374 0.794257
vt 0.984117 0.793972
vt 0.984375 0.793980
vt 0.984121 0.793699
vt 0.984375 0.793703
vt 0.984124 0.793428
vt 0.984374 0.793428
vt 0.984121 0.793157
vt 0.984375 0.793152
vt 0.984117 0.792883
vt 0.984375 0.792875
vt 0.984113 0.792608
vt 0.984374 0.792598
vt 0.984109 0.792333
vt 0.984374 0.792322
vt 0.984104 0.792058
vt 0.984373 0.792047
vt 0.984098 0.791783
vt 0.984373 0.791772
vt 0.984090 0.791507
vt 0.984371 0.791492
vt 0.984072 0.791227
vt 0.984365 0.791199
vt 0.984984 0.941346
vt 0.984702 0.941332
vt 0.984709 0.941039
vt 0.985001 0.941067
vt 0.984975 0.941623
vt 0.984701 0.941611
vt 0.984969 0.941898
vt 0.984700 0.941887
vt 0.984965 0.942173
vt 0.984700 0.942162
vt 0.984961 0.942448
vt 0.984699 0.942438
vt 0.984957 0.942723
vt 0.984699 0.942715
vt 0.984953 0.942996
vt 0.984699 0.942991
vt 0.984700 0.943267
vt 0.984950 0.943267
vt 0.292496 0.986474
vt 0.295571 0.986474
vt 0.295571 0.986745
vt 0.292496 0.986745
vt 0.295571 0.987014
vt 0.292496 0.987014
vt 0.295571 0.987282
vt 0.292496 0.987282
vt 0.295571 0.987545
vt 0.292496 0.987545
vt 0.295571 0.987805
vt 0.292496 0.987805
vt 0.295571 0.988062
vt 0.292496 0.988062
vt 0.295571 0.988315
vt 0.292496 0.988315
vt 0.295571 0.988568
vt 0.292496 0.988568
vt 0.277216 0.984380
vt 0.280291 0.984380
vt 0.280291 0.984632
vt 0.277216 0.984632
vt 0.280291 0.984885
vt 0.277216 0.984885
vt 0.280291 0.985142
vt 0.277216 0.985142
vt 0.280291 0.985402
vt 0.277216 0.985402
vt 0.280291 0.985666
vt 0.277216 0.985666
vt 0.280291 0.985933
vt 0.277216 0.985933
vt 0.280291 0.986202
vt 0.277216 0.986202
vt 0.280291 0.986474
vt 0.277216 0.986474
vt 0.280291 0.986745
vt 0.277216 0.986745
vt 0.280291 0.987014
vt 0.277216 0.987014
vt 0.280291 0.987282
vt 0.277216 0.987282
vt 0.280291 0.987545
vt 0.277216 0.987545
vt 0.280291 0.987805
vt 0.277216 0.987805
vt 0.280291 0.988062
vt 0.277216 0.988062
vt 0.280291 0.988315
vt 0.277216 0.988315
vt 0.280291 0.988568
vt 0.277216 0.988568
vt 0.292496 0.984379
vt 0.295571 0.984379
vt 0.295571 0.984632
vt 0.292496 0.984632
vt 0.295571 0.984885
vt 0.292496 0.984885
vt 0.295571 0.985142
vt 0.292496 0.985142
vt 0.295571 0.985402
vt 0.292496 0.985402
vt 0.295571 0.985666
vt 0.292496 0.985666
vt 0.295571 0.985933
vt 0.292496 0.985933
vt 0.295571 0.986202
vt 0.292496 0.986202
vt 0.984232 0.226204
vt 0.984625 0.226214
vt 0.984619 0.226494
vt 0.984234 0.226494
vt 0.984232 0.225913
vt 0.984632 0.225929
vt 0.984233 0.225623
vt 0.984639 0.225644
vt 0.984234 0.225332
vt 0.984647 0.225357
vt 0.984235 0.225042
vt 0.984657 0.225070
vt 0.984238 0.224749
vt 0.984671 0.224782
vt 0.984244 0.224447
vt 0.984693 0.224494
vt 0.984260 0.224121
vt 0.984730 0.224203
vt 0.983820 0.207512
vt 0.983372 0.207559
vt 0.983334 0.207268
vt 0.983804 0.207186
vt 0.983827 0.207815
vt 0.983393 0.207848
vt 0.983829 0.208108
vt 0.983407 0.208135
vt 0.983830 0.208398
vt 0.983417 0.208422
vt 0.983831 0.208688
vt 0.983425 0.208709
vt 0.983832 0.208978
vt 0.983433 0.208995
vt 0.983832 0.209269
vt 0.983439 0.209279
vt 0.983830 0.209559
vt 0.983445 0.209559
vt 0.983832 0.209849
vt 0.983440 0.209840
vt 0.983832 0.210139
vt 0.983433 0.210124
vt 0.983832 0.210430
vt 0.983426 0.210409
vt 0.983831 0.210720
vt 0.983418 0.210696
vt 0.983829 0.211010
vt 0.983409 0.210982
vt 0.983826 0.211302
vt 0.983395 0.211268
vt 0.983817 0.211605
vt 0.983373 0.211554
vt 0.983796 0.211924
vt 0.983334 0.211839
vt 0.984247 0.228540
vt 0.984691 0.228489
vt 0.984730 0.228774
vt 0.984268 0.228859
vt 0.984238 0.228237
vt 0.984669 0.228203
vt 0.984235 0.227945
vt 0.984655 0.227917
vt 0.984233 0.227655
vt 0.984646 0.227631
vt 0.984232 0.227365
vt 0.984638 0.227344
vt 0.984232 0.227074
vt 0.984631 0.227059
vt 0.984232 0.226783
vt 0.984625 0.226775
vt 0.446600 0.914209
vt 0.446600 0.951490
vt 0.446329 0.951490
vt 0.446329 0.914209
vt 0.446059 0.951490
vt 0.446059 0.914209
vt 0.445792 0.951490
vt 0.445792 0.914209
vt 0.445529 0.951490
vt 0.445529 0.914209
vt 0.445269 0.951490
vt 0.445269 0.914209
vt 0.445012 0.951490
vt 0.445012 0.914209
vt 0.444758 0.951490
vt 0.444758 0.914209
vt 0.444506 0.951490
vt 0.444506 0.914208
vt 0.385722 0.915784
vt 0.385722 0.953066
vt 0.385469 0.953066
vt 0.385469 0.915784
vt 0.385216 0.953066
vt 0.385216 0.915784
vt 0.384959 0.953066
vt 0.384959 0.915784
vt 0.384699 0.953066
vt 0.384699 0.915784
vt 0.384436 0.953066
vt 0.384436 0.915784
vt 0.384168 0.953066
vt 0.384168 0.915784
vt 0.383899 0.953066
vt 0.383899 0.915784
vt 0.383628 0.953066
vt 0.383628 0.915784
vt 0.383356 0.953066
vt 0.383356 0.915784
vt 0.383087 0.953066
vt 0.383087 0.915784
vt 0.382820 0.953066
vt 0.382820 0.915784
vt 0.382556 0.953066
vt 0.382556 0.915784
vt 0.382296 0.953066
vt 0.382296 0.915784
vt 0.382039 0.953066
vt 0.382039 0.915784
vt 0.381786 0.953066
vt 0.381786 0.915784
vt 0.381533 0.953066
vt 0.381533 0.915784
vt 0.448694 0.914208
vt 0.448694 0.951490
vt 0.448442 0.951490
vt 0.448442 0.914209
vt 0.448188 0.951490
vt 0.448188 0.914209
vt 0.447932 0.951490
vt 0.447932 0.914209
vt 0.447672 0.951490
vt 0.447672 0.914209
vt 0.447408 0.951490
vt 0.447408 0.914209
vt 0.447141 0.951490
vt 0.447141 0.914209
vt 0.446871 0.951490
vt 0.446871 0.914209
vt 0.983462 0.226213
vt 0.983856 0.226202
vt 0.983857 0.226494
vt 0.983468 0.226493
vt 0.983455 0.225930
vt 0.983854 0.225911
vt 0.983445 0.225645
vt 0.983851 0.225621
vt 0.983435 0.225360
vt 0.983848 0.225331
vt 0.983422 0.225075
vt 0.983842 0.225041
vt 0.983405 0.224791
vt 0.983834 0.224749
vt 0.983378 0.224507
vt 0.983820 0.224449
vt 0.983334 0.224224
vt 0.983793 0.224132
vt 0.984687 0.207573
vt 0.984245 0.207515
vt 0.984271 0.207197
vt 0.984730 0.207289
vt 0.984660 0.207856
vt 0.984231 0.207815
vt 0.984642 0.208140
vt 0.984222 0.208107
vt 0.984629 0.208425
vt 0.984217 0.208396
vt 0.984619 0.208710
vt 0.984213 0.208686
vt 0.984610 0.208995
vt 0.984210 0.208976
vt 0.984602 0.209278
vt 0.984208 0.209267
vt 0.984596 0.209559
vt 0.984208 0.209559
vt 0.984602 0.209839
vt 0.984208 0.209850
vt 0.984610 0.210122
vt 0.984210 0.210141
vt 0.984620 0.210407
vt 0.984213 0.210432
vt 0.984631 0.210693
vt 0.984217 0.210722
vt 0.984644 0.210978
vt 0.984222 0.211011
vt 0.984661 0.211263
vt 0.984229 0.211303
vt 0.984688 0.211550
vt 0.984241 0.211603
vt 0.984730 0.211838
vt 0.984262 0.211928
vt 0.983376 0.228484
vt 0.983823 0.228538
vt 0.983802 0.228863
vt 0.983334 0.228773
vt 0.983403 0.228198
vt 0.983835 0.228238
vt 0.983420 0.227913
vt 0.983842 0.227946
vt 0.983434 0.227627
vt 0.983847 0.227656
vt 0.983444 0.227342
vt 0.983851 0.227367
vt 0.983454 0.227057
vt 0.983854 0.227076
vt 0.983462 0.226774
vt 0.983856 0.226785
vt 0.983325 0.679776
vt 0.983327 0.679477
vt 0.983904 0.679477
vt 0.983902 0.679789
vt 0.983289 0.678282
vt 0.983266 0.677986
vt 0.983862 0.677929
vt 0.983877 0.678237
vt 0.984118 0.571185
vt 0.984125 0.571484
vt 0.983546 0.571508
vt 0.983541 0.571197
vt 0.983318 0.680076
vt 0.983897 0.680100
vt 0.983306 0.678579
vt 0.983889 0.678545
vt 0.984116 0.570885
vt 0.983539 0.570885
vt 0.983306 0.680374
vt 0.983889 0.680409
vt 0.983318 0.678878
vt 0.983897 0.678854
vt 0.984118 0.570586
vt 0.983541 0.570573
vt 0.983289 0.680671
vt 0.983877 0.680717
vt 0.983325 0.679177
vt 0.983902 0.679165
vt 0.984125 0.570286
vt 0.983546 0.570262
vt 0.983266 0.680968
vt 0.983862 0.681024
vt 0.984137 0.569988
vt 0.983554 0.569953
vt 0.983233 0.681265
vt 0.983845 0.681335
vt 0.984154 0.569691
vt 0.983566 0.569645
vt 0.983190 0.681567
vt 0.983824 0.681653
vt 0.984178 0.569394
vt 0.983581 0.569338
vt 0.983127 0.681880
vt 0.983800 0.681987
vt 0.984210 0.569097
vt 0.983598 0.569027
vt 0.984254 0.572975
vt 0.984316 0.573288
vt 0.983643 0.573396
vt 0.983619 0.573062
vt 0.984254 0.568795
vt 0.983619 0.568709
vt 0.984210 0.572673
vt 0.983598 0.572743
vt 0.984316 0.568482
vt 0.983643 0.568375
vt 0.984178 0.572376
vt 0.983581 0.572433
vt 0.983190 0.677387
vt 0.983127 0.677074
vt 0.983800 0.676966
vt 0.983824 0.677300
vt 0.984154 0.572080
vt 0.983566 0.572125
vt 0.983233 0.677689
vt 0.983845 0.677619
vt 0.984137 0.571783
vt 0.983554 0.571817
vt 0.984583 0.571455
vt 0.984600 0.571741
vt 0.982792 0.678054
vt 0.982753 0.677774
vt 0.984622 0.572026
vt 0.982701 0.677497
vt 0.984652 0.572308
vt 0.982632 0.677222
vt 0.984690 0.572588
vt 0.984811 0.568631
vt 0.984742 0.568905
vt 0.984742 0.572865
vt 0.984690 0.569182
vt 0.984811 0.573140
vt 0.984652 0.569462
vt 0.982632 0.681731
vt 0.982701 0.681457
vt 0.984622 0.569745
vt 0.982753 0.681180
vt 0.984600 0.570029
vt 0.982792 0.680900
vt 0.984583 0.570315
vt 0.982878 0.679477
vt 0.982872 0.679193
vt 0.982821 0.680617
vt 0.984572 0.570601
vt 0.982860 0.678907
vt 0.982843 0.680333
vt 0.984565 0.570885
vt 0.982843 0.678621
vt 0.982860 0.680047
vt 0.984572 0.571169
vt 0.982821 0.678337
vt 0.982872 0.679761
vt 0.984428 0.677612
vt 0.984432 0.677922
vt 0.983000 0.571821
vt 0.982996 0.571509
vt 0.984450 0.679477
vt 0.984450 0.679789
vt 0.984438 0.678231
vt 0.982994 0.571197
vt 0.984447 0.680101
vt 0.984443 0.678541
vt 0.982993 0.570885
vt 0.984443 0.680412
vt 0.984447 0.678853
vt 0.982994 0.570573
vt 0.984438 0.680722
vt 0.984450 0.679165
vt 0.982996 0.570261
vt 0.984432 0.681032
vt 0.983000 0.569950
vt 0.984428 0.681342
vt 0.983005 0.569640
vt 0.984429 0.681655
vt 0.983011 0.569330
vt 0.984440 0.681979
vt 0.983015 0.569021
vt 0.983003 0.573387
vt 0.983015 0.573064
vt 0.983015 0.568707
vt 0.983015 0.572750
vt 0.983003 0.568383
vt 0.983011 0.572440
vt 0.984440 0.676975
vt 0.984429 0.677298
vt 0.983005 0.572131
vt 0.262840 0.970801
vt 0.262553 0.970801
vt 0.262584 0.962598
vt 0.262862 0.962599
vt 0.984815 0.679477
vt 0.984818 0.679783
vt 0.984820 0.680091
vt 0.984820 0.680401
vt 0.984819 0.680710
vt 0.984819 0.681018
vt 0.984821 0.681326
vt 0.984829 0.681633
vt 0.984849 0.681940
vt 0.982594 0.573348
vt 0.982614 0.573041
vt 0.982623 0.572734
vt 0.982625 0.572427
vt 0.982624 0.572118
vt 0.982623 0.571809
vt 0.982624 0.571500
vt 0.982625 0.571191
vt 0.982628 0.570885
vt 0.982625 0.570579
vt 0.982624 0.570271
vt 0.982623 0.569961
vt 0.982624 0.569652
vt 0.982625 0.569344
vt 0.982623 0.569036
vt 0.982614 0.568729
vt 0.982594 0.568422
vt 0.984849 0.677014
vt 0.984829 0.677321
vt 0.984821 0.677628
vt 0.984819 0.677935
vt 0.984819 0.678244
vt 0.984820 0.678553
vt 0.984820 0.678862
vt 0.984818 0.679171
vt 0.771433 0.976032
vt 0.771385 0.975662
vt 0.772007 0.975570
vt 0.772054 0.975973
vt 0.280635 0.970794
vt 0.280343 0.970796
vt 0.280353 0.962601
vt 0.280641 0.962601
vt 0.264587 0.970795
vt 0.264295 0.970798
vt 0.264299 0.962602
vt 0.264590 0.962602
vt 0.263128 0.970798
vt 0.263144 0.962600
vt 0.280927 0.970794
vt 0.280932 0.962602
vt 0.264880 0.970794
vt 0.264881 0.962602
vt 0.263419 0.970796
vt 0.263429 0.962601
vt 0.281219 0.970798
vt 0.281223 0.962602
vt 0.265171 0.970796
vt 0.265169 0.962602
vt 0.263710 0.970794
vt 0.263717 0.962601
vt 0.281512 0.970795
vt 0.281515 0.962602
vt 0.265461 0.970798
vt 0.265454 0.962601
vt 0.264003 0.970794
vt 0.264007 0.962602
vt 0.281804 0.970794
vt 0.281805 0.962602
vt 0.265750 0.970801
vt 0.265736 0.962600
vt 0.282096 0.970796
vt 0.282093 0.962602
vt 0.266037 0.970801
vt 0.266014 0.962600
vt 0.282386 0.970798
vt 0.282379 0.962601
vt 0.266322 0.970796
vt 0.266290 0.962599
vt 0.282674 0.970801
vt 0.282660 0.962601
vt 0.266603 0.970784
vt 0.266564 0.962597
vt 0.282961 0.970801
vt 0.282939 0.962600
vt 0.279192 0.970797
vt 0.278912 0.970784
vt 0.278953 0.962595
vt 0.279233 0.962597
vt 0.283246 0.970796
vt 0.283215 0.962599
vt 0.279477 0.970801
vt 0.279508 0.962598
vt 0.283527 0.970784
vt 0.283489 0.962597
vt 0.279764 0.970801
vt 0.279787 0.962599
vt 0.262268 0.970797
vt 0.261987 0.970784
vt 0.262029 0.962595
vt 0.262308 0.962597
vt 0.280053 0.970798
vt 0.280068 0.962600
vt 0.786030 0.977531
vt 0.786058 0.977158
vt 0.786678 0.977186
vt 0.786651 0.977591
vt 0.785500 0.976782
vt 0.785491 0.977123
vt 0.784867 0.977080
vt 0.784877 0.976782
vt 0.785915 0.978267
vt 0.785982 0.977902
vt 0.786603 0.977994
vt 0.786535 0.978392
vt 0.785829 0.978626
vt 0.786447 0.978784
vt 0.785724 0.978981
vt 0.786340 0.979169
vt 0.785598 0.979334
vt 0.786217 0.979548
vt 0.785453 0.979690
vt 0.786082 0.979923
vt 0.771001 0.974230
vt 0.770856 0.973874
vt 0.771486 0.973641
vt 0.771620 0.974016
vt 0.771127 0.974583
vt 0.771743 0.974395
vt 0.771232 0.974937
vt 0.771850 0.974780
vt 0.771319 0.975297
vt 0.771938 0.975172
vt 0.770758 0.975434
vt 0.770822 0.975766
vt 0.770199 0.975892
vt 0.770138 0.975601
vt 0.771461 0.976406
vt 0.772081 0.976378
vt 0.771471 0.976782
vt 0.772089 0.976782
vt 0.771461 0.977158
vt 0.772081 0.977186
vt 0.771433 0.977531
vt 0.772054 0.977591
vt 0.771385 0.977902
vt 0.772007 0.977994
vt 0.771319 0.978267
vt 0.771938 0.978392
vt 0.771232 0.978627
vt 0.771850 0.978784
vt 0.771127 0.978981
vt 0.771743 0.979169
vt 0.771001 0.979334
vt 0.771620 0.979548
vt 0.770856 0.979690
vt 0.771486 0.979923
vt 0.785598 0.974230
vt 0.785453 0.973874
vt 0.786082 0.973641
vt 0.786217 0.974016
vt 0.785724 0.974582
vt 0.786340 0.974395
vt 0.785829 0.974937
vt 0.786447 0.974780
vt 0.785915 0.975297
vt 0.786535 0.975172
vt 0.785982 0.975662
vt 0.786603 0.975570
vt 0.786030 0.976032
vt 0.786651 0.975973
vt 0.786058 0.976406
vt 0.786678 0.976377
vt 0.086130 0.987874
vt 0.086130 0.987478
vt 0.086202 0.987090
vt 0.086343 0.986722
vt 0.086548 0.986389
vt 0.086809 0.986104
vt 0.087118 0.985879
vt 0.087461 0.985721
vt 0.087826 0.985637
vt 0.088199 0.985632
vt 0.088565 0.985705
vt 0.088909 0.985853
vt 0.089218 0.986071
vt 0.089480 0.986349
vt 0.089685 0.986677
vt 0.089827 0.987041
vt 0.089898 0.987428
vt 0.089898 0.987823
vt 0.089827 0.988212
vt 0.089686 0.988580
vt 0.089481 0.988912
vt 0.089219 0.989197
vt 0.088911 0.989423
vt 0.088567 0.989581
vt 0.088202 0.989664
vt 0.087830 0.989670
vt 0.087464 0.989597
vt 0.087120 0.989449
vt 0.086811 0.989231
vt 0.086549 0.988953
vt 0.086343 0.988625
vt 0.086202 0.988261
vt 0.785166 0.974787
vt 0.785271 0.975108
vt 0.784657 0.975317
vt 0.784559 0.975039
vt 0.770868 0.976102
vt 0.770243 0.976187
vt 0.785464 0.977462
vt 0.784840 0.977377
vt 0.785354 0.975434
vt 0.784735 0.975601
vt 0.770895 0.976441
vt 0.770270 0.976484
vt 0.786068 0.976782
vt 0.786685 0.976782
vt 0.785419 0.975765
vt 0.784796 0.975892
vt 0.770903 0.976782
vt 0.770280 0.976782
vt 0.785419 0.977798
vt 0.784796 0.977672
vt 0.785464 0.976102
vt 0.784840 0.976187
vt 0.770895 0.977123
vt 0.770270 0.977080
vt 0.785354 0.978130
vt 0.784735 0.977963
vt 0.785491 0.976441
vt 0.784867 0.976484
vt 0.770868 0.977462
vt 0.770243 0.977377
vt 0.785271 0.978456
vt 0.784657 0.978247
vt 0.770822 0.977798
vt 0.770199 0.977672
vt 0.785166 0.978777
vt 0.784559 0.978524
vt 0.770758 0.978130
vt 0.770138 0.977963
vt 0.785038 0.979093
vt 0.784441 0.978793
vt 0.770674 0.978456
vt 0.770060 0.978247
vt 0.784881 0.979409
vt 0.784299 0.979050
vt 0.770569 0.978777
vt 0.769962 0.978525
vt 0.770285 0.974155
vt 0.770441 0.974470
vt 0.769844 0.974771
vt 0.769702 0.974514
vt 0.770441 0.979094
vt 0.769844 0.978793
vt 0.770569 0.974787
vt 0.769962 0.975039
vt 0.770285 0.979409
vt 0.769702 0.979050
vt 0.770674 0.975108
vt 0.770060 0.975317
vt 0.784881 0.974155
vt 0.785038 0.974470
vt 0.784441 0.974771
vt 0.784299 0.974514
vt 0.280338 0.971257
vt 0.280047 0.971265
vt 0.262542 0.971282
vt 0.262244 0.971288
vt 0.279757 0.971274
vt 0.261929 0.971286
vt 0.279466 0.971282
vt 0.283585 0.971285
vt 0.283270 0.971287
vt 0.279168 0.971288
vt 0.282972 0.971282
vt 0.278854 0.971286
vt 0.282681 0.971274
vt 0.266661 0.971285
vt 0.266346 0.971287
vt 0.282391 0.971265
vt 0.266048 0.971282
vt 0.282101 0.971257
vt 0.265757 0.971274
vt 0.264295 0.971246
vt 0.264000 0.971247
vt 0.281808 0.971251
vt 0.265467 0.971265
vt 0.281514 0.971247
vt 0.263706 0.971251
vt 0.265176 0.971257
vt 0.281219 0.971246
vt 0.263413 0.971257
vt 0.264884 0.971251
vt 0.280924 0.971247
vt 0.263123 0.971265
vt 0.264571 0.972030
vt 0.264295 0.972024
vt 0.264295 0.971638
vt 0.264583 0.971637
vt 0.280664 0.972039
vt 0.280384 0.972052
vt 0.280353 0.971650
vt 0.280642 0.971642
vt 0.264590 0.971247
vt 0.280630 0.971251
vt 0.262833 0.971273
vt 0.280104 0.972068
vt 0.279824 0.972088
vt 0.279779 0.971674
vt 0.280066 0.971661
vt 0.262339 0.972150
vt 0.262059 0.972203
vt 0.261952 0.971752
vt 0.262269 0.971716
vt 0.279544 0.972114
vt 0.279490 0.971692
vt 0.283456 0.972203
vt 0.283175 0.972150
vt 0.283245 0.971716
vt 0.283563 0.971752
vt 0.279264 0.972150
vt 0.279194 0.971716
vt 0.282895 0.972114
vt 0.282948 0.971692
vt 0.278983 0.972203
vt 0.278876 0.971752
vt 0.282615 0.972088
vt 0.282659 0.971674
vt 0.266531 0.972203
vt 0.266250 0.972150
vt 0.266320 0.971716
vt 0.266638 0.971752
vt 0.282335 0.972068
vt 0.282373 0.971661
vt 0.265970 0.972114
vt 0.266024 0.971692
vt 0.282055 0.972052
vt 0.282085 0.971650
vt 0.265690 0.972088
vt 0.265735 0.971674
vt 0.281775 0.972039
vt 0.281797 0.971642
vt 0.265411 0.972068
vt 0.265448 0.971661
vt 0.281496 0.972030
vt 0.281508 0.971637
vt 0.264018 0.972030
vt 0.263739 0.972039
vt 0.263717 0.971642
vt 0.264006 0.971637
vt 0.265130 0.972052
vt 0.265161 0.971650
vt 0.281219 0.972024
vt 0.281219 0.971638
vt 0.263459 0.972052
vt 0.263429 0.971650
vt 0.264850 0.972039
vt 0.264872 0.971642
vt 0.280943 0.972030
vt 0.280931 0.971637
vt 0.263179 0.972068
vt 0.263141 0.971661
vt 0.262899 0.972088
vt 0.262855 0.971674
vt 0.262620 0.972114
vt 0.262566 0.971692
vt 0.774156 0.961541
vt 0.773878 0.961541
vt 0.773878 0.934055
vt 0.774156 0.934055
vt 0.741567 0.961541
vt 0.741280 0.961541
vt 0.741280 0.934055
vt 0.741567 0.934055
vt 0.775882 0.961541
vt 0.775591 0.961541
vt 0.775591 0.934055
vt 0.775882 0.934055
vt 0.774437 0.961541
vt 0.774437 0.934055
vt 0.741857 0.961541
vt 0.741857 0.934055
vt 0.776172 0.961541
vt 0.776172 0.934055
vt 0.774722 0.961541
vt 0.774722 0.934055
vt 0.742148 0.961541
vt 0.742148 0.934055
vt 0.776460 0.961541
vt 0.776460 0.934055
vt 0.775010 0.961541
vt 0.775010 0.934055
vt 0.742439 0.961541
vt 0.742439 0.934055
vt 0.776744 0.961541
vt 0.776744 0.934055
vt 0.775300 0.961541
vt 0.775300 0.934055
vt 0.742729 0.961541
vt 0.742729 0.934055
vt 0.777026 0.961541
vt 0.777026 0.934055
vt 0.743017 0.961541
vt 0.743017 0.934055
vt 0.777304 0.961541
vt 0.777304 0.934055
vt 0.743302 0.961541
vt 0.743302 0.934055
vt 0.777580 0.961541
vt 0.777580 0.934055
vt 0.743583 0.961541
vt 0.743583 0.934055
vt 0.777855 0.961541
vt 0.777855 0.934055
vt 0.743862 0.961541
vt 0.743862 0.934055
vt 0.740159 0.961541
vt 0.739885 0.961541
vt 0.739885 0.934055
vt 0.740159 0.934055
vt 0.744137 0.961541
vt 0.744137 0.934055
vt 0.740435 0.961541
vt 0.740435 0.934055
vt 0.744412 0.961541
vt 0.744412 0.934055
vt 0.740713 0.961541
vt 0.740713 0.934055
vt 0.773602 0.961541
vt 0.773328 0.961541
vt 0.773328 0.934055
vt 0.773602 0.934055
vt 0.740995 0.961541
vt 0.740995 0.934055
vt 0.974397 0.482100
vt 0.974126 0.482100
vt 0.974667 0.482100
vt 0.974934 0.482100
vt 0.975197 0.482100
vt 0.975457 0.482100
vt 0.975714 0.482100
vt 0.975967 0.482100
vt 0.976220 0.482100
vt 0.039312 0.967666
vt 0.039059 0.967666
vt 0.039565 0.967666
vt 0.039822 0.967666
vt 0.040082 0.967666
vt 0.040345 0.967666
vt 0.040612 0.967666
vt 0.040882 0.967666
vt 0.041153 0.967666
vt 0.041424 0.967666
vt 0.041694 0.967666
vt 0.041961 0.967666
vt 0.042225 0.967666
vt 0.042485 0.967666
vt 0.042741 0.967666
vt 0.042995 0.967666
vt 0.043247 0.967666
vt 0.972284 0.482100
vt 0.972032 0.482100
vt 0.972538 0.482100
vt 0.972794 0.482100
vt 0.973054 0.482100
vt 0.973318 0.482100
vt 0.973585 0.482100
vt 0.973854 0.482100
vt 0.758001 0.961541
vt 0.757716 0.961541
vt 0.757716 0.934055
vt 0.758001 0.934055
vt 0.790599 0.961541
vt 0.790323 0.961541
vt 0.790323 0.934055
vt 0.790599 0.934055
vt 0.757435 0.961541
vt 0.757435 0.934055
vt 0.790049 0.961541
vt 0.790049 0.934055
vt 0.757156 0.961541
vt 0.757156 0.934055
vt 0.761133 0.961541
vt 0.760859 0.961541
vt 0.760859 0.934055
vt 0.761133 0.934055
vt 0.756881 0.961541
vt 0.756881 0.934055
vt 0.760583 0.961541
vt 0.760583 0.934055
vt 0.756606 0.961541
vt 0.756606 0.934055
vt 0.760305 0.961541
vt 0.760305 0.934055
vt 0.794576 0.961541
vt 0.794301 0.961541
vt 0.794301 0.934055
vt 0.794576 0.934055
vt 0.760023 0.961541
vt 0.760023 0.934055
vt 0.794025 0.961541
vt 0.794025 0.934055
vt 0.759738 0.961541
vt 0.759738 0.934055
vt 0.793747 0.961541
vt 0.793747 0.934055
vt 0.759451 0.961541
vt 0.759451 0.934055
vt 0.792312 0.961541
vt 0.792021 0.961541
vt 0.792021 0.934055
vt 0.792312 0.934055
vt 0.793466 0.961541
vt 0.793466 0.934055
vt 0.759161 0.961541
vt 0.759161 0.934055
vt 0.791731 0.961541
vt 0.791731 0.934055
vt 0.793181 0.961541
vt 0.793181 0.934055
vt 0.758870 0.961541
vt 0.758870 0.934055
vt 0.791444 0.961541
vt 0.791444 0.934055
vt 0.792893 0.961541
vt 0.792893 0.934055
vt 0.758579 0.961541
vt 0.758579 0.934055
vt 0.791159 0.961541
vt 0.791159 0.934055
vt 0.792603 0.961541
vt 0.792603 0.934055
vt 0.758289 0.961541
vt 0.758289 0.934055
vt 0.790877 0.961541
vt 0.790877 0.934055
vt 0.602480 0.909097
vt 0.602480 0.958750
vt 0.601661 0.958750
vt 0.601661 0.909097
vt 0.725771 0.912233
vt 0.725771 0.961885
vt 0.725091 0.961885
vt 0.725091 0.912233
vt 0.961705 0.005924
vt 0.961705 0.055577
vt 0.960886 0.055577
vt 0.960886 0.005924
vt 0.485910 0.912883
vt 0.485910 0.962536
vt 0.485230 0.962536
vt 0.485230 0.912883
vt 0.516011 0.992916
vt 0.515331 0.992916
vt 0.515331 0.992097
vt 0.516011 0.992097
vt 0.473007 0.992919
vt 0.472327 0.992919
vt 0.472327 0.992100
vt 0.473007 0.992100
vt 0.930257 0.579685
vt 0.930257 0.526547
vt 0.931076 0.526547
vt 0.931077 0.579685
vt 0.221880 0.945880
vt 0.221880 0.892742
vt 0.222560 0.892742
vt 0.222560 0.945880
vt 0.922856 0.005911
vt 0.922856 0.059050
vt 0.922036 0.059050
vt 0.922036 0.005911
vt 0.949197 0.465290
vt 0.949197 0.412150
vt 0.949877 0.412150
vt 0.949877 0.465290
vt 0.687060 0.974741
vt 0.686380 0.974741
vt 0.686380 0.973921
vt 0.687060 0.973921
vt 0.502680 0.993064
vt 0.502000 0.993064
vt 0.502000 0.992245
vt 0.502680 0.992245
vt 0.918035 0.526547
vt 0.918035 0.579686
vt 0.917215 0.579686
vt 0.917215 0.526547
vt 0.947472 0.174648
vt 0.947472 0.121509
vt 0.948152 0.121509
vt 0.948152 0.174648
vt 0.908994 0.059050
vt 0.908994 0.005911
vt 0.909814 0.005911
vt 0.909814 0.059050
vt 0.948662 0.005911
vt 0.948662 0.059050
vt 0.947982 0.059050
vt 0.947982 0.005911
vt 0.740579 0.993091
vt 0.739900 0.993091
vt 0.739900 0.992272
vt 0.740579 0.992272
vt 0.992619 0.284383
vt 0.991939 0.284383
vt 0.991939 0.283564
vt 0.992619 0.283564
vt 0.351685 0.908961
vt 0.351685 0.958613
vt 0.350866 0.958613
vt 0.350866 0.908961
vt 0.511717 0.912882
vt 0.511717 0.962536
vt 0.511038 0.962536
vt 0.511038 0.912882
vt 0.674157 0.912233
vt 0.674157 0.961886
vt 0.673338 0.961886
vt 0.673338 0.912233
vt 0.712867 0.912233
vt 0.712867 0.961886
vt 0.712187 0.961886
vt 0.712187 0.912233
vt 0.237349 0.993337
vt 0.236669 0.993337
vt 0.236669 0.992518
vt 0.237349 0.992518
vt 0.196752 0.993871
vt 0.196073 0.993871
vt 0.196073 0.993052
vt 0.196752 0.993052
vt 0.961194 0.121523
vt 0.961194 0.171174
vt 0.960375 0.171174
vt 0.960375 0.121523
vt 0.249720 0.913217
vt 0.249720 0.962869
vt 0.249308 0.962869
vt 0.249308 0.913217
vt 0.615522 0.909097
vt 0.615522 0.958750
vt 0.614702 0.958750
vt 0.614702 0.909097
vt 0.524354 0.912883
vt 0.524354 0.962535
vt 0.523942 0.962535
vt 0.523942 0.912883
vt 0.294906 0.939488
vt 0.295318 0.939488
vt 0.295318 0.940307
vt 0.294906 0.940307
vt 0.727088 0.973921
vt 0.727500 0.973921
vt 0.727500 0.974741
vt 0.727088 0.974741
vt 0.444519 0.902347
vt 0.444519 0.843646
vt 0.445338 0.843646
vt 0.445338 0.902347
vt 0.904991 0.526527
vt 0.904991 0.585224
vt 0.904579 0.585224
vt 0.904579 0.526527
vt 0.457561 0.902347
vt 0.457561 0.843646
vt 0.458380 0.843646
vt 0.458380 0.902347
vt 0.904740 0.206979
vt 0.904740 0.265680
vt 0.904328 0.265680
vt 0.904328 0.206979
vt 0.295318 0.914223
vt 0.294906 0.914223
vt 0.294906 0.913404
vt 0.295318 0.913404
vt 0.222027 0.993871
vt 0.221615 0.993871
vt 0.221615 0.993052
vt 0.222027 0.993052
vt 0.641605 0.909098
vt 0.641605 0.958749
vt 0.640786 0.958749
vt 0.640786 0.909098
vt 0.962514 0.412165
vt 0.962514 0.461816
vt 0.962102 0.461816
vt 0.962102 0.412165
vt 0.628564 0.909098
vt 0.628564 0.958749
vt 0.627744 0.958749
vt 0.627744 0.909098
vt 0.237082 0.913217
vt 0.237082 0.962870
vt 0.236670 0.962870
vt 0.236670 0.913217
vt 0.294906 0.926446
vt 0.295318 0.926446
vt 0.295318 0.927265
vt 0.294906 0.927265
vt 0.686647 0.986963
vt 0.687059 0.986963
vt 0.687059 0.987783
vt 0.686647 0.987783
vt 0.812266 0.278998
vt 0.812266 0.219510
vt 0.813085 0.219510
vt 0.813085 0.278998
vt 0.815621 0.834305
vt 0.815621 0.893793
vt 0.815209 0.893793
vt 0.815209 0.834305
vt 0.891536 0.586010
vt 0.891536 0.526523
vt 0.892355 0.526523
vt 0.892355 0.586010
vt 0.892794 0.711889
vt 0.892794 0.652400
vt 0.893206 0.652400
vt 0.893206 0.711889
vt 0.209389 0.993871
vt 0.208977 0.993871
vt 0.208977 0.993052
vt 0.209389 0.993052
vt 0.398345 0.993889
vt 0.397933 0.993889
vt 0.397933 0.993070
vt 0.398345 0.993070
s 1
usemtl Tram
f 705/1/1 1/2/1 2/3/2 706/4/2
f 706/4/2 2/3/2 3/5/3 707/6/3
f 707/6/3 3/5/3 4/7/4 708/8/4
f 708/8/4 4/7/4 5/9/5 709/10/5
f 709/10/5 5/9/5 6/11/6 710/12/6
f 710/12/6 6/11/6 7/13/7 711/14/7
f 711/14/7 7/13/7 8/15/8 712/16/8
f 712/16/8 8/15/8 9/17/9 713/18/9
f 713/19/9 9/20/9 10/21/10 714/22/10
f 714/22/10 10/21/10 11/23/11 715/24/11
f 715/24/11 11/23/11 12/25/12 716/26/12
f 716/26/12 12/25/12 13/27/13 717/28/13
f 717/28/13 13/27/13 14/29/14 718/30/14
f 718/30/14 14/29/14 15/31/15 719/32/15
f 719/32/15 15/31/15 16/33/16 720/34/16
f 720/34/16 16/33/16 17/35/17 721/36/17
f 721/36/17 17/35/17 18/37/18 722/38/18
f 722/38/18 18/37/18 19/39/19 723/40/19
f 723/40/19 19/39/19 20/41/20 724/42/20
f 724/42/20 20/41/20 21/43/21 725/44/21
f 725/44/21 21/43/21 22/45/22 726/46/22
f 726/46/22 22/45/22 23/47/23 727/48/23
f 727/48/23 23/47/23 24/49/24 728/50/24
f 728/50/24 24/49/24 25/51/25 729/52/25
f 729/53/25 25/54/25 26/55/26 730/56/26
f 730/56/26 26/55/26 27/57/27 731/58/27
f 731/58/27 27/57/27 28/59/28 732/60/28
f 732/60/28 28/59/28 29/61/29 733/62/29
f 733/62/29 29/61/29 30/63/30 734/64/30
f 734/64/30 30/63/30 31/65/31 735/66/31
f 2/67/32 1/68/32 32/69/32 31/70/32 30/71/32 29/72/32 28/73/32 27/74/32 26/75/32 25/76/32 24/77/32 23/78/32 22/79/32 21/80/32 20/81/32 19/82/32 18/83/32 17/84/32 16/85/32 15/86/32 14/87/32 13/88/32 12/89/32 11/90/32 10/91/32 9/92/32 8/93/32 7/94/32 6/95/32 5/96/32 4/97/32 3/98/32
f 735/66/31 31/65/31 32/99/33 736/100/33
f 736/100/33 32/99/33 1/2/1 705/1/1
f 576/101/34 96/102/35 65/103/36 513/104/37
f 574/105/38 95/106/39 96/102/35 576/101/34
f 572/107/40 94/108/41 95/106/39 574/105/38
f 570/109/42 93/110/43 94/108/41 572/107/40
f 568/111/44 92/112/45 93/110/43 570/109/42
f 566/113/46 91/114/47 92/112/45 568/111/44
f 564/115/48 90/116/49 91/114/47 566/113/46
f 562/117/50 89/118/51 90/116/49 564/115/48
f 560/119/52 88/120/53 89/121/51 562/122/50
f 558/123/54 87/124/55 88/120/53 560/119/52
f 556/125/56 86/126/57 87/124/55 558/123/54
f 554/127/58 85/128/59 86/126/57 556/125/56
f 552/129/60 84/130/61 85/128/59 554/127/58
f 550/131/62 83/132/63 84/130/61 552/129/60
f 548/133/64 82/134/65 83/132/63 550/131/62
f 546/135/66 81/136/67 82/134/65 548/133/64
f 544/137/68 80/138/69 81/136/67 546/135/66
f 542/139/70 79/140/71 80/138/69 544/137/68
f 540/141/72 78/142/73 79/140/71 542/139/70
f 538/143/74 77/144/75 78/142/73 540/141/72
f 536/145/76 76/146/77 77/144/75 538/143/74
f 534/147/78 75/148/79 76/146/77 536/145/76
f 532/149/80 74/150/81 75/148/79 534/147/78
f 530/151/82 73/152/83 74/150/81 532/149/80
f 528/153/84 72/154/85 73/155/83 530/156/82
f 526/157/86 71/158/87 72/154/85 528/153/84
f 524/159/88 70/160/89 71/158/87 526/157/86
f 522/161/90 69/162/91 70/160/89 524/159/88
f 520/163/92 68/164/93 69/162/91 522/161/90
f 518/165/94 67/166/95 68/164/93 520/163/92
f 513/104/37 65/103/36 66/167/96 516/168/97
f 516/168/97 66/167/96 67/166/95 518/165/94
f 126/169/98 573/170/99 575/171/100 127/172/101
f 125/173/102 571/174/103 573/170/99 126/169/98
f 124/175/104 569/176/105 571/174/103 125/173/102
f 123/177/106 567/178/107 569/176/105 124/175/104
f 122/179/108 565/180/109 567/178/107 123/177/106
f 121/181/110 563/182/111 565/180/109 122/179/108
f 120/183/112 561/184/113 563/182/111 121/181/110
f 119/185/114 559/186/115 561/187/113 120/188/112
f 118/189/116 557/190/117 559/186/115 119/185/114
f 117/191/118 555/192/119 557/190/117 118/189/116
f 116/193/120 553/194/121 555/192/119 117/191/118
f 115/195/122 551/196/123 553/194/121 116/193/120
f 114/197/124 549/198/125 551/196/123 115/195/122
f 113/199/126 547/200/127 549/198/125 114/197/124
f 112/201/128 545/202/129 547/200/127 113/199/126
f 111/203/130 543/204/131 545/202/129 112/201/128
f 110/205/132 541/206/133 543/204/131 111/203/130
f 109/207/134 539/208/135 541/206/133 110/205/132
f 108/209/136 537/210/137 539/208/135 109/207/134
f 107/211/138 535/212/139 537/210/137 108/209/136
f 106/213/140 533/214/141 535/212/139 107/211/138
f 105/215/142 531/216/143 533/214/141 106/213/140
f 104/217/144 529/218/145 531/216/143 105/215/142
f 103/219/146 527/220/147 529/221/145 104/222/144
f 102/223/148 525/224/149 527/220/147 103/219/146
f 101/225/150 523/226/151 525/224/149 102/223/148
f 100/227/152 521/228/153 523/226/151 101/225/150
f 99/229/154 519/230/155 521/228/153 100/227/152
f 98/231/156 517/232/157 519/230/155 99/229/154
f 97/233/158 515/234/159 517/232/157 98/231/156
f 127/172/101 575/171/100 514/235/160 128/236/161
f 161/237/1 128/238/161 97/239/158 162/240/2
f 162/240/2 97/239/158 98/241/156 163/242/3
f 163/242/3 98/241/156 99/243/154 164/244/4
f 164/244/4 99/243/154 100/245/152 165/246/5
f 165/246/5 100/245/152 101/247/150 166/248/6
f 166/248/6 101/247/150 102/249/148 167/250/162
f 167/250/162 102/249/148 103/251/146 168/252/8
f 168/252/8 103/251/146 104/253/144 169/254/9
f 169/255/9 104/256/144 105/257/142 170/258/10
f 170/258/10 105/257/142 106/259/140 171/260/163
f 171/260/163 106/259/140 107/261/138 172/262/12
f 172/262/12 107/261/138 108/263/136 173/264/13
f 173/264/13 108/263/136 109/265/134 174/266/14
f 174/266/14 109/265/134 110/267/132 175/268/15
f 175/268/15 110/267/132 111/269/130 176/270/16
f 176/270/16 111/269/130 112/271/128 177/272/17
f 177/272/17 112/271/128 113/273/126 178/274/18
f 178/274/18 113/273/126 114/275/124 179/276/19
f 179/276/19 114/275/124 115/277/122 180/278/20
f 180/278/20 115/277/122 116/279/120 181/280/21
f 181/280/21 116/279/120 117/281/118 182/282/22
f 182/282/22 117/281/118 118/283/116 183/284/164
f 183/284/164 118/283/116 119/285/114 184/286/24
f 184/286/24 119/285/114 120/287/112 185/288/25
f 185/289/25 120/290/112 121/291/110 186/292/26
f 186/292/26 121/291/110 122/293/108 187/294/165
f 187/294/165 122/293/108 123/295/106 188/296/28
f 188/296/28 123/295/106 124/297/104 189/298/29
f 189/298/29 124/297/104 125/299/102 190/300/30
f 190/300/30 125/299/102 126/301/98 191/302/31
f 191/302/31 126/301/98 127/303/101 192/304/33
f 192/304/33 127/303/101 128/238/161 161/237/1
f 510/305/166 192/306/166 161/307/167 511/308/167
f 508/309/168 191/310/169 192/306/166 510/305/166
f 506/311/170 190/312/170 191/310/169 508/309/168
f 504/313/171 189/314/171 190/312/170 506/311/170
f 502/315/172 188/316/172 189/314/171 504/313/171
f 500/317/173 187/318/174 188/316/172 502/315/172
f 498/319/175 186/320/175 187/318/174 500/317/173
f 496/321/176 185/322/176 186/320/175 498/319/175
f 494/323/177 184/324/177 185/325/176 496/326/176
f 492/327/178 183/328/179 184/324/177 494/323/177
f 490/329/180 182/330/180 183/328/179 492/327/178
f 488/331/181 181/332/181 182/330/180 490/329/180
f 486/333/182 180/334/183 181/332/181 488/331/181
f 484/335/184 179/336/185 180/334/183 486/333/182
f 482/337/186 178/338/186 179/336/185 484/335/184
f 480/339/187 177/340/187 178/338/186 482/337/186
f 478/341/188 176/342/188 177/340/187 480/339/187
f 476/343/189 175/344/190 176/342/188 478/341/188
f 474/345/191 174/346/192 175/344/190 476/343/189
f 472/347/193 173/348/193 174/346/192 474/345/191
f 470/349/194 172/350/194 173/348/193 472/347/193
f 468/351/195 171/352/196 172/350/194 470/349/194
f 466/353/197 170/354/197 171/352/196 468/351/195
f 464/355/198 169/356/198 170/354/197 466/353/197
f 462/357/199 168/358/199 169/359/198 464/360/198
f 460/361/200 167/362/201 168/358/199 462/357/199
f 458/363/202 166/364/202 167/362/201 460/361/200
f 456/365/203 165/366/203 166/364/202 458/363/202
f 454/367/204 164/368/205 165/366/203 456/365/203
f 452/369/206 163/370/207 164/368/205 454/367/204
f 450/371/208 162/372/208 163/370/207 452/369/206
f 33/373/1 160/374/1 129/375/2 34/376/2
f 34/376/2 129/375/2 130/377/3 35/378/3
f 35/378/3 130/377/3 131/379/4 36/380/4
f 36/380/4 131/379/4 132/381/5 37/382/5
f 37/382/5 132/381/5 133/383/6 38/384/6
f 38/384/6 133/383/6 134/385/7 39/386/7
f 39/386/7 134/385/7 135/387/8 40/388/8
f 40/388/8 135/387/8 136/389/9 41/390/9
f 41/391/9 136/392/9 137/393/10 42/394/10
f 42/394/10 137/393/10 138/395/163 43/396/163
f 43/396/163 138/395/163 139/397/12 44/398/12
f 44/398/12 139/397/12 140/399/13 45/400/13
f 45/400/13 140/399/13 141/401/14 46/402/14
f 46/402/14 141/401/14 142/403/15 47/404/15
f 47/404/15 142/403/15 143/405/16 48/406/16
f 48/406/16 143/405/16 144/407/17 49/408/17
f 49/408/17 144/407/17 145/409/18 50/410/18
f 50/410/18 145/409/18 146/411/19 51/412/19
f 51/412/19 146/411/19 147/413/20 52/414/20
f 52/414/20 147/413/20 148/415/21 53/416/21
f 53/416/21 148/415/21 149/417/22 54/418/22
f 54/418/22 149/417/22 150/419/164 55/420/164
f 55/420/164 150/419/164 151/421/24 56/422/24
f 56/422/24 151/421/24 152/423/25 57/424/25
f 57/425/25 152/426/25 153/427/26 58/428/26
f 58/428/26 153/427/26 154/429/27 59/430/27
f 59/430/27 154/429/27 155/431/28 60/432/28
f 60/432/28 155/431/28 156/433/29 61/434/29
f 61/434/29 156/433/29 157/435/30 62/436/30
f 62/436/30 157/435/30 158/437/31 63/438/31
f 63/438/31 158/437/31 159/439/33 64/440/33
f 64/440/33 159/439/33 160/374/1 33/373/1
f 159/441/209 509/442/209 512/443/210 160/444/210
f 158/445/211 507/446/211 509/442/209 159/441/209
f 157/447/212 505/448/212 507/446/211 158/445/211
f 156/449/213 503/450/214 505/448/212 157/447/212
f 155/451/215 501/452/215 503/450/214 156/449/213
f 154/453/216 499/454/217 501/452/215 155/451/215
f 153/455/218 497/456/218 499/454/217 154/453/216
f 152/457/219 495/458/219 497/456/218 153/455/218
f 151/459/220 493/460/220 495/461/219 152/462/219
f 150/463/221 491/464/222 493/460/220 151/459/220
f 149/465/223 489/466/223 491/464/222 150/463/221
f 148/467/224 487/468/225 489/466/223 149/465/223
f 147/469/226 485/470/226 487/468/225 148/467/224
f 146/471/227 483/472/228 485/470/226 147/469/226
f 145/473/229 481/474/229 483/472/228 146/471/227
f 144/475/230 479/476/230 481/474/229 145/473/229
f 143/477/231 477/478/231 479/476/230 144/475/230
f 142/479/232 475/480/233 477/478/231 143/477/231
f 141/481/234 473/482/234 475/480/233 142/479/232
f 140/483/235 471/484/236 473/482/234 141/481/234
f 139/485/237 469/486/237 471/484/236 140/483/235
f 138/487/238 467/488/239 469/486/237 139/485/237
f 137/489/240 465/490/240 467/488/239 138/487/238
f 136/491/241 463/492/241 465/490/240 137/489/240
f 135/493/242 461/494/242 463/495/241 136/496/241
f 134/497/243 459/498/244 461/494/242 135/493/242
f 133/499/245 457/500/245 459/498/244 134/497/243
f 132/501/246 455/502/247 457/500/245 133/499/245
f 131/503/248 453/504/248 455/502/247 132/501/246
f 130/505/249 451/506/249 453/504/248 131/503/248
f 129/507/250 449/508/250 451/506/249 130/505/249
f 160/444/210 512/443/210 449/508/250 129/507/250
f 225/509/251 226/510/252 193/511/253 224/512/254
f 227/513/255 228/514/256 198/515/257 197/516/258
f 229/517/259 230/518/260 211/519/261 210/520/262
f 231/521/263 225/509/251 224/512/254 223/522/264
f 232/523/265 227/513/255 197/516/258 196/524/266
f 233/525/267 229/517/259 210/520/262 209/526/268
f 234/527/269 231/521/263 223/522/264 222/528/270
f 235/529/271 232/523/265 196/524/266 195/530/272
f 236/531/273 233/525/267 209/526/268 208/532/274
f 237/533/275 234/527/269 222/528/270 221/534/276
f 238/535/277 235/529/271 195/530/272 194/536/278
f 239/537/279 236/531/273 208/532/274 207/538/280
f 240/539/281 237/533/275 221/534/276 220/540/282
f 226/510/252 238/535/277 194/536/278 193/511/253
f 241/541/283 239/537/279 207/538/280 206/542/284
f 242/543/285 240/539/281 220/540/282 219/544/286
f 243/545/287 241/541/283 206/542/284 205/546/288
f 244/547/289 242/543/285 219/544/286 218/548/290
f 245/549/291 243/545/287 205/546/288 204/550/292
f 246/551/293 244/547/289 218/548/290 217/552/294
f 247/553/295 245/549/291 204/550/292 203/554/296
f 248/555/297 246/556/293 217/557/294 216/558/298
f 249/559/299 247/553/295 203/554/296 202/560/300
f 250/561/301 248/555/297 216/558/298 215/562/302
f 251/563/303 249/559/299 202/560/300 201/564/304
f 252/565/305 250/561/301 215/562/302 214/566/306
f 253/567/307 251/568/303 201/569/304 200/570/308
f 254/571/309 252/565/305 214/566/306 213/572/310
f 255/573/311 253/567/307 200/570/308 199/574/312
f 256/575/313 254/571/309 213/572/310 212/576/314
f 228/514/256 255/573/311 199/574/312 198/515/257
f 230/518/260 256/575/313 212/576/314 211/519/261
f 51/577/315 52/578/316 256/575/313 230/518/260
f 38/579/317 39/580/318 255/573/311 228/514/256
f 52/578/316 53/581/319 254/571/309 256/575/313
f 39/580/318 40/582/320 253/567/307 255/573/311
f 53/581/319 54/583/321 252/565/305 254/571/309
f 40/582/320 41/584/322 251/568/303 253/567/307
f 54/583/321 55/585/323 250/561/301 252/565/305
f 41/586/322 42/587/324 249/559/299 251/563/303
f 55/585/323 56/588/325 248/555/297 250/561/301
f 42/587/324 43/589/326 247/553/295 249/559/299
f 56/588/325 57/590/327 246/556/293 248/555/297
f 43/589/326 44/591/328 245/549/291 247/553/295
f 57/592/327 58/593/329 244/547/289 246/551/293
f 44/591/328 45/594/330 243/545/287 245/549/291
f 58/593/329 59/595/331 242/543/285 244/547/289
f 45/594/330 46/596/332 241/541/283 243/545/287
f 59/595/331 60/597/333 240/539/281 242/543/285
f 46/596/332 47/598/334 239/537/279 241/541/283
f 33/599/335 34/600/336 238/535/277 226/510/252
f 60/597/333 61/601/337 237/533/275 240/539/281
f 47/598/334 48/602/338 236/531/273 239/537/279
f 34/600/336 35/603/339 235/529/271 238/535/277
f 61/601/337 62/604/340 234/527/269 237/533/275
f 48/602/338 49/605/341 233/525/267 236/531/273
f 35/603/339 36/606/342 232/523/265 235/529/271
f 62/604/340 63/607/343 231/521/263 234/527/269
f 49/605/341 50/608/344 229/517/259 233/525/267
f 36/606/342 37/609/345 227/513/255 232/523/265
f 63/607/343 64/610/346 225/509/251 231/521/263
f 50/608/344 51/577/315 230/518/260 229/517/259
f 37/609/345 38/579/317 228/514/256 227/513/255
f 64/610/346 33/599/335 226/510/252 225/509/251
f 198/515/257 199/574/312 315/611/347 316/612/348
f 211/519/261 212/576/314 302/613/349 303/614/350
f 224/512/254 193/511/253 290/615/351 289/616/352
f 197/516/258 198/515/257 316/612/348 317/617/353
f 210/520/262 211/519/261 303/614/350 304/618/354
f 223/522/264 224/512/254 289/616/352 291/619/355
f 196/524/266 197/516/258 317/617/353 318/620/356
f 209/526/268 210/520/262 304/618/354 305/621/357
f 222/528/270 223/522/264 291/619/355 292/622/358
f 195/530/272 196/524/266 318/620/356 319/623/359
f 208/532/274 209/526/268 305/621/357 306/624/360
f 221/534/276 222/528/270 292/622/358 293/625/361
f 194/536/278 195/530/272 319/623/359 320/626/362
f 207/538/280 208/532/274 306/624/360 307/627/363
f 220/540/282 221/534/276 293/625/361 294/628/364
f 193/511/253 194/536/278 320/626/362 290/615/351
f 206/542/284 207/538/280 307/627/363 308/629/365
f 219/544/286 220/540/282 294/628/364 295/630/366
f 205/546/288 206/542/284 308/629/365 309/631/367
f 218/548/290 219/544/286 295/630/366 296/632/368
f 204/550/292 205/546/288 309/631/367 310/633/369
f 217/552/294 218/548/290 296/632/368 297/634/370
f 203/554/296 204/550/292 310/633/369 311/635/371
f 216/558/298 217/557/294 297/636/370 298/637/372
f 202/560/300 203/554/296 311/635/371 312/638/373
f 215/562/302 216/558/298 298/637/372 299/639/374
f 201/564/304 202/560/300 312/638/373 313/640/375
f 214/566/306 215/562/302 299/639/374 300/641/376
f 200/570/308 201/569/304 313/642/375 314/643/377
f 213/572/310 214/566/306 300/641/376 301/644/378
f 199/574/312 200/570/308 314/643/377 315/611/347
f 212/576/314 213/572/310 301/644/378 302/613/349
f 580/645/6 577/646/7 347/647/7 348/648/6
f 257/649/379 288/650/380 289/616/352 290/615/351
f 288/650/380 287/651/381 291/619/355 289/616/352
f 287/651/381 286/652/382 292/622/358 291/619/355
f 286/652/382 285/653/383 293/625/361 292/622/358
f 285/653/383 284/654/384 294/628/364 293/625/361
f 284/654/384 283/655/385 295/630/366 294/628/364
f 283/655/385 282/656/386 296/632/368 295/630/366
f 282/656/386 281/657/387 297/634/370 296/632/368
f 281/658/387 280/659/388 298/637/372 297/636/370
f 280/659/388 279/660/389 299/639/374 298/637/372
f 279/660/389 278/661/390 300/641/376 299/639/374
f 278/661/390 277/662/391 301/644/378 300/641/376
f 277/662/391 276/663/392 302/613/349 301/644/378
f 276/663/392 275/664/393 303/614/350 302/613/349
f 275/664/393 274/665/394 304/618/354 303/614/350
f 274/665/394 273/666/395 305/621/357 304/618/354
f 273/666/395 272/667/396 306/624/360 305/621/357
f 272/667/396 271/668/397 307/627/363 306/624/360
f 271/668/397 270/669/398 308/629/365 307/627/363
f 270/669/398 269/670/399 309/631/367 308/629/365
f 269/670/399 268/671/400 310/633/369 309/631/367
f 268/671/400 267/672/401 311/635/371 310/633/369
f 267/672/401 266/673/402 312/638/373 311/635/371
f 266/673/402 265/674/403 313/640/375 312/638/373
f 265/675/403 264/676/404 314/643/377 313/642/375
f 264/676/404 263/677/405 315/611/347 314/643/377
f 263/677/405 262/678/406 316/612/348 315/611/347
f 262/678/406 261/679/407 317/617/353 316/612/348
f 261/679/407 260/680/408 318/620/356 317/617/353
f 260/680/408 259/681/409 319/623/359 318/620/356
f 259/681/409 258/682/410 320/626/362 319/623/359
f 258/682/410 257/649/379 290/615/351 320/626/362
f 413/683/411 411/684/412 366/685/413 367/686/414
f 581/687/19 578/688/20 334/689/20 335/690/19
f 582/691/33 579/692/1 322/693/1 321/694/33
f 583/695/5 580/645/6 348/648/6 349/696/5
f 584/697/18 581/687/19 335/690/19 336/698/18
f 585/699/31 582/691/33 321/694/33 323/700/31
f 586/701/4 583/695/5 349/696/5 350/702/4
f 587/703/17 584/697/18 336/698/18 337/704/17
f 588/705/30 585/699/31 323/700/31 324/706/30
f 589/707/3 586/701/4 350/702/4 351/708/3
f 590/709/16 587/703/17 337/704/17 338/710/16
f 591/711/29 588/705/30 324/706/30 325/712/29
f 592/713/2 589/707/3 351/708/3 352/714/2
f 593/715/15 590/709/16 338/710/16 339/716/15
f 594/717/28 591/711/29 325/712/29 326/718/28
f 579/692/1 592/713/2 352/714/2 322/693/1
f 595/719/14 593/715/15 339/716/15 340/720/14
f 596/721/27 594/717/28 326/718/28 327/722/27
f 597/723/13 595/719/14 340/720/14 341/724/13
f 598/725/26 596/721/27 327/722/27 328/726/26
f 599/727/12 597/723/13 341/724/13 342/728/12
f 600/729/25 598/725/26 328/726/26 329/730/25
f 601/731/163 599/727/12 342/728/12 343/732/163
f 602/733/24 600/734/25 329/735/25 330/736/24
f 603/737/10 601/731/163 343/732/163 344/738/10
f 604/739/164 602/733/24 330/736/24 331/740/164
f 605/741/9 603/737/10 344/738/10 345/742/9
f 606/743/22 604/739/164 331/740/164 332/744/22
f 607/745/8 605/746/9 345/747/9 346/748/8
f 608/749/21 606/743/22 332/744/22 333/750/21
f 577/646/7 607/745/8 346/748/8 347/647/7
f 578/688/20 608/749/21 333/750/21 334/689/20
f 389/751/415 385/752/416 353/753/417 355/754/418
f 387/755/419 386/756/420 321/757/421 322/758/422
f 393/759/423 391/760/424 356/761/425 357/762/426
f 395/763/427 393/759/423 357/762/426 358/764/428
f 397/765/429 395/763/427 358/764/428 359/766/430
f 399/767/431 397/765/429 359/766/430 360/768/432
f 401/769/433 399/767/431 360/768/432 361/770/434
f 403/771/435 401/772/433 361/773/434 362/774/436
f 405/775/437 403/771/435 362/774/436 363/776/438
f 407/777/439 405/775/437 363/776/438 364/778/440
f 409/779/441 407/777/439 364/778/440 365/780/442
f 410/781/443 412/782/444 334/783/445 333/784/446
f 411/684/412 409/779/441 365/780/442 366/685/413
f 415/785/447 413/683/411 367/686/414 368/786/448
f 417/787/449 415/785/447 368/786/448 369/788/450
f 419/789/451 417/787/449 369/788/450 370/790/452
f 421/791/453 419/789/451 370/790/452 371/792/454
f 423/793/455 421/791/453 371/792/454 372/794/456
f 425/795/457 423/793/455 372/794/456 373/796/458
f 427/797/459 425/795/457 373/796/458 374/798/460
f 429/799/461 427/797/459 374/798/460 375/800/462
f 431/801/463 429/799/461 375/800/462 376/802/464
f 433/803/465 431/801/463 376/802/464 377/804/466
f 435/805/467 433/806/465 377/807/466 378/808/468
f 437/809/469 435/805/467 378/808/468 379/810/470
f 439/811/471 437/809/469 379/810/470 380/812/472
f 441/813/473 439/811/471 380/812/472 381/814/474
f 443/815/475 441/813/473 381/814/474 382/816/476
f 445/817/477 443/815/475 382/816/476 383/818/478
f 447/819/479 445/817/477 383/818/478 384/820/480
f 391/760/424 389/751/415 355/754/418 356/761/425
f 353/821/481 354/822/481 384/823/481 383/824/481 382/825/481 381/826/481 380/827/481 379/828/481 378/829/481 377/830/481 376/831/481 375/832/481 374/833/481 373/834/481 372/835/481 371/836/481 370/837/481 369/838/481 368/839/481 367/840/481 366/841/481 365/842/481 364/843/481 363/844/481 362/845/481 361/846/481 360/847/481 359/848/481 358/849/481 357/850/481 356/851/481 355/852/481
f 438/853/482 440/854/483 348/855/484 347/856/485
f 412/782/444 414/857/486 335/858/487 334/783/445
f 386/756/420 390/859/488 323/860/489 321/757/421
f 440/854/483 442/861/490 349/862/491 348/855/484
f 414/857/486 416/863/492 336/864/493 335/858/487
f 388/865/494 447/819/479 384/820/480 354/866/495
f 442/861/490 444/867/496 350/868/497 349/862/491
f 416/863/492 418/869/498 337/870/499 336/864/493
f 390/859/488 392/871/500 324/872/501 323/860/489
f 444/867/496 446/873/502 351/874/503 350/868/497
f 418/869/498 420/875/504 338/876/505 337/870/499
f 392/871/500 394/877/506 325/878/507 324/872/501
f 446/873/502 448/879/508 352/880/509 351/874/503
f 420/875/504 422/881/510 339/882/511 338/876/505
f 394/877/506 396/883/512 326/884/513 325/878/507
f 448/879/508 387/755/419 322/758/422 352/880/509
f 422/881/510 424/885/514 340/886/515 339/882/511
f 396/883/512 398/887/516 327/888/517 326/884/513
f 424/885/514 426/889/518 341/890/519 340/886/515
f 398/887/516 400/891/520 328/892/521 327/888/517
f 426/889/518 428/893/522 342/894/523 341/890/519
f 400/891/520 402/895/524 329/896/525 328/892/521
f 428/893/522 430/897/526 343/898/527 342/894/523
f 402/899/524 404/900/528 330/901/529 329/902/525
f 430/897/526 432/903/530 344/904/531 343/898/527
f 404/900/528 406/905/532 331/906/533 330/901/529
f 432/903/530 434/907/534 345/908/535 344/904/531
f 406/905/532 408/909/536 332/910/537 331/906/533
f 434/911/534 436/912/538 346/913/539 345/914/535
f 408/909/536 410/781/443 333/784/446 332/910/537
f 436/912/538 438/853/482 347/856/485 346/913/539
f 386/756/420 387/755/419 388/865/494 385/752/416
f 390/859/488 386/756/420 385/752/416 389/751/415
f 392/871/500 390/859/488 389/751/415 391/760/424
f 394/877/506 392/871/500 391/760/424 393/759/423
f 396/883/512 394/877/506 393/759/423 395/763/427
f 398/887/516 396/883/512 395/763/427 397/765/429
f 400/891/520 398/887/516 397/765/429 399/767/431
f 402/895/524 400/891/520 399/767/431 401/769/433
f 404/900/528 402/899/524 401/772/433 403/771/435
f 406/905/532 404/900/528 403/771/435 405/775/437
f 408/909/536 406/905/532 405/775/437 407/777/439
f 410/781/443 408/909/536 407/777/439 409/779/441
f 412/782/444 410/781/443 409/779/441 411/684/412
f 414/857/486 412/782/444 411/684/412 413/683/411
f 416/863/492 414/857/486 413/683/411 415/785/447
f 418/869/498 416/863/492 415/785/447 417/787/449
f 420/875/504 418/869/498 417/787/449 419/789/451
f 422/881/510 420/875/504 419/789/451 421/791/453
f 424/885/514 422/881/510 421/791/453 423/793/455
f 426/889/518 424/885/514 423/793/455 425/795/457
f 428/893/522 426/889/518 425/795/457 427/797/459
f 430/897/526 428/893/522 427/797/459 429/799/461
f 432/903/530 430/897/526 429/799/461 431/801/463
f 434/907/534 432/903/530 431/801/463 433/803/465
f 436/912/538 434/911/534 433/806/465 435/805/467
f 438/853/482 436/912/538 435/805/467 437/809/469
f 440/854/483 438/853/482 437/809/469 439/811/471
f 442/861/490 440/854/483 439/811/471 441/813/473
f 444/867/496 442/861/490 441/813/473 443/815/475
f 446/873/502 444/867/496 443/815/475 445/817/477
f 448/879/508 446/873/502 445/817/477 447/819/479
f 387/755/419 448/879/508 447/819/479 388/865/494
f 385/752/416 388/865/494 354/866/495 353/753/417
f 510/305/540 511/308/541 512/443/541 509/442/540
f 508/309/542 510/305/540 509/442/540 507/446/542
f 506/311/543 508/309/542 507/446/542 505/448/543
f 504/313/544 506/311/543 505/448/543 503/450/544
f 502/315/545 504/313/544 503/450/544 501/452/545
f 500/317/546 502/315/545 501/452/545 499/454/546
f 498/319/547 500/317/546 499/454/546 497/456/547
f 496/321/548 498/319/547 497/456/547 495/458/548
f 494/323/549 496/326/548 495/461/548 493/460/549
f 492/327/550 494/323/549 493/460/549 491/464/550
f 490/329/551 492/327/550 491/464/550 489/466/551
f 488/331/552 490/329/551 489/466/551 487/468/552
f 486/333/553 488/331/552 487/468/552 485/470/553
f 484/335/554 486/333/553 485/470/553 483/472/554
f 482/337/555 484/335/554 483/472/554 481/474/555
f 480/339/556 482/337/555 481/474/555 479/476/556
f 478/341/557 480/339/556 479/476/556 477/478/557
f 476/343/558 478/341/557 477/478/557 475/480/558
f 474/345/559 476/343/558 475/480/558 473/482/559
f 472/347/560 474/345/559 473/482/559 471/484/560
f 470/349/561 472/347/560 471/484/560 469/486/561
f 468/351/562 470/349/561 469/486/561 467/488/562
f 466/353/563 468/351/562 467/488/562 465/490/563
f 464/355/564 466/353/563 465/490/563 463/492/564
f 462/357/565 464/360/564 463/495/564 461/494/565
f 460/361/566 462/357/565 461/494/565 459/498/566
f 458/363/567 460/361/566 459/498/566 457/500/567
f 456/365/568 458/363/567 457/500/567 455/502/568
f 454/367/569 456/365/568 455/502/568 453/504/569
f 452/369/570 454/367/569 453/504/569 451/506/570
f 450/371/571 452/369/570 451/506/570 449/508/571
f 511/308/541 450/371/571 449/508/571 512/443/541
f 511/308/167 161/307/167 162/372/208 450/371/208
f 576/101/34 513/104/37 514/235/160 575/171/100
f 574/105/38 576/101/34 575/171/100 573/170/99
f 572/107/40 574/105/38 573/170/99 571/174/103
f 570/109/42 572/107/40 571/174/103 569/176/105
f 568/111/44 570/109/42 569/176/105 567/178/107
f 566/113/46 568/111/44 567/178/107 565/180/109
f 564/115/48 566/113/46 565/180/109 563/182/111
f 562/117/50 564/115/48 563/182/111 561/184/113
f 560/119/52 562/122/50 561/187/113 559/186/115
f 558/123/54 560/119/52 559/186/115 557/190/117
f 556/125/56 558/123/54 557/190/117 555/192/119
f 554/127/58 556/125/56 555/192/119 553/194/121
f 552/129/60 554/127/58 553/194/121 551/196/123
f 550/131/62 552/129/60 551/196/123 549/198/125
f 548/133/64 550/131/62 549/198/125 547/200/127
f 546/135/66 548/133/64 547/200/127 545/202/129
f 544/137/68 546/135/66 545/202/129 543/204/131
f 542/139/70 544/137/68 543/204/131 541/206/133
f 540/141/72 542/139/70 541/206/133 539/208/135
f 538/143/74 540/141/72 539/208/135 537/210/137
f 536/145/76 538/143/74 537/210/137 535/212/139
f 534/147/78 536/145/76 535/212/139 533/214/141
f 532/149/80 534/147/78 533/214/141 531/216/143
f 530/151/82 532/149/80 531/216/143 529/218/145
f 528/153/84 530/156/82 529/221/145 527/220/147
f 526/157/86 528/153/84 527/220/147 525/224/149
f 524/159/88 526/157/86 525/224/149 523/226/151
f 522/161/90 524/159/88 523/226/151 521/228/153
f 520/163/92 522/161/90 521/228/153 519/230/155
f 518/165/94 520/163/92 519/230/155 517/232/157
f 516/168/97 518/165/94 517/232/157 515/234/159
f 513/104/37 516/168/97 515/234/159 514/235/160
f 128/236/161 514/235/160 515/234/159 97/233/158
f 645/915/572 704/916/573 608/917/574 578/918/575
f 641/919/576 702/920/577 607/921/578 577/922/579
f 704/916/573 700/923/580 606/924/581 608/917/574
f 702/920/577 698/925/582 605/926/582 607/921/578
f 700/923/580 696/927/583 604/928/584 606/924/581
f 698/929/582 694/930/585 603/931/586 605/932/582
f 696/927/583 692/933/587 602/934/588 604/928/584
f 694/930/585 690/935/589 601/936/590 603/931/586
f 692/933/587 688/937/591 600/938/591 602/934/588
f 690/935/589 686/939/592 599/940/593 601/936/590
f 688/941/591 684/942/594 598/943/595 600/944/591
f 686/939/592 682/945/596 597/946/597 599/940/593
f 684/942/594 680/947/598 596/948/599 598/943/595
f 682/945/596 678/949/600 595/950/601 597/946/597
f 680/947/598 676/951/602 594/952/603 596/948/599
f 649/953/604 672/954/605 592/955/606 579/956/604
f 678/949/600 674/957/607 593/958/608 595/950/601
f 676/951/602 670/959/609 591/960/610 594/952/603
f 674/957/607 668/961/611 590/962/612 593/958/608
f 672/954/605 666/963/613 589/964/614 592/955/606
f 670/959/609 664/965/615 588/966/616 591/960/610
f 668/961/611 662/967/617 587/968/617 590/962/612
f 666/963/613 660/969/618 586/970/619 589/964/614
f 664/965/615 658/971/620 585/972/621 588/966/616
f 662/967/617 656/973/622 584/974/623 587/968/617
f 660/969/618 654/975/624 583/976/625 586/970/619
f 611/977/626 640/978/627 650/979/627 651/980/628
f 610/981/629 639/982/630 646/983/631 647/984/632
f 652/985/633 649/953/604 579/956/604 582/986/634
f 648/987/635 645/915/572 578/918/575 581/988/636
f 644/989/637 641/919/576 577/922/579 580/990/638
f 656/973/622 648/987/635 581/988/636 584/974/623
f 654/975/624 644/989/637 580/990/638 583/976/625
f 637/991/639 635/992/640 699/993/641 703/994/642
f 636/995/643 634/996/644 697/997/644 701/998/645
f 635/992/640 633/999/646 695/1000/647 699/993/641
f 634/1001/644 632/1002/648 693/1003/649 697/1004/644
f 633/999/646 631/1005/650 691/1006/651 695/1000/647
f 632/1002/648 630/1007/652 689/1008/653 693/1003/649
f 631/1005/650 629/1009/654 687/1010/654 691/1006/651
f 630/1007/652 628/1011/655 685/1012/656 689/1008/653
f 629/1013/654 627/1014/657 683/1015/658 687/1016/654
f 628/1011/655 626/1017/659 681/1018/660 685/1012/656
f 627/1014/657 625/1019/661 679/1020/662 683/1015/658
f 626/1017/659 624/1021/663 677/1022/664 681/1018/660
f 625/1019/661 623/1023/665 675/1024/666 679/1020/662
f 624/1021/663 622/1025/667 673/1026/668 677/1022/664
f 658/971/620 652/985/633 582/986/634 585/972/621
f 623/1023/665 620/1027/669 669/1028/670 675/1024/666
f 622/1025/667 619/1029/671 667/1030/672 673/1026/668
f 621/1031/673 618/1032/674 665/1033/675 671/1034/676
f 620/1027/669 617/1035/677 663/1036/678 669/1028/670
f 619/1029/671 616/1037/679 661/1038/679 667/1030/672
f 618/1032/674 615/1039/680 659/1040/681 665/1033/675
f 617/1035/677 614/1041/682 657/1042/683 663/1036/678
f 616/1037/679 613/1043/684 655/1044/685 661/1038/679
f 615/1039/680 612/1045/686 653/1046/687 659/1040/681
f 614/1041/682 611/977/626 651/980/628 657/1042/683
f 613/1043/684 610/981/629 647/984/632 655/1044/685
f 612/1045/686 609/1047/688 643/1048/689 653/1046/687
f 640/978/627 621/1031/673 671/1034/676 650/979/627
f 639/982/630 637/991/639 703/994/642 646/983/631
f 638/1049/690 636/995/643 701/998/645 642/1050/691
f 737/1051/6 766/1052/7 638/1053/7 609/1054/6
f 738/1055/19 767/1056/20 639/1057/20 610/1058/19
f 739/1059/33 768/1060/1 640/1061/1 611/1062/33
f 740/1063/5 737/1051/6 609/1054/6 612/1064/5
f 741/1065/18 738/1055/19 610/1058/19 613/1066/18
f 742/1067/31 739/1059/33 611/1062/33 614/1068/31
f 743/1069/4 740/1063/5 612/1064/5 615/1070/4
f 744/1071/17 741/1065/18 613/1066/18 616/1072/17
f 745/1073/30 742/1067/31 614/1068/31 617/1074/30
f 746/1075/3 743/1069/4 615/1070/4 618/1076/3
f 747/1077/16 744/1071/17 616/1072/17 619/1078/16
f 748/1079/29 745/1073/30 617/1074/30 620/1080/29
f 749/1081/2 746/1075/3 618/1076/3 621/1082/2
f 750/1083/15 747/1077/16 619/1078/16 622/1084/15
f 751/1085/28 748/1079/29 620/1080/29 623/1086/28
f 768/1060/1 749/1081/2 621/1082/2 640/1061/1
f 752/1087/14 750/1083/15 622/1084/15 624/1088/14
f 753/1089/27 751/1085/28 623/1086/28 625/1090/27
f 754/1091/13 752/1087/14 624/1088/14 626/1092/13
f 755/1093/26 753/1089/27 625/1090/27 627/1094/26
f 756/1095/12 754/1091/13 626/1092/13 628/1096/12
f 757/1097/25 755/1093/26 627/1094/26 629/1098/25
f 758/1099/163 756/1095/12 628/1096/12 630/1100/163
f 759/1101/24 757/1102/25 629/1103/25 631/1104/24
f 760/1105/10 758/1099/163 630/1100/163 632/1106/10
f 761/1107/164 759/1101/24 631/1104/24 633/1108/164
f 762/1109/9 760/1105/10 632/1106/10 634/1110/9
f 763/1111/22 761/1107/164 633/1108/164 635/1112/22
f 764/1113/8 762/1114/9 634/1115/9 636/1116/8
f 765/1117/21 763/1111/22 635/1112/22 637/1118/21
f 766/1052/7 764/1113/8 636/1116/8 638/1053/7
f 767/1056/20 765/1117/21 637/1118/21 639/1057/20
f 704/916/692 645/915/693 646/983/693 703/994/692
f 702/920/694 641/919/695 642/1050/695 701/998/694
f 700/923/696 704/916/692 703/994/692 699/993/697
f 698/925/698 702/920/694 701/998/694 697/997/698
f 696/927/699 700/923/696 699/993/697 695/1000/699
f 694/930/700 698/929/698 697/1004/698 693/1003/700
f 692/933/701 696/927/699 695/1000/699 691/1006/701
f 690/935/702 694/930/700 693/1003/700 689/1008/702
f 688/937/703 692/933/701 691/1006/701 687/1010/703
f 686/939/704 690/935/702 689/1008/702 685/1012/705
f 684/942/706 688/941/703 687/1016/703 683/1015/706
f 682/945/707 686/939/704 685/1012/705 681/1018/707
f 680/947/708 684/942/706 683/1015/706 679/1020/708
f 678/949/709 682/945/707 681/1018/707 677/1022/709
f 676/951/710 680/947/708 679/1020/708 675/1024/711
f 674/957/712 678/949/709 677/1022/709 673/1026/712
f 672/954/713 649/953/714 650/979/714 671/1034/713
f 670/959/715 676/951/710 675/1024/711 669/1028/715
f 668/961/716 674/957/712 673/1026/712 667/1030/716
f 666/963/717 672/954/713 671/1034/713 665/1033/717
f 664/965/718 670/959/715 669/1028/715 663/1036/718
f 662/967/719 668/961/716 667/1030/716 661/1038/719
f 660/969/720 666/963/717 665/1033/717 659/1040/720
f 658/971/721 664/965/718 663/1036/718 657/1042/721
f 656/973/722 662/967/719 661/1038/719 655/1044/722
f 654/975/723 660/969/720 659/1040/720 653/1046/723
f 652/985/724 658/971/721 657/1042/721 651/980/724
f 648/987/725 656/973/722 655/1044/722 647/984/725
f 644/989/726 654/975/723 653/1046/723 643/1048/727
f 649/953/714 652/985/724 651/980/724 650/979/714
f 645/915/693 648/987/725 647/984/725 646/983/693
f 641/919/695 644/989/726 643/1048/727 642/1050/695
f 609/1047/688 638/1049/690 642/1050/691 643/1048/689
f 96/1119/35 736/100/33 705/1/1 65/1120/36
f 95/1121/39 735/66/31 736/100/33 96/1119/35
f 94/1122/41 734/64/30 735/66/31 95/1121/39
f 93/1123/43 733/62/29 734/64/30 94/1122/41
f 92/1124/45 732/60/28 733/62/29 93/1123/43
f 91/1125/47 731/58/27 732/60/28 92/1124/45
f 90/1126/49 730/56/26 731/58/27 91/1125/47
f 89/1127/51 729/53/25 730/56/26 90/1126/49
f 88/1128/53 728/50/24 729/52/25 89/1129/51
f 87/1130/55 727/48/23 728/50/24 88/1128/53
f 86/1131/57 726/46/22 727/48/23 87/1130/55
f 85/1132/59 725/44/21 726/46/22 86/1131/57
f 84/1133/61 724/42/20 725/44/21 85/1132/59
f 83/1134/63 723/40/19 724/42/20 84/1133/61
f 82/1135/65 722/38/18 723/40/19 83/1134/63
f 81/1136/67 721/36/17 722/38/18 82/1135/65
f 80/1137/69 720/34/16 721/36/17 81/1136/67
f 79/1138/71 719/32/15 720/34/16 80/1137/69
f 78/1139/73 718/30/14 719/32/15 79/1138/71
f 77/1140/75 717/28/13 718/30/14 78/1139/73
f 76/1141/77 716/26/12 717/28/13 77/1140/75
f 75/1142/79 715/24/11 716/26/12 76/1141/77
f 74/1143/81 714/22/10 715/24/11 75/1142/79
f 73/1144/83 713/19/9 714/22/10 74/1143/81
f 72/1145/85 712/16/8 713/18/9 73/1146/83
f 71/1147/87 711/14/7 712/16/8 72/1145/85
f 70/1148/89 710/12/6 711/14/7 71/1147/87
f 69/1149/91 709/10/5 710/12/6 70/1148/89
f 68/1150/93 708/8/4 709/10/5 69/1149/91
f 67/1151/95 707/6/3 708/8/4 68/1150/93
f 66/1152/96 706/4/2 707/6/3 67/1151/95
f 65/1120/36 705/1/1 706/4/2 66/1152/96
f 276/1153/392 277/1154/391 765/1155/21 767/1156/20
f 263/1157/405 264/1158/404 764/1159/8 766/1160/7
f 277/1154/391 278/1161/390 763/1162/22 765/1155/21
f 264/1158/404 265/1163/403 762/1164/9 764/1159/8
f 278/1161/390 279/1165/389 761/1166/164 763/1162/22
f 265/1167/403 266/1168/402 760/1169/10 762/1170/9
f 279/1165/389 280/1171/388 759/1172/24 761/1166/164
f 266/1168/402 267/1173/401 758/1174/163 760/1169/10
f 280/1171/388 281/1175/387 757/1176/25 759/1172/24
f 267/1173/401 268/1177/400 756/1178/12 758/1174/163
f 281/1179/387 282/1180/386 755/1181/26 757/1182/25
f 268/1177/400 269/1183/399 754/1184/13 756/1178/12
f 282/1180/386 283/1185/385 753/1186/27 755/1181/26
f 269/1183/399 270/1187/398 752/1188/14 754/1184/13
f 283/1185/385 284/1189/384 751/1190/28 753/1186/27
f 270/1187/398 271/1191/397 750/1192/15 752/1188/14
f 257/1193/379 258/1194/410 749/1195/2 768/1196/1
f 284/1189/384 285/1197/383 748/1198/29 751/1190/28
f 271/1191/397 272/1199/396 747/1200/16 750/1192/15
f 258/1194/410 259/1201/409 746/1202/3 749/1195/2
f 285/1197/383 286/1203/382 745/1204/30 748/1198/29
f 272/1199/396 273/1205/395 744/1206/17 747/1200/16
f 259/1201/409 260/1207/408 743/1208/4 746/1202/3
f 286/1203/382 287/1209/381 742/1210/31 745/1204/30
f 273/1205/395 274/1211/394 741/1212/18 744/1206/17
f 260/1207/408 261/1213/407 740/1214/5 743/1208/4
f 287/1209/381 288/1215/380 739/1216/33 742/1210/31
f 274/1211/394 275/1217/393 738/1218/19 741/1212/18
f 261/1213/407 262/1219/406 737/1220/6 740/1214/5
f 288/1215/380 257/1193/379 768/1196/1 739/1216/33
f 275/1217/393 276/1153/392 767/1156/20 738/1218/19
f 262/1219/406 263/1157/405 766/1160/7 737/1220/6
f 2159/1221/32 1262/1222/32 1273/1223/32 2160/1224/32
f 1048/1225/17 1043/1226/17 1336/1227/17 1337/1228/17
f 2095/1229/728 793/1230/728 794/1231/729 2102/1232/729
f 2102/1232/729 794/1231/729 795/1233/730 2103/1234/730
f 2103/1234/730 795/1233/730 796/1235/731 2104/1236/731
f 2104/1236/731 796/1235/731 797/1237/732 2105/1238/732
f 2105/1238/732 797/1237/732 798/1239/733 2106/1240/733
f 1988/1241/734 1618/1242/734 1633/1243/1 1998/1244/1
f 1625/1245/735 2019/1246/735 2021/1247/736 1626/1248/736
f 1626/1248/736 2021/1247/736 2023/1249/737 1627/1250/737
f 1627/1250/737 2023/1249/737 2025/1251/738 1628/1252/738
f 1628/1253/1 2025/1254/1 2044/1255/1 1934/1256/1
f 833/1257/732 834/1258/733 875/1259/739
f 776/1260/740 780/1261/741 794/1262/742 793/1263/743
f 780/1261/741 779/1264/744 795/1265/745 794/1262/742
f 779/1264/744 778/1266/746 796/1267/747 795/1265/745
f 778/1266/746 777/1268/748 797/1269/749 796/1267/747
f 777/1268/748 775/1270/750 798/1271/751 797/1269/749
f 788/1272/752 792/1273/753 800/1274/754 799/1275/755
f 792/1273/753 791/1276/756 801/1277/757 800/1274/754
f 791/1276/756 790/1278/758 802/1279/759 801/1277/757
f 790/1278/758 789/1280/760 803/1281/761 802/1279/759
f 789/1280/760 787/1282/762 804/1283/763 803/1281/761
f 861/1284/764 788/1272/752 799/1275/755 860/1285/764
f 1858/1286/765 776/1260/740 793/1263/743 1857/1287/765
f 1497/1288/766 1500/1289/767 1593/1290/768 1591/1291/769
f 2200/1292/25 2189/1293/770 1428/1294/770 1905/1295/25
f 2201/1296/729 2190/1297/771 1417/1298/771 1418/1299/729
f 2202/1300/772 2191/1301/734 1423/1302/734 1424/1303/772
f 2203/1304/730 2201/1296/729 1418/1299/729 1419/1305/730
f 2204/1306/735 2202/1300/772 1424/1303/772 1425/1307/735
f 2205/1308/731 2203/1304/730 1419/1305/730 1420/1309/731
f 2206/1310/736 2204/1306/735 1425/1307/735 1426/1311/736
f 2207/1312/773 2205/1308/731 1420/1309/731 1421/1313/773
f 2208/1314/737 2206/1310/736 1426/1311/736 1427/1315/737
f 2209/1316/774 2207/1312/773 1421/1313/773 1422/1317/774
f 2189/1293/770 2208/1314/737 1427/1315/737 1428/1294/770
f 2192/1318/1 2209/1316/774 1422/1317/774 1432/1319/1
f 849/1320/32 854/1321/32 871/1322/32 872/1323/32
f 1197/1324/737 826/1325/737 827/1326/738 1198/1327/738
f 1196/1328/736 825/1329/736 826/1325/737 1197/1324/737
f 1195/1330/735 824/1331/735 825/1329/736 1196/1328/736
f 1193/1332/772 823/1333/772 824/1331/735 1195/1330/735
f 1194/1334/734 822/1335/734 823/1333/772 1193/1332/772
f 875/1336/775 834/1337/25 867/1338/25 924/1339/775
f 1190/1340/731 820/1341/731 821/1342/776 1191/1343/732
f 1189/1344/730 819/1345/730 820/1341/731 1190/1340/731
f 1187/1346/729 818/1347/729 819/1345/730 1189/1344/730
f 1188/1348/728 817/1349/728 818/1347/729 1187/1346/729
f 827/1350/1 839/1351/1 1933/1352/1 1929/1353/1
f 859/1354/32 864/1355/32 873/1356/32 874/1357/32
f 826/1325/737 838/1358/737 839/1359/738 827/1326/738
f 825/1329/736 837/1360/736 838/1358/737 826/1325/737
f 824/1331/735 836/1361/735 837/1360/736 825/1329/736
f 823/1333/772 835/1362/772 836/1361/735 824/1331/735
f 822/1335/734 829/1363/734 835/1362/772 823/1333/772
f 883/1364/777 876/1365/778 923/1366/778 930/1367/777
f 820/1341/731 832/1368/731 833/1257/732 821/1342/776
f 819/1345/730 831/1369/730 832/1368/731 820/1341/731
f 818/1347/729 830/1370/729 831/1369/730 819/1345/730
f 817/1349/728 828/1371/728 830/1370/729 818/1347/729
f 859/1372/32 854/1373/32 1661/1374/32 1662/1375/32
f 844/1376/9 884/1377/779 929/1378/779 869/1379/9
f 2193/1380/1 2192/1318/1 1432/1319/1 1433/1381/1
f 775/1270/750 842/1382/764 840/1383/780 798/1271/751
f 884/1384/1 844/1385/1 891/1386/1
f 1201/1387/1 902/1388/1 909/1389/1
f 2194/1390/1 2193/1380/1 1433/1381/1 1434/1391/1
f 886/1392/1 885/1393/1 893/1394/1
f 1633/1243/25 864/1395/25 1663/1396/25 1668/1397/25
f 842/1382/764 846/1398/764 845/1399/764 840/1383/780
f 1631/1400/481 1632/1401/481 1667/1402/481 1666/1403/481
f 854/1321/9 900/1404/779 935/1405/779 871/1322/9
f 2195/1406/1 2194/1390/1 1434/1391/1 1435/1407/1
f 900/1408/1 854/1409/1 907/1410/1
f 846/1398/764 851/1411/764 850/1412/764 845/1399/764
f 907/1413/775 859/1354/25 874/1357/25 954/1414/775
f 2196/1415/1 2195/1406/1 1435/1407/1 1429/1416/1
f 1200/1417/1 893/1394/1 892/1418/1
f 844/1419/9 1629/1420/9 1664/1421/9 1660/1422/9
f 851/1411/764 856/1423/764 855/1424/764 850/1412/764
f 1618/1242/734 829/1363/734 864/1395/1 1633/1243/1
f 864/1355/781 916/1425/782 947/1426/783 873/1356/781
f 2191/1301/734 2196/1415/1 1429/1416/1 1423/1302/734
f 822/1335/734 917/1427/1 916/1428/1
f 856/1423/764 861/1284/764 860/1285/764 855/1424/764
f 2197/1429/9 2185/1430/9 1455/1431/9
f 1159/1432/784 1168/1433/785 1181/1434/785 1176/1435/784
f 1147/1436/765 1152/1437/765 1153/1438/765 1148/1439/765
f 828/1440/1 817/1441/1 1873/1442/1 1874/1443/1
f 1263/1444/25 2390/1445/25 1270/1446/25 1275/1447/25
f 1192/1448/786 877/1449/787 876/1450/1
f 1194/1334/734 1203/1451/1 918/1452/1
f 2106/1453/25 798/1454/25 868/1455/25 2107/1456/25
f 899/1457/777 892/1458/778 941/1459/778 936/1460/777
f 1629/1461/9 844/1376/9 869/1379/9 1635/1462/9
f 915/1463/788 908/1464/778 953/1465/778 948/1466/789
f 891/1467/775 849/1320/25 872/1323/25 942/1468/775
f 798/1454/751 840/1469/780 870/1470/32 868/1455/32
f 1202/1471/1 909/1389/1 908/1472/1
f 881/1473/790 882/1474/791 878/1475/792
f 889/1476/1 885/1393/1 888/1477/1
f 897/1478/1 898/1479/1 894/1480/1
f 905/1481/1 901/1482/1 904/1483/1
f 913/1484/1 914/1485/1 910/1486/1
f 920/1487/1 921/1488/1 917/1427/1
f 891/1467/775 942/1468/775 946/1489/793 895/1490/793
f 895/1490/793 946/1489/793 945/1491/794 896/1492/794
f 896/1492/794 945/1491/794 944/1493/795 897/1494/795
f 897/1494/795 944/1493/795 943/1495/796 898/1496/796
f 898/1496/796 943/1495/796 941/1459/778 892/1458/778
f 935/1405/779 900/1404/779 906/1497/797 937/1498/797
f 937/1498/797 906/1497/797 905/1499/798 938/1500/798
f 938/1500/798 905/1499/798 904/1501/799 939/1502/799
f 939/1502/799 904/1501/799 903/1503/800 940/1504/800
f 940/1504/800 903/1503/800 899/1457/777 936/1460/777
f 875/1336/775 924/1339/775 928/1505/793 879/1506/793
f 879/1506/793 928/1505/793 927/1507/794 880/1508/794
f 880/1508/794 927/1507/794 926/1509/795 881/1510/795
f 881/1510/795 926/1509/795 925/1511/796 882/1512/796
f 882/1512/796 925/1511/796 923/1366/778 876/1365/778
f 929/1378/779 884/1377/779 890/1513/797 931/1514/797
f 931/1514/797 890/1513/797 889/1515/798 932/1516/798
f 932/1516/798 889/1515/798 888/1517/799 933/1518/799
f 933/1518/799 888/1517/799 887/1519/800 934/1520/800
f 934/1520/800 887/1519/800 883/1364/777 930/1367/777
f 953/1465/778 908/1464/778 914/1521/796 955/1522/796
f 955/1522/796 914/1521/796 913/1523/795 956/1524/795
f 956/1524/795 913/1523/795 912/1525/794 957/1526/794
f 957/1526/794 912/1525/794 911/1527/793 958/1528/793
f 958/1528/793 911/1527/793 907/1413/775 954/1414/775
f 915/1463/788 948/1466/789 952/1529/801 919/1530/802
f 919/1530/802 952/1529/801 951/1531/803 920/1532/804
f 920/1532/804 951/1531/803 950/1533/805 921/1534/806
f 921/1534/806 950/1533/805 949/1535/807 922/1536/808
f 922/1536/808 949/1535/807 947/1426/783 916/1425/782
f 821/1342/776 878/1475/792 877/1449/787
f 781/1537/809 783/1538/810 1311/1539/810 1312/1540/809
f 2096/1541/811 2108/1542/812 984/1543/812 983/1544/811
f 2108/1542/812 2109/1545/813 985/1546/813 984/1543/812
f 2109/1545/813 2110/1547/814 986/1548/814 985/1546/813
f 2110/1547/814 2111/1549/815 987/1550/815 986/1548/814
f 2111/1549/815 2112/1551/816 988/1552/816 987/1550/815
f 1030/1553/9 1058/1554/9 2014/1555/9 2003/1556/9
f 1644/1557/817 1645/1558/818 2032/1559/818 2030/1560/817
f 1645/1558/818 1646/1561/819 2034/1562/819 2032/1559/818
f 1646/1561/819 1647/1563/820 2036/1564/820 2034/1562/819
f 2036/1565/17 1647/1566/17 1941/1567/17 2046/1568/17
f 1063/1569/821 1024/1570/816 1023/1571/815
f 966/1572/822 983/1573/823 984/1574/824 970/1575/825
f 970/1575/825 984/1574/824 985/1576/826 969/1577/827
f 969/1577/827 985/1576/826 986/1578/828 968/1579/829
f 968/1579/829 986/1578/828 987/1580/830 967/1581/831
f 967/1581/831 987/1580/830 988/1582/832 965/1583/833
f 978/1584/834 989/1585/835 990/1586/836 982/1587/837
f 982/1587/837 990/1586/836 991/1588/838 981/1589/839
f 981/1589/839 991/1588/838 992/1590/840 980/1591/841
f 980/1591/841 992/1590/840 993/1592/842 979/1593/843
f 979/1593/843 993/1592/842 994/1594/844 977/1595/845
f 1051/1596/846 1050/1597/846 989/1585/835 978/1584/834
f 1880/1598/765 1879/1599/765 983/1573/823 966/1572/822
f 1924/1600/25 1915/1601/25 1447/1602/847 1698/1603/847
f 1706/1604/812 1437/1605/812 1436/1606/848 1699/1607/848
f 1707/1608/849 1443/1609/849 1442/1610/850 1700/1611/850
f 1708/1612/813 1438/1613/813 1437/1605/812 1706/1604/812
f 1709/1614/817 1444/1615/817 1443/1609/849 1707/1608/849
f 1710/1616/814 1439/1617/814 1438/1613/813 1708/1612/813
f 1711/1618/818 1445/1619/818 1444/1615/817 1709/1614/817
f 1712/1620/851 1440/1621/851 1439/1617/814 1710/1616/814
f 1713/1622/819 1446/1623/819 1445/1619/818 1711/1618/818
f 1714/1624/852 1441/1625/852 1440/1621/851 1712/1620/851
f 1698/1603/847 1447/1602/847 1446/1623/819 1713/1622/819
f 1701/1626/17 1451/1627/17 1441/1625/852 1714/1624/852
f 1039/1628/32 1060/1629/32 1059/1630/32 1044/1631/32
f 1215/1632/819 1216/1633/820 1017/1634/820 1016/1635/819
f 1214/1636/818 1215/1632/819 1016/1635/819 1015/1637/818
f 1213/1638/817 1214/1636/818 1015/1637/818 1014/1639/817
f 1211/1640/849 1213/1638/817 1014/1639/817 1013/1641/849
f 1212/1642/850 1211/1640/849 1013/1641/849 1012/1643/850
f 1063/1644/775 1112/1645/775 1055/1646/25 1024/1647/25
f 1208/1648/814 1209/1649/815 1011/1650/853 1010/1651/814
f 1207/1652/813 1208/1648/814 1010/1651/814 1009/1653/813
f 1205/1654/812 1207/1652/813 1009/1653/813 1008/1655/812
f 1206/1656/811 1205/1654/812 1008/1655/812 1007/1657/811
f 1906/1658/854 1925/1659/855 1943/1660/855 1935/1661/854
f 1049/1662/32 1062/1663/32 1061/1664/32 1054/1665/32
f 1016/1635/819 1017/1634/820 1029/1666/820 1028/1667/819
f 1015/1637/818 1016/1635/819 1028/1667/819 1027/1668/818
f 1014/1639/817 1015/1637/818 1027/1668/818 1026/1669/817
f 1013/1641/849 1014/1639/817 1026/1669/817 1025/1670/849
f 1012/1643/850 1013/1641/849 1025/1670/849 1019/1671/850
f 1071/1672/777 1118/1673/777 1111/1674/778 1064/1675/778
f 1010/1651/814 1011/1650/853 1023/1571/815 1022/1676/814
f 1009/1653/813 1010/1651/814 1022/1676/814 1021/1677/813
f 1008/1655/812 1009/1653/813 1021/1677/813 1020/1678/812
f 1007/1657/811 1008/1655/812 1020/1678/812 1018/1679/811
f 1044/1680/32 1049/1681/32 1672/1682/32 1671/1683/32
f 1034/1684/9 1057/1685/9 1117/1686/779 1072/1687/779
f 1702/1688/17 1452/1689/17 1451/1627/17 1701/1626/17
f 965/1583/833 988/1582/832 1030/1690/856 1032/1691/846
f 1079/1692/17 1072/1693/17 1082/1694/17
f 1219/1695/17 1220/1696/17 1097/1697/17
f 1703/1698/17 1453/1699/17 1452/1689/17 1702/1688/17
f 1217/1700/17 1218/1701/17 1081/1702/17
f 1652/1703/481 1651/1704/481 1677/1705/481 1678/1706/481
f 1032/1691/846 1030/1690/856 1035/1707/846 1036/1708/846
f 1039/1709/32 1044/1680/32 1671/1683/32 1669/1710/32
f 1044/1631/9 1059/1630/9 1123/1711/779 1088/1712/779
f 1704/1713/17 1454/1714/17 1453/1699/17 1703/1698/17
f 1089/1715/17 1098/1716/17 1095/1717/17
f 1036/1708/846 1035/1707/846 1040/1718/846 1041/1719/846
f 1095/1720/775 1142/1721/775 1062/1663/25 1049/1662/25
f 1705/1722/17 1448/1723/17 1454/1714/17 1704/1713/17
f 1218/1701/17 1219/1695/17 1080/1724/17
f 1649/1725/481 1648/1726/481 1674/1727/481 1675/1728/481
f 1041/1719/846 1040/1718/846 1045/1729/846 1046/1730/846
f 1637/1731/850 1652/1732/17 1054/1733/17 1019/1671/850
f 1054/1665/857 1061/1664/857 1135/1734/858 1104/1735/859
f 1700/1611/850 1442/1610/850 1448/1723/17 1705/1722/17
f 1104/1736/17 1105/1737/17 1012/1643/850
f 1046/1730/846 1045/1729/846 1050/1597/846 1051/1596/846
f 1206/1738/17 1007/1739/17 1897/1740/17 1896/1741/17
f 1210/1742/860 1217/1700/17 1064/1743/17
f 1106/1744/17 1221/1745/17 1212/1642/850
f 2112/1746/25 2113/1747/25 1056/1748/25 988/1749/25
f 1087/1750/777 1124/1751/777 1129/1752/778 1080/1753/778
f 1648/1754/9 1654/1755/9 1057/1685/9 1034/1684/9
f 1103/1756/861 1136/1757/862 1141/1758/778 1096/1759/778
f 1079/1760/775 1130/1761/775 1060/1629/25 1039/1628/25
f 988/1749/832 1056/1748/32 1058/1554/32 1030/1553/856
f 1096/1762/17 1097/1697/17 1220/1696/17
f 1066/1763/863 1069/1764/864 1068/1765/865
f 1073/1766/17 1077/1767/17 1076/1768/17
f 1082/1694/17 1085/1769/17 1084/1770/17
f 1089/1715/17 1093/1771/17 1092/1772/17
f 1098/1716/17 1101/1773/17 1100/1774/17
f 1105/1737/17 1109/1775/17 1108/1776/17
f 1079/1760/775 1083/1777/793 1134/1778/793 1130/1761/775
f 1083/1777/793 1084/1779/794 1133/1780/794 1134/1778/793
f 1084/1779/794 1085/1781/795 1132/1782/795 1133/1780/794
f 1085/1781/795 1086/1783/796 1131/1784/796 1132/1782/795
f 1086/1783/796 1080/1753/778 1129/1752/778 1131/1784/796
f 1123/1711/779 1125/1785/797 1094/1786/797 1088/1712/779
f 1125/1785/797 1126/1787/798 1093/1788/798 1094/1786/797
f 1126/1787/798 1127/1789/799 1092/1790/799 1093/1788/798
f 1127/1789/799 1128/1791/800 1091/1792/800 1092/1790/799
f 1128/1791/800 1124/1751/777 1087/1750/777 1091/1792/800
f 1063/1644/775 1067/1793/793 1116/1794/793 1112/1645/775
f 1067/1793/793 1068/1795/794 1115/1796/794 1116/1794/793
f 1068/1795/794 1069/1797/795 1114/1798/795 1115/1796/794
f 1069/1797/795 1070/1799/796 1113/1800/796 1114/1798/795
f 1070/1799/796 1064/1675/778 1111/1674/778 1113/1800/796
f 1117/1686/779 1119/1801/797 1078/1802/797 1072/1687/779
f 1119/1801/797 1120/1803/798 1077/1804/798 1078/1802/797
f 1120/1803/798 1121/1805/799 1076/1806/799 1077/1804/798
f 1121/1805/799 1122/1807/800 1075/1808/800 1076/1806/799
f 1122/1807/800 1118/1673/777 1071/1672/777 1075/1808/800
f 1141/1758/778 1143/1809/796 1102/1810/796 1096/1759/778
f 1143/1809/796 1144/1811/795 1101/1812/795 1102/1810/796
f 1144/1811/795 1145/1813/794 1100/1814/794 1101/1812/795
f 1145/1813/794 1146/1815/793 1099/1816/793 1100/1814/794
f 1146/1815/793 1142/1721/775 1095/1720/775 1099/1816/793
f 1103/1756/861 1107/1817/866 1140/1818/867 1136/1757/862
f 1107/1817/866 1108/1819/868 1139/1820/869 1140/1818/867
f 1108/1819/868 1109/1821/870 1138/1822/871 1139/1820/869
f 1109/1821/870 1110/1823/872 1137/1824/873 1138/1822/871
f 1110/1823/872 1104/1735/859 1135/1734/858 1137/1824/873
f 1065/1825/874 1066/1763/863 1011/1650/853
f 1269/1826/32 1906/1827/32 1954/1828/32 1951/1829/32
f 2199/1830/9 2197/1429/9 1430/1831/9 1859/1832/9
f 1151/1833/17 1160/1834/875 1175/1835/875 1157/1836/17
f 1888/1837/481 1656/1838/481 1961/1839/481 1964/1840/481
f 1204/1841/9 2393/1842/9 1222/1843/9 1168/1844/9
f 1167/1845/876 1156/1846/1 1158/1847/1 1182/1848/876
f 1890/1849/9 1881/1850/9 1449/1851/9 1715/1852/9
f 1888/1853/1 1882/1854/877 1901/1855/877 1900/1856/1
f 1882/1854/17 1888/1853/17 1964/1857/17 1959/1858/17
f 1156/1846/32 1151/1833/32 1157/1836/32 1158/1847/32
f 2389/1859/878 1155/1860/878 1222/1861/878 2393/1862/878
f 1867/1863/879 1868/1864/880 1875/1865/880 1878/1866/879
f 1165/1867/9 1161/1868/9 1164/1869/9
f 1173/1870/9 1174/1871/9 1170/1872/9
f 1167/1845/876 1182/1848/876 1186/1873/881 1171/1874/881
f 1171/1874/881 1186/1873/881 1185/1875/882 1172/1876/882
f 1172/1876/882 1185/1875/882 1184/1877/883 1173/1878/883
f 1173/1878/883 1184/1877/883 1183/1879/884 1174/1880/884
f 1174/1880/884 1183/1879/884 1181/1434/785 1168/1433/785
f 1159/1432/784 1176/1435/784 1180/1881/885 1163/1882/885
f 1163/1882/885 1180/1881/885 1179/1883/886 1164/1884/886
f 1164/1884/886 1179/1883/886 1178/1885/887 1165/1886/887
f 1165/1886/887 1178/1885/887 1177/1887/888 1166/1888/888
f 1166/1888/888 1177/1887/888 1175/1835/875 1160/1834/875
f 771/1889/889 769/1890/890 1188/1891/891 1187/1892/892
f 772/1893/893 771/1889/889 1187/1892/892 1189/1894/894
f 773/1895/895 772/1893/893 1189/1894/894 1190/1896/896
f 774/1897/897 773/1895/895 1190/1896/896 1191/1898/898
f 770/1899/899 774/1897/897 1191/1898/898 1192/1900/900
f 783/1901/901 781/1902/902 1194/1903/903 1193/1904/904
f 784/1905/905 783/1901/901 1193/1904/904 1195/1906/906
f 785/1907/907 784/1905/905 1195/1906/906 1196/1908/908
f 786/1909/909 785/1907/907 1196/1908/908 1197/1910/910
f 782/1911/911 786/1909/909 1197/1910/910 1198/1912/912
f 841/1913/913 770/1899/899 1192/1900/900 1199/1914/913
f 848/1915/913 841/1913/913 1199/1914/913 1200/1916/913
f 853/1917/913 848/1915/913 1200/1916/913 1201/1918/913
f 858/1919/913 853/1917/913 1201/1918/913 1202/1920/913
f 863/1921/913 858/1919/913 1202/1920/913 1203/1922/913
f 781/1902/902 863/1921/913 1203/1922/913 1194/1903/903
f 2391/1923/914 1271/1924/915 1270/1925/914 2390/1926/914
f 1926/1927/915 1271/1924/915 1198/1912/912
f 959/1928/916 961/1929/917 1205/1930/918 1206/1931/919
f 961/1929/917 962/1932/920 1207/1933/921 1205/1930/918
f 962/1932/920 963/1934/922 1208/1935/923 1207/1933/921
f 963/1934/922 964/1936/924 1209/1937/925 1208/1935/923
f 964/1936/924 960/1938/926 1210/1939/926 1209/1937/925
f 971/1940/927 973/1941/928 1211/1942/929 1212/1943/930
f 973/1941/928 974/1944/931 1213/1945/932 1211/1942/929
f 974/1944/931 975/1946/933 1214/1947/934 1213/1945/932
f 975/1946/933 976/1948/935 1215/1949/936 1214/1947/934
f 976/1948/935 972/1950/937 1216/1951/938 1215/1949/936
f 960/1938/926 1031/1952/939 1217/1953/939 1210/1939/926
f 1031/1952/939 1038/1954/939 1218/1955/939 1217/1953/939
f 1038/1954/939 1043/1956/939 1219/1957/939 1218/1955/939
f 1043/1956/939 1048/1958/939 1220/1959/939 1219/1957/939
f 1048/1958/939 1053/1960/939 1221/1961/939 1220/1959/939
f 1053/1960/939 971/1940/927 1212/1943/930 1221/1961/939
f 1150/1962/878 1867/1963/878 1188/1891/891
f 1891/1964/878 1155/1860/878 1206/1931/919
f 2389/1965/9 2392/1966/9 1340/1967/9 1155/1968/9
f 961/1969/940 959/1970/941 1323/1971/941 1322/1972/940
f 783/1538/810 784/1973/942 1313/1974/942 1311/1539/810
f 1053/1975/17 1048/1225/17 1337/1228/17 1338/1976/17
f 962/1977/943 961/1969/940 1322/1972/940 1324/1978/943
f 784/1973/942 785/1979/944 1314/1980/944 1313/1974/942
f 971/1981/945 1053/1975/17 1338/1976/17 1329/1982/946
f 963/1983/947 962/1977/943 1324/1978/943 1325/1984/947
f 785/1979/944 786/1985/948 1315/1986/948 1314/1980/944
f 2391/1987/25 1264/1988/25 1303/1989/25 2388/1990/25
f 964/1991/949 963/1983/947 1325/1984/947 1326/1992/949
f 786/1985/948 782/1993/950 1316/1994/950 1315/1986/948
f 1264/1988/25 972/1995/951 1333/1996/951 1303/1989/25
f 960/1997/952 964/1991/949 1326/1992/949 1327/1998/952
f 770/1999/953 841/2000/1 1317/2001/1 1310/2002/953
f 973/2003/954 971/1981/945 1329/1982/946 1328/2004/954
f 841/2000/1 848/2005/1 1318/2006/1 1317/2001/1
f 1150/2007/9 769/2008/955 1306/2009/955 1339/2010/9
f 974/2011/956 973/2003/954 1328/2004/954 1330/2012/956
f 848/2005/1 853/2013/1 1319/2014/1 1318/2006/1
f 959/1970/941 1155/1968/9 1340/1967/9 1323/1971/941
f 975/2015/957 974/2011/956 1330/2012/956 1331/2016/957
f 853/2013/1 858/2017/1 1320/2018/1 1319/2014/1
f 769/2008/955 771/2019/958 1305/2020/958 1306/2009/955
f 976/2021/959 975/2015/957 1331/2016/957 1332/2022/959
f 858/2017/1 863/2023/1 1321/2024/1 1320/2018/1
f 771/2019/958 772/2025/960 1307/2026/960 1305/2020/958
f 972/1995/951 976/2021/959 1332/2022/959 1333/1996/951
f 863/2023/1 781/1537/809 1312/1540/809 1321/2024/1
f 772/2025/960 773/2027/961 1308/2028/961 1307/2026/960
f 1031/2029/17 960/1997/952 1327/1998/952 1334/2030/17
f 773/2027/961 774/2031/962 1309/2032/962 1308/2028/961
f 1038/2033/17 1031/2029/17 1334/2030/17 1335/2034/17
f 774/2031/962 770/1999/953 1310/2002/953 1309/2032/962
f 1043/1226/17 1038/2033/17 1335/2034/17 1336/1227/17
f 1264/2035/915 1927/2036/914 1216/1951/938
f 1914/2037/963 1913/2038/963 1259/2039/963 1260/2040/963
f 1262/1222/1 1276/2041/876 1291/2042/876 1273/1223/1
f 782/1993/950 1271/2043/25 1304/2044/25 1316/1994/950
f 1380/2045/964 1379/2046/965 1370/2047/966 1371/2048/967
f 1904/2049/963 1267/2050/963 1266/2051/963 1903/2052/963
f 1456/2053/25 2158/2054/25 2186/2055/25
f 2158/2056/963 2157/2057/963 1266/2051/963 1267/2050/963
f 1283/2058/875 1269/2059/17 1274/2060/17 1298/2061/875
f 1275/1447/785 1284/2062/784 1297/2063/784 1292/2064/785
f 1285/2065/25 1926/2066/25 1925/2067/25
f 1283/2058/25 1925/2067/25 1906/2068/25
f 1927/2069/25 1278/2070/25 1928/2071/25
f 1281/2072/25 1277/2073/25 1280/2074/25
f 1289/2075/25 1290/2076/25 1286/2077/25
f 1283/2058/875 1298/2061/875 1302/2078/888 1287/2079/888
f 1287/2079/888 1302/2078/888 1301/2080/887 1288/2081/887
f 1288/2081/887 1301/2080/887 1300/2082/886 1289/2075/886
f 1289/2075/886 1300/2082/886 1299/2083/885 1290/2076/885
f 1290/2076/885 1299/2083/885 1297/2063/784 1284/2062/784
f 1291/2042/876 1276/2041/876 1282/2084/881 1293/2085/881
f 1293/2085/881 1282/2084/881 1281/2072/882 1294/2086/882
f 1294/2086/882 1281/2072/882 1280/2074/883 1295/2087/883
f 1295/2087/883 1280/2074/883 1279/2088/884 1296/2089/884
f 1296/2089/884 1279/2088/884 1275/1447/785 1292/2064/785
f 1928/2071/25 1277/2073/25 1276/2041/25
f 1151/2090/32 1156/2091/32 1960/2092/32 1958/2093/32
f 2394/2094/32 1272/2095/32 1304/2096/32 2388/2097/32
f 1223/2098/32 1224/2099/32 1306/2100/32 1305/2101/32
f 1225/2102/32 1223/2098/32 1305/2101/32 1307/2103/32
f 1226/2104/32 1225/2102/32 1307/2103/32 1308/2105/32
f 1227/2106/32 1226/2104/32 1308/2105/32 1309/2107/32
f 1228/2108/32 1227/2106/32 1309/2107/32 1310/2109/32
f 1229/2110/32 1230/2111/32 1312/2112/32 1311/2113/32
f 1231/2114/32 1229/2110/32 1311/2113/32 1313/2115/32
f 1232/2116/32 1231/2114/32 1313/2115/32 1314/2117/32
f 1233/2118/32 1232/2116/32 1314/2117/32 1315/2119/32
f 1234/2120/32 1233/2118/32 1315/2119/32 1316/2121/32
f 1235/2122/32 1228/2108/32 1310/2109/32 1317/2123/32
f 1236/2124/32 1235/2122/32 1317/2123/32 1318/2125/32
f 1237/2126/32 1236/2124/32 1318/2125/32 1319/2127/32
f 1238/2128/32 1237/2126/32 1319/2127/32 1320/2129/32
f 1239/2130/32 1238/2128/32 1320/2129/32 1321/2131/32
f 1230/2111/32 1239/2130/32 1321/2131/32 1312/2112/32
f 1242/2132/32 1241/2133/32 1322/2134/32 1323/2135/32
f 1241/2133/32 1243/2136/32 1324/2137/32 1322/2134/32
f 1243/2136/32 1244/2138/32 1325/2139/32 1324/2137/32
f 1244/2138/32 1245/2140/32 1326/2141/32 1325/2139/32
f 1245/2140/32 1246/2142/32 1327/2143/32 1326/2141/32
f 1248/2144/32 1247/2145/32 1328/2146/32 1329/2147/32
f 1247/2145/32 1249/2148/32 1330/2149/32 1328/2146/32
f 1249/2148/32 1250/2150/32 1331/2151/32 1330/2149/32
f 1250/2150/32 1251/2152/32 1332/2153/32 1331/2151/32
f 1251/2152/32 1252/2154/32 1333/2155/32 1332/2153/32
f 1246/2142/32 1253/2156/32 1334/2157/32 1327/2143/32
f 1253/2156/32 1254/2158/32 1335/2159/32 1334/2157/32
f 1254/2158/32 1255/2160/32 1336/2161/32 1335/2159/32
f 1255/2160/32 1256/2162/32 1337/2163/32 1336/2161/32
f 1256/2162/32 1257/2164/32 1338/2165/32 1337/2163/32
f 1257/2164/32 1248/2144/32 1329/2147/32 1338/2165/32
f 1224/2099/32 1240/2166/32 1339/2167/32 1306/2100/32
f 1258/2168/32 1242/2132/32 1323/2135/32 1340/2169/32
f 1252/2154/32 1265/2170/32 1303/2171/32 1333/2155/32
f 1272/2095/32 1234/2120/32 1316/2121/32 1304/2096/32
f 2395/2172/32 1258/2168/32 1340/2169/32 2392/2173/32
f 1361/2174/968 1378/2175/32 1741/2176/32 1771/2177/32
f 1382/2178/969 1381/2179/969 1357/2180/970 1356/2181/970
f 2399/2182/971 1383/2183/971 1341/2184/972 2396/2185/972
f 1386/2186/973 1385/2187/974 1365/2188/975 1372/2189/976
f 1381/2179/969 1387/2190/969 1358/2191/970 1357/2180/970
f 1389/2192/977 1388/2193/978 1343/2194/979 1344/2195/980
f 1390/2196/973 1386/2186/973 1372/2189/976 1373/2197/976
f 1387/2190/969 1391/2198/969 1359/2199/970 1358/2191/970
f 1388/2193/978 1392/2200/981 1345/2201/982 1343/2194/979
f 1393/2202/973 1390/2196/973 1373/2197/976 1374/2203/976
f 1391/2198/969 1394/2204/983 1350/2205/984 1359/2199/970
f 1392/2200/981 1395/2206/985 1346/2207/986 1345/2201/982
f 1396/2208/973 1393/2202/973 1374/2203/976 1375/2209/976
f 1398/2210/987 1397/2211/988 1361/2212/968 1360/2213/989
f 1395/2206/985 1399/2214/990 1347/2215/991 1346/2207/986
f 1400/2216/973 1396/2208/973 1375/2209/976 1376/2217/992
f 1401/2218/993 1398/2210/987 1360/2213/989 1362/2219/994
f 1399/2214/990 1402/2220/995 1348/2221/996 1347/2215/991
f 1403/2222/997 1400/2216/973 1376/2217/992 1367/2223/998
f 1404/2224/999 1401/2218/993 1362/2219/994 1363/2225/1000
f 1394/2204/983 1405/2226/1001 1349/2227/1002 1350/2205/984
f 1406/2228/1003 1389/2192/977 1344/2195/980 1377/2229/1004
f 1407/2230/1005 1404/2224/999 1363/2225/1000 1364/2231/1006
f 1405/2226/1001 1408/2232/1007 1351/2233/1008 1349/2227/1002
f 1397/2211/988 1409/2234/1003 1378/2235/1004 1361/2212/968
f 1385/2187/974 1407/2230/1005 1364/2231/1006 1365/2188/975
f 1408/2232/1007 1410/2236/1009 1352/2237/1010 1351/2233/1008
f 1383/2183/971 1380/2045/964 1371/2048/967 1341/2184/972
f 1411/2238/1011 1403/2222/997 1367/2223/998 1366/2239/1012
f 1410/2236/1009 1412/2240/1013 1353/2241/1014 1352/2237/1010
f 1413/2242/1015 1384/2243/971 1342/2244/972 1354/2245/1016
f 1414/2246/1017 1411/2238/1011 1366/2239/1012 1368/2247/1018
f 1412/2240/1013 1413/2242/1015 1354/2245/1016 1353/2241/1014
f 2398/2248/1003 1406/2228/1003 1377/2229/1004 2397/2249/1004
f 1415/2250/1019 1414/2246/1017 1368/2247/1018 1369/2251/1020
f 1402/2220/995 1416/2252/969 1355/2253/970 1348/2221/996
f 1379/2046/965 1415/2250/1019 1369/2251/1020 1370/2047/966
f 1416/2252/969 1382/2178/969 1356/2181/970 1355/2253/970
f 1235/2254/1021 1236/2255/1021 1382/2178/969 1416/2252/969
f 1251/2256/1022 1250/2257/1023 1415/2250/1019 1379/2046/965
f 1228/2258/1024 1235/2254/1021 1416/2252/969 1402/2220/995
f 1250/2257/1023 1249/2259/1025 1414/2246/1017 1415/2250/1019
f 2395/2260/1026 1240/2261/1026 1406/2228/1003 2398/2248/1003
f 1233/2262/1027 1234/2263/1028 1413/2242/1015 1412/2240/1013
f 1249/2259/1025 1247/2264/1029 1411/2238/1011 1414/2246/1017
f 1234/2263/1028 1272/2265/1030 1384/2243/971 1413/2242/1015
f 1232/2266/1031 1233/2262/1027 1412/2240/1013 1410/2236/1009
f 1247/2264/1029 1248/2267/1032 1403/2222/997 1411/2238/1011
f 1265/2268/1030 1252/2269/1033 1380/2045/964 1383/2183/971
f 1231/2270/1034 1232/2266/1031 1410/2236/1009 1408/2232/1007
f 1246/2271/1035 1245/2272/1036 1407/2230/1005 1385/2187/974
f 1242/2273/1037 1258/2274/1026 1409/2234/1003 1397/2211/988
f 1229/2275/1038 1231/2270/1034 1408/2232/1007 1405/2226/1001
f 1245/2272/1036 1244/2276/1039 1404/2224/999 1407/2230/1005
f 1240/2261/1026 1224/2277/1040 1389/2192/977 1406/2228/1003
f 1230/2278/1041 1229/2275/1038 1405/2226/1001 1394/2204/983
f 1244/2276/1039 1243/2279/1042 1401/2218/993 1404/2224/999
f 1248/2267/1032 1257/2280/1043 1400/2216/973 1403/2222/997
f 1227/2281/1044 1228/2258/1024 1402/2220/995 1399/2214/990
f 1243/2279/1042 1241/2282/1045 1398/2210/987 1401/2218/993
f 1257/2280/1043 1256/2283/1043 1396/2208/973 1400/2216/973
f 1226/2284/1046 1227/2281/1044 1399/2214/990 1395/2206/985
f 1241/2282/1045 1242/2273/1037 1397/2211/988 1398/2210/987
f 1256/2283/1043 1255/2285/1043 1393/2202/973 1396/2208/973
f 1225/2286/1047 1226/2284/1046 1395/2206/985 1392/2200/981
f 1239/2287/1021 1230/2278/1041 1394/2204/983 1391/2198/969
f 1255/2285/1043 1254/2288/1043 1390/2196/973 1393/2202/973
f 1223/2289/1048 1225/2286/1047 1392/2200/981 1388/2193/978
f 1238/2290/1021 1239/2287/1021 1391/2198/969 1387/2190/969
f 1254/2288/1043 1253/2291/1043 1386/2186/973 1390/2196/973
f 1224/2277/1040 1223/2289/1048 1388/2193/978 1389/2192/977
f 1237/2292/1021 1238/2290/1021 1387/2190/969 1381/2179/969
f 1253/2291/1043 1246/2271/1035 1385/2187/974 1386/2186/973
f 2394/2293/1030 1265/2268/1030 1383/2183/971 2399/2182/971
f 1236/2255/1021 1237/2292/1021 1381/2179/969 1382/2178/969
f 1252/2269/1033 1251/2256/1022 1379/2046/965 1380/2045/964
f 805/2294/481 806/2295/481 1418/2296/481 1417/2297/481
f 806/2295/481 807/2298/481 1419/2299/481 1418/2296/481
f 807/2298/481 808/2300/481 1420/2301/481 1419/2299/481
f 808/2300/481 809/2302/481 1421/2303/481 1420/2301/481
f 809/2302/481 810/2304/481 1422/2305/481 1421/2303/481
f 811/2306/481 812/2307/481 1424/2308/481 1423/2309/481
f 812/2307/481 813/2310/481 1425/2311/481 1424/2308/481
f 813/2310/481 814/2312/481 1426/2313/481 1425/2311/481
f 814/2312/481 815/2314/481 1427/2315/481 1426/2313/481
f 815/2314/481 816/2316/481 1428/2317/481 1427/2315/481
f 862/2318/481 811/2306/481 1423/2309/481 1429/2319/481
f 1861/2320/481 805/2294/481 1417/2297/481 1859/2321/481
f 1907/2322/481 1268/2323/481 1431/2324/481 1905/2325/481
f 810/2304/481 843/2326/481 1432/2327/481 1422/2305/481
f 843/2326/481 847/2328/481 1433/2329/481 1432/2327/481
f 847/2328/481 852/2330/481 1434/2331/481 1433/2329/481
f 852/2330/481 857/2332/481 1435/2333/481 1434/2331/481
f 857/2332/481 862/2318/481 1429/2319/481 1435/2333/481
f 996/2334/481 995/2335/481 1436/2336/481 1437/2337/481
f 997/2338/481 996/2334/481 1437/2337/481 1438/2339/481
f 998/2340/481 997/2338/481 1438/2339/481 1439/2341/481
f 999/2342/481 998/2340/481 1439/2341/481 1440/2343/481
f 1000/2344/481 999/2342/481 1440/2343/481 1441/2345/481
f 1002/2346/481 1001/2347/481 1442/2348/481 1443/2349/481
f 1003/2350/481 1002/2346/481 1443/2349/481 1444/2351/481
f 1004/2352/481 1003/2350/481 1444/2351/481 1445/2353/481
f 1005/2354/481 1004/2352/481 1445/2353/481 1446/2355/481
f 1006/2356/481 1005/2354/481 1446/2355/481 1447/2357/481
f 1001/2347/481 1052/2358/481 1448/2359/481 1442/2348/481
f 1883/2360/481 1154/2361/481 1449/2362/481 1881/2363/481
f 1917/2364/481 1006/2356/481 1447/2357/481 1915/2365/481
f 1033/2366/481 1000/2344/481 1441/2345/481 1451/2367/481
f 1037/2368/481 1033/2366/481 1451/2367/481 1452/2369/481
f 1042/2370/481 1037/2368/481 1452/2369/481 1453/2371/481
f 1047/2372/481 1042/2370/481 1453/2371/481 1454/2373/481
f 1052/2358/481 1047/2372/481 1454/2373/481 1448/2359/481
f 865/2374/481 1149/2375/481 1430/2376/481 1455/2377/481
f 1154/2361/481 865/2374/481 1455/2377/481 1449/2362/481
f 866/2378/481 1261/2379/481 1450/2380/481 1456/2381/481
f 1268/2323/481 866/2378/481 1456/2381/481 1431/2324/481
f 1863/2382/1049 1498/2383/1049 1563/2384/1050 1865/2385/1051
f 1524/2386/1052 1522/2387/1053 1540/2388/1054 1542/2389/1055
f 1507/2390/1056 1510/2391/1056 1607/2392/1057 1605/2393/1058
f 1500/1289/767 1502/2394/1059 1595/2395/1060 1593/1290/768
f 1531/2396/1061 1529/2397/1061 1574/2398/1062 1561/2399/1063
f 1523/2400/1061 1521/2401/1061 1568/2402/1064 1570/2403/1065
f 1502/2394/1059 1504/2404/1066 1597/2405/1067 1595/2395/1060
f 1533/2406/1068 1509/2407/1069 1549/2408/1070 1552/2409/1071
f 1539/2410/1072 2303/2411/481 1541/2412/1073
f 1919/2413/1074 1519/2414/1074 1603/2415/1075 1921/2416/1076
f 1526/2417/1061 1523/2400/1061 1570/2403/1065 1572/2418/1077
f 1527/2419/1078 1524/2386/1052 1542/2389/1055 1544/2420/1079
f 1517/2421/1080 1497/1288/766 1591/1291/769 1589/2422/1081
f 1529/2397/1061 1526/2417/1061 1572/2418/1077 1574/2398/1062
f 1530/2423/1082 1527/2419/1078 1544/2420/1079 1546/2424/1083
f 1508/2425/1084 1511/2426/1085 1579/2427/1086 1577/2428/1087
f 1506/2429/1088 1508/2425/1084 1577/2428/1087 1576/2430/1089
f 1503/2431/1090 1530/2423/1082 1546/2424/1083 1548/2432/1091
f 1514/2433/1056 1525/2434/1056 1600/2435/1092 1611/2436/1093
f 1498/2383/1049 1516/2437/1049 1613/2438/1094 1563/2384/1050
f 1521/2401/1061 1503/2431/1090 1548/2432/1091 1568/2402/1064
f 1505/2439/1095 1517/2421/1080 1589/2422/1081 1588/2440/1096
f 1885/2441/1049 1506/2429/1088 1576/2430/1089 1886/2442/1097
f 1509/2407/1069 1531/2396/1061 1561/2399/1063 1549/2408/1070
f 1510/2391/1056 1512/2443/1056 1609/2444/1098 1607/2392/1057
f 1511/2426/1085 1513/2445/1099 1581/2446/1100 1579/2427/1086
f 1535/2447/1101 1534/2448/1102 1554/2449/1103 1556/2450/1104
f 1512/2443/1056 1514/2433/1056 1611/2436/1093 1609/2444/1098
f 1513/2445/1099 1515/2451/1105 1583/2452/1106 1581/2446/1100
f 1536/2453/1107 1535/2447/1101 1556/2450/1104 1558/2454/1108
f 1515/2451/1105 1532/2455/1109 1585/2456/1110 1583/2452/1106
f 1501/2457/1111 1536/2453/1107 1558/2454/1108 1560/2458/1112
f 1516/2437/1049 1528/2459/1049 1602/2460/1113 1613/2438/1094
f 1532/2455/1109 1507/2390/1056 1605/2393/1058 1585/2456/1110
f 1909/2461/1074 1501/2457/1111 1560/2458/1112 1910/2462/1114
f 1499/2463/1074 1520/2464/1074 1566/2465/1115 1615/2466/1116
f 1525/2434/1056 1505/2439/1095 1588/2440/1096 1600/2435/1092
f 1534/2448/1102 1533/2406/1068 1552/2409/1071 1554/2449/1103
f 1519/2414/1074 1499/2463/1074 1615/2466/1116 1603/2415/1075
f 865/2467/9 1154/2468/9 1478/2469/9 1496/2470/9
f 811/2471/734 862/2472/1 1481/2473/1117 1485/2474/1118
f 1001/2475/850 1002/2476/849 1458/2477/1119 1473/2478/1120
f 1149/2479/9 865/2467/9 1496/2470/9 1459/2480/9
f 816/2481/770 815/2482/737 1495/2483/737 1464/2484/770
f 999/2485/851 1000/2486/852 1483/2487/1121 1494/2488/1122
f 1047/2489/17 1052/2490/17 1474/2491/1123 1493/2492/1123
f 815/2482/737 814/2493/736 1492/2494/1124 1495/2483/737
f 998/2495/814 999/2485/851 1494/2488/1122 1491/2496/1125
f 1042/2497/17 1047/2489/17 1493/2492/1123 1490/2498/1123
f 814/2493/736 813/2499/735 1489/2500/1126 1492/2494/1124
f 997/2501/813 998/2495/814 1491/2496/1125 1488/2502/1127
f 1037/2503/17 1042/2497/17 1490/2498/1123 1487/2504/1123
f 813/2499/735 812/2505/772 1486/2506/1128 1489/2500/1126
f 996/2507/812 997/2501/813 1488/2502/1127 1484/2508/812
f 1033/2509/17 1037/2503/17 1487/2504/1123 1482/2510/1123
f 812/2505/772 811/2471/734 1485/2474/1118 1486/2506/1128
f 995/2511/848 996/2507/812 1484/2508/812 1477/2512/848
f 1000/2486/852 1033/2509/17 1482/2510/1123 1483/2487/1121
f 810/2513/774 809/2514/773 1480/2515/1129 1467/2516/1130
f 862/2472/1 857/2517/1 1479/2518/1117 1481/2473/1117
f 1917/2519/25 1261/2520/25 1462/2521/25 1918/2522/25
f 809/2514/773 808/2523/731 1476/2524/1131 1480/2515/1129
f 857/2517/1 852/2525/1 1475/2526/1117 1479/2518/1117
f 1883/2527/9 995/2511/848 1477/2512/848 1884/2528/9
f 808/2523/731 807/2529/730 1472/2530/1132 1476/2524/1131
f 852/2525/1 847/2531/1 1471/2532/1117 1475/2526/1117
f 1052/2490/17 1001/2475/850 1473/2478/1120 1474/2491/1123
f 807/2529/730 806/2533/729 1469/2534/729 1472/2530/1132
f 847/2531/1 843/2535/1 1468/2536/1117 1471/2532/1117
f 1005/2537/819 1006/2538/847 1470/2539/847 1466/2540/819
f 806/2533/729 805/2541/771 1460/2542/771 1469/2534/729
f 843/2535/1 810/2513/774 1467/2516/1130 1468/2536/1117
f 1004/2543/818 1005/2537/819 1466/2540/819 1463/2544/1133
f 866/2545/25 1268/2546/25 1465/2547/25 1461/2548/25
f 1907/2549/25 816/2481/770 1464/2484/770 1908/2550/25
f 1003/2551/817 1004/2543/818 1463/2544/1133 1457/2552/1134
f 1261/2520/25 866/2545/25 1461/2548/25 1462/2521/25
f 1861/2553/9 1149/2479/9 1459/2480/9 1862/2554/9
f 1002/2476/849 1003/2551/817 1457/2552/1134 1458/2477/1119
f 1496/2470/1135 1478/2469/1135 1528/2459/1135 1516/2437/1135
f 1485/2474/1118 1481/2473/1117 1531/2396/1136 1509/2407/1137
f 1473/2478/1120 1458/2477/1119 1517/2421/1138 1505/2439/1139
f 1459/2480/1135 1496/2470/1135 1516/2437/1135 1498/2383/1135
f 1464/2484/1140 1495/2483/1141 1536/2453/1142 1501/2457/1143
f 1494/2488/1122 1483/2487/1121 1532/2455/1144 1515/2451/1145
f 1493/2492/1123 1474/2491/1123 1525/2434/1146 1514/2433/1146
f 1495/2483/1141 1492/2494/1124 1535/2447/1147 1536/2453/1142
f 1491/2496/1125 1494/2488/1122 1515/2451/1145 1513/2445/1148
f 1490/2498/1123 1493/2492/1123 1514/2433/1146 1512/2443/1146
f 1492/2494/1124 1489/2500/1126 1534/2448/1149 1535/2447/1147
f 1488/2502/1127 1491/2496/1125 1513/2445/1148 1511/2426/1150
f 1487/2504/1123 1490/2498/1123 1512/2443/1146 1510/2391/1146
f 1489/2500/1126 1486/2506/1128 1533/2406/1151 1534/2448/1149
f 1484/2508/1152 1488/2502/1127 1511/2426/1150 1508/2425/1153
f 1482/2510/1123 1487/2504/1123 1510/2391/1146 1507/2390/1146
f 1486/2506/1128 1485/2474/1118 1509/2407/1137 1533/2406/1151
f 1477/2512/1154 1484/2508/1152 1508/2425/1153 1506/2429/1155
f 1483/2487/1121 1482/2510/1123 1507/2390/1146 1532/2455/1144
f 1467/2516/1130 1480/2515/1129 1530/2423/1156 1503/2431/1157
f 1481/2473/1117 1479/2518/1117 1529/2397/1136 1531/2396/1136
f 1918/2522/1158 1462/2521/1158 1519/2414/1158 1919/2413/1158
f 1480/2515/1129 1476/2524/1131 1527/2419/1159 1530/2423/1156
f 1479/2518/1117 1475/2526/1117 1526/2417/1136 1529/2397/1136
f 1884/2528/1135 1477/2512/1154 1506/2429/1155 1885/2441/1135
f 1476/2524/1131 1472/2530/1132 1524/2386/1160 1527/2419/1159
f 1475/2526/1117 1471/2532/1117 1523/2400/1136 1526/2417/1136
f 1474/2491/1123 1473/2478/1120 1505/2439/1139 1525/2434/1146
f 1472/2530/1132 1469/2534/1161 1522/2387/1162 1524/2386/1160
f 1471/2532/1117 1468/2536/1117 1521/2401/1136 1523/2400/1136
f 1466/2540/1163 1470/2539/1164 1504/2404/1165 1502/2394/1166
f 1469/2534/1161 1460/2542/1167 1518/2555/1168 1522/2387/1162
f 1468/2536/1117 1467/2516/1130 1503/2431/1157 1521/2401/1136
f 1463/2544/1133 1466/2540/1163 1502/2394/1166 1500/1289/1169
f 1461/2548/1158 1465/2547/1158 1520/2464/1158 1499/2463/1158
f 1908/2550/1158 1464/2484/1140 1501/2457/1143 1909/2461/1158
f 1457/2552/1134 1463/2544/1133 1500/1289/1169 1497/1288/1170
f 1462/2521/1158 1461/2548/1158 1499/2463/1158 1519/2414/1158
f 1862/2554/1135 1459/2480/1135 1498/2383/1135 1863/2382/1135
f 1458/2477/1119 1457/2552/1134 1497/1288/1170 1517/2421/1138
f 1538/2556/1171 1539/2557/1072 1540/2388/1054 1537/2558/1172
f 1539/2557/1072 1541/2559/1073 1542/2389/1055 1540/2388/1054
f 1541/2559/1073 1543/2560/1173 1544/2420/1079 1542/2389/1055
f 1543/2560/1173 1545/2561/1174 1546/2424/1083 1544/2420/1079
f 1545/2561/1174 1547/2562/1175 1548/2432/1091 1546/2424/1083
f 1550/2563/1176 1551/2564/1177 1552/2409/1071 1549/2408/1070
f 1551/2564/1177 1553/2565/1178 1554/2449/1103 1552/2409/1071
f 1553/2565/1178 1555/2566/1179 1556/2450/1104 1554/2449/1103
f 1555/2566/1179 1557/2567/1180 1558/2454/1108 1556/2450/1104
f 1557/2567/1180 1559/2568/1181 1560/2458/1112 1558/2454/1108
f 1562/2569/1182 1550/2563/1176 1549/2408/1070 1561/2399/1063
f 1864/2570/1183 1538/2556/1171 1537/2558/1172 1865/2385/1051
f 1910/2462/1114 1560/2458/1112 1559/2568/1181 1911/2571/1184
f 1547/2562/1175 1567/2572/1185 1568/2402/1064 1548/2432/1091
f 1567/2572/1185 1569/2573/1186 1570/2403/1065 1568/2402/1064
f 1569/2573/1186 1571/2574/1187 1572/2418/1077 1570/2403/1065
f 1571/2574/1187 1573/2575/1188 1574/2398/1062 1572/2418/1077
f 1573/2575/1188 1562/2569/1182 1561/2399/1063 1574/2398/1062
f 1576/2430/1089 1577/2428/1087 1578/2576/1189 1575/2577/1190
f 1577/2428/1087 1579/2427/1086 1580/2578/1191 1578/2576/1189
f 1579/2427/1086 1581/2446/1100 1582/2579/1192 1580/2578/1191
f 1581/2446/1100 1583/2452/1106 1584/2580/1193 1582/2579/1192
f 1583/2452/1106 1585/2456/1110 1586/2581/1194 1584/2580/1193
f 1588/2440/1096 1589/2422/1081 1590/2582/1195 1587/2583/1196
f 1589/2422/1081 1591/1291/769 1592/2584/1197 1590/2582/1195
f 1591/1291/769 1593/1290/768 1594/2585/1198 1592/2584/1197
f 1593/1290/768 1595/2395/1060 1596/2586/1199 1594/2585/1198
f 1595/2395/1060 1597/2405/1067 1598/2587/1200 1596/2586/1199
f 1600/2435/1092 1588/2440/1096 1587/2583/1196 1599/2588/1201
f 1886/2442/1097 1576/2430/1089 1575/2577/1190 1887/2589/1202
f 1920/2590/1203 1598/2587/1200 1597/2405/1067 1921/2416/1076
f 1585/2456/1110 1605/2393/1058 1606/2591/1204 1586/2581/1194
f 1605/2393/1058 1607/2392/1057 1608/2592/1205 1606/2591/1204
f 1607/2392/1057 1609/2444/1098 1610/2593/1206 1608/2592/1205
f 1609/2444/1098 1611/2436/1093 1612/2594/1207 1610/2593/1206
f 1611/2436/1093 1600/2435/1092 1599/2588/1201 1612/2594/1207
f 1614/2595/1208 1564/2596/1209 1563/2384/1050 1613/2438/1094
f 1613/2438/1094 1602/2460/1113 1601/2597/1210 1614/2595/1208
f 1616/2598/1211 1604/2599/1212 1603/2415/1075 1615/2466/1116
f 1615/2466/1116 1566/2465/1115 1565/2600/1213 1616/2598/1211
f 1522/2387/1053 1518/2555/1214 1537/2558/1172 1540/2388/1054
f 1980/2601/9 1967/2602/9 1655/2603/9 1656/2604/9
f 1984/2605/9 1980/2601/9 1656/2604/9 1888/2606/9
f 1981/2607/9 1866/2608/9 1655/2603/9 1967/2602/9
f 1624/2609/772 2017/2610/772 2019/1246/735 1625/1245/735
f 1040/2611/17 1035/2612/17 2006/2613/17 2008/2614/17
f 1024/1647/25 1055/1646/25 1653/2615/25 1642/2616/25
f 2002/2617/850 2027/2618/849 990/2619/849 989/2620/850
f 2157/2621/25 1259/2622/25 2038/2623/25 2165/2624/25
f 1050/2625/17 1045/2626/17 2010/2627/17 2012/2628/17
f 1045/2626/17 1040/2611/17 2008/2614/17 2010/2627/17
f 1035/2612/17 1030/2629/17 2003/2630/17 2006/2613/17
f 1017/2631/17 1216/2632/17 1937/2633/17 1936/2634/17
f 1028/1667/819 1029/1666/820 1647/2635/820 1646/2636/819
f 1027/1668/818 1028/1667/819 1646/2636/819 1645/2637/818
f 1026/1669/817 1027/1668/818 1645/2637/818 1644/2638/817
f 1025/1670/849 1026/1669/817 1644/2638/817 1643/2639/849
f 1019/1671/850 1025/1670/849 1643/2639/849 1637/1731/850
f 1023/1571/815 1024/1570/816 1642/2640/816 1641/2641/815
f 1022/1676/814 1023/1571/815 1641/2641/815 1640/2642/814
f 1021/1677/813 1022/1676/814 1640/2642/814 1639/2643/813
f 1020/1678/812 1021/1677/813 1639/2643/813 1638/2644/812
f 1018/1679/811 1020/1678/812 1638/2644/812 1636/2645/811
f 1992/2646/1 1630/2647/1 1629/2648/1 1989/2649/1
f 834/1337/25 1623/2650/25 1634/2651/25 867/1338/25
f 840/1469/9 1990/2652/9 1999/2653/9 870/1470/9
f 989/2620/850 1050/2625/17 2012/2628/17 2002/2617/850
f 860/2654/1 1997/2655/1 1995/2656/1 855/2657/1
f 855/2657/1 1995/2656/1 1993/2658/1 850/2659/1
f 850/2659/1 1993/2658/1 1991/2660/1 845/2661/1
f 839/1351/1 1628/1253/1 1934/1256/1 1933/1352/1
f 838/1358/737 1627/1250/737 1628/1252/738 839/1359/738
f 837/1360/736 1626/1248/736 1627/1250/737 838/1358/737
f 836/1361/735 1625/1245/735 1626/1248/736 837/1360/736
f 835/1362/772 1624/2609/772 1625/1245/735 836/1361/735
f 829/1363/734 1618/1242/734 1624/2609/772 835/1362/772
f 833/1257/732 1622/2662/732 1623/2663/733 834/1258/733
f 832/1368/731 1621/2664/731 1622/2662/732 833/1257/732
f 831/1369/730 1620/2665/730 1621/2664/731 832/1368/731
f 830/1370/729 1619/2666/729 1620/2665/730 831/1369/730
f 828/1371/728 1617/2667/728 1619/2666/729 830/1370/729
f 1665/2668/1 1659/2669/1 1660/2670/1 1664/2671/1
f 1666/2672/1 1661/2673/1 1659/2669/1 1665/2668/1
f 1667/2674/1 1662/2675/1 1661/2673/1 1666/2672/1
f 1668/2676/1 1663/2677/1 1662/2675/1 1667/2674/1
f 1630/2678/481 1631/1400/481 1666/1403/481 1665/2679/481
f 849/2680/32 844/2681/32 1660/2682/32 1659/2683/32
f 864/2684/32 859/1372/32 1662/1375/32 1663/2685/32
f 1629/2686/481 1630/2678/481 1665/2679/481 1664/2687/481
f 1632/1401/481 1633/2688/481 1668/2689/481 1667/1402/481
f 854/1373/32 849/2680/32 1659/2683/32 1661/1374/32
f 1675/2690/17 1674/2691/17 1670/2692/17 1669/2693/17
f 1676/2694/17 1675/2690/17 1669/2693/17 1671/2695/17
f 1677/2696/17 1676/2694/17 1671/2695/17 1672/2697/17
f 1678/2698/17 1677/2696/17 1672/2697/17 1673/2699/17
f 1651/1704/481 1650/2700/481 1676/2701/481 1677/1705/481
f 1648/2702/9 1034/2703/9 1670/2704/9 1674/2705/9
f 1034/2706/32 1039/1709/32 1669/1710/32 1670/2707/32
f 1054/2708/25 1652/2709/25 1678/2710/25 1673/2711/25
f 1650/2700/481 1649/1725/481 1675/1728/481 1676/2701/481
f 1049/1681/32 1054/2712/32 1673/2713/32 1672/1682/32
f 1880/2714/9 1889/2715/9 1696/2716/9 1153/2717/9
f 978/2718/850 1682/2719/850 1695/2720/17 1051/2721/17
f 1051/2721/17 1695/2720/17 1694/2722/17 1046/2723/17
f 1046/2723/17 1694/2722/17 1693/2724/17 1041/2725/17
f 1041/2725/17 1693/2724/17 1692/2726/17 1036/2727/17
f 1036/2727/17 1692/2726/17 1691/2728/17 1032/2729/17
f 1032/2729/17 1691/2728/17 1690/2730/852 965/2731/852
f 977/2732/847 1679/2733/847 1689/2734/819 979/2735/819
f 965/2731/852 1690/2730/852 1688/2736/851 967/2737/851
f 979/2735/819 1689/2734/819 1687/2738/818 980/2739/818
f 967/2737/851 1688/2736/851 1686/2740/814 968/2741/814
f 980/2739/818 1687/2738/818 1685/2742/817 981/2743/817
f 968/2741/814 1686/2740/814 1684/2744/813 969/2745/813
f 981/2743/817 1685/2742/817 1683/2746/849 982/2747/849
f 969/2745/813 1684/2744/813 1681/2748/812 970/2749/812
f 982/2747/849 1683/2746/849 1682/2719/850 978/2718/850
f 970/2749/812 1681/2748/812 1680/2750/848 966/2751/848
f 1914/2752/25 1923/2753/25 1679/2733/847 977/2732/847
f 1889/2715/9 1890/1849/9 1715/1852/9 1696/2716/9
f 1682/2719/850 1700/1611/850 1705/1722/17 1695/2720/17
f 1695/2720/17 1705/1722/17 1704/1713/17 1694/2722/17
f 1694/2722/17 1704/1713/17 1703/1698/17 1693/2724/17
f 1693/2724/17 1703/1698/17 1702/1688/17 1692/2726/17
f 1692/2726/17 1702/1688/17 1701/1626/17 1691/2728/17
f 1691/2728/17 1701/1626/17 1714/1624/852 1690/2730/852
f 1679/2733/847 1698/1603/847 1713/1622/819 1689/2734/819
f 1690/2730/852 1714/1624/852 1712/1620/851 1688/2736/851
f 1689/2734/819 1713/1622/819 1711/1618/818 1687/2738/818
f 1688/2736/851 1712/1620/851 1710/1616/814 1686/2740/814
f 1687/2738/818 1711/1618/818 1709/1614/817 1685/2742/817
f 1686/2740/814 1710/1616/814 1708/1612/813 1684/2744/813
f 1685/2742/817 1709/1614/817 1707/1608/849 1683/2746/849
f 1684/2744/813 1708/1612/813 1706/1604/812 1681/2748/812
f 1683/2746/849 1707/1608/849 1700/1611/850 1682/2719/850
f 1681/2748/812 1706/1604/812 1699/1607/848 1680/2750/848
f 1923/2753/25 1924/1600/25 1698/1603/847 1679/2733/847
f 1372/2754/32 1839/2755/32 1835/2756/32 1373/2757/32
f 1373/2757/32 1835/2756/32 1837/2758/32 1374/2759/32
f 1374/2759/32 1837/2758/32 1838/2760/32 1375/2761/32
f 1375/2761/32 1838/2760/32 1834/2762/32 1376/2763/32
f 1376/2763/32 1834/2762/32 1836/2764/32 1367/2765/32
f 1367/2765/32 1836/2764/32 1366/2766/32
f 1366/2766/32 1828/2767/32 1368/2768/32
f 1368/2768/32 1820/2769/32 1369/2770/32
f 1369/2770/32 1786/2771/32 1370/2772/32
f 1370/2772/32 1774/2773/32 1371/2774/32
f 1365/2775/32 1840/2776/32 1839/2755/32 1372/2754/32
f 1364/2777/32 1826/2778/32 1833/2779/32 1840/2776/32
f 1363/2780/32 1817/2781/32 1815/2782/32 1826/2778/32
f 1362/2783/32 1783/2784/32 1780/2785/32 1817/2781/32
f 1360/2786/989 1771/2177/32 1768/2787/32 1783/2784/32
f 1720/2788/32 1723/2789/32 1756/2790/32 1750/2791/32
f 1719/2792/32 1717/2793/32 1757/2794/32 1748/2795/32
f 1721/2796/32 1719/2792/32 1748/2795/32 1752/2797/32
f 1724/2798/32 1721/2796/32 1752/2797/32 1759/2799/32
f 1728/2800/32 1725/2801/32 1747/2802/32 1753/2803/32
f 1727/2804/32 1724/2798/32 1759/2799/32 1751/2805/32
f 1718/2806/32 1720/2788/32 1750/2791/32 1760/2807/32
f 1729/2808/32 1727/2804/32 1751/2805/32 1755/2809/32
f 1723/2789/32 1726/2810/32 1749/2811/32 1756/2790/32
f 1725/2801/32 1722/2812/32 1754/2813/32 1747/2802/32
f 1726/2810/32 1377/2814/32 1344/2815/980 1749/2811/32
f 1722/2812/32 1731/2816/32 1761/2817/32 1754/2813/32
f 1342/2818/32 1729/2808/32 1755/2809/32 1354/2819/32
f 1731/2816/32 1718/2806/32 1760/2807/32 1761/2817/32
f 1730/2820/32 1728/2800/32 1753/2803/32 1758/2821/32
f 1717/2793/32 1730/2820/32 1758/2821/32 1757/2794/32
f 2403/2822/32 2406/2823/32 1723/2789/32 1720/2788/32
f 2402/2824/32 2400/2825/32 1717/2793/32 1719/2792/32
f 2404/2826/32 2402/2824/32 1719/2792/32 1721/2796/32
f 2407/2827/32 2404/2826/32 1721/2796/32 1724/2798/32
f 2411/2828/32 2408/2829/32 1725/2801/32 1728/2800/32
f 2410/2830/32 2407/2827/32 1724/2798/32 1727/2804/32
f 2401/2831/32 2403/2822/32 1720/2788/32 1718/2806/32
f 2412/2832/32 2410/2830/32 1727/2804/32 1729/2808/32
f 2406/2823/32 2409/2833/32 1726/2810/32 1723/2789/32
f 2408/2829/32 2405/2834/32 1722/2812/32 1725/2801/32
f 2409/2833/32 2397/2835/32 1377/2814/32 1726/2810/32
f 2405/2834/32 2414/2836/32 1731/2816/32 1722/2812/32
f 2396/2837/32 2412/2832/32 1729/2808/32 1342/2818/32
f 2414/2836/32 2401/2831/32 1718/2806/32 1731/2816/32
f 2413/2838/32 2411/2828/32 1728/2800/32 1730/2820/32
f 2400/2825/32 2413/2838/32 1730/2820/32 1717/2793/32
f 1757/2794/32 1758/2821/32 1792/2839/32 1790/2840/32
f 1760/2807/32 1750/2791/32 1802/2841/32 1797/2842/32
f 1755/2809/32 1751/2805/32 1791/2843/32 1353/2844/32
f 1749/2811/32 1344/2815/980 1343/2845/979
f 1756/2790/32 1749/2811/32 1343/2845/979 1801/2846/32
f 1354/2819/32 1755/2809/32 1353/2844/32
f 1747/2802/32 1754/2813/32 1798/2847/32 1796/2848/32
f 1750/2791/32 1756/2790/32 1801/2846/32 1802/2841/32
f 1758/2821/32 1753/2803/32 1795/2849/32 1792/2839/32
f 1748/2795/32 1757/2794/32 1790/2840/32 1799/2850/32
f 1754/2813/32 1761/2817/32 1800/2851/32 1798/2847/32
f 1752/2797/32 1748/2795/32 1799/2850/32 1793/2852/32
f 1759/2799/32 1752/2797/32 1793/2852/32 1794/2853/32
f 1761/2817/32 1760/2807/32 1797/2842/32 1800/2851/32
f 1753/2803/32 1747/2802/32 1796/2848/32 1795/2849/32
f 1751/2805/32 1759/2799/32 1794/2853/32 1791/2843/32
f 1765/2854/32 1768/2787/32 1738/2855/32 1735/2856/32
f 1764/2857/32 1762/2858/32 1732/2859/32 1734/2860/32
f 1766/2861/32 1764/2857/32 1734/2860/32 1736/2862/32
f 1769/2863/32 1766/2861/32 1736/2862/32 1739/2864/32
f 1773/2865/32 1770/2866/32 1740/2867/32 1743/2868/32
f 1772/2869/32 1769/2863/32 1739/2864/32 1742/2870/32
f 1763/2871/32 1765/2854/32 1735/2856/32 1733/2872/32
f 1774/2773/32 1772/2869/32 1742/2870/32 1744/2873/32
f 1768/2787/32 1771/2177/32 1741/2176/32 1738/2855/32
f 1770/2866/32 1767/2874/32 1737/2875/32 1740/2867/32
f 1771/2177/32 1360/2786/989 1361/2174/968
f 1767/2874/32 1776/2876/32 1746/2877/32 1737/2875/32
f 1371/2774/32 1774/2773/32 1744/2873/32 1341/2878/32
f 1776/2876/32 1763/2871/32 1733/2872/32 1746/2877/32
f 1775/2879/32 1773/2865/32 1743/2868/32 1745/2880/32
f 1762/2858/32 1775/2879/32 1745/2880/32 1732/2859/32
f 1780/2785/32 1783/2784/32 1768/2787/32 1765/2854/32
f 1779/2881/32 1777/2882/32 1762/2858/32 1764/2857/32
f 1783/2784/32 1362/2783/32 1360/2786/989
f 1784/2883/32 1781/2884/32 1766/2861/32 1769/2863/32
f 1787/2885/32 1785/2886/32 1770/2866/32 1773/2865/32
f 1786/2771/32 1784/2883/32 1769/2863/32 1772/2869/32
f 1778/2887/32 1780/2785/32 1765/2854/32 1763/2871/32
f 1370/2772/32 1786/2771/32 1772/2869/32 1774/2773/32
f 1781/2884/32 1779/2881/32 1764/2857/32 1766/2861/32
f 1785/2886/32 1782/2888/32 1767/2874/32 1770/2866/32
f 1782/2888/32 1789/2889/32 1776/2876/32 1767/2874/32
f 1789/2889/32 1778/2887/32 1763/2871/32 1776/2876/32
f 1788/2890/32 1787/2885/32 1773/2865/32 1775/2879/32
f 1777/2882/32 1788/2890/32 1775/2879/32 1762/2858/32
f 1793/2852/32 1799/2850/32 1810/2891/32 1811/2892/32
f 1353/2844/32 1791/2843/32 1352/2893/32
f 1794/2853/32 1793/2852/32 1811/2892/32 1813/2894/32
f 1800/2851/32 1797/2842/32 1807/2895/32 1812/2896/32
f 1801/2846/32 1343/2845/979 1345/2897/32
f 1795/2849/32 1796/2848/32 1805/2898/32 1803/2899/32
f 1791/2843/32 1794/2853/32 1813/2894/32 1352/2893/32
f 1796/2848/32 1798/2847/32 1808/2900/32 1805/2898/32
f 1802/2841/32 1801/2846/32 1345/2897/32 1804/2901/32
f 1792/2839/32 1795/2849/32 1803/2899/32 1809/2902/32
f 1798/2847/32 1800/2851/32 1812/2896/32 1808/2900/32
f 1799/2850/32 1790/2840/32 1806/2903/32 1810/2891/32
f 1790/2840/32 1792/2839/32 1809/2902/32 1806/2903/32
f 1797/2842/32 1802/2841/32 1804/2901/32 1807/2895/32
f 1808/2900/32 1812/2896/32 1849/2904/32 1843/2905/32
f 1810/2891/32 1806/2903/32 1841/2906/32 1846/2907/32
f 1813/2894/32 1811/2892/32 1847/2908/32 1351/2909/32
f 1812/2896/32 1807/2895/32 1842/2910/32 1849/2904/32
f 1806/2903/32 1809/2902/32 1844/2911/32 1841/2906/32
f 1807/2895/32 1804/2901/32 1346/2912/32 1842/2910/32
f 1803/2899/32 1805/2898/32 1848/2913/32 1845/2914/32
f 1352/2893/32 1813/2894/32 1351/2909/32
f 1805/2898/32 1808/2900/32 1843/2905/32 1848/2913/32
f 1804/2901/32 1345/2897/32 1346/2912/32
f 1809/2902/32 1803/2899/32 1845/2914/32 1844/2911/32
f 1811/2892/32 1810/2891/32 1846/2907/32 1847/2908/32
f 1817/2781/32 1363/2780/32 1362/2783/32
f 1816/2915/32 1814/2916/32 1777/2882/32 1779/2881/32
f 1818/2917/32 1816/2915/32 1779/2881/32 1781/2884/32
f 1820/2769/32 1818/2917/32 1781/2884/32 1784/2883/32
f 1822/2918/32 1821/2919/32 1785/2886/32 1787/2885/32
f 1369/2770/32 1820/2769/32 1784/2883/32 1786/2771/32
f 1815/2782/32 1817/2781/32 1780/2785/32 1778/2887/32
f 1821/2919/32 1819/2920/32 1782/2888/32 1785/2886/32
f 1819/2920/32 1824/2921/32 1789/2889/32 1782/2888/32
f 1824/2921/32 1815/2782/32 1778/2887/32 1789/2889/32
f 1823/2922/32 1822/2918/32 1787/2885/32 1788/2890/32
f 1814/2916/32 1823/2922/32 1788/2890/32 1777/2882/32
f 1827/2923/32 1825/2924/32 1814/2916/32 1816/2915/32
f 1828/2767/32 1827/2923/32 1816/2915/32 1818/2917/32
f 1368/2768/32 1828/2767/32 1818/2917/32 1820/2769/32
f 1831/2925/32 1830/2926/32 1821/2919/32 1822/2918/32
f 1826/2778/32 1364/2777/32 1363/2780/32
f 1830/2926/32 1829/2927/32 1819/2920/32 1821/2919/32
f 1829/2927/32 1833/2779/32 1824/2921/32 1819/2920/32
f 1833/2779/32 1826/2778/32 1815/2782/32 1824/2921/32
f 1832/2928/32 1831/2925/32 1822/2918/32 1823/2922/32
f 1825/2924/32 1832/2928/32 1823/2922/32 1814/2916/32
f 1836/2764/32 1834/2762/32 1825/2924/32 1827/2923/32
f 1835/2756/32 1839/2755/32 1829/2927/32 1830/2926/32
f 1366/2766/32 1836/2764/32 1827/2923/32 1828/2767/32
f 1839/2755/32 1840/2776/32 1833/2779/32 1829/2927/32
f 1840/2776/32 1365/2775/32 1364/2777/32
f 1838/2760/32 1837/2758/32 1831/2925/32 1832/2928/32
f 1837/2758/32 1835/2756/32 1830/2926/32 1831/2925/32
f 1834/2762/32 1838/2760/32 1832/2928/32 1825/2924/32
f 1845/2914/32 1848/2913/32 1852/2929/32 1853/2930/32
f 1848/2913/32 1843/2905/32 1856/2931/32 1852/2929/32
f 1843/2905/32 1849/2904/32 1854/2932/32 1856/2931/32
f 1844/2911/32 1845/2914/32 1853/2930/32 1850/2933/32
f 1847/2908/32 1846/2907/32 1855/2934/32 1349/2935/32
f 1351/2909/32 1847/2908/32 1349/2935/32
f 1849/2904/32 1842/2910/32 1347/2936/32 1854/2932/32
f 1846/2907/32 1841/2906/32 1851/2937/32 1855/2934/32
f 1841/2906/32 1844/2911/32 1850/2933/32 1851/2937/32
f 1842/2910/32 1346/2912/32 1347/2936/32
f 1853/2930/32 1852/2929/32 1356/2938/32 1357/2939/32
f 1852/2929/32 1856/2931/32 1355/2940/32 1356/2938/32
f 1854/2932/32 1347/2936/32 1348/2941/32
f 1856/2931/32 1854/2932/32 1348/2941/32 1355/2940/32
f 1855/2934/32 1851/2937/32 1359/2942/32 1350/2943/32
f 1850/2933/32 1853/2930/32 1357/2939/32 1358/2944/32
f 1851/2937/32 1850/2933/32 1358/2944/32 1359/2942/32
f 1349/2935/32 1855/2934/32 1350/2943/32
f 1857/2945/481 793/2946/481 1870/2947/481 1871/2948/481
f 1564/2596/1209 1864/2570/1183 1865/2385/1051 1563/2384/1050
f 1460/2542/1167 1862/2554/1135 1863/2382/1135 1518/2555/1168
f 805/2541/771 1861/2553/9 1862/2554/9 1460/2542/771
f 1518/2555/1214 1863/2382/1049 1865/2385/1051 1537/2558/1172
f 1149/2375/481 1861/2320/481 1859/2321/481 1430/2376/481
f 1868/1864/880 1860/2949/1215 1876/2950/1215 1875/1865/880
f 2190/1297/771 2199/1830/9 1859/1832/9 1417/1298/771
f 1148/1439/765 1858/1286/765 1857/1287/765 1147/1436/765
f 1874/2951/9 1873/2952/9 1875/2953/9 1876/2954/9
f 1868/1864/9 1161/1868/9 1160/2955/9
f 1867/1863/9 1204/1841/9 1162/2956/9
f 1873/2952/9 1872/2957/9 1878/2958/9 1875/2953/9
f 1982/2959/9 1869/2960/9 1877/2961/9 1983/2962/9
f 1869/2960/9 1874/2951/9 1876/2954/9 1877/2961/9
f 1188/2963/32 1867/2964/32 1878/2965/32 1872/2966/32
f 817/1441/1 1188/2967/1 1872/2968/1 1873/1442/1
f 1860/2949/1215 1866/2969/17 1877/2970/17 1876/2950/1215
f 1617/2971/1 828/1440/1 1874/1443/1 1869/2972/1
f 2098/2973/17 1857/2974/17 1871/2975/17 2100/2976/17
f 1965/2977/1 1617/2971/1 1869/2972/1 1982/2978/1
f 1680/2750/848 1699/1607/848 1890/1849/9 1889/2715/9
f 966/2751/848 1680/2750/848 1889/2715/9 1880/2714/9
f 1007/1739/17 1018/2979/17 1898/2980/17 1897/1740/17
f 1602/2460/1113 1886/2442/1097 1887/2589/1202 1601/2597/1210
f 1478/2469/1135 1884/2528/1135 1885/2441/1135 1528/2459/1135
f 1154/2468/9 1883/2527/9 1884/2528/9 1478/2469/9
f 1528/2459/1049 1885/2441/1049 1886/2442/1097 1602/2460/1113
f 995/2335/481 1883/2360/481 1881/2363/481 1436/2336/481
f 1018/2979/17 1636/2981/17 1893/2982/17 1898/2980/17
f 1699/1607/848 1436/1606/848 1881/1850/9 1890/1849/9
f 1153/1438/765 1152/1437/765 1879/1599/765 1880/1598/765
f 1898/2983/9 1901/2984/9 1899/2985/9 1897/2986/9
f 1892/2987/9 1170/1872/9 1169/2988/9
f 1882/2989/9 1156/2990/9 1167/2991/9
f 1897/2986/9 1899/2985/9 1902/2992/9 1896/2993/9
f 1985/2994/9 1986/2995/9 1900/2996/9 1893/2997/9
f 1893/2997/9 1900/2996/9 1901/2984/9 1898/2983/9
f 1984/2998/1 1888/1853/1 1900/1856/1 1986/2999/1
f 2096/3000/17 983/3001/17 1894/3002/17 2101/3003/17
f 1892/2987/1216 1891/3004/1217 1902/3005/1217 1899/3006/1216
f 1882/1854/877 1892/2987/1216 1899/3006/1216 1901/1855/877
f 983/3007/481 1879/3008/481 1895/3009/481 1894/3010/481
f 1891/3011/32 1206/3012/32 1896/3013/32 1902/3014/32
f 1266/3015/25 2015/3016/25 2039/3017/25 1903/3018/25
f 1566/2465/1115 1910/2462/1114 1911/2571/1184 1565/2600/1213
f 1465/2547/1158 1908/2550/1158 1909/2461/1158 1520/2464/1158
f 1268/2546/25 1907/2549/25 1908/2550/25 1465/2547/25
f 1520/2464/1074 1909/2461/1074 1910/2462/1114 1566/2465/1115
f 816/2316/481 1907/2322/481 1905/2325/481 1428/2317/481
f 787/1282/762 1904/2049/963 1903/2052/963 804/1283/763
f 1922/3019/17 1916/3020/17 1956/3021/17 1953/3022/17
f 2198/3023/25 2200/1292/25 1905/1295/25 1431/3024/25
f 1697/3025/25 1716/3026/25 1924/1600/25 1923/2753/25
f 1260/3027/25 1697/3025/25 1923/2753/25 1914/2752/25
f 1259/2622/25 1913/3028/25 2042/3029/25 2038/2623/25
f 1604/2599/1212 1920/2590/1203 1921/2416/1076 1603/2415/1075
f 1470/2539/1164 1918/2522/1158 1919/2413/1158 1504/2404/1165
f 1006/2538/847 1917/2519/25 1918/2522/25 1470/2539/847
f 1504/2404/1066 1919/2413/1074 1921/2416/1076 1597/2405/1067
f 1261/2379/481 1917/2364/481 1915/2365/481 1450/2380/481
f 977/1595/845 994/1594/844 1913/2038/963 1914/2037/963
f 1912/3030/481 1658/3031/481 1952/3032/481 1955/3033/481
f 1716/3026/25 1450/3034/25 1915/1601/25 1924/1600/25
f 804/3035/481 1903/3036/481 1931/3037/481 1932/3038/481
f 994/3039/17 2035/3040/17 2045/3041/17 1939/3042/17
f 1925/1659/855 1926/3043/1218 1946/3044/1218 1943/1660/855
f 1029/3045/17 1017/2631/17 1936/2634/17 1940/3046/17
f 1944/3047/25 1935/3048/25 1933/3049/25 1934/3050/25
f 1945/3051/25 1941/3052/25 1940/3053/25 1942/3054/25
f 1938/3055/25 1939/3056/25 2045/3057/25 2049/3058/25
f 1931/3059/25 2048/3060/25 2043/3061/25 1932/3062/25
f 1943/3063/25 1946/3064/25 1930/3065/25 1929/3066/25
f 1935/3048/25 1943/3063/25 1929/3066/25 1933/3049/25
f 1947/3067/25 1948/3068/25 1936/3069/25 1937/3070/25
f 1948/3068/25 1942/3071/25 1940/3072/25 1936/3069/25
f 1216/3073/32 1927/3074/32 1947/3075/32 1937/3076/32
f 1912/3077/17 1906/1658/854 1935/1661/854 1944/3078/17
f 1922/3079/1 2041/3080/1 2050/3081/1 1945/3082/1
f 1643/3083/849 1644/1557/817 2030/1560/817 2028/3084/849
f 1916/3085/1219 1922/3086/1 1945/3087/1 1942/3088/1219
f 1198/3089/1 827/1350/1 1929/1353/1 1930/3090/1
f 2047/3091/25 1944/3047/25 1934/3050/25 2044/3092/25
f 1927/3093/1220 1928/3094/1 1948/3095/1 1947/3096/1220
f 1913/3097/481 994/3098/481 1939/3099/481 1938/3100/481
f 1928/3094/1 1916/3101/1219 1942/3102/1219 1948/3095/1
f 1647/3103/17 1029/3104/17 1940/3105/17 1941/3106/17
f 1926/3107/32 1198/3108/32 1930/3109/32 1946/3110/32
f 2163/3111/25 1949/3112/25 1950/3113/25 2162/3114/25
f 1952/3115/25 1951/3116/25 1954/3117/25 1955/3118/25
f 1949/3112/25 1953/3022/25 1956/3021/25 1950/3113/25
f 1657/3119/481 1922/3019/481 1953/3022/481 1949/3120/481
f 1906/3121/1 1912/3122/1 1955/3118/1 1954/3117/1
f 2161/3123/481 1657/3119/481 1949/3120/481 2163/3124/481
f 1916/3020/32 1262/3125/32 1950/3126/32 1956/3021/32
f 2159/3127/32 1269/1826/32 1951/1829/32 2162/3128/32
f 1963/3129/9 1957/3130/9 1958/3131/9 1962/3132/9
f 1964/1857/9 1961/3133/9 1960/3134/9 1959/1858/9
f 1961/3133/9 1962/3132/9 1958/3131/9 1960/3134/9
f 1860/3135/32 1151/2090/32 1958/2093/32 1957/3136/32
f 1655/3137/481 1866/3138/481 1963/3139/481 1962/3140/481
f 1156/2091/32 1882/3141/32 1959/3142/32 1960/2092/32
f 1656/1838/481 1655/3137/481 1962/3140/481 1961/1839/481
f 1866/3143/1 1860/3144/1 1957/3130/1 1963/3129/1
f 2042/3145/1 1913/3146/1 1938/3147/1 2049/3148/1
f 2026/3149/1 804/3150/1 1932/3151/1 2043/3152/1
f 2040/3153/17 1912/3077/17 1944/3078/17 2047/3154/17
f 2050/3155/25 2046/3156/25 1941/3157/25 1945/3158/25
f 2037/3159/25 2041/3160/25 1922/3161/25 1657/3162/25
f 1903/3163/17 2039/3164/17 2048/3165/17 1931/3166/17
f 2164/3167/25 2037/3159/25 1657/3162/25 2161/3168/25
f 1989/3169/9 1629/1461/9 1635/1462/9 2000/3170/9
f 1994/3171/1 1631/3172/1 1630/2647/1 1992/2646/1
f 1996/3173/1 1632/3174/1 1631/3172/1 1994/3171/1
f 1998/1244/1 1633/1243/1 1632/3174/1 1996/3173/1
f 1618/1242/734 1988/1241/734 2017/2610/772 1624/2609/772
f 845/2661/1 1991/2660/1 1990/3175/1 840/3176/1
f 2004/3177/9 2013/3178/9 1654/1755/9 1648/1754/9
f 2007/3179/17 2005/3180/17 1649/3181/17 1650/3182/17
f 2009/3183/17 2007/3179/17 1650/3182/17 1651/3184/17
f 2011/3185/17 2009/3183/17 1651/3184/17 1652/3186/17
f 1637/3187/850 1643/3083/849 2028/3084/849 2001/3188/850
f 2005/3180/17 2004/3189/17 1648/3190/17 1649/3181/17
f 2016/3191/25 1658/3192/25 1912/3193/25 2040/3194/25
f 2033/3195/819 2035/3196/820 994/3197/820 993/3198/819
f 2031/3199/818 2033/3195/819 993/3198/819 992/3200/818
f 2029/3201/817 2031/3199/818 992/3200/818 991/3202/817
f 2027/2618/849 2029/3201/817 991/3202/817 990/2619/849
f 2001/3188/850 2011/3185/17 1652/3186/17 1637/3187/850
f 2024/3203/737 803/3204/737 804/3205/738 2026/3206/738
f 2022/3207/736 802/3208/736 803/3204/737 2024/3203/737
f 2020/3209/735 801/3210/735 802/3208/736 2022/3207/736
f 2018/3211/772 800/3212/772 801/3210/735 2020/3209/735
f 1987/3213/734 799/3214/734 800/3212/772 2018/3211/772
f 1636/2981/17 1966/3215/17 1985/3216/17 1893/2982/17
f 2115/3217/1 1984/3218/1 1986/3219/1 2116/3220/1
f 2101/3221/9 2116/3222/9 1986/3223/9 1985/3224/9
f 2095/3225/1 1965/3226/1 1982/3227/1 2099/3228/1
f 1866/2969/17 1981/3229/17 1983/3230/17 1877/2970/17
f 2099/3231/9 1982/3232/9 1983/3233/9 2100/3234/9
f 1984/3235/17 2115/3236/17 2143/3237/17 2144/3238/17
f 2115/3236/481 2114/3239/481 2141/3240/481 2143/3237/481
f 2098/3241/1 1981/3242/1 2145/3243/1 2148/3244/1
f 1642/2616/25 1653/2615/25 1979/3245/25 1978/3246/25
f 1641/2641/815 1642/2640/816 1978/3247/816 1977/3248/815
f 1640/2642/814 1641/2641/815 1977/3248/815 1976/3249/814
f 1639/2643/813 1640/2642/814 1976/3249/814 1975/3250/813
f 1638/2644/812 1639/2643/813 1975/3250/813 1974/3251/812
f 1636/2645/811 1638/2644/812 1974/3251/812 1966/3252/811
f 1623/2650/25 1972/3253/25 1973/3254/25 1634/2651/25
f 1622/2662/732 1971/3255/732 1972/3256/733 1623/2663/733
f 1621/2664/731 1970/3257/731 1971/3255/732 1622/2662/732
f 1620/2665/730 1969/3258/730 1970/3257/731 1621/2664/731
f 1619/2666/729 1968/3259/729 1969/3258/730 1620/2665/730
f 1617/2667/728 1965/3260/728 1968/3259/729 1619/2666/729
f 2042/3261/1 2049/3262/1 2050/3263/1 2041/3264/1
f 2026/3265/1 2043/3266/1 2044/3267/1 2025/3268/1
f 2040/3269/17 2047/3270/17 2048/3271/17 2039/3272/17
f 2047/3273/25 2044/3274/25 2043/3275/25 2048/3276/25
f 2046/3277/25 2050/3278/25 2049/3279/25 2045/3280/25
f 2036/3281/17 2046/3282/17 2045/3283/17 2035/3284/17
f 2040/3285/1 2039/3286/1 2151/3287/1 2152/3288/1
f 2165/3289/481 2038/3290/481 2154/3291/481 2167/3292/481
f 1988/3293/32 1998/3294/32 2082/3295/32 2084/3296/32
f 1991/3297/481 1993/3298/481 2077/3299/481 2073/3300/481
f 1994/3301/32 1992/3302/32 2074/3303/32 2078/3304/32
f 1995/3305/481 1997/3306/481 2081/3307/481 2079/3308/481
f 2018/3309/1221 2017/3310/1221 2085/3311/1221 2086/3312/1221
f 1989/3169/9 2000/3170/9 1999/2653/9 1990/2652/9
f 2027/3313/481 2002/3314/481 2062/3315/481 2063/3316/481
f 2006/3317/481 2003/3318/481 2051/3319/481 2054/3320/481
f 2009/3321/32 2011/3322/32 2059/3323/32 2057/3324/32
f 2010/3325/481 2008/3326/481 2056/3327/481 2058/3328/481
f 2028/3329/1222 2027/3330/1222 2063/3331/1222 2064/3332/1222
f 2013/3178/9 2004/3177/9 2003/1556/9 2014/1555/9
f 2039/3286/481 2015/3333/481 2155/3334/481 2151/3287/481
f 2036/3335/1223 2035/3336/1223 2071/3337/1223 2072/3338/1223
f 2034/3339/1224 2033/3340/1224 2069/3341/1224 2070/3342/1224
f 2030/3343/32 2032/3344/32 2068/3345/32 2066/3346/32
f 2004/3347/32 2005/3348/32 2053/3349/32 2052/3350/32
f 2025/3351/1225 2023/3352/1225 2091/3353/1225 2093/3354/1225
f 2022/3355/1226 2024/3356/1226 2092/3357/1226 2090/3358/1226
f 2020/3359/481 2022/3360/481 2090/3361/481 2088/3362/481
f 2019/3363/32 2017/3364/32 2085/3365/32 2087/3366/32
f 1998/3294/32 1996/3367/32 2080/3368/32 2082/3295/32
f 799/3214/734 1987/3213/734 1997/2655/1 860/2654/1
f 2052/3369/17 2053/3370/17 2054/3371/17 2051/3372/17
f 2053/3370/17 2055/3373/17 2056/3374/17 2054/3371/17
f 2055/3373/17 2057/3375/17 2058/3376/17 2056/3374/17
f 2057/3375/17 2059/3377/17 2060/3378/17 2058/3376/17
f 2059/3377/17 2061/3379/1227 2062/3380/1227 2060/3378/17
f 2063/3381/1228 2062/3380/1227 2061/3379/1227 2064/3382/1228
f 2005/3348/32 2007/3383/32 2055/3384/32 2053/3349/32
f 2001/3385/32 2028/3386/32 2064/3387/32 2061/3388/32
f 2012/3389/481 2010/3325/481 2058/3328/481 2060/3390/481
f 2011/3322/32 2001/3385/32 2061/3388/32 2059/3323/32
f 2008/3326/481 2006/3317/481 2054/3320/481 2056/3327/481
f 2007/3383/32 2009/3321/32 2057/3324/32 2055/3384/32
f 2003/3391/9 2004/3392/9 2052/3393/9 2051/3394/9
f 2002/3314/481 2012/3389/481 2060/3390/481 2062/3315/481
f 2065/3395/1229 2063/3396/1229 2064/3397/1229 2066/3398/1229
f 2028/3399/32 2030/3400/32 2066/3401/32 2064/3402/32
f 2029/3403/481 2027/3404/481 2063/3405/481 2065/3406/481
f 2030/3407/1230 2029/3408/1230 2065/3409/1230 2066/3410/1230
f 2067/3411/1231 2065/3412/1231 2066/3413/1231 2068/3414/1231
f 2031/3415/481 2029/3416/481 2065/3417/481 2067/3418/481
f 2032/3419/1232 2031/3420/1232 2067/3421/1232 2068/3422/1232
f 2069/3423/1233 2067/3424/1233 2068/3425/1233 2070/3426/1233
f 2032/3427/1234 2034/3428/1234 2070/3429/1234 2068/3430/1234
f 2033/3431/1235 2031/3432/1235 2067/3433/1235 2069/3434/1235
f 2071/3337/1236 2069/3435/1236 2070/3436/1236 2072/3338/1236
f 2034/3437/1237 2036/3335/1237 2072/3338/1237 2070/3438/1237
f 2035/3336/1238 2033/3439/1238 2069/3440/1238 2071/3337/1238
f 2074/3441/1 2075/3442/1 2076/3443/1 2073/3444/1
f 2078/3445/1 2074/3441/1 2073/3444/1 2077/3446/1
f 2080/3447/1 2078/3445/1 2077/3446/1 2079/3448/1
f 2082/3449/1 2080/3447/1 2079/3448/1 2081/3450/1
f 2084/3451/1239 2082/3449/1 2081/3450/1 2083/3452/1239
f 2083/3452/1239 2086/3453/1240 2085/3454/1240 2084/3451/1239
f 1987/3455/481 2018/3456/481 2086/3457/481 2083/3458/481
f 1997/3306/481 1987/3455/481 2083/3458/481 2081/3307/481
f 2017/3459/32 1988/3293/32 2084/3296/32 2085/3460/32
f 1996/3367/32 1994/3301/32 2078/3304/32 2080/3368/32
f 1992/3302/32 1989/3461/32 2075/3462/32 2074/3303/32
f 1993/3298/481 1995/3305/481 2079/3308/481 2077/3299/481
f 1989/3463/9 1990/3464/9 2076/3465/9 2075/3466/9
f 1990/3467/481 1991/3297/481 2073/3300/481 2076/3468/481
f 2086/3469/1241 2088/3470/1241 2087/3471/1241 2085/3472/1241
f 2018/3473/481 2020/3474/481 2088/3475/481 2086/3476/481
f 2020/3477/1242 2019/3478/1242 2087/3479/1242 2088/3480/1242
f 2088/3481/1243 2090/3482/1243 2089/3483/1243 2087/3484/1243
f 2022/3485/1244 2021/3486/1244 2089/3487/1244 2090/3488/1244
f 2021/3489/32 2019/3490/32 2087/3491/32 2089/3492/32
f 2090/3493/1245 2092/3494/1245 2091/3495/1245 2089/3496/1245
f 2024/3497/1246 2023/3498/1246 2091/3499/1246 2092/3500/1246
f 2023/3501/1247 2021/3502/1247 2089/3503/1247 2091/3504/1247
f 2092/3505/1248 2094/3506/1248 2093/3507/1248 2091/3508/1248
f 2026/3509/17 2025/3510/17 2093/3511/17 2094/3512/17
f 2024/3513/1249 2026/3509/1249 2094/3512/1249 2092/3514/1249
f 1152/3515/9 1147/3516/9 2097/3517/9 2114/3518/9
f 1879/3519/9 1152/3515/9 2114/3518/9 2115/3520/9
f 1857/3521/9 2098/3522/9 2097/3517/9 1147/3516/9
f 1870/3523/9 2099/3524/9 2100/3525/9 1871/3526/9
f 793/3527/1 2095/3528/1 2099/3529/1 1870/3530/1
f 1894/3531/9 1895/3532/9 2116/3533/9 2101/3534/9
f 1879/3535/1 2115/3536/1 2116/3537/1 1895/3538/1
f 1966/3539/17 2096/3540/17 2101/3541/17 1985/3542/17
f 1981/3543/17 2098/3544/17 2100/3545/17 1983/3546/17
f 1978/3246/25 1979/3245/25 2113/1747/25 2112/1746/25
f 1977/3547/1250 1978/3548/32 2134/3549/32 2132/3550/1251
f 2112/3551/481 2111/3552/1252 2131/3553/1253 2133/3554/481
f 2110/3555/1254 2109/3556/1254 2135/3557/1254 2129/3558/1254
f 1966/3559/32 1974/3560/32 2138/3561/32 2139/3562/32
f 1972/3253/25 2106/1453/25 2107/1456/25 1973/3254/25
f 2106/3563/25 1972/3564/25 2122/3565/25 2121/3566/25
f 2105/3567/481 2106/3568/481 2121/3569/481 2119/3570/481
f 2103/3571/1255 2104/3572/1255 2117/3573/1255 2123/3574/1255
f 1968/3575/1256 2102/3576/1256 2125/3577/1256 2126/3578/1256
f 1965/3579/1257 2095/3580/1257 2128/3581/1257 2127/3582/1257
f 2120/3583/1258 2119/3584/1258 2121/3585/733 2122/3586/733
f 2118/3587/1259 2117/3588/1259 2119/3584/1258 2120/3583/1258
f 1970/3589/1260 2104/3590/1260 2117/3591/1260 2118/3592/1260
f 1972/3593/32 1971/3594/32 2120/3595/32 2122/3596/32
f 2104/3597/481 2105/3567/481 2119/3570/481 2117/3598/481
f 1971/3594/32 1970/3599/32 2118/3600/32 2120/3595/32
f 2124/3601/1261 2123/3602/1261 2117/3603/1261 2118/3604/1261
f 1970/3605/1262 1969/3606/1262 2124/3607/1262 2118/3608/1262
f 1969/3609/1263 2103/3610/1263 2123/3611/1263 2124/3612/1263
f 2126/3613/1264 2125/3614/1264 2123/3615/1264 2124/3616/1264
f 2102/3617/1265 2103/3618/1265 2123/3619/1265 2125/3620/1265
f 1969/3621/1266 1968/3622/1266 2126/3623/1266 2124/3624/1266
f 2127/3582/1267 2128/3581/1267 2125/3625/1267 2126/3626/1267
f 2095/3580/1268 2102/3627/1268 2125/3628/1268 2128/3581/1268
f 1968/3629/1269 1965/3579/1269 2127/3582/1269 2126/3630/1269
f 2132/3631/1270 2134/3632/1271 2133/3633/1271 2131/3634/1272
f 2130/3635/1273 2132/3631/1270 2131/3634/1272 2129/3636/1273
f 2111/3552/1252 2110/3637/1274 2129/3638/1274 2131/3553/1253
f 1978/3639/25 2112/3640/25 2133/3641/25 2134/3642/25
f 2110/3643/1275 1976/3644/1275 2130/3645/1275 2129/3646/1275
f 1976/3647/1276 1977/3547/1250 2132/3550/1251 2130/3648/1276
f 2136/3649/1277 2130/3650/1277 2129/3651/1277 2135/3652/1277
f 1975/3653/1278 1976/3654/1278 2130/3655/1278 2136/3656/1278
f 2109/3657/1279 1975/3658/1279 2136/3659/1279 2135/3660/1279
f 2138/3661/1280 2136/3662/1280 2135/3663/1280 2137/3664/1280
f 2109/3665/1281 2108/3666/1281 2137/3667/1281 2135/3668/1281
f 1974/3669/1282 1975/3670/1282 2136/3671/1282 2138/3672/1282
f 2108/3673/1283 1974/3674/1283 2138/3675/1283 2137/3676/1283
f 2139/3677/1284 2138/3678/1284 2137/3679/1284 2140/3680/1284
f 2096/3681/1 1966/3559/1 2139/3562/1 2140/3682/1
f 2108/3683/481 2096/3681/481 2140/3682/481 2137/3684/481
f 2148/3685/9 2145/3686/9 2146/3687/9 2147/3688/9
f 2143/3689/9 2141/3690/9 2142/3691/9 2144/3692/9
f 2141/3690/9 2147/3688/9 2146/3687/9 2142/3691/9
f 1967/3693/32 1980/3694/32 2142/3695/32 2146/3696/32
f 1981/3242/32 1967/3693/32 2146/3696/32 2145/3243/32
f 2097/3697/481 2098/3241/481 2148/3244/481 2147/3698/481
f 2114/3239/481 2097/3697/481 2147/3698/481 2141/3240/481
f 1980/3694/32 1984/3235/32 2144/3238/32 2142/3695/32
f 2149/3699/25 2153/3700/25 2154/3701/25 2150/3702/25
f 2156/3703/25 2152/3704/25 2151/3705/25 2155/3706/25
f 2166/3707/25 2156/3703/25 2155/3706/25 2167/3708/25
f 2016/3709/32 2040/3710/32 2152/3711/32 2156/3712/32
f 2042/3713/17 2041/3714/17 2149/3715/17 2150/3716/17
f 2038/3290/481 2042/3717/481 2150/3718/481 2154/3291/481
f 2164/3719/32 2016/3709/32 2156/3712/32 2166/3720/32
f 2041/3714/32 2037/3721/32 2153/3722/32 2149/3715/32
f 2037/3721/32 2164/3719/32 2166/3720/32 2153/3722/32
f 2153/3700/25 2166/3707/25 2167/3708/25 2154/3701/25
f 2015/3333/481 2165/3289/481 2167/3292/481 2155/3334/481
f 2016/3191/25 2164/3167/25 2161/3168/25 1658/3192/25
f 1262/3125/32 2159/3127/32 2162/3128/32 1950/3126/32
f 1658/3031/481 2161/3123/481 2163/3124/481 1952/3032/481
f 1952/3115/25 2163/3111/25 2162/3114/25 1951/3116/25
f 1266/3015/25 2157/2621/25 2165/2624/25 2015/3016/25
f 1260/2040/963 1259/2039/963 2157/2057/963 2158/2056/963
f 1269/2059/32 2159/1221/32 2160/1224/32 1274/2060/32
f 1267/3723/25 1904/3724/25 2188/3725/25 2186/2055/25
f 776/3726/771 1858/3727/9 2187/3728/9 2169/3729/771
f 1858/3727/9 1148/3730/9 2185/1430/9 2187/3728/9
f 788/3731/734 861/3732/1 2184/3733/1 2171/3734/734
f 861/3732/1 856/3735/1 2183/3736/1 2184/3733/1
f 856/3735/1 851/3737/1 2182/3738/1 2183/3736/1
f 851/3737/1 846/3739/1 2181/3740/1 2182/3738/1
f 846/3739/1 842/3741/1 2180/3742/1 2181/3740/1
f 842/3741/1 775/3743/774 2179/3744/774 2180/3742/1
f 787/3745/770 789/3746/737 2178/3747/737 2168/3748/770
f 775/3743/774 777/3749/773 2177/3750/773 2179/3744/774
f 789/3746/737 790/3751/736 2176/3752/736 2178/3747/737
f 777/3749/773 778/3753/731 2175/3754/731 2177/3750/773
f 790/3751/736 791/3755/735 2174/3756/735 2176/3752/736
f 778/3753/731 779/3757/730 2173/3758/730 2175/3754/731
f 791/3755/735 792/3759/772 2172/3760/772 2174/3756/735
f 779/3757/730 780/3761/729 2170/3762/729 2173/3758/730
f 792/3759/772 788/3731/734 2171/3734/734 2172/3760/772
f 780/3761/729 776/3726/771 2169/3729/771 2170/3762/729
f 1904/3724/25 787/3745/770 2168/3748/770 2188/3725/25
f 2186/2055/25 2188/3725/25 2200/1292/25 2198/3023/25
f 2169/3729/771 2187/3728/9 2199/1830/9 2190/1297/771
f 2187/3728/9 2185/1430/9 2197/1429/9 2199/1830/9
f 2171/3734/734 2184/3733/1 2196/1415/1 2191/1301/734
f 2184/3733/1 2183/3736/1 2195/1406/1 2196/1415/1
f 2183/3736/1 2182/3738/1 2194/1390/1 2195/1406/1
f 2182/3738/1 2181/3740/1 2193/1380/1 2194/1390/1
f 2181/3740/1 2180/3742/1 2192/1318/1 2193/1380/1
f 2180/3742/1 2179/3744/774 2209/1316/774 2192/1318/1
f 2168/3748/770 2178/3747/737 2208/1314/737 2189/1293/770
f 2179/3744/774 2177/3750/773 2207/1312/773 2209/1316/774
f 2178/3747/737 2176/3752/736 2206/1310/736 2208/1314/737
f 2177/3750/773 2175/3754/731 2205/1308/731 2207/1312/773
f 2176/3752/736 2174/3756/735 2204/1306/735 2206/1310/736
f 2175/3754/731 2173/3758/730 2203/1304/730 2205/1308/731
f 2174/3756/735 2172/3760/772 2202/1300/772 2204/1306/735
f 2173/3758/730 2170/3762/729 2201/1296/729 2203/1304/730
f 2172/3760/772 2171/3734/734 2191/1301/734 2202/1300/772
f 2170/3762/729 2169/3729/771 2190/1297/771 2201/1296/729
f 2188/3725/25 2168/3748/770 2189/1293/770 2200/1292/25
f 1278/2070/25 1275/1447/25 1279/2088/25
f 1278/2070/25 1279/2088/25 1277/2073/25
f 1279/2088/25 1280/2074/25 1277/2073/25
f 1276/2041/25 1277/2073/25 1282/2084/25
f 1282/2084/25 1277/2073/25 1281/2072/25
f 1286/2077/25 1283/2058/25 1287/2079/25
f 1286/2077/25 1287/2079/25 1288/2081/25
f 1284/2062/25 1285/2065/25 1290/2076/25
f 1285/2065/25 1286/2077/25 1290/2076/25
f 1286/2077/25 1288/2081/25 1289/2075/25
f 1285/2065/25 1284/2062/25 1270/1446/25
f 1284/2062/25 1275/1447/25 1270/1446/25
f 1275/1447/25 1278/2070/25 1263/1444/25
f 1222/1843/9 1169/2988/9 1168/1844/9
f 1168/1844/9 1159/3763/9 1204/1841/9
f 1159/3763/9 1162/2956/9 1204/1841/9
f 1162/2956/9 1159/3763/9 1163/3764/9
f 1162/2956/9 1163/3764/9 1161/1868/9
f 1163/3764/9 1164/1869/9 1161/1868/9
f 1160/2955/9 1161/1868/9 1166/3765/9
f 1166/3765/9 1161/1868/9 1165/1867/9
f 1170/1872/9 1167/2991/9 1171/3766/9
f 1170/1872/9 1171/3766/9 1172/3767/9
f 1168/1844/9 1169/2988/9 1174/1871/9
f 1169/2988/9 1170/1872/9 1174/1871/9
f 1170/1872/9 1172/3767/9 1173/1870/9
f 1090/3768/17 1087/3769/17 1219/1695/17
f 1087/3769/17 1080/1724/17 1219/1695/17
f 1080/1724/17 1081/1702/17 1218/1701/17
f 1074/3770/17 1071/3771/17 1217/1700/17
f 1071/3771/17 1064/1743/17 1217/1700/17
f 1064/1743/17 1065/1825/874 1210/1742/860
f 1106/1744/17 1103/3772/17 1221/1745/17
f 1103/3772/17 1096/1762/17 1220/1696/17
f 1221/1745/17 1103/3772/17 1220/1696/17
f 1067/3773/1285 1063/1569/821 1066/1763/863
f 1066/1763/863 1065/1825/874 1070/3774/1286
f 1065/1825/874 1064/1743/17 1070/3774/1286
f 1068/1765/865 1067/3773/1285 1066/1763/863
f 1066/1763/863 1070/3774/1286 1069/1764/864
f 1075/3775/17 1071/3771/17 1074/3770/17
f 1074/3770/17 1073/1766/17 1075/3775/17
f 1073/1766/17 1072/1693/17 1078/3776/17
f 1073/1766/17 1078/3776/17 1077/1767/17
f 1076/1768/17 1075/3775/17 1073/1766/17
f 1083/3777/17 1079/1692/17 1082/1694/17
f 1082/1694/17 1081/1702/17 1086/3778/17
f 1081/1702/17 1080/1724/17 1086/3778/17
f 1084/1770/17 1083/3777/17 1082/1694/17
f 1082/1694/17 1086/3778/17 1085/1769/17
f 1091/3779/17 1087/3769/17 1090/3768/17
f 1090/3768/17 1089/1715/17 1091/3779/17
f 1089/1715/17 1088/3780/17 1094/3781/17
f 1089/1715/17 1094/3781/17 1093/1771/17
f 1092/1772/17 1091/3779/17 1089/1715/17
f 1099/3782/17 1095/1717/17 1098/1716/17
f 1098/1716/17 1097/1697/17 1102/3783/17
f 1097/1697/17 1096/1762/17 1102/3783/17
f 1100/1774/17 1099/3782/17 1098/1716/17
f 1098/1716/17 1102/3783/17 1101/1773/17
f 1107/3784/17 1103/3772/17 1106/1744/17
f 1106/1744/17 1105/1737/17 1107/3784/17
f 1105/1737/17 1104/1736/17 1110/3785/17
f 1105/1737/17 1110/3785/17 1109/1775/17
f 1108/1776/17 1107/3784/17 1105/1737/17
f 892/1418/1 899/3786/1 1201/1387/1
f 899/3786/1 902/1388/1 1201/1387/1
f 1201/1387/1 1200/1417/1 892/1418/1
f 876/1450/1 883/3787/1 1199/3788/1
f 883/3787/1 886/1392/1 1199/3788/1
f 1199/3788/1 1192/1448/786 876/1450/1
f 908/1472/1 915/3789/1 1202/1471/1
f 915/3789/1 918/1452/1 1203/1451/1
f 1203/1451/1 1202/1471/1 915/3789/1
f 878/1475/792 875/1259/739 879/3790/1287
f 878/1475/792 879/3790/1287 880/3791/1288
f 876/1450/1 877/1449/787 882/1474/791
f 877/1449/787 878/1475/792 882/1474/791
f 878/1475/792 880/3791/1288 881/1473/790
f 886/1392/1 883/3787/1 887/3792/1
f 886/1392/1 887/3792/1 885/1393/1
f 887/3792/1 888/1477/1 885/1393/1
f 884/1384/1 885/1393/1 890/3793/1
f 890/3793/1 885/1393/1 889/1476/1
f 894/1480/1 891/1386/1 895/3794/1
f 894/1480/1 895/3794/1 896/3795/1
f 892/1418/1 893/1394/1 898/1479/1
f 893/1394/1 894/1480/1 898/1479/1
f 894/1480/1 896/3795/1 897/1478/1
f 902/1388/1 899/3786/1 903/3796/1
f 902/1388/1 903/3796/1 901/1482/1
f 903/3796/1 904/1483/1 901/1482/1
f 900/1408/1 901/1482/1 906/3797/1
f 906/3797/1 901/1482/1 905/1481/1
f 910/1486/1 907/1410/1 911/3798/1
f 910/1486/1 911/3798/1 912/3799/1
f 908/1472/1 909/1389/1 914/1485/1
f 909/1389/1 910/1486/1 914/1485/1
f 910/1486/1 912/3799/1 913/1484/1
f 918/1452/1 915/3789/1 919/3800/1
f 918/1452/1 919/3800/1 917/1427/1
f 919/3800/1 920/1487/1 917/1427/1
f 922/3801/1 916/1428/1 917/1427/1
f 921/1488/1 922/3801/1 917/1427/1
f 878/1475/792 821/1342/776 875/1259/739
f 821/1342/776 833/1257/732 875/1259/739
f 844/1385/1 849/3802/1 891/1386/1
f 891/1386/1 894/1480/1 885/1393/1
f 885/1393/1 884/1384/1 891/1386/1
f 901/1482/1 910/1486/1 902/1388/1
f 910/1486/1 909/1389/1 902/1388/1
f 909/1389/1 1202/1471/1 1201/1387/1
f 885/1393/1 894/1480/1 893/1394/1
f 893/1394/1 1200/1417/1 1199/3788/1
f 1199/3788/1 886/1392/1 893/1394/1
f 854/1409/1 859/3803/1 907/1410/1
f 907/1410/1 910/1486/1 900/1408/1
f 910/1486/1 901/1482/1 900/1408/1
f 1192/1448/786 1191/1343/732 877/1449/787
f 1191/1343/732 821/1342/776 877/1449/787
f 864/1395/1 829/1363/734 916/1428/1
f 829/1363/734 822/1335/734 916/1428/1
f 917/1427/1 822/1335/734 918/1452/1
f 822/1335/734 1194/1334/734 918/1452/1
f 1023/1571/815 1011/1650/853 1063/1569/821
f 1011/1650/853 1066/1763/863 1063/1569/821
f 1079/1692/17 1039/3804/17 1034/3805/17
f 1034/3805/17 1072/1693/17 1079/1692/17
f 1072/1693/17 1073/1766/17 1082/1694/17
f 1097/1697/17 1098/1716/17 1089/1715/17
f 1089/1715/17 1090/3768/17 1097/1697/17
f 1090/3768/17 1219/1695/17 1097/1697/17
f 1081/1702/17 1082/1694/17 1074/3770/17
f 1082/1694/17 1073/1766/17 1074/3770/17
f 1074/3770/17 1217/1700/17 1081/1702/17
f 1095/1717/17 1049/3806/17 1044/3807/17
f 1044/3807/17 1088/3780/17 1095/1717/17
f 1088/3780/17 1089/1715/17 1095/1717/17
f 1012/1643/850 1019/1671/850 1104/1736/17
f 1019/1671/850 1054/1733/17 1104/1736/17
f 1212/1642/850 1012/1643/850 1106/1744/17
f 1012/1643/850 1105/1737/17 1106/1744/17
f 1011/1650/853 1209/1649/815 1065/1825/874
f 1209/1649/815 1210/1742/860 1065/1825/874
f 1188/1891/891 769/1890/890 1150/1962/878
f 1150/1962/878 1204/3808/878 1867/1963/878
f 1222/1861/878 1155/1860/878 1891/1964/878
f 1155/1860/878 959/1928/916 1206/1931/919
f 1151/3809/9 1860/3810/9 1160/2955/9
f 1860/3810/9 1868/1864/9 1160/2955/9
f 1161/1868/9 1868/1864/9 1162/2956/9
f 1868/1864/9 1867/1863/9 1162/2956/9
f 1222/1843/9 1891/3004/9 1169/2988/9
f 1891/3004/9 1892/2987/9 1169/2988/9
f 1170/1872/9 1892/2987/9 1167/2991/9
f 1892/2987/9 1882/2989/9 1167/2991/9
f 1270/1925/914 1271/1924/915 1926/1927/915
f 1271/1924/915 782/1911/911 1198/1912/912
f 1216/1951/938 972/1950/937 1264/2035/915
f 1264/2035/915 1263/3811/914 1927/2036/914
f 1925/2067/25 1286/2077/25 1285/2065/25
f 1285/2065/25 1270/1446/25 1926/2066/25
f 1906/2068/25 1269/2059/25 1283/2058/25
f 1283/2058/25 1286/2077/25 1925/2067/25
f 1263/1444/25 1278/2070/25 1927/2069/25
f 1278/2070/25 1277/2073/25 1928/2071/25
f 1276/2041/25 1262/1222/25 1916/3812/25
f 1916/3812/25 1928/2071/25 1276/2041/25
f 1148/3730/9 1153/2717/9 1455/1431/9
f 1153/2717/9 1696/2716/9 1455/1431/9
f 1715/1852/9 1449/1851/9 1455/1431/9
f 1696/2716/9 1715/1852/9 1455/1431/9
f 2185/1430/9 1148/3730/9 1455/1431/9
f 1455/1431/9 1430/1831/9 2197/1429/9
f 1456/2053/25 1450/3034/25 1716/3026/25
f 1697/3025/25 1260/3027/25 2158/2054/25
f 1456/2053/25 1716/3026/25 2158/2054/25
f 1716/3026/25 1697/3025/25 2158/2054/25
f 2198/3023/25 1431/3024/25 1456/2053/25
f 2158/2054/25 1267/3723/25 2186/2055/25
f 2186/2055/25 2198/3023/25 1456/2053/25
f 1732/2859/32 1745/2880/32 2413/2838/32 2400/2825/32
f 1567/3813/1185 2327/3814/481 2332/3815/481 1569/3816/1186
f 1569/3816/1186 2332/3815/481 2331/3817/481 1571/3818/1187
f 1547/3819/1175 2328/3820/481 2327/3814/481 1567/3813/1185
f 1545/3821/1174 2319/3822/481 2322/3823/481 2328/3820/481
f 1543/3824/1173 2313/3825/481 2310/3826/481 2319/3822/481
f 1541/2412/1073 2303/2411/481 2299/3827/481 2313/3825/481
f 1562/3828/1182 2333/3829/481 2329/3830/481 1550/3831/1176
f 1550/3831/1176 2329/3830/481 1551/3832/1177
f 1551/3832/1177 2323/3833/481 1553/3834/1178
f 1553/3834/1178 2309/3835/481 1555/3836/1179
f 1555/3836/1179 2297/3837/481 1557/3838/1180
f 1557/3838/1180 2280/3839/481 1559/3840/1181
f 1571/3818/1187 2331/3817/481 2330/3841/481 1573/3842/1188
f 1573/3842/1188 2330/3841/481 2333/3829/481 1562/3828/1182
f 2215/3843/481 1614/3844/1208 1601/3845/1210 2244/3846/481
f 2211/3847/481 2213/3848/481 2238/3849/481 2241/3850/481
f 2219/3851/481 2212/3852/481 2243/3853/481 2242/3854/481
f 2223/3855/481 2211/3847/481 2241/3850/481 2251/3856/481
f 2210/3857/481 2219/3851/481 2242/3854/481 2247/3858/481
f 2217/3859/481 2215/3843/481 2244/3846/481 2240/3860/481
f 2221/3861/481 2223/3855/481 2251/3856/481 2248/3862/481
f 2220/3863/481 2221/3861/481 2248/3862/481 2239/3864/481
f 2216/3865/481 2220/3863/481 2239/3864/481 2245/3866/481
f 2214/3867/481 2216/3865/481 2245/3866/481 2249/3868/481
f 2222/3869/481 2210/3857/481 2247/3858/481 2250/3870/481
f 2218/3871/481 2214/3867/481 2249/3868/481 2246/3872/481
f 2213/3848/481 2222/3869/481 2250/3870/481 2238/3849/481
f 2212/3852/481 2217/3859/481 2240/3860/481 2243/3853/481
f 1616/3873/1211 2218/3871/481 2246/3872/481 1604/3874/1212
f 2233/3875/481 1564/3876/1209 1614/3844/1208 2215/3843/481
f 2227/3877/481 2228/3878/481 2213/3848/481 2211/3847/481
f 2234/3879/481 2225/3880/481 2212/3852/481 2219/3851/481
f 2237/3881/481 2227/3877/481 2211/3847/481 2223/3855/481
f 2224/3882/481 2234/3879/481 2219/3851/481 2210/3857/481
f 2232/3883/481 2233/3875/481 2215/3843/481 2217/3859/481
f 2230/3884/481 2237/3881/481 2223/3855/481 2221/3861/481
f 2235/3885/481 2230/3884/481 2221/3861/481 2220/3863/481
f 2231/3886/481 2235/3885/481 2220/3863/481 2216/3865/481
f 2229/3887/481 2231/3886/481 2216/3865/481 2214/3867/481
f 2226/3888/481 2224/3882/481 2210/3857/481 2222/3869/481
f 2236/3889/481 2229/3887/481 2214/3867/481 2218/3871/481
f 2228/3878/481 2226/3888/481 2222/3869/481 2213/3848/481
f 2225/3880/481 2232/3883/481 2217/3859/481 2212/3852/481
f 1565/3890/1213 2236/3889/481 2218/3871/481 1616/3873/1211
f 2241/3850/481 2238/3849/481 2256/3891/481 2254/3892/481
f 2246/3872/481 2249/3868/481 2253/3893/481 2260/3894/481
f 2239/3864/481 2248/3862/481 2264/3895/481 2259/3896/481
f 2245/3866/481 2239/3864/481 2259/3896/481 2258/3897/481
f 2249/3868/481 2245/3866/481 2258/3897/481 2253/3893/481
f 2250/3870/481 2247/3858/481 2263/3898/481 2265/3899/481
f 2244/3846/481 1601/3845/1210 1887/3900/1202 2257/3901/481
f 2242/3854/481 2243/3853/481 2255/3902/481 2252/3903/481
f 2243/3853/481 2240/3860/481 2262/3904/481 2255/3902/481
f 2251/3856/481 2241/3850/481 2254/3892/481 2261/3905/481
f 2247/3858/481 2242/3854/481 2252/3903/481 2263/3898/481
f 1604/3874/1212 2246/3872/481 2260/3894/481 1920/3906/1203
f 2240/3860/481 2244/3846/481 2257/3901/481 2262/3904/481
f 2248/3862/481 2251/3856/481 2261/3905/481 2264/3895/481
f 2238/3849/481 2250/3870/481 2265/3899/481 2256/3891/481
f 2253/3893/481 2258/3897/481 2340/3907/481 2335/3908/481
f 2256/3891/481 2265/3899/481 2346/3909/481 2341/3910/481
f 2265/3899/481 2263/3898/481 2343/3911/481 2346/3909/481
f 2264/3895/481 2261/3905/481 2338/3912/481 2345/3913/481
f 2257/3901/481 1887/3900/1202 1575/3914/1190 2339/3915/481
f 2252/3903/481 2255/3902/481 2337/3916/481 2347/3917/481
f 2255/3902/481 2262/3904/481 2344/3918/481 2337/3916/481
f 2262/3904/481 2257/3901/481 2339/3915/481 2344/3918/481
f 2261/3905/481 2254/3892/481 2336/3919/481 2338/3912/481
f 2263/3898/481 2252/3903/481 2347/3917/481 2343/3911/481
f 2260/3894/481 2253/3893/481 2335/3908/481 2342/3920/481
f 1920/3906/1203 2260/3894/481 2342/3920/481 1598/3921/1200
f 2254/3892/481 2256/3891/481 2341/3910/481 2336/3919/481
f 2258/3897/481 2259/3896/481 2334/3922/481 2340/3907/481
f 2259/3896/481 2264/3895/481 2345/3913/481 2334/3922/481
f 2269/3923/481 1864/3924/1183 1564/3876/1209 2233/3875/481
f 2275/3925/481 2271/3926/481 2228/3878/481 2227/3877/481
f 2273/3927/481 2266/3928/481 2225/3880/481 2234/3879/481
f 2279/3929/481 2275/3925/481 2227/3877/481 2237/3881/481
f 2267/3930/481 2273/3927/481 2234/3879/481 2224/3882/481
f 2274/3931/481 2269/3923/481 2233/3875/481 2232/3883/481
f 2270/3932/481 2279/3929/481 2237/3881/481 2230/3884/481
f 2277/3933/481 2270/3932/481 2230/3884/481 2235/3885/481
f 2278/3934/481 2277/3933/481 2235/3885/481 2231/3886/481
f 2272/3935/481 2278/3934/481 2231/3886/481 2229/3887/481
f 2268/3936/481 2267/3930/481 2224/3882/481 2226/3888/481
f 2276/3937/481 2272/3935/481 2229/3887/481 2236/3889/481
f 2271/3926/481 2268/3936/481 2226/3888/481 2228/3878/481
f 2266/3928/481 2274/3931/481 2232/3883/481 2225/3880/481
f 1911/3938/1184 2276/3937/481 2236/3889/481 1565/3890/1213
f 2292/3939/481 1538/3940/1171 1864/3924/1183 2269/3923/481
f 2291/3941/481 2284/3942/481 2271/3926/481 2275/3925/481
f 2288/3943/481 2286/3944/481 2266/3928/481 2273/3927/481
f 2293/3945/481 2291/3941/481 2275/3925/481 2279/3929/481
f 2281/3946/481 2288/3943/481 2273/3927/481 2267/3930/481
f 2287/3947/481 2292/3939/481 2269/3923/481 2274/3931/481
f 2282/3948/481 2293/3945/481 2279/3929/481 2270/3932/481
f 2290/3949/481 2282/3948/481 2270/3932/481 2277/3933/481
f 2283/3950/481 2290/3949/481 2277/3933/481 2278/3934/481
f 2285/3951/481 2283/3950/481 2278/3934/481 2272/3935/481
f 2289/3952/481 2281/3946/481 2267/3930/481 2268/3936/481
f 2280/3839/481 2285/3951/481 2272/3935/481 2276/3937/481
f 2284/3942/481 2289/3952/481 2268/3936/481 2271/3926/481
f 2286/3944/481 2287/3947/481 2274/3931/481 2266/3928/481
f 1559/3840/1181 2280/3839/481 2276/3937/481 1911/3938/1184
f 2303/2411/481 1539/2410/1072 1538/3940/1171 2292/3939/481
f 2300/3953/481 2296/3954/481 2284/3942/481 2291/3941/481
f 2301/3955/481 2305/3956/481 2286/3944/481 2288/3943/481
f 2306/3957/481 2300/3953/481 2291/3941/481 2293/3945/481
f 2299/3827/481 2303/2411/481 2292/3939/481 2287/3947/481
f 2295/3958/481 2306/3957/481 2293/3945/481 2282/3948/481
f 2302/3959/481 2295/3958/481 2282/3948/481 2290/3949/481
f 2298/3960/481 2302/3959/481 2290/3949/481 2283/3950/481
f 2297/3837/481 2298/3960/481 2283/3950/481 2285/3951/481
f 2304/3961/481 2294/3962/481 2281/3946/481 2289/3952/481
f 1557/3838/1180 2297/3837/481 2285/3951/481 2280/3839/481
f 2296/3954/481 2304/3961/481 2289/3952/481 2284/3942/481
f 2305/3956/481 2299/3827/481 2287/3947/481 2286/3944/481
f 2294/3962/481 2301/3955/481 2288/3943/481 2281/3946/481
f 2312/3963/481 2311/3964/481 2296/3954/481 2300/3953/481
f 2315/3965/481 2310/3826/481 2305/3956/481 2301/3955/481
f 2317/3966/481 2312/3963/481 2300/3953/481 2306/3957/481
f 2313/3825/481 1543/3824/1173 1541/2412/1073
f 2314/3967/481 2317/3966/481 2306/3957/481 2295/3958/481
f 2316/3968/481 2314/3967/481 2295/3958/481 2302/3959/481
f 2309/3835/481 2316/3968/481 2302/3959/481 2298/3960/481
f 1555/3836/1179 2309/3835/481 2298/3960/481 2297/3837/481
f 2308/3969/481 2307/3970/481 2294/3962/481 2304/3961/481
f 2311/3964/481 2308/3969/481 2304/3961/481 2296/3954/481
f 2310/3826/481 2313/3825/481 2299/3827/481 2305/3956/481
f 2307/3970/481 2315/3965/481 2301/3955/481 2294/3962/481
f 2321/3971/481 2320/3972/481 2311/3964/481 2312/3963/481
f 2322/3823/481 2319/3822/481 2310/3826/481 2315/3965/481
f 2326/3973/481 2321/3971/481 2312/3963/481 2317/3966/481
f 2324/3974/481 2326/3973/481 2317/3966/481 2314/3967/481
f 2323/3833/481 2324/3974/481 2314/3967/481 2316/3968/481
f 1553/3834/1178 2323/3833/481 2316/3968/481 2309/3835/481
f 2325/3975/481 2318/3976/481 2307/3970/481 2308/3969/481
f 2320/3972/481 2325/3975/481 2308/3969/481 2311/3964/481
f 2319/3822/481 1545/3821/1174 1543/3824/1173
f 2318/3976/481 2322/3823/481 2315/3965/481 2307/3970/481
f 1551/3832/1177 2329/3830/481 2324/3974/481 2323/3833/481
f 2330/3841/481 2331/3817/481 2320/3972/481 2321/3971/481
f 2328/3820/481 1547/3819/1175 1545/3821/1174
f 2333/3829/481 2330/3841/481 2321/3971/481 2326/3973/481
f 2332/3815/481 2327/3814/481 2318/3976/481 2325/3975/481
f 2331/3817/481 2332/3815/481 2325/3975/481 2320/3972/481
f 2329/3830/481 2333/3829/481 2326/3973/481 2324/3974/481
f 2327/3814/481 2328/3820/481 2322/3823/481 2318/3976/481
f 2338/3912/481 2336/3919/481 2359/3977/481 2358/3978/481
f 2343/3911/481 2347/3917/481 2355/3979/481 2348/3980/481
f 2335/3908/481 2340/3907/481 2353/3981/481 2357/3982/481
f 2341/3910/481 2346/3909/481 2349/3983/481 2356/3984/481
f 1598/3921/1200 2342/3920/481 1596/3985/1199
f 2346/3909/481 2343/3911/481 2348/3980/481 2349/3983/481
f 2337/3916/481 2344/3918/481 2350/3986/481 2351/3987/481
f 2336/3919/481 2341/3910/481 2356/3984/481 2359/3977/481
f 2340/3907/481 2334/3922/481 2354/3988/481 2353/3981/481
f 2339/3915/481 1575/3914/1190 1578/3989/1189 2352/3990/481
f 2342/3920/481 2335/3908/481 2357/3982/481 1596/3985/1199
f 2334/3922/481 2345/3913/481 2360/3991/481 2354/3988/481
f 2345/3913/481 2338/3912/481 2358/3978/481 2360/3991/481
f 2347/3917/481 2337/3916/481 2351/3987/481 2355/3979/481
f 2344/3918/481 2339/3915/481 2352/3990/481 2350/3986/481
f 1596/3985/1199 2357/3982/481 1594/3992/1198
f 2348/3980/481 2355/3979/481 2366/3993/481 2364/3994/481
f 2352/3990/481 1578/3989/1189 1580/3995/1191
f 2354/3988/481 2360/3991/481 2370/3996/481 2362/3997/481
f 2357/3982/481 2353/3981/481 2368/3998/481 1594/3992/1198
f 2360/3991/481 2358/3978/481 2369/3999/481 2370/3996/481
f 2356/3984/481 2349/3983/481 2371/4000/481 2367/4001/481
f 2355/3979/481 2351/3987/481 2363/4002/481 2366/3993/481
f 2350/3986/481 2352/3990/481 1580/3995/1191 2361/4003/481
f 2349/3983/481 2348/3980/481 2364/3994/481 2371/4000/481
f 2351/3987/481 2350/3986/481 2361/4003/481 2363/4002/481
f 2359/3977/481 2356/3984/481 2367/4001/481 2365/4004/481
f 2353/3981/481 2354/3988/481 2362/3997/481 2368/3998/481
f 2358/3978/481 2359/3977/481 2365/4004/481 2369/3999/481
f 2369/3999/481 2365/4004/481 2374/4005/481 2379/4006/481
f 1594/3992/1198 2368/3998/481 1592/4007/1197
f 2370/3996/481 2369/3999/481 2379/4006/481 2380/4008/481
f 2367/4001/481 2371/4000/481 2373/4009/481 2377/4010/481
f 2371/4000/481 2364/3994/481 2372/4011/481 2373/4009/481
f 2366/3993/481 2363/4002/481 2375/4012/481 2376/4013/481
f 2361/4003/481 1580/3995/1191 1582/4014/1192
f 2362/3997/481 2370/3996/481 2380/4008/481 2378/4015/481
f 2364/3994/481 2366/3993/481 2376/4013/481 2372/4011/481
f 2365/4004/481 2367/4001/481 2377/4010/481 2374/4005/481
f 2368/3998/481 2362/3997/481 2378/4015/481 1592/4007/1197
f 2363/4002/481 2361/4003/481 1582/4014/1192 2375/4012/481
f 2372/4011/481 2376/4013/481 2384/4016/481 2381/4017/481
f 2374/4005/481 2377/4010/481 2387/4018/481 2382/4019/481
f 2379/4006/481 2374/4005/481 2382/4019/481 2383/4020/481
f 1592/4007/1197 2378/4015/481 1590/4021/1195
f 2375/4012/481 1582/4014/1192 1584/4022/1193
f 2380/4008/481 2379/4006/481 2383/4020/481 2385/4023/481
f 2377/4010/481 2373/4009/481 2386/4024/481 2387/4018/481
f 2373/4009/481 2372/4011/481 2381/4017/481 2386/4024/481
f 2376/4013/481 2375/4012/481 1584/4022/1193 2384/4016/481
f 2378/4015/481 2380/4008/481 2385/4023/481 1590/4021/1195
f 2382/4019/481 2387/4018/481 1610/4025/1206 1612/4026/1207
f 2387/4018/481 2386/4024/481 1608/4027/1205 1610/4025/1206
f 2383/4020/481 2382/4019/481 1612/4026/1207 1599/4028/1201
f 2386/4024/481 2381/4017/481 1606/4029/1204 1608/4027/1205
f 2384/4016/481 1584/4022/1193 1586/4030/1194
f 1590/4021/1195 2385/4023/481 1587/4031/1196
f 2381/4017/481 2384/4016/481 1586/4030/1194 1606/4029/1204
f 2385/4023/481 2383/4020/481 1599/4028/1201 1587/4031/1196
f 1745/2880/32 1743/2868/32 2411/2828/32 2413/2838/32
f 1746/2877/32 1733/2872/32 2401/2831/32 2414/2836/32
f 1341/2878/32 1744/2873/32 2412/2832/32 2396/2837/32
f 1737/2875/32 1746/2877/32 2414/2836/32 2405/2834/32
f 1741/2176/32 1378/2175/32 2397/2835/32 2409/2833/32
f 1740/2867/32 1737/2875/32 2405/2834/32 2408/2829/32
f 1738/2855/32 1741/2176/32 2409/2833/32 2406/2823/32
f 1744/2873/32 1742/2870/32 2410/2830/32 2412/2832/32
f 1733/2872/32 1735/2856/32 2403/2822/32 2401/2831/32
f 1742/2870/32 1739/2864/32 2407/2827/32 2410/2830/32
f 1743/2868/32 1740/2867/32 2408/2829/32 2411/2828/32
f 1739/2864/32 1736/2862/32 2404/2826/32 2407/2827/32
f 1736/2862/32 1734/2860/32 2402/2824/32 2404/2826/32
f 1734/2860/32 1732/2859/32 2400/2825/32 2402/2824/32
f 1735/2856/32 1738/2855/32 2406/2823/32 2403/2822/32
f 1272/2265/1030 2394/2293/1030 2399/2182/971 1384/2243/971
f 1258/2274/1026 2395/2260/1026 2398/2248/1003 1409/2234/1003
f 1409/2234/1003 2398/2248/1003 2397/2249/1004 1378/2235/1004
f 1384/2243/971 2399/2182/971 2396/2185/972 1342/2244/972
f 1240/2166/32 2395/2172/32 2392/2173/32 1339/2167/32
f 1265/2170/32 2394/2094/32 2388/2097/32 1303/2171/32
f 1271/2043/25 2391/1987/25 2388/1990/25 1304/2044/25
f 1150/2007/9 1339/2010/9 2392/1966/9 2389/1965/9
f 1264/2035/915 2391/1923/914 2390/1926/914 1263/3811/914
f 1150/1962/878 2389/1859/878 2393/1862/878 1204/3808/878
f 2516/4032/25 2470/4033/1289 2418/4034/1290 2512/4035/25
f 2512/4036/1 2418/4037/1 2422/4038/1 2513/4039/1
f 2518/4040/9 2504/4041/1291 2420/4042/1292 2514/4043/9
f 2514/4044/17 2420/4045/17 2416/4046/17 2511/4047/17
f 2503/4048/481 2508/4049/481 2419/4050/481 2415/4051/481
f 2472/4052/1292 2422/4053/1291 2426/4054/1293 2474/4055/1294
f 2465/4056/1295 2476/4057/1296 2480/4058/434 2437/4059/1297
f 2507/4060/1290 2416/4061/1289 2423/4062/1298 2509/4063/1299
f 2416/4064/1300 2420/4065/1300 2425/4066/1300 2423/4067/1300
f 2422/4068/1301 2418/4069/1301 2424/4070/1302 2426/4071/1302
f 2500/4072/25 2496/4073/25 2430/4074/1290 2448/4075/1289
f 2496/4076/1303 2497/4077/1303 2434/4078/1304 2430/4079/1304
f 2502/4080/9 2498/4081/9 2432/4082/1292 2488/4083/1291
f 2498/4084/1305 2495/4085/1305 2428/4086/1306 2432/4087/1306
f 2487/4088/32 2492/4089/32 2431/4090/32 2427/4091/32
f 2450/4092/1292 2452/4093/1307 2436/4094/1293 2434/4095/1291
f 2485/4096/1308 2441/4097/1308 2460/4098/1308 2486/4099/1309
f 2491/4100/1290 2493/4101/1310 2423/4102/1298 2428/4103/1289
f 2428/4104/1311 2423/4105/1311 2425/4106/1311 2432/4107/1311
f 2434/4108/1312 2436/4109/1313 2435/4110/1313 2430/4111/1312
f 2467/4112/1314 2440/4113/1315 2439/4114/1315 2466/4115/1314
f 2454/4116/32 2485/4117/32 2445/4118/32 2446/4119/32
f 2466/4120/1295 2439/4121/1297 2483/4122/434 2484/4123/1316
f 2462/4124/1317 2465/4125/1317 2437/4126/1318 2438/4127/1318
f 2455/4128/1319 2444/4129/1319 2454/4130/1319 2461/4131/1320
f 2456/4132/1321 2446/4133/1322 2445/4134/1322 2457/4135/1321
f 2455/4128/1319 2479/4136/1320 2478/4137/1319 2444/4129/1319
f 2459/4138/1323 2482/4139/1309 2481/4140/1308 2442/4141/1308
f 2457/4142/1323 2445/4143/1308 2485/4096/1308 2486/4099/1309
f 2458/4144/1324 2459/4145/1324 2442/4146/1325 2443/4147/1325
f 2442/4148/32 2481/4149/32 2478/4150/32 2443/4151/32
f 2430/4152/1290 2435/4153/1310 2451/4154/1326 2448/4155/1289
f 2429/4156/32 2433/4157/32 2449/4158/32 2447/4159/32
f 2497/4160/9 2499/4161/9 2450/4162/1292 2434/4163/1291
f 2454/4130/1319 2446/4164/1327 2456/4165/1328 2461/4131/1320
f 2468/4166/1329 2467/4167/1330 2436/4168/1293 2452/4169/1307
f 2461/4170/1320 2456/4171/1328 2440/4172/1331 2453/4173/1332
f 2438/4174/1318 2437/4175/1318 2459/4145/1324 2458/4144/1324
f 2439/4176/1297 2457/4177/1323 2486/4178/1309 2483/4179/434
f 2437/4180/1297 2480/4181/434 2482/4139/1309 2459/4138/1323
f 2440/4182/1315 2456/4183/1321 2457/4184/1321 2439/4185/1315
f 2453/4186/1332 2440/4187/1331 2467/4167/1330 2468/4166/1329
f 2426/4188/1302 2424/4189/1302 2465/4125/1317 2462/4124/1317
f 2435/4190/1310 2466/4120/1295 2484/4123/1316 2451/4191/1326
f 2489/4192/1333 2494/4193/1333 2468/4194/1333 2452/4195/1333
f 2436/4196/1313 2467/4112/1314 2466/4115/1314 2435/4197/1313
f 2474/4198/1294 2426/4199/1293 2462/4200/1330 2475/4201/1334
f 2509/4202/1299 2423/4203/1298 2464/4204/1335 2510/4205/1335
f 2424/4206/1310 2473/4207/1336 2476/4057/1296 2465/4056/1295
f 2505/4208/1333 2474/4209/1333 2475/4210/1333 2506/4211/1333
f 2418/4212/1290 2470/4213/1289 2473/4214/1336 2424/4215/1310
f 2417/4216/481 2421/4217/481 2471/4218/481 2469/4219/481
f 2513/4220/9 2422/4221/1291 2472/4222/1292 2515/4223/9
f 2478/4150/32 2481/4149/32 2441/4224/32 2485/4117/32 2454/4116/32 2444/4225/32
f 2477/4226/466 2475/4201/1334 2462/4200/1330 2438/4227/1331
f 2479/4136/1320 2477/4228/466 2438/4229/1331 2458/4230/1328
f 2478/4137/1319 2479/4136/1320 2458/4230/1328 2443/4231/1319
f 2490/4232/1335 2464/4233/1335 2423/4234/1298 2493/4235/1310
f 2481/4140/1308 2482/4139/1309 2460/4098/1308 2441/4097/1308
f 2484/4236/1335 2490/4237/1335 2493/4238/1335 2451/4239/1335
f 2425/4240/1337 2463/4241/1333 2494/4242/1333 2489/4243/1293
f 2495/4244/25 2501/4245/25 2491/4246/1290 2428/4247/1289
f 2432/4248/1292 2425/4249/1337 2489/4250/1293 2488/4251/1291
f 2447/4159/32 2449/4158/32 2492/4089/32 2487/4088/32
f 2449/4252/9 2492/4253/9 2502/4080/9 2499/4161/9
f 2427/4254/25 2487/4255/25 2501/4245/25 2495/4244/25
f 2487/4255/25 2447/4256/25 2500/4072/25 2501/4245/25
f 2433/4257/9 2449/4252/9 2499/4161/9 2497/4160/9
f 2431/4258/1 2427/4259/1 2495/4085/1305 2498/4084/1305
f 2492/4253/9 2431/4260/9 2498/4081/9 2502/4080/9
f 2429/4261/17 2433/4262/17 2497/4077/1303 2496/4076/1303
f 2447/4256/25 2429/4263/25 2496/4073/25 2500/4072/25
f 2511/4264/25 2416/4265/1289 2507/4266/1290 2517/4267/25
f 2420/4268/1292 2504/4269/1291 2505/4270/1338 2425/4271/1337
f 2425/4272/1337 2505/4273/1338 2506/4274/1333 2463/4275/1333
f 2473/4276/1335 2509/4277/1335 2510/4278/1335 2476/4279/1335
f 2469/4280/481 2471/4281/481 2508/4049/481 2503/4048/481
f 2471/4282/9 2515/4283/9 2518/4040/9 2508/4284/9
f 2415/4285/25 2511/4264/25 2517/4267/25 2503/4286/25
f 2503/4286/25 2517/4267/25 2516/4287/25 2469/4288/25
f 2421/4289/9 2513/4220/9 2515/4223/9 2471/4290/9
f 2419/4291/17 2514/4044/17 2511/4047/17 2415/4292/17
f 2508/4284/9 2518/4040/9 2514/4043/9 2419/4293/9
f 2417/4294/1 2512/4036/1 2513/4039/1 2421/4295/1
f 2469/4296/25 2516/4032/25 2512/4035/25 2417/4297/25
f 2471/4298/1339 2515/4299/1339 2472/4300/1339 2470/4301/1339 2516/4302/1339 2469/4303/1339
f 2517/4304/1340 2507/4305/1340 2504/4306/1340 2518/4307/1340
f 2473/4308/1341 2470/4309/1341 2472/4310/1341 2474/4311/1341
f 2505/4312/1342 2504/4313/1342 2507/4314/1342 2509/4315/1342
f 2473/4316/1343 2474/4317/1343 2475/4318/1343 2477/4319/1344 2480/4320/1344 2476/4321/1343
f 2479/4322/1345 2482/4323/1345 2480/4324/1344 2477/4325/1344
f 2479/4326/481 2455/4327/481 2460/4328/481 2482/4329/481
f 2461/4330/481 2486/4331/481 2460/4332/481 2455/4333/481
f 2461/4334/1346 2453/4335/1347 2483/4336/1347 2486/4337/1346
f 2453/4338/1347 2468/4339/1348 2484/4340/1348 2483/4341/1347
f 2494/4342/32 2463/4343/32 2464/4344/32 2490/4345/32
f 2506/4346/32 2510/4347/32 2464/4348/32 2463/4349/32
f 2489/4350/1349 2494/4351/1349 2490/4352/1349 2493/4353/1349
f 2505/4354/1350 2509/4355/1350 2510/4356/1350 2506/4357/1350
f 2489/4358/1351 2493/4359/1351 2491/4360/1351 2488/4361/1351
f 2451/4362/1352 2452/4363/1352 2450/4364/1352 2448/4365/1352
f 2499/4366/1353 2500/4367/1353 2448/4368/1353 2450/4369/1353
f 2501/4370/1354 2502/4371/1354 2488/4372/1354 2491/4373/1354
f 2499/4374/32 2502/4375/32 2501/4376/32 2500/4377/32
f 2515/4378/32 2516/4379/32 2517/4380/32 2518/4381/32
f 2452/4382/1355 2451/4383/1355 2484/4384/1355 2468/4385/1355
f 2451/4386/481 2493/4387/481 2489/4388/481 2452/4389/481
f 2490/4390/32 2484/4391/32 2468/4392/32 2494/4393/32
f 2474/4394/481 2505/4395/481 2509/4396/481 2473/4397/481
f 2510/4398/32 2506/4399/32 2475/4400/32 2476/4401/32
f 2519/4402/17 2520/4403/17 2522/4404/17 2521/4405/17
f 2521/4406/32 2522/4407/32 2526/4408/32 2525/4409/32
f 2525/4410/1 2526/4411/1 2524/4412/1 2523/4413/1
f 2523/4414/481 2524/4415/481 2520/4416/481 2519/4417/481
f 2521/4418/25 2525/4419/25 2523/4420/25 2519/4421/25
f 2526/4422/9 2522/4423/9 2520/4424/9 2524/4425/9
f 2527/4426/17 2528/4427/17 2530/4428/17 2529/4429/17
f 2529/4430/25 2530/4431/25 2534/4432/25 2533/4433/25
f 2533/4434/1 2534/4435/1 2532/4436/1 2531/4437/1
f 2531/4438/9 2532/4439/9 2528/4440/9 2527/4441/9
f 2529/4442/481 2533/4443/481 2531/4444/481 2527/4445/481
f 2534/4446/32 2530/4447/32 2528/4448/32 2532/4449/32
f 2535/4450/17 2536/4451/17 2538/4452/17 2537/4453/17
f 2537/4454/25 2538/4455/25 2542/4456/25 2541/4457/25
f 2541/4458/1 2542/4459/1 2540/4460/1 2539/4461/1
f 2539/4462/9 2540/4463/9 2536/4464/9 2535/4465/9
f 2537/4466/481 2541/4467/481 2539/4468/481 2535/4469/481
f 2542/4470/32 2538/4471/32 2536/4472/32 2540/4473/32
f 2543/4474/17 2544/4475/17 2546/4476/17 2545/4477/17
f 2545/4478/32 2546/4479/32 2550/4480/32 2549/4481/32
f 2549/4482/1 2550/4483/1 2548/4484/1 2547/4485/1
f 2547/4486/481 2548/4487/481 2544/4488/481 2543/4489/481
f 2545/4490/25 2549/4491/25 2547/4492/25 2543/4493/25
f 2550/4494/9 2546/4495/9 2544/4496/9 2548/4497/9
f 3255/4498/1 2551/4499/1 2552/4500/1356 3256/4501/1356
f 3256/4501/1356 2552/4500/1356 2553/4502/1357 3257/4503/1357
f 3257/4503/1357 2553/4502/1357 2554/4504/1358 3258/4505/1358
f 3258/4505/1358 2554/4504/1358 2555/4506/1359 3259/4507/1359
f 3259/4507/1359 2555/4506/1359 2556/4508/1360 3260/4509/1360
f 3260/4509/1360 2556/4508/1360 2557/4510/1361 3261/4511/1361
f 3261/4511/1361 2557/4510/1361 2558/4512/1362 3262/4513/1362
f 3262/4513/1362 2558/4512/1362 2559/4514/9 3263/4515/9
f 3263/4516/9 2559/4517/9 2560/4518/1363 3264/4519/1363
f 3264/4519/1363 2560/4518/1363 2561/4520/1364 3265/4521/1364
f 3265/4521/1364 2561/4520/1364 2562/4522/1365 3266/4523/1365
f 3266/4523/1365 2562/4522/1365 2563/4524/1366 3267/4525/1366
f 3267/4525/1366 2563/4524/1366 2564/4526/1367 3268/4527/1367
f 3268/4527/1367 2564/4526/1367 2565/4528/1368 3269/4529/1368
f 3269/4529/1368 2565/4528/1368 2566/4530/1369 3270/4531/1369
f 3270/4531/1369 2566/4530/1369 2567/4532/17 3271/4533/17
f 3271/4533/17 2567/4532/17 2568/4534/1370 3272/4535/1370
f 3272/4535/1370 2568/4534/1370 2569/4536/1371 3273/4537/1372
f 3273/4537/1372 2569/4536/1371 2570/4538/1373 3274/4539/1374
f 3274/4539/1374 2570/4538/1373 2571/4540/1375 3275/4541/1375
f 3275/4541/1375 2571/4540/1375 2572/4542/1376 3276/4543/1376
f 3276/4543/1376 2572/4542/1376 2573/4544/1377 3277/4545/1377
f 3277/4545/1377 2573/4544/1377 2574/4546/1378 3278/4547/1378
f 3278/4547/1378 2574/4546/1378 2575/4548/25 3279/4549/25
f 3279/4550/25 2575/4551/25 2576/4552/1379 3280/4553/1379
f 3280/4553/1379 2576/4552/1379 2577/4554/1380 3281/4555/1380
f 3281/4555/1380 2577/4554/1380 2578/4556/1381 3282/4557/1381
f 3282/4557/1381 2578/4556/1381 2579/4558/1382 3283/4559/1382
f 3283/4559/1382 2579/4558/1382 2580/4560/1383 3284/4561/1384
f 3284/4561/1384 2580/4560/1383 2581/4562/1385 3285/4563/1386
f 2552/4564/32 2551/4565/32 2582/4566/32 2581/4567/32 2580/4568/32 2579/4569/32 2578/4570/32 2577/4571/32 2576/4572/32 2575/4573/32 2574/4574/32 2573/4575/32 2572/4576/32 2571/4577/32 2570/4578/32 2569/4579/32 2568/4580/32 2567/4581/32 2566/4582/32 2565/4583/32 2564/4584/32 2563/4585/32 2562/4586/32 2561/4587/32 2560/4588/32 2559/4589/32 2558/4590/32 2557/4591/32 2556/4592/32 2555/4593/32 2554/4594/32 2553/4595/32
f 3285/4563/1386 2581/4562/1385 2582/4596/1387 3286/4597/1387
f 3286/4597/1387 2582/4596/1387 2551/4499/1 3255/4498/1
f 3126/4598/1388 2646/4599/1389 2615/4600/1390 3063/4601/1391
f 3124/4602/1392 2645/4603/1393 2646/4599/1389 3126/4598/1388
f 3122/4604/1394 2644/4605/1395 2645/4603/1393 3124/4602/1392
f 3120/4606/1396 2643/4607/1397 2644/4605/1395 3122/4604/1394
f 3118/4608/1398 2642/4609/1399 2643/4607/1397 3120/4606/1396
f 3116/4610/1400 2641/4611/1401 2642/4609/1399 3118/4608/1398
f 3114/4612/1402 2640/4613/1403 2641/4611/1401 3116/4610/1400
f 3112/4614/50 2639/4615/1404 2640/4613/1403 3114/4612/1402
f 3110/4616/1405 2638/4617/1406 2639/4618/1404 3112/4619/50
f 3108/4620/1407 2637/4621/1408 2638/4617/1406 3110/4616/1405
f 3106/4622/1409 2636/4623/1410 2637/4621/1408 3108/4620/1407
f 3104/4624/1411 2635/4625/1412 2636/4623/1410 3106/4622/1409
f 3102/4626/1413 2634/4627/1414 2635/4625/1412 3104/4624/1411
f 3100/4628/1415 2633/4629/1416 2634/4627/1414 3102/4626/1413
f 3098/4630/1417 2632/4631/1418 2633/4629/1416 3100/4628/1415
f 3096/4632/1419 2631/4633/1420 2632/4631/1418 3098/4630/1417
f 3094/4634/1421 2630/4635/1422 2631/4633/1420 3096/4632/1419
f 3092/4636/1423 2629/4637/1424 2630/4635/1422 3094/4634/1421
f 3090/4638/1425 2628/4639/1426 2629/4637/1424 3092/4636/1423
f 3088/4640/1427 2627/4641/1428 2628/4639/1426 3090/4638/1425
f 3086/4642/1429 2626/4643/1430 2627/4641/1428 3088/4640/1427
f 3084/4644/1431 2625/4645/1432 2626/4643/1430 3086/4642/1429
f 3082/4646/1433 2624/4647/1434 2625/4645/1432 3084/4644/1431
f 3080/4648/1435 2623/4649/1436 2624/4647/1434 3082/4646/1433
f 3078/4650/1437 2622/4651/1438 2623/4652/1436 3080/4653/1435
f 3076/4654/1439 2621/4655/1440 2622/4651/1438 3078/4650/1437
f 3074/4656/1441 2620/4657/1442 2621/4655/1440 3076/4654/1439
f 3072/4658/1443 2619/4659/1444 2620/4657/1442 3074/4656/1441
f 3070/4660/1445 2618/4661/1446 2619/4659/1444 3072/4658/1443
f 3068/4662/1447 2617/4663/1448 2618/4661/1446 3070/4660/1445
f 3063/4601/1391 2615/4600/1390 2616/4664/1449 3066/4665/1450
f 3066/4665/1450 2616/4664/1449 2617/4663/1448 3068/4662/1447
f 2676/4666/1451 3123/4667/1452 3125/4668/1453 2677/4669/1454
f 2675/4670/1455 3121/4671/1456 3123/4667/1452 2676/4666/1451
f 2674/4672/1457 3119/4673/1458 3121/4671/1456 2675/4670/1455
f 2673/4674/1459 3117/4675/1460 3119/4673/1458 2674/4672/1457
f 2672/4676/1461 3115/4677/1462 3117/4675/1460 2673/4674/1459
f 2671/4678/1463 3113/4679/1464 3115/4677/1462 2672/4676/1461
f 2670/4680/1465 3111/4681/1466 3113/4679/1464 2671/4678/1463
f 2669/4682/1467 3109/4683/1468 3111/4684/1466 2670/4685/1465
f 2668/4686/1469 3107/4687/1470 3109/4683/1468 2669/4682/1467
f 2667/4688/1471 3105/4689/1472 3107/4687/1470 2668/4686/1469
f 2666/4690/1473 3103/4691/1474 3105/4689/1472 2667/4688/1471
f 2665/4692/1475 3101/4693/1476 3103/4691/1474 2666/4690/1473
f 2664/4694/1477 3099/4695/1478 3101/4693/1476 2665/4692/1475
f 2663/4696/1479 3097/4697/1480 3099/4695/1478 2664/4694/1477
f 2662/4698/1481 3095/4699/1482 3097/4697/1480 2663/4696/1479
f 2661/4700/1483 3093/4701/1484 3095/4699/1482 2662/4698/1481
f 2660/4702/1485 3091/4703/1486 3093/4701/1484 2661/4700/1483
f 2659/4704/1487 3089/4705/1488 3091/4703/1486 2660/4702/1485
f 2658/4706/1489 3087/4707/1490 3089/4705/1488 2659/4704/1487
f 2657/4708/1491 3085/4709/1492 3087/4707/1490 2658/4706/1489
f 2656/4710/1493 3083/4711/1494 3085/4709/1492 2657/4708/1491
f 2655/4712/1495 3081/4713/1496 3083/4711/1494 2656/4710/1493
f 2654/4714/144 3079/4715/1497 3081/4713/1496 2655/4712/1495
f 2653/4716/1498 3077/4717/1499 3079/4718/1497 2654/4719/144
f 2652/4720/1500 3075/4721/1501 3077/4717/1499 2653/4716/1498
f 2651/4722/1502 3073/4723/1503 3075/4721/1501 2652/4720/1500
f 2650/4724/1504 3071/4725/1505 3073/4723/1503 2651/4722/1502
f 2649/4726/1506 3069/4727/1507 3071/4725/1505 2650/4724/1504
f 2648/4728/1508 3067/4729/1509 3069/4727/1507 2649/4726/1506
f 2647/4730/1510 3065/4731/1511 3067/4729/1509 2648/4728/1508
f 2677/4669/1454 3125/4668/1453 3064/4732/1512 2678/4733/1513
f 2711/4734/1 2678/4735/1513 2647/4736/1510 2712/4737/1356
f 2712/4737/1356 2647/4736/1510 2648/4738/1508 2713/4739/1514
f 2713/4739/1514 2648/4738/1508 2649/4740/1506 2714/4741/1515
f 2714/4741/1515 2649/4740/1506 2650/4742/1504 2715/4743/1516
f 2715/4743/1516 2650/4742/1504 2651/4744/1502 2716/4745/1360
f 2716/4745/1360 2651/4744/1502 2652/4746/1500 2717/4747/1517
f 2717/4747/1517 2652/4746/1500 2653/4748/1498 2718/4749/1362
f 2718/4749/1362 2653/4748/1498 2654/4750/144 2719/4751/9
f 2719/4752/9 2654/4753/144 2655/4754/1495 2720/4755/1363
f 2720/4755/1363 2655/4754/1495 2656/4756/1493 2721/4757/1518
f 2721/4757/1518 2656/4756/1493 2657/4758/1491 2722/4759/1365
f 2722/4759/1365 2657/4758/1491 2658/4760/1489 2723/4761/1519
f 2723/4761/1519 2658/4760/1489 2659/4762/1487 2724/4763/1520
f 2724/4763/1520 2659/4762/1487 2660/4764/1485 2725/4765/1521
f 2725/4765/1521 2660/4764/1485 2661/4766/1483 2726/4767/1369
f 2726/4767/1369 2661/4766/1483 2662/4768/1481 2727/4769/17
f 2727/4769/17 2662/4768/1481 2663/4770/1479 2728/4771/1370
f 2728/4771/1370 2663/4770/1479 2664/4772/1477 2729/4773/1372
f 2729/4773/1372 2664/4772/1477 2665/4774/1475 2730/4775/1374
f 2730/4775/1374 2665/4774/1475 2666/4776/1473 2731/4777/1522
f 2731/4777/1522 2666/4776/1473 2667/4778/1471 2732/4779/1376
f 2732/4779/1376 2667/4778/1471 2668/4780/1469 2733/4781/1377
f 2733/4781/1377 2668/4780/1469 2669/4782/1467 2734/4783/1378
f 2734/4783/1378 2669/4782/1467 2670/4784/1465 2735/4785/25
f 2735/4786/25 2670/4787/1465 2671/4788/1463 2736/4789/1379
f 2736/4789/1379 2671/4788/1463 2672/4790/1461 2737/4791/1380
f 2737/4791/1380 2672/4790/1461 2673/4792/1459 2738/4793/1381
f 2738/4793/1381 2673/4792/1459 2674/4794/1457 2739/4795/1523
f 2739/4795/1523 2674/4794/1457 2675/4796/1455 2740/4797/1384
f 2740/4797/1384 2675/4796/1455 2676/4798/1451 2741/4799/1386
f 2741/4799/1386 2676/4798/1451 2677/4800/1454 2742/4801/1387
f 2742/4801/1387 2677/4800/1454 2678/4735/1513 2711/4734/1
f 3060/4802/1524 2742/4803/1525 2711/4804/1526 3061/4805/1526
f 3058/4806/1527 2741/4807/1528 2742/4803/1525 3060/4802/1524
f 3056/4808/1529 2740/4809/1530 2741/4807/1528 3058/4806/1527
f 3054/4810/1531 2739/4811/1532 2740/4809/1530 3056/4808/1529
f 3052/4812/1533 2738/4813/1534 2739/4811/1532 3054/4810/1531
f 3050/4814/1535 2737/4815/1536 2738/4813/1534 3052/4812/1533
f 3048/4816/1537 2736/4817/1538 2737/4815/1536 3050/4814/1535
f 3046/4818/176 2735/4819/176 2736/4817/1538 3048/4816/1537
f 3044/4820/1539 2734/4821/1540 2735/4822/176 3046/4823/176
f 3042/4824/1541 2733/4825/1542 2734/4821/1540 3044/4820/1539
f 3040/4826/1543 2732/4827/1544 2733/4825/1542 3042/4824/1541
f 3038/4828/1545 2731/4829/1546 2732/4827/1544 3040/4826/1543
f 3036/4830/1547 2730/4831/1548 2731/4829/1546 3038/4828/1545
f 3034/4832/1549 2729/4833/1550 2730/4831/1548 3036/4830/1547
f 3032/4834/1551 2728/4835/1552 2729/4833/1550 3034/4832/1549
f 3030/4836/1553 2727/4837/1553 2728/4835/1552 3032/4834/1551
f 3028/4838/1554 2726/4839/1555 2727/4837/1553 3030/4836/1553
f 3026/4840/1556 2725/4841/1557 2726/4839/1555 3028/4838/1554
f 3024/4842/1558 2724/4843/1559 2725/4841/1557 3026/4840/1556
f 3022/4844/1560 2723/4845/1561 2724/4843/1559 3024/4842/1558
f 3020/4846/1562 2722/4847/1563 2723/4845/1561 3022/4844/1560
f 3018/4848/1564 2721/4849/1565 2722/4847/1563 3020/4846/1562
f 3016/4850/1566 2720/4851/1567 2721/4849/1565 3018/4848/1564
f 3014/4852/1568 2719/4853/1568 2720/4851/1567 3016/4850/1566
f 3012/4854/1569 2718/4855/1570 2719/4856/1568 3014/4857/1568
f 3010/4858/1571 2717/4859/1572 2718/4855/1570 3012/4854/1569
f 3008/4860/1573 2716/4861/1574 2717/4859/1572 3010/4858/1571
f 3006/4862/1575 2715/4863/1576 2716/4861/1574 3008/4860/1573
f 3004/4864/1577 2714/4865/1578 2715/4863/1576 3006/4862/1575
f 3002/4866/1579 2713/4867/1580 2714/4865/1578 3004/4864/1577
f 3000/4868/1581 2712/4869/1582 2713/4867/1580 3002/4866/1579
f 2583/4870/1583 2710/4871/1 2679/4872/1356 2584/4873/1584
f 2584/4873/1584 2679/4872/1356 2680/4874/1357 2585/4875/1585
f 2585/4875/1585 2680/4874/1357 2681/4876/1515 2586/4877/1586
f 2586/4877/1586 2681/4876/1515 2682/4878/1359 2587/4879/1359
f 2587/4879/1359 2682/4878/1359 2683/4880/1360 2588/4881/1360
f 2588/4881/1360 2683/4880/1360 2684/4882/1517 2589/4883/1517
f 2589/4883/1517 2684/4882/1517 2685/4884/1362 2590/4885/1362
f 2590/4885/1362 2685/4884/1362 2686/4886/9 2591/4887/9
f 2591/4888/9 2686/4889/9 2687/4890/1363 2592/4891/1363
f 2592/4891/1363 2687/4890/1363 2688/4892/1518 2593/4893/1518
f 2593/4893/1518 2688/4892/1518 2689/4894/1365 2594/4895/1365
f 2594/4895/1365 2689/4894/1365 2690/4896/1366 2595/4897/1366
f 2595/4897/1366 2690/4896/1366 2691/4898/1520 2596/4899/1587
f 2596/4899/1587 2691/4898/1520 2692/4900/1368 2597/4901/1588
f 2597/4901/1588 2692/4900/1368 2693/4902/1369 2598/4903/1589
f 2598/4903/1589 2693/4902/1369 2694/4904/17 2599/4905/1590
f 2599/4905/1590 2694/4904/17 2695/4906/1370 2600/4907/1591
f 2600/4907/1591 2695/4906/1370 2696/4908/1372 2601/4909/1592
f 2601/4909/1592 2696/4908/1372 2697/4910/1373 2602/4911/1593
f 2602/4911/1593 2697/4910/1373 2698/4912/1522 2603/4913/1522
f 2603/4913/1522 2698/4912/1522 2699/4914/1376 2604/4915/1376
f 2604/4915/1376 2699/4914/1376 2700/4916/1377 2605/4917/1377
f 2605/4917/1377 2700/4916/1377 2701/4918/1378 2606/4919/1378
f 2606/4919/1378 2701/4918/1378 2702/4920/25 2607/4921/25
f 2607/4922/25 2702/4923/25 2703/4924/1379 2608/4925/1379
f 2608/4925/1379 2703/4924/1379 2704/4926/1380 2609/4927/1380
f 2609/4927/1380 2704/4926/1380 2705/4928/1381 2610/4929/1381
f 2610/4929/1381 2705/4928/1381 2706/4930/1523 2611/4931/1523
f 2611/4931/1523 2706/4930/1523 2707/4932/1383 2612/4933/1594
f 2612/4933/1594 2707/4932/1383 2708/4934/1386 2613/4935/1595
f 2613/4935/1595 2708/4934/1386 2709/4936/1387 2614/4937/1596
f 2614/4937/1596 2709/4936/1387 2710/4871/1 2583/4870/1583
f 2709/4938/1597 3059/4939/1598 3062/4940/1599 2710/4941/1599
f 2708/4942/1600 3057/4943/1601 3059/4939/1598 2709/4938/1597
f 2707/4944/1602 3055/4945/1603 3057/4943/1601 2708/4942/1600
f 2706/4946/1604 3053/4947/1605 3055/4945/1603 2707/4944/1602
f 2705/4948/1606 3051/4949/1607 3053/4947/1605 2706/4946/1604
f 2704/4950/1608 3049/4951/1609 3051/4949/1607 2705/4948/1606
f 2703/4952/1610 3047/4953/1611 3049/4951/1609 2704/4950/1608
f 2702/4954/219 3045/4955/219 3047/4953/1611 2703/4952/1610
f 2701/4956/1612 3043/4957/1613 3045/4958/219 2702/4959/219
f 2700/4960/1614 3041/4961/1615 3043/4957/1613 2701/4956/1612
f 2699/4962/1616 3039/4963/1617 3041/4961/1615 2700/4960/1614
f 2698/4964/1618 3037/4965/1619 3039/4963/1617 2699/4962/1616
f 2697/4966/1620 3035/4967/1621 3037/4965/1619 2698/4964/1618
f 2696/4968/1622 3033/4969/1623 3035/4967/1621 2697/4966/1620
f 2695/4970/1624 3031/4971/1625 3033/4969/1623 2696/4968/1622
f 2694/4972/1626 3029/4973/1626 3031/4971/1625 2695/4970/1624
f 2693/4974/1627 3027/4975/1628 3029/4973/1626 2694/4972/1626
f 2692/4976/1629 3025/4977/1630 3027/4975/1628 2693/4974/1627
f 2691/4978/1631 3023/4979/1632 3025/4977/1630 2692/4976/1629
f 2690/4980/1633 3021/4981/1634 3023/4979/1632 2691/4978/1631
f 2689/4982/1635 3019/4983/1636 3021/4981/1634 2690/4980/1633
f 2688/4984/1637 3017/4985/1638 3019/4983/1636 2689/4982/1635
f 2687/4986/1639 3015/4987/1640 3017/4985/1638 2688/4984/1637
f 2686/4988/241 3013/4989/241 3015/4987/1640 2687/4986/1639
f 2685/4990/1641 3011/4991/1642 3013/4992/241 2686/4993/241
f 2684/4994/1643 3009/4995/1644 3011/4991/1642 2685/4990/1641
f 2683/4996/1645 3007/4997/1646 3009/4995/1644 2684/4994/1643
f 2682/4998/1647 3005/4999/1648 3007/4997/1646 2683/4996/1645
f 2681/5000/1649 3003/5001/1650 3005/4999/1648 2682/4998/1647
f 2680/5002/1651 3001/5003/1652 3003/5001/1650 2681/5000/1649
f 2679/5004/1653 2999/5005/1654 3001/5003/1652 2680/5002/1651
f 2710/4941/1599 3062/4940/1599 2999/5005/1654 2679/5004/1653
f 2775/5006/1655 2776/5007/1656 2743/5008/253 2774/5009/1657
f 2777/5010/1658 2778/5011/1659 2748/5012/1660 2747/5013/1661
f 2779/5014/1662 2780/5015/1663 2761/5016/1664 2760/5017/1665
f 2781/5018/1666 2775/5006/1655 2774/5009/1657 2773/5019/1667
f 2782/5020/1668 2777/5010/1658 2747/5013/1661 2746/5021/1669
f 2783/5022/1670 2779/5014/1662 2760/5017/1665 2759/5023/268
f 2784/5024/1671 2781/5018/1666 2773/5019/1667 2772/5025/1672
f 2785/5026/1673 2782/5020/1668 2746/5021/1669 2745/5027/1674
f 2786/5028/1675 2783/5022/1670 2759/5023/268 2758/5029/1676
f 2787/5030/1677 2784/5024/1671 2772/5025/1672 2771/5031/1678
f 2788/5032/1679 2785/5026/1673 2745/5027/1674 2744/5033/1680
f 2789/5034/1681 2786/5028/1675 2758/5029/1676 2757/5035/1682
f 2790/5036/1683 2787/5030/1677 2771/5031/1678 2770/5037/1684
f 2776/5007/1656 2788/5032/1679 2744/5033/1680 2743/5008/253
f 2791/5038/1685 2789/5034/1681 2757/5035/1682 2756/5039/1686
f 2792/5040/1687 2790/5036/1683 2770/5037/1684 2769/5041/1688
f 2793/5042/1689 2791/5038/1685 2756/5039/1686 2755/5043/1690
f 2794/5044/1691 2792/5040/1687 2769/5041/1688 2768/5045/1692
f 2795/5046/1693 2793/5042/1689 2755/5043/1690 2754/5047/1694
f 2796/5048/1695 2794/5044/1691 2768/5045/1692 2767/5049/294
f 2797/5050/1696 2795/5046/1693 2754/5047/1694 2753/5051/1697
f 2798/5052/1698 2796/5053/1695 2767/5054/294 2766/5055/1699
f 2799/5056/1700 2797/5050/1696 2753/5051/1697 2752/5057/1701
f 2800/5058/1702 2798/5052/1698 2766/5055/1699 2765/5059/1703
f 2801/5060/1704 2799/5056/1700 2752/5057/1701 2751/5061/304
f 2802/5062/1705 2800/5058/1702 2765/5059/1703 2764/5063/1706
f 2803/5064/1707 2801/5065/1704 2751/5066/304 2750/5067/1708
f 2804/5068/1709 2802/5062/1705 2764/5063/1706 2763/5069/1710
f 2805/5070/1711 2803/5064/1707 2750/5067/1708 2749/5071/1712
f 2806/5072/1713 2804/5068/1709 2763/5069/1710 2762/5073/1714
f 2778/5011/1659 2805/5070/1711 2749/5071/1712 2748/5012/1660
f 2780/5015/1663 2806/5072/1713 2762/5073/1714 2761/5016/1664
f 2601/5074/1592 2602/5075/1593 2806/5072/1713 2780/5015/1663
f 2588/5076/1715 2589/5077/1716 2805/5070/1711 2778/5011/1659
f 2602/5075/1593 2603/5078/1717 2804/5068/1709 2806/5072/1713
f 2589/5077/1716 2590/5079/1718 2803/5064/1707 2805/5070/1711
f 2603/5078/1717 2604/5080/1719 2802/5062/1705 2804/5068/1709
f 2590/5079/1718 2591/5081/322 2801/5065/1704 2803/5064/1707
f 2604/5080/1719 2605/5082/1720 2800/5058/1702 2802/5062/1705
f 2591/5083/322 2592/5084/1721 2799/5056/1700 2801/5060/1704
f 2605/5082/1720 2606/5085/1722 2798/5052/1698 2800/5058/1702
f 2592/5084/1721 2593/5086/1723 2797/5050/1696 2799/5056/1700
f 2606/5085/1722 2607/5087/1724 2796/5053/1695 2798/5052/1698
f 2593/5086/1723 2594/5088/1725 2795/5046/1693 2797/5050/1696
f 2607/5089/1724 2608/5090/1726 2794/5044/1691 2796/5048/1695
f 2594/5088/1725 2595/5091/1727 2793/5042/1689 2795/5046/1693
f 2608/5090/1726 2609/5092/1728 2792/5040/1687 2794/5044/1691
f 2595/5091/1727 2596/5093/1587 2791/5038/1685 2793/5042/1689
f 2609/5092/1728 2610/5094/1729 2790/5036/1683 2792/5040/1687
f 2596/5093/1587 2597/5095/1588 2789/5034/1681 2791/5038/1685
f 2583/5096/1583 2584/5097/1584 2788/5032/1679 2776/5007/1656
f 2610/5094/1729 2611/5098/1730 2787/5030/1677 2790/5036/1683
f 2597/5095/1588 2598/5099/1589 2786/5028/1675 2789/5034/1681
f 2584/5097/1584 2585/5100/1585 2785/5026/1673 2788/5032/1679
f 2611/5098/1730 2612/5101/1594 2784/5024/1671 2787/5030/1677
f 2598/5099/1589 2599/5102/1590 2783/5022/1670 2786/5028/1675
f 2585/5100/1585 2586/5103/1586 2782/5020/1668 2785/5026/1673
f 2612/5101/1594 2613/5104/1595 2781/5018/1666 2784/5024/1671
f 2599/5102/1590 2600/5105/1591 2779/5014/1662 2783/5022/1670
f 2586/5103/1586 2587/5106/1731 2777/5010/1658 2782/5020/1668
f 2613/5104/1595 2614/5107/1596 2775/5006/1655 2781/5018/1666
f 2600/5105/1591 2601/5074/1592 2780/5015/1663 2779/5014/1662
f 2587/5106/1731 2588/5076/1715 2778/5011/1659 2777/5010/1658
f 2614/5107/1596 2583/5096/1583 2776/5007/1656 2775/5006/1655
f 2748/5012/1660 2749/5071/1712 2865/5108/1732 2866/5109/1733
f 2761/5016/1664 2762/5073/1714 2852/5110/1734 2853/5111/1735
f 2774/5009/1657 2743/5008/253 2840/5112/1736 2839/5113/1737
f 2747/5013/1661 2748/5012/1660 2866/5109/1733 2867/5114/1738
f 2760/5017/1665 2761/5016/1664 2853/5111/1735 2854/5115/1739
f 2773/5019/1667 2774/5009/1657 2839/5113/1737 2841/5116/1740
f 2746/5021/1669 2747/5013/1661 2867/5114/1738 2868/5117/1741
f 2759/5023/268 2760/5017/1665 2854/5115/1739 2855/5118/1742
f 2772/5025/1672 2773/5019/1667 2841/5116/1740 2842/5119/1743
f 2745/5027/1674 2746/5021/1669 2868/5117/1741 2869/5120/1744
f 2758/5029/1676 2759/5023/268 2855/5118/1742 2856/5121/1745
f 2771/5031/1678 2772/5025/1672 2842/5119/1743 2843/5122/1746
f 2744/5033/1680 2745/5027/1674 2869/5120/1744 2870/5123/1747
f 2757/5035/1682 2758/5029/1676 2856/5121/1745 2857/5124/1748
f 2770/5037/1684 2771/5031/1678 2843/5122/1746 2844/5125/1749
f 2743/5008/253 2744/5033/1680 2870/5123/1747 2840/5112/1736
f 2756/5039/1686 2757/5035/1682 2857/5124/1748 2858/5126/1750
f 2769/5041/1688 2770/5037/1684 2844/5125/1749 2845/5127/1751
f 2755/5043/1690 2756/5039/1686 2858/5126/1750 2859/5128/1752
f 2768/5045/1692 2769/5041/1688 2845/5127/1751 2846/5129/1753
f 2754/5047/1694 2755/5043/1690 2859/5128/1752 2860/5130/1754
f 2767/5049/294 2768/5045/1692 2846/5129/1753 2847/5131/370
f 2753/5051/1697 2754/5047/1694 2860/5130/1754 2861/5132/1755
f 2766/5055/1699 2767/5054/294 2847/5133/370 2848/5134/1756
f 2752/5057/1701 2753/5051/1697 2861/5132/1755 2862/5135/1757
f 2765/5059/1703 2766/5055/1699 2848/5134/1756 2849/5136/1758
f 2751/5061/304 2752/5057/1701 2862/5135/1757 2863/5137/375
f 2764/5063/1706 2765/5059/1703 2849/5136/1758 2850/5138/1759
f 2750/5067/1708 2751/5066/304 2863/5139/375 2864/5140/1760
f 2763/5069/1710 2764/5063/1706 2850/5138/1759 2851/5141/1761
f 2749/5071/1712 2750/5067/1708 2864/5140/1760 2865/5108/1732
f 2762/5073/1714 2763/5069/1710 2851/5141/1761 2852/5110/1734
f 3130/5142/1360 3127/5143/1361 2897/5144/1361 2898/5145/1360
f 2807/5146/1762 2838/5147/1763 2839/5113/1737 2840/5112/1736
f 2838/5147/1763 2837/5148/1764 2841/5116/1740 2839/5113/1737
f 2837/5148/1764 2836/5149/1765 2842/5119/1743 2841/5116/1740
f 2836/5149/1765 2835/5150/1766 2843/5122/1746 2842/5119/1743
f 2835/5150/1766 2834/5151/1767 2844/5125/1749 2843/5122/1746
f 2834/5151/1767 2833/5152/1768 2845/5127/1751 2844/5125/1749
f 2833/5152/1768 2832/5153/1769 2846/5129/1753 2845/5127/1751
f 2832/5153/1769 2831/5154/387 2847/5131/370 2846/5129/1753
f 2831/5155/387 2830/5156/1770 2848/5134/1756 2847/5133/370
f 2830/5156/1770 2829/5157/1771 2849/5136/1758 2848/5134/1756
f 2829/5157/1771 2828/5158/1772 2850/5138/1759 2849/5136/1758
f 2828/5158/1772 2827/5159/1773 2851/5141/1761 2850/5138/1759
f 2827/5159/1773 2826/5160/1774 2852/5110/1734 2851/5141/1761
f 2826/5160/1774 2825/5161/1775 2853/5111/1735 2852/5110/1734
f 2825/5161/1775 2824/5162/1776 2854/5115/1739 2853/5111/1735
f 2824/5162/1776 2823/5163/1777 2855/5118/1742 2854/5115/1739
f 2823/5163/1777 2822/5164/1778 2856/5121/1745 2855/5118/1742
f 2822/5164/1778 2821/5165/1779 2857/5124/1748 2856/5121/1745
f 2821/5165/1779 2820/5166/1780 2858/5126/1750 2857/5124/1748
f 2820/5166/1780 2819/5167/1781 2859/5128/1752 2858/5126/1750
f 2819/5167/1781 2818/5168/1782 2860/5130/1754 2859/5128/1752
f 2818/5168/1782 2817/5169/1783 2861/5132/1755 2860/5130/1754
f 2817/5169/1783 2816/5170/1784 2862/5135/1757 2861/5132/1755
f 2816/5170/1784 2815/5171/403 2863/5137/375 2862/5135/1757
f 2815/5172/403 2814/5173/1785 2864/5140/1760 2863/5139/375
f 2814/5173/1785 2813/5174/1786 2865/5108/1732 2864/5140/1760
f 2813/5174/1786 2812/5175/1787 2866/5109/1733 2865/5108/1732
f 2812/5175/1787 2811/5176/1788 2867/5114/1738 2866/5109/1733
f 2811/5176/1788 2810/5177/1789 2868/5117/1741 2867/5114/1738
f 2810/5177/1789 2809/5178/1790 2869/5120/1744 2868/5117/1741
f 2809/5178/1790 2808/5179/1791 2870/5123/1747 2869/5120/1744
f 2808/5179/1791 2807/5146/1762 2840/5112/1736 2870/5123/1747
f 2963/5180/1792 2961/5181/1793 2916/5182/1794 2917/5183/1795
f 3131/5184/1372 3128/5185/1373 2884/5186/1373 2885/5187/1372
f 3132/5188/1387 3129/5189/1 2872/5190/1 2871/5191/1387
f 3133/5192/1516 3130/5142/1360 2898/5145/1360 2899/5193/1516
f 3134/5194/1370 3131/5184/1372 2885/5187/1372 2886/5195/1370
f 3135/5196/1386 3132/5188/1387 2871/5191/1387 2873/5197/1386
f 3136/5198/1358 3133/5192/1516 2899/5193/1516 2900/5199/1358
f 3137/5200/17 3134/5194/1370 2886/5195/1370 2887/5201/17
f 3138/5202/1383 3135/5196/1386 2873/5197/1386 2874/5203/1383
f 3139/5204/1514 3136/5198/1358 2900/5199/1358 2901/5205/1514
f 3140/5206/1369 3137/5200/17 2887/5201/17 2888/5207/1369
f 3141/5208/1382 3138/5202/1383 2874/5203/1383 2875/5209/1382
f 3142/5210/1356 3139/5204/1514 2901/5205/1514 2902/5211/1356
f 3143/5212/1521 3140/5206/1369 2888/5207/1369 2889/5213/1521
f 3144/5214/1381 3141/5208/1382 2875/5209/1382 2876/5215/1381
f 3129/5189/1 3142/5210/1356 2902/5211/1356 2872/5190/1
f 3145/5216/1367 3143/5212/1521 2889/5213/1521 2890/5217/1367
f 3146/5218/1380 3144/5214/1381 2876/5215/1381 2877/5219/1380
f 3147/5220/1519 3145/5216/1367 2890/5217/1367 2891/5221/1519
f 3148/5222/1379 3146/5218/1380 2877/5219/1380 2878/5223/1379
f 3149/5224/1365 3147/5220/1519 2891/5221/1519 2892/5225/1365
f 3150/5226/25 3148/5222/1379 2878/5223/1379 2879/5227/25
f 3151/5228/1364 3149/5224/1365 2892/5225/1365 2893/5229/1364
f 3152/5230/1378 3150/5231/25 2879/5232/25 2880/5233/1378
f 3153/5234/1363 3151/5228/1364 2893/5229/1364 2894/5235/1363
f 3154/5236/1377 3152/5230/1378 2880/5233/1378 2881/5237/1377
f 3155/5238/9 3153/5234/1363 2894/5235/1363 2895/5239/9
f 3156/5240/1376 3154/5236/1377 2881/5237/1377 2882/5241/1376
f 3157/5242/1362 3155/5243/9 2895/5244/9 2896/5245/1362
f 3158/5246/1375 3156/5240/1376 2882/5241/1376 2883/5247/1375
f 3127/5143/1361 3157/5242/1362 2896/5245/1362 2897/5144/1361
f 3128/5185/1373 3158/5246/1375 2883/5247/1375 2884/5186/1373
f 2939/5248/1796 2935/5249/1797 2903/5250/1798 2905/5251/1799
f 2937/5252/1800 2936/5253/1801 2871/5254/1802 2872/5255/1803
f 2943/5256/1804 2941/5257/1805 2906/5258/1806 2907/5259/1807
f 2945/5260/1808 2943/5256/1804 2907/5259/1807 2908/5261/1809
f 2947/5262/1810 2945/5260/1808 2908/5261/1809 2909/5263/1811
f 2949/5264/1812 2947/5262/1810 2909/5263/1811 2910/5265/1813
f 2951/5266/1814 2949/5264/1812 2910/5265/1813 2911/5267/434
f 2953/5268/1815 2951/5269/1814 2911/5270/434 2912/5271/1816
f 2955/5272/1817 2953/5268/1815 2912/5271/1816 2913/5273/1818
f 2957/5274/1819 2955/5272/1817 2913/5273/1818 2914/5275/1820
f 2959/5276/1821 2957/5274/1819 2914/5275/1820 2915/5277/1822
f 2960/5278/1823 2962/5279/1824 2884/5280/1825 2883/5281/1826
f 2961/5181/1793 2959/5276/1821 2915/5277/1822 2916/5182/1794
f 2965/5282/1827 2963/5180/1792 2917/5183/1795 2918/5283/1828
f 2967/5284/1829 2965/5282/1827 2918/5283/1828 2919/5285/450
f 2969/5286/1830 2967/5284/1829 2919/5285/450 2920/5287/1831
f 2971/5288/1832 2969/5286/1830 2920/5287/1831 2921/5289/1833
f 2973/5290/1834 2971/5288/1832 2921/5289/1833 2922/5291/1835
f 2975/5292/1836 2973/5290/1834 2922/5291/1835 2923/5293/1837
f 2977/5294/1838 2975/5292/1836 2923/5293/1837 2924/5295/1839
f 2979/5296/1840 2977/5294/1838 2924/5295/1839 2925/5297/1841
f 2981/5298/1842 2979/5296/1840 2925/5297/1841 2926/5299/1843
f 2983/5300/1844 2981/5298/1842 2926/5299/1843 2927/5301/466
f 2985/5302/1845 2983/5303/1844 2927/5304/466 2928/5305/1846
f 2987/5306/1847 2985/5302/1845 2928/5305/1846 2929/5307/1848
f 2989/5308/1849 2987/5306/1847 2929/5307/1848 2930/5309/1850
f 2991/5310/1851 2989/5308/1849 2930/5309/1850 2931/5311/1852
f 2993/5312/1853 2991/5310/1851 2931/5311/1852 2932/5313/1854
f 2995/5314/1855 2993/5312/1853 2932/5313/1854 2933/5315/1856
f 2997/5316/1857 2995/5314/1855 2933/5315/1856 2934/5317/1858
f 2941/5257/1805 2939/5248/1796 2905/5251/1799 2906/5258/1806
f 2903/5318/481 2904/5319/481 2934/5320/481 2933/5321/481 2932/5322/481 2931/5323/481 2930/5324/481 2929/5325/481 2928/5326/481 2927/5327/481 2926/5328/481 2925/5329/481 2924/5330/481 2923/5331/481 2922/5332/481 2921/5333/481 2920/5334/481 2919/5335/481 2918/5336/481 2917/5337/481 2916/5338/481 2915/5339/481 2914/5340/481 2913/5341/481 2912/5342/481 2911/5343/481 2910/5344/481 2909/5345/481 2908/5346/481 2907/5347/481 2906/5348/481 2905/5349/481
f 2988/5350/1859 2990/5351/1860 2898/5352/1861 2897/5353/1862
f 2962/5279/1824 2964/5354/1863 2885/5355/1864 2884/5280/1825
f 2936/5253/1801 2940/5356/1865 2873/5357/1866 2871/5254/1802
f 2990/5351/1860 2992/5358/1867 2899/5359/1868 2898/5352/1861
f 2964/5354/1863 2966/5360/1869 2886/5361/1870 2885/5355/1864
f 2938/5362/1871 2997/5316/1857 2934/5317/1858 2904/5363/495
f 2992/5358/1867 2994/5364/1872 2900/5365/1873 2899/5359/1868
f 2966/5360/1869 2968/5366/1874 2887/5367/1875 2886/5361/1870
f 2940/5356/1865 2942/5368/1876 2874/5369/1877 2873/5357/1866
f 2994/5364/1872 2996/5370/1878 2901/5371/1879 2900/5365/1873
f 2968/5366/1874 2970/5372/1880 2888/5373/1881 2887/5367/1875
f 2942/5368/1876 2944/5374/1882 2875/5375/1883 2874/5369/1877
f 2996/5370/1878 2998/5376/1884 2902/5377/1885 2901/5371/1879
f 2970/5372/1880 2972/5378/1886 2889/5379/1887 2888/5373/1881
f 2944/5374/1882 2946/5380/1888 2876/5381/1889 2875/5375/1883
f 2998/5376/1884 2937/5252/1800 2872/5255/1803 2902/5377/1885
f 2972/5378/1886 2974/5382/1890 2890/5383/1891 2889/5379/1887
f 2946/5380/1888 2948/5384/1892 2877/5385/1893 2876/5381/1889
f 2974/5382/1890 2976/5386/1894 2891/5387/1895 2890/5383/1891
f 2948/5384/1892 2950/5388/1896 2878/5389/1897 2877/5385/1893
f 2976/5386/1894 2978/5390/1898 2892/5391/1899 2891/5387/1895
f 2950/5388/1896 2952/5392/1900 2879/5393/1901 2878/5389/1897
f 2978/5390/1898 2980/5394/1902 2893/5395/1903 2892/5391/1899
f 2952/5396/1900 2954/5397/1904 2880/5398/1905 2879/5399/1901
f 2980/5394/1902 2982/5400/1906 2894/5401/1907 2893/5395/1903
f 2954/5397/1904 2956/5402/1908 2881/5403/1909 2880/5398/1905
f 2982/5400/1906 2984/5404/1910 2895/5405/535 2894/5401/1907
f 2956/5402/1908 2958/5406/1911 2882/5407/1912 2881/5403/1909
f 2984/5408/1910 2986/5409/1913 2896/5410/1914 2895/5411/535
f 2958/5406/1911 2960/5278/1823 2883/5281/1826 2882/5407/1912
f 2986/5409/1913 2988/5350/1859 2897/5353/1862 2896/5410/1914
f 2936/5253/1801 2937/5252/1800 2938/5362/1871 2935/5249/1797
f 2940/5356/1865 2936/5253/1801 2935/5249/1797 2939/5248/1796
f 2942/5368/1876 2940/5356/1865 2939/5248/1796 2941/5257/1805
f 2944/5374/1882 2942/5368/1876 2941/5257/1805 2943/5256/1804
f 2946/5380/1888 2944/5374/1882 2943/5256/1804 2945/5260/1808
f 2948/5384/1892 2946/5380/1888 2945/5260/1808 2947/5262/1810
f 2950/5388/1896 2948/5384/1892 2947/5262/1810 2949/5264/1812
f 2952/5392/1900 2950/5388/1896 2949/5264/1812 2951/5266/1814
f 2954/5397/1904 2952/5396/1900 2951/5269/1814 2953/5268/1815
f 2956/5402/1908 2954/5397/1904 2953/5268/1815 2955/5272/1817
f 2958/5406/1911 2956/5402/1908 2955/5272/1817 2957/5274/1819
f 2960/5278/1823 2958/5406/1911 2957/5274/1819 2959/5276/1821
f 2962/5279/1824 2960/5278/1823 2959/5276/1821 2961/5181/1793
f 2964/5354/1863 2962/5279/1824 2961/5181/1793 2963/5180/1792
f 2966/5360/1869 2964/5354/1863 2963/5180/1792 2965/5282/1827
f 2968/5366/1874 2966/5360/1869 2965/5282/1827 2967/5284/1829
f 2970/5372/1880 2968/5366/1874 2967/5284/1829 2969/5286/1830
f 2972/5378/1886 2970/5372/1880 2969/5286/1830 2971/5288/1832
f 2974/5382/1890 2972/5378/1886 2971/5288/1832 2973/5290/1834
f 2976/5386/1894 2974/5382/1890 2973/5290/1834 2975/5292/1836
f 2978/5390/1898 2976/5386/1894 2975/5292/1836 2977/5294/1838
f 2980/5394/1902 2978/5390/1898 2977/5294/1838 2979/5296/1840
f 2982/5400/1906 2980/5394/1902 2979/5296/1840 2981/5298/1842
f 2984/5404/1910 2982/5400/1906 2981/5298/1842 2983/5300/1844
f 2986/5409/1913 2984/5408/1910 2983/5303/1844 2985/5302/1845
f 2988/5350/1859 2986/5409/1913 2985/5302/1845 2987/5306/1847
f 2990/5351/1860 2988/5350/1859 2987/5306/1847 2989/5308/1849
f 2992/5358/1867 2990/5351/1860 2989/5308/1849 2991/5310/1851
f 2994/5364/1872 2992/5358/1867 2991/5310/1851 2993/5312/1853
f 2996/5370/1878 2994/5364/1872 2993/5312/1853 2995/5314/1855
f 2998/5376/1884 2996/5370/1878 2995/5314/1855 2997/5316/1857
f 2937/5252/1800 2998/5376/1884 2997/5316/1857 2938/5362/1871
f 2935/5249/1797 2938/5362/1871 2904/5363/495 2903/5250/1798
f 3060/4802/1915 3061/4805/541 3062/4940/541 3059/4939/1915
f 3058/4806/1916 3060/4802/1915 3059/4939/1915 3057/4943/1916
f 3056/4808/1917 3058/4806/1916 3057/4943/1916 3055/4945/1917
f 3054/4810/1918 3056/4808/1917 3055/4945/1917 3053/4947/1918
f 3052/4812/1919 3054/4810/1918 3053/4947/1918 3051/4949/1919
f 3050/4814/1920 3052/4812/1919 3051/4949/1919 3049/4951/1920
f 3048/4816/1921 3050/4814/1920 3049/4951/1920 3047/4953/1921
f 3046/4818/1922 3048/4816/1921 3047/4953/1921 3045/4955/1922
f 3044/4820/1923 3046/4823/1922 3045/4958/1922 3043/4957/1923
f 3042/4824/1924 3044/4820/1923 3043/4957/1923 3041/4961/1924
f 3040/4826/1925 3042/4824/1924 3041/4961/1924 3039/4963/1925
f 3038/4828/1926 3040/4826/1925 3039/4963/1925 3037/4965/1927
f 3036/4830/1928 3038/4828/1926 3037/4965/1927 3035/4967/1928
f 3034/4832/1929 3036/4830/1928 3035/4967/1928 3033/4969/1929
f 3032/4834/1930 3034/4832/1929 3033/4969/1929 3031/4971/1930
f 3030/4836/556 3032/4834/1930 3031/4971/1930 3029/4973/556
f 3028/4838/1931 3030/4836/556 3029/4973/556 3027/4975/1931
f 3026/4840/1932 3028/4838/1931 3027/4975/1931 3025/4977/1932
f 3024/4842/1933 3026/4840/1932 3025/4977/1932 3023/4979/1933
f 3022/4844/1934 3024/4842/1933 3023/4979/1933 3021/4981/1934
f 3020/4846/1935 3022/4844/1934 3021/4981/1934 3019/4983/1935
f 3018/4848/1936 3020/4846/1935 3019/4983/1935 3017/4985/1936
f 3016/4850/1937 3018/4848/1936 3017/4985/1936 3015/4987/1937
f 3014/4852/1938 3016/4850/1937 3015/4987/1937 3013/4989/1938
f 3012/4854/1939 3014/4857/1938 3013/4992/1938 3011/4991/1939
f 3010/4858/1940 3012/4854/1939 3011/4991/1939 3009/4995/1940
f 3008/4860/1941 3010/4858/1940 3009/4995/1940 3007/4997/1941
f 3006/4862/1942 3008/4860/1941 3007/4997/1941 3005/4999/1942
f 3004/4864/1943 3006/4862/1942 3005/4999/1942 3003/5001/1943
f 3002/4866/1944 3004/4864/1943 3003/5001/1943 3001/5003/1944
f 3000/4868/1945 3002/4866/1944 3001/5003/1944 2999/5005/1945
f 3061/4805/541 3000/4868/1945 2999/5005/1945 3062/4940/541
f 3061/4805/1526 2711/4804/1526 2712/4869/1582 3000/4868/1581
f 3126/4598/1388 3063/4601/1391 3064/4732/1512 3125/4668/1453
f 3124/4602/1392 3126/4598/1388 3125/4668/1453 3123/4667/1452
f 3122/4604/1394 3124/4602/1392 3123/4667/1452 3121/4671/1456
f 3120/4606/1396 3122/4604/1394 3121/4671/1456 3119/4673/1458
f 3118/4608/1398 3120/4606/1396 3119/4673/1458 3117/4675/1460
f 3116/4610/1400 3118/4608/1398 3117/4675/1460 3115/4677/1462
f 3114/4612/1402 3116/4610/1400 3115/4677/1462 3113/4679/1464
f 3112/4614/50 3114/4612/1402 3113/4679/1464 3111/4681/1466
f 3110/4616/1405 3112/4619/50 3111/4684/1466 3109/4683/1468
f 3108/4620/1407 3110/4616/1405 3109/4683/1468 3107/4687/1470
f 3106/4622/1409 3108/4620/1407 3107/4687/1470 3105/4689/1472
f 3104/4624/1411 3106/4622/1409 3105/4689/1472 3103/4691/1474
f 3102/4626/1413 3104/4624/1411 3103/4691/1474 3101/4693/1476
f 3100/4628/1415 3102/4626/1413 3101/4693/1476 3099/4695/1478
f 3098/4630/1417 3100/4628/1415 3099/4695/1478 3097/4697/1480
f 3096/4632/1419 3098/4630/1417 3097/4697/1480 3095/4699/1482
f 3094/4634/1421 3096/4632/1419 3095/4699/1482 3093/4701/1484
f 3092/4636/1423 3094/4634/1421 3093/4701/1484 3091/4703/1486
f 3090/4638/1425 3092/4636/1423 3091/4703/1486 3089/4705/1488
f 3088/4640/1427 3090/4638/1425 3089/4705/1488 3087/4707/1490
f 3086/4642/1429 3088/4640/1427 3087/4707/1490 3085/4709/1492
f 3084/4644/1431 3086/4642/1429 3085/4709/1492 3083/4711/1494
f 3082/4646/1433 3084/4644/1431 3083/4711/1494 3081/4713/1496
f 3080/4648/1435 3082/4646/1433 3081/4713/1496 3079/4715/1497
f 3078/4650/1437 3080/4653/1435 3079/4718/1497 3077/4717/1499
f 3076/4654/1439 3078/4650/1437 3077/4717/1499 3075/4721/1501
f 3074/4656/1441 3076/4654/1439 3075/4721/1501 3073/4723/1503
f 3072/4658/1443 3074/4656/1441 3073/4723/1503 3071/4725/1505
f 3070/4660/1445 3072/4658/1443 3071/4725/1505 3069/4727/1507
f 3068/4662/1447 3070/4660/1445 3069/4727/1507 3067/4729/1509
f 3066/4665/1450 3068/4662/1447 3067/4729/1509 3065/4731/1511
f 3063/4601/1391 3066/4665/1450 3065/4731/1511 3064/4732/1512
f 2678/4733/1513 3064/4732/1512 3065/4731/1511 2647/4730/1510
f 3195/5412/1946 3254/5413/1947 3158/5414/1948 3128/5415/1949
f 3191/5416/1950 3252/5417/1951 3157/5418/1952 3127/5419/1953
f 3254/5413/1947 3250/5420/1954 3156/5421/1955 3158/5414/1948
f 3252/5417/1951 3248/5422/582 3155/5423/582 3157/5418/1952
f 3250/5420/1954 3246/5424/1956 3154/5425/1957 3156/5421/1955
f 3248/5426/582 3244/5427/1958 3153/5428/1959 3155/5429/582
f 3246/5424/1956 3242/5430/1960 3152/5431/1961 3154/5425/1957
f 3244/5427/1958 3240/5432/1962 3151/5433/1963 3153/5428/1959
f 3242/5430/1960 3238/5434/591 3150/5435/591 3152/5431/1961
f 3240/5432/1962 3236/5436/1964 3149/5437/1965 3151/5433/1963
f 3238/5438/591 3234/5439/1966 3148/5440/1967 3150/5441/591
f 3236/5436/1964 3232/5442/1968 3147/5443/1969 3149/5437/1965
f 3234/5439/1966 3230/5444/1970 3146/5445/1971 3148/5440/1967
f 3232/5442/1968 3228/5446/1972 3145/5447/1973 3147/5443/1969
f 3230/5444/1970 3226/5448/1974 3144/5449/1975 3146/5445/1971
f 3199/5450/1976 3222/5451/1977 3142/5452/1978 3129/5453/1976
f 3228/5446/1972 3224/5454/1979 3143/5455/1980 3145/5447/1973
f 3226/5448/1974 3220/5456/1981 3141/5457/1982 3144/5449/1975
f 3224/5454/1979 3218/5458/1983 3140/5459/1984 3143/5455/1980
f 3222/5451/1977 3216/5460/1985 3139/5461/1986 3142/5452/1978
f 3220/5456/1981 3214/5462/1987 3138/5463/1988 3141/5457/1982
f 3218/5458/1983 3212/5464/1989 3137/5465/1989 3140/5459/1984
f 3216/5460/1985 3210/5466/1990 3136/5467/1991 3139/5461/1986
f 3214/5462/1987 3208/5468/1992 3135/5469/1993 3138/5463/1988
f 3212/5464/1989 3206/5470/1994 3134/5471/1995 3137/5465/1989
f 3210/5466/1990 3204/5472/1996 3133/5473/1997 3136/5467/1991
f 3161/5474/1998 3190/5475/1999 3200/5476/1999 3201/5477/2000
f 3160/5478/2001 3189/5479/2002 3196/5480/2003 3197/5481/2004
f 3202/5482/2005 3199/5450/1976 3129/5453/1976 3132/5483/2006
f 3198/5484/2007 3195/5412/1946 3128/5415/1949 3131/5485/2008
f 3194/5486/2009 3191/5416/1950 3127/5419/1953 3130/5487/2010
f 3206/5470/1994 3198/5484/2007 3131/5485/2008 3134/5471/1995
f 3204/5472/1996 3194/5486/2009 3130/5487/2010 3133/5473/1997
f 3187/5488/2011 3185/5489/2012 3249/5490/2013 3253/5491/2014
f 3186/5492/2015 3184/5493/2016 3247/5494/2016 3251/5495/2017
f 3185/5489/2012 3183/5496/2018 3245/5497/2019 3249/5490/2013
f 3184/5498/2016 3182/5499/2020 3243/5500/2021 3247/5501/2016
f 3183/5496/2018 3181/5502/2022 3241/5503/2023 3245/5497/2019
f 3182/5499/2020 3180/5504/2024 3239/5505/2025 3243/5500/2021
f 3181/5502/2022 3179/5506/654 3237/5507/654 3241/5503/2023
f 3180/5504/2024 3178/5508/2026 3235/5509/2027 3239/5505/2025
f 3179/5510/654 3177/5511/2028 3233/5512/2029 3237/5513/654
f 3178/5508/2026 3176/5514/2030 3231/5515/2031 3235/5509/2027
f 3177/5511/2028 3175/5516/2032 3229/5517/2033 3233/5512/2029
f 3176/5514/2030 3174/5518/2034 3227/5519/2035 3231/5515/2031
f 3175/5516/2032 3173/5520/2036 3225/5521/2037 3229/5517/2033
f 3174/5518/2034 3172/5522/2038 3223/5523/2039 3227/5519/2035
f 3208/5468/1992 3202/5482/2005 3132/5483/2006 3135/5469/1993
f 3173/5520/2036 3170/5524/2040 3219/5525/2041 3225/5521/2037
f 3172/5522/2038 3169/5526/2042 3217/5527/2043 3223/5523/2039
f 3171/5528/2044 3168/5529/2045 3215/5530/2046 3221/5531/2047
f 3170/5524/2040 3167/5532/2048 3213/5533/2049 3219/5525/2041
f 3169/5526/2042 3166/5534/2050 3211/5535/2050 3217/5527/2043
f 3168/5529/2045 3165/5536/2051 3209/5537/2052 3215/5530/2046
f 3167/5532/2048 3164/5538/2053 3207/5539/2054 3213/5533/2049
f 3166/5534/2050 3163/5540/2055 3205/5541/2056 3211/5535/2050
f 3165/5536/2051 3162/5542/2057 3203/5543/2058 3209/5537/2052
f 3164/5538/2053 3161/5474/1998 3201/5477/2000 3207/5539/2054
f 3163/5540/2055 3160/5478/2001 3197/5481/2004 3205/5541/2056
f 3162/5542/2057 3159/5544/2059 3193/5545/2060 3203/5543/2058
f 3190/5475/1999 3171/5528/2044 3221/5531/2047 3200/5476/1999
f 3189/5479/2002 3187/5488/2011 3253/5491/2014 3196/5480/2003
f 3188/5546/2061 3186/5492/2015 3251/5495/2017 3192/5547/2062
f 3287/5548/1360 3316/5549/1361 3188/5550/1361 3159/5551/1360
f 3288/5552/1372 3317/5553/1373 3189/5554/1373 3160/5555/1372
f 3289/5556/1387 3318/5557/1 3190/5558/1 3161/5559/1387
f 3290/5560/1359 3287/5548/1360 3159/5551/1360 3162/5561/1359
f 3291/5562/1370 3288/5552/1372 3160/5555/1372 3163/5563/1370
f 3292/5564/1386 3289/5556/1387 3161/5559/1387 3164/5565/1386
f 3293/5566/1358 3290/5560/1359 3162/5561/1359 3165/5567/1358
f 3294/5568/17 3291/5562/1370 3163/5563/1370 3166/5569/17
f 3295/5570/1383 3292/5564/1386 3164/5565/1386 3167/5571/1383
f 3296/5572/1514 3293/5566/1358 3165/5567/1358 3168/5573/1514
f 3297/5574/1369 3294/5568/17 3166/5569/17 3169/5575/1369
f 3298/5576/1382 3295/5570/1383 3167/5571/1383 3170/5577/1382
f 3299/5578/1356 3296/5572/1514 3168/5573/1514 3171/5579/1356
f 3300/5580/1521 3297/5574/1369 3169/5575/1369 3172/5581/1521
f 3301/5582/1381 3298/5576/1382 3170/5577/1382 3173/5583/1381
f 3318/5557/1 3299/5578/1356 3171/5579/1356 3190/5558/1
f 3302/5584/1367 3300/5580/1521 3172/5581/1521 3174/5585/1367
f 3303/5586/2063 3301/5582/1381 3173/5583/1381 3175/5587/2063
f 3304/5588/1366 3302/5584/1367 3174/5585/1367 3176/5589/1366
f 3305/5590/1379 3303/5586/2063 3175/5587/2063 3177/5591/1379
f 3306/5592/1365 3304/5588/1366 3176/5589/1366 3178/5593/1365
f 3307/5594/25 3305/5590/1379 3177/5591/1379 3179/5595/25
f 3308/5596/1364 3306/5592/1365 3178/5593/1365 3180/5597/1364
f 3309/5598/1378 3307/5599/25 3179/5600/25 3181/5601/1378
f 3310/5602/1363 3308/5596/1364 3180/5597/1364 3182/5603/1363
f 3311/5604/2064 3309/5598/1378 3181/5601/1378 3183/5605/2064
f 3312/5606/9 3310/5602/1363 3182/5603/1363 3184/5607/9
f 3313/5608/1376 3311/5604/2064 3183/5605/2064 3185/5609/1376
f 3314/5610/1362 3312/5611/9 3184/5612/9 3186/5613/1362
f 3315/5614/1375 3313/5608/1376 3185/5609/1376 3187/5615/1375
f 3316/5549/1361 3314/5610/1362 3186/5613/1362 3188/5550/1361
f 3317/5553/1373 3315/5614/1375 3187/5615/1375 3189/5554/1373
f 3254/5413/2065 3195/5412/2066 3196/5480/2067 3253/5491/2068
f 3252/5417/2069 3191/5416/2070 3192/5547/2071 3251/5495/2072
f 3250/5420/2073 3254/5413/2065 3253/5491/2068 3249/5490/2073
f 3248/5422/698 3252/5417/2069 3251/5495/2072 3247/5494/698
f 3246/5424/2074 3250/5420/2073 3249/5490/2073 3245/5497/2075
f 3244/5427/2076 3248/5426/698 3247/5501/698 3243/5500/2077
f 3242/5430/2078 3246/5424/2074 3245/5497/2075 3241/5503/2079
f 3240/5432/2080 3244/5427/2076 3243/5500/2077 3239/5505/2081
f 3238/5434/703 3242/5430/2078 3241/5503/2079 3237/5507/703
f 3236/5436/2082 3240/5432/2080 3239/5505/2081 3235/5509/2083
f 3234/5439/2084 3238/5438/703 3237/5513/703 3233/5512/2085
f 3232/5442/2086 3236/5436/2082 3235/5509/2083 3231/5515/2087
f 3230/5444/2088 3234/5439/2084 3233/5512/2085 3229/5517/2089
f 3228/5446/2090 3232/5442/2086 3231/5515/2087 3227/5519/2091
f 3226/5448/2092 3230/5444/2088 3229/5517/2089 3225/5521/2092
f 3224/5454/2093 3228/5446/2090 3227/5519/2091 3223/5523/2093
f 3222/5451/2094 3199/5450/2095 3200/5476/2095 3221/5531/2094
f 3220/5456/2096 3226/5448/2092 3225/5521/2092 3219/5525/2097
f 3218/5458/2098 3224/5454/2093 3223/5523/2093 3217/5527/2098
f 3216/5460/2099 3222/5451/2094 3221/5531/2094 3215/5530/2099
f 3214/5462/2100 3220/5456/2096 3219/5525/2097 3213/5533/2101
f 3212/5464/2102 3218/5458/2098 3217/5527/2098 3211/5535/2102
f 3210/5466/2103 3216/5460/2099 3215/5530/2099 3209/5537/2104
f 3208/5468/2105 3214/5462/2100 3213/5533/2101 3207/5539/2105
f 3206/5470/2106 3212/5464/2102 3211/5535/2102 3205/5541/2106
f 3204/5472/2107 3210/5466/2103 3209/5537/2104 3203/5543/2108
f 3202/5482/2109 3208/5468/2105 3207/5539/2105 3201/5477/2109
f 3198/5484/2110 3206/5470/2106 3205/5541/2106 3197/5481/2110
f 3194/5486/2111 3204/5472/2107 3203/5543/2108 3193/5545/2112
f 3199/5450/2095 3202/5482/2109 3201/5477/2109 3200/5476/2095
f 3195/5412/2066 3198/5484/2110 3197/5481/2110 3196/5480/2067
f 3191/5416/2070 3194/5486/2111 3193/5545/2112 3192/5547/2071
f 3159/5544/2059 3188/5546/2061 3192/5547/2062 3193/5545/2060
f 2646/5616/1389 3286/4597/1387 3255/4498/1 2615/5617/1390
f 2645/5618/1393 3285/4563/1386 3286/4597/1387 2646/5616/1389
f 2644/5619/1395 3284/4561/1384 3285/4563/1386 2645/5618/1393
f 2643/5620/1397 3283/4559/1382 3284/4561/1384 2644/5619/1395
f 2642/5621/1399 3282/4557/1381 3283/4559/1382 2643/5620/1397
f 2641/5622/1401 3281/4555/1380 3282/4557/1381 2642/5621/1399
f 2640/5623/1403 3280/4553/1379 3281/4555/1380 2641/5622/1401
f 2639/5624/1404 3279/4550/25 3280/4553/1379 2640/5623/1403
f 2638/5625/1406 3278/4547/1378 3279/4549/25 2639/5626/1404
f 2637/5627/1408 3277/4545/1377 3278/4547/1378 2638/5625/1406
f 2636/5628/1410 3276/4543/1376 3277/4545/1377 2637/5627/1408
f 2635/5629/1412 3275/4541/1375 3276/4543/1376 2636/5628/1410
f 2634/5630/1414 3274/4539/1374 3275/4541/1375 2635/5629/1412
f 2633/5631/1416 3273/4537/1372 3274/4539/1374 2634/5630/1414
f 2632/5632/1418 3272/4535/1370 3273/4537/1372 2633/5631/1416
f 2631/5633/1420 3271/4533/17 3272/4535/1370 2632/5632/1418
f 2630/5634/1422 3270/4531/1369 3271/4533/17 2631/5633/1420
f 2629/5635/1424 3269/4529/1368 3270/4531/1369 2630/5634/1422
f 2628/5636/1426 3268/4527/1367 3269/4529/1368 2629/5635/1424
f 2627/5637/1428 3267/4525/1366 3268/4527/1367 2628/5636/1426
f 2626/5638/1430 3266/4523/1365 3267/4525/1366 2627/5637/1428
f 2625/5639/1432 3265/4521/1364 3266/4523/1365 2626/5638/1430
f 2624/5640/1434 3264/4519/1363 3265/4521/1364 2625/5639/1432
f 2623/5641/1436 3263/4516/9 3264/4519/1363 2624/5640/1434
f 2622/5642/1438 3262/4513/1362 3263/4515/9 2623/5643/1436
f 2621/5644/1440 3261/4511/1361 3262/4513/1362 2622/5642/1438
f 2620/5645/1442 3260/4509/1360 3261/4511/1361 2621/5644/1440
f 2619/5646/1444 3259/4507/1359 3260/4509/1360 2620/5645/1442
f 2618/5647/1446 3258/4505/1358 3259/4507/1359 2619/5646/1444
f 2617/5648/1448 3257/4503/1357 3258/4505/1358 2618/5647/1446
f 2616/5649/1449 3256/4501/1356 3257/4503/1357 2617/5648/1448
f 2615/5617/1390 3255/4498/1 3256/4501/1356 2616/5649/1449
f 2826/5650/1774 2827/5651/1773 3315/5652/1375 3317/5653/1373
f 2813/5654/1786 2814/5655/1785 3314/5656/1362 3316/5657/1361
f 2827/5651/1773 2828/5658/1772 3313/5659/1376 3315/5652/1375
f 2814/5655/1785 2815/5660/403 3312/5661/9 3314/5656/1362
f 2828/5658/1772 2829/5662/1771 3311/5663/2064 3313/5659/1376
f 2815/5664/403 2816/5665/1784 3310/5666/1363 3312/5667/9
f 2829/5662/1771 2830/5668/1770 3309/5669/1378 3311/5663/2064
f 2816/5665/1784 2817/5670/1783 3308/5671/1364 3310/5666/1363
f 2830/5668/1770 2831/5672/387 3307/5673/25 3309/5669/1378
f 2817/5670/1783 2818/5674/1782 3306/5675/1365 3308/5671/1364
f 2831/5676/387 2832/5677/1769 3305/5678/1379 3307/5679/25
f 2818/5674/1782 2819/5680/1781 3304/5681/1366 3306/5675/1365
f 2832/5677/1769 2833/5682/1768 3303/5683/2063 3305/5678/1379
f 2819/5680/1781 2820/5684/1780 3302/5685/1367 3304/5681/1366
f 2833/5682/1768 2834/5686/1767 3301/5687/1381 3303/5683/2063
f 2820/5684/1780 2821/5688/1779 3300/5689/1521 3302/5685/1367
f 2807/5690/1762 2808/5691/1791 3299/5692/1356 3318/5693/1
f 2834/5686/1767 2835/5694/1766 3298/5695/1382 3301/5687/1381
f 2821/5688/1779 2822/5696/1778 3297/5697/1369 3300/5689/1521
f 2808/5691/1791 2809/5698/1790 3296/5699/1514 3299/5692/1356
f 2835/5694/1766 2836/5700/1765 3295/5701/1383 3298/5695/1382
f 2822/5696/1778 2823/5702/1777 3294/5703/17 3297/5697/1369
f 2809/5698/1790 2810/5704/1789 3293/5705/1358 3296/5699/1514
f 2836/5700/1765 2837/5706/1764 3292/5707/1386 3295/5701/1383
f 2823/5702/1777 2824/5708/1776 3291/5709/1370 3294/5703/17
f 2810/5704/1789 2811/5710/1788 3290/5711/1359 3293/5705/1358
f 2837/5706/1764 2838/5712/1763 3289/5713/1387 3292/5707/1386
f 2824/5708/1776 2825/5714/1775 3288/5715/1372 3291/5709/1370
f 2811/5710/1788 2812/5716/1787 3287/5717/1360 3290/5711/1359
f 2838/5712/1763 2807/5690/1762 3318/5693/1 3289/5713/1387
f 2825/5714/1775 2826/5650/1774 3317/5653/1373 3288/5715/1372
f 2812/5716/1787 2813/5654/1786 3316/5657/1361 3287/5717/1360
f 4023/5718/1 3319/5719/1 3320/5720/2113 4024/5721/2113
f 4024/5721/2113 3320/5720/2113 3321/5722/2114 4025/5723/2114
f 4025/5723/2114 3321/5722/2114 3322/5724/2115 4026/5725/2115
f 4026/5725/2115 3322/5724/2115 3323/5726/2116 4027/5727/2116
f 4027/5727/2116 3323/5726/2116 3324/5728/2117 4028/5729/2117
f 4028/5729/2117 3324/5728/2117 3325/5730/2118 4029/5731/2118
f 4029/5731/2118 3325/5730/2118 3326/5732/2119 4030/5733/2119
f 4030/5733/2119 3326/5732/2119 3327/5734/9 4031/5735/9
f 4031/5736/9 3327/5737/9 3328/5738/2120 4032/5739/2120
f 4032/5739/2120 3328/5738/2120 3329/5740/2121 4033/5741/2121
f 4033/5741/2121 3329/5740/2121 3330/5742/2122 4034/5743/2122
f 4034/5743/2122 3330/5742/2122 3331/5744/2123 4035/5745/2123
f 4035/5745/2123 3331/5744/2123 3332/5746/2124 4036/5747/2124
f 4036/5747/2124 3332/5746/2124 3333/5748/2125 4037/5749/2125
f 4037/5749/2125 3333/5748/2125 3334/5750/2126 4038/5751/2126
f 4038/5751/2126 3334/5750/2126 3335/5752/17 4039/5753/17
f 4039/5753/17 3335/5752/17 3336/5754/2127 4040/5755/2127
f 4040/5755/2127 3336/5754/2127 3337/5756/2128 4041/5757/2128
f 4041/5757/2128 3337/5756/2128 3338/5758/2129 4042/5759/2130
f 4042/5759/2130 3338/5758/2129 3339/5760/2131 4043/5761/2131
f 4043/5761/2131 3339/5760/2131 3340/5762/2132 4044/5763/2132
f 4044/5763/2132 3340/5762/2132 3341/5764/2133 4045/5765/2133
f 4045/5765/2133 3341/5764/2133 3342/5766/2134 4046/5767/2134
f 4046/5767/2134 3342/5766/2134 3343/5768/25 4047/5769/25
f 4047/5770/25 3343/5771/25 3344/5772/2135 4048/5773/2135
f 4048/5773/2135 3344/5772/2135 3345/5774/2136 4049/5775/2136
f 4049/5775/2136 3345/5774/2136 3346/5776/2137 4050/5777/2137
f 4050/5777/2137 3346/5776/2137 3347/5778/2138 4051/5779/2138
f 4051/5779/2138 3347/5778/2138 3348/5780/2139 4052/5781/2140
f 4052/5781/2140 3348/5780/2139 3349/5782/2141 4053/5783/2141
f 3320/5784/32 3319/5785/32 3350/5786/32 3349/5787/32 3348/5788/32 3347/5789/32 3346/5790/32 3345/5791/32 3344/5792/32 3343/5793/32 3342/5794/32 3341/5795/32 3340/5796/32 3339/5797/32 3338/5798/32 3337/5799/32 3336/5800/32 3335/5801/32 3334/5802/32 3333/5803/32 3332/5804/32 3331/5805/32 3330/5806/32 3329/5807/32 3328/5808/32 3327/5809/32 3326/5810/32 3325/5811/32 3324/5812/32 3323/5813/32 3322/5814/32 3321/5815/32
f 4053/5783/2141 3349/5782/2141 3350/5816/2142 4054/5817/2142
f 4054/5817/2142 3350/5816/2142 3319/5719/1 4023/5718/1
f 3894/5818/2143 3414/5819/2144 3383/5820/2145 3831/5821/2146
f 3892/5822/2147 3413/5823/2148 3414/5819/2144 3894/5818/2143
f 3890/5824/2149 3412/5825/2150 3413/5823/2148 3892/5822/2147
f 3888/5826/2151 3411/5827/2152 3412/5825/2150 3890/5824/2149
f 3886/5828/2153 3410/5829/2154 3411/5827/2152 3888/5826/2151
f 3884/5830/2155 3409/5831/2156 3410/5829/2154 3886/5828/2153
f 3882/5832/2157 3408/5833/2158 3409/5831/2156 3884/5830/2155
f 3880/5834/50 3407/5835/1404 3408/5833/2158 3882/5832/2157
f 3878/5836/2159 3406/5837/2160 3407/5838/1404 3880/5839/50
f 3876/5840/2161 3405/5841/2162 3406/5837/2160 3878/5836/2159
f 3874/5842/2163 3404/5843/2164 3405/5841/2162 3876/5840/2161
f 3872/5844/2165 3403/5845/2166 3404/5843/2164 3874/5842/2163
f 3870/5846/2167 3402/5847/2168 3403/5845/2166 3872/5844/2165
f 3868/5848/2169 3401/5849/2170 3402/5847/2168 3870/5846/2167
f 3866/5850/2171 3400/5851/2172 3401/5849/2170 3868/5848/2169
f 3864/5852/2173 3399/5853/2174 3400/5851/2172 3866/5850/2171
f 3862/5854/2175 3398/5855/2176 3399/5853/2174 3864/5852/2173
f 3860/5856/2177 3397/5857/2178 3398/5855/2176 3862/5854/2175
f 3858/5858/2179 3396/5859/2180 3397/5857/2178 3860/5856/2177
f 3856/5860/2181 3395/5861/2182 3396/5859/2180 3858/5858/2179
f 3854/5862/2183 3394/5863/2184 3395/5861/2182 3856/5860/2181
f 3852/5864/2185 3393/5865/2186 3394/5863/2184 3854/5862/2183
f 3850/5866/2187 3392/5867/2188 3393/5865/2186 3852/5864/2185
f 3848/5868/82 3391/5869/1436 3392/5867/2188 3850/5866/2187
f 3846/5870/2189 3390/5871/2190 3391/5872/1436 3848/5873/82
f 3844/5874/2191 3389/5875/2192 3390/5871/2190 3846/5870/2189
f 3842/5876/2193 3388/5877/2194 3389/5875/2192 3844/5874/2191
f 3840/5878/2195 3387/5879/2196 3388/5877/2194 3842/5876/2193
f 3838/5880/2197 3386/5881/2198 3387/5879/2196 3840/5878/2195
f 3836/5882/2199 3385/5883/2200 3386/5881/2198 3838/5880/2197
f 3831/5821/2146 3383/5820/2145 3384/5884/2201 3834/5885/2202
f 3834/5885/2202 3384/5884/2201 3385/5883/2200 3836/5882/2199
f 3444/5886/2203 3891/5887/2204 3893/5888/2205 3445/5889/2206
f 3443/5890/2207 3889/5891/2208 3891/5887/2204 3444/5886/2203
f 3442/5892/2209 3887/5893/2210 3889/5891/2208 3443/5890/2207
f 3441/5894/2211 3885/5895/2212 3887/5893/2210 3442/5892/2209
f 3440/5896/2213 3883/5897/2214 3885/5895/2212 3441/5894/2211
f 3439/5898/2215 3881/5899/2216 3883/5897/2214 3440/5896/2213
f 3438/5900/112 3879/5901/113 3881/5899/2216 3439/5898/2215
f 3437/5902/2217 3877/5903/2218 3879/5904/113 3438/5905/112
f 3436/5906/2219 3875/5907/2220 3877/5903/2218 3437/5902/2217
f 3435/5908/2221 3873/5909/2222 3875/5907/2220 3436/5906/2219
f 3434/5910/2223 3871/5911/2224 3873/5909/2222 3435/5908/2221
f 3433/5912/2225 3869/5913/2226 3871/5911/2224 3434/5910/2223
f 3432/5914/2227 3867/5915/2228 3869/5913/2226 3433/5912/2225
f 3431/5916/2229 3865/5917/2230 3867/5915/2228 3432/5914/2227
f 3430/5918/129 3863/5919/2231 3865/5917/2230 3431/5916/2229
f 3429/5920/2232 3861/5921/2233 3863/5919/2231 3430/5918/129
f 3428/5922/2234 3859/5923/2235 3861/5921/2233 3429/5920/2232
f 3427/5924/2236 3857/5925/2237 3859/5923/2235 3428/5922/2234
f 3426/5926/2238 3855/5927/2239 3857/5925/2237 3427/5924/2236
f 3425/5928/2240 3853/5929/2241 3855/5927/2239 3426/5926/2238
f 3424/5930/2242 3851/5931/2243 3853/5929/2241 3425/5928/2240
f 3423/5932/2244 3849/5933/2245 3851/5931/2243 3424/5930/2242
f 3422/5934/144 3847/5935/145 3849/5933/2245 3423/5932/2244
f 3421/5936/2246 3845/5937/2247 3847/5938/145 3422/5939/144
f 3420/5940/2248 3843/5941/2249 3845/5937/2247 3421/5936/2246
f 3419/5942/2250 3841/5943/2251 3843/5941/2249 3420/5940/2248
f 3418/5944/2252 3839/5945/2253 3841/5943/2251 3419/5942/2250
f 3417/5946/2254 3837/5947/2255 3839/5945/2253 3418/5944/2252
f 3416/5948/2256 3835/5949/2257 3837/5947/2255 3417/5946/2254
f 3415/5950/2258 3833/5951/2259 3835/5949/2257 3416/5948/2256
f 3445/5889/2206 3893/5888/2205 3832/5952/2260 3446/5953/160
f 3479/5954/1 3446/5955/160 3415/5956/2258 3480/5957/2113
f 3480/5957/2113 3415/5956/2258 3416/5958/2256 3481/5959/2114
f 3481/5959/2114 3416/5958/2256 3417/5960/2254 3482/5961/2261
f 3482/5961/2261 3417/5960/2254 3418/5962/2252 3483/5963/2116
f 3483/5963/2116 3418/5962/2252 3419/5964/2250 3484/5965/2262
f 3484/5965/2262 3419/5964/2250 3420/5966/2248 3485/5967/2118
f 3485/5967/2118 3420/5966/2248 3421/5968/2246 3486/5969/2263
f 3486/5969/2263 3421/5968/2246 3422/5970/144 3487/5971/9
f 3487/5972/9 3422/5973/144 3423/5974/2244 3488/5975/2264
f 3488/5975/2264 3423/5974/2244 3424/5976/2242 3489/5977/2121
f 3489/5977/2121 3424/5976/2242 3425/5978/2240 3490/5979/2265
f 3490/5979/2265 3425/5978/2240 3426/5980/2238 3491/5981/2123
f 3491/5981/2123 3426/5980/2238 3427/5982/2236 3492/5983/2266
f 3492/5983/2266 3427/5982/2236 3428/5984/2234 3493/5985/2125
f 3493/5985/2125 3428/5984/2234 3429/5986/2232 3494/5987/2126
f 3494/5987/2126 3429/5986/2232 3430/5988/129 3495/5989/17
f 3495/5989/17 3430/5988/129 3431/5990/2229 3496/5991/2127
f 3496/5991/2127 3431/5990/2229 3432/5992/2227 3497/5993/2128
f 3497/5993/2128 3432/5992/2227 3433/5994/2225 3498/5995/2130
f 3498/5995/2130 3433/5994/2225 3434/5996/2223 3499/5997/2131
f 3499/5997/2131 3434/5996/2223 3435/5998/2221 3500/5999/2132
f 3500/5999/2132 3435/5998/2221 3436/6000/2219 3501/6001/2133
f 3501/6001/2133 3436/6000/2219 3437/6002/2217 3502/6003/2134
f 3502/6003/2134 3437/6002/2217 3438/6004/112 3503/6005/25
f 3503/6006/25 3438/6007/112 3439/6008/2215 3504/6009/2135
f 3504/6009/2135 3439/6008/2215 3440/6010/2213 3505/6011/2136
f 3505/6011/2136 3440/6010/2213 3441/6012/2211 3506/6013/2137
f 3506/6013/2137 3441/6012/2211 3442/6014/2209 3507/6015/2138
f 3507/6015/2138 3442/6014/2209 3443/6016/2207 3508/6017/2140
f 3508/6017/2140 3443/6016/2207 3444/6018/2203 3509/6019/2141
f 3509/6019/2141 3444/6018/2203 3445/6020/2206 3510/6021/2142
f 3510/6021/2142 3445/6020/2206 3446/5955/160 3479/5954/1
f 3828/6022/2267 3510/6023/2268 3479/6024/2269 3829/6025/2269
f 3826/6026/2270 3509/6027/2271 3510/6023/2268 3828/6022/2267
f 3824/6028/2272 3508/6029/2273 3509/6027/2271 3826/6026/2270
f 3822/6030/2274 3507/6031/2275 3508/6029/2273 3824/6028/2272
f 3820/6032/2276 3506/6033/2277 3507/6031/2275 3822/6030/2274
f 3818/6034/2278 3505/6035/2279 3506/6033/2277 3820/6032/2276
f 3816/6036/2280 3504/6037/2281 3505/6035/2279 3818/6034/2278
f 3814/6038/176 3503/6039/176 3504/6037/2281 3816/6036/2280
f 3812/6040/2282 3502/6041/2283 3503/6042/176 3814/6043/176
f 3810/6044/2284 3501/6045/2285 3502/6041/2283 3812/6040/2282
f 3808/6046/2286 3500/6047/2287 3501/6045/2285 3810/6044/2284
f 3806/6048/2288 3499/6049/2289 3500/6047/2287 3808/6046/2286
f 3804/6050/2290 3498/6051/2291 3499/6049/2289 3806/6048/2288
f 3802/6052/2292 3497/6053/2293 3498/6051/2291 3804/6050/2290
f 3800/6054/2294 3496/6055/2295 3497/6053/2293 3802/6052/2292
f 3798/6056/2296 3495/6057/2296 3496/6055/2295 3800/6054/2294
f 3796/6058/2297 3494/6059/2298 3495/6057/2296 3798/6056/2296
f 3794/6060/2299 3493/6061/2300 3494/6059/2298 3796/6058/2297
f 3792/6062/2301 3492/6063/2302 3493/6061/2300 3794/6060/2299
f 3790/6064/2303 3491/6065/2304 3492/6063/2302 3792/6062/2301
f 3788/6066/2305 3490/6067/2306 3491/6065/2304 3790/6064/2303
f 3786/6068/2307 3489/6069/2308 3490/6067/2306 3788/6066/2305
f 3784/6070/2309 3488/6071/2310 3489/6069/2308 3786/6068/2307
f 3782/6072/198 3487/6073/198 3488/6071/2310 3784/6070/2309
f 3780/6074/2311 3486/6075/2312 3487/6076/198 3782/6077/198
f 3778/6078/2313 3485/6079/2314 3486/6075/2312 3780/6074/2311
f 3776/6080/2315 3484/6081/2316 3485/6079/2314 3778/6078/2313
f 3774/6082/2317 3483/6083/2318 3484/6081/2316 3776/6080/2315
f 3772/6084/2319 3482/6085/2320 3483/6083/2318 3774/6082/2317
f 3770/6086/2321 3481/6087/2322 3482/6085/2320 3772/6084/2319
f 3768/6088/2323 3480/6089/2324 3481/6087/2322 3770/6086/2321
f 3351/6090/2325 3478/6091/1 3447/6092/2113 3352/6093/2326
f 3352/6093/2326 3447/6092/2113 3448/6094/2114 3353/6095/2327
f 3353/6095/2327 3448/6094/2114 3449/6096/2261 3354/6097/2261
f 3354/6097/2261 3449/6096/2261 3450/6098/2116 3355/6099/2116
f 3355/6099/2116 3450/6098/2116 3451/6100/2262 3356/6101/2262
f 3356/6101/2262 3451/6100/2262 3452/6102/2118 3357/6103/2118
f 3357/6103/2118 3452/6102/2118 3453/6104/2263 3358/6105/2263
f 3358/6105/2263 3453/6104/2263 3454/6106/9 3359/6107/9
f 3359/6108/9 3454/6109/9 3455/6110/2264 3360/6111/2264
f 3360/6111/2264 3455/6110/2264 3456/6112/2121 3361/6113/2121
f 3361/6113/2121 3456/6112/2121 3457/6114/2265 3362/6115/2265
f 3362/6115/2265 3457/6114/2265 3458/6116/2123 3363/6117/2123
f 3363/6117/2123 3458/6116/2123 3459/6118/2266 3364/6119/2266
f 3364/6119/2266 3459/6118/2266 3460/6120/2125 3365/6121/2328
f 3365/6121/2328 3460/6120/2125 3461/6122/2126 3366/6123/2329
f 3366/6123/2329 3461/6122/2126 3462/6124/17 3367/6125/2330
f 3367/6125/2330 3462/6124/17 3463/6126/2127 3368/6127/2331
f 3368/6127/2331 3463/6126/2127 3464/6128/2128 3369/6129/2332
f 3369/6129/2332 3464/6128/2128 3465/6130/2129 3370/6131/2129
f 3370/6131/2129 3465/6130/2129 3466/6132/2131 3371/6133/2131
f 3371/6133/2131 3466/6132/2131 3467/6134/2132 3372/6135/2132
f 3372/6135/2132 3467/6134/2132 3468/6136/2133 3373/6137/2133
f 3373/6137/2133 3468/6136/2133 3469/6138/2333 3374/6139/2333
f 3374/6139/2333 3469/6138/2333 3470/6140/25 3375/6141/25
f 3375/6142/25 3470/6143/25 3471/6144/2334 3376/6145/2334
f 3376/6145/2334 3471/6144/2334 3472/6146/2136 3377/6147/2136
f 3377/6147/2136 3472/6146/2136 3473/6148/2137 3378/6149/2137
f 3378/6149/2137 3473/6148/2137 3474/6150/2138 3379/6151/2138
f 3379/6151/2138 3474/6150/2138 3475/6152/2139 3380/6153/2139
f 3380/6153/2139 3475/6152/2139 3476/6154/2141 3381/6155/2335
f 3381/6155/2335 3476/6154/2141 3477/6156/2142 3382/6157/2336
f 3382/6157/2336 3477/6156/2142 3478/6091/1 3351/6090/2325
f 3477/6158/2337 3827/6159/2338 3830/6160/2339 3478/6161/2339
f 3476/6162/2340 3825/6163/2341 3827/6159/2338 3477/6158/2337
f 3475/6164/2342 3823/6165/2343 3825/6163/2341 3476/6162/2340
f 3474/6166/2344 3821/6167/2345 3823/6165/2343 3475/6164/2342
f 3473/6168/2346 3819/6169/2347 3821/6167/2345 3474/6166/2344
f 3472/6170/2348 3817/6171/2349 3819/6169/2347 3473/6168/2346
f 3471/6172/2350 3815/6173/2351 3817/6171/2349 3472/6170/2348
f 3470/6174/219 3813/6175/219 3815/6173/2351 3471/6172/2350
f 3469/6176/2352 3811/6177/2353 3813/6178/219 3470/6179/219
f 3468/6180/2354 3809/6181/2355 3811/6177/2353 3469/6176/2352
f 3467/6182/2356 3807/6183/2357 3809/6181/2355 3468/6180/2354
f 3466/6184/2358 3805/6185/2359 3807/6183/2357 3467/6182/2356
f 3465/6186/2360 3803/6187/2361 3805/6185/2359 3466/6184/2358
f 3464/6188/2362 3801/6189/2363 3803/6187/2361 3465/6186/2360
f 3463/6190/2364 3799/6191/2365 3801/6189/2363 3464/6188/2362
f 3462/6192/2366 3797/6193/2366 3799/6191/2365 3463/6190/2364
f 3461/6194/2367 3795/6195/2368 3797/6193/2366 3462/6192/2366
f 3460/6196/2369 3793/6197/2370 3795/6195/2368 3461/6194/2367
f 3459/6198/2371 3791/6199/2372 3793/6197/2370 3460/6196/2369
f 3458/6200/2373 3789/6201/2374 3791/6199/2372 3459/6198/2371
f 3457/6202/2375 3787/6203/2376 3789/6201/2374 3458/6200/2373
f 3456/6204/2377 3785/6205/2378 3787/6203/2376 3457/6202/2375
f 3455/6206/2379 3783/6207/2380 3785/6205/2378 3456/6204/2377
f 3454/6208/241 3781/6209/241 3783/6207/2380 3455/6206/2379
f 3453/6210/2381 3779/6211/2382 3781/6212/241 3454/6213/241
f 3452/6214/2383 3777/6215/2384 3779/6211/2382 3453/6210/2381
f 3451/6216/2385 3775/6217/2386 3777/6215/2384 3452/6214/2383
f 3450/6218/2387 3773/6219/2388 3775/6217/2386 3451/6216/2385
f 3449/6220/2389 3771/6221/2390 3773/6219/2388 3450/6218/2387
f 3448/6222/2391 3769/6223/2392 3771/6221/2390 3449/6220/2389
f 3447/6224/2393 3767/6225/2394 3769/6223/2392 3448/6222/2391
f 3478/6161/2339 3830/6160/2339 3767/6225/2394 3447/6224/2393
f 3543/6226/2395 3544/6227/2396 3511/6228/253 3542/6229/2397
f 3545/6230/2398 3546/6231/2399 3516/6232/2400 3515/6233/2401
f 3547/6234/2402 3548/6235/2403 3529/6236/2404 3528/6237/2405
f 3549/6238/2406 3543/6226/2395 3542/6229/2397 3541/6239/2407
f 3550/6240/2408 3545/6230/2398 3515/6233/2401 3514/6241/2409
f 3551/6242/2410 3547/6234/2402 3528/6237/2405 3527/6243/268
f 3552/6244/2411 3549/6238/2406 3541/6239/2407 3540/6245/2412
f 3553/6246/2413 3550/6240/2408 3514/6241/2409 3513/6247/2414
f 3554/6248/2415 3551/6242/2410 3527/6243/268 3526/6249/2416
f 3555/6250/2417 3552/6244/2411 3540/6245/2412 3539/6251/2418
f 3556/6252/2419 3553/6246/2413 3513/6247/2414 3512/6253/2420
f 3557/6254/2421 3554/6248/2415 3526/6249/2416 3525/6255/2422
f 3558/6256/2423 3555/6250/2417 3539/6251/2418 3538/6257/2424
f 3544/6227/2396 3556/6252/2419 3512/6253/2420 3511/6228/253
f 3559/6258/2425 3557/6254/2421 3525/6255/2422 3524/6259/2426
f 3560/6260/2427 3558/6256/2423 3538/6257/2424 3537/6261/2428
f 3561/6262/2429 3559/6258/2425 3524/6259/2426 3523/6263/2430
f 3562/6264/2431 3560/6260/2427 3537/6261/2428 3536/6265/2432
f 3563/6266/2433 3561/6262/2429 3523/6263/2430 3522/6267/2434
f 3564/6268/1695 3562/6264/2431 3536/6265/2432 3535/6269/294
f 3565/6270/2435 3563/6266/2433 3522/6267/2434 3521/6271/2436
f 3566/6272/2437 3564/6273/1695 3535/6274/294 3534/6275/2438
f 3567/6276/2439 3565/6270/2435 3521/6271/2436 3520/6277/2440
f 3568/6278/2441 3566/6272/2437 3534/6275/2438 3533/6279/2442
f 3569/6280/1704 3567/6276/2439 3520/6277/2440 3519/6281/304
f 3570/6282/2443 3568/6278/2441 3533/6279/2442 3532/6283/2444
f 3571/6284/2445 3569/6285/1704 3519/6286/304 3518/6287/2446
f 3572/6288/2447 3570/6282/2443 3532/6283/2444 3531/6289/2448
f 3573/6290/2449 3571/6284/2445 3518/6287/2446 3517/6291/2450
f 3574/6292/2451 3572/6288/2447 3531/6289/2448 3530/6293/2452
f 3546/6231/2399 3573/6290/2449 3517/6291/2450 3516/6232/2400
f 3548/6235/2403 3574/6292/2451 3530/6293/2452 3529/6236/2404
f 3369/6294/2332 3370/6295/2453 3574/6292/2451 3548/6235/2403
f 3356/6296/2454 3357/6297/2455 3573/6290/2449 3546/6231/2399
f 3370/6295/2453 3371/6298/2456 3572/6288/2447 3574/6292/2451
f 3357/6297/2455 3358/6299/2457 3571/6284/2445 3573/6290/2449
f 3371/6298/2456 3372/6300/2458 3570/6282/2443 3572/6288/2447
f 3358/6299/2457 3359/6301/322 3569/6285/1704 3571/6284/2445
f 3372/6300/2458 3373/6302/2459 3568/6278/2441 3570/6282/2443
f 3359/6303/322 3360/6304/2460 3567/6276/2439 3569/6280/1704
f 3373/6302/2459 3374/6305/2461 3566/6272/2437 3568/6278/2441
f 3360/6304/2460 3361/6306/2462 3565/6270/2435 3567/6276/2439
f 3374/6305/2461 3375/6307/1724 3564/6273/1695 3566/6272/2437
f 3361/6306/2462 3362/6308/2463 3563/6266/2433 3565/6270/2435
f 3375/6309/1724 3376/6310/2464 3562/6264/2431 3564/6268/1695
f 3362/6308/2463 3363/6311/2465 3561/6262/2429 3563/6266/2433
f 3376/6310/2464 3377/6312/2466 3560/6260/2427 3562/6264/2431
f 3363/6311/2465 3364/6313/2467 3559/6258/2425 3561/6262/2429
f 3377/6312/2466 3378/6314/2468 3558/6256/2423 3560/6260/2427
f 3364/6313/2467 3365/6315/2328 3557/6254/2421 3559/6258/2425
f 3351/6316/2325 3352/6317/2326 3556/6252/2419 3544/6227/2396
f 3378/6314/2468 3379/6318/2469 3555/6250/2417 3558/6256/2423
f 3365/6315/2328 3366/6319/2329 3554/6248/2415 3557/6254/2421
f 3352/6317/2326 3353/6320/2327 3553/6246/2413 3556/6252/2419
f 3379/6318/2469 3380/6321/2470 3552/6244/2411 3555/6250/2417
f 3366/6319/2329 3367/6322/2330 3551/6242/2410 3554/6248/2415
f 3353/6320/2327 3354/6323/2471 3550/6240/2408 3553/6246/2413
f 3380/6321/2470 3381/6324/2335 3549/6238/2406 3552/6244/2411
f 3367/6322/2330 3368/6325/2331 3547/6234/2402 3551/6242/2410
f 3354/6323/2471 3355/6326/2472 3545/6230/2398 3550/6240/2408
f 3381/6324/2335 3382/6327/2336 3543/6226/2395 3549/6238/2406
f 3368/6325/2331 3369/6294/2332 3548/6235/2403 3547/6234/2402
f 3355/6326/2472 3356/6296/2454 3546/6231/2399 3545/6230/2398
f 3382/6327/2336 3351/6316/2325 3544/6227/2396 3543/6226/2395
f 3516/6232/2400 3517/6291/2450 3633/6328/2473 3634/6329/2474
f 3529/6236/2404 3530/6293/2452 3620/6330/2475 3621/6331/2476
f 3542/6229/2397 3511/6228/253 3608/6332/2477 3607/6333/2478
f 3515/6233/2401 3516/6232/2400 3634/6329/2474 3635/6334/2479
f 3528/6237/2405 3529/6236/2404 3621/6331/2476 3622/6335/2480
f 3541/6239/2407 3542/6229/2397 3607/6333/2478 3609/6336/2481
f 3514/6241/2409 3515/6233/2401 3635/6334/2479 3636/6337/2482
f 3527/6243/268 3528/6237/2405 3622/6335/2480 3623/6338/2483
f 3540/6245/2412 3541/6239/2407 3609/6336/2481 3610/6339/2484
f 3513/6247/2414 3514/6241/2409 3636/6337/2482 3637/6340/2485
f 3526/6249/2416 3527/6243/268 3623/6338/2483 3624/6341/2486
f 3539/6251/2418 3540/6245/2412 3610/6339/2484 3611/6342/2487
f 3512/6253/2420 3513/6247/2414 3637/6340/2485 3638/6343/2488
f 3525/6255/2422 3526/6249/2416 3624/6341/2486 3625/6344/2489
f 3538/6257/2424 3539/6251/2418 3611/6342/2487 3612/6345/2490
f 3511/6228/253 3512/6253/2420 3638/6343/2488 3608/6332/2477
f 3524/6259/2426 3525/6255/2422 3625/6344/2489 3626/6346/2491
f 3537/6261/2428 3538/6257/2424 3612/6345/2490 3613/6347/2492
f 3523/6263/2430 3524/6259/2426 3626/6346/2491 3627/6348/2493
f 3536/6265/2432 3537/6261/2428 3613/6347/2492 3614/6349/2494
f 3522/6267/2434 3523/6263/2430 3627/6348/2493 3628/6350/2495
f 3535/6269/294 3536/6265/2432 3614/6349/2494 3615/6351/370
f 3521/6271/2436 3522/6267/2434 3628/6350/2495 3629/6352/2496
f 3534/6275/2438 3535/6274/294 3615/6353/370 3616/6354/2497
f 3520/6277/2440 3521/6271/2436 3629/6352/2496 3630/6355/2498
f 3533/6279/2442 3534/6275/2438 3616/6354/2497 3617/6356/2499
f 3519/6281/304 3520/6277/2440 3630/6355/2498 3631/6357/375
f 3532/6283/2444 3533/6279/2442 3617/6356/2499 3618/6358/2500
f 3518/6287/2446 3519/6286/304 3631/6359/375 3632/6360/2501
f 3531/6289/2448 3532/6283/2444 3618/6358/2500 3619/6361/2502
f 3517/6291/2450 3518/6287/2446 3632/6360/2501 3633/6328/2473
f 3530/6293/2452 3531/6289/2448 3619/6361/2502 3620/6330/2475
f 3898/6362/2117 3895/6363/2118 3665/6364/2118 3666/6365/2117
f 3575/6366/2503 3606/6367/2504 3607/6333/2478 3608/6332/2477
f 3606/6367/2504 3605/6368/2505 3609/6336/2481 3607/6333/2478
f 3605/6368/2505 3604/6369/2506 3610/6339/2484 3609/6336/2481
f 3604/6369/2506 3603/6370/2507 3611/6342/2487 3610/6339/2484
f 3603/6370/2507 3602/6371/2508 3612/6345/2490 3611/6342/2487
f 3602/6371/2508 3601/6372/2509 3613/6347/2492 3612/6345/2490
f 3601/6372/2509 3600/6373/2510 3614/6349/2494 3613/6347/2492
f 3600/6373/2510 3599/6374/387 3615/6351/370 3614/6349/2494
f 3599/6375/387 3598/6376/2511 3616/6354/2497 3615/6353/370
f 3598/6376/2511 3597/6377/2512 3617/6356/2499 3616/6354/2497
f 3597/6377/2512 3596/6378/2513 3618/6358/2500 3617/6356/2499
f 3596/6378/2513 3595/6379/2514 3619/6361/2502 3618/6358/2500
f 3595/6379/2514 3594/6380/2515 3620/6330/2475 3619/6361/2502
f 3594/6380/2515 3593/6381/2516 3621/6331/2476 3620/6330/2475
f 3593/6381/2516 3592/6382/2517 3622/6335/2480 3621/6331/2476
f 3592/6382/2517 3591/6383/2518 3623/6338/2483 3622/6335/2480
f 3591/6383/2518 3590/6384/2519 3624/6341/2486 3623/6338/2483
f 3590/6384/2519 3589/6385/2520 3625/6344/2489 3624/6341/2486
f 3589/6385/2520 3588/6386/2521 3626/6346/2491 3625/6344/2489
f 3588/6386/2521 3587/6387/2522 3627/6348/2493 3626/6346/2491
f 3587/6387/2522 3586/6388/2523 3628/6350/2495 3627/6348/2493
f 3586/6388/2523 3585/6389/2524 3629/6352/2496 3628/6350/2495
f 3585/6389/2524 3584/6390/2525 3630/6355/2498 3629/6352/2496
f 3584/6390/2525 3583/6391/403 3631/6357/375 3630/6355/2498
f 3583/6392/403 3582/6393/2526 3632/6360/2501 3631/6359/375
f 3582/6393/2526 3581/6394/2527 3633/6328/2473 3632/6360/2501
f 3581/6394/2527 3580/6395/2528 3634/6329/2474 3633/6328/2473
f 3580/6395/2528 3579/6396/2529 3635/6334/2479 3634/6329/2474
f 3579/6396/2529 3578/6397/2530 3636/6337/2482 3635/6334/2479
f 3578/6397/2530 3577/6398/2531 3637/6340/2485 3636/6337/2482
f 3577/6398/2531 3576/6399/2532 3638/6343/2488 3637/6340/2485
f 3576/6399/2532 3575/6366/2503 3608/6332/2477 3638/6343/2488
f 3731/6400/2533 3729/6401/2534 3684/6402/2535 3685/6403/2536
f 3899/6404/2537 3896/6405/2129 3652/6406/2129 3653/6407/2537
f 3900/6408/2142 3897/6409/1 3640/6410/1 3639/6411/2142
f 3901/6412/2116 3898/6362/2117 3666/6365/2117 3667/6413/2116
f 3902/6414/2127 3899/6404/2537 3653/6407/2537 3654/6415/2127
f 3903/6416/2538 3900/6408/2142 3639/6411/2142 3641/6417/2538
f 3904/6418/2115 3901/6412/2116 3667/6413/2116 3668/6419/2115
f 3905/6420/17 3902/6414/2127 3654/6415/2127 3655/6421/17
f 3906/6422/2139 3903/6416/2538 3641/6417/2538 3642/6423/2139
f 3907/6424/2114 3904/6418/2115 3668/6419/2115 3669/6425/2114
f 3908/6426/2126 3905/6420/17 3655/6421/17 3656/6427/2126
f 3909/6428/2138 3906/6422/2139 3642/6423/2139 3643/6429/2138
f 3910/6430/2113 3907/6424/2114 3669/6425/2114 3670/6431/2113
f 3911/6432/2125 3908/6426/2126 3656/6427/2126 3657/6433/2125
f 3912/6434/2137 3909/6428/2138 3643/6429/2138 3644/6435/2137
f 3897/6409/1 3910/6430/2113 3670/6431/2113 3640/6410/1
f 3913/6436/2124 3911/6432/2125 3657/6433/2125 3658/6437/2124
f 3914/6438/2136 3912/6434/2137 3644/6435/2137 3645/6439/2136
f 3915/6440/2123 3913/6436/2124 3658/6437/2124 3659/6441/2123
f 3916/6442/2135 3914/6438/2136 3645/6439/2136 3646/6443/2135
f 3917/6444/2122 3915/6440/2123 3659/6441/2123 3660/6445/2122
f 3918/6446/25 3916/6442/2135 3646/6443/2135 3647/6447/25
f 3919/6448/2121 3917/6444/2122 3660/6445/2122 3661/6449/2121
f 3920/6450/2134 3918/6451/25 3647/6452/25 3648/6453/2134
f 3921/6454/2264 3919/6448/2121 3661/6449/2121 3662/6455/2264
f 3922/6456/2133 3920/6450/2134 3648/6453/2134 3649/6457/2133
f 3923/6458/9 3921/6454/2264 3662/6455/2264 3663/6459/9
f 3924/6460/2132 3922/6456/2133 3649/6457/2133 3650/6461/2132
f 3925/6462/2263 3923/6463/9 3663/6464/9 3664/6465/2263
f 3926/6466/2131 3924/6460/2132 3650/6461/2132 3651/6467/2131
f 3895/6363/2118 3925/6462/2263 3664/6465/2263 3665/6364/2118
f 3896/6405/2129 3926/6466/2131 3651/6467/2131 3652/6406/2129
f 3707/6468/2539 3703/6469/2540 3671/6470/2541 3673/6471/2542
f 3705/6472/2543 3704/6473/2544 3639/6474/2545 3640/6475/2546
f 3711/6476/2547 3709/6477/2548 3674/6478/2549 3675/6479/2550
f 3713/6480/2551 3711/6476/2547 3675/6479/2550 3676/6481/2552
f 3715/6482/2553 3713/6480/2551 3676/6481/2552 3677/6483/2554
f 3717/6484/2555 3715/6482/2553 3677/6483/2554 3678/6485/2556
f 3719/6486/1814 3717/6484/2555 3678/6485/2556 3679/6487/434
f 3721/6488/2557 3719/6489/1814 3679/6490/434 3680/6491/2558
f 3723/6492/2559 3721/6488/2557 3680/6491/2558 3681/6493/2560
f 3725/6494/2561 3723/6492/2559 3681/6493/2560 3682/6495/2562
f 3727/6496/2563 3725/6494/2561 3682/6495/2562 3683/6497/2564
f 3728/6498/2565 3730/6499/2566 3652/6500/2567 3651/6501/2568
f 3729/6401/2534 3727/6496/2563 3683/6497/2564 3684/6402/2535
f 3733/6502/2569 3731/6400/2533 3685/6403/2536 3686/6503/2570
f 3735/6504/2571 3733/6502/2569 3686/6503/2570 3687/6505/450
f 3737/6506/2572 3735/6504/2571 3687/6505/450 3688/6507/2573
f 3739/6508/2574 3737/6506/2572 3688/6507/2573 3689/6509/2575
f 3741/6510/2576 3739/6508/2574 3689/6509/2575 3690/6511/2577
f 3743/6512/2578 3741/6510/2576 3690/6511/2577 3691/6513/2579
f 3745/6514/2580 3743/6512/2578 3691/6513/2579 3692/6515/2581
f 3747/6516/2582 3745/6514/2580 3692/6515/2581 3693/6517/2583
f 3749/6518/2584 3747/6516/2582 3693/6517/2583 3694/6519/2585
f 3751/6520/1844 3749/6518/2584 3694/6519/2585 3695/6521/466
f 3753/6522/2586 3751/6523/1844 3695/6524/466 3696/6525/2587
f 3755/6526/2588 3753/6522/2586 3696/6525/2587 3697/6527/2589
f 3757/6528/2590 3755/6526/2588 3697/6527/2589 3698/6529/2591
f 3759/6530/2592 3757/6528/2590 3698/6529/2591 3699/6531/2593
f 3761/6532/2594 3759/6530/2592 3699/6531/2593 3700/6533/2595
f 3763/6534/2596 3761/6532/2594 3700/6533/2595 3701/6535/2597
f 3765/6536/2598 3763/6534/2596 3701/6535/2597 3702/6537/2599
f 3709/6477/2548 3707/6468/2539 3673/6471/2542 3674/6478/2549
f 3671/6538/481 3672/6539/481 3702/6540/481 3701/6541/481 3700/6542/481 3699/6543/481 3698/6544/481 3697/6545/481 3696/6546/481 3695/6547/481 3694/6548/481 3693/6549/481 3692/6550/481 3691/6551/481 3690/6552/481 3689/6553/481 3688/6554/481 3687/6555/481 3686/6556/481 3685/6557/481 3684/6558/481 3683/6559/481 3682/6560/481 3681/6561/481 3680/6562/481 3679/6563/481 3678/6564/481 3677/6565/481 3676/6566/481 3675/6567/481 3674/6568/481 3673/6569/481
f 3756/6570/2600 3758/6571/2601 3666/6572/2602 3665/6573/2603
f 3730/6499/2566 3732/6574/2604 3653/6575/2605 3652/6500/2567
f 3704/6473/2544 3708/6576/2606 3641/6577/2607 3639/6474/2545
f 3758/6571/2601 3760/6578/2608 3667/6579/2609 3666/6572/2602
f 3732/6574/2604 3734/6580/2610 3654/6581/2611 3653/6575/2605
f 3706/6582/2612 3765/6536/2598 3702/6537/2599 3672/6583/495
f 3760/6578/2608 3762/6584/2613 3668/6585/2614 3667/6579/2609
f 3734/6580/2610 3736/6586/2615 3655/6587/2616 3654/6581/2611
f 3708/6576/2606 3710/6588/2617 3642/6589/2618 3641/6577/2607
f 3762/6584/2613 3764/6590/2619 3669/6591/2620 3668/6585/2614
f 3736/6586/2615 3738/6592/2621 3656/6593/2622 3655/6587/2616
f 3710/6588/2617 3712/6594/2623 3643/6595/2624 3642/6589/2618
f 3764/6590/2619 3766/6596/2625 3670/6597/2626 3669/6591/2620
f 3738/6592/2621 3740/6598/2627 3657/6599/2628 3656/6593/2622
f 3712/6594/2623 3714/6600/2629 3644/6601/2630 3643/6595/2624
f 3766/6596/2625 3705/6472/2543 3640/6475/2546 3670/6597/2626
f 3740/6598/2627 3742/6602/2631 3658/6603/2632 3657/6599/2628
f 3714/6600/2629 3716/6604/2633 3645/6605/2634 3644/6601/2630
f 3742/6602/2631 3744/6606/2635 3659/6607/2636 3658/6603/2632
f 3716/6604/2633 3718/6608/2637 3646/6609/2638 3645/6605/2634
f 3744/6606/2635 3746/6610/2639 3660/6611/2640 3659/6607/2636
f 3718/6608/2637 3720/6612/1900 3647/6613/1901 3646/6609/2638
f 3746/6610/2639 3748/6614/2641 3661/6615/2642 3660/6611/2640
f 3720/6616/1900 3722/6617/2643 3648/6618/2644 3647/6619/1901
f 3748/6614/2641 3750/6620/2645 3662/6621/2646 3661/6615/2642
f 3722/6617/2643 3724/6622/2647 3649/6623/2648 3648/6618/2644
f 3750/6620/2645 3752/6624/1910 3663/6625/535 3662/6621/2646
f 3724/6622/2647 3726/6626/2649 3650/6627/2650 3649/6623/2648
f 3752/6628/1910 3754/6629/2651 3664/6630/2652 3663/6631/535
f 3726/6626/2649 3728/6498/2565 3651/6501/2568 3650/6627/2650
f 3754/6629/2651 3756/6570/2600 3665/6573/2603 3664/6630/2652
f 3704/6473/2544 3705/6472/2543 3706/6582/2612 3703/6469/2540
f 3708/6576/2606 3704/6473/2544 3703/6469/2540 3707/6468/2539
f 3710/6588/2617 3708/6576/2606 3707/6468/2539 3709/6477/2548
f 3712/6594/2623 3710/6588/2617 3709/6477/2548 3711/6476/2547
f 3714/6600/2629 3712/6594/2623 3711/6476/2547 3713/6480/2551
f 3716/6604/2633 3714/6600/2629 3713/6480/2551 3715/6482/2553
f 3718/6608/2637 3716/6604/2633 3715/6482/2553 3717/6484/2555
f 3720/6612/1900 3718/6608/2637 3717/6484/2555 3719/6486/1814
f 3722/6617/2643 3720/6616/1900 3719/6489/1814 3721/6488/2557
f 3724/6622/2647 3722/6617/2643 3721/6488/2557 3723/6492/2559
f 3726/6626/2649 3724/6622/2647 3723/6492/2559 3725/6494/2561
f 3728/6498/2565 3726/6626/2649 3725/6494/2561 3727/6496/2563
f 3730/6499/2566 3728/6498/2565 3727/6496/2563 3729/6401/2534
f 3732/6574/2604 3730/6499/2566 3729/6401/2534 3731/6400/2533
f 3734/6580/2610 3732/6574/2604 3731/6400/2533 3733/6502/2569
f 3736/6586/2615 3734/6580/2610 3733/6502/2569 3735/6504/2571
f 3738/6592/2621 3736/6586/2615 3735/6504/2571 3737/6506/2572
f 3740/6598/2627 3738/6592/2621 3737/6506/2572 3739/6508/2574
f 3742/6602/2631 3740/6598/2627 3739/6508/2574 3741/6510/2576
f 3744/6606/2635 3742/6602/2631 3741/6510/2576 3743/6512/2578
f 3746/6610/2639 3744/6606/2635 3743/6512/2578 3745/6514/2580
f 3748/6614/2641 3746/6610/2639 3745/6514/2580 3747/6516/2582
f 3750/6620/2645 3748/6614/2641 3747/6516/2582 3749/6518/2584
f 3752/6624/1910 3750/6620/2645 3749/6518/2584 3751/6520/1844
f 3754/6629/2651 3752/6628/1910 3751/6523/1844 3753/6522/2586
f 3756/6570/2600 3754/6629/2651 3753/6522/2586 3755/6526/2588
f 3758/6571/2601 3756/6570/2600 3755/6526/2588 3757/6528/2590
f 3760/6578/2608 3758/6571/2601 3757/6528/2590 3759/6530/2592
f 3762/6584/2613 3760/6578/2608 3759/6530/2592 3761/6532/2594
f 3764/6590/2619 3762/6584/2613 3761/6532/2594 3763/6534/2596
f 3766/6596/2625 3764/6590/2619 3763/6534/2596 3765/6536/2598
f 3705/6472/2543 3766/6596/2625 3765/6536/2598 3706/6582/2612
f 3703/6469/2540 3706/6582/2612 3672/6583/495 3671/6470/2541
f 3828/6022/2653 3829/6025/541 3830/6160/541 3827/6159/2653
f 3826/6026/2654 3828/6022/2653 3827/6159/2653 3825/6163/2654
f 3824/6028/2655 3826/6026/2654 3825/6163/2654 3823/6165/2655
f 3822/6030/2656 3824/6028/2655 3823/6165/2655 3821/6167/2656
f 3820/6032/2657 3822/6030/2656 3821/6167/2656 3819/6169/2657
f 3818/6034/2658 3820/6032/2657 3819/6169/2657 3817/6171/2658
f 3816/6036/2659 3818/6034/2658 3817/6171/2658 3815/6173/2659
f 3814/6038/1922 3816/6036/2659 3815/6173/2659 3813/6175/1922
f 3812/6040/2660 3814/6043/1922 3813/6178/1922 3811/6177/2660
f 3810/6044/2661 3812/6040/2660 3811/6177/2660 3809/6181/2661
f 3808/6046/2662 3810/6044/2661 3809/6181/2661 3807/6183/2662
f 3806/6048/2663 3808/6046/2662 3807/6183/2662 3805/6185/2663
f 3804/6050/2664 3806/6048/2663 3805/6185/2663 3803/6187/2664
f 3802/6052/2665 3804/6050/2664 3803/6187/2664 3801/6189/2665
f 3800/6054/2666 3802/6052/2665 3801/6189/2665 3799/6191/2666
f 3798/6056/556 3800/6054/2666 3799/6191/2666 3797/6193/556
f 3796/6058/2667 3798/6056/556 3797/6193/556 3795/6195/2667
f 3794/6060/2668 3796/6058/2667 3795/6195/2667 3793/6197/2668
f 3792/6062/2669 3794/6060/2668 3793/6197/2668 3791/6199/2669
f 3790/6064/2670 3792/6062/2669 3791/6199/2669 3789/6201/2670
f 3788/6066/2671 3790/6064/2670 3789/6201/2670 3787/6203/2671
f 3786/6068/2672 3788/6066/2671 3787/6203/2671 3785/6205/2672
f 3784/6070/2673 3786/6068/2672 3785/6205/2672 3783/6207/2673
f 3782/6072/1938 3784/6070/2673 3783/6207/2673 3781/6209/1938
f 3780/6074/2674 3782/6077/1938 3781/6212/1938 3779/6211/2674
f 3778/6078/2675 3780/6074/2674 3779/6211/2674 3777/6215/2675
f 3776/6080/2676 3778/6078/2675 3777/6215/2675 3775/6217/2676
f 3774/6082/2677 3776/6080/2676 3775/6217/2676 3773/6219/2677
f 3772/6084/2678 3774/6082/2677 3773/6219/2677 3771/6221/2678
f 3770/6086/2679 3772/6084/2678 3771/6221/2678 3769/6223/2679
f 3768/6088/2680 3770/6086/2679 3769/6223/2679 3767/6225/2680
f 3829/6025/541 3768/6088/2680 3767/6225/2680 3830/6160/541
f 3829/6025/2269 3479/6024/2269 3480/6089/2324 3768/6088/2323
f 3894/5818/2143 3831/5821/2146 3832/5952/2260 3893/5888/2205
f 3892/5822/2147 3894/5818/2143 3893/5888/2205 3891/5887/2204
f 3890/5824/2149 3892/5822/2147 3891/5887/2204 3889/5891/2208
f 3888/5826/2151 3890/5824/2149 3889/5891/2208 3887/5893/2210
f 3886/5828/2153 3888/5826/2151 3887/5893/2210 3885/5895/2212
f 3884/5830/2155 3886/5828/2153 3885/5895/2212 3883/5897/2214
f 3882/5832/2157 3884/5830/2155 3883/5897/2214 3881/5899/2216
f 3880/5834/50 3882/5832/2157 3881/5899/2216 3879/5901/113
f 3878/5836/2159 3880/5839/50 3879/5904/113 3877/5903/2218
f 3876/5840/2161 3878/5836/2159 3877/5903/2218 3875/5907/2220
f 3874/5842/2163 3876/5840/2161 3875/5907/2220 3873/5909/2222
f 3872/5844/2165 3874/5842/2163 3873/5909/2222 3871/5911/2224
f 3870/5846/2167 3872/5844/2165 3871/5911/2224 3869/5913/2226
f 3868/5848/2169 3870/5846/2167 3869/5913/2226 3867/5915/2228
f 3866/5850/2171 3868/5848/2169 3867/5915/2228 3865/5917/2230
f 3864/5852/2173 3866/5850/2171 3865/5917/2230 3863/5919/2231
f 3862/5854/2175 3864/5852/2173 3863/5919/2231 3861/5921/2233
f 3860/5856/2177 3862/5854/2175 3861/5921/2233 3859/5923/2235
f 3858/5858/2179 3860/5856/2177 3859/5923/2235 3857/5925/2237
f 3856/5860/2181 3858/5858/2179 3857/5925/2237 3855/5927/2239
f 3854/5862/2183 3856/5860/2181 3855/5927/2239 3853/5929/2241
f 3852/5864/2185 3854/5862/2183 3853/5929/2241 3851/5931/2243
f 3850/5866/2187 3852/5864/2185 3851/5931/2243 3849/5933/2245
f 3848/5868/82 3850/5866/2187 3849/5933/2245 3847/5935/145
f 3846/5870/2189 3848/5873/82 3847/5938/145 3845/5937/2247
f 3844/5874/2191 3846/5870/2189 3845/5937/2247 3843/5941/2249
f 3842/5876/2193 3844/5874/2191 3843/5941/2249 3841/5943/2251
f 3840/5878/2195 3842/5876/2193 3841/5943/2251 3839/5945/2253
f 3838/5880/2197 3840/5878/2195 3839/5945/2253 3837/5947/2255
f 3836/5882/2199 3838/5880/2197 3837/5947/2255 3835/5949/2257
f 3834/5885/2202 3836/5882/2199 3835/5949/2257 3833/5951/2259
f 3831/5821/2146 3834/5885/2202 3833/5951/2259 3832/5952/2260
f 3446/5953/160 3832/5952/2260 3833/5951/2259 3415/5950/2258
f 3963/6632/2681 4022/6633/2682 3926/6634/2683 3896/6635/2684
f 3959/6636/2685 4020/6637/2686 3925/6638/2687 3895/6639/2688
f 4022/6633/2682 4018/6640/2689 3924/6641/2690 3926/6634/2683
f 4020/6637/2686 4016/6642/582 3923/6643/582 3925/6638/2687
f 4018/6640/2689 4014/6644/2691 3922/6645/2692 3924/6641/2690
f 4016/6646/582 4012/6647/2693 3921/6648/2694 3923/6649/582
f 4014/6644/2691 4010/6650/2695 3920/6651/2696 3922/6645/2692
f 4012/6647/2693 4008/6652/2697 3919/6653/2698 3921/6648/2694
f 4010/6650/2695 4006/6654/591 3918/6655/591 3920/6651/2696
f 4008/6652/2697 4004/6656/2699 3917/6657/2700 3919/6653/2698
f 4006/6658/591 4002/6659/2701 3916/6660/2702 3918/6661/591
f 4004/6656/2699 4000/6662/2703 3915/6663/2704 3917/6657/2700
f 4002/6659/2701 3998/6664/2705 3914/6665/2706 3916/6660/2702
f 4000/6662/2703 3996/6666/2707 3913/6667/2708 3915/6663/2704
f 3998/6664/2705 3994/6668/2709 3912/6669/2710 3914/6665/2706
f 3967/6670/2711 3990/6671/2712 3910/6672/2713 3897/6673/2711
f 3996/6666/2707 3992/6674/2714 3911/6675/2715 3913/6667/2708
f 3994/6668/2709 3988/6676/2716 3909/6677/2717 3912/6669/2710
f 3992/6674/2714 3986/6678/2718 3908/6679/2719 3911/6675/2715
f 3990/6671/2712 3984/6680/2720 3907/6681/2721 3910/6672/2713
f 3988/6676/2716 3982/6682/2722 3906/6683/2723 3909/6677/2717
f 3986/6678/2718 3980/6684/2724 3905/6685/2724 3908/6679/2719
f 3984/6680/2720 3978/6686/2725 3904/6687/2726 3907/6681/2721
f 3982/6682/2722 3976/6688/2727 3903/6689/2728 3906/6683/2723
f 3980/6684/2724 3974/6690/2729 3902/6691/2730 3905/6685/2724
f 3978/6686/2725 3972/6692/2731 3901/6693/2732 3904/6687/2726
f 3929/6694/2733 3958/6695/2734 3968/6696/2734 3969/6697/2735
f 3928/6698/2736 3957/6699/2737 3964/6700/2738 3965/6701/2739
f 3970/6702/2740 3967/6670/2711 3897/6673/2711 3900/6703/2741
f 3966/6704/2742 3963/6632/2681 3896/6635/2684 3899/6705/2743
f 3962/6706/2744 3959/6636/2685 3895/6639/2688 3898/6707/2745
f 3974/6690/2729 3966/6704/2742 3899/6705/2743 3902/6691/2730
f 3972/6692/2731 3962/6706/2744 3898/6707/2745 3901/6693/2732
f 3955/6708/2746 3953/6709/2747 4017/6710/2748 4021/6711/2749
f 3954/6712/2750 3952/6713/2016 4015/6714/2016 4019/6715/2751
f 3953/6709/2747 3951/6716/2752 4013/6717/2753 4017/6710/2748
f 3952/6718/2016 3950/6719/2754 4011/6720/2755 4015/6721/2016
f 3951/6716/2752 3949/6722/2756 4009/6723/2757 4013/6717/2753
f 3950/6719/2754 3948/6724/2758 4007/6725/2759 4011/6720/2755
f 3949/6722/2756 3947/6726/654 4005/6727/654 4009/6723/2757
f 3948/6724/2758 3946/6728/2760 4003/6729/2761 4007/6725/2759
f 3947/6730/654 3945/6731/2762 4001/6732/2763 4005/6733/654
f 3946/6728/2760 3944/6734/2764 3999/6735/2765 4003/6729/2761
f 3945/6731/2762 3943/6736/2766 3997/6737/2767 4001/6732/2763
f 3944/6734/2764 3942/6738/2768 3995/6739/2769 3999/6735/2765
f 3943/6736/2766 3941/6740/2770 3993/6741/2771 3997/6737/2767
f 3942/6738/2768 3940/6742/2772 3991/6743/2773 3995/6739/2769
f 3976/6688/2727 3970/6702/2740 3900/6703/2741 3903/6689/2728
f 3941/6740/2770 3938/6744/2774 3987/6745/2775 3993/6741/2771
f 3940/6742/2772 3937/6746/2776 3985/6747/2777 3991/6743/2773
f 3939/6748/2778 3936/6749/2779 3983/6750/2780 3989/6751/2781
f 3938/6744/2774 3935/6752/2782 3981/6753/2783 3987/6745/2775
f 3937/6746/2776 3934/6754/2784 3979/6755/2784 3985/6747/2777
f 3936/6749/2779 3933/6756/2785 3977/6757/2786 3983/6750/2780
f 3935/6752/2782 3932/6758/2787 3975/6759/2788 3981/6753/2783
f 3934/6754/2784 3931/6760/2789 3973/6761/2790 3979/6755/2784
f 3933/6756/2785 3930/6762/2791 3971/6763/2792 3977/6757/2786
f 3932/6758/2787 3929/6694/2733 3969/6697/2735 3975/6759/2788
f 3931/6760/2789 3928/6698/2736 3965/6701/2739 3973/6761/2790
f 3930/6762/2791 3927/6764/2793 3961/6765/2794 3971/6763/2792
f 3958/6695/2734 3939/6748/2778 3989/6751/2781 3968/6696/2734
f 3957/6699/2737 3955/6708/2746 4021/6711/2749 3964/6700/2738
f 3956/6766/2795 3954/6712/2750 4019/6715/2751 3960/6767/2796
f 4055/6768/2117 4084/6769/2118 3956/6770/2118 3927/6771/2117
f 4056/6772/2537 4085/6773/2129 3957/6774/2129 3928/6775/2537
f 4057/6776/2142 4086/6777/1 3958/6778/1 3929/6779/2142
f 4058/6780/2116 4055/6768/2117 3927/6771/2117 3930/6781/2116
f 4059/6782/2127 4056/6772/2537 3928/6775/2537 3931/6783/2127
f 4060/6784/2538 4057/6776/2142 3929/6779/2142 3932/6785/2538
f 4061/6786/2115 4058/6780/2116 3930/6781/2116 3933/6787/2115
f 4062/6788/17 4059/6782/2127 3931/6783/2127 3934/6789/17
f 4063/6790/2139 4060/6784/2538 3932/6785/2538 3935/6791/2139
f 4064/6792/2114 4061/6786/2115 3933/6787/2115 3936/6793/2114
f 4065/6794/2126 4062/6788/17 3934/6789/17 3937/6795/2126
f 4066/6796/2138 4063/6790/2139 3935/6791/2139 3938/6797/2138
f 4067/6798/2113 4064/6792/2114 3936/6793/2114 3939/6799/2113
f 4068/6800/2125 4065/6794/2126 3937/6795/2126 3940/6801/2125
f 4069/6802/2137 4066/6796/2138 3938/6797/2138 3941/6803/2137
f 4086/6777/1 4067/6798/2113 3939/6799/2113 3958/6778/1
f 4070/6804/2124 4068/6800/2125 3940/6801/2125 3942/6805/2124
f 4071/6806/2136 4069/6802/2137 3941/6803/2137 3943/6807/2136
f 4072/6808/2123 4070/6804/2124 3942/6805/2124 3944/6809/2123
f 4073/6810/2135 4071/6806/2136 3943/6807/2136 3945/6811/2135
f 4074/6812/2122 4072/6808/2123 3944/6809/2123 3946/6813/2122
f 4075/6814/25 4073/6810/2135 3945/6811/2135 3947/6815/25
f 4076/6816/2121 4074/6812/2122 3946/6813/2122 3948/6817/2121
f 4077/6818/2134 4075/6819/25 3947/6820/25 3949/6821/2134
f 4078/6822/2264 4076/6816/2121 3948/6817/2121 3950/6823/2264
f 4079/6824/2133 4077/6818/2134 3949/6821/2134 3951/6825/2133
f 4080/6826/9 4078/6822/2264 3950/6823/2264 3952/6827/9
f 4081/6828/2132 4079/6824/2133 3951/6825/2133 3953/6829/2132
f 4082/6830/2263 4080/6831/9 3952/6832/9 3954/6833/2263
f 4083/6834/2131 4081/6828/2132 3953/6829/2132 3955/6835/2131
f 4084/6769/2118 4082/6830/2263 3954/6833/2263 3956/6770/2118
f 4085/6773/2129 4083/6834/2131 3955/6835/2131 3957/6774/2129
f 4022/6633/2797 3963/6632/2798 3964/6700/2799 4021/6711/2800
f 4020/6637/2801 3959/6636/2802 3960/6767/2802 4019/6715/2803
f 4018/6640/2804 4022/6633/2797 4021/6711/2800 4017/6710/2804
f 4016/6642/698 4020/6637/2801 4019/6715/2803 4015/6714/698
f 4014/6644/2805 4018/6640/2804 4017/6710/2804 4013/6717/2805
f 4012/6647/2806 4016/6646/698 4015/6721/698 4011/6720/2806
f 4010/6650/2807 4014/6644/2805 4013/6717/2805 4009/6723/2807
f 4008/6652/2808 4012/6647/2806 4011/6720/2806 4007/6725/2808
f 4006/6654/703 4010/6650/2807 4009/6723/2807 4005/6727/703
f 4004/6656/2809 4008/6652/2808 4007/6725/2808 4003/6729/2809
f 4002/6659/2810 4006/6658/703 4005/6733/703 4001/6732/2810
f 4000/6662/2811 4004/6656/2809 4003/6729/2809 3999/6735/2811
f 3998/6664/2812 4002/6659/2810 4001/6732/2810 3997/6737/2812
f 3996/6666/2813 4000/6662/2811 3999/6735/2811 3995/6739/2813
f 3994/6668/2814 3998/6664/2812 3997/6737/2812 3993/6741/2814
f 3992/6674/2815 3996/6666/2813 3995/6739/2813 3991/6743/2815
f 3990/6671/2816 3967/6670/2817 3968/6696/2817 3989/6751/2816
f 3988/6676/2818 3994/6668/2814 3993/6741/2814 3987/6745/2819
f 3986/6678/2820 3992/6674/2815 3991/6743/2815 3985/6747/2820
f 3984/6680/2821 3990/6671/2816 3989/6751/2816 3983/6750/2821
f 3982/6682/2822 3988/6676/2818 3987/6745/2819 3981/6753/2823
f 3980/6684/2824 3986/6678/2820 3985/6747/2820 3979/6755/2824
f 3978/6686/2825 3984/6680/2821 3983/6750/2821 3977/6757/2825
f 3976/6688/2826 3982/6682/2822 3981/6753/2823 3975/6759/2827
f 3974/6690/2828 3980/6684/2824 3979/6755/2824 3973/6761/2828
f 3972/6692/2829 3978/6686/2825 3977/6757/2825 3971/6763/2829
f 3970/6702/2830 3976/6688/2826 3975/6759/2827 3969/6697/2830
f 3966/6704/2831 3974/6690/2828 3973/6761/2828 3965/6701/2832
f 3962/6706/2833 3972/6692/2829 3971/6763/2829 3961/6765/2833
f 3967/6670/2817 3970/6702/2830 3969/6697/2830 3968/6696/2817
f 3963/6632/2798 3966/6704/2831 3965/6701/2832 3964/6700/2799
f 3959/6636/2802 3962/6706/2833 3961/6765/2833 3960/6767/2802
f 3927/6764/2793 3956/6766/2795 3960/6767/2796 3961/6765/2794
f 3414/6836/2144 4054/5817/2142 4023/5718/1 3383/6837/2145
f 3413/6838/2148 4053/5783/2141 4054/5817/2142 3414/6836/2144
f 3412/6839/2150 4052/5781/2140 4053/5783/2141 3413/6838/2148
f 3411/6840/2152 4051/5779/2138 4052/5781/2140 3412/6839/2150
f 3410/6841/2154 4050/5777/2137 4051/5779/2138 3411/6840/2152
f 3409/6842/2156 4049/5775/2136 4050/5777/2137 3410/6841/2154
f 3408/6843/2158 4048/5773/2135 4049/5775/2136 3409/6842/2156
f 3407/6844/1404 4047/5770/25 4048/5773/2135 3408/6843/2158
f 3406/6845/2160 4046/5767/2134 4047/5769/25 3407/6846/1404
f 3405/6847/2162 4045/5765/2133 4046/5767/2134 3406/6845/2160
f 3404/6848/2164 4044/5763/2132 4045/5765/2133 3405/6847/2162
f 3403/6849/2166 4043/5761/2131 4044/5763/2132 3404/6848/2164
f 3402/6850/2168 4042/5759/2130 4043/5761/2131 3403/6849/2166
f 3401/6851/2170 4041/5757/2128 4042/5759/2130 3402/6850/2168
f 3400/6852/2172 4040/5755/2127 4041/5757/2128 3401/6851/2170
f 3399/6853/2174 4039/5753/17 4040/5755/2127 3400/6852/2172
f 3398/6854/2176 4038/5751/2126 4039/5753/17 3399/6853/2174
f 3397/6855/2178 4037/5749/2125 4038/5751/2126 3398/6854/2176
f 3396/6856/2180 4036/5747/2124 4037/5749/2125 3397/6855/2178
f 3395/6857/2182 4035/5745/2123 4036/5747/2124 3396/6856/2180
f 3394/6858/2184 4034/5743/2122 4035/5745/2123 3395/6857/2182
f 3393/6859/2186 4033/5741/2121 4034/5743/2122 3394/6858/2184
f 3392/6860/2188 4032/5739/2120 4033/5741/2121 3393/6859/2186
f 3391/6861/1436 4031/5736/9 4032/5739/2120 3392/6860/2188
f 3390/6862/2190 4030/5733/2119 4031/5735/9 3391/6863/1436
f 3389/6864/2192 4029/5731/2118 4030/5733/2119 3390/6862/2190
f 3388/6865/2194 4028/5729/2117 4029/5731/2118 3389/6864/2192
f 3387/6866/2196 4027/5727/2116 4028/5729/2117 3388/6865/2194
f 3386/6867/2198 4026/5725/2115 4027/5727/2116 3387/6866/2196
f 3385/6868/2200 4025/5723/2114 4026/5725/2115 3386/6867/2198
f 3384/6869/2201 4024/5721/2113 4025/5723/2114 3385/6868/2200
f 3383/6837/2145 4023/5718/1 4024/5721/2113 3384/6869/2201
f 3594/6870/2515 3595/6871/2514 4083/6872/2131 4085/6873/2129
f 3581/6874/2527 3582/6875/2526 4082/6876/2263 4084/6877/2118
f 3595/6871/2514 3596/6878/2513 4081/6879/2132 4083/6872/2131
f 3582/6875/2526 3583/6880/403 4080/6881/9 4082/6876/2263
f 3596/6878/2513 3597/6882/2512 4079/6883/2133 4081/6879/2132
f 3583/6884/403 3584/6885/2525 4078/6886/2264 4080/6887/9
f 3597/6882/2512 3598/6888/2511 4077/6889/2134 4079/6883/2133
f 3584/6885/2525 3585/6890/2524 4076/6891/2121 4078/6886/2264
f 3598/6888/2511 3599/6892/387 4075/6893/25 4077/6889/2134
f 3585/6890/2524 3586/6894/2523 4074/6895/2122 4076/6891/2121
f 3599/6896/387 3600/6897/2510 4073/6898/2135 4075/6899/25
f 3586/6894/2523 3587/6900/2522 4072/6901/2123 4074/6895/2122
f 3600/6897/2510 3601/6902/2509 4071/6903/2136 4073/6898/2135
f 3587/6900/2522 3588/6904/2521 4070/6905/2124 4072/6901/2123
f 3601/6902/2509 3602/6906/2508 4069/6907/2137 4071/6903/2136
f 3588/6904/2521 3589/6908/2520 4068/6909/2125 4070/6905/2124
f 3575/6910/2503 3576/6911/2532 4067/6912/2113 4086/6913/1
f 3602/6906/2508 3603/6914/2507 4066/6915/2138 4069/6907/2137
f 3589/6908/2520 3590/6916/2519 4065/6917/2126 4068/6909/2125
f 3576/6911/2532 3577/6918/2531 4064/6919/2114 4067/6912/2113
f 3603/6914/2507 3604/6920/2506 4063/6921/2139 4066/6915/2138
f 3590/6916/2519 3591/6922/2518 4062/6923/17 4065/6917/2126
f 3577/6918/2531 3578/6924/2530 4061/6925/2115 4064/6919/2114
f 3604/6920/2506 3605/6926/2505 4060/6927/2538 4063/6921/2139
f 3591/6922/2518 3592/6928/2517 4059/6929/2127 4062/6923/17
f 3578/6924/2530 3579/6930/2529 4058/6931/2116 4061/6925/2115
f 3605/6926/2505 3606/6932/2504 4057/6933/2142 4060/6927/2538
f 3592/6928/2517 3593/6934/2516 4056/6935/2537 4059/6929/2127
f 3579/6930/2529 3580/6936/2528 4055/6937/2117 4058/6931/2116
f 3606/6932/2504 3575/6910/2503 4086/6913/1 4057/6933/2142
f 3593/6934/2516 3594/6870/2515 4085/6873/2129 4056/6935/2537
f 3580/6936/2528 3581/6874/2527 4084/6877/2118 4055/6937/2117
f 4087/6938/17 4089/6939/2834 4151/6940/2834 4152/6941/17
f 4089/6939/2834 4091/6942/2835 4153/6943/2835 4151/6940/2834
f 4091/6942/2835 4093/6944/2836 4154/6945/2836 4153/6943/2835
f 4093/6944/2836 4095/6946/2837 4155/6947/2837 4154/6945/2836
f 4095/6946/2837 4097/6948/2838 4156/6949/2838 4155/6947/2837
f 4097/6948/2838 4099/6950/2839 4157/6951/2839 4156/6949/2838
f 4099/6950/2839 4101/6952/2840 4158/6953/2840 4157/6951/2839
f 4101/6952/2840 4103/6954/481 4159/6955/481 4158/6953/2840
f 4103/6954/481 4105/6956/2841 4160/6957/2841 4159/6955/481
f 4105/6956/2841 4107/6958/2842 4161/6959/2842 4160/6957/2841
f 4107/6958/2842 4109/6960/2843 4162/6961/2843 4161/6959/2842
f 4109/6960/2843 4111/6962/2844 4163/6963/2844 4162/6961/2843
f 4111/6962/2844 4113/6964/2845 4164/6965/2845 4163/6963/2844
f 4113/6964/2845 4115/6966/2846 4165/6967/2846 4164/6965/2845
f 4115/6966/2846 4117/6968/2847 4166/6969/2847 4165/6967/2846
f 4117/6968/2847 4119/6970/1 4167/6971/1 4166/6969/2847
f 4119/6970/1 4121/6972/2848 4168/6973/2848 4167/6971/1
f 4121/6972/2848 4123/6974/2849 4169/6975/2849 4168/6973/2848
f 4123/6974/2849 4125/6976/2850 4170/6977/2850 4169/6975/2849
f 4125/6976/2850 4127/6978/2851 4171/6979/2851 4170/6977/2850
f 4127/6978/2851 4129/6980/2852 4172/6981/2852 4171/6979/2851
f 4129/6980/2852 4131/6982/2853 4173/6983/2853 4172/6981/2852
f 4131/6982/2853 4133/6984/2854 4174/6985/2854 4173/6983/2853
f 4133/6984/2854 4135/6986/32 4175/6987/32 4174/6985/2854
f 4135/6986/32 4137/6988/2855 4176/6989/2855 4175/6987/32
f 4137/6988/2855 4139/6990/2856 4177/6991/2856 4176/6989/2855
f 4139/6990/2856 4141/6992/2857 4178/6993/2857 4177/6991/2856
f 4141/6992/2857 4143/6994/2858 4179/6995/2858 4178/6993/2857
f 4143/6994/2858 4145/6996/2859 4180/6997/2859 4179/6995/2858
f 4145/6996/2859 4147/6998/2860 4181/6999/2860 4180/6997/2859
f 4147/6998/2860 4149/7000/2861 4182/7001/2861 4181/6999/2860
f 4149/7000/2861 4087/6938/17 4152/6941/17 4182/7001/2861
f 4087/7002/25 4149/7003/25 4147/7004/25 4145/7005/25 4143/7006/25 4141/7007/25 4139/7008/25 4137/7009/25 4135/7010/25 4133/7011/25 4131/7012/25 4129/7013/25 4127/7014/25 4125/7015/25 4123/7016/25 4121/7017/25 4119/7018/25 4117/7019/25 4115/7020/25 4113/7021/25 4111/7022/25 4109/7023/25 4107/7024/25 4105/7025/25 4103/7026/25 4101/7027/25 4099/7028/25 4097/7029/25 4095/7030/25 4093/7031/25 4091/7032/25 4089/7033/25
f 4088/7034/9 4152/7035/9 4151/7036/9 4090/7037/9
f 4090/7037/9 4151/7036/9 4153/7038/9 4092/7039/9
f 4092/7039/9 4153/7038/9 4154/7040/9 4094/7041/9
f 4094/7041/9 4154/7040/9 4155/7042/9 4096/7043/9
f 4096/7043/9 4155/7042/9 4156/7044/9 4098/7045/9
f 4098/7045/9 4156/7044/9 4157/7046/9 4100/7047/9
f 4100/7047/9 4157/7046/9 4158/7048/9 4102/7049/9
f 4102/7049/9 4158/7048/9 4159/7050/9 4104/7051/9
f 4104/7051/9 4159/7050/9 4160/7052/9 4106/7053/9
f 4106/7053/9 4160/7052/9 4161/7054/9 4108/7055/9
f 4108/7055/9 4161/7054/9 4162/7056/9 4110/7057/9
f 4110/7057/9 4162/7056/9 4163/7058/9 4112/7059/9
f 4112/7059/9 4163/7058/9 4164/7060/9 4114/7061/9
f 4114/7061/9 4164/7060/9 4165/7062/9 4116/7063/9
f 4116/7063/9 4165/7062/9 4166/7064/9 4118/7065/9
f 4118/7065/9 4166/7064/9 4167/7066/9 4120/7067/9
f 4120/7067/9 4167/7066/9 4168/7068/9 4122/7069/9
f 4122/7069/9 4168/7068/9 4169/7070/9 4124/7071/9
f 4124/7071/9 4169/7070/9 4170/7072/9 4126/7073/9
f 4126/7073/9 4170/7072/9 4171/7074/9 4128/7075/9
f 4128/7075/9 4171/7074/9 4172/7076/9 4130/7077/9
f 4130/7077/9 4172/7076/9 4173/7078/9 4132/7079/9
f 4132/7079/9 4173/7078/9 4174/7080/9 4134/7081/9
f 4134/7081/9 4174/7080/9 4175/7082/9 4136/7083/9
f 4136/7083/9 4175/7082/9 4176/7084/9 4138/7085/9
f 4138/7085/9 4176/7084/9 4177/7086/9 4140/7087/9
f 4140/7087/9 4177/7086/9 4178/7088/9 4142/7089/9
f 4142/7089/9 4178/7088/9 4179/7090/9 4144/7091/9
f 4144/7091/9 4179/7090/9 4180/7092/9 4146/7093/9
f 4146/7093/9 4180/7092/9 4181/7094/9 4148/7095/9
f 4148/7095/9 4181/7094/9 4182/7096/9 4150/7097/9
f 4150/7097/9 4182/7096/9 4152/7035/9 4088/7034/9
f 4183/7098/17 4248/7099/17 4247/7100/2834 4185/7101/2834
f 4185/7101/2834 4247/7100/2834 4249/7102/2835 4187/7103/2835
f 4187/7103/2835 4249/7102/2835 4250/7104/2836 4189/7105/2836
f 4189/7105/2836 4250/7104/2836 4251/7106/2837 4191/7107/2837
f 4191/7107/2837 4251/7106/2837 4252/7108/2838 4193/7109/2838
f 4193/7109/2838 4252/7108/2838 4253/7110/2839 4195/7111/2839
f 4195/7111/2839 4253/7110/2839 4254/7112/2840 4197/7113/2840
f 4197/7113/2840 4254/7112/2840 4255/7114/481 4199/7115/481
f 4199/7115/481 4255/7114/481 4256/7116/2841 4201/7117/2841
f 4201/7117/2841 4256/7116/2841 4257/7118/2842 4203/7119/2842
f 4203/7119/2842 4257/7118/2842 4258/7120/2843 4205/7121/2843
f 4205/7121/2843 4258/7120/2843 4259/7122/2844 4207/7123/2844
f 4207/7123/2844 4259/7122/2844 4260/7124/2845 4209/7125/2845
f 4209/7125/2845 4260/7124/2845 4261/7126/2846 4211/7127/2846
f 4211/7127/2846 4261/7126/2846 4262/7128/2847 4213/7129/2847
f 4213/7129/2847 4262/7128/2847 4263/7130/1 4215/7131/1
f 4215/7131/1 4263/7130/1 4264/7132/2848 4217/7133/2848
f 4217/7133/2848 4264/7132/2848 4265/7134/2849 4219/7135/2849
f 4219/7135/2849 4265/7134/2849 4266/7136/2850 4221/7137/2850
f 4221/7137/2850 4266/7136/2850 4267/7138/2851 4223/7139/2851
f 4223/7139/2851 4267/7138/2851 4268/7140/2852 4225/7141/2852
f 4225/7141/2852 4268/7140/2852 4269/7142/2853 4227/7143/2853
f 4227/7143/2853 4269/7142/2853 4270/7144/2854 4229/7145/2854
f 4229/7145/2854 4270/7144/2854 4271/7146/32 4231/7147/32
f 4231/7147/32 4271/7146/32 4272/7148/2855 4233/7149/2855
f 4233/7149/2855 4272/7148/2855 4273/7150/2856 4235/7151/2856
f 4235/7151/2856 4273/7150/2856 4274/7152/2857 4237/7153/2857
f 4237/7153/2857 4274/7152/2857 4275/7154/2858 4239/7155/2858
f 4239/7155/2858 4275/7154/2858 4276/7156/2859 4241/7157/2859
f 4241/7157/2859 4276/7156/2859 4277/7158/2860 4243/7159/2860
f 4243/7159/2860 4277/7158/2860 4278/7160/2861 4245/7161/2861
f 4245/7161/2861 4278/7160/2861 4248/7099/17 4183/7098/17
f 4183/7162/9 4185/7163/9 4187/7164/9 4189/7165/9 4191/7166/9 4193/7167/9 4195/7168/9 4197/7169/9 4199/7170/9 4201/7171/9 4203/7172/9 4205/7173/9 4207/7174/9 4209/7175/9 4211/7176/9 4213/7177/9 4215/7178/9 4217/7179/9 4219/7180/9 4221/7181/9 4223/7182/9 4225/7183/9 4227/7184/9 4229/7185/9 4231/7186/9 4233/7187/9 4235/7188/9 4237/7189/9 4239/7190/9 4241/7191/9 4243/7192/9 4245/7193/9
f 4184/7194/25 4186/7195/25 4247/7196/25 4248/7197/25
f 4186/7195/25 4188/7198/25 4249/7199/25 4247/7196/25
f 4188/7198/25 4190/7200/25 4250/7201/25 4249/7199/25
f 4190/7200/25 4192/7202/25 4251/7203/25 4250/7201/25
f 4192/7202/25 4194/7204/25 4252/7205/25 4251/7203/25
f 4194/7204/25 4196/7206/25 4253/7207/25 4252/7205/25
f 4196/7206/25 4198/7208/25 4254/7209/25 4253/7207/25
f 4198/7208/25 4200/7210/25 4255/7211/25 4254/7209/25
f 4200/7210/25 4202/7212/25 4256/7213/25 4255/7211/25
f 4202/7212/25 4204/7214/25 4257/7215/25 4256/7213/25
f 4204/7214/25 4206/7216/25 4258/7217/25 4257/7215/25
f 4206/7216/25 4208/7218/25 4259/7219/25 4258/7217/25
f 4208/7218/25 4210/7220/25 4260/7221/25 4259/7219/25
f 4210/7220/25 4212/7222/25 4261/7223/25 4260/7221/25
f 4212/7222/25 4214/7224/25 4262/7225/25 4261/7223/25
f 4214/7224/25 4216/7226/25 4263/7227/25 4262/7225/25
f 4216/7226/25 4218/7228/25 4264/7229/25 4263/7227/25
f 4218/7228/25 4220/7230/25 4265/7231/25 4264/7229/25
f 4220/7230/25 4222/7232/25 4266/7233/25 4265/7231/25
f 4222/7232/25 4224/7234/25 4267/7235/25 4266/7233/25
f 4224/7234/25 4226/7236/25 4268/7237/25 4267/7235/25
f 4226/7236/25 4228/7238/25 4269/7239/25 4268/7237/25
f 4228/7238/25 4230/7240/25 4270/7241/25 4269/7239/25
f 4230/7240/25 4232/7242/25 4271/7243/25 4270/7241/25
f 4232/7242/25 4234/7244/25 4272/7245/25 4271/7243/25
f 4234/7244/25 4236/7246/25 4273/7247/25 4272/7245/25
f 4236/7246/25 4238/7248/25 4274/7249/25 4273/7247/25
f 4238/7248/25 4240/7250/25 4275/7251/25 4274/7249/25
f 4240/7250/25 4242/7252/25 4276/7253/25 4275/7251/25
f 4242/7252/25 4244/7254/25 4277/7255/25 4276/7253/25
f 4244/7254/25 4246/7256/25 4278/7257/25 4277/7255/25
f 4246/7256/25 4184/7194/25 4248/7197/25 4278/7257/25
f 4983/7258/1 4279/7259/1 4280/7260/2862 4984/7261/2862
f 4984/7261/2862 4280/7260/2862 4281/7262/2863 4985/7263/2863
f 4985/7263/2863 4281/7262/2863 4282/7264/2864 4986/7265/2864
f 4986/7265/2864 4282/7264/2864 4283/7266/2865 4987/7267/2865
f 4987/7267/2865 4283/7266/2865 4284/7268/2866 4988/7269/2866
f 4988/7269/2866 4284/7268/2866 4285/7270/2867 4989/7271/2867
f 4989/7271/2867 4285/7270/2867 4286/7272/2868 4990/7273/2868
f 4990/7273/2868 4286/7272/2868 4287/7274/9 4991/7275/9
f 4991/7276/9 4287/7277/9 4288/7278/2869 4992/7279/2869
f 4992/7279/2869 4288/7278/2869 4289/7280/2870 4993/7281/2870
f 4993/7281/2870 4289/7280/2870 4290/7282/2871 4994/7283/2871
f 4994/7283/2871 4290/7282/2871 4291/7284/2872 4995/7285/2872
f 4995/7285/2872 4291/7284/2872 4292/7286/2873 4996/7287/2873
f 4996/7287/2873 4292/7286/2873 4293/7288/2874 4997/7289/2874
f 4997/7289/2874 4293/7288/2874 4294/7290/2875 4998/7291/2875
f 4998/7291/2875 4294/7290/2875 4295/7292/17 4999/7293/17
f 4999/7293/17 4295/7292/17 4296/7294/2876 5000/7295/2876
f 5000/7295/2876 4296/7294/2876 4297/7296/2877 5001/7297/2877
f 5001/7297/2877 4297/7296/2877 4298/7298/2878 5002/7299/2878
f 5002/7299/2878 4298/7298/2878 4299/7300/2879 5003/7301/2879
f 5003/7301/2879 4299/7300/2879 4300/7302/2880 5004/7303/2880
f 5004/7303/2880 4300/7302/2880 4301/7304/2881 5005/7305/2881
f 5005/7305/2881 4301/7304/2881 4302/7306/2882 5006/7307/2882
f 5006/7307/2882 4302/7306/2882 4303/7308/25 5007/7309/25
f 5007/7310/25 4303/7311/25 4304/7312/2883 5008/7313/2883
f 5008/7313/2883 4304/7312/2883 4305/7314/2884 5009/7315/2884
f 5009/7315/2884 4305/7314/2884 4306/7316/2885 5010/7317/2885
f 5010/7317/2885 4306/7316/2885 4307/7318/2886 5011/7319/2886
f 5011/7319/2886 4307/7318/2886 4308/7320/2887 5012/7321/2887
f 5012/7321/2887 4308/7320/2887 4309/7322/2888 5013/7323/2888
f 4280/7324/32 4279/7325/32 4310/7326/32 4309/7327/32 4308/7328/32 4307/7329/32 4306/7330/32 4305/7331/32 4304/7332/32 4303/7333/32 4302/7334/32 4301/7335/32 4300/7336/32 4299/7337/32 4298/7338/32 4297/7339/32 4296/7340/32 4295/7341/32 4294/7342/32 4293/7343/32 4292/7344/32 4291/7345/32 4290/7346/32 4289/7347/32 4288/7348/32 4287/7349/32 4286/7350/32 4285/7351/32 4284/7352/32 4283/7353/32 4282/7354/32 4281/7355/32
f 5013/7323/2888 4309/7322/2888 4310/7356/2889 5014/7357/2889
f 5014/7357/2889 4310/7356/2889 4279/7259/1 4983/7258/1
f 4854/7358/2890 4374/7359/2891 4343/7360/2892 4791/7361/2893
f 4852/7362/2894 4373/7363/2895 4374/7359/2891 4854/7358/2890
f 4850/7364/2896 4372/7365/2897 4373/7363/2895 4852/7362/2894
f 4848/7366/2898 4371/7367/2899 4372/7365/2897 4850/7364/2896
f 4846/7368/2900 4370/7369/2901 4371/7367/2899 4848/7366/2898
f 4844/7370/2902 4369/7371/2903 4370/7369/2901 4846/7368/2900
f 4842/7372/2904 4368/7373/2905 4369/7371/2903 4844/7370/2902
f 4840/7374/2906 4367/7375/2907 4368/7373/2905 4842/7372/2904
f 4838/7376/2908 4366/7377/2909 4367/7378/2907 4840/7379/2906
f 4836/7380/2910 4365/7381/2911 4366/7377/2909 4838/7376/2908
f 4834/7382/2912 4364/7383/2913 4365/7381/2911 4836/7380/2910
f 4832/7384/2914 4363/7385/2915 4364/7383/2913 4834/7382/2912
f 4830/7386/2916 4362/7387/2917 4363/7385/2915 4832/7384/2914
f 4828/7388/2918 4361/7389/2919 4362/7387/2917 4830/7386/2916
f 4826/7390/2920 4360/7391/2921 4361/7389/2919 4828/7388/2918
f 4824/7392/2922 4359/7393/2923 4360/7391/2921 4826/7390/2920
f 4822/7394/2924 4358/7395/2925 4359/7393/2923 4824/7392/2922
f 4820/7396/2926 4357/7397/2927 4358/7395/2925 4822/7394/2924
f 4818/7398/2928 4356/7399/2929 4357/7397/2927 4820/7396/2926
f 4816/7400/2930 4355/7401/2931 4356/7399/2929 4818/7398/2928
f 4814/7402/2932 4354/7403/2933 4355/7401/2931 4816/7400/2930
f 4812/7404/2934 4353/7405/2935 4354/7403/2933 4814/7402/2932
f 4810/7406/2936 4352/7407/2937 4353/7405/2935 4812/7404/2934
f 4808/7408/2938 4351/7409/2939 4352/7407/2937 4810/7406/2936
f 4806/7410/2940 4350/7411/2941 4351/7412/2939 4808/7413/2938
f 4804/7414/2942 4349/7415/2943 4350/7411/2941 4806/7410/2940
f 4802/7416/2944 4348/7417/2945 4349/7415/2943 4804/7414/2942
f 4800/7418/2946 4347/7419/2947 4348/7417/2945 4802/7416/2944
f 4798/7420/2948 4346/7421/2949 4347/7419/2947 4800/7418/2946
f 4796/7422/2950 4345/7423/2951 4346/7421/2949 4798/7420/2948
f 4791/7361/2893 4343/7360/2892 4344/7424/2952 4794/7425/2953
f 4794/7425/2953 4344/7424/2952 4345/7423/2951 4796/7422/2950
f 4404/7426/2954 4851/7427/2955 4853/7428/2956 4405/7429/2957
f 4403/7430/2958 4849/7431/2959 4851/7427/2955 4404/7426/2954
f 4402/7432/2960 4847/7433/2961 4849/7431/2959 4403/7430/2958
f 4401/7434/2962 4845/7435/2963 4847/7433/2961 4402/7432/2960
f 4400/7436/2964 4843/7437/2965 4845/7435/2963 4401/7434/2962
f 4399/7438/2966 4841/7439/2967 4843/7437/2965 4400/7436/2964
f 4398/7440/2968 4839/7441/2969 4841/7439/2967 4399/7438/2966
f 4397/7442/2970 4837/7443/2971 4839/7444/2969 4398/7445/2968
f 4396/7446/2972 4835/7447/2973 4837/7443/2971 4397/7442/2970
f 4395/7448/2974 4833/7449/2975 4835/7447/2973 4396/7446/2972
f 4394/7450/2976 4831/7451/2977 4833/7449/2975 4395/7448/2974
f 4393/7452/2978 4829/7453/2979 4831/7451/2977 4394/7450/2976
f 4392/7454/2980 4827/7455/2981 4829/7453/2979 4393/7452/2978
f 4391/7456/2982 4825/7457/2983 4827/7455/2981 4392/7454/2980
f 4390/7458/2984 4823/7459/2985 4825/7457/2983 4391/7456/2982
f 4389/7460/2986 4821/7461/2987 4823/7459/2985 4390/7458/2984
f 4388/7462/2988 4819/7463/2989 4821/7461/2987 4389/7460/2986
f 4387/7464/2990 4817/7465/2991 4819/7463/2989 4388/7462/2988
f 4386/7466/2992 4815/7467/2993 4817/7465/2991 4387/7464/2990
f 4385/7468/2994 4813/7469/2995 4815/7467/2993 4386/7466/2992
f 4384/7470/2996 4811/7471/2997 4813/7469/2995 4385/7468/2994
f 4383/7472/2998 4809/7473/2999 4811/7471/2997 4384/7470/2996
f 4382/7474/3000 4807/7475/3001 4809/7473/2999 4383/7472/2998
f 4381/7476/3002 4805/7477/3003 4807/7478/3001 4382/7479/3000
f 4380/7480/3004 4803/7481/3005 4805/7477/3003 4381/7476/3002
f 4379/7482/3006 4801/7483/3007 4803/7481/3005 4380/7480/3004
f 4378/7484/3008 4799/7485/3009 4801/7483/3007 4379/7482/3006
f 4377/7486/3010 4797/7487/3011 4799/7485/3009 4378/7484/3008
f 4376/7488/3012 4795/7489/3013 4797/7487/3011 4377/7486/3010
f 4375/7490/3014 4793/7491/3015 4795/7489/3013 4376/7488/3012
f 4405/7429/2957 4853/7428/2956 4792/7492/3016 4406/7493/3017
f 4439/7494/1 4406/7495/3017 4375/7496/3014 4440/7497/2862
f 4440/7497/2862 4375/7496/3014 4376/7498/3012 4441/7499/2863
f 4441/7499/2863 4376/7498/3012 4377/7500/3010 4442/7501/2864
f 4442/7501/2864 4377/7500/3010 4378/7502/3008 4443/7503/2865
f 4443/7503/2865 4378/7502/3008 4379/7504/3006 4444/7505/2866
f 4444/7505/2866 4379/7504/3006 4380/7506/3004 4445/7507/2867
f 4445/7507/2867 4380/7506/3004 4381/7508/3002 4446/7509/2868
f 4446/7509/2868 4381/7508/3002 4382/7510/3000 4447/7511/9
f 4447/7512/9 4382/7513/3000 4383/7514/2998 4448/7515/2869
f 4448/7515/2869 4383/7514/2998 4384/7516/2996 4449/7517/2870
f 4449/7517/2870 4384/7516/2996 4385/7518/2994 4450/7519/2871
f 4450/7519/2871 4385/7518/2994 4386/7520/2992 4451/7521/2872
f 4451/7521/2872 4386/7520/2992 4387/7522/2990 4452/7523/2873
f 4452/7523/2873 4387/7522/2990 4388/7524/2988 4453/7525/2874
f 4453/7525/2874 4388/7524/2988 4389/7526/2986 4454/7527/2875
f 4454/7527/2875 4389/7526/2986 4390/7528/2984 4455/7529/17
f 4455/7529/17 4390/7528/2984 4391/7530/2982 4456/7531/2876
f 4456/7531/2876 4391/7530/2982 4392/7532/2980 4457/7533/2877
f 4457/7533/2877 4392/7532/2980 4393/7534/2978 4458/7535/2878
f 4458/7535/2878 4393/7534/2978 4394/7536/2976 4459/7537/2879
f 4459/7537/2879 4394/7536/2976 4395/7538/2974 4460/7539/2880
f 4460/7539/2880 4395/7538/2974 4396/7540/2972 4461/7541/2881
f 4461/7541/2881 4396/7540/2972 4397/7542/2970 4462/7543/2882
f 4462/7543/2882 4397/7542/2970 4398/7544/2968 4463/7545/25
f 4463/7546/25 4398/7547/2968 4399/7548/2966 4464/7549/2883
f 4464/7549/2883 4399/7548/2966 4400/7550/2964 4465/7551/2884
f 4465/7551/2884 4400/7550/2964 4401/7552/2962 4466/7553/2885
f 4466/7553/2885 4401/7552/2962 4402/7554/2960 4467/7555/2886
f 4467/7555/2886 4402/7554/2960 4403/7556/2958 4468/7557/2887
f 4468/7557/2887 4403/7556/2958 4404/7558/2954 4469/7559/2888
f 4469/7559/2888 4404/7558/2954 4405/7560/2957 4470/7561/2889
f 4470/7561/2889 4405/7560/2957 4406/7495/3017 4439/7494/1
f 4788/7562/3018 4470/7563/3019 4439/7564/3020 4789/7565/3020
f 4786/7566/3021 4469/7567/3022 4470/7563/3019 4788/7562/3018
f 4784/7568/3023 4468/7569/3024 4469/7567/3022 4786/7566/3021
f 4782/7570/3025 4467/7571/3026 4468/7569/3024 4784/7568/3023
f 4780/7572/3027 4466/7573/3028 4467/7571/3026 4782/7570/3025
f 4778/7574/3029 4465/7575/3030 4466/7573/3028 4780/7572/3027
f 4776/7576/3031 4464/7577/3032 4465/7575/3030 4778/7574/3029
f 4774/7578/3033 4463/7579/3033 4464/7577/3032 4776/7576/3031
f 4772/7580/3034 4462/7581/3035 4463/7582/3033 4774/7583/3033
f 4770/7584/3036 4461/7585/3037 4462/7581/3035 4772/7580/3034
f 4768/7586/3038 4460/7587/3039 4461/7585/3037 4770/7584/3036
f 4766/7588/3040 4459/7589/3041 4460/7587/3039 4768/7586/3038
f 4764/7590/3042 4458/7591/3043 4459/7589/3041 4766/7588/3040
f 4762/7592/3044 4457/7593/3045 4458/7591/3043 4764/7590/3042
f 4760/7594/3046 4456/7595/3047 4457/7593/3045 4762/7592/3044
f 4758/7596/3048 4455/7597/3048 4456/7595/3047 4760/7594/3046
f 4756/7598/3049 4454/7599/3050 4455/7597/3048 4758/7596/3048
f 4754/7600/3051 4453/7601/3052 4454/7599/3050 4756/7598/3049
f 4752/7602/3053 4452/7603/3054 4453/7601/3052 4754/7600/3051
f 4750/7604/3055 4451/7605/3056 4452/7603/3054 4752/7602/3053
f 4748/7606/3057 4450/7607/3058 4451/7605/3056 4750/7604/3055
f 4746/7608/3059 4449/7609/3060 4450/7607/3058 4748/7606/3057
f 4744/7610/3061 4448/7611/3062 4449/7609/3060 4746/7608/3059
f 4742/7612/3063 4447/7613/3063 4448/7611/3062 4744/7610/3061
f 4740/7614/3064 4446/7615/3065 4447/7616/3063 4742/7617/3063
f 4738/7618/3066 4445/7619/3067 4446/7615/3065 4740/7614/3064
f 4736/7620/3068 4444/7621/3069 4445/7619/3067 4738/7618/3066
f 4734/7622/3070 4443/7623/3071 4444/7621/3069 4736/7620/3068
f 4732/7624/3072 4442/7625/3073 4443/7623/3071 4734/7622/3070
f 4730/7626/3074 4441/7627/3075 4442/7625/3073 4732/7624/3072
f 4728/7628/3076 4440/7629/3077 4441/7627/3075 4730/7626/3074
f 4311/7630/3078 4438/7631/1 4407/7632/2862 4312/7633/3079
f 4312/7633/3079 4407/7632/2862 4408/7634/2863 4313/7635/3080
f 4313/7635/3080 4408/7634/2863 4409/7636/2864 4314/7637/3081
f 4314/7637/3081 4409/7636/2864 4410/7638/2865 4315/7639/3082
f 4315/7639/3082 4410/7638/2865 4411/7640/2866 4316/7641/3083
f 4316/7641/3083 4411/7640/2866 4412/7642/2867 4317/7643/2867
f 4317/7643/2867 4412/7642/2867 4413/7644/2868 4318/7645/2868
f 4318/7645/2868 4413/7644/2868 4414/7646/9 4319/7647/9
f 4319/7648/9 4414/7649/9 4415/7650/2869 4320/7651/2869
f 4320/7651/2869 4415/7650/2869 4416/7652/2870 4321/7653/2870
f 4321/7653/2870 4416/7652/2870 4417/7654/2871 4322/7655/3084
f 4322/7655/3084 4417/7654/2871 4418/7656/2872 4323/7657/3085
f 4323/7657/3085 4418/7656/2872 4419/7658/2873 4324/7659/3086
f 4324/7659/3086 4419/7658/2873 4420/7660/2874 4325/7661/3087
f 4325/7661/3087 4420/7660/2874 4421/7662/2875 4326/7663/3088
f 4326/7663/3088 4421/7662/2875 4422/7664/17 4327/7665/3089
f 4327/7665/3089 4422/7664/17 4423/7666/2876 4328/7667/3090
f 4328/7667/3090 4423/7666/2876 4424/7668/2877 4329/7669/3091
f 4329/7669/3091 4424/7668/2877 4425/7670/2878 4330/7671/3092
f 4330/7671/3092 4425/7670/2878 4426/7672/2879 4331/7673/3093
f 4331/7673/3093 4426/7672/2879 4427/7674/2880 4332/7675/3094
f 4332/7675/3094 4427/7674/2880 4428/7676/2881 4333/7677/2881
f 4333/7677/2881 4428/7676/2881 4429/7678/2882 4334/7679/2882
f 4334/7679/2882 4429/7678/2882 4430/7680/25 4335/7681/25
f 4335/7682/25 4430/7683/25 4431/7684/2883 4336/7685/2883
f 4336/7685/2883 4431/7684/2883 4432/7686/2884 4337/7687/2884
f 4337/7687/2884 4432/7686/2884 4433/7688/2885 4338/7689/3095
f 4338/7689/3095 4433/7688/2885 4434/7690/2886 4339/7691/3096
f 4339/7691/3096 4434/7690/2886 4435/7692/2887 4340/7693/3097
f 4340/7693/3097 4435/7692/2887 4436/7694/2888 4341/7695/3098
f 4341/7695/3098 4436/7694/2888 4437/7696/2889 4342/7697/3099
f 4342/7697/3099 4437/7696/2889 4438/7631/1 4311/7630/3078
f 4437/7698/3100 4787/7699/3101 4790/7700/3102 4438/7701/3102
f 4436/7702/3103 4785/7703/3104 4787/7699/3101 4437/7698/3100
f 4435/7704/3105 4783/7705/3106 4785/7703/3104 4436/7702/3103
f 4434/7706/3107 4781/7707/3108 4783/7705/3106 4435/7704/3105
f 4433/7708/3109 4779/7709/3110 4781/7707/3108 4434/7706/3107
f 4432/7710/3111 4777/7711/3112 4779/7709/3110 4433/7708/3109
f 4431/7712/3113 4775/7713/3114 4777/7711/3112 4432/7710/3111
f 4430/7714/219 4773/7715/219 4775/7713/3114 4431/7712/3113
f 4429/7716/3115 4771/7717/3116 4773/7718/219 4430/7719/219
f 4428/7720/3117 4769/7721/3118 4771/7717/3116 4429/7716/3115
f 4427/7722/3119 4767/7723/3120 4769/7721/3118 4428/7720/3117
f 4426/7724/3121 4765/7725/3122 4767/7723/3120 4427/7722/3119
f 4425/7726/3123 4763/7727/3124 4765/7725/3122 4426/7724/3121
f 4424/7728/3125 4761/7729/3126 4763/7727/3124 4425/7726/3123
f 4423/7730/3127 4759/7731/3128 4761/7729/3126 4424/7728/3125
f 4422/7732/3129 4757/7733/3129 4759/7731/3128 4423/7730/3127
f 4421/7734/3130 4755/7735/3131 4757/7733/3129 4422/7732/3129
f 4420/7736/3132 4753/7737/3133 4755/7735/3131 4421/7734/3130
f 4419/7738/3134 4751/7739/3135 4753/7737/3133 4420/7736/3132
f 4418/7740/3136 4749/7741/3137 4751/7739/3135 4419/7738/3134
f 4417/7742/3138 4747/7743/3139 4749/7741/3137 4418/7740/3136
f 4416/7744/3140 4745/7745/3141 4747/7743/3139 4417/7742/3138
f 4415/7746/3142 4743/7747/3143 4745/7745/3141 4416/7744/3140
f 4414/7748/241 4741/7749/241 4743/7747/3143 4415/7746/3142
f 4413/7750/3144 4739/7751/3145 4741/7752/241 4414/7753/241
f 4412/7754/3146 4737/7755/3147 4739/7751/3145 4413/7750/3144
f 4411/7756/3148 4735/7757/3149 4737/7755/3147 4412/7754/3146
f 4410/7758/3150 4733/7759/3151 4735/7757/3149 4411/7756/3148
f 4409/7760/3152 4731/7761/3153 4733/7759/3151 4410/7758/3150
f 4408/7762/3154 4729/7763/3155 4731/7761/3153 4409/7760/3152
f 4407/7764/3156 4727/7765/3157 4729/7763/3155 4408/7762/3154
f 4438/7701/3102 4790/7700/3102 4727/7765/3157 4407/7764/3156
f 4503/7766/3158 4504/7767/3159 4471/7768/3160 4502/7769/3161
f 4505/7770/3162 4506/7771/3163 4476/7772/3164 4475/7773/3165
f 4507/7774/3166 4508/7775/3167 4489/7776/3168 4488/7777/3169
f 4509/7778/3170 4503/7766/3158 4502/7769/3161 4501/7779/3171
f 4510/7780/3172 4505/7770/3162 4475/7773/3165 4474/7781/3173
f 4511/7782/3174 4507/7774/3166 4488/7777/3169 4487/7783/3175
f 4512/7784/3176 4509/7778/3170 4501/7779/3171 4500/7785/3177
f 4513/7786/3178 4510/7780/3172 4474/7781/3173 4473/7787/3179
f 4514/7788/3180 4511/7782/3174 4487/7783/3175 4486/7789/3181
f 4515/7790/3182 4512/7784/3176 4500/7785/3177 4499/7791/3183
f 4516/7792/3184 4513/7786/3178 4473/7787/3179 4472/7793/3185
f 4517/7794/3186 4514/7788/3180 4486/7789/3181 4485/7795/3187
f 4518/7796/3188 4515/7790/3182 4499/7791/3183 4498/7797/3189
f 4504/7767/3159 4516/7792/3184 4472/7793/3185 4471/7768/3160
f 4519/7798/3190 4517/7794/3186 4485/7795/3187 4484/7799/3191
f 4520/7800/3192 4518/7796/3188 4498/7797/3189 4497/7801/3193
f 4521/7802/3194 4519/7798/3190 4484/7799/3191 4483/7803/3195
f 4522/7804/3196 4520/7800/3192 4497/7801/3193 4496/7805/3197
f 4523/7806/3198 4521/7802/3194 4483/7803/3195 4482/7807/3199
f 4524/7808/3200 4522/7804/3196 4496/7805/3197 4495/7809/294
f 4525/7810/3201 4523/7806/3198 4482/7807/3199 4481/7811/3202
f 4526/7812/3203 4524/7813/3200 4495/7814/294 4494/7815/3204
f 4527/7816/3205 4525/7810/3201 4481/7811/3202 4480/7817/3206
f 4528/7818/3207 4526/7812/3203 4494/7815/3204 4493/7819/3208
f 4529/7820/3209 4527/7816/3205 4480/7817/3206 4479/7821/304
f 4530/7822/3210 4528/7818/3207 4493/7819/3208 4492/7823/3211
f 4531/7824/3212 4529/7825/3209 4479/7826/304 4478/7827/3213
f 4532/7828/3214 4530/7822/3210 4492/7823/3211 4491/7829/3215
f 4533/7830/3216 4531/7824/3212 4478/7827/3213 4477/7831/3217
f 4534/7832/3218 4532/7828/3214 4491/7829/3215 4490/7833/3219
f 4506/7771/3163 4533/7830/3216 4477/7831/3217 4476/7772/3164
f 4508/7775/3167 4534/7832/3218 4490/7833/3219 4489/7776/3168
f 4329/7834/3091 4330/7835/3092 4534/7832/3218 4508/7775/3167
f 4316/7836/3083 4317/7837/3220 4533/7830/3216 4506/7771/3163
f 4330/7835/3092 4331/7838/3093 4532/7828/3214 4534/7832/3218
f 4317/7837/3220 4318/7839/3221 4531/7824/3212 4533/7830/3216
f 4331/7838/3093 4332/7840/3094 4530/7822/3210 4532/7828/3214
f 4318/7839/3221 4319/7841/322 4529/7825/3209 4531/7824/3212
f 4332/7840/3094 4333/7842/3222 4528/7818/3207 4530/7822/3210
f 4319/7843/322 4320/7844/3223 4527/7816/3205 4529/7820/3209
f 4333/7842/3222 4334/7845/3224 4526/7812/3203 4528/7818/3207
f 4320/7844/3223 4321/7846/3225 4525/7810/3201 4527/7816/3205
f 4334/7845/3224 4335/7847/327 4524/7813/3200 4526/7812/3203
f 4321/7846/3225 4322/7848/3084 4523/7806/3198 4525/7810/3201
f 4335/7849/327 4336/7850/3226 4522/7804/3196 4524/7808/3200
f 4322/7848/3084 4323/7851/3085 4521/7802/3194 4523/7806/3198
f 4336/7850/3226 4337/7852/3227 4520/7800/3192 4522/7804/3196
f 4323/7851/3085 4324/7853/3086 4519/7798/3190 4521/7802/3194
f 4337/7852/3227 4338/7854/3095 4518/7796/3188 4520/7800/3192
f 4324/7853/3086 4325/7855/3087 4517/7794/3186 4519/7798/3190
f 4311/7856/3078 4312/7857/3079 4516/7792/3184 4504/7767/3159
f 4338/7854/3095 4339/7858/3096 4515/7790/3182 4518/7796/3188
f 4325/7855/3087 4326/7859/3088 4514/7788/3180 4517/7794/3186
f 4312/7857/3079 4313/7860/3080 4513/7786/3178 4516/7792/3184
f 4339/7858/3096 4340/7861/3097 4512/7784/3176 4515/7790/3182
f 4326/7859/3088 4327/7862/3089 4511/7782/3174 4514/7788/3180
f 4313/7860/3080 4314/7863/3081 4510/7780/3172 4513/7786/3178
f 4340/7861/3097 4341/7864/3098 4509/7778/3170 4512/7784/3176
f 4327/7862/3089 4328/7865/3090 4507/7774/3166 4511/7782/3174
f 4314/7863/3081 4315/7866/3082 4505/7770/3162 4510/7780/3172
f 4341/7864/3098 4342/7867/3099 4503/7766/3158 4509/7778/3170
f 4328/7865/3090 4329/7834/3091 4508/7775/3167 4507/7774/3166
f 4315/7866/3082 4316/7836/3083 4506/7771/3163 4505/7770/3162
f 4342/7867/3099 4311/7856/3078 4504/7767/3159 4503/7766/3158
f 4476/7772/3164 4477/7831/3217 4593/7868/3228 4594/7869/3229
f 4489/7776/3168 4490/7833/3219 4580/7870/3230 4581/7871/3231
f 4502/7769/3161 4471/7768/3160 4568/7872/3232 4567/7873/3233
f 4475/7773/3165 4476/7772/3164 4594/7869/3229 4595/7874/3234
f 4488/7777/3169 4489/7776/3168 4581/7871/3231 4582/7875/3235
f 4501/7779/3171 4502/7769/3161 4567/7873/3233 4569/7876/3236
f 4474/7781/3173 4475/7773/3165 4595/7874/3234 4596/7877/3237
f 4487/7783/3175 4488/7777/3169 4582/7875/3235 4583/7878/3238
f 4500/7785/3177 4501/7779/3171 4569/7876/3236 4570/7879/3239
f 4473/7787/3179 4474/7781/3173 4596/7877/3237 4597/7880/3240
f 4486/7789/3181 4487/7783/3175 4583/7878/3238 4584/7881/3241
f 4499/7791/3183 4500/7785/3177 4570/7879/3239 4571/7882/3242
f 4472/7793/3185 4473/7787/3179 4597/7880/3240 4598/7883/3243
f 4485/7795/3187 4486/7789/3181 4584/7881/3241 4585/7884/3244
f 4498/7797/3189 4499/7791/3183 4571/7882/3242 4572/7885/3245
f 4471/7768/3160 4472/7793/3185 4598/7883/3243 4568/7872/3232
f 4484/7799/3191 4485/7795/3187 4585/7884/3244 4586/7886/3246
f 4497/7801/3193 4498/7797/3189 4572/7885/3245 4573/7887/3247
f 4483/7803/3195 4484/7799/3191 4586/7886/3246 4587/7888/3248
f 4496/7805/3197 4497/7801/3193 4573/7887/3247 4574/7889/3249
f 4482/7807/3199 4483/7803/3195 4587/7888/3248 4588/7890/3250
f 4495/7809/294 4496/7805/3197 4574/7889/3249 4575/7891/3251
f 4481/7811/3202 4482/7807/3199 4588/7890/3250 4589/7892/3252
f 4494/7815/3204 4495/7814/294 4575/7893/3251 4576/7894/3253
f 4480/7817/3206 4481/7811/3202 4589/7892/3252 4590/7895/3254
f 4493/7819/3208 4494/7815/3204 4576/7894/3253 4577/7896/3255
f 4479/7821/304 4480/7817/3206 4590/7895/3254 4591/7897/3256
f 4492/7823/3211 4493/7819/3208 4577/7896/3255 4578/7898/3257
f 4478/7827/3213 4479/7826/304 4591/7899/3256 4592/7900/3258
f 4491/7829/3215 4492/7823/3211 4578/7898/3257 4579/7901/3259
f 4477/7831/3217 4478/7827/3213 4592/7900/3258 4593/7868/3228
f 4490/7833/3219 4491/7829/3215 4579/7901/3259 4580/7870/3230
f 4858/7902/2866 4855/7903/2867 4625/7904/2867 4626/7905/2866
f 4535/7906/3260 4566/7907/3261 4567/7873/3233 4568/7872/3232
f 4566/7907/3261 4565/7908/3262 4569/7876/3236 4567/7873/3233
f 4565/7908/3262 4564/7909/3263 4570/7879/3239 4569/7876/3236
f 4564/7909/3263 4563/7910/3264 4571/7882/3242 4570/7879/3239
f 4563/7910/3264 4562/7911/3265 4572/7885/3245 4571/7882/3242
f 4562/7911/3265 4561/7912/3266 4573/7887/3247 4572/7885/3245
f 4561/7912/3266 4560/7913/3267 4574/7889/3249 4573/7887/3247
f 4560/7913/3267 4559/7914/3268 4575/7891/3251 4574/7889/3249
f 4559/7915/3268 4558/7916/3269 4576/7894/3253 4575/7893/3251
f 4558/7916/3269 4557/7917/3270 4577/7896/3255 4576/7894/3253
f 4557/7917/3270 4556/7918/3271 4578/7898/3257 4577/7896/3255
f 4556/7918/3271 4555/7919/3272 4579/7901/3259 4578/7898/3257
f 4555/7919/3272 4554/7920/3273 4580/7870/3230 4579/7901/3259
f 4554/7920/3273 4553/7921/3274 4581/7871/3231 4580/7870/3230
f 4553/7921/3274 4552/7922/3275 4582/7875/3235 4581/7871/3231
f 4552/7922/3275 4551/7923/3276 4583/7878/3238 4582/7875/3235
f 4551/7923/3276 4550/7924/3277 4584/7881/3241 4583/7878/3238
f 4550/7924/3277 4549/7925/3278 4585/7884/3244 4584/7881/3241
f 4549/7925/3278 4548/7926/3279 4586/7886/3246 4585/7884/3244
f 4548/7926/3279 4547/7927/3280 4587/7888/3248 4586/7886/3246
f 4547/7927/3280 4546/7928/3281 4588/7890/3250 4587/7888/3248
f 4546/7928/3281 4545/7929/3282 4589/7892/3252 4588/7890/3250
f 4545/7929/3282 4544/7930/3283 4590/7895/3254 4589/7892/3252
f 4544/7930/3283 4543/7931/3284 4591/7897/3256 4590/7895/3254
f 4543/7932/3284 4542/7933/3285 4592/7900/3258 4591/7899/3256
f 4542/7933/3285 4541/7934/3286 4593/7868/3228 4592/7900/3258
f 4541/7934/3286 4540/7935/3287 4594/7869/3229 4593/7868/3228
f 4540/7935/3287 4539/7936/3288 4595/7874/3234 4594/7869/3229
f 4539/7936/3288 4538/7937/3289 4596/7877/3237 4595/7874/3234
f 4538/7937/3289 4537/7938/3290 4597/7880/3240 4596/7877/3237
f 4537/7938/3290 4536/7939/3291 4598/7883/3243 4597/7880/3240
f 4536/7939/3291 4535/7906/3260 4568/7872/3232 4598/7883/3243
f 4691/7940/3292 4689/7941/3293 4644/7942/3294 4645/7943/3295
f 4859/7944/2877 4856/7945/2878 4612/7946/2878 4613/7947/2877
f 4860/7948/2889 4857/7949/1 4600/7950/1 4599/7951/2889
f 4861/7952/2865 4858/7902/2866 4626/7905/2866 4627/7953/2865
f 4862/7954/2876 4859/7944/2877 4613/7947/2877 4614/7955/2876
f 4863/7956/2888 4860/7948/2889 4599/7951/2889 4601/7957/2888
f 4864/7958/2864 4861/7952/2865 4627/7953/2865 4628/7959/2864
f 4865/7960/17 4862/7954/2876 4614/7955/2876 4615/7961/17
f 4866/7962/2887 4863/7956/2888 4601/7957/2888 4602/7963/2887
f 4867/7964/2863 4864/7958/2864 4628/7959/2864 4629/7965/2863
f 4868/7966/2875 4865/7960/17 4615/7961/17 4616/7967/2875
f 4869/7968/2886 4866/7962/2887 4602/7963/2887 4603/7969/2886
f 4870/7970/2862 4867/7964/2863 4629/7965/2863 4630/7971/2862
f 4871/7972/2874 4868/7966/2875 4616/7967/2875 4617/7973/2874
f 4872/7974/2885 4869/7968/2886 4603/7969/2886 4604/7975/2885
f 4857/7949/1 4870/7970/2862 4630/7971/2862 4600/7950/1
f 4873/7976/2873 4871/7972/2874 4617/7973/2874 4618/7977/2873
f 4874/7978/2884 4872/7974/2885 4604/7975/2885 4605/7979/2884
f 4875/7980/2872 4873/7976/2873 4618/7977/2873 4619/7981/2872
f 4876/7982/2883 4874/7978/2884 4605/7979/2884 4606/7983/2883
f 4877/7984/2871 4875/7980/2872 4619/7981/2872 4620/7985/2871
f 4878/7986/25 4876/7982/2883 4606/7983/2883 4607/7987/25
f 4879/7988/2870 4877/7984/2871 4620/7985/2871 4621/7989/2870
f 4880/7990/2882 4878/7991/25 4607/7992/25 4608/7993/2882
f 4881/7994/2869 4879/7988/2870 4621/7989/2870 4622/7995/2869
f 4882/7996/2881 4880/7990/2882 4608/7993/2882 4609/7997/2881
f 4883/7998/9 4881/7994/2869 4622/7995/2869 4623/7999/9
f 4884/8000/2880 4882/7996/2881 4609/7997/2881 4610/8001/2880
f 4885/8002/2868 4883/8003/9 4623/8004/9 4624/8005/2868
f 4886/8006/2879 4884/8000/2880 4610/8001/2880 4611/8007/2879
f 4855/7903/2867 4885/8002/2868 4624/8005/2868 4625/7904/2867
f 4856/7945/2878 4886/8006/2879 4611/8007/2879 4612/7946/2878
f 4667/8008/3296 4663/8009/3297 4631/8010/3298 4633/8011/3299
f 4665/8012/3300 4664/8013/3301 4599/8014/3302 4600/8015/3303
f 4671/8016/3304 4669/8017/3305 4634/8018/3306 4635/8019/3307
f 4673/8020/3308 4671/8016/3304 4635/8019/3307 4636/8021/3309
f 4675/8022/3310 4673/8020/3308 4636/8021/3309 4637/8023/3311
f 4677/8024/3312 4675/8022/3310 4637/8023/3311 4638/8025/3313
f 4679/8026/1814 4677/8024/3312 4638/8025/3313 4639/8027/434
f 4681/8028/3314 4679/8029/1814 4639/8030/434 4640/8031/3315
f 4683/8032/3316 4681/8028/3314 4640/8031/3315 4641/8033/3317
f 4685/8034/3318 4683/8032/3316 4641/8033/3317 4642/8035/3319
f 4687/8036/3320 4685/8034/3318 4642/8035/3319 4643/8037/3321
f 4688/8038/3322 4690/8039/3323 4612/8040/3324 4611/8041/3325
f 4689/7941/3293 4687/8036/3320 4643/8037/3321 4644/7942/3294
f 4693/8042/3326 4691/7940/3292 4645/7943/3295 4646/8043/3327
f 4695/8044/3328 4693/8042/3326 4646/8043/3327 4647/8045/450
f 4697/8046/3329 4695/8044/3328 4647/8045/450 4648/8047/3330
f 4699/8048/3331 4697/8046/3329 4648/8047/3330 4649/8049/3332
f 4701/8050/3333 4699/8048/3331 4649/8049/3332 4650/8051/3334
f 4703/8052/3335 4701/8050/3333 4650/8051/3334 4651/8053/3336
f 4705/8054/3337 4703/8052/3335 4651/8053/3336 4652/8055/3338
f 4707/8056/3339 4705/8054/3337 4652/8055/3338 4653/8057/3340
f 4709/8058/3341 4707/8056/3339 4653/8057/3340 4654/8059/3342
f 4711/8060/1844 4709/8058/3341 4654/8059/3342 4655/8061/466
f 4713/8062/3343 4711/8063/1844 4655/8064/466 4656/8065/3344
f 4715/8066/3345 4713/8062/3343 4656/8065/3344 4657/8067/3346
f 4717/8068/3347 4715/8066/3345 4657/8067/3346 4658/8069/3348
f 4719/8070/3349 4717/8068/3347 4658/8069/3348 4659/8071/3350
f 4721/8072/3351 4719/8070/3349 4659/8071/3350 4660/8073/3352
f 4723/8074/3353 4721/8072/3351 4660/8073/3352 4661/8075/3354
f 4725/8076/3355 4723/8074/3353 4661/8075/3354 4662/8077/3356
f 4669/8017/3305 4667/8008/3296 4633/8011/3299 4634/8018/3306
f 4631/8078/481 4632/8079/481 4662/8080/481 4661/8081/481 4660/8082/481 4659/8083/481 4658/8084/481 4657/8085/481 4656/8086/481 4655/8087/481 4654/8088/481 4653/8089/481 4652/8090/481 4651/8091/481 4650/8092/481 4649/8093/481 4648/8094/481 4647/8095/481 4646/8096/481 4645/8097/481 4644/8098/481 4643/8099/481 4642/8100/481 4641/8101/481 4640/8102/481 4639/8103/481 4638/8104/481 4637/8105/481 4636/8106/481 4635/8107/481 4634/8108/481 4633/8109/481
f 4716/8110/3357 4718/8111/3358 4626/8112/3359 4625/8113/3360
f 4690/8039/3323 4692/8114/3361 4613/8115/3362 4612/8040/3324
f 4664/8013/3301 4668/8116/3363 4601/8117/3364 4599/8014/3302
f 4718/8111/3358 4720/8118/3365 4627/8119/3366 4626/8112/3359
f 4692/8114/3361 4694/8120/3367 4614/8121/3368 4613/8115/3362
f 4666/8122/3369 4725/8076/3355 4662/8077/3356 4632/8123/495
f 4720/8118/3365 4722/8124/3370 4628/8125/3371 4627/8119/3366
f 4694/8120/3367 4696/8126/3372 4615/8127/3373 4614/8121/3368
f 4668/8116/3363 4670/8128/3374 4602/8129/3375 4601/8117/3364
f 4722/8124/3370 4724/8130/3376 4629/8131/3377 4628/8125/3371
f 4696/8126/3372 4698/8132/3378 4616/8133/3379 4615/8127/3373
f 4670/8128/3374 4672/8134/3380 4603/8135/3381 4602/8129/3375
f 4724/8130/3376 4726/8136/3382 4630/8137/3383 4629/8131/3377
f 4698/8132/3378 4700/8138/3384 4617/8139/3385 4616/8133/3379
f 4672/8134/3380 4674/8140/3386 4604/8141/3387 4603/8135/3381
f 4726/8136/3382 4665/8012/3300 4600/8015/3303 4630/8137/3383
f 4700/8138/3384 4702/8142/3388 4618/8143/3389 4617/8139/3385
f 4674/8140/3386 4676/8144/3390 4605/8145/3391 4604/8141/3387
f 4702/8142/3388 4704/8146/3392 4619/8147/3393 4618/8143/3389
f 4676/8144/3390 4678/8148/3394 4606/8149/3395 4605/8145/3391
f 4704/8146/3392 4706/8150/3396 4620/8151/3397 4619/8147/3393
f 4678/8148/3394 4680/8152/3398 4607/8153/525 4606/8149/3395
f 4706/8150/3396 4708/8154/3399 4621/8155/3400 4620/8151/3397
f 4680/8156/3398 4682/8157/3401 4608/8158/3402 4607/8159/525
f 4708/8154/3399 4710/8160/3403 4622/8161/3404 4621/8155/3400
f 4682/8157/3401 4684/8162/3405 4609/8163/3406 4608/8158/3402
f 4710/8160/3403 4712/8164/3407 4623/8165/535 4622/8161/3404
f 4684/8162/3405 4686/8166/3408 4610/8167/3409 4609/8163/3406
f 4712/8168/3407 4714/8169/3410 4624/8170/3411 4623/8171/535
f 4686/8166/3408 4688/8038/3322 4611/8041/3325 4610/8167/3409
f 4714/8169/3410 4716/8110/3357 4625/8113/3360 4624/8170/3411
f 4664/8013/3301 4665/8012/3300 4666/8122/3369 4663/8009/3297
f 4668/8116/3363 4664/8013/3301 4663/8009/3297 4667/8008/3296
f 4670/8128/3374 4668/8116/3363 4667/8008/3296 4669/8017/3305
f 4672/8134/3380 4670/8128/3374 4669/8017/3305 4671/8016/3304
f 4674/8140/3386 4672/8134/3380 4671/8016/3304 4673/8020/3308
f 4676/8144/3390 4674/8140/3386 4673/8020/3308 4675/8022/3310
f 4678/8148/3394 4676/8144/3390 4675/8022/3310 4677/8024/3312
f 4680/8152/3398 4678/8148/3394 4677/8024/3312 4679/8026/1814
f 4682/8157/3401 4680/8156/3398 4679/8029/1814 4681/8028/3314
f 4684/8162/3405 4682/8157/3401 4681/8028/3314 4683/8032/3316
f 4686/8166/3408 4684/8162/3405 4683/8032/3316 4685/8034/3318
f 4688/8038/3322 4686/8166/3408 4685/8034/3318 4687/8036/3320
f 4690/8039/3323 4688/8038/3322 4687/8036/3320 4689/7941/3293
f 4692/8114/3361 4690/8039/3323 4689/7941/3293 4691/7940/3292
f 4694/8120/3367 4692/8114/3361 4691/7940/3292 4693/8042/3326
f 4696/8126/3372 4694/8120/3367 4693/8042/3326 4695/8044/3328
f 4698/8132/3378 4696/8126/3372 4695/8044/3328 4697/8046/3329
f 4700/8138/3384 4698/8132/3378 4697/8046/3329 4699/8048/3331
f 4702/8142/3388 4700/8138/3384 4699/8048/3331 4701/8050/3333
f 4704/8146/3392 4702/8142/3388 4701/8050/3333 4703/8052/3335
f 4706/8150/3396 4704/8146/3392 4703/8052/3335 4705/8054/3337
f 4708/8154/3399 4706/8150/3396 4705/8054/3337 4707/8056/3339
f 4710/8160/3403 4708/8154/3399 4707/8056/3339 4709/8058/3341
f 4712/8164/3407 4710/8160/3403 4709/8058/3341 4711/8060/1844
f 4714/8169/3410 4712/8168/3407 4711/8063/1844 4713/8062/3343
f 4716/8110/3357 4714/8169/3410 4713/8062/3343 4715/8066/3345
f 4718/8111/3358 4716/8110/3357 4715/8066/3345 4717/8068/3347
f 4720/8118/3365 4718/8111/3358 4717/8068/3347 4719/8070/3349
f 4722/8124/3370 4720/8118/3365 4719/8070/3349 4721/8072/3351
f 4724/8130/3376 4722/8124/3370 4721/8072/3351 4723/8074/3353
f 4726/8136/3382 4724/8130/3376 4723/8074/3353 4725/8076/3355
f 4665/8012/3300 4726/8136/3382 4725/8076/3355 4666/8122/3369
f 4663/8009/3297 4666/8122/3369 4632/8123/495 4631/8010/3298
f 4788/7562/3412 4789/7565/541 4790/7700/541 4787/7699/3412
f 4786/7566/3413 4788/7562/3412 4787/7699/3412 4785/7703/3414
f 4784/7568/3415 4786/7566/3413 4785/7703/3414 4783/7705/3415
f 4782/7570/3416 4784/7568/3415 4783/7705/3415 4781/7707/3416
f 4780/7572/3417 4782/7570/3416 4781/7707/3416 4779/7709/3417
f 4778/7574/3418 4780/7572/3417 4779/7709/3417 4777/7711/3418
f 4776/7576/3419 4778/7574/3418 4777/7711/3418 4775/7713/3419
f 4774/7578/548 4776/7576/3419 4775/7713/3419 4773/7715/548
f 4772/7580/3420 4774/7583/548 4773/7718/548 4771/7717/3420
f 4770/7584/3421 4772/7580/3420 4771/7717/3420 4769/7721/3421
f 4768/7586/3422 4770/7584/3421 4769/7721/3421 4767/7723/3422
f 4766/7588/3423 4768/7586/3422 4767/7723/3422 4765/7725/3423
f 4764/7590/3424 4766/7588/3423 4765/7725/3423 4763/7727/3424
f 4762/7592/3425 4764/7590/3424 4763/7727/3424 4761/7729/3426
f 4760/7594/3427 4762/7592/3425 4761/7729/3426 4759/7731/3427
f 4758/7596/556 4760/7594/3427 4759/7731/3427 4757/7733/556
f 4756/7598/3428 4758/7596/556 4757/7733/556 4755/7735/3428
f 4754/7600/3429 4756/7598/3428 4755/7735/3428 4753/7737/3430
f 4752/7602/3431 4754/7600/3429 4753/7737/3430 4751/7739/3431
f 4750/7604/3432 4752/7602/3431 4751/7739/3431 4749/7741/3432
f 4748/7606/3433 4750/7604/3432 4749/7741/3432 4747/7743/3433
f 4746/7608/3434 4748/7606/3433 4747/7743/3433 4745/7745/3434
f 4744/7610/3435 4746/7608/3434 4745/7745/3434 4743/7747/3435
f 4742/7612/1938 4744/7610/3435 4743/7747/3435 4741/7749/1938
f 4740/7614/3436 4742/7617/1938 4741/7752/1938 4739/7751/3436
f 4738/7618/3437 4740/7614/3436 4739/7751/3436 4737/7755/3437
f 4736/7620/3438 4738/7618/3437 4737/7755/3437 4735/7757/3438
f 4734/7622/3439 4736/7620/3438 4735/7757/3438 4733/7759/3439
f 4732/7624/3440 4734/7622/3439 4733/7759/3439 4731/7761/3440
f 4730/7626/3441 4732/7624/3440 4731/7761/3440 4729/7763/3442
f 4728/7628/3443 4730/7626/3441 4729/7763/3442 4727/7765/3443
f 4789/7565/541 4728/7628/3443 4727/7765/3443 4790/7700/541
f 4789/7565/3020 4439/7564/3020 4440/7629/3077 4728/7628/3076
f 4854/7358/2890 4791/7361/2893 4792/7492/3016 4853/7428/2956
f 4852/7362/2894 4854/7358/2890 4853/7428/2956 4851/7427/2955
f 4850/7364/2896 4852/7362/2894 4851/7427/2955 4849/7431/2959
f 4848/7366/2898 4850/7364/2896 4849/7431/2959 4847/7433/2961
f 4846/7368/2900 4848/7366/2898 4847/7433/2961 4845/7435/2963
f 4844/7370/2902 4846/7368/2900 4845/7435/2963 4843/7437/2965
f 4842/7372/2904 4844/7370/2902 4843/7437/2965 4841/7439/2967
f 4840/7374/2906 4842/7372/2904 4841/7439/2967 4839/7441/2969
f 4838/7376/2908 4840/7379/2906 4839/7444/2969 4837/7443/2971
f 4836/7380/2910 4838/7376/2908 4837/7443/2971 4835/7447/2973
f 4834/7382/2912 4836/7380/2910 4835/7447/2973 4833/7449/2975
f 4832/7384/2914 4834/7382/2912 4833/7449/2975 4831/7451/2977
f 4830/7386/2916 4832/7384/2914 4831/7451/2977 4829/7453/2979
f 4828/7388/2918 4830/7386/2916 4829/7453/2979 4827/7455/2981
f 4826/7390/2920 4828/7388/2918 4827/7455/2981 4825/7457/2983
f 4824/7392/2922 4826/7390/2920 4825/7457/2983 4823/7459/2985
f 4822/7394/2924 4824/7392/2922 4823/7459/2985 4821/7461/2987
f 4820/7396/2926 4822/7394/2924 4821/7461/2987 4819/7463/2989
f 4818/7398/2928 4820/7396/2926 4819/7463/2989 4817/7465/2991
f 4816/7400/2930 4818/7398/2928 4817/7465/2991 4815/7467/2993
f 4814/7402/2932 4816/7400/2930 4815/7467/2993 4813/7469/2995
f 4812/7404/2934 4814/7402/2932 4813/7469/2995 4811/7471/2997
f 4810/7406/2936 4812/7404/2934 4811/7471/2997 4809/7473/2999
f 4808/7408/2938 4810/7406/2936 4809/7473/2999 4807/7475/3001
f 4806/7410/2940 4808/7413/2938 4807/7478/3001 4805/7477/3003
f 4804/7414/2942 4806/7410/2940 4805/7477/3003 4803/7481/3005
f 4802/7416/2944 4804/7414/2942 4803/7481/3005 4801/7483/3007
f 4800/7418/2946 4802/7416/2944 4801/7483/3007 4799/7485/3009
f 4798/7420/2948 4800/7418/2946 4799/7485/3009 4797/7487/3011
f 4796/7422/2950 4798/7420/2948 4797/7487/3011 4795/7489/3013
f 4794/7425/2953 4796/7422/2950 4795/7489/3013 4793/7491/3015
f 4791/7361/2893 4794/7425/2953 4793/7491/3015 4792/7492/3016
f 4406/7493/3017 4792/7492/3016 4793/7491/3015 4375/7490/3014
f 4923/8172/3444 4982/8173/3445 4886/8006/3446 4856/7945/3447
f 4919/8174/3448 4980/8175/3449 4885/8002/3450 4855/7903/3451
f 4982/8173/3445 4978/8176/3452 4884/8000/3453 4886/8006/3446
f 4980/8175/3449 4976/8177/582 4883/8003/582 4885/8002/3450
f 4978/8176/3452 4974/8178/3454 4882/7996/3455 4884/8000/3453
f 4976/8179/582 4972/8180/3456 4881/7994/3457 4883/7998/582
f 4974/8178/3454 4970/8181/3458 4880/7990/3459 4882/7996/3455
f 4972/8180/3456 4968/8182/3460 4879/7988/3461 4881/7994/3457
f 4970/8181/3458 4966/8183/591 4878/7991/591 4880/7990/3459
f 4968/8182/3460 4964/8184/3462 4877/7984/3463 4879/7988/3461
f 4966/8185/591 4962/8186/3464 4876/7982/3465 4878/7986/591
f 4964/8184/3462 4960/8187/3466 4875/7980/3467 4877/7984/3463
f 4962/8186/3464 4958/8188/3468 4874/7978/3469 4876/7982/3465
f 4960/8187/3466 4956/8189/3470 4873/7976/3471 4875/7980/3467
f 4958/8188/3468 4954/8190/3472 4872/7974/3473 4874/7978/3469
f 4927/8191/3474 4950/8192/3475 4870/7970/3476 4857/7949/3474
f 4956/8189/3470 4952/8193/3477 4871/7972/3478 4873/7976/3471
f 4954/8190/3472 4948/8194/3479 4869/7968/3480 4872/7974/3473
f 4952/8193/3477 4946/8195/3481 4868/7966/3482 4871/7972/3478
f 4950/8192/3475 4944/8196/3483 4867/7964/3484 4870/7970/3476
f 4948/8194/3479 4942/8197/3485 4866/7962/3486 4869/7968/3480
f 4946/8195/3481 4940/8198/3487 4865/7960/3487 4868/7966/3482
f 4944/8196/3483 4938/8199/3488 4864/7958/3489 4867/7964/3484
f 4942/8197/3485 4936/8200/3490 4863/7956/3491 4866/7962/3486
f 4940/8198/3487 4934/8201/3492 4862/7954/3493 4865/7960/3487
f 4938/8199/3488 4932/8202/3494 4861/7952/3495 4864/7958/3489
f 4889/8203/3496 4918/8204/3497 4928/8205/3497 4929/8206/3498
f 4888/8207/3499 4917/8208/3500 4924/8209/3501 4925/8210/3502
f 4930/8211/3503 4927/8191/3474 4857/7949/3474 4860/7948/3504
f 4926/8212/3505 4923/8172/3444 4856/7945/3447 4859/7944/3506
f 4922/8213/3507 4919/8174/3448 4855/7903/3451 4858/7902/3508
f 4934/8201/3492 4926/8212/3505 4859/7944/3506 4862/7954/3493
f 4932/8202/3494 4922/8213/3507 4858/7902/3508 4861/7952/3495
f 4915/8214/3509 4913/8215/3510 4977/8216/3511 4981/8217/3512
f 4914/8218/3513 4912/8219/644 4975/8220/644 4979/8221/3514
f 4913/8215/3510 4911/8222/3515 4973/8223/3516 4977/8216/3511
f 4912/8224/644 4910/8225/3517 4971/8226/3518 4975/8227/644
f 4911/8222/3515 4909/8228/3519 4969/8229/3520 4973/8223/3516
f 4910/8225/3517 4908/8230/3521 4967/8231/3522 4971/8226/3518
f 4909/8228/3519 4907/8232/654 4965/8233/654 4969/8229/3520
f 4908/8230/3521 4906/8234/3523 4963/8235/3524 4967/8231/3522
f 4907/8236/654 4905/8237/3525 4961/8238/3526 4965/8239/654
f 4906/8234/3523 4904/8240/3527 4959/8241/3528 4963/8235/3524
f 4905/8237/3525 4903/8242/3529 4957/8243/3530 4961/8238/3526
f 4904/8240/3527 4902/8244/3531 4955/8245/3532 4959/8241/3528
f 4903/8242/3529 4901/8246/3533 4953/8247/3534 4957/8243/3530
f 4902/8244/3531 4900/8248/3535 4951/8249/3536 4955/8245/3532
f 4936/8200/3490 4930/8211/3503 4860/7948/3504 4863/7956/3491
f 4901/8246/3533 4898/8250/3537 4947/8251/3538 4953/8247/3534
f 4900/8248/3535 4897/8252/3539 4945/8253/3540 4951/8249/3536
f 4899/8254/3541 4896/8255/3542 4943/8256/3543 4949/8257/3544
f 4898/8250/3537 4895/8258/3545 4941/8259/3546 4947/8251/3538
f 4897/8252/3539 4894/8260/3547 4939/8261/3547 4945/8253/3540
f 4896/8255/3542 4893/8262/3548 4937/8263/3549 4943/8256/3543
f 4895/8258/3545 4892/8264/3550 4935/8265/3551 4941/8259/3546
f 4894/8260/3547 4891/8266/3552 4933/8267/3553 4939/8261/3547
f 4893/8262/3548 4890/8268/3554 4931/8269/3555 4937/8263/3549
f 4892/8264/3550 4889/8203/3496 4929/8206/3498 4935/8265/3551
f 4891/8266/3552 4888/8207/3499 4925/8210/3502 4933/8267/3553
f 4890/8268/3554 4887/8270/3556 4921/8271/3557 4931/8269/3555
f 4918/8204/3497 4899/8254/3541 4949/8257/3544 4928/8205/3497
f 4917/8208/3500 4915/8214/3509 4981/8217/3512 4924/8209/3501
f 4916/8272/3558 4914/8218/3513 4979/8221/3514 4920/8273/3559
f 5015/8274/2866 5044/8275/2867 4916/8276/2867 4887/8277/2866
f 5016/8278/2877 5045/8279/2878 4917/8280/2878 4888/8281/2877
f 5017/8282/2889 5046/8283/1 4918/8284/1 4889/8285/2889
f 5018/8286/2865 5015/8274/2866 4887/8277/2866 4890/8287/2865
f 5019/8288/2876 5016/8278/2877 4888/8281/2877 4891/8289/2876
f 5020/8290/2888 5017/8282/2889 4889/8285/2889 4892/8291/2888
f 5021/8292/2864 5018/8286/2865 4890/8287/2865 4893/8293/2864
f 5022/8294/17 5019/8288/2876 4891/8289/2876 4894/8295/17
f 5023/8296/2887 5020/8290/2888 4892/8291/2888 4895/8297/2887
f 5024/8298/2863 5021/8292/2864 4893/8293/2864 4896/8299/2863
f 5025/8300/2875 5022/8294/17 4894/8295/17 4897/8301/2875
f 5026/8302/2886 5023/8296/2887 4895/8297/2887 4898/8303/2886
f 5027/8304/2862 5024/8298/2863 4896/8299/2863 4899/8305/2862
f 5028/8306/2874 5025/8300/2875 4897/8301/2875 4900/8307/2874
f 5029/8308/2885 5026/8302/2886 4898/8303/2886 4901/8309/2885
f 5046/8283/1 5027/8304/2862 4899/8305/2862 4918/8284/1
f 5030/8310/2873 5028/8306/2874 4900/8307/2874 4902/8311/2873
f 5031/8312/2884 5029/8308/2885 4901/8309/2885 4903/8313/2884
f 5032/8314/2872 5030/8310/2873 4902/8311/2873 4904/8315/2872
f 5033/8316/2883 5031/8312/2884 4903/8313/2884 4905/8317/2883
f 5034/8318/2871 5032/8314/2872 4904/8315/2872 4906/8319/2871
f 5035/8320/25 5033/8316/2883 4905/8317/2883 4907/8321/25
f 5036/8322/2870 5034/8318/2871 4906/8319/2871 4908/8323/2870
f 5037/8324/2882 5035/8325/25 4907/8326/25 4909/8327/2882
f 5038/8328/2869 5036/8322/2870 4908/8323/2870 4910/8329/2869
f 5039/8330/2881 5037/8324/2882 4909/8327/2882 4911/8331/2881
f 5040/8332/9 5038/8328/2869 4910/8329/2869 4912/8333/9
f 5041/8334/2880 5039/8330/2881 4911/8331/2881 4913/8335/2880
f 5042/8336/2868 5040/8337/9 4912/8338/9 4914/8339/2868
f 5043/8340/2879 5041/8334/2880 4913/8335/2880 4915/8341/2879
f 5044/8275/2867 5042/8336/2868 4914/8339/2868 4916/8276/2867
f 5045/8279/2878 5043/8340/2879 4915/8341/2879 4917/8280/2878
f 4982/8173/3560 4923/8172/3561 4924/8209/3562 4981/8217/3563
f 4980/8175/3564 4919/8174/3565 4920/8273/3566 4979/8221/3567
f 4978/8176/3568 4982/8173/3560 4981/8217/3563 4977/8216/3569
f 4976/8177/698 4980/8175/3564 4979/8221/3567 4975/8220/698
f 4974/8178/3570 4978/8176/3568 4977/8216/3569 4973/8223/3571
f 4972/8180/3572 4976/8179/698 4975/8227/698 4971/8226/3573
f 4970/8181/3574 4974/8178/3570 4973/8223/3571 4969/8229/3575
f 4968/8182/3576 4972/8180/3572 4971/8226/3573 4967/8231/3577
f 4966/8183/703 4970/8181/3574 4969/8229/3575 4965/8233/703
f 4964/8184/3578 4968/8182/3576 4967/8231/3577 4963/8235/3579
f 4962/8186/3580 4966/8185/703 4965/8239/703 4961/8238/3581
f 4960/8187/3582 4964/8184/3578 4963/8235/3579 4959/8241/3583
f 4958/8188/3584 4962/8186/3580 4961/8238/3581 4957/8243/3585
f 4956/8189/3586 4960/8187/3582 4959/8241/3583 4955/8245/3587
f 4954/8190/3588 4958/8188/3584 4957/8243/3585 4953/8247/3589
f 4952/8193/3590 4956/8189/3586 4955/8245/3587 4951/8249/3591
f 4950/8192/3592 4927/8191/3593 4928/8205/3593 4949/8257/3594
f 4948/8194/3595 4954/8190/3588 4953/8247/3589 4947/8251/3596
f 4946/8195/3597 4952/8193/3590 4951/8249/3591 4945/8253/3598
f 4944/8196/3599 4950/8192/3592 4949/8257/3594 4943/8256/3600
f 4942/8197/3601 4948/8194/3595 4947/8251/3596 4941/8259/3602
f 4940/8198/3603 4946/8195/3597 4945/8253/3598 4939/8261/3603
f 4938/8199/3604 4944/8196/3599 4943/8256/3600 4937/8263/3605
f 4936/8200/3606 4942/8197/3601 4941/8259/3602 4935/8265/3607
f 4934/8201/3608 4940/8198/3603 4939/8261/3603 4933/8267/3609
f 4932/8202/3610 4938/8199/3604 4937/8263/3605 4931/8269/3611
f 4930/8211/3612 4936/8200/3606 4935/8265/3607 4929/8206/3613
f 4926/8212/3614 4934/8201/3608 4933/8267/3609 4925/8210/3615
f 4922/8213/3616 4932/8202/3610 4931/8269/3611 4921/8271/3617
f 4927/8191/3593 4930/8211/3612 4929/8206/3613 4928/8205/3593
f 4923/8172/3561 4926/8212/3614 4925/8210/3615 4924/8209/3562
f 4919/8174/3565 4922/8213/3616 4921/8271/3617 4920/8273/3566
f 4887/8270/3556 4916/8272/3558 4920/8273/3559 4921/8271/3557
f 4374/8342/2891 5014/7357/2889 4983/7258/1 4343/8343/2892
f 4373/8344/2895 5013/7323/2888 5014/7357/2889 4374/8342/2891
f 4372/8345/2897 5012/7321/2887 5013/7323/2888 4373/8344/2895
f 4371/8346/2899 5011/7319/2886 5012/7321/2887 4372/8345/2897
f 4370/8347/2901 5010/7317/2885 5011/7319/2886 4371/8346/2899
f 4369/8348/2903 5009/7315/2884 5010/7317/2885 4370/8347/2901
f 4368/8349/2905 5008/7313/2883 5009/7315/2884 4369/8348/2903
f 4367/8350/2907 5007/7310/25 5008/7313/2883 4368/8349/2905
f 4366/8351/2909 5006/7307/2882 5007/7309/25 4367/8352/2907
f 4365/8353/2911 5005/7305/2881 5006/7307/2882 4366/8351/2909
f 4364/8354/2913 5004/7303/2880 5005/7305/2881 4365/8353/2911
f 4363/8355/2915 5003/7301/2879 5004/7303/2880 4364/8354/2913
f 4362/8356/2917 5002/7299/2878 5003/7301/2879 4363/8355/2915
f 4361/8357/2919 5001/7297/2877 5002/7299/2878 4362/8356/2917
f 4360/8358/2921 5000/7295/2876 5001/7297/2877 4361/8357/2919
f 4359/8359/2923 4999/7293/17 5000/7295/2876 4360/8358/2921
f 4358/8360/2925 4998/7291/2875 4999/7293/17 4359/8359/2923
f 4357/8361/2927 4997/7289/2874 4998/7291/2875 4358/8360/2925
f 4356/8362/2929 4996/7287/2873 4997/7289/2874 4357/8361/2927
f 4355/8363/2931 4995/7285/2872 4996/7287/2873 4356/8362/2929
f 4354/8364/2933 4994/7283/2871 4995/7285/2872 4355/8363/2931
f 4353/8365/2935 4993/7281/2870 4994/7283/2871 4354/8364/2933
f 4352/8366/2937 4992/7279/2869 4993/7281/2870 4353/8365/2935
f 4351/8367/2939 4991/7276/9 4992/7279/2869 4352/8366/2937
f 4350/8368/2941 4990/7273/2868 4991/7275/9 4351/8369/2939
f 4349/8370/2943 4989/7271/2867 4990/7273/2868 4350/8368/2941
f 4348/8371/2945 4988/7269/2866 4989/7271/2867 4349/8370/2943
f 4347/8372/2947 4987/7267/2865 4988/7269/2866 4348/8371/2945
f 4346/8373/2949 4986/7265/2864 4987/7267/2865 4347/8372/2947
f 4345/8374/2951 4985/7263/2863 4986/7265/2864 4346/8373/2949
f 4344/8375/2952 4984/7261/2862 4985/7263/2863 4345/8374/2951
f 4343/8343/2892 4983/7258/1 4984/7261/2862 4344/8375/2952
f 4554/8376/3273 4555/8377/3272 5043/8378/2879 5045/8379/2878
f 4541/8380/3286 4542/8381/3285 5042/8382/2868 5044/8383/2867
f 4555/8377/3272 4556/8384/3271 5041/8385/2880 5043/8378/2879
f 4542/8381/3285 4543/8386/3284 5040/8387/9 5042/8382/2868
f 4556/8384/3271 4557/8388/3270 5039/8389/2881 5041/8385/2880
f 4543/8390/3284 4544/8391/3283 5038/8392/2869 5040/8393/9
f 4557/8388/3270 4558/8394/3269 5037/8395/2882 5039/8389/2881
f 4544/8391/3283 4545/8396/3282 5036/8397/2870 5038/8392/2869
f 4558/8394/3269 4559/8398/3268 5035/8399/25 5037/8395/2882
f 4545/8396/3282 4546/8400/3281 5034/8401/2871 5036/8397/2870
f 4559/8402/3268 4560/8403/3267 5033/8404/2883 5035/8405/25
f 4546/8400/3281 4547/8406/3280 5032/8407/2872 5034/8401/2871
f 4560/8403/3267 4561/8408/3266 5031/8409/2884 5033/8404/2883
f 4547/8406/3280 4548/8410/3279 5030/8411/2873 5032/8407/2872
f 4561/8408/3266 4562/8412/3265 5029/8413/2885 5031/8409/2884
f 4548/8410/3279 4549/8414/3278 5028/8415/2874 5030/8411/2873
f 4535/8416/3260 4536/8417/3291 5027/8418/2862 5046/8419/1
f 4562/8412/3265 4563/8420/3264 5026/8421/2886 5029/8413/2885
f 4549/8414/3278 4550/8422/3277 5025/8423/2875 5028/8415/2874
f 4536/8417/3291 4537/8424/3290 5024/8425/2863 5027/8418/2862
f 4563/8420/3264 4564/8426/3263 5023/8427/2887 5026/8421/2886
f 4550/8422/3277 4551/8428/3276 5022/8429/17 5025/8423/2875
f 4537/8424/3290 4538/8430/3289 5021/8431/2864 5024/8425/2863
f 4564/8426/3263 4565/8432/3262 5020/8433/2888 5023/8427/2887
f 4551/8428/3276 4552/8434/3275 5019/8435/2876 5022/8429/17
f 4538/8430/3289 4539/8436/3288 5018/8437/2865 5021/8431/2864
f 4565/8432/3262 4566/8438/3261 5017/8439/2889 5020/8433/2888
f 4552/8434/3275 4553/8440/3274 5016/8441/2877 5019/8435/2876
f 4539/8436/3288 4540/8442/3287 5015/8443/2866 5018/8437/2865
f 4566/8438/3261 4535/8416/3260 5046/8419/1 5017/8439/2889
f 4553/8440/3274 4554/8376/3273 5045/8379/2878 5016/8441/2877
f 4540/8442/3287 4541/8380/3286 5044/8383/2867 5015/8443/2866
f 5047/8444/17 5048/8445/17 5050/8446/17 5049/8447/17
f 5049/8448/25 5050/8449/25 5054/8450/25 5053/8451/25
f 5053/8452/1 5054/8453/1 5052/8454/1 5051/8455/1
f 5051/8456/9 5052/8457/9 5048/8458/9 5047/8459/9
f 5049/8460/481 5053/8461/481 5051/8462/481 5047/8463/481
f 5054/8464/32 5050/8465/32 5048/8466/32 5052/8467/32
f 5055/8468/17 5056/8469/17 5058/8470/17 5057/8471/17
f 5057/8472/32 5058/8473/32 5062/8474/32 5061/8475/32
f 5061/8476/1 5062/8477/1 5060/8478/1 5059/8479/1
f 5059/8480/481 5060/8481/481 5056/8482/481 5055/8483/481
f 5057/8484/25 5061/8485/25 5059/8486/25 5055/8487/25
f 5062/8488/9 5058/8489/9 5056/8490/9 5060/8491/9
f 5063/8492/17 5064/8493/17 5066/8494/17 5065/8495/17
f 5065/8496/32 5066/8497/32 5070/8498/32 5069/8499/32
f 5069/8500/1 5070/8501/1 5068/8502/1 5067/8503/1
f 5067/8504/481 5068/8505/481 5064/8506/481 5063/8507/481
f 5065/8508/25 5069/8509/25 5067/8510/25 5063/8511/25
f 5070/8512/9 5066/8513/9 5064/8514/9 5068/8515/9
f 5071/8516/17 5072/8517/17 5074/8518/17 5073/8519/17
f 5073/8520/25 5074/8521/25 5078/8522/25 5077/8523/25
f 5077/8524/1 5078/8525/1 5076/8526/1 5075/8527/1
f 5075/8528/9 5076/8529/9 5072/8530/9 5071/8531/9
f 5073/8532/481 5077/8533/481 5075/8534/481 5071/8535/481
f 5078/8536/32 5074/8537/32 5072/8538/32 5076/8539/32
f 5079/8540/25 5080/8541/25 5082/8542/25 5081/8543/25
f 5081/8544/1 5082/8545/1 5086/8546/1 5085/8547/1
f 5085/8548/9 5086/8549/9 5084/8550/9 5083/8551/9
f 5083/8552/17 5084/8553/17 5080/8554/17 5079/8555/17
f 5081/8556/481 5085/8557/481 5083/8558/481 5079/8559/481
f 5086/8560/32 5082/8561/32 5080/8562/32 5084/8563/32
f 5087/8564/25 5088/8565/25 5090/8566/25 5089/8567/25
f 5089/8568/32 5090/8569/32 5094/8570/32 5093/8571/32
f 5093/8572/9 5094/8573/9 5092/8574/9 5091/8575/9
f 5091/8576/481 5092/8577/481 5088/8578/481 5087/8579/481
f 5089/8580/1 5093/8581/1 5091/8582/1 5087/8583/1
f 5094/8584/17 5090/8585/17 5088/8586/17 5092/8587/17
f 5095/8588/25 5096/8589/25 5098/8590/25 5097/8591/25
f 5097/8592/1 5098/8593/1 5102/8594/1 5101/8595/1
f 5101/8596/9 5102/8597/9 5100/8598/9 5099/8599/9
f 5099/8600/17 5100/8601/17 5096/8602/17 5095/8603/17
f 5097/8604/481 5101/8605/481 5099/8606/481 5095/8607/481
f 5102/8608/32 5098/8609/32 5096/8610/32 5100/8611/32
f 5103/8612/25 5104/8613/25 5106/8614/25 5105/8615/25
f 5105/8616/32 5106/8617/32 5110/8618/32 5109/8619/32
f 5109/8620/9 5110/8621/9 5108/8622/9 5107/8623/9
f 5107/8624/481 5108/8625/481 5104/8626/481 5103/8627/481
f 5105/8628/1 5109/8629/1 5107/8630/1 5103/8631/1
f 5110/8632/17 5106/8633/17 5104/8634/17 5108/8635/17
l 1696 2185
l 1715 2197
l 1697 2186
l 1716 2198
l 1275 1277
l 1284 1286
o Sphere
v 10.724801 12.949953 -0.138893
v 10.724801 12.839593 -0.207867
v 10.724801 12.695401 -0.245196
v 10.724801 12.617365 -0.250000
v 10.734316 13.009679 -0.047835
v 10.743465 12.986917 -0.093833
v 10.751898 12.949953 -0.136224
v 10.759289 12.900208 -0.173380
v 10.765354 12.839593 -0.203873
v 10.769861 12.770438 -0.226532
v 10.772636 12.695401 -0.240485
v 10.773574 12.617365 -0.245196
v 10.743465 13.009679 -0.045060
v 10.761413 12.986917 -0.088388
v 10.777953 12.949953 -0.128320
v 10.792451 12.900208 -0.163320
v 10.804349 12.839593 -0.192044
v 10.813190 12.770438 -0.213388
v 10.818634 12.695401 -0.226532
v 10.820472 12.617365 -0.230970
v 10.751898 13.009679 -0.040553
v 10.777953 12.986917 -0.079547
v 10.801966 12.949953 -0.115485
v 10.823013 12.900208 -0.146985
v 10.840286 12.839593 -0.172835
v 10.853121 12.770438 -0.192044
v 10.861025 12.695401 -0.203873
v 10.863693 12.617365 -0.207867
v 10.759289 13.009679 -0.034487
v 10.792451 12.986917 -0.067650
v 10.823013 12.949953 -0.098212
v 10.849801 12.900208 -0.125000
v 10.871785 12.839593 -0.146984
v 10.888122 12.770438 -0.163320
v 10.898181 12.695401 -0.173380
v 10.901578 12.617365 -0.176777
v 10.765354 13.009679 -0.027097
v 10.804349 12.986917 -0.053152
v 10.840286 12.949953 -0.077165
v 10.871785 12.900208 -0.098212
v 10.897636 12.839593 -0.115485
v 10.916845 12.770438 -0.128320
v 10.928675 12.695401 -0.136224
v 10.932669 12.617365 -0.138893
v 10.724801 13.017365 0.000000
v 10.769861 13.009679 -0.018664
v 10.813190 12.986917 -0.036612
v 10.853121 12.949953 -0.053152
v 10.888122 12.900208 -0.067650
v 10.916845 12.839593 -0.079547
v 10.938190 12.770438 -0.088388
v 10.951333 12.695401 -0.093833
v 10.955771 12.617365 -0.095671
v 10.772636 13.009679 -0.009515
v 10.818634 12.986917 -0.018664
v 10.861025 12.949953 -0.027097
v 10.898181 12.900208 -0.034487
v 10.928675 12.839593 -0.040553
v 10.951333 12.770438 -0.045060
v 10.965286 12.695401 -0.047835
v 10.969997 12.617365 -0.048773
v 10.773574 13.009679 0.000000
v 10.820472 12.986917 0.000000
v 10.863693 12.949953 0.000000
v 10.901578 12.900208 -0.000000
v 10.932669 12.839593 0.000000
v 10.955771 12.770438 -0.000000
v 10.969997 12.695401 0.000000
v 10.974801 12.617365 0.000000
v 10.772636 13.009679 0.009515
v 10.818634 12.986917 0.018664
v 10.861025 12.949953 0.027097
v 10.898181 12.900208 0.034487
v 10.928675 12.839593 0.040553
v 10.951333 12.770438 0.045060
v 10.965286 12.695401 0.047835
v 10.969997 12.617365 0.048773
v 10.769861 13.009679 0.018664
v 10.813190 12.986917 0.036612
v 10.853121 12.949953 0.053152
v 10.888122 12.900208 0.067650
v 10.916845 12.839593 0.079547
v 10.938190 12.770438 0.088388
v 10.951333 12.695401 0.093833
v 10.955770 12.617365 0.095671
v 10.765354 13.009679 0.027097
v 10.804349 12.986917 0.053152
v 10.840286 12.949953 0.077165
v 10.871785 12.900208 0.098212
v 10.897636 12.839593 0.115485
v 10.916845 12.770438 0.128320
v 10.928675 12.695401 0.136224
v 10.932669 12.617365 0.138893
v 10.759289 13.009679 0.034487
v 10.792451 12.986917 0.067650
v 10.823013 12.949953 0.098212
v 10.849801 12.900208 0.125000
v 10.871785 12.839593 0.146984
v 10.888122 12.770438 0.163320
v 10.898181 12.695401 0.173380
v 10.901578 12.617365 0.176777
v 10.751898 13.009679 0.040553
v 10.777953 12.986917 0.079547
v 10.801966 12.949953 0.115485
v 10.823013 12.900208 0.146984
v 10.840286 12.839593 0.172835
v 10.853121 12.770438 0.192044
v 10.861025 12.695401 0.203873
v 10.863693 12.617365 0.207867
v 10.743465 13.009679 0.045060
v 10.761413 12.986917 0.088388
v 10.777953 12.949953 0.128320
v 10.792451 12.900208 0.163320
v 10.804348 12.839593 0.192044
v 10.813190 12.770438 0.213388
v 10.818634 12.695401 0.226532
v 10.820472 12.617365 0.230970
v 10.734316 13.009679 0.047835
v 10.743465 12.986917 0.093833
v 10.751898 12.949953 0.136224
v 10.759289 12.900208 0.173380
v 10.765354 12.839593 0.203873
v 10.769861 12.770438 0.226532
v 10.772636 12.695401 0.240485
v 10.773574 12.617365 0.245196
v 10.724801 13.009679 0.048773
v 10.724801 12.986917 0.095671
v 10.724801 12.949953 0.138893
v 10.724801 12.900208 0.176777
v 10.724801 12.839593 0.207867
v 10.724801 12.770438 0.230970
v 10.724801 12.695401 0.245196
v 10.724801 12.617365 0.250000
v 10.715286 13.009679 0.047835
v 10.706137 12.986917 0.093833
v 10.697704 12.949953 0.136224
v 10.690313 12.900208 0.173380
v 10.684248 12.839593 0.203873
v 10.679741 12.770438 0.226532
v 10.676966 12.695401 0.240485
v 10.676028 12.617365 0.245196
v 10.706137 13.009679 0.045060
v 10.688190 12.986917 0.088388
v 10.671649 12.949953 0.128320
v 10.657151 12.900208 0.163320
v 10.645253 12.839593 0.192044
v 10.636413 12.770438 0.213388
v 10.630968 12.695401 0.226532
v 10.629130 12.617365 0.230970
v 10.697704 13.009679 0.040553
v 10.671649 12.986917 0.079547
v 10.647636 12.949953 0.115485
v 10.626589 12.900208 0.146984
v 10.609316 12.839593 0.172835
v 10.596481 12.770438 0.192044
v 10.588577 12.695401 0.203873
v 10.585909 12.617365 0.207867
v 10.690313 13.009679 0.034487
v 10.657151 12.986917 0.067650
v 10.626589 12.949953 0.098212
v 10.599801 12.900208 0.125000
v 10.577817 12.839593 0.146984
v 10.561481 12.770438 0.163320
v 10.551421 12.695401 0.173380
v 10.548024 12.617365 0.176777
v 10.684248 13.009679 0.027097
v 10.645253 12.986917 0.053152
v 10.609316 12.949953 0.077165
v 10.577817 12.900208 0.098212
v 10.551966 12.839593 0.115485
v 10.532757 12.770438 0.128320
v 10.520927 12.695401 0.136224
v 10.516933 12.617365 0.138892
v 10.679741 13.009679 0.018664
v 10.636413 12.986917 0.036612
v 10.596481 12.949953 0.053152
v 10.561481 12.900208 0.067650
v 10.532757 12.839593 0.079547
v 10.511413 12.770438 0.088388
v 10.498269 12.695401 0.093833
v 10.493832 12.617365 0.095671
v 10.676966 13.009679 0.009515
v 10.630968 12.986917 0.018664
v 10.588577 12.949953 0.027097
v 10.551421 12.900208 0.034487
v 10.520927 12.839593 0.040553
v 10.498269 12.770438 0.045060
v 10.484316 12.695401 0.047835
v 10.479605 12.617365 0.048772
v 10.676028 13.009679 -0.000000
v 10.629130 12.986917 -0.000000
v 10.585909 12.949953 -0.000000
v 10.548024 12.900208 -0.000000
v 10.516933 12.839593 -0.000000
v 10.493831 12.770438 -0.000000
v 10.479605 12.695401 -0.000000
v 10.474801 12.617365 -0.000000
v 10.676966 13.009679 -0.009515
v 10.630968 12.986917 -0.018664
v 10.588577 12.949953 -0.027097
v 10.551421 12.900208 -0.034487
v 10.520927 12.839593 -0.040553
v 10.498269 12.770438 -0.045060
v 10.484316 12.695401 -0.047835
v 10.479605 12.617365 -0.048773
v 10.679741 13.009679 -0.018664
v 10.636413 12.986917 -0.036612
v 10.596481 12.949953 -0.053152
v 10.561481 12.900208 -0.067650
v 10.532757 12.839593 -0.079547
v 10.511413 12.770438 -0.088388
v 10.498269 12.695401 -0.093833
v 10.493832 12.617365 -0.095671
v 10.684248 13.009679 -0.027097
v 10.645254 12.986917 -0.053152
v 10.609316 12.949953 -0.077165
v 10.577817 12.900208 -0.098212
v 10.551966 12.839593 -0.115485
v 10.532757 12.770438 -0.128320
v 10.520927 12.695401 -0.136224
v 10.516933 12.617365 -0.138893
v 10.690313 13.009679 -0.034487
v 10.657151 12.986917 -0.067650
v 10.626589 12.949953 -0.098212
v 10.599801 12.900208 -0.125000
v 10.577817 12.839593 -0.146984
v 10.561481 12.770438 -0.163320
v 10.551421 12.695401 -0.173380
v 10.548024 12.617365 -0.176777
v 10.697704 13.009679 -0.040553
v 10.671649 12.986917 -0.079547
v 10.647636 12.949953 -0.115485
v 10.626589 12.900208 -0.146984
v 10.609316 12.839593 -0.172835
v 10.596481 12.770438 -0.192044
v 10.588577 12.695401 -0.203873
v 10.585909 12.617365 -0.207867
v 10.706137 13.009679 -0.045060
v 10.688190 12.986917 -0.088388
v 10.671649 12.949953 -0.128320
v 10.657151 12.900208 -0.163320
v 10.645254 12.839593 -0.192044
v 10.636413 12.770438 -0.213388
v 10.630968 12.695401 -0.226532
v 10.629130 12.617365 -0.230970
v 10.715286 13.009679 -0.047835
v 10.706137 12.986917 -0.093833
v 10.697704 12.949953 -0.136224
v 10.690313 12.900208 -0.173380
v 10.684248 12.839593 -0.203873
v 10.679741 12.770438 -0.226532
v 10.676966 12.695401 -0.240485
v 10.676028 12.617365 -0.245196
v 10.724801 13.009679 -0.048773
v 10.724801 12.986917 -0.095671
v 10.724801 12.900208 -0.176777
v 10.724801 12.770438 -0.230970
vn 0.0781 0.6040 -0.7931
vn 0.0873 0.4546 -0.8864
vn 0.0930 0.3155 -0.9444
vn 0.0963 0.1854 -0.9779
vn 0.0978 0.0611 -0.9933
vn 0.0153 0.9877 -0.1556
vn 0.0430 0.8988 -0.4362
vn 0.0639 0.7584 -0.6486
vn 0.1892 0.7584 -0.6237
vn 0.2313 0.6040 -0.7627
vn 0.2585 0.4546 -0.8523
vn 0.2755 0.3155 -0.9081
vn 0.2853 0.1854 -0.9403
vn 0.2897 0.0611 -0.9551
vn 0.0454 0.9877 -0.1497
vn 0.1272 0.8988 -0.4195
vn 0.4632 0.1854 -0.8666
vn 0.4705 0.0611 -0.8803
vn 0.0737 0.9877 -0.1379
vn 0.2066 0.8988 -0.3866
vn 0.3072 0.7584 -0.5748
vn 0.3757 0.6040 -0.7029
vn 0.4199 0.4546 -0.7855
vn 0.4473 0.3155 -0.8369
vn 0.5056 0.6040 -0.6161
vn 0.5650 0.4546 -0.6885
vn 0.6020 0.3155 -0.7335
vn 0.6234 0.1854 -0.7596
vn 0.6332 0.0611 -0.7716
vn 0.0992 0.9877 -0.1209
vn 0.2781 0.8988 -0.3388
vn 0.4135 0.7584 -0.5038
vn 0.7716 0.0611 -0.6332
vn 0.1209 0.9877 -0.0992
vn 0.3388 0.8988 -0.2781
vn 0.5038 0.7584 -0.4135
vn 0.6161 0.6040 -0.5056
vn 0.6885 0.4546 -0.5650
vn 0.7335 0.3155 -0.6020
vn 0.7596 0.1854 -0.6234
vn 0.7029 0.6040 -0.3757
vn 0.7855 0.4546 -0.4199
vn 0.8369 0.3155 -0.4473
vn 0.8666 0.1854 -0.4632
vn 0.8803 0.0611 -0.4705
vn 0.1379 0.9877 -0.0737
vn 0.3866 0.8988 -0.2066
vn 0.5748 0.7584 -0.3072
vn 0.9551 0.0611 -0.2897
vn 0.1497 0.9877 -0.0454
vn 0.4195 0.8988 -0.1272
vn 0.6237 0.7584 -0.1892
vn 0.7627 0.6040 -0.2313
vn 0.8523 0.4546 -0.2585
vn 0.9081 0.3155 -0.2755
vn 0.9403 0.1854 -0.2853
vn 0.8864 0.4546 -0.0873
vn 0.9444 0.3155 -0.0930
vn 0.9779 0.1854 -0.0963
vn 0.9933 0.0611 -0.0978
vn 0.1556 0.9877 -0.0153
vn 0.4362 0.8988 -0.0430
vn 0.6486 0.7584 -0.0639
vn 0.7931 0.6040 -0.0781
vn 0.4362 0.8988 0.0430
vn 0.6486 0.7584 0.0639
vn 0.7931 0.6040 0.0781
vn 0.8864 0.4546 0.0873
vn 0.9444 0.3155 0.0930
vn 0.9779 0.1854 0.0963
vn 0.9933 0.0611 0.0978
vn 0.1556 0.9877 0.0153
vn 0.9081 0.3155 0.2755
vn 0.9403 0.1854 0.2853
vn 0.9551 0.0611 0.2897
vn 0.1497 0.9877 0.0454
vn 0.4195 0.8988 0.1272
vn 0.6237 0.7584 0.1892
vn 0.7627 0.6040 0.2313
vn 0.8523 0.4546 0.2585
vn 0.3866 0.8988 0.2066
vn 0.5748 0.7584 0.3072
vn 0.7029 0.6040 0.3757
vn 0.7855 0.4546 0.4199
vn 0.8369 0.3155 0.4473
vn 0.8666 0.1854 0.4632
vn 0.8803 0.0611 0.4705
vn 0.1379 0.9877 0.0737
vn 0.7335 0.3155 0.6020
vn 0.7596 0.1854 0.6234
vn 0.7716 0.0611 0.6332
vn 0.1209 0.9877 0.0992
vn 0.3388 0.8988 0.2781
vn 0.5038 0.7584 0.4135
vn 0.6161 0.6040 0.5056
vn 0.6885 0.4546 0.5650
vn 0.4135 0.7584 0.5038
vn 0.5056 0.6040 0.6161
vn 0.5650 0.4546 0.6885
vn 0.6020 0.3155 0.7335
vn 0.6234 0.1854 0.7596
vn 0.6332 0.0611 0.7716
vn 0.0992 0.9877 0.1209
vn 0.2781 0.8988 0.3388
vn 0.4632 0.1854 0.8666
vn 0.4705 0.0611 0.8803
vn 0.0737 0.9877 0.1379
vn 0.2066 0.8988 0.3866
vn 0.3072 0.7584 0.5748
vn 0.3757 0.6040 0.7029
vn 0.4199 0.4546 0.7855
vn 0.4473 0.3155 0.8369
vn 0.1892 0.7584 0.6237
vn 0.2313 0.6040 0.7627
vn 0.2585 0.4546 0.8523
vn 0.2755 0.3155 0.9081
vn 0.2853 0.1854 0.9403
vn 0.2897 0.0611 0.9551
vn 0.0454 0.9877 0.1497
vn 0.1272 0.8988 0.4195
vn 0.0963 0.1854 0.9779
vn 0.0978 0.0611 0.9933
vn 0.0153 0.9877 0.1556
vn 0.0430 0.8988 0.4362
vn 0.0639 0.7584 0.6486
vn 0.0781 0.6040 0.7931
vn 0.0873 0.4546 0.8864
vn 0.0930 0.3155 0.9444
vn -0.0781 0.6040 0.7931
vn -0.0873 0.4546 0.8864
vn -0.0930 0.3155 0.9444
vn -0.0963 0.1854 0.9779
vn -0.0978 0.0611 0.9933
vn -0.0153 0.9877 0.1556
vn -0.0430 0.8988 0.4362
vn -0.0639 0.7584 0.6486
vn -0.2897 0.0611 0.9551
vn -0.0454 0.9877 0.1497
vn -0.1272 0.8988 0.4195
vn -0.1892 0.7584 0.6237
vn -0.2313 0.6040 0.7627
vn -0.2585 0.4546 0.8523
vn -0.2755 0.3155 0.9081
vn -0.2853 0.1854 0.9403
vn -0.4199 0.4546 0.7855
vn -0.4473 0.3155 0.8369
vn -0.4632 0.1854 0.8666
vn -0.4705 0.0611 0.8803
vn -0.0737 0.9877 0.1379
vn -0.2066 0.8988 0.3866
vn -0.3072 0.7584 0.5748
vn -0.3757 0.6040 0.7029
vn -0.0992 0.9877 0.1209
vn -0.2781 0.8988 0.3388
vn -0.4135 0.7584 0.5038
vn -0.5056 0.6040 0.6161
vn -0.5650 0.4546 0.6885
vn -0.6020 0.3155 0.7335
vn -0.6234 0.1854 0.7596
vn -0.6332 0.0611 0.7716
vn -0.6885 0.4546 0.5650
vn -0.7335 0.3155 0.6020
vn -0.7596 0.1854 0.6234
vn -0.7716 0.0611 0.6332
vn -0.1209 0.9877 0.0992
vn -0.3388 0.8988 0.2781
vn -0.5038 0.7584 0.4135
vn -0.6161 0.6040 0.5056
vn -0.3866 0.8988 0.2066
vn -0.5748 0.7584 0.3072
vn -0.7029 0.6040 0.3757
vn -0.7855 0.4546 0.4199
vn -0.8369 0.3155 0.4473
vn -0.8666 0.1854 0.4632
vn -0.8803 0.0611 0.4705
vn -0.1379 0.9877 0.0737
vn -0.9081 0.3155 0.2755
vn -0.9403 0.1854 0.2853
vn -0.9552 0.0611 0.2897
vn -0.1497 0.9877 0.0454
vn -0.4195 0.8988 0.1272
vn -0.6237 0.7584 0.1892
vn -0.7627 0.6040 0.2313
vn -0.8523 0.4546 0.2585
vn -0.4362 0.8988 0.0430
vn -0.6486 0.7584 0.0639
vn -0.7931 0.6040 0.0781
vn -0.8864 0.4546 0.0873
vn -0.9444 0.3155 0.0930
vn -0.9779 0.1854 0.0963
vn -0.9933 0.0611 0.0978
vn -0.1556 0.9877 0.0153
vn -0.9444 0.3155 -0.0930
vn -0.9779 0.1854 -0.0963
vn -0.9933 0.0611 -0.0978
vn -0.1556 0.9877 -0.0153
vn -0.4362 0.8988 -0.0430
vn -0.6486 0.7584 -0.0639
vn -0.7931 0.6040 -0.0781
vn -0.8864 0.4546 -0.0873
vn -0.6237 0.7584 -0.1892
vn -0.7627 0.6040 -0.2313
vn -0.8523 0.4546 -0.2585
vn -0.9081 0.3155 -0.2755
vn -0.9403 0.1854 -0.2853
vn -0.9551 0.0611 -0.2897
vn -0.1497 0.9877 -0.0454
vn -0.4195 0.8988 -0.1272
vn -0.8666 0.1854 -0.4632
vn -0.8803 0.0611 -0.4705
vn -0.1379 0.9877 -0.0737
vn -0.3866 0.8988 -0.2066
vn -0.5748 0.7584 -0.3072
vn -0.7029 0.6040 -0.3757
vn -0.7855 0.4546 -0.4199
vn -0.8369 0.3155 -0.4473
vn -0.6161 0.6040 -0.5056
vn -0.6885 0.4546 -0.5650
vn -0.7335 0.3155 -0.6020
vn -0.7596 0.1854 -0.6234
vn -0.7716 0.0611 -0.6332
vn -0.1209 0.9877 -0.0992
vn -0.3388 0.8988 -0.2781
vn -0.5038 0.7584 -0.4135
vn -0.6332 0.0611 -0.7716
vn -0.0992 0.9877 -0.1209
vn -0.2781 0.8988 -0.3388
vn -0.4135 0.7584 -0.5038
vn -0.5056 0.6040 -0.6161
vn -0.5650 0.4546 -0.6885
vn -0.6020 0.3155 -0.7335
vn -0.6234 0.1854 -0.7596
vn -0.3757 0.6040 -0.7029
vn -0.4199 0.4546 -0.7855
vn -0.4473 0.3155 -0.8369
vn -0.4632 0.1854 -0.8666
vn -0.4705 0.0611 -0.8803
vn -0.0737 0.9877 -0.1379
vn -0.2066 0.8988 -0.3866
vn -0.3072 0.7584 -0.5748
vn -0.2897 0.0611 -0.9552
vn -0.0454 0.9877 -0.1497
vn -0.1272 0.8988 -0.4195
vn -0.1892 0.7584 -0.6237
vn -0.2313 0.6040 -0.7627
vn -0.2585 0.4546 -0.8523
vn -0.2755 0.3155 -0.9081
vn -0.2853 0.1854 -0.9403
vn -0.0873 0.4546 -0.8864
vn -0.0930 0.3155 -0.9444
vn -0.0963 0.1854 -0.9779
vn -0.0978 0.0611 -0.9933
vn -0.0153 0.9877 -0.1556
vn -0.0430 0.8988 -0.4362
vn -0.0639 0.7584 -0.6486
vn -0.0000 -1.0000 -0.0000
vn -0.0781 0.6040 -0.7931
vt 0.750000 0.750000
vt 0.750000 0.812500
vt 0.718750 0.812500
vt 0.718750 0.750000
vt 0.750000 0.687500
vt 0.718750 0.687500
vt 0.750000 0.625000
vt 0.718750 0.625000
vt 0.750000 0.562500
vt 0.718750 0.562500
vt 0.750000 0.500000
vt 0.718750 0.500000
vt 0.750000 0.937500
vt 0.734375 1.000000
vt 0.718750 0.937500
vt 0.750000 0.875000
vt 0.718750 0.875000
vt 0.687500 0.875000
vt 0.687500 0.812500
vt 0.687500 0.750000
vt 0.687500 0.687500
vt 0.687500 0.625000
vt 0.687500 0.562500
vt 0.687500 0.500000
vt 0.703125 1.000000
vt 0.687500 0.937500
vt 0.656250 0.625000
vt 0.656250 0.562500
vt 0.656250 0.500000
vt 0.671875 1.000000
vt 0.656250 0.937500
vt 0.656250 0.875000
vt 0.656250 0.812500
vt 0.656250 0.750000
vt 0.656250 0.687500
vt 0.625000 0.812500
vt 0.625000 0.750000
vt 0.625000 0.687500
vt 0.625000 0.625000
vt 0.625000 0.562500
vt 0.625000 0.500000
vt 0.640625 1.000000
vt 0.625000 0.937500
vt 0.625000 0.875000
vt 0.593750 0.562500
vt 0.593750 0.500000
vt 0.609375 1.000000
vt 0.593750 0.937500
vt 0.593750 0.875000
vt 0.593750 0.812500
vt 0.593750 0.750000
vt 0.593750 0.687500
vt 0.593750 0.625000
vt 0.562500 0.812500
vt 0.562500 0.750000
vt 0.562500 0.687500
vt 0.562500 0.625000
vt 0.562500 0.562500
vt 0.562500 0.500000
vt 0.578125 1.000000
vt 0.562500 0.937500
vt 0.562500 0.875000
vt 0.531250 0.562500
vt 0.531250 0.500000
vt 0.546875 1.000000
vt 0.531250 0.937500
vt 0.531250 0.875000
vt 0.531250 0.812500
vt 0.531250 0.750000
vt 0.531250 0.687500
vt 0.531250 0.625000
vt 0.500000 0.750000
vt 0.500000 0.687500
vt 0.500000 0.625000
vt 0.500000 0.562500
vt 0.500000 0.500000
vt 0.515625 1.000000
vt 0.500000 0.937500
vt 0.500000 0.875000
vt 0.500000 0.812500
vt 0.468750 0.937500
vt 0.468750 0.875000
vt 0.468750 0.812500
vt 0.468750 0.750000
vt 0.468750 0.687500
vt 0.468750 0.625000
vt 0.468750 0.562500
vt 0.468750 0.500000
vt 0.484375 1.000000
vt 0.437500 0.687500
vt 0.437500 0.625000
vt 0.437500 0.562500
vt 0.437500 0.500000
vt 0.453125 1.000000
vt 0.437500 0.937500
vt 0.437500 0.875000
vt 0.437500 0.812500
vt 0.437500 0.750000
vt 0.406250 0.937500
vt 0.406250 0.875000
vt 0.406250 0.812500
vt 0.406250 0.750000
vt 0.406250 0.687500
vt 0.406250 0.625000
vt 0.406250 0.562500
vt 0.406250 0.500000
vt 0.421875 1.000000
vt 0.375000 0.687500
vt 0.375000 0.625000
vt 0.375000 0.562500
vt 0.375000 0.500000
vt 0.390625 1.000000
vt 0.375000 0.937500
vt 0.375000 0.875000
vt 0.375000 0.812500
vt 0.375000 0.750000
vt 0.343750 0.875000
vt 0.343750 0.812500
vt 0.343750 0.750000
vt 0.343750 0.687500
vt 0.343750 0.625000
vt 0.343750 0.562500
vt 0.343750 0.500000
vt 0.359375 1.000000
vt 0.343750 0.937500
vt 0.312500 0.625000
vt 0.312500 0.562500
vt 0.312500 0.500000
vt 0.328125 1.000000
vt 0.312500 0.937500
vt 0.312500 0.875000
vt 0.312500 0.812500
vt 0.312500 0.750000
vt 0.312500 0.687500
vt 0.281250 0.875000
vt 0.281250 0.812500
vt 0.281250 0.750000
vt 0.281250 0.687500
vt 0.281250 0.625000
vt 0.281250 0.562500
vt 0.281250 0.500000
vt 0.296875 1.000000
vt 0.281250 0.937500
vt 0.250000 0.625000
vt 0.250000 0.562500
vt 0.250000 0.500000
vt 0.265625 1.000000
vt 0.250000 0.937500
vt 0.250000 0.875000
vt 0.250000 0.812500
vt 0.250000 0.750000
vt 0.250000 0.687500
vt 0.218750 0.812500
vt 0.218750 0.750000
vt 0.218750 0.687500
vt 0.218750 0.625000
vt 0.218750 0.562500
vt 0.218750 0.500000
vt 0.234375 1.000000
vt 0.218750 0.937500
vt 0.218750 0.875000
vt 0.187500 0.562500
vt 0.187500 0.500000
vt 0.203125 1.000000
vt 0.187500 0.937500
vt 0.187500 0.875000
vt 0.187500 0.812500
vt 0.187500 0.750000
vt 0.187500 0.687500
vt 0.187500 0.625000
vt 0.156250 0.750000
vt 0.156250 0.687500
vt 0.156250 0.625000
vt 0.156250 0.562500
vt 0.156250 0.500000
vt 0.171875 1.000000
vt 0.156250 0.937500
vt 0.156250 0.875000
vt 0.156250 0.812500
vt 0.140625 1.000000
vt 0.125000 0.937500
vt 0.125000 0.875000
vt 0.125000 0.812500
vt 0.125000 0.750000
vt 0.125000 0.687500
vt 0.125000 0.625000
vt 0.125000 0.562500
vt 0.125000 0.500000
vt 0.093750 0.750000
vt 0.093750 0.687500
vt 0.093750 0.625000
vt 0.093750 0.562500
vt 0.093750 0.500000
vt 0.109375 1.000000
vt 0.093750 0.937500
vt 0.093750 0.875000
vt 0.093750 0.812500
vt 0.062500 0.937500
vt 0.062500 0.875000
vt 0.062500 0.812500
vt 0.062500 0.750000
vt 0.062500 0.687500
vt 0.062500 0.625000
vt 0.062500 0.562500
vt 0.062500 0.500000
vt 0.078125 1.000000
vt 0.031250 0.687500
vt 0.031250 0.625000
vt 0.031250 0.562500
vt 0.031250 0.500000
vt 0.046875 1.000000
vt 0.031250 0.937500
vt 0.031250 0.875000
vt 0.031250 0.812500
vt 0.031250 0.750000
vt 0.000000 0.937500
vt 0.000000 0.875000
vt 0.000000 0.812500
vt 0.000000 0.750000
vt 0.000000 0.687500
vt 0.000000 0.625000
vt 0.000000 0.562500
vt 0.000000 0.500000
vt 0.015625 1.000000
vt 1.000000 0.625000
vt 1.000000 0.687500
vt 0.968750 0.687500
vt 0.968750 0.625000
vt 1.000000 0.562500
vt 0.968750 0.562500
vt 1.000000 0.500000
vt 0.968750 0.500000
vt 1.000000 0.937500
vt 0.984375 1.000000
vt 0.968750 0.937500
vt 1.000000 0.875000
vt 0.968750 0.875000
vt 1.000000 0.812500
vt 0.968750 0.812500
vt 1.000000 0.750000
vt 0.968750 0.750000
vt 0.937500 0.875000
vt 0.937500 0.812500
vt 0.937500 0.750000
vt 0.937500 0.687500
vt 0.937500 0.625000
vt 0.937500 0.562500
vt 0.937500 0.500000
vt 0.953125 1.000000
vt 0.937500 0.937500
vt 0.906250 0.625000
vt 0.906250 0.562500
vt 0.906250 0.500000
vt 0.921875 1.000000
vt 0.906250 0.937500
vt 0.906250 0.875000
vt 0.906250 0.812500
vt 0.906250 0.750000
vt 0.906250 0.687500
vt 0.875000 0.812500
vt 0.875000 0.750000
vt 0.875000 0.687500
vt 0.875000 0.625000
vt 0.875000 0.562500
vt 0.875000 0.500000
vt 0.890625 1.000000
vt 0.875000 0.937500
vt 0.875000 0.875000
vt 0.843750 0.562500
vt 0.843750 0.500000
vt 0.859375 1.000000
vt 0.843750 0.937500
vt 0.843750 0.875000
vt 0.843750 0.812500
vt 0.843750 0.750000
vt 0.843750 0.687500
vt 0.843750 0.625000
vt 0.812500 0.812500
vt 0.812500 0.750000
vt 0.812500 0.687500
vt 0.812500 0.625000
vt 0.812500 0.562500
vt 0.812500 0.500000
vt 0.828125 1.000000
vt 0.812500 0.937500
vt 0.812500 0.875000
vt 0.781250 0.562500
vt 0.781250 0.500000
vt 0.796875 1.000000
vt 0.781250 0.937500
vt 0.781250 0.875000
vt 0.781250 0.812500
vt 0.781250 0.750000
vt 0.781250 0.687500
vt 0.781250 0.625000
vt 0.765625 1.000000
s 0
f 5366/8636/3618 5111/8637/3618 5117/8638/3618 5118/8639/3618
f 5112/8640/3619 5366/8636/3619 5118/8639/3619 5119/8641/3619
f 5367/8642/3620 5112/8640/3620 5119/8641/3620 5120/8643/3620
f 5113/8644/3621 5367/8642/3621 5120/8643/3621 5121/8645/3621
f 5114/8646/3622 5113/8644/3622 5121/8645/3622 5122/8647/3622
f 5364/8648/3623 5155/8649/3623 5115/8650/3623
f 5365/8651/3624 5364/8648/3624 5115/8650/3624 5116/8652/3624
f 5111/8637/3625 5365/8651/3625 5116/8652/3625 5117/8638/3625
f 5117/8638/3626 5116/8652/3626 5124/8653/3626 5125/8654/3626
f 5118/8639/3627 5117/8638/3627 5125/8654/3627 5126/8655/3627
f 5119/8641/3628 5118/8639/3628 5126/8655/3628 5127/8656/3628
f 5120/8643/3629 5119/8641/3629 5127/8656/3629 5128/8657/3629
f 5121/8645/3630 5120/8643/3630 5128/8657/3630 5129/8658/3630
f 5122/8647/3631 5121/8645/3631 5129/8658/3631 5130/8659/3631
f 5115/8650/3632 5155/8660/3632 5123/8661/3632
f 5116/8652/3633 5115/8650/3633 5123/8661/3633 5124/8653/3633
f 5129/8658/3634 5128/8657/3634 5136/8662/3634 5137/8663/3634
f 5130/8659/3635 5129/8658/3635 5137/8663/3635 5138/8664/3635
f 5123/8661/3636 5155/8665/3636 5131/8666/3636
f 5124/8653/3637 5123/8661/3637 5131/8666/3637 5132/8667/3637
f 5125/8654/3638 5124/8653/3638 5132/8667/3638 5133/8668/3638
f 5126/8655/3639 5125/8654/3639 5133/8668/3639 5134/8669/3639
f 5127/8656/3640 5126/8655/3640 5134/8669/3640 5135/8670/3640
f 5128/8657/3641 5127/8656/3641 5135/8670/3641 5136/8662/3641
f 5134/8669/3642 5133/8668/3642 5141/8671/3642 5142/8672/3642
f 5135/8670/3643 5134/8669/3643 5142/8672/3643 5143/8673/3643
f 5136/8662/3644 5135/8670/3644 5143/8673/3644 5144/8674/3644
f 5137/8663/3645 5136/8662/3645 5144/8674/3645 5145/8675/3645
f 5138/8664/3646 5137/8663/3646 5145/8675/3646 5146/8676/3646
f 5131/8666/3647 5155/8677/3647 5139/8678/3647
f 5132/8667/3648 5131/8666/3648 5139/8678/3648 5140/8679/3648
f 5133/8668/3649 5132/8667/3649 5140/8679/3649 5141/8671/3649
f 5146/8676/3650 5145/8675/3650 5153/8680/3650 5154/8681/3650
f 5139/8678/3651 5155/8682/3651 5147/8683/3651
f 5140/8679/3652 5139/8678/3652 5147/8683/3652 5148/8684/3652
f 5141/8671/3653 5140/8679/3653 5148/8684/3653 5149/8685/3653
f 5142/8672/3654 5141/8671/3654 5149/8685/3654 5150/8686/3654
f 5143/8673/3655 5142/8672/3655 5150/8686/3655 5151/8687/3655
f 5144/8674/3656 5143/8673/3656 5151/8687/3656 5152/8688/3656
f 5145/8675/3657 5144/8674/3657 5152/8688/3657 5153/8680/3657
f 5150/8686/3658 5149/8685/3658 5158/8689/3658 5159/8690/3658
f 5151/8687/3659 5150/8686/3659 5159/8690/3659 5160/8691/3659
f 5152/8688/3660 5151/8687/3660 5160/8691/3660 5161/8692/3660
f 5153/8680/3661 5152/8688/3661 5161/8692/3661 5162/8693/3661
f 5154/8681/3662 5153/8680/3662 5162/8693/3662 5163/8694/3662
f 5147/8683/3663 5155/8695/3663 5156/8696/3663
f 5148/8684/3664 5147/8683/3664 5156/8696/3664 5157/8697/3664
f 5149/8685/3665 5148/8684/3665 5157/8697/3665 5158/8689/3665
f 5163/8694/3666 5162/8693/3666 5170/8698/3666 5171/8699/3666
f 5156/8696/3667 5155/8700/3667 5164/8701/3667
f 5157/8697/3668 5156/8696/3668 5164/8701/3668 5165/8702/3668
f 5158/8689/3669 5157/8697/3669 5165/8702/3669 5166/8703/3669
f 5159/8690/3670 5158/8689/3670 5166/8703/3670 5167/8704/3670
f 5160/8691/3671 5159/8690/3671 5167/8704/3671 5168/8705/3671
f 5161/8692/3672 5160/8691/3672 5168/8705/3672 5169/8706/3672
f 5162/8693/3673 5161/8692/3673 5169/8706/3673 5170/8698/3673
f 5168/8705/3674 5167/8704/3674 5175/8707/3674 5176/8708/3674
f 5169/8706/3675 5168/8705/3675 5176/8708/3675 5177/8709/3675
f 5170/8698/3676 5169/8706/3676 5177/8709/3676 5178/8710/3676
f 5171/8699/3677 5170/8698/3677 5178/8710/3677 5179/8711/3677
f 5164/8701/3678 5155/8712/3678 5172/8713/3678
f 5165/8702/3679 5164/8701/3679 5172/8713/3679 5173/8714/3679
f 5166/8703/3680 5165/8702/3680 5173/8714/3680 5174/8715/3680
f 5167/8704/3681 5166/8703/3681 5174/8715/3681 5175/8707/3681
f 5173/8714/3682 5172/8713/3682 5180/8716/3682 5181/8717/3682
f 5174/8715/3683 5173/8714/3683 5181/8717/3683 5182/8718/3683
f 5175/8707/3684 5174/8715/3684 5182/8718/3684 5183/8719/3684
f 5176/8708/3685 5175/8707/3685 5183/8719/3685 5184/8720/3685
f 5177/8709/3686 5176/8708/3686 5184/8720/3686 5185/8721/3686
f 5178/8710/3687 5177/8709/3687 5185/8721/3687 5186/8722/3687
f 5179/8711/3688 5178/8710/3688 5186/8722/3688 5187/8723/3688
f 5172/8713/3689 5155/8724/3689 5180/8716/3689
f 5185/8721/3690 5184/8720/3690 5192/8725/3690 5193/8726/3690
f 5186/8722/3691 5185/8721/3691 5193/8726/3691 5194/8727/3691
f 5187/8723/3692 5186/8722/3692 5194/8727/3692 5195/8728/3692
f 5180/8716/3693 5155/8729/3693 5188/8730/3693
f 5181/8717/3694 5180/8716/3694 5188/8730/3694 5189/8731/3694
f 5182/8718/3695 5181/8717/3695 5189/8731/3695 5190/8732/3695
f 5183/8719/3696 5182/8718/3696 5190/8732/3696 5191/8733/3696
f 5184/8720/3697 5183/8719/3697 5191/8733/3697 5192/8725/3697
f 5189/8731/3698 5188/8730/3698 5196/8734/3698 5197/8735/3698
f 5190/8732/3699 5189/8731/3699 5197/8735/3699 5198/8736/3699
f 5191/8733/3700 5190/8732/3700 5198/8736/3700 5199/8737/3700
f 5192/8725/3701 5191/8733/3701 5199/8737/3701 5200/8738/3701
f 5193/8726/3702 5192/8725/3702 5200/8738/3702 5201/8739/3702
f 5194/8727/3703 5193/8726/3703 5201/8739/3703 5202/8740/3703
f 5195/8728/3704 5194/8727/3704 5202/8740/3704 5203/8741/3704
f 5188/8730/3705 5155/8742/3705 5196/8734/3705
f 5201/8739/3706 5200/8738/3706 5208/8743/3706 5209/8744/3706
f 5202/8740/3707 5201/8739/3707 5209/8744/3707 5210/8745/3707
f 5203/8741/3708 5202/8740/3708 5210/8745/3708 5211/8746/3708
f 5196/8734/3709 5155/8747/3709 5204/8748/3709
f 5197/8735/3710 5196/8734/3710 5204/8748/3710 5205/8749/3710
f 5198/8736/3711 5197/8735/3711 5205/8749/3711 5206/8750/3711
f 5199/8737/3712 5198/8736/3712 5206/8750/3712 5207/8751/3712
f 5200/8738/3713 5199/8737/3713 5207/8751/3713 5208/8743/3713
f 5206/8750/3714 5205/8749/3714 5213/8752/3714 5214/8753/3714
f 5207/8751/3715 5206/8750/3715 5214/8753/3715 5215/8754/3715
f 5208/8743/3716 5207/8751/3716 5215/8754/3716 5216/8755/3716
f 5209/8744/3717 5208/8743/3717 5216/8755/3717 5217/8756/3717
f 5210/8745/3718 5209/8744/3718 5217/8756/3718 5218/8757/3718
f 5211/8746/3719 5210/8745/3719 5218/8757/3719 5219/8758/3719
f 5204/8748/3720 5155/8759/3720 5212/8760/3720
f 5205/8749/3721 5204/8748/3721 5212/8760/3721 5213/8752/3721
f 5218/8757/3722 5217/8756/3722 5225/8761/3722 5226/8762/3722
f 5219/8758/3723 5218/8757/3723 5226/8762/3723 5227/8763/3723
f 5212/8760/3724 5155/8764/3724 5220/8765/3724
f 5213/8752/3725 5212/8760/3725 5220/8765/3725 5221/8766/3725
f 5214/8753/3726 5213/8752/3726 5221/8766/3726 5222/8767/3726
f 5215/8754/3727 5214/8753/3727 5222/8767/3727 5223/8768/3727
f 5216/8755/3728 5215/8754/3728 5223/8768/3728 5224/8769/3728
f 5217/8756/3729 5216/8755/3729 5224/8769/3729 5225/8761/3729
f 5222/8767/3730 5221/8766/3730 5229/8770/3730 5230/8771/3730
f 5223/8768/3731 5222/8767/3731 5230/8771/3731 5231/8772/3731
f 5224/8769/3732 5223/8768/3732 5231/8772/3732 5232/8773/3732
f 5225/8761/3733 5224/8769/3733 5232/8773/3733 5233/8774/3733
f 5226/8762/3734 5225/8761/3734 5233/8774/3734 5234/8775/3734
f 5227/8763/3735 5226/8762/3735 5234/8775/3735 5235/8776/3735
f 5220/8765/3736 5155/8777/3736 5228/8778/3736
f 5221/8766/3737 5220/8765/3737 5228/8778/3737 5229/8770/3737
f 5234/8775/3738 5233/8774/3738 5241/8779/3738 5242/8780/3738
f 5235/8776/3739 5234/8775/3739 5242/8780/3739 5243/8781/3739
f 5228/8778/3740 5155/8782/3740 5236/8783/3740
f 5229/8770/3741 5228/8778/3741 5236/8783/3741 5237/8784/3741
f 5230/8771/3742 5229/8770/3742 5237/8784/3742 5238/8785/3742
f 5231/8772/3743 5230/8771/3743 5238/8785/3743 5239/8786/3743
f 5232/8773/3744 5231/8772/3744 5239/8786/3744 5240/8787/3744
f 5233/8774/3745 5232/8773/3745 5240/8787/3745 5241/8779/3745
f 5239/8786/3746 5238/8785/3746 5246/8788/3746 5247/8789/3746
f 5240/8787/3747 5239/8786/3747 5247/8789/3747 5248/8790/3747
f 5241/8779/3748 5240/8787/3748 5248/8790/3748 5249/8791/3748
f 5242/8780/3749 5241/8779/3749 5249/8791/3749 5250/8792/3749
f 5243/8781/3750 5242/8780/3750 5250/8792/3750 5251/8793/3750
f 5236/8783/3751 5155/8794/3751 5244/8795/3751
f 5237/8784/3752 5236/8783/3752 5244/8795/3752 5245/8796/3752
f 5238/8785/3753 5237/8784/3753 5245/8796/3753 5246/8788/3753
f 5251/8793/3754 5250/8792/3754 5258/8797/3754 5259/8798/3754
f 5244/8795/3755 5155/8799/3755 5252/8800/3755
f 5245/8796/3756 5244/8795/3756 5252/8800/3756 5253/8801/3756
f 5246/8788/3757 5245/8796/3757 5253/8801/3757 5254/8802/3757
f 5247/8789/3758 5246/8788/3758 5254/8802/3758 5255/8803/3758
f 5248/8790/3759 5247/8789/3759 5255/8803/3759 5256/8804/3759
f 5249/8791/3760 5248/8790/3760 5256/8804/3760 5257/8805/3760
f 5250/8792/3761 5249/8791/3761 5257/8805/3761 5258/8797/3761
f 5256/8804/3762 5255/8803/3762 5263/8806/3762 5264/8807/3762
f 5257/8805/3763 5256/8804/3763 5264/8807/3763 5265/8808/3763
f 5258/8797/3764 5257/8805/3764 5265/8808/3764 5266/8809/3764
f 5259/8798/3765 5258/8797/3765 5266/8809/3765 5267/8810/3765
f 5252/8800/3766 5155/8811/3766 5260/8812/3766
f 5253/8801/3767 5252/8800/3767 5260/8812/3767 5261/8813/3767
f 5254/8802/3768 5253/8801/3768 5261/8813/3768 5262/8814/3768
f 5255/8803/3769 5254/8802/3769 5262/8814/3769 5263/8806/3769
f 5260/8812/3770 5155/8815/3770 5268/8816/3770
f 5261/8813/3771 5260/8812/3771 5268/8816/3771 5269/8817/3771
f 5262/8814/3772 5261/8813/3772 5269/8817/3772 5270/8818/3772
f 5263/8806/3773 5262/8814/3773 5270/8818/3773 5271/8819/3773
f 5264/8807/3774 5263/8806/3774 5271/8819/3774 5272/8820/3774
f 5265/8808/3775 5264/8807/3775 5272/8820/3775 5273/8821/3775
f 5266/8809/3776 5265/8808/3776 5273/8821/3776 5274/8822/3776
f 5267/8810/3777 5266/8809/3777 5274/8822/3777 5275/8823/3777
f 5272/8820/3778 5271/8819/3778 5279/8824/3778 5280/8825/3778
f 5273/8821/3779 5272/8820/3779 5280/8825/3779 5281/8826/3779
f 5274/8822/3780 5273/8821/3780 5281/8826/3780 5282/8827/3780
f 5275/8823/3781 5274/8822/3781 5282/8827/3781 5283/8828/3781
f 5268/8816/3782 5155/8829/3782 5276/8830/3782
f 5269/8817/3783 5268/8816/3783 5276/8830/3783 5277/8831/3783
f 5270/8818/3784 5269/8817/3784 5277/8831/3784 5278/8832/3784
f 5271/8819/3785 5270/8818/3785 5278/8832/3785 5279/8824/3785
f 5277/8831/3786 5276/8830/3786 5284/8833/3786 5285/8834/3786
f 5278/8832/3787 5277/8831/3787 5285/8834/3787 5286/8835/3787
f 5279/8824/3788 5278/8832/3788 5286/8835/3788 5287/8836/3788
f 5280/8825/3789 5279/8824/3789 5287/8836/3789 5288/8837/3789
f 5281/8826/3790 5280/8825/3790 5288/8837/3790 5289/8838/3790
f 5282/8827/3791 5281/8826/3791 5289/8838/3791 5290/8839/3791
f 5283/8828/3792 5282/8827/3792 5290/8839/3792 5291/8840/3792
f 5276/8830/3793 5155/8841/3793 5284/8833/3793
f 5289/8838/3794 5288/8837/3794 5296/8842/3794 5297/8843/3794
f 5290/8839/3795 5289/8838/3795 5297/8843/3795 5298/8844/3795
f 5291/8840/3796 5290/8839/3796 5298/8844/3796 5299/8845/3796
f 5284/8833/3797 5155/8846/3797 5292/8847/3797
f 5285/8834/3798 5284/8833/3798 5292/8847/3798 5293/8848/3798
f 5286/8835/3799 5285/8834/3799 5293/8848/3799 5294/8849/3799
f 5287/8836/3800 5286/8835/3800 5294/8849/3800 5295/8850/3800
f 5288/8837/3801 5287/8836/3801 5295/8850/3801 5296/8842/3801
f 5293/8848/3802 5292/8847/3802 5300/8851/3802 5301/8852/3802
f 5294/8849/3803 5293/8848/3803 5301/8852/3803 5302/8853/3803
f 5295/8850/3804 5294/8849/3804 5302/8853/3804 5303/8854/3804
f 5296/8842/3805 5295/8850/3805 5303/8854/3805 5304/8855/3805
f 5297/8843/3806 5296/8842/3806 5304/8855/3806 5305/8856/3806
f 5298/8844/3807 5297/8843/3807 5305/8856/3807 5306/8857/3807
f 5299/8845/3808 5298/8844/3808 5306/8857/3808 5307/8858/3808
f 5292/8847/3809 5155/8859/3809 5300/8851/3809
f 5305/8860/3810 5304/8861/3810 5312/8862/3810 5313/8863/3810
f 5306/8864/3811 5305/8860/3811 5313/8863/3811 5314/8865/3811
f 5307/8866/3812 5306/8864/3812 5314/8865/3812 5315/8867/3812
f 5300/8868/3813 5155/8869/3813 5308/8870/3813
f 5301/8871/3814 5300/8868/3814 5308/8870/3814 5309/8872/3814
f 5302/8873/3815 5301/8871/3815 5309/8872/3815 5310/8874/3815
f 5303/8875/3816 5302/8873/3816 5310/8874/3816 5311/8876/3816
f 5304/8861/3817 5303/8875/3817 5311/8876/3817 5312/8862/3817
f 5310/8874/3818 5309/8872/3818 5317/8877/3818 5318/8878/3818
f 5311/8876/3819 5310/8874/3819 5318/8878/3819 5319/8879/3819
f 5312/8862/3820 5311/8876/3820 5319/8879/3820 5320/8880/3820
f 5313/8863/3821 5312/8862/3821 5320/8880/3821 5321/8881/3821
f 5314/8865/3822 5313/8863/3822 5321/8881/3822 5322/8882/3822
f 5315/8867/3823 5314/8865/3823 5322/8882/3823 5323/8883/3823
f 5308/8870/3824 5155/8884/3824 5316/8885/3824
f 5309/8872/3825 5308/8870/3825 5316/8885/3825 5317/8877/3825
f 5322/8882/3826 5321/8881/3826 5329/8886/3826 5330/8887/3826
f 5323/8883/3827 5322/8882/3827 5330/8887/3827 5331/8888/3827
f 5316/8885/3828 5155/8889/3828 5324/8890/3828
f 5317/8877/3829 5316/8885/3829 5324/8890/3829 5325/8891/3829
f 5318/8878/3830 5317/8877/3830 5325/8891/3830 5326/8892/3830
f 5319/8879/3831 5318/8878/3831 5326/8892/3831 5327/8893/3831
f 5320/8880/3832 5319/8879/3832 5327/8893/3832 5328/8894/3832
f 5321/8881/3833 5320/8880/3833 5328/8894/3833 5329/8886/3833
f 5327/8893/3834 5326/8892/3834 5334/8895/3834 5335/8896/3834
f 5328/8894/3835 5327/8893/3835 5335/8896/3835 5336/8897/3835
f 5329/8886/3836 5328/8894/3836 5336/8897/3836 5337/8898/3836
f 5330/8887/3837 5329/8886/3837 5337/8898/3837 5338/8899/3837
f 5331/8888/3838 5330/8887/3838 5338/8899/3838 5339/8900/3838
f 5324/8890/3839 5155/8901/3839 5332/8902/3839
f 5325/8891/3840 5324/8890/3840 5332/8902/3840 5333/8903/3840
f 5326/8892/3841 5325/8891/3841 5333/8903/3841 5334/8895/3841
f 5339/8900/3842 5338/8899/3842 5346/8904/3842 5347/8905/3842
f 5332/8902/3843 5155/8906/3843 5340/8907/3843
f 5333/8903/3844 5332/8902/3844 5340/8907/3844 5341/8908/3844
f 5334/8895/3845 5333/8903/3845 5341/8908/3845 5342/8909/3845
f 5335/8896/3846 5334/8895/3846 5342/8909/3846 5343/8910/3846
f 5336/8897/3847 5335/8896/3847 5343/8910/3847 5344/8911/3847
f 5337/8898/3848 5336/8897/3848 5344/8911/3848 5345/8912/3848
f 5338/8899/3849 5337/8898/3849 5345/8912/3849 5346/8904/3849
f 5343/8910/3850 5342/8909/3850 5350/8913/3850 5351/8914/3850
f 5344/8911/3851 5343/8910/3851 5351/8914/3851 5352/8915/3851
f 5345/8912/3852 5344/8911/3852 5352/8915/3852 5353/8916/3852
f 5346/8904/3853 5345/8912/3853 5353/8916/3853 5354/8917/3853
f 5347/8905/3854 5346/8904/3854 5354/8917/3854 5355/8918/3854
f 5340/8907/3855 5155/8919/3855 5348/8920/3855
f 5341/8908/3856 5340/8907/3856 5348/8920/3856 5349/8921/3856
f 5342/8909/3857 5341/8908/3857 5349/8921/3857 5350/8913/3857
f 5355/8918/3858 5354/8917/3858 5362/8922/3858 5363/8923/3858
f 5348/8920/3859 5155/8924/3859 5356/8925/3859
f 5349/8921/3860 5348/8920/3860 5356/8925/3860 5357/8926/3860
f 5350/8913/3861 5349/8921/3861 5357/8926/3861 5358/8927/3861
f 5351/8914/3862 5350/8913/3862 5358/8927/3862 5359/8928/3862
f 5352/8915/3863 5351/8914/3863 5359/8928/3863 5360/8929/3863
f 5353/8916/3864 5352/8915/3864 5360/8929/3864 5361/8930/3864
f 5354/8917/3865 5353/8916/3865 5361/8930/3865 5362/8922/3865
f 5360/8929/3866 5359/8928/3866 5366/8636/3866 5112/8640/3866
f 5361/8930/3867 5360/8929/3867 5112/8640/3867 5367/8642/3867
f 5362/8922/3868 5361/8930/3868 5367/8642/3868 5113/8644/3868
f 5363/8923/3869 5362/8922/3869 5113/8644/3869 5114/8646/3869
f 5356/8925/3870 5155/8931/3870 5364/8648/3870
f 5357/8926/3871 5356/8925/3871 5364/8648/3871 5365/8651/3871
f 5358/8927/3872 5357/8926/3872 5365/8651/3872 5111/8637/3872
f 5122/8647/3873 5130/8659/3873 5138/8664/3873 5146/8676/3873 5154/8681/3873 5163/8694/3873 5171/8699/3873 5179/8711/3873 5187/8723/3873 5195/8728/3873 5203/8741/3873 5211/8746/3873 5219/8758/3873 5227/8763/3873 5235/8776/3873 5243/8781/3873 5251/8793/3873 5259/8798/3873 5267/8810/3873 5275/8823/3873 5283/8828/3873 5291/8840/3873 5299/8845/3873 5307/8858/3873 5315/8867/3873 5323/8883/3873 5331/8888/3873 5339/8900/3873 5347/8905/3873 5355/8918/3873 5363/8923/3873 5114/8646/3873
f 5359/8928/3874 5358/8927/3874 5111/8637/3874 5366/8636/3874
o Tram.001
v 6.785690 3.573805 -0.086381
v 6.785690 3.469032 -0.096700
v 6.785690 3.368285 -0.127261
v 6.785690 3.275436 -0.176890
v 6.785690 3.194053 -0.243680
v 6.785690 3.127264 -0.325062
v 6.785690 3.077635 -0.417911
v 6.785690 3.047074 -0.518658
v 6.785690 3.036754 -0.623432
v 6.785690 3.047074 -0.728205
v 6.785690 3.077635 -0.828952
v 6.785690 3.127264 -0.921802
v 6.785690 3.194053 -1.003184
v 6.785690 3.275436 -1.069973
v 6.785690 3.368285 -1.119602
v 6.785690 3.469032 -1.150164
v 6.785690 3.573805 -1.160483
v 6.785690 3.678579 -1.150164
v 6.785690 3.779326 -1.119602
v 6.785690 3.872175 -1.069973
v 6.785690 3.953558 -1.003184
v 6.785690 4.020347 -0.921802
v 6.785690 4.069976 -0.828952
v 6.785690 4.100537 -0.728205
v 6.785690 4.110857 -0.623432
v 6.785690 4.100537 -0.518658
v 6.785690 4.069976 -0.417911
v 6.785690 4.020347 -0.325062
v 6.785690 3.953558 -0.243680
v 6.785690 3.872175 -0.176890
v 6.785690 3.779326 -0.127261
v 6.785690 3.678579 -0.096700
v 7.229140 3.527701 -0.391650
v 7.229140 3.573805 -0.387109
v 7.229140 3.483369 -0.405098
v 7.229140 3.442512 -0.426937
v 7.229140 3.406700 -0.456326
v 7.229140 3.377310 -0.492138
v 7.229140 3.355472 -0.532995
v 7.229140 3.342024 -0.577328
v 7.229141 3.337483 -0.623432
v 7.229141 3.342024 -0.669536
v 7.229141 3.355472 -0.713869
v 7.229141 3.377310 -0.754726
v 7.229141 3.406700 -0.790537
v 7.229141 3.442512 -0.819927
v 7.229141 3.483369 -0.841765
v 7.229141 3.527701 -0.855214
v 7.229141 3.573805 -0.859755
v 7.229141 3.619910 -0.855214
v 7.229141 3.664242 -0.841765
v 7.229141 3.705099 -0.819927
v 7.229141 3.740911 -0.790537
v 7.229141 3.770301 -0.754726
v 7.229141 3.792139 -0.713869
v 7.229141 3.805587 -0.669536
v 7.229141 3.810128 -0.623432
v 7.229141 3.805587 -0.577328
v 7.229140 3.792139 -0.532995
v 7.229140 3.770301 -0.492138
v 7.229140 3.740911 -0.456326
v 7.229140 3.705099 -0.426937
v 7.229140 3.664242 -0.405098
v 7.229140 3.619910 -0.391650
v 6.896552 4.064701 -0.420096
v 6.896552 3.278608 -1.065226
v 6.896552 4.015600 -0.328234
v 6.896552 3.370470 -1.114327
v 6.896552 3.470146 -0.102300
v 6.896552 3.949520 -0.247717
v 6.896553 3.470146 -1.144564
v 6.896552 3.370470 -0.132536
v 6.896552 3.869003 -0.181638
v 6.896553 3.573805 -1.154773
v 6.896552 3.278608 -0.181638
v 6.896552 3.777141 -0.132536
v 6.896553 3.677465 -1.144564
v 6.896552 3.198091 -0.247717
v 6.896552 3.677465 -0.102300
v 6.896553 3.777141 -1.114327
v 6.896552 3.132011 -0.328234
v 6.896553 3.869003 -1.065226
v 6.896552 3.082910 -0.420096
v 6.896552 3.949520 -0.999147
v 6.896552 3.052674 -0.519772
v 6.896552 4.015600 -0.918629
v 6.896552 3.042464 -0.623432
v 6.896552 4.064701 -0.826767
v 6.896552 3.052674 -0.727092
v 6.896552 4.094937 -0.727092
v 6.896552 3.082910 -0.826767
v 6.896552 4.105147 -0.623432
v 6.896552 3.132011 -0.918629
v 6.896552 4.094937 -0.519772
v 6.896552 3.198091 -0.999147
v 6.896552 3.573805 -0.092090
v 7.139463 3.938551 -0.550879
v 7.097062 3.985482 -0.541544
v 7.139463 3.310838 -0.886399
v 7.097062 3.277003 -0.920234
v 7.139462 3.573805 -0.251540
v 7.097062 3.573805 -0.203690
v 7.097062 3.961596 -0.462804
v 7.139463 3.917388 -0.481115
v 7.097062 3.340609 -0.972435
v 7.139463 3.367194 -0.932648
v 7.097062 3.922808 -0.390236
v 7.139463 3.883022 -0.416820
v 7.097062 3.413177 -1.011223
v 7.139463 3.431489 -0.967015
v 7.097062 3.491918 -0.211755
v 7.139462 3.501253 -0.258686
v 7.097062 3.870608 -0.326629
v 7.139463 3.836772 -0.360465
v 7.097062 3.491918 -1.035109
v 7.139463 3.501253 -0.988178
v 7.097062 3.413177 -0.235641
v 7.139462 3.431489 -0.279849
v 7.097062 3.807002 -0.274429
v 7.139463 3.780417 -0.314215
v 7.097062 3.573805 -1.043174
v 7.139463 3.573805 -0.995323
v 7.097062 3.340609 -0.274429
v 7.139463 3.367194 -0.314215
v 7.097062 3.734434 -0.235641
v 7.139463 3.716122 -0.279849
v 7.097062 3.655693 -1.035109
v 7.139463 3.646358 -0.988178
v 7.097062 3.277003 -0.326629
v 7.139463 3.310838 -0.360465
v 7.097062 3.655693 -0.211755
v 7.139463 3.646358 -0.258686
v 7.097062 3.734434 -1.011223
v 7.139463 3.716122 -0.967015
v 7.097062 3.224803 -0.390236
v 7.139463 3.264589 -0.416820
v 7.097062 3.807002 -0.972435
v 7.139463 3.780417 -0.932648
v 7.097062 3.186015 -0.462804
v 7.139463 3.230223 -0.481115
v 7.097062 3.870608 -0.920234
v 7.139463 3.836772 -0.886399
v 7.097062 3.162129 -0.541544
v 7.139463 3.209060 -0.550879
v 7.097062 3.922808 -0.856628
v 7.139463 3.883022 -0.830044
v 7.097062 3.154063 -0.623432
v 7.139463 3.201914 -0.623432
v 7.097062 3.961596 -0.784060
v 7.139463 3.917388 -0.765749
v 7.097062 3.162129 -0.705319
v 7.139463 3.209060 -0.695984
v 7.097062 3.985482 -0.705319
v 7.139463 3.938551 -0.695984
v 7.097062 3.186015 -0.784060
v 7.139463 3.230223 -0.765749
v 7.097062 3.993547 -0.623432
v 7.139463 3.945697 -0.623432
v 7.097062 3.224803 -0.856628
v 7.139463 3.264589 -0.830044
v 7.036281 4.029943 -0.532701
v 6.978539 4.062486 -0.526227
v 6.978539 4.034132 -0.432758
v 7.036281 4.003477 -0.445456
v 7.036281 3.244949 -0.952288
v 6.978540 3.221487 -0.975751
v 6.978540 3.296990 -1.037715
v 7.036281 3.315425 -1.010126
v 6.978539 3.988089 -0.346617
v 7.036281 3.960500 -0.365051
v 6.978540 3.383132 -1.083759
v 7.036281 3.395830 -1.053103
v 7.036280 3.573805 -0.158359
v 6.978539 3.573805 -0.125178
v 6.978539 3.476601 -0.134752
v 7.036280 3.483074 -0.167295
v 6.978539 3.926124 -0.271113
v 7.036281 3.902662 -0.294575
v 6.978540 3.476601 -1.112112
v 7.036281 3.483074 -1.079569
v 6.978539 3.383132 -0.163105
v 7.036280 3.395830 -0.193760
v 6.978539 3.850621 -0.209149
v 7.036281 3.832186 -0.236738
v 6.978540 3.573805 -1.121686
v 7.036281 3.573805 -1.088505
v 6.978539 3.296990 -0.209149
v 7.036280 3.315425 -0.236738
v 6.978539 3.764479 -0.163105
v 7.036280 3.751781 -0.193760
v 6.978540 3.671010 -1.112112
v 7.036281 3.664537 -1.079569
v 6.978539 3.221487 -0.271113
v 7.036281 3.244949 -0.294575
v 6.978539 3.671010 -0.134752
v 7.036280 3.664537 -0.167295
v 6.978540 3.764479 -1.083759
v 7.036281 3.751781 -1.053103
v 6.978539 3.159522 -0.346617
v 7.036281 3.187111 -0.365051
v 6.978540 3.850621 -1.037715
v 7.036281 3.832186 -1.010126
v 6.978539 3.113479 -0.432758
v 7.036281 3.144134 -0.445456
v 6.978540 3.926124 -0.975751
v 7.036281 3.902662 -0.952288
v 6.978539 3.085125 -0.526227
v 7.036281 3.117669 -0.532701
v 6.978540 3.988089 -0.900247
v 7.036281 3.960500 -0.881813
v 6.978539 3.075551 -0.623432
v 7.036281 3.108732 -0.623432
v 6.978539 4.034132 -0.814106
v 7.036281 4.003477 -0.801408
v 6.978539 3.085125 -0.720636
v 7.036281 3.117669 -0.714163
v 6.978539 4.062486 -0.720636
v 7.036281 4.029943 -0.714163
v 6.978539 3.113479 -0.814106
v 7.036281 3.144134 -0.801408
v 6.978539 4.072060 -0.623432
v 7.036281 4.038878 -0.623432
v 6.978539 3.159522 -0.900247
v 7.036281 3.187111 -0.881813
v 7.229139 3.527701 -0.391650
v 7.229139 3.573805 -0.387110
v 7.229139 3.483369 -0.405098
v 7.229139 3.442512 -0.426937
v 7.229139 3.406700 -0.456327
v 7.229139 3.377310 -0.492138
v 7.229139 3.355472 -0.532995
v 7.229139 3.342023 -0.577328
v 7.229139 3.337483 -0.623432
v 7.229139 3.342023 -0.669536
v 7.229139 3.355472 -0.713869
v 7.229139 3.377310 -0.754726
v 7.229139 3.406700 -0.790537
v 7.229139 3.442512 -0.819927
v 7.229139 3.483369 -0.841766
v 7.229139 3.527701 -0.855214
v 7.229139 3.573805 -0.859755
v 7.229139 3.619910 -0.855214
v 7.229139 3.664242 -0.841766
v 7.229139 3.705099 -0.819927
v 7.229139 3.740911 -0.790537
v 7.229139 3.770300 -0.754726
v 7.229139 3.792139 -0.713869
v 7.229139 3.805587 -0.669536
v 7.229139 3.810128 -0.623432
v 7.229139 3.805587 -0.577328
v 7.229139 3.792139 -0.532995
v 7.229139 3.770300 -0.492138
v 7.229139 3.740911 -0.456327
v 7.229139 3.705099 -0.426937
v 7.229139 3.664242 -0.405098
v 7.229139 3.619910 -0.391650
v 4.944572 4.635364 -3.460133
v 4.944573 1.304117 -3.460133
v 1.864245 4.635364 -3.460133
v 1.864245 1.304116 -3.460133
v -2.022915 4.635363 -3.460134
v 0.944724 4.635363 -3.460134
v -5.558962 4.635363 -3.460135
v -2.594980 4.635363 -3.460135
v 4.667356 7.428931 -3.460133
v 4.944572 7.225106 -3.460133
v 4.753020 7.418955 -3.460133
v 4.830300 7.390004 -3.460133
v 4.891629 7.344911 -3.460133
v 4.931005 7.288091 -3.460133
v 1.864245 7.225105 -3.460133
v 2.141461 7.428930 -3.460133
v 1.877812 7.288091 -3.460133
v 1.917189 7.344911 -3.460133
v 1.978518 7.390003 -3.460133
v 2.055797 7.418954 -3.460133
v -2.022916 7.225105 -3.460134
v -1.745699 7.428930 -3.460134
v -2.009348 7.288091 -3.460134
v -1.969972 7.344910 -3.460134
v -1.908643 7.390003 -3.460134
v -1.831364 7.418954 -3.460134
v 0.667507 7.428930 -3.460134
v 0.944724 7.225105 -3.460134
v 0.753172 7.418954 -3.460134
v 0.830451 7.390003 -3.460133
v 0.891780 7.344911 -3.460134
v 0.931155 7.288091 -3.460134
v -5.558963 7.225104 -3.460135
v -5.281689 7.428929 -3.460135
v -5.545392 7.288090 -3.460135
v -5.506008 7.344910 -3.460135
v -5.444667 7.390002 -3.460135
v -5.367372 7.418953 -3.460135
v -2.872197 7.428930 -3.460134
v -2.594981 7.225105 -3.460135
v -2.786532 7.418954 -3.460134
v -2.709253 7.390003 -3.460134
v -2.647924 7.344910 -3.460135
v -2.608549 7.288091 -3.460135
v 4.944571 4.635364 2.301993
v 4.944571 1.304117 2.301993
v 1.864244 4.635364 2.301992
v 1.864244 1.304116 2.301992
v -2.022916 4.635363 2.301992
v 0.944722 4.635363 2.301992
v -5.558964 4.635363 2.301991
v -2.594981 4.635363 2.301991
v 4.667356 7.428931 2.301993
v 4.944571 7.225106 2.301993
v 4.753020 7.418955 2.301993
v 4.830298 7.390004 2.301993
v 4.891628 7.344911 2.301993
v 4.931004 7.288091 2.301993
v 1.864244 7.225105 2.301992
v 2.141459 7.428930 2.301993
v 1.877812 7.288091 2.301992
v 1.917188 7.344911 2.301992
v 1.978517 7.390003 2.301992
v 2.055796 7.418954 2.301992
v -2.022916 7.225105 2.301992
v -1.745700 7.428930 2.301991
v -2.009348 7.288091 2.301992
v -1.969973 7.344910 2.301992
v -1.908644 7.390003 2.301992
v -1.831365 7.418954 2.301992
v 0.667506 7.428930 2.301992
v 0.944722 7.225105 2.301992
v 0.753171 7.418954 2.301992
v 0.830449 7.390003 2.301992
v 0.891779 7.344911 2.301992
v 0.931155 7.288091 2.301992
v -5.558964 7.225104 2.301991
v -5.281689 7.428929 2.301991
v -5.545392 7.288090 2.301991
v -5.506008 7.344910 2.301991
v -5.444668 7.390002 2.301991
v -5.367373 7.418953 2.301991
v -2.872198 7.428930 2.301991
v -2.594982 7.225105 2.301991
v -2.786533 7.418954 2.301991
v -2.709255 7.390003 2.301991
v -2.647925 7.344910 2.301991
v -2.608549 7.288091 2.301991
v 4.944572 4.560034 -3.460133
v 1.864245 4.560034 -3.460133
v 4.944571 4.560034 2.301993
v 1.864244 4.560034 2.301992
v 6.615457 4.635364 -2.208621
v 6.615457 4.635364 1.054764
v 6.615457 7.041231 -2.208621
v 6.615457 7.428931 -1.801076
v 6.615457 7.161037 -2.188674
v 6.615457 7.269115 -2.130787
v 6.615457 7.354887 -2.040625
v 6.615457 7.409956 -1.927014
v 6.615457 7.428931 0.647219
v 6.615456 7.041231 1.054764
v 6.615456 7.409956 0.773157
v 6.615456 7.354887 0.886768
v 6.615456 7.269115 0.976930
v 6.615456 7.161037 1.034817
v -7.658154 4.635362 1.070955
v -7.658155 4.635362 -2.222665
v -7.658154 7.018779 1.070955
v -7.658154 7.428929 0.639812
v -7.658154 7.145523 1.049854
v -7.658154 7.259860 0.988614
v -7.658154 7.350597 0.893232
v -7.658154 7.408855 0.773043
v -7.658156 7.428929 -1.791522
v -7.658155 7.018779 -2.222665
v -7.658156 7.408855 -1.924752
v -7.658155 7.350597 -2.044941
v -7.658155 7.259860 -2.140324
v -7.658155 7.145523 -2.201563
v -7.658156 7.384853 -1.787875
v -7.658154 7.384853 0.636166
v -7.658155 4.679439 -2.176332
v -7.658154 4.679439 1.024623
v -7.658155 7.015311 -2.176332
v -7.658155 7.131732 -2.156949
v -7.658155 7.233629 -2.102373
v -7.658155 7.314494 -2.017368
v -7.658156 7.366413 -1.910256
v -7.658154 7.131732 1.005240
v -7.658154 7.015311 1.024623
v -7.658154 7.233629 0.950663
v -7.658154 7.314494 0.865659
v -7.658154 7.366413 0.758547
v -7.686098 7.384853 -1.787875
v -7.686097 7.384853 0.636166
v -7.686097 4.679439 -2.176332
v -7.686097 4.679439 1.024623
v -7.686097 7.015311 -2.176332
v -7.686097 7.131732 -2.156949
v -7.686097 7.233629 -2.102373
v -7.686097 7.314494 -2.017368
v -7.686098 7.366413 -1.910256
v -7.686097 7.131732 1.005240
v -7.686097 7.015311 1.024623
v -7.686097 7.233629 0.950663
v -7.686097 7.314494 0.865659
v -7.686097 7.366413 0.758547
v -7.686098 7.428929 -1.791522
v -7.686097 7.428929 0.639812
v -7.686097 4.635362 -2.222665
v -7.686097 4.635362 1.070955
v -7.686097 7.018779 -2.222665
v -7.686097 7.145523 -2.201563
v -7.686097 7.259860 -2.140324
v -7.686097 7.350597 -2.044941
v -7.686098 7.408855 -1.924752
v -7.686097 7.145523 1.049854
v -7.686097 7.018779 1.070955
v -7.686097 7.259860 0.988614
v -7.686097 7.350597 0.893232
v -7.686097 7.408855 0.773043
v 6.615456 7.037668 1.007175
v 6.615456 7.146873 0.988993
v 6.615456 7.242173 0.937949
v 6.615456 7.317804 0.858447
v 6.615456 7.366363 0.758268
v 6.615457 7.383659 0.643474
v 6.615457 7.383659 -1.797331
v 6.615457 7.366363 -1.912125
v 6.615457 7.317804 -2.012304
v 6.615457 7.242173 -2.091806
v 6.615457 7.146873 -2.142850
v 6.615457 7.037668 -2.161031
v 6.615457 4.680636 -2.161031
v 6.615457 4.680636 1.007175
v 6.651947 7.037668 1.007175
v 6.651947 7.146873 0.988993
v 6.651947 7.242173 0.937949
v 6.651947 7.317804 0.858447
v 6.651947 7.366363 0.758268
v 6.651947 7.383659 0.643474
v 6.651947 7.383659 -1.797331
v 6.651947 7.366363 -1.912125
v 6.651947 7.317804 -2.012304
v 6.651947 7.242173 -2.091806
v 6.651947 7.146873 -2.142850
v 6.651947 7.037668 -2.161031
v 6.651948 4.680636 -2.161031
v 6.651947 4.680636 1.007175
v 6.651947 7.041231 1.054764
v 6.651947 7.161037 1.034817
v 6.651947 7.269115 0.976930
v 6.651947 7.354887 0.886768
v 6.651947 7.409956 0.773157
v 6.651947 7.428931 0.647219
v 6.651947 7.428931 -1.801076
v 6.651947 7.409956 -1.927014
v 6.651947 7.354887 -2.040625
v 6.651947 7.269115 -2.130787
v 6.651947 7.161037 -2.188674
v 6.651947 7.041231 -2.208621
v 6.651948 4.635364 -2.208621
v 6.651947 4.635364 1.054764
v -1.975043 4.670560 -3.460134
v 0.896852 4.670561 -3.460134
v 0.896852 7.222335 -3.460134
v 0.885060 7.277079 -3.460134
v 0.852569 7.323964 -3.460134
v 0.801962 7.361172 -3.460134
v 0.738194 7.385062 -3.460134
v 0.663739 7.393733 -3.460134
v -1.963251 7.277078 -3.460134
v -1.975044 7.222335 -3.460134
v -1.930760 7.323964 -3.460134
v -1.880154 7.361172 -3.460134
v -1.816386 7.385062 -3.460134
v -1.741932 7.393732 -3.460134
v -5.497575 4.680498 -3.460135
v -2.656366 4.680498 -3.460135
v -2.805738 7.375493 -3.460134
v -2.877028 7.383794 -3.460134
v -2.745786 7.353033 -3.460134
v -2.698207 7.318050 -3.460134
v -2.667659 7.273969 -3.460135
v -2.656367 7.221553 -3.460135
v -5.276858 7.383794 -3.460135
v -5.348169 7.375492 -3.460135
v -5.408138 7.353030 -3.460135
v -5.455729 7.318046 -3.460135
v -5.486283 7.273966 -3.460135
v -5.497576 7.221551 -3.460135
v -5.499663 4.678963 2.301991
v -2.654282 4.678964 2.301991
v -2.805086 7.376970 2.301991
v -2.876864 7.385329 2.301991
v -2.744545 7.354290 2.301991
v -2.696498 7.318963 2.301991
v -2.665650 7.274449 2.301991
v -2.654282 7.221673 2.301991
v -5.277023 7.385328 2.301991
v -5.348823 7.376969 2.301991
v -5.409381 7.354287 2.301991
v -5.457439 7.318959 2.301991
v -5.488292 7.274446 2.301991
v -5.499663 7.221672 2.301991
v -1.971363 4.673267 2.301992
v 0.893170 4.673267 2.301992
v 0.893170 7.222122 2.301992
v 0.881514 7.276231 2.301992
v 0.849551 7.322353 2.301992
v 0.799770 7.358956 2.301992
v 0.737041 7.382455 2.301992
v 0.663449 7.391026 2.301992
v -1.959707 7.276231 2.301992
v -1.971363 7.222122 2.301992
v -1.927746 7.322353 2.301992
v -1.877964 7.358955 2.301992
v -1.815235 7.382455 2.301992
v -1.741643 7.391025 2.301991
v -1.971363 4.673267 2.351864
v 0.893170 4.673267 2.351865
v -5.499663 4.678963 2.351864
v -2.654282 4.678964 2.351864
v 0.893170 7.222122 2.351865
v 0.881514 7.276231 2.351865
v 0.849551 7.322353 2.351865
v 0.799770 7.358956 2.351865
v 0.737041 7.382455 2.351865
v 0.663449 7.391026 2.351865
v -1.959707 7.276231 2.351864
v -1.971363 7.222122 2.351864
v -1.927746 7.322353 2.351864
v -1.877964 7.358955 2.351864
v -1.815235 7.382455 2.351864
v -1.741643 7.391025 2.351864
v -2.805086 7.376970 2.351864
v -2.876864 7.385329 2.351864
v -2.744545 7.354290 2.351864
v -2.696498 7.318963 2.351864
v -2.665650 7.274449 2.351864
v -2.654282 7.221673 2.351864
v -5.277023 7.385328 2.351863
v -5.348823 7.376969 2.351864
v -5.409381 7.354287 2.351864
v -5.457439 7.318959 2.351864
v -5.488292 7.274446 2.351864
v -5.499663 7.221672 2.351864
v -5.558964 4.635363 2.351863
v -2.594981 4.635363 2.351864
v -2.786533 7.418954 2.351864
v -2.872198 7.428930 2.351864
v -2.709255 7.390003 2.351864
v -2.647925 7.344910 2.351864
v -2.608549 7.288091 2.351864
v -2.594982 7.225105 2.351864
v -5.281689 7.428929 2.351863
v -5.367373 7.418953 2.351864
v -5.444668 7.390002 2.351864
v -5.506008 7.344910 2.351864
v -5.545392 7.288090 2.351863
v -5.558964 7.225104 2.351863
v -2.022916 4.635363 2.351864
v 0.944722 4.635363 2.351865
v 0.944722 7.225105 2.351865
v 0.931155 7.288091 2.351865
v 0.891779 7.344911 2.351865
v 0.830449 7.390003 2.351865
v 0.753171 7.418954 2.351865
v 0.667506 7.428930 2.351865
v -2.009348 7.288091 2.351864
v -2.022916 7.225105 2.351864
v -1.969973 7.344910 2.351864
v -1.908644 7.390003 2.351864
v -1.831365 7.418954 2.351864
v -1.745700 7.428930 2.351864
v -1.975043 4.670560 -3.509157
v 0.896852 4.670561 -3.509157
v -5.497575 4.680498 -3.509158
v -2.656366 4.680498 -3.509158
v 0.896852 7.222335 -3.509157
v 0.885060 7.277079 -3.509157
v 0.852569 7.323964 -3.509157
v 0.801962 7.361172 -3.509157
v 0.738194 7.385062 -3.509157
v 0.663739 7.393733 -3.509157
v -1.963251 7.277078 -3.509157
v -1.975044 7.222335 -3.509157
v -1.930760 7.323964 -3.509157
v -1.880154 7.361172 -3.509157
v -1.816386 7.385062 -3.509157
v -1.741932 7.393732 -3.509157
v -2.805738 7.375493 -3.509157
v -2.877028 7.383794 -3.509157
v -2.745786 7.353033 -3.509157
v -2.698207 7.318050 -3.509157
v -2.667659 7.273969 -3.509158
v -2.656367 7.221553 -3.509158
v -5.276858 7.383794 -3.509158
v -5.348169 7.375492 -3.509158
v -5.408138 7.353030 -3.509158
v -5.455729 7.318046 -3.509158
v -5.486283 7.273966 -3.509158
v -5.497576 7.221551 -3.509158
v -2.022915 4.635363 -3.509157
v 0.944724 4.635363 -3.509157
v 0.944724 7.225105 -3.509157
v 0.931155 7.288091 -3.509157
v 0.891780 7.344911 -3.509157
v 0.830451 7.390003 -3.509156
v 0.753172 7.418954 -3.509157
v 0.667507 7.428930 -3.509157
v -2.009348 7.288091 -3.509157
v -2.022916 7.225105 -3.509157
v -1.969972 7.344910 -3.509157
v -1.908643 7.390003 -3.509157
v -1.831364 7.418954 -3.509157
v -1.745699 7.428930 -3.509157
v -5.558962 4.635363 -3.509158
v -2.594980 4.635363 -3.509158
v -2.786532 7.418954 -3.509157
v -2.872197 7.428930 -3.509157
v -2.709253 7.390003 -3.509157
v -2.647924 7.344910 -3.509158
v -2.608549 7.288091 -3.509158
v -2.594981 7.225105 -3.509158
v -5.281689 7.428929 -3.509158
v -5.367372 7.418953 -3.509158
v -5.444667 7.390002 -3.509158
v -5.506008 7.344910 -3.509158
v -5.545392 7.288090 -3.509158
v -5.558963 7.225104 -3.509158
v 4.874347 4.560034 2.301993
v 4.874347 4.635364 2.301993
v 4.874347 1.355751 2.301993
v 1.934469 1.355750 2.301992
v 1.934468 4.560034 2.301992
v 4.874346 7.221042 2.301993
v 4.863383 7.271937 2.301993
v 4.834106 7.314183 2.301993
v 4.788507 7.347711 2.301993
v 4.731050 7.369236 2.301993
v 4.661828 7.377297 2.301993
v 1.945432 7.271936 2.301992
v 1.934468 7.221041 2.301992
v 1.974710 7.314183 2.301992
v 2.020308 7.347710 2.301992
v 2.077766 7.369236 2.301993
v 2.146987 7.377296 2.301993
v 1.934468 4.635364 2.301992
v 4.872676 4.560034 -3.460133
v 4.872676 4.635364 -3.460133
v 4.872677 1.356979 -3.460133
v 1.936141 1.356978 -3.460133
v 1.936141 4.560034 -3.460133
v 4.872676 7.220945 -3.460133
v 4.861774 7.271553 -3.460133
v 4.832739 7.313452 -3.460133
v 4.787514 7.346704 -3.460133
v 4.730527 7.368053 -3.460133
v 4.661698 7.376069 -3.460133
v 1.947043 7.271552 -3.460133
v 1.936141 7.220944 -3.460133
v 1.976079 7.313451 -3.460133
v 2.021304 7.346704 -3.460133
v 2.078292 7.368053 -3.460133
v 2.147120 7.376068 -3.460133
v 1.936141 4.635364 -3.460133
v 4.872677 4.560034 -3.503404
v 4.872676 4.635364 -3.503404
v 4.872677 1.356979 -3.503404
v 1.936141 1.356978 -3.503405
v 1.936141 4.560034 -3.503405
v 4.872676 7.220945 -3.503404
v 4.861774 7.271553 -3.503404
v 4.832739 7.313452 -3.503404
v 4.787514 7.346704 -3.503404
v 4.730527 7.368053 -3.503404
v 4.661698 7.376069 -3.503404
v 1.947043 7.271552 -3.503405
v 1.936141 7.220944 -3.503405
v 1.976079 7.313451 -3.503405
v 2.021304 7.346704 -3.503405
v 2.078292 7.368053 -3.503405
v 2.147120 7.376068 -3.503405
v 1.936141 4.635364 -3.503405
v 4.944572 4.560034 -3.503404
v 4.944572 4.635364 -3.503404
v 4.944573 1.304117 -3.503404
v 1.864245 1.304116 -3.503405
v 1.864245 4.560034 -3.503405
v 4.944572 7.225106 -3.503404
v 4.931005 7.288091 -3.503404
v 4.891629 7.344911 -3.503404
v 4.830300 7.390004 -3.503404
v 4.753021 7.418955 -3.503404
v 4.667356 7.428931 -3.503404
v 1.877812 7.288091 -3.503405
v 1.864245 7.225105 -3.503405
v 1.917189 7.344911 -3.503405
v 1.978518 7.390003 -3.503405
v 2.055797 7.418954 -3.503405
v 2.141461 7.428930 -3.503405
v 1.864245 4.635364 -3.503405
v 4.874347 4.560034 2.353632
v 4.874347 4.635364 2.353632
v 4.874347 1.355751 2.353632
v 1.934469 1.355750 2.353631
v 1.934468 4.560034 2.353631
v 4.874346 7.221042 2.353632
v 4.863383 7.271937 2.353632
v 4.834106 7.314183 2.353632
v 4.788507 7.347711 2.353632
v 4.731050 7.369236 2.353632
v 4.661828 7.377297 2.353632
v 1.945432 7.271936 2.353631
v 1.934468 7.221041 2.353631
v 1.974710 7.314183 2.353631
v 2.020308 7.347710 2.353631
v 2.077766 7.369236 2.353631
v 2.146987 7.377296 2.353631
v 1.934468 4.635364 2.353631
v 4.944571 4.560034 2.353632
v 4.944571 4.635364 2.353632
v 4.944571 1.304117 2.353632
v 1.864244 1.304116 2.353631
v 1.864244 4.560034 2.353631
v 4.944571 7.225106 2.353632
v 4.931004 7.288091 2.353632
v 4.891628 7.344911 2.353632
v 4.830298 7.390004 2.353632
v 4.753020 7.418955 2.353632
v 4.667356 7.428931 2.353632
v 1.877812 7.288091 2.353631
v 1.864244 7.225105 2.353631
v 1.917188 7.344911 2.353631
v 1.978517 7.390003 2.353631
v 2.055796 7.418954 2.353631
v 2.141459 7.428930 2.353631
v 1.864244 4.635364 2.353631
v -8.260143 3.527699 -0.391654
v -8.260143 3.573803 -0.387113
v -8.260143 3.483367 -0.405102
v -8.260143 3.442510 -0.426941
v -8.260143 3.406698 -0.456330
v -8.260143 3.377308 -0.492142
v -8.260143 3.355470 -0.532999
v -8.260143 3.342022 -0.577332
v -8.260144 3.337481 -0.623436
v -8.260144 3.342022 -0.669540
v -8.260144 3.355470 -0.713872
v -8.260144 3.377308 -0.754730
v -8.260144 3.406698 -0.790541
v -8.260144 3.442510 -0.819931
v -8.260144 3.483367 -0.841769
v -8.260144 3.527699 -0.855217
v -8.260144 3.573803 -0.859758
v -8.260144 3.619908 -0.855217
v -8.260144 3.664240 -0.841769
v -8.260144 3.705097 -0.819931
v -8.260144 3.740909 -0.790541
v -8.260144 3.770299 -0.754730
v -8.260144 3.792137 -0.713872
v -8.260144 3.805585 -0.669540
v -8.260144 3.810126 -0.623436
v -8.260143 3.805585 -0.577332
v -8.260143 3.792137 -0.532999
v -8.260143 3.770299 -0.492142
v -8.260143 3.740909 -0.456330
v -8.260143 3.705097 -0.426941
v -8.260143 3.664240 -0.405102
v -8.260143 3.619908 -0.391654
v -7.816694 3.573805 -0.086381
v -7.816694 3.469032 -0.096700
v -7.816694 3.368285 -0.127261
v -7.816694 3.275436 -0.176890
v -7.816694 3.194053 -0.243680
v -7.816694 3.127264 -0.325062
v -7.816694 3.077635 -0.417911
v -7.816694 3.047074 -0.518658
v -7.816694 3.036754 -0.623432
v -7.816694 3.047074 -0.728205
v -7.816694 3.077635 -0.828952
v -7.816694 3.127264 -0.921802
v -7.816694 3.194053 -1.003184
v -7.816694 3.275436 -1.069973
v -7.816694 3.368285 -1.119602
v -7.816694 3.469032 -1.150164
v -7.816694 3.573805 -1.160483
v -7.816694 3.678579 -1.150164
v -7.816694 3.779326 -1.119602
v -7.816694 3.872175 -1.069973
v -7.816694 3.953558 -1.003184
v -7.816694 4.020347 -0.921802
v -7.816694 4.069976 -0.828952
v -7.816694 4.100537 -0.728205
v -7.816694 4.110857 -0.623432
v -7.816694 4.100537 -0.518658
v -7.816694 4.069976 -0.417911
v -7.816694 4.020347 -0.325062
v -7.816694 3.953558 -0.243680
v -7.816694 3.872175 -0.176890
v -7.816694 3.779326 -0.127261
v -7.816694 3.678579 -0.096700
v -8.260143 3.527701 -0.391650
v -8.260143 3.573805 -0.387109
v -8.260143 3.483369 -0.405098
v -8.260143 3.442512 -0.426937
v -8.260143 3.406700 -0.456326
v -8.260143 3.377310 -0.492138
v -8.260144 3.355472 -0.532995
v -8.260144 3.342024 -0.577327
v -8.260144 3.337483 -0.623432
v -8.260144 3.342024 -0.669536
v -8.260144 3.355472 -0.713869
v -8.260144 3.377310 -0.754726
v -8.260144 3.406700 -0.790537
v -8.260144 3.442512 -0.819927
v -8.260144 3.483369 -0.841765
v -8.260144 3.527701 -0.855214
v -8.260144 3.573805 -0.859754
v -8.260144 3.619910 -0.855214
v -8.260144 3.664242 -0.841765
v -8.260144 3.705099 -0.819927
v -8.260144 3.740911 -0.790537
v -8.260144 3.770301 -0.754726
v -8.260144 3.792139 -0.713869
v -8.260144 3.805587 -0.669536
v -8.260144 3.810128 -0.623432
v -8.260144 3.805587 -0.577327
v -8.260143 3.792139 -0.532995
v -8.260143 3.770301 -0.492138
v -8.260143 3.740911 -0.456326
v -8.260143 3.705099 -0.426937
v -8.260143 3.664242 -0.405098
v -8.260143 3.619910 -0.391650
v -7.927556 4.064701 -0.420096
v -7.927556 3.278608 -1.065226
v -7.927556 4.015600 -0.328234
v -7.927556 3.370470 -1.114327
v -7.927556 3.470146 -0.102300
v -7.927556 3.949520 -0.247717
v -7.927556 3.470146 -1.144564
v -7.927556 3.370470 -0.132536
v -7.927556 3.869003 -0.181638
v -7.927556 3.573805 -1.154773
v -7.927556 3.278608 -0.181638
v -7.927556 3.777141 -0.132536
v -7.927556 3.677465 -1.144564
v -7.927556 3.198091 -0.247717
v -7.927556 3.677465 -0.102300
v -7.927556 3.777141 -1.114327
v -7.927556 3.132011 -0.328234
v -7.927556 3.869003 -1.065226
v -7.927556 3.082910 -0.420096
v -7.927556 3.949520 -0.999147
v -7.927556 3.052674 -0.519773
v -7.927556 4.015600 -0.918629
v -7.927556 3.042464 -0.623432
v -7.927556 4.064701 -0.826767
v -7.927556 3.052674 -0.727092
v -7.927556 4.094937 -0.727092
v -7.927556 3.082910 -0.826767
v -7.927556 4.105147 -0.623432
v -7.927556 3.132011 -0.918629
v -7.927556 4.094937 -0.519773
v -7.927556 3.198091 -0.999147
v -7.927556 3.573805 -0.092090
v -8.170466 3.938551 -0.550879
v -8.128065 3.985482 -0.541544
v -8.170466 3.310838 -0.886399
v -8.128065 3.277003 -0.920234
v -8.170466 3.573805 -0.251540
v -8.128065 3.573805 -0.203690
v -8.128065 3.961596 -0.462804
v -8.170466 3.917388 -0.481115
v -8.128065 3.340609 -0.972434
v -8.170466 3.367194 -0.932648
v -8.128065 3.922808 -0.390236
v -8.170466 3.883022 -0.416820
v -8.128065 3.413177 -1.011223
v -8.170466 3.431489 -0.967015
v -8.128065 3.491918 -0.211755
v -8.170466 3.501253 -0.258686
v -8.128065 3.870608 -0.326629
v -8.170466 3.836772 -0.360465
v -8.128065 3.491918 -1.035109
v -8.170466 3.501253 -0.988178
v -8.128065 3.413177 -0.235641
v -8.170466 3.431489 -0.279849
v -8.128065 3.807002 -0.274429
v -8.170466 3.780417 -0.314215
v -8.128065 3.573805 -1.043174
v -8.170466 3.573805 -0.995323
v -8.128065 3.340609 -0.274429
v -8.170466 3.367194 -0.314215
v -8.128065 3.734434 -0.235641
v -8.170466 3.716122 -0.279849
v -8.128065 3.655693 -1.035109
v -8.170466 3.646358 -0.988178
v -8.128065 3.277003 -0.326629
v -8.170466 3.310838 -0.360465
v -8.128065 3.655693 -0.211755
v -8.170466 3.646358 -0.258686
v -8.128065 3.734434 -1.011223
v -8.170466 3.716122 -0.967015
v -8.128065 3.224803 -0.390236
v -8.170466 3.264589 -0.416820
v -8.128065 3.807002 -0.972434
v -8.170466 3.780417 -0.932648
v -8.128065 3.186015 -0.462804
v -8.170466 3.230223 -0.481115
v -8.128065 3.870608 -0.920234
v -8.170466 3.836772 -0.886399
v -8.128065 3.162129 -0.541544
v -8.170466 3.209060 -0.550879
v -8.128065 3.922808 -0.856628
v -8.170466 3.883022 -0.830044
v -8.128065 3.154063 -0.623432
v -8.170466 3.201914 -0.623432
v -8.128065 3.961596 -0.784060
v -8.170466 3.917388 -0.765749
v -8.128065 3.162129 -0.705319
v -8.170466 3.209060 -0.695984
v -8.128065 3.985482 -0.705319
v -8.170466 3.938551 -0.695984
v -8.128065 3.186015 -0.784060
v -8.170466 3.230223 -0.765749
v -8.128065 3.993547 -0.623432
v -8.170466 3.945697 -0.623432
v -8.128065 3.224803 -0.856628
v -8.170466 3.264589 -0.830044
v -8.067284 4.029943 -0.532701
v -8.009542 4.062486 -0.526227
v -8.009542 4.034132 -0.432758
v -8.067284 4.003477 -0.445456
v -8.067284 3.244949 -0.952288
v -8.009542 3.221487 -0.975751
v -8.009543 3.296990 -1.037715
v -8.067284 3.315425 -1.010126
v -8.009542 3.988089 -0.346617
v -8.067283 3.960500 -0.365051
v -8.009543 3.383132 -1.083759
v -8.067284 3.395830 -1.053103
v -8.067283 3.573805 -0.158359
v -8.009542 3.573805 -0.125178
v -8.009542 3.476601 -0.134751
v -8.067283 3.483074 -0.167295
v -8.009542 3.926124 -0.271113
v -8.067283 3.902662 -0.294575
v -8.009543 3.476601 -1.112112
v -8.067284 3.483074 -1.079568
v -8.009542 3.383132 -0.163105
v -8.067283 3.395830 -0.193760
v -8.009542 3.850621 -0.209149
v -8.067283 3.832186 -0.236738
v -8.009543 3.573805 -1.121686
v -8.067284 3.573805 -1.088505
v -8.009542 3.296990 -0.209149
v -8.067283 3.315425 -0.236738
v -8.009542 3.764479 -0.163105
v -8.067283 3.751781 -0.193760
v -8.009543 3.671010 -1.112112
v -8.067284 3.664537 -1.079568
v -8.009542 3.221487 -0.271113
v -8.067284 3.244949 -0.294575
v -8.009542 3.671010 -0.134751
v -8.067283 3.664537 -0.167295
v -8.009542 3.764479 -1.083759
v -8.067284 3.751781 -1.053103
v -8.009542 3.159522 -0.346617
v -8.067284 3.187111 -0.365051
v -8.009542 3.850621 -1.037715
v -8.067284 3.832186 -1.010126
v -8.009542 3.113479 -0.432758
v -8.067284 3.144134 -0.445456
v -8.009542 3.926124 -0.975751
v -8.067284 3.902662 -0.952288
v -8.009542 3.085125 -0.526227
v -8.067284 3.117669 -0.532701
v -8.009542 3.988089 -0.900247
v -8.067284 3.960500 -0.881813
v -8.009542 3.075551 -0.623432
v -8.067284 3.108732 -0.623432
v -8.009542 4.034132 -0.814106
v -8.067284 4.003477 -0.801408
v -8.009542 3.085125 -0.720636
v -8.067284 3.117669 -0.714163
v -8.009542 4.062486 -0.720636
v -8.067284 4.029943 -0.714163
v -8.009542 3.113479 -0.814106
v -8.067284 3.144134 -0.801408
v -8.009542 4.072060 -0.623432
v -8.067284 4.038878 -0.623432
v -8.009542 3.159522 -0.900247
v -8.067284 3.187111 -0.881813
vn 0.5473 0.6959 0.4650
vn 0.6735 0.6146 0.4107
vn 0.6735 0.6829 0.2829
vn 0.5473 0.7732 0.3203
vn 0.2137 -0.3738 -0.9025
vn 0.4356 -0.3445 -0.8316
vn 0.4356 -0.5001 -0.7484
vn 0.2137 -0.5427 -0.8123
vn 0.2137 0.6908 0.6908
vn 0.4356 0.6365 0.6365
vn 0.4356 0.7484 0.5001
vn 0.2137 0.8123 0.5427
vn 0.2137 -0.1906 -0.9581
vn 0.4356 -0.1756 -0.8828
vn 0.2137 -0.3738 0.9025
vn 0.4356 -0.3445 0.8316
vn 0.4356 -0.1756 0.8828
vn 0.2137 -0.1906 0.9581
vn 0.4356 -0.0000 0.9001
vn 0.2137 -0.0000 0.9769
vn 0.2137 0.5427 0.8123
vn 0.4356 0.5001 0.7484
vn 0.2137 -0.0000 -0.9769
vn 0.4356 -0.0000 -0.9001
vn 0.2137 -0.5427 0.8123
vn 0.4356 -0.5001 0.7484
vn 0.2137 0.3738 0.9025
vn 0.4356 0.3445 0.8316
vn 0.2137 0.1906 -0.9581
vn 0.4356 0.1756 -0.8828
vn 0.2137 -0.6908 0.6908
vn 0.4356 -0.6365 0.6365
vn 0.2137 0.1906 0.9581
vn 0.4356 0.1756 0.8828
vn 0.2137 0.3738 -0.9025
vn 0.4356 0.3445 -0.8316
vn 0.2137 -0.8123 0.5427
vn 0.4356 -0.7484 0.5001
vn 0.2137 0.5427 -0.8123
vn 0.4356 0.5001 -0.7484
vn 0.2137 -0.9025 0.3738
vn 0.4356 -0.8316 0.3445
vn 0.2137 0.6908 -0.6908
vn 0.4356 0.6365 -0.6365
vn 0.2137 -0.9581 0.1906
vn 0.4356 -0.8828 0.1756
vn 0.2137 0.8123 -0.5427
vn 0.4356 0.7484 -0.5001
vn 0.2137 -0.9769 -0.0000
vn 0.4356 -0.9001 -0.0000
vn 0.2137 0.9025 -0.3738
vn 0.4356 0.8316 -0.3445
vn 0.2137 -0.9581 -0.1906
vn 0.4356 -0.8828 -0.1756
vn 0.2137 0.9581 -0.1906
vn 0.4356 0.8828 -0.1756
vn 0.2137 -0.9025 -0.3738
vn 0.4356 -0.8316 -0.3445
vn 0.2137 0.9769 -0.0000
vn 0.4356 0.9001 -0.0000
vn 0.2137 -0.8123 -0.5427
vn 0.4356 -0.7484 -0.5001
vn 0.2137 0.9581 0.1906
vn 0.4356 0.8828 0.1756
vn 0.2137 -0.6908 -0.6908
vn 0.4356 -0.6365 -0.6365
vn 0.5473 -0.5918 -0.5918
vn 0.6735 -0.5227 -0.5227
vn 0.6735 -0.6146 -0.4107
vn 0.5473 -0.6959 -0.4650
vn 0.5473 0.8208 0.1633
vn 0.6735 0.7250 0.1442
vn 0.6735 0.7392 -0.0000
vn 0.5473 0.8369 -0.0000
vn 0.6735 -0.6829 -0.2829
vn 0.5473 -0.7732 -0.3203
vn 0.6735 0.7250 -0.1442
vn 0.5473 0.8208 -0.1633
vn 0.6735 -0.7250 -0.1442
vn 0.5473 -0.8208 -0.1633
vn 0.6735 0.6829 -0.2829
vn 0.5473 0.7732 -0.3203
vn 0.6735 -0.7392 -0.0000
vn 0.5473 -0.8369 -0.0000
vn 0.6735 0.6146 -0.4107
vn 0.5473 0.6959 -0.4650
vn 0.6735 -0.7250 0.1442
vn 0.5473 -0.8208 0.1633
vn 0.6735 0.5227 -0.5227
vn 0.5473 0.5918 -0.5918
vn 0.6735 -0.6829 0.2829
vn 0.5473 -0.7732 0.3203
vn 0.6735 0.4107 -0.6146
vn 0.5473 0.4650 -0.6959
vn 0.6735 -0.6146 0.4107
vn 0.5473 -0.6959 0.4650
vn 0.6735 0.2829 -0.6829
vn 0.5473 0.3203 -0.7732
vn 0.5473 -0.0000 0.8369
vn 0.6735 -0.0000 0.7392
vn 0.6735 0.1442 0.7250
vn 0.5473 0.1633 0.8208
vn 0.6735 -0.5227 0.5227
vn 0.5473 -0.5918 0.5918
vn 0.6735 0.1442 -0.7250
vn 0.5473 0.1633 -0.8208
vn 0.6735 0.2829 0.6829
vn 0.5473 0.3203 0.7732
vn 0.6735 -0.4107 0.6146
vn 0.5473 -0.4650 0.6959
vn 0.6735 -0.0000 -0.7392
vn 0.5473 -0.0000 -0.8369
vn 0.6735 0.4107 0.6146
vn 0.5473 0.4650 0.6959
vn 0.6735 -0.2829 0.6829
vn 0.5473 -0.3203 0.7732
vn 0.6735 -0.1442 -0.7250
vn 0.5473 -0.1633 -0.8208
vn 0.6735 0.5227 0.5227
vn 0.5473 0.5918 0.5918
vn 0.6735 -0.1442 0.7250
vn 0.5473 -0.1633 0.8208
vn 0.6735 -0.2829 -0.6829
vn 0.5473 -0.3203 -0.7732
vn 0.6735 -0.4107 -0.6146
vn 0.5473 -0.4650 -0.6959
vn 0.7911 -0.0000 0.6117
vn 0.8340 -0.0000 0.5517
vn 0.8340 0.1076 0.5411
vn 0.7911 0.1193 0.6000
vn 0.7911 -0.4325 -0.4325
vn 0.8340 -0.3901 -0.3901
vn 0.8340 -0.4587 -0.3065
vn 0.7911 -0.5086 -0.3399
vn 0.8340 -0.5097 -0.2111
vn 0.7911 -0.5651 -0.2341
vn 0.7911 0.6117 -0.0000
vn 0.8340 0.5517 -0.0000
vn 0.8340 0.5411 -0.1076
vn 0.7911 0.6000 -0.1193
vn 0.8340 -0.5411 -0.1076
vn 0.7911 -0.6000 -0.1193
vn 0.8340 0.5097 -0.2111
vn 0.7911 0.5651 -0.2341
vn 0.8340 -0.5517 -0.0000
vn 0.7911 -0.6117 -0.0000
vn 0.8340 0.4587 -0.3065
vn 0.7911 0.5086 -0.3399
vn 0.8340 -0.5411 0.1076
vn 0.7911 -0.6000 0.1193
vn 0.8340 0.3901 -0.3901
vn 0.7911 0.4325 -0.4325
vn 0.8340 -0.5097 0.2111
vn 0.7911 -0.5651 0.2341
vn 0.8340 0.3065 -0.4587
vn 0.7911 0.3398 -0.5086
vn 0.8340 -0.4587 0.3065
vn 0.7911 -0.5086 0.3399
vn 0.8340 0.2111 -0.5097
vn 0.7911 0.2341 -0.5651
vn 0.4356 0.8316 0.3445
vn 0.2137 0.9025 0.3738
vn 0.8340 -0.3901 0.3901
vn 0.7911 -0.4325 0.4325
vn 0.8340 0.1076 -0.5411
vn 0.7911 0.1193 -0.6000
vn 0.8340 0.2111 0.5097
vn 0.7911 0.2341 0.5651
vn 0.8340 -0.3065 0.4587
vn 0.7911 -0.3398 0.5086
vn 0.8340 -0.0000 -0.5517
vn 0.7911 -0.0000 -0.6117
vn 0.8340 0.3065 0.4587
vn 0.7911 0.3398 0.5086
vn 0.8340 -0.2111 0.5097
vn 0.7911 -0.2341 0.5651
vn 0.8340 -0.1076 -0.5411
vn 0.7911 -0.1193 -0.6000
vn 0.8340 0.3901 0.3901
vn 0.7911 0.4325 0.4325
vn 0.8340 -0.1076 0.5411
vn 0.7911 -0.1193 0.5999
vn 0.8340 -0.2111 -0.5097
vn 0.7911 -0.2341 -0.5651
vn 0.8340 0.4587 0.3065
vn 0.7911 0.5086 0.3399
vn 0.8340 -0.3065 -0.4587
vn 0.7911 -0.3398 -0.5086
vn 0.8340 0.5097 0.2111
vn 0.7911 0.5651 0.2341
vn 0.8340 0.5411 0.1076
vn 0.7911 0.6000 0.1193
vn 0.0514 0.9227 0.3822
vn 0.0514 0.9795 0.1948
vn 0.0514 -0.5548 -0.8304
vn 0.0514 -0.7062 -0.7062
vn 0.0514 0.8304 0.5548
vn 0.0514 -0.3822 -0.9227
vn 0.0514 -0.1948 0.9795
vn 0.0514 -0.0000 0.9987
vn 0.0514 0.7062 0.7062
vn 0.0514 -0.1948 -0.9795
vn 0.0514 -0.3822 0.9227
vn 0.0514 0.5548 0.8304
vn 0.0514 -0.0000 -0.9987
vn 0.0514 -0.5548 0.8304
vn 0.0514 0.3822 0.9227
vn 0.0514 0.1948 -0.9795
vn 0.0514 -0.7062 0.7062
vn 0.0514 0.1948 0.9795
vn 0.0514 0.3822 -0.9227
vn 0.0514 -0.8304 0.5548
vn 0.0514 0.5548 -0.8304
vn 0.0514 -0.9227 0.3822
vn 0.0514 0.7062 -0.7062
vn 0.0514 -0.9795 0.1948
vn 0.0514 0.8304 -0.5548
vn 0.0514 -0.9987 -0.0000
vn 0.0514 0.9227 -0.3822
vn 0.0514 -0.9795 -0.1948
vn 0.0514 0.9795 -0.1948
vn 0.0514 -0.9227 -0.3822
vn 0.0514 0.9987 -0.0000
vn 0.0514 -0.8304 -0.5548
vn 1.0000 -0.0000 -0.0000
vn 1.0000 -0.0000 -0.0001
vn 1.0000 -0.0000 0.0002
vn 1.0000 -0.0000 0.0001
vn 1.0000 -0.0000 -0.0002
vn -0.0000 -0.0000 -1.0000
vn -0.0000 -0.0000 1.0000
vn -0.0000 0.0001 -1.0000
vn -0.0000 -0.0001 -1.0000
vn -1.0000 -0.0000 -0.0000
vn -0.0000 0.9888 0.1490
vn -0.0000 -0.8220 -0.5695
vn -0.0000 -0.6060 -0.7955
vn -0.0000 0.8999 0.4362
vn -0.0000 -0.3225 -0.9466
vn -0.0000 0.7245 0.6892
vn -0.0000 -0.0824 -0.9966
vn -0.0000 0.4721 0.8815
vn -0.0000 -0.9552 0.2959
vn -0.0000 -0.9972 0.0747
vn -0.0000 0.1642 0.9864
vn -0.0000 -0.8220 0.5695
vn -0.0000 0.9888 -0.1490
vn -0.0000 -0.6060 0.7955
vn -0.0000 0.8999 -0.4362
vn -0.0000 -0.3225 0.9466
vn -0.0000 -0.9552 -0.2959
vn -0.0000 -0.9972 -0.0747
vn -0.0000 1.0000 -0.0000
vn -0.0000 -1.0000 -0.0000
vn -0.0000 -0.0824 0.9966
vn -0.0000 0.1642 -0.9864
vn -0.0000 0.4721 -0.8815
vn -0.0000 0.7245 -0.6892
vn -0.0000 0.7245 0.6893
vn 0.9776 0.2106 -0.0000
vn 0.9175 -0.3978 -0.0000
vn 0.9944 -0.1059 -0.0000
vn -0.9776 0.2106 -0.0000
vn -0.7169 -0.6971 -0.0000
vn -0.4761 -0.8794 -0.0000
vn 0.8219 0.5696 -0.0000
vn 0.7169 -0.6972 -0.0000
vn 0.1157 0.9933 -0.0000
vn -0.9175 -0.3978 -0.0000
vn 0.5924 0.8057 -0.0000
vn 0.4760 -0.8794 -0.0000
vn 0.3508 0.9364 -0.0000
vn -0.9944 -0.1059 -0.0000
vn 0.2349 -0.9720 -0.0000
vn 0.0579 -0.9983 -0.0000
vn -0.2350 -0.9720 -0.0000
vn -0.0579 -0.9983 -0.0000
vn 0.4761 -0.8794 -0.0000
vn 0.2350 -0.9720 -0.0000
vn 0.7169 -0.6971 -0.0000
vn -0.1156 0.9933 -0.0000
vn -0.3508 0.9365 -0.0000
vn -0.5923 0.8057 -0.0000
vn -0.8219 0.5696 -0.0000
vn -0.8219 0.5697 -0.0000
vn -0.5924 0.8057 -0.0000
vn -0.3508 0.9364 -0.0000
vn -0.1157 0.9933 -0.0000
vn -1.0000 -0.0001 -0.0000
vn -0.5473 0.6959 0.4650
vn -0.5473 0.7732 0.3203
vn -0.6735 0.6829 0.2829
vn -0.6735 0.6146 0.4107
vn -0.2137 -0.3738 -0.9025
vn -0.2137 -0.5427 -0.8123
vn -0.4356 -0.5001 -0.7484
vn -0.4356 -0.3445 -0.8316
vn -0.2137 0.6908 0.6908
vn -0.2137 0.8123 0.5427
vn -0.4356 0.7484 0.5001
vn -0.4356 0.6365 0.6365
vn -0.2137 -0.1906 -0.9581
vn -0.4356 -0.1756 -0.8828
vn -0.2137 -0.3738 0.9025
vn -0.2137 -0.1906 0.9581
vn -0.4356 -0.1756 0.8828
vn -0.4356 -0.3445 0.8316
vn -0.2137 -0.0000 0.9769
vn -0.4356 -0.0000 0.9001
vn -0.2137 0.5427 0.8123
vn -0.4356 0.5001 0.7484
vn -0.2137 -0.0000 -0.9769
vn -0.4356 -0.0000 -0.9001
vn -0.2137 -0.5427 0.8123
vn -0.4356 -0.5001 0.7484
vn -0.2137 0.3738 0.9025
vn -0.4356 0.3445 0.8316
vn -0.2137 0.1906 -0.9581
vn -0.4356 0.1756 -0.8828
vn -0.2137 -0.6908 0.6908
vn -0.4356 -0.6365 0.6365
vn -0.2137 0.1906 0.9581
vn -0.4356 0.1756 0.8828
vn -0.2137 0.3738 -0.9025
vn -0.4356 0.3445 -0.8316
vn -0.2137 -0.8123 0.5427
vn -0.4356 -0.7484 0.5001
vn -0.2137 0.5427 -0.8123
vn -0.4356 0.5001 -0.7484
vn -0.2137 -0.9025 0.3738
vn -0.4356 -0.8316 0.3445
vn -0.2137 0.6908 -0.6908
vn -0.4356 0.6365 -0.6365
vn -0.2137 -0.9581 0.1906
vn -0.4356 -0.8828 0.1756
vn -0.2137 0.8123 -0.5427
vn -0.4356 0.7484 -0.5001
vn -0.2137 -0.9769 -0.0000
vn -0.4356 -0.9001 -0.0000
vn -0.2137 0.9025 -0.3738
vn -0.4356 0.8316 -0.3445
vn -0.2137 -0.9581 -0.1906
vn -0.4356 -0.8828 -0.1756
vn -0.2137 0.9581 -0.1906
vn -0.4356 0.8828 -0.1756
vn -0.2137 -0.9025 -0.3738
vn -0.4356 -0.8316 -0.3445
vn -0.2137 0.9769 -0.0000
vn -0.4356 0.9001 -0.0000
vn -0.2137 -0.8123 -0.5427
vn -0.4356 -0.7484 -0.5001
vn -0.2137 0.9581 0.1906
vn -0.4356 0.8828 0.1756
vn -0.2137 -0.6908 -0.6908
vn -0.4356 -0.6365 -0.6365
vn -0.5473 -0.5918 -0.5918
vn -0.5473 -0.6959 -0.4650
vn -0.6735 -0.6146 -0.4107
vn -0.6735 -0.5227 -0.5227
vn -0.5473 0.8208 0.1633
vn -0.5473 0.8369 -0.0000
vn -0.6735 0.7392 -0.0000
vn -0.6735 0.7250 0.1442
vn -0.5473 -0.7732 -0.3203
vn -0.6735 -0.6829 -0.2829
vn -0.5473 0.8208 -0.1633
vn -0.6735 0.7250 -0.1442
vn -0.5473 -0.8208 -0.1633
vn -0.6735 -0.7250 -0.1442
vn -0.5473 0.7732 -0.3203
vn -0.6735 0.6829 -0.2829
vn -0.5473 -0.8369 -0.0000
vn -0.6735 -0.7392 -0.0000
vn -0.5473 0.6959 -0.4650
vn -0.6735 0.6146 -0.4107
vn -0.5473 -0.8208 0.1633
vn -0.6735 -0.7250 0.1442
vn -0.5473 0.5918 -0.5918
vn -0.6735 0.5227 -0.5227
vn -0.5473 -0.7732 0.3203
vn -0.6735 -0.6829 0.2829
vn -0.5473 0.4650 -0.6959
vn -0.6735 0.4107 -0.6146
vn -0.5473 -0.6959 0.4650
vn -0.6735 -0.6146 0.4107
vn -0.5473 0.3203 -0.7732
vn -0.6735 0.2829 -0.6829
vn -0.5473 -0.0000 0.8369
vn -0.5473 0.1633 0.8208
vn -0.6735 0.1442 0.7250
vn -0.6735 -0.0000 0.7392
vn -0.5473 -0.5918 0.5918
vn -0.6735 -0.5227 0.5227
vn -0.5473 0.1633 -0.8208
vn -0.6735 0.1442 -0.7250
vn -0.5473 0.3203 0.7732
vn -0.6735 0.2829 0.6829
vn -0.5473 -0.4650 0.6959
vn -0.6735 -0.4107 0.6146
vn -0.5473 -0.0000 -0.8369
vn -0.6735 -0.0000 -0.7392
vn -0.5473 0.4650 0.6959
vn -0.6735 0.4107 0.6146
vn -0.5473 -0.3203 0.7732
vn -0.6735 -0.2829 0.6829
vn -0.5473 -0.1633 -0.8208
vn -0.6735 -0.1442 -0.7250
vn -0.5473 0.5918 0.5918
vn -0.6735 0.5227 0.5227
vn -0.5473 -0.1633 0.8208
vn -0.6735 -0.1442 0.7250
vn -0.5473 -0.3203 -0.7732
vn -0.6735 -0.2829 -0.6829
vn -0.5473 -0.4650 -0.6959
vn -0.6735 -0.4107 -0.6146
vn -0.7911 -0.0000 0.6117
vn -0.7911 0.1193 0.6000
vn -0.8340 0.1076 0.5411
vn -0.8340 -0.0000 0.5517
vn -0.7911 -0.4325 -0.4325
vn -0.7911 -0.5086 -0.3398
vn -0.8340 -0.4587 -0.3065
vn -0.8340 -0.3901 -0.3901
vn -0.7911 -0.5651 -0.2341
vn -0.8340 -0.5097 -0.2111
vn -0.7911 0.6117 -0.0000
vn -0.7911 0.6000 -0.1193
vn -0.8340 0.5411 -0.1076
vn -0.8340 0.5517 -0.0000
vn -0.7911 -0.6000 -0.1193
vn -0.8340 -0.5411 -0.1076
vn -0.7911 0.5651 -0.2341
vn -0.8340 0.5097 -0.2111
vn -0.7911 -0.6117 -0.0000
vn -0.8340 -0.5517 -0.0000
vn -0.7911 0.5086 -0.3398
vn -0.8340 0.4587 -0.3065
vn -0.7911 -0.6000 0.1193
vn -0.8340 -0.5411 0.1076
vn -0.7911 0.4325 -0.4325
vn -0.8340 0.3901 -0.3901
vn -0.7911 -0.5651 0.2341
vn -0.8340 -0.5097 0.2111
vn -0.7911 0.3398 -0.5086
vn -0.8340 0.3065 -0.4587
vn -0.7911 -0.5086 0.3398
vn -0.8340 -0.4587 0.3065
vn -0.7911 0.2341 -0.5651
vn -0.8340 0.2111 -0.5097
vn -0.2137 0.9025 0.3738
vn -0.4356 0.8316 0.3445
vn -0.7911 -0.4325 0.4325
vn -0.8340 -0.3901 0.3901
vn -0.7911 0.1193 -0.6000
vn -0.8340 0.1076 -0.5411
vn -0.7911 0.2341 0.5651
vn -0.8340 0.2111 0.5097
vn -0.7911 -0.3398 0.5086
vn -0.8340 -0.3065 0.4587
vn -0.7911 -0.0000 -0.6117
vn -0.8340 -0.0000 -0.5517
vn -0.7911 0.3398 0.5086
vn -0.8340 0.3065 0.4587
vn -0.7911 -0.2341 0.5651
vn -0.8340 -0.2111 0.5097
vn -0.7911 -0.1193 -0.6000
vn -0.8340 -0.1076 -0.5411
vn -0.7911 0.4325 0.4325
vn -0.8340 0.3901 0.3901
vn -0.7911 -0.1193 0.6000
vn -0.8340 -0.1076 0.5411
vn -0.7911 -0.2341 -0.5651
vn -0.8340 -0.2111 -0.5097
vn -0.7911 0.5086 0.3398
vn -0.8340 0.4587 0.3065
vn -0.7911 -0.3398 -0.5086
vn -0.8340 -0.3065 -0.4587
vn -0.7911 0.5651 0.2341
vn -0.8340 0.5097 0.2111
vn -0.7911 0.6000 0.1193
vn -0.8340 0.5411 0.1076
vn -0.0514 0.9227 0.3822
vn -0.0514 0.9795 0.1948
vn -0.0514 -0.5548 -0.8304
vn -0.0514 -0.7062 -0.7062
vn -0.0514 0.8304 0.5548
vn -0.0514 -0.3822 -0.9227
vn -0.0514 -0.1948 0.9795
vn -0.0514 -0.0000 0.9987
vn -0.0514 0.7062 0.7062
vn -0.0514 -0.1948 -0.9795
vn -0.0514 -0.3822 0.9227
vn -0.0514 0.5548 0.8304
vn -0.0514 -0.0000 -0.9987
vn -0.0514 -0.5548 0.8304
vn -0.0514 0.3822 0.9227
vn -0.0514 0.1948 -0.9795
vn -0.0514 -0.7062 0.7062
vn -0.0514 0.1948 0.9795
vn -0.0514 0.3822 -0.9227
vn -0.0514 -0.8304 0.5548
vn -0.0514 0.5548 -0.8304
vn -0.0514 -0.9227 0.3822
vn -0.0514 0.7062 -0.7062
vn -0.0514 -0.9795 0.1948
vn -0.0514 0.8304 -0.5548
vn -0.0514 -0.9987 -0.0000
vn -0.0514 0.9227 -0.3822
vn -0.0514 -0.9795 -0.1948
vn -0.0514 0.9795 -0.1948
vn -0.0514 -0.9227 -0.3822
vn -0.0514 0.9987 -0.0000
vn -0.0514 -0.8304 -0.5548
vt 0.927715 0.957613
vt 0.926648 0.957077
vt 0.927092 0.955909
vt 0.928245 0.956229
vt 0.915680 0.945072
vt 0.916519 0.946525
vt 0.915099 0.947558
vt 0.913985 0.946298
vt 0.929137 0.960541
vt 0.927841 0.959565
vt 0.928724 0.958104
vt 0.930193 0.958821
vt 0.917603 0.944215
vt 0.918131 0.945825
vt 0.918198 0.964284
vt 0.918612 0.962699
vt 0.920314 0.962996
vt 0.920210 0.964625
vt 0.922039 0.962928
vt 0.922250 0.964571
vt 0.927762 0.962042
vt 0.926663 0.960816
vt 0.919657 0.943758
vt 0.919840 0.945442
vt 0.916273 0.963582
vt 0.916997 0.962093
vt 0.926098 0.963238
vt 0.925265 0.961805
vt 0.921747 0.943741
vt 0.921586 0.945411
vt 0.914516 0.962505
vt 0.915528 0.961179
vt 0.924237 0.964097
vt 0.923712 0.962528
vt 0.923780 0.944139
vt 0.923296 0.945730
vt 0.913038 0.961073
vt 0.914275 0.959983
vt 0.925679 0.944922
vt 0.924901 0.946378
vt 0.911842 0.959400
vt 0.913282 0.958573
vt 0.927375 0.946051
vt 0.926346 0.947317
vt 0.911008 0.957525
vt 0.912587 0.957003
vt 0.928826 0.947473
vt 0.927560 0.948527
vt 0.910570 0.955534
vt 0.912200 0.955335
vt 0.929962 0.949148
vt 0.928525 0.949929
vt 0.910503 0.953515
vt 0.912130 0.953620
vt 0.930768 0.950997
vt 0.929208 0.951487
vt 0.910829 0.951520
vt 0.912419 0.951925
vt 0.931168 0.952968
vt 0.929566 0.953148
vt 0.911521 0.949604
vt 0.913019 0.950312
vt 0.931223 0.954970
vt 0.929612 0.954844
vt 0.912578 0.947831
vt 0.913925 0.948841
vt 0.914842 0.949536
vt 0.915796 0.950263
vt 0.915129 0.951344
vt 0.914045 0.950809
vt 0.928493 0.954768
vt 0.927300 0.954677
vt 0.927265 0.953429
vt 0.928462 0.953283
vt 0.914690 0.952529
vt 0.913510 0.952214
vt 0.926999 0.952208
vt 0.928132 0.951836
vt 0.914479 0.953771
vt 0.913276 0.953695
vt 0.926502 0.951054
vt 0.927545 0.950474
vt 0.914512 0.955034
vt 0.913320 0.955189
vt 0.925779 0.950030
vt 0.926695 0.949254
vt 0.914806 0.956260
vt 0.913662 0.956644
vt 0.924884 0.949151
vt 0.925633 0.948209
vt 0.915315 0.957411
vt 0.914265 0.958016
vt 0.923826 0.948460
vt 0.924378 0.947393
vt 0.916046 0.958442
vt 0.915139 0.959239
vt 0.922644 0.948000
vt 0.922981 0.946830
vt 0.921884 0.961797
vt 0.921728 0.960611
vt 0.922959 0.960318
vt 0.923341 0.961457
vt 0.916965 0.959312
vt 0.916234 0.960267
vt 0.921394 0.947766
vt 0.921494 0.946558
vt 0.924106 0.959795
vt 0.924705 0.960839
vt 0.918037 0.959986
vt 0.917502 0.961070
vt 0.920117 0.947795
vt 0.919974 0.946578
vt 0.925128 0.959059
vt 0.925917 0.959963
vt 0.919216 0.960437
vt 0.918906 0.961607
vt 0.918872 0.948082
vt 0.918486 0.946915
vt 0.925986 0.958140
vt 0.926931 0.958871
vt 0.920461 0.960646
vt 0.920388 0.961845
vt 0.917708 0.948596
vt 0.917095 0.947536
vt 0.916668 0.949334
vt 0.915862 0.948425
vt 0.921601 0.959649
vt 0.921318 0.957398
vt 0.921929 0.957257
vt 0.922647 0.959409
vt 0.916563 0.950851
vt 0.918377 0.952246
vt 0.918040 0.952779
vt 0.915999 0.951770
vt 0.917812 0.953367
vt 0.915619 0.952775
vt 0.926320 0.953542
vt 0.924079 0.953818
vt 0.923944 0.953207
vt 0.926088 0.952503
vt 0.917711 0.953990
vt 0.915439 0.953833
vt 0.923694 0.952634
vt 0.925665 0.951524
vt 0.917733 0.954619
vt 0.915469 0.954908
vt 0.923335 0.952120
vt 0.925055 0.950648
vt 0.917869 0.955234
vt 0.915710 0.955956
vt 0.922882 0.951687
vt 0.924287 0.949899
vt 0.918130 0.955808
vt 0.916151 0.956937
vt 0.922352 0.951348
vt 0.923383 0.949320
vt 0.918491 0.956323
vt 0.916776 0.957812
vt 0.921767 0.951123
vt 0.922379 0.948930
vt 0.929336 0.956521
vt 0.930898 0.956943
vt 0.918951 0.956754
vt 0.917558 0.958548
vt 0.921146 0.951013
vt 0.921318 0.948733
vt 0.922500 0.956999
vt 0.923626 0.958968
vt 0.919481 0.957092
vt 0.918465 0.959123
vt 0.920518 0.951031
vt 0.920236 0.948763
vt 0.923009 0.956637
vt 0.924493 0.958337
vt 0.920070 0.957314
vt 0.919468 0.959511
vt 0.919902 0.951167
vt 0.919179 0.949000
vt 0.923437 0.956181
vt 0.925228 0.957560
vt 0.920691 0.957418
vt 0.920529 0.959686
vt 0.919324 0.951422
vt 0.918187 0.949436
vt 0.923768 0.955650
vt 0.925796 0.956655
vt 0.918807 0.951785
vt 0.917308 0.950068
vt 0.923989 0.955063
vt 0.926172 0.955656
vt 0.924092 0.954445
vt 0.926350 0.954606
vt 0.933121 0.957543
vt 0.933576 0.955168
vt 0.912300 0.944461
vt 0.910592 0.946389
vt 0.932321 0.959825
vt 0.914380 0.942892
vt 0.920085 0.967046
vt 0.922557 0.966910
vt 0.931077 0.961960
vt 0.916787 0.941740
vt 0.917559 0.966706
vt 0.929415 0.963849
vt 0.919409 0.941238
vt 0.915175 0.965766
vt 0.927362 0.965412
vt 0.922009 0.941270
vt 0.913058 0.964412
vt 0.924990 0.966408
vt 0.924511 0.941798
vt 0.911144 0.962718
vt 0.926838 0.942787
vt 0.909689 0.960589
vt 0.928914 0.944191
vt 0.908704 0.958250
vt 0.930676 0.945958
vt 0.908210 0.955804
vt 0.932048 0.948022
vt 0.908186 0.953366
vt 0.932987 0.950279
vt 0.908522 0.950952
vt 0.933576 0.952685
vt 0.909322 0.948591
vt 0.452040 0.965185
vt 0.452972 0.968260
vt 0.444616 0.967437
vt 0.452812 0.969067
vt 0.451458 0.971093
vt 0.452497 0.969827
vt 0.452039 0.970511
vt 0.450773 0.971551
vt 0.448383 0.972026
vt 0.450013 0.971865
vt 0.449206 0.972026
vt 0.447576 0.971865
vt 0.446815 0.971551
vt 0.446131 0.971093
vt 0.445549 0.970511
vt 0.445092 0.969827
vt 0.444777 0.969067
vt 0.444616 0.968260
vt 0.444777 0.966630
vt 0.446131 0.964603
vt 0.445092 0.965869
vt 0.445549 0.965185
vt 0.446815 0.964146
vt 0.447576 0.963831
vt 0.448383 0.963670
vt 0.449206 0.963670
vt 0.450013 0.963831
vt 0.450773 0.964146
vt 0.451458 0.964603
vt 0.452497 0.965869
vt 0.452812 0.966630
vt 0.452972 0.967437
vt 0.009705 0.903877
vt 0.009705 0.954894
vt 0.006660 0.908018
vt 0.289424 0.773519
vt 0.289424 0.774857
vt 0.237260 0.774857
vt 0.237260 0.773519
vt 0.911431 0.928258
vt 0.908548 0.924337
vt 0.911430 0.877786
vt 0.237260 0.820788
vt 0.289424 0.820788
vt 0.241007 0.823543
vt 0.908551 0.753696
vt 0.909771 0.750390
vt 0.911552 0.749615
vt 0.727084 0.765278
vt 0.674860 0.765278
vt 0.674860 0.763940
vt 0.727084 0.763940
vt 0.908549 0.817828
vt 0.909728 0.814623
vt 0.911456 0.813873
vt 0.723309 0.715232
vt 0.726370 0.716354
vt 0.727084 0.718008
vt 0.727084 0.822199
vt 0.674860 0.822199
vt 0.289424 0.716620
vt 0.237260 0.716620
vt 0.055034 0.903877
vt 0.055034 0.954894
vt 0.008732 0.954684
vt 0.007899 0.954107
vt 0.007238 0.953208
vt 0.006814 0.952075
vt 0.006660 0.950753
vt 0.006814 0.906696
vt 0.007238 0.905563
vt 0.007899 0.904664
vt 0.008732 0.904087
vt 0.956570 0.877786
vt 0.956570 0.928258
vt 0.488422 0.896946
vt 0.487457 0.897092
vt 0.486535 0.896853
vt 0.909716 0.927514
vt 0.909095 0.926669
vt 0.908696 0.925604
vt 0.908548 0.881706
vt 0.908696 0.880440
vt 0.909095 0.879375
vt 0.909716 0.878530
vt 0.910499 0.877987
vt 0.289231 0.821687
vt 0.288715 0.822431
vt 0.287912 0.823022
vt 0.286899 0.823401
vt 0.285677 0.823543
vt 0.239785 0.823401
vt 0.238772 0.823022
vt 0.237969 0.822431
vt 0.237453 0.821687
vt 0.956830 0.749615
vt 0.956830 0.800501
vt 0.911552 0.800501
vt 0.910591 0.800294
vt 0.908551 0.796420
vt 0.909771 0.799726
vt 0.909121 0.798842
vt 0.908704 0.797727
vt 0.908704 0.752388
vt 0.909121 0.751274
vt 0.910591 0.749822
vt 0.956625 0.813873
vt 0.956625 0.864419
vt 0.911456 0.864419
vt 0.910519 0.864217
vt 0.908549 0.860465
vt 0.909728 0.863669
vt 0.909100 0.862815
vt 0.908698 0.861740
vt 0.908698 0.816553
vt 0.909100 0.815477
vt 0.910519 0.814075
vt 0.674860 0.718008
vt 0.675055 0.717104
vt 0.678635 0.715232
vt 0.675575 0.716354
vt 0.676385 0.715758
vt 0.677406 0.715376
vt 0.724539 0.715376
vt 0.725559 0.715758
vt 0.726890 0.717104
vt 0.888413 0.419449
vt 0.889583 0.415630
vt 0.892619 0.413311
vt 0.582801 0.894334
vt 0.580733 0.894678
vt 0.587298 0.887778
vt 0.936430 0.412988
vt 0.936430 0.469268
vt 0.894559 0.469268
vt 0.838205 0.592711
vt 0.836080 0.592865
vt 0.834117 0.592332
vt 0.890926 0.468039
vt 0.889583 0.466626
vt 0.888720 0.464847
vt 0.888413 0.462808
vt 0.888720 0.417410
vt 0.890926 0.414218
vt 0.894559 0.412988
vt 0.822153 0.472854
vt 0.821976 0.469882
vt 0.822583 0.469910
vt 0.822764 0.472715
vt 0.875316 0.657804
vt 0.873120 0.656404
vt 0.873369 0.655794
vt 0.875758 0.657296
vt 0.823213 0.475700
vt 0.823767 0.475380
vt 0.870708 0.655821
vt 0.870741 0.655191
vt 0.825086 0.478094
vt 0.825520 0.477614
vt 0.868227 0.656097
vt 0.868105 0.655487
vt 0.827590 0.479765
vt 0.827847 0.479172
vt 0.877681 0.713401
vt 0.878056 0.711038
vt 0.878621 0.711085
vt 0.878221 0.713572
vt 0.830535 0.480523
vt 0.830566 0.479855
vt 0.876636 0.715436
vt 0.877108 0.715774
vt 0.831440 0.420700
vt 0.832851 0.418235
vt 0.833307 0.418590
vt 0.831986 0.420905
vt 0.875006 0.717039
vt 0.875350 0.717514
vt 0.834884 0.416356
vt 0.835207 0.416828
vt 0.872980 0.718023
vt 0.873150 0.718573
vt 0.430951 0.895315
vt 0.430951 0.852254
vt 0.431734 0.852189
vt 0.431734 0.895380
vt 0.382892 0.845353
vt 0.382892 0.902216
vt 0.382109 0.903039
vt 0.382109 0.844530
vt 0.424386 0.902216
vt 0.426455 0.901871
vt 0.426700 0.902664
vt 0.424448 0.903039
vt 0.428265 0.900902
vt 0.428731 0.901576
vt 0.429701 0.899392
vt 0.430342 0.899881
vt 0.430623 0.897489
vt 0.431377 0.897746
vt 0.426455 0.845698
vt 0.424386 0.845353
vt 0.424448 0.844530
vt 0.426699 0.844905
vt 0.428265 0.846667
vt 0.428731 0.845993
vt 0.429701 0.848177
vt 0.430342 0.847688
vt 0.430623 0.850080
vt 0.431377 0.849823
vt 0.877009 0.659892
vt 0.877589 0.659549
vt 0.873540 0.473689
vt 0.873047 0.473261
vt 0.878012 0.662477
vt 0.878621 0.662338
vt 0.842061 0.415631
vt 0.873540 0.429948
vt 0.873158 0.430212
vt 0.841922 0.416062
vt 0.830812 0.667173
vt 0.830296 0.666834
vt 0.834457 0.708508
vt 0.870770 0.718315
vt 0.870760 0.718831
vt 0.834096 0.708855
vt 0.839839 0.415025
vt 0.839809 0.415543
vt 0.837320 0.415252
vt 0.837471 0.415785
vt 0.832562 0.364657
vt 0.829726 0.363914
vt 0.830065 0.363134
vt 0.832612 0.363787
vt 0.830124 0.536371
vt 0.830116 0.587157
vt 0.829323 0.587331
vt 0.829323 0.536194
vt 0.827306 0.362297
vt 0.827875 0.361665
vt 0.872598 0.582886
vt 0.873170 0.583323
vt 0.838328 0.593443
vt 0.825496 0.359986
vt 0.826223 0.359562
vt 0.836021 0.593603
vt 0.824472 0.357242
vt 0.825272 0.357056
vt 0.833817 0.593028
vt 0.824296 0.354385
vt 0.825091 0.354416
vt 0.832370 0.591162
vt 0.831846 0.591746
vt 0.833814 0.304906
vt 0.835175 0.302536
vt 0.835774 0.303003
vt 0.834526 0.305179
vt 0.830969 0.589393
vt 0.830272 0.589804
vt 0.837140 0.300723
vt 0.837567 0.301343
vt 0.783137 0.920433
vt 0.785077 0.920110
vt 0.785328 0.920924
vt 0.783200 0.921279
vt 0.786770 0.919203
vt 0.787248 0.919896
vt 0.788113 0.917791
vt 0.788772 0.918294
vt 0.788976 0.916011
vt 0.789750 0.916276
vt 0.789283 0.913972
vt 0.790087 0.914039
vt 0.789283 0.870613
vt 0.788976 0.868573
vt 0.789750 0.868309
vt 0.790087 0.870546
vt 0.788113 0.866794
vt 0.788772 0.866291
vt 0.786770 0.865381
vt 0.787248 0.864689
vt 0.785077 0.864475
vt 0.785328 0.863661
vt 0.783137 0.864152
vt 0.783200 0.863306
vt 0.741265 0.864152
vt 0.740461 0.863306
vt 0.741265 0.920433
vt 0.740461 0.921279
vt 0.876671 0.542387
vt 0.839129 0.530593
vt 0.839258 0.529911
vt 0.877223 0.541954
vt 0.875942 0.357947
vt 0.875298 0.357387
vt 0.836967 0.530331
vt 0.836917 0.529541
vt 0.844073 0.300042
vt 0.875942 0.314471
vt 0.875442 0.314817
vt 0.843894 0.300611
vt 0.834758 0.530835
vt 0.834429 0.530051
vt 0.832712 0.532091
vt 0.832132 0.531436
vt 0.841936 0.299446
vt 0.841899 0.300125
vt 0.831111 0.533985
vt 0.830360 0.533546
vt 0.839498 0.299657
vt 0.839699 0.300358
vt 0.607063 0.834360
vt 0.608578 0.833821
vt 0.608839 0.834838
vt 0.607644 0.835313
vt 0.488638 0.897923
vt 0.487438 0.898088
vt 0.889072 0.183990
vt 0.890270 0.183515
vt 0.890852 0.184470
vt 0.889333 0.185010
vt 0.322886 0.836236
vt 0.322017 0.836870
vt 0.321337 0.836080
vt 0.322539 0.835409
vt 0.605684 0.835481
vt 0.606542 0.836231
vt 0.486174 0.897862
vt 0.883868 0.129306
vt 0.883043 0.127787
vt 0.883907 0.127145
vt 0.884862 0.128902
vt 0.323764 0.835984
vt 0.323667 0.835125
vt 0.604658 0.837097
vt 0.605680 0.837557
vt 0.485543 0.896245
vt 0.484873 0.897152
vt 0.881930 0.126579
vt 0.882597 0.125745
vt 0.324662 0.836074
vt 0.324780 0.835233
vt 0.604118 0.839004
vt 0.605183 0.839175
vt 0.484654 0.895297
vt 0.483727 0.895997
vt 0.880740 0.125799
vt 0.881097 0.124836
vt 0.604056 0.840967
vt 0.605099 0.840919
vt 0.523293 0.882000
vt 0.523429 0.844983
vt 0.524124 0.844212
vt 0.524124 0.882486
vt 0.483916 0.894037
vt 0.482932 0.894428
vt 0.879546 0.125516
vt 0.879555 0.124532
vt 0.655364 0.838405
vt 0.655364 0.878018
vt 0.654539 0.877540
vt 0.654672 0.839174
vt 0.358908 0.888462
vt 0.359099 0.850203
vt 0.359788 0.849707
vt 0.359788 0.889239
vt 0.478722 0.840935
vt 0.477737 0.841321
vt 0.477202 0.840393
vt 0.478447 0.839932
vt 0.878378 0.125695
vt 0.878146 0.124733
vt 0.476921 0.842064
vt 0.476031 0.841244
vt 0.843275 0.141162
vt 0.843142 0.179608
vt 0.842449 0.180379
vt 0.842449 0.140686
vt 0.476224 0.843080
vt 0.475179 0.842590
vt 0.475815 0.844326
vt 0.474738 0.844134
vt 0.475723 0.845771
vt 0.474673 0.845801
vt 0.059007 0.871527
vt 0.059142 0.833114
vt 0.059846 0.832331
vt 0.059846 0.872014
vt 0.725237 0.892555
vt 0.679925 0.897299
vt 0.680148 0.896127
vt 0.724341 0.891765
vt 0.168936 0.820099
vt 0.168214 0.821660
vt 0.167216 0.821340
vt 0.168036 0.819574
vt 0.676333 0.894475
vt 0.675800 0.892795
vt 0.676981 0.892557
vt 0.677411 0.893909
vt 0.675777 0.890988
vt 0.685015 0.842112
vt 0.685991 0.842501
vt 0.676864 0.891033
vt 0.210168 0.871295
vt 0.210003 0.832079
vt 0.210873 0.831527
vt 0.210873 0.872003
vt 0.677280 0.895861
vt 0.678145 0.894995
vt 0.690272 0.838633
vt 0.725237 0.853078
vt 0.724535 0.853582
vt 0.690155 0.839490
vt 0.678511 0.896807
vt 0.679068 0.895740
vt 0.685813 0.840620
vt 0.686683 0.841231
vt 0.686865 0.839469
vt 0.687555 0.840273
vt 0.243158 0.898282
vt 0.241775 0.897797
vt 0.242335 0.896731
vt 0.243386 0.897109
vt 0.688055 0.838809
vt 0.688408 0.839651
vt 0.240581 0.896880
vt 0.241445 0.896011
vt 0.689167 0.838529
vt 0.689268 0.839402
vt 0.239658 0.895535
vt 0.240736 0.894965
vt 0.239136 0.893905
vt 0.240319 0.893662
vt 0.288336 0.854363
vt 0.288336 0.893582
vt 0.287440 0.892792
vt 0.287635 0.854864
vt 0.239112 0.892135
vt 0.240201 0.892178
vt 0.252656 0.839874
vt 0.253703 0.840016
vt 0.253565 0.840855
vt 0.252698 0.840751
vt 0.251454 0.840034
vt 0.251854 0.841001
vt 0.250211 0.840762
vt 0.250893 0.841598
vt 0.023765 0.887065
vt 0.023993 0.888053
vt 0.249162 0.841886
vt 0.250034 0.842514
vt 0.009576 0.834863
vt 0.018307 0.883490
vt 0.017295 0.883882
vt 0.008515 0.834911
vt 0.905939 0.298315
vt 0.905939 0.348860
vt 0.905164 0.349913
vt 0.905164 0.297262
vt 0.954015 0.302269
vt 0.953866 0.300994
vt 0.954612 0.300664
vt 0.954789 0.302186
vt 0.953463 0.299918
vt 0.954098 0.299291
vt 0.952836 0.299065
vt 0.953297 0.298202
vt 0.952045 0.298517
vt 0.952287 0.297503
vt 0.951107 0.298315
vt 0.951168 0.297262
vt 0.953866 0.346181
vt 0.954015 0.344905
vt 0.954789 0.344988
vt 0.954612 0.346510
vt 0.953463 0.347256
vt 0.954098 0.347883
vt 0.952836 0.348110
vt 0.953297 0.348973
vt 0.952045 0.348658
vt 0.952287 0.349672
vt 0.951107 0.348860
vt 0.951168 0.349913
vt 0.087377 0.900249
vt 0.087377 0.951136
vt 0.086704 0.952051
vt 0.086704 0.899334
vt 0.133617 0.900456
vt 0.132655 0.900249
vt 0.132708 0.899334
vt 0.133827 0.899575
vt 0.134436 0.901024
vt 0.134837 0.900274
vt 0.135086 0.901909
vt 0.135638 0.901364
vt 0.135504 0.903023
vt 0.136152 0.902736
vt 0.135656 0.904330
vt 0.136329 0.904258
vt 0.132655 0.951136
vt 0.133617 0.950928
vt 0.133827 0.951810
vt 0.132708 0.952051
vt 0.134436 0.950361
vt 0.134837 0.951111
vt 0.135086 0.949476
vt 0.135638 0.950021
vt 0.135504 0.948362
vt 0.136152 0.948649
vt 0.135656 0.947055
vt 0.136329 0.947127
vt 0.169856 0.818872
vt 0.169143 0.818154
vt 0.248370 0.843353
vt 0.249350 0.843749
vt 0.013316 0.828787
vt 0.012121 0.829262
vt 0.011530 0.828293
vt 0.013048 0.827751
vt 0.170942 0.818065
vt 0.170497 0.817186
vt 0.011021 0.830180
vt 0.010148 0.829417
vt 0.172070 0.817727
vt 0.171948 0.816782
vt 0.010159 0.831504
vt 0.009119 0.831036
vt 0.173183 0.817805
vt 0.173300 0.816906
vt 0.009660 0.833120
vt 0.008577 0.832946
vt 0.162340 0.870729
vt 0.162494 0.872492
vt 0.161396 0.872747
vt 0.161243 0.870744
vt 0.163060 0.874109
vt 0.162034 0.874668
vt 0.022569 0.887227
vt 0.022559 0.888244
vt 0.163983 0.875411
vt 0.163156 0.876269
vt 0.021351 0.886961
vt 0.020999 0.887951
vt 0.165134 0.876289
vt 0.164623 0.877351
vt 0.020147 0.886211
vt 0.019480 0.887055
vt 0.166395 0.876695
vt 0.166228 0.877845
vt 0.019088 0.885014
vt 0.018204 0.885643
vt 0.208469 0.945406
vt 0.208469 0.894390
vt 0.209094 0.893539
vt 0.209094 0.946257
vt 0.163139 0.894390
vt 0.162167 0.894599
vt 0.161971 0.893780
vt 0.163090 0.893539
vt 0.161334 0.895177
vt 0.160962 0.894480
vt 0.160673 0.896075
vt 0.160161 0.895569
vt 0.160248 0.897208
vt 0.159646 0.896942
vt 0.160094 0.898531
vt 0.159469 0.898464
vt 0.162167 0.945197
vt 0.163139 0.945406
vt 0.163090 0.946257
vt 0.161971 0.946016
vt 0.161334 0.944620
vt 0.160962 0.945316
vt 0.160673 0.943721
vt 0.160161 0.944227
vt 0.160248 0.942588
vt 0.159646 0.942854
vt 0.160094 0.941265
vt 0.159469 0.941332
vt 0.954816 0.704784
vt 0.954817 0.654313
vt 0.955618 0.653222
vt 0.955618 0.705875
vt 0.906942 0.656966
vt 0.906795 0.658233
vt 0.905993 0.658147
vt 0.906170 0.656625
vt 0.907341 0.655901
vt 0.906684 0.655252
vt 0.907963 0.655056
vt 0.907485 0.654163
vt 0.908746 0.654513
vt 0.908495 0.653463
vt 0.909677 0.654313
vt 0.909614 0.653222
vt 0.906795 0.700863
vt 0.906942 0.702130
vt 0.906170 0.702471
vt 0.905993 0.700949
vt 0.907341 0.703196
vt 0.906684 0.703845
vt 0.907963 0.704041
vt 0.907485 0.704934
vt 0.908746 0.704584
vt 0.908495 0.705634
vt 0.909677 0.704784
vt 0.909614 0.705875
vt 0.321130 0.837845
vt 0.320274 0.837246
vt 0.891374 0.182595
vt 0.892234 0.183346
vt 0.613726 0.891640
vt 0.612820 0.889882
vt 0.613814 0.889497
vt 0.614596 0.891022
vt 0.320432 0.839132
vt 0.319471 0.838753
vt 0.892237 0.181266
vt 0.893262 0.181727
vt 0.614999 0.893050
vt 0.615656 0.892222
vt 0.313537 0.892492
vt 0.314632 0.892882
vt 0.314419 0.894035
vt 0.312991 0.893542
vt 0.892735 0.179645
vt 0.893802 0.179816
vt 0.616514 0.893947
vt 0.616861 0.892974
vt 0.312597 0.891734
vt 0.311747 0.892584
vt 0.892818 0.177899
vt 0.893861 0.177848
vt 0.618071 0.894241
vt 0.618080 0.893240
vt 0.311851 0.890628
vt 0.310792 0.891181
vt 0.311300 0.887707
vt 0.310233 0.887661
vt 0.619503 0.894049
vt 0.619277 0.893078
vt 0.311416 0.889251
vt 0.310256 0.889482
vt 0.527342 0.587877
vt 0.480457 0.587904
vt 0.480346 0.586897
vt 0.527421 0.586897
vt 0.531511 0.715700
vt 0.532209 0.716681
vt 0.531264 0.717191
vt 0.530759 0.716423
vt 0.536349 0.643291
vt 0.536336 0.641877
vt 0.537336 0.641882
vt 0.537238 0.643352
vt 0.486399 0.823324
vt 0.473315 0.770871
vt 0.474423 0.770729
vt 0.487046 0.822377
vt 0.532322 0.591701
vt 0.533378 0.591432
vt 0.532617 0.717838
vt 0.531551 0.718128
vt 0.523511 0.818695
vt 0.522886 0.818081
vt 0.478899 0.588157
vt 0.478600 0.587187
vt 0.477553 0.588718
vt 0.477008 0.587858
vt 0.534915 0.768336
vt 0.534781 0.769805
vt 0.533892 0.769723
vt 0.533913 0.768303
vt 0.476526 0.589526
vt 0.475751 0.588891
vt 0.475920 0.590498
vt 0.475003 0.590160
vt 0.479745 0.714549
vt 0.481223 0.714287
vt 0.481359 0.715313
vt 0.480093 0.715549
vt 0.475716 0.591625
vt 0.474702 0.591473
vt 0.473247 0.769215
vt 0.476386 0.718065
vt 0.477390 0.718324
vt 0.474323 0.769195
vt 0.478462 0.715114
vt 0.479059 0.716015
vt 0.528874 0.588073
vt 0.529117 0.587118
vt 0.527880 0.714287
vt 0.527795 0.715267
vt 0.159863 0.651166
vt 0.159810 0.649524
vt 0.160710 0.649519
vt 0.160792 0.651051
vt 0.221780 0.596549
vt 0.222108 0.597907
vt 0.221216 0.598046
vt 0.221003 0.596894
vt 0.747197 0.654327
vt 0.748648 0.654089
vt 0.748748 0.654947
vt 0.747473 0.655170
vt 0.223386 0.651041
vt 0.211084 0.700170
vt 0.210573 0.699652
vt 0.222646 0.650957
vt 0.172600 0.704419
vt 0.173151 0.703640
vt 0.745938 0.654860
vt 0.746428 0.655624
vt 0.163158 0.598041
vt 0.164011 0.598218
vt 0.744925 0.655677
vt 0.745604 0.656278
vt 0.169049 0.593499
vt 0.216546 0.593499
vt 0.216470 0.594317
vt 0.169119 0.594351
vt 0.223542 0.649574
vt 0.222692 0.649537
vt 0.744265 0.656655
vt 0.745049 0.657041
vt 0.802031 0.710073
vt 0.788311 0.763473
vt 0.787781 0.762822
vt 0.801237 0.709978
vt 0.743912 0.657731
vt 0.744750 0.657932
vt 0.167293 0.593720
vt 0.167526 0.594553
vt 0.751883 0.758395
vt 0.752434 0.757766
vt 0.165659 0.594366
vt 0.166122 0.595117
vt 0.140203 0.748606
vt 0.140203 0.747268
vt 0.141480 0.747268
vt 0.141480 0.748606
vt 0.088038 0.805505
vt 0.140203 0.805505
vt 0.141480 0.806444
vt 0.086761 0.806444
vt 0.088038 0.748606
vt 0.086761 0.748606
vt 0.140203 0.701337
vt 0.140010 0.700438
vt 0.141239 0.700145
vt 0.141480 0.701264
vt 0.139494 0.699694
vt 0.140540 0.699135
vt 0.138690 0.699103
vt 0.139451 0.698334
vt 0.137678 0.698724
vt 0.138078 0.697820
vt 0.136455 0.698582
vt 0.136556 0.697643
vt 0.088232 0.700438
vt 0.088038 0.701337
vt 0.086761 0.701264
vt 0.087002 0.700145
vt 0.088748 0.699694
vt 0.087702 0.699135
vt 0.089551 0.699103
vt 0.088791 0.698334
vt 0.090564 0.698724
vt 0.090164 0.697820
vt 0.091786 0.698582
vt 0.091686 0.697643
vt 0.088038 0.747268
vt 0.086761 0.747268
vt 0.799805 0.656428
vt 0.800180 0.657567
vt 0.799282 0.657785
vt 0.799006 0.656843
vt 0.220982 0.595332
vt 0.220377 0.595904
vt 0.799135 0.655466
vt 0.798502 0.656072
vt 0.219745 0.594378
vt 0.219339 0.595098
vt 0.740722 0.708558
vt 0.741602 0.708551
vt 0.798148 0.654714
vt 0.797732 0.655457
vt 0.740790 0.710154
vt 0.741667 0.710054
vt 0.218216 0.593767
vt 0.218005 0.594555
vt 0.795583 0.654089
vt 0.795518 0.654911
vt 0.802162 0.708553
vt 0.801298 0.708524
vt 0.796949 0.654262
vt 0.796746 0.655061
vt 0.163548 0.596701
vt 0.164350 0.597046
vt 0.164364 0.595412
vt 0.165040 0.595984
vt 0.238536 0.642783
vt 0.238536 0.644121
vt 0.237288 0.644121
vt 0.237288 0.642783
vt 0.238536 0.701042
vt 0.290760 0.701042
vt 0.292008 0.701959
vt 0.237288 0.701959
vt 0.290760 0.644121
vt 0.292008 0.644121
vt 0.238731 0.595946
vt 0.238536 0.596851
vt 0.237288 0.596778
vt 0.237529 0.595659
vt 0.239251 0.595196
vt 0.238229 0.594650
vt 0.240061 0.594600
vt 0.239318 0.593849
vt 0.241081 0.594218
vt 0.240691 0.593335
vt 0.242311 0.594075
vt 0.242213 0.593158
vt 0.290760 0.596851
vt 0.290565 0.595946
vt 0.291767 0.595659
vt 0.292008 0.596778
vt 0.290045 0.595196
vt 0.291067 0.594650
vt 0.289235 0.594600
vt 0.289978 0.593849
vt 0.288215 0.594218
vt 0.288605 0.593335
vt 0.286985 0.594075
vt 0.287083 0.593158
vt 0.290760 0.642783
vt 0.292008 0.642783
vt 0.488806 0.697823
vt 0.526118 0.692451
vt 0.526752 0.693048
vt 0.488183 0.698781
vt 0.530494 0.714929
vt 0.529996 0.715811
vt 0.474368 0.644047
vt 0.473277 0.644097
vt 0.474505 0.645581
vt 0.473397 0.645756
vt 0.529265 0.714468
vt 0.529019 0.715416
vt 0.531970 0.590527
vt 0.532921 0.590039
vt 0.531279 0.589470
vt 0.532039 0.588750
vt 0.476760 0.716970
vt 0.477691 0.717434
vt 0.530223 0.588621
vt 0.530724 0.587734
vt 0.477433 0.715965
vt 0.478244 0.716673
vt 0.539239 0.894678
vt 0.539239 0.837816
vt 0.580733 0.837816
vt 0.582801 0.838161
vt 0.587298 0.844717
vt 0.584611 0.839130
vt 0.586048 0.840640
vt 0.586970 0.842543
vt 0.586970 0.889952
vt 0.584611 0.893364
vt 0.586048 0.891854
vt 0.086399 0.967928
vt 0.094119 0.967167
vt 0.086714 0.971125
vt 0.089198 0.973164
vt 0.087171 0.971810
vt 0.087753 0.972392
vt 0.088438 0.972849
vt 0.092395 0.972849
vt 0.090005 0.973324
vt 0.090828 0.973324
vt 0.091635 0.973164
vt 0.093662 0.971810
vt 0.093080 0.972392
vt 0.094119 0.971125
vt 0.094434 0.970365
vt 0.094594 0.968735
vt 0.094594 0.969558
vt 0.094434 0.967928
vt 0.091635 0.965129
vt 0.093662 0.966483
vt 0.093080 0.965901
vt 0.092395 0.965444
vt 0.090005 0.964969
vt 0.090828 0.964969
vt 0.089198 0.965129
vt 0.088438 0.965444
vt 0.087753 0.965901
vt 0.087171 0.966483
vt 0.086714 0.967167
vt 0.086239 0.969558
vt 0.086239 0.968735
vt 0.086399 0.970365
vt 0.959786 0.946421
vt 0.961246 0.946735
vt 0.960878 0.947885
vt 0.959650 0.947614
vt 0.963669 0.963388
vt 0.961716 0.964106
vt 0.961277 0.962509
vt 0.962897 0.961867
vt 0.958105 0.943596
vt 0.960137 0.943687
vt 0.959925 0.945303
vt 0.958218 0.945262
vt 0.965418 0.962250
vt 0.964372 0.960940
vt 0.948978 0.950823
vt 0.949770 0.948937
vt 0.951227 0.949728
vt 0.950537 0.951310
vt 0.950927 0.947228
vt 0.952211 0.948311
vt 0.956087 0.943952
vt 0.956517 0.945536
vt 0.966907 0.960797
vt 0.965632 0.959722
vt 0.948562 0.952814
vt 0.950189 0.952997
vt 0.954172 0.944696
vt 0.954905 0.946173
vt 0.968077 0.959075
vt 0.966606 0.958274
vt 0.948540 0.954844
vt 0.950180 0.954705
vt 0.952420 0.945791
vt 0.953450 0.947108
vt 0.968887 0.957161
vt 0.967289 0.956677
vt 0.948914 0.956827
vt 0.950473 0.956381
vt 0.969284 0.955141
vt 0.967649 0.954982
vt 0.949632 0.958705
vt 0.951104 0.957958
vt 0.969290 0.953101
vt 0.967639 0.953259
vt 0.950719 0.960402
vt 0.952003 0.959397
vt 0.968910 0.951104
vt 0.967332 0.951575
vt 0.952101 0.961873
vt 0.953174 0.960638
vt 0.968137 0.949232
vt 0.966695 0.949981
vt 0.953746 0.963061
vt 0.954563 0.961642
vt 0.967025 0.947541
vt 0.965750 0.948548
vt 0.955598 0.963910
vt 0.956131 0.962360
vt 0.965621 0.946073
vt 0.964555 0.947331
vt 0.957593 0.964395
vt 0.957821 0.962749
vt 0.963951 0.944928
vt 0.963161 0.946345
vt 0.959668 0.964472
vt 0.959556 0.962790
vt 0.959471 0.961650
vt 0.957966 0.961604
vt 0.958118 0.960413
vt 0.959387 0.960441
vt 0.962613 0.947335
vt 0.963833 0.948191
vt 0.963061 0.949100
vt 0.962025 0.948391
vt 0.956497 0.961282
vt 0.956885 0.960127
vt 0.964873 0.949257
vt 0.963930 0.950008
vt 0.955135 0.960653
vt 0.955731 0.959616
vt 0.965684 0.950509
vt 0.964619 0.951058
vt 0.953913 0.959794
vt 0.954710 0.958882
vt 0.966236 0.951895
vt 0.965076 0.952229
vt 0.952897 0.958704
vt 0.953844 0.957974
vt 0.966518 0.953363
vt 0.965313 0.953465
vt 0.952096 0.957453
vt 0.953169 0.956916
vt 0.966501 0.954862
vt 0.965303 0.954729
vt 0.951558 0.956069
vt 0.952712 0.955748
vt 0.966200 0.956336
vt 0.965048 0.955974
vt 0.953081 0.949048
vt 0.954154 0.947996
vt 0.954903 0.948948
vt 0.953996 0.949830
vt 0.951299 0.954607
vt 0.952489 0.954515
vt 0.965599 0.957721
vt 0.964539 0.957142
vt 0.955425 0.947190
vt 0.955967 0.948259
vt 0.951325 0.953122
vt 0.952505 0.953255
vt 0.964753 0.958980
vt 0.963816 0.958191
vt 0.956824 0.946649
vt 0.957151 0.947804
vt 0.951625 0.951658
vt 0.952776 0.952021
vt 0.963655 0.960030
vt 0.962896 0.959070
vt 0.958295 0.946391
vt 0.958391 0.947588
vt 0.952215 0.950276
vt 0.953281 0.950869
vt 0.962380 0.960850
vt 0.961830 0.959765
vt 0.960966 0.961400
vt 0.960639 0.960219
vt 0.954731 0.950453
vt 0.955500 0.949701
vt 0.956908 0.951484
vt 0.956460 0.951922
vt 0.959316 0.959477
vt 0.958238 0.959456
vt 0.958514 0.957193
vt 0.959145 0.957204
vt 0.957189 0.959213
vt 0.957901 0.957055
vt 0.962438 0.949835
vt 0.963186 0.950601
vt 0.961407 0.952012
vt 0.960971 0.951561
vt 0.956206 0.958782
vt 0.957324 0.956803
vt 0.963766 0.951501
vt 0.961747 0.952541
vt 0.955334 0.958159
vt 0.956811 0.956440
vt 0.964159 0.952498
vt 0.961977 0.953127
vt 0.954600 0.957383
vt 0.956379 0.955986
vt 0.964355 0.953553
vt 0.962088 0.953746
vt 0.954023 0.956484
vt 0.956043 0.955455
vt 0.964343 0.954629
vt 0.962075 0.954375
vt 0.953633 0.955490
vt 0.955811 0.954871
vt 0.964121 0.955685
vt 0.961941 0.954989
vt 0.962109 0.944110
vt 0.961592 0.945668
vt 0.953440 0.954438
vt 0.955702 0.954253
vt 0.963690 0.956675
vt 0.961694 0.955567
vt 0.956408 0.949124
vt 0.957439 0.951148
vt 0.953464 0.953367
vt 0.955717 0.953626
vt 0.963073 0.957561
vt 0.961336 0.956086
vt 0.957408 0.948731
vt 0.958021 0.950916
vt 0.953689 0.952319
vt 0.955853 0.953013
vt 0.962299 0.958315
vt 0.960882 0.956525
vt 0.958463 0.948541
vt 0.958638 0.950802
vt 0.954116 0.951333
vt 0.956099 0.952436
vt 0.961387 0.958898
vt 0.960352 0.956865
vt 0.959534 0.948569
vt 0.959267 0.950818
vt 0.960379 0.959284
vt 0.959765 0.957095
vt 0.960579 0.948796
vt 0.959879 0.950950
vt 0.961561 0.949222
vt 0.960455 0.951204
vt 0.962843 0.941894
vt 0.965087 0.942840
vt 0.962392 0.966559
vt 0.959806 0.966958
vt 0.960450 0.941280
vt 0.964777 0.965545
vt 0.947615 0.947786
vt 0.949029 0.945662
vt 0.957959 0.941237
vt 0.966929 0.964193
vt 0.946655 0.950120
vt 0.955483 0.941580
vt 0.968803 0.962434
vt 0.946165 0.952578
vt 0.953040 0.942421
vt 0.970332 0.960298
vt 0.946165 0.955074
vt 0.950858 0.943849
vt 0.971277 0.957851
vt 0.946652 0.957496
vt 0.971709 0.955342
vt 0.947576 0.959746
vt 0.971658 0.952844
vt 0.948841 0.961827
vt 0.971146 0.950447
vt 0.950506 0.963650
vt 0.970282 0.948152
vt 0.952510 0.965130
vt 0.968967 0.945995
vt 0.954778 0.966202
vt 0.967159 0.944208
vt 0.957235 0.966827
s 1
usemtl Glass
f 5537/8932/3875 5474/8933/3876 5470/8934/3877 5531/8935/3878
f 5435/8936/3879 5538/8937/3880 5534/8938/3881 5433/8939/3882
f 5437/8940/3883 5544/8941/3884 5536/8942/3885 5434/8943/3886
f 5438/8944/3887 5546/8945/3888 5538/8937/3880 5435/8936/3879
f 5439/8946/3889 5548/8947/3890 5542/8948/3891 5436/8949/3892
f 5436/8949/3892 5542/8948/3891 5541/8950/3893 5463/8951/3894
f 5440/8952/3895 5550/8953/3896 5544/8941/3884 5437/8940/3883
f 5441/8954/3897 5552/8955/3898 5546/8945/3888 5438/8944/3887
f 5442/8956/3899 5554/8957/3900 5548/8947/3890 5439/8946/3889
f 5443/8958/3901 5556/8959/3902 5550/8953/3896 5440/8952/3895
f 5444/8960/3903 5558/8961/3904 5552/8955/3898 5441/8954/3897
f 5445/8962/3905 5560/8963/3906 5554/8957/3900 5442/8956/3899
f 5446/8964/3907 5562/8965/3908 5556/8959/3902 5443/8958/3901
f 5447/8966/3909 5564/8967/3910 5558/8961/3904 5444/8960/3903
f 5448/8968/3911 5566/8969/3912 5560/8963/3906 5445/8962/3905
f 5449/8970/3913 5568/8971/3914 5564/8967/3910 5447/8966/3909
f 5450/8972/3915 5570/8973/3916 5566/8969/3912 5448/8968/3911
f 5463/8951/3894 5541/8950/3893 5562/8965/3908 5446/8964/3907
f 5451/8974/3917 5572/8975/3918 5568/8971/3914 5449/8970/3913
f 5452/8976/3919 5574/8977/3920 5570/8973/3916 5450/8972/3915
f 5453/8978/3921 5576/8979/3922 5572/8975/3918 5451/8974/3917
f 5454/8980/3923 5578/8981/3924 5574/8977/3920 5452/8976/3919
f 5455/8982/3925 5580/8983/3926 5576/8979/3922 5453/8978/3921
f 5456/8984/3927 5582/8985/3928 5578/8981/3924 5454/8980/3923
f 5457/8986/3929 5584/8987/3930 5580/8983/3926 5455/8982/3925
f 5458/8988/3931 5586/8989/3932 5582/8985/3928 5456/8984/3927
f 5459/8990/3933 5588/8991/3934 5584/8987/3930 5457/8986/3929
f 5460/8992/3935 5590/8993/3936 5586/8989/3932 5458/8988/3931
f 5461/8994/3937 5529/8995/3938 5588/8991/3934 5459/8990/3933
f 5462/8996/3939 5533/8997/3940 5590/8993/3936 5460/8992/3935
f 5532/8998/3941 5467/8999/3942 5526/9000/3943 5591/9001/3944
f 5528/9002/3945 5465/9003/3946 5524/9004/3947 5589/9005/3948
f 5591/9001/3944 5526/9000/3943 5522/9006/3949 5587/9007/3950
f 5589/9005/3948 5524/9004/3947 5520/9008/3951 5585/9009/3952
f 5587/9007/3950 5522/9006/3949 5518/9010/3953 5583/9011/3954
f 5585/9009/3952 5520/9008/3951 5516/9012/3955 5581/9013/3956
f 5583/9011/3954 5518/9010/3953 5514/9014/3957 5579/9015/3958
f 5581/9013/3956 5516/9012/3955 5512/9016/3959 5577/9017/3960
f 5579/9015/3958 5514/9014/3957 5510/9018/3961 5575/9019/3962
f 5577/9017/3960 5512/9016/3959 5508/9020/3963 5573/9021/3964
f 5575/9019/3962 5510/9018/3961 5506/9022/3965 5571/9023/3966
f 5573/9021/3964 5508/9020/3963 5504/9024/3967 5569/9025/3968
f 5571/9023/3966 5506/9022/3965 5502/9026/3969 5567/9027/3970
f 5569/9025/3968 5504/9024/3967 5500/9028/3971 5565/9029/3972
f 5540/9030/3973 5469/9031/3974 5498/9032/3975 5563/9033/3976
f 5567/9027/3970 5502/9026/3969 5496/9034/3977 5561/9035/3978
f 5565/9029/3972 5500/9028/3971 5494/9036/3979 5559/9037/3980
f 5563/9033/3976 5498/9032/3975 5492/9038/3981 5557/9039/3982
f 5561/9035/3978 5496/9034/3977 5490/9040/3983 5555/9041/3984
f 5559/9037/3980 5494/9036/3979 5488/9042/3985 5553/9043/3986
f 5557/9039/3982 5492/9038/3981 5486/9044/3987 5551/9045/3988
f 5555/9041/3984 5490/9040/3983 5484/9046/3989 5549/9047/3990
f 5553/9043/3986 5488/9042/3985 5482/9048/3991 5547/9049/3992
f 5551/9045/3988 5486/9044/3987 5480/9050/3993 5545/9051/3994
f 5549/9047/3990 5484/9046/3989 5478/9052/3995 5543/9053/3996
f 5547/9049/3992 5482/9048/3991 5476/9054/3997 5539/9055/3998
f 5545/9051/3994 5480/9050/3993 5474/8933/3876 5537/8932/3875
f 5543/9053/3996 5478/9052/3995 5469/9031/3974 5540/9030/3973
f 5539/9055/3998 5476/9054/3997 5472/9056/3999 5535/9057/4000
f 5433/8939/3882 5534/8938/3881 5533/8997/3940 5462/8996/3939
f 5535/9057/4000 5472/9056/3999 5467/8999/3942 5532/8998/3941
f 5531/8935/3878 5470/8934/3877 5465/9003/3946 5528/9002/3945
f 5468/9058/4001 5401/9059/4002 5431/9060/4003 5499/9061/4004
f 5466/9062/4005 5412/9063/4006 5411/9064/4007 5527/9065/4008
f 5527/9065/4008 5411/9064/4007 5410/9066/4009 5523/9067/4010
f 5525/9068/4011 5424/9069/4012 5423/9070/4013 5521/9071/4014
f 5523/9067/4010 5410/9066/4009 5409/9072/4015 5519/9073/4016
f 5521/9071/4014 5423/9070/4013 5422/9074/4017 5517/9075/4018
f 5519/9073/4016 5409/9072/4015 5408/9076/4019 5515/9077/4020
f 5517/9075/4018 5422/9074/4017 5421/9078/4021 5513/9079/4022
f 5515/9077/4020 5408/9076/4019 5407/9080/4023 5511/9081/4024
f 5513/9079/4022 5421/9078/4021 5420/9082/4025 5509/9083/4026
f 5511/9081/4024 5407/9080/4023 5406/9084/4027 5507/9085/4028
f 5509/9083/4026 5420/9082/4025 5419/9086/4029 5505/9087/4030
f 5507/9085/4028 5406/9084/4027 5405/9088/4031 5503/9089/4032
f 5505/9087/4030 5419/9086/4029 5418/9090/4033 5501/9091/4034
f 5434/8943/3886 5536/8942/3885 5530/9092/4035 5432/9093/4036
f 5503/9089/4032 5405/9088/4031 5404/9094/4037 5497/9095/4038
f 5501/9091/4034 5418/9090/4033 5417/9096/4039 5495/9097/4040
f 5499/9061/4004 5431/9060/4003 5430/9098/4041 5493/9099/4042
f 5497/9095/4038 5404/9094/4037 5403/9100/4043 5491/9101/4044
f 5495/9097/4040 5417/9096/4039 5416/9102/4045 5489/9103/4046
f 5493/9099/4042 5430/9098/4041 5429/9104/4047 5487/9105/4048
f 5491/9101/4044 5403/9100/4043 5402/9106/4049 5485/9107/4050
f 5489/9103/4046 5416/9102/4045 5415/9108/4051 5483/9109/4052
f 5487/9105/4048 5429/9104/4047 5428/9110/4053 5481/9111/4054
f 5485/9107/4050 5402/9106/4049 5400/9112/4055 5479/9113/4056
f 5483/9109/4052 5415/9108/4051 5414/9114/4057 5477/9115/4058
f 5481/9111/4054 5428/9110/4053 5427/9116/4059 5475/9117/4060
f 5479/9113/4056 5400/9112/4055 5401/9059/4002 5468/9058/4001
f 5477/9115/4058 5414/9114/4057 5413/9118/4061 5473/9119/4062
f 5475/9117/4060 5427/9116/4059 5426/9120/4063 5471/9121/4064
f 5473/9119/4062 5413/9118/4061 5412/9063/4006 5466/9062/4005
f 5471/9121/4064 5426/9120/4063 5425/9122/4065 5464/9123/4066
f 5394/9124/4067 5432/9093/4036 5461/8994/3937 5393/9125/4068
f 5381/9126/4069 5433/8939/3882 5462/8996/3939 5380/9127/4070
f 5395/9128/4071 5434/8943/3886 5432/9093/4036 5394/9124/4067
f 5382/9129/4072 5435/8936/3879 5433/8939/3882 5381/9126/4069
f 5369/9130/4073 5436/8949/3892 5463/8951/3894 5368/9131/4074
f 5396/9132/4075 5437/8940/3883 5434/8943/3886 5395/9128/4071
f 5383/9133/4076 5438/8944/3887 5435/8936/3879 5382/9129/4072
f 5370/9134/4077 5439/8946/3889 5436/8949/3892 5369/9130/4073
f 5397/9135/4078 5440/8952/3895 5437/8940/3883 5396/9132/4075
f 5384/9136/4079 5441/8954/3897 5438/8944/3887 5383/9133/4076
f 5371/9137/4080 5442/8956/3899 5439/8946/3889 5370/9134/4077
f 5398/9138/4081 5443/8958/3901 5440/8952/3895 5397/9135/4078
f 5385/9139/4082 5444/8960/3903 5441/8954/3897 5384/9136/4079
f 5372/9140/4083 5445/8962/3905 5442/8956/3899 5371/9137/4080
f 5399/9141/4084 5446/8964/3907 5443/8958/3901 5398/9138/4081
f 5386/9142/4085 5447/8966/3909 5444/8960/3903 5385/9139/4082
f 5373/9143/4086 5448/8968/3911 5445/8962/3905 5372/9140/4083
f 5368/9131/4074 5463/8951/3894 5446/8964/3907 5399/9141/4084
f 5387/9144/4087 5449/8970/3913 5447/8966/3909 5386/9142/4085
f 5374/9145/4088 5450/8972/3915 5448/8968/3911 5373/9143/4086
f 5388/9146/4089 5451/8974/3917 5449/8970/3913 5387/9144/4087
f 5375/9147/4090 5452/8976/3919 5450/8972/3915 5374/9145/4088
f 5389/9148/4091 5453/8978/3921 5451/8974/3917 5388/9146/4089
f 5376/9149/4092 5454/8980/3923 5452/8976/3919 5375/9147/4090
f 5390/9150/4093 5455/8982/3925 5453/8978/3921 5389/9148/4091
f 5377/9151/4094 5456/8984/3927 5454/8980/3923 5376/9149/4092
f 5391/9152/4095 5457/8986/3929 5455/8982/3925 5390/9150/4093
f 5378/9153/4096 5458/8988/3931 5456/8984/3927 5377/9151/4094
f 5392/9154/4097 5459/8990/3933 5457/8986/3929 5391/9152/4095
f 5379/9155/4098 5460/8992/3935 5458/8988/3931 5378/9153/4096
f 5393/9125/4068 5461/8994/3937 5459/8990/3933 5392/9154/4097
f 5380/9127/4070 5462/8996/3939 5460/8992/3935 5379/9155/4098
f 5527/9065/4008 5526/9000/3943 5467/8999/3942 5466/9062/4005
f 5525/9068/4011 5524/9004/3947 5465/9003/3946 5464/9123/4066
f 5523/9067/4010 5522/9006/3949 5526/9000/3943 5527/9065/4008
f 5521/9071/4014 5520/9008/3951 5524/9004/3947 5525/9068/4011
f 5519/9073/4016 5518/9010/3953 5522/9006/3949 5523/9067/4010
f 5517/9075/4018 5516/9012/3955 5520/9008/3951 5521/9071/4014
f 5515/9077/4020 5514/9014/3957 5518/9010/3953 5519/9073/4016
f 5513/9079/4022 5512/9016/3959 5516/9012/3955 5517/9075/4018
f 5511/9081/4024 5510/9018/3961 5514/9014/3957 5515/9077/4020
f 5509/9083/4026 5508/9020/3963 5512/9016/3959 5513/9079/4022
f 5507/9085/4028 5506/9022/3965 5510/9018/3961 5511/9081/4024
f 5505/9087/4030 5504/9024/3967 5508/9020/3963 5509/9083/4026
f 5503/9089/4032 5502/9026/3969 5506/9022/3965 5507/9085/4028
f 5501/9091/4034 5500/9028/3971 5504/9024/3967 5505/9087/4030
f 5499/9061/4004 5498/9032/3975 5469/9031/3974 5468/9058/4001
f 5497/9095/4038 5496/9034/3977 5502/9026/3969 5503/9089/4032
f 5495/9097/4040 5494/9036/3979 5500/9028/3971 5501/9091/4034
f 5493/9099/4042 5492/9038/3981 5498/9032/3975 5499/9061/4004
f 5491/9101/4044 5490/9040/3983 5496/9034/3977 5497/9095/4038
f 5489/9103/4046 5488/9042/3985 5494/9036/3979 5495/9097/4040
f 5487/9105/4048 5486/9044/3987 5492/9038/3981 5493/9099/4042
f 5485/9107/4050 5484/9046/3989 5490/9040/3983 5491/9101/4044
f 5483/9109/4052 5482/9048/3991 5488/9042/3985 5489/9103/4046
f 5481/9111/4054 5480/9050/3993 5486/9044/3987 5487/9105/4048
f 5479/9113/4056 5478/9052/3995 5484/9046/3989 5485/9107/4050
f 5477/9115/4058 5476/9054/3997 5482/9048/3991 5483/9109/4052
f 5475/9117/4060 5474/8933/3876 5480/9050/3993 5481/9111/4054
f 5468/9058/4001 5469/9031/3974 5478/9052/3995 5479/9113/4056
f 5473/9119/4062 5472/9056/3999 5476/9054/3997 5477/9115/4058
f 5471/9121/4064 5470/8934/3877 5474/8933/3876 5475/9117/4060
f 5466/9062/4005 5467/8999/3942 5472/9056/3999 5473/9119/4062
f 5464/9123/4066 5465/9003/3946 5470/8934/3877 5471/9121/4064
f 5464/9123/4066 5425/9122/4065 5424/9069/4012 5525/9068/4011
f 5591/9001/3944 5590/8993/3936 5533/8997/3940 5532/8998/3941
f 5589/9005/3948 5588/8991/3934 5529/8995/3938 5528/9002/3945
f 5587/9007/3950 5586/8989/3932 5590/8993/3936 5591/9001/3944
f 5585/9009/3952 5584/8987/3930 5588/8991/3934 5589/9005/3948
f 5583/9011/3954 5582/8985/3928 5586/8989/3932 5587/9007/3950
f 5581/9013/3956 5580/8983/3926 5584/8987/3930 5585/9009/3952
f 5579/9015/3958 5578/8981/3924 5582/8985/3928 5583/9011/3954
f 5577/9017/3960 5576/8979/3922 5580/8983/3926 5581/9013/3956
f 5575/9019/3962 5574/8977/3920 5578/8981/3924 5579/9015/3958
f 5573/9021/3964 5572/8975/3918 5576/8979/3922 5577/9017/3960
f 5571/9023/3966 5570/8973/3916 5574/8977/3920 5575/9019/3962
f 5569/9025/3968 5568/8971/3914 5572/8975/3918 5573/9021/3964
f 5567/9027/3970 5566/8969/3912 5570/8973/3916 5571/9023/3966
f 5565/9029/3972 5564/8967/3910 5568/8971/3914 5569/9025/3968
f 5563/9033/3976 5562/8965/3908 5541/8950/3893 5540/9030/3973
f 5561/9035/3978 5560/8963/3906 5566/8969/3912 5567/9027/3970
f 5559/9037/3980 5558/8961/3904 5564/8967/3910 5565/9029/3972
f 5557/9039/3982 5556/8959/3902 5562/8965/3908 5563/9033/3976
f 5555/9041/3984 5554/8957/3900 5560/8963/3906 5561/9035/3978
f 5553/9043/3986 5552/8955/3898 5558/8961/3904 5559/9037/3980
f 5551/9045/3988 5550/8953/3896 5556/8959/3902 5557/9039/3982
f 5549/9047/3990 5548/8947/3890 5554/8957/3900 5555/9041/3984
f 5547/9049/3992 5546/8945/3888 5552/8955/3898 5553/9043/3986
f 5545/9051/3994 5544/8941/3884 5550/8953/3896 5551/9045/3988
f 5543/9053/3996 5542/8948/3891 5548/8947/3890 5549/9047/3990
f 5539/9055/3998 5538/8937/3880 5546/8945/3888 5547/9049/3992
f 5537/8932/3875 5536/8942/3885 5544/8941/3884 5545/9051/3994
f 5540/9030/3973 5541/8950/3893 5542/8948/3891 5543/9053/3996
f 5535/9057/4000 5534/8938/3881 5538/8937/3880 5539/9055/3998
f 5531/8935/3878 5530/9092/4035 5536/8942/3885 5537/8932/3875
f 5532/8998/3941 5533/8997/3940 5534/8938/3881 5535/9057/4000
f 5528/9002/3945 5529/8995/3938 5530/9092/4035 5531/8935/3878
f 5432/9093/4036 5530/9092/4035 5529/8995/3938 5461/8994/3937
f 5620/9156/4099 5593/9157/4099 5608/9158/4099
f 5593/9157/4099 5592/9159/4100 5596/9160/4099
f 5592/9159/4100 5594/9161/4101 5596/9160/4099
f 5594/9161/4101 5595/9162/4099 5596/9160/4099
f 5596/9160/4099 5597/9163/4099 5600/9164/4099
f 5597/9163/4099 5598/9165/4099 5600/9164/4099
f 5598/9165/4099 5599/9166/4099 5600/9164/4099
f 5600/9164/4099 5601/9167/4099 5602/9168/4100
f 5602/9168/4100 5603/9169/4102 5600/9164/4099
f 5603/9169/4102 5604/9170/4099 5600/9164/4099
f 5604/9170/4099 5605/9171/4099 5606/9172/4103
f 5606/9172/4103 5607/9173/4099 5604/9170/4099
f 5607/9173/4099 5608/9158/4099 5604/9170/4099
f 5608/9158/4099 5609/9174/4099 5612/9175/4099
f 5609/9174/4099 5610/9176/4099 5612/9175/4099
f 5610/9176/4099 5611/9177/4099 5612/9175/4099
f 5612/9175/4099 5613/9178/4100 5614/9179/4099
f 5614/9179/4099 5615/9180/4100 5612/9175/4099
f 5615/9180/4100 5616/9181/4099 5612/9175/4099
f 5616/9181/4099 5617/9182/4099 5620/9156/4099
f 5617/9182/4099 5618/9183/4100 5620/9156/4099
f 5618/9183/4100 5619/9184/4102 5620/9156/4099
f 5620/9156/4099 5621/9185/4099 5622/9186/4099
f 5622/9186/4099 5623/9187/4099 5620/9156/4099
f 5623/9187/4099 5593/9157/4099 5620/9156/4099
f 5593/9157/4099 5596/9160/4099 5600/9164/4099
f 5600/9164/4099 5604/9170/4099 5593/9157/4099
f 5604/9170/4099 5608/9158/4099 5593/9157/4099
f 5608/9158/4099 5612/9175/4099 5616/9181/4099
f 5616/9181/4099 5620/9156/4099 5608/9158/4099
f 5830/9188/4104 5837/9189/4104 5835/9190/4104
f 6018/9191/4104 6031/9192/4104 6015/9193/4104 6014/9194/4104
f 5855/9195/4104 5850/9196/4104 5849/9197/4104
f 6019/9198/4104 6026/9199/4104 6024/9200/4104
f 5883/9201/4105 5880/9202/4105 5879/9203/4105
f 6000/9204/4105 5996/9205/4105 5997/9206/4105 6013/9207/4105
f 5864/9208/4105 5867/9209/4105 5869/9210/4105
f 6012/9211/4105 6009/9212/4105 6008/9213/4105
f 5999/9214/4105 5998/9215/4105 5996/9205/4105 6000/9204/4105
f 6017/9216/4104 6018/9191/4104 6014/9194/4104 6016/9217/4104
f 5829/9218/4104 5828/9219/4104 5837/9189/4104
f 5837/9189/4104 5836/9220/4104 5838/9221/4104
f 5838/9221/4104 5839/9222/4104 5840/9223/4104
f 5840/9223/4104 5841/9224/4104 5838/9221/4104
f 5841/9224/4104 5835/9190/4104 5837/9189/4104
f 5838/9221/4104 5841/9224/4104 5837/9189/4104
f 5835/9190/4104 5834/9225/4104 5833/9226/4104
f 5833/9226/4104 5832/9227/4104 5835/9190/4104
f 5832/9227/4104 5831/9228/4104 5835/9190/4104
f 5831/9228/4104 5830/9188/4104 5835/9190/4104
f 5830/9188/4104 5829/9218/4104 5837/9189/4104
f 5843/9229/4104 5842/9230/4104 5855/9195/4104
f 5855/9231/4104 5854/9232/4104 5853/9233/4104
f 5853/9234/4104 5852/9235/4106 5851/9236/4104
f 5851/9236/4104 5850/9196/4104 5853/9234/4104
f 5850/9196/4104 5845/9237/4104 5849/9197/4104
f 5853/9234/4104 5850/9196/4104 5855/9195/4104
f 5845/9237/4104 5844/9238/4104 5846/9239/4107
f 5846/9239/4107 5847/9240/4104 5845/9237/4104
f 5847/9240/4104 5848/9241/4104 5845/9237/4104
f 5848/9241/4104 5849/9197/4104 5845/9237/4104
f 5849/9197/4104 5843/9229/4104 5855/9195/4104
f 6015/9193/4104 6031/9192/4104 6026/9199/4104
f 6026/9199/4104 6025/9242/4104 6027/9243/4104
f 6027/9243/4104 6028/9244/4107 6029/9245/4104
f 6029/9245/4104 6030/9246/4104 6027/9243/4104
f 6030/9246/4104 6024/9200/4104 6026/9199/4104
f 6027/9243/4104 6030/9246/4104 6026/9199/4104
f 6024/9200/4104 6023/9247/4104 6022/9248/4104
f 6022/9248/4104 6021/9249/4104 6024/9200/4104
f 6021/9249/4104 6020/9250/4104 6024/9200/4104
f 6020/9250/4104 6019/9198/4104 6024/9200/4104
f 6019/9198/4104 6015/9193/4104 6026/9199/4104
f 5879/9203/4105 5870/9251/4105 5871/9252/4105
f 5871/9252/4105 5872/9253/4105 5879/9203/4105
f 5872/9253/4105 5873/9254/4105 5877/9255/4105
f 5879/9203/4105 5872/9253/4105 5877/9255/4105
f 5873/9254/4105 5874/9256/4105 5877/9255/4105
f 5874/9256/4105 5875/9257/4105 5877/9255/4105
f 5875/9257/4105 5876/9258/4105 5877/9255/4105
f 5877/9255/4105 5883/9201/4105 5879/9203/4105
f 5883/9201/4105 5882/9259/4105 5880/9202/4105
f 5882/9259/4105 5881/9260/4105 5880/9202/4105
f 5880/9202/4105 5878/9261/4105 5879/9203/4105
f 5869/9210/4105 5856/9262/4105 5857/9263/4105
f 5857/9263/4105 5863/9264/4105 5869/9210/4105
f 5863/9264/4105 5862/9265/4105 5859/9266/4105
f 5869/9210/4105 5863/9264/4105 5864/9208/4105
f 5862/9265/4105 5861/9267/4105 5859/9266/4105
f 5861/9267/4105 5860/9268/4105 5859/9266/4105
f 5860/9268/4105 5858/9269/4105 5859/9266/4105
f 5859/9266/4105 5864/9208/4105 5863/9264/4105
f 5864/9208/4105 5865/9270/4105 5867/9209/4105
f 5865/9270/4105 5866/9271/4105 5867/9209/4105
f 5867/9209/4105 5868/9272/4105 5869/9210/4105
f 6008/9213/4105 6013/9207/4105 5997/9206/4105
f 5997/9206/4105 6001/9273/4105 6008/9213/4105
f 6001/9273/4105 6002/9274/4105 6006/9275/4105
f 6008/9213/4105 6001/9273/4105 6006/9275/4105
f 6002/9274/4105 6003/9276/4105 6006/9275/4105
f 6003/9276/4105 6004/9277/4105 6006/9275/4105
f 6004/9277/4105 6005/9278/4105 6006/9275/4105
f 6006/9275/4105 6012/9211/4105 6008/9213/4105
f 6012/9211/4105 6011/9279/4105 6009/9212/4105
f 6011/9279/4105 6010/9280/4105 6009/9212/4105
f 6009/9212/4105 6007/9281/4105 6008/9213/4105
f 5791/9282/4099 5789/9283/4099 5787/9284/4099
f 5749/9285/4108 5748/9286/4108 5744/9287/4108
f 5799/9288/4099 5798/9289/4099 5797/9290/4099
f 5797/9291/4099 5796/9292/4099 5795/9293/4099
f 5795/9294/4099 5794/9295/4099 5793/9296/4099
f 5793/9296/4099 5792/9297/4099 5795/9294/4099
f 5792/9297/4099 5791/9282/4099 5797/9290/4099
f 5795/9294/4099 5792/9297/4099 5797/9290/4099
f 5791/9282/4099 5790/9298/4099 5789/9283/4099
f 5789/9283/4099 5788/9299/4099 5787/9284/4099
f 5787/9284/4099 5786/9300/4099 5791/9282/4099
f 5786/9300/4099 5799/9288/4099 5797/9290/4099
f 5786/9300/4099 5797/9290/4099 5791/9282/4099
f 5737/9301/4109 5733/9302/4109 5773/9303/4109 5785/9304/4109
f 5756/9305/4110 5755/9306/4111 5769/9307/4111 5770/9308/4110
f 5736/9309/4112 5737/9301/4112 5785/9304/4112 5784/9310/4112
f 5755/9306/4111 5753/9311/4113 5767/9312/4113 5769/9307/4111
f 5735/9313/4114 5736/9309/4114 5784/9310/4114 5783/9314/4114
f 5753/9311/4113 5754/9315/4115 5768/9316/4115 5767/9312/4113
f 5734/9317/4116 5735/9313/4116 5783/9314/4116 5781/9318/4116
f 5752/9319/4117 5744/9320/4118 5758/9321/4118 5766/9322/4117
f 5732/9323/4119 5734/9317/4119 5781/9318/4119 5782/9324/4119
f 5751/9325/4120 5752/9319/4117 5766/9322/4117 5765/9326/4120
f 5738/9327/4121 5740/9328/4121 5780/9329/4121 5772/9330/4121
f 5750/9331/4122 5751/9325/4120 5765/9326/4120 5764/9332/4122
f 5740/9328/4123 5741/9333/4123 5779/9334/4123 5780/9329/4123
f 5749/9335/4124 5750/9331/4122 5764/9332/4122 5763/9336/4124
f 5758/9337/4108 5759/9338/4108 5773/9339/4108 5772/9340/4108
f 5761/9341/4108 5760/9342/4108 5774/9343/4108 5775/9344/4108
f 5762/9345/4108 5763/9346/4108 5777/9347/4108 5776/9348/4108
f 5763/9346/4108 5764/9349/4108 5778/9350/4108 5777/9347/4108
f 5764/9349/4108 5765/9351/4108 5779/9352/4108 5778/9350/4108
f 5765/9351/4108 5766/9353/4108 5780/9354/4108 5779/9352/4108
f 5766/9353/4108 5758/9337/4108 5772/9340/4108 5780/9354/4108
f 5767/9355/4108 5768/9356/4108 5782/9357/4108 5781/9358/4108
f 5769/9359/4108 5767/9355/4108 5781/9358/4108 5783/9360/4108
f 5770/9361/4108 5769/9359/4108 5783/9360/4108 5784/9362/4108
f 5771/9363/4108 5770/9361/4108 5784/9362/4108 5785/9364/4108
f 5759/9338/4108 5771/9363/4108 5785/9364/4108 5773/9339/4108
f 5768/9356/4108 5761/9341/4108 5775/9344/4108 5782/9357/4108
f 5760/9342/4108 5762/9345/4108 5776/9348/4108 5774/9343/4108
f 5757/9365/4125 5756/9305/4110 5770/9308/4110 5771/9366/4125
f 5730/9367/4105 5732/9323/4105 5782/9324/4105 5775/9368/4105
f 5745/9369/4126 5757/9365/4125 5771/9366/4125 5759/9370/4126
f 5739/9371/4104 5731/9372/4104 5774/9373/4104 5776/9374/4104
f 5733/9302/4127 5738/9327/4127 5772/9330/4127 5773/9303/4127
f 5754/9315/4115 5747/9375/4104 5761/9376/4104 5768/9316/4115
f 5744/9320/4118 5745/9369/4126 5759/9370/4126 5758/9321/4118
f 5731/9372/4128 5730/9367/4128 5775/9368/4128 5774/9373/4128
f 5746/9377/4105 5748/9378/4129 5762/9379/4129 5760/9380/4105
f 5743/9381/4130 5739/9371/4130 5776/9374/4130 5777/9382/4130
f 5747/9375/4127 5746/9377/4127 5760/9380/4127 5761/9376/4127
f 5742/9383/4131 5743/9381/4131 5777/9382/4131 5778/9384/4131
f 5748/9378/4129 5749/9335/4124 5763/9336/4124 5762/9379/4129
f 5741/9333/4132 5742/9383/4132 5778/9384/4132 5779/9334/4132
f 5718/9385/4130 5720/9386/4130 5824/9387/4130 5825/9388/4130
f 5791/9389/4126 5792/9390/4118 5806/9391/4118 5805/9392/4126
f 5720/9386/4131 5721/9393/4131 5823/9394/4131 5824/9387/4131
f 5797/9291/4129 5798/9395/4105 5812/9396/4105 5811/9397/4129
f 5721/9393/4132 5722/9398/4132 5822/9399/4132 5823/9394/4132
f 5796/9292/4124 5797/9291/4129 5811/9397/4129 5810/9400/4124
f 5722/9398/4123 5723/9401/4123 5821/9402/4123 5822/9399/4123
f 5795/9293/4122 5796/9292/4124 5810/9400/4124 5809/9403/4122
f 5723/9401/4121 5719/9404/4121 5820/9405/4121 5821/9402/4121
f 5794/9406/4120 5795/9293/4122 5809/9403/4122 5808/9407/4120
f 5724/9408/4109 5726/9409/4109 5818/9410/4109 5819/9411/4109
f 5793/9412/4117 5794/9406/4120 5808/9407/4120 5807/9413/4117
f 5726/9409/4112 5727/9414/4112 5817/9415/4112 5818/9410/4112
f 5792/9390/4118 5793/9412/4117 5807/9413/4117 5806/9391/4118
f 5800/9416/4099 5801/9417/4099 5815/9418/4099 5814/9419/4099
f 5801/9417/4099 5802/9420/4099 5816/9421/4099 5815/9418/4099
f 5802/9420/4099 5803/9422/4099 5817/9423/4099 5816/9421/4099
f 5803/9422/4099 5804/9424/4099 5818/9425/4099 5817/9423/4099
f 5804/9424/4099 5805/9426/4099 5819/9427/4099 5818/9425/4099
f 5806/9428/4099 5807/9429/4099 5821/9430/4099 5820/9431/4099
f 5807/9429/4099 5808/9432/4099 5822/9433/4099 5821/9430/4099
f 5808/9432/4099 5809/9434/4099 5823/9435/4099 5822/9433/4099
f 5809/9434/4099 5810/9436/4099 5824/9437/4099 5823/9435/4099
f 5810/9436/4099 5811/9438/4099 5825/9439/4099 5824/9437/4099
f 5811/9438/4099 5812/9440/4099 5826/9441/4099 5825/9439/4099
f 5805/9426/4099 5806/9428/4099 5820/9431/4099 5819/9427/4099
f 5813/9442/4099 5800/9416/4099 5814/9419/4099 5827/9443/4099
f 5812/9440/4099 5813/9442/4099 5827/9443/4099 5826/9441/4099
f 5799/9444/4104 5786/9445/4115 5800/9446/4115 5813/9447/4104
f 5716/9448/4104 5718/9385/4104 5825/9388/4104 5826/9449/4104
f 5719/9404/4127 5724/9408/4127 5819/9411/4127 5820/9405/4127
f 5786/9445/4115 5787/9450/4113 5801/9451/4113 5800/9446/4115
f 5798/9395/4127 5799/9444/4127 5813/9447/4127 5812/9396/4127
f 5725/9452/4105 5717/9453/4105 5827/9454/4105 5814/9455/4105
f 5787/9450/4113 5788/9456/4111 5802/9457/4111 5801/9451/4113
f 5717/9453/4128 5716/9448/4128 5826/9449/4128 5827/9454/4128
f 5788/9456/4111 5789/9458/4110 5803/9459/4110 5802/9457/4111
f 5729/9460/4119 5725/9452/4119 5814/9455/4119 5815/9461/4119
f 5789/9458/4110 5790/9462/4125 5804/9463/4125 5803/9459/4110
f 5728/9464/4116 5729/9460/4116 5815/9461/4116 5816/9465/4116
f 5790/9462/4125 5791/9389/4126 5805/9392/4126 5804/9463/4125
f 5727/9414/4133 5728/9464/4133 5816/9465/4133 5817/9415/4133
f 5667/9466/4134 5663/9467/4134 5989/9468/4134 5988/9469/4134
f 5854/9232/4135 5855/9231/4136 5967/9470/4136 5966/9471/4135
f 5644/9472/4137 5646/9473/4137 5976/9474/4137 5977/9475/4137
f 5832/9476/4138 5833/9477/4139 5947/9478/4139 5946/9479/4138
f 5666/9480/4140 5667/9466/4140 5988/9469/4140 5987/9481/4140
f 5853/9233/4141 5854/9232/4135 5966/9471/4135 5965/9482/4141
f 5650/9483/4142 5652/9484/4142 5974/9485/4142 5975/9486/4142
f 5831/9487/4143 5832/9476/4138 5946/9479/4138 5945/9488/4143
f 5665/9489/4144 5666/9480/4144 5987/9481/4144 5986/9490/4144
f 5852/9491/4145 5853/9233/4141 5965/9482/4141 5964/9492/4145
f 5652/9484/4146 5653/9493/4146 5973/9494/4146 5974/9485/4146
f 5830/9495/4147 5831/9487/4143 5945/9488/4143 5944/9496/4147
f 5664/9497/4146 5665/9489/4146 5986/9490/4146 5984/9498/4146
f 5851/9499/4148 5852/9491/4145 5964/9492/4145 5963/9500/4148
f 5653/9493/4144 5654/9501/4144 5972/9502/4144 5973/9494/4144
f 5662/9503/4142 5664/9497/4142 5984/9498/4142 5985/9504/4142
f 5842/9505/4127 5843/9506/4127 5943/9507/4127 5942/9508/4127
f 5850/9509/4149 5851/9499/4148 5963/9500/4148 5962/9510/4149
f 5654/9501/4140 5655/9511/4140 5971/9512/4140 5972/9502/4140
f 5631/9513/4128 5630/9514/4128 5982/9515/4128 5983/9516/4128
f 5828/9517/4127 5829/9518/4127 5941/9519/4127 5940/9520/4127
f 5849/9521/4147 5848/9522/4143 5960/9523/4143 5961/9524/4147
f 5655/9511/4134 5651/9525/4134 5970/9526/4134 5971/9512/4134
f 5848/9522/4143 5847/9527/4138 5959/9528/4138 5960/9523/4143
f 5629/9529/4128 5628/9530/4128 5968/9531/4128 5969/9532/4128
f 5847/9527/4138 5846/9533/4139 5958/9534/4139 5959/9528/4138
f 5846/9533/4139 5844/9535/4150 5956/9536/4150 5958/9534/4139
f 5844/9535/4150 5845/9537/4151 5957/9538/4151 5956/9536/4150
f 5672/9539/4128 5673/9540/4128 5927/9541/4128 5926/9542/4128
f 5870/9543/4099 5879/9544/4136 5895/9545/4136 5884/9546/4099
f 5708/9547/4142 5706/9548/4142 5915/9549/4142 5914/9550/4142
f 5881/9551/4152 5882/9552/4153 5898/9553/4153 5897/9554/4152
f 5883/9555/4149 5877/9556/4151 5893/9557/4151 5899/9558/4149
f 5674/9559/4128 5675/9560/4128 5913/9561/4128 5912/9562/4128
f 5880/9563/4154 5881/9551/4152 5897/9554/4152 5896/9564/4154
f 5872/9565/4147 5871/9566/4108 5885/9567/4108 5888/9568/4147
f 5878/9569/4135 5880/9563/4154 5896/9564/4154 5894/9570/4135
f 5879/9544/4136 5878/9569/4135 5894/9570/4135 5895/9545/4136
f 5877/9556/4151 5876/9571/4150 5892/9572/4150 5893/9557/4151
f 5876/9571/4150 5875/9573/4139 5891/9574/4139 5892/9572/4150
f 5869/9575/4136 5868/9576/4135 5910/9577/4135 5911/9578/4136
f 5875/9573/4139 5874/9579/4138 5890/9580/4138 5891/9574/4139
f 5868/9576/4135 5867/9581/4141 5909/9582/4141 5910/9577/4135
f 5874/9579/4138 5873/9583/4143 5889/9584/4143 5890/9580/4138
f 5867/9581/4141 5866/9585/4145 5908/9586/4145 5909/9582/4141
f 5873/9583/4143 5872/9565/4147 5888/9568/4147 5889/9584/4143
f 5866/9585/4145 5865/9587/4148 5907/9588/4148 5908/9586/4145
f 5857/9589/4127 5856/9590/4127 5886/9591/4127 5887/9592/4127
f 5865/9587/4148 5864/9593/4149 5906/9594/4149 5907/9588/4148
f 5871/9566/4127 5870/9543/4127 5884/9546/4127 5885/9567/4127
f 5862/9595/4143 5863/9596/4147 5905/9597/4147 5904/9598/4143
f 5861/9599/4138 5862/9595/4143 5904/9598/4143 5903/9600/4138
f 5860/9601/4139 5861/9599/4138 5903/9600/4138 5902/9602/4139
f 5688/9603/4108 5672/9539/4108 5926/9542/4108 5935/9604/4108
f 5858/9605/4150 5860/9601/4139 5902/9602/4139 5900/9606/4150
f 5694/9607/4127 5689/9608/4127 5939/9609/4127 5933/9610/4127
f 5887/9611/4105 5886/9612/4105 5912/9613/4105 5913/9614/4105
f 5901/9615/4105 5900/9616/4105 5914/9617/4105 5915/9618/4105
f 5900/9616/4105 5902/9619/4105 5916/9620/4105 5914/9617/4105
f 5902/9619/4105 5903/9621/4105 5917/9622/4105 5916/9620/4105
f 5903/9621/4105 5904/9623/4105 5918/9624/4105 5917/9622/4105
f 5904/9623/4105 5905/9625/4105 5919/9626/4105 5918/9624/4105
f 5907/9627/4105 5906/9628/4105 5920/9629/4105 5921/9630/4105
f 5908/9631/4105 5907/9627/4105 5921/9630/4105 5922/9632/4105
f 5909/9633/4105 5908/9631/4105 5922/9632/4105 5923/9634/4105
f 5910/9635/4105 5909/9633/4105 5923/9634/4105 5924/9636/4105
f 5911/9637/4105 5910/9635/4105 5924/9636/4105 5925/9638/4105
f 5906/9628/4105 5901/9615/4105 5915/9618/4105 5920/9629/4105
f 5905/9625/4105 5887/9611/4105 5913/9614/4105 5919/9626/4105
f 5886/9612/4105 5911/9637/4105 5925/9638/4105 5912/9613/4105
f 5885/9639/4105 5884/9640/4105 5926/9641/4105 5927/9642/4105
f 5889/9643/4105 5888/9644/4105 5928/9645/4105 5929/9646/4105
f 5890/9647/4105 5889/9643/4105 5929/9646/4105 5930/9648/4105
f 5891/9649/4105 5890/9647/4105 5930/9648/4105 5931/9650/4105
f 5892/9651/4105 5891/9649/4105 5931/9650/4105 5932/9652/4105
f 5893/9653/4105 5892/9651/4105 5932/9652/4105 5933/9654/4105
f 5895/9655/4105 5894/9656/4105 5934/9657/4105 5935/9658/4105
f 5894/9656/4105 5896/9659/4105 5936/9660/4105 5934/9657/4105
f 5896/9659/4105 5897/9661/4105 5937/9662/4105 5936/9660/4105
f 5897/9661/4105 5898/9663/4105 5938/9664/4105 5937/9662/4105
f 5898/9663/4105 5899/9665/4105 5939/9666/4105 5938/9664/4105
f 5888/9644/4105 5885/9639/4105 5927/9642/4105 5928/9645/4105
f 5899/9665/4105 5893/9653/4105 5933/9654/4105 5939/9666/4105
f 5884/9640/4105 5895/9655/4105 5935/9658/4105 5926/9641/4105
f 5882/9552/4153 5883/9555/4149 5899/9558/4149 5898/9553/4153
f 5709/9667/4146 5708/9547/4146 5914/9550/4146 5916/9668/4146
f 5864/9593/4149 5859/9669/4151 5901/9670/4151 5906/9594/4149
f 5695/9671/4134 5699/9672/4134 5929/9673/4134 5928/9674/4134
f 5710/9675/4144 5709/9667/4144 5916/9668/4144 5917/9676/4144
f 5863/9596/4147 5857/9589/4108 5887/9592/4108 5905/9597/4147
f 5699/9672/4140 5698/9677/4140 5930/9678/4140 5929/9673/4140
f 5711/9679/4140 5710/9675/4140 5917/9676/4140 5918/9680/4140
f 5856/9590/4099 5869/9575/4136 5911/9578/4136 5886/9591/4099
f 5698/9677/4144 5697/9681/4144 5931/9682/4144 5930/9678/4144
f 5707/9683/4134 5711/9679/4134 5918/9680/4134 5919/9684/4134
f 5697/9681/4146 5696/9685/4146 5932/9686/4146 5931/9682/4146
f 5701/9687/4155 5705/9688/4155 5921/9689/4155 5920/9690/4155
f 5696/9685/4142 5694/9607/4142 5933/9610/4142 5932/9686/4142
f 5705/9688/4156 5704/9691/4156 5922/9692/4156 5921/9689/4156
f 5690/9693/4137 5688/9603/4137 5935/9604/4137 5934/9694/4137
f 5704/9691/4157 5703/9695/4157 5923/9696/4157 5922/9692/4157
f 5691/9697/4158 5690/9693/4158 5934/9694/4158 5936/9698/4158
f 5703/9695/4159 5702/9699/4159 5924/9700/4159 5923/9696/4159
f 5692/9701/4160 5691/9697/4160 5936/9698/4160 5937/9702/4160
f 5702/9699/4137 5700/9703/4137 5925/9704/4137 5924/9700/4137
f 5693/9705/4161 5692/9701/4161 5937/9702/4161 5938/9706/4161
f 5706/9548/4127 5701/9687/4127 5920/9690/4127 5915/9549/4127
f 5689/9608/4162 5693/9705/4162 5938/9706/4162 5939/9609/4162
f 5675/9560/4099 5707/9683/4099 5919/9684/4099 5913/9561/4099
f 5673/9540/4099 5695/9671/4099 5928/9674/4099 5927/9541/4099
f 5859/9669/4151 5858/9605/4150 5900/9606/4150 5901/9670/4151
f 5700/9703/4108 5674/9559/4108 5912/9562/4108 5925/9704/4108
f 5940/9707/4104 5941/9708/4104 5969/9709/4104 5968/9710/4104
f 5944/9711/4104 5945/9712/4104 5971/9713/4104 5970/9714/4104
f 5945/9712/4104 5946/9715/4104 5972/9716/4104 5971/9713/4104
f 5946/9715/4104 5947/9717/4104 5973/9718/4104 5972/9716/4104
f 5947/9717/4104 5948/9719/4104 5974/9720/4104 5973/9718/4104
f 5948/9719/4104 5949/9721/4104 5975/9722/4104 5974/9720/4104
f 5950/9723/4104 5951/9724/4104 5977/9725/4104 5976/9726/4104
f 5952/9727/4104 5950/9723/4104 5976/9726/4104 5978/9728/4104
f 5953/9729/4104 5952/9727/4104 5978/9728/4104 5979/9730/4104
f 5954/9731/4104 5953/9729/4104 5979/9730/4104 5980/9732/4104
f 5955/9733/4104 5954/9731/4104 5980/9732/4104 5981/9734/4104
f 5941/9708/4104 5944/9711/4104 5970/9714/4104 5969/9709/4104
f 5949/9721/4104 5955/9733/4104 5981/9734/4104 5975/9722/4104
f 5951/9724/4104 5940/9707/4104 5968/9710/4104 5977/9725/4104
f 5942/9735/4104 5943/9736/4104 5983/9737/4104 5982/9738/4104
f 5956/9739/4104 5957/9740/4104 5985/9741/4104 5984/9742/4104
f 5958/9743/4104 5956/9739/4104 5984/9742/4104 5986/9744/4104
f 5959/9745/4104 5958/9743/4104 5986/9744/4104 5987/9746/4104
f 5960/9747/4104 5959/9745/4104 5987/9746/4104 5988/9748/4104
f 5961/9749/4104 5960/9747/4104 5988/9748/4104 5989/9750/4104
f 5962/9751/4104 5963/9752/4104 5991/9753/4104 5990/9754/4104
f 5963/9752/4104 5964/9755/4104 5992/9756/4104 5991/9753/4104
f 5964/9755/4104 5965/9757/4104 5993/9758/4104 5992/9756/4104
f 5965/9757/4104 5966/9759/4104 5994/9760/4104 5993/9758/4104
f 5966/9759/4104 5967/9761/4104 5995/9762/4104 5994/9760/4104
f 5957/9740/4104 5962/9751/4104 5990/9754/4104 5985/9741/4104
f 5943/9736/4104 5961/9749/4104 5989/9750/4104 5983/9737/4104
f 5967/9761/4104 5942/9735/4104 5982/9738/4104 5995/9762/4104
f 5833/9477/4139 5834/9763/4150 5948/9764/4150 5947/9478/4139
f 5646/9473/4158 5647/9765/4158 5978/9766/4158 5976/9474/4158
f 5661/9767/4155 5657/9768/4155 5990/9769/4155 5991/9770/4155
f 5834/9763/4150 5835/9771/4151 5949/9772/4151 5948/9764/4150
f 5647/9765/4160 5648/9773/4160 5979/9774/4160 5978/9766/4160
f 5660/9775/4156 5661/9767/4156 5991/9770/4156 5992/9776/4156
f 5836/9777/4135 5837/9778/4136 5951/9779/4136 5950/9780/4135
f 5648/9773/4161 5649/9781/4161 5980/9782/4161 5979/9774/4161
f 5659/9783/4157 5660/9775/4157 5992/9776/4157 5993/9784/4157
f 5838/9785/4154 5836/9777/4135 5950/9780/4135 5952/9786/4154
f 5649/9781/4162 5645/9787/4162 5981/9788/4162 5980/9782/4162
f 5829/9518/4108 5830/9495/4147 5944/9496/4147 5941/9519/4108
f 5658/9789/4159 5659/9783/4159 5993/9784/4159 5994/9790/4159
f 5839/9791/4152 5838/9785/4154 5952/9786/4154 5953/9792/4152
f 5651/9525/4099 5629/9529/4099 5969/9532/4099 5970/9526/4099
f 5835/9771/4151 5841/9793/4149 5955/9794/4149 5949/9772/4151
f 5656/9795/4137 5658/9789/4137 5994/9790/4137 5995/9796/4137
f 5840/9797/4153 5839/9791/4152 5953/9792/4152 5954/9798/4153
f 5645/9787/4127 5650/9483/4127 5975/9486/4127 5981/9788/4127
f 5837/9778/4136 5828/9517/4099 5940/9520/4099 5951/9779/4136
f 5657/9768/4127 5662/9503/4127 5985/9504/4127 5990/9769/4127
f 5841/9793/4149 5840/9797/4153 5954/9798/4153 5955/9794/4149
f 5628/9530/4108 5644/9472/4108 5977/9475/4108 5968/9531/4108
f 5845/9537/4151 5850/9509/4149 5962/9510/4149 5957/9538/4151
f 5663/9467/4099 5631/9513/4099 5983/9516/4099 5989/9468/4099
f 5843/9506/4108 5849/9521/4147 5961/9524/4147 5943/9507/4108
f 5630/9514/4108 5656/9795/4108 5995/9796/4108 5982/9515/4108
f 5855/9231/4136 5842/9505/4099 5942/9508/4099 5967/9470/4136
f 5676/9799/4127 5683/9800/4127 6102/9801/4127 6096/9802/4127
f 6003/9803/4138 6002/9804/4143 6074/9805/4143 6075/9806/4138
f 5714/9807/4099 5668/9808/4099 6087/9809/4099 6086/9810/4099
f 5999/9811/4099 6000/9812/4099 6072/9813/4099 6071/9814/4099
f 5668/9808/4099 5677/9815/4099 6091/9816/4099 6087/9809/4099
f 6002/9804/4143 6001/9817/4147 6073/9818/4147 6074/9805/4143
f 5998/9819/4127 5999/9811/4127 6071/9814/4127 6070/9820/4127
f 5683/9800/4162 5687/9821/4162 6101/9822/4162 6102/9801/4162
f 5687/9821/4161 5686/9823/4161 6100/9824/4161 6101/9822/4161
f 5997/9825/4108 5996/9826/4108 6068/9827/4108 6069/9828/4108
f 5686/9823/4160 5685/9829/4160 6099/9830/4160 6100/9824/4160
f 5685/9829/4158 5684/9831/4158 6097/9832/4158 6099/9830/4158
f 6011/9833/4153 6012/9834/4149 6084/9835/4149 6083/9836/4153
f 5684/9831/4137 5682/9837/4137 6098/9838/4137 6097/9832/4137
f 6013/9839/4099 6008/9840/4136 6080/9841/4136 6085/9842/4099
f 6010/9843/4152 6011/9833/4153 6083/9836/4153 6082/9844/4152
f 5678/9845/4142 5676/9799/4142 6096/9802/4142 6095/9846/4142
f 6012/9834/4149 6006/9847/4151 6078/9848/4151 6084/9835/4149
f 5713/9849/4108 5626/9850/4108 6067/9851/4108 6054/9852/4108
f 5637/9853/4134 5633/9854/4134 6055/9855/4134 6056/9856/4134
f 6023/9857/4150 6024/9858/4151 6042/9859/4151 6041/9860/4150
f 5712/9861/4099 5625/9862/4099 6052/9863/4099 6050/9864/4099
f 5627/9865/4108 5713/9849/4108 6054/9852/4108 6053/9866/4108
f 6022/9867/4139 6023/9857/4150 6041/9860/4150 6040/9868/4139
f 5626/9850/4108 5638/9869/4108 6062/9870/4108 6067/9851/4108
f 5625/9862/4128 5627/9865/4128 6053/9866/4128 6052/9863/4128
f 6021/9871/4138 6022/9867/4139 6040/9868/4139 6039/9872/4138
f 5639/9873/4127 5632/9874/4127 6060/9875/4127 6066/9876/4127
f 5624/9877/4099 5712/9861/4099 6050/9864/4099 6051/9878/4099
f 6020/9879/4143 6021/9871/4138 6039/9872/4138 6038/9880/4143
f 5633/9854/4099 5624/9877/4099 6051/9878/4099 6055/9855/4099
f 6018/9881/4099 6017/9882/4099 6035/9883/4099 6036/9884/4099
f 6019/9885/4147 6020/9879/4143 6038/9880/4143 6037/9886/4147
f 5643/9887/4162 5639/9873/4162 6066/9876/4162 6065/9888/4162
f 6017/9882/4127 6016/9889/4127 6034/9890/4127 6035/9883/4127
f 5642/9891/4161 5643/9887/4161 6065/9888/4161 6064/9892/4161
f 6032/9893/4104 6033/9894/4104 6051/9895/4104 6050/9896/4104
f 6035/9897/4104 6034/9898/4104 6052/9899/4104 6053/9900/4104
f 6036/9901/4104 6035/9897/4104 6053/9900/4104 6054/9902/4104
f 6037/9903/4104 6038/9904/4104 6056/9905/4104 6055/9906/4104
f 6038/9904/4104 6039/9907/4104 6057/9908/4104 6056/9905/4104
f 6039/9907/4104 6040/9909/4104 6058/9910/4104 6057/9908/4104
f 6040/9909/4104 6041/9911/4104 6059/9912/4104 6058/9910/4104
f 6041/9911/4104 6042/9913/4104 6060/9914/4104 6059/9912/4104
f 6043/9915/4104 6044/9916/4104 6062/9917/4104 6061/9918/4104
f 6045/9919/4104 6043/9915/4104 6061/9918/4104 6063/9920/4104
f 6046/9921/4104 6045/9919/4104 6063/9920/4104 6064/9922/4104
f 6047/9923/4104 6046/9921/4104 6064/9922/4104 6065/9924/4104
f 6048/9925/4104 6047/9923/4104 6065/9924/4104 6066/9926/4104
f 6033/9894/4104 6037/9903/4104 6055/9906/4104 6051/9895/4104
f 6042/9913/4104 6048/9925/4104 6066/9926/4104 6060/9914/4104
f 6044/9916/4104 6049/9927/4104 6067/9928/4104 6062/9917/4104
f 6034/9898/4104 6032/9893/4104 6050/9896/4104 6052/9899/4104
f 6049/9927/4104 6036/9901/4104 6054/9902/4104 6067/9928/4104
f 6025/9929/4135 6026/9930/4136 6044/9931/4136 6043/9932/4135
f 5636/9933/4140 5637/9853/4140 6056/9856/4140 6057/9934/4140
f 6027/9935/4154 6025/9929/4135 6043/9932/4135 6045/9936/4154
f 5635/9937/4144 5636/9933/4144 6057/9934/4144 6058/9938/4144
f 6015/9939/4108 6019/9885/4147 6037/9886/4147 6033/9940/4108
f 6028/9941/4152 6027/9935/4154 6045/9936/4154 6046/9942/4152
f 6016/9889/4108 6014/9943/4108 6032/9944/4108 6034/9890/4108
f 5634/9945/4146 5635/9937/4146 6058/9938/4146 6059/9946/4146
f 6024/9858/4151 6030/9947/4149 6048/9948/4149 6042/9859/4151
f 6031/9949/4099 6018/9881/4099 6036/9884/4099 6049/9950/4099
f 6029/9951/4153 6028/9941/4152 6046/9942/4152 6047/9952/4153
f 5632/9874/4142 5634/9945/4142 6059/9946/4142 6060/9875/4142
f 6026/9930/4136 6031/9949/4099 6049/9950/4099 6044/9931/4136
f 6030/9947/4149 6029/9951/4153 6047/9952/4153 6048/9948/4149
f 5638/9869/4137 5640/9953/4137 6061/9954/4137 6062/9870/4137
f 5640/9953/4158 5641/9955/4158 6063/9956/4158 6061/9954/4158
f 6014/9943/4108 6015/9939/4108 6033/9940/4108 6032/9944/4108
f 5641/9955/4160 5642/9891/4160 6064/9892/4160 6063/9956/4160
f 6069/9957/4105 6068/9958/4105 6086/9959/4105 6087/9960/4105
f 6070/9961/4105 6071/9962/4105 6089/9963/4105 6088/9964/4105
f 6071/9962/4105 6072/9965/4105 6090/9966/4105 6089/9963/4105
f 6074/9967/4105 6073/9968/4105 6091/9969/4105 6092/9970/4105
f 6075/9971/4105 6074/9967/4105 6092/9970/4105 6093/9972/4105
f 6076/9973/4105 6075/9971/4105 6093/9972/4105 6094/9974/4105
f 6077/9975/4105 6076/9973/4105 6094/9974/4105 6095/9976/4105
f 6078/9977/4105 6077/9975/4105 6095/9976/4105 6096/9978/4105
f 6080/9979/4105 6079/9980/4105 6097/9981/4105 6098/9982/4105
f 6079/9980/4105 6081/9983/4105 6099/9984/4105 6097/9981/4105
f 6081/9983/4105 6082/9985/4105 6100/9986/4105 6099/9984/4105
f 6082/9985/4105 6083/9987/4105 6101/9988/4105 6100/9986/4105
f 6083/9987/4105 6084/9989/4105 6102/9990/4105 6101/9988/4105
f 6073/9968/4105 6069/9957/4105 6087/9960/4105 6091/9969/4105
f 6084/9989/4105 6078/9977/4105 6096/9978/4105 6102/9990/4105
f 6085/9991/4105 6080/9979/4105 6098/9982/4105 6103/9992/4105
f 6068/9958/4105 6070/9961/4105 6088/9964/4105 6086/9959/4105
f 6072/9965/4105 6085/9991/4105 6103/9992/4105 6090/9966/4105
f 5671/9993/4128 5669/9994/4128 6088/9995/4128 6089/9996/4128
f 6004/9997/4139 6003/9803/4138 6075/9806/4138 6076/9998/4139
f 5682/9837/4108 5670/9999/4108 6103/10000/4108 6098/9838/4108
f 5715/10001/4108 5671/9993/4108 6089/9996/4108 6090/10002/4108
f 6005/10003/4150 6004/9997/4139 6076/9998/4139 6077/10004/4150
f 5669/9994/4099 5714/9807/4099 6086/9810/4099 6088/9995/4099
f 5677/9815/4134 5681/10005/4134 6092/10006/4134 6091/9816/4134
f 6006/9847/4151 6005/10003/4150 6077/10004/4150 6078/9848/4151
f 5996/9826/4108 5998/9819/4108 6070/9820/4108 6068/9827/4108
f 5670/9999/4108 5715/10001/4108 6090/10002/4108 6103/10000/4108
f 5681/10005/4140 5680/10007/4140 6093/10008/4140 6092/10006/4140
f 6008/9840/4136 6007/10009/4135 6079/10010/4135 6080/9841/4136
f 6000/9812/4099 6013/9839/4099 6085/9842/4099 6072/9813/4099
f 5680/10007/4144 5679/10011/4144 6094/10012/4144 6093/10008/4144
f 6007/10009/4135 6009/10013/4154 6081/10014/4154 6079/10010/4135
f 6001/9817/4147 5997/9825/4108 6069/9828/4108 6073/9818/4147
f 5679/10011/4146 5678/9845/4146 6095/9846/4146 6094/10012/4146
f 6009/10013/4154 6010/9843/4152 6082/9844/4152 6081/10014/4154
f 5748/9286/4108 5746/10015/4108 5747/10016/4108
f 5747/10016/4108 5754/10017/4108 5748/9286/4108
f 5754/10017/4108 5753/10018/4108 5745/10019/4108
f 5748/9286/4108 5754/10017/4108 5745/10019/4108
f 5753/10018/4108 5755/10020/4108 5756/10021/4108
f 5756/10021/4108 5757/10022/4108 5753/10018/4108
f 5757/10022/4108 5745/10019/4108 5753/10018/4108
f 5745/10019/4108 5744/9287/4108 5748/9286/4108
f 5744/9287/4108 5752/10023/4108 5749/9285/4108
f 5749/9285/4108 5752/10023/4108 5750/10024/4108
f 5752/10023/4108 5751/10025/4108 5750/10024/4108
f 6132/10026/4108 6120/10027/4108 6105/10028/4108
f 6105/10028/4108 6108/10029/4108 6104/10030/4108
f 6104/10030/4108 6108/10029/4108 6106/10031/4108
f 6106/10031/4108 6108/10029/4108 6107/10032/4108
f 6108/10029/4108 6112/10033/4108 6109/10034/4108
f 6109/10034/4108 6112/10033/4108 6110/10035/4108
f 6110/10035/4108 6112/10033/4108 6111/10036/4163
f 6112/10033/4108 6114/10037/4108 6113/10038/4108
f 6114/10037/4108 6112/10033/4108 6115/10039/4108
f 6115/10039/4108 6112/10033/4108 6116/10040/4108
f 6116/10040/4108 6118/10041/4108 6117/10042/4108
f 6118/10041/4108 6116/10040/4108 6119/10043/4108
f 6119/10043/4108 6116/10040/4108 6120/10027/4108
f 6120/10027/4108 6124/10044/4108 6121/10045/4108
f 6121/10045/4108 6124/10044/4108 6122/10046/4108
f 6122/10046/4108 6124/10044/4108 6123/10047/4108
f 6124/10044/4108 6126/10048/4108 6125/10049/4108
f 6126/10048/4108 6124/10044/4108 6127/10050/4108
f 6127/10050/4108 6124/10044/4108 6128/10051/4108
f 6128/10051/4108 6132/10026/4108 6129/10052/4108
f 6129/10052/4108 6132/10026/4108 6130/10053/4108
f 6130/10053/4108 6132/10026/4108 6131/10054/4108
f 6132/10026/4108 6134/10055/4108 6133/10056/4108
f 6134/10055/4108 6132/10026/4108 6135/10057/4108
f 6135/10057/4108 6132/10026/4108 6105/10028/4108
f 6105/10028/4108 6112/10033/4108 6108/10029/4108
f 6112/10033/4108 6105/10028/4108 6116/10040/4108
f 6116/10040/4108 6105/10028/4108 6120/10027/4108
f 6120/10027/4108 6128/10051/4108 6124/10044/4108
f 6128/10051/4108 6120/10027/4108 6132/10026/4108
f 6305/10058/4164 6299/10059/4165 6238/10060/4166 6242/10061/4167
f 6203/10062/4168 6201/10063/4169 6302/10064/4170 6306/10065/4171
f 6205/10066/4172 6202/10067/4173 6304/10068/4174 6312/10069/4175
f 6206/10070/4176 6203/10062/4168 6306/10065/4171 6314/10071/4177
f 6207/10072/4178 6204/10073/4179 6310/10074/4180 6316/10075/4181
f 6204/10073/4179 6231/10076/4182 6309/10077/4183 6310/10074/4180
f 6208/10078/4184 6205/10066/4172 6312/10069/4175 6318/10079/4185
f 6209/10080/4186 6206/10070/4176 6314/10071/4177 6320/10081/4187
f 6210/10082/4188 6207/10072/4178 6316/10075/4181 6322/10083/4189
f 6211/10084/4190 6208/10078/4184 6318/10079/4185 6324/10085/4191
f 6212/10086/4192 6209/10080/4186 6320/10081/4187 6326/10087/4193
f 6213/10088/4194 6210/10082/4188 6322/10083/4189 6328/10089/4195
f 6214/10090/4196 6211/10084/4190 6324/10085/4191 6330/10091/4197
f 6215/10092/4198 6212/10086/4192 6326/10087/4193 6332/10093/4199
f 6216/10094/4200 6213/10088/4194 6328/10089/4195 6334/10095/4201
f 6217/10096/4202 6215/10092/4198 6332/10093/4199 6336/10097/4203
f 6218/10098/4204 6216/10094/4200 6334/10095/4201 6338/10099/4205
f 6231/10076/4182 6214/10090/4196 6330/10091/4197 6309/10077/4183
f 6219/10100/4206 6217/10096/4202 6336/10097/4203 6340/10101/4207
f 6220/10102/4208 6218/10098/4204 6338/10099/4205 6342/10103/4209
f 6221/10104/4210 6219/10100/4206 6340/10101/4207 6344/10105/4211
f 6222/10106/4212 6220/10102/4208 6342/10103/4209 6346/10107/4213
f 6223/10108/4214 6221/10104/4210 6344/10105/4211 6348/10109/4215
f 6224/10110/4216 6222/10106/4212 6346/10107/4213 6350/10111/4217
f 6225/10112/4218 6223/10108/4214 6348/10109/4215 6352/10113/4219
f 6226/10114/4220 6224/10110/4216 6350/10111/4217 6354/10115/4221
f 6227/10116/4222 6225/10112/4218 6352/10113/4219 6356/10117/4223
f 6228/10118/4224 6226/10114/4220 6354/10115/4221 6358/10119/4225
f 6229/10120/4226 6227/10116/4222 6356/10117/4223 6297/10121/4227
f 6230/10122/4228 6228/10118/4224 6358/10119/4225 6301/10123/4229
f 6300/10124/4230 6359/10125/4231 6294/10126/4232 6235/10127/4233
f 6296/10128/4234 6357/10129/4235 6292/10130/4236 6233/10131/4237
f 6359/10125/4231 6355/10132/4238 6290/10133/4239 6294/10126/4232
f 6357/10129/4235 6353/10134/4240 6288/10135/4241 6292/10130/4236
f 6355/10132/4238 6351/10136/4242 6286/10137/4243 6290/10133/4239
f 6353/10134/4240 6349/10138/4244 6284/10139/4245 6288/10135/4241
f 6351/10136/4242 6347/10140/4246 6282/10141/4247 6286/10137/4243
f 6349/10138/4244 6345/10142/4248 6280/10143/4249 6284/10139/4245
f 6347/10140/4246 6343/10144/4250 6278/10145/4251 6282/10141/4247
f 6345/10142/4248 6341/10146/4252 6276/10147/4253 6280/10143/4249
f 6343/10144/4250 6339/10148/4254 6274/10149/4255 6278/10145/4251
f 6341/10146/4252 6337/10150/4256 6272/10151/4257 6276/10147/4253
f 6339/10148/4254 6335/10152/4258 6270/10153/4259 6274/10149/4255
f 6337/10150/4256 6333/10154/4260 6268/10155/4261 6272/10151/4257
f 6308/10156/4262 6331/10157/4263 6266/10158/4264 6237/10159/4265
f 6335/10152/4258 6329/10160/4266 6264/10161/4267 6270/10153/4259
f 6333/10154/4260 6327/10162/4268 6262/10163/4269 6268/10155/4261
f 6331/10157/4263 6325/10164/4270 6260/10165/4271 6266/10158/4264
f 6329/10160/4266 6323/10166/4272 6258/10167/4273 6264/10161/4267
f 6327/10162/4268 6321/10168/4274 6256/10169/4275 6262/10163/4269
f 6325/10164/4270 6319/10170/4276 6254/10171/4277 6260/10165/4271
f 6323/10166/4272 6317/10172/4278 6252/10173/4279 6258/10167/4273
f 6321/10168/4274 6315/10174/4280 6250/10175/4281 6256/10169/4275
f 6319/10170/4276 6313/10176/4282 6248/10177/4283 6254/10171/4277
f 6317/10172/4278 6311/10178/4284 6246/10179/4285 6252/10173/4279
f 6315/10174/4280 6307/10180/4286 6244/10181/4287 6250/10175/4281
f 6313/10176/4282 6305/10058/4164 6242/10061/4167 6248/10177/4283
f 6311/10178/4284 6308/10156/4262 6237/10159/4265 6246/10179/4285
f 6307/10180/4286 6303/10182/4288 6240/10183/4289 6244/10181/4287
f 6201/10063/4169 6230/10122/4228 6301/10123/4229 6302/10064/4170
f 6303/10182/4288 6300/10124/4230 6235/10127/4233 6240/10183/4289
f 6299/10059/4165 6296/10128/4234 6233/10131/4237 6238/10060/4166
f 6236/10184/4290 6267/10185/4291 6199/10186/4292 6169/10187/4293
f 6234/10188/4294 6295/10189/4295 6179/10190/4296 6180/10191/4297
f 6295/10189/4295 6291/10192/4298 6178/10193/4299 6179/10190/4296
f 6293/10194/4300 6289/10195/4301 6191/10196/4302 6192/10197/4303
f 6291/10192/4298 6287/10198/4304 6177/10199/4305 6178/10193/4299
f 6289/10195/4301 6285/10200/4306 6190/10201/4307 6191/10196/4302
f 6287/10198/4304 6283/10202/4308 6176/10203/4309 6177/10199/4305
f 6285/10200/4306 6281/10204/4310 6189/10205/4311 6190/10201/4307
f 6283/10202/4308 6279/10206/4312 6175/10207/4313 6176/10203/4309
f 6281/10204/4310 6277/10208/4314 6188/10209/4315 6189/10205/4311
f 6279/10206/4312 6275/10210/4316 6174/10211/4317 6175/10207/4313
f 6277/10208/4314 6273/10212/4318 6187/10213/4319 6188/10209/4315
f 6275/10210/4316 6271/10214/4320 6173/10215/4321 6174/10211/4317
f 6273/10212/4318 6269/10216/4322 6186/10217/4323 6187/10213/4319
f 6202/10067/4173 6200/10218/4324 6298/10219/4325 6304/10068/4174
f 6271/10214/4320 6265/10220/4326 6172/10221/4327 6173/10215/4321
f 6269/10216/4322 6263/10222/4328 6185/10223/4329 6186/10217/4323
f 6267/10185/4291 6261/10224/4330 6198/10225/4331 6199/10186/4292
f 6265/10220/4326 6259/10226/4332 6171/10227/4333 6172/10221/4327
f 6263/10222/4328 6257/10228/4334 6184/10229/4335 6185/10223/4329
f 6261/10224/4330 6255/10230/4336 6197/10231/4337 6198/10225/4331
f 6259/10226/4332 6253/10232/4338 6170/10233/4339 6171/10227/4333
f 6257/10228/4334 6251/10234/4340 6183/10235/4341 6184/10229/4335
f 6255/10230/4336 6249/10236/4342 6196/10237/4343 6197/10231/4337
f 6253/10232/4338 6247/10238/4344 6168/10239/4345 6170/10233/4339
f 6251/10234/4340 6245/10240/4346 6182/10241/4347 6183/10235/4341
f 6249/10236/4342 6243/10242/4348 6195/10243/4349 6196/10237/4343
f 6247/10238/4344 6236/10184/4290 6169/10187/4293 6168/10239/4345
f 6245/10240/4346 6241/10244/4350 6181/10245/4351 6182/10241/4347
f 6243/10242/4348 6239/10246/4352 6194/10247/4353 6195/10243/4349
f 6241/10244/4350 6234/10188/4294 6180/10191/4297 6181/10245/4351
f 6239/10246/4352 6232/10248/4354 6193/10249/4355 6194/10247/4353
f 6162/10250/4356 6161/10251/4357 6229/10120/4226 6200/10218/4324
f 6149/10252/4358 6148/10253/4359 6230/10122/4228 6201/10063/4169
f 6163/10254/4360 6162/10250/4356 6200/10218/4324 6202/10067/4173
f 6150/10255/4361 6149/10252/4358 6201/10063/4169 6203/10062/4168
f 6137/10256/4362 6136/10257/4363 6231/10076/4182 6204/10073/4179
f 6164/10258/4364 6163/10254/4360 6202/10067/4173 6205/10066/4172
f 6151/10259/4365 6150/10255/4361 6203/10062/4168 6206/10070/4176
f 6138/10260/4366 6137/10256/4362 6204/10073/4179 6207/10072/4178
f 6165/10261/4367 6164/10258/4364 6205/10066/4172 6208/10078/4184
f 6152/10262/4368 6151/10259/4365 6206/10070/4176 6209/10080/4186
f 6139/10263/4369 6138/10260/4366 6207/10072/4178 6210/10082/4188
f 6166/10264/4370 6165/10261/4367 6208/10078/4184 6211/10084/4190
f 6153/10265/4371 6152/10262/4368 6209/10080/4186 6212/10086/4192
f 6140/10266/4372 6139/10263/4369 6210/10082/4188 6213/10088/4194
f 6167/10267/4373 6166/10264/4370 6211/10084/4190 6214/10090/4196
f 6154/10268/4374 6153/10265/4371 6212/10086/4192 6215/10092/4198
f 6141/10269/4375 6140/10266/4372 6213/10088/4194 6216/10094/4200
f 6136/10257/4363 6167/10267/4373 6214/10090/4196 6231/10076/4182
f 6155/10270/4376 6154/10268/4374 6215/10092/4198 6217/10096/4202
f 6142/10271/4377 6141/10269/4375 6216/10094/4200 6218/10098/4204
f 6156/10272/4378 6155/10270/4376 6217/10096/4202 6219/10100/4206
f 6143/10273/4379 6142/10271/4377 6218/10098/4204 6220/10102/4208
f 6157/10274/4380 6156/10272/4378 6219/10100/4206 6221/10104/4210
f 6144/10275/4381 6143/10273/4379 6220/10102/4208 6222/10106/4212
f 6158/10276/4382 6157/10274/4380 6221/10104/4210 6223/10108/4214
f 6145/10277/4383 6144/10275/4381 6222/10106/4212 6224/10110/4216
f 6159/10278/4384 6158/10276/4382 6223/10108/4214 6225/10112/4218
f 6146/10279/4385 6145/10277/4383 6224/10110/4216 6226/10114/4220
f 6160/10280/4386 6159/10278/4384 6225/10112/4218 6227/10116/4222
f 6147/10281/4387 6146/10279/4385 6226/10114/4220 6228/10118/4224
f 6161/10251/4357 6160/10280/4386 6227/10116/4222 6229/10120/4226
f 6148/10253/4359 6147/10281/4387 6228/10118/4224 6230/10122/4228
f 6295/10189/4295 6234/10188/4294 6235/10127/4233 6294/10126/4232
f 6293/10194/4300 6232/10248/4354 6233/10131/4237 6292/10130/4236
f 6291/10192/4298 6295/10189/4295 6294/10126/4232 6290/10133/4239
f 6289/10195/4301 6293/10194/4300 6292/10130/4236 6288/10135/4241
f 6287/10198/4304 6291/10192/4298 6290/10133/4239 6286/10137/4243
f 6285/10200/4306 6289/10195/4301 6288/10135/4241 6284/10139/4245
f 6283/10202/4308 6287/10198/4304 6286/10137/4243 6282/10141/4247
f 6281/10204/4310 6285/10200/4306 6284/10139/4245 6280/10143/4249
f 6279/10206/4312 6283/10202/4308 6282/10141/4247 6278/10145/4251
f 6277/10208/4314 6281/10204/4310 6280/10143/4249 6276/10147/4253
f 6275/10210/4316 6279/10206/4312 6278/10145/4251 6274/10149/4255
f 6273/10212/4318 6277/10208/4314 6276/10147/4253 6272/10151/4257
f 6271/10214/4320 6275/10210/4316 6274/10149/4255 6270/10153/4259
f 6269/10216/4322 6273/10212/4318 6272/10151/4257 6268/10155/4261
f 6267/10185/4291 6236/10184/4290 6237/10159/4265 6266/10158/4264
f 6265/10220/4326 6271/10214/4320 6270/10153/4259 6264/10161/4267
f 6263/10222/4328 6269/10216/4322 6268/10155/4261 6262/10163/4269
f 6261/10224/4330 6267/10185/4291 6266/10158/4264 6260/10165/4271
f 6259/10226/4332 6265/10220/4326 6264/10161/4267 6258/10167/4273
f 6257/10228/4334 6263/10222/4328 6262/10163/4269 6256/10169/4275
f 6255/10230/4336 6261/10224/4330 6260/10165/4271 6254/10171/4277
f 6253/10232/4338 6259/10226/4332 6258/10167/4273 6252/10173/4279
f 6251/10234/4340 6257/10228/4334 6256/10169/4275 6250/10175/4281
f 6249/10236/4342 6255/10230/4336 6254/10171/4277 6248/10177/4283
f 6247/10238/4344 6253/10232/4338 6252/10173/4279 6246/10179/4285
f 6245/10240/4346 6251/10234/4340 6250/10175/4281 6244/10181/4287
f 6243/10242/4348 6249/10236/4342 6248/10177/4283 6242/10061/4167
f 6236/10184/4290 6247/10238/4344 6246/10179/4285 6237/10159/4265
f 6241/10244/4350 6245/10240/4346 6244/10181/4287 6240/10183/4289
f 6239/10246/4352 6243/10242/4348 6242/10061/4167 6238/10060/4166
f 6234/10188/4294 6241/10244/4350 6240/10183/4289 6235/10127/4233
f 6232/10248/4354 6239/10246/4352 6238/10060/4166 6233/10131/4237
f 6232/10248/4354 6293/10194/4300 6192/10197/4303 6193/10249/4355
f 6359/10125/4231 6300/10124/4230 6301/10123/4229 6358/10119/4225
f 6357/10129/4235 6296/10128/4234 6297/10121/4227 6356/10117/4223
f 6355/10132/4238 6359/10125/4231 6358/10119/4225 6354/10115/4221
f 6353/10134/4240 6357/10129/4235 6356/10117/4223 6352/10113/4219
f 6351/10136/4242 6355/10132/4238 6354/10115/4221 6350/10111/4217
f 6349/10138/4244 6353/10134/4240 6352/10113/4219 6348/10109/4215
f 6347/10140/4246 6351/10136/4242 6350/10111/4217 6346/10107/4213
f 6345/10142/4248 6349/10138/4244 6348/10109/4215 6344/10105/4211
f 6343/10144/4250 6347/10140/4246 6346/10107/4213 6342/10103/4209
f 6341/10146/4252 6345/10142/4248 6344/10105/4211 6340/10101/4207
f 6339/10148/4254 6343/10144/4250 6342/10103/4209 6338/10099/4205
f 6337/10150/4256 6341/10146/4252 6340/10101/4207 6336/10097/4203
f 6335/10152/4258 6339/10148/4254 6338/10099/4205 6334/10095/4201
f 6333/10154/4260 6337/10150/4256 6336/10097/4203 6332/10093/4199
f 6331/10157/4263 6308/10156/4262 6309/10077/4183 6330/10091/4197
f 6329/10160/4266 6335/10152/4258 6334/10095/4201 6328/10089/4195
f 6327/10162/4268 6333/10154/4260 6332/10093/4199 6326/10087/4193
f 6325/10164/4270 6331/10157/4263 6330/10091/4197 6324/10085/4191
f 6323/10166/4272 6329/10160/4266 6328/10089/4195 6322/10083/4189
f 6321/10168/4274 6327/10162/4268 6326/10087/4193 6320/10081/4187
f 6319/10170/4276 6325/10164/4270 6324/10085/4191 6318/10079/4185
f 6317/10172/4278 6323/10166/4272 6322/10083/4189 6316/10075/4181
f 6315/10174/4280 6321/10168/4274 6320/10081/4187 6314/10071/4177
f 6313/10176/4282 6319/10170/4276 6318/10079/4185 6312/10069/4175
f 6311/10178/4284 6317/10172/4278 6316/10075/4181 6310/10074/4180
f 6307/10180/4286 6315/10174/4280 6314/10071/4177 6306/10065/4171
f 6305/10058/4164 6313/10176/4282 6312/10069/4175 6304/10068/4174
f 6308/10156/4262 6311/10178/4284 6310/10074/4180 6309/10077/4183
f 6303/10182/4288 6307/10180/4286 6306/10065/4171 6302/10064/4170
f 6299/10059/4165 6305/10058/4164 6304/10068/4174 6298/10219/4325
f 6300/10124/4230 6303/10182/4288 6302/10064/4170 6301/10123/4229
f 6296/10128/4234 6299/10059/4165 6298/10219/4325 6297/10121/4227
f 6200/10218/4324 6229/10120/4226 6297/10121/4227 6298/10219/4325
